timestamp,latitude,longitude,altitude,velocity_north,velocity_east,velocity_down,roll,pitch,yaw,acc_bias_x,acc_bias_y,acc_bias_z,gyro_bias_x,gyro_bias_y,gyro_bias_z,latitude_cov,longitude_cov,altitude_cov,velocity_n_cov,velocity_e_cov,velocity_d_cov,roll_cov,pitch_cov,yaw_cov,acc_bias_x_cov,acc_bias_y_cov,acc_bias_z_cov,gyro_bias_x_cov,gyro_bias_y_cov,gyro_bias_z_cov,acc_x,acc_y,acc_z,gyro_x,gyro_y,gyro_z,mag_x,mag_y,mag_z,pressure,freeair,mag_anomaly
2025-03-01T16:46:41Z,40.36564625,-76.1776817,92.84981763448516,0.32805334809840453,0.11869909441257051,0.0,0.16262824147939678,-1.3395237803459168,0.1792005859315395,0.001,0.001,0.001,0.001,0.001,0.001,1.8115319759197918e-9,1.8115319759197918e-9,10.819637381611788,0.1494693094600683,0.1494693094600683,0.1494693094600683,1e-9,1e-9,1e-9,0.001,0.001,0.001,0.001,0.001,0.001,-0.3611593130960694,9.467418514314245,2.194532181395859,0.0005582902841957017,-0.00011766654440224583,0.00014019846729171323,1.691625063419342,-19.44618829727173,-29.61862615585327,982.542802734375,-0.05520260535765437,35.47217539410582
2025-03-01T16:46:42Z,40.365685303232986,-76.17763201011358,91.34601518256805,-4.89519846888014,8.30749199334282,-9.266912108414349,0.16173971227750478,4.941541680789793,0.17871258009009014,0.001000000000388468,0.0010000000004168896,0.001000000000388468,0.0010000000004026788,0.0010000000004026788,0.0010000000004026788,1.0018115338374783e-6,1.0018115383043138e-6,3.434481808964584,0.15048736535421087,0.15044194717246948,0.14909392243906636,0.000010001018416899072,0.000010001000003455443,0.0000100010000741303,0.0010010000000000008,0.0010010000000000004,0.0010010000000000008,0.0010000100000000006,0.0010000100000000006,0.0010000100000000006,-0.3613590903803706,9.46684086227417,2.1974855751196545,-0.0013970621379267017,-0.002130099803170495,0.00017082422948442666,2.6966251119971276,-18.946875743865967,-30.369376049041747,982.5583251953125,-0.05601512049441405,35.896395681284076
2025-03-01T16:46:43Z,40.365735213121305,-76.17748567329274,84.12252639421682,-10.080212236626503,16.510925668282972,-18.26736249742563,0.17723206051782975,4.939692611236495,0.16997550323690713,0.0010000000007153176,0.0010000000004026788,0.001000000000672685,0.000999999999990564,0.0009999999999834586,0.0009999999999834586,2.001811539214121e-6,2.0018115570440897e-6,2.1189122252275743,0.1528172302289185,0.15194794050432828,0.1458643019852595,0.000020179713696397135,0.00002000023077143321,0.00002001525087386462,0.001002,0.0010019999999999994,0.0010020000000000003,0.0010000199999999995,0.0010000199999999995,0.0010000199999999995,-0.40095442328204267,9.472302497237992,2.118570139978364,0.006928724253345958,-0.0022092118644075377,-0.0016909783929796216,1.4885625582933426,-19.924688320159913,-30.207001152038575,982.5019775390625,-0.06761801965180024,36.216960706846905
2025-03-01T16:46:44Z,40.365774356648735,-76.17724203837888,71.7194023317839,-15.280312541096029,24.70612754466539,-26.472006794049122,0.18114227479333128,4.940231497445339,0.16539167681464612,0.0010000000007437393,0.0010000000000758291,0.0010000000006158416,0.0010000000000331966,0.001000000000040302,0.0010000000000971454,3.0018115461470665e-6,3.0018115875136137e-6,1.662674495384382,0.15907575835173313,0.15506526275564422,0.13861078991798206,0.000030172017433695863,0.00002999812060474159,0.00003003661276220913,0.001002999999999999,0.001002999999999999,0.0010029999999999998,0.0010000299999999998,0.0010000299999999996,0.0010000299999999998,-0.3556561930801422,9.479203835169072,2.114574266512516,-0.0007861972408430076,-0.00002261630121012698,-0.0011119919538254937,-5.244562692642212,-22.71356342315674,-26.60962598800659,982.5535595703125,-0.06450612918821647,35.37626299333388
2025-03-01T16:46:45Z,40.36573451958362,-76.17689840724074,56.26235673257671,-20.60422433149745,32.88956828665529,-33.460550578717324,0.18415224718559753,4.941459765121597,0.16025402879485803,0.0010000000005305765,0.0010000000001184617,0.001000000000274781,0.0010000000000758291,0.000999999999791612,0.0010000000001078035,4.001811545806636e-6,4.001811628003494e-6,1.5027426851185628,0.17187840486046382,0.16100688763061555,0.127536151163974,0.000040322808232977044,0.00003998872507178798,0.000040085649152323184,0.0010039999999999982,0.0010039999999999982,0.001003999999999999,0.001000039999999999,0.0010000399999999987,0.001000039999999999,-0.3611995677927496,9.511546745936,2.237206428288798,-0.0029051971250225015,-0.0006069435843623742,-0.001150212702308752,2.8601251089572908,-19.71562568664551,-30.04762613296509,982.5699926757812,-0.006439053464529584,36.05193983666933
2025-03-01T16:46:46Z,40.365485852823724,-76.17644756214139,40.13150930534757,-25.848758339787835,41.050639012704316,-39.030225245987694,0.18924345187905686,4.945406167411662,0.15672879863072953,0.0010000000001051056,0.0010000000002037268,0.001000000000076684,0.0010000000000616183,0.0010000000000331966,0.0010000000000580656,5.001811514024629e-6,5.001811676709395e-6,1.464048557353617,0.19386227566406727,0.17061295411331256,0.1140669904560777,0.00005063729500179795,0.00004995806076197706,0.000050144234507044405,0.0010049999999999985,0.0010049999999999987,0.0010049999999999996,0.0010000499999999995,0.0010000499999999993,0.0010000499999999995,-0.35184271757748575,9.475793695668587,2.1296712783748193,-0.000908370272244954,-0.000908370320952187,-0.0007760162476441686,3.3613126361370087,-19.375500774383546,-30.31256362915039,982.510986328125,-0.06672685193325704,36.13248228848421
2025-03-01T16:46:47Z,40.364859231053906,-76.1758764822946,24.874437823542976,-31.216360373811753,49.13397985248224,-43.27288815869512,0.19893737778355788,4.955426435095698,0.15125578545485224,0.0010000000000200892,0.0010000000001468834,0.0010000000004311005,0.0009999999997774012,0.00100000000009004,0.0010000000002960974,6.001811404231776e-6,6.001811731496019e-6,1.4666450472636303,0.2275698869753859,0.18511174900423957,0.10043014478798101,0.000060865125311066713,0.00005987100858097329,0.00006029234735355333,0.0010059999999999976,0.0010059999999999976,0.0010059999999999984,0.0010000599999999984,0.0010000599999999984,0.0010000599999999984,-0.3531038520461378,9.480479978561197,2.1481136630375413,-0.0011730784202067484,-0.0005011270948784816,-0.001458148572031104,3.531187641620636,-19.40212568283081,-30.38062599182129,982.4998828125,-0.05911636417182047,36.22002903846938
2025-03-01T16:46:48Z,40.36366851185433,-76.1751660993685,11.225055972867175,-36.77370116643922,57.074361645404956,-46.47612479470934,0.2107713572797165,4.973251571195296,0.14862254036886008,0.001000000000148209,0.0009999999999052989,0.0010000000005021548,0.0009999999998626663,0.001000000000230823,0.0010000000000509601,7.001811143279362e-6,7.001811790532361e-6,1.4733902737767686,0.27543202620719653,0.2056097911609091,0.08856731429500443,0.00007134628757726692,0.00006968132027776332,0.00007043621473318409,0.0010069999999999977,0.0010069999999999977,0.0010069999999999986,0.0010000699999999983,0.0010000699999999983,0.0010000699999999983,-0.3542355391710709,9.481010825735478,2.133123212000932,-0.0007821916553320913,-0.000957439716857986,-0.0009499291157807171,3.4601251459121705,-19.212188205718995,-30.55481363296509,982.5177001953125,-0.06293102563492153,36.25842763618452
2025-03-01T16:46:49Z,40.361724387775475,-76.17429183522037,-0.7400707438667382,-42.66756492635275,64.76068436562778,-48.899327095375014,0.2274217583999082,5.002447715004389,0.14726514856714085,0.001000000000034711,0.0009999999997804298,0.001000000000628538,0.000999999999891088,0.0010000000004153752,0.0009999999996687815,8.001810628375035e-6,8.001811851650971e-6,1.4715869700608044,0.33945954261431277,0.233497625888948,0.0797840150711973,0.00008183221519851681,0.00007930996919666617,0.00008060886407205728,0.0010079999999999987,0.0010079999999999967,0.0010079999999999993,0.0010000799999999987,0.0010000799999999982,0.0010000799999999982,-0.354778826876226,9.477967507680352,2.134673971970374,-0.0009796377867057028,-0.000938913525681638,-0.0010407243012184135,3.2581876349449157,-19.44468824386597,-30.55443866729736,982.5434765625,-0.06661252420608717,36.363191499456946
2025-03-01T16:46:50Z,40.358838175699375,-76.17322418956279,-11.206670734192656,-49.063760590975384,72.05996920145691,-50.67520791708306,0.25112129349107104,5.046569969898478,0.14747307756980524,0.0009999999999780248,0.000999999999867681,0.0010000000007562785,0.0009999999996779252,0.0010000000005343389,0.0009999999993667483,9.001809723699297e-6,9.001811913366895e-6,1.4613969854073923,0.4211724015281084,0.27041343370122745,0.07475569976157959,0.00009205491485996983,0.00008864693924857635,0.00009080481719461237,0.0010089999999999984,0.0010089999999999958,0.0010089999999999988,0.0010000899999999982,0.0010000899999999982,0.0010000899999999982,-0.35921731875989943,9.48042247121864,2.1336723935636894,-0.0007221066459847978,-0.0005568726642001032,-0.0013404820651381636,1.883250068537891,-19.918313274383546,-30.297376194000243,982.571015625,-0.0653360886093545,36.307204942838815
2025-03-01T16:46:51Z,40.35482255836543,-76.17193001632334,-20.195329415227512,-56.16161392124391,78.78251784071568,-51.74583477183255,0.28150850840251046,5.108258897096098,0.15083482980552837,0.000999999999738378,0.0009999999996264958,0.0010000000009106602,0.0009999999994665671,0.0010000000002835779,0.0009999999992126897,0.000010001808258158302,0.000010001811973724988,1.44837905536666,0.521142240846483,0.31841726937743403,0.0738153878242794,0.00010225762588798562,0.00009755033069753926,0.00010095584054831171,0.0010099999999999977,0.0010099999999999968,0.0010099999999999977,0.0010000999999999977,0.0010000999999999977,0.0010000999999999977,-0.3538216973878223,9.484428110758596,2.1412542373331775,-0.0019264782475346565,-0.0007760161905906422,-0.00115271618355692,3.2358751344680785,-19.542750816345215,-30.354001083374023,982.57126953125,-0.06098651333493293,36.2457125403163
2025-03-01T16:46:52Z,40.34952917351457,-76.17037845679516,-27.52518587869291,-64.13597426245833,84.67321238183376,-51.94327271381029,0.324703068708862,5.19060405009039,0.15713247109511191,0.000999999999474327,0.000999999999683664,0.0010000000008374764,0.0009999999994136578,0.0010000000005461539,0.000999999999339597,0.000011001806031959746,0.000011001812030406506,1.4395209011136105,0.6384442690274723,0.3796136120471464,0.07708068643276521,0.00011226985461979184,0.00010583355431776969,0.00011106099508001895,0.0010109999999999978,0.0010109999999999976,0.0010109999999999978,0.0010001099999999968,0.0010001099999999968,0.0010001099999999968,-0.3491158150357372,9.471586631775276,2.1134974867493743,-0.0003484109043009236,-0.0008778270972662844,-0.0010814486636357681,3.1228126192092898,-20.16075075149536,-30.428813648223876,982.5763696289063,-0.08070990701207087,36.63491215278683
2025-03-01T16:46:53Z,40.342889498999995,-76.1685502449882,-32.633989612914135,-73.18640714226693,89.41893547557763,-50.955993887092795,0.38394765369149053,5.29645463487939,0.16556414514945123,0.0009999999996046364,0.0009999999996981243,0.0010000000006402713,0.0009999999991763147,0.001000000000930715,0.0009999999992158339,0.0000120018028383882,0.000012001812081790923,1.4415246931982426,0.7703710445899171,0.45707953777247595,0.08476371311728458,0.00012158192067799317,0.00011327387158190449,0.00012113979236046997,0.0010119999999999966,0.0010119999999999966,0.0010119999999999966,0.0010001199999999976,0.0010001199999999976,0.0010001199999999976,-0.35690294621771185,9.478617978706051,2.092759038408411,0.00034941020878801734,-0.00021639068831997676,-0.00169097826309631,3.4316251420974733,-20.241375885009766,-30.136126194000244,982.5775537109375,-0.07891083292730837,36.46466409206528
2025-03-01T16:46:54Z,40.33498931213128,-76.16645380131993,-34.624653711418055,-83.36715329716795,92.61025226165232,-48.38239743278893,0.45920300457003693,5.42321622333646,0.1763856275055914,0.0009999999995196755,0.0010000000000047748,0.0010000000005894666,0.0009999999994323636,0.0010000000006989435,0.0009999999995247341,0.000013001798512156321,0.000013001812128338926,1.45995358255268,0.9109934689977104,0.5545176540777634,0.09678678367708421,0.0001308539461048412,0.00011967025188844887,0.0001311862691281628,0.0010129999999999972,0.001012999999999997,0.0010129999999999972,0.001000129999999998,0.001000129999999998,0.001000129999999998,-0.36490844344432355,9.469871829986875,2.137585243621822,-0.0015701405094693528,-0.00149887286825044,-0.0012341648507394587,4.082437682151794,-20.173313159942627,-29.921063632965087,982.5720849609374,-0.07807999203595307,36.31659678674572
2025-03-01T16:46:55Z,40.326153763156825,-76.16414564882896,-32.48859265933014,-94.50937714347972,93.76482175948453,-43.84373109152309,0.5506421936854098,5.568782907638476,0.18820424028100569,0.000999999999645536,0.0010000000003010244,0.0010000000005550307,0.0009999999996637143,0.00100000000052539,0.0009999999992151129,0.00001400179299727034,0.00001400181217645955,1.4981895350809502,1.0501610326014592,0.6782266939629416,0.11252237430305205,0.0001390575505464791,0.00012486110611331633,0.00014120147976649184,0.0010139999999999965,0.0010139999999999962,0.0010139999999999965,0.0010001399999999988,0.0010001399999999988,0.0010001399999999988,-0.45547939655268016,9.443470968402796,2.440345951595655,-0.00467770646522729,-0.0010075105895773697,-0.0018812476370356998,-10.66181292295456,-25.250438594818114,-23.47668846130371,982.5795727539063,-0.029220180378844024,36.08891963903672
2025-03-01T16:46:56Z,40.316952559490915,-76.16173578293544,-25.52706291736456,-105.56475062154074,92.99999948330567,-37.48173894579802,0.6594234209380592,5.723972469674092,0.2056166750807563,0.0009999999997631903,0.0010000000002694796,0.0010000000003798834,0.0009999999998163913,0.0010000000005885741,0.000999999998956814,0.000015001786406843414,0.00001500181224033683,1.554236196384851,1.1862981889385167,0.824008936863918,0.1278521018707891,0.0001455216332964557,0.0001290884406133425,0.00015108877180169765,0.0010149999999999966,0.0010149999999999966,0.0010149999999999966,0.0010001499999999987,0.0010001499999999985,0.0010001499999999987,-0.4255664973080029,9.44965247217784,2.3993201544279272,-0.00023641907774277606,0.002380118460538435,0.0012296564234508302,-9.041812808513642,-24.340313491821288,-23.6825634765625,982.5986791992187,-0.034998916008392826,35.14349818995677
2025-03-01T16:46:57Z,40.30802089074889,-76.15935807003184,-13.645879557080569,-115.50935135653586,90.56130551178953,-29.813667306306304,0.7775926805777861,5.879044524331746,0.22591658460306646,0.0009999999994505515,0.001000000000386689,0.0010000000005157012,0.0009999999997070113,0.001000000000427696,0.0009999999990163077,0.000016001779004566116,0.000016001812343489793,1.6183721253190788,1.3187055797124183,0.9884580903927142,0.1382943696910024,0.00014963064510732893,0.0001328092942682203,0.00016092310158233916,0.0010159999999999965,0.0010159999999999967,0.0010159999999999967,0.0010001599999999978,0.0010001599999999978,0.0010001599999999978,-0.3745993764283251,9.479762084324886,2.312460691769538,0.0006698639679028448,0.008826410823623,0.001133019671284186,-4.797375208735466,-22.722563285827636,-27.1479386138916,982.5111157226562,-0.02886169049082783,35.725853601360285
2025-03-01T16:46:58Z,40.299988146542496,-76.15714692091603,1.5323426090315522,-123.34079301447723,87.4443182640894,-22.157670770970448,0.8927075029182213,6.0122639380478065,0.2383631081413476,0.0009999999997473469,0.0010000000003127039,0.0010000000008010643,0.0009999999994719617,0.0010000000001823166,0.0009999999990809754,0.00001700177107879177,0.000017001812514776965,1.6759403211025579,1.4575650513739051,1.1584664807064604,0.1406150924298586,0.0001534273871753486,0.0001362609885246628,0.00017084907821090134,0.001016999999999996,0.0010169999999999964,0.0010169999999999962,0.0010001699999999986,0.0010001699999999986,0.0010001699999999986,-0.2048606414718586,9.50125175013269,1.769727984240282,-0.0039016076293172364,0.003632391306764839,-0.0011628974539790676,0.42937502324581145,-20.654250679016112,-30.120376224517823,982.4912939453125,-0.12680926082066588,36.524180623076035
2025-03-01T16:46:59Z,40.29314760562654,-76.15517583820365,17.98478800496345,-129.02376698091402,83.66903243799855,-15.12901808947527,0.9994567864910286,6.115605281755427,0.24490677833835275,0.0009999999999044857,0.0010000000001113723,0.0010000000005117155,0.0009999999993456122,0.0009999999998566342,0.0009999999992860293,0.000018001762761291235,0.000018001812782609868,1.7134221283497406,1.5960046248013455,1.3408873516985063,0.1338147510685995,0.000156770813427525,0.0001401022681837337,0.00018081595933893058,0.0010179999999999961,0.001017999999999997,0.0010179999999999968,0.0010001799999999992,0.001000179999999999,0.0010001799999999992,-0.2918077151007597,9.489971501667982,2.0117626409125267,-0.001305432421451835,-0.0005418513777626251,-0.001132354022016,1.932000075802207,-19.53206325531006,-31.412251167297363,982.4704736328125,-0.08809723907410275,37.03997654734248
2025-03-01T16:47:00Z,40.287485096274445,-76.15345401016774,33.98745456703936,-132.66904447601232,79.83653610451917,-9.386015247930544,1.0882078275658935,6.190320519573538,0.2500487281193082,0.0010000000000212604,0.000999999999876925,0.001000000000196005,0.0009999999991061749,0.0009999999997225453,0.0009999999991485709,0.000019001753910352834,0.000019001813171602377,1.7230831367431256,1.7396621639803589,1.5328255468691472,0.11986090679768213,0.00015947941340875403,0.00014501230494048869,0.0001907944956163684,0.0010189999999999965,0.0010189999999999967,0.0010189999999999963,0.001000189999999999,0.001000189999999999,0.001000189999999999,-0.336073618370883,9.477205837187109,2.188040451752823,-0.0006920639497447628,-6.092870754683712e-6,0.000151630678546417,2.4785625910758973,-19.387688293457032,-31.06537624359131,982.4166943359374,-0.06066210160097274,36.7025828200724
2025-03-01T16:47:01Z,40.28288809520844,-76.15195590835903,48.00248288535101,-134.78373221698666,76.50501997277841,-5.173264452400992,1.1527108143229337,6.242362470910957,0.2521587200244365,0.0009999999996431633,0.0009999999999052989,0.0010000000004390848,0.0009999999991710305,0.00099999999958872,0.0009999999991851846,0.000020001744069756435,0.000020001813699528232,1.7047554111149625,1.8941591599731222,1.7355527942741107,0.10295823281184308,0.00016212320260292098,0.0001509120412869712,0.00020077022052201343,0.0010199999999999966,0.0010199999999999968,0.0010199999999999968,0.0010001999999999997,0.0010001999999999977,0.001000199999999998,-0.3782284918464933,9.499423161188885,2.2601376285551016,-0.00395251308230086,-0.0001244271089225951,-0.0019875644765972337,3.108000121116638,-19.04193826675415,-31.39593864440918,982.4569970703125,-0.020696235831846432,36.850458352980645
2025-03-01T16:47:02Z,40.27914036107726,-76.15063129594483,59.53626390329274,-135.89663619457855,73.95444668744794,-2.3743719682661637,1.2011288930513704,6.2756519015479455,0.25291767935862136,0.0009999999996251365,0.0010000000001486756,0.0010000000007687037,0.0009999999989036244,0.0009999999996162141,0.0009999999990550055,0.000021001732472894053,0.00002100181438201323,1.6642230096196573,2.063587916609495,1.94909776430345,0.08658394934335523,0.0001650351787334569,0.00015780709940503177,0.00021075465998489788,0.001020999999999997,0.001020999999999997,0.001020999999999997,0.0010002099999999996,0.001000209999999997,0.001000209999999997,-0.358315103206274,9.473440074357924,2.1769000935002922,-0.001142702001098565,-0.0004667450524475234,-0.0015908365425765323,3.2514376294612886,-19.512375717163085,-31.46493865966797,982.495751953125,-0.06537537221553635,37.166426050066036
2025-03-01T16:47:03Z,40.276080348278754,-76.14943711343999,68.57117253534848,-136.45227107265504,72.11683213803009,-0.61121429381976,1.2342742075380277,0.012387361516685371,0.25247003929449846,0.0009999999999679861,0.0010000000003006927,0.0010000000009280621,0.0009999999990861028,0.0009999999994848633,0.0009999999988037518,0.00002200171801568646,0.00002200181523292428,1.6091689192641856,2.2494586500639424,2.1781661847904674,0.07216497503614505,0.0001683996214457456,0.00016549229406780192,0.00022074813688386687,0.0010219999999999962,0.0010219999999999967,0.0010219999999999964,0.0010002199999999994,0.0010002199999999968,0.0010002199999999968,-0.3514687567548182,9.469632553100437,2.1650229285550378,-0.0011527161627211194,-0.0011323539990256456,-0.0010509053876409204,0.21000001572072516,-21.303563251495362,-30.294376163482667,982.5533251953125,-0.07176336504431295,37.035541788206736
2025-03-01T16:47:04Z,40.27359129439444,-76.1483404427141,75.44984099421028,-136.7332699637988,70.88128062148206,0.44619344459994514,1.257191974517972,0.024689082793158616,0.25182570354670364,0.0009999999997845376,0.0010000000003830914,0.0010000000006411506,0.0009999999989394647,0.0009999999996718279,0.0009999999986689235,0.000023001699195220885,0.000023001816268253113,1.546351804587721,2.454068316765035,2.426298286128901,0.060165851956277196,0.0001721903824738389,0.00017385546805268428,0.00023073981525700602,0.0010229999999999964,0.0010229999999999964,0.0010229999999999961,0.0010002299999999987,0.001000229999999996,0.001000229999999996,-0.35537703444619256,9.473301497141218,2.17957926297095,0.000069013306252149,-0.000714929786781425,-0.0014785107553149835,0.13012500151991846,-20.534063148498536,-30.087188663482667,982.6102172851563,-0.06464283773275996,36.42663705334072
2025-03-01T16:47:05Z,40.27155513862197,-76.14731390316601,80.72412439636288,-136.89329082229054,70.11406496794312,1.0570304550058411,1.270735438953321,0.031666032079749946,0.2507278565741794,0.0009999999995327995,0.0010000000001707792,0.001000000000769521,0.0009999999986675667,0.0009999999998873091,0.000999999998839168,0.000024001674022569782,0.000024001817502365996,1.480879377919143,2.680329954347599,2.6958409039626363,0.05055097659672574,0.00017645160791443556,0.00018267370866984232,0.00024073611458996333,0.0010239999999999967,0.001023999999999997,0.0010239999999999967,0.0010002399999999995,0.0010002399999999966,0.0010002399999999969,-0.3605902464640478,9.477362724428888,2.188315035694294,-0.001433113262691473,-0.0010675956345103,-0.0011201701001312462,-0.13125001139938833,-20.330250816345213,-30.233813610076904,982.6108520507812,-0.05844030079863283,36.433721921377206
2025-03-01T16:47:06Z,40.26988749362582,-76.14633869405564,84.84032760091617,-137.0036327423024,69.72509881431701,1.379264534587404,1.2794078385798364,0.035351647721940875,0.24983025338453513,0.0009999999994084153,0.0010000000002294187,0.001000000000953676,0.0009999999986797497,0.000999999999787328,0.0009999999986495451,0.000025001639936019293,0.00002500181894918487,1.416314220075018,2.931222795224109,2.9878022026466233,0.04306710229818846,0.00018106483497016195,0.00019188239602426816,0.0002507365436669825,0.001024999999999997,0.0010249999999999968,0.001024999999999997,0.0010002500000000003,0.0010002499999999966,0.0010002499999999966,-0.35118959486189455,9.473859793980747,2.1710847547046597,-0.0010407243641059783,-0.000898189253759571,-0.0005825756009468547,0.8120625338703394,-19.90312568664551,-31.252313594818116,982.5652758789063,-0.06600882470879378,37.06072289652846
2025-03-01T16:47:07Z,40.26846849000821,-76.1453957921875,88.23135418897914,-137.09845963807405,69.56023618530348,1.5427905679184226,1.2857073796652299,0.0385168526605218,0.2489523161908132,0.0009999999990839544,0.0010000000002444076,0.0010000000006133807,0.000999999998493293,0.0009999999999889743,0.0009999999984540322,0.00002600159372116987,0.000026001820620629786,1.354890653036267,3.208957073793041,3.3034806990403807,0.03726382149500529,0.00018601502317484942,0.00020134767188313232,0.00026073050895667724,0.001025999999999996,0.0010259999999999963,0.0010259999999999959,0.0010002600000000009,0.0010002599999999976,0.0010002599999999974,-0.3557261503870317,9.471714142720979,2.1686232733169772,-0.0002614544907237529,-0.0005468585066599624,-0.0015107230815860485,2.570250092744827,-19.29975076675415,-31.72237627029419,982.44033203125,-0.0684655592308809,37.2208533498639
2025-03-01T16:47:08Z,40.26737751609793,-76.14448993287776,90.90808907221484,-137.19389402512448,69.65216424796498,1.5786554196505798,1.2889824204256006,0.04060896209965041,0.24765227475828783,0.0009999999988717834,0.0010000000005429748,0.001000000000699999,0.000999999998703368,0.0010000000000212012,0.0009999999982010757,0.000027001531443217827,0.00002700182252699869,1.2978488417851968,3.516050694835845,3.6430562302503446,0.032814542810302806,0.0001912867345028269,0.00021092760925065245,0.0002707255065238608,0.0010269999999999954,0.0010269999999999951,0.0010269999999999951,0.001000270000000001,0.0010002699999999984,0.0010002699999999975,-0.3563341627383447,9.469034249623371,2.148552349248909,-0.0005520325141812395,-0.0009592756959111294,-0.0015497783115972074,3.1908751344680786,-19.500375747680664,-31.95187635421753,982.3800463867187,-0.07552826229300903,37.568136875117816
2025-03-01T16:47:09Z,40.26664756641573,-76.14362136872396,92.96315486315581,-137.2967547190845,69.96379512952758,1.5319644808297106,1.2899088715881215,0.041615521974706304,0.24644353754640264,0.000999999998742828,0.0010000000009552153,0.0010000000008142389,0.0009999999983735536,0.0010000000002041427,0.00099999999786923,0.000028001448401219037,0.000028001824676266042,1.245781760642835,3.854629129279908,4.007074449543589,0.02938368510759811,0.00019673764094514434,0.00022063208325712297,0.00028072410622782693,0.0010279999999999948,0.001027999999999994,0.001027999999999994,0.0010002800000000014,0.0010002799999999988,0.001000279999999998,-0.3607210019815607,9.468675334294094,2.153457624752616,-0.0007821916704798562,-0.001017524810460383,-0.0010200283306326169,2.671125113964081,-19.188750762939453,-31.907438774108886,982.3494750976563,-0.07467627853531308,37.32859367974975
2025-03-01T16:47:10Z,40.26639817569742,-76.14280005196443,94.38621306659152,-137.394832379019,70.53550150235795,1.4169122960853568,1.2888310778330203,0.04275726423420638,0.24549080016396435,0.0009999999987254041,0.00100000000136935,0.001000000000971203,0.0009999999987112516,0.001000000000289026,0.0009999999976879363,0.00002900133910930809,0.000029001827074672027,1.1988769365074585,4.227164270913149,4.395127814101066,0.02677355767106901,0.00020229624674491132,0.00023043902749971974,0.00029072052787115,0.0010289999999999954,0.0010289999999999943,0.0010289999999999945,0.0010002900000000013,0.0010002899999999979,0.0010002899999999979,-0.3494106678197749,9.470027405534633,2.155168560511916,-0.0008065594443794086,-0.0006640242895329059,-0.0013665190071756332,2.5136251038312913,-19.08918821334839,-31.495313625335694,982.3907080078125,-0.0734732049677645,36.914312024190885
2025-03-01T16:47:11Z,40.26654606271134,-76.14201413640636,95.35850484931102,-137.49756641385443,71.29618161322409,1.2657419977689908,1.2869018419373743,0.04365734481618225,0.24436652935835884,0.0009999999985659468,0.0010000000011023997,0.0010000000008013855,0.0009999999988088868,0.0010000000004319924,0.000999999997339226,0.000030001197342180242,0.000030001829729150065,1.1571659875851807,4.635807273989306,4.80694013794447,0.024821819064768515,0.00020794927258612825,0.0002402533785172924,0.00030071832120941633,0.0010299999999999958,0.0010299999999999938,0.0010299999999999938,0.001000300000000002,0.0010002999999999987,0.0010002999999999985,-0.35792937634757854,9.47134737078212,2.156408769924464,-0.00042985960677380177,-0.0008981891413839427,-0.0012239837656736127,3.1886251258850096,-18.790500774383545,-31.75218885421753,982.4086206054687,-0.0717079314182893,37.0330658806684
2025-03-01T16:47:12Z,40.26694736011137,-76.14124606276398,96.05338602359902,-137.58992411166557,72.16120482567509,1.1062951842704971,1.283583057786583,0.04405688004761755,0.24317239286197945,0.0009999999987630574,0.001000000001175414,0.0010000000007447075,0.0009999999990931503,0.0010000000002766205,0.0009999999977024366,0.00003100101624111756,0.0000310018326487692,1.1205560047320144,5.082634006438385,5.241548981195796,0.023384208035300256,0.0002136120008993881,0.000250061457007935,0.0003107188951759439,0.0010309999999999946,0.0010309999999999946,0.0010309999999999946,0.0010003100000000025,0.001000309999999999,0.001000309999999997,-0.35733443824070626,9.473714685657837,2.170349251855768,-0.0012829005555781785,-0.0011376949571820301,-0.0006895605841471965,2.5102500972896817,-19.045313243865966,-31.434563694000243,982.385869140625,-0.06644137317760418,36.839562272321714
2025-03-01T16:47:13Z,40.26765714664886,-76.14050032566843,96.4626445797531,-137.66947022549274,73.16847191534573,0.9310822728946053,1.2802839309083227,0.04544476168142183,0.2420712062781794,0.0009999999986903475,0.0010000000012486672,0.0010000000006450884,0.000999999999179323,0.0010000000003700241,0.000999999997917239,0.000032000788501864874,0.000032001835848090896,1.0889312165187581,5.569657737611945,5.696932810675559,0.022409710698588766,0.00021922151352508505,0.0002598621773226574,0.00032071586649857754,0.0010319999999999936,0.0010319999999999936,0.0010319999999999936,0.001000320000000002,0.0010003199999999986,0.0010003199999999977,-0.3558954796809751,9.474218772887008,2.16354736590311,-0.0007047487535409436,-0.0008167405742037523,-0.0014886918493931599,3.0673126339912415,-18.881250801086427,-31.71637622833252,982.3981860351563,-0.06765705151454154,37.03828804155471
2025-03-01T16:47:14Z,40.26850349921126,-76.13975663268262,96.69564674746505,-137.7291273488337,74.24710400074959,0.7410561567100593,1.2776767291879103,0.04683771862140252,0.24073513012996983,0.000999999998263129,0.0010000000017475568,0.0010000000008438907,0.0009999999994653765,0.0010000000003278658,0.0009999999982166674,0.00003300050667156463,0.00003300183935488573,1.0622052696844138,6.097888077576161,6.169785933883627,0.021823738811669324,0.0002247322949232482,0.0002695882457544125,0.0003307138377399906,0.0010329999999999936,0.0010329999999999938,0.0010329999999999938,0.0010003300000000015,0.001000329999999998,0.001000329999999998,-0.35337255348830404,9.463358845693872,2.1501083157329672,0.00007902752057096238,-0.0010776099099672422,-0.0014406237742097569,3.3225001287460327,-18.708750801086424,-31.65412622451782,982.3764990234375,-0.08146095139363405,36.91932155628888
2025-03-01T16:47:15Z,40.26961940719091,-76.13902818968087,96.68346666025775,-137.76609658340757,75.4368583878,0.5515015812674338,1.2739059838319156,0.04791232871062595,0.23959335747731028,0.0009999999983321202,0.0010000000019070787,0.0010000000010435257,0.0009999999992113442,0.0010000000004709068,0.000999999998128508,0.00003400016350594071,0.000034001843217946105,1.040224582449016,6.669762625942454,6.658354908733516,0.02153748393535419,0.0002299998125409892,0.0002792777650455994,0.00034071370568501653,0.001033999999999994,0.0010339999999999941,0.001033999999999994,0.0010003400000000006,0.0010003399999999971,0.0010003399999999971,-0.356374042905372,9.47102833493376,2.1534576346865797,-0.0007251108955232214,-0.0010407242917940375,-0.0009185514405076335,2.746312609910965,-18.944813175201418,-31.76737630844116,982.4113793945312,-0.07329750520869802,37.089224753877666
2025-03-01T16:47:16Z,40.27075242720654,-76.13828636226135,96.54660608194244,-137.77661621583675,76.64933984403065,0.3652941157257824,1.2702175328894147,0.049839453245200595,0.23826581277181794,0.0009999999980903728,0.001000000001736856,0.0010000000009729438,0.0009999999989271705,0.001000000000577895,0.000999999997959466,0.000034999752401522327,0.00003500184751083121,1.0227885346202856,7.286211387265576,7.157869830333396,0.021512421365260513,0.00023502416968152858,0.0002888576731151513,0.0003507120549554199,0.0010349999999999945,0.0010349999999999945,0.0010349999999999927,0.001000350000000001,0.0010003499999999975,0.0010003499999999975,-0.35166815753843866,9.467917703626632,2.1615134825696045,-0.0007861972917230826,-0.0009898189906626586,-0.0017024943829270479,2.7275626039505005,-18.974438343048096,-32.165064086914064,982.403662109375,-0.07487560925700323,37.444044063117936
2025-03-01T16:47:17Z,40.27202025877693,-76.1375428626419,96.22703603048419,-137.76311231566018,77.94451072176477,0.17542030892813293,1.2665575732386083,0.0514102107705183,0.23733183511110256,0.0009999999981036595,0.0010000000015379894,0.0010000000010302204,0.0009999999988271348,0.0010000000004220069,0.0009999999982269775,0.00003599926795831656,0.00003600185234318607,1.0097504331615392,7.94874853344482,7.663484129029376,0.02174391378299459,0.00023961785242672114,0.0002983833539004219,0.00036071223482414213,0.0010359999999999955,0.0010359999999999937,0.0010359999999999929,0.0010003600000000018,0.0010003599999999983,0.001000359999999998,-0.3543532185399832,9.469007474303464,2.154227123712911,-0.000662021550156854,-0.000757156161869682,-0.0011201700459852562,3.228000133037567,-20.201438350677492,-31.82325122833252,982.4432568359375,-0.07550900143406519,37.8316475367199
2025-03-01T16:47:18Z,40.27321248583515,-76.13677413257982,95.79749924802684,-137.72896570995667,79.24174095307293,-0.006824611900704013,1.262830313926086,0.053750259768385274,0.23628457827956323,0.0009999999982896884,0.001000000001678234,0.0010000000008879677,0.000999999998726722,0.0010000000003430513,0.0009999999982324794,0.00003699870659606901,0.0000370018578682391,1.0009592961830154,8.658389849558848,8.169415324025572,0.02217560113903832,0.00024379543194246662,0.0003077617835245534,0.000370712661521895,0.001036999999999995,0.001036999999999994,0.0010369999999999921,0.0010003700000000024,0.001000369999999999,0.001000369999999999,-0.35505798951595136,9.469632521309904,2.161872380017204,-0.0009694567377844198,-0.000633481116019537,-0.0018552107641515892,3.1456876254081725,-20.364188346862793,-31.9702512550354,982.459296875,-0.07335129759404208,38.03535989651819
2025-03-01T16:47:19Z,40.27415606587298,-76.13596163271862,95.30035789271544,-137.6948170319899,80.51781471432597,-0.19707858504557124,1.2586326396801848,0.055430439534841794,0.23511769244239147,0.000999999998605397,0.0010000000016185953,0.001000000001029593,0.0009999999987828302,0.0010000000000998522,0.0009999999979388437,0.00003799806729356936,0.000038001864293175885,0.9963406272866906,9.415252429137315,8.66714562006507,0.022879714889681456,0.0002474356148156836,0.00031696722047688705,0.0003807144761987523,0.0010379999999999944,0.0010379999999999944,0.001037999999999991,0.001000380000000002,0.0010003799999999986,0.0010003799999999984,-0.35470625842374826,9.460377691048366,2.1347315016565664,-0.0019438360448346924,-0.000907368818043694,-0.0013304679041656663,4.19400018453598,-20.31881326675415,-31.693126220703125,982.4601440429688,-0.08855918238350963,37.879997294918724
2025-03-01T16:47:20Z,40.2752236663046,-76.1351489566273,94.67617428084955,-137.6773025007984,81.27628873901736,-0.2328921432159377,1.2472904786658452,0.05941778114110832,0.236530824358271,0.0009999999986634292,0.001000000001846002,0.001000000001414086,0.0009999999990244217,0.0010000000002270881,0.000999999997575987,0.000038997348682061095,0.000039001871766272426,0.993099751494117,10.218441969911728,9.168811169911425,0.021867042347767585,0.0002503496857464603,0.0003263371300094717,0.00039072218060428004,0.0010389999999999933,0.0010389999999999935,0.0010389999999999898,0.0010003900000000027,0.001000389999999999,0.001000389999999999,-0.5562146160340271,9.413201784132292,2.764903582174543,-0.009073596211999466,0.002237583396934078,-0.002618791615935214,3.590812651515007,-18.853313331604003,-31.44543863296509,982.5409814453125,0.03323411850406198,36.83956041156875
2025-03-01T16:47:21Z,40.275875318652766,-76.134283214847,94.13909216854483,-137.68439661446587,81.98351960169174,-0.3137315670439418,1.2486936463595506,0.061786534427652244,0.24976390177142513,0.000999999998708945,0.0010000000018146407,0.001000000001357027,0.0009999999991099548,0.001000000000489209,0.0009999999972775805,0.00003999654754029295,0.00004000188034194542,0.9887415390284728,11.070193531976646,9.659477809255922,0.02120832175827732,0.00025159115594456456,0.0003369433345935164,0.00040073519866249,0.0010399999999999925,0.0010399999999999943,0.001039999999999989,0.0010004000000000024,0.001000399999999999,0.001000399999999999,-0.5539015558758423,9.37037023607705,2.703806842405177,0.0021619762632728292,0.01301233670019476,0.002464905074244404,4.081687681674957,-18.487688255310058,-32.058001289367674,982.5318896484375,-0.025103152259169068,37.23125621658005
2025-03-01T16:47:22Z,40.27564649055126,-76.13331010311794,93.68200953054188,-137.63180805785206,83.58547020700415,-0.5916310471025303,1.261724668322941,0.05696945009966597,0.2601797641607963,0.0009999999984983915,0.0010000000017243674,0.0010000000010990501,0.0009999999992942484,0.0010000000000971632,0.0009999999975640133,0.00004099567159314243,0.00004100189039970936,0.9895198637728159,11.984855953886116,10.11233415533386,0.024402303824714814,0.00025265318229635844,0.0003468898843301972,0.00041072973781234977,0.0010409999999999918,0.001040999999999995,0.001040999999999988,0.001000410000000002,0.0010004099999999982,0.0010004099999999985,-0.09110350171225355,9.551187231718655,1.4990644335967704,0.012479749352862736,0.008315687928266998,0.007826996076392458,4.892250170707703,-18.885563220977783,-32.81850131988526,982.4551416015624,-0.12515885585390424,38.17916635464579
2025-03-01T16:47:23Z,40.274760283450355,-76.13226006265809,93.26057518786337,-137.7457806893257,83.4784273454412,-0.5985813310508468,1.3030670650570382,0.03995556842661758,0.2731413611869272,0.0009999999981585655,0.0010000000015653067,0.0010000000013248031,0.0009999999990944017,0.0009999999999405948,0.0009999999977079908,0.00004199472978505291,0.00004200190230101819,0.9934126510429313,12.933483250908294,10.56343376971973,0.02277978495791251,0.0002528498714293739,0.00035671710011975856,0.00042077441723736126,0.0010419999999999922,0.0010419999999999958,0.0010419999999999885,0.0010004200000000006,0.001000419999999998,0.001000419999999998,-0.4669623263388757,9.406541735965275,2.644504724978302,0.039724318452923964,0.007664098757580931,0.0195963241620445,4.7546251773834225,-19.58831325531006,-31.659938793182373,982.4154467773437,-0.011333609394041561,37.53207124535078
2025-03-01T16:47:24Z,40.27309972490232,-76.13112716191912,92.938946263012,-137.89670824483554,84.26562599257458,-0.7941909006881416,1.3953852598074006,0.015103753070924028,0.29109411965070564,0.00099999999808926,0.0010000000014357057,0.001000000001180806,0.0009999999988804223,0.0009999999998491535,0.0009999999975819408,0.000042993730843782336,0.00004300191633746643,0.9983527682003994,13.946353811237133,10.967477551851502,0.025135490421782012,0.0002524425676846473,0.0003665383843180798,0.00043104446602787433,0.0010429999999999916,0.0010429999999999953,0.0010429999999999882,0.001000430000000001,0.0010004299999999983,0.0010004299999999983,0.12421130958237074,9.611556957806132,0.8684183810402323,0.08980605074609571,0.012361415285991372,0.027270020881921476,3.6444376349449157,-21.432000713348387,-28.839938678741454,982.3532006835937,-0.14229656532660478,36.1157992937303
2025-03-01T16:47:25Z,40.27118981802611,-76.12996574472116,92.56975732053553,-137.99487520651698,84.5914664340533,-0.8205076777483964,1.461007252764258,6.25988947269819,0.30142307939545504,0.0009999999980190362,0.0010000000012948555,0.0010000000013791672,0.000999999998923265,0.0009999999998363098,0.0009999999974298205,0.00004399269531686532,0.00004400193309612227,1.0084675758515445,15.018147705149236,11.342694710223638,0.02641166075859592,0.0002527263852586807,0.00037511129238442935,0.0004419390923510484,0.0010439999999999913,0.0010439999999999948,0.0010439999999999879,0.0010004400000000013,0.0010004399999999978,0.0010004399999999974,0.4376841550876557,9.752264697391345,0.48841199416176617,0.06304917184375422,0.00511882873675541,0.038237880538462686,2.747437607049942,-22.515938243865968,-25.714313507080078,982.3672729492188,-0.019562119275257524,34.28904065988285
2025-03-01T16:47:26Z,40.26888791342306,-76.12876842615928,92.18085094727938,-138.4312160598048,84.54297098555429,-1.0441901945204106,1.4379020372043885,6.269419076170662,0.31349129991951646,0.0009999999982045701,0.0010000000011263484,0.0010000000017892233,0.000999999999263723,0.0009999999997671078,0.0009999999973954964,0.000044991639448759754,0.00004500195293824246,1.019684770257288,16.112038189660975,11.657894803197784,0.026662325961822456,0.00025237878354335914,0.00038326204068605597,0.00045151934914268926,0.001044999999999991,0.001044999999999995,0.0010449999999999876,0.0010004500000000013,0.0010004499999999978,0.0010004499999999978,0.26778066780243726,9.542165113103854,0.3578449438317765,-0.026318342298108567,0.013603173292880858,-0.009772419201937754,2.3463750910758976,-23.17462568283081,-24.0984384727478,982.3644677734375,-0.24123990234052897,33.515669010927056
2025-03-01T16:47:27Z,40.26643255798275,-76.12756211339212,91.71265294369041,-138.73238082568966,84.56369720326408,-1.0736758859098,1.3973823868670725,0.003854024124396918,0.324153665944653,0.0009999999981758682,0.001000000001370225,0.0010000000015460643,0.0009999999990924992,0.000999999999761523,0.0009999999971726143,0.000045990579212565584,0.00004600197616157498,1.0311300615382335,17.28812696787856,11.940875412541057,0.027589773499028067,0.0002519468693404329,0.0003907983060626664,0.0004610613063687712,0.0010459999999999907,0.0010459999999999944,0.001045999999999987,0.0010004600000000016,0.0010004599999999982,0.0010004599999999982,0.3677339691152745,9.727100188572075,0.5861587960497279,-0.04426958842889969,0.013772746588025887,-0.017829324697333754,2.670937613248825,-22.432125816345216,-26.089876174926758,982.4000073242188,-0.042201449281870855,34.51104597905287
2025-03-01T16:47:28Z,40.26372466630995,-76.12634001640116,91.32655535216695,-139.26835662682214,84.33659849708192,-1.0418522619159472,1.3700843133944023,0.03751964740231851,0.4091907640543122,0.000999999998402472,0.0010000000015137113,0.0010000000016867575,0.0009999999991488079,0.0009999999994017355,0.000999999996823338,0.000046989530602259,0.000047002003050166085,1.042660468237194,18.526248054332846,12.185122575581971,0.027895709573280015,0.00025013649060439655,0.00039950032425015706,0.00047088171162252895,0.0010469999999999913,0.0010469999999999948,0.0010469999999999876,0.0010004700000000013,0.0010004699999999977,0.0010004699999999977,-0.04271486816497025,9.746880919773002,0.9655009384959377,-0.03336565248523114,0.09071116572930457,-0.019865541132094752,4.489875202178955,-22.69406326293945,-27.530626068115236,982.4107788085937,0.000802128778029227,35.95985525694473
2025-03-01T16:47:29Z,40.26088956629546,-76.1251171281785,90.95406359743174,-139.44762561759325,84.1612770599906,-1.1550715253872625,1.3795156657927816,0.03789451667118833,0.5994076512266522,0.0009999999984149203,0.0010000000017130809,0.0010000000014872773,0.0009999999990066774,0.000999999999525151,0.0009999999972191392,0.00004798850848594179,0.00004800203383606935,1.054382457120156,19.80858859917765,12.362877116873921,0.029031776225745758,0.0002566582416830438,0.0003989981043601323,0.0004810055528937159,0.001047999999999991,0.0010479999999999936,0.0010479999999999862,0.0010004800000000024,0.0010004799999999967,0.0010004799999999967,0.33858468245899087,9.592296707652096,1.1073868287608992,-0.001953850529467678,0.1895422435438166,0.033649051354031026,8.553000364303589,-22.932000865936278,-27.803438663482666,982.4331079101562,-0.13191843227030356,37.0412999494804
2025-03-01T16:47:30Z,40.257937286081635,-76.12389745523721,90.5441842067752,-139.82148076668304,83.94612579585993,-1.2429440283899633,1.3902768142955877,0.04868082622990735,0.766153311781704,0.0009999999983280545,0.0010000000015713334,0.0010000000014733909,0.0009999999987804142,0.0009999999990665776,0.0009999999974386947,0.000048987529537025805,0.000049002068774003964,1.0674999718708946,21.153786309918043,12.493896382048035,0.030273192120098675,0.00027604608484922395,0.00038534712960973237,0.0004913842706431416,0.0010489999999999903,0.001048999999999993,0.0010489999999999857,0.0010004900000000027,0.0010004899999999956,0.0010004899999999958,0.3571656697532491,9.626561775841589,0.9954909965778419,-0.00025678124658694247,0.1681891825452228,0.015849686798005573,11.37506293296814,-22.695938148498534,-26.39681360244751,982.4568798828125,-0.1093608634087302,36.623567518083966
2025-03-01T16:47:31Z,40.255004035949646,-76.12269647908599,90.10770814037467,-140.27966120674932,83.53899435945968,-1.27487858889794,1.3989949129695345,0.05156419818681712,0.8917542656207403,0.0009999999982275368,0.0010000000014871062,0.0010000000012618747,0.000999999998626322,0.0009999999988786906,0.0009999999974826578,0.00004998660674272243,0.000050002107984529535,1.0807727228494768,22.561542753612276,12.58044959165835,0.030820346662916394,0.0002994799502275121,0.00036702427465153706,0.0005017411115432478,0.0010499999999999913,0.001049999999999994,0.001049999999999985,0.0010005000000000031,0.001000499999999996,0.0010004999999999962,0.27852875665815746,9.657491275348029,1.0748287476696852,-0.0007521492148496716,0.12566181096381362,0.013951165951296182,13.291313056945802,-22.797375831604004,-25.253251132965087,982.4983740234375,-0.07270132909770266,36.525365360682
2025-03-01T16:47:32Z,40.25204153073521,-76.12151288673485,89.68982801430178,-140.99878236248804,83.26585669033773,-1.3231112292277445,1.4022075761989679,0.05218085864934207,0.913313400776695,0.0009999999983117643,0.0010000000017009979,0.001000000001051608,0.0009999999986145636,0.0009999999985569588,0.0009999999973741899,0.00005098575165299018,0.00005100215149148395,1.0939549770327717,24.037543296871018,12.621882181121125,0.03200349848772857,0.000310156794809359,0.0003609891535363051,0.0005119884749619673,0.0010509999999999918,0.0010509999999999944,0.0010509999999999845,0.0010005100000000035,0.0010005099999999961,0.0010005099999999963,0.36741492741545956,9.68881504440159,0.7549724361157465,-0.0008472838845278701,0.022396121102419956,-0.002852956516479155,12.620250554084778,-23.4787508392334,-23.264813499450682,982.5264184570312,-0.06867758305893439,35.38036748612737
2025-03-01T16:47:33Z,40.24893219825569,-76.12034224287923,89.3584749422971,-141.99680971964477,82.54900981210082,-1.325112964869362,1.4082571086866362,0.05536325480412345,0.9281463837422547,0.0009999999985083933,0.0010000000016021308,0.0010000000007577019,0.0009999999983479413,0.0009999999985564265,0.0009999999975568437,0.00005198497097271043,0.00005200219917416642,1.1058287082317109,25.58247943547995,12.631734554806188,0.03186707011537054,0.0003201566422496906,0.0003555976763361076,0.0005224004853480897,0.001051999999999991,0.0010519999999999937,0.0010519999999999837,0.0010005200000000028,0.0010005199999999956,0.0010005199999999956,0.026517460133085074,9.707279705045906,0.7041249476139162,0.0020117636313679967,0.01627695840642979,-0.007328959748210188,15.782813081741333,-24.3562509727478,-24.521251029968262,982.521435546875,-0.06093238570100118,37.99489474950419
2025-03-01T16:47:34Z,40.24608925399373,-76.1192130321738,88.98392423321143,-143.04005257316464,81.5892902364421,-1.335995201141563,1.4152732291025016,0.0635049731791139,1.0390177260494327,0.000999999998591209,0.00100000000143241,0.0010000000006493296,0.000999999998350754,0.0009999999984369211,0.0009999999976351142,0.00005298425559133783,0.00005300225068270363,1.1124021317273571,27.201901146900617,12.625053319195414,0.030479211502587412,0.00034930789497791956,0.0003316995104740184,0.000533305293122895,0.0010529999999999904,0.0010529999999999943,0.0010529999999999832,0.0010005300000000034,0.0010005299999999962,0.0010005299999999962,-0.3006127766954347,9.674672531126328,0.757564003177573,-0.002425351117404908,0.11205070767944367,0.0031233372860184337,16.3567506980896,-22.86787580490112,-23.643188285827637,982.5853637695312,-0.08472504744688109,36.73526429564091
2025-03-01T16:47:35Z,40.243680971244004,-76.11812736745871,88.47149232042229,-143.9728437123067,80.58903351015644,-1.3413707297843556,1.4295304191330873,0.07289489804431196,1.262884159833876,0.0009999999987460137,0.0010000000015601925,0.0010000000006383405,0.0009999999987339615,0.000999999998391621,0.0009999999977317454,0.00005398358343118741,0.00005400230559139393,1.111221090667007,28.91468393175903,12.627934063364972,0.02836441152154636,0.0004011965884582406,0.00028622880650081266,0.0005447072577310232,0.0010539999999999896,0.0010539999999999933,0.0010539999999999825,0.001000540000000003,0.0010005399999999962,0.0010005399999999962,-0.5303721278494417,9.673461094536938,0.8045437397205296,-0.0028122322118142385,0.22691365012682818,0.01846622444514424,18.728250827789306,-22.74150074005127,-20.622375717163084,982.7024682617188,-0.07223367873736121,35.961117162580784
2025-03-01T16:47:36Z,40.2408743278166,-76.11702299921275,88.1036064897891,-145.82765046740857,79.29590215291815,-1.378084282568838,1.450891920341651,0.08098560415676463,1.5992329469658138,0.000999999998628223,0.0010000000014484618,0.0010000000005445239,0.0009999999984797799,0.0009999999983559748,0.0009999999974024299,0.000054982928407545405,0.00005500236346922586,1.1025436560142798,30.729136389735803,12.684442074142753,0.02792296689000013,0.0004541818916404405,0.00024120863094748574,0.0005564559511084522,0.0010549999999999898,0.0010549999999999932,0.0010549999999999824,0.0010005500000000028,0.0010005499999999955,0.0010005499999999955,-0.6390991160734918,9.748261746639505,-0.26232761304269514,-0.0055789822825112545,0.3476861225050454,0.030094018692800567,21.11681318283081,-22.792500762939454,-15.513000631332398,982.6699096679688,-0.02077059712263863,34.728483076885816
2025-03-01T16:47:37Z,40.2365850233603,-76.11580923018975,88.29190401479305,-147.53387256584728,77.4962421093197,-1.3737061988932233,1.4510727055585575,0.07104988918464694,1.7853087635835783,0.0009999999983645752,0.0010000000013559564,0.0010000000008263358,0.000999999998416116,0.0009999999981230284,0.0009999999973953674,0.00005598227420205844,0.00005600242395029859,1.0929085279554942,32.658531257835605,12.80366552952535,0.03067740480078214,0.000468415072772186,0.00023484507944790137,0.0005665375706171936,0.001055999999999989,0.001055999999999993,0.0010559999999999819,0.001000560000000002,0.0010005599999999947,0.001000559999999995,0.06771389198875018,9.762434219358903,-0.31194730136349613,-0.013991057637490019,0.18662711696491133,0.021907429144521342,22.09593818664551,-22.869000873565675,-9.455062856674195,982.3877368164062,-0.025663911422740954,33.175540925046604
2025-03-01T16:47:38Z,40.23229735963576,-76.11457562397986,88.52055109763393,-148.21814668697743,75.99499609255018,-1.2804404015910666,1.4614502488617722,0.05497240184948459,1.7597730897773043,0.0009999999981680921,0.001000000001160361,0.001000000001067251,0.0009999999985302475,0.0009999999981884582,0.0009999999972854828,0.00005698161836357788,0.00005700248685414578,1.0899081490707023,34.680566705432895,12.990575768255228,0.03332695658870522,0.0004782385493134007,0.0002327575883661425,0.0005759837139737219,0.0010569999999999892,0.0010569999999999928,0.0010569999999999818,0.001000570000000001,0.0010005699999999936,0.001000569999999994,0.3407421461778756,9.781996552888108,0.264603314290432,0.010974451978906442,-0.02598286719948572,0.0028554577200123623,21.81768835067749,-22.723125743865968,-8.392312850952148,982.3608056640625,-0.0016391950072336594,32.6002999846771
2025-03-01T16:47:39Z,40.227919834525174,-76.1133085988117,88.87399662376244,-147.7061228975994,73.84327683020412,-1.155664371275633,1.4534097483508834,0.05921925552504308,1.783060238565923,0.0009999999984395206,0.0010000000008534523,0.0010000000011781561,0.0009999999986851442,0.0009999999983934832,0.000999999997438011,0.00005798094689649166,0.0000580025518617671,1.089824066895586,36.69929651696547,13.244812795757035,0.03144930530932397,0.0004879599139354821,0.0002316845240989877,0.0005874400685449732,0.0010579999999999884,0.001057999999999992,0.001057999999999981,0.00100058,0.0010005799999999929,0.0010005799999999929,-0.525187678189979,9.6964321842182,0.765460971595273,-0.012300998520634786,0.024523966746664082,-0.01170031471628258,21.92193826675415,-22.88400074005127,-8.544187865257264,982.3128759765625,-0.0520637653571523,32.82146655300581
2025-03-01T16:47:40Z,40.22380123559857,-76.11203775590569,89.1263727596294,-146.84235160528675,71.71952177714043,-1.1406375377663491,1.4613088175769238,0.062114966204966274,1.861211096814189,0.0009999999983422278,0.0010000000010257286,0.0010000000012574716,0.0009999999989638599,0.0009999999985964314,0.0009999999978338233,0.000058980221500483145,0.00005900261811234861,1.0850089204826363,38.65612352166066,13.585610514147579,0.029046747428511755,0.0004948339457331675,0.00023301334546527538,0.0005987428958841988,0.0010589999999999886,0.001058999999999992,0.0010589999999999812,0.0010005900000000009,0.001000589999999994,0.0010005899999999937,-0.9081190587423348,9.598167013167481,0.6925596410173317,-0.0004909461070052428,0.07861604307605104,-0.0028834998776429126,22.29787576675415,-22.67100072860718,-7.37625030040741,982.3575390625,-0.126632356883605,32.643150548719404
2025-03-01T16:47:41Z,40.36561726450938,-76.17803078749493,102.5680785728766,-9.427219686009533,11.450468837847446,2.316789673497458,1.7760709599659654,5.922865982400375,2.090568241391506,0.0009999999978689879,0.0010000000013219413,0.0010000000014500807,0.0009999999981724302,0.0009999999963357501,0.0009999999966351031,3.069394030248739e-10,3.069395011308497e-10,0.5296774232396292,0.7552511956655292,0.7177606407023567,0.012829217977774364,0.00016831562736250208,0.00012368492345309626,0.0006036894016436242,0.0010599999999999883,0.0010599999999999917,0.0010599999999999807,0.0010006000000000012,0.001000599999999994,0.001000599999999994,-1.4981224429893722,9.712251676714763,0.29908349784325683,-0.01012541854301612,0.17388007119340623,0.016106716950504245,22.895250873565672,-23.263875751495362,-4.757812674045563,982.4481323242187,0.05002587845291437,32.985357966252415
2025-03-01T16:47:42Z,40.36561225786566,-76.17791322206588,102.91265668083234,-5.140140256811045,8.374427032879224,0.5840047308614051,1.6824484983670576,5.867304664840452,2.3204637232135488,0.0009999999978931291,0.00100000000141105,0.0010000000014056339,0.0009999999984278425,0.0009999999962317498,0.0009999999964923603,1.000306949153129e-6,1.000306970854737e-6,0.5632114291036892,0.818743141341129,0.777281202692495,0.012881929025305147,0.00018957402371224744,0.00013089294997680308,0.0006066325237749249,0.0010609999999999886,0.0010609999999999923,0.0010609999999999812,0.0010006100000000018,0.0010006099999999947,0.0010006099999999947,-1.6555969694831518,9.664966542560528,0.08625826426574618,-0.006110901821284551,0.2224034317271794,0.023139339657964584,21.06093822479248,-23.0062508392334,-0.6802500312402845,982.4391064453125,0.024842704498423178,31.19792061054605
2025-03-01T16:47:43Z,40.36561782521175,-76.17782766393535,101.76595133337877,-0.5343747254869471,5.912694005001787,-1.0769263104164328,1.6134851224894238,5.827653717429185,2.4680956928137086,0.0009999999979525725,0.001000000001423307,0.0010000000014926643,0.000999999998247953,0.0009999999962341135,0.0009999999967223677,2.0003069806370027e-6,2.0003070710630155e-6,0.5934836556379779,0.9178308479224603,0.8967707884476511,0.01979027011269671,0.00020694591546567708,0.0001407386199928777,0.0006156953024537677,0.0010619999999999885,0.001061999999999992,0.0010619999999999811,0.001000620000000002,0.001000619999999995,0.001000619999999995,-1.175052159070816,9.704249426793423,0.5523304278587332,-0.006610442554654931,0.1371280432935684,0.029620848881840196,19.01587574005127,-23.046563205718993,2.8005001091957094,982.3269165039062,0.009728151541801532,30.00978743165732
2025-03-01T16:47:44Z,40.365636331248915,-76.17777187021495,99.2845508242725,4.377299398759424,3.455507539157241,-2.90094962163889,1.5267174492033329,5.797616682573853,2.6263554955125232,0.00099999999846299,0.0010000000016479069,0.0010000000011532832,0.0009999999982528978,0.0009999999960006892,0.0009999999968291187,3.0003070371016934e-6,3.00030725542539e-6,0.6358767415127833,1.0515347234921513,1.0814997395097488,0.03448044077460087,0.00022172522622544212,0.00015161774827982045,0.0006303371149147478,0.0010629999999999887,0.0010629999999999926,0.0010629999999999815,0.0010006300000000021,0.0010006299999999958,0.0010006299999999958,-1.2015190039653967,9.637050301868285,0.7026892531424735,-0.0151313388094267,0.1415962018507628,0.029431247207043668,16.84800073623657,-23.17987573623657,4.809000194072723,982.2167700195313,-0.04367118077652352,29.056587604964665
2025-03-01T16:47:45Z,40.36566212881399,-76.17774516417195,95.51878548228751,9.149490305627827,1.0754573560362173,-4.542626925353379,1.4631200089666565,5.804070439081128,2.75576004299852,0.000999999998740901,0.0010000000015803806,0.001000000001411395,0.0009999999984413469,0.0009999999958597043,0.0009999999965595056,4.000307112605311e-6,4.000307547405368e-6,0.7138280480987302,1.2209314843700296,1.3310881488755493,0.055387214737037185,0.0002278189896658461,0.00016172654593308666,0.0006489866460316998,0.001063999999999988,0.0010639999999999918,0.0010639999999999808,0.0010006400000000012,0.001000639999999995,0.001000639999999995,-0.923295835539383,9.686518948412639,0.6701671363978304,-0.0035861611389584507,0.11520701054419445,0.002111905298173832,14.837813081741333,-23.11443826675415,6.419062757492066,982.27134765625,-0.026992290232341183,28.20708136793544
2025-03-01T16:47:46Z,40.365661569206175,-76.17774402291867,91.01339328031959,13.703377757922492,-1.3396775531996141,-6.068601776024307,1.4059589720252967,5.806623364036978,2.8697295720722935,0.000999999998891965,0.00100000000137124,0.0010000000013589939,0.0009999999986562216,0.0009999999957525604,0.0009999999963866066,5.00030717330574e-6,5.000307978461247e-6,0.8472874688258338,1.4211310237726211,1.6461992150366085,0.08089756195162885,0.000234971878127852,0.00016906343980718032,0.0006666108521570736,0.0010649999999999867,0.001064999999999991,0.0010649999999999802,0.0010006500000000003,0.001000649999999995,0.001000649999999995,-0.9807013484549846,9.67062963549138,0.5022903621890438,-0.004919715863490853,0.10243976952549588,0.01634855958837474,14.620500535964966,-22.356563243865967,8.164875345230103,982.25525390625,-0.047015744101969105,27.932727983378907
2025-03-01T16:47:47Z,40.36558004987171,-76.17775923089204,86.3704578986155,18.16599325408436,-3.4271424045243735,-7.405277834644898,1.3346728657194653,5.8427991417376655,3.0286441504301655,0.0009999999986094346,0.0010000000011394215,0.0010000000016188288,0.000999999998780092,0.000999999995599469,0.0009999999962502038,6.000307143561988e-6,6.0003085879006475e-6,1.039734051833461,1.6274195606996462,2.047627819463786,0.10909908283261831,0.00023201961231851266,0.00017432305640349767,0.0006886327698813564,0.0010659999999999873,0.0010659999999999906,0.0010659999999999797,0.0010006600000000007,0.0010006599999999944,0.0010006599999999944,-1.4890964061855123,9.686302613256991,0.6273552219146311,-0.002903861912059403,0.1523474220160649,0.008448041890791158,11.938312978744507,-22.946250743865967,9.714187898635863,982.2513696289062,0.0401489378477051,27.629990311503263
2025-03-01T16:47:48Z,40.36538314924951,-76.17778139849237,82.09673114458877,21.802669877727585,-5.164633135391924,-8.270821472314813,1.2666955374372544,5.893383150337813,3.1942033157776164,0.0009999999986776398,0.0010000000015301209,0.001000000001379178,0.0009999999987724802,0.0009999999954506782,0.000999999996345589,7.0003069215690415e-6,7.000309424615036e-6,1.2663556055218868,1.821575829296232,2.5234859097223024,0.1314453044998984,0.000221526595029897,0.00017915367975693627,0.0007089069331090455,0.0010669999999999874,0.0010669999999999913,0.0010669999999999803,0.0010006700000000004,0.0010006699999999932,0.0010006699999999932,-1.5905795470364532,9.660394103627551,0.5074551974549946,-0.008322866840787648,0.16857255880803704,0.017814134301710926,9.601875352859498,-22.532250785827635,11.159437885284424,982.4026879882813,0.023766907729860298,26.915212070268804
2025-03-01T16:47:49Z,40.36503993635398,-76.17780309552498,79.12137194992552,23.98361611547914,-6.352952128820626,-8.299448280593735,1.2320148477049198,5.945193680103468,3.3000837771130045,0.000999999998923295,0.0010000000016886109,0.0010000000014802257,0.000999999998736855,0.0009999999955114132,0.000999999996351168,8.00030643105634e-6,8.000310545792372e-6,1.476816246080442,1.988830193077186,3.0519640889760975,0.13950363654703618,0.00020900962227753383,0.00018330181709888408,0.0007210124298236599,0.001067999999999987,0.0010679999999999906,0.0010679999999999798,0.0010006800000000014,0.0010006799999999942,0.0010006799999999942,-1.169654576811859,9.666043352125545,0.6812336159632719,-0.011557779552118806,0.12157001772977853,0.016806708366228766,6.853312754631043,-22.06593828201294,12.15900055885315,982.4629248046875,-0.019366891993173423,26.10961807369591
2025-03-01T16:47:50Z,40.36456589457343,-76.1778255582348,77.74254415205486,25.032007505024637,-7.140395655229465,-7.807898570011346,1.2174356299938496,5.989947543808672,3.3647615405177236,0.000999999998672515,0.0010000000021500592,0.0010000000011126733,0.0009999999989447025,0.0009999999954597532,0.0009999999965496298,9.000305649216987e-6,9.0003120169224e-6,1.6279503326504998,2.1270927797682275,3.6247908669696076,0.1351325858922571,0.0001971539501757296,0.00018809162777540876,0.0007283120092655994,0.001068999999999988,0.0010689999999999897,0.0010689999999999786,0.0010006900000000003,0.001000689999999995,0.0010006899999999933,-0.9583251870068352,9.59202212761882,0.90992013005691,-0.014531656543316073,0.0858053874351144,0.01665249013959333,4.789500200748444,-21.943688335418702,11.776500444412232,982.4802172851563,-0.09702074576889999,25.36036558433934
2025-03-01T16:47:51Z,40.36400279789367,-76.17785813586619,77.51603689299178,25.92646219634778,-7.971199072447627,-7.1973318199798735,1.2115235911424072,6.045741741563663,3.461635422632732,0.0009999999988305223,0.0010000000024693227,0.0010000000013127854,0.0009999999986745718,0.0009999999952598794,0.0009999999964375925,0.000010000304578966629,0.000010000313913448937,1.71143710606683,2.255206053434412,4.272606472265781,0.12705799743812976,0.00017816810116197323,0.00020071811712169462,0.0007377682232187002,0.0010699999999999874,0.0010699999999999902,0.0010699999999999774,0.0010007000000000009,0.0010006999999999946,0.0010006999999999937,-1.2944801583475507,9.661536891299322,0.7066374168186187,-0.0032601996955075796,0.12043991723489793,0.015890411207526718,3.336937654018402,-22.001625614166258,11.92012541770935,982.49802734375,-0.006113449211941238,25.244672592370197
2025-03-01T16:47:52Z,40.363362764449,-76.17790869348332,78.09371092900912,26.841994500201388,-8.640014870028915,-6.669245779488552,1.184722893084001,6.121307652043453,3.6104133549561293,0.000999999998789791,0.0010000000028742135,0.0010000000011134347,0.000999999998679202,0.0009999999957069634,0.0009999999967518847,0.000011000303203153924,0.000011000316322396704,1.7422928502747974,2.3677316320542836,4.993782345570593,0.11781618918801785,0.000151386638111512,0.00022369346237835513,0.0007508286604061207,0.0010709999999999871,0.0010709999999999906,0.001070999999999977,0.0010007100000000014,0.0010007099999999943,0.001000709999999994,-1.7409010946341583,9.542134991325453,0.6412335946608866,-0.02264497563196709,0.17716889385856344,0.013640392563327223,0.09225000619888306,-21.899813289642335,11.188125438690186,982.43349609375,-0.05868202212860972,24.59231529171051
2025-03-01T16:47:53Z,40.36270627599192,-76.17798707585784,78.62438207459097,27.866753412930823,-9.336350984210068,-6.132944415847193,1.1760514296739493,6.1799288617175,3.774305007055508,0.0009999999988206567,0.0010000000029462036,0.0010000000009433307,0.0009999999987833279,0.0009999999953850772,0.0009999999965201946,0.000012000301451706977,0.000012000319337445566,1.7382608276321188,2.4805787097992957,5.778018293641163,0.10848668594443446,0.00012795463333738354,0.00024889985812234734,0.0007630862699910449,0.0010719999999999866,0.0010719999999999894,0.0010719999999999755,0.0010007200000000005,0.0010007199999999931,0.0010007199999999931,-1.7922827261146574,9.625168548080822,0.6070907657120662,-0.011867885721969394,0.18464531134229556,0.03127318811400586,-3.226687625646591,-21.865500621795654,9.589125385284424,982.5173486328125,0.02998819933241259,24.09274777932947
2025-03-01T16:47:54Z,40.36205004269516,-76.17809737091946,78.91047889655152,28.679609411156196,-10.142518117466494,-5.5420653661491235,1.1866316161920227,6.228655815186422,3.907313606636894,0.0009999999991012443,0.0010000000030167544,0.0010000000007455506,0.0009999999988011669,0.0009999999955495834,0.0009999999965684134,0.000013000299184005774,0.000013000323051019308,1.7125187564944044,2.602161286525004,6.588463797641669,0.09840792099035428,0.00011408707429862597,0.0002681619244728538,0.0007732791538358076,0.0010729999999999854,0.0010729999999999891,0.0010729999999999744,0.0010007300000000002,0.001000729999999993,0.001000729999999993,-1.4239717469451951,9.71206525865896,0.7018118893494709,-0.0014377865220360452,0.15049446571086397,0.022487750549089528,-11.95781292438507,-23.763375873565675,10.728000411987304,982.6559887695313,0.06160650003254427,28.684044105149685
2025-03-01T16:47:55Z,40.36136289568594,-76.17824110704866,79.18849068176623,28.950285300645618,-11.30803463605464,-4.93465773827492,1.2211268969787001,6.255743653166255,3.966133268197169,0.000999999999276799,0.0010000000026844957,0.0010000000007040811,0.0009999999989734303,0.0009999999956748595,0.000999999996715623,0.000014000296177830257,0.000014000327544940967,1.6729914439683002,2.7480713234131624,7.388228822331453,0.08729836017749114,0.00010998356818594788,0.0002801230700354825,0.000781569577418927,0.0010739999999999858,0.0010739999999999892,0.0010739999999999745,0.0010007400000000006,0.0010007399999999935,0.0010007399999999935,-0.7975353551296477,9.728491452698739,0.7537590272096699,0.01681271675103146,0.07152517131270188,0.009382197770194854,-12.27900050163269,-22.808438510894774,9.860437917709351,982.7335498046875,0.010959026797286374,27.71685634937351
2025-03-01T16:47:56Z,40.36058497543871,-76.17841943819205,79.85277015427287,28.820654220172905,-12.39363008091,-4.217861471823016,1.245264350222386,6.2704461281171975,4.004779818811663,0.0009999999991807528,0.0010000000025133587,0.0010000000008322182,0.0009999999988044251,0.000999999995687947,0.0009999999966514542,0.000015000292115120215,0.000015000332898475335,1.6248351217606722,2.9007273081741882,8.202380876869,0.0768188703581052,0.00010910166983411577,0.00029039662090135697,0.0007897228960643043,0.001074999999999986,0.0010749999999999894,0.0010749999999999746,0.0010007500000000008,0.0010007499999999938,0.0010007499999999936,-0.7024160738008937,9.777588771817383,0.9713633638886523,0.006259109904463961,0.04731940389360369,0.011207114262259467,-9.67312539100647,-21.14006326675415,8.571562876701355,982.6742163085937,0.07168560587952386,24.77782858559048
2025-03-01T16:47:57Z,40.35972025610769,-76.17862866182749,80.89451171237421,28.456975238099055,-13.060176873456708,-3.382543918632563,1.2682182217838252,0.0027947513406005476,4.052264649137474,0.000999999999480927,0.0010000000023048267,0.0010000000010840693,0.000999999998736297,0.0009999999955924192,0.0009999999969299192,0.000016000286530436472,0.000016000339194575526,1.5719937446734407,3.0435690919410474,9.042343162064274,0.06756004120164957,0.00010940236729365024,0.00030055583177123586,0.0007982094553137971,0.0010759999999999852,0.0010759999999999882,0.0010759999999999735,0.0010007599999999998,0.0010007599999999938,0.0010007599999999927,-0.9400455964700234,9.834167931726162,1.3791879364927757,0.0062377460930509165,0.05507187899917289,0.010994480164482272,-11.16131290435791,-20.4356258392334,8.366812810897827,982.6011694335938,0.1957679896640981,24.74248853590487
2025-03-01T16:47:58Z,40.35880676367471,-76.17886339100768,82.03474127803854,28.67231711403634,-13.37684970355825,-2.817762074769456,1.2905068179892927,0.01928625408336909,4.187054076010273,0.0009999999994526481,0.001000000002467621,0.0010000000010930118,0.00099999999852737,0.0009999999953756473,0.0009999999965518865,0.00001700027878104287,0.000017000346523985318,1.5200866200353365,3.1661015410578797,9.97128535796432,0.06258549703411753,0.00011091510801871903,0.0003101681085446275,0.000806593702087015,0.0010769999999999849,0.0010769999999999875,0.001076999999999973,0.0010007700000000004,0.0010007699999999933,0.0010007699999999933,-1.5379897407784835,9.750908826825698,1.0029486239342975,0.005638063887466568,0.13902038743787684,0.032393941457969866,-11.187375392913818,-19.895063228607178,7.193062796592712,982.5805590820313,0.14327151213843523,23.931331293023415
2025-03-01T16:47:59Z,40.35792589119424,-76.17911651158154,82.82646246314998,28.812508719723795,-13.94152704897651,-2.443916468020658,1.3090818627869354,0.05677396659470042,4.313712660760772,0.0009999999992975398,0.0010000000025597994,0.0010000000010184913,0.0009999999987005401,0.0009999999952073227,0.0009999999963006313,0.000018000268060002025,0.000018000354969363274,1.4729597419115281,3.3018831091906238,10.898956394412295,0.057893313073034504,0.00011884611682428151,0.0003138170634467791,0.0008140389928851921,0.001077999999999985,0.0010779999999999872,0.0010779999999999724,0.001000780000000001,0.001000779999999994,0.001000779999999994,-1.229515024009234,9.686302589414037,0.8976245400882261,0.0008020508524864494,0.13609841824288665,0.00467086154047312,-13.152375555038452,-19.38900074005127,5.208000183105469,982.6834790039062,0.026252935713950314,24.00081555446382
2025-03-01T16:48:00Z,40.357151198675695,-76.1793767371275,83.15796043723768,29.27837761301042,-14.043376426682702,-2.0015462316156856,1.3504016226229396,0.08581599382910292,4.502136281586439,0.0009999999991289485,0.001000000002680462,0.0010000000006483076,0.0009999999986863353,0.0009999999954510724,0.0009999999959354412,0.000019000253378578045,0.00001900036459420112,1.431122493991297,3.418484207596587,11.882985064977174,0.05520824150392806,0.00013944044750661963,0.00030493267125268554,0.0008195073668078689,0.0010789999999999847,0.0010789999999999873,0.0010789999999999726,0.00100079,0.0010007899999999932,0.001000789999999993,-1.7303439185026055,9.847544183322036,0.7224954223270862,0.017553765916580234,0.19422887884095538,0.021479323420143845,-13.654688091278077,-19.059563274383546,3.162375136613846,982.8782958984375,0.24554308546301987,23.658310580325438
2025-03-01T16:48:01Z,40.35630566786084,-76.1796627575582,83.6526325880249,29.64848710289794,-14.636342788830637,-1.7046310104571567,1.3976970019934645,0.11797845298448219,4.675612784744624,0.000999999999230427,0.0010000000022714855,0.001000000000281826,0.000999999998545243,0.000999999995346409,0.0009999999957596714,0.00002000023358708033,0.0000200003754524532,1.3956131518744792,3.54778845111353,12.884511254950802,0.052781392465684154,0.00016813650229391633,0.0002880987086517977,0.0008238787613108347,0.0010799999999999853,0.0010799999999999879,0.0010799999999999731,0.0010008000000000005,0.0010007999999999935,0.0010007999999999935,-1.341778293211384,9.79569451713294,0.18460327735742293,0.01926034870005883,0.17962253470677045,0.005587158739362797,-15.19950059890747,-19.088438243865966,0.5066250199824571,982.8602490234375,0.11000868971983874,24.405890058790998
2025-03-01T16:48:02Z,40.3554333948384,-76.17997070537916,84.1405172654411,29.494147862030974,-15.381001184091767,-1.456730699656784,1.4222273000195538,0.14092885653374393,4.8232811296559035,0.0009999999994150324,0.001000000002007851,0.0010000000005673884,0.000999999998362061,0.0009999999951588493,0.0009999999957235925,0.000021000207414490492,0.00002100038757784324,1.3637201468709297,3.6762417963042804,13.835806112460702,0.04851583014462647,0.00019775000514488434,0.00027008318838689447,0.0008288290012989133,0.001080999999999986,0.0010809999999999871,0.0010809999999999724,0.0010008100000000013,0.0010008099999999943,0.0010008099999999943,-1.2744131347685685,9.710251102507774,0.40338702576918223,-0.004537507713882517,0.15117793348603806,0.0029530963351084953,-14.22712555885315,-18.742313079833984,-2.0240625800937413,982.8740600585937,0.023030492428736067,23.617362653968993
2025-03-01T16:48:03Z,40.354501454058756,-76.1803030435889,84.7161871473785,29.252803981013304,-16.24452067556109,-1.1733495386816264,1.457211842537143,0.15360992498317397,4.970558752151618,0.0009999999992867806,0.0010000000022395285,0.0010000000008501435,0.000999999998604406,0.0009999999948156323,0.0009999999960543906,0.00002200017338265573,0.000022000401009640343,1.3325510891725991,3.805530486223296,14.806669841612306,0.0444661263016877,0.00022949873846017923,0.0002494980443295402,0.0008345864271893698,0.001081999999999985,0.0010819999999999881,0.0010819999999999734,0.0010008200000000017,0.0010008199999999947,0.0010008199999999947,-1.2622568135057004,9.773162069954454,0.2707847683461297,0.003754564179348498,0.1487636812632265,0.007664098873276651,-14.902313079833984,-18.33581331253052,-5.156625199317932,982.8475073242188,0.07935502407236332,24.18407117724738
2025-03-01T16:48:04Z,40.353533379815595,-76.18065416644184,85.35795954039092,28.91392145966342,-17.228803359313012,-0.9280843187710621,1.4893438817577063,0.15769819801855028,5.13389091251293,0.0009999999990177582,0.0010000000021571584,0.0010000000007910485,0.0009999999984761357,0.0009999999947642938,0.0009999999963815924,0.000023000129811491177,0.00002300041581177412,1.301407024447866,3.9385874013634017,15.785099688945598,0.04032288503698469,0.0002650204767330905,0.0002247685252312849,0.000841121658118036,0.0010829999999999846,0.0010829999999999883,0.0010829999999999735,0.0010008300000000012,0.0010008299999999942,0.0010008299999999942,-1.152346491462769,9.772563861844684,0.18308782199949072,-0.0021641484152188535,0.16382583855293395,0.011785600337183524,-24.24675103187561,-22.965563373565672,-3.642750155441463,982.8234741210938,0.06337683748104504,33.59446732269015
2025-03-01T16:48:05Z,40.35252919957918,-76.1810205876487,86.02134139314772,28.171500830773432,-18.185187961849774,-0.7787802444784551,1.5165629865769104,0.17235725671771193,5.299521542507585,0.000999999998891593,0.0010000000020037676,0.0010000000005063352,0.000999999998461923,0.000999999994478005,0.0009999999961938298,0.000024000074613492777,0.000024000432054287726,1.2682047307129274,4.071211931237356,16.721825061173256,0.03534025143215508,0.00030090091008184685,0.00020107267569591833,0.000847325610735655,0.0010839999999999845,0.0010839999999999884,0.0010839999999999737,0.0010008400000000007,0.0010008399999999937,0.0010008399999999937,-1.356710547233209,9.648469234902148,0.3750261961449516,-0.008147117960925678,0.16668238265590907,-0.004604102043774686,-23.661938505172728,-23.772938480377196,-6.942187761664391,982.79125,-0.027884870919575595,34.252451166391374
2025-03-01T16:48:06Z,40.351459941296156,-76.18140351189531,86.6935376536417,27.274228561656642,-19.755811574898217,-0.6480784261019783,1.538109753416201,0.16949895405838494,5.419769186527089,0.0009999999987229686,0.0010000000024027878,0.0010000000005634603,0.0009999999987168897,0.0009999999943193336,0.0009999999963480745,0.000025000005129908106,0.000025000449862096398,1.23042590412116,4.250757600859719,17.673986841174976,0.02983193613288491,0.0003243861404712551,0.00018857899660172303,0.0008559968027984717,0.0010849999999999846,0.001084999999999988,0.0010849999999999734,0.0010008500000000013,0.001000849999999994,0.001000849999999994,-0.9973314627635385,9.703211902616404,0.7529385358138224,-0.006049815710337676,0.1197883297860506,0.006136936873501567,-16.650000743865967,-22.01343822479248,-12.99881302833557,982.7420874023437,0.005033273031465293,30.50868748254674
2025-03-01T16:48:07Z,40.35037311162837,-76.18179662498623,87.13049329657082,27.119951781144742,-22.506515909531366,-0.8850135311804501,1.5329093049977538,0.16160135651815324,5.3643264322331845,0.0009999999985823022,0.0010000000024734561,0.001000000000747346,0.0009999999988994197,0.0009999999945141114,0.0009999999965050017,0.000025999918665813773,0.000026000469541384318,1.1891610473599952,4.518574656163645,18.754493187140174,0.027087701241423984,0.0003163396065525446,0.00020740167103965983,0.0008668526149083311,0.0010859999999999835,0.0010859999999999874,0.0010859999999999726,0.001000860000000001,0.001000859999999994,0.001000859999999994,0.4989038055704577,9.602770193504057,1.0493314557617057,-0.0018336804375927778,-0.05426290347152199,0.003944499667767406,-13.953938140869141,-20.856188163757324,-14.661563062667847,982.740986328125,-0.10521927924541875,29.062887640223767
2025-03-01T16:48:08Z,40.34918870591245,-76.18220851065108,87.17576149093944,26.923860533739507,-26.174704862389156,-1.2743024494165798,1.484897720040067,0.1636289790868108,5.102326639597786,0.0009999999984567107,0.001000000002628594,0.0010000000007038378,0.0009999999988409595,0.0009999999944234046,0.0009999999963292978,0.000026999812791099673,0.000027000491573278094,1.148123696371294,4.8974389656979875,19.904524443110127,0.029544178606723676,0.00026555188294019924,0.00027043867346054624,0.0008799026861473639,0.0010869999999999823,0.0010869999999999862,0.0010869999999999715,0.0010008700000000014,0.0010008699999999944,0.0010008699999999942,1.5035271217837205,9.578306554791837,1.61953913175985,-0.010529490350653965,-0.2633358793501831,-0.02019133523614667,-14.262000560760498,-20.422313289642332,-12.147563018798827,982.747099609375,0.05228167100103027,27.71346238577716
2025-03-01T16:48:09Z,40.347711310599585,-76.18263841159742,86.90410285526458,25.95962317334828,-30.142958169348447,-1.6994849539094938,1.4184538618363565,0.1633159776661942,4.687202423112147,0.0009999999982205309,0.0010000000029378707,0.0010000000006470334,0.0009999999985426827,0.0009999999948078174,0.0009999999961807305,0.000027999684716271933,0.000028000516412163025,1.1143707224164,5.394154680347852,21.0366421587298,0.040455800538039176,0.00019118097612219408,0.0003575242942073332,0.0008987099552767369,0.001087999999999983,0.0010879999999999868,0.001087999999999972,0.0010008800000000004,0.001000879999999994,0.001000879999999993,2.0711059666320724,9.556129766117657,1.9540929968467304,-0.002985310547070374,-0.4309161165408354,-0.05319639254343945,-14.517563095092774,-20.451375713348387,-6.02793772816658,982.7208813476562,0.19410684574909168,25.794414241489662
2025-03-01T16:48:10Z,40.345821268324464,-76.18304377224484,86.39981525227122,24.682268626238425,-33.06578687877511,-2.078864274815895,1.3502878089973573,0.12586640403862598,4.231617896246919,0.0009999999984826595,0.0010000000029327094,0.0010000000009022165,0.000999999998742445,0.0009999999949131765,0.000999999996115035,0.00002899953212423427,0.0000290005441308604,1.103497924857002,5.95722483161872,22.146930958473778,0.05708652619236276,0.00017230964573235126,0.0003882619455180844,0.0009208221861091804,0.0010889999999999834,0.001088999999999987,0.0010889999999999722,0.0010008900000000008,0.0010008899999999947,0.0010008899999999939,1.9178443616050396,9.528615577059034,1.4744941980037578,-0.007536253240481216,-0.4837664355385039,-0.0540332443540228,-12.738000564575195,-20.545875720977783,2.8991251231729986,982.6941015625,0.05398446377529084,24.347322395598074
2025-03-01T16:48:11Z,40.343509555743346,-76.18335819938044,85.74094006377945,24.189034818730242,-34.40724181895877,-2.4324496697042357,1.2966215223201567,0.07805963285926008,3.9221256488775835,0.0009999999987843164,0.0010000000027439106,0.0010000000006175225,0.0009999999988838783,0.0009999999950174052,0.0009999999961738167,0.000029999357140379406,0.0000300005741465169,1.1308743717783307,6.559258396313275,23.22088343112155,0.07278929189873298,0.0002070819952417379,0.00036232215567260414,0.0009339801912843296,0.0010899999999999827,0.0010899999999999866,0.0010899999999999716,0.0010008999999999997,0.0010008999999999951,0.0010008999999999942,1.1533375228857272,9.476491919196693,0.7628288718095961,-0.030952736702110947,-0.3218872690745984,-0.03536114379631218,-9.008062858581543,-21.450375728607177,6.966562776565552,982.6905102539063,-0.19993908147226427,24.285681634693663
2025-03-01T16:48:12Z,40.340972958573204,-76.18353406678236,85.08610190297297,24.225290226742903,-33.59973798365926,-2.4220318025738177,1.279001920444594,0.044497146990743315,3.785533939030735,0.0009999999984012969,0.0010000000028556918,0.001000000000222445,0.000999999998797719,0.0009999999946328118,0.0009999999964609022,0.00003099916884140787,0.000031000605346663334,1.191411161403392,7.145374161738219,24.07018602424629,0.07736376904178342,0.000227901527231645,0.00034427637525738584,0.0009419045962846031,0.0010909999999999824,0.001090999999999986,0.0010909999999999711,0.0010009100000000003,0.001000909999999994,0.0010009099999999937,0.20042859666439758,9.503605355807203,1.4450886278046133,-0.02064030392951798,-0.14275818231008164,-0.012699061952646088,-6.691312794685364,-22.119750804901123,8.23743787765503,982.7349072265625,-0.161932545800641,24.533852536386327
2025-03-01T16:48:13Z,40.33875212944967,-76.18361768707808,84.70004775147756,23.704785301569586,-28.70164053884303,-1.5752752682578615,1.283222301187693,0.028499705407295964,3.781080826344874,0.0009999999984536315,0.001000000002688319,0.0010000000001403606,0.000999999998726559,0.0009999999942590723,0.0009999999961638085,0.000031998974026300026,0.000032000637101780984,1.236833472807686,7.478811992266703,24.595208618161163,0.05083699914644561,0.00022314465348253712,0.00034749731666894735,0.0009495588079477915,0.0010919999999999825,0.001091999999999986,0.0010919999999999712,0.001000920000000001,0.0010009199999999937,0.0010009199999999937,-1.3422169670049258,9.254477905270582,5.132442060152467,-0.006467240016403667,-0.010224058105821353,0.006992147624607187,-6.519000277519226,-21.94068826675415,7.583625288009643,982.8840307617188,0.8898267930481526,24.112239148463427
2025-03-01T16:48:14Z,40.336715448773084,-76.18363956166992,84.82887481327815,23.758789400861506,-24.748326330741953,-1.0777086824069846,1.3021609668937157,0.01902216719409942,3.775669704210943,0.0009999999987469804,0.0010000000026347802,0.0010000000001422762,0.000999999998698398,0.0009999999944322589,0.000999999995802642,0.00003299876965476978,0.000033000669895129266,1.2350303519191952,7.913833011392872,24.97984933563185,0.036210326600114084,0.00021947310321680398,0.00034959216323042725,0.0009577270962285119,0.0010929999999999814,0.001092999999999985,0.0010929999999999703,0.001000930000000001,0.001000929999999994,0.001000929999999994,-1.0279131758158493,9.322378406584505,4.020040416154565,0.009612523695964041,-0.009078937101940925,0.0007299489337823338,-6.852562818527222,-21.943313121795654,7.869375314712524,982.9337646484375,0.42635379729485817,24.297966887797735
2025-03-01T16:48:15Z,40.3347308718799,-76.18362503354668,85.17080309884226,24.467115976150417,-22.468613165237592,-0.9288151786746901,1.3172492553657809,0.010600986199919768,3.775795432557476,0.0009999999983887045,0.001000000002354052,0.0009999999999594357,0.000999999998811953,0.000999999994624327,0.0009999999955251405,0.000033998551724871764,0.00003400070425690836,1.211268838378032,8.500277910695145,25.346452847078357,0.03149882947548409,0.00021679228831464974,0.0003525482813763527,0.000965989485161409,0.0010939999999999808,0.0010939999999999845,0.0010939999999999698,0.001000940000000001,0.001000939999999994,0.001000939999999994,-0.46129931741330893,9.518166946408497,2.2198584547041422,0.006747801646320215,-0.003321286100788276,0.001647080693545866,-6.354937753677368,-21.4858131980896,8.456437845230102,982.9242065429687,0.006472845727252745,23.9485761264575
2025-03-01T16:48:16Z,40.332773297664815,-76.18359091318578,85.50037253333528,25.42385996873794,-20.819128601834656,-0.9192680275364249,1.3248993690123558,0.005513772528766052,3.7770141390409457,0.00099999999847247,0.0010000000021876672,0.000999999999776929,0.0009999999988963882,0.000999999994715611,0.0009999999954891034,0.000034998319263046,0.00003500074040990379,1.1855904761812728,9.16107927363547,25.700845533543017,0.029474024299707902,0.00021562310973167038,0.00035595111115918507,0.0009745383480411278,0.0010949999999999797,0.001094999999999985,0.0010949999999999686,0.0010009500000000005,0.0010009499999999935,0.0010009499999999935,-0.24458934571727786,9.564388298032313,1.5520216554801074,0.00019919766176239285,-0.0013179500904472845,-0.0008623049619600683,-5.849812698364258,-21.322125759124756,8.291812863349914,982.9080053710937,-0.08560726442492757,23.613663525939952
2025-03-01T16:48:17Z,40.330828642895256,-76.18354136135848,85.75229725927466,26.55396985325193,-19.544009276607007,-0.9454664438416783,1.3353324245731055,0.001122864881565792,3.7797876256617133,0.0009999999981732516,0.001000000001837344,0.0010000000000478801,0.0009999999984423265,0.0009999999947285971,0.0009999999956822833,0.00003599807356181931,0.00003600077843160907,1.1636204755490862,9.886400003834,26.059801923142693,0.028862187428166004,0.00021542436392345528,0.0003599564993909521,0.0009831821513592452,0.0010959999999999792,0.0010959999999999857,0.001095999999999968,0.00100096,0.0010009599999999926,0.001000959999999993,-0.14158813770133616,9.63171947766695,1.146181934875766,0.003612028968537527,0.0004253511641165975,-0.0007658351364469932,-6.266437735557556,-21.945750885009765,8.423812861442565,982.8947192382813,-0.07761937209846888,24.327810487642854
2025-03-01T16:48:18Z,40.32892537054596,-76.18348217402472,85.80635328338133,28.630962794880823,-19.527468726830207,-1.2008648180576609,1.3457599727875404,0.007518353545638331,3.8671147804667543,0.0009999999980596656,0.0010000000019980988,0.0009999999997778559,0.0009999999985434826,0.000999999994706111,0.0009999999957918215,0.000036997823451263385,0.00003700081824659395,1.153143591099556,10.750869210090086,26.510935554778985,0.033415271186308354,0.00020930753804471996,0.00037067508299632915,0.0009922705921743117,0.0010969999999999786,0.001096999999999985,0.0010969999999999674,0.0010009700000000001,0.001000969999999993,0.0010009699999999938,-0.07210671308485035,9.770689446765333,-0.490970317048379,0.003795288528942083,0.08549845315927686,0.008162971755917198,-5.980125222206116,-22.723313312530518,8.916937890052795,982.9045141601563,0.004932508502030017,25.132052861717792
2025-03-01T16:48:19Z,40.327144919713696,-76.18341908570584,85.53955696518184,30.499368245116393,-19.724807179542037,-1.4874713252635199,1.3369440483534127,6.280896434647986,3.9596577620307345,0.0009999999982857161,0.0010000000017599373,0.0009999999994944303,0.0009999999982184275,0.000999999994733392,0.0009999999960027112,0.000037997585466648404,0.00003800085955548733,1.1596126570783691,11.684763045148028,26.863999848215308,0.03967227901037119,0.0002073544329263547,0.0003769457395153949,0.0010007560844392273,0.0010979999999999772,0.0010979999999999848,0.0010979999999999662,0.0010009799999999994,0.0010009799999999916,0.0010009799999999944,0.44014235436096616,9.729903641120288,-0.4777208796786213,-0.0148320814570748,0.08710723014705278,0.0250043133941067,-7.959562840461731,-21.972750816345215,7.51050030708313,982.9577270507813,-0.026784583114600063,24.547128708072815
2025-03-01T16:48:20Z,40.32540271502166,-76.18332284574686,85.11264164038175,31.149119467617698,-19.93473146193107,-1.6180057649546025,1.3439010164776122,6.242359650352461,3.7979739806183543,0.0009999999981281978,0.0010000000020328435,0.0009999999994961075,0.0009999999981218477,0.0009999999948101053,0.000999999995940268,0.00003899737478445864,0.000039000901694486776,1.1814090743104377,12.705058012710898,26.92113313706244,0.04623353527369392,0.00021313565441415222,0.0003746123096836725,0.0010085516085180568,0.0010989999999999778,0.0010989999999999852,0.0010989999999999668,0.0010009899999999993,0.0010009899999999924,0.001000989999999995,1.5922210708675044,9.670948671339183,0.24984757177054526,-0.003076940187217706,-0.1686518382170579,-0.005113156168148877,-8.39756284236908,-21.449250679016114,6.844875302314758,982.9964965820312,0.025996537091217534,24.029966313502705
2025-03-01T16:48:21Z,40.32365334850005,-76.18316421465673,84.7650197186133,31.908457663488264,-18.592199886383288,-1.558893293470472,1.3522950289421936,6.236922830528083,3.6836945176216935,0.0009999999978160122,0.0010000000023603329,0.0009999999997240738,0.0009999999984079903,0.000999999994723539,0.0009999999960909666,0.00003999719763535208,0.0000400009442475661,1.2070977518683064,13.663286541866354,26.890828750895107,0.04566243403785241,0.00021721435754382357,0.00037251915318258356,0.0010169287094335697,0.0010999999999999784,0.001099999999999986,0.0010999999999999656,0.0010009999999999986,0.0010009999999999915,0.001000999999999995,0.7380291609468916,9.652078016685579,1.0563530210584067,-0.004677706448887771,-0.11410762126285108,-0.025066570319648984,-5.641312732696533,-20.846063289642334,8.020875301361084,983.0043115234375,-0.040760309166180723,23.037249244534173
2025-03-01T16:48:22Z,40.32198045276832,-76.18295750962938,84.5126619461706,33.14675361010931,-16.47568195001524,-1.5322155379997338,1.3629654873577723,6.251709979847103,3.6961018796830487,0.0009999999979296394,0.0010000000026704227,0.000999999999467478,0.0009999999984503507,0.0009999999948431682,0.000999999996066721,0.0000409970493538104,0.00004100098773294637,1.2218338577865053,14.603222312994731,26.878532813717825,0.04169203064972015,0.00021168547495280056,0.0003795683008941451,0.0010265562360178024,0.0011009999999999787,0.0011009999999999859,0.0011009999999999646,0.0010010099999999994,0.0010010099999999923,0.001001009999999996,-0.1380688549531515,9.592224795657023,1.2811940067537404,0.0025633778875160367,0.014047635694343807,-0.016424335356967253,-5.364562697410584,-20.594813289642335,8.550000367164612,983.0226977539063,-0.10032263736607659,22.93523560452499
2025-03-01T16:48:23Z,40.32054794511117,-76.18276520310273,84.27575067414419,33.45924952471088,-13.69301181115821,-1.2660621489322965,1.3760600371168237,6.254390312251499,3.6563887113670486,0.000999999997828109,0.0010000000026523868,0.000999999999833542,0.0009999999985904435,0.0009999999951964542,0.0009999999959046852,0.000041996915985742384,0.000042001033064497144,1.2166596073083358,15.52869419542574,26.788726346580372,0.0336564368478001,0.0002099501474194109,0.0003843250788258637,0.0010357000173356564,0.0011019999999999776,0.001101999999999985,0.0011019999999999656,0.00100102,0.0010010199999999929,0.0010010199999999948,0.00199102793033827,9.608137010571669,2.477924383720295,0.004334885618840882,-0.039535386668745565,-0.014245584711156549,-5.565187702178955,-20.835188274383544,8.992125363349915,983.1020166015625,0.14350488880910084,23.36519458230907
2025-03-01T16:48:24Z,40.31920472483164,-76.18258501227488,84.12524109272158,33.78196561879106,-10.405143255455199,-1.1276711636151602,1.3844167569975103,6.272024687138831,3.6019573546601826,0.0009999999981670305,0.0010000000028056585,0.0010000000001416417,0.0009999999983902185,0.0009999999950384099,0.0009999999961835997,0.000042996774065551416,0.000043001081308692984,1.1868360084132352,16.428204309962013,26.821550682364798,0.025479519706839655,0.00021062662646050465,0.000389139464438778,0.001045408069797932,0.0011029999999999766,0.0011029999999999844,0.0011029999999999656,0.0010010299999999995,0.0010010299999999924,0.0010010299999999952,-0.5412679693115316,9.419581989598358,3.027097445847725,0.0006598497229967817,-0.051308720326757234,-0.030243899616143922,-3.838312647342682,-20.920313205718994,8.814562878608704,983.1547998046875,0.12945308814412426,23.023603475082673
2025-03-01T16:48:25Z,40.31799006403125,-76.18245082545363,83.91924224756845,34.15557375046405,-6.670740528356987,-0.9405274455460393,1.3938548809322353,6.272940275806687,3.6101338128727676,0.0009999999981498721,0.0010000000024915536,0.0009999999996837994,0.0009999999987578407,0.000999999994833255,0.000999999995806272,0.000043996588696394086,0.0000440011337433428,1.1342290818687892,17.315585197818034,27.095224582824194,0.019763650071391865,0.0002099528276939411,0.00039892997004721396,0.0010548536274864876,0.0011039999999999772,0.0011039999999999846,0.0011039999999999661,0.001001039999999999,0.0010010399999999921,0.0010010399999999958,-1.1833734321302722,9.394777050651287,3.7284533570606087,0.004640317959147646,0.007226312621374739,-0.0008574648441146178,-3.2675626277923584,-21.935063362121582,9.320812969207763,983.2493505859375,0.39683770084463343,24.056164883252755
2025-03-01T16:48:26Z,40.316885608070436,-76.18236419053328,83.64934438220484,34.39626075519266,-3.628805400499481,-0.8213553727486517,1.394754615365189,6.269402061773794,3.6224456887046057,0.0009999999978928106,0.0010000000025766026,0.0009999999999947917,0.0009999999989968459,0.000999999994771014,0.0009999999959875749,0.000044996310892748144,0.00004500119128349051,1.0701668605164172,18.294476250643886,27.617533791969322,0.018849856257758344,0.00021210433208965424,0.00040947892887661626,0.0010643541742683328,0.001104999999999976,0.0011049999999999834,0.001104999999999965,0.0010010499999999981,0.0010010499999999912,0.0010010499999999947,-1.0767895204846063,9.413541119432303,3.4788702021117324,-0.0021841764424521543,0.010779175317367782,0.005106144233724034,-3.4524376606941223,-22.109063186645507,9.334687948226929,983.3538940429687,0.3132851347195183,24.2459053202235
2025-03-01T16:48:27Z,40.31564816638268,-76.18230444952174,83.31673905391106,35.04763830049998,-3.5020583124249516,-0.9250651698531936,1.4044923703243417,6.271014107856009,3.641898143536009,0.0009999999976379288,0.001000000002250062,0.0010000000001355613,0.0009999999992928298,0.000999999994956079,0.0009999999959306818,0.00004599590482988063,0.00004600125387289967,1.018021365463895,19.565181415618586,28.432235804447913,0.019101981050426476,0.00021615420372933207,0.00042040805406636374,0.0010741347545723972,0.0011059999999999766,0.001105999999999984,0.0011059999999999653,0.0010010599999999985,0.0010010599999999913,0.001001059999999995,-0.27677281206014637,9.658864870704617,0.7948528093062394,0.007460477156558817,0.018812381170913165,0.001789615895634022,-2.107312578558922,-21.883313274383546,9.996187839508057,983.4080419921875,-0.08467200500586995,24.15039279570748
2025-03-01T16:48:28Z,40.31403677119544,-76.18226912632973,82.86092212616312,35.68747698693173,-4.34987956361927,-1.1583436076239948,1.3919254723314454,6.2712258634265465,3.6675127758809696,0.000999999997611814,0.001000000002520469,0.0010000000001343203,0.0009999999990204331,0.0009999999945936896,0.0009999999959627193,0.000046995373686468244,0.00004700132098996033,0.9878216258874295,20.95008882954758,29.419565147919883,0.019462746298550732,0.0002211440343741796,0.00043116972687441923,0.0010839783586765947,0.0011069999999999754,0.001106999999999983,0.0011069999999999641,0.0010010699999999993,0.001001069999999992,0.0010010699999999958,0.08956833767723564,9.66436839802835,-0.05862714612854541,-0.014782010767254753,0.024608753467052963,0.004785690576899674,-2.5940626001358034,-21.71606330871582,9.605812940597534,983.4278686523437,-0.11509078862006858,23.88693723105767
2025-03-01T16:48:29Z,40.312001961096726,-76.18225149352828,82.34095601578876,34.07414863802022,-4.443791838089504,-1.1796881357796598,1.3837176404002984,6.238166020896123,3.412534478705595,0.0009999999976565378,0.0010000000024776726,0.0010000000003596978,0.0009999999991603076,0.000999999994863858,0.0009999999956897606,0.000047994723994063446,0.000048001391963678627,0.9664052475234399,22.326831607863028,30.184057478888985,0.015994327976206903,0.0002524728978883162,0.0004163655452025925,0.0010923118538866447,0.0011079999999999749,0.0011079999999999823,0.0011079999999999638,0.0010010799999999997,0.0010010799999999925,0.001001079999999996,1.7320312057132057,9.537065628924742,1.6086243379544651,-0.01833837880891734,-0.2632035258550771,-0.013044217244293527,-3.026437614820898,-22.841813297271727,9.072187871932984,983.4489208984374,0.04561713702516384,24.76307380702844
2025-03-01T16:48:30Z,40.30868583839498,-76.18220961803256,82.17633437941753,31.298582613538503,-2.153661355721904,-0.9537226993572562,1.4486090812634262,6.253804143991157,2.89881977423983,0.0009999999970961293,0.0010000000025483216,0.0010000000004413373,0.000999999998999663,0.0009999999947984505,0.00099999999564266,0.00004899390821259946,0.000049001466301208374,0.9361972399131251,23.57014738270529,30.897217007238943,0.013791582121552683,0.0003624757367642904,0.00032318450451275033,0.0011010991666513524,0.0011089999999999735,0.0011089999999999813,0.0011089999999999644,0.0010010899999999992,0.001001089999999992,0.0010010899999999955,2.6065385898375104,9.503451044398055,2.9130193045135715,0.04634202051172959,-0.5561946366775332,-0.10054041625465907,4.723875203579664,-22.991063270568848,8.801812858581544,983.322880859375,0.49570977510536335,25.06737597189137
2025-03-01T16:48:31Z,40.30469034007014,-76.18215401971239,82.11438569530844,29.027329787174914,-0.11245866283427441,-0.9831677486441436,1.4785278766745549,0.018332184193993885,2.414005311485508,0.000999999997470862,0.0010000000024342262,0.0010000000002686321,0.000999999999337971,0.0009999999945299164,0.0009999999956946289,0.00004999282896481382,0.00005000154397265152,0.8986845219346316,24.88718011136997,31.732608328481923,0.015484720366212687,0.0004529617685873176,0.0002508726204143447,0.001115355877688963,0.001109999999999974,0.0011099999999999819,0.001109999999999963,0.0010011,0.0010010999999999922,0.0010010999999999957,2.264806915333009,9.601514923593443,1.2377368267428175,0.02840913277385084,-0.5201424303315475,-0.10423865172307573,14.431313076019286,-22.94531332015991,6.935625283718109,983.3045874023437,0.16190271155943947,27.979461086146596
2025-03-01T16:48:32Z,40.30021277109075,-76.18209270039712,81.92047281221477,27.953087907480185,0.9381713637773035,-1.1032937327570778,1.470375980442537,0.03023659089572939,2.2162257938925887,0.0009999999976566397,0.0010000000023494208,0.0010000000001551507,0.0009999999994057978,0.0009999999942000757,0.0009999999954166479,0.00005099139964097692,0.000051001625198759064,0.8673314666127265,26.373350953896292,32.792569071875725,0.0171707722944122,0.00047262641576817084,0.0002508977798930894,0.0011266921325010968,0.001110999999999974,0.0011109999999999814,0.0011109999999999627,0.001001109999999999,0.0010011099999999917,0.0010011099999999954,0.6576643133492975,9.62544513447836,0.5281328485742008,-0.0034332780364954977,-0.1992256220598952,-0.029792093336778187,19.013063220977784,-23.148563308715822,-0.27562501046806576,983.337578125,-0.1182291047657396,29.95706040104243
2025-03-01T16:48:33Z,40.29592385709803,-76.18203385564225,81.51508244842893,27.39523722878538,1.3331638650922992,-1.114865717029551,1.4625955326519964,0.041848923908580034,2.205639727339329,0.0009999999974411443,0.001000000002024466,0.000999999999958358,0.000999999999532938,0.0009999999941686711,0.000999999995701506,0.00005198957162949432,0.00005200171022076193,0.8483012577904696,28.010100382236523,33.985311771311615,0.01834625842959166,0.0004829140502560576,0.0002608116814644525,0.0011381821716705963,0.001111999999999973,0.0011119999999999804,0.0011119999999999618,0.0010011199999999988,0.0010011199999999908,0.0010011199999999942,-0.10651955695716747,9.737552828301753,0.4568136541558496,-0.00791228536218834,-0.010080355009752866,-0.012278466488704905,19.82700071334839,-23.285813331604004,-1.8510000813007355,983.4574609375,-0.03175531902943693,30.639225415097783
2025-03-01T16:48:34Z,40.291484379967144,-76.18196864786015,80.93029663829843,27.13258998765604,1.5623937436251336,-1.3558545751422544,1.4476765593932002,0.05626397190527715,2.219064354071532,0.0009999999973847329,0.0010000000018994468,0.0009999999998470139,0.0009999999996160983,0.0009999999941788444,0.0009999999957898543,0.00005298733064319689,0.00005300179915365886,0.8408929058982335,29.674534337604833,35.221088078610514,0.01941272631832394,0.0004930878802972985,0.00027079383758536356,0.00115032992377953,0.0011129999999999725,0.0011129999999999799,0.0011129999999999612,0.001001129999999999,0.0010011299999999903,0.0010011299999999937,-0.38448970836315843,9.493959545133473,0.5434867899680617,-0.01669922466080224,0.014251257466550921,-0.013125665909425526,19.903875722885132,-23.519063301086426,-1.8894375760108233,983.55251953125,-0.2633501136587189,30.868712823201264
2025-03-01T16:48:35Z,40.28576787717957,-76.18187843971427,80.26294075923104,27.614797001958895,2.0141825649305227,-1.5142556132098224,1.4329948015060292,0.050043402376041726,2.237137069227948,0.0009999999973907784,0.0010000000016773516,0.000999999999792643,0.0009999999996658706,0.0009999999943390134,0.0009999999957947734,0.000053984689953045885,0.00005400189214452627,0.8420722685922518,31.360113515140522,36.59480831095269,0.01910653670655419,0.0005015110141434382,0.00028062304972763664,0.001159221700634501,0.001113999999999972,0.0011139999999999794,0.0011139999999999607,0.001001139999999998,0.00100113999999999,0.0010011399999999937,-0.6077001790635833,9.48335137271691,1.1308848686915178,-0.017696970785273658,0.016216205517373742,0.00737902856325166,20.31693830490112,-22.675313205718993,-2.9533126044273375,983.5593359375,-0.21082090295475295,30.58867020347283
2025-03-01T16:48:36Z,40.280259337891565,-76.18178175982702,79.51358215822333,28.890366474417156,2.893083047054631,-1.3792332703092285,1.4268150670008988,0.05319030383443569,2.2497911212935127,0.00099999999748819,0.0010000000014682897,0.0009999999999504895,0.0009999999998072068,0.0009999999944310736,0.0009999999957686187,0.0000549816709072191,0.00005500198959610366,0.8458241639574788,33.05991427573244,38.19038314466915,0.016981997820583305,0.0005098817082896958,0.0002900677509331346,0.0011696760097918866,0.0011149999999999726,0.00111499999999998,0.0011149999999999596,0.0010011499999999988,0.001001149999999989,0.0010011499999999925,-0.6379223177223711,9.649802932800116,2.0992706719228598,-0.009103972575846591,0.01219117414888399,-0.002885168887830373,19.4064381980896,-22.93818830490112,-2.9167501091957093,983.6923046875,0.11530188934641367,30.187326430016572
2025-03-01T16:48:37Z,40.27504067741144,-76.18168862979617,78.78464355498986,30.07490032006246,3.654530550452778,-1.3344334639867808,1.4435256749760554,0.052273561923749004,2.23420682509741,0.0009999999974005715,0.0010000000016978183,0.0010000000000357507,0.000999999999566504,0.0009999999942955948,0.0009999999961143777,0.00005597828559366896,0.00005600209196682152,0.8472463297222914,34.771925230854926,39.84554831616055,0.015661867606801508,0.0005182122597562324,0.0002988458506530919,0.0011794885822205138,0.001115999999999973,0.0011159999999999805,0.0011159999999999588,0.0010011599999999992,0.0010011599999999888,0.0010011599999999923,-0.5819374550875615,9.594777074494482,1.9435671985547243,0.015411900650514603,-0.01621053265824796,-0.0028834997285141187,20.061938152313232,-22.375688247680664,-3.1216876173019408,983.8208984375,0.02604509990891625,30.214146314878704
2025-03-01T16:48:38Z,40.27023489828193,-76.181610034959,78.08983241442208,31.61081819762719,4.634204894788097,-1.1558183979677457,1.443969152166229,0.03431921395599972,2.210708900463003,0.0009999999972564537,0.0010000000014710707,0.0010000000000636971,0.0009999999994843424,0.000999999994415514,0.0009999999961113146,0.000056974525887621285,0.00005700219968617355,0.8444794891039124,36.53893700612399,41.698662370832125,0.014910895513595911,0.0005259031664323006,0.00030757868680619257,0.001186701695573072,0.0011169999999999728,0.0011169999999999804,0.001116999999999958,0.0010011699999999991,0.0010011699999999887,0.0010011699999999922,-0.4529688947039205,9.689186328573562,2.4319906838838814,-0.0002213976015505815,-0.02609302318624986,0.0132176271966567,19.54331331253052,-22.675313301086426,-3.153562614917755,983.9484765625,0.21899572528543035,30.1007111942027
2025-03-01T16:48:39Z,40.26635040446311,-76.18155602318598,77.42380520471848,33.4760788366495,5.3797230574257044,-1.0230044337236914,1.4595130523738375,0.028987915188029796,2.193372315747179,0.0009999999970964934,0.0010000000013845464,0.001000000000374825,0.0009999999992062938,0.0009999999945336734,0.0009999999958822693,0.00005797035514411659,0.000058002313089455415,0.83698540242318,38.42594815914505,43.74495387892631,0.015959840496242543,0.0005348381150905854,0.0003163510277640737,0.0011959369881865758,0.001117999999999973,0.0011179999999999803,0.0011179999999999589,0.0010011799999999984,0.0010011799999999878,0.0010011799999999913,-0.6655666095400733,9.623770228066563,2.740656307379341,0.015218459810170582,-0.018175481241665487,0.0019321510342400054,19.053375787734986,-22.653188209533692,-3.104437621831894,984.1009838867187,0.24740377334741415,29.762939391037673
2025-03-01T16:48:40Z,40.263324539347664,-76.18152632067175,76.7181011558419,35.622318636308215,6.005310044546139,-1.0166955421397303,1.459821929328809,0.03026206746358654,2.20131804931826,0.0009999999974049825,0.0010000000013114963,0.0010000000000046643,0.0009999999993961033,0.0009999999945384066,0.0009999999956087078,0.000058965716415744507,0.000059002431808710826,0.8288762651000983,40.44638804006276,45.94114770327084,0.02109894759342925,0.0005449970264434543,0.0003247406384813441,0.0012061487963050427,0.0011189999999999722,0.0011189999999999796,0.001118999999999959,0.0010011899999999986,0.0010011899999999882,0.0010011899999999917,-0.8975906485110048,9.476372264860675,3.070825961271547,8.928379219314648e-6,0.007855035754432662,-0.0013429857131184763,18.81000072479248,-22.835250720977783,-2.438812600374222,984.2479956054688,0.22065739297649417,29.685174430373067
2025-03-01T16:48:41Z,40.363675297511946,-76.17796874039466,76.71277945206228,-3.393731912904851,-3.0717320760008615,-0.4969135616402346,1.354157096884722,0.09659135537822824,2.182189448468892,0.0009999999976326515,0.0010000000012208904,0.0009999999998212467,0.0009999999992348462,0.000999999994680943,0.0009999999953818977,3.0693939541248227e-10,3.0693963804672613e-10,0.5256698679756627,0.548464435832928,0.5497824111883076,0.017188080604371214,0.0001923634025979004,0.00015031137074373926,0.0010453975828516847,0.0011199999999999724,0.0011199999999999797,0.0011199999999999598,0.0010011999999999987,0.0010011999999999881,0.0010011999999999916,-0.9440859290403852,9.346463599969772,3.1779237358530965,0.0002828161169915397,-0.002384626814368172,0.0027771807404123492,19.230000762939454,-23.61525089263916,-2.4228750872612,984.4450244140625,0.13700443096793805,30.550617139631584
2025-03-01T16:48:42Z,40.36364938122277,-76.17800063740113,76.30665721088411,-2.4909697315041393,-2.337774515072934,-0.3322667374617921,1.3551938714340517,0.09276649770659454,2.1797632779364315,0.0009999999977313284,0.0010000000012842744,0.0010000000000758035,0.000999999999038167,0.0009999999946757748,0.0009999999952869216,1.0003069465653633e-6,1.0003069636932128e-6,0.5713548339654564,0.6006320787931467,0.5960870395893293,0.020098605113942875,0.00020123026830320907,0.0001603674192408595,0.0010558553932728607,0.0011209999999999731,0.0011209999999999788,0.001120999999999959,0.0010012099999999985,0.001001209999999988,0.0010012099999999913,-0.8569525412794122,9.451327410378823,3.262929720719834,0.0012703808446518684,-0.0032601996570468094,0.0032353291809173756,18.7768133354187,-22.606875743865967,-2.3058750867843627,984.4820092773438,0.25529565024969564,29.47801891667378
2025-03-01T16:48:43Z,40.363626746346114,-76.17802903543524,75.92082215072632,-4.095584304966898,-2.470035816918548,-0.5811120088348197,1.3661763413357224,0.08735819141651466,2.1782440340058424,0.0009999999976476924,0.0010000000014873482,0.0009999999997488353,0.0009999999988518807,0.0009999999944274173,0.0009999999949510086,2.000306969279407e-6,2.000307040269769e-6,0.623512210759474,0.6767628455706185,0.6807746994531987,0.017202374880587387,0.00020928289253263044,0.00017033865926464046,0.001066157981447841,0.0011219999999999726,0.0011219999999999791,0.0011219999999999592,0.0010012199999999982,0.0010012199999999876,0.001001219999999991,-0.05003325239412313,9.659609495443092,0.6408256338295669,0.011435104089155445,-0.002900190078543044,0.004855789870828292,20.029313259124756,-22.529813232421876,-1.8635625678300858,984.4736962890624,-0.0990903722348026,30.20323914252664
2025-03-01T16:48:44Z,40.36359574957834,-76.17805765370119,75.4356280494171,-5.196011354128131,-2.3259008621199353,-0.7425366710993151,1.3468279196102075,0.08545795551712812,2.1618478572012436,0.000999999997976183,0.0010000000016931795,0.0009999999997488964,0.000999999998509407,0.0009999999943922705,0.0009999999952954033,3.0003070071029526e-6,3.0003071796515002e-6,0.6712906261458524,0.7830307644691133,0.8121230487407702,0.01600419256074425,0.0002158282641852146,0.0001812881374050192,0.0010752984290706097,0.0011229999999999712,0.0011229999999999788,0.0011229999999999602,0.0010012299999999977,0.001001229999999987,0.0010012299999999897,-0.08339285743482494,9.600838890709978,1.2681930195319184,-0.017045381562257055,-0.017065743611403544,-0.002007926806822594,19.00931339263916,-22.769063339233398,-2.5215001070499423,984.4511596679688,-0.09548501616988572,29.768089686347725
2025-03-01T16:48:45Z,40.36355026058153,-76.17808476699624,75.22554615814983,-5.006861558910997,-1.9505705998776774,-0.6488018018234609,1.3399251742456622,0.07502645022757437,2.1487014406348806,0.0009999999976386148,0.0010000000015418864,0.0009999999995081192,0.0009999999982235378,0.0009999999944215146,0.0009999999952623633,4.000307045875583e-6,4.000307397289222e-6,0.7145487409209382,0.9248899349746704,0.9744430892531848,0.016584519587596415,0.00022182474897722922,0.0001919814031989257,0.0010858977591387757,0.001123999999999972,0.0011239999999999798,0.001123999999999961,0.0010012399999999979,0.001001239999999987,0.0010012399999999905,-0.5441707390090518,9.473361638552115,2.6675856307141674,-0.0033057643418012376,-0.01700015075835631,0.005917292509756893,18.550688247680664,-22.888125743865967,-3.3804376459121706,984.2557006835938,0.07668970961541852,29.654993922398106
2025-03-01T16:48:46Z,40.36349439319182,-76.17810990201804,75.0816141331547,-5.415019197702595,-1.7771135050416584,-0.6195789042940155,1.3347100725631116,0.06986843625137298,2.1457474614649357,0.0009999999974951194,0.0010000000016970054,0.0009999999997078249,0.0009999999978867417,0.0009999999940521818,0.000999999995301736,5.0003070356152005e-6,5.000307712736175e-6,0.7530422128422384,1.0972695302791045,1.1824021506686373,0.016251392169576252,0.00022839805769160731,0.00020184173170910327,0.0010946468783963631,0.001124999999999973,0.0011249999999999806,0.0011249999999999618,0.001001249999999997,0.001001249999999986,0.00100124999999999,-0.29077082379236613,9.546362375257859,2.1427298119073064,-0.002445713215477329,-0.005988728996249578,0.002909534513643313,18.176813373565675,-23.074125900268555,-3.981750168800354,984.2912280273438,0.008059966665256648,29.642252571596476
2025-03-01T16:48:47Z,40.363408220421114,-76.1781390497454,74.9377434842877,-7.924391564096327,-2.1871795575091406,-0.8908269958971835,1.3363906278666355,0.06526268629381726,2.137330940909475,0.000999999997537852,0.0010000000017730943,0.000999999999765025,0.000999999998160883,0.0009999999941739523,0.0009999999951173474,6.000306860532928e-6,6.000308152075875e-6,0.7791772192737627,1.291575320331282,1.4680032453274063,0.014831968695008003,0.0002348126868983319,0.0002118911729153646,0.001103079334560457,0.0011259999999999719,0.00112599999999998,0.0011259999999999606,0.0010012599999999973,0.001001259999999987,0.0010012599999999904,0.45515175230058186,9.762434203464082,0.1181625702818673,0.005210458551434874,-0.011557779615307438,0.0005882483429769537,19.028063259124757,-23.420813331604005,-3.107062624692917,984.2424169921875,-0.00634771865462827,30.33566265102267
2025-03-01T16:48:48Z,40.363277805624726,-76.1781745719521,74.5608847491043,-11.89159519706872,-2.441991535194873,-1.1583446328309066,1.3726747494239944,0.0767816642059138,2.050043124834174,0.000999999997267686,0.0010000000016316749,0.0009999999994243253,0.000999999998263426,0.0009999999938550424,0.0009999999954522307,7.000306307009571e-6,7.00030875125068e-6,0.7902264211326144,1.523204061156171,1.8650717815610487,0.018488372424061553,0.00023781771750616408,0.00022648752297275298,0.0011091281832735951,0.0011269999999999726,0.0011269999999999802,0.0011269999999999611,0.0010012699999999968,0.001001269999999986,0.0010012699999999899,1.2209086128891806,10.084355180207028,-1.2553490164086438,0.045052695326122855,-0.08509655247289598,-0.03239694789475409,19.379250755310057,-24.402751007080077,-3.975750150680542,984.2709252929687,0.45518445485614706,31.41421648678084
2025-03-01T16:48:49Z,40.36309023978453,-76.17820277135588,73.8753971806238,-15.469506774691617,-0.21912613806368647,-1.6597564523608785,1.379892718082407,0.018667271551235348,1.7255797033520057,0.0009999999974526705,0.0010000000018190228,0.000999999999368342,0.0009999999985927256,0.0009999999936935503,0.0009999999957261592,8.000305032028925e-6,8.000309554152158e-6,0.8058271093351884,1.8227617399665414,2.325374224791929,0.0303475437353122,0.00022612149686594376,0.00025427483174023476,0.0011306194434551888,0.0011279999999999713,0.001127999999999979,0.0011279999999999604,0.0010012799999999976,0.0010012799999999863,0.0010012799999999907,2.983767088172585,9.705804052987057,-0.721678299882184,0.024605415313999453,-0.3441431097227477,-0.009959350308395799,19.19606330871582,-22.663500938415527,-3.6131251466274263,984.3087158203125,0.39935494882590516,29.91947090096686
2025-03-01T16:48:50Z,40.3627752115088,-76.17821396566391,73.21291821668663,-17.125543117090164,2.7202858210337513,-1.8228454205279023,1.3820456436847972,6.2653247418486915,1.3550364600746738,0.0009999999977366014,0.0010000000020016664,0.0009999999996244708,0.0009999999983854894,0.0009999999936412458,0.0009999999954300358,9.000302558994484e-6,9.000310598916719e-6,0.8513940568247835,2.2097319034253458,2.7721520396136627,0.04395864052013312,0.00021963272627981828,0.00027654511177065664,0.0011422509589634653,0.0011289999999999705,0.0011289999999999781,0.0011289999999999614,0.001001289999999997,0.0010012899999999863,0.0010012899999999898,3.3176096558830848,9.682047138274829,-0.03716692435666044,0.00005899920971894545,-0.39234150938278917,-0.04233101086159051,20.603063220977784,-21.943313274383545,-14.074688110351563,984.1917529296875,0.4540598193262334,33.227829652350906
2025-03-01T16:48:51Z,40.36227735800427,-76.17822202154383,73.01036432384116,-17.761481553187906,4.581284459972736,-1.7133659812600406,1.393131866873472,6.241228019220523,1.1009847658090726,0.0009999999974785363,0.0010000000019532982,0.0009999999993112914,0.0009999999983374486,0.0009999999933355686,0.000999999995460478,0.000010000298352970812,0.00001000031190889946,0.9316078149980174,2.6445320690172,3.2118958438179877,0.05514285237304128,0.00022183287272614736,0.00028685856458423914,0.0011485695382970733,0.0011299999999999702,0.0011299999999999776,0.0011299999999999624,0.001001299999999997,0.0010012999999999864,0.0010012999999999901,2.5305664847714486,9.767738349276767,-0.09057132787095704,-0.004695731955750937,-0.2641707274601847,-0.0307898389780208,18.240188121795654,-24.354375972747803,-20.091000728607177,984.0053076171876,0.3097284883887621,36.46209920151637
2025-03-01T16:48:52Z,40.36159657110575,-76.17825059692626,73.35076137210746,-18.92643539474429,4.470112861436781,-1.6250657060982143,1.4089908106305071,6.241295853952199,1.0512453458806172,0.0009999999977728072,0.0010000000022764009,0.0009999999992264166,0.0009999999983867584,0.0009999999935118762,0.000999999995524027,0.00001100029198776872,0.000011000313502863648,1.0331452530365048,3.057282220805209,3.7036868988663727,0.0624565582967799,0.00022185312912432367,0.0002945000134693578,0.0011558035348202434,0.0011309999999999695,0.0011309999999999769,0.0011309999999999621,0.0010013099999999977,0.001001309999999987,0.0010013099999999905,0.5781807618650981,9.751752851265376,-0.5909680715322203,0.00026929654377412147,-0.05412270370454769,-0.01603378274724846,17.586000671386717,-23.96325092315674,-21.132188262939454,983.8458422851562,0.005847746722883663,36.470131211301556
2025-03-01T16:48:53Z,40.360711634536294,-76.17832152384986,74.38152849935227,-19.742886144107924,3.500288462603019,-1.364005335837499,1.4243118386882356,6.23806406592836,1.0597712050469177,0.0009999999979073333,0.0010000000019986278,0.0009999999995368403,0.0009999999980670896,0.000999999993655905,0.00099999999595147,0.000012000283319810304,0.000012000315409552795,1.1381589603790607,3.4672924491071546,4.212228825633708,0.06661018668345212,0.00021759368024999,0.0003022713417860014,0.001163791337114132,0.0011319999999999698,0.0011319999999999774,0.0011319999999999622,0.0010013199999999974,0.001001319999999987,0.0010013199999999904,0.14922938221838147,9.797967568077354,-0.6059454448271258,-0.0026391537737577393,0.0021561347284275723,-0.003535089003878924,18.16931324958801,-26.091001110076903,-21.658875904083253,983.6116186523437,0.03703576553197269,38.47034259586681
2025-03-01T16:48:54Z,40.35969388221951,-76.17843213727927,76.0598353883134,-19.73790384401538,1.9259456808828128,-0.9725356299324094,1.4467089014867827,6.228157273752205,1.0621352758245162,0.0009999999977309997,0.0010000000022698588,0.0009999999997855834,0.0009999999980291705,0.0009999999934271252,0.0009999999959112652,0.000013000272504542974,0.00001300031767120124,1.2292715201649127,3.8596378886155107,4.708691697465605,0.06533700162703847,0.00021023767512205136,0.0003105052601014415,0.001172081582348295,0.0011329999999999702,0.0011329999999999776,0.0011329999999999624,0.001001329999999997,0.0010013299999999865,0.00100132999999999,0.12075479250548438,9.780101242699216,-0.20965413489860418,0.001667442813973984,-0.004471748179640216,0.0027059131873181583,19.12368843078613,-23.344876098632813,-23.280750827789305,983.394970703125,0.002484583069643999,38.114146532630954
2025-03-01T16:48:55Z,40.35871510795251,-76.17855518061903,77.92630051166363,-19.15564380908454,0.41535111793115287,-0.6074222843489969,1.4704713308954434,6.225468675703251,1.045315488754102,0.0009999999979426505,0.0010000000021962749,0.0009999999996386675,0.00099999999779874,0.0009999999931477775,0.0009999999958865823,0.000014000259799022147,0.000014000320347339809,1.2927323754809703,4.233921460614083,5.195568820855508,0.06001357699093782,0.0002008055701241414,0.00031990111853597806,0.0011805662088814034,0.0011339999999999695,0.0011339999999999773,0.001133999999999962,0.0010013399999999964,0.0010013399999999856,0.001001339999999989,0.31014539853524076,9.73441473951269,0.08561233154375966,0.0038143158869708956,-0.02117606246070612,-0.004337224634315698,17.784938173294066,-23.560875968933104,-21.19687578201294,983.3234057617187,-0.040706372430970646,36.341749184134564
2025-03-01T16:48:56Z,40.35803131319091,-76.17864388194623,79.08711885075499,-19.01877707438296,-0.452224611512956,-0.5009032980786973,1.4913232637058083,6.226659193358171,1.0283834826678033,0.0009999999976917262,0.0010000000022261024,0.000999999999739956,0.0009999999975583787,0.0009999999934164347,0.0009999999959485616,0.000015000245338289364,0.000015000323518030387,1.325838752181619,4.588004960589415,5.716630821701278,0.05417781459745083,0.00019153635793597626,0.0003299186647682767,0.0011894871383986007,0.0011349999999999683,0.0011349999999999767,0.0011349999999999618,0.0010013499999999972,0.0010013499999999866,0.0010013499999999894,0.2590200602184445,9.66153684361556,-0.07489833903447292,0.008132428669321266,-0.01892888133877497,-0.0048484482257238086,18.4546883392334,-22.916438312530516,-21.7196258354187,983.5573559570313,-0.11504111617144638,36.57153371425292
2025-03-01T16:48:57Z,40.357376736572206,-76.1787328097389,80.17895108749916,-18.804538049493708,-1.5710316836854747,-0.37936590974199375,1.4978540564847085,6.2204544560995405,1.0235589041760644,0.0009999999978635718,0.001000000002476155,0.0009999999998383984,0.000999999997669538,0.0009999999934627325,0.0009999999958254454,0.000016000228992496,0.00001600032728296285,1.3322926009980143,4.9128184478993004,6.289580389340216,0.047615398596946884,0.00018421500537433322,0.0003399377328766145,0.00119907760016539,0.0011359999999999688,0.0011359999999999773,0.0011359999999999621,0.0010013599999999976,0.0010013599999999867,0.0010013599999999902,-0.035990129348819073,9.714369865540327,0.14398151808270288,-0.003716345444826654,-0.006735619571995662,0.004805719043858925,17.907750816345214,-24.0082509803772,-22.179188327789305,983.50052734375,-0.06471089472305004,37.26923990696762
2025-03-01T16:48:58Z,40.35675186578504,-76.17882085364063,81.1823761802191,-18.334263060897587,-2.69529942191323,-0.2670935108406164,1.4989286057874758,6.218045181203495,1.0188777399826912,0.0009999999977371183,0.0010000000023449027,0.0010000000000082842,0.0009999999976658606,0.0009999999937715305,0.0009999999957151205,0.00001700021024662471,0.000017000331751234926,1.3168191265212954,5.222072818944754,6.906835087583293,0.040919314183781565,0.00017888990247787276,0.0003500840393503202,0.0012088885481168759,0.0011369999999999692,0.0011369999999999779,0.001136999999999963,0.0010013699999999986,0.0010013699999999871,0.0010013699999999906,0.00593918490452751,9.724866889951137,0.5106652398294212,-0.007363174712991431,-0.005652753473551935,0.0019117889081953492,17.904000692367553,-23.955938482284544,-23.72981346130371,983.449873046875,-0.04182012456280147,38.177747149875046
2025-03-01T16:48:59Z,40.35596439684499,-76.17892760444884,82.57134696192647,-17.23911284847489,-4.267497278272933,-0.034511879666005524,1.51553833495598,6.2199957342793715,1.0143192404088217,0.0009999999980621383,0.001000000002016193,0.0010000000001741545,0.0009999999979516643,0.000999999993747629,0.000999999995901692,0.000018000188065365795,0.000018000337032302515,1.2841214250017021,5.511055882718547,7.575173284291756,0.034489907435721986,0.00017584744406464378,0.00036013070304100335,0.001218762172342349,0.0011379999999999691,0.0011379999999999767,0.0011379999999999617,0.0010013799999999975,0.001001379999999987,0.0010013799999999905,-0.15669299118522267,9.808775257108252,1.0131181208193218,0.007450295961817037,-0.00487899109296243,-0.001539597259759877,16.78650071144104,-23.58975091934204,-22.041750869750977,983.1965063476563,0.0822939284904943,36.3881576881751
2025-03-01T16:49:00Z,40.35579683223304,-76.17898708407542,82.61934353673082,-17.481028829302918,-5.030771828311182,-0.13108892812799902,1.5198444752502023,6.221628361618787,1.0138419276505084,0.0009999999983978684,0.0010000000023205496,0.0010000000000174871,0.0009999999976901103,0.0009999999935033999,0.000999999995922009,0.00001900016096799295,0.00001900034324152091,1.242420382514967,5.799255954770569,8.335626962376448,0.030853829731831726,0.00017520751903634516,0.0003697298393503561,0.0012287316945681658,0.00113899999999997,0.0011389999999999775,0.0011389999999999623,0.0010013899999999978,0.001001389999999987,0.0010013899999999905,-0.18681640668263863,9.70491623274805,0.5970879786560005,0.003594003563298891,-0.000436702479493553,-0.0014731698539042003,17.496563262939453,-23.596688499450682,-22.501875858306885,983.70021484375,-0.05476480816722603,37.003568374112525
2025-03-01T16:49:01Z,40.35571373936542,-76.17905083338268,82.43855699544858,-17.816395327846493,-5.949797542496908,-0.1536738721695078,1.5277033989473752,6.21913182211929,1.0207258591138066,0.0009999999987120197,0.001000000002420831,0.0009999999998204791,0.0009999999980290098,0.0009999999933114258,0.0009999999958305562,0.000020000127147386507,0.000020000350495479836,1.1996201743798285,6.07962041405148,9.180865058390605,0.028746234720940254,0.00017678684425743229,0.00037859142505016695,0.0012388277048852765,0.0011399999999999698,0.0011399999999999785,0.0011399999999999633,0.0010013999999999984,0.0010013999999999878,0.0010013999999999913,-0.33296425857638295,9.806821122802956,0.6922804775812177,0.008509128502280031,0.006676534301035418,0.0027975427199403097,17.715375900268555,-24.2535009765625,-22.145438385009765,983.7860107421875,0.05713498933102573,37.31599500737429
2025-03-01T16:49:02Z,40.35561334760234,-76.17912617031136,82.28689110921498,-17.721592695552385,-6.8656327028043656,-0.1174971210783501,1.528482610552736,6.210768505735707,1.0154771264756839,0.000999999998882358,0.0010000000027191622,0.0009999999998486333,0.0009999999977450774,0.0009999999932474824,0.0009999999961039984,0.000021000084231927286,0.00002100035888687971,1.158062521496286,6.361300749587331,10.06734407929168,0.026708980325498108,0.0001800663148407377,0.0003867679409366758,0.001248642741831279,0.00114099999999997,0.0011409999999999773,0.0011409999999999624,0.001001409999999999,0.0010014099999999886,0.001001409999999992,-0.0510139163672014,9.837266794796383,0.995394880238306,0.000519651406079657,-0.005654088686163629,0.008140439740053356,14.366438121795655,-23.13600091934204,-21.084375858306885,983.7952587890625,0.10800348020681817,34.44149344834224
2025-03-01T16:49:03Z,40.35528117577649,-76.17921240042924,82.37408702080499,-17.398079264960334,-8.076273175213657,-0.2332571293416881,1.5275256106728496,6.200334802924654,1.0174703799797633,0.000999999998792116,0.00100000000237593,0.0009999999995332803,0.000999999997478219,0.0009999999934187037,0.0009999999962935807,0.000022000029220000903,0.000022000368479350906,1.1200052245320073,6.613381237150494,11.005236570144138,0.026778575873664355,0.00018519236222431205,0.0003935567988547413,0.0012584036773051486,0.0011419999999999707,0.0011419999999999766,0.001141999999999963,0.001001419999999999,0.0010014199999999881,0.0010014199999999916,-0.2588266325085113,9.67110823694593,1.1087911363158647,-0.00186539229443651,0.0017896158445320392,0.011441279453454342,15.181875581741332,-23.332125968933106,-21.72243829727173,983.6655810546876,-0.04159082294432709,35.3091796585709
2025-03-01T16:49:04Z,40.355393460334824,-76.17932645925369,81.8729832821648,-17.07802689275517,-9.944514373321297,-0.27956784253342076,1.5231169721727602,6.189103010935034,1.0298484829671766,0.000999999998716425,0.0010000000026356493,0.0009999999998078122,0.00099999999782769,0.0009999999933960643,0.000999999996387077,0.000022999958257275573,0.00002300037928317847,1.0878468146445526,6.845006116903057,11.943935220669097,0.028714895097518595,0.0001918253364332835,0.00039855423025266326,0.0012680518669809725,0.0011429999999999713,0.0011429999999999758,0.0011429999999999615,0.0010014299999999978,0.001001429999999989,0.0010014299999999907,-0.3694554593014804,9.783800959412748,1.8824652232591026,-0.002424516550583238,0.011370011960935875,0.010764154208286072,14.3304381275177,-22.937625923156737,-22.316063385009766,983.9462255859376,0.19081283833755736,35.06421600584515
2025-03-01T16:49:05Z,40.355376081474404,-76.17946345888033,81.3866849655632,-16.085749974692607,-12.173652224191436,-0.4893141347436875,1.5266219772062934,6.19342258873474,1.025642937875479,0.0009999999984435842,0.0010000000026345458,0.000999999999991405,0.0009999999978862935,0.0009999999930125777,0.0009999999960303833,0.000023999866227415547,0.000024000391188157317,1.0640433022437594,7.056463550947355,12.815799843684708,0.03326174596239728,0.00019947503758535885,0.0004009622400796047,0.0012765988571430717,0.0011439999999999701,0.0011439999999999768,0.0011439999999999617,0.001001439999999997,0.0010014399999999889,0.00100143999999999,-0.4051477459159572,9.581536904014495,2.514694101651702,0.003418588850956879,-0.004237582658953722,-0.005021526466168221,12.894938068389893,-22.16212589263916,-21.916688289642334,983.940927734375,0.13527295994752125,33.73095066536677
2025-03-01T16:49:06Z,40.354824543411326,-76.17958763273201,81.10315374363506,-14.198433409392088,-14.647732379914725,-0.7112788549106371,1.5256351891733246,6.18200709921631,1.0245608540269346,0.0009999999986345966,0.0010000000029724626,0.001000000000158175,0.00099999999787618,0.0009999999932851444,0.000999999996345738,0.0000249997472033585,0.000025000403905003367,1.0553856556668193,7.267187808214801,13.583552048722353,0.043157507618948626,0.00020917891876436813,0.00039977694002523735,0.0012850589293521668,0.001144999999999971,0.0011449999999999755,0.0011449999999999605,0.0010014499999999957,0.0010014499999999888,0.0010014499999999888,-0.6365336929345461,9.518685331977753,3.1527003596623824,-0.0015599598864221588,-0.0008981892449445843,0.013558943273821542,14.26556303024292,-22.151813278198244,-22.11843832015991,983.7797607421875,0.2686205085015422,34.40103080906908
2025-03-01T16:49:07Z,40.354776694479746,-76.17978848178817,80.17755967934312,-12.663914393900255,-17.674752881273445,-1.0074684184645288,1.5262475063721384,6.180888601015226,1.0401832999787264,0.0009999999984995729,0.001000000003046409,0.0010000000000480447,0.000999999997915193,0.0009999999929342918,0.0009999999963781461,0.00002599959670937388,0.000026000416904538163,1.072901833128024,7.521569102038359,14.19201041592727,0.057729309860900496,0.00021891850152850947,0.00039411603914581383,0.001293123649729101,0.0011459999999999706,0.0011459999999999745,0.0011459999999999593,0.0010014599999999953,0.0010014599999999879,0.001001459999999988,-0.7336352224350979,9.505331349979617,3.322356061685123,0.0022320757738376615,0.015245498180760557,0.0013307996651546752,14.208750619888306,-23.42418846130371,-22.541063480377197,984.0665454101562,0.31747678614231944,35.477839830377576
2025-03-01T16:49:08Z,40.354564422406526,-76.18000420892903,79.05298729413676,-11.06604657655522,-20.340675670877797,-1.3237817836677077,1.5308314643970742,6.186766431636028,1.0517879457082169,0.0009999999987819997,0.0010000000029887885,0.0010000000001607185,0.0009999999978450634,0.0009999999928643,0.0009999999964729726,0.000026999415768787146,0.00002700042945474426,1.1237526359702026,7.85861654710879,14.546760143429948,0.07258633297438602,0.00022831467844242764,0.00038290897617696316,0.0013003809920623065,0.001146999999999971,0.001146999999999975,0.0011469999999999597,0.001001469999999996,0.0010014699999999872,0.0010014699999999891,-0.635855723538643,9.471187916434738,3.116528859774224,0.005811142454922085,0.011848522476544667,-0.004970621010392028,14.006250581741334,-22.160250816345215,-20.261438293457033,984.14986328125,0.21286266639630075,33.132676767388446
2025-03-01T16:49:09Z,40.35421680453703,-76.18022722641231,77.69696889930725,-9.437895214834962,-22.70215246106139,-1.6442431052448485,1.5346860538346503,6.1882855020520955,1.0569967795410569,0.0009999999987098352,0.0010000000030027335,0.0010000000003305108,0.000999999998257678,0.0009999999927163708,0.0009999999962272328,0.000027999213981501142,0.00002800044083695677,1.2043838991054665,8.305316763966921,14.567072176680941,0.08560958078669352,0.00023667563108654497,0.00036668262652361186,0.0013072017921383536,0.00114799999999997,0.001147999999999974,0.0011479999999999607,0.0010014799999999969,0.001001479999999986,0.00100147999999999,-0.5886929305603792,9.456886508250765,2.9599022687691505,0.004705577007418826,0.005551775060760125,-0.00009121353784554787,13.623750581741334,-22.589438400268556,-20.163750762939454,984.2749951171875,0.14884105658130778,33.20335466822301
2025-03-01T16:49:10Z,40.35345299840146,-76.18038815342273,76.42015450860596,-8.487729025173529,-23.465469569176722,-1.7700997503983258,1.5346252796366833,6.191681369944021,1.0550053480580361,0.0009999999986501369,0.0010000000028038104,0.0010000000002997628,0.000999999998003056,0.000999999992671165,0.000999999996602273,0.000028999009219689568,0.000029000450781179406,1.2955067444762314,8.891485676524526,14.336939215965844,0.08614350732142119,0.00024277065310563303,0.00034790238034887,0.0013138627135385406,0.0011489999999999693,0.0011489999999999732,0.0011489999999999617,0.0010014899999999977,0.0010014899999999862,0.0010014899999999905,-0.12203694547226779,9.593142087297615,1.6992201298869325,0.00129074278060189,-0.0007658351004473773,0.00041517005942193056,14.617875566482544,-22.988813457489012,-23.87287593841553,984.3174462890624,-0.03458835608243573,36.22262189250641
2025-03-01T16:49:11Z,40.35226895675782,-76.1804526816588,75.43976956701879,-7.857852675728436,-23.08197623591396,-1.7866660943529458,1.5338196087851976,6.198853974280305,1.0492279353801128,0.000999999998832889,0.0010000000029758475,0.0010000000002127398,0.0009999999978197445,0.0009999999928748614,0.0009999999969092538,0.00002999882012525696,0.00003000045965723374,1.3699321620420397,9.59552954335954,13.899283486738057,0.07970669301154809,0.00024645527426944355,0.0003298987818079131,0.0013207354401771163,0.0011499999999999685,0.0011499999999999742,0.0011499999999999607,0.001001499999999998,0.0010014999999999855,0.001001499999999991,0.04833202685535208,9.630390333172855,1.1173654213942072,0.0019219697113715703,-0.0036572617209317433,-0.0007658352323901348,14.780813055038452,-25.864875984191894,-21.116625785827637,984.3184301757813,-0.08274571409798481,36.515372104179384
2025-03-01T16:49:12Z,40.35081733456552,-76.18042374436119,74.84895399494165,-8.496527672585373,-20.794082227549165,-1.6123091208291314,1.5354027227209515,6.205154093650427,1.0426406787502722,0.0009999999986763282,0.00100000000299177,0.0010000000004533151,0.0009999999978493798,0.0009999999928843096,0.0009999999966767807,0.00003099865736882324,0.0000310004682799473,1.4050355501323795,10.407683041002187,13.468293743418933,0.06222799999338967,0.00024907633601391134,0.00031517538934395335,0.0013282334644262555,0.0011509999999999687,0.0011509999999999734,0.0011509999999999613,0.0010015099999999984,0.001001509999999985,0.0010015099999999915,0.5813188909478553,9.791842395967102,-0.6672638100079998,0.005656924079465102,-0.004091876993615217,0.0017714233452227172,14.494500551223755,-26.667938652038575,-19.621125717163086,984.2976733398438,0.05365105881098021,36.142141356552614
2025-03-01T16:49:13Z,40.349190216165006,-76.18031212717558,74.66921815849386,-9.455130780070474,-18.670299437222813,-1.4396051369247491,1.5254389335585885,6.229937405492267,1.1094057455883903,0.0009999999984935594,0.0010000000030360246,0.0010000000003814926,0.00099999999787807,0.000999999992736131,0.0009999999966023433,0.00003199852273502754,0.00003200047733276715,1.4002718429543028,11.293249933256021,13.060234584048082,0.05131486378731087,0.0002595574894940363,0.0002962544051161571,0.0013359515348576366,0.0011519999999999692,0.001151999999999973,0.0011519999999999614,0.0010015199999999984,0.0010015199999999845,0.0010015199999999914,-0.12462916831105206,9.816791144050148,-0.6415586229331357,-0.0005825758677123067,0.07013520336117632,-0.012636974067926285,14.333813104629517,-22.25737581253052,-16.491563215255738,984.2418823242188,0.06019552170120917,31.19002161688947
2025-03-01T16:49:14Z,40.347492892167296,-76.18014623770141,74.6994865666408,-10.241656835586557,-19.89123665948377,-1.5494694496457229,1.4829352133708706,6.251650872672954,1.6367170606014765,0.0009999999987807002,0.0010000000028540423,0.0010000000000986273,0.0009999999977782898,0.0009999999929272824,0.0009999999964515301,0.00003299842294816445,0.0000330004865978616,1.397115818804889,12.218426631422895,12.600419717064621,0.062042107660658624,0.0003279422964176244,0.00022271907896739075,0.0013458566482024404,0.0011529999999999698,0.0011529999999999737,0.0011529999999999603,0.0010015299999999992,0.001001529999999985,0.0010015299999999922,-3.3822937580156114,9.61559726939914,0.26264198626270996,-0.019068078233356853,0.5855328316878431,0.028138750467816446,19.347563304901122,-24.19293842315674,-18.218625650405883,984.1749438476562,0.41829884640008763,35.938017838954565
2025-03-01T16:49:15Z,40.34602555233978,-76.17999876340514,74.58632181126232,-8.059717006428402,-21.2362295960478,-1.6934419479709715,1.4341301233835722,0.00007640185723992513,2.3561906964527397,0.0009999999985993502,0.0010000000030413753,0.0010000000000597068,0.0009999999976783465,0.0009999999930862102,0.0009999999961721217,0.000033998363372623836,0.00003400049560374343,1.4171438348921912,13.229444828340517,11.873510141547166,0.0706080426321831,0.00031897439615318233,0.00022744518270111569,0.0013512657247236044,0.0011539999999999704,0.0011539999999999743,0.00115399999999996,0.00100154,0.001001539999999984,0.0010015399999999928,-3.8136837015139786,9.425963440574336,1.0214132306562371,-0.049472120490342164,0.8797855685622687,0.0740651000413517,16.494375648498536,-27.75318859100342,-4.476000159829855,984.2009545898437,0.44135226248175663,32.59348330920622
2025-03-01T16:49:16Z,40.3447981085184,-76.17988566909675,74.40759845809478,-4.225646371358553,-21.305693112552312,-1.580886914076105,1.423082185552782,0.05629432847753911,3.1113709398726455,0.0009999999987721476,0.0010000000030142271,0.001000000000077152,0.0009999999978910744,0.0009999999932166481,0.0009999999963679683,0.00003499833373078124,0.00003500050468927626,1.4388594197132754,14.337798845662478,11.08520562829906,0.07282280574035974,0.00020523850984833632,0.0003392360969427768,0.00135637202149516,0.0011549999999999707,0.0011549999999999744,0.0011549999999999592,0.0010015499999999997,0.0010015499999999845,0.0010015499999999917,-4.195578878213702,9.563739743214052,0.4780352505982302,-0.05169426620971371,0.9464237375641218,0.07282200736377996,7.683562779426575,-25.905563564300536,9.49050033569336,984.2485693359375,0.6764586242897087,28.6391695551443
2025-03-01T16:49:17Z,40.34362452959454,-76.17977641195134,74.4344290611579,-1.1960692474981198,-20.44622543800533,-1.4507105996225182,1.441844862375149,0.07143301682920261,3.6887831539793723,0.000999999998475562,0.0010000000027750495,0.0010000000002496684,0.0009999999976644841,0.0009999999933127859,0.0009999999965192741,0.000035998319189475865,0.000036000514727116847,1.4484415581436856,15.497145180035222,10.467134965454795,0.07406404125225564,0.00019413313281613063,0.000350313381753574,0.0013698306924722738,0.0011559999999999715,0.0011559999999999754,0.00115599999999996,0.0010015599999999994,0.0010015599999999853,0.0010015599999999925,-3.129815013169014,9.668156932827797,-0.7762346559738891,-0.03244935499859869,0.648583421654332,0.07181508126348861,-2.9745001007989047,-24.793876037597656,8.749875392913818,984.2242041015625,0.41361269242951165,26.46018815799356
2025-03-01T16:49:18Z,40.34262374247182,-76.1797366870651,74.3503265123461,-0.6684739145922629,-21.11388276313555,-1.4700179328073792,1.456867011641529,0.04557951011013191,3.798059749611599,0.0009999999988025692,0.0010000000030729568,0.0010000000001934646,0.0009999999976085035,0.0009999999935793467,0.0009999999966646017,0.00003699831436360302,0.00003700052624273912,1.4548870813312575,16.70688062117522,10.092272315337688,0.07388150965121022,0.00020050773228717946,0.00034461620876823074,0.0013795052859079558,0.0011569999999999716,0.0011569999999999755,0.0011569999999999604,0.001001569999999999,0.0010015699999999846,0.0010015699999999916,0.11676675060543869,9.792823083239005,-1.36048218156919,0.0005373432256043078,0.10702125524001226,0.03626275139254274,-7.845750308036804,-21.475500869750977,7.162312805652618,984.288564453125,0.10950831975857551,23.959324150852485
2025-03-01T16:49:19Z,40.34169282420315,-76.17973650586505,74.3344082003124,-1.0600593187434295,-21.916606407008935,-1.3154677366626677,1.465498795953443,0.04239051290834033,3.7497275573612097,0.0009999999985898004,0.0010000000028885295,0.001000000000052813,0.0009999999973967345,0.0009999999931722286,0.0009999999967425653,0.000037998321803459034,0.0000380005392870591,1.4605696608661467,17.96449904313035,9.868139610188157,0.07006582018873855,0.00018727105033779096,0.00036010486489791683,0.001389003709588255,0.0011579999999999724,0.0011579999999999763,0.001157999999999961,0.0010015799999999993,0.001001579999999985,0.0010015799999999924,0.8999957919367273,9.924702907996936,-0.9765655565591113,0.002802883899184986,-0.0473230782276944,-0.004217054201536763,-9.595312852859497,-20.65087577819824,5.734312708377838,984.2929150390624,0.23518900576925045,23.4820919782934
2025-03-01T16:49:20Z,40.340853581999724,-76.1797739238723,74.48198512513879,-1.992430096540379,-22.956096540776397,-1.1262402648918393,1.4812489205148598,0.04009938062727049,3.678740862373268,0.0009999999988742638,0.0010000000024217484,0.0010000000002527165,0.0009999999971568498,0.0009999999934196667,0.0009999999968593502,0.0000389983438073939,0.000039000553731261675,1.4594383285186225,19.271800509301418,9.747281289706065,0.06564607451044271,0.00017207673819637692,0.0003787270080570734,0.001398508038948071,0.0011589999999999732,0.001158999999999977,0.001158999999999961,0.0010015899999999997,0.0010015899999999856,0.0010015899999999925,1.2280733533615067,9.953780260718954,-1.00391173513984,0.010881319909476269,-0.07024152287825511,-0.005836013002100177,-9.542062916755675,-21.576938190460204,7.242000288963318,984.2785400390625,0.3015076862942786,24.679126294312375
2025-03-01T16:49:21Z,40.340100517057046,-76.17983807848496,74.79164967108059,-2.9320511148570736,-23.240526393005574,-0.9946313988568671,1.4910477348637512,0.04097493475280131,3.63509194518477,0.0009999999986048042,0.001000000002736425,0.0010000000003380018,0.0009999999968040626,0.0009999999936091556,0.0009999999965473148,0.0000399983792868038,0.00004000056943779713,1.4468941338802832,20.601847343061966,9.685506852324844,0.05881405363085013,0.00016249016910125668,0.0003932907975273775,0.0014082886311915666,0.0011599999999999736,0.0011599999999999772,0.001159999999999962,0.0010015999999999988,0.0010015999999999866,0.0010015999999999936,0.6941738138862341,9.814672280356064,-0.49454908407736864,0.004014598607180626,-0.04294688248805332,-0.005298585298819142,-8.796000385284424,-21.211125717163085,7.441500301361084,984.2382568359375,0.07377576875226012,24.138246395134413
2025-03-01T16:49:22Z,40.339254815548514,-76.17986974973213,75.6661996078451,-3.566638906226682,-22.358541168680336,-0.6406163553343508,1.5029678485497282,0.04233083964180159,3.639449113466392,0.0009999999985796744,0.0010000000027693178,0.0010000000003675474,0.0009999999969086922,0.0009999999934133513,0.0009999999967735848,0.00004099842310272625,0.00004100058636353109,1.4200134653935264,21.993600583613887,9.668465169063529,0.05049427732795674,0.00015990123174240578,0.00040264904449559166,0.0014183497548660795,0.001160999999999974,0.0011609999999999776,0.0011609999999999622,0.001001609999999998,0.0010016099999999874,0.0010016099999999944,-0.17288442394308304,9.913381472266957,0.00031605298535005073,0.002838266567418605,0.004843939837444372,-0.0018959346542455047,-8.901750373840333,-21.651000785827637,8.773687868118285,984.0235473632813,0.13696084255005592,24.999640816452548
2025-03-01T16:49:23Z,40.338504277457716,-76.17994390567249,76.5972790145799,-4.264768319477387,-21.469402925186245,-0.3464113292793387,1.5100989953055293,0.032963090699049374,3.6381429715091773,0.0009999999987067023,0.0010000000025110105,0.0010000000005642828,0.000999999997176282,0.000999999993662337,0.0009999999969243678,0.00004199846942767905,0.00004200060451555366,1.3806042611116305,23.45317403877185,9.714005575764116,0.042584005349447625,0.00015848159636213448,0.0004125616229901485,0.0014280799555792512,0.0011619999999999727,0.0011619999999999766,0.0011619999999999615,0.0010016199999999971,0.0010016199999999865,0.0010016199999999937,-0.094280206308832,9.88897473716459,0.30009685077295206,0.000048985146573507976,-0.0016384040930352058,0.008380779667218499,-8.240250310897828,-24.55143838882446,7.084875249862671,983.9843969726562,0.11595477071890956,26.84897703909809
2025-03-01T16:49:24Z,40.337738146244526,-76.18003789598328,77.63042846117938,-5.042681117939457,-20.720827156364077,-0.15953781835758987,1.523368184169338,0.025698242470320726,3.628188148881553,0.0009999999988476076,0.0010000000029213507,0.001000000000449201,0.0009999999975847864,0.0009999999933782958,0.0009999999969581993,0.00004299851323737448,0.000043000623874382664,1.3334446552084334,24.989577819569323,9.81123940209001,0.03632466532472956,0.00015797280951778452,0.00042334976786006893,0.0014378600859456402,0.0011629999999999722,0.001162999999999976,0.0011629999999999607,0.0010016299999999966,0.001001629999999986,0.0010016299999999934,0.1432754361486079,9.817496618112022,0.30669345344781757,0.007440114829292143,-0.010101885442182709,0.005760237342843262,-9.115875353813172,-21.889125843048095,9.308812851905822,983.8904223632812,0.04522986574053437,25.473209641456084
2025-03-01T16:49:25Z,40.336715780762304,-76.18010625226668,79.11027617989599,-5.911567025615818,-19.687975142559882,0.12909671506719234,1.5376026773909617,0.026447158584403177,3.6127822042996645,0.0009999999990748093,0.0010000000033190898,0.001000000000506096,0.0009999999979646635,0.0009999999931500844,0.0009999999966962768,0.00004399854937010102,0.00004400064439787858,1.283105818719595,26.63056686606985,9.954817920925045,0.0313626994646282,0.000158606723489881,0.00043457842499760544,0.0014478530077827307,0.0011639999999999728,0.0011639999999999765,0.0011639999999999613,0.0010016399999999955,0.001001639999999985,0.001001639999999993,0.19995722129062815,9.900659631726205,0.3214328481548941,0.007888082169859338,-0.015110976652518126,-0.002730783577770286,-9.86306293964386,-20.905875720977782,8.613937828540802,983.6194287109375,0.12968328251992883,24.668462789720174
2025-03-01T16:49:26Z,40.33597111108674,-76.18024326517036,80.2035042405533,-6.313953421375153,-18.929218171097023,0.386745938722429,1.5445481611815353,0.023199710553115243,3.6137372282045694,0.000999999999183537,0.001000000003209949,0.0010000000005323249,0.0009999999981428031,0.0009999999930996547,0.0009999999970273894,0.000044998570471021243,0.00004500066606063483,1.231890793985819,28.36614688647988,10.126810497763847,0.026926338278531935,0.00016229961925677712,0.00044397617177597995,0.0014577890296968725,0.0011649999999999727,0.0011649999999999766,0.0011649999999999612,0.001001649999999995,0.0010016499999999846,0.0010016499999999924,-0.09486925772121636,9.953612888270326,0.4064074738943988,0.003333635183468204,0.0009652821739823663,0.002302175123408846,-10.265812911987304,-19.85625075340271,9.769500379562379,983.7146630859374,0.18406679029562834,24.394635796663728
2025-03-01T16:49:27Z,40.33575085724983,-76.18045499435107,80.74179223849723,-6.360066513414956,-18.955780566333132,0.4683310119842328,1.5505473362316844,0.010355556415110462,3.6187237657576117,0.0009999999991097178,0.0010000000033735285,0.0010000000005591617,0.000999999998171031,0.0009999999930266437,0.000999999997042123,0.0000459985663082848,0.00004600068886136183,1.1821022854828023,30.187516597862366,10.320545179266041,0.023775473406813588,0.00016757949484132856,0.00045276061573586206,0.0014674910020200428,0.0011659999999999733,0.0011659999999999772,0.0011659999999999598,0.0010016599999999943,0.0010016599999999837,0.0010016599999999925,-0.08379166174582826,9.874817139940232,0.13196117903611476,0.005424261432562468,0.004660680306137097,0.012775000619415016,-10.3743754196167,-20.003625755310058,9.823687901496887,983.9254150390625,0.09776579998680271,24.58200648491075
2025-03-01T16:49:28Z,40.335728078528085,-76.18068627100807,81.1147064046295,-6.415174470666885,-19.019255328664034,0.42986882715460883,1.551591572297422,0.003928852777044715,3.6240703732512602,0.0009999999991378346,0.0010000000035429617,0.0010000000006015713,0.0009999999980158832,0.0009999999930773028,0.0009999999970878668,0.00004699852408067604,0.000047000712815699245,1.1352826212541527,32.07540838546815,10.543939386576383,0.02114578977011641,0.0001739741354093028,0.00046130036317766843,0.0014773423202848247,0.0011669999999999743,0.0011669999999999782,0.001166999999999959,0.0010016699999999934,0.0010016699999999827,0.0010016699999999936,-0.011748088710096891,9.774543431763325,0.22521980626614513,0.0012406723964011911,0.005151207775499588,0.0066282992482862586,-11.820937938690186,-21.195563259124757,9.892312903404235,983.9582153320313,-0.0011370784320065418,26.207664038427495
2025-03-01T16:49:29Z,40.33626372225947,-76.18095181339356,81.03662294609038,-6.433392455544225,-19.25123804334996,0.2750920116206147,1.5465438486695517,0.0013771892550765367,3.632536819438161,0.0009999999991806097,0.0010000000036424527,0.0010000000005589123,0.000999999997663937,0.0009999999929929857,0.0009999999970059408,0.000047998426943345834,0.000048000737957974806,1.091196306659156,34.02883077452247,10.795732659904598,0.018889708308930282,0.00018162931009896362,0.0004692802906524631,0.0014872610543107234,0.0011679999999999742,0.0011679999999999779,0.0011679999999999588,0.0010016799999999935,0.0010016799999999827,0.0010016799999999944,-0.059863435234633194,9.692404261267615,0.3540948780606073,-0.003616537485499465,0.008244420409606008,0.0035102183976286365,-12.090000457763672,-21.738188447952272,9.927000377178192,984.1257446289062,-0.07920261449305327,26.781701777135407
2025-03-01T16:49:30Z,40.33707869088143,-76.18122169948663,80.75495591706616,-6.495274271843292,-19.340556280548878,0.1501802810170205,1.5425657151786634,0.0009415720818668658,3.641401909172176,0.0009999999992950643,0.001000000003572809,0.001000000000587546,0.000999999997763924,0.0009999999927931696,0.000999999996938455,0.000048998252452880494,0.00004900076433684845,1.0494048938464549,36.06746895237237,11.086187015171584,0.016939508054034397,0.00019013349762526973,0.00047704338965615914,0.0014972184214716228,0.0011689999999999737,0.0011689999999999763,0.0011689999999999583,0.0010016899999999928,0.0010016899999999822,0.0010016899999999945,-0.12989337943164028,9.720240774786804,0.5769464289850865,-0.0024457132546929685,0.00866184454467804,0.0016470807721355727,-11.082937936782837,-20.88431324958801,8.68800033569336,984.1975708007812,-0.040033915095748496,25.188585335637818
2025-03-01T16:49:31Z,40.337587589058096,-76.1814702047742,80.6143496209629,-6.479275154170155,-19.32334956090201,0.10696283991289783,1.543436776553903,6.28199012787067,3.6563771991960343,0.0009999999991955842,0.001000000003516021,0.0010000000006018695,0.0009999999974347159,0.0009999999930127956,0.0009999999967749932,0.00004999797279081811,0.00005000079200788041,1.010289900605387,38.20936685185632,11.416126537040677,0.0155387535143808,0.00020021695769511263,0.0004838194151009594,0.0015071467460166898,0.0011699999999999742,0.0011699999999999773,0.0011699999999999588,0.0010016999999999923,0.0010016999999999817,0.0010016999999999934,-0.15265003619590115,9.780780539962446,0.46983688536447454,0.0016111961095186852,0.014784846006687032,0.0031033087727755024,-11.790000448226928,-21.002438220977783,9.114000351428986,984.1154736328125,0.01499839387028937,25.75206583582487
2025-03-01T16:49:32Z,40.33773682177363,-76.18170374056675,80.56684906900877,-6.297359965239131,-19.27570076669028,-0.01402891526378769,1.5408730361705687,6.2773793015036725,3.6744257216816347,0.0009999999986548937,0.0010000000036860116,0.0010000000009429764,0.0009999999972767262,0.0009999999932545738,0.0009999999969812555,0.00005099755644014792,0.00005100082102139494,0.9747928013941544,40.42242104391716,11.77864836188031,0.014526840161480125,0.00021146078646985526,0.0004899866400146453,0.0015170222041295236,0.0011709999999999733,0.0011709999999999774,0.0011709999999999579,0.0010017099999999916,0.001001709999999981,0.0010017099999999925,-0.19529720115457003,9.691447169618268,0.29036603935561495,-0.002303178125920356,0.01783499773607505,0.005302088334947188,-12.532125492095947,-22.555500774383546,8.235375349521638,984.0379907226562,-0.08049206675588176,27.085483679261575
2025-03-01T16:49:33Z,40.33634585510791,-76.18190850706229,80.9090732665422,-6.124016474506318,-18.593643620355582,-0.05440165957311666,1.5400502211231433,6.279953357353068,3.692917493376882,0.000999999998683901,0.0010000000039088368,0.0010000000007842468,0.00099999999717659,0.0009999999934244951,0.000999999996758371,0.00005199696576818698,0.000052000851434508425,0.9425960643990804,42.72623942265859,12.196593334524326,0.013698682984731493,0.00022339560539382953,0.0004959760479335113,0.0015270913757841765,0.001171999999999972,0.0011719999999999777,0.0011719999999999584,0.0010017199999999924,0.0010017199999999816,0.0010017199999999924,-0.2454209504943081,9.721587522909513,0.5602934302590273,-0.0016734533535019687,0.01861026130895777,-0.0028451121857462703,-12.223688020706177,-22.542001056671143,8.249250357151032,983.75166015625,-0.037513879943696204,26.93710714919753
2025-03-01T16:49:34Z,40.3337753946193,-76.18210571374621,81.41139160258088,-5.768702458157599,-17.7992852709122,-0.1609391476157657,1.5415381353151951,6.279219291397858,3.715450259483137,0.0009999999983318396,0.0010000000042579495,0.0010000000005552891,0.0009999999968955647,0.0009999999930824027,0.0009999999968411616,0.00005299615516394421,0.00005300088329601318,0.913393481303798,45.1048978352156,12.65712283230784,0.013188642258265378,0.00023660500757762988,0.0005012162074984807,0.0015370946371370997,0.0011729999999999712,0.0011729999999999777,0.0011729999999999586,0.0010017299999999928,0.001001729999999982,0.0010017299999999928,-0.36183765843518717,9.639921751654212,0.4281926236194477,0.0002624539210910688,0.02257938045948972,0.00020136737371546356,-12.849562997817992,-22.082438354492187,7.939500327110291,983.5572290039063,-0.12220049275708295,26.754033093511268
2025-03-01T16:49:35Z,40.33277570885281,-76.1823127698194,81.40518495423989,-5.414980626730293,-17.400671589641156,-0.22885844497430324,1.5429400175862644,6.28053570160646,3.739370127775146,0.0009999999986141054,0.001000000004604287,0.0010000000004727996,0.0009999999971360596,0.0009999999931902246,0.0009999999966376191,0.00005399507379146404,0.0000540009166280805,0.8876389006905478,47.601859802634024,13.178665191888594,0.012995596007294698,0.00025058589162543435,0.0005061651451800852,0.0015471368366627473,0.00117399999999997,0.001173999999999977,0.0011739999999999578,0.0010017399999999923,0.001001739999999981,0.0010017399999999927,-0.3925455441594827,9.71940333747438,0.31632816360835336,0.0010904591990300477,0.023927789436272925,-0.0009624466869812388,-13.48218801498413,-22.742250862121583,7.333125281333923,983.7850854492187,-0.04598147509987537,27.436313402400963
2025-03-01T16:49:36Z,40.33301269497328,-76.18251539154883,81.07234997227036,-5.231787398875217,-17.2905505754666,-0.31320039061771354,1.540892224269436,6.27404953528987,3.757939728753326,0.000999999998511831,0.0010000000045828246,0.0010000000005308128,0.0009999999969912204,0.0009999999930557727,0.0009999999964444867,0.000054993670966912625,0.000055000951444046286,0.8658274273446636,50.202713231899345,13.769833409915211,0.012916453048103495,0.000263917745745832,0.0005121628782262445,0.0015569207086268777,0.0011749999999999697,0.0011749999999999775,0.0011749999999999582,0.0010017499999999922,0.0010017499999999814,0.0010017499999999922,-0.17583295839080232,9.725000301168873,0.29786747118740653,-0.0018857538982293219,0.01832368915200102,0.007053233816915026,-14.428688125610352,-22.69368835449219,8.480062856674195,983.967177734375,-0.04731239105451685,28.197502003882754
2025-03-01T16:49:37Z,40.32991569499479,-76.18274539611306,81.22722890705505,-5.208944302382698,-16.569811498202885,-0.3312574812180416,1.5421432604874485,6.2775827326084,3.777894260018851,0.0009999999985767288,0.001000000004602849,0.0010000000008125055,0.000999999996660551,0.000999999993345997,0.0009999999964220199,0.00005599189278327043,0.000056000987746977674,0.8476360287434342,52.89908205617399,14.43133783986863,0.01298469205880383,0.00027780164965634385,0.0005178346206890709,0.0015670332066679386,0.001175999999999969,0.0011759999999999768,0.0011759999999999577,0.0010017599999999913,0.0010017599999999805,0.0010017599999999913,-0.2565135792960122,9.736192900970963,0.6366872303735124,0.0006696968456394792,0.01999338615677751,-0.0032398376336156415,-12.448687992095948,-22.30200077056885,6.999937794208527,983.6271044921875,-0.018178469761190443,26.482928395618654
2025-03-01T16:49:38Z,40.325556455579225,-76.1829976104847,81.46074805768374,-5.277170338650438,-15.849374283370786,-0.40116518929080447,1.5442004293777634,6.278751978576698,3.7935566887997703,0.0009999999984519484,0.001000000004409386,0.0010000000010227373,0.0009999999969505363,0.0009999999932029542,0.0009999999964608877,0.000056989678332724666,0.000057001025505806673,0.8327575826392211,55.67476659881451,15.152447464507087,0.013215943961192751,0.0002910099593454809,0.0005243401044478142,0.0015770670854145844,0.0011769999999999684,0.0011769999999999762,0.001176999999999957,0.0010017699999999917,0.0010017699999999813,0.0010017699999999917,-0.2790773705658851,9.673927226828054,0.6272140116703008,0.0013708561331328005,0.015575965996935854,-0.0007321210687575286,-12.207375497817994,-22.093125820159912,6.923812775611878,983.5184594726562,-0.08035965584954512,26.17370314421504
2025-03-01T16:49:39Z,40.32116438091192,-76.18325746585349,81.56602177060839,-5.4200155184362195,-15.089735000850878,-0.4691068883881585,1.544713410728084,6.275541016326187,3.8114612271302653,0.0009999999981689521,0.0010000000041695356,0.001000000000751646,0.000999999996823155,0.000999999993493497,0.0009999999965922663,0.00005798696434897723,0.00005800106465567856,0.821364928106648,58.54345899217849,15.937563357740467,0.01371535740385171,0.0003049532128230896,0.0005301396352250502,0.001586921806194013,0.0011779999999999688,0.0011779999999999766,0.0011779999999999558,0.0010017799999999925,0.001001779999999982,0.0010017799999999927,-0.34221651001275,9.679044396713932,0.730166835718076,0.00007919454181039417,0.017661918764707248,0.004039634184648051,-11.491687994003296,-21.617063369750976,7.053187806606292,983.5367846679687,-0.0661183217315739,25.4774641397141
2025-03-01T16:49:40Z,40.319607075391914,-76.18346393230192,81.25910357832707,-5.437808130977913,-14.647982524687933,-0.47811935735829325,1.547865868616195,6.275584864745676,3.830769800585204,0.0009999999984173099,0.0010000000040181656,0.0010000000006706985,0.000999999996898053,0.0009999999938993644,0.0009999999967566012,0.000058983694199492935,0.00005900110510915835,0.8137423425010082,61.53523780062819,16.78910384708411,0.014154190958270856,0.00031944329169124325,0.0005352302128361139,0.0015968947247785635,0.0011789999999999685,0.0011789999999999763,0.001178999999999956,0.0010017899999999933,0.0010017899999999827,0.0010017899999999933,-0.23373142257171073,9.775720203332952,0.5363259726598916,0.0031533796316421496,0.01921111218436092,0.0006298072282560844,-11.513250398635865,-22.133625984191895,6.8598752617836,983.8041577148438,0.01446839548533524,25.874844561879563
2025-03-01T16:49:41Z,40.36245803069935,-76.17688860946882,81.75008059275282,22.206366658628536,0.9879958910255644,-0.6106011323042414,1.5292542870256336,6.203360517664649,3.840029318390512,0.0009999999985881496,0.0010000000039318555,0.0010000000007706399,0.0009999999967716367,0.000999999993587966,0.0009999999968315684,3.0693943259774817e-10,3.069390430500952e-10,0.6488218418312557,0.5777312550509449,0.5572416008022849,0.012350201307969794,0.00015774299859424294,0.0001751713268328376,0.0015522397126883098,0.0011799999999999678,0.0011799999999999756,0.0011799999999999565,0.001001799999999993,0.0010017999999999824,0.0010017999999999932,-0.3271018465878137,9.696791099544322,0.6274349904699373,-0.001414879025195404,0.01971849684317178,-0.000317867560270179,-11.036250467300414,-22.683000869750977,6.7498127818107605,983.6965747070312,-0.0579472936121997,26.112729818484766
2025-03-01T16:49:42Z,40.362566994907525,-76.17687159886707,81.63253173193759,22.744231615604992,1.9013118209179298,-0.6969896407411313,1.5256020466577755,6.206581061530125,3.8551353461994586,0.0009999999987977525,0.0010000000041893962,0.0010000000008509602,0.00099999999662835,0.0009999999933982206,0.0009999999969560857,1.000306946906538e-6,1.000306963528236e-6,0.6708736147166702,0.6260716671673174,0.6082964640997472,0.013569233155397977,0.000167623363319993,0.0001849381632517839,0.001562656103797482,0.0011809999999999672,0.001180999999999975,0.0011809999999999557,0.0010018099999999936,0.0010018099999999815,0.0010018099999999936,-0.2517678181384541,9.690290632879776,0.7693293671202901,-0.0020588323922248047,0.014923208396619373,-0.0018144864984535728,-10.612687892913819,-20.714813175201417,7.315500259399414,983.4403369140625,-0.05658438908569253,24.397677789940897
2025-03-01T16:49:43Z,40.36268129886028,-76.1768437869558,81.65505118194535,23.307120126812283,2.8778395382993316,-0.696261286219413,1.523387993363107,6.209356379602214,3.8743211606778303,0.000999999999015274,0.0010000000041857924,0.001000000001033232,0.0009999999963248055,0.0009999999928603954,0.0009999999972729692,2.0003069704636894e-6,2.000307042337255e-6,0.6954749329772038,0.7139542611549236,0.6936896184404179,0.015155553060432586,0.00017750895170532362,0.00019445795746343431,0.0015728615330755666,0.0011819999999999676,0.0011819999999999754,0.0011819999999999563,0.0010018199999999938,0.0010018199999999803,0.001001819999999994,-0.365179755907189,9.759166605960846,0.8282111146148395,-0.000043646047611864696,0.019040871122140573,-0.0004517233904134985,-10.1240629529953,-20.877375860214233,6.620812764167786,983.3147778320313,0.0203127077174022,24.12870014963347
2025-03-01T16:49:44Z,40.36279700738058,-76.17680542946985,81.67560847255635,23.91117295174095,3.8275866967824608,-0.7220206381217346,1.5144696926526222,6.208268187440797,3.8974564815438906,0.0009999999989858093,0.0010000000041184797,0.001000000000579095,0.0009999999963411941,0.0009999999925210694,0.0009999999974517784,3.000307010345232e-6,3.000307187056316e-6,0.7231757511494366,0.8427366195077044,0.8142876429788153,0.01705153943942132,0.0001874974300509521,0.000203540363412964,0.0015822201419596388,0.0011829999999999673,0.001182999999999975,0.0011829999999999556,0.0010018299999999935,0.00100182999999998,0.0010018299999999935,-0.42672303327322875,9.729532932277309,0.8263184310634533,-0.006324704945777812,0.022894994123217414,0.004243256184438356,-10.011375412940978,-21.742875862121583,6.166687755584717,983.3276953125,-0.006971680668549236,24.718531546530063
2025-03-01T16:49:45Z,40.362909737407264,-76.1767574688012,81.61101237281584,24.192509235061912,4.727881629263885,-0.7867598801086342,1.516327404071464,6.211626367524457,3.905438319779507,0.0009999999991820343,0.0010000000041803687,0.001000000000581408,0.00099999999615566,0.0009999999922339273,0.0009999999972649344,4.000307054315589e-6,4.000307413152469e-6,0.7541097517344275,1.0132921807285522,0.9667547150874729,0.018819402397607796,0.00019725958729722239,0.00021207168059403798,0.0015924009548735675,0.001183999999999967,0.0011839999999999748,0.0011839999999999553,0.0010018399999999926,0.0010018399999999791,0.0010018399999999923,-0.21266673830807412,9.660786329546703,1.0414861407176463,0.003391216577376458,0.008135432802672891,-0.0005718938723912013,-9.206625347137452,-19.174313163757326,7.15087530374527,983.3872583007812,-0.06186366961102896,22.4398966448784
2025-03-01T16:49:46Z,40.36300000769526,-76.17670465285582,81.68814295163641,24.349717252512235,5.236810549692804,-0.8699806434573374,1.5108599534865164,6.212738386244977,3.9060146712423713,0.0009999999995524557,0.0010000000043072926,0.0010000000003833652,0.0009999999957971053,0.00099999999201523,0.0009999999973283027,5.00030705585454e-6,5.000307739127513e-6,0.7869834988579889,1.2197078414301428,1.1501123415870618,0.019886798525337417,0.00020698605976945378,0.0002198980584493161,0.0016019024258897248,0.0011849999999999675,0.0011849999999999754,0.0011849999999999558,0.001001849999999993,0.0010018499999999795,0.0010018499999999912,0.032220354895304525,9.6028728396056,0.8937960301917441,-0.003983056472572964,0.000761326776861298,0.002573558923690642,-9.550125379562378,-19.316063299179078,6.33618777513504,983.2578930664063,-0.13657995196749315,22.460190957101805
2025-03-01T16:49:47Z,40.36305199332665,-76.1766517942434,81.89198750081017,24.31825089660218,5.606802958074635,-0.8511785857870313,1.5055744040526564,6.216029032037937,3.9004462043877677,0.0009999999993093324,0.0010000000042658674,0.0010000000007824215,0.0009999999960179525,0.0009999999916157193,0.000999999997674131,6.000306903369998e-6,6.000308186361818e-6,0.8197063400702224,1.469457255743831,1.3640220441562376,0.02061673016395308,0.00021650174387335893,0.00022698217350926794,0.0016115954610859524,0.0011859999999999664,0.0011859999999999742,0.0011859999999999547,0.0010018599999999935,0.0010018599999999792,0.0010018599999999907,0.14595919045912775,9.665126171743536,1.0279137302583596,-0.0037388772240140268,-0.005093294430432677,0.0011906016339149705,-11.158875436782838,-18.928500633239747,6.677250281572342,983.1611352539062,-0.06032473279403593,22.96501607153162
2025-03-01T16:49:48Z,40.363048624241394,-76.17660288441849,82.27244493136162,24.455522538124573,5.709792877782092,-0.7551184227264599,1.5059868990291534,6.220515089339356,3.9030334937416398,0.0009999999996617077,0.0010000000040986756,0.001000000000612444,0.0009999999959085292,0.0009999999918565833,0.0009999999979996045,7.000306386266163e-6,7.000308777893051e-6,0.8506486216657047,1.7601936882373699,1.6110845057103367,0.02108076314645954,0.00022595856092491495,0.0002331918026801843,0.0016212854684803657,0.001186999999999967,0.0011869999999999748,0.0011869999999999552,0.0010018699999999941,0.0010018699999999798,0.0010018699999999902,0.062194053095585816,9.744535146990403,0.7981243082350388,0.0029298966528000557,0.0032353291031928257,0.0015045454561744172,-10.700250444412232,-18.98362581253052,6.651750273704529,983.0731958007813,-0.003703095712131921,22.784136221236206
2025-03-01T16:49:49Z,40.36302627392825,-76.17655390061077,82.48288495435187,24.82919301245289,5.9754494497010455,-0.7737391505242412,1.5025706914166435,6.224805258383624,3.922336894175119,0.000999999999372122,0.0010000000039352423,0.001000000000444415,0.0009999999961242657,0.0009999999920794322,0.0009999999978372168,8.000305163047577e-6,8.000309538321185e-6,0.8795707061141376,2.096679802542295,1.8859167974276585,0.02205324141546292,0.0002355943819903692,0.00023828923199229615,0.0016310139567643001,0.0011879999999999666,0.0011879999999999742,0.001187999999999955,0.0010018799999999945,0.0010018799999999802,0.001001879999999991,-0.266962236622631,9.673142026897146,0.7487112164578175,-0.0002873247458507779,0.01985085106411537,0.002115410381056901,-13.14918800354004,-18.184688138961793,6.570000257492065,983.197734375,-0.07535298469417977,23.3826119842763
2025-03-01T16:49:50Z,40.36296948863165,-76.17650581830775,82.61357195611923,25.146533354776857,6.2406037097162255,-0.7835874111133383,1.5022259137139788,6.2388492947426935,3.940636164955458,0.000999999999469281,0.0010000000040532766,0.0010000000003897516,0.0009999999957780788,0.0009999999921654153,0.0009999999977969671,9.00030274042472e-6,9.000310492152072e-6,0.9068818545586117,2.4795708483928016,2.1843175992170862,0.02297133963937194,0.00024504178400884275,0.00024239760561541938,0.0016426076334115959,0.0011889999999999672,0.001188999999999975,0.0011889999999999555,0.0010018899999999947,0.0010018899999999803,0.001001889999999991,-0.35423554265143187,9.681380254147456,0.7998110600168052,0.00234974245334461,0.019521551400488432,-0.007701987997954576,-13.584188060760498,-18.673313217163084,5.646937740445137,983.2394677734375,-0.06031380540926766,23.772006011595256
2025-03-01T16:49:51Z,40.362838774413255,-76.17646375855864,82.80588489148951,25.477437915811755,6.416658762823686,-0.8200427511147669,1.5020628416696982,6.254633717347561,3.9667984757037886,0.000999999999184412,0.001000000004084671,0.0010000000001934932,0.0009999999955952789,0.0009999999919538488,0.0009999999981069047,0.000010000298465485973,0.000010000311663411325,0.9324311563932972,2.9064789480434956,2.5031709324710647,0.02394003359926598,0.00025484082614471865,0.0002452778097050458,0.0016544164681379912,0.001189999999999966,0.0011899999999999738,0.0011899999999999543,0.0010018999999999942,0.00100189999999998,0.0010018999999999905,-0.56016277533344,9.642673435842912,0.7400970523949539,0.002553196778959364,0.02753756639264933,-0.008126755915406715,-12.334875478744507,-18.776250658035277,5.710500211715698,983.1875122070312,-0.09391142700432563,23.179822846491447
2025-03-01T16:49:52Z,40.36261391985141,-76.17642879165072,83.09986874497996,25.364818626307997,6.964001511133154,-0.7979063761455354,1.4986198213961306,6.259631551705696,3.994191931223476,0.0009999999996521609,0.001000000004215053,0.0010000000006923917,0.0009999999959515468,0.0009999999919135865,0.0009999999980007605,0.000011000291540923298,0.000011000313072755564,0.9574116555123834,3.4038614820211115,2.8301104913331723,0.025626401248834092,0.0002650599220634016,0.00024700823127599136,0.001663927691643027,0.0011909999999999666,0.0011909999999999744,0.001190999999999953,0.0010019099999999934,0.0010019099999999791,0.0010019099999999898,-0.7807855920776142,9.63917245026477,1.3487088685874098,-0.0009549363077404217,0.028063644155234088,0.0037141735737161556,-12.786563024520873,-18.60056329727173,4.981312685012817,983.1121923828125,-0.01687798174064246,23.114676384423543
2025-03-01T16:49:53Z,40.362292421426595,-76.17640030900759,83.51429834499311,25.054723691187668,7.336001860389296,-0.7195839706204435,1.4888439926193302,6.254691414834125,4.018260722759858,0.0009999999995217324,0.0010000000039905874,0.0010000000007342128,0.0009999999961892722,0.0009999999915402806,0.0009999999976065344,0.000012000281067743937,0.000012000314735470496,0.9822108597112938,3.952165911053429,3.1638581434284547,0.026930624428327145,0.0002754587222624925,0.00024775389867969595,0.0016713831598592196,0.0011919999999999659,0.0011919999999999737,0.0011919999999999533,0.0010019199999999943,0.00100191999999998,0.0010019199999999906,-0.6591857453407346,9.667199825282651,1.4624503295017313,-0.007342812792307701,0.02398436952648663,0.014241076213046511,-12.0375004863739,-18.534750709533693,3.924937671124935,983.0451904296875,0.01813450902932971,22.44640829040767
2025-03-01T16:49:54Z,40.36192915132436,-76.1763766299128,83.9304267813007,25.10100171405234,6.977581547883615,-0.6353319766903838,1.4905334590182366,6.262765161703277,4.042448122842181,0.0009999999993503773,0.0010000000037380275,0.001000000000520497,0.0009999999961238489,0.0009999999919317751,0.0009999999974754847,0.000013000266062190318,0.00001300031666756421,1.0034046570157096,4.512656340360878,3.5129075915685246,0.026355344153803983,0.0002857408245552332,0.0002476222848715219,0.001681415497728184,0.0011929999999999667,0.0011929999999999747,0.0011929999999999543,0.001001929999999995,0.0010019299999999799,0.0010019299999999916,-0.35828830366037145,9.729373414353512,0.7521808138507217,0.0038869183790792997,0.02507374510526055,0.0010056725831015189,-13.003687982559205,-19.538625717163086,3.1680001240968703,983.0521240234375,-0.01623398535337234,23.683065725439825
2025-03-01T16:49:55Z,40.361633292032764,-76.17634897204792,84.19874155454862,25.31971443044791,6.506858717450936,-0.4737488979168474,1.4894379996939233,6.254798737232416,4.067040960792081,0.0009999999990104918,0.001000000003879966,0.0010000000006049248,0.00099999999605646,0.0009999999919282473,0.0009999999976114567,0.000014000245427715321,0.000014000318893322337,1.0174152495597557,5.110814857633434,3.877652651247851,0.025076038530523266,0.0002964005766412434,0.00024693886863069405,0.0016887827334907193,0.0011939999999999661,0.001193999999999974,0.0011939999999999546,0.001001939999999995,0.001001939999999981,0.0010019399999999915,-0.20544904857433371,9.860567520700688,0.49596180343453744,0.0005572041815708794,0.024067987943838458,0.015300575910170085,-12.813937978744507,-19.48875075340271,3.7576876540482043,983.1629052734374,0.09400644296166578,23.62469505056078
2025-03-01T16:49:56Z,40.361230944546584,-76.17634026297384,84.55691242119927,25.512327753312597,5.445678215946576,-0.5870383458070206,1.4892654413860973,6.281631766628077,4.078304179168072,0.0009999999990831635,0.001000000004193889,0.0010000000005199957,0.0009999999957709944,0.0009999999922118581,0.0009999999974564244,0.000015000217871221073,0.000015000321447450205,1.0218954789588075,5.704637247208652,4.242606879903723,0.022754934746210112,0.00030633890379037573,0.00024664067026326596,0.0017026329646407674,0.001194999999999966,0.0011949999999999736,0.0011949999999999543,0.0010019499999999943,0.0010019499999999802,0.0010019499999999908,0.09766405663489904,9.601118110652857,0.14284852056719094,0.0008834995033733357,0.013569124416758909,-0.02006916181473247,-13.505438041687011,-17.119875774383544,3.5066251277923586,983.09251953125,-0.17836763029629193,22.08576843727518
2025-03-01T16:49:57Z,40.360670179319705,-76.17635709445155,85.02054203320284,25.541887546810727,4.36841839633312,-0.48115977868272947,1.4860241560193337,0.01194573469980299,4.094168111503857,0.0009999999988438762,0.0010000000042795327,0.0010000000004357535,0.000999999995728781,0.0009999999920477988,0.0009999999970613505,0.000016000181791137722,0.00001600032437946803,1.017182828986156,6.359384325423641,4.639317352350881,0.02103524406972255,0.00031683236845541865,0.00024652939945258776,0.0017139496227803984,0.001195999999999965,0.001195999999999973,0.0011959999999999536,0.0010019599999999932,0.001001959999999979,0.0010019599999999897,-0.11240354631041083,9.802982750309987,0.28649175488774686,-0.002707416929590982,0.017007993570408456,-0.005769251381602817,-12.518438024520874,-17.32406316757202,2.6793751148507,982.983720703125,0.026888456537688787,21.540921668316024
2025-03-01T16:49:58Z,40.360031684717505,-76.17638773676268,85.46749167119573,25.79980412688264,3.3405618740502936,-0.5520818124499541,1.4776855793234047,0.014481022566526433,4.12059434537079,0.0009999999990019416,0.0010000000041787502,0.0010000000005354458,0.000999999995925389,0.000999999992308629,0.000999999997171586,0.000017000135269824618,0.00001700032775277578,1.0072955246496134,7.0405714343544235,5.069451212040802,0.020343939598733908,0.00032771934870761495,0.0002466478084360449,0.0017232205204132374,0.001196999999999966,0.0011969999999999735,0.0011969999999999544,0.0010019699999999935,0.0010019699999999792,0.00100196999999999,-0.3466831129877132,9.64845608774393,0.11493225688319542,-0.008615447645946076,0.02644819063440766,0.005831504147489242,-12.583313064575195,-17.472000617980957,2.179312594085932,982.9428857421875,-0.12544393116426766,21.641574954249155
2025-03-01T16:49:59Z,40.35910265169184,-76.17644936635763,86.11144912206814,25.663831609088405,2.218258521869341,-0.4787627854816362,1.476239904082725,0.027740657015410564,4.145548243898164,0.0009999999990327622,0.0010000000039821313,0.0010000000005646482,0.0009999999957695474,0.0009999999923422562,0.0009999999973661004,0.000018000076058596965,0.0000180003316409912,0.9952320389012226,7.767919914165525,5.542134030336147,0.019709166927009827,0.00033845994735881617,0.0002476268177006946,0.001734448665919851,0.001197999999999966,0.0011979999999999736,0.0011979999999999545,0.0010019799999999935,0.0010019799999999796,0.00100197999999999,-0.3260250783428503,9.75382014019866,0.3662583960068956,-0.002647332112799076,0.02573034106967162,-0.0038465297564893646,-13.110750513076782,-19.713188180923463,2.3066250976920126,982.7634716796875,-0.014546035568948916,23.786964021912812
2025-03-01T16:50:00Z,40.35808070132872,-76.17652033750588,86.73324223515128,25.343685474958743,1.1842243054191353,-0.4868208341685262,1.4818089806219628,0.0347451671394833,4.165845728794739,0.000999999999316163,0.0010000000038832685,0.0010000000002526061,0.0009999999959658195,0.000999999991985517,0.0009999999970484118,0.000019000001544451417,0.000019000336126102267,0.9821403629293282,8.518332675137009,6.055607954657006,0.019094092365790863,0.0003485989663871033,0.00024968690440120014,0.0017445670061117231,0.0011989999999999668,0.0011989999999999746,0.001198999999999955,0.0010019899999999925,0.0010019899999999784,0.001001989999999989,-0.35023442702674246,9.670906768294557,0.4433981592827861,0.003540761558611336,0.020308999873284023,0.0013009243331180195,-13.462125511169434,-19.06518832206726,1.3456875508278607,982.7093383789063,-0.09316644782354361,23.37773976674847
2025-03-01T16:50:01Z,40.356937448375305,-76.1766000871813,87.29835492732816,24.9304778551491,0.13691104999953663,-0.5304186245983213,1.4818726571972374,0.041293480536105834,4.184824500504309,0.0009999999992437382,0.0010000000038841537,0.0010000000007638378,0.0009999999958355,0.0009999999916177674,0.0009999999973908955,0.00001999990869961183,0.000020000341299374672,0.9687201660001626,9.284195840336361,6.623299627183101,0.018641698351888704,0.00035811610873490363,0.00025281914683425715,0.0017546868894168,0.0011999999999999674,0.001199999999999975,0.0011999999999999557,0.0010019999999999927,0.0010019999999999793,0.0010019999999999899,-0.31944481065956165,9.646222773230168,0.37985760420628706,-0.002740964697423236,0.01876147570580482,0.0010769401958313878,-11.293500413894654,-19.770750761032104,1.0213125330209731,982.6498657226563,-0.12146291414246825,22.79180749726408
2025-03-01T16:50:02Z,40.3559276973033,-76.17666988248963,87.59039958287467,24.46632112179388,-0.6689066591731683,-0.5794250799761517,1.4734874922216694,0.03615029025816205,4.207773995196478,0.0009999999991851796,0.0010000000040943937,0.0010000000005342014,0.0009999999956627691,0.000999999991789118,0.0009999999971235306,0.000020999794050364818,0.000021000347261915755,0.9553926494485157,10.072589097938398,7.248424177245922,0.018076819925928952,0.00036660533496106506,0.0002570720030837164,0.0017627831776711417,0.0012009999999999669,0.0012009999999999749,0.0012009999999999554,0.001002009999999992,0.0010020099999999785,0.0010020099999999892,-0.2692707227423064,9.653490252006273,0.5570768519928522,-0.011499864316781806,0.021624528708043596,0.011595330619526379,-14.249813060760498,-22.470563373565675,1.1017500379681586,982.7248974609375,-0.10705363021161891,26.630706415280315
2025-03-01T16:50:03Z,40.35441733633799,-76.17676382764718,88.10652224743649,23.68870797259259,-1.6908347738227838,-0.5612242978616431,1.477958867375551,0.041506062471758184,4.225108236744541,0.0009999999995966935,0.0010000000043794291,0.0010000000004784782,0.0009999999953819421,0.0009999999920179902,0.000999999997325454,0.00002199965360519013,0.000022000354124940908,0.942307788580728,10.87272302882275,7.944068047868918,0.017731829586081806,0.0003744065789485664,0.0002625502577122856,0.0017727625252118965,0.0012019999999999676,0.0012019999999999754,0.0012019999999999561,0.0010020199999999915,0.0010020199999999794,0.0010020199999999898,-0.1281785238594361,9.70819693310646,0.5193990431186678,0.00024209165318053098,0.01664381078291499,0.0014027348524784581,-13.925063076019287,-21.604313316345216,-0.9586875432729721,982.5302172851563,-0.05730750973302372,25.721006798473788
2025-03-01T16:50:04Z,40.35248321193195,-76.17687034123107,88.75708811307496,22.62765683986936,-2.7720562498800922,-0.5784270719762767,1.4859739617831045,0.04330855800701108,4.2377012928657924,0.0009999999997346344,0.0010000000045042666,0.0010000000006207426,0.0009999999957255173,0.0009999999920812944,0.0009999999974077576,0.000022999482764962024,0.000023000362008626428,0.9298402934109932,11.674173099107877,8.705158684363536,0.01760631057432616,0.00038119322364499157,0.0002691363225077433,0.0017820107355170378,0.0012029999999999673,0.0012029999999999751,0.0012029999999999556,0.0010020299999999923,0.0010020299999999784,0.0010020299999999888,-0.03975588250046603,9.66953388376267,0.4453987164652595,0.002730280854257922,0.011299912545002616,0.0044151656163394955,-14.858625583648681,-21.675750885009766,-1.8470625681057573,982.3726953125,-0.1002384465395775,26.344370946552594
2025-03-01T16:50:05Z,40.3502331276528,-76.17697784937711,89.50052256371796,20.949276462862723,-3.790579385659608,-0.4501585830013444,1.4912695296778626,0.050585975687155796,4.241682720383338,0.0010000000000267158,0.0010000000046834904,0.0010000000003653423,0.0009999999957254315,0.0009999999922776935,0.0009999999972126242,0.000023999275938113107,0.000024000371030353302,0.9168439625771097,12.502388502495652,9.527755283928547,0.016747718069520263,0.00038750313918959174,0.00027662139961680314,0.0017923573157350155,0.0012039999999999666,0.0012039999999999748,0.0012039999999999553,0.0010020399999999931,0.0010020399999999788,0.0010020399999999896,0.19305791756413096,9.79709033075518,0.7830482203632905,-0.00045022138378301155,0.00299098353049342,-0.002435532347462074,-15.383063144683838,-21.647438220977783,-2.20350008264184,982.2547778320312,0.05024675065529927,26.647756091534472
2025-03-01T16:50:06Z,40.34848384752769,-76.17706254106075,89.88975634315065,19.618129377109764,-4.432817959020528,-0.5292921531402275,1.4886649981421087,0.05806683592952937,4.249027724377404,0.0010000000001793993,0.0010000000049896415,0.0010000000004215552,0.0009999999958774707,0.0009999999919204192,0.000999999997047197,0.00002499902638821706,0.000025000381296790556,0.9026708202916358,13.342864776386744,10.403517133598964,0.016107009937994618,0.0003932329615690927,0.0002851468351302837,0.0018030643243556234,0.001204999999999966,0.0012049999999999737,0.0012049999999999544,0.0010020499999999928,0.0010020499999999777,0.0010020499999999891,0.024363922212246175,9.620101172760412,0.8350921064698519,-0.00724100189849443,0.006707077092064318,-0.004359756019322271,-15.955125646591187,-20.908500766754152,-1.8266250752657651,982.4076928710938,-0.12359405425856425,26.364091217910293
2025-03-01T16:50:07Z,40.34653840359436,-76.17713976367583,90.2472363517905,18.095815559482745,-4.886327555898749,-0.4923106226656091,1.4927072886624975,0.07591156913257657,4.2533662423499745,0.0009999999998063299,0.001000000004630025,0.0010000000004503524,0.0009999999958482382,0.0009999999913834355,0.0009999999972858345,0.000025998726412016873,0.00002600039290856034,0.887947162096596,14.238316654186063,11.34741197244721,0.015468343357929808,0.00039935259506145634,0.00029436787551584783,0.0018159069239382136,0.0012059999999999664,0.0012059999999999742,0.001205999999999955,0.0010020599999999923,0.0010020599999999772,0.001002059999999988,-0.08223829134864748,9.725392542724624,1.0232457720561348,-0.0006344821994976405,0.00446023029912963,-0.015653244053331898,-16.10887572288513,-21.035250663757324,-2.6446876141428945,982.3625512695312,-0.00042511304142222326,26.626477447243783
2025-03-01T16:50:08Z,40.34386776235871,-76.1772082955572,90.80847814852304,16.35333159501551,-5.306718886944224,-0.4956694497237141,1.4974815431377255,0.09201053376785706,4.260875843876201,0.0009999999997166362,0.0010000000045832325,0.0010000000001972613,0.0009999999959344856,0.0009999999913057093,0.000999999997347374,0.000026998366988806973,0.000027000405962114506,0.8733949430759246,15.174645095698805,12.345558135127071,0.015465907887226293,0.0004054775491818873,0.0003042606148517113,0.0018285795246599955,0.0012069999999999674,0.0012069999999999752,0.0012069999999999557,0.0010020699999999912,0.0010020699999999769,0.0010020699999999877,-0.13942479151188586,9.6845877558344,0.9195587469036844,-0.0012545263329330667,0.007043052780104211,-0.014215041704051202,-16.258688163757324,-19.58887565612793,-2.1448125872015953,982.1789892578125,-0.050644337854509766,25.547340423303474
2025-03-01T16:50:09Z,40.341572313016286,-76.17726273083638,91.17744089646656,14.81915200975251,-5.676840892113394,-0.39560265049610444,1.5102486101595292,0.10066327485958956,4.258817313053674,0.0010000000001021414,0.0010000000047400235,0.0010000000000137065,0.0009999999960313942,0.0009999999915199177,0.0009999999972024345,0.00002799793780238208,0.00002800042054568936,0.860379982058973,16.195755496130122,13.4032786290048,0.015941499388774316,0.0004118509011919724,0.00031408724934286103,0.0018399806531436496,0.0012079999999999663,0.0012079999999999739,0.0012079999999999546,0.0010020799999999905,0.0010020799999999764,0.0010020799999999868,-0.16418265837207194,9.820634714716096,0.917883127236511,0.008848942528593829,-0.002759991820434656,-0.008573221049855624,-15.728813190460205,-20.216250743865967,-1.9432500667497516,982.2664038085937,0.08506108670787717,25.687856205729773
2025-03-01T16:50:10Z,40.33978480485473,-76.1773107615557,91.31405239595507,13.88726315996427,-6.104182945961523,-0.4799254363748213,1.5287153197360106,0.11088246933700298,4.260932861909044,0.0010000000001469727,0.0010000000045147883,0.0009999999997441721,0.0009999999958309374,0.000999999991482321,0.0009999999974836134,0.000028997428600649292,0.000029000436727407907,0.8513612687537087,17.27553365047021,14.493872951870527,0.017154813667221644,0.0004186434581819455,0.00032405101314118736,0.0018518908048199387,0.001208999999999966,0.0012089999999999738,0.001208999999999954,0.0010020899999999909,0.0010020899999999768,0.0010020899999999874,-0.2699532667399474,9.68143711788975,0.45945883940919485,0.01542208113780439,0.0016979860235987407,-0.010570215066794264,-15.62156315803528,-20.59575080871582,-0.5915625205263495,982.3871508789063,-0.08359855675212569,25.85663344311951
2025-03-01T16:50:11Z,40.337548509886474,-76.17734093449366,91.5558983970128,12.833395893599468,-6.36648900468324,-0.34390965777466337,1.5313702549662094,0.10346762812351731,4.267183805057076,0.0010000000002132767,0.0010000000048389801,0.0009999999996360431,0.00099999999618665,0.0009999999915705853,0.0009999999972665227,0.000029996830926319737,0.00003000045454229413,0.848340488824159,18.47897637200564,15.627877834801206,0.018683796934610742,0.00042414631511899896,0.00033371480688840346,0.0018601224997672864,0.0012099999999999652,0.0012099999999999728,0.0012099999999999535,0.001002099999999991,0.0010020999999999767,0.0010020999999999875,-0.25316362324247554,9.897309612269655,0.45259941209148746,-0.001095134679368275,0.004880825276813191,0.006387958933275904,-13.89206304550171,-20.825250701904295,-0.540000022649765,982.3089770507812,0.13122915847391187,25.039359534671107
2025-03-01T16:50:12Z,40.33499783113094,-76.17734775797044,91.81127518004111,11.871200086768656,-6.353043680231834,-0.5266155273042884,1.5281771858242015,0.10817080647180835,4.270539389775882,0.0010000000003089207,0.0010000000052464242,0.0009999999995134016,0.0009999999962564392,0.0009999999915792914,0.0009999999975780082,0.00003099613926371548,0.00003100047397103204,0.8516295005335327,19.74246148357987,16.722744319454012,0.020141019513704304,0.0004313511451401115,0.00034234884992491124,0.00187119339731337,0.0012109999999999647,0.0012109999999999723,0.001210999999999953,0.001002109999999991,0.0010021099999999766,0.0010021099999999875,-0.30896803733294204,9.562719804164864,0.4514788316800921,-0.0066097750669085594,0.002502291294172728,-0.006731947895093237,-13.038188018798827,-19.982813158035277,-0.5488125194609165,982.2579028320313,-0.20129923582872744,23.8664183939131
2025-03-01T16:50:13Z,40.331294534928915,-76.17729476665008,92.31114485001372,10.815843678144978,-5.943994893455939,-0.3611489807817606,1.5340565347231647,0.09025741933031138,4.270605818865944,0.0010000000000572858,0.0010000000048100968,0.0009999999995823463,0.0009999999961570734,0.0009999999917340312,0.000999999997469775,0.00003199535284054152,0.00003200049495102227,0.8612828820846118,21.1589378105937,17.835684537813208,0.02187799271558325,0.00043727443375115893,0.00034951216092823326,0.0018779103478070264,0.001211999999999965,0.001211999999999973,0.0012119999999999516,0.001002119999999991,0.0010021199999999766,0.0010021199999999874,-0.23106989772772885,9.885624797180014,0.45120359903808915,0.0020135993068289178,-0.0019162970453035133,0.013884738555213515,-12.207750453948975,-21.6468758392334,-0.15225001070648433,982.05361328125,0.11891765262005712,24.852304671772732
2025-03-01T16:50:14Z,40.32753721692102,-76.17720677073508,92.8034994417335,9.885125344767495,-5.258460421088434,-0.49464300618046303,1.5386660529699465,0.0889152838795926,4.27291334973058,0.0010000000000586788,0.001000000004626539,0.0009999999995136096,0.000999999996354962,0.0009999999918594866,0.0009999999975775322,0.000032994476312139046,0.000033000517378950455,0.8765827587819381,22.64196613513421,18.85784937186105,0.023321297033392824,0.0004451137077310021,0.00035498893096616476,0.0018882997356387825,0.0012129999999999645,0.0012129999999999726,0.0012129999999999517,0.0010021299999999898,0.0010021299999999757,0.0010021299999999863,-0.18387441363090606,9.579665697812132,0.4913330668868002,0.001017856544562402,0.001125508809086698,-0.0034659911409619477,-11.71293797492981,-21.983250827789306,-0.3088125129789114,982.0200537109375,-0.18574848685446274,24.91082204467599
2025-03-01T16:50:15Z,40.324112000698555,-76.17710094068886,93.09812592090967,8.891210569278165,-4.363296511335215,-0.5536011634694229,1.5390077004720986,0.0867633729009902,4.27230999151093,0.0009999999997942512,0.0010000000045036178,0.0009999999996390197,0.0009999999962969038,0.000999999991975506,0.0009999999979820944,0.000033993518130134776,0.000034000541157177554,0.8951742366757124,24.254170493073094,19.818823188965755,0.02445585037894329,0.0004535637563777036,0.00035840505111391985,0.001898621134425891,0.0012139999999999653,0.0012139999999999731,0.0012139999999999527,0.00100213999999999,0.001002139999999976,0.0010021399999999864,-0.2333829577925891,9.647060361539664,0.8230881153697666,-0.0021504621984618734,-0.001559959290315188,-0.0029649487546634804,-11.470125465393066,-20.996813259124757,-0.18075001072138547,982.055888671875,-0.09494129477811493,23.92613995657664
2025-03-01T16:50:16Z,40.32101636659998,-76.17698345985002,93.22141280524103,8.31152839464455,-3.6062887524496503,-0.6609782597113052,1.535066374942266,0.08847631457561585,4.273636553699201,0.0009999999996584718,0.001000000004253369,0.000999999999621249,0.000999999996056083,0.0009999999919998444,0.0009999999976703742,0.00003499249112136375,0.00003500056623765893,0.9160072645144905,25.951053326016037,20.717622035441373,0.025647322574416764,0.0004629518415507336,0.00035974448681639796,0.0019098078102555325,0.001214999999999965,0.0012149999999999728,0.0012149999999999533,0.0010021499999999899,0.0010021499999999755,0.0010021499999999864,-0.22431704030205057,9.61312608036779,0.6051294327081417,-0.005821826192973324,0.0007249416718902986,-0.0067706693424817435,-11.879437971115113,-20.23856321334839,-0.30450001813471317,982.1022729492188,-0.14518019245005367,23.469358999421605
2025-03-01T16:50:17Z,40.31888984678355,-76.17689879211235,93.00017833434295,8.084943093510452,-3.206089652464615,-0.788554195309455,1.5337649309635166,0.07809733036182125,4.273662211921713,0.0009999999997946827,0.0010000000042606509,0.0009999999998952884,0.0009999999961418185,0.0009999999917046564,0.0009999999974947351,0.00003599141535564221,0.0000360005925787456,0.9387241996296507,27.725294057131535,21.558891325092517,0.026330281569742868,0.0004717877242105194,0.000359031972906243,0.001918293934573408,0.001215999999999966,0.0012159999999999738,0.0012159999999999543,0.001002159999999989,0.0010021599999999748,0.0010021599999999855,-0.2427548439539658,9.620260635053832,0.4217718877765102,-0.002181005602542081,-0.0007047486945458071,0.006554361025687683,-12.796500568389893,-20.16843822479248,0.014249996803700942,982.2617114257813,-0.1474272287138428,23.88543681821686
2025-03-01T16:50:18Z,40.3161215194674,-76.17675522793644,92.81724872206595,7.996604348680082,-2.3961744075476656,-0.9013353918133902,1.5325034656059602,0.07412366772573778,4.275719704741531,0.0009999999997651226,0.0010000000045303817,0.000999999999954778,0.0009999999963559091,0.0009999999916287846,0.0009999999971784653,0.00003699031405255855,0.00003700062017420614,0.9612696530782541,29.559491372072234,22.337041799337786,0.02657420719553464,0.0004815812713432855,0.0003565470654178672,0.0019284420741484504,0.0012169999999999657,0.0012169999999999735,0.0012169999999999538,0.001002169999999988,0.0010021699999999737,0.0010021699999999845,-0.24175783857434324,9.607618593211681,0.4987410129135901,-0.002150461755870509,0.0015859941374809115,-0.001213802663510039,-13.486125621795654,-19.786125679016113,-1.0318125405162573,982.2078125,-0.15648551003712302,23.96723897782753
2025-03-01T16:50:19Z,40.312440293262384,-76.17652416212464,92.71860972497869,7.938309086163281,-1.305014703871817,-1.0899486431979462,1.53600639676244,0.0692545025406211,4.262311327912075,0.0009999999998486545,0.0010000000047409082,0.0009999999999861604,0.0009999999964272652,0.000999999991434272,0.0009999999970878761,0.000037989209785962824,0.00003800064904623859,0.9834290534642065,31.3988248824238,23.03930973018007,0.02790787419047647,0.000491597082843884,0.0003526058653719226,0.0019388840818893272,0.0012179999999999648,0.0012179999999999726,0.0012179999999999528,0.0010021799999999888,0.0010021799999999747,0.0010021799999999853,0.07427584265024972,9.51627554445908,0.624115112848167,0.0039720387064391,-0.013805628345267012,-0.0029652821843496277,-12.642187986373902,-19.893938179016114,-0.943500036932528,982.1087670898437,-0.24318934177958787,23.589859637493518
2025-03-01T16:50:20Z,40.30792443822364,-76.17619800102169,92.75146245807271,8.454547567872648,0.5438290718586312,-1.1076583210860336,1.532616492225947,0.060766644416886666,4.263544193638398,0.0009999999999181367,0.0010000000051894572,0.0010000000000153593,0.0009999999965826084,0.0009999999915741148,0.0009999999972182434,0.000038988122832703414,0.00003900067931069356,1.0037112254762623,33.295678344250724,23.739158502443473,0.027456828032726695,0.0005016176949206022,0.0003474542973545822,0.001949030541292667,0.0012189999999999643,0.001218999999999972,0.0012189999999999525,0.0010021899999999896,0.0010021899999999753,0.0010021899999999861,-0.24777977484325334,9.63306229018691,0.5617121233071029,-0.0034943645328722323,0.0007918699761304397,-0.0008676460983291945,-10.685625410079956,-20.676188259124757,-0.6716250282526016,981.9999877929688,-0.12779876170536716,23.28381529957101
2025-03-01T16:50:21Z,40.30345384141468,-76.17583641791282,92.82657311171107,9.182935056864784,2.5139798761298877,-1.0519377500375184,1.5346706433678918,0.047913308817814054,4.265120659785638,0.0009999999996650386,0.0010000000052547459,0.0010000000000957104,0.0009999999968066033,0.0009999999919065492,0.000999999997269672,0.00003998706621407629,0.00004000071123480427,1.018723591264302,35.212260379464446,24.448415344229335,0.026646994378399697,0.0005113160974697913,0.0003417611777413538,0.001958346130485306,0.001219999999999963,0.0012199999999999709,0.0012199999999999512,0.0010021999999999904,0.0010021999999999761,0.001002199999999987,-0.23537893944860602,9.69973832839697,0.6245466018299434,0.0025800682357716032,0.001155551523548548,0.0033236205313446317,-10.312875413894654,-22.84462589263916,-0.11193749397993084,981.9906420898437,-0.057953169215099874,25.06476218139394
2025-03-01T16:50:22Z,40.30005466615212,-76.17552757257336,92.69349295814891,9.950377475761583,3.9953040356947946,-1.025280722250357,1.5319724810920858,0.03937955235059204,4.268036257065652,0.0009999999998406457,0.0010000000050863448,0.001000000000087428,0.0009999999967472213,0.0009999999919285984,0.000999999997220821,0.00004098604605867721,0.00004100074512771973,1.0277593039882924,37.12021152447597,25.192290457419404,0.025394424016924044,0.0005209530138278956,0.00033614117428663626,0.0019681175824277516,0.0012209999999999637,0.0012209999999999697,0.001220999999999952,0.0010022099999999908,0.0010022099999999765,0.0010022099999999873,-0.19537696116477282,9.707439207071772,0.5127390179558632,-0.0018857541646849817,0.002756818012666834,0.0012194756406576656,-9.526875386238098,-22.484625816345215,-0.7530000294744968,982.1330932617187,-0.05786134020752425,24.431215038409146
2025-03-01T16:50:23Z,40.29641174958329,-76.17517705722538,92.67067152445232,10.785490718895145,5.466692681228906,-1.0032686888294335,1.530852880309627,0.03340705479079947,4.2587060309006155,0.0009999999999684504,0.0010000000051116884,0.0010000000002546752,0.0009999999970138793,0.0009999999919197515,0.0009999999971760018,0.00004198506447981032,0.00004200078127547808,1.0322968158100199,39.00098266210033,25.979758641443077,0.024969374104404387,0.0005304756601414218,0.00033093997816778574,0.0019785215173638666,0.0012219999999999642,0.001221999999999969,0.0012219999999999525,0.0010022199999999899,0.0010022199999999756,0.0010022199999999862,0.04813262865366827,9.696073332463582,0.6364080716165772,0.0006773749393930227,-0.009229149819952306,-0.002354417457428019,-10.378687887191772,-22.835438327789305,-0.43650001116096976,982.0972900390625,-0.06390850234523233,25.087095841879417
2025-03-01T16:50:24Z,40.292500056398794,-76.17478507249001,92.74870841290254,11.981584183144632,7.11535837337277,-1.0084749342040131,1.53173254241895,0.033395571248409875,4.252820860737443,0.0009999999998122552,0.0010000000053064912,0.0010000000001939655,0.0009999999971649688,0.000999999991988834,0.0009999999974778376,0.00004298412043003972,0.00004300081996039727,1.0335611856293365,40.85359566419734,26.835074623197954,0.024068661924152454,0.0005399591948534446,0.00032635831919588826,0.001990273882277543,0.0012229999999999637,0.0012229999999999687,0.001222999999999952,0.0010022299999999894,0.0010022299999999744,0.001002229999999986,-0.045836003180622774,9.65678529057226,0.5819072835715231,0.003072431922228696,-0.005388045348528673,-0.008707077523896229,-9.29287534236908,-22.0246883392334,-0.39450001634657383,982.0452734375,-0.10674455162520635,23.90810780665324
2025-03-01T16:50:25Z,40.287820747983545,-76.17431607304502,93.03745336999773,13.656948331912876,9.426250934021388,-1.0237136748589581,1.5263788077854283,0.023592986966768585,4.256039361431606,0.0009999999997279154,0.0010000000049593032,0.0010000000001342945,0.0009999999973268308,0.0009999999921282453,0.0009999999974583623,0.00004398320267136896,0.00004400086158696337,1.0296962099504698,42.69347883747515,27.780268947452498,0.022535733806706194,0.000548599037403482,0.00032288124909015943,0.002000265459068218,0.0012239999999999638,0.0012239999999999686,0.001223999999999953,0.0010022399999999898,0.0010022399999999746,0.0010022399999999863,-0.3682185157423824,9.605145970021345,0.7757501026700484,-0.0024762565984251675,0.0035814857713973637,0.0000791945199402845,-9.634687886238098,-21.987938423156738,-0.4770000204443932,981.9044506835937,-0.13797109985409578,24.01086682072603
2025-03-01T16:50:26Z,40.28364621592227,-76.17387893204268,93.18311655193841,15.449347659579532,11.32636620601388,-1.0043558810736777,1.526708398014811,0.018982098456326195,4.25930258025328,0.0009999999999144868,0.0010000000050919054,0.0010000000003297384,0.0009999999973096228,0.0009999999921808448,0.0009999999977003743,0.000044982291736282644,0.000045000906607200746,1.0200961796088301,44.51639591582819,28.860668783934504,0.02084035403384854,0.0005567493872068785,0.00032087431891792106,0.002011022487517527,0.001224999999999963,0.001224999999999968,0.0012249999999999525,0.001002249999999989,0.001002249999999974,0.0010022499999999856,-0.33756423416373704,9.669729965455145,0.6061493239140657,0.0034513014954390903,0.0038894216404309605,-0.0035961749339022304,-10.021687898635864,-22.305000762939454,-0.9440625459328293,981.9514453125,-0.0870623791669059,24.47112674766328
2025-03-01T16:50:27Z,40.279391541768966,-76.17344052051317,93.3345929151225,17.349664763776502,13.183483356650864,-1.0018907135677142,1.524439384384087,0.009842531822204272,4.261492191507255,0.0010000000000129799,0.001000000004922465,0.0010000000003399971,0.0009999999976304074,0.0009999999922268151,0.0009999999974069816,0.00004598136508996763,0.00004600095540985599,1.0060094052282675,46.32106367676971,30.071234833456227,0.019443353130130514,0.0005641698038287475,0.00032051060219216585,0.0020206835433681323,0.0012259999999999639,0.0012259999999999678,0.0012259999999999522,0.0010022599999999896,0.0010022599999999736,0.0010022599999999862,-0.3622763356882224,9.655275685623163,0.6808348106924872,0.0014129159984035322,0.0027262751818439733,0.001402734789570898,-11.419875431060792,-20.168250827789308,-0.8250000372156501,981.9275390625,-0.09584689322580382,23.191596643798757
2025-03-01T16:50:28Z,40.27520492344064,-76.17302006601605,93.44169748210702,19.240758358496457,14.66824513805149,-0.9742312102944839,1.5208521723729294,0.001727719127175887,4.257752712684518,0.000999999999913007,0.0010000000052787553,0.0010000000004502156,0.0009999999974979721,0.0009999999921533444,0.000999999997640484,0.000046980400024366795,0.00004700100832936876,0.9898132265560059,48.103465284420984,31.425984069922023,0.018551603318990764,0.0005712355426116167,0.00032153506116273825,0.002030356373444076,0.0012269999999999649,0.0012269999999999688,0.0012269999999999532,0.0010022699999999894,0.0010022699999999744,0.0010022699999999859,-0.14119587434463157,9.693187539517844,0.6810721363332387,0.0004470484108527401,-0.0031104877126215276,0.0009903177608420971,-13.973625593185425,-20.126250801086425,-1.033687547855079,981.933837890625,-0.06394608837390359,24.523339723701028
2025-03-01T16:50:29Z,40.270093874107,-76.17257220737844,93.7315379085023,21.581210703386454,16.268469272821594,-0.9809943080548176,1.5118241036069089,6.278757813599898,4.249536822353214,0.000999999999728327,0.001000000005045948,0.0010000000003174939,0.0009999999972903656,0.0009999999921079664,0.0009999999973404879,0.000047979374695860875,0.00004800106565980472,0.9733703105319172,49.85586998153757,32.911334486651356,0.01795111326359085,0.0005779492940068995,0.0003237942682738931,0.002040523784949042,0.0012279999999999644,0.0012279999999999683,0.0012279999999999524,0.0010022799999999886,0.0010022799999999743,0.0010022799999999852,-0.1591256980618834,9.63585395717093,0.8086115386109023,-0.003840521193789444,-0.007200277064065187,-0.0017330377717811232,-15.575250635147095,-20.406563205718996,-1.0550625445321202,981.8011889648437,-0.11122621213353409,25.692932680391657
2025-03-01T16:50:30Z,40.26606799277231,-76.17220176049665,93.75641620144816,23.594974184268683,17.39558131284848,-0.8729210711322091,1.5142358464391805,6.276368456559212,4.245425101760498,0.0009999999997738565,0.001000000004757553,0.0010000000006165108,0.0009999999968618252,0.0009999999923993403,0.0009999999970714186,0.000048978263056475736,0.0000490011276829378,0.9565685800290449,51.62914378783258,34.57222610470085,0.017044574355384853,0.0005838321047194736,0.00032764050839031983,0.0020509588547232543,0.0012289999999999638,0.0012289999999999677,0.001228999999999951,0.0010022899999999895,0.0010022899999999754,0.0010022899999999843,-0.22317358179984145,9.793022528325439,0.688531724278808,0.0066968964269744245,-0.003148207679289001,-0.002964948528386687,-12.44268804550171,-21.379125843048097,-1.5515625517815352,981.9492724609376,0.03733012480988843,24.784921328168554
2025-03-01T16:50:31Z,40.26200205899268,-76.1718577465563,93.75875974168264,25.538652376016277,18.35852827765794,-0.9222535844101223,1.5070927628341118,6.271850065991672,4.240116464877556,0.001000000000015011,0.0010000000048183888,0.0010000000007263838,0.0009999999965417674,0.000999999992693291,0.0009999999973190708,0.00004997703502067949,0.00005000119463297776,0.9396429959341697,53.35275280823917,36.33489152295773,0.016570804547890318,0.0005891940808688535,0.00033271405911934246,0.002060752647055889,0.0012299999999999644,0.001229999999999968,0.0012299999999999514,0.0010022999999999894,0.001002299999999975,0.0010022999999999846,-0.21317668691596883,9.63776033219659,0.777491115410669,-0.002737459666453774,-0.004462401763607337,-0.00014128433636356643,-12.093562994003296,-20.684438343048097,-0.8623125300556421,981.9660009765626,-0.11111156668582302,23.975850189055876
2025-03-01T16:50:32Z,40.259180511092836,-76.17157160946383,93.43096632121906,27.02724410613607,19.087985844815734,-0.917926965155615,1.5058217535850034,6.272245405618242,4.244721981089439,0.0009999999999584228,0.0010000000046983832,0.0010000000006587329,0.0009999999964264204,0.0009999999927934493,0.00099999999741853,0.00005097565386378766,0.000051001266710741825,0.9228816175219181,55.10649889754102,38.24609851789278,0.01600788277977304,0.0005931711779231082,0.00033976544421586267,0.0020711500395152087,0.0012309999999999641,0.0012309999999999682,0.0012309999999999524,0.001002309999999989,0.0010023099999999746,0.0010023099999999844,-0.358487704201306,9.728496065770734,0.7184021261522733,0.0019525129464694694,0.005383537171041522,-0.002578067438324336,-11.089687824249268,-21.336938343048097,-1.0021875390410424,982.161142578125,-0.021059092711073066,24.06757234127354
2025-03-01T16:50:33Z,40.255411275839734,-76.17129399479343,93.24534189714488,28.89965425242314,19.755372874663014,-0.8867521195453756,1.4980775077766335,6.2638915587839215,4.2496925215675425,0.0009999999999142047,0.001000000004443878,0.0010000000005688076,0.0009999999962307573,0.0009999999929910677,0.0009999999977400192,0.000051974073675103366,0.00005200134408131906,0.9063279776163669,56.88748633781856,40.2728976146173,0.015745060419109655,0.000596576556080599,0.0003481157912043282,0.0020797159420458504,0.001231999999999964,0.0012319999999999677,0.001231999999999952,0.0010023199999999895,0.0010023199999999752,0.001002319999999985,-0.38408698112965356,9.74504506570315,0.7414026393309733,-0.003538593368348073,0.005341477560757554,0.00624776036013042,-11.851687936782836,-21.265125789642333,-0.5619375236704945,982.107080078125,-0.001972361995205111,24.351208828022514
2025-03-01T16:50:34Z,40.24965465449701,-76.17103702048587,93.35488487104162,31.50915536885756,20.013358056554612,-0.8662784922583356,1.4883792823428577,6.26066998289386,4.247022715032941,0.0009999999998973185,0.0010000000042483985,0.0010000000005323062,0.000999999996009479,0.0009999999929891242,0.0009999999973257533,0.000052972250022249995,0.000053001426820040706,0.8908548583269987,58.68251858740253,42.386615248204954,0.01530535015215258,0.0006001663054778525,0.00035675980222394006,0.0020893543382779385,0.0012329999999999635,0.0012329999999999663,0.0012329999999999516,0.0010023299999999892,0.0010023299999999751,0.0010023299999999857,-0.14911572348690394,9.71374030812137,0.6676344026271775,-0.003769253191571807,-0.0015701402139435164,0.0004966187322760292,-12.46462555885315,-21.031125831604005,-1.4703750625625254,981.9338549804687,-0.044980678952847915,24.49152197255464
2025-03-01T16:50:35Z,40.24316449406003,-76.17082384430994,93.54187097809985,34.08380431077175,19.986631653377593,-0.796173114493156,1.476846774464768,6.260960673656211,4.241382823384312,0.0009999999997412994,0.0010000000039308615,0.0010000000005166818,0.0009999999959482261,0.000999999992994965,0.000999999997136752,0.000053970147364679135,0.00005400151497484943,0.8773883072494828,60.55906952438736,44.57673283800914,0.015170366298327723,0.0006038275860204151,0.00036574883602337254,0.002099532665033276,0.0012339999999999626,0.0012339999999999665,0.0012339999999999506,0.0010023399999999896,0.0010023399999999753,0.001002339999999986,-0.04538685492291714,9.743172032669905,0.866079162628168,-0.005301089148214668,-0.004202032720955222,-0.002554700974601608,-13.820438060760498,-20.51212579727173,-1.1341875453665853,981.883017578125,-0.0011079864189611466,24.759557119790607
2025-03-01T16:50:36Z,40.2359562285221,-76.17065541248918,93.76884139157794,37.23928748239409,19.77684688751206,-0.822723089441256,1.4699656786124768,6.262253116163262,4.247565710542579,0.0009999999997284932,0.001000000003786089,0.0010000000002053382,0.0009999999960274854,0.0009999999932063313,0.00099999999677738,0.00005496771577841089,0.00005500160864558498,0.8641236584008642,62.537664217609176,46.83779716394243,0.014602159023031505,0.0006065554638365775,0.00037633276054160127,0.0021097389830211015,0.0012349999999999636,0.0012349999999999675,0.0012349999999999508,0.0010023499999999887,0.0010023499999999744,0.001002349999999985,-0.37373115880730967,9.694717326926382,0.4417506472360611,-0.0003076862848086924,0.007643736698500514,-0.001590502685419615,-13.394625539779662,-20.210250816345216,-0.950250043720007,981.835849609375,-0.0708436335565591,24.264598321264792
2025-03-01T16:50:37Z,40.22872997666866,-76.17051833391484,93.88327645830041,39.73961638307291,19.189043900933832,-0.8547859350533471,1.4628005374276538,6.257511369464676,4.23800634022737,0.0009999999997302663,0.0010000000038511779,0.0009999999999709673,0.0009999999960598762,0.000999999993357724,0.000999999996396527,0.00005596489861247764,0.000056001708014755786,0.8506927681024885,64.67919824141819,49.12969273938405,0.014300284753304795,0.0006118699631686286,0.00038543962383709684,0.0021186332000235992,0.001235999999999963,0.001235999999999967,0.00123599999999995,0.001002359999999989,0.0010023599999999747,0.0010023599999999856,-0.0006809579972567104,9.667598683671343,0.697823850722002,-0.0017432185752794245,-0.008869974536149072,0.003693477792240301,-13.63087555885315,-20.4896257019043,-1.6387500624731184,981.8607299804687,-0.09002402540482636,24.66391121187779
2025-03-01T16:50:38Z,40.22222706815274,-76.17039473359746,93.82210127493906,41.682549113456616,18.821118553051473,-0.853710973263709,1.4564275920594798,6.258210359556333,4.233747026254726,0.0009999999997035401,0.0010000000038816934,0.0010000000000074867,0.0009999999958620993,0.0009999999935930584,0.0009999999963612738,0.0000569616487691146,0.00005700181328025244,0.83957503308542,67.0728559705304,51.473837545631206,0.014641089396620732,0.0006174371158836828,0.00039500016594594357,0.00212848183109383,0.0012369999999999623,0.0012369999999999662,0.0012369999999999497,0.0010023699999999894,0.0010023699999999736,0.001002369999999986,-0.17991252548101516,9.696600239609166,0.9322008370366544,-0.0021265948442196893,-0.0033508280197332915,-0.0005618798203427201,-13.665938081741333,-21.030188121795653,-1.673062566369772,981.955693359375,-0.03978903707699129,25.136094586299798
2025-03-01T16:50:39Z,40.21578617512457,-76.17028879343287,93.71346093657607,43.4202969641338,18.414538673375404,-0.8178367610711699,1.4524989456403963,6.26185703050542,4.235694235727327,0.00099999999970461,0.0010000000037991607,0.0010000000001816338,0.000999999995765717,0.0009999999936459456,0.0009999999965475037,0.000057957909227348956,0.00005800192463865043,0.8316639060506241,69.70956369462986,53.87093998742517,0.015233030785944297,0.0006232692719931024,0.0004048542082224019,0.002138801443277001,0.001237999999999962,0.001237999999999965,0.0012379999999999492,0.001002379999999989,0.001002379999999974,0.0010023799999999855,-0.27250560735384777,9.741058420177392,0.9139356160312817,-0.00027714343234612904,0.002960440001881437,-0.0022115484843275323,-14.34431305885315,-21.064875774383545,-1.4015625531598925,982.0030737304687,0.0049001988822063814,25.52352019963369
2025-03-01T16:50:40Z,40.20579911816676,-76.17026385471203,93.89901281558747,45.52567445933179,17.314583971587343,-0.8782989059223325,1.4399940934108457,6.262460721241257,4.233926398898168,0.0009999999996905696,0.0010000000037327067,0.001000000000053226,0.0009999999961483972,0.0009999999932769866,0.0009999999965061,0.00005895362635650962,0.00005900204236786515,0.8264893426256036,72.52469165902362,56.27866043618462,0.015703886962995423,0.0006305959407960899,0.00041383384910721445,0.0021483264330442297,0.0012389999999999608,0.001238999999999965,0.0012389999999999491,0.0010023899999999884,0.0010023899999999746,0.001002389999999985,-0.15092406687929266,9.63203322088143,0.7623496534734003,-0.008135101007242847,-0.0010475671080707554,0.0017914518232966176,-14.180625591278076,-21.86118827819824,-1.551187553703785,981.7882983398438,-0.11929988622477922,26.10373950792362
2025-03-01T16:50:41Z,40.35811534455104,-76.16269488258928,95.56133663015116,15.69901156756164,-15.677146784019056,-0.37298118390999996,1.4676221621093641,0.10173315523056886,4.242238085484156,0.000999999999554755,0.0010000000036198612,0.0010000000003176919,0.0009999999956483245,0.0009999999927980004,0.0009999999962503688,3.069390944916862e-10,3.069389248042995e-10,0.617583913963623,0.5396366242070413,0.5382618509146533,0.012665657540129034,0.00018342770526826285,0.00016689385902904317,0.0021184681955813594,0.0012399999999999597,0.0012399999999999636,0.001239999999999948,0.0010023999999999888,0.0010023999999999745,0.0010023999999999851,-0.14201701465714825,9.756372442877533,0.48071507983152706,0.0026142836635022317,0.0021866778347272827,-0.004125591538651021,-14.56312557220459,-21.12412576675415,-1.125937547236681,981.891376953125,-0.009427606033894493,25.682259023474966
2025-03-01T16:50:42Z,40.35811078137003,-76.16288577563226,95.37878054415819,15.892049480236969,-16.703373059344276,-0.5631152285926315,1.4674946366398887,0.1002948168064171,4.242345475778374,0.0009999999992248714,0.0010000000037032174,0.0010000000002997572,0.0009999999957391043,0.0009999999926628834,0.000999999996117074,1.0003069460638356e-6,1.0003069624235908e-6,0.6442451349193883,0.5834374428467106,0.5805249367624649,0.012789733109606911,0.0001933245832401054,0.00017654410341723498,0.002128610532266267,0.0012409999999999585,0.0012409999999999624,0.0012409999999999468,0.0010024099999999883,0.001002409999999974,0.0010024099999999848,-0.14472887655194405,9.635136070883629,0.3597977745585692,-0.000338229995448232,-0.00017533229898373257,0.0019525130384379428,-13.993313026428222,-20.802750720977784,-1.427625057324767,982.0174291992188,-0.13562245282186597,25.11180590715336
2025-03-01T16:50:43Z,40.35810088244388,-76.16308898952782,95.53279861198718,15.748311883703037,-17.73194378952522,-0.5060109683450362,1.4656606028877839,0.09940320396249226,4.23868311833229,0.0009999999994276894,0.0010000000041144744,0.0010000000000257533,0.000999999996067836,0.0009999999925080186,0.0009999999965437808,2.0003069683208883e-6,2.0003070374258913e-6,0.6690310393720174,0.6691291226801864,0.656710681088586,0.01295515710026256,0.00020313592125448715,0.00018620724155900305,0.002138766514656363,0.0012419999999999588,0.0012419999999999625,0.001241999999999947,0.0010024199999999874,0.0010024199999999733,0.001002419999999984,-0.021750871629701993,9.825028135952607,0.6774632866588461,-0.002246765098991306,-0.0038815794095966734,0.0017413808227963214,-13.510500545501708,-19.785000772476195,-0.9399375385418535,981.6894653320312,0.06993024677003608,23.976257312044602
2025-03-01T16:50:44Z,40.358080160158856,-76.16330485363963,95.69757591188355,15.683929804234031,-18.80508458791851,-0.5541278248693139,1.4692888759481912,0.1100304609637255,4.235020333042467,0.0009999999992298205,0.0010000000039876345,0.001000000000282304,0.000999999996250439,0.000999999992389382,0.0009999999961480535,3.0003070063364687e-6,3.0003071737586793e-6,0.6915275902857846,0.7971591957025261,0.7669432021472395,0.013569748486657658,0.00021330835360633193,0.00019596668428059673,0.0021479311336956436,0.0012429999999999588,0.0012429999999999629,0.001242999999999947,0.0010024299999999869,0.0010024299999999726,0.001002429999999983,-0.06293422495019822,9.73180615806168,0.545759973264584,0.002899353882349532,-0.0025780674073198335,-0.009938988059950594,-12.569625511169434,-20.4001882648468,-0.9258750345185399,981.6857495117188,-0.03103684362703326,23.97953215841448
2025-03-01T16:50:45Z,40.35804407254745,-76.16353296974852,95.82632819021408,15.674898053675218,-19.797337329119884,-0.5749583598241373,1.4657368138522249,0.10796960009910919,4.238810090076187,0.0009999999993585754,0.0010000000040161208,0.0010000000000415592,0.0009999999964174497,0.0009999999926054565,0.0009999999961593973,4.000307049331017e-6,4.000307385994541e-6,0.7126332217044247,0.968502726000224,0.914050662788055,0.01453311938969596,0.00022273842200138072,0.00020586525802052417,0.00215812492291826,0.0012439999999999582,0.001243999999999962,0.0012439999999999463,0.0010024399999999875,0.0010024399999999734,0.001002439999999984,-0.20058494336755844,9.751713641178334,0.5110248177742479,-0.005411244873772907,0.003609024960602754,0.003083280484074441,-12.337125501632691,-19.849313220977784,-0.082312505543232,981.6896704101563,-0.011078844781458328,23.371013878335397
2025-03-01T16:50:46Z,40.3579834718486,-76.16377283229299,95.9838778495059,15.591320741510293,-20.83892909411877,-0.6134632038775104,1.4677754485509384,0.1036280623908265,4.236281573201102,0.0009999999992460617,0.0010000000041469183,0.0009999999999857985,0.0009999999965710753,0.0009999999926663477,0.0009999999961890842,5.000307056494033e-6,5.000307693207284e-6,0.7335588067494889,1.1866111866333948,1.0990772405561184,0.01587259695591503,0.00023181909154746177,0.0002158474111997612,0.002168457973078739,0.0012449999999999573,0.0012449999999999612,0.0012449999999999452,0.0010024499999999876,0.0010024499999999744,0.0010024499999999842,-0.07465905645549727,9.73639231427109,0.5238656446889869,0.0003744460061744228,-0.002710421475463236,0.0042636180460674765,-11.760375413894653,-20.25225082397461,-0.20962500263005496,981.6458422851563,-0.027362208606023026,23.420111961885095
2025-03-01T16:50:47Z,40.35789052379754,-76.16402370346634,96.1104269379031,15.379189879451133,-21.82677849540646,-0.6882166194200705,1.4696941110138362,0.10602717244292735,4.231897290256806,0.0009999999994735923,0.0010000000044723821,0.0010000000002706572,0.000999999996411034,0.0009999999925395194,0.0009999999958561277,6.000306929168447e-6,6.000308118847408e-6,0.7554569784390304,1.4507691694438405,1.3224144115222556,0.017451205379960238,0.00024091573750333536,0.00022580924052064473,0.002178154116842501,0.0012459999999999566,0.0012459999999999605,0.0012459999999999449,0.001002459999999988,0.0010024599999999748,0.0010024599999999845,-0.01975031421832218,9.691657697392053,0.5935183615520983,0.000026452831597058952,-0.003681295818817693,-0.0032156364162852008,-14.415188093185424,-19.418813209533692,-0.4567500141263009,981.6306762695312,-0.068184879227074,24.18871854124302
2025-03-01T16:50:48Z,40.35773100079958,-76.16428208408121,96.4187607425373,15.071332161606987,-22.53655235158271,-0.7124647446603328,1.4724081185152704,0.10443453825842881,4.227364085749576,0.000999999999262562,0.001000000004537678,0.0010000000000710601,0.000999999996524326,0.0009999999926591074,0.0009999999956722897,7.000306480657232e-6,7.000308691135401e-6,0.7790928852509341,1.7575197035939025,1.5848427314683171,0.018879717260903962,0.00024948421230882017,0.0002355744271862911,0.002188087332119447,0.0012469999999999573,0.0012469999999999615,0.0012469999999999456,0.001002469999999988,0.0010024699999999736,0.0010024699999999845,-0.1645893074169458,9.689971549347538,0.6864978274104273,-0.0002466001929526243,-0.003911788644569646,-0.00018551389489684705,-14.1710631275177,-19.6689382648468,-1.4520000600069762,981.4583056640626,-0.06229058521205894,24.285633341000825
2025-03-01T16:50:49Z,40.357486219612724,-76.16454324516486,96.89540867655195,14.53992269282876,-23.0998438074498,-0.6935280644126591,1.4733669036582526,0.10923453775913061,4.224830645507116,0.0009999999995616332,0.001000000004681759,0.0010000000000718419,0.0009999999962238624,0.0009999999924878958,0.0009999999958214235,8.000305408708532e-6,8.000309441976823e-6,0.8044643309827577,2.1135960479899594,1.8851630243644732,0.020340819898760337,0.0002581010988510247,0.00024490866618222815,0.002197383037645496,0.0012479999999999562,0.0012479999999999603,0.0012479999999999447,0.0010024799999999883,0.001002479999999974,0.0010024799999999849,-0.10572587297286358,9.703730367655984,0.8327391627408475,-0.003117664460982681,-0.0009999999878084736,-0.0075667963621080725,-14.507625627517701,-20.22543821334839,-1.085812542848289,981.31626953125,-0.037912764508197506,24.914172611920407
2025-03-01T16:50:50Z,40.357165967438476,-76.16480240565829,97.41332980415908,14.001206152013106,-23.172827946852887,-0.6756416555614349,1.4727125954228695,0.10261796728930772,4.229878718563107,0.0009999999995734356,0.001000000004972138,0.0010000000001579572,0.0009999999959949383,0.0009999999921117074,0.0009999999958703292,9.000303278662878e-6,9.000310405295941e-6,0.8304827436901379,2.50364516216574,2.2178407709650405,0.02088741589877966,0.0002659268364828585,0.00025353178725664836,0.0022075100818157237,0.001248999999999956,0.00124899999999996,0.001248999999999944,0.0010024899999999885,0.0010024899999999744,0.0010024899999999848,-0.41566439677144795,9.646233243843774,1.0018672776504878,-0.005761740939396532,0.005551775062329305,0.0034938617610920496,-13.94775050163269,-19.668000707626344,-0.5218125154450537,981.2689770507812,-0.07084794234323359,24.11721006609722
2025-03-01T16:50:51Z,40.35679734090138,-76.16505680826705,97.87370030511435,13.359455834179787,-23.132560632750753,-0.6108055594535695,1.4792525136332273,0.09315015772069364,4.228809383648331,0.0009999999997404297,0.0010000000050300972,0.0010000000001868783,0.000999999995724226,0.0009999999923261556,0.0009999999956507085,0.000010000299516195846,0.000010000311616704336,0.8552937222373995,2.945078801217978,2.5817452321290757,0.02129838180494448,0.0002735349207263001,0.00026129769216593255,0.0022178145247910524,0.0012499999999999569,0.001249999999999961,0.001249999999999944,0.0010024999999999878,0.0010024999999999752,0.0010024999999999843,-0.3156162901651505,9.697548809682326,1.1196784801245638,0.0025022917486187757,-0.0007556543410550138,0.005220639670943718,-13.709625587463378,-20.00343822479248,-1.284750052317977,981.2998193359375,-0.0107995601043681,24.284552237161165
2025-03-01T16:50:52Z,40.356411480086614,-76.16530928245228,98.20211806432663,12.748942451684247,-23.375370365249466,-0.605198764431729,1.4809655024591595,0.08941512091775221,4.2185765340789345,0.0009999999999352257,0.0010000000052868211,0.0010000000003289903,0.0009999999958649356,0.0009999999925335411,0.000999999995832913,0.000011000293422259144,0.000011000313111277267,0.8792522540971425,3.4538930118310027,2.966040365336857,0.022605797272267584,0.00028137281996152506,0.0002681442989446533,0.002227647775827609,0.0012509999999999555,0.0012509999999999605,0.0012509999999999438,0.0010025099999999873,0.0010025099999999756,0.0010025099999999838,0.026811661561386164,9.698600798179724,0.955776011811352,-0.0007346237656025857,-0.009439447648676332,-0.001312943302982428,-14.103563051223755,-19.256438188552856,-1.0586250457912683,981.3793823242188,-0.0322277300103505,23.892240363929762
2025-03-01T16:50:53Z,40.355916215882885,-76.16555338212932,98.63146207959207,12.403478247125193,-23.349022756122686,-0.6030977955936225,1.4827832819762068,0.08795431711079066,4.216299260541678,0.0010000000001440781,0.001000000005366114,0.0010000000007242688,0.0009999999959924531,0.0009999999926035307,0.0009999999960445033,0.000012000284208684096,0.000012000314921059631,0.9031811281188116,4.013429173632139,3.3602683841558676,0.023443103847916247,0.0002895883245724265,0.00027372226965065175,0.002237225382032991,0.001251999999999956,0.0012519999999999608,0.001251999999999944,0.0010025199999999868,0.0010025199999999753,0.0010025199999999833,-0.15828820743964095,9.678286654784955,0.7780232975343057,-0.0014988731464619502,-0.0012239838107233295,-0.003891426836824006,-13.527375593185425,-20.227688312530518,-0.8428125341236591,981.2913305664063,-0.06704927178356593,24.34865728226323
2025-03-01T16:50:54Z,40.35540988075277,-76.16579591195263,98.91258059207293,12.544756640583678,-23.68297948405515,-0.6483027084407493,1.4856270873931834,0.08759314823133138,4.218453076415578,0.00100000000026816,0.0010000000055132203,0.0010000000004671626,0.0009999999966267862,0.0009999999926211499,0.000999999996153387,0.000013000271054454395,0.000013000317072552071,0.9279906947377979,4.651773020256428,3.750873412738477,0.02504501540679213,0.0002980567202480279,0.0002779246984358374,0.0022467490927978594,0.0012529999999999553,0.0012529999999999603,0.0012529999999999436,0.0010025299999999854,0.001002529999999975,0.0010025299999999824,-0.03629413808151588,9.703291661575038,0.19760427817645387,-0.00026696217092012455,0.003113156192881899,-0.004451385872829218,-13.767375621795654,-20.34075075149536,-0.8784375377744437,981.3453686523437,-0.07244228821117435,24.57754901052383
2025-03-01T16:50:55Z,40.35469947765484,-76.16602082138597,99.40757947235183,12.722556979495845,-23.741051675321142,-0.6848538713054775,1.48720978870911,0.0818143368291812,4.215136557943823,0.0010000000001060307,0.0010000000055642789,0.0010000000002666851,0.000999999996691542,0.0009999999927134096,0.0009999999963707896,0.0000140002532017107,0.000014000319584061087,0.9545748135583003,5.35344375854401,4.134318893550615,0.026686928543291077,0.0003061763634952858,0.00028097363079134506,0.002256549749230389,0.0012539999999999542,0.001253999999999961,0.0012539999999999424,0.0010025399999999862,0.0010025399999999756,0.0010025399999999828,0.01010112804465173,9.67988973935936,0.15531800340289162,-0.0017760987381047876,-0.002489608632808245,-0.0013930564442749252,-14.027813053131103,-20.909625778198244,-0.7006875249370933,981.168896484375,-0.09666732962711892,25.188893982174037
2025-03-01T16:50:56Z,40.35394572864087,-76.16623666715522,99.8325827910614,12.794411087431948,-23.570544142228226,-0.704203627060393,1.4877466304706333,0.08075720071840355,4.212883007422693,0.001000000000033801,0.0010000000055718015,0.0010000000006362205,0.0009999999967705655,0.000999999992889944,0.000999999996507785,0.000015000230006862242,0.000015000322466528266,0.9810989546528232,6.108682214929795,4.506054016299113,0.02763468196049846,0.00031446314613689047,0.00028280176277619724,0.002266012681583672,0.001254999999999953,0.001254999999999961,0.001254999999999942,0.0010025499999999864,0.0010025499999999758,0.0010025499999999827,-0.043592243788249024,9.675774056746958,0.3439253853873477,-0.0027715077358197665,-0.0011018108162088377,-0.006100721033046563,-13.980188035964966,-21.828188285827636,-1.4186250561103224,981.1604638671874,-0.09584359704734438,25.96007140748013
2025-03-01T16:50:57Z,40.35315688338705,-76.16644127060977,100.23967534633965,12.740499651450344,-23.114900950079296,-0.6391450734433581,1.4836222528576757,0.07726371471387186,4.211209698287342,0.0009999999997080406,0.0010000000053688987,0.0010000000003661611,0.000999999996553518,0.0009999999925128838,0.0009999999962495415,0.000016000200918254,0.000016000325730506318,1.0044982537449658,6.916843782839011,4.865005554701817,0.027539994308517,0.00032255969277675847,0.00028362443315434134,0.0022756734719894273,0.0012559999999999523,0.001255999999999962,0.0012559999999999423,0.0010025599999999855,0.0010025599999999748,0.0010025599999999818,-0.17026277908652615,9.7312765100142,0.6149360861307762,-0.007323952652093773,-0.0007972126045829704,-0.003586160961636121,-15.6631880569458,-23.196375942230226,0.00675000354647638,981.1496826171875,-0.02570032764332622,27.9893641298006
2025-03-01T16:50:58Z,40.35219256406471,-76.16661839182291,100.82071253529483,12.957234301804162,-22.46416544999875,-0.6658896691130278,1.4911116152601454,0.07061678191942977,4.210164125266981,0.0009999999995953853,0.0010000000051672085,0.001000000000323773,0.0009999999965350551,0.0009999999923518729,0.00099999999668881,0.000017000165431785092,0.00001700032938406739,1.0231928271175739,7.783916934245126,5.1915817178805375,0.02734180132957119,0.0003305310275814978,0.000283732627568962,0.0022854828600221214,0.0012569999999999515,0.0012569999999999621,0.0012569999999999424,0.0010025699999999865,0.0010025699999999759,0.0010025699999999822,-0.19613468655806018,9.63557471338371,0.3592793311541343,0.003805469900556491,-0.00030768670580421243,-0.0014988729285678266,-13.646063060760499,-21.069375762939455,-1.2455625516921283,981.0190014648438,-0.13367668138784464,25.133294485798867
2025-03-01T16:50:59Z,40.35112692572082,-76.1667719106316,101.4854566024273,12.927237797454094,-21.362910030900952,-0.5541465683721335,1.491915705032937,0.06158074963928761,4.210956181020675,0.0009999999992867897,0.0010000000051524837,0.0010000000004239905,0.0009999999964619435,0.0009999999923231246,0.0009999999964018138,0.000018000122970087218,0.000018000333441365685,1.0356157547257123,8.701149682504633,5.510114189226929,0.025941175340897606,0.00033852514033177664,0.00028339787693213683,0.0022954384408366006,0.0012579999999999503,0.0012579999999999614,0.0012579999999999417,0.001002579999999986,0.0010025799999999752,0.0010025799999999812,-0.3010050422838339,9.730217493771248,0.7290854916452079,-0.0030579132479203585,0.0013257927119982073,0.0007499774021428897,-13.544063110351562,-20.326125659942626,-1.268812537267804,980.9314624023438,-0.015920365321818192,24.458136021503282
2025-03-01T16:51:00Z,40.350150220303924,-76.1669213771786,102.02051027926254,12.849598288938145,-20.352110511682366,-0.5353951638379235,1.4870515180694948,0.035490712499715596,4.209007165645485,0.000999999999306202,0.0010000000052815205,0.0010000000002838938,0.0009999999967048678,0.0009999999923475042,0.0009999999963789389,0.00001900007267744389,0.00001900033793134679,1.040300855938769,9.6710445153675,5.812260352916833,0.02433548319848576,0.00034580724619749875,0.00028328106724128863,0.0023067190157420093,0.0012589999999999487,0.0012589999999999609,0.001258999999999941,0.0010025899999999864,0.001002589999999976,0.0010025899999999803,-0.175995093171082,9.658226830795222,0.8318618046512933,-0.007872228847693374,-0.003005672570363325,0.018853105281274905,-12.61800051689148,-20.416313343048095,-0.5591250172257424,980.9656616210938,-0.08257971802585061,24.007289662143823
2025-03-01T16:51:01Z,40.348867321584905,-76.16702814042284,102.7933332648956,12.80653606526993,-19.20315422228667,-0.5620148208522854,1.482466480585557,0.016287851101362785,4.200764405328044,0.000999999999451031,0.0010000000053773947,0.0010000000001289036,0.0009999999967974223,0.0009999999922500385,0.0009999999961294434,0.000020000013518863815,0.000020000342883728102,1.0394024832016848,10.716269408811876,6.103678788362305,0.023454425985870574,0.00035317324845000837,0.0002839416068545334,0.002317512876667153,0.0012599999999999474,0.0012599999999999602,0.0012599999999999406,0.0010025999999999857,0.001002599999999975,0.0010025999999999811,0.21152253058746298,9.595495040252489,0.7999176190939687,-0.007984220423913606,-0.00853399919690551,0.009985384958847187,-11.735625429153442,-19.894500818252563,-0.5735625177621843,980.7608862304687,-0.14717977920596864,23.10503585187277
2025-03-01T16:51:02Z,40.347436422042044,-76.16710784564543,103.68820012970531,13.165963521856694,-17.703685061581172,-0.3738159213214277,1.4806820934194442,0.010973528981206657,4.211924181180271,0.0009999999992126463,0.0010000000053471945,0.0010000000005840233,0.0009999999969776965,0.0009999999921494146,0.0009999999959246846,0.000020999944110292362,0.000021000348337757302,1.0337063661576198,11.830719358367771,6.404843399237987,0.021705230790788732,0.00036271628415743355,0.00028329988321733123,0.0023271670730651067,0.0012609999999999468,0.0012609999999999607,0.0012609999999999408,0.0010026099999999865,0.0010026099999999756,0.0010026099999999802,-0.0914957685140808,9.814633054634093,0.6582814727517113,-0.005441287457416031,0.011980876645174181,-0.0022743041499889566,-12.315000505447388,-20.458500738143922,-0.5255625201761722,980.6335693359375,0.05866806549676773,23.884791542145294
2025-03-01T16:51:03Z,40.345904279954595,-76.16716564333248,104.70998185818287,13.613762705101646,-16.077913601643964,-0.25973614802031475,1.4677061884449722,0.01366829762505517,4.226995140955478,0.000999999999131522,0.0010000000055444607,0.0010000000003276444,0.0009999999970592202,0.0009999999924240348,0.000999999996315004,0.000021999862224031363,0.000022000354348482336,1.0222588991255568,12.997857760745156,6.711471942429974,0.019852609846891918,0.0003729983119972609,0.0002828618714534125,0.0023362551380351117,0.0012619999999999465,0.0012619999999999615,0.0012619999999999396,0.0010026199999999862,0.0010026199999999745,0.0010026199999999806,-0.23410080610602588,9.742892828618105,0.7177640410997342,-0.016383611352575465,0.016552181260148346,-0.009440115057164014,-12.62081298828125,-20.322375802993776,-1.6466250692680477,980.51814453125,-0.006515059516453168,23.97900757846213
2025-03-01T16:51:04Z,40.344452652141065,-76.16722037865307,105.65424461687454,14.168067906724097,-14.399420663966213,-0.15161506923088236,1.4601765246921374,0.0034106398105605657,4.245625980091228,0.0009999999990063827,0.0010000000058415115,0.001000000000427957,0.0009999999973857557,0.0009999999923207851,0.000999999996039745,0.000022999764435276934,0.00002300036098600533,1.0048616291543007,14.217869377951567,7.040561941716972,0.017770684904862655,0.0003836749391081332,0.0002829636283039928,0.0023464607400156216,0.0012629999999999458,0.0012629999999999606,0.0012629999999999406,0.0010026299999999857,0.001002629999999974,0.0010026299999999814,-0.5071408271088328,9.755244002790064,0.8157762846117769,-0.010328205530552834,0.018540162577110008,0.0054065695784766225,-13.523250560760498,-20.113313217163086,-1.803000075519085,980.4880493164062,0.02362501929333597,24.303744608987508
2025-03-01T16:51:05Z,40.34307198583996,-76.16727409974234,106.43352255107172,14.70636669591329,-13.041470333543792,-0.2504318629407365,1.4554045320945614,6.281138450149189,4.2635348471275565,0.0009999999989655764,0.0010000000057977811,0.0010000000004989232,0.0009999999971592832,0.0009999999923233907,0.0009999999962671457,0.000023999646026595265,0.000024000368328966096,0.9831175544578985,15.499494403895065,7.390167278431673,0.016451627600776828,0.0003944076967693599,0.0002842672739438877,0.0023564123053176926,0.0012639999999999446,0.0012639999999999598,0.0012639999999999399,0.0010026399999999848,0.001002639999999974,0.001002639999999981,-0.3453670588069904,9.581337411238868,0.7649425292780689,-0.0070170180875432,0.01810988655088358,0.001972875174680375,-15.02343810081482,-20.04281332015991,-3.3656251430511475,980.4678271484376,-0.16091711106871912,25.27336365107149
2025-03-01T16:51:06Z,40.34189785664348,-76.16734085325535,106.86946283371823,15.19157812230588,-12.290170067627534,-0.3653839490079101,1.4619530218786303,6.272166495082645,4.266807587791613,0.0009999999986107222,0.0010000000056584772,0.001000000000159251,0.0009999999972077336,0.0009999999925020444,0.0009999999961678165,0.000024999501867569803,0.000025000376447494753,0.9612271575669122,16.88623142757487,7.7794774654505705,0.016051862105206077,0.00040358319890438596,0.0002882455598727893,0.002366768637189763,0.001264999999999945,0.001264999999999961,0.00126499999999994,0.0010026499999999838,0.001002649999999973,0.0010026499999999802,0.0030279137601865154,9.609373338057761,0.6064977930397394,0.004762491137456951,0.002909534657493336,0.0054038989947563535,-15.549188051223755,-21.28537572860718,-3.40575012922287,980.5252685546875,-0.1505324081970851,26.57895575655268
2025-03-01T16:51:07Z,40.340924119130676,-76.16742034061909,107.04148185035623,15.593696182899588,-11.578770185216761,-0.3950942450404866,1.4560008052391658,6.277876950849128,4.277662886370358,0.0009999999986812396,0.001000000005860368,0.001000000000387715,0.0009999999973975026,0.000999999992778555,0.000999999996406929,0.000025999326224202782,0.000026000385418090504,0.9408877406899864,18.349169701487426,8.219923819102629,0.01561211358239103,0.00041329488585986076,0.00029251392011736744,0.0023760883206884243,0.0012659999999999458,0.0012659999999999618,0.001265999999999941,0.0010026599999999842,0.0010026599999999738,0.0010026599999999808,-0.1455500249884199,9.703072608316734,0.7245352046033761,-0.007364008905169285,0.011880734765201417,-0.007121165661334,-15.4151256275177,-21.29700075149536,-3.914437667131424,980.5967236328125,-0.04793081774788339,26.580226625684688
2025-03-01T16:51:08Z,40.33972991720462,-76.16748648281126,107.18802830895348,16.10575917660423,-10.840640195610373,-0.5183572090477675,1.4551828425796143,6.276400780005614,4.2903036346748475,0.0009999999986279526,0.0010000000061549132,0.0010000000002459268,0.0009999999973653172,0.0009999999929474878,0.0009999999962596146,0.000026999112106579913,0.000027000395325359673,0.9223455005374996,19.8744865844724,8.700671560207654,0.015762104828384187,0.0004229312586257668,0.00029758050300833695,0.0023859671260236873,0.001266999999999945,0.0012669999999999609,0.00126699999999994,0.0010026699999999844,0.0010026699999999738,0.0010026699999999807,-0.21838793416748195,9.624089279804728,0.5688108307082055,-0.002598429708312193,0.012866630663633296,0.00031335933275957405,-15.496313152313233,-19.697813205718994,-3.7706251442432404,980.5448559570312,-0.13583017933292274,25.34471528073832
2025-03-01T16:51:09Z,40.33789646052571,-76.1675207997743,107.46290586671189,16.55228617729289,-9.92964416923869,-0.583324218197055,1.4565326919067498,6.27592898273976,4.305417252944041,0.0009999999984101914,0.0010000000059037738,0.001000000000062861,0.0009999999975102106,0.000999999992909185,0.0009999999960064977,0.000027998851996154622,0.00002800040625466268,0.9073029289455911,21.478463561741265,9.236877726131882,0.016564539350989952,0.0004322971073331469,0.0003032635470890273,0.0023957377266396987,0.0012679999999999437,0.0012679999999999595,0.0012679999999999397,0.001002679999999984,0.0010026799999999735,0.0010026799999999806,-0.1817954017112632,9.675064803945922,0.4468893306134405,-0.001505716002919277,0.015595994663744282,-0.0009023618007492718,-13.911750621795655,-19.167375755310058,-3.3800626462697982,980.3828881835938,-0.09220152409776862,23.92378480938823
2025-03-01T16:51:10Z,40.33567862083575,-76.16753911150586,107.74591967527654,16.749180906486135,-8.804573044750446,-0.6512460707615638,1.4570819350390438,6.272279880165247,4.318961012812172,0.000999999998699658,0.0010000000059280144,0.0010000000001644835,0.0009999999977590472,0.0009999999930133104,0.000999999995677922,0.000028998537846228728,0.00002900041830205845,0.896599444689126,23.116649849144338,9.829391197532544,0.0174766000879941,0.00044067275751530393,0.0003099128503440827,0.0024057485596231166,0.001268999999999944,0.0012689999999999598,0.001268999999999941,0.001002689999999984,0.0010026899999999734,0.0010026899999999806,-0.28586553868119885,9.6541989475827,0.5359892815593001,-0.0031482080395154495,0.01370147917067434,0.0023292129520525407,-12.158437976837158,-19.81875072479248,-4.126687660217285,980.3009228515625,-0.10611935019647002,23.61435229738096
2025-03-01T16:51:11Z,40.333861381828456,-76.1675733816521,107.76292570627824,16.688845487372426,-7.944922400904879,-0.6631881796101152,1.464717402310251,6.272437472301601,4.327773418038672,0.0009999999984659908,0.001000000006033846,0.001000000000419403,0.0009999999974979659,0.0009999999931975686,0.000999999995556308,0.00002999816128047285,0.00003000043158209187,0.8899677566946667,24.795013146264576,10.490064677463216,0.01798347220244057,0.00044741033494708436,0.00031777832756269133,0.0024155717986684504,0.0012699999999999446,0.0012699999999999606,0.0012699999999999407,0.0010026999999999831,0.0010026999999999723,0.0010026999999999796,-0.1982705770812933,9.709388121051802,0.7130810368733637,0.004382619928290406,0.009226977766096277,-0.0008823333360531285,-12.205125513076782,-21.110063247680664,-4.290187664031983,980.4222119140625,-0.041946578132615944,24.75889822969764
2025-03-01T16:51:12Z,40.33254233947881,-76.16762344792421,107.4684350149171,16.41116557495909,-7.152419036087048,-0.8312446779865772,1.4574165431077173,6.275818248570823,4.337112863768683,0.0009999999983457686,0.001000000005785852,0.001000000000417941,0.0009999999975231397,0.0009999999935031304,0.0009999999952275916,0.00003099771352940124,0.00003100044621928925,0.8856505197159601,26.439172266191026,11.205398856599643,0.017616592828815045,0.0004531063808156803,0.00032610873667560943,0.0024252451614118114,0.0012709999999999438,0.0012709999999999599,0.0012709999999999417,0.0010027099999999841,0.0010027099999999727,0.0010027099999999805,-0.29507790074902857,9.539463081989613,1.0284321822619218,-0.009755728625130636,0.009914117359073014,-0.0031787512595566197,-12.531375513076782,-21.29081329345703,-4.742437682747841,980.5806591796875,-0.1803122094611583,25.155958535936698
2025-03-01T16:51:13Z,40.33064897281801,-76.16765968870332,107.24260467218784,15.83925478184061,-6.331761372455745,-0.8058664534700724,1.4678367453699128,0.010723238585937368,4.346020251688187,0.0009999999983530696,0.001000000005512199,0.0010000000002334613,0.0009999999976151113,0.000999999993221151,0.0009999999954490959,0.000031997185375248645,0.00003200046234829815,0.8820649242293819,28.119519693505847,12.01349883133413,0.017282317347511657,0.0004579404480315931,0.00033483259649974903,0.0024341705024131396,0.0012719999999999427,0.0012719999999999587,0.0012719999999999418,0.001002719999999983,0.0010027199999999722,0.0010027199999999793,-0.33416067168323677,9.714657504393832,1.0422307916378768,0.006808888449462763,0.011084941678231226,-0.017707151953917373,-12.27525047302246,-20.631938343048095,-4.606500194072724,980.5255859375,-0.003557015591583773,24.44536770717062
2025-03-01T16:51:14Z,40.32943770538938,-76.16771048900341,106.79355381019005,15.175865508040415,-5.718420870915345,-0.8019279883921544,1.4750748453465836,0.01921408595415486,4.34386188773889,0.0009999999985564408,0.0010000000055076846,0.0010000000000488611,0.0009999999975846678,0.0009999999930693107,0.000999999995123872,0.00003299656742571199,0.000033000480103652874,0.8777341202636704,29.793924888899603,12.900865089790619,0.01617605661312504,0.0004610589118540684,0.00034503202765489774,0.002443773680497439,0.0012729999999999424,0.0012729999999999584,0.0012729999999999424,0.001002729999999982,0.0010027299999999717,0.0010027299999999786,-0.39169694463670696,9.691971464057788,1.2613120079761266,0.005013512985921387,-0.0012178083207289836,-0.008853618293617761,-12.052312927246094,-20.19956331253052,-4.902375217676163,980.71345703125,0.0018075758777867195,24.027306023182028
2025-03-01T16:51:15Z,40.3279904072098,-76.16775997024094,106.42526703776791,14.396527006327569,-5.221291478169194,-0.7132482924991704,1.4801736496737985,0.013329738762773135,4.34134915820709,0.000999999998685289,0.0010000000057348707,0.0010000000001067402,0.0009999999978239455,0.0009999999929692835,0.0009999999951590607,0.00003399584952850137,0.000034000499610896944,0.8713174524203998,31.506450880679136,13.881791786276198,0.015234928515567101,0.0004639574033943005,0.00035528884906140575,0.002453984135134346,0.0012739999999999418,0.0012739999999999577,0.0012739999999999416,0.0010027399999999811,0.0010027399999999705,0.0010027399999999777,-0.30620452720279184,9.783969663614487,1.1956107120116062,0.002655007753685842,-0.002985310669848599,0.005678788224260663,-11.760750427246094,-20.62912576675415,-5.2117501902580265,980.7349291992188,0.08171702550458407,24.31123071033589
2025-03-01T16:51:16Z,40.325610762484516,-76.16780776820416,106.2282875585794,13.220924045968905,-4.6981622371125225,-0.8499830911659338,1.480117674986708,0.022438192708595713,4.337713889774223,0.000999999998508153,0.00100000000608373,0.000999999999882276,0.0009999999979538076,0.0009999999930647777,0.0009999999949444453,0.000034995020811424943,0.00003500052097895237,0.8629757702457316,33.20402542204566,14.919437263662608,0.01438524439417423,0.0004674464241666184,0.0003655718603412348,0.0024636236803276135,0.0012749999999999415,0.0012749999999999574,0.0012749999999999415,0.00100274999999998,0.0010027499999999694,0.0010027499999999783,-0.26268065279071645,9.540909882273958,1.2005500029120444,-0.003608692769426437,-0.002729948978976076,-0.008963773953757793,-12.912000513076782,-19.857563285827638,-4.947000201940536,980.640966796875,-0.1601075880817374,24.197374189654287
2025-03-01T16:51:17Z,40.323376732852005,-76.16786315659354,105.80570279547916,12.532631269563524,-4.4415143246255955,-1.0119670421097675,1.487765186793285,0.021003352845153544,4.336103287877089,0.0009999999984059422,0.0010000000059285472,0.0010000000000676317,0.0009999999978856002,0.0009999999929812175,0.000999999994630054,0.00003599407155527247,0.000036000544304562564,0.8547160195668925,34.95904012294294,16.037480059747267,0.014249730556638522,0.00047163768321224867,0.0003754496793752847,0.002473673877706109,0.0012759999999999408,0.0012759999999999569,0.0012759999999999406,0.0010027599999999789,0.0010027599999999682,0.0010027599999999789,-0.290810700247435,9.563909664783752,0.740695258983839,0.004670861675374131,-0.0017228564690267142,0.001911788854021606,-13.585875568389893,-20.479688243865965,-5.231812728643417,980.7316284179688,-0.182910784850833,25.126936639615433
2025-03-01T16:51:18Z,40.32093384914043,-76.1679265528455,105.26085238704201,11.616633881531856,-4.1812976419096435,-1.111797797937934,1.4919131657920208,0.025287308958006186,4.336278570297926,0.0009999999984067927,0.0010000000057154184,0.001000000000068242,0.0009999999976576309,0.0009999999931302036,0.0009999999947058991,0.00003699299334557228,0.00003700056969637016,0.8473925225727618,36.78185384546869,17.23858381955842,0.013864555629374595,0.000476798847060939,0.0003849305243579392,0.0024835340628197567,0.0012769999999999418,0.0012769999999999579,0.0012769999999999407,0.001002769999999979,0.0010027699999999684,0.001002769999999979,-0.2896940529709263,9.612444089883597,0.9004161699140389,0.0012398376518972152,0.0004966188835241105,-0.003412915853070155,-13.831125555038453,-20.33887565612793,-5.346187689304352,980.7871899414063,-0.12102293339046394,25.170400283802298
2025-03-01T16:51:19Z,40.319218052138545,-76.16799039626545,104.45778037084136,10.880072561762608,-3.9683011413154134,-1.1758663491564991,1.4856854723964725,0.026583456308586575,4.3391261469761435,0.0009999999980733656,0.0010000000055515163,0.0009999999997401074,0.0009999999978954996,0.0009999999929704228,0.0009999999949153217,0.000037991774963990945,0.00003800059727077604,0.8396550676016596,38.69271479215747,18.520835787882238,0.013470471743614206,0.0004829505855358251,0.0003939404899700998,0.0024934937006926825,0.0012779999999999428,0.001277999999999957,0.0012779999999999398,0.0010027799999999783,0.001002779999999968,0.0010027799999999785,-0.3216382360079684,9.65329409214136,1.031444128858193,-0.00808502994570239,0.0028880041170645334,-0.0004116670362856842,-14.024813089370728,-20.910000801086426,-5.6145002400875095,980.9847485351562,-0.06634428635029492,25.796191489517195
2025-03-01T16:51:20Z,40.315711781826174,-76.16808043141559,103.89489623829083,9.492597193063157,-3.667960971415747,-1.2360244321248313,1.4830726895195552,0.030890646175218868,4.336987199955341,0.0009999999980192834,0.0010000000052057434,0.0009999999996911032,0.0009999999980039253,0.0009999999930779052,0.0009999999948531507,0.00003899040016476204,0.00003900062713589048,0.830843454562072,40.69693973506642,19.872101396046187,0.013200327108062439,0.0004895573087723943,0.0004033200821798058,0.002503387571351843,0.0012789999999999436,0.0012789999999999566,0.0012789999999999406,0.0010027899999999785,0.0010027899999999676,0.0010027899999999782,-0.37671303723575356,9.604228741958153,1.3079537477123355,-0.005530580736008596,-0.001875572676405591,-0.0030362159186418615,-14.636625633239746,-19.88250078201294,-5.726625235080719,980.8628759765625,-0.07974222297277768,25.344354337728078
2025-03-01T16:51:21Z,40.312047183980944,-76.16818269414802,103.24397881199265,8.384552575348856,-3.5476438754284727,-1.317187057761398,1.4888995321624208,0.03320956044330984,4.333530400871403,0.0009999999979223703,0.0010000000052532503,0.0009999999995237248,0.0009999999978616927,0.0009999999929857033,0.000999999994525508,0.00003998885061872547,0.000040000659391553495,0.8218930151512784,42.835966084004916,21.29115669851495,0.013161661552048794,0.0004969573828275024,0.00041268368774329895,0.002513347615557307,0.0012799999999999426,0.0012799999999999576,0.0012799999999999394,0.0010027999999999778,0.0010027999999999673,0.0010027999999999778,-0.38200797282028437,9.60484923477903,1.084831527827525,0.0034913586529588436,-0.0034008989679018683,-0.001062588543721067,-15.261188125610351,-19.816500778198243,-5.752125220894814,980.9447973632813,-0.10648693437920508,25.664798674058
2025-03-01T16:51:22Z,40.307807925389326,-76.16830663369204,102.55099902001103,7.149275230883517,-3.6740438693062156,-1.419259353914454,1.486609931794259,0.03758583862444123,4.324879913521361,0.0009999999976459796,0.001000000005242227,0.0009999999995997323,0.0009999999977024538,0.0009999999928717383,0.000999999994731932,0.00004098711039444679,0.00004100069415142352,0.8135575909808503,45.130072963846345,22.77271425922179,0.013111175883851516,0.0005047859684098246,0.00042248710916983185,0.002523258719028102,0.0012809999999999415,0.0012809999999999569,0.0012809999999999395,0.0010028099999999783,0.0010028099999999675,0.0010028099999999781,-0.20048164786314823,9.580619524950496,1.158561851869503,-0.004054323954755909,-0.008452550034475004,-0.003321286228453324,-15.256688108444214,-19.603500747680663,-5.062500183880329,980.9901440429687,-0.12743605065082164,25.351333182811118
2025-03-01T16:51:23Z,40.303986243971735,-76.16843282370766,101.64336763006371,6.296809229597159,-3.8206835831488815,-1.5363033090208127,1.4898626341881795,0.04365990304466254,4.319254643732732,0.0009999999977290202,0.0010000000053734962,0.0009999999996977605,0.0009999999977522978,0.0009999999928747133,0.0009999999950272744,0.00004198516491077507,0.00004200073155631121,0.8062303298444394,47.57962069884667,24.31818796691427,0.01321045386474554,0.0005137241600814439,0.0004319917213644532,0.002533127507668001,0.0012819999999999416,0.0012819999999999577,0.0012819999999999388,0.0010028199999999776,0.0010028199999999672,0.0010028199999999776,-0.31799016131225266,9.581391723252356,1.0371712190444446,0.002259615096572531,-0.005303592280608577,-0.005038216883476197,-13.99537558555603,-19.847438220977782,-5.645625216960907,981.1584375,-0.1373076296135485,24.93314823720826
2025-03-01T16:51:24Z,40.29971177646929,-76.16857843001254,100.62007067128077,5.939613880829046,-4.091210162158747,-1.7117452397351114,1.4907267718868231,0.044777257679937496,4.323899795446341,0.000999999997451731,0.0010000000051202235,0.0009999999995302532,0.00099999999763762,0.0009999999925425246,0.000999999995099686,0.000042983007535281106,0.00004300077176398951,0.8011269260565261,50.16684796681066,25.916546638602195,0.01303310273354338,0.0005238918632337207,0.0004405320232339581,0.0025431138791831382,0.0012829999999999409,0.001282999999999957,0.00128299999999994,0.0010028299999999771,0.0010028299999999665,0.0010028299999999774,-0.4482983116882185,9.548555810287189,0.6193791530650647,-0.00012442738537898305,0.004487601807879092,0.0007816887422676703,-13.023000526428223,-19.622438259124756,-5.597250216007232,981.2556518554687,-0.2007672517919771,24.206721491870034
2025-03-01T16:51:25Z,40.29360247996166,-76.1687777264311,99.67795480157204,5.392320994901205,-4.5757539120764505,-1.8027636372296836,1.4890455676253296,0.04525789748183337,4.3240988420017255,0.0009999999972353521,0.0010000000050541394,0.0009999999993438435,0.000999999997810206,0.000999999992727863,0.0009999999949615963,0.00004398063876649853,0.0000440008149794427,0.7977559683100826,52.91591269898363,27.591407022999228,0.012912074709915315,0.0005337368412734725,0.000449611878948736,0.0025531275059159793,0.0012839999999999401,0.0012839999999999562,0.0012839999999999401,0.001002839999999978,0.0010028399999999675,0.001002839999999978,-0.329375027202005,9.608416278198208,0.7564081280273426,-0.0021911863204682417,-0.00007352203257119836,0.0015249076527458008,-13.00856307029724,-19.66537570953369,-5.483812742233276,981.2259008789063,-0.13606170470164525,24.2078385370997
2025-03-01T16:51:26Z,40.28478346485996,-76.16905439796408,98.93663465903388,4.576793731072864,-5.119357652781425,-1.9239272199996937,1.4861365584152997,0.05159630089719269,4.323061044812642,0.0009999999970630627,0.001000000004991947,0.000999999999772417,0.0009999999975096041,0.0009999999929598254,0.0009999999947864521,0.00004497805315588338,0.00004500086142026887,0.7952462905313485,55.767998101369464,29.32404062134699,0.013186371336368357,0.0005437601392257791,0.00045895468582320836,0.002563016347965824,0.0012849999999999405,0.0012849999999999565,0.0012849999999999407,0.0010028499999999783,0.0010028499999999677,0.0010028499999999783,-0.37600629947839764,9.5190998743976,1.1131531450344614,-0.0027675022552693974,-0.0009374113007263579,-0.0038665579719654912,-13.066688041687012,-19.91287576675415,-5.556937732696533,981.1122631835938,-0.1884335553673472,24.456860365776866
2025-03-01T16:51:27Z,40.276323070741,-76.1693313358556,98.02339798409072,4.155479864892066,-5.769418373031541,-1.962341816135304,1.4841443910459444,0.056998118343665985,4.322551742814418,0.0009999999973622214,0.0010000000050815248,0.0009999999999082854,0.0009999999975324927,0.0009999999931563463,0.0009999999945927837,0.00004597524357979184,0.00004600091132225875,0.7937136045113029,58.782719922282794,31.1449797260872,0.013383439338888994,0.0005537409617014158,0.00046841728811190385,0.002572924469826319,0.0012859999999999415,0.0012859999999999575,0.0012859999999999413,0.0010028599999999774,0.0010028599999999666,0.0010028599999999774,-0.36690246014624195,9.619423142110282,1.0105657630068352,-0.0011119919135166565,-0.0004502216890328591,-0.0033925541227081157,-11.457375440597534,-19.091813383102416,-5.258062732815742,981.2769604492188,-0.10038287727114499,22.878235935858367
2025-03-01T16:51:28Z,40.26548046159901,-76.16967536440691,97.35444993776277,4.0392754805974045,-6.482061806098989,-1.9127458425756887,1.4754765795935567,0.05539976343668613,4.326401972988844,0.0009999999975371914,0.0010000000053716133,0.0010000000000561884,0.0009999999976768334,0.0009999999930703474,0.0009999999944678335,0.00004697220752608691,0.000047000964953958356,0.7934363895231524,61.92062266646927,33.05513761444993,0.013695804357992818,0.0005634744645666372,0.00047763105180615703,0.002582967487763835,0.0012869999999999412,0.0012869999999999561,0.0012869999999999399,0.0010028699999999782,0.0010028699999999674,0.0010028699999999765,-0.48125127597744394,9.67039684958028,1.0996199592939107,-0.006873314648322854,0.0031884296197466637,0.004024613203452785,-11.972437992095948,-19.644938316345215,-5.739187743663788,981.1998413085937,-0.035015092132514254,23.710730267029486
2025-03-01T16:51:29Z,40.25678158060088,-76.1699700233878,96.46535182921505,4.111454272776434,-7.178982444072455,-1.8302998923323184,1.4703439184383724,0.054342113941214285,4.324368786247295,0.0009999999978598038,0.001000000005012856,0.0010000000000406114,0.0009999999975644474,0.000999999993030057,0.0009999999944333557,0.000047968945715552784,0.00004800102261398248,0.7945555028218604,65.18181658252189,35.05972418526297,0.014137820529126245,0.0005722933580267352,0.000487595517446736,0.002592989988758246,0.00128799999999994,0.001287999999999955,0.0012879999999999392,0.0010028799999999777,0.001002879999999967,0.0010028799999999768,-0.3048087139502375,9.728057375584635,1.1902667490541372,-0.0027104216304193454,-0.0025169806279852964,0.0020441425960962146,-11.938875474929809,-18.92850070953369,-5.618625237941742,981.4902099609375,0.025797797204031497,23.07361008600891
2025-03-01T16:51:30Z,40.24984979336037,-76.17022120286285,95.36322557106132,4.466121148659142,-7.907768240929399,-1.892963219996827,1.467695358800116,0.05218497212071889,4.318726622500022,0.0009999999981005025,0.0010000000052094722,0.0010000000001006647,0.0009999999973935927,0.0009999999933789229,0.0009999999945413437,0.00004896546795663452,0.000049001084690451226,0.7967551969123539,68.48111524812154,37.12590427514832,0.01437755866891722,0.0005801714345512936,0.000498079996004078,0.0026030281444726806,0.001288999999999939,0.0012889999999999553,0.0012889999999999393,0.0010028899999999785,0.0010028899999999677,0.001002889999999976,-0.1562144264160053,9.625644500091626,1.0229286913225644,-0.000012435291650708018,-0.006121083170345749,0.002054323826885529,-13.651688079833985,-20.652938289642336,-6.398625257015229,981.7650952148438,-0.09835955766154462,25.570534686973303
2025-03-01T16:51:31Z,40.24009670455532,-76.17052652886026,94.52925683692797,5.448860774655392,-8.774393206323431,-1.862070228213455,1.4644563607542587,0.06613133576212232,4.314846973071085,0.0009999999980981058,0.0010000000051888296,0.0010000000003032644,0.0009999999972418786,0.0009999999934005048,0.000999999994875895,0.00004996179351417079,0.00005000115164306809,0.7995043618292768,71.84793891898934,39.30359032558231,0.014521508694163717,0.0005887893342293864,0.0005084685698561486,0.002612724178980614,0.0012899999999999377,0.0012899999999999557,0.0012899999999999396,0.0010028999999999793,0.001002899999999969,0.0010028999999999759,-0.1933672546170833,9.703739523710452,0.917177043774721,0.0008075590246450967,-0.002709920167933761,-0.014331372561161747,-13.50281307220459,-19.40700071334839,-5.301562693119049,981.6817431640625,-0.030467130629798722,24.229356845952054
2025-03-01T16:51:32Z,40.22931465761491,-76.1708266948119,93.83896101932761,6.64401399615852,-9.680135979511086,-1.7819622831051114,1.465466674059095,0.07829846484104587,4.300310330716203,0.0009999999981024532,0.001000000005459717,0.0010000000003269783,0.0009999999974406243,0.0009999999931521006,0.0009999999948260112,0.00005095794498691771,0.00005100122397431594,0.8031599113684016,75.2574137144913,41.59781525230608,0.015464682929300397,0.0005959805088095357,0.0005198505728286657,0.002622650453024697,0.0012909999999999374,0.0012909999999999547,0.0012909999999999404,0.0010029099999999797,0.001002909999999969,0.0010029099999999762,-0.08678269124461759,9.74325177573639,1.051682435325975,0.006696896309637469,-0.01331910664180495,-0.014703733484695449,-12.687750511169433,-20.314313259124756,-5.616187720298767,981.7091943359375,0.020953866828259622,24.60059738640992
2025-03-01T16:51:33Z,40.21833455169585,-76.17108548033852,93.23506639752196,8.287187720185834,-10.346826577483611,-1.7020640879303053,1.46374976367867,0.07304361915242696,4.28301598387564,0.0009999999981132844,0.0010000000055828534,0.0010000000006024148,0.00099999999742731,0.0009999999928977721,0.0009999999949061688,0.00005195395015111929,0.00005200130212842308,0.8087825030359785,78.64863656018933,43.99479022592625,0.016499637202195862,0.000601094058874018,0.0005310615923494928,0.002632616351130161,0.0012919999999999375,0.0012919999999999546,0.0012919999999999397,0.0010029199999999788,0.0010029199999999684,0.0010029199999999753,-0.15378761361948098,9.74896780957786,0.9416936712418085,0.0045829038369092955,-0.017741199746032867,0.0010403884341923116,-12.655125494003295,-20.52356325149536,-4.6398751831054685,981.7810375976562,0.016342190428838166,24.553915932003587
2025-03-01T16:51:34Z,40.2044038941014,-76.17129827291818,93.01304291576348,10.739293626249339,-10.724710436005576,-1.6185533241319239,1.4600083096298087,0.06788942836427611,4.257995410706377,0.000999999998447272,0.001000000005750496,0.0010000000009025805,0.0009999999973459399,0.000999999992696947,0.0009999999953170544,0.00005294984633771669,0.00005300138637490872,0.8174361785862345,81.9911939214304,46.473742522312136,0.018258037740149193,0.0006054767705342677,0.0005420288472564861,0.0026425961177279724,0.0012929999999999376,0.0012929999999999537,0.0012929999999999405,0.0010029299999999796,0.0010029299999999672,0.0010029299999999761,0.019418752545514922,9.725305611922721,0.967255687007699,0.0044672401152511506,-0.025220788376676552,-0.0024558943985314424,-12.674250545501708,-19.775625772476197,-4.0981876599788665,981.6258959960937,-0.005867599798623212,23.843336858753435
2025-03-01T16:51:35Z,40.185403054517266,-76.17139032220042,93.46847092976748,14.434974154599065,-10.207499191792145,-1.4270668570947773,1.4496078623945323,0.05465676488083232,4.225655550529931,0.0009999999987199584,0.001000000005884736,0.0010000000008243397,0.0009999999972997164,0.0009999999926112136,0.0009999999952677303,0.00005394568433631888,0.00005400147668785039,0.832027915520031,85.23551611034122,49.022778987020516,0.021277950922885615,0.0006088179154102976,0.0005518050721001784,0.0026525870298766334,0.0012939999999999386,0.001293999999999955,0.0012939999999999395,0.0010029399999999804,0.001002939999999967,0.0010029399999999767,0.17638268860450443,9.724921880997707,1.3704796436605653,0.0004170060670741667,-0.03303284748305706,-0.00024142618928158052,-14.237250547409058,-19.55456323623657,-2.9836876010894775,981.2545458984375,0.04335318735017437,24.371708058694377
2025-03-01T16:51:36Z,40.17280006418379,-76.17137065243668,93.46823027138832,17.382031388939126,-9.34911359234615,-1.2677699308675492,1.4453810873067012,0.042359866574704495,4.197106503703989,0.0009999999989350164,0.0010000000056610947,0.001000000000847386,0.0009999999970876615,0.0009999999928149976,0.0009999999950532248,0.000054941533905441066,0.000055001572710290403,0.8535460627211243,88.29217393543746,51.58287958108621,0.023174282877463842,0.000612697272857871,0.0005582404222091438,0.0026625874859026472,0.0012949999999999377,0.0012949999999999537,0.0012949999999999407,0.0010029499999999801,0.001002949999999966,0.0010029499999999764,0.030984064418860795,9.73591377639182,1.3428490740946633,0.003041888680060144,-0.029191409629055295,0.00009955673579240161,-12.125063009262085,-19.24668821334839,-2.0938125786930324,981.6673974609375,0.04878184722133874,22.843683652887815
2025-03-01T16:51:37Z,40.16417238536901,-76.17130035341756,93.18419910508291,19.89091160846738,-8.444461341049472,-1.2227070196532503,1.4410334120831947,0.02872713590535642,4.1782098056023305,0.0009999999989100848,0.0010000000054756824,0.0010000000010876855,0.000999999997260917,0.0009999999929921513,0.0009999999951439804,0.00005593747346839378,0.00005600167390155441,0.8782426983507133,91.1090401522598,54.07410621829657,0.023624839494523882,0.0006177140676505386,0.0005603353691061082,0.0026726255658577253,0.0012959999999999374,0.0012959999999999524,0.0012959999999999402,0.0010029599999999798,0.001002959999999966,0.0010029599999999764,-0.042515474307527605,9.67445814513594,1.1629088178665905,0.0003031786040926998,-0.019885902682419934,0.0037952884721832556,-11.20987543106079,-19.470000667572023,-2.387812592983246,981.9515551757812,-0.03527172988280448,22.59295419976046
2025-03-01T16:51:38Z,40.15638128209947,-76.1711575546426,92.93482558818005,22.36691593140559,-7.312298140683844,-1.1001615402169973,1.4453255283250963,0.01132069030229688,4.153030069683016,0.0009999999987709942,0.0010000000055472701,0.0010000000009545607,0.0009999999972500977,0.0009999999931193059,0.0009999999952732578,0.000056933575663692874,0.00005700177968254228,0.9029127115094218,93.77523354491179,56.504206899537195,0.024008560534084965,0.0006227278560809798,0.000559522921680262,0.0026827813487247006,0.0012969999999999364,0.0012969999999999516,0.0012969999999999395,0.0010029699999999802,0.0010029699999999661,0.0010029699999999767,0.11499305675275544,9.748496991511638,1.218711914978078,0.008238078093727296,-0.026563689166700932,0.006257774921522456,-11.232750458717346,-19.852313318252563,-1.030312552601099,982.0263623046875,0.045448654357396596,22.833051568796638
2025-03-01T16:51:39Z,40.14520089181498,-76.17078150845624,93.18478117266847,26.219067110847526,-4.941166709769179,-1.1601671942837288,1.4335532484117999,0.007265222755335631,4.127688574107365,0.0009999999986304014,0.0010000000054487684,0.0010000000009896966,0.0009999999973518488,0.000999999993376187,0.0009999999954073185,0.00005792990061874832,0.00005800188958575848,0.9263251267528745,96.15866343209792,58.75647238557897,0.02408926835891957,0.0006288108471777811,0.0005555315896420536,0.0026925775315650912,0.0012979999999999368,0.0012979999999999509,0.0012979999999999387,0.0010029799999999802,0.0010029799999999663,0.0010029799999999767,0.1351914939957854,9.477688351307727,1.4101671571920704,-0.006915207568774751,-0.024518294245302906,-0.01201592817491978,-12.68006302833557,-19.219313278198243,-0.34987501729279763,981.75677734375,-0.19691804063559074,23.027941012128032
2025-03-01T16:51:40Z,40.13746749191357,-76.1704481701439,93.09987055954001,29.32382269369633,-2.677700795403719,-1.035936306024348,1.4355228413510028,0.005124128904278113,4.113420701700964,0.00099999999852622,0.0010000000052241722,0.0010000000013384376,0.0009999999973056865,0.0009999999932443534,0.0009999999952371732,0.00005892647146983385,0.00005900200375151079,0.9437627962216836,98.48086167172747,60.98804075671009,0.021801032884790773,0.0006361069829193538,0.0005486765145015329,0.002702477518743461,0.0012989999999999363,0.0012989999999999515,0.0012989999999999393,0.0010029899999999797,0.0010029899999999658,0.0010029899999999762,-0.31269457367072173,9.698365443865221,1.4688207319750035,0.005093626640346939,-0.013475160743570214,-0.009474496981597559,-11.777437982559205,-19.213500804901123,-0.7702500324323773,981.9809887695312,0.03377394191403094,22.54900543605953
2025-03-01T16:51:41Z,40.35539273345153,-76.14684701754172,93.78006163548245,-20.021389466424164,-0.6999205668957362,-1.0072108570141225,1.5308324507093183,0.04669126428456469,4.083817900826551,0.000999999998676797,0.0010000000050849923,0.0010000000010570833,0.000999999997450861,0.000999999992998951,0.00099999999533785,3.069391603659947e-10,3.069389499239032e-10,0.6046373817959262,0.6081522235881491,0.6059520982783535,0.011829096259131323,0.00018209099485989833,0.0001698893033580443,0.0026909859302019197,0.0012999999999999364,0.0012999999999999507,0.0012999999999999386,0.0010029999999999794,0.0010029999999999653,0.0010029999999999757,-0.3931038747750386,9.74137744012946,1.2201770360655118,0.0055642514989083436,-0.004637190769985647,0.005416625433397196,-12.479625520706177,-19.88793827056885,-0.9645000422745943,982.0167822265626,0.04504670589243181,23.498914923867687
2025-03-01T16:51:42Z,40.355302455828,-76.14685077645711,93.41018564747858,-20.645104389647244,0.04955061417854992,-1.2558044256850354,1.5280702902761338,0.05122002915476857,4.0828351356212735,0.0009999999987521143,0.001000000005148595,0.001000000001103447,0.0009999999973358327,0.0009999999929164143,0.0009999999953392135,1.0003069469882513e-6,1.0003069653690685e-6,0.6323230548205963,0.65204631894938,0.6509076807994962,0.01222549367027761,0.00019217851019365633,0.0001795104041030115,0.0027019351762892553,0.0013009999999999357,0.0013009999999999509,0.0013009999999999387,0.0010030099999999798,0.0010030099999999654,0.001003009999999976,-0.6707909432139676,9.415235621765138,1.341493143831875,-0.002476256787400895,0.00007919462288713411,-0.0062025318758817255,-14.468438043594361,-21.03468824386597,-1.0800000393018125,981.8394213867188,-0.2464542390089653,25.55303503992067
2025-03-01T16:51:43Z,40.355210260433566,-76.1468474589616,92.68593042785966,-21.42351091177672,0.45519870389607403,-1.281996754276716,1.529444519916997,0.040637908724715295,4.071303077404162,0.0009999999990521777,0.0010000000052197034,0.0010000000011736092,0.0009999999973423711,0.0009999999927261542,0.0009999999956547103,2.000306971615585e-6,2.00030704861299e-6,0.6595368884580246,0.7341611080761632,0.7315551888887016,0.012975306995202591,0.00020177137137203206,0.0001892815242969806,0.002710149003137098,0.0013019999999999362,0.0013019999999999503,0.001301999999999938,0.0010030199999999795,0.0010030199999999643,0.0010030199999999758,-0.2768022343696853,9.678320648063139,1.2851225585457446,0.0022420896629146087,-0.011269538301486538,0.008919042152158328,-13.703250570297241,-20.437875785827636,-1.0987500463053583,982.1293676757813,-0.013263188043336802,24.631089690951022
2025-03-01T16:51:44Z,40.355109692092526,-76.14683842971665,92.26256076052945,-21.96045424176696,0.9069668460386994,-1.3953623595066054,1.5176183193341908,0.042179060615620545,4.068472007297846,0.000999999998699609,0.0010000000054320962,0.001000000001074485,0.0009999999973857151,0.000999999992816996,0.000999999995415978,3.0003070134965284e-6,3.000307198008001e-6,0.6861980710941864,0.8539651868091842,0.8454444554580842,0.013698862068166071,0.0002116583787923667,0.0001988686613932799,0.002720523477661314,0.0013029999999999372,0.0013029999999999502,0.001302999999999938,0.0010030299999999792,0.0010030299999999651,0.001003029999999976,-0.35932519256415063,9.549592676793283,1.187475124102154,-0.01071275072298453,-0.0013970618990348635,-0.0035758130393620793,-13.86806305885315,-20.290125827789307,-1.171687536649406,981.911962890625,-0.1506637819016775,24.604526379940513
2025-03-01T16:51:45Z,40.35498929443935,-76.14682388623478,92.05351873674472,-22.337497927453253,1.2624946571801763,-1.3671581565126485,1.5202618265090833,0.03656163411719651,4.062866722075828,0.000999999998809447,0.0010000000055273865,0.0010000000008034244,0.0009999999972352105,0.0009999999929899538,0.0009999999955672084,4.000307063908341e-6,4.000307427035629e-6,0.7119304421698825,1.013666168443565,0.9967074413402119,0.01435927068829652,0.00022122737135373146,0.0002084705837465245,0.0027296955880797744,0.001303999999999938,0.001303999999999951,0.001303999999999939,0.001003039999999979,0.0010030399999999646,0.0010030399999999752,-0.31547965969186254,9.6675725665429,1.0978155461714896,0.0047456340289053454,-0.003909118310067836,0.002960606906677476,-13.746750545501708,-20.49056324005127,-1.362562549561262,981.7752270507813,-0.04573371765889284,24.71215056919772
2025-03-01T16:51:46Z,40.35484280259212,-76.14680391780551,91.84338328823267,-22.683936972551052,1.7813348229104835,-1.379694720177003,1.516778474633408,0.042462500753716395,4.063244039695514,0.0009999999992161266,0.0010000000056129214,0.0010000000004938656,0.000999999997492164,0.0009999999928506308,0.000999999995532839,5.000307086351512e-6,5.000307753836488e-6,0.7365951357139258,1.2161238711051854,1.1864015215779675,0.015165625744588195,0.0002308221947786627,0.0002179724139322086,0.002740703384773445,0.0013049999999999373,0.0013049999999999516,0.0013049999999999392,0.0010030499999999797,0.0010030499999999654,0.0010030499999999754,-0.4430739813230202,9.614079259866909,1.2226496229958448,-0.0009999999982053382,0.0028586291981491374,-0.008126755961440805,-14.940375604629516,-20.471625785827637,-1.0456875394657255,981.8394360351563,-0.0789780647855607,25.36519579801283
2025-03-01T16:51:47Z,40.35467729028204,-76.1467779259026,91.31527218847772,-23.098827056649878,2.384937997804838,-1.5507427811522319,1.513735933880359,0.048865744566901764,4.057954970141753,0.000999999999597582,0.0010000000058035866,0.0010000000006629907,0.0009999999973020058,0.0009999999927735876,0.0009999999953386612,6.000306988313622e-6,6.000308201412142e-6,0.7605435412077788,1.4588984182837452,1.4147675707879817,0.016266954408274727,0.00023994371186811372,0.00022757716990157715,0.002751584255031339,0.0013059999999999379,0.001305999999999951,0.001305999999999938,0.0010030599999999805,0.0010030599999999662,0.0010030599999999743,-0.5357762474415955,9.461005224378633,1.3788741436879113,-0.00025143993423559373,-0.002987814121757168,-0.00839546954093482,-15.3157506275177,-21.029625797271727,-0.897937536239624,982.086376953125,-0.20472483573725306,26.031154645878452
2025-03-01T16:51:48Z,40.35445273177622,-76.14674441950004,90.92048545937466,-23.432324299365284,3.1728986275482907,-1.4679282093349288,1.5082155379213855,0.04220275256882888,4.062372922444041,0.0009999999993119911,0.0010000000057219728,0.0010000000005929268,0.0009999999970865699,0.000999999992582719,0.0009999999956073846,7.000306587861618e-6,7.000308798508484e-6,0.7846150397370126,1.755723645611947,1.6921651035910934,0.017805709783887007,0.00024829687312490745,0.00023710171479417267,0.002760159050940736,0.001306999999999937,0.0013069999999999512,0.001306999999999939,0.0010030699999999794,0.0010030699999999653,0.0010030699999999753,-0.706603518709138,9.67054986063059,1.5868372326486635,-0.0019570217198720636,0.006523817900266462,0.005108647737035899,-14.095500555038452,-20.59518829345703,-1.766250067949295,982.0372998046874,0.044544645853851345,25.019232628054905
2025-03-01T16:51:49Z,40.3541978969285,-76.14670113055226,90.37342621898786,-23.97746155277822,4.39677529950424,-1.5999217349800137,1.4956079356394711,0.04409780741062399,4.0647500515702335,0.000999999999303169,0.0010000000059290479,0.0010000000007665565,0.0009999999972360833,0.0009999999927239333,0.0009999999953660074,8.000305579719221e-6,8.000309579224252e-6,0.8109125636958334,2.105748533313642,2.0136205116041888,0.02088833272197973,0.0002558423786090958,0.00024676081033120486,0.0027699141340207924,0.001307999999999937,0.0013079999999999522,0.0013079999999999383,0.0010030799999999804,0.0010030799999999661,0.0010030799999999744,-0.9171719072603259,9.408017268810909,2.14743570043584,-0.008625628756550194,0.004905026126755476,-0.0030158535451357757,-14.06962558746338,-21.03056329727173,-1.6591875639557838,982.209404296875,-0.08743915827420683,25.357233107980026
2025-03-01T16:51:50Z,40.353952896805545,-76.14664325585775,89.50453053464683,-25.027352158366515,6.055276905721378,-1.5835509330103652,1.4922283565046293,0.040521771526357116,4.0624132031519355,0.0009999999995908646,0.0010000000059620633,0.0010000000005259827,0.0009999999972030214,0.0009999999926517899,0.0009999999955273868,9.000303518797823e-6,9.000310583601537e-6,0.8445165159513506,2.5284007007742253,2.4007205743611446,0.02699081288104727,0.00026165708740675153,0.0002565975137435966,0.0027784207578017586,0.0013089999999999365,0.0013089999999999517,0.0013089999999999396,0.0010030899999999797,0.0010030899999999654,0.0010030899999999752,-1.0061816450272298,9.507057312881294,2.895923712041745,0.0003694382797927705,-0.0007145959039429544,0.0027402946306891614,-14.662688045501708,-20.18231321334839,-2.2209375882148743,982.4995336914062,0.20802973876833558,25.044963441190284
2025-03-01T16:51:51Z,40.35367419818551,-76.1465703768322,88.63453536329459,-26.072709180518164,7.6541377379478615,-1.574923373056023,1.4891747960434125,0.04281095733406099,4.059239432623732,0.0009999999997557145,0.0010000000057890765,0.0010000000002509956,0.0009999999972772765,0.0009999999928037523,0.000999999995622879,0.000010000299842482067,0.000010000311855160997,0.8909952847445745,2.9968165574059054,2.836440839988189,0.03458470935735638,0.00026519027578050987,0.00026654598055436945,0.0027875161189902116,0.0013099999999999356,0.0013099999999999516,0.0013099999999999395,0.0010030999999999803,0.001003099999999966,0.0010030999999999742,-0.9695348387803516,9.479522871011493,2.9772267133389616,0.001372191346399014,-0.0010101810616378203,-0.0028224132027919956,-14.65350064277649,-20.625188293457033,-2.1211875677108765,982.634130859375,0.20194789803576776,25.389374104211548
2025-03-01T16:51:52Z,40.353273847449714,-76.14649497469182,88.05785661407994,-26.25436873164161,8.146520354466956,-1.503284609250805,1.484059232756787,0.047358081932727586,4.052057100882536,0.000999999999638024,0.001000000005862628,0.0010000000002168326,0.000999999997474779,0.0009999999928973658,0.0009999999954172743,0.00001100029393498341,0.000011000313432595726,0.947171095674325,3.439280136467325,3.2827865559154836,0.0371733789454617,0.00026583037815656324,0.00027656409460338966,0.0027965643541702757,0.001310999999999936,0.0013109999999999522,0.00131099999999994,0.0010031099999999807,0.0010031099999999664,0.0010031099999999746,-0.6496510667970374,9.589786214728898,1.9349112030167492,0.0018014658351525555,-0.003989232086834669,-0.005060748769326197,-14.55093807220459,-20.73806318283081,-2.14331258893013,982.5934838867188,0.02323002761207048,25.424166773847794
2025-03-01T16:51:53Z,40.35277231158505,-76.14642772249609,87.67693853103171,-25.89256858958402,8.150061859096914,-1.4856826956915608,1.473633255424064,0.04751322488890395,4.0486341313213625,0.000999999999463325,0.001000000005437138,0.0010000000002217168,0.0009999999973621715,0.000999999992467174,0.0009999999953137415,0.000012000285183772856,0.000012000315348274305,1.0016128701475124,3.871496402525797,3.731141380134754,0.03672340143003585,0.0002637637759122159,0.0002865435353132409,0.0028046645173045873,0.001311999999999936,0.0013119999999999532,0.001311999999999941,0.0010031199999999798,0.0010031199999999654,0.0010031199999999754,-0.6423562287262436,9.541696396503943,1.4997783710954404,-0.002150462199581691,-0.00019569499827402947,0.00004865108609261983,-14.733375549316406,-20.62125062942505,-1.54125006377697,982.5965454101563,-0.10117232021092383,25.39057289108727
2025-03-01T16:51:54Z,40.35211862915212,-76.14637951800368,87.61057397599006,-25.18030957319579,7.578418416164743,-1.3572907384055546,1.466852177407656,0.04612738904103248,4.040843489986209,0.0009999999995728532,0.00100000000519998,0.0010000000001964223,0.0009999999972359695,0.00099999999255038,0.0009999999949959486,0.000013000272993030165,0.000013000317636225747,1.0451764699633204,4.29595287632195,4.1936442208205555,0.03420720027756868,0.00025990197616731565,0.0002965058865051757,0.0028124366204015077,0.0013129999999999364,0.0013129999999999524,0.0013129999999999403,0.0010031299999999788,0.0010031299999999647,0.0010031299999999754,-0.4401228330665489,9.649333484008439,1.2634073724744488,0.00364257244090457,-0.004156134608662704,0.0016063563911695854,-13.994250545501709,-20.353125648498533,-2.517187595963478,982.519541015625,-0.03964420352471456,24.827856738791652
2025-03-01T16:51:55Z,40.35134999252392,-76.1463520292183,87.76149681144031,-24.203794559209573,6.7943126380185275,-1.2611242010623767,1.4569017783049933,0.046839619205426,4.034850795910268,0.0009999999997952712,0.0010000000053016968,0.0009999999997811204,0.0009999999970840667,0.0009999999924834235,0.0009999999948303885,0.000014000256720689676,0.0000140003203334682,1.0730463804417876,4.729731868776324,4.661391610535461,0.03100483490960003,0.0002554738308672344,0.00030640445481733996,0.002820527411138913,0.0013139999999999359,0.0013139999999999521,0.00131399999999994,0.0010031399999999783,0.001003139999999964,0.0010031399999999747,-0.4760341391797318,9.615871786894054,1.1761118308675085,0.001060416762305434,-0.002096552248071826,-0.00002361756612032724,-13.365188083648682,-20.566500816345215,-1.5669375610351564,982.4767456054688,-0.08196897083714794,24.577672633525136
2025-03-01T16:51:56Z,40.350574189401804,-76.1463359978573,87.86303809160906,-23.312600261749434,5.982003713763847,-1.1761551524904605,1.4429376189511363,0.04928816920462838,4.033105431745565,0.0010000000002027387,0.0010000000055678314,0.0009999999995991204,0.0009999999971174944,0.0009999999924142871,0.0009999999950845177,0.00001500023557977743,0.000015000323483796141,1.0852539550959077,5.183357195243395,5.147174598596276,0.02788190717202163,0.0002514395910050339,0.0003162119562505539,0.0028289580463601834,0.001314999999999936,0.0013149999999999523,0.0013149999999999401,0.0010031499999999776,0.0010031499999999633,0.001003149999999974,-0.4494548431469874,9.623331537877185,1.262250836730222,-0.004441205119446649,0.0017488914238327992,-0.0012647081692423695,-13.85193808555603,-20.181938266754152,-1.374375051856041,982.5396655273438,-0.06492721244773188,24.516794740956232
2025-03-01T16:51:57Z,40.349781735661466,-76.14633042817829,87.91395325617684,-22.452645120914003,5.152177502504519,-1.1240913106390775,1.4352489694177684,0.05456577301071853,4.026679904552308,0.0009999999999864295,0.0010000000056344638,0.0009999999995404904,0.0009999999971348507,0.0009999999923446417,0.0009999999951363144,0.00001600020853707462,0.00001600032714075198,1.0841717673640499,5.662362470683966,5.651558468573941,0.02489500053884823,0.0002483414225357897,0.00032606557341214475,0.002837825362622853,0.0013159999999999364,0.0013159999999999524,0.0013159999999999405,0.0010031599999999763,0.0010031599999999622,0.0010031599999999728,-0.47517114952171924,9.608575803157054,1.2943015888327558,0.0009102041642227272,-0.0029577716966258803,-0.004740295220869439,-13.8832506275177,-20.767688236236573,-1.912687590122223,982.5885668945313,-0.07399495755704151,25.05388868653484
2025-03-01T16:51:58Z,40.349025928391676,-76.1463291355892,87.82132880904447,-21.643330776792535,4.34857680348641,-1.0688760734856784,1.427129094714283,0.047423639120072074,4.017139547578989,0.0010000000002138567,0.001000000005686472,0.0009999999993650826,0.000999999997334816,0.0009999999926770457,0.000999999995132096,0.000017000174175469762,0.000017000331365054048,1.0722866402166509,6.174497779903194,6.1808577472774315,0.02202611615439345,0.00024617625319172656,0.0003359975978981687,0.0028457195026504734,0.0013169999999999352,0.0013169999999999515,0.0013169999999999395,0.0010031699999999758,0.0010031699999999615,0.001003169999999972,-0.46397129987892893,9.650809120172589,1.2501271973455574,-0.0010203622757754326,-0.008340558205138371,0.00684961244888201,-12.961875553131103,-21.45656322479248,-1.4143125635758043,982.68326171875,-0.038398131591900524,25.107609198670854
2025-03-01T16:51:59Z,40.348313979216606,-76.14632962818551,87.5901756192673,-21.07357793559765,3.708091942960589,-1.0368415240954303,1.4234044462268918,0.05603735115062957,4.0113157066448295,0.0010000000000162422,0.001000000005810292,0.0009999999994273886,0.0009999999970371045,0.0009999999929507304,0.000999999995139997,0.000018000130633635925,0.000018000336226881488,1.0531128002032528,6.733155115202418,6.750208062822605,0.019911309083161688,0.0002459002276339047,0.00034589701942108254,0.0028552476944286383,0.001317999999999936,0.00131799999999995,0.00131799999999994,0.0010031799999999768,0.0010031799999999625,0.001003179999999973,-0.44327992613500633,9.631954738173503,1.4165316730489983,0.0017313668328484697,-0.002917714844997654,-0.008505625378926915,-13.726500597000122,-20.69268814086914,-1.5757500636577606,982.7855883789063,-0.03517132302824785,24.88141091021543
2025-03-01T16:52:00Z,40.34750326432262,-76.14633879690679,87.42325093163956,-20.70378544959532,3.5184467904079475,-0.9617685231364058,1.4173964371317036,0.06312052817875358,4.0085151551750915,0.0010000000000008353,0.0010000000051565195,0.0009999999992193571,0.0009999999969397574,0.0009999999929773858,0.0009999999955634515,0.000019000075812472353,0.000019000341802373844,1.0324772227008414,7.37664175971566,7.372880246160754,0.019202526195028553,0.000246935671737143,0.00035574970125080817,0.0028647599248664934,0.0013189999999999361,0.001318999999999949,0.00131899999999994,0.0010031899999999774,0.0010031899999999633,0.0010031899999999728,-0.7481588678037289,9.58273327254668,1.9255013972923918,-0.000857464960655846,-0.00016515134414043999,-0.006558869569591815,-14.127938089370728,-20.755875797271727,-1.470937558412552,982.79078125,0.022067151292592478,25.1508668650273
2025-03-01T16:52:01Z,40.34646820173196,-76.14636389983146,87.42728547588001,-19.97851146171155,2.8652395365747108,-0.9354940002124432,1.4094246992381059,0.0665727438162781,4.011824688841079,0.0010000000000824562,0.0010000000050038066,0.0009999999990989736,0.0009999999968152628,0.0009999999929835416,0.0009999999956227942,0.00002000000723677265,0.000020000348166625418,1.0117094401193285,8.03978411295171,8.016205486463788,0.017758880217888566,0.00024911895538023,0.00036544538952241405,0.0028741071442218557,0.001319999999999937,0.0013199999999999493,0.001319999999999939,0.0010031999999999784,0.001003199999999964,0.0010031999999999721,-0.6948388046498108,9.582334541315644,1.5487514665134607,-0.0027307835978819858,0.005464985475990724,-0.0018653918615181885,-13.929188079833985,-21.153563289642335,-1.6170000654459,982.72240234375,-0.04919107485368314,25.379275370331563
2025-03-01T16:52:02Z,40.345255533023696,-76.1464044485612,87.47698256012464,-18.98679734251892,1.710837890715416,-0.9351642439454444,1.4015771482806076,0.06920257516601779,4.013213056311981,0.001000000000023974,0.001000000004822918,0.000999999999218398,0.0009999999968891384,0.0009999999927838262,0.000999999995402661,0.000020999921277825044,0.000021000355402983802,0.9873741723939917,8.720792012990444,8.68874490556107,0.015769871158297828,0.00025240456655422695,0.00037517728094509144,0.0028835039975852943,0.0013209999999999372,0.0013209999999999494,0.0013209999999999383,0.0010032099999999792,0.0010032099999999651,0.0010032099999999723,-0.5254204255554612,9.639172489348864,1.1306482082751168,-0.0026047718213917615,0.0034012307483812223,-0.0012854039646486746,-13.351313085556031,-20.87606325149536,-1.7107500690221786,982.6876391601562,-0.06111125252559629,24.839317777420863
2025-03-01T16:52:03Z,40.34388098119705,-76.14645656819647,87.5539941904264,-18.413647579766447,1.1935176503089027,-0.8746607058193165,1.3942453892175408,0.0685026901854228,4.010009521445051,0.00099999999995269,0.0010000000046283706,0.000999999999476908,0.0009999999967352199,0.000999999992712941,0.0009999999955813178,0.000021999813689757016,0.000022000363611621748,0.9624101641692474,9.513244743286618,9.440986446738528,0.01522748349186993,0.00025651684188026297,0.00038505413179236556,0.0028927617874596914,0.0013219999999999365,0.0013219999999999489,0.0013219999999999387,0.0010032199999999796,0.0010032199999999655,0.0010032199999999727,-0.7641508976221324,9.553899756108866,1.9204764634775986,-0.0020893754794896334,-0.0017839431244662846,0.0011991131887760477,-14.179500532150268,-20.734688301086425,-1.8129375714063645,982.6646728515625,-0.005594278205699899,25.184711742502294
2025-03-01T16:52:04Z,40.34234372652975,-76.14651621027309,87.69235263394384,-17.834924519166442,0.6180778216189374,-0.7869552358637809,1.388516595063404,0.06842956589733201,4.006933414935311,0.0009999999997690487,0.0010000000043494986,0.0009999999993505536,0.000999999996850973,0.0009999999924657328,0.0009999999951574307,0.00002299968025232096,0.0000230003728970482,0.9403948187235156,10.364665404037952,10.247295674577657,0.014719417334174138,0.0002614727027165739,0.0003949436442455905,0.0029021725823820056,0.0013229999999999377,0.0013229999999999497,0.0013229999999999386,0.0010032299999999787,0.0010032299999999648,0.0010032299999999715,-0.7276727749441018,9.584686746186177,1.9250653335545251,-0.0008122342079520971,-0.001675956899318687,0.0005471903455820052,-13.902563104629516,-20.88862575531006,-1.4966250574588775,982.6409814453125,0.02269079697789836,25.136691647061134
2025-03-01T16:52:05Z,40.340733150940196,-76.14658087353915,87.79882825869964,-16.955637409036257,-0.4933066706413225,-0.7861364143224283,1.3845068962592868,0.06888724543610703,4.004397118458928,0.000999999999673159,0.0010000000042681486,0.0009999999994210634,0.000999999996822761,0.0009999999923753122,0.0009999999949255392,0.00002399951517580627,0.00002400038336642889,0.9184087349211707,11.226576569434584,11.081418884652624,0.013597983675554004,0.00026724983734635144,0.0004048425758186321,0.0029117126628219617,0.001323999999999938,0.0013239999999999483,0.0013239999999999392,0.0010032399999999795,0.0010032399999999652,0.0010032399999999723,-0.505526652643847,9.637967561717453,1.297943775892907,0.00023191071639884877,-0.0012443459251019876,-0.00002261642904906108,-14.0563130569458,-20.89968828201294,-1.7182500779628753,982.6559985351563,-0.04222123624311617,25.245330516635374
2025-03-01T16:52:06Z,40.33891414274927,-76.14665670564499,87.88926206579347,-16.03945232217729,-1.6537443435038035,-0.806966275801689,1.379328231736712,0.0700163778561459,4.001610836220876,0.0009999999999581338,0.0010000000041744366,0.000999999999676707,0.0009999999966824012,0.0009999999926678898,0.0009999999948327744,0.000024999310277613727,0.00002500039514513052,0.894767803488139,12.148825280422923,11.975362710087472,0.012851223408572664,0.0002739213781856648,0.0004147863240583067,0.002921371160094422,0.0013249999999999386,0.0013249999999999467,0.0013249999999999386,0.0010032499999999799,0.0010032499999999655,0.001003249999999973,-0.4930440999166876,9.634777107870285,1.2396785517936775,-0.0013054324168623893,-0.001437786426861344,-0.0008472838606969442,-13.719000539779664,-20.654063282012938,-1.9505625760555267,982.6340454101562,-0.05348325186081491,24.87174020739334
2025-03-01T16:52:07Z,40.33700839080992,-76.14673480098995,87.93082884267189,-15.442360936708413,-2.3354812338243005,-0.7405828632795286,1.3735465320934506,0.07171726735162004,4.000243941914743,0.0009999999997324439,0.0010000000042052841,0.0009999999995318953,0.0009999999966830105,0.0009999999924404398,0.0009999999948009154,0.000025999056546703168,0.000026000408377266328,0.8722551112873561,13.180534396747396,12.965220497791364,0.012578749982516743,0.00028148400934541044,0.0004247215766749835,0.00293113763176323,0.0013259999999999377,0.0013259999999999455,0.0013259999999999375,0.0010032599999999794,0.001003259999999965,0.0010032599999999724,-0.647768192775872,9.626070802152869,1.7418770983808654,-0.0026848852616750585,-0.00007368866109959632,-0.0013354749385482072,-13.80468807220459,-20.7255006980896,-1.8890625786781312,982.6552856445312,0.023712944970382125,24.97362207896474
2025-03-01T16:52:08Z,40.334931211413426,-76.14681356186733,87.99777719856188,-14.952829704141616,-2.830894737223733,-0.6987151939886567,1.3702149739333314,0.07308595294350505,3.998518719494596,0.0009999999997907442,0.0010000000043356204,0.0009999999996444452,0.0009999999965849477,0.0009999999923638212,0.0009999999948886857,0.00002699874521250508,0.000027000423208039436,0.8530680834392131,14.29153343765479,14.030358667804965,0.012422816423326212,0.00028967602994889525,0.0004346954043389567,0.0029409380178607794,0.0013269999999999374,0.0013269999999999454,0.0013269999999999372,0.001003269999999979,0.001003269999999965,0.001003269999999972,-0.7138218665716357,9.566820994055039,1.906957011461726,-0.0006742053634864255,-0.0005622135841478481,-0.0012239837870397753,-13.875000581741332,-20.721188201904297,-2.0958750927448273,982.6517260742188,0.0010541370252281682,25.025455423797396
2025-03-01T16:52:09Z,40.33256679955745,-76.14689547998069,88.07630763830808,-14.099789660650243,-3.9098043415127597,-0.7371511412393219,1.3695575221382563,0.07347444723961458,3.9964668074721854,0.0009999999996071242,0.0010000000044521039,0.0009999999998561292,0.0009999999967429808,0.000999999992075838,0.0009999999946749335,0.000027998365030321503,0.000028000439780090284,0.8357746779516564,15.423460699927501,15.140697083429831,0.012473800050701322,0.0002984111959008459,0.00044469979366796724,0.002950731704047221,0.0013279999999999384,0.0013279999999999458,0.0013279999999999375,0.0010032799999999784,0.001003279999999964,0.0010032799999999712,-0.49266621304416836,9.642624383890787,1.21325942319374,0.001631224894715682,-0.0011051488726520934,-0.00047425579478853786,-13.718250551223754,-20.24512580871582,-2.050312591791153,982.62537109375,-0.04880035960746478,24.54092079705793
2025-03-01T16:52:10Z,40.329776357271776,-76.14698097351523,88.13621508066754,-13.096873495309751,-5.197761240157408,-0.816515099811438,1.366341364220156,0.07477651409017076,3.9946774107014025,0.0009999999993679195,0.0010000000043572186,0.000999999999840279,0.0009999999966455002,0.0009999999923990274,0.00099999999491269,0.000028997900019971274,0.00002900045824405214,0.8195177226910846,16.612087912289017,16.319317532875925,0.013330972931203632,0.00030780301054176326,0.000454703363553059,0.0029606289527417764,0.0013289999999999387,0.0013289999999999468,0.0013289999999999385,0.0010032899999999787,0.0010032899999999644,0.0010032899999999716,-0.40115970769221415,9.669792086914695,0.9072357138396748,-0.0014683296449780159,-0.000653843346296183,-0.0015395971932360736,-13.304250612258912,-20.259750728607177,-1.7799375700950621,982.5819873046875,-0.059247045883588485,24.30280396823166
2025-03-01T16:52:11Z,40.32667920813884,-76.14706168961547,88.08481282017172,-12.020742048900198,-6.5902335459903085,-0.9385291869305289,1.365659352248696,0.07470733487077663,3.993031181574215,0.0009999999995272642,0.0010000000046425058,0.0009999999999080903,0.0009999999968159762,0.0009999999924984106,0.000999999995194274,0.00002999733037929114,0.000030000478742168522,0.8063943926839239,17.86649737134552,17.57101425245298,0.015567753092032179,0.0003176341081233719,0.00046467685276405037,0.002970506372439779,0.001329999999999938,0.0013299999999999465,0.0013299999999999382,0.0010032999999999796,0.0010032999999999655,0.0010032999999999726,-0.3117139050771009,9.6909908523516,0.6392565775837697,0.00015914096805349338,-0.0008247519395352176,-0.0005143122702621719,-13.333875579833984,-20.304563255310057,-1.6188750618696213,982.5842041015625,-0.06257689530125587,24.34513910856888
2025-03-01T16:52:12Z,40.32326080214111,-76.14712883527092,87.88490863269328,-10.887208098153362,-8.042821870248593,-1.095869506511449,1.3651821920596858,0.07460273520174775,3.991959082450228,0.000999999999472408,0.0010000000047696125,0.0009999999996357749,0.00099999999684305,0.0009999999923562429,0.000999999995403078,0.000030996633700513694,0.00003100050135672394,0.8005111840498317,19.19312895394122,18.889553216326508,0.019939381585214376,0.00032760664830397467,0.00047452402247903256,0.0029804444124991196,0.001330999999999938,0.0013309999999999462,0.001330999999999938,0.0010033099999999804,0.0010033099999999663,0.0010033099999999734,-0.21108982730516454,9.722194901143835,0.33878081286195544,-0.0008574648767612095,-0.00029750553154485565,-0.0008269216284061706,-12.872625579833985,-20.654438285827638,-1.2676875481009484,982.6070190429688,-0.049081905770529455,24.370368364748085
2025-03-01T16:52:13Z,40.319137057078954,-76.14716459985735,87.58978478186663,-9.599595879967433,-9.619727608713085,-1.2986794161373525,1.3699520528307556,0.0732303042498097,3.990825470828723,0.00099999999948777,0.0010000000050419372,0.0009999999997490011,0.0009999999966737493,0.000999999992203082,0.0009999999955833444,0.000031995788063319755,0.000032000526016703365,0.8086984832773407,20.58642865060922,20.240273331059523,0.028213978941262437,0.00033681250356824263,0.0004841026294029385,0.0029903851296627392,0.001331999999999938,0.0013319999999999463,0.001331999999999938,0.0010033199999999803,0.001003319999999966,0.0010033199999999731,-0.05531707420644055,9.774079329803785,-0.19485851317359343,0.002675369703952195,-0.0005520324733621313,-0.0003280487608101862,-13.014375514984131,-20.79918827056885,-1.320562556348741,982.5899755859375,-0.0031143757663535795,24.57074643079693
2025-03-01T16:52:14Z,40.314461991988765,-76.14714796452526,87.1430064872099,-8.331836502596493,-11.044892348529132,-1.5338368237738997,1.3742225075258956,0.0731155202304894,3.991680891221035,0.0009999999991215736,0.0010000000047443352,0.0009999999997604772,0.0009999999969425868,0.0009999999919724114,0.0009999999958229561,0.00003299478194191587,0.00003300055234730111,0.8413645940778649,22.055189401534484,21.567155239886542,0.041018309476985426,0.00034387544996692515,0.0004930657796131078,0.0030004865920103423,0.001332999999999939,0.0013329999999999469,0.0013329999999999388,0.0010033299999999811,0.0010033299999999668,0.0010033299999999722,0.05693768928635971,9.788037423050637,-0.5840641945852052,-0.0002514404274666311,0.0016587639344372769,-0.0020965523947155083,-13.086938095092773,-21.10500066757202,-1.2706875467300416,982.6205859375,0.026478280619395663,24.86566127580448
2025-03-01T16:52:15Z,40.30913909743442,-76.1470451890648,86.6480489177606,-7.416379225776255,-11.742020680204016,-1.6764915192100451,1.3822257880660656,0.07109646941340382,3.992053811211919,0.0009999999988300628,0.0010000000045085674,0.0009999999998276245,0.0009999999971936667,0.0009999999918856215,0.0009999999954722367,0.00003399363488308243,0.00003400057957959372,0.9077839982604395,23.612405311703778,22.788660068396908,0.0551472457395012,0.0003463367011028372,0.0005011441836253011,0.0030105677407059675,0.0013339999999999396,0.0013339999999999476,0.0013339999999999396,0.001003339999999981,0.0010033399999999672,0.0010033399999999713,0.026118656901589786,9.798805148437841,-0.5129842830422112,0.0005373430575239813,0.0008325943618884483,-0.0015497781915806913,-12.668812990188599,-21.240563373565674,-1.0464375403523445,982.6426220703125,0.033201044795360485,24.753845358665135
2025-03-01T16:52:16Z,40.3036382861032,-76.14684717656245,86.21046732117769,-7.275076064186369,-11.076024223066248,-1.6631216312700297,1.3863263033956972,0.06501911061044789,3.9896885583518036,0.0009999999985266309,0.00100000000468055,0.001000000000034198,0.0009999999973272608,0.0009999999919445232,0.000999999995059908,0.00003499241515874245,0.0000350006067917117,1.002775191780519,25.24350896023143,23.807408930365973,0.06201466125958138,0.0003422385025735612,0.0005082737709240694,0.0030204609621254986,0.0013349999999999393,0.0013349999999999478,0.0013349999999999395,0.001003349999999981,0.0010033499999999667,0.0010033499999999702,-0.21462806528262202,9.720724619626399,0.3084978778334684,-0.005769251670469912,-0.0026673604006363263,0.0009377431096022092,-12.649688053131104,-21.129000740051268,-0.9391875337436795,982.6996362304687,-0.05114214017763198,24.644042651223547
2025-03-01T16:52:17Z,40.297798027872176,-76.14651979345584,86.05819986369411,-7.47716373373286,-9.7452135003203,-1.5910707134760453,1.4000480519902574,0.05949271651815616,3.986034187192968,0.0009999999983251577,0.0010000000047390256,0.0010000000003086659,0.0009999999972764362,0.0009999999922216272,0.0009999999947634386,0.000035991224202670516,0.000036000633302957575,1.1086239669272224,26.891495241184327,24.52420780884549,0.0669222147740399,0.0003317315337247968,0.0005145817222758345,0.003030433801178794,0.001335999999999938,0.0013359999999999481,0.0013359999999999399,0.00100335999999998,0.001003359999999966,0.0010033599999999697,-0.1412991666288593,9.725983547206013,0.2097677936553613,0.0009649484762388728,-0.0038608833742293782,-0.0009185513383978448,-13.293750591278076,-20.807813262939455,-0.8623125300556421,982.6798657226562,-0.050001282470968814,24.706880803997652
2025-03-01T16:52:18Z,40.29230478636147,-76.14610309436031,86.15196126896882,-7.876581208344326,-8.047294741956902,-1.4505557494943075,1.4106429603405801,0.051070767307674056,3.9829605370846664,0.0009999999987423006,0.0010000000049170074,0.001000000000285002,0.0009999999970437131,0.000999999992279051,0.000999999995116634,0.000036990160400866393,0.00003700065886372269,1.2102166967033168,28.556151734790753,24.944714545131934,0.06955420781978612,0.00031609883616522225,0.0005203150159753416,0.0030402590620525866,0.0013369999999999387,0.001336999999999947,0.0013369999999999387,0.0010033699999999794,0.001003369999999967,0.0010033699999999687,-0.08092027447158624,9.768017505641014,0.061811593439431774,-0.0036063564334788117,-0.0038914263806481527,0.0016776238081683862,-14.844000663757324,-21.87412572860718,-0.16725000441074364,982.6829858398437,-0.010909556016127685,26.435714610691143
2025-03-01T16:52:19Z,40.28747855030284,-76.14563372260224,86.47843857472508,-8.639999960011535,-5.732597419270494,-1.2591941274947025,1.4244365127414849,0.043426026967450015,3.981497651742687,0.0009999999984298912,0.0010000000046386586,0.0009999999999404355,0.0009999999969990717,0.0009999999922784188,0.0009999999954082555,0.000037989285590846204,0.00003800068388232931,1.2910228311524503,30.24150744928172,25.1477871461303,0.06571629099321907,0.00029814470368868623,0.0005258182862387453,0.0030501188400909912,0.0013379999999999375,0.0013379999999999458,0.0013379999999999375,0.0010033799999999784,0.0010033799999999678,0.0010033799999999678,-0.2047429642301362,9.722293632752551,0.4608932223097304,-0.0006319790897035019,-0.00227680758845323,0.00131828185889765,-13.315688076019287,-20.73243824005127,-1.036125043295324,982.6755297851563,-0.04434701030500645,24.66196632205052
2025-03-01T16:52:20Z,40.28361048841667,-76.14517146765589,86.88875956291199,-9.303103062912339,-3.635450690226485,-1.109478834467601,1.433880741198651,0.03605133400369523,3.9866492858510307,0.000999999998583389,0.0010000000047569468,0.000999999999800992,0.0009999999968855987,0.0009999999922355755,0.0009999999955554674,0.00003898861123751422,0.00003900070922044438,1.3418719275737856,31.95541583855648,25.238406849708195,0.0608614397199726,0.0002812556530855647,0.0005307538420771199,0.0030599766643546397,0.0013389999999999364,0.0013389999999999446,0.0013389999999999364,0.0010033899999999795,0.0010033899999999686,0.0010033899999999686,-0.17723138635572738,9.716412233348022,0.32741490598711864,-0.003789615945858202,0.004212712775352548,0.0027160939243361395,-13.444500579833985,-21.310313148498537,-1.3749375545978546,982.6917163085938,-0.05640181544723705,25.23434010941366
2025-03-01T16:52:21Z,40.280356570650426,-76.144700839748,87.42542032616028,-9.925461887034198,-1.806968730517466,-0.9772330161178031,1.4498485178785223,0.02969627517127066,3.9835765146685875,0.0009999999986507872,0.0010000000047356258,0.0010000000000577566,0.0009999999970981637,0.000999999992174163,0.0009999999956928202,0.00003998811558772058,0.00004000073569592358,1.3669525417030197,33.721118245141774,25.316736637266825,0.056520677440281664,0.0002651213336868866,0.0005373304532388474,0.0030698380093974443,0.001339999999999936,0.0013399999999999439,0.0013399999999999359,0.0010033999999999803,0.001003399999999969,0.0010033999999999688,-0.026497292029613578,9.734689241373276,0.09592892933009459,0.003914457132083512,-0.003839019151701355,0.0010679275255789098,-13.235438089370728,-21.23700071334839,-1.0785000443458557,982.6496435546875,-0.04495007280322331,25.04690854026902
2025-03-01T16:52:22Z,40.27801938720898,-76.14430368704826,87.84693783806519,-10.333634686818847,-0.6497105082738934,-0.8277611681957934,1.4563963019620425,0.03190518952870853,3.9849408185572543,0.0009999999983465097,0.0010000000048963613,0.0009999999999187896,0.00099999999698487,0.0009999999924460603,0.0009999999959334374,0.00004098776490493609,0.0000410007638825522,1.3735842476495534,35.573327340339986,25.453353453064423,0.05271121918973821,0.00025231234644492346,0.0005438091122512998,0.003080016895028821,0.0013409999999999353,0.0013409999999999438,0.0013409999999999353,0.0010034099999999809,0.0010034099999999694,0.0010034099999999694,0.08502197426506196,9.816791191732122,-0.07780961061274821,-0.0030871213065002466,0.001504546005188424,-0.005764745422833171,-12.804938049316407,-20.72325075149536,0.3712500176578761,982.69146484375,0.037190090029639244,24.36298218488183
2025-03-01T16:52:23Z,40.27625272406723,-76.14395498434423,88.20841862875183,-10.479014384241747,0.20255106086783736,-0.7668576337474706,1.4632938879997623,0.04357582701969883,3.9898414998672753,0.000999999998187665,0.0010000000047621104,0.0010000000000489073,0.0009999999969290787,0.0009999999924842577,0.0009999999960800677,0.000041987524681998135,0.00004200079420041158,1.367589390118305,37.491232999647515,25.666723428173523,0.04910850023748772,0.0002429991530703757,0.0005501193450324737,0.0030905823063939295,0.0013419999999999346,0.0013419999999999446,0.0013419999999999366,0.0010034199999999801,0.0010034199999999693,0.0010034199999999697,-0.09962417292926265,9.762833045954576,-0.19270497345807602,-0.0012027871677287713,0.005924803179731037,-0.014103550235819409,-12.54075054168701,-21.13012577056885,-0.6545625266060233,982.7034423828125,-0.015129949881604102,24.5800444149198
2025-03-01T16:52:24Z,40.274841787360046,-76.14363610332677,88.55103773879773,-10.676932003379132,0.9471229111531372,-0.6639794370728727,1.4712356685707948,0.03345517583015646,3.988491340033964,0.0009999999980726474,0.001000000004687663,0.0010000000000074674,0.0009999999969865251,0.0009999999926724019,0.0009999999960476347,0.000042987364046978544,0.00004300082700377034,1.352058482824075,39.50284999936721,25.99181323276696,0.04503471676465099,0.00023456471535846188,0.0005580802359156657,0.0031001404208935105,0.0013429999999999334,0.0013429999999999447,0.0013429999999999365,0.001003429999999981,0.0010034299999999695,0.0010034299999999703,-0.1130703949987109,9.8048264060051,-0.06015371732424767,0.0011482073897548949,-0.002669697095109177,0.007358666230963832,-12.872438049316406,-21.47137584686279,-0.9221250441670418,982.6927758789062,0.02520635717019057,25.05129539075821
2025-03-01T16:52:25Z,40.27359067417501,-76.14331930531357,88.97049754344998,-10.797829437695773,1.628507444774989,-0.6016085167366856,1.4786277133961903,0.026122958137047035,3.9888154168311973,0.000999999998228116,0.0010000000047564774,0.0009999999998946416,0.0009999999968164969,0.0009999999924562956,0.0009999999960454784,0.00004398725835338694,0.00004400086256406393,1.3299252800052128,41.59197696645136,26.426790287251784,0.04164223291083529,0.00022870565423504732,0.0005661599227815498,0.0031098641863290823,0.001343999999999934,0.0013439999999999442,0.001343999999999936,0.00100343999999998,0.0010034399999999692,0.001003439999999971,-0.08610472229489174,9.772803186411938,-0.17196717972309145,0.0008834999181429883,-0.0006538433100278947,0.004996655750470679,-13.893188056945801,-21.673313312530517,-0.5098125191777945,982.6384423828125,-0.005837678730518879,25.748989612259116
2025-03-01T16:52:26Z,40.27258235366777,-76.14304075741259,89.32726049295641,-10.904000806131096,2.0803175601876354,-0.5295666250859465,1.4775503842359006,0.023277706181686487,3.9929470485137526,0.0009999999983098314,0.001000000004909647,0.0009999999998261816,0.0009999999968605406,0.0009999999924065691,0.0009999999963165977,0.000044987189612744845,0.00004500090107448166,1.304222967641866,43.775352549888126,26.97834056640069,0.03854131951911103,0.00022561043705207447,0.0005737426239051669,0.003119763268362642,0.0013449999999999346,0.0013449999999999428,0.0013449999999999346,0.0010034499999999806,0.00100344999999997,0.00100344999999997,0.003785645098411025,9.799373968526117,-0.11318807600489128,-0.00665049933646899,0.00360151415958114,0.0013282960780982315,-13.631813068389892,-21.12581325531006,-0.7245000243186951,982.6341088867188,0.019444456638074085,25.152507773969496
2025-03-01T16:52:27Z,40.27168127956253,-76.14277877511192,89.62377744535844,-10.95115256296801,2.4942798221239157,-0.61883621424745,1.4848787767807494,0.039828753107790424,3.995616457777163,0.0009999999985621318,0.0010000000046662518,0.00100000000015371,0.0009999999968894836,0.0009999999922151509,0.0009999999964844346,0.000045987144500277614,0.00004600094269109249,1.2766123880570786,46.00346504554164,27.619874660587342,0.035769460136123025,0.00022399316765750162,0.0005819354221353999,0.0031303371873275605,0.0013459999999999336,0.0013459999999999419,0.0013459999999999356,0.0010034599999999814,0.0010034599999999708,0.0010034599999999708,-0.13703196774129928,9.642593708669203,-0.10871689992380641,0.0022579457476930385,0.0038461939439364138,-0.017900592008899693,-13.005375604629517,-21.257438259124754,-0.7310625287890434,982.60947265625,-0.1364502992452872,24.930912233951272
2025-03-01T16:52:28Z,40.27089972248164,-76.14254681726763,89.77745917001117,-11.267044021840308,3.1346189261528736,-0.594762498370821,1.4869361966085277,0.025541496483034692,3.991132459358098,0.0009999999985299169,0.0010000000044955437,0.0010000000002389447,0.0009999999972300562,0.000999999992365495,0.0009999999965711803,0.00004698711085083049,0.00004700098758827555,1.2458623785423013,48.328728998465245,28.377031674181115,0.0317506587824755,0.000221588032906601,0.0005920767667008642,0.003139781714081042,0.0013469999999999342,0.0013469999999999422,0.0013469999999999353,0.0010034699999999807,0.0010034699999999703,0.0010034699999999703,-0.24012535347740396,9.725706387562072,0.40162183067220786,-0.0020139355674430506,-0.005962024395203027,0.012544174128475593,-13.811063060760498,-22.197750873565674,-1.25175005286932,982.6236303710938,-0.04374670104884303,26.173456298324744
2025-03-01T16:52:29Z,40.26999401970109,-76.14229048887412,90.00007592807758,-11.71772157241234,3.8824944535977073,-0.6522951916186942,1.4852275867552736,0.01586587282285873,3.9868571449822134,0.0009999999986834039,0.0010000000044959607,0.0010000000001520785,0.0009999999974261073,0.000999999992250803,0.0009999999963947832,0.000047987076713428165,0.00004800103589522855,1.2114204267677282,50.718884356931795,29.220942288012697,0.028299668914663453,0.0002206013243708645,0.0006024078542611314,0.003149476523156885,0.0013479999999999352,0.0013479999999999423,0.001347999999999935,0.0010034799999999815,0.001003479999999971,0.0010034799999999711,-0.1110698370471797,9.633899743393535,0.4765675218860403,-0.006171988734844256,-0.005347320923630623,0.007969531197638713,-13.464375619888306,-21.099375705718995,-1.1484375482797622,982.5542626953124,-0.13446966654136575,25.055726262897398
2025-03-01T16:52:30Z,40.269062590648716,-76.1420435057598,90.14502408798549,-12.299887794139773,4.597569059349334,-0.6384696719466434,1.489521193000795,0.02433326918305043,3.9805214081613696,0.0009999999986803605,0.0010000000042695062,0.0010000000004924156,0.000999999997013257,0.0009999999922445674,0.000999999996383972,0.00004898703087380478,0.000049001087647519824,1.1749226510555077,53.22577178823809,30.162301366941612,0.025130923547329716,0.00022047409503670037,0.0006133932629539779,0.003159660904944255,0.0013489999999999364,0.0013489999999999414,0.001348999999999936,0.0010034899999999802,0.0010034899999999715,0.0010034899999999715,-0.03976372664103873,9.703690424596742,0.6566673040164976,0.00030317835685676124,-0.00586655607578207,-0.010101885324619319,-13.663125619888305,-21.678188228607176,-1.4497500544786452,982.5474096679687,-0.05490646137769167,25.6656190916261
2025-03-01T16:52:31Z,40.26779304293236,-76.14174869139481,90.55471679585122,-12.881066029276399,5.58125696259404,-0.4439211956709406,1.5052303047552242,0.024431438855608566,3.980711664967319,0.0009999999985211344,0.0010000000041018612,0.0010000000003180208,0.0009999999969699227,0.0009999999923140102,0.0009999999962829026,0.00004998696084314762,0.00005000114290899625,1.1376616799468644,55.87853927013494,31.215419585453578,0.022557429074328776,0.0002229644646372909,0.0006229017564452613,0.003169635356138114,0.0013499999999999365,0.0013499999999999409,0.0013499999999999365,0.0010034999999999805,0.0010034999999999708,0.0010034999999999708,-0.238203246423968,9.872021571358335,0.571826051015342,0.010934395052318963,-0.0001437877550054499,-0.0013755315854009002,-14.620313148498536,-21.08343828201294,-0.5203125170618296,982.4190966796875,0.1104523961968853,25.661898476909712
2025-03-01T16:52:32Z,40.26641494859021,-76.14146044792207,91.04824834790377,-13.727459609185432,7.059467192940922,-0.3153234465732206,1.5128091725666406,0.035470760818912386,3.9847410872218623,0.000999999998789381,0.001000000003948517,0.0010000000002334595,0.0009999999971128475,0.0009999999925764138,0.000999999996400698,0.000050986846818290535,0.00005100120185723155,1.098323220442615,58.5887252737916,32.33820527033189,0.01926466989329719,0.00022766394647816997,0.0006315370397407113,0.003179927580109986,0.0013509999999999365,0.0013509999999999406,0.0013509999999999365,0.001003509999999981,0.00100350999999997,0.00100350999999997,-0.5260650523215645,9.777548940018685,1.1174451832122403,0.003265872167038602,0.004345067193579016,-0.011903936560661969,-13.392750597000122,-20.99700086593628,-0.5506875201687217,982.3785009765625,0.07409082520955618,24.91065092116633
2025-03-01T16:52:33Z,40.26484552999264,-76.14117130417006,91.5354709040492,-14.5695346570159,8.529139685226342,-0.335391277012209,1.5158771814622614,0.023988519624621236,3.982992793017257,0.00099999999865987,0.00100000000402214,0.0010000000003474938,0.0009999999971412076,0.00099999999244762,0.000999999996089109,0.00005198665785425722,0.00005200126469286574,1.0561193341369992,61.36195522506044,33.531098360655626,0.016745032308738635,0.0002317672700855931,0.0006416946916456733,0.0031895708517413147,0.001351999999999936,0.0013519999999999398,0.0013519999999999357,0.0010035199999999804,0.0010035199999999687,0.0010035199999999687,-0.5574293402357166,9.64097690369258,1.159479752010753,-0.0005618802266042182,-0.0027374594293377214,0.010401140001064254,-14.526188077926635,-21.38212579727173,-0.5165625201538205,982.33111328125,-0.054891019178805116,25.854779885025405
2025-03-01T16:52:34Z,40.263542312937666,-76.14093401702884,91.68399200937046,-15.192925035507642,9.691364373850703,-0.4483540409753304,1.5154529317889764,0.024916127995003503,3.9879445811831205,0.0009999999986622105,0.001000000004275613,0.0010000000004359267,0.0009999999972423893,0.0009999999922169975,0.000999999995724216,0.00005298635393812594,0.000053001331605856865,1.0135423737845823,64.22277313554696,34.810646691360716,0.015046347747304505,0.00023885840238233302,0.0006502237663615641,0.0031995663044409417,0.0013529999999999352,0.0013529999999999395,0.0013529999999999352,0.0010035299999999795,0.0010035299999999686,0.0010035299999999686,-0.5309304532494654,9.58373025957341,1.1327193629390502,-0.002832594771067367,0.00475230986557526,-0.0012239836942255899,-14.811000623703002,-20.804438343048094,-1.3308750569075345,982.426337890625,-0.11643147545638391,25.572622350150063
2025-03-01T16:52:35Z,40.26238540239223,-76.14072254943756,91.66822007332483,-15.781928586921694,10.64654603741867,-0.35278503059769944,1.5199009441447422,0.020400519377598042,3.990949547757221,0.000999999998947396,0.0010000000045146703,0.0010000000005795557,0.0009999999973992523,0.0009999999921629615,0.0009999999959928796,0.00005398588548722568,0.000054001402785969624,0.9726961630418633,67.26670638293119,36.223284691484984,0.013976105066960516,0.0002464362599228598,0.0006593044884523253,0.0032094275125218556,0.0013539999999999358,0.00135399999999994,0.0013539999999999358,0.0010035399999999794,0.0010035399999999688,0.001003539999999969,-0.4521268280976423,9.811367455160317,1.164902827679675,0.002893011240908761,0.002570053781928914,0.004322534900587002,-14.160750589370728,-20.7474382019043,0.11831250488758087,982.49392578125,0.10904442826917986,25.119603589492712
2025-03-01T16:52:36Z,40.26166616402452,-76.14054724585266,91.42055785103948,-16.32100031346573,11.368285231614566,-0.5261232407664531,1.519821290166455,0.02835418552727537,3.98546321809585,0.0009999999990773518,0.0010000000042136603,0.0010000000002705312,0.0009999999974436777,0.000999999992350151,0.0009999999962632343,0.000054985193165893555,0.00005500147835415771,0.9350031255981411,70.34638400785924,37.689500075589315,0.013426427857409494,0.00025288986556568733,0.0006706321348805617,0.0032195623221025244,0.0013549999999999352,0.0013549999999999392,0.001354999999999935,0.0010035499999999796,0.001003549999999969,0.001003549999999969,-0.3772615488862139,9.562759045518206,1.1689333537791662,-0.0006131194603310974,-0.005194604805206621,-0.008381282976585486,-13.67025055885315,-20.578500747680664,-0.18187500663101674,982.6160424804688,-0.1403382257538322,24.705890017443075
2025-03-01T16:52:37Z,40.26097628214028,-76.14037343290116,91.0473783211065,-16.71895934513025,11.999426047608987,-0.5222251365275324,1.5271677662910301,0.023544146276857126,3.983555517920751,0.0009999999988787329,0.0010000000045115535,0.0009999999999449418,0.0009999999973444558,0.000999999992201478,0.0009999999960322863,0.00005598420953609885,0.00005600155843515797,0.901772504873442,73.60906818371451,39.2838779420448,0.01330661093819541,0.00026091703209177064,0.0006810544379390204,0.0032294059557463305,0.0013559999999999347,0.0013559999999999378,0.0013559999999999347,0.0010035599999999784,0.0010035599999999676,0.0010035599999999676,-0.4337419778322888,9.751507034933327,1.0340154275692777,0.006951423014198885,-0.0022420915189573466,0.0046097748261059775,-13.669875612258911,-20.38237581253052,-0.05868750199675559,982.6778735351562,0.03402835104961076,24.54195761658108
2025-03-01T16:52:38Z,40.25984341254926,-76.1401794491487,90.65009426252591,-16.85262281103795,12.295402154918953,-0.6927380230044666,1.5222593645320102,0.029244550690050778,3.986495327391906,0.0009999999991326235,0.0010000000045828584,0.0009999999997885743,0.0009999999974139317,0.0009999999922509178,0.0009999999963053866,0.00005698287079507902,0.000057001643211858747,0.8745482494689636,76.94238789726333,40.94425166606436,0.0132103049196035,0.0002709155678856161,0.0006902549567531605,0.0032395036596994486,0.0013569999999999336,0.0013569999999999366,0.0013569999999999357,0.001003569999999979,0.0010035699999999684,0.0010035699999999684,-0.3527057031809331,9.596611661812695,0.5579398335452269,-0.005468826487577448,0.0030607485911341567,-0.005651585189077841,-13.932750577926635,-21.37687587738037,-0.11400000628083945,982.6871118164063,-0.1624842564574321,25.51671518735119
2025-03-01T16:52:39Z,40.25735512332804,-76.13993521645921,90.3767745321462,-17.006537396857603,12.450399128321976,-0.6562517377025554,1.5243155312110626,0.023798333146370306,3.9871255138181136,0.0009999999988711539,0.0010000000047962951,0.0009999999999015824,0.0009999999972247944,0.000999999992412598,0.0009999999965229274,0.00005798113083682083,0.00005800173285180751,0.8535738967456925,80.47182145262569,42.73117133834681,0.013039371755955285,0.000280517458693245,0.0007000745999842222,0.003249344391786139,0.0013579999999999328,0.0013579999999999359,0.0013579999999999359,0.0010035799999999796,0.001003579999999969,0.0010035799999999673,-0.21511774926344118,9.799562890366104,0.381971265407801,0.0013721918538073987,0.00015046207209785684,0.005393717925732076,-13.635375547409058,-21.28200075149536,0.10762500412762165,982.6021484375,0.027574934462490222,25.275601419499882
2025-03-01T16:52:40Z,40.2532675378509,-76.13963807061278,90.26525602817647,-17.529556123379976,12.964048111904408,-0.7287188422180592,1.5164813803742208,0.031140282407875874,3.980806212698196,0.0009999999991352141,0.0010000000046952243,0.000999999999562479,0.0009999999973911333,0.0009999999927215414,0.0009999999965392564,0.00005897894585844347,0.000059001827460704895,0.8372950811794007,84.06962197848061,44.57637024499259,0.013181486116437232,0.0002887502251876258,0.0007116955039973589,0.0032594610132215536,0.0013589999999999323,0.0013589999999999364,0.0013589999999999364,0.0010035899999999787,0.001003589999999968,0.001003589999999968,-0.2092932510470645,9.651254198413493,0.8556697362933497,-0.008292824048353954,-0.0062324072496482774,-0.007714505393810106,-14.013000574111938,-20.911875801086424,-0.12806250501424074,982.5003759765625,-0.0904790890016966,25.173092119361325
2025-03-01T16:52:41Z,40.353507853467676,-76.14024843939634,91.5705050640785,-13.797874232876667,-0.0653501950835311,-0.7147601077672994,1.474878448951543,0.04791649495009191,3.9835412095760105,0.0009999999996450064,0.001000000004914892,0.0009999999994248364,0.000999999997451666,0.0009999999929769464,0.0009999999960893715,3.069391522639677e-10,3.069395842973963e-10,0.5243287225248516,0.5390158291393561,0.5314912213819898,0.010913764665480644,0.00016842426037770786,0.0001855378088924174,0.0032673181917154273,0.0013599999999999314,0.0013599999999999355,0.0013599999999999355,0.001003599999999979,0.0010035999999999687,0.0010035999999999687,-0.42177786388410077,9.52502632840005,0.6742545472238863,-0.0070271993641419506,-0.0008778272002987982,0.0019525130012841968,-13.706438093185424,-21.133688259124757,0.11268750600516796,982.3697192382813,-0.22218423102349444,25.189469050622062
2025-03-01T16:52:42Z,40.353443766566144,-76.14025100639766,91.14797134878907,-13.700849203181143,-0.3715375529130488,-0.691865096915654,1.4732756584077678,0.04447517690854495,3.989185415490695,0.0009999999995815678,0.0010000000045792341,0.0009999999995975715,0.0009999999971262116,0.0009999999930402161,0.0009999999958924418,1.0003069461932427e-6,1.0003069628231212e-6,0.555556366507555,0.5823270762749085,0.5757676888278294,0.011224413337144613,0.00017831610678907195,0.0001954926088514521,0.0032771452880251597,0.0013609999999999313,0.0013609999999999354,0.0013609999999999354,0.0010036099999999792,0.0010036099999999695,0.0010036099999999695,-0.2884577674855964,9.779423251782907,0.6689903425145437,-0.0015905025923597387,0.0050882854015792504,0.004059996582985852,-14.008688106536866,-21.04593816757202,0.31162501357495787,982.474384765625,0.0262007714562105,25.28377709682805
2025-03-01T16:52:43Z,40.35337673900398,-76.14025867618456,90.77834933154038,-13.400016374553564,-0.9305383707926547,-0.7674267226224569,1.4738025896827616,0.047846840088239764,3.993024755608528,0.000999999999376055,0.0010000000042795242,0.000999999999375226,0.0009999999970952513,0.000999999992636887,0.0009999999957554125,2.0003069683421183e-6,2.000307036680934e-6,0.5871019635274712,0.6604224860386044,0.6537136516615665,0.01141666724532394,0.000188295219122127,0.00020545202270613722,0.0032873125685078707,0.0013619999999999308,0.0013619999999999349,0.001361999999999935,0.001003619999999978,0.0010036199999999703,0.0010036199999999685,-0.22835737896574132,9.706406935140064,0.3509018339455244,0.0007199349832129839,0.003931981907483461,-0.0028576297898480836,-13.882313089370728,-21.313125762939453,-0.27356250952929256,982.4610595703125,-0.06482622007344986,25.436984601503912
2025-03-01T16:52:44Z,40.3533049428832,-76.14027177948039,90.51209562401775,-13.336184357271513,-1.2871673036869538,-0.7643700469571284,1.4728191802669146,0.05248455732185255,3.9911645726227505,0.0009999999992671323,0.0010000000039945677,0.0009999999993549544,0.000999999996708343,0.0009999999924804551,0.0009999999953125456,3.0003070054534987e-6,3.0003071704431294e-6,0.6174564879483672,0.7752633321483646,0.7681311506106737,0.011676819684123286,0.00019828904092460101,0.0002154400501686697,0.003297516275492633,0.0013629999999999307,0.0013629999999999348,0.0013629999999999348,0.001003629999999977,0.0010036299999999698,0.0010036299999999672,-0.2675205608348642,9.73918398920267,0.6768467763376771,-0.00041967848572512,-0.0016414080057197637,-0.004644826482559153,-13.76006308555603,-20.485875759124756,-0.5788125227019191,982.3890234375,-0.013878400278267394,24.684872799818997
2025-03-01T16:52:45Z,40.3532217638005,-76.14028794312857,90.2649134093345,-13.405438111733567,-1.4360658669241282,-0.9178715563476585,1.4600258034881992,0.051777495070569036,3.9883084023267004,0.000999999999331215,0.0010000000037114205,0.0009999999989510117,0.000999999997062124,0.0009999999925393735,0.000999999995096915,4.000307046422495e-6,4.000307377944354e-6,0.6459155007709494,0.9247019730766025,0.9177316672567317,0.011895620321645168,0.0002081920636362878,0.0002254390459125464,0.0033074342460750568,0.0013639999999999312,0.0013639999999999354,0.0013639999999999354,0.0010036399999999758,0.0010036399999999689,0.001003639999999968,-0.34678248385083477,9.540164554529417,0.9678578128332584,-0.012168310808812182,-0.0031480409368549464,0.0005171479812719432,-13.294125518798829,-19.508813228607178,-0.874500029310584,982.36171875,-0.18479966461802186,23.62392653651655
2025-03-01T16:52:46Z,40.35312142510797,-76.14030897794461,89.7923809939836,-13.250752125073422,-2.1257726683463334,-1.1364875050921308,1.4510284716762527,0.055894962587084464,3.9801948393346938,0.0009999999995876506,0.0010000000038552146,0.0009999999989817635,0.0009999999968648666,0.0009999999925830163,0.0009999999951647728,5.000307048740796e-6,5.0003076775217986e-6,0.6716494610210123,1.1153742415315286,1.1046400105739131,0.012191435749426605,0.00021820757111243324,0.00023546531425355696,0.003317580479144267,0.0013649999999999316,0.001364999999999936,0.001364999999999936,0.0010036499999999753,0.0010036499999999682,0.0010036499999999673,-0.10169795337749202,9.542653488155468,0.5401767221144025,-0.008238747453056727,-0.007750055987319631,-0.005031707496756705,-13.360500564575196,-20.776875820159912,-0.5431875185668469,982.4698657226562,-0.22165405605128388,24.707773554055763
2025-03-01T16:52:47Z,40.352999422317026,-76.1403361130076,89.11233313239627,-13.23523302638979,-2.517901822231632,-1.328395439945697,1.4336717599791091,0.061533546571336445,3.97271156765449,0.000999999999728152,0.0010000000038419582,0.0009999999992254642,0.0009999999969653776,0.000999999992426843,0.0009999999951954437,6.000306907824567e-6,6.0003080921283425e-6,0.6944201073461723,1.3457474081643959,1.3322953316237067,0.012462907035686087,0.0002283099148049034,0.0002454838958908994,0.0033278216981394958,0.0013659999999999317,0.001365999999999936,0.001365999999999936,0.0010036599999999748,0.0010036599999999674,0.0010036599999999677,-0.2739014241365318,9.5157342503827,0.9613135084917396,-0.016764817670593096,-0.0068032153567681,-0.006703073572665917,-16.253063135147094,-21.455438251495362,0.29418751865625387,982.5679028320312,-0.21199187101479058,26.91805508547151
2025-03-01T16:52:48Z,40.352830966852736,-76.14036594356791,88.43869242897885,-13.262697072288228,-2.712658936865235,-1.3906111491663053,1.4278151714941438,0.06494141151802335,3.9716142367783474,0.0009999999996615331,0.0010000000040696962,0.0009999999992481405,0.000999999997048234,0.0009999999926484542,0.0009999999953768338,7.0003064191658095e-6,7.000308650483807e-6,0.7144617654448655,1.6204487583595109,1.6055973797542589,0.012626095017819949,0.00023840815054130602,0.0002554575336027206,0.0033380050213303054,0.0013669999999999323,0.0013669999999999366,0.0013669999999999366,0.0010036699999999739,0.001003669999999967,0.0010036699999999687,-0.42735392131577316,9.590570744745134,1.2415810338051523,-0.005795288586437944,-0.0006640244597740375,-0.003891426491791212,-13.734938087463378,-20.262750720977785,-2.3191875994205473,982.5622973632812,-0.10001895159608902,24.588690722917754
2025-03-01T16:52:49Z,40.35260033643433,-76.14039461229787,87.86724790512254,-13.447701816050879,-2.5485556707693116,-1.33869263675369,1.4285375997734564,0.05518010554045989,3.97213346525936,0.0009999999995265979,0.0010000000037719578,0.0009999999992546383,0.0009999999971880029,0.0009999999926647227,0.0009999999954725884,8.000305236286458e-6,8.00030938662012e-6,0.7317295191422191,1.9409006662820811,1.9279287051147516,0.012558073533482181,0.0002481349607403343,0.00026538896836408437,0.003347504705123433,0.0013679999999999316,0.0013679999999999357,0.0013679999999999359,0.0010036799999999747,0.0010036799999999673,0.0010036799999999682,-0.5398636637475682,9.634258706406657,1.6235670566963722,0.0005067997136722407,-0.0008472838720016604,0.009130174423844936,-14.3469380569458,-20.483438205718993,-2.2567500936985017,982.566396484375,0.004927824722463399,25.109683977102875
2025-03-01T16:52:50Z,40.352314401065875,-76.14041752725777,87.33570107975521,-13.869792293209676,-1.9358004665977466,-1.312705777933403,1.4239400105227562,0.062322111569312846,3.9723094119872076,0.0009999999996832124,0.0010000000036460848,0.0009999999990420905,0.0009999999968902528,0.0009999999929054383,0.0009999999955509606,9.000302827862592e-6,9.000310340608511e-6,0.7458781137322485,2.306677581946809,2.299010537840331,0.012388372357774041,0.0002583538387935246,0.00027528116561636665,0.003357911934469467,0.0013689999999999321,0.0013689999999999365,0.0013689999999999365,0.0010036899999999742,0.001003689999999967,0.001003689999999968,-0.6789925652668032,9.529691037408778,2.1063314528003705,-0.004827919154936647,0.001308267721852066,-0.007794619011138673,-14.65125060081482,-20.67037570953369,-2.4806250989437104,982.6409375,0.0031367223512369547,25.457306959741917
2025-03-01T16:52:51Z,40.35196871642358,-76.1404331802941,86.80594522748565,-14.10003654011343,-1.4398399796577046,-1.2976446453325579,1.4194919049312804,0.06177625297526515,3.9801095271751716,0.0009999999998259825,0.0010000000036480933,0.0009999999993674873,0.000999999996779027,0.0009999999926572599,0.0009999999952078347,0.000010000298434042638,0.000010000311558835382,0.7568638789875772,2.7248918993009625,2.718948981661518,0.012381858227321156,0.0002683842202066419,0.0002851129227856775,0.003367973933081639,0.0013699999999999318,0.0013699999999999357,0.0013699999999999357,0.0010036999999999748,0.0010036999999999676,0.0010036999999999685,-0.7422166978539836,9.539542825059423,1.9360298157145226,-0.005031707630487414,0.007786271778141979,0.0008834997056653925,-14.450438079833985,-20.638313217163088,-1.8813750824332238,982.7255737304688,-0.017931591738088674,25.264443901854534
2025-03-01T16:52:52Z,40.35155796798556,-76.14044523801331,86.28342504116267,-13.651903132631855,-1.4072508795785819,-1.2507073305837095,1.4266717240815507,0.05987408586049302,4.014075997328211,0.0009999999996287436,0.0010000000039752995,0.0009999999995343076,0.0009999999966399914,0.0009999999926237249,0.0009999999954191346,0.000011000291023409937,0.000011000313093401015,0.765104307728909,3.1972440992743114,3.1853817813408254,0.012188929545441703,0.00027849522207952813,0.000294808930125495,0.003378153651223298,0.0013709999999999322,0.0013709999999999363,0.0013709999999999341,0.0010037099999999756,0.0010037099999999684,0.0010037099999999684,-0.8306426050210556,9.690873159561262,1.1255487476701105,0.0051462010426564075,0.03346378922022657,0.0060750157355701564,-13.911750602722169,-20.643375701904297,-2.8389375948905946,982.8099853515625,0.011108753211451345,25.054795421381485
2025-03-01T16:52:53Z,40.35104868994998,-76.14046349576294,85.7681570998047,-13.515463434058187,-2.818531336612013,-1.327378523229078,1.4327153394524266,0.0596220432918535,3.979044485375249,0.0009999999993028743,0.0010000000041727778,0.000999999999461934,0.0009999999967132906,0.0009999999925814466,0.0009999999956035266,0.00001200027928463123,0.000012000315001254283,0.7717234075447152,3.720864916186533,3.700440470000243,0.012841831662302934,0.0002883485380298618,0.00030477798278945615,0.00338791282668405,0.0013719999999999319,0.001371999999999936,0.001371999999999935,0.0010037199999999766,0.0010037199999999684,0.0010037199999999686,0.5025296458754676,9.753979578649997,0.34368610301505154,0.008101885448970003,-0.03442448458657268,-0.005601848091773061,-13.737938051223756,-21.146438331604003,-2.1296250838041306,982.8605297851562,-0.007088393809973025,25.30682743893254
2025-03-01T16:52:54Z,40.35033802797998,-76.14049290948839,85.34454847188272,-13.02796340790188,-4.54885127961406,-1.3701830084468247,1.4426185479169795,0.055777428868243856,3.936375007376373,0.0009999999992132817,0.001000000004142619,0.0009999999993681222,0.0009999999965441945,0.0009999999927748837,0.000999999995629628,0.000013000261674254841,0.000013000317340528229,0.7790700218410284,4.3198675015547225,4.264343078835324,0.015430210589537311,0.0002980797123147247,0.0003145512435175763,0.003397461106991882,0.0013729999999999314,0.0013729999999999355,0.0013729999999999346,0.0010037299999999755,0.0010037299999999675,0.0010037299999999683,0.547953389346055,9.849931779539387,-0.29160830562321677,0.011817979560726388,-0.04234536479478799,-0.0033721914558633957,-12.789938087463378,-20.790938301086427,-0.859500030502677,982.814599609375,0.08961291491936824,24.425025651836858
2025-03-01T16:52:55Z,40.349348608867714,-76.14052322350207,85.1558437833466,-12.146432429819537,-5.713054250937578,-1.2639936527048694,1.4563466483842802,0.037916500994708204,3.9308187316213195,0.0009999999987846966,0.0010000000038154757,0.0009999999993901463,0.0009999999968153797,0.0009999999925410978,0.0009999999957496259,0.000014000236451835516,0.000014000320165092005,0.790584119356459,4.993776057817468,4.880872086277568,0.019044113277178695,0.000307297965636843,0.0003238682768959376,0.0034067437420821933,0.0013739999999999306,0.0013739999999999347,0.0013739999999999347,0.0010037399999999756,0.0010037399999999678,0.0010037399999999687,0.06262554394398083,9.940432796536665,-0.44276997914541777,0.012206195678214193,-0.007013513459148693,0.014536995225406624,-13.381125602722168,-20.897625770568848,0.02831250216811895,982.7124560546876,0.17075959663551235,24.814583477432794
2025-03-01T16:52:56Z,40.3480395020912,-76.14053752655262,85.1849334733946,-11.521303220416407,-6.463148614791189,-1.3454576478756342,1.4513625382546718,0.04304093844124228,3.930190746053092,0.000999999998773894,0.001000000003901435,0.0009999999995942504,0.0009999999968013209,0.0009999999922622252,0.0009999999958280354,0.000015000201841182264,0.00001500032351072521,0.8101272619316997,5.721176224848995,5.5180233084377575,0.02349080753011408,0.00031643848023676056,0.0003326811872941595,0.0034170774318874166,0.0013749999999999303,0.0013749999999999347,0.0013749999999999344,0.001003749999999976,0.0010037499999999682,0.0010037499999999689,0.19915961636600232,9.696551886236826,-0.2891756104522806,-0.00871725886027689,0.0009242236411941853,-0.008971785402933167,-13.922625541687012,-20.395313358306886,-0.04143750112503767,982.5954907226562,-0.07673504959338254,24.694280808717096
2025-03-01T16:52:57Z,40.34630470758318,-76.14051140029355,85.50851261810709,-11.095042493172256,-6.441551353988677,-1.257351417428363,1.4585846097167836,0.043028907721545905,3.9263020182914152,0.0009999999989186849,0.0010000000039013348,0.0009999999996276317,0.0009999999968438179,0.0009999999920083703,0.0009999999961569851,0.000016000156364343365,0.00001600032738592826,0.8400556868086729,6.515343938070324,6.176720022638587,0.027415359679953604,0.0003240584958566686,0.0003408855068005005,0.003427275660466786,0.00137599999999993,0.001375999999999934,0.001375999999999934,0.0010037599999999755,0.0010037599999999673,0.0010037599999999681,0.025595635646195502,9.778230790056172,-0.006923215543720331,0.0006999063552969179,-0.002587247332744135,-0.005992066935632179,-13.79493803024292,-20.91412576675415,-0.23231250893324615,982.4104125976562,-0.0013762030619835599,25.054987184174905
2025-03-01T16:52:58Z,40.3443915179492,-76.14044250226172,85.99727895587206,-10.841040865045459,-5.9207104154614365,-1.1299113277880422,1.4631616260318396,0.03142560949700128,3.923760152455947,0.000999999998928699,0.0010000000037876813,0.0009999999995088681,0.00099999999670358,0.0009999999918862388,0.0009999999962525341,0.000017000099203575516,0.00001700033176727144,0.8796165789544478,7.37202683729489,6.823675446352642,0.03086915917565467,0.00032932015415289756,0.0003483946264274545,0.003436997843291815,0.0013769999999999301,0.001376999999999934,0.001376999999999934,0.001003769999999975,0.0010037699999999668,0.0010037699999999677,0.020615162803320576,9.778027462001713,0.054074804439581764,-0.00423758360148508,-0.002435532489037032,0.004782853276431321,-13.703250551223755,-20.271938343048095,-0.13893750667572022,982.3689599609374,-0.0015002187887795332,24.46931476737111
2025-03-01T16:52:59Z,40.34254571070784,-76.14034266354422,86.50586793135788,-10.831291144704936,-4.894290341604976,-0.9698847548375711,1.4763288243664667,0.02624490137060919,3.9208284884964355,0.000999999998926895,0.001000000003745646,0.0009999999993152977,0.0009999999964525868,0.0009999999921404133,0.00099999999614269,0.00001800003042556923,0.00001800033660268079,0.9246775913329583,8.277755488953387,7.43451835856753,0.03223858775255347,0.00033228660635152487,0.00035528760819321625,0.0034470051780549284,0.0013779999999999307,0.0013779999999999346,0.0013779999999999346,0.0010037799999999745,0.0010037799999999667,0.0010037799999999667,-0.046503512811551816,9.77583407465238,0.31465318726983604,0.0035739753208582615,-0.0022067080848462896,-0.0015357583477779804,-13.678125610351563,-20.343188209533693,0.18693750735372305,982.4333154296875,0.0011959219732577515,24.514666416040978
2025-03-01T16:53:00Z,40.34085849707559,-76.14022193463917,86.95539206559695,-10.970360310042956,-3.751143797925613,-0.9086681676108036,1.4838650246526663,0.014766294560417278,3.914814859232097,0.0009999999990781966,0.0010000000040283452,0.0009999999993774856,0.0009999999963157232,0.0009999999923107489,0.000999999995841124,0.00001899995087237541,0.00001900034183192832,0.9689722706710397,9.229529396425749,7.981598923142726,0.032467708723068894,0.0003326509979245399,0.00036185083475435314,0.0034567067252732897,0.0013789999999999308,0.0013789999999999352,0.0013789999999999354,0.0010037899999999738,0.0010037899999999658,0.0010037899999999658,0.018260260598188763,9.68593068769737,0.34470403307454706,-0.0018144864187666634,-0.006009091105504575,0.005078104523938077,-14.187188043594361,-20.762438201904295,-0.09731250330805778,982.51638671875,-0.08785759176339647,25.146809877542267
2025-03-01T16:53:01Z,40.3390872641093,-76.1400554805888,87.55160255190341,-11.158667464547454,-2.2061730707273735,-0.7832748514201264,1.4964032183295701,0.012857336786076968,3.9154725385399844,0.0009999999989832636,0.0010000000041103273,0.0009999999996290502,0.0009999999961230795,0.0009999999919956012,0.0009999999954606069,0.000019999861759848173,0.00002000034740893524,1.0072067937388356,10.233724810405938,8.47278399994603,0.0314917317535905,0.0003314621224833254,0.00036797492184227176,0.0034668523839711516,0.0013799999999999305,0.0013799999999999349,0.0013799999999999349,0.0010037999999999746,0.0010037999999999649,0.0010037999999999649,-0.09252546424016067,9.734557858145182,0.3570061471716827,0.0022070401197878766,0.001443459119168519,-0.00400341829396886,-13.628250579833985,-20.437125816345215,-0.11118750363588333,982.45443359375,-0.03856665629862228,24.564510585018976
2025-03-01T16:53:02Z,40.33748781954916,-76.13987562076427,88.08088918762009,-11.445622922378288,-0.5368221091276506,-0.7175958647790937,1.5038013692621943,0.013133722072574332,3.9193169052032677,0.0009999999985507127,0.0010000000038675823,0.000999999999619252,0.0009999999963951401,0.00099999999178259,0.0009999999951980391,0.000020999763949836324,0.00002100035332731468,1.0345811716127273,11.276201261298558,8.90783543877138,0.02910839982615887,0.00032934335989225446,0.00037392996561577154,0.003477095748013377,0.0013809999999999311,0.0013809999999999352,0.0013809999999999352,0.0010038099999999744,0.0010038099999999648,0.0010038099999999648,-0.2029385405973914,9.686322874534124,0.49866843768258523,-0.001953850497576678,0.004512804213182632,-0.005130848146420476,-13.833375568389892,-19.87687572479248,0.01256250020116568,982.4955346679687,-0.07902066460895016,24.216732927425273
2025-03-01T16:53:03Z,40.33570628041067,-76.13964009302056,88.78971141867434,-12.216688515505236,1.7029943385376858,-0.6532464424878491,1.5069080158377177,0.010418266989436714,3.913985236300579,0.000999999998388633,0.001000000004235065,0.0009999999994752954,0.00099999999670829,0.000999999992057409,0.0009999999953376989,0.000021999657064062658,0.000022000359639338183,1.0465928857176934,12.356587887762618,9.307416793534285,0.02506200485500473,0.00032642523829707297,0.0003807683439606782,0.0034872020894682523,0.0013819999999999304,0.0013819999999999345,0.0013819999999999347,0.001003819999999975,0.0010038199999999643,0.0010038199999999643,-0.171368973443698,9.64733943048726,0.9822108254858685,-0.006854120799664456,-0.0049298967322776634,-0.0029242238962035017,-13.57312557220459,-20.325000705718995,-0.33600001107901334,982.3701098632813,-0.08182146916176282,24.44270427220468
2025-03-01T16:53:04Z,40.334309233897386,-76.13943016746019,89.24574434975196,-12.769816903264555,3.6078606361674486,-0.5012475036761678,1.517675526243664,6.280617831695261,3.9116747320629663,0.0009999999986055838,0.0010000000044034169,0.000999999999721821,0.0009999999966319826,0.0009999999917962904,0.0009999999955903702,0.000022999538827803446,0.000023000366453668263,1.0422421673032414,13.510934975072685,9.722030714435006,0.021349622697307485,0.0003243831213558462,0.0003878910756767306,0.0034967369331436195,0.0013829999999999305,0.0013829999999999346,0.0013829999999999346,0.0010038299999999755,0.001003829999999965,0.001003829999999965,-0.275350842627322,9.794431340322793,0.9706821282527114,0.003563961057306938,-0.0027174315200626104,0.009169396736954884,-13.500375595092773,-21.020063247680664,0.014437501579523091,982.4861645507813,0.0655027949421681,24.982010691925552
2025-03-01T16:53:05Z,40.333024913478965,-76.13921965707411,89.56714743499998,-13.26753481062469,5.100917492355348,-0.619215279213525,1.516380254904153,0.0020865185563486545,3.910676223864013,0.0009999999988192635,0.0010000000042882527,0.0009999999999290845,0.000999999996969745,0.0009999999918195931,0.0009999999957521148,0.00002399940542441199,0.00002400037389004084,1.0263817781493294,14.712709527144478,10.140203370946832,0.01886924878763826,0.0003237707460060533,0.000395423533346636,0.003507093457894396,0.0013839999999999306,0.001383999999999935,0.001383999999999935,0.0010038399999999755,0.001003839999999965,0.001003839999999965,-0.10217651059463256,9.562793126737642,0.769090086028879,-0.0071900966747666505,-0.0005113081745450899,-0.007607520619052804,-13.728000593185424,-21.11043827056885,0.4125000173598528,982.5132275390625,-0.18671739737254675,25.18484046961026
2025-03-01T16:53:06Z,40.331648911740416,-76.13898793854887,89.86962562777768,-13.861190720979064,6.766914826732929,-0.5061026600980605,1.527868032316471,6.279360480112942,3.902918958675935,0.0009999999988903423,0.0010000000044850898,0.0009999999998969954,0.0009999999967968934,0.000999999991701195,0.0009999999959039686,0.00002499925151637209,0.000025000382078101035,1.0029137224168712,16.01127894144843,10.626641371165201,0.016517445019961136,0.00032398727303181805,0.0004041585376050925,0.0035169263595657106,0.00138499999999993,0.0013849999999999338,0.001384999999999936,0.0010038499999999743,0.0010038499999999646,0.0010038499999999646,-0.17196717582587046,9.794817120865666,0.9535368370911195,0.00601476402767347,-0.00787222855007247,0.0029095345679657734,-13.243125619888305,-20.585438289642333,-0.07106250192970037,982.475126953125,0.06150126160126835,24.4774017586009
2025-03-01T16:53:07Z,40.330469718036255,-76.13877242493538,89.97850691628354,-14.412394000626819,8.211702437187038,-0.6012746891910232,1.5244594751686416,6.281691074918369,3.902844021494686,0.0009999999989166153,0.0010000000046554078,0.0009999999996810694,0.0009999999970927154,0.0009999999915805244,0.0009999999961569281,0.00002599906941707241,0.00002600039117242519,0.973725350677164,17.36115756453712,11.161424664169722,0.014738280678752016,0.0003266890808662144,0.00041255818601962466,0.0035271289096099638,0.001385999999999931,0.0013859999999999348,0.0013859999999999361,0.0010038599999999745,0.0010038599999999637,0.0010038599999999637,-0.1720279808047994,9.611870763555325,1.003279431627525,-0.007301420829185605,0.00010656636037768299,-0.004169487134778187,-13.740750551223755,-20.11481327056885,0.1803750066831708,982.550703125,-0.11566857624239196,24.36070579684607
2025-03-01T16:53:08Z,40.32913942409313,-76.13853808260791,90.01612248158365,-14.934981202818745,9.619653610678577,-0.6477981494186301,1.532526217266707,0.0028239813732243656,3.9005377907831007,0.0009999999990295814,0.001000000004978408,0.0009999999994256882,0.0009999999971469912,0.0009999999913563064,0.0009999999961047715,0.00002699884920202796,0.00002700040133620404,0.9418798774879399,18.804305170814207,11.782954752253936,0.01364535650239956,0.00033086476369404783,0.00042159153023242624,0.0035374363231922296,0.0013869999999999302,0.001386999999999934,0.0013869999999999354,0.0010038699999999753,0.0010038699999999645,0.0010038699999999645,-0.2147588222189838,9.666482137675398,0.9718419219457319,0.0045486886846937795,-0.0020893754222791926,-0.0060803585914531895,-13.618313102722167,-20.015438327789308,-0.11381250590085981,982.533330078125,-0.06386627441412712,24.209227686118183
2025-03-01T16:53:09Z,40.32805093742406,-76.13832454410819,89.80167805425059,-15.277121460948221,10.953025217078746,-0.7256150710177653,1.529611190890392,6.277049870274385,3.9020816878911635,0.0009999999990272829,0.0010000000047525035,0.0009999999994823178,0.000999999997159808,0.0009999999913479904,0.0009999999962914288,0.00002799857797010438,0.000028000412763546212,0.9095862013167527,20.329001257414067,12.499336949187816,0.013096667525358915,0.0003371031431978277,0.00043051883395995883,0.003547036402668091,0.0013879999999999303,0.0013879999999999346,0.0013879999999999355,0.001003879999999976,0.0010038799999999653,0.0010038799999999653,-0.39914999247575084,9.654078590888377,1.0401916588912126,-0.005118330331078511,0.0011780835432709904,0.007957681093504343,-13.558875579833984,-20.215875720977785,-0.22837501019239426,982.6482739257813,-0.0634504882741988,24.34285127800156
2025-03-01T16:53:10Z,40.32800907774893,-76.13818956798139,89.04075220134379,-15.510696404549524,11.639148471287736,-0.8156660604785764,1.5333941080302516,0.00025309272108327714,3.904055682423242,0.0009999999990384838,0.0010000000046230077,0.0009999999996211574,0.0009999999972619845,0.0009999999916632755,0.0009999999960681012,0.0000289982396152812,0.00002900042567041428,0.8789792512464176,21.953934885173084,13.325327832279179,0.013157815816974592,0.0003448070232784417,0.00043969838177042525,0.0035573607497634795,0.0013889999999999313,0.0013889999999999356,0.0013889999999999356,0.001003889999999976,0.0010038899999999652,0.0010038899999999652,-0.2746192725589085,9.682593734100674,1.0297881146985006,0.0037138396872980167,0.002176496848675908,-0.006365428912217839,-13.685813055038452,-20.23125068664551,-0.365250012986362,982.9912255859375,-0.04061329447628877,24.42817834444314
2025-03-01T16:53:11Z,40.327795322665104,-76.13803688006628,88.20066970903173,-15.706514096105984,12.220409848038688,-0.9965204443741102,1.5294638914897862,0.0017681788483292038,3.902016405483042,0.000999999998726124,0.0010000000047206167,0.0009999999998346809,0.000999999997303787,0.0009999999915867666,0.0009999999964038315,0.00002999781649183568,0.000030000440263263428,0.8527769904120059,23.659681913651337,14.252637880406732,0.013527206831243189,0.0003531629435949338,0.00044962288406139267,0.0035674485236210315,0.0013899999999999312,0.0013899999999999358,0.0013899999999999358,0.0010038999999999751,0.0010038999999999662,0.0010038999999999643,-0.24399114483002038,9.592105157211767,0.8750123741816792,-0.004156969432660498,-0.0020264529286129467,-0.0017260277976857193,-13.555313034057617,-20.435063304901124,-0.20418750770390034,983.0561181640625,-0.14673137429115402,24.52299967222354
2025-03-01T16:53:12Z,40.32698879246258,-76.13784880986678,87.41907232662061,-16.070318067656846,13.08000066918228,-1.0280174456660964,1.5339614400409962,0.009879925179081981,3.9015742108290867,0.0009999999984719136,0.0010000000046295333,0.0010000000001048968,0.000999999997499277,0.0009999999919182065,0.0009999999965820986,0.000030997289154730394,0.00003100045675838809,0.8321135109525926,25.485108076770302,15.307866510538634,0.014446069437170734,0.000362571184813219,0.00045952205462407254,0.0035779133473439243,0.0013909999999999305,0.0013909999999999368,0.0013909999999999368,0.0010039099999999738,0.0010039099999999666,0.0010039099999999634,-0.3063006338950516,9.718253282073256,1.0889110981188534,0.00402945333212773,-0.00018551402644536327,-0.008381283069643641,-13.772063093185425,-20.506313343048095,-0.19931250747293233,983.0458642578125,0.0020092329007790426,24.702546682365696
2025-03-01T16:53:13Z,40.32593317642063,-76.13765006687028,86.62868776793962,-16.443635301309605,13.913514290510571,-1.0890642872837022,1.532603368453425,6.282575869182991,3.896869752006682,0.0009999999984449846,0.001000000004585494,0.0010000000002029987,0.0009999999975964123,0.0009999999919538846,0.000999999996380489,0.000031996636244979116,0.00003200047538266274,0.8177813320818077,27.404132160597467,16.468838400328625,0.015771961124020396,0.00037184226521141614,0.0004700541524122173,0.0035873509591591826,0.00139199999999993,0.0013919999999999373,0.0013919999999999373,0.001003919999999974,0.0010039199999999668,0.0010039199999999633,-0.2767329293627843,9.686182966863452,1.0959895408798201,-0.001559959163532548,-0.005164061613525799,0.010138100781946702,-13.725000562667846,-20.452875690460203,-0.22987501010298728,983.1118823242188,-0.030034361054466052,24.63221655745336
2025-03-01T16:53:14Z,40.32445488542154,-76.13744084410236,85.8350754090962,-16.663964134058048,14.776108875914243,-1.1737295388970117,1.528270888799301,6.282255799543819,3.8984952299389675,0.0009999999982060431,0.0010000000047249776,0.0010000000002861795,0.00099999999769205,0.0009999999921600266,0.0009999999964016093,0.000032995836701547136,0.000033000496345556814,0.8109127791515341,29.415746704220336,17.72405196602741,0.017474090559824334,0.00038196056488550104,0.0004798269518296565,0.003597339910796237,0.0013929999999999305,0.0013929999999999377,0.0013929999999999377,0.0010039299999999739,0.0010039299999999667,0.0010039299999999632,-0.368435568636713,9.654588572137968,1.0985608470476966,-0.0041669834732531354,0.0015285795548870625,0.00034690668362637655,-13.821000595092773,-20.136375732421875,-0.33918751172721384,983.1587670898438,-0.058183150790126155,24.42552435365937
2025-03-01T16:53:15Z,40.322324999821184,-76.13722600100307,85.0706247666524,-16.992522573816853,15.530030773296033,-1.2450155770756854,1.5291896629463944,0.008102706125312003,3.8989171762622004,0.0009999999981253902,0.0010000000048483173,0.0010000000000281056,0.0009999999978563632,0.0009999999919115862,0.0009999999962651462,0.0000339948724650709,0.00003400051981625219,0.8124406933261307,31.523794491535615,19.059685651289843,0.019640859755791128,0.00039144142271778197,0.0004897103018364843,0.00360781255171703,0.0013939999999999315,0.0013939999999999365,0.001393999999999939,0.0010039399999999727,0.0010039399999999658,0.001003939999999962,-0.2878595534917654,9.647658514018103,1.228791197180462,0.0017590727068590706,0.0007002405580146633,-0.008819068953580006,-13.905563106536865,-20.20143825531006,-0.19293750677257776,983.1803002929687,-0.05228663033206858,24.52544626147164
2025-03-01T16:53:16Z,40.3189620078592,-76.13701589476808,84.491272085379,-17.117108017609507,15.96083201240465,-1.223860576470007,1.5322916572620044,0.013410202184445115,3.897564752562812,0.0009999999979497045,0.0010000000045990417,0.0009999999998698387,0.0009999999977740183,0.0009999999920832418,0.0009999999964369565,0.000034993733750909724,0.000035000545889065915,0.8227593528068387,33.73600430555582,20.454729718748336,0.021597593465026245,0.00039961310550397925,0.0004997094446021498,0.0036180856833844567,0.0013949999999999312,0.0013949999999999354,0.0013949999999999395,0.0010039499999999735,0.0010039499999999666,0.0010039499999999631,-0.34227142625200113,9.720685347005029,1.0851453479460968,0.0052863993301923325,-0.0012553615615294514,-0.004750309064306797,-13.989188175201416,-20.639438285827637,0.10725000541657209,983.1198217773438,0.004859553917980092,24.933767386351096
2025-03-01T16:53:17Z,40.31451061375135,-76.13683607225093,84.0352322835873,-17.071414522467578,16.02003336962622,-1.341497029666078,1.5207722588856147,0.008352156080246361,3.8958007148831544,0.000999999998086414,0.0010000000045383747,0.000999999999954512,0.0009999999978210319,0.0009999999923079792,0.000999999996248933,0.00003599242314532542,0.00003600057456060368,0.8410766780761495,35.98985928123289,21.8392962130695,0.023456895470162532,0.0004059789081429801,0.000509610520728451,0.0036277358695438523,0.0013959999999999318,0.001395999999999936,0.00139599999999994,0.0010039599999999726,0.0010039599999999674,0.001003959999999964,-0.3026950557453544,9.555096156433594,1.096507989406716,-0.007678788220068932,-0.002119918774774089,0.0060860312821583665,-14.944688215255738,-20.591813335418703,0.5754375229030848,983.0775219726562,-0.15963248316214765,25.449852907878153
2025-03-01T16:53:18Z,40.30922330055708,-76.13670612371732,83.62850456039496,-16.73811227691218,15.600221102393636,-1.3850318528855388,1.5178042076419385,0.025161721635156994,3.8930618763759957,0.0009999999978947448,0.0010000000047068402,0.000999999999502461,0.000999999997672318,0.0009999999921405584,0.0009999999960202453,0.00003699095756486319,0.00003700060573833613,0.8654864136664796,38.322627578144704,23.205546898384508,0.02470661291577645,0.0004103902229627068,0.000519453984457485,0.003638652130674826,0.0013969999999999306,0.001396999999999935,0.0013969999999999393,0.001003969999999973,0.001003969999999967,0.0010039699999999634,-0.34640395149769754,9.605624539688659,1.0384820354879356,0.002573559023057722,-0.0019875646773639608,-0.015345141348539048,-13.39687557220459,-20.329125843048097,-0.3695625153183937,983.0638720703125,-0.1143446594211001,24.349203764481203
2025-03-01T16:53:19Z,40.304553089877835,-76.13661371620852,83.12228403979546,-16.419703759718,15.11973653922385,-1.3048235290731107,1.5117754577734566,0.018990096265233083,3.8911531539813993,0.0009999999976663986,0.0010000000048248285,0.0009999999997062992,0.0009999999974812733,0.000999999992074301,0.0009999999958107844,0.000037989366820823775,0.00003800063927840204,0.8937449060338104,40.74965451569947,24.53498240328477,0.026039948581847477,0.0004122506401995818,0.0005290298562028462,0.003648164159332705,0.00139799999999993,0.0013979999999999342,0.0013979999999999386,0.001003979999999972,0.0010039799999999677,0.0010039799999999625,-0.3824394665616657,9.728295324101978,1.1677957896077331,-0.00041166712322380876,-0.002326878879806645,0.0076272130206664936,-13.590938091278076,-20.357438220977784,-0.2887500111758709,983.2109033203125,0.023504340983450736,24.47896581634794
2025-03-01T16:53:20Z,40.30048546137978,-76.13654872927039,82.57089750329679,-15.96423466256206,14.5365059370511,-1.2714967826747687,1.5061626126337027,0.013798293489038752,3.88782825843078,0.00099999999787687,0.0010000000046869772,0.0010000000001043332,0.000999999997192086,0.0009999999919954705,0.0009999999960036035,0.000038987689962711996,0.00003900067499634092,0.9234346482392213,43.2173532216877,25.76929215934463,0.026611091849428357,0.00041163466858930314,0.0005386613974791221,0.003657788906136139,0.0013989999999999287,0.001398999999999934,0.0013989999999999378,0.0010039899999999729,0.0010039899999999685,0.001003989999999962,-0.3686571983820706,9.693760243093116,1.0921610273821112,-0.00016515154803221118,-0.0037387105591384162,0.006452550103886176,-13.810875568389893,-20.40787578582764,-0.4290000148490071,983.349716796875,-0.01996840769945904,24.64555140219613
2025-03-01T16:53:21Z,40.29521941630802,-76.13656657071256,82.2134526708519,-15.303983802862552,13.301194877986283,-1.3904751486919704,1.4933047686191707,0.030142589442070135,3.8831659381544195,0.0009999999979709681,0.0010000000047250997,0.001000000000201105,0.0009999999974026578,0.0009999999919100295,0.0009999999961008584,0.00003998597057184098,0.00004000071271785386,0.9514647617756243,45.67461084891421,26.875132414161744,0.026653058815560796,0.00040908601415885374,0.0005483917323211174,0.0036686159800552267,0.0013999999999999276,0.001399999999999935,0.001399999999999938,0.0010039999999999724,0.001003999999999968,0.0010039999999999609,-0.24902979371740894,9.50368381506029,1.1397095447914456,-0.0051684009828083625,-0.0035686362017910587,-0.014634301706602612,-13.584188060760498,-20.272313232421876,-0.417562516592443,983.2802685546875,-0.20685968592969034,24.406325346432237
2025-03-01T16:53:22Z,40.289371275098176,-76.13666189944611,82.01790233360029,-14.419556525950986,11.681008894704103,-1.2237242878000947,1.48786473083186,0.03167354518110074,3.8797713872481916,0.0009999999979738894,0.0010000000049920459,0.0009999999998309363,0.000999999997713623,0.0009999999919318612,0.0009999999960939978,0.00004098425041464089,0.0000410007523665946,0.9758761145014729,48.2432662733395,27.933515074670503,0.026499540347411015,0.000404745417060148,0.0005579600516758318,0.003678555701994184,0.0014009999999999277,0.0014009999999999338,0.001400999999999937,0.001004009999999971,0.0010040099999999675,0.0010040099999999606,-0.313662153564848,9.758645581240698,1.2472159354101098,0.003662934064668488,-0.0032601995885497546,0.00042535104001018703,-13.172250566482544,-20.32462579727173,0.009375002272427085,983.2480932617187,0.06133607874591733,24.219748455701286
2025-03-01T16:53:23Z,40.282958789222924,-76.1368426989799,82.07954713143181,-13.0336370052557,9.588014072840705,-1.167324285717225,1.4739367105177186,0.029833661189459938,3.8798187701747042,0.000999999998229965,0.0010000000051142615,0.0009999999997909403,0.0009999999977945975,0.000999999991896872,0.0009999999961615214,0.0000419825616255185,0.00004200079396461445,0.9944937797890343,50.80995043392055,28.886072173370344,0.025286158375949278,0.00039974160403040415,0.0005670627336999456,0.0036882990878779236,0.001401999999999927,0.0014019999999999341,0.0014019999999999374,0.001004019999999971,0.0010040199999999675,0.0010040199999999603,-0.41455951338182934,9.638525826767061,1.085142084002664,-0.003586160917754878,-0.00011374538772832715,0.004232407219155833,-14.678625650405884,-20.783250675201415,0.8533125315979123,983.1816796875,-0.0731674641269211,25.458419123046927
2025-03-01T16:53:24Z,40.27654559888242,-76.13708423000472,82.26397004556729,-11.59629928100115,7.3194401543217245,-1.051277582383025,1.4638956830461067,0.03349738257812695,3.87755187810193,0.000999999998365298,0.0010000000051957317,0.0009999999999347486,0.000999999997906044,0.0009999999917778494,0.0009999999961098679,0.00004298092288447756,0.00004300083761868009,1.0059400543662003,53.43888737926673,29.79957553912576,0.024071997198742423,0.0003940926956493597,0.0005765936146257185,0.0036983609884529887,0.0014029999999999262,0.0014029999999999336,0.0014029999999999377,0.00100402999999997,0.0010040299999999665,0.0010040299999999596,-0.34752778873287365,9.683733859823148,1.2227130354664502,0.0006696972251261611,-0.001875572754639977,-0.0015497781453531268,-13.258313102722168,-20.310000801086424,0.5904375240579247,983.1517553710937,-0.014370767779662442,24.26159805065559
2025-03-01T16:53:25Z,40.27036097975262,-76.13736802176483,82.52020466982998,-9.997686769008427,4.899264506220284,-0.9884196483308475,1.448901343309774,0.04040464786570439,3.878921110454389,0.0009999999984420115,0.0010000000049822607,0.001000000000160623,0.0009999999977217259,0.0009999999920832945,0.000999999996172424,0.00004397933923611011,0.00004400088354659276,1.009762591914869,56.1031263902513,30.682290251091466,0.02220071707116513,0.00038935882795139995,0.0005856070387191663,0.00370863278165441,0.001403999999999925,0.0014039999999999333,0.0014039999999999374,0.0010040399999999706,0.0010040399999999671,0.00100403999999996,-0.38664324950014994,9.643191932673027,1.1392996270607567,-0.004695731933928684,0.002196858894055999,-0.004563377955763594,-12.991875581741333,-20.281875801086425,0.4233750149235129,983.1348388671875,-0.06294282906505703,24.089834076961125
2025-03-01T16:53:26Z,40.264590428631486,-76.13767240753182,82.73711233055529,-8.394492302546881,2.4823017734798705,-0.9852154439729397,1.4366177478965663,0.0433260325561012,3.876753022279677,0.0009999999988146752,0.0010000000050981535,0.0010000000003272443,0.0009999999979084775,0.0009999999919681505,0.0009999999964106414,0.00004497780049759224,0.000045000932067181414,1.005256329961905,58.81723073685267,31.572792067928056,0.020084279751138356,0.0003847503452537856,0.0005953181141348413,0.003718668300433191,0.0014049999999999248,0.0014049999999999321,0.001404999999999936,0.0010040499999999708,0.0010040499999999673,0.0010040499999999604,-0.3859698595809209,9.60084811763578,1.1213907260619573,-0.002684885385809265,-0.0016959853713915062,-0.001305432123483981,-13.59750057220459,-20.50856321334839,0.18318750556558372,983.143203125,-0.1068023451944153,24.607402020531914
2025-03-01T16:53:27Z,40.25984192510204,-76.13794505078539,82.72784063644953,-7.009004583881124,0.33604841081808456,-1.0025930350430696,1.4254018154038073,0.053327671663169075,3.8729683661635446,0.0009999999989585323,0.0010000000049628,0.0010000000005786032,0.0009999999980266515,0.0009999999923069845,0.0009999999967647921,0.000045976282921347904,0.000046000983603408656,0.9926514082654823,61.61080475110285,32.52010047686884,0.01787201127471544,0.0003814495598125801,0.0006054443154817138,0.003729152806953253,0.001405999999999924,0.0014059999999999327,0.0014059999999999366,0.0010040599999999711,0.0010040599999999672,0.0010040599999999603,-0.3659852129929332,9.621457122797636,1.0725797619094595,-0.003555451120952375,-0.002242091882858301,-0.009073596295726124,-12.750563106536866,-19.920938301086426,0.3652500128746033,983.2459912109375,-0.09240579801124044,23.654843834717205
2025-03-01T16:53:28Z,40.25608685866211,-76.13817346986787,82.48554235864724,-5.875164044782839,-1.368597273066821,-0.9997571608454088,1.4217417748950005,0.05990685023667226,3.8702540635055076,0.000999999998781211,0.0010000000051256592,0.0010000000005477166,0.000999999998215532,0.000999999992594464,0.0009999999966618749,0.000046974752224311914,0.0000470010386316741,0.9734209855211138,64.5187550946618,33.56653923410737,0.016061289555551177,0.000379916547200485,0.0006155212696992565,0.0037394682529241375,0.0014069999999999224,0.001406999999999932,0.0014069999999999352,0.001004069999999971,0.0010040699999999676,0.0010040699999999605,-0.4599119994483367,9.664434446486217,1.1075045068961753,0.0019616922753382224,-0.0015858292207140293,-0.006012095427401665,-12.9435005569458,-20.322563285827638,-0.16406250707805156,983.3787451171875,-0.04163533087489081,24.094921535922055
2025-03-01T16:53:29Z,40.25203235215166,-76.13842484851256,82.26948522470857,-4.576760653397125,-3.3197234001765326,-1.0000953012671185,1.419007594451597,0.06016431357713187,3.8684221219159562,0.0009999999988481248,0.0010000000052224893,0.0010000000006565146,0.000999999997984496,0.0009999999926666398,0.0009999999966617363,0.00004797316224954926,0.00004800109766665386,0.9486692841441885,67.52897193993252,34.73166604430477,0.014352295067622764,0.00038021648885475876,0.0006255503377960673,0.0037493859015067968,0.0014079999999999208,0.0014079999999999325,0.0014079999999999356,0.0010040799999999706,0.001004079999999967,0.00100407999999996,-0.4229343962290864,9.70604334576412,0.853397206861599,0.002644826016621094,-0.0016006832005285598,0.0002319106132693436,-12.656813068389893,-20.5271258354187,0.7220625269785523,983.3798608398438,-0.027305488161882503,24.126266297309648
2025-03-01T16:53:30Z,40.24718534887864,-76.13871217687374,82.14095304211008,-3.062233476812726,-5.5221472523732436,-1.0084137319758841,1.4133852442705537,0.06787443978319915,3.8709081297090124,0.0009999999985751478,0.0010000000053152565,0.001000000000733955,0.0009999999980919033,0.0009999999928004164,0.000999999996415688,0.000048971449824045934,0.00004900116127571009,0.9191502903989155,70.66036915600382,36.04499629894594,0.01325369661419639,0.0003838574642147542,0.0006348612250534642,0.0037598379470888555,0.0014089999999999192,0.001408999999999932,0.0014089999999999361,0.001004089999999971,0.0010040899999999658,0.0010040899999999606,-0.42584566389157424,9.726781136825426,0.6697081858683022,-0.0004604023337620624,0.0038665562368688467,-0.0065792315577457095,-12.664125528335571,-20.88168830871582,0.45056251872330905,983.3301684570313,-0.020619926592950664,24.425918553955327
2025-03-01T16:53:31Z,40.24143586715093,-76.1390179535776,82.02137123241805,-1.51773431943475,-7.778517934318595,-1.1291467297801832,1.4013656044123415,0.07115525753405509,3.867266318463236,0.0009999999984757894,0.0010000000050816328,0.0010000000009792035,0.0009999999981972465,0.000999999992466231,0.0009999999962785819,0.00004996953741578164,0.00005000122999835172,0.8875576475932183,73.8946722695464,37.514335978113,0.013108130864395526,0.000388396448512474,0.0006453668668825442,0.0037699693812740013,0.0014099999999999185,0.0014099999999999308,0.0014099999999999371,0.0010040999999999711,0.0010040999999999648,0.0010040999999999605,-0.402915746922783,9.62065752003873,0.6763649388306198,-0.006800712693360853,-0.0027574875138950423,-0.00337836687253443,-11.78981294631958,-20.99643831253052,0.08606250420212745,983.28314453125,-0.1266607332438077,24.080179855670245
2025-03-01T16:53:32Z,40.235489277128394,-76.13929434956812,81.72963970909706,-0.098319323422418,-9.665115674691796,-1.2204265896845365,1.4007988896406218,0.06510757804895731,3.863656146528987,0.000999999998209951,0.0010000000048419981,0.0010000000009156944,0.0009999999984201772,0.0009999999923383574,0.0009999999960407457,0.000050967338591420914,0.000051001304244500275,0.8577392207266804,77.3030577722482,39.17803238465523,0.013773953235407761,0.00039448121891063514,0.0006559111902550703,0.0037795033232843112,0.0014109999999999177,0.0014109999999999303,0.0014109999999999377,0.0010041099999999708,0.0010041099999999637,0.0010041099999999602,-0.46480878987492064,9.64335147443899,0.7736364487014853,0.0033575021145887283,-0.004288488753832889,0.005454804580266744,-13.013813028335571,-21.87768829345703,0.7291875281184912,983.3341455078125,-0.09377796925534208,25.466089057070537
2025-03-01T16:53:33Z,40.22812200369043,-76.13955391563691,81.48304838186974,1.2425888548611033,-11.429166467934824,-1.2335493830903217,1.3985526649009334,0.0591632464209092,3.861202009004213,0.0009999999985822452,0.0010000000047394014,0.0010000000008456018,0.0009999999985029985,0.0009999999920661754,0.000999999996094041,0.000051964762739716546,0.000052001384274723965,0.8331348472296571,80.90144273570591,41.042977133976656,0.015190515389265214,0.000402442455573674,0.0006662280508537913,0.0037891229107136766,0.0014119999999999183,0.001411999999999931,0.0014119999999999385,0.0010041199999999703,0.0010041199999999634,0.0010041199999999597,-0.3312487533552168,9.716566568338523,0.8124812455554115,0.0007299490508039569,-0.0030979700350214187,0.0051537118107129985,-13.167563076019286,-20.76937578201294,0.548437521494925,983.2848706054688,-0.022979655776613272,24.5977633740132
2025-03-01T16:53:34Z,40.21934430926428,-76.13976139473232,81.24073651909353,2.5839916731150345,-12.993618639982497,-1.3499146865745444,1.3925688601602764,0.06100975658214275,3.8576423126898565,0.0009999999987378196,0.0010000000048923428,0.0010000000008896037,0.0009999999984857825,0.0009999999922924471,0.0009999999960762032,0.000052961714122677154,0.00005300147013578591,0.8163013271642277,84.61930052896965,43.0496068289084,0.0176325120327513,0.0004116552617531504,0.000676664761046224,0.003799239981530445,0.0014129999999999174,0.00141299999999993,0.0014129999999999384,0.0010041299999999699,0.001004129999999963,0.001004129999999959,-0.2927249599612731,9.63218492571039,0.674095026659865,-0.004359756532112468,-0.0027816887817480075,-0.0032500187075869156,-13.102500562667847,-20.593688220977782,0.5008125170692801,983.254072265625,-0.11873356696757113,24.413599473849814
2025-03-01T16:53:35Z,40.20934704071676,-76.13988230745602,80.94248854448715,3.8250282514397766,-14.114960363174287,-1.4164389142668514,1.3909863409730368,0.059530251717576484,3.8554505980182,0.00099999999834247,0.0010000000051838146,0.0010000000006389544,0.0009999999982174487,0.0009999999920719447,0.00099999999573496,0.00005395809611102717,0.00005400156152846829,0.8099492441383709,88.52166976211035,45.19080994139768,0.02105186485276217,0.0004212381322303393,0.0006867088059098899,0.003809208470511214,0.0014139999999999164,0.001413999999999929,0.0014139999999999377,0.0010041399999999694,0.0010041399999999624,0.0010041399999999587,-0.3511497156944232,9.681237815852041,0.6275546270500665,-0.0019438363155933384,-0.0019663681953133,-0.0003240431930037458,-12.939375553131104,-21.163313274383544,0.2658750090375543,983.2578149414062,-0.0708855415512374,24.806882687753856
2025-03-01T16:53:36Z,40.19742280506891,-76.13987464302369,80.70184386594755,4.842977285798854,-14.734070751823277,-1.461244598183932,1.3910447405208688,0.049235260905254465,3.8559416294914564,0.0009999999985329596,0.001000000005240219,0.0010000000005287628,0.0009999999979617116,0.000999999992029714,0.0009999999960244828,0.00005495383197387485,0.000055001657691148996,0.8172040582310603,92.58735095526397,47.391517968845505,0.02569987901764589,0.00043010534925624487,0.0006960545115204667,0.0038187532143517527,0.001414999999999916,0.0014149999999999287,0.001414999999999937,0.0010041499999999684,0.0010041499999999632,0.0010041499999999595,-0.24196900542849026,9.702680382395078,0.53177569231666,-0.0029038622601390007,-0.0008269215690164396,0.008091704182012811,-13.596563053131103,-20.84606315612793,0.6369375254586339,983.2178686523438,-0.05847528443358448,24.896345661040456
2025-03-01T16:53:37Z,40.18490910982085,-76.13972713720766,80.48394855294828,5.282005599792231,-14.315231912336376,-1.3743469405219488,1.3986681239939875,0.04964432982799944,3.8533861815253694,0.0009999999987334149,0.0010000000049087,0.0010000000006690094,0.0009999999975820236,0.000999999991914078,0.000999999996122923,0.000055948918115419886,0.00005600175739774383,0.8394278418141277,96.85464084686166,49.58787806541874,0.02873805413089768,0.00043687072299539,0.0007056752356985634,0.003828894803747962,0.001415999999999917,0.0014159999999999297,0.001415999999999937,0.0010041599999999688,0.0010041599999999623,0.001004159999999959,-0.2853072111393245,9.7396227111764,0.9457601571226792,0.002461567314517298,-0.0018959353375484222,-0.003514726621935137,-13.199063100814818,-20.55581325531006,0.18843750752508637,983.261826171875,0.010817481853547492,24.429280461183872
2025-03-01T16:53:38Z,40.172201090970745,-76.13944123554693,80.30793210027014,5.34511071061622,-13.209178172610594,-1.3812820202273703,1.411750755810367,0.055692161158343294,3.8490248553943527,0.0009999999986487133,0.0010000000050078572,0.0010000000003160465,0.000999999997548401,0.000999999991842421,0.0009999999963392272,0.0000569434543264804,0.000057001859244910336,0.8736894012567274,101.19630574142447,51.621386569308015,0.031091642857795514,0.0004405134715393418,0.0007153462442746817,0.003839384320159239,0.0014169999999999177,0.0014169999999999303,0.0014169999999999357,0.0010041699999999679,0.0010041699999999616,0.001004169999999958,-0.34901840366760606,9.625247030784825,0.9185499804902422,0.006027448412181672,-0.0028376014949469406,-0.009757397303389133,-13.128750534057618,-20.772188301086427,0.4796250168606639,983.3125170898437,-0.10361881203222925,24.577946060696593
2025-03-01T16:53:39Z,40.16006658735742,-76.13904899068096,80.10836413264263,5.062419069410469,-11.55822733793689,-1.3480539092235844,1.4196366103787745,0.05243366085252903,3.8436952206996846,0.0009999999985514255,0.0010000000051227887,0.001000000000086205,0.0009999999973773007,0.0009999999916799251,0.0009999999965886938,0.000057937623081199006,0.000058001961959010735,0.9150781436796444,105.64951226693856,53.44130956076853,0.032286872280675886,0.00043992649472982735,0.0007249519764964203,0.003849332650548006,0.001417999999999917,0.0014179999999999295,0.0014179999999999347,0.0010041799999999685,0.0010041799999999613,0.0010041799999999578,-0.4013989925361695,9.646302579874753,0.9587212829779156,-0.00033822995563281887,-0.005428769748571831,-0.0008065594663557339,-13.053375539779664,-20.877938289642334,0.504375019222498,983.3928955078125,-0.07693488087503288,24.627846121802662
2025-03-01T16:53:40Z,40.14828224577859,-76.13855127095555,79.94465766438687,4.598259884177022,-9.46706437723259,-1.3275391690966545,1.4255836825030654,0.04684126606837943,3.845082126662833,0.0009999999983995003,0.0010000000048402294,0.0009999999998707397,0.0009999999972751658,0.000999999991778708,0.0009999999964899072,0.000058931652200837406,0.000059002064776708495,0.957998297104088,110.165480008,54.98624767563775,0.032820682872167196,0.00043696661347559737,0.0007331114729351992,0.0038591935895131006,0.0014189999999999175,0.0014189999999999303,0.0014189999999999344,0.0010041899999999682,0.0010041899999999608,0.0010041899999999574,-0.45999045961901547,9.629640405118229,0.8954455011070868,-0.003676288411452048,0.0008075596916359558,0.0024398692813424683,-12.56868805885315,-21.02325071334839,0.9131250387057662,983.441806640625,-0.09717812227757319,24.51081985318138
2025-03-01T16:53:41Z,40.35018512060791,-76.12993792194294,82.28445864407165,8.914974559170037,11.130896697341928,-0.8857745982766774,1.463803203113858,0.00029057445234317966,3.847642717377881,0.0009999999983591103,0.0010000000044913435,0.0009999999996684317,0.0009999999972997691,0.0009999999917136852,0.0009999999965193296,3.0693924443447954e-10,3.0693939223096334e-10,0.6516474743509088,0.5601382481951988,0.5566829023312286,0.01653506199964968,0.00016589859383453194,0.00018416301526801877,0.0038686457002339164,0.0014199999999999163,0.001419999999999929,0.001419999999999933,0.0010041999999999677,0.00100419999999996,0.0010041999999999564,-0.3401427282460793,9.63876518312606,0.6592994086144542,-0.0031176643157293043,0.00036426470754128814,0.007134682471784531,-13.655438137054443,-20.968875732421875,1.0449375395476819,983.4291650390625,-0.11432919684324844,25.04504097610595
2025-03-01T16:53:42Z,40.35027582571859,-76.12980642598394,81.98538361173068,9.262527759729267,11.160774334202749,-0.7002227085904523,1.4745323328721547,6.268992938058846,3.8497308552839264,0.0009999999984160572,0.001000000004505526,0.0009999999996377481,0.0009999999974568117,0.0009999999919291928,0.0009999999963444868,1.000306946484275e-6,1.0003069636518358e-6,0.6923059900980939,0.603063239242198,0.5989759582212751,0.016648918148371137,0.00017435199356040596,0.00019407494669369116,0.0038781138656973834,0.0014209999999999171,0.00142099999999993,0.001420999999999934,0.0010042099999999668,0.0010042099999999598,0.0010042099999999562,-0.2087368850182476,9.906521963115015,0.7763084375079312,0.008722931040628828,0.0005984291744743101,0.014220713996762878,-14.285063104629517,-22.068000736236574,1.0008750417456032,983.4435693359375,0.15747803015276957,26.307009507576748
2025-03-01T16:53:43Z,40.350369004473066,-76.12967173990066,81.89188842044732,9.473407850510807,11.571114344586073,-0.6618420679997297,1.4837278876987303,6.270845555914702,3.8511860986155884,0.0009999999986603006,0.00100000000452009,0.0009999999994994725,0.0009999999974133486,0.0009999999918534513,0.0009999999965127331,2.000306969169124e-6,2.000307040700958e-6,0.7295532174883037,0.6823353179544729,0.6723979817607354,0.016114271676031546,0.0001823576961542818,0.00020400095375387527,0.003888200972513309,0.001421999999999916,0.0014219999999999307,0.001421999999999935,0.0010042199999999663,0.0010042199999999591,0.0010042199999999559,-0.2867265607590719,9.728883662985377,1.0072413121817256,0.006688384062909414,0.0015786506226381561,-0.0021366088857167394,-13.38375060081482,-21.837750663757323,-0.3506250134110451,983.4095092773438,0.0034325541473578473,25.615082602412443
2025-03-01T16:53:44Z,40.35046105132323,-76.12953028178683,81.9055193599891,9.535651907559608,12.124069211843405,-0.7085373353360963,1.4834251957845472,6.273555565233888,3.8512577686116876,0.0009999999989036847,0.0010000000042368876,0.0009999999993905305,0.0009999999971715245,0.0009999999914805588,0.000999999996406814,3.000307008491803e-6,3.0003071800632675e-6,0.7601911305212864,0.7998761068011389,0.7765426225074704,0.015387122002136534,0.00019009889905367697,0.00021396671205702928,0.00389832080844394,0.0014229999999999167,0.0014229999999999295,0.0014229999999999336,0.0010042299999999654,0.00100422999999996,0.0010042299999999563,-0.2868226642542471,9.623171988164833,1.1174850657984654,-0.0033314668615869515,0.00019118637511796738,-0.003076940380022613,-13.182188081741334,-20.376750774383545,0.7329375282675028,983.3518823242188,-0.0896346576002492,24.2799664973247
2025-03-01T16:53:45Z,40.35054231307421,-76.12938382183464,81.90234542123997,9.705546019273442,12.137328853649171,-0.8954080488701226,1.4756635211564106,6.277162877449617,3.8440912803916256,0.0009999999990180201,0.001000000004083541,0.0009999999992825106,0.0009999999972010456,0.0009999999914141599,0.0009999999962952465,4.000307056601378e-6,4.000307394557148e-6,0.7846586080009246,0.9476819818328064,0.9117176045523953,0.015303633529078655,0.00019760741823642478,0.00022406179183326205,0.003908472911653799,0.0014239999999999173,0.0014239999999999299,0.0014239999999999342,0.001004239999999965,0.0010042399999999607,0.001004239999999957,-0.04920948490977092,9.514902691195894,0.6171720030790213,-0.011247006624032298,-0.007023527312993146,-0.0045099690900604434,-14.018250637054443,-19.67550078392029,-1.5429375563561916,983.303935546875,-0.24669531772154574,24.207743939606548
2025-03-01T16:53:46Z,40.3506068195167,-76.12923687843917,81.79741855921212,10.0080413329183,11.919936770001842,-0.9018449012293595,1.482293386163292,6.2771996987657275,3.8397285754018537,0.0009999999990172267,0.0010000000045278649,0.0009999999995427894,0.0009999999973178992,0.0009999999917709907,0.0009999999958529844,5.000307078909088e-6,5.000307700964342e-6,0.8052659707115721,1.1341270400994088,1.084790224959987,0.015541157800668956,0.00020505754368017054,0.00023412286569115474,0.003918473098210546,0.0014249999999999168,0.0014249999999999291,0.0014249999999999337,0.0010042499999999648,0.001004249999999961,0.0010042499999999574,-0.025287150535371398,9.721915776566554,0.3484318676188312,0.003214967283658084,-0.004634645556206214,-0.0005316700972822091,-15.492750577926635,-26.92556365966797,-0.9478125340119005,983.3355810546875,-0.053505463051733884,31.07903592781215
2025-03-01T16:53:47Z,40.35064267109387,-76.1290888180918,81.75177558444153,10.239733487027685,11.862490581055226,-0.9479658417629209,1.4719411886249731,6.278386087430479,3.8426894128684954,0.0009999999987338405,0.0010000000045857415,0.0009999999995467838,0.0009999999971631842,0.0009999999919712464,0.0009999999958739232,6.000306986982021e-6,6.000308120382855e-6,0.8225870721022738,1.3598703653619466,1.2926393794392697,0.015629142784572784,0.00021248670118639447,0.00024407320725034225,0.003928498120707957,0.0014259999999999156,0.0014259999999999284,0.0014259999999999325,0.0010042599999999652,0.0010042599999999617,0.0010042599999999582,-0.08877671141141227,9.662653548554026,0.4750121850301427,-0.014091032622471002,0.002660181215338068,-0.0008447803636864298,-14.21550061225891,-21.663938217163086,0.8148750346526503,983.3002172851562,-0.10696057741664218,25.924275324758927
2025-03-01T16:53:48Z,40.35064309687597,-76.12893986659063,81.6756937388529,10.401114007451119,11.641499045472026,-0.980369636402084,1.4648764127767084,6.279752869498254,3.8379598906850863,0.0009999999991880627,0.0010000000044741466,0.0009999999994361726,0.000999999996996418,0.0009999999918852438,0.0009999999957279071,7.000306606465649e-6,7.000308677806673e-6,0.836877304384583,1.6245812642711472,1.5372210418362802,0.01582918541705232,0.00021965835387445268,0.0002541230362108187,0.003938517192889747,0.001426999999999916,0.0014269999999999288,0.0014269999999999329,0.0010042699999999651,0.0010042699999999617,0.001004269999999958,0.0469741338653113,9.682792497286353,0.44222136128519285,-0.010906190825932655,-0.00504188839575511,-0.0016414078838103414,-13.618313055038453,-21.679688186645507,-0.41568751689046624,983.315009765625,-0.08866587992092113,25.605419583777774
2025-03-01T16:53:49Z,40.35059198202781,-76.12879059012712,81.61689989165137,10.662324399543518,11.30212595486874,-1.006839552431182,1.468962675618702,6.282188315828269,3.8369863296337834,0.0009999999989596553,0.0010000000043062505,0.0009999999995814553,0.0009999999966885788,0.000999999992126173,0.0009999999958507618,8.000305642963871e-6,8.000309401902356e-6,0.8494286979409768,1.9297444947565412,1.8219297265051748,0.016399330136152995,0.00022666853132095662,0.00026409978775047553,0.00394855256326599,0.0014279999999999165,0.0014279999999999291,0.0014279999999999334,0.0010042799999999644,0.001004279999999961,0.0010042799999999575,0.013516455277370738,9.705086206431684,0.24637798096668478,-0.000022616151976338024,-0.001285070327552354,-0.002181005168566826,-13.7160005569458,-21.440250759124755,0.13087500389665369,983.3031567382812,-0.0734047289534722,25.45245672609361
2025-03-01T16:53:50Z,40.3505050606828,-76.12864193743093,81.46126257746464,10.898974171425495,11.196186618571813,-1.012141746642958,1.4792317343360306,0.002455743390486101,3.8444463834124822,0.0009999999987886654,0.0010000000046354396,0.0009999999994112368,0.000999999996934934,0.0009999999920023944,0.0009999999955515805,9.000303650799382e-6,9.000310325625741e-6,0.8607285348475785,2.277497610287283,2.146787419005468,0.016756039604683734,0.00023350048738298882,0.00027394569803253,0.003958608786255995,0.0014289999999999167,0.0014289999999999292,0.0014289999999999336,0.0010042899999999633,0.0010042899999999598,0.0010042899999999563,-0.15453291591555887,9.717978694223568,0.36047312232197637,0.006387958375849928,0.007176575168886659,-0.002316864011175359,-14.609625597000122,-21.8415008354187,-1.359937554448843,983.37830078125,-0.05572609103206583,26.31233669636126
2025-03-01T16:53:51Z,40.350387858013804,-76.12849035957295,81.21867697665505,10.84034673332408,11.561004178249942,-1.0087826217660143,1.4814565448810648,6.28247069159305,3.8442611211059714,0.0009999999990577197,0.0010000000046504452,0.0009999999991843732,0.0009999999970225243,0.0009999999922764469,0.0009999999949591367,0.000010000299999648146,0.000010000311485860594,0.8689567555296909,2.666680343882348,2.506635779561031,0.01618216980616626,0.00023999517683372915,0.00028386305500829304,0.003968423703957734,0.0014299999999999172,0.0014299999999999298,0.0014299999999999341,0.0010042999999999636,0.0010042999999999602,0.0010042999999999565,-0.2433530522256152,9.688894787465864,0.8477341915573603,-0.0013461566616320834,-0.0010407242718270347,0.0035916669367438126,-13.748250560760498,-21.990563373565674,-0.6354375213384629,983.4635083007812,-0.052702955113059086,25.94225131024317
2025-03-01T16:53:52Z,40.35020241981738,-76.12833022488053,80.99970801210354,10.613038845925855,12.017383974017314,-1.0204766445404703,1.4817702306998217,6.280192243743241,3.8454775948399154,0.0009999999989576333,0.0010000000049200915,0.000999999999017429,0.0009999999971658819,0.0009999999925011213,0.0009999999952131705,0.000011000293836582078,0.00001100031292506324,0.8725475828974263,3.0966030571587253,2.9047369063847217,0.01544365091029747,0.0002464459963326718,0.00029372167055019565,0.0039782667979829526,0.0014309999999999174,0.0014309999999999302,0.0014309999999999343,0.0010043099999999642,0.0010043099999999605,0.001004309999999957,-0.16645779938852753,9.662747631130884,0.9668771452238298,-0.003395891547126424,0.00038696300811865976,0.0029706207617959677,-12.782812986373902,-22.1568759727478,-0.2940000218898058,983.4758129882813,-0.06928145455360733,25.58146369550549
2025-03-01T16:53:53Z,40.349974705876214,-76.12816479549113,80.79696974832368,10.389424262545115,12.282504027634486,-0.8481833280945583,1.495862634330888,6.283030296525663,3.8411914411412926,0.0009999999991269642,0.0010000000050609111,0.0009999999991598288,0.0009999999968402296,0.0009999999923488046,0.00099999999487411,0.000012000284054968322,0.000012000314691228336,0.872377283590796,3.5778813582498774,3.3563297422945086,0.0149424814165317,0.0002529129018114585,0.00030358142710876034,0.003988255989848724,0.0014319999999999166,0.0014319999999999292,0.0014319999999999335,0.0010043199999999635,0.00100431999999996,0.0010043199999999566,-0.06086044764569722,9.872464107508508,0.7705656610875282,0.010708241812614516,-0.004644826326994823,-0.002516981053346314,-13.009313020706177,-21.65531328201294,0.8600625384226441,983.537236328125,0.12093868870982494,25.2771031833455
2025-03-01T16:53:54Z,40.34968209756,-76.12799426950855,80.61612664868518,10.117615618479357,12.505849569017101,-0.9423045123614524,1.4952294395448296,6.281211085499427,3.838694883029264,0.000999999999352384,0.0010000000052295041,0.0009999999991321395,0.000999999996658045,0.0009999999921416014,0.0009999999948932781,0.00001300026926467657,0.000013000316838204698,0.869720497329319,4.087757101752232,3.840761815684606,0.014489809777196671,0.00025955856198478646,0.0003133651460235797,0.003998106148137505,0.0014329999999999155,0.001432999999999928,0.0014329999999999324,0.0010043299999999643,0.001004329999999959,0.001004329999999957,-0.018148562271516695,9.615794141128566,0.6710641142386653,-0.003871064098380092,-0.0032398371323295117,0.002380118787059452,-13.28793807029724,-21.15656322479248,-0.6363750236853957,983.5672705078125,-0.14256490851877757,24.991436276241153
2025-03-01T16:53:55Z,40.348927424376946,-76.12779474547504,81.02294912857136,9.495940817915423,13.096848309021862,-0.8143610100527741,1.503582226366537,0.012501828766010727,3.834769667389281,0.0009999999992929055,0.001000000005674005,0.0009999999989680937,0.00099999999666841,0.000999999992143047,0.0009999999950142148,0.00001400024775198685,0.000014000319425320233,0.864910112881806,4.652772983207487,4.382340565172703,0.013977866042267634,0.0002664529735743219,0.0003231016649701017,0.004008380935871007,0.001433999999999916,0.0014339999999999264,0.001433999999999933,0.0010043399999999643,0.0010043399999999578,0.001004339999999957,-0.1526500405395859,9.774818082147592,0.8030668560261738,0.0027628267314421216,-0.004009260133768209,-0.013172231508548975,-13.89262553215027,-21.97293828010559,-0.861187537163496,983.18203125,0.027109268080472336,26.010652608206644
2025-03-01T16:53:56Z,40.34801531446399,-76.12758486821889,81.45178824318587,8.959380942767611,13.575280000866671,-0.8792989824204714,1.508261788328762,0.021222338379804695,3.838790616052988,0.0009999999990641412,0.0010000000055534698,0.0009999999988153608,0.0009999999964319763,0.000999999992283819,0.0009999999948458306,0.000015000217440583968,0.00001500032252041268,0.8587899122783782,5.250332382969652,4.966311285421579,0.013728438867593395,0.0002736730065785064,0.0003327537930002764,0.004018507159669411,0.001434999999999915,0.0014349999999999266,0.0014349999999999322,0.0010043499999999638,0.0010043499999999564,0.0010043499999999564,-0.2890160857605817,9.597768138879825,0.5692893958126891,-0.0007454730828426845,0.003388045504164261,-0.0067523101038151016,-13.232438068389893,-21.375000743865968,-0.018187497481703764,983.1313305664063,-0.16290363042321612,25.139328513315903
2025-03-01T16:53:57Z,40.34728817075473,-76.12738323616499,81.48798102446266,8.52166744811799,13.953552521251208,-0.8202736662150063,1.5082780408724608,0.015353328941676183,3.8420440874544877,0.000999999999022536,0.0010000000051885853,0.0009999999990586424,0.0009999999965139511,0.0009999999924444976,0.0009999999947182098,0.000016000175877301112,0.000016000326197215733,0.8521084449713427,5.906317953401033,5.612639688330382,0.013421529786451988,0.0002810236190513426,0.0003423678033919889,0.00402818484963794,0.0014359999999999146,0.0014359999999999263,0.0014359999999999315,0.0010043599999999629,0.001004359999999956,0.001004359999999956,-0.27205580856471984,9.755479357104141,0.6396488457675961,-0.003626218191323984,0.0020292884913165636,0.007316773954555067,-13.618688068389893,-21.182063331604002,-0.44718751557171355,983.35310546875,-0.0017142247716482265,25.186223950317522
2025-03-01T16:53:58Z,40.346538710523845,-76.12717980051696,81.43537852904943,8.098274484919482,14.293663646661157,-0.8461717627330252,1.509536470880039,0.014613603343791644,3.8434088283154484,0.0009999999988531518,0.0010000000051196172,0.0009999999993664187,0.0009999999963865144,0.0009999999927044183,0.000999999994451299,0.000017000120182271216,0.000017000330538739608,0.8449134547951157,6.606208163574777,6.3099225637411145,0.013145984740629254,0.000288707171134699,0.00035194219847604403,0.004038033412263779,0.0014369999999999134,0.001436999999999926,0.0014369999999999323,0.001004369999999962,0.001004369999999955,0.0010043699999999567,-0.22588544570805236,9.681636610661723,0.6506852447888914,-0.0017737623883261992,0.0005678863970370377,0.002003418249082394,-12.020250406265259,-21.233813285827637,1.1126250369101762,983.4176684570313,-0.0758577516647709,24.425328803918156
2025-03-01T16:53:59Z,40.34568223710596,-76.12697201561562,81.34213999773179,7.572537770646278,14.502639588741216,-0.8611398940920756,1.5109651158062822,0.01673275114507726,3.84232997341793,0.000999999998628008,0.0010000000048088554,0.0009999999997601908,0.0009999999964453354,0.000999999992764839,0.0009999999942822643,0.000018000047043180922,0.000018000335632877706,0.8374111049463783,7.357487279121275,7.064912295666092,0.012850323652918685,0.0002967084992533977,0.00036148228696726646,0.004047957518128028,0.0014379999999999133,0.001437999999999926,0.0014379999999999313,0.001004379999999961,0.001004379999999954,0.0010043799999999575,-0.08434998792543566,9.699622638061491,0.6180232230046271,-0.0013229570500754605,-0.0016759571159190101,-0.000974964566506969,-11.879062967300415,-21.568313398361205,0.37143752872943886,983.4361279296875,-0.06232937221915476,24.625997064563993
2025-03-01T16:54:00Z,40.34463945079014,-76.12675868861616,81.26619363880137,7.063320566203157,14.53222708964636,-0.8752777058036587,1.5148361377822441,0.018667423323942514,3.8375729066237008,0.0009999999985035347,0.0010000000048958123,0.0010000000000397978,0.0009999999963631826,0.0009999999927894651,0.0009999999945114989,0.000018999952776252177,0.000019000341572293075,0.8300748140998505,8.161334473947717,7.881077855249232,0.012679317976624718,0.00030498678671509117,0.0003710047575297565,0.004057871060207899,0.001438999999999912,0.0014389999999999245,0.00143899999999993,0.0010043899999999612,0.001004389999999955,0.0010043899999999588,-0.02190777907016912,9.710721826767413,0.42774674886855474,0.00123983756602599,-0.005377864144084787,-0.000938913500815602,-12.495750484466553,-19.861688289642334,1.0706250433623792,983.4206372070313,-0.06182657072193604,23.489876152207906
2025-03-01T16:54:01Z,40.34341877294007,-76.12654053261609,81.16059391532877,6.481196236952876,14.630928964927936,-0.9481673889494923,1.5174235014571975,0.01986062397077277,3.8354035018055703,0.0009999999983371548,0.0010000000048548186,0.001000000000005713,0.0009999999962667751,0.0009999999930480027,0.0009999999945078102,0.000019999833329265334,0.000020000348453412193,0.8231071117592843,9.018829115168524,8.752091696213139,0.012506726980177185,0.00031346580557344315,0.0003805744970469636,0.004067780247085745,0.0014399999999999112,0.0014399999999999231,0.0014399999999999305,0.0010043999999999609,0.0010043999999999557,0.0010043999999999591,-0.030990042705765483,9.64761860274779,0.4882923497904936,0.00001810803825967773,-0.002822413275724035,-0.00007352188635315873,-12.547875547409058,-20.993438243865967,0.8411250283569097,983.4196411132813,-0.12198231170708228,24.471996708570472
2025-03-01T16:54:02Z,40.34181968411607,-76.12630934182381,81.16370578889429,5.773815607962922,14.880886754922185,-0.8862866988705422,1.5184228985935524,0.02264124748133069,3.833967863893521,0.0009999999983573015,0.0010000000048270964,0.001000000000200191,0.0009999999964857762,0.0009999999933164084,0.0009999999949037702,0.00002099968414259335,0.00002100035638230093,0.8161956593393926,9.952859399779918,9.697366259358418,0.012328693922554243,0.00032216808333091623,0.0003902162845400552,0.0040777354867350644,0.0014409999999999105,0.001440999999999922,0.0014409999999999304,0.0010044099999999608,0.0010044099999999563,0.001004409999999958,-0.07717806149938382,9.765952889859708,0.6142692302817148,-0.0017635810552619918,-0.0020564955183420357,-0.0015658012091941153,-12.38118803024292,-19.468875808715822,0.21018750306218867,983.3428076171875,0.0035294055096362614,23.07320449069226
2025-03-01T16:54:03Z,40.33987704558664,-76.126065947058,81.26024053606903,5.163779116789785,15.087626355903218,-0.8964560025892344,1.5236234221588283,0.02250252534079622,3.8378019157269954,0.0009999999981222538,0.001000000004560056,0.0010000000003069027,0.000999999996220234,0.0009999999934626048,0.0009999999946152286,0.00002199950021555123,0.000022000365473482254,0.8096500457378513,10.945256816354748,10.701972122195015,0.012265750991664642,0.0003309764729421784,0.000399987038430536,0.004087651236211567,0.0014419999999999097,0.0014419999999999225,0.001441999999999931,0.0010044199999999603,0.0010044199999999569,0.0010044199999999569,-0.13535699045493843,9.695355422333023,0.45973800045200786,0.0023190321522827285,0.0030622506706756048,0.0015249079076002365,-11.948812971115112,-20.56612585067749,0.7678125292435288,983.283232421875,-0.07485712988580004,23.79762110977727
2025-03-01T16:54:04Z,40.33774816065935,-76.12581505168839,81.28826504558364,4.492892179555075,15.436620203893195,-0.9858236102540793,1.5328412536864484,0.02418495156986797,3.8400240769447724,0.0009999999981842131,0.0010000000042820097,0.0010000000005258311,0.0009999999965052135,0.0009999999933918654,0.0009999999947786513,0.000022999276098730187,0.000023000375844992027,0.803599755117925,12.000842130329781,11.76297717797101,0.012171819671881952,0.00034001432149169527,0.00040982086396242426,0.004097618087810257,0.001442999999999909,0.0014429999999999237,0.0014429999999999302,0.0010044299999999607,0.0010044299999999572,0.0010044299999999572,-0.1547290492541937,9.613243694988757,0.5678641627361891,0.006638313145278532,0.0016187072707002392,-0.0006244682743925024,-13.398750524520874,-20.243813390731813,0.9215625330805779,983.2864599609375,-0.1508454888985369,24.293729512090035
2025-03-01T16:54:05Z,40.335104583066716,-76.12554574551206,81.35909411759964,3.5981506611181144,15.783559232225144,-1.0287735114728938,1.5345401842157962,0.02535065088255067,3.8313400312529438,0.0009999999980932405,0.0010000000040634631,0.0010000000006854656,0.0009999999964810217,0.0009999999931830207,0.0009999999947862463,0.00002399900565332691,0.000024000387623508294,0.7976473832171382,13.134877300734459,12.894366176594998,0.012175557140779163,0.0003493823706104865,0.0004196056257370772,0.004107558947614063,0.0014439999999999093,0.0014439999999999232,0.0014439999999999306,0.0010044399999999602,0.0010044399999999567,0.0010044399999999567,0.024682963494785472,9.653999558126618,0.6378038863189849,-0.0005723945208957137,-0.009287398696788182,-0.0006945676671436933,-12.696375494003297,-21.523313417434693,0.10293751817196613,983.2027124023438,-0.10705213241026501,24.989177982524904
2025-03-01T16:54:06Z,40.332314992792554,-76.12526960917292,81.36132595815029,2.873972679648121,16.219651812269618,-1.0268128826036351,1.5325029333295788,0.02801714121562508,3.8327025699550257,0.0009999999981956161,0.0010000000043398152,0.0010000000003379122,0.0009999999963097245,0.0009999999930549394,0.0009999999949358335,0.000024998682118810526,0.00002500040095060304,0.7920261935337329,14.356259435895677,14.104413674763435,0.012279286872081657,0.00035890326505301376,0.00042956119716507736,0.0041175783928939945,0.0014449999999999084,0.0014449999999999244,0.0014449999999999296,0.0010044499999999597,0.0010044499999999562,0.0010044499999999562,-0.11382158599354882,9.698705378210455,0.6831877574404677,-0.004054324072215886,0.000924224241546361,-0.002201367392423665,-13.886625518798828,-20.398500785827636,0.34106251213699573,983.227919921875,-0.05877483205343529,24.678958789778868
2025-03-01T16:54:07Z,40.33041566323909,-76.12501817062392,80.9849511832163,2.2847449433275604,16.51736389637665,-1.0226804335161241,1.536276331596467,0.041535951401093237,3.830957062178107,0.0009999999983675253,0.0010000000043225315,0.0010000000005418027,0.000999999996210451,0.0009999999928535278,0.0009999999947817772,0.00002599829826725641,0.00002600041598199226,0.787261982438166,15.665062839776429,15.393755798517818,0.012569644869523021,0.0003689751388020512,0.0004395076480904506,0.004127891926140198,0.001445999999999909,0.001445999999999924,0.0014459999999999302,0.0010044599999999605,0.001004459999999957,0.001004459999999957,-0.11275658613201865,9.734493097144618,0.7109235759750293,0.002882996974477919,-0.0015457726978240474,-0.013582812845875727,-13.925625505447387,-21.90731339454651,0.707437524497509,983.5169140625,-0.021143383672788778,25.968273775401936
2025-03-01T16:54:08Z,40.328563373064306,-76.12476796940567,80.54478147939327,1.950248994494383,16.382709442674773,-1.0182973923398955,1.5386142120030764,0.031204702607203275,3.8216731915738693,0.0009999999982660095,0.0010000000040117018,0.0010000000006536987,0.0009999999959966665,0.000999999993155051,0.0009999999950516467,0.00002699784747593173,0.000027000432866980482,0.7841980270008106,17.050928871779146,16.76054023455845,0.012881722906912476,0.0003786899128692674,0.0004493300474247362,0.004137581976057556,0.0014469999999999082,0.001446999999999924,0.0014469999999999295,0.001004469999999961,0.0010044699999999572,0.0010044699999999574,0.011043877630574805,9.761397400533804,0.2598176670342233,0.0020950483205439407,-0.009816814914106575,0.00973085782251912,-12.562500467300415,-21.301500816345214,0.7428750218078494,983.6110424804688,-0.017336475836347884,24.741052782366015
2025-03-01T16:54:09Z,40.325993960928116,-76.12449570460055,80.22539165481545,1.4434895661778702,16.467474679784967,-1.0923661825065718,1.5285885712867273,0.031692949073701154,3.8102315056391354,0.0009999999981884853,0.0010000000039917948,0.0010000000004888598,0.0009999999962337267,0.0009999999930894378,0.0009999999949130646,0.000027997323956547934,0.00002800045174035786,0.7832625872442343,18.506580135928516,18.19092075112365,0.013592571235721612,0.0003888344771549496,0.00045898458305450654,0.004147564075673867,0.0014479999999999083,0.0014479999999999235,0.0014479999999999296,0.0010044799999999617,0.0010044799999999582,0.0010044799999999582,0.16426166690289934,9.659531044002335,0.5878697288801739,-0.010075347719466539,-0.011539920574373481,-0.001726027368699808,-12.281812925338745,-21.569438419342042,0.09843749783933166,983.545087890625,-0.10340986455884794,24.82117561178301
2025-03-01T16:54:10Z,40.32185394541989,-76.12417011885101,80.20562740700028,1.0636528032089874,16.580117702693805,-1.1346295091697602,1.5314962782046984,0.032368052869890376,3.7949758442959496,0.0009999999983890835,0.0010000000037969168,0.001000000000571582,0.0009999999963796339,0.0009999999928731599,0.0009999999947256082,0.000028996722710823524,0.000029000472732116504,0.7850519549641128,20.032320700262957,19.699053387598973,0.014754723581277798,0.0003991324220415982,0.00046824222088804414,0.0041575607580335,0.0014489999999999074,0.0014489999999999234,0.0014489999999999289,0.0010044899999999614,0.001004489999999958,0.001004489999999958,0.30292835159811976,9.661098153428219,0.5901069554116656,0.0032862346608135795,-0.01518224410869554,-0.003362010450215342,-13.232625551223755,-21.920813465118407,0.5373750347271562,983.312509765625,-0.09837730912649448,25.610751643507236
2025-03-01T16:54:11Z,40.31664067654247,-76.12379849732169,80.37942156401762,0.9833626684059937,17.197686208252104,-1.1065121996278744,1.5264551202761183,0.032453707654576905,3.7775231979650212,0.0009999999984245814,0.0010000000035174743,0.0010000000002499297,0.0009999999964724906,0.0009999999927041794,0.0009999999951134763,0.00002999604016856553,0.000030000495993147365,0.7903792714472521,21.629402656510536,21.295079629321418,0.016084734230438012,0.00040951076021851165,0.00047683351370267005,0.004167568184613009,0.0014499999999999084,0.001449999999999922,0.0014499999999999277,0.0010044999999999603,0.0010044999999999577,0.0010044999999999577,0.11066505478483597,9.688137125011462,0.9414929515142487,-0.003966699776766376,-0.01712783146101423,-0.004449883830104369,-14.62275058746338,-21.995250911712645,0.4933125200867653,983.1655029296875,-0.04788624308953646,26.416974814949313
2025-03-01T16:54:12Z,40.310869043697025,-76.12339422058696,80.64184078866337,1.4081998622062872,17.844153752798807,-1.0995825708006108,1.5249310537761163,0.032499757768440225,3.7650559261413616,0.0009999999983133347,0.0010000000032372998,0.0010000000001932343,0.0009999999967540852,0.000999999992319437,0.000999999995246858,0.00003099527501722023,0.000031000521713468584,0.7996643787986054,23.253158326051583,22.965462575954962,0.017395649765145214,0.0004197521182133926,0.00048460892487788194,0.004177623261420185,0.0014509999999999079,0.0014509999999999215,0.001450999999999928,0.0010045099999999594,0.001004509999999958,0.0010045099999999583,0.056270836514148846,9.653921734915796,0.8838344342719524,0.00021154849149376495,-0.011832669028585005,-0.0057240207558333,-14.223375539779664,-20.385375785827637,0.28593750450760125,983.0987817382812,-0.08790886837691929,24.858543418029463
2025-03-01T16:54:13Z,40.3058306635948,-76.12300316052874,80.65890233414906,2.1535514334592065,18.400235845416518,-1.1752051550344345,1.524038161633583,0.030799332591218705,3.753747012022164,0.0009999999983189294,0.0010000000032091944,0.0010000000003171337,0.0009999999964418519,0.000999999992238957,0.0009999999956473461,0.00003199442999441398,0.000032000550100079026,0.8126476911208744,24.866473964022806,24.702987488056895,0.018328240600252437,0.0004297216673427127,0.0004912590353589611,0.004187639570161689,0.001451999999999909,0.0014519999999999219,0.001451999999999927,0.0010045199999999582,0.0010045199999999584,0.0010045199999999582,-0.035416766618244,9.588396222429216,0.7825696549191692,0.001280561533160762,-0.010621119951366493,-0.004166315849230634,-14.88318811416626,-22.478063306808473,1.0955625443160535,983.2459765625,-0.1620897619407497,26.98092144874283
2025-03-01T16:54:14Z,40.301158401700555,-76.12261583376312,80.5383021182576,3.0776459602996553,18.981591078747396,-1.1626618313098611,1.517957153066685,0.03077368871205713,3.742574982192325,0.0009999999984411957,0.0010000000029424315,0.0010000000001669379,0.000999999996718267,0.0009999999924059505,0.0009999999954694674,0.00003299351164543775,0.00003300058139478244,0.8284239206857574,26.469666285994876,26.543642384745205,0.019215972275471588,0.000439433578943171,0.000496617563901677,0.004197696194996608,0.001452999999999909,0.001452999999999922,0.0014529999999999261,0.001004529999999957,0.0010045299999999588,0.0010045299999999588,-0.06795980987664087,9.676829992572515,0.8778719861497832,-0.003476004490765449,-0.010268120667754635,-0.006172322450250096,-13.906875514984131,-19.983750648498535,1.4859375621378421,983.3415380859375,-0.0656964909780478,24.391740360952063
2025-03-01T16:54:15Z,40.29735316093053,-76.12225282271162,80.2169424130224,4.027327849720694,19.39804603924631,-1.1754200521581861,1.5118941235011587,0.026049332875723502,3.732988000309901,0.0009999999983182472,0.0010000000029625992,0.0009999999999788824,0.0009999999964239845,0.0009999999927466897,0.0009999999950355805,0.000033992529991638354,0.00003400061587047913,0.8459807920692111,28.010994899366956,28.470344665680052,0.01980237749582579,0.0004485377638478798,0.0005006880103797572,0.004207592411537879,0.0014539999999999096,0.0014539999999999226,0.0014539999999999267,0.0010045399999999579,0.0010045399999999579,0.0010045399999999579,-0.05751049489620412,9.670111178395189,0.8373254110190589,-0.003504545012311639,-0.008961604757944695,-0.0008981892551624886,-13.793625659942627,-20.57662582397461,0.9247500398755073,983.5164233398438,-0.07608692550757302,24.78939838171549
2025-03-01T16:54:16Z,40.29332659474391,-76.12187860710536,79.9461744412718,5.124462755932303,20.022774452466376,-1.1523234616027405,1.5080451410135345,0.022475254194386247,3.7159424012086864,0.000999999998700617,0.0010000000030558928,0.00100000000010943,0.0009999999964952458,0.000999999992922201,0.000999999995332959,0.000034991497443392356,0.00003500065384310933,0.8646883611723105,29.4781481908149,30.501309399479194,0.020814964612893897,0.00045749294602862896,0.0005031552058728466,0.004217491840767881,0.0014549999999999104,0.0014549999999999232,0.0014549999999999277,0.0010045499999999587,0.001004549999999957,0.001004549999999957,-0.03563708729788307,9.678046068032225,1.1491239318645114,-0.0005618795818141875,-0.0161664709111236,-0.003238168273611044,-13.572375535964966,-21.24600076675415,1.8956250795349479,983.5339306640625,-0.03653429110535011,25.28226138762242
2025-03-01T16:54:17Z,40.28899683897921,-76.12149448589197,79.77646497049223,6.6733179622406364,20.464370949671334,-1.1140555584973448,1.5022663058522316,0.014316397626918168,3.699886895051314,0.0009999999989232945,0.001000000002993013,0.0010000000001105492,0.0009999999965941435,0.0009999999928057867,0.000999999995778166,0.00003599042813677867,0.0000360006956650306,0.8838622423200504,30.833644415960695,32.62699611318265,0.02126399785440692,0.00046579989930375015,0.0005044224432938556,0.004227281964241417,0.0014559999999999111,0.0014559999999999242,0.0014559999999999285,0.0010045599999999575,0.0010045599999999567,0.0010045599999999565,-0.007061816773009309,9.689493043260697,1.0055408420980745,-0.0019162972694683122,-0.015284054659660377,0.0005475240597256372,-13.48331311225891,-20.311125812530516,3.313875140026212,983.5265893554688,-0.041150779309771617,24.6032685279478
2025-03-01T16:54:18Z,40.28398158634061,-76.12109423201169,79.80380387689677,8.799623989220008,20.896782732811893,-1.0789843935942018,1.4963896051467604,0.01202529149244751,3.6858346736403873,0.0009999999988345326,0.0010000000029377427,0.0010000000000818586,0.0009999999965667585,0.0009999999928374961,0.0009999999958567125,0.000036989336279517275,0.00003700074168566177,0.9018341564586831,32.068836320097795,34.844252077606264,0.021392386824438187,0.0004735431257076034,0.0005048298604055848,0.00423722611120423,0.0014569999999999113,0.0014569999999999239,0.0014569999999999282,0.0010045699999999566,0.0010045699999999555,0.0010045699999999558,-0.03916551837652043,9.659582733151304,1.0598579199760048,-0.0010407241483619315,-0.012565706532161621,-0.00654868837318709,-12.384000520706177,-20.884688262939452,1.7431875645741821,983.446181640625,-0.06510662450842952,24.34275851032474
2025-03-01T16:54:19Z,40.27873142090497,-76.1206974471362,79.9399180095709,11.406532661933428,21.006471142428918,-1.0289433613262622,1.4916163666577666,0.006215879915307761,3.671300600103329,0.0009999999988297367,0.0010000000030567842,0.0010000000002812692,0.0009999999968612744,0.0009999999925680261,0.0009999999959106785,0.000037988233559202987,0.00003800079223045118,0.9165515557312917,33.189823462054015,37.15434962708512,0.02059339070898391,0.00048078235047969346,0.0005045671402383448,0.004247087031399042,0.001457999999999911,0.001457999999999924,0.0014579999999999283,0.001004579999999956,0.0010045799999999557,0.001004579999999956,-0.04140339643965709,9.684086953832471,0.8169923020241361,0.0006698641066522819,-0.013122161243654696,-0.0036687779446250403,-13.16681300163269,-21.093938283920288,3.7038751554489138,983.4064501953125,-0.06418338624574442,25.140312709793587
2025-03-01T16:54:20Z,40.27403794421252,-76.12032661504745,79.9852207902563,13.716831668943275,20.99865908389076,-1.0399210835989188,1.4856654280432926,6.27683264765594,3.647683855026106,0.000999999998894023,0.0010000000029173647,0.0010000000003961209,0.0009999999972475967,0.0009999999926798685,0.0009999999960257646,0.00003898712927373275,0.00003900084758539108,0.9274287224152549,34.20947758854884,39.555880584919876,0.02024560450648187,0.0004885782405571336,0.0005030244009138216,0.004256796413217045,0.0014589999999999102,0.001458999999999923,0.0014589999999999274,0.001004589999999956,0.0010045899999999563,0.0010045899999999563,0.1932573198633485,9.628595700896703,0.9105856654628782,-0.0009694571459400389,-0.02287914015020861,0.0030011644287881193,-16.601250619888305,-21.97725091934204,3.9121876484155655,983.4707836914063,-0.10928032326976829,27.819120298379346
2025-03-01T16:54:21Z,40.26782637556097,-76.11993025007584,80.43101363536151,17.108655798126733,20.910454272976324,-0.9317456481214985,1.478994792158997,6.274491567397155,3.6279136755288466,0.0009999999990183697,0.0010000000029624907,0.0010000000004016672,0.0009999999970837948,0.0009999999924431176,0.0009999999958032473,0.00003998602899040778,0.00004000090804700993,0.9344816153047191,35.17886180693273,42.06939188887429,0.019384191733580716,0.0004961365156581546,0.0005014538321524048,0.004266735017400844,0.0014599999999999106,0.0014599999999999234,0.0014599999999999275,0.0010045999999999562,0.0010045999999999562,0.0010045999999999562,0.12170080787621987,9.709584280917893,0.9057228753802787,-0.0001613126715953963,-0.017568455259537707,-0.009436944044980551,-12.714375495910645,-21.96037586212158,3.660562632083893,983.2350732421875,-0.03027884342535106,25.638068483911614
2025-03-01T16:54:22Z,40.26073124046316,-76.11952821604953,81.1555762007247,21.3532358569596,20.739159651078285,-0.8834195967760673,1.4744008099016528,6.26147361487201,3.6185865393030943,0.0009999999991239556,0.0010000000031341312,0.0010000000005502825,0.0009999999969630038,0.0009999999924183982,0.0009999999959367626,0.00004098492742868715,0.00004100097392771301,0.9352586003154779,36.109885705973355,44.64820587721702,0.017666859882873802,0.0005028009093320565,0.0005011818077205756,0.004276517537844544,0.00146099999999991,0.0014609999999999226,0.001460999999999927,0.001004609999999955,0.001004609999999955,0.0010046099999999553,-0.10018249590845094,9.644507955548185,0.8165477353308679,0.0028179046949817974,-0.007800961155105252,0.0009242238877399142,-13.882500600814819,-21.10762577056885,4.176750164031983,983.0451293945313,-0.10324917304116095,25.606606930276058
2025-03-01T16:54:23Z,40.2538341201376,-76.11914608483366,81.80869330336289,25.50689524439342,20.4703447483962,-0.9404149927232668,1.4693846932740917,6.260516686308425,3.6060453117380784,0.0009999999992141113,0.001000000003379289,0.0010000000001531544,0.0009999999970284803,0.0009999999926142734,0.0009999999961434684,0.00004198380718464597,0.000042001045535925826,0.9285656274464205,37.05735712060433,47.29632672427927,0.016006716754782036,0.0005100050501110656,0.0005012674152498372,0.004286511215070216,0.0014619999999999104,0.0014619999999999232,0.0014619999999999276,0.0010046199999999557,0.0010046199999999559,0.0010046199999999559,-0.1085573759571581,9.559602625207946,0.7848428348471186,0.0018014658764984517,-0.009987724147483869,-0.01052848926024519,-12.372937994003296,-21.189000940322877,2.888812612891197,982.9993969726562,-0.19039868287832445,24.70639742498783
2025-03-01T16:54:24Z,40.247232296892825,-76.11878539039392,82.36494630380939,29.463929801023415,20.16174608777742,-0.848071413773864,1.4577521890235257,6.244311599170246,3.5950455032255237,0.0009999999993896588,0.0010000000034646106,0.0010000000000458652,0.0009999999972210205,0.0009999999928618924,0.0009999999961946358,0.000042982640241314774,0.00004300112321341585,0.915042921814951,38.14114252138961,50.087756720276815,0.014473448733082758,0.0005179173522419008,0.0005026482050192881,0.0042962525845421495,0.00146299999999991,0.001462999999999923,0.0014629999999999268,0.0010046299999999565,0.0010046299999999565,0.0010046299999999565,-0.17626445024736173,9.733316333392157,0.8173453395029862,-0.005662935137881598,-0.010315688700868096,0.006065669187165413,-12.233625459671021,-21.179813346862794,4.104562672935426,982.984189453125,-0.013613065850621265,24.801028013146613
2025-03-01T16:54:25Z,40.24237085317738,-76.1184690540273,82.56343283921609,32.31644266751974,19.980238943543615,-0.8027141365433058,1.452451037535266,6.234269109125502,3.5835176175281065,0.000999999999726274,0.0010000000033153138,0.0009999999996621203,0.0009999999969088564,0.000999999992616344,0.0009999999961194108,0.00004398138831346971,0.00004400120734061849,0.8964165450331485,39.38484422520704,52.98167007711438,0.013513491271322777,0.0005265489787726824,0.0005053195374964708,0.004306125852234974,0.00146399999999991,0.0014639999999999228,0.001463999999999927,0.0010046399999999556,0.0010046399999999556,0.0010046399999999556,-0.10165807411386134,9.72055979474039,0.9776644615232486,-0.001600683649473599,-0.011048726230784175,0.0029706208373755033,-12.367687940597534,-20.7525008392334,3.1861876091361045,983.1819140625,-0.012653481824551413,24.367505050322098
2025-03-01T16:54:26Z,40.23968547448451,-76.11819510215814,82.25343687292518,33.92473589961861,19.709711019457544,-0.9112125508630378,1.4495148160132627,6.238186570684893,3.567963676370658,0.0009999999995044247,0.00100000000341883,0.0009999999993901814,0.000999999997183237,0.0009999999927428238,0.000999999996188084,0.00004498000900273077,0.00004500129826684236,0.8755592611912113,40.790137933114984,55.94701356521117,0.012967755674258766,0.0005359959287796153,0.000508774807668524,0.004316119716757951,0.0014649999999999095,0.0014649999999999223,0.0014649999999999266,0.001004649999999956,0.0010046499999999557,0.001004649999999956,0.07659022737163024,9.6177940503697,0.8750869030340243,-0.00161336798345358,-0.014213705964499185,-0.008415497597228,-13.014375562667846,-21.54506335258484,3.5255626428127287,983.4773486328126,-0.12494258176767152,25.416347613778417
2025-03-01T16:54:27Z,40.23664938444416,-76.11792417438274,81.94773331778813,35.416471845551555,19.64149883473894,-0.8308430456370776,1.4527938321074811,6.231954385602572,3.549788463775911,0.0009999999992031674,0.0010000000033080758,0.0009999999992540438,0.0009999999973504745,0.00099999999257889,0.0009999999960703283,0.00004597845801159052,0.000046001396381600024,0.855158983138069,42.463121894771405,59.07761872572438,0.012918577518489077,0.0005469822771242794,0.0005131327576311929,0.004326084675490389,0.0014659999999999086,0.0014659999999999216,0.001465999999999926,0.0010046599999999567,0.0010046599999999567,0.0010046599999999567,0.03592921862676627,9.779104207989135,1.1354312325299918,0.00432470483512685,-0.01809403334003035,0.001708167170862532,-12.176812992095947,-21.984188232421875,4.339312674552202,983.493486328125,0.06208835550094029,25.503065316368062
2025-03-01T16:54:28Z,40.23192485580343,-76.11764741304353,81.84821054169318,37.24588917333958,19.510804560962946,-0.9380122084666265,1.4475911731991316,6.230980807434492,3.5346217238214255,0.0009999999990392265,0.0010000000035702877,0.0009999999992346975,0.000999999997412098,0.0009999999923010247,0.000999999996130542,0.00004697668392968688,0.000047001502110324225,0.8368443958151607,44.319473178034386,62.24200766387796,0.01330796321110383,0.0005576366100413546,0.0005191752751736854,0.004336093036758343,0.0014669999999999074,0.0014669999999999204,0.0014669999999999243,0.001004669999999957,0.001004669999999957,0.001004669999999957,-0.07925707344136475,9.576841446044615,1.1560670404402578,-0.003536090500446075,-0.014363918885190613,-0.0033082679868349503,-12.071813020706177,-21.33468836784363,3.9911251726746557,983.3630712890625,-0.136090743445958,24.83594461303044
2025-03-01T16:54:29Z,40.23041225171192,-76.1174072308002,81.08871352498493,38.241517166187066,19.475918264875204,-1.090153250630799,1.4445781226395715,6.233145665092865,3.5250016924010725,0.0009999999991717216,0.0010000000036086026,0.0009999999995127912,0.000999999997722198,0.0009999999920669233,0.0009999999964075729,0.0000479746245354861,0.00004800161583827124,0.8214203054062069,46.401488258930904,65.5023196795512,0.01414548539231324,0.0005677117399878276,0.0005270128937834812,0.004346106455381069,0.0014679999999999067,0.0014679999999999195,0.0014679999999999238,0.0010046799999999566,0.0010046799999999566,0.0010046799999999566,-0.15800904368326846,9.593660504655446,1.05096459939159,-0.0028122320292191666,-0.009093958562011008,-0.0038507024418518,-11.681250505447387,-21.90037586212158,4.436250170469284,983.7708544921875,-0.13044272736671808,25.214198790237255
2025-03-01T16:54:30Z,40.22675795894775,-76.11716663143915,80.47586424988872,39.50652298597711,18.901118523980223,-1.1614751458513104,1.4434038469335262,6.232244818099091,3.519686070228794,0.0009999999992191414,0.001000000003632114,0.000999999999378179,0.00099999999770831,0.0009999999920130972,0.0009999999965214972,0.000048972208765234075,0.00004900173795455393,0.8096878697158213,48.70169099434856,68.88436078873991,0.015395991344936027,0.000577612160982704,0.0005360902836348797,0.004356113829164976,0.0014689999999999055,0.0014689999999999207,0.0014689999999999228,0.0010046899999999553,0.0010046899999999555,0.0010046899999999553,-0.15597515083518249,9.696113196051485,0.7079135872825885,-0.0001956940227848471,-0.005153880965723896,-0.00007352173496907009,-10.902562923431397,-21.84525085449219,4.5183751779049635,983.676416015625,-0.059566086698469925,24.829298128917863
2025-03-01T16:54:31Z,40.224070787381436,-76.11693852542066,79.74540855021199,40.22598838414656,18.802533634385362,-1.0083416948956776,1.4404981827783034,6.224675879142627,3.5071030177204436,0.0009999999993094335,0.001000000003816719,0.00099999999954561,0.000999999997528456,0.0009999999919796103,0.0009999999963408173,0.00004996937194910561,0.00005000186890363958,0.8037938522970237,51.26749155093462,72.45656890753725,0.016835708035008886,0.0005894889703204201,0.000543921686993953,0.004366203456246989,0.0014699999999999065,0.0014699999999999204,0.0014699999999999236,0.0010046999999999541,0.001004699999999956,0.0010046999999999543,-0.037441512576851806,9.86688288491308,1.2167898138424218,-0.0029252253215378034,-0.013412572218626146,0.0062152140899040045,-11.309250431060791,-21.324750785827636,5.6143127536773685,983.859921875,0.158961925805671,24.78229452814557
2025-03-01T16:54:32Z,40.2211013278485,-76.1167177999588,79.04030935281936,40.74359237327685,18.53596413803812,-1.1237773756835046,1.4374429064073801,6.227188694967594,3.495284357084985,0.0009999999991527862,0.0010000000038448875,0.000999999999460756,0.0009999999974421876,0.000999999992258141,0.0009999999965054729,0.00005096607071151285,0.000051002009114027835,0.8051274888282868,53.876056116879326,76.03016485022648,0.01827444240120859,0.0006008508089273725,0.0005511264187447823,0.004376259815615017,0.0014709999999999073,0.00147099999999992,0.0014709999999999244,0.0010047099999999534,0.0010047099999999569,0.0010047099999999534,0.035291143318242235,9.606701365149178,1.0951520526562706,-0.003219475335686348,-0.011476330964333849,-0.003158388926888319,-10.58362536430359,-20.20650079727173,5.364000202789903,983.9382763671875,-0.11372413463736585,23.432582213481503
2025-03-01T16:54:33Z,40.21833186286095,-76.11650371651427,78.19039431526664,41.25771702457183,17.831560610695856,-1.2144570100918253,1.4426200776630977,6.221079818801287,3.4836934222266063,0.00099999999912658,0.0010000000042089268,0.0009999999996297719,0.0009999999971469077,0.000999999992356769,0.0009999999960938507,0.00005196227776596025,0.000052002158987614585,0.8130818668530111,56.50359588239254,79.73168683001467,0.020194406919978525,0.0006130186496481619,0.000556951939762151,0.0043864306986438764,0.0014719999999999078,0.0014719999999999206,0.001471999999999925,0.0010047199999999538,0.0010047199999999577,0.0010047199999999538,0.05344652461302529,9.698836160311997,0.599755390818541,0.004735619743116561,-0.012481253382428031,0.005804632811320588,-10.87556294441223,-20.372250814437866,6.497437781952321,984.0665771484375,-0.06512638013823774,23.990013010829205
2025-03-01T16:54:34Z,40.21058176252071,-76.1162884344746,77.78954851040497,41.080268567414194,17.151136329132665,-1.2022037725353851,1.4464221950281977,6.224298292394081,3.482802628446617,0.0009999999989985923,0.0010000000040310316,0.00099999999969678,0.0009999999968459583,0.000999999992390328,0.0009999999964274695,0.000052957983303781973,0.00005300231900756053,0.8285173183676808,59.090939590333214,83.58739757794928,0.022891089219924558,0.0006232171395080447,0.0005623007291382996,0.004396470801221349,0.001472999999999907,0.00147299999999992,0.0014729999999999242,0.0010047299999999533,0.0010047299999999568,0.0010047299999999533,-0.12395120628463306,9.721437222794457,0.8766075930648771,0.0037749262562050147,-0.0012036216087885812,0.001046397066467939,-10.416562843322755,-22.782375898361206,5.679750266075135,983.813251953125,-0.02088684659421791,25.686540780715802
2025-03-01T16:54:35Z,40.203808302446994,-76.11607339169521,77.2979022684849,40.54640317537061,16.7193302212015,-1.1666282746539847,1.4519359341945017,6.228108110597009,3.4742841469149637,0.0009999999992597337,0.0010000000042884637,0.0009999999997474527,0.0009999999970699237,0.0009999999922388617,0.000999999996689299,0.0000539532190325407,0.00005400248966047898,0.8522082642895171,61.49336010438045,87.58969922883742,0.025187239377961954,0.0006345114598909715,0.0005636245852498888,0.004406533712734451,0.0014739999999999075,0.0014739999999999207,0.001473999999999925,0.0010047399999999524,0.001004739999999956,0.0010047399999999524,-0.0955563780521894,9.733919738765499,0.9781430284582627,0.004495279307241813,-0.00879603635818346,-0.0001638163010720462,-11.079937953948974,-19.66631319999695,6.354750263467431,983.9550561523438,0.0009118201527338163,23.450146272077212
2025-03-01T16:54:36Z,40.198421759583574,-76.11586242856777,76.657148221469,40.01281970923642,16.48779578163471,-1.2244507443988997,1.448280089295987,6.231554513868655,3.476149117381472,0.0009999999989953605,0.0010000000045011486,0.0009999999996713035,0.000999999997105889,0.0009999999924140215,0.000999999996762156,0.00005494806903439932,0.00005500267145243987,0.8829896750738295,63.54399006360735,91.69476060870217,0.027573114679412713,0.0006439745280678884,0.0005631212807084824,0.004416536727018408,0.001474999999999908,0.001474999999999921,0.0014749999999999252,0.0010047499999999527,0.0010047499999999562,0.0010047499999999525,-0.20034958653053533,9.649999069209578,1.0173225519591262,-0.004359756654613207,0.0014638213348226873,0.0011583890871383938,-9.8274378490448,-21.101625823974608,6.027750234603882,984.1265014648437,-0.07692030025870626,24.045549874033952
2025-03-01T16:54:37Z,40.19456910790328,-76.11565595847316,75.89155700122798,39.50671149196963,15.97445062175384,-1.1286121594063903,1.4611128455979052,6.241867573931223,3.4717793597184454,0.0009999999987747425,0.0010000000041769455,0.0009999999997669599,0.0009999999970974676,0.000999999992524707,0.0009999999968972806,0.000055942666268797486,0.000056002864906043836,0.9180447489389965,65.18746467467992,96.01180084159802,0.02903757898158401,0.0006535528977499494,0.0005580709247299502,0.004426387535901371,0.0014759999999999077,0.0014759999999999205,0.001475999999999925,0.001004759999999952,0.0010047599999999557,0.0010047599999999518,-0.01252543023438623,9.848775250748266,0.6513632145528865,0.011767074182419278,-0.0038099778619366167,-0.007179915080101589,-9.54993787765503,-19.936500749588014,7.80581282377243,984.3104565429687,0.08790171990527902,23.443414846942215
2025-03-01T16:54:38Z,40.18592250890312,-76.11541561117532,75.67126247572477,37.24094157355311,15.400399126280645,-1.1538352542673889,1.4559123772036502,6.250105262078458,3.4664419554826646,0.000999999998659236,0.0010000000041458456,0.0009999999997955188,0.000999999997049302,0.0009999999927628874,0.0009999999968932042,0.00005693717585237034,0.00005700307046306366,0.9536192668716145,66.28485965560307,100.39256167625155,0.029964968611520922,0.0006632209371758288,0.0005496926500271005,0.004436360211231614,0.0014769999999999076,0.0014769999999999204,0.0014769999999999248,0.0010047699999999526,0.001004769999999956,0.0010047699999999524,-0.05819238155795884,9.651999596513416,0.6667151965743093,-0.00782215760725182,-0.005921967668147826,-0.0002839864621660658,-11.160937948226929,-21.067125778198243,7.794937796592713,984.0754272460938,-0.10712959339381667,25.082839214087333
2025-03-01T16:54:39Z,40.17735518471362,-76.11514737491304,75.55394027313615,34.71634037669798,14.927542406244346,-0.9898708020219467,1.466911342403931,6.265776036360962,3.4716606722189036,0.000999999998637972,0.0010000000039624732,0.0009999999996223728,0.0009999999968559002,0.0009999999929186723,0.0009999999964628297,0.00005793176254664407,0.00005800328844692754,0.987886375464175,66.93669371928702,105.01209345598963,0.031126684593395005,0.0006699179427708794,0.0005408458464632156,0.004446186384857406,0.001477999999999908,0.001477999999999921,0.0014779999999999253,0.0010047799999999534,0.001004779999999956,0.0010047799999999526,-0.2179093714703126,9.844508066809006,0.5733173160941523,0.008020436820032334,0.0052511827810861065,-0.005988729124110283,-8.916187834739684,-21.793125858306883,6.132187719494104,984.092333984375,0.08137513418499148,24.331871825234686
2025-03-01T16:54:40Z,40.16951586271624,-76.1148451364259,75.5297210019752,32.07073974497812,14.61404003571106,-0.9089741900414051,1.4742935717234555,6.272879399318988,3.4739205863781586,0.000999999998516709,0.0010000000039899824,0.000999999999508378,0.0009999999971021486,0.0009999999925666442,0.0009999999962882274,0.000058926573276187044,0.000059003519016017946,1.0193846335443557,67.10375240581607,109.72976928618529,0.03172320536802843,0.0006761862576678114,0.0005302526198147721,0.004456111505070433,0.0014789999999999073,0.0014789999999999203,0.0014789999999999246,0.0010047899999999542,0.0010047899999999568,0.0010047899999999534,-0.24530327294410847,9.767796483020259,0.4469285518978453,0.0037842724724876167,0.001418423815245865,0.0018790758970472648,-10.319625401496888,-21.678188343048095,7.114500275850296,984.12794921875,-0.0010641475894742145,25.04100797656912
2025-03-01T16:54:41Z,40.344531633036176,-76.1180469910445,78.7321946070666,11.29432421639172,19.641359936436558,-0.3510854715706406,1.4987153649423435,0.03604684082032886,3.4804125208871217,0.000999999998435773,0.0010000000043182773,0.0009999999994482918,0.0009999999973060543,0.000999999992541491,0.0009999999957016471,3.069391743408395e-10,3.069390674921036e-10,0.503729596803303,0.6369073067668515,0.6400288069490886,0.013509755530095742,0.00017969532202596932,0.00017263636337410621,0.004455909554786348,0.001479999999999906,0.001479999999999921,0.0014799999999999232,0.0010047999999999537,0.0010047999999999572,0.0010047999999999537,-0.16024234626045514,9.73942328198352,0.6576244309946844,-0.00607017767038673,0.0005882484650377474,0.00048643756578876777,-10.801125431060791,-20.495625705718993,7.0586252617836,983.9086450195313,-0.019681669630782214,24.218932710474228
2025-03-01T16:54:42Z,40.34467137189953,-76.11781553704036,78.71406817129036,11.137452447719717,19.627549961118547,-0.37502629256281234,1.4978901639200597,0.03198563796709875,3.4795891286910132,0.0009999999982095102,0.0010000000043133598,0.0009999999994587173,0.000999999997099565,0.0009999999925750407,0.0009999999956284884,1.0003069474134324e-6,1.0003069669194477e-6,0.5485879798321303,0.6790238002724684,0.6858824957677107,0.0136681790179749,0.0001894366010149336,0.00018194459473971203,0.004466588013390209,0.0014809999999999067,0.0014809999999999205,0.0014809999999999218,0.0010048099999999545,0.0010048099999999563,0.0010048099999999545,-0.2002423640664857,9.711108190850073,0.7337161901421774,-0.001488692506015746,-0.001020362611696889,0.005139191052285306,-10.703062953948974,-21.152438344955446,6.568125278949737,983.861748046875,-0.041749833570875895,24.599165896301454
2025-03-01T16:54:43Z,40.344808908310156,-76.11758453918081,78.81633422482157,10.916021512341104,19.544256775805998,-0.26966335789734847,1.5005557048847795,0.03844578203116577,3.4827219190320475,0.0009999999983728936,0.0010000000041575196,0.0009999999997166967,0.0009999999970411013,0.000999999992913428,0.000999999995899748,2.0003069729408605e-6,2.0003070553728393e-6,0.5937398783723764,0.7542209538341297,0.7692560415942107,0.013684586820009562,0.00019914149154353733,0.00019114014013689736,0.004475864979599481,0.0014819999999999077,0.0014819999999999207,0.0014819999999999217,0.001004819999999954,0.0010048199999999567,0.001004819999999954,-0.1516693735929836,9.837972889004755,0.6766002988102533,0.001611196707765794,0.0037517268392497343,-0.0047603232327485786,-10.552687902450561,-20.3433757686615,7.812937877178192,983.8060815429687,0.07979395565404818,24.21263484102478
2025-03-01T16:54:44Z,40.344942518733134,-76.11735479926159,78.84248586521025,10.612282073834416,19.388346039915074,-0.291734202489756,1.496173026173205,0.03585670811171302,3.4805222343489937,0.0009999999982852976,0.0010000000039438529,0.0009999999992735275,0.000999999996787885,0.000999999993120043,0.000999999995778557,3.0003070163017516e-6,3.0003072155364187e-6,0.6360958098551959,0.8619924385837731,0.8908044631608876,0.013564155836842853,0.0002087063801010645,0.00020016578834957817,0.004486293829285369,0.0014829999999999065,0.001482999999999919,0.0014829999999999225,0.0010048299999999531,0.0010048299999999568,0.0010048299999999531,-0.06313362951755484,9.730091260905876,0.6350521366201691,-0.005041888980233716,-0.0022522726224611365,0.0034491318405940564,-10.359750423431397,-20.04487578392029,7.668187800049782,983.9324682617188,-0.03156731044449161,23.831075199408605
2025-03-01T16:54:45Z,40.34506851779905,-76.11712596629772,78.90377801817584,10.256309906731666,19.323507043609155,-0.27768810316741743,1.4962653867725313,0.04316491799486326,3.479031869615236,0.000999999998572692,0.001000000004455684,0.0009999999994312581,0.0009999999970860033,0.0009999999931958451,0.0009999999954010636,4.000307066799132e-6,4.000307463224455e-6,0.6733976767697218,1.0043675614109164,1.0539113869917307,0.013347242083671341,0.00021833117278266466,0.00020920615011761013,0.004495378129722938,0.0014839999999999066,0.0014839999999999196,0.001483999999999923,0.0010048399999999518,0.0010048399999999565,0.0010048399999999518,-0.08153221168649506,9.754694811457457,0.7490518409267737,-0.0007020783977615439,-0.0007746811764501695,-0.006312520540754546,-11.351625509262085,-20.961563243865967,7.22193781375885,983.911005859375,0.001195604108498267,24.907837685694137
2025-03-01T16:54:46Z,40.34517305067886,-76.11689840133657,79.11613430052293,10.034836512383698,18.975268050338098,-0.3618455638451293,1.5030530416980663,0.04593235047772453,3.478194120553212,0.0009999999988237543,0.0010000000042291331,0.000999999999535368,0.0009999999973949213,0.000999999992983678,0.000999999995192481,5.000307083238032e-6,5.000307819341103e-6,0.7050935947652319,1.1819750033776049,1.2540828008620666,0.013394580507346229,0.00022778412294702154,0.00021834577542461042,0.004505122020444445,0.0014849999999999063,0.0014849999999999193,0.0014849999999999237,0.001004849999999952,0.0010048499999999565,0.0010048499999999521,-0.1945394694820364,9.662135099406555,0.36107395001216236,0.005505709811854689,-0.0003280486096883436,-0.001295251231251995,-12.691313018798828,-22.149938344955444,7.909312797561288,983.76076171875,-0.11167827601521228,26.72533807572539
2025-03-01T16:54:47Z,40.345244730666046,-76.11667133873752,79.44405839236109,9.678572145299482,18.90929226020903,-0.35289806918327415,1.4981872008086967,0.04962142595600245,3.482047758233028,0.0009999999991847422,0.0010000000045559936,0.0009999999994818338,0.0009999999975184115,0.0009999999927237792,0.000999999995094253,6.000306965419163e-6,6.000308308937214e-6,0.7311774095338175,1.397005645825081,1.5001925140425156,0.01324312745129502,0.0002370757846496282,0.00022772287289177842,0.004514767119933841,0.0014859999999999073,0.0014859999999999203,0.0014859999999999247,0.001004859999999952,0.0010048599999999555,0.001004859999999952,-0.22488843747979992,9.721397311524294,0.6302664856556792,-0.006782853458187999,0.004548688937398031,-0.0016821324884313841,-11.885625467300414,-20.474625787734986,6.918000259399414,983.6291455078125,-0.03810343604971692,24.664440058447745
2025-03-01T16:54:48Z,40.34528570657269,-76.11644330398917,79.75328767865987,9.338627960639649,18.856081856541714,-0.37119449625614237,1.4984659758523076,0.052520316733143856,3.486252251088133,0.0009999999993938011,0.00100000000441253,0.0009999999998352974,0.0009999999973044982,0.000999999992455913,0.000999999994986971,7.000306519195675e-6,7.000308963068522e-6,0.7515596798588093,1.6507537475750191,1.7899398993749513,0.013114549471010213,0.0002462807127848007,0.00023728448934682138,0.0045244691592439615,0.0014869999999999074,0.0014869999999999205,0.0014869999999999246,0.001004869999999952,0.0010048699999999555,0.001004869999999952,-0.2712320509994281,9.694756568278775,0.6436891868431112,-0.001663439191106222,0.004863300415512901,-0.0011552196124703336,-11.608312978744507,-21.162938327789306,7.182187777757645,983.6187548828125,-0.06261128240878228,25.18340999709792
2025-03-01T16:54:49Z,40.34527753928273,-76.11621186546802,80.08621299571723,8.800847242204101,19.012555669176486,-0.42280106018928426,1.4976700067477648,0.05452815858058041,3.4834521574275104,0.0009999999992648934,0.0010000000043270804,0.000999999999550807,0.0009999999972464142,0.0009999999925490064,0.0009999999949892957,8.000305418954055e-6,8.000309817370892e-6,0.7664350839227635,1.94292694330752,2.1291850374502204,0.012881800183354343,0.00025559806231113054,0.0002468706895310322,0.00453424873820361,0.0014879999999999071,0.00148799999999992,0.001487999999999924,0.001004879999999952,0.0010048799999999554,0.001004879999999952,-0.17814863773374734,9.645584733322817,0.8813134670035698,-0.002506799699293815,-0.002109737770674212,-0.0009490943706600316,-10.915125417709351,-21.154125881195068,6.300375250577926,983.55119140625,-0.09511341067494898,24.62375314705065
2025-03-01T16:54:50Z,40.345175143142534,-76.11597341231435,80.56565340875129,8.294810140070972,19.161006451934288,-0.41860152331431666,1.5028367946035408,0.04998793236298448,3.476960248490975,0.0009999999990981743,0.0010000000042002242,0.0009999999996952067,0.0009999999971581574,0.000999999992455135,0.0009999999951983824,9.000303168113666e-6,9.000310913163906e-6,0.7764811603190371,2.280931962353374,2.5170099897249454,0.012778904768509654,0.00026486029109728707,0.0002565286807309188,0.004544861817929016,0.0014889999999999075,0.0014889999999999205,0.0014889999999999227,0.0010048899999999515,0.001004889999999955,0.0010048899999999515,-0.2010164375594932,9.692128445105057,0.793338664429742,0.0033035924737014246,-0.006092209279643661,0.0052338250651526915,-11.740125389099122,-20.976188249588013,7.1486252546310425,983.389326171875,-0.05591076206738037,25.078502752555707
2025-03-01T16:54:51Z,40.344995409787124,-76.11572871024674,81.06174817715693,7.709939145028237,19.407116958562828,-0.41642965377962177,1.4963461832757983,0.05045427726908545,3.477122207522878,0.000999999999252617,0.0010000000041164889,0.0009999999994107606,0.000999999997512645,0.0009999999925634393,0.0009999999955623386,0.00001000029906060533,0.000010000312297408813,0.7828239552764371,2.6649516354533467,2.958646060713861,0.012760047085369803,0.0002741803886810639,0.00026646319882157735,0.004554781228191825,0.0014899999999999061,0.0014899999999999191,0.0014899999999999235,0.00100489999999995,0.001004899999999954,0.001004899999999952,-0.11019247231511245,9.686382348374298,0.9046833674513367,-0.008605266467794854,0.0009140432004517958,0.0002929970349548675,-11.132625455856322,-21.980813293457032,7.070062808990478,983.32849609375,-0.053396497606618964,25.633467843784413
2025-03-01T16:54:52Z,40.34468631843428,-76.11547555943233,81.58982985739323,7.158988532927036,19.478053743119776,-0.5558421598371804,1.4985199729035161,0.05338487916888775,3.4724329573098394,0.000999999999493464,0.0010000000043452314,0.0009999999998094966,0.0009999999970274676,0.0009999999928106541,0.000999999995832351,0.000011000292146647756,0.000011000314022274292,0.7867684974450899,3.093474450086072,3.444829615063844,0.012971495631138854,0.00028378196676360834,0.00027635415919692764,0.004564315870473782,0.0014909999999999056,0.0014909999999999184,0.0014909999999999227,0.001004909999999949,0.0010049099999999535,0.0010049099999999524,-0.05689790559741818,9.553383887615151,0.7088837954715657,0.00024926851799616004,-0.0036487500855350817,-0.002967785642701293,-11.001000394821167,-21.60037582397461,6.830437766313553,983.2043432617188,-0.20274856815879913,25.184331525015022
2025-03-01T16:54:53Z,40.34425205627236,-76.11521485055593,82.06468412192073,6.602888127559556,19.623535822231823,-0.5901036309562608,1.4969204263128184,0.06070541083520749,3.4677407660710897,0.0009999999998857277,0.001000000004472622,0.0009999999994961424,0.0009999999971280558,0.0009999999924909992,0.0009999999959358218,0.00001200028121058702,0.000012000316144717254,0.7896459587457993,3.5769885100716228,3.9923975345932936,0.013320323227415887,0.00029363766275177297,0.00028623813326601483,0.004573228697981329,0.0014919999999999057,0.0014919999999999187,0.0014919999999999229,0.0010049199999999491,0.0010049199999999526,0.0010049199999999526,-0.0694347263532282,9.653082282379891,0.7739554904800572,-0.003402734838868421,-0.003300923993451354,-0.00794349603747251,-10.754812927246094,-22.00875096321106,6.878250281810761,983.1295971679688,-0.09827340401390111,25.443247619716114
2025-03-01T16:54:54Z,40.34376456529054,-76.11494967272343,82.41690139730224,6.3387103142655965,19.846872937623665,-0.5869667263590183,1.4967017790780044,0.05547251722268051,3.468597296360143,0.0010000000001455045,0.0010000000043013928,0.0009999999994947575,0.0009999999972302108,0.0009999999922117838,0.0009999999958744373,0.000013000264751395805,0.000013000318728624344,0.792241668945493,4.114453801944629,4.5873274557819705,0.013484083974038401,0.0003030461326818445,0.0002961471882072153,0.004583689747521929,0.001492999999999907,0.00149299999999992,0.001492999999999923,0.0010049299999999493,0.001004929999999953,0.001004929999999953,-0.31609486424414807,9.685146116252241,0.7924998687516969,-0.001967202996534012,0.0012194761508728695,0.0044468774199770186,-11.347875452041626,-22.68150085449219,6.798937785625458,983.1605859375,-0.05995195558190325,26.257334835109273
2025-03-01T16:54:55Z,40.34315510174663,-76.11467721063366,82.72170400141839,6.079431636685012,19.791846613571956,-0.6922743604271325,1.4973530897030527,0.060533710364865635,3.4697682500881566,0.0010000000000953317,0.0010000000040192346,0.0009999999994808652,0.0009999999973009995,0.0009999999926330252,0.0009999999960627177,0.000014000240995805561,0.000014000321840224703,0.7953332076232678,4.702350087900326,5.234187012548459,0.01394604837253203,0.0003128926079026737,0.000305855859488968,0.004592784815743251,0.0014939999999999075,0.0014939999999999203,0.0014939999999999236,0.0010049399999999486,0.001004939999999952,0.001004939999999952,-0.14582461148124143,9.605202305336075,0.5202038438772247,-0.0009824754186674484,0.002309685296674685,-0.006372605986630298,-11.58712547302246,-22.74543830871582,6.5570627474784855,983.12498046875,-0.16221638079625872,26.35543249132536
2025-03-01T16:54:56Z,40.34229893190328,-76.114391694724,83.09031035930266,5.86405836590045,19.687505957327463,-0.7262479940657625,1.4999984125998609,0.0570095466867538,3.4650607201784536,0.001000000000060841,0.001000000004066011,0.0009999999994692085,0.0009999999968739405,0.0009999999927515174,0.0009999999955923153,0.00001500020796457948,0.000015000325548866473,0.7998677393064079,5.348826912871969,5.944571849228908,0.014685746993071597,0.00032261077030898547,0.00031510403582996787,0.0046028384160667945,0.001494999999999908,0.0014949999999999209,0.001494999999999923,0.001004949999999949,0.0010049499999999507,0.0010049499999999524,-0.05774977912189038,9.675933670039926,0.4112833423942552,0.0011991131592290754,-0.004023780338996024,0.0008834999879458491,-10.77318793296814,-22.564313259124756,6.503062772750854,982.9993603515625,-0.09774488447881916,25.835963286189795
2025-03-01T16:54:57Z,40.34120916040114,-76.11409137152502,83.53719198375403,5.799328970205784,19.745911243875934,-0.7031323151602531,1.4969871361038798,0.055604042580421,3.4641823374008625,0.0009999999999700932,0.0010000000041826748,0.0009999999995272872,0.0009999999967070436,0.0009999999925797637,0.0009999999956672543,0.00001600016354459761,0.000016000329926702826,0.8062625783562353,6.04868358701346,6.713722172348748,0.015420344958188215,0.0003323385832600715,0.00032396199250001826,0.004612517185583266,0.0014959999999999082,0.0014959999999999212,0.0014959999999999223,0.0010049599999999489,0.0010049599999999517,0.0010049599999999523,-0.08325818179920294,9.714958266957705,0.4856452091684163,-0.004847947179794014,0.00007652392413593986,-0.0018962686629554418,-10.617187871932984,-21.785813312530518,6.865500285625457,982.8992846679688,-0.05514895403446756,25.188863862166766
2025-03-01T16:54:58Z,40.34016888490959,-76.11378897793578,83.79224844356983,5.8269891753130505,20.065330096208648,-0.757024011871797,1.4936736709872906,0.05393717895357171,3.464167129713072,0.0010000000002505917,0.001000000004252112,0.0009999999996368122,0.0009999999970107516,0.0009999999925190061,0.0009999999956342024,0.00001700010552770341,0.00001700033504706554,0.8140418124105091,6.784936052498871,7.531416670852868,0.015809076548757215,0.0003420252564132393,0.0003322302703383217,0.004622213309642861,0.0014969999999999068,0.0014969999999999222,0.0014969999999999235,0.0010049699999999484,0.0010049699999999519,0.0010049699999999523,-0.1843699770969971,9.626721277868539,0.7592795171400913,-0.004950258997167731,0.0008020508768664847,-0.0017126756895584194,-10.761750354766846,-21.699750785827636,6.157312734127045,982.9888525390625,-0.12425438691534224,24.99208681937055
2025-03-01T16:54:59Z,40.33919268474956,-76.11348451230172,83.86129514609574,5.929274355084746,20.361601376786727,-0.7733215760824234,1.495726786619453,0.045585748368439566,3.4628473335148806,0.0010000000004033451,0.0010000000041513052,0.0009999999996896404,0.0009999999974658013,0.0009999999923661308,0.0009999999955661572,0.000018000031659642515,0.00001800034099119715,0.8224821803795669,7.568201537576259,8.406722680513228,0.01610445818104272,0.0003514905278860219,0.0003397910135899656,0.00463273249459042,0.0014979999999999076,0.0014979999999999215,0.0014979999999999237,0.001004979999999948,0.0010049799999999514,0.0010049799999999514,-0.1756361743350846,9.677409179047466,0.7552515987086947,0.0007307835175901112,-0.0011221733010496776,0.004884663990582556,-11.11500044822693,-21.739313163757323,6.153187737464905,983.0823681640625,-0.07424289077132339,25.179359019954422
2025-03-01T16:55:00Z,40.337844539272666,-76.11314969768277,84.11479919490445,6.269536697669541,21.091775491084586,-0.7472635794983195,1.4920870814207687,0.03987987972432781,3.465417768188795,0.0010000000005926679,0.0010000000036459828,0.000999999999252081,0.0009999999977994606,0.0009999999926003798,0.0009999999954959946,0.000018999939623072128,0.000019000347852591042,0.830567254220365,8.384376316063603,9.339648024377356,0.015980772559673624,0.0003610630179066628,0.00034672751186982725,0.0046427848173893225,0.0014989999999999069,0.0014989999999999199,0.0014989999999999242,0.001004989999999947,0.0010049899999999509,0.0010049899999999509,-0.24832371480778864,9.673534954004358,1.051881192599474,-0.005328627831470746,0.003160890433952652,0.0013282963510084917,-11.581875419616699,-21.6393758392334,6.590250282287598,982.9477099609375,-0.04902902070836095,25.413209742593196
2025-03-01T16:55:01Z,40.33649003910838,-76.11280602861811,84.29138879783312,6.661040274360328,21.863302903351823,-0.760967152680216,1.4872098546945554,0.030474458838467354,3.466509313766235,0.0010000000006736083,0.0010000000034661714,0.0009999999990694518,0.0009999999978800717,0.0009999999924806852,0.000999999995386678,0.000019999826934803324,0.00002000035574648238,0.8372764816059184,9.2306981152973,10.331641283318312,0.015859725760819465,0.00037065622397181855,0.00035301154588949883,0.004653317836174135,0.0014999999999999057,0.001499999999999919,0.001499999999999923,0.0010049999999999465,0.00100499999999995,0.00100499999999995,-0.19709181815817614,9.633141985571712,1.157166033713274,-0.0061516267390802366,0.0012805619243954137,0.004915207423718628,-11.840062923431397,-21.20437578201294,6.299812788963318,982.9839477539062,-0.07844950045749562,25.089793188801423
2025-03-01T16:55:02Z,40.334689765653316,-76.11242858361,84.63653724029733,7.3100258896428905,22.731100853804232,-0.7729965261942655,1.4870414835082786,0.020650833954994053,3.4645194004780206,0.0010000000008313732,0.001000000003703776,0.0009999999989640277,0.0009999999977424988,0.000999999992339409,0.000999999995106401,0.00002099969095629959,0.000021000364808358952,0.8425436521592017,10.105399015184915,11.388589835488789,0.015803699501416652,0.00038044395502043947,0.0003587366587002359,0.0046637719864840894,0.0015009999999999052,0.001500999999999918,0.0015009999999999223,0.001005009999999947,0.0010050099999999505,0.0010050099999999505,-0.12279859669671624,9.61410672334418,1.1925085572166605,-0.0012027868375082535,-0.0016859712189322578,0.0038618828122391844,-11.365125455856322,-19.963875770568848,6.304312710762024,982.83771484375,-0.09438910760480133,23.821510015701914
2025-03-01T16:55:03Z,40.33276393576984,-76.11204034295001,84.91915037069396,8.174296412052346,23.23004903224996,-0.847834286308893,1.4897143372654111,0.009537964032736143,3.4632311108865195,0.0010000000010090355,0.0010000000034805175,0.0009999999989681678,0.000999999997569988,0.000999999992568043,0.0009999999949513963,0.000021999529033636638,0.000022000375178197957,0.8467469167899353,11.006700505375775,12.498840178198586,0.015626006025908693,0.0003903167860285795,0.00036406799828678633,0.004674408690541355,0.0015019999999999047,0.0015019999999999164,0.001501999999999921,0.001005019999999946,0.0010050199999999496,0.0010050199999999496,-0.03182753069161067,9.584886748628092,0.8215327865541406,0.002023780867881351,-0.0011730783188672194,0.0050679231373013806,-11.110687923431396,-20.35293833732605,5.843437721729279,982.8201904296875,-0.1629285461103405,23.913025916330337
2025-03-01T16:55:04Z,40.330973612284176,-76.11165803453261,85.00274428224233,8.948443209327195,23.863624916965716,-0.8805392590964035,1.4808777753462625,6.282697629440273,3.4623449339464867,0.0010000000009524742,0.001000000003409405,0.0009999999988260793,0.0009999999976726191,0.0009999999927167026,0.0009999999947065388,0.000022999338431062577,0.000023000387008643014,0.8498531590915077,11.934339401992418,13.693524850050515,0.015492174183131138,0.00040027232251098674,0.0003691266145251879,0.004685023287967619,0.0015029999999999035,0.0015029999999999156,0.00150299999999992,0.0010050299999999465,0.00100502999999995,0.0010050299999999502,0.036932120144243706,9.618343194801726,1.0922845856516146,-0.00907393005267913,-0.0009048650423251139,0.004663016650026848,-10.903125457763672,-20.110500822067262,5.946937746815383,982.9006909179687,-0.10285176138901006,23.636286592755358
2025-03-01T16:55:05Z,40.32923053180163,-76.11127833310267,84.9636845110024,9.842449857370923,24.040811655008653,-0.917849129479961,1.4810129616087684,0.001389227680488294,3.468877200758659,0.001000000000797286,0.0010000000032825006,0.000999999998600547,0.0009999999975185702,0.0009999999923903736,0.000999999994636005,0.000023999116320682292,0.00002400040045830399,0.8517647238687465,12.895162286086364,14.952724704106046,0.015115220086554117,0.0004101943709735328,0.00037411749040661076,0.004694079126572658,0.0015039999999999026,0.0015039999999999153,0.0015039999999999197,0.0010050399999999467,0.0010050399999999501,0.0010050399999999504,0.06599904007741929,9.654797092116443,0.7247032280178684,0.00020136722922232497,0.007389209852619447,-0.006110901940054737,-11.038687934875488,-21.61781334877014,6.310875266492367,982.9594555664063,-0.10092934656661688,25.080013394713006
2025-03-01T16:55:06Z,40.327460624448676,-76.11089895865828,84.82645743762413,10.893787730077525,24.082295862386772,-0.9836566538871623,1.4834057436169683,6.28191165222059,3.4755642998801197,0.0010000000005435934,0.0010000000032277328,0.000999999998886212,0.0009999999979023282,0.0009999999927104589,0.0009999999950213868,0.000024998859740093652,0.000025000415661972545,0.8519067189246239,13.886518780873638,16.270370116769616,0.014517306225003574,0.0004200798736029035,0.0003791296495513494,0.004703802588819614,0.0015049999999999025,0.0015049999999999155,0.0015049999999999198,0.0010050499999999457,0.0010050499999999494,0.0010050499999999494,-0.04909573385944224,9.645784146623509,0.5652215945169664,0.002624464655448128,0.007053234107349929,-0.0013156136221473868,-11.662875423431396,-21.753000774383544,5.435437722206116,983.0039453125,-0.12066518467436814,25.273644558949098
2025-03-01T16:55:07Z,40.32577024525815,-76.1105233536695,84.54022793543923,11.819940519408533,24.412955916965192,-1.0448825382665115,1.4747355497428392,6.2769695794481635,3.480984640098718,0.0010000000006622834,0.0010000000032408295,0.0009999999990535965,0.0009999999980583318,0.0009999999928935657,0.0009999999950229372,0.000025998564827862505,0.000026000432773763832,0.8497703478226719,14.91139191972524,17.671986570203646,0.014015281804491526,0.0004299554468078701,0.0003843300198187799,0.0047139079758021975,0.0015059999999999032,0.0015059999999999163,0.0015059999999999206,0.0010050599999999453,0.0010050599999999487,0.0010050599999999487,-0.06752831493885429,9.627914473483502,0.9274544110187154,-0.008362923246893934,0.0054841796636772595,0.0014084092499702047,-11.92106300354004,-20.875500774383546,5.3842502281814815,983.0876904296875,-0.11044512141832986,24.635054529914072
2025-03-01T16:55:08Z,40.324281967606794,-76.11015680479368,84.08620798025213,12.629874995035928,24.475867846798955,-1.0723131062176479,1.4761886611495774,6.278761154218975,3.486496171896994,0.0010000000005555706,0.0010000000032645952,0.000999999998821573,0.0009999999982443985,0.0009999999928146206,0.0009999999948993902,0.000026998226967555107,0.000027000451966741545,0.8458455386819759,15.994638578089297,19.158147745292194,0.013618637158552797,0.0004397953551678826,0.00038986661829624753,0.004723233487806662,0.001506999999999904,0.0015069999999999173,0.0015069999999999214,0.0010050699999999448,0.0010050699999999482,0.0010050699999999482,0.006218349177193715,9.690729338960585,0.7570462126536445,0.001748891354229472,0.006086031327902311,-0.0044921105556904786,-12.020250473022461,-21.548250846862793,4.5405001854896545,983.2132104492188,-0.06291669749719316,25.08838610100386
2025-03-01T16:55:09Z,40.32185358182752,-76.1097453379632,83.8340661536223,13.888672138838842,24.474840928555665,-1.1980838682889534,1.473074426029459,6.268593851135072,3.488823650514154,0.001000000000796506,0.0010000000032114385,0.0009999999987638133,0.0009999999983967235,0.0009999999926897972,0.0009999999949337416,0.00002799784106961967,0.000028000473379896378,0.8405236994614915,17.123474383863265,20.692454322436575,0.013276509162690535,0.0004497398814124725,0.000395771726872865,0.0047339570757441605,0.0015079999999999037,0.001507999999999917,0.0015079999999999213,0.0010050799999999438,0.0010050799999999473,0.0010050799999999473,-0.012414942927603418,9.587118795485438,0.5545663419685462,-0.0027549847044266084,0.00196920344959684,0.005824661559014293,-12.679875497817994,-21.995626001358033,5.467500256299973,983.071328125,-0.18002587708374956,25.970708771980597
2025-03-01T16:55:10Z,40.31856447042709,-76.1092886528301,83.74482299341881,15.311074593545191,24.856253688202894,-1.169821110803322,1.473271848201547,6.265037804100661,3.4942354596515206,0.0010000000009386517,0.0010000000031983843,0.0009999999989727642,0.0009999999983363367,0.000999999993159748,0.000999999994814457,0.000028997400915227388,0.00002900049716048502,0.8341343305969284,18.333450754358726,22.333635648166748,0.01298157629095143,0.0004595912793833573,0.00040220929855456843,0.004743704098397721,0.001508999999999903,0.0015089999999999162,0.0015089999999999203,0.001005089999999944,0.0010050899999999475,0.0010050899999999477,0.01551047430852871,9.694517921444543,0.8656404861969197,0.0005169808773524162,0.005821323088695539,-0.001234165063765963,-12.362625513076782,-21.333375816345214,4.3965001718327406,982.9476831054687,-0.05012990913950739,25.045440519587252
2025-03-01T16:55:11Z,40.31493558123701,-76.1088088751591,83.7126722575861,16.787748181554605,25.277667397999803,-1.1308535108566267,1.476170376404556,6.26106228239033,3.500038812716026,0.0010000000008487833,0.0010000000035129658,0.0009999999989309847,0.0009999999980189183,0.0009999999932938678,0.0009999999945080012,0.00002999689878311705,0.00003000052349297904,0.8270010049499259,19.62462982479883,24.050738804319934,0.012730619593226685,0.00046944254129634253,0.00040920111240615403,0.004753541766180872,0.0015099999999999027,0.0015099999999999155,0.00150999999999992,0.0010050999999999441,0.0010050999999999476,0.0010050999999999476,-0.021019952631718054,9.709592714942277,0.8263583124712448,0.0030317076808568186,0.006167480432982241,-0.0005214892499447433,-12.350813016891479,-22.08093828201294,4.09837515592575,982.9305346679688,-0.038571946144684725,25.630147886725435
2025-03-01T16:55:12Z,40.31102667867409,-76.10830891767046,83.65746517401973,18.283390283318372,25.88371007086173,-1.208668541065917,1.4687501337704059,6.25902092228358,3.5076561425557244,0.001000000001086114,0.0010000000035111064,0.0009999999988466563,0.000999999997750248,0.0009999999933709986,0.0009999999948958436,0.00003099632460613494,0.0000310005525698576,0.8190698155012558,20.983897930433244,25.820282070403888,0.012486626226803459,0.0004792206558449603,0.0004168516536777112,0.004763196932592679,0.0015109999999999028,0.001510999999999914,0.0015109999999999206,0.001005109999999944,0.0010051099999999476,0.0010051099999999476,-0.14888428344467006,9.585471291835587,0.9528732488635075,-0.0074416190813290616,0.008127922019314195,-0.001746056265965397,-12.539250497817994,-22.324125747680664,4.310062669701875,982.9318017578125,-0.14950211511077013,25.9648490039034
2025-03-01T16:55:13Z,40.3068187574008,-76.10779076717299,83.5433263734721,19.645769242643453,26.713916622149494,-1.2342165841228707,1.464069052439113,6.255846854379317,3.5148039778796365,0.0010000000013342203,0.0010000000036085445,0.0009999999989894397,0.0009999999975133296,0.0009999999935466999,0.0009999999951400818,0.0000319956652412356,0.00003200058465552613,0.8105028951367955,22.445960906115648,27.688935714118237,0.012371201139578326,0.0004890275927694965,0.00042518642291251125,0.00477308781523978,0.0015119999999999032,0.001511999999999915,0.0015119999999999207,0.001005119999999944,0.0010051199999999477,0.0010051199999999477,-0.19418054909150384,9.61264357471115,1.2384821330916496,-0.004807723582024689,0.007480839399594806,0.00004865111717306946,-13.287375564575195,-21.5718758392334,3.7955626448243858,982.9414477539062,-0.08943407022847275,25.618428094070886
2025-03-01T16:55:14Z,40.30275292857485,-76.1072817323626,83.32892636562518,20.790126421347882,27.574060320492595,-1.1745691503442561,1.4645163100337155,6.252434939984877,3.522609172318334,0.0010000000010797155,0.001000000003628386,0.0009999999988432552,0.0009999999973831948,0.000999999993387323,0.0009999999954370495,0.00003299490457410915,0.00003300062011589388,0.8019302835140768,24.030121436555074,29.67152432343646,0.012579204470930522,0.0004988535467780041,0.00043422905536006376,0.004783157106712834,0.0015129999999999044,0.0015129999999999142,0.0015129999999999217,0.0010051299999999435,0.001005129999999947,0.001005129999999947,-0.22686676536536163,9.69605107954321,1.3831498308504548,0.0004495521858315062,0.007927638488633582,0.0014985371790111185,-12.903188056945801,-20.31487590789795,3.1312501341849566,983.0329541015625,0.013248103921190597,24.269089311297066
2025-03-01T16:55:15Z,40.29832485055912,-76.10676777480435,83.11595024015877,21.69486937089819,28.09299685924737,-1.235272960587572,1.460606572705197,6.249482900131984,3.5261355802370935,0.0010000000014276729,0.0010000000040222543,0.0009999999990433362,0.0009999999968665478,0.0009999999930785266,0.0009999999954356392,0.00003399402594334871,0.00003400065932382566,0.7946728687416741,25.70856416488377,31.735352382128134,0.012889995990365775,0.0005087789599479631,0.00044376415417791455,0.004793283141980506,0.0015139999999999037,0.0015139999999999145,0.0015139999999999212,0.001005139999999944,0.0010051399999999456,0.0010051399999999474,-0.02492822640745528,9.59003134472802,1.18978819689767,-0.0038507023907175483,0.0035916668574173367,0.0014230970270616074,-12.45918803215027,-21.04068823814392,4.052437660396099,983.0496728515625,-0.12006825064613078,24.786319809355792
2025-03-01T16:55:16Z,40.29377330886197,-76.10626526789261,82.83316013415586,22.405501456235537,28.454149300720285,-1.219341138679583,1.4677769611883646,6.252978051383465,3.526748176391665,0.001000000001507589,0.0010000000040560305,0.0009999999992664653,0.0009999999969923653,0.00099999999283337,0.0009999999956842394,0.00003499301420683134,0.00003500070262067362,0.7897051978855288,27.51103408606099,33.91680446807495,0.013283777829736925,0.0005185820395774415,0.0004536085327367176,0.00480270742808,0.0015149999999999027,0.0015149999999999146,0.00151499999999992,0.001005149999999944,0.0010051499999999451,0.0010051499999999478,-0.011983451103051277,9.674005709534672,1.1522620658161005,0.007329291624997781,0.0012281544985851879,-0.004369770613209549,-11.991938018798828,-18.940688190460204,4.794187706522644,983.1085595703125,-0.04131015045727415,22.924618713738973
2025-03-01T16:55:17Z,40.28939687686136,-76.1057880493276,82.45251945683766,22.896106803295222,28.873838993673136,-1.2392566358437884,1.4648539643889276,6.257809118271028,3.52790526255103,0.0010000000014382061,0.00100000000393369,0.000999999999061579,0.000999999997213758,0.000999999993045088,0.0009999999954360746,0.00003599185433824532,0.000036000750388751645,0.7873453945676109,29.41095152103028,36.19108776639341,0.013969408967614108,0.0005283493052554637,0.0004636027860841599,0.004812104981763667,0.0015159999999999022,0.0015159999999999141,0.0015159999999999195,0.0010051599999999438,0.001005159999999944,0.0010051599999999475,-0.11581560476585487,9.629393362041231,1.319558934907852,-0.0025271621648569054,0.0017387105252392933,-0.00474663733678496,-12.477375526428222,-19.588875761032103,3.9106876784563065,983.2131665039062,-0.06368276225502754,23.552070580786875
2025-03-01T16:55:18Z,40.284829899043025,-76.1053297191447,82.06647338327642,23.21060195420937,29.027043066105865,-1.1921287631233402,1.4659715461280483,6.2631003406200625,3.53021716120083,0.0010000000011945536,0.0010000000040995885,0.000999999999286683,0.0009999999971748233,0.0009999999931161385,0.0009999999957410058,0.0000369905328644546,0.00003700080301587162,0.7879595603985097,31.424916330563867,38.57447573717098,0.014634551596280186,0.0005380527087610666,0.00047350287383546974,0.00482156976189994,0.0015169999999999028,0.0015169999999999147,0.00151699999999992,0.0010051699999999437,0.0010051699999999437,0.0010051699999999472,-0.11693225781639194,9.703810063040295,1.2330583959603754,0.0018405212492818175,0.0027975429782033387,-0.004268126822557462,-13.31812554359436,-20.286938285827638,4.786312698796391,983.2708154296874,-0.0012417815214520451,24.735371405310673
2025-03-01T16:55:19Z,40.2801910036544,-76.10489825561154,81.6503627485651,23.472580641062997,28.94547309969796,-1.2333942853906703,1.4604748125542235,6.258480210130952,3.5366755627014212,0.0010000000011966886,0.0010000000042918434,0.000999999999565074,0.0009999999972065603,0.000999999993010731,0.0009999999954992324,0.000037989039329232455,0.0000380008608213483,0.7916553574638432,33.51033206810202,41.00953843138663,0.015416379679430176,0.0005478228138441876,0.0004830913343891802,0.004832304091182281,0.0015179999999999016,0.0015179999999999148,0.0015179999999999194,0.0010051799999999435,0.0010051799999999435,0.0010051799999999463,-0.20509599919235855,9.629091213785044,1.1233128228756541,-0.004407323366587641,0.005724519702069719,0.0068060507786407735,-12.245625476837159,-20.60268829345703,3.6138751553744077,983.3434008789062,-0.0872104757061945,24.238063640354003
2025-03-01T16:55:20Z,40.27485518050063,-76.10448653572693,81.23369150530529,23.438879184616383,28.349038400728965,-1.3377298521951053,1.4581306467327955,6.263631205568917,3.5404455587646773,0.0010000000006940666,0.001000000004245205,0.00099999999961807,0.0009999999968266157,0.0009999999927962787,0.000999999995608346,0.000038987369468685726,0.00003900092404226314,0.7977866687681975,35.65592544158961,43.504233576933835,0.015517866349667916,0.0005573308726124186,0.0004919629182409547,0.004841987202189906,0.0015189999999999004,0.0015189999999999156,0.001518999999999918,0.0010051899999999432,0.0010051899999999434,0.0010051899999999469,0.00007676945507067382,9.578944626485985,0.8829884465564666,-0.001010181034178381,0.0039581859214274755,-0.0022115485237257882,-12.770437984466552,-20.40150074005127,3.2784376320242883,983.349755859375,-0.16414413729734678,24.290965274482783
2025-03-01T16:55:21Z,40.268858356699205,-76.10409766289648,80.8534363437628,23.140346262175807,27.632939154285793,-1.2923579046676517,1.4544691875863172,6.270470804604391,3.5455109731548613,0.0010000000004539071,0.0010000000042837483,0.0009999999999097805,0.0009999999969036338,0.0009999999925785093,0.000999999995518592,0.00003998552613613558,0.00004000099292435498,0.8051142220362935,37.89286328553934,46.110573497697835,0.015652452246772378,0.000566780327222855,0.0005000298726753234,0.00485159600024998,0.0015199999999999014,0.0015199999999999144,0.0015199999999999188,0.0010051999999999427,0.0010051999999999427,0.0010051999999999462,-0.048189600033555186,9.711074858239103,0.9819793885720468,-0.0021641481080893823,0.005303924389734384,-0.0027474739464000367,-12.814500513076782,-20.69812578201294,3.0496876250207423,983.3578076171875,-0.022895603318854568,24.534097214834812
2025-03-01T16:55:22Z,40.26184947308271,-76.1037265551195,80.63603970830835,22.589046305545658,26.51353430793314,-1.2458801886073991,1.452497216621007,6.277903338360728,3.5523016123028968,0.0010000000005652313,0.0010000000043224855,0.0009999999998451324,0.0009999999966692574,0.0009999999928979038,0.000999999995589471,0.000040983515913393736,0.0000410010677349561,0.8126894722113567,40.17139438938646,48.789045375848424,0.015656674705862447,0.000576286418523786,0.0005072118909103054,0.004861285821428826,0.001520999999999901,0.0015209999999999128,0.0015209999999999172,0.0010052099999999418,0.0010052099999999413,0.001005209999999947,-0.07852744960644038,9.724149075185942,0.7726793223769375,-0.00046040284030050783,0.006941242188244373,-0.0019162971253978266,-13.27050054550171,-21.66543836593628,3.278625119775534,983.3156665039063,-0.028358746246194364,25.617263201498332
2025-03-01T16:55:23Z,40.254426906467465,-76.10336877107021,80.48525056062417,21.775451248621536,25.338152646874292,-1.2179961419445255,1.446805154924021,0.0030984317086986436,3.5629521599633533,0.0010000000005268188,0.0010000000044581305,0.000999999999781291,0.0009999999968327879,0.0009999999928904666,0.0009999999957361063,0.000041981347574731844,0.000042001148742724124,0.8198776541184936,42.46603916969211,51.55450685504956,0.015842584342020294,0.0005858848241080738,0.0005135406894875808,0.004870968098236984,0.0015219999999998993,0.0015219999999999112,0.0015219999999999156,0.0010052199999999421,0.001005219999999942,0.0010052199999999465,-0.1609601949881206,9.701536916728465,0.7823303715414364,-0.00462446455359333,0.010820233597556734,-0.001570140689236629,-12.998250570297241,-21.788063335418702,3.186937623023987,983.3216625976562,-0.048968207574601866,25.570064238595055
2025-03-01T16:55:24Z,40.24659025926177,-76.10301240669745,80.40087097776761,20.5851460930288,24.315334110585596,-1.1768960263968273,1.4437021081767436,0.009734611575918886,3.5735675475216295,0.0010000000006708724,0.0010000000042260915,0.0009999999997616562,0.0009999999964856135,0.0009999999927351986,0.0009999999960213812,0.00004297903137404119,0.000043001236259036115,0.8268102791753519,44.76061061518984,54.43721600340824,0.016001822514866437,0.0005956148589809354,0.0005190129088608511,0.004880923486292392,0.001522999999999898,0.00152299999999991,0.0015229999999999144,0.001005229999999943,0.0010052299999999412,0.0010052299999999466,-0.20929324491496865,9.687068171012047,0.9779782740544333,-0.0027249420385712826,0.010521310367494176,0.0009177149959012105,-12.930750551223754,-19.8496883392334,3.4132501244544984,983.3182836914062,-0.04463977465070241,23.934541407041383
2025-03-01T16:55:25Z,40.239528803425976,-76.10265592241468,80.19858162266975,19.23617421783316,23.270574671248273,-1.1990504578807708,1.4429159050137412,0.012650608136559962,3.578572098378441,0.0010000000006827555,0.0010000000043652792,0.0010000000000257613,0.0009999999967315678,0.000999999992418032,0.0009999999957821886,0.00004397658003630638,0.0000440013305794374,0.8328346176164958,47.02908981557164,57.43440222141357,0.015932992732929866,0.0006054313289530842,0.0005237398738369585,0.0048912446666962445,0.0015239999999998965,0.0015239999999999098,0.001523999999999914,0.0010052399999999433,0.0010052399999999407,0.0010052399999999468,-0.06421039927880001,9.65547509892359,0.8391997912056645,-0.0011323538050224313,0.004579231492678803,0.0035305806213108302,-13.013813028335571,-19.711125764846802,3.318375136666,983.4265405273437,-0.09097824865822503,23.851561575980618
2025-03-01T16:55:26Z,40.23192119309,-76.10227149305561,80.04339819858464,17.539577642083803,22.40337023790987,-1.1928389299861133,1.4460773595654628,0.025859672050001815,3.5832727955490435,0.0010000000007363457,0.0010000000043613223,0.00100000000017255,0.0009999999966096623,0.00099999999221287,0.000999999995713059,0.00004497400657529169,0.00004500143192854451,0.8373475954359134,49.280464257995945,60.57822810439228,0.01585964515350646,0.0006152495962029877,0.0005281676360555227,0.0049004901627235815,0.001524999999999896,0.0015249999999999092,0.0015249999999999136,0.0010052499999999437,0.0010052499999999402,0.0010052499999999474,-0.1003609745825644,9.670553760274055,0.9037223188929369,0.001941664124311534,0.005584321492162362,-0.00626244997018246,-13.38131308555603,-21.352875871658327,2.4185626025497915,983.4150927734376,-0.06974712713727527,25.315049111429662
2025-03-01T16:55:27Z,40.22327359384544,-76.1018300257571,79.99819736040521,15.391378132682991,21.710193264348764,-1.2173845364410916,1.449932209668276,0.03109564423875767,3.589308315571255,0.0010000000008541304,0.0010000000043711166,0.0010000000005264502,0.0009999999965202779,0.0009999999922918129,0.0009999999955533389,0.00004597132201784521,0.000046001540422300025,0.8404478961127801,51.50173476234714,63.8487952550915,0.015787262066989154,0.0006244360228403422,0.0005327165352964193,0.004910660974994017,0.0015259999999998972,0.00152599999999991,0.0015259999999999144,0.0010052599999999445,0.001005259999999941,0.0010052599999999482,-0.11936495859001202,9.630071233745028,0.8883722972520454,0.0014332773672792543,0.005912953088881631,0.0024513860867387324,-15.604688091278076,-21.241125774383544,4.0445626527071,983.3508618164062,-0.11116455758859033,26.665473608115338
2025-03-01T16:55:28Z,40.2154337915089,-76.10135554675297,79.84444385761728,13.251563859095036,21.36135821773064,-1.1629544997042633,1.4489198769233549,0.028827958084004873,3.592434669503176,0.0010000000005936835,0.001000000004636827,0.0010000000007416808,0.00099999999618411,0.0009999999921375805,0.0009999999957004207,0.00004696853471306236,0.00004700165604893528,0.8420657092354386,53.74676354142394,67.28675651769336,0.01558507624809699,0.0006328271287770089,0.0005376505225067129,0.004921559644468756,0.0015269999999998974,0.0015269999999999104,0.0015269999999999147,0.0010052699999999449,0.0010052699999999412,0.0010052699999999483,-0.06160509545600232,9.714095301139087,0.9731141774121476,-0.004016770491332006,0.0023096854335257896,0.008548517818749695,-13.161563043594361,-18.79893828392029,3.018187606744468,983.445810546875,-0.019902054781517194,23.14592661661536
2025-03-01T16:55:29Z,40.20824243666768,-76.10084135807024,79.57662427197708,11.163574307654777,21.169346189629305,-1.245063042579053,1.4485540672700579,0.03683095266204904,3.5960631479297267,0.0010000000003073024,0.001000000004744649,0.0010000000007323278,0.000999999996457466,0.0009999999923916544,0.0009999999957740408,0.0000479656494330151,0.0000480017785630702,0.8421393414964674,55.98897738529061,70.79432603085745,0.01563762672127971,0.0006407249148800947,0.0005434211221681717,0.004931183816681354,0.0015279999999998981,0.0015279999999999112,0.0015279999999999157,0.001005279999999944,0.0010052799999999405,0.0010052799999999474,0.05076473050318894,9.601596712107789,0.8943543559330239,-0.00392196981227278,0.004233074660747188,-0.0025882481157003864,-12.876750555038452,-19.62506323814392,2.961562615483999,983.5383862304687,-0.13948740781134827,23.658449931671296
2025-03-01T16:55:30Z,40.20198139407029,-76.10029972942911,79.11840888047797,9.325052167947117,21.29575859904519,-1.2774693519466918,1.4555648857640302,0.03858250159302055,3.5986677576209365,0.0010000000005334338,0.0010000000046849918,0.0010000000005042416,0.0009999999965390506,0.000999999992167334,0.0009999999955650808,0.00004896266748752207,0.00004900190741318752,0.8413398672346346,58.31469525867739,74.40061607917542,0.0157773766973819,0.0006473779500740851,0.0005502210850153556,0.0049413654337319216,0.0015289999999998987,0.0015289999999999122,0.0015289999999999165,0.0010052899999999448,0.001005289999999941,0.0010052899999999482,-0.01659322822559311,9.65699047151727,0.9511440079117942,0.0032760531996722294,0.002634645403598192,0.0022477645939372026,-13.101000537872315,-20.257875938415527,2.6383126080036163,983.6724047851562,-0.07905794123831655,24.268827167112864
2025-03-01T16:55:31Z,40.19491922810766,-76.09964469677941,78.760667197703,7.1999052409694135,21.91479488637878,-1.2122667637119129,1.4610312051007195,0.051999518302464985,3.602310890443155,0.0010000000003741207,0.0010000000048326163,0.0010000000005769586,0.000999999996785876,0.0009999999923000014,0.0009999999958439849,0.000049959586219084594,0.00005000204199023877,0.8397457259518039,60.77806116560809,78.09243794827304,0.015650356607628858,0.000653524067874599,0.0005582300864491828,0.00495023276650752,0.0015299999999998997,0.0015299999999999132,0.0015299999999999175,0.0010052999999999453,0.00100529999999994,0.001005299999999949,0.009630408702190126,9.73390474262707,1.1018558724234182,0.0006298069363167786,0.005113655010406623,-0.009627213538506336,-12.629625482559204,-19.95750082015991,2.8389376284182073,983.66236328125,0.01321689610527517,23.787946966787032
2025-03-01T16:55:32Z,40.186845292959966,-76.09884088746287,78.5333019530802,5.058989520746697,22.97786448028185,-1.2260818584432165,1.4601598222853236,0.049942927891741554,3.604445410281581,0.0010000000003148126,0.0010000000049341566,0.001000000000646005,0.000999999997100155,0.0009999999920434284,0.0009999999957158836,0.000050956399232906985,0.00005100218160512012,0.8376918948917282,63.376255163915175,81.7407594266862,0.01585018557694228,0.0006578811720696874,0.0005672253069829653,0.004960666593497237,0.0015309999999998994,0.0015309999999999126,0.0015309999999999172,0.0010053099999999444,0.0010053099999999407,0.0010053099999999479,-0.07972386326041853,9.648376360570525,1.052958610817213,-0.006782853301388382,0.002054323904931365,0.004945750663313072,-12.63993803024292,-19.603688259124755,2.2882500798255205,983.6235400390625,-0.0769898429523732,23.437284961423767
2025-03-01T16:55:33Z,40.179305122098185,-76.09798451054252,78.25793676359923,3.1990337929524206,24.380620914677575,-1.1417941808445,1.4629348816033607,0.05148717985581224,3.6111022345375963,0.0010000000003937165,0.0010000000051416968,0.0010000000003355558,0.0009999999969355496,0.0009999999919422628,0.0009999999954441222,0.000051953098102224005,0.000052002325652156765,0.8357819132318265,66.1999340599124,85.40205527988208,0.015889106640956566,0.0006615651207655233,0.0005772633118849665,0.004970586158243462,0.0015319999999999,0.001531999999999913,0.0015319999999999175,0.0010053199999999446,0.001005319999999941,0.001005319999999948,-0.08878913482505492,9.736925138624917,1.21659369346386,-0.003245679038699922,0.0070964618616675,0.0005672186683367546,-13.35862554550171,-20.94881332397461,2.2117500815168025,983.7051904296875,0.02989243128859303,24.943835959689416
2025-03-01T16:55:34Z,40.17129093460967,-76.09700464371974,78.07853492290866,1.557271876773777,26.132965685005054,-1.1060840142950814,1.4729057802314847,0.0526402168606848,3.6141124546833443,0.0010000000005059592,0.0010000000050731249,0.0010000000004430978,0.0009999999968370531,0.0009999999919290984,0.0009999999953197605,0.000052949672265572316,0.00005300247380466957,0.8342331835615646,69.22614831745757,88.98838658494941,0.016157700558665077,0.0006652081182756787,0.0005874241621631322,0.00498041783585496,0.0015329999999999005,0.0015329999999999136,0.001532999999999918,0.0010053299999999454,0.0010053299999999417,0.0010053299999999489,-0.10764012767413887,9.690609557464544,1.1639457069110495,0.003744383217532902,0.0036018488785735593,-0.0006029375347074363,-13.129688024520874,-18.825938329696655,2.304750103056431,983.7028564453125,-0.02249887163531797,23.067600306127268
2025-03-01T16:55:35Z,40.162985699368654,-76.09591697662644,77.95488743991473,0.17907672084300097,28.228994270570123,-1.0570366496429273,1.479190219191045,0.05530404712962885,3.619865343911085,0.0010000000005466229,0.0010000000052473427,0.0010000000003533294,0.0009999999970214364,0.000999999991766902,0.0009999999954715233,0.000053946110304098356,0.000054002626008642245,0.8334990075139231,72.47439907364651,92.53266185105815,0.016550525997157145,0.0006690332318323224,0.0005975730575600034,0.004989979535250464,0.0015339999999999007,0.0015339999999999137,0.0015339999999999182,0.0010053399999999466,0.0010053399999999419,0.0010053399999999492,-0.10859726221102904,9.70193569564312,1.1921012511248925,-0.00011424647700396565,0.006595084922232411,-0.0031482076856536962,-14.163563089370728,-20.667188358306884,2.160750074237585,983.7083959960937,-0.00810146516262433,25.147673299679028
2025-03-01T16:55:36Z,40.15413777214561,-76.09470902743631,77.94920309096545,-0.8074358762317,30.830550484174672,-0.9497048639634506,1.4836309472398996,0.05052618871384401,3.6269923332320295,0.0010000000003878371,0.0010000000054168452,0.0010000000006844746,0.0009999999972603883,0.000999999992072668,0.0009999999954260093,0.00005494239560180653,0.00005500278321550607,0.8330795482234941,75.93013759176542,96.08508409353512,0.016668191397117577,0.0006730943151335462,0.0006070584232510338,0.005000141816196996,0.0015349999999999006,0.0015349999999999138,0.0015349999999999182,0.0010053499999999474,0.0010053499999999414,0.0010053499999999485,-0.2243562630713567,9.734728482725806,1.3787956773488623,-0.0018737372033394888,0.0074169157634024025,0.002970621177325234,-12.95025050163269,-19.47056324005127,1.606125067770481,983.6842602539062,0.05052835432963601,23.439050119075574
2025-03-01T16:55:37Z,40.14313732118334,-76.09324032006697,78.24750795655186,-1.2861798067142163,33.95421190501749,-0.8702493630448082,1.491060957587091,0.04230562377804663,3.6314320408185257,0.0010000000002925457,0.00100000000490588,0.0010000000006658673,0.0009999999972202468,0.0009999999919798434,0.0009999999951523307,0.00005593850825523578,0.00005600294725023772,0.8332047733743502,79.52029288831625,99.6642753181986,0.017238511901952667,0.000678500983593049,0.0006151553329177451,0.0050104493284998846,0.0015359999999999,0.001535999999999913,0.0015359999999999176,0.0010053599999999467,0.0010053599999999424,0.0010053599999999478,-0.16766009489796105,9.697668400441156,1.2835868289463828,0.0009445858428409532,0.0047523097728179465,0.004080358656622723,-13.322813014984131,-20.856750822067262,1.219500039294362,983.519775390625,-0.0006152934549075459,24.77874204710458
2025-03-01T16:55:38Z,40.133246966935104,-76.0918542531066,78.42951942279024,-1.1919859977340477,36.778711700498626,-0.8932461874944736,1.490368693478877,0.0376202974858029,3.6388265913871534,0.0010000000002604538,0.001000000004875105,0.0010000000004898228,0.000999999997085136,0.0009999999919907139,0.0009999999950521061,0.0000569344303016048,0.00005700312037520161,0.8349090870313178,83.14239778714914,103.32669942145999,0.018040079340872706,0.0006855232313812941,0.0006217940497177066,0.005020341676198452,0.0015369999999999006,0.0015369999999999139,0.001536999999999918,0.0010053699999999469,0.0010053699999999417,0.001005369999999948,-0.15563125772925615,9.603868552718962,1.3290563512271727,-0.005398727221840887,0.007917624501470317,0.000046481629200172776,-15.08137559890747,-20.403563327789307,2.045062591582537,983.5883422851563,-0.08800241189541685,25.454527582731068
2025-03-01T16:55:39Z,40.12511674122981,-76.0906387912736,78.43171712542578,-0.8409197122481539,38.960353573932245,-0.8222516035400481,1.4994307030894531,0.03464671985477548,3.636976814348458,0.000999999999765895,0.0010000000046400301,0.0010000000002280093,0.0009999999970220085,0.0009999999920106194,0.0009999999951330592,0.00005793014736613999,0.00005800330529575035,0.8395693976601142,86.77087621856408,107.25727984371113,0.019779660933688447,0.0006944693547527179,0.0006261055209395835,0.005030076318820418,0.001537999999999899,0.0015379999999999144,0.0015379999999999168,0.0010053799999999477,0.0010053799999999405,0.0010053799999999477,0.008411766007282164,9.722952706649991,1.3323605319877536,0.006696896363636308,-0.001346156853623774,-0.0023337212958137836,-14.908875541687012,-20.09737573623657,1.1595000342279673,983.7157470703125,0.028904194322943735,25.050368663014712
2025-03-01T16:55:40Z,40.116132162452594,-76.08937383443089,78.53271800937048,0.35606538136075216,41.11212768788181,-0.8465602325559057,1.5025790875409324,0.031180165978439953,3.6433007141185474,0.0009999999995612548,0.0010000000046079158,0.0010000000003607713,0.0009999999969415674,0.0009999999920659592,0.0009999999949708111,0.000058925659434757846,0.000059003504834765365,0.8483833251198584,90.18665149941826,111.37077386410077,0.021048408710103467,0.0007040356838250644,0.0006287704631177594,0.005039759235240367,0.0015389999999999,0.0015389999999999141,0.0015389999999999174,0.0010053899999999485,0.0010053899999999416,0.0010053899999999485,-0.16773985865564578,9.62046011987858,1.2218520115214293,0.0017387103260549934,0.006788526166633408,-0.002588248452737454,-14.992688083648682,-19.573313331604005,1.8050625805556775,983.663896484375,-0.08599207520896052,24.721468885047084
2025-03-01T16:55:41Z,40.3373184863901,-76.10644768106837,80.7901319158772,17.045487849956313,-6.5497724491636315,-0.3748802602661013,1.395734912096485,0.04239973163058732,3.6810527865069433,0.0009999999991631792,0.0010000000042966685,0.0009999999999580585,0.000999999997289079,0.000999999992305945,0.0009999999951344255,3.069393277246337e-10,3.069394626837481e-10,0.5337608240074765,0.564422593245214,0.5651288933960411,0.012648765484613899,0.00018524932846707736,0.0001792984668009242,0.005015129064885095,0.0015399999999999,0.001539999999999913,0.0015399999999999175,0.0010053999999999476,0.001005399999999942,0.0010053999999999493,-0.1668500644877807,9.70923117127505,1.3107375256581686,0.003583989757597091,0.008899013698950919,0.0019291466361041972,-14.648813095092773,-19.621688184738158,1.5558750689402223,983.6974169921875,0.019069246992985477,24.536026875551993
2025-03-01T16:55:42Z,40.33736425197476,-76.1065270620519,80.70627203922817,16.9502999088131,-6.925663767039614,-0.3969454979364098,1.3947052351604796,0.03800286048829816,3.6822445343409274,0.000999999999024713,0.0010000000042542864,0.000999999999780214,0.0009999999972851888,0.0009999999923016717,0.0009999999950688818,1.0003069466252596e-6,1.000306964059067e-6,0.5701726983083567,0.6072217428145718,0.607139821859497,0.012964005310521987,0.0001950431504031274,0.00018904862975857332,0.0050245058180964225,0.0015409999999998999,0.0015409999999999133,0.0015409999999999174,0.001005409999999948,0.0010054099999999419,0.0010054099999999488,-0.10572587060565267,9.651686468755877,1.4374453353782914,-0.000684386301868756,0.0004049891401188741,0.003907280346878676,-14.726250610351563,-20.56331323623657,1.1621250440180302,983.6850341796875,-0.02090282461302762,25.31916780337359
2025-03-01T16:55:43Z,40.337408077565314,-76.1066095979751,80.71933184153016,16.736671885773,-7.083466031913576,-0.4037172722811456,1.3904094352874736,0.041189115833942885,3.682255513279512,0.0009999999987491644,0.0010000000043448613,0.0009999999999639637,0.000999999997414836,0.0009999999922526766,0.0009999999951184853,2.0003069698513307e-6,2.0003070424043008e-6,0.607977131536083,0.6844675908964664,0.6851717397478211,0.013386918410909204,0.00020486066953410582,0.0001986823372898047,0.005035149192391985,0.0015419999999998987,0.0015419999999999121,0.0015419999999999165,0.0010054199999999483,0.001005419999999941,0.0010054199999999483,-0.09655599700989477,9.6051630561661,1.7189687654857018,-0.0036061891870177634,0.0006673606874486411,-0.004069345221301616,-15.007500667572021,-20.108063287734986,1.1341875544190407,983.6042407226563,-0.02135305393100507,25.11659019262684
2025-03-01T16:55:44Z,40.33744993044408,-76.10669155882013,80.65094992625276,16.588040654152547,-6.815602983705324,-0.37196815626180285,1.3867167428799427,0.04328568290853502,3.685088180061259,0.0009999999990361636,0.0010000000039147045,0.0009999999999769414,0.0009999999977517425,0.000999999991919521,0.0009999999947351939,3.00030701005306e-6,3.000307184852521e-6,0.6452638713694985,0.7963698452489761,0.8016475166905224,0.013740695319008931,0.00021453048109424213,0.0002082170221663408,0.00504558721361104,0.0015429999999998986,0.0015429999999999118,0.0015429999999999164,0.0010054299999999478,0.0010054299999999398,0.0010054299999999478,-0.3966133469305842,9.572483991618581,2.0957108259598773,-0.003209294557624991,0.0032760532800320367,-0.002323540465545543,-14.46637559890747,-20.85356328010559,0.9639375400170684,983.7144287109375,0.02760388688781815,25.39830126785241
2025-03-01T16:55:45Z,40.33749099370871,-76.10677142170546,80.44187455007773,16.39951051185415,-6.72187782983995,-0.33634845287071974,1.3834540663349344,0.039389833906324515,3.6923114790074094,0.0009999999991730868,0.001000000003674723,0.0010000000000004625,0.000999999997974578,0.0009999999916660792,0.0009999999947442977,4.000307058542698e-6,4.000307406791258e-6,0.6803985599603366,0.94669581042062,0.9586269301673822,0.013964065903456833,0.00022391617919081608,0.00021768667408501047,0.005054986401311335,0.0015439999999998998,0.001543999999999913,0.0015439999999999172,0.001005439999999947,0.0010054399999999395,0.001005439999999947,-0.2760549571889438,9.61655185126867,2.001672912677152,-0.0032805618992254814,0.0064220069124608795,0.0047828533903879105,-14.5713756275177,-19.13268835067749,1.2840000534057616,983.8913305664063,0.04690903877605226,24.083831688253305
2025-03-01T16:55:46Z,40.33752761769273,-76.10684967667898,80.2622294901042,16.17636402151152,-6.512857761479413,-0.35770757762469035,1.383074682105341,0.04194862137143787,3.693932123564507,0.0009999999987348224,0.0010000000037173496,0.0009999999998565885,0.0009999999980731915,0.0009999999915611866,0.000999999994646428,5.000307078559959e-6,5.000307728568867e-6,0.7123078302559893,1.1340674662443253,1.1565155090574033,0.014191850039383894,0.00023329897930632622,0.00022704272584553813,0.005065435085982106,0.0015449999999999,0.0015449999999999134,0.0015449999999999177,0.001005449999999947,0.00100544999999994,0.001005449999999947,-0.2921006091306969,9.530750147456262,2.130416569479176,-0.00008119974241604781,0.002149458566678374,-0.0026473319164791887,-15.271500597000122,-20.955000820159913,1.0158750239759684,983.901708984375,-0.009334592586057218,25.949183858971466
2025-03-01T16:55:47Z,40.337563210807566,-76.10692235309878,80.04572672589099,15.865927264651459,-5.746885355428294,-0.35857936148570285,1.3760863444110598,0.04218414186610905,3.697547348056468,0.0009999999989757685,0.0010000000034787822,0.0010000000000312797,0.0009999999976319021,0.0009999999913107487,0.0009999999947338104,6.0003069765114e-6,6.0003081752942614e-6,0.7409492427993475,1.3642179931917575,1.3988052299120155,0.014817876370499614,0.00024240044160524102,0.00023637621449096717,0.005075487014186367,0.0015459999999999008,0.001545999999999914,0.0015459999999999183,0.0010054599999999468,0.0010054599999999398,0.0010054599999999472,-0.5270620599444721,9.43661156399673,2.6819922576746786,-0.0068032153116207965,0.0036731156638500017,0.00008937547146189821,-15.425813150405883,-19.616625776290892,2.038687565475702,983.9509545898437,0.04474655472564961,25.038398694529057
2025-03-01T16:55:48Z,40.337593775947,-76.10698753952725,79.84357036459645,15.52974818023937,-5.19427529313485,-0.32983331425925916,1.3782453088877546,0.04409855712312768,3.701146655120263,0.000999999999260108,0.0010000000033523247,0.0010000000001743469,0.0009999999976600805,0.0009999999914598885,0.000999999995124239,7.000306566771995e-6,7.000308777946705e-6,0.7667931404722947,1.6370301862866552,1.6874936515301144,0.015437012908380413,0.0002512013030910574,0.0002457194876567009,0.005085778305553766,0.0015469999999999015,0.001546999999999915,0.0015469999999999193,0.0010054699999999459,0.001005469999999939,0.0010054699999999467,-0.4043671378941705,9.495289331401409,2.553200877908769,0.0023923021510839776,0.004002081329409563,-0.0015357586955052254,-15.079500637054444,-19.673063316345214,1.129687541127205,983.9783154296875,0.06107960663451466,24.81319045668276
2025-03-01T16:55:49Z,40.337657566227314,-76.10704373452835,79.4584460124976,15.070057633734523,-4.452478173817043,-0.2853482782841805,1.3750147777959645,0.04756457203103556,3.7008789846423276,0.0009999999993466151,0.0010000000036312756,0.001000000000282517,0.000999999997802201,0.0009999999914090364,0.0009999999950127529,8.000305535644505e-6,8.00030957212476e-6,0.7904305611349627,1.9572356836254994,2.024770119560196,0.016404094536017853,0.0002596191445753575,0.000255050269188951,0.005096212819562116,0.0015479999999999004,0.0015479999999999134,0.0015479999999999177,0.0010054799999999464,0.0010054799999999393,0.0010054799999999464,-0.46919562952270627,9.495395238237206,2.7373861144382006,-0.003535088735349349,0.0002726350428449995,-0.0033314671231725887,-14.877750597000123,-21.064125881195068,0.19687500905245542,984.171435546875,0.11335100756812705,25.789164179731422
2025-03-01T16:55:50Z,40.33772920334239,-76.1070911744739,79.10931388465787,14.608466583148717,-3.78016877431393,-0.23962032941423536,1.3737085798870632,0.05084863518695399,3.701041419966454,0.0009999999991047452,0.0010000000036594673,0.0010000000006523686,0.0009999999978308309,0.0009999999918849664,0.0009999999946821462,9.000303409263934e-6,9.000310597847006e-6,0.8126831698904824,2.320112245162407,2.409463323233164,0.017375550509244258,0.0002674264832179001,0.000264438778149591,0.005106557164478797,0.0015489999999998996,0.0015489999999999129,0.001548999999999917,0.0010054899999999453,0.001005489999999938,0.001005489999999947,-0.46660340579533804,9.50464753214155,2.6940361510115025,-0.0017024948502022646,0.0006391539896290243,-0.0030667591431597094,-14.501813097000122,-18.751313247680663,1.1737500490620734,984.2165307617188,0.11014109574528018,23.733722800466392
2025-03-01T16:55:51Z,40.337800474453886,-76.10713174726483,78.81200796876594,14.17261560880473,-3.3066584975962043,-0.22323202343301363,1.377989787637206,0.05225646474140782,3.7000779425958226,0.000999999998907053,0.001000000003914351,0.0010000000003799567,0.000999999997930379,0.0009999999920715854,0.0009999999943634786,0.000010000299532715262,0.000010000311898157794,0.833597779152639,2.718004533014948,2.839045225811338,0.018020159500354963,0.0002744847429768833,0.0002738659346426766,0.005116537354931732,0.0015499999999998991,0.0015499999999999121,0.0015499999999999167,0.0010054999999999452,0.0010054999999999383,0.001005499999999946,-0.40040524577516395,9.51619713992394,2.497146080579262,0.003994570394307323,-0.0008147377632631613,-0.0014957016794360659,-14.757563085556031,-22.460438327789305,-0.21431250840425498,984.23697265625,0.0665270813936284,26.875642213545074
2025-03-01T16:55:52Z,40.3378571154834,-76.10716888629183,78.55864594458062,13.856921011171595,-3.0654825406439143,-0.24983513528366535,1.3769637809327506,0.05386084601546769,3.702762181738653,0.0009999999985259643,0.0010000000037852024,0.0010000000000913248,0.0009999999978590642,0.0009999999920743696,0.0009999999942130514,0.000011000293059894,0.0000110003135189931,0.8522464267882217,3.1456961078800574,3.3094913494162777,0.018070354958582637,0.0002807394619757842,0.0002834190156002959,0.0051264673723099416,0.0015509999999998986,0.0015509999999999116,0.0015509999999999162,0.0010055099999999447,0.0010055099999999378,0.0010055099999999465,-0.38173796319355546,9.520479972199658,2.2350927402969374,-0.0012952512953844238,0.00286881022294259,-0.0010712675776739285,-16.870875749588013,-19.209188222885132,2.7676876091957094,984.2360620117188,0.006747872371418514,25.715303426774753
2025-03-01T16:55:53Z,40.33789599221799,-76.10720475481013,78.3174838207468,13.534345585727504,-2.905643513262091,-0.27837007178813955,1.3786047393760734,0.053975622584014615,3.704259130264494,0.00099999999868435,0.0010000000038697518,0.001000000000102753,0.0009999999980718818,0.0009999999916922896,0.0009999999939200857,0.000012000282952051975,0.00001200031550910063,0.8677732508894653,3.6085373722002965,3.823452753609144,0.017988354570346195,0.00028630653218137433,0.00029299585756129866,0.0051361038142884435,0.0015519999999998992,0.0015519999999999126,0.001551999999999917,0.0010055199999999438,0.0010055199999999369,0.0010055199999999466,-0.33313162861739165,9.52612141880845,2.1888642153035485,0.001631224972403593,0.0014885230440106645,0.00010656660262426169,-15.603563146591187,-16.787625789642334,3.0935626220703125,984.2407153320313,-4.760081528936788e-6,23.127112472515897
2025-03-01T16:55:54Z,40.337897511624554,-76.10724430064967,78.09351343080975,13.357677495820061,-3.288977881773436,-0.33163408878495854,1.379054881794133,0.05443608670413247,3.7042125921532114,0.0009999999988434237,0.0010000000040395235,0.0009999999999577265,0.000999999997900675,0.0009999999915591433,0.000999999993869694,0.000013000267971835123,0.000013000317922754345,0.878530650744296,4.088647529594508,4.3771337065823746,0.016896780571143435,0.00029149825633448934,0.00030254436895147204,0.005145767309060278,0.0015529999999998997,0.0015529999999999132,0.0015529999999999175,0.001005529999999943,0.001005529999999936,0.0010055299999999455,-0.15517753791615427,9.60303242110819,1.684145340363082,0.0008325943157712001,0.000150461974673592,-0.0006029378921306441,-15.257625513076782,-15.488063106536865,3.2698126244544983,984.2335375976562,-0.02916863520346964,21.98555583376353
2025-03-01T16:55:55Z,40.337861305799834,-76.10729214218061,77.84103838614962,13.276846174010736,-3.9499635707552017,-0.4146084829621982,1.3781486107276566,0.05472808301309136,3.7034545429928745,0.0009999999990153439,0.0010000000040959716,0.0010000000000704248,0.000999999997743946,0.00099999999147486,0.000999999994084781,0.000014000246638840781,0.000014000320824721884,0.8824500615260582,4.598516742158448,4.97427083283013,0.015659174125277366,0.0002967069845715454,0.00031202050701574675,0.005155413841005091,0.0015539999999999012,0.0015539999999999142,0.0015539999999999185,0.0010055399999999437,0.0010055399999999348,0.0010055399999999446,-0.07902170858847077,9.623011117899873,1.42931954569899,-0.0002814828350197044,-0.0005042982151997367,-0.0006344826149628349,-14.670375547409058,-14.245125617980957,3.091312620639801,984.2406811523438,-0.05102171814477945,20.680851653489263
2025-03-01T16:55:56Z,40.337742544347606,-76.10735531819591,77.56388368083454,13.387949362714298,-5.191507937370152,-0.544528012933843,1.3764398947197813,0.05457995070348062,3.7023064743597036,0.0009999999989470131,0.0010000000040099467,0.001000000000039953,0.0009999999981691935,0.0009999999914059232,0.0009999999937974535,0.000015000217132885855,0.000015000324297022804,0.8784987397482306,5.137846188911615,5.618966753222442,0.014547964663104724,0.00030245339598391514,0.0003213433576928707,0.005165070815900605,0.0015549999999999022,0.0015549999999999143,0.0015549999999999186,0.0010055499999999432,0.0010055499999999354,0.0010055499999999436,0.0967866859534357,9.68059971236773,0.9064779848256996,-0.000694567701880671,-0.0008269215689044084,-0.00044004065609637585,-14.394188060760499,-13.823438081741333,3.057937617301941,984.2258544921875,-0.05635885846230632,20.189824460563337
2025-03-01T16:55:57Z,40.33751727494569,-76.10743686352848,77.23963426059315,13.572756340754488,-6.458687552088532,-0.673254606607695,1.374309789487017,0.05502942924870322,3.7010911461734977,0.0009999999990771015,0.0010000000037114342,0.0009999999998543255,0.000999999998082261,0.0009999999916988876,0.0009999999939473158,0.000016000177177315445,0.000016000328441460687,0.8682709125600543,5.730467047568368,6.32639571075241,0.014571629382843666,0.0003092272677165368,0.0003303916542039745,0.005174942954517322,0.0015559999999999025,0.0015559999999999134,0.001555999999999918,0.0010055599999999427,0.0010055599999999347,0.0010055599999999444,0.08645766835935782,9.675375373200538,0.9126195689439374,-0.0008676459170265001,-0.0006538433286490315,-0.0012952513043482103,-14.588813076019287,-13.973813076019287,3.3033751392364503,984.2144873046875,-0.060944986844937536,20.46976102782035
2025-03-01T16:55:58Z,40.33715836958064,-76.10753505439608,76.86954494759993,13.83300733610051,-7.733076272531913,-0.7976266968583455,1.3720302071928085,0.054756291890910344,3.6996327144074748,0.0009999999989225485,0.0010000000039959637,0.000999999999698565,0.000999999998279099,0.0009999999919976768,0.0009999999940896412,0.000017000124018285262,0.000017000333374095192,0.856163625846987,6.378239630746321,7.10408324224718,0.015674109897226864,0.0003171874007917014,0.000338990402532468,0.005184871454129616,0.001556999999999902,0.001556999999999914,0.0015569999999999185,0.0010055699999999422,0.001005569999999935,0.0010055699999999448,0.08471012230437994,9.67463338357523,0.9158433390681363,-0.0009524326923355496,-0.0009449219620510547,-0.0010150212108273502,-13.795688047409058,-13.592438106536866,3.5844376420974733,984.2073095703125,-0.06125806062948787,19.69572453578521
2025-03-01T16:55:59Z,40.33664862707785,-76.10764690193685,76.43794999398315,14.22067497130557,-9.202850878996141,-0.9334978126013598,1.3703739521798248,0.053589749974139296,3.6987860533377317,0.0009999999992643647,0.0010000000042654127,0.0009999999997003545,0.0009999999980496296,0.0009999999921598238,0.000999999993745028,0.000018000054473500086,0.000018000339217226696,0.8463912091805073,7.087786704905161,7.951560129104466,0.01830035525165912,0.00032625157570389277,0.00034694535075374135,0.005194837202613319,0.0015579999999999021,0.0015579999999999143,0.0015579999999999188,0.0010055799999999413,0.0010055799999999344,0.001005579999999944,0.16813268098249742,9.707997472123282,0.6901668183905914,-0.0006029379728872175,-0.0005011270795670116,-0.000521489122618268,-13.57031307220459,-13.661625576019286,3.509062638282776,984.2133764648438,-0.04540344680024294,19.57306651461751
2025-03-01T16:56:00Z,40.33591522084654,-76.10776991642322,75.939190737,14.86807353385783,-11.117794182601235,-1.134325729180751,1.3725121970671352,0.05052148580767534,3.698835445625803,0.0009999999992507164,0.0010000000044057076,0.000999999999900648,0.0009999999980331586,0.000999999992554927,0.0009999999939176146,0.00001899996511154064,0.000019000346076906313,0.8438900412066055,7.882180875228594,8.852339726033517,0.024139854788093603,0.00033606906862704956,0.0003539322703877416,0.005204706428449494,0.0015589999999999007,0.0015589999999999127,0.0015589999999999174,0.001005589999999942,0.001005589999999933,0.001005589999999943,0.3439587253173994,9.753792573017794,0.10993282609536185,0.002582571660635974,-0.000013603590298789069,0.0006974031040206787,-13.170375547409058,-13.506375541687012,3.042562630176544,984.2086743164062,-0.018676709070222647,19.10853759589193
2025-03-01T16:56:01Z,40.33487464956601,-76.10789709581688,75.3097121577283,15.929366293350665,-13.877004923912354,-1.4705735290674258,1.3744941306088048,0.04635454939898797,3.69959386084683,0.0009999999991950942,0.0010000000044171349,0.0009999999996888026,0.0009999999982427618,0.0009999999923379795,0.0009999999937366903,0.00001999985291520307,0.000020000353977510042,0.85850942165212,8.835450483346296,9.760563901475459,0.038280076942050476,0.00034578766474487396,0.00035938237828336855,0.0052145811824331565,0.0015599999999998998,0.0015599999999999128,0.0015599999999999174,0.001005599999999942,0.001005599999999932,0.001005599999999942,0.7047630387452783,9.82915411694404,-1.0273215159375468,0.0011074834638929011,0.0003439025222268747,0.0006086105861368104,-11.865375471115112,-15.757875699996948,-1.9014375659450888,984.2035229492187,0.1289320654889321,19.816942840189423
2025-03-01T16:56:02Z,40.33349977277386,-76.10800536374803,74.56195297442186,16.99155586947183,-15.84254519818749,-1.7059585221413154,1.3751614904324578,0.04245135225635221,3.7027195005292,0.000999999999366431,0.0010000000041309875,0.0009999999998323188,0.0009999999981957716,0.000999999991959698,0.0009999999938297872,0.000020999717666765364,0.000021000362734043054,0.9058969497561825,9.9176646651834,10.614492154651225,0.054935883643198166,0.00035332942814633543,0.00036269170370804724,0.0052245392406354415,0.0015609999999999,0.0015609999999999134,0.0015609999999999177,0.0010056099999999411,0.0010056099999999329,0.0010056099999999429,0.6300272093870344,9.81332161330735,-0.7134230628442012,-0.00260861089455881,0.002400480779623167,-0.0009287324312839821,-14.114250583648682,-23.032688331604003,-1.8015000728517772,984.2152978515625,0.08071408958362207,27.073223675947848
2025-03-01T16:56:03Z,40.33179064935087,-76.10805777147347,73.86437639168939,18.068630000677604,-16.929442692072595,-1.82635454653082,1.378543263014316,0.03864619023549273,3.702005500172223,0.0009999999993805606,0.0010000000041447685,0.0009999999998183886,0.0009999999980080242,0.0009999999916421567,0.0009999999938471167,0.000021999565323126846,0.00002200037186610253,0.9937820963460031,11.127016351647068,11.279190882959975,0.07151250136950285,0.0003560396571809554,0.00036334729970808406,0.005234400477039949,0.001561999999999899,0.0015619999999999122,0.0015619999999999187,0.0010056199999999402,0.0010056199999999328,0.0010056199999999437,0.5689625040456637,9.814829167596407,-0.536521553233709,-0.0029853107277277406,-0.0018662262956981963,-0.00381899064528681,-14.23218807220459,-22.11581335067749,3.3633751099929214,984.2239770507813,0.06738837780726835,26.513656163528196
2025-03-01T16:56:04Z,40.329859919001485,-76.10802535356461,73.37979369347572,19.13526714436314,-16.968157928728573,-1.809578923912897,1.3938259206136276,0.030594940260305577,3.706394140501622,0.0009999999992524264,0.001000000004258098,0.001000000000030092,0.0009999999977815372,0.0009999999915830493,0.00099999999377955,0.000022999409098904202,0.000023000380668998537,1.1142850551226542,12.445857228188965,11.622342038496738,0.08398640251319531,0.00035123602352122403,0.0003620213044027842,0.005243324044401401,0.0015629999999998976,0.001562999999999911,0.00156299999999992,0.0010056299999999406,0.0010056299999999336,0.0010056299999999443,0.4374049858904119,9.812244883215255,-0.38919559313105884,0.005139191049978928,0.001667442677790138,-0.0004604027826743217,-12.641062965393067,-19.38618824005127,0.18074999667704103,984.2299267578124,0.0511479838307855,23.14413695682972
2025-03-01T16:56:05Z,40.32790828655316,-76.10790353734923,73.1912107820197,20.015166807269612,-16.33206063755957,-1.7230896407203096,1.3992442355987236,0.017482341700512237,3.7110446339807,0.0009999999993933108,0.0010000000041592444,0.0010000000002250507,0.0009999999973474378,0.0009999999918775316,0.0009999999936434838,0.000023999266126618997,0.000024000388481328365,1.2467817154331482,13.89735853780237,11.568313559480117,0.09225194757743382,0.0003387260089776968,0.00035971588244725766,0.005251204714252923,0.0015639999999998975,0.0015639999999999107,0.0015639999999999196,0.0010056399999999396,0.0010056399999999327,0.0010056399999999433,0.5655105672591193,9.789488790288951,-0.4213914797361325,-0.0075918317782935965,0.00046707689580500816,0.0036615991464873814,-14.082563104629516,-19.928813171386718,2.6788125847652555,984.2352001953125,0.03623742423984412,24.548924804886305
2025-03-01T16:56:06Z,40.32612980036657,-76.10771285765962,73.29312937922053,20.82635000914452,-15.307090682171628,-1.5721747915431805,1.4104455084791423,0.014254413458636669,3.718417929284916,0.0009999999995321115,0.0010000000040057892,0.0010000000002633204,0.0009999999972573846,0.000999999992281153,0.000999999993404838,0.000024999150755429047,0.00002500039497604638,1.3685799797373783,15.480158597725927,11.156478098122065,0.09572205934464974,0.00032075814132017847,0.00035769677366373357,0.005259818515988358,0.0015649999999998987,0.001564999999999912,0.0015649999999999208,0.0010056499999999404,0.0010056499999999333,0.001005649999999944,0.5294090201860773,9.80343131128531,-0.529016200227267,-0.0033416482768426677,0.004426515530535411,-0.0054796749672462,-14.425875625610352,-21.11925075531006,1.0687500485777854,984.2362377929687,0.0532220358947132,25.59820802008052
2025-03-01T16:56:07Z,40.32461390906876,-76.10747770311258,73.68636114575683,21.429804863142387,-13.904064458418334,-1.3489808813099653,1.4262666466874776,0.008144742630075787,3.7263957105570804,0.0009999999993731633,0.0010000000040657033,0.0010000000001329783,0.0009999999971377189,0.0009999999924972314,0.0009999999936746219,0.00002599906900956286,0.0000260004002941854,1.461103080375433,17.134219616870247,10.507923679598582,0.09273673080661042,0.0003003120515494856,0.00035712591061937534,0.0052678158067094045,0.0015659999999998982,0.0015659999999999116,0.0015659999999999205,0.0010056599999999413,0.001005659999999934,0.0010056599999999447,0.43739648917562657,9.809376730117545,-0.41295775769662,0.0009803033466777042,0.004312520890490123,-0.001756070217331851,-13.690313091278076,-20.30981336593628,1.0683750178664924,984.2114331054687,0.048914031557741613,24.516364214179212
2025-03-01T16:56:08Z,40.32336212093268,-76.107216274849,74.39059369134709,21.718951840624513,-12.08583623156549,-1.0495464598182913,1.4289141037294497,0.005749935140078519,3.7350194537575017,0.0009999999991740173,0.001000000004294052,0.0009999999999483773,0.0009999999971719673,0.0009999999926562423,0.0009999999936052511,0.000026999018143207548,0.000027000404940217404,1.513571299128683,18.787151347570653,9.77070784902175,0.08363806160899158,0.00028075479571887515,0.0003585167885805951,0.005276067575841625,0.0015669999999998986,0.001566999999999912,0.0015669999999999207,0.001005669999999941,0.0010056699999999338,0.0010056699999999444,0.32573993737809953,9.815634686783858,-0.010651048326376932,-0.011710496154739493,0.005454804298830554,-0.004237583187466803,-14.750813159942627,-20.402250680923462,2.4125625708699228,984.145830078125,0.04195779316124638,25.29142539315035
2025-03-01T16:56:09Z,40.32239792594667,-76.10696890584369,75.23023437364127,21.877454667737783,-10.46213431535481,-0.8398967035373026,1.4419275408173555,6.278536959443847,3.740133820860101,0.0009999999991740366,0.0010000000043505562,0.0010000000001769262,0.000999999997471548,0.0009999999925118033,0.0009999999933837116,0.000027998990776915946,0.000028000409483104186,1.5278148320028406,20.46955679620752,9.0577922686151,0.07362003989532025,0.0002635663950247934,0.00036243508407385284,0.005283881026553599,0.0015679999999998991,0.0015679999999999121,0.0015679999999999212,0.0010056799999999411,0.0010056799999999338,0.0010056799999999446,0.2926791006483947,9.750510000224587,0.05128317355897472,0.000425351365387039,0.0011787509739999275,0.004823577502540297,-13.500375461578368,-20.196375818252562,0.4093125010281802,984.0932958984375,-0.024225565682894128,24.296476918099568
2025-03-01T16:56:10Z,40.32172155705761,-76.10677978941477,75.93950697513769,21.907274430715276,-9.349191544462114,-0.6922208708656946,1.4488946870754338,6.274955908571584,3.743138905363463,0.0009999999991872229,0.001000000004194894,0.0010000000001218904,0.000999999997667703,0.0009999999922074255,0.0009999999932521692,0.00002899897933370395,0.00002900041434818348,1.5141438814058137,22.19287515100463,8.436459137113895,0.06407280506209458,0.00024966669460512597,0.0003684081912433674,0.005292364616758258,0.0015689999999998993,0.0015689999999999123,0.0015689999999999212,0.0010056899999999413,0.0010056899999999341,0.001005689999999945,0.3616106942050235,9.746221852907928,0.09592893117709621,-0.0028150695406387624,0.0005672188246937794,-0.00031402912762877567,-13.338188076019287,-21.7556258392334,0.6343125286698341,984.097646484375,-0.025982843934529837,25.526736253509306
2025-03-01T16:56:11Z,40.32118292377202,-76.10662216560871,76.60869899999173,21.888486892952848,-8.524284796564224,-0.5834282409637386,1.455191308071199,6.276283952513819,3.7443265918668276,0.0009999999993566646,0.0010000000042524504,0.0009999999999246796,0.0009999999976228855,0.000999999992315497,0.0009999999934642543,0.00002999897778519648,0.00003000041979241838,1.4828958437104087,23.963558007676962,7.931576593400736,0.055861173927876984,0.0002389159914298161,0.00037603004464707154,0.005301268688789678,0.0015699999999998987,0.0015699999999999107,0.0015699999999999198,0.0010056999999999414,0.001005699999999934,0.001005699999999945,0.33682667738156336,9.744647573466874,0.097983100646364,-0.0019061164664995996,-0.0003484107782011403,-0.00428848869738128,-13.700063009262085,-21.258750896453858,1.0010625474154948,984.0593090820313,-0.028512385978520925,25.310585907876202
2025-03-01T16:56:12Z,40.320705679678575,-76.10648410689451,77.2828569505417,21.792789782757712,-7.85415524807706,-0.474058329322968,1.461369373751733,6.277772145668063,3.7473265477385076,0.0009999999996672464,0.0010000000041393657,0.001000000000025518,0.0009999999975507507,0.000999999992535998,0.0009999999934994068,0.00003099898165673439,0.00003100042595036756,1.4420182125161534,25.78188969857704,7.543193711448284,0.048899087532976615,0.0002316170003668398,0.00038416996530130033,0.005310335215569566,0.0015709999999998978,0.0015709999999999101,0.001570999999999919,0.001005709999999941,0.0010057099999999332,0.0010057099999999438,0.30861555552534725,9.765168344212016,0.13221353537877767,-0.000992489427828933,0.0016387357946465602,-0.0034985371261067114,-13.227563056945801,-21.07950086593628,0.4897500231862068,983.998876953125,-0.008605541202677763,24.890783349889425
2025-03-01T16:56:13Z,40.320386425789415,-76.10642073242758,77.63913122391816,21.8366302907034,-7.5968084729999505,-0.4497137854414397,1.4585924413141482,6.274139619500841,3.7504244912511235,0.0009999999995370576,0.0010000000040975364,0.0010000000002124072,0.000999999997463939,0.0009999999922737153,0.0009999999937577134,0.00003199898732315251,0.000032000432892736115,1.3964174532018916,27.61526040413075,7.26343142984326,0.042969902885848885,0.00022702444986312935,0.0003927595947045223,0.005319416565306598,0.0015719999999998975,0.0015719999999999096,0.0015719999999999185,0.0010057199999999405,0.0010057199999999335,0.0010057199999999441,0.1950519325146675,9.738545885717702,0.21686650425441495,-0.007454804552753263,0.0016878049807601881,0.0026346456037919215,-14.19356303215027,-21.859500923156737,0.7942500239238143,984.0669750976563,-0.0366592793398422,26.075336697119408
2025-03-01T16:56:14Z,40.32008550867503,-76.1063801118427,77.88956311997491,21.909301679791238,-7.4867740409905625,-0.4694412651665955,1.4651067983061934,6.27607894043983,3.756467323840803,0.0009999999992385499,0.001000000004126362,0.0010000000001274315,0.000999999997633759,0.0009999999920759651,0.0009999999938508778,0.00003299899144158773,0.00003300044065712655,1.3496273113166042,29.49714197379023,7.080288896358779,0.03833601239164862,0.00022514676632439556,0.0004010320292850696,0.005328774317853758,0.0015729999999998965,0.0015729999999999098,0.0015729999999999189,0.0010057299999999393,0.0010057299999999324,0.001005729999999943,0.16697614721627632,9.715534868872043,0.2100070766452128,0.0026142832780161277,0.005393718022410946,-0.0021911864388244134,-14.385000591278077,-21.16725088119507,0.35756251588463783,984.0626318359375,-0.060345930596954936,25.5950383956132
2025-03-01T16:56:15Z,40.31967424264188,-76.1063240951301,78.22771246923733,21.82527965468212,-7.278844445528259,-0.4815698114308927,1.4659759025091204,6.2775860948030076,3.7620329075597843,0.0009999999991828574,0.0010000000044811572,0.001000000000154782,0.0009999999973497671,0.000999999991985573,0.0009999999939900594,0.0000339989907312547,0.00003400044926083638,1.3042448607903399,31.43540811936252,6.979221142354162,0.03461593465393971,0.0002247294100131954,0.0004096610073814263,0.0053382252056733215,0.0015739999999998969,0.0015739999999999099,0.0015739999999999203,0.0010057399999999403,0.001005739999999933,0.0010057399999999438,0.18999431857542842,9.708878139804403,0.22353305974101395,-0.0034960337406824424,0.004783186954274525,-0.0017260278336374416,-14.41575065612793,-21.281813278198243,0.552187525741756,983.9753588867187,-0.06629732922204182,25.71053734007548
2025-03-01T16:56:16Z,40.31943129774068,-76.10633474321337,78.18665291991488,21.93061619347757,-7.47525041503584,-0.5040778608819738,1.4722308102953388,6.275351751938223,3.766858945368484,0.000999999999253304,0.0010000000045798387,0.0009999999998309816,0.0009999999971503051,0.000999999992127225,0.0009999999936140646,0.000034998981656601695,0.00003500045871664303,1.2615974344336307,33.43064529184891,6.9551646957527336,0.0316880352977274,0.0002254635592621605,0.0004184926017909775,0.005347722212896611,0.0015749999999998961,0.0015749999999999083,0.0015749999999999204,0.0010057499999999414,0.0010057499999999333,0.0010057499999999446,0.16163218011478342,9.750031430557856,0.2080928201406888,0.003866555863537204,0.004070177952934756,0.002369937286280519,-14.52056305885315,-21.34931335449219,0.29700001504272217,984.1019287109375,-0.025994910614972628,25.821028365597655
2025-03-01T16:56:17Z,40.319019963236975,-76.1063260347761,78.26339252573666,21.872926539301094,-7.381852805214906,-0.5356775087489691,1.463766231790769,6.275776776371225,3.776470453114979,0.0009999999991407657,0.0010000000048479912,0.0009999999997598618,0.0009999999969106405,0.000999999992419451,0.0009999999938042263,0.00003599895991777706,0.00003600046904214794,1.2218035057659302,35.42942453166501,6.994803894693475,0.02902907545477163,0.00022825461435640624,0.00042626053213001554,0.005357326313021728,0.0015759999999998945,0.001575999999999907,0.0015759999999999201,0.001005759999999941,0.0010057599999999342,0.0010057599999999446,0.10985437275696648,9.70907429966703,0.36780849784287567,-0.011537417936886537,0.008979127072033013,0.00026679333185681544,-14.618438053131104,-21.181875762939452,-0.47343752060085537,984.0301171875,-0.06293618141742884,25.740864550775154
2025-03-01T16:56:18Z,40.31858656703345,-76.10633196918268,78.24995204997889,21.72769245792917,-7.426440908758351,-0.5510586144739424,1.46872529350053,6.281686500270891,3.7777206592913894,0.000999999999183632,0.0010000000048751006,0.0009999999994773287,0.0009999999970533699,0.000999999992383232,0.0009999999942436602,0.00003699892053562303,0.00003700048025530875,1.1848234057248468,37.507237790175715,7.089914662756297,0.026841570185447694,0.00022976797150555108,0.0004360631281592552,0.005366986443761291,0.0015769999999998955,0.0015769999999999077,0.0015769999999999211,0.0010057699999999415,0.0010057699999999345,0.001005769999999945,0.18847167011296617,9.732922783528885,0.40996728874084026,0.002186677131631564,0.0013111054929069998,-0.005897099415745903,-15.125625562667846,-20.738625888824462,-0.4638750148192048,984.0494555664062,-0.036213737099130686,25.672703640290106
2025-03-01T16:56:19Z,40.3179526273045,-76.10632682865999,78.32843144801654,21.61697372159042,-7.279532606671614,-0.55799492840082,1.471559812158125,6.280838645979501,3.789485076815825,0.000999999999184696,0.0010000000044899323,0.0009999999996489499,0.0009999999971541424,0.0009999999925041183,0.0009999999943109009,0.0000379988577813037,0.000038000492379463796,1.1510550577904188,39.604736706614084,7.249673063563204,0.025236509764091992,0.00023444254486432295,0.0004432829854904988,0.00537667316005971,0.0015779999999998944,0.0015779999999999076,0.001577999999999921,0.001005779999999941,0.001005779999999934,0.0010057799999999447,-0.02433002174579547,9.733122165039273,0.37379578812348463,-0.0004417098970228887,0.010981962394185087,0.001989232009135977,-14.879813060760497,-20.853000869750975,-0.5801250227540732,983.9895361328125,-0.03927759037175047,25.62402021111611
2025-03-01T16:56:20Z,40.31719012882715,-76.1063243258545,78.3918348425871,21.31994040422938,-7.0685153139345385,-0.5981472836471252,1.4739543471888772,6.277300391871725,3.795578945278177,0.000999999999355286,0.0010000000046886271,0.0010000000000183209,0.000999999997026605,0.0009999999926099243,0.0009999999941666738,0.00003899876468004553,0.000039000505445414316,1.1201619604381752,41.721336639323255,7.4526044160482865,0.02359621738311731,0.00023818335929072032,0.0004518567283412048,0.005386422269587109,0.0015789999999998945,0.001578999999999908,0.0015789999999999214,0.0010057899999999405,0.0010057899999999335,0.0010057899999999442,0.059134381606280206,9.687460459470167,0.4912546097691643,-0.0009287325608180353,0.005098466522939949,0.004212712904287306,-15.72862566947937,-21.2175008392334,-0.0808125044405461,983.9694799804688,-0.07953763833985722,26.41166110539117
2025-03-01T16:56:21Z,40.3162778005877,-76.106323787336,78.43731167414974,20.877375160562632,-6.749621292210826,-0.6131462605658733,1.472409997812748,6.27794383506324,3.802251766805158,0.0009999999992982445,0.0010000000049289277,0.0009999999996628335,0.0009999999969846807,0.0009999999925382104,0.0009999999940943835,0.000039998633021060265,0.0000400005194843073,1.0911115369656421,43.85607463276087,7.700937099479185,0.021909804930238305,0.00024247837681578402,0.0004602338579485715,0.005396189669042836,0.0015799999999998938,0.0015799999999999072,0.0015799999999999204,0.001005799999999941,0.001005799999999934,0.0010057999999999448,0.07377571223926942,9.698506044383128,0.6450621183117048,-0.004909534337130067,0.0060962124772075245,0.00023191048043172792,-15.716250591278076,-20.436375732421876,-0.04650000154972078,983.9509033203125,-0.05944365816095561,25.780719865185908
2025-03-01T16:56:22Z,40.31495944224392,-76.10630832924154,78.54381739963499,20.25971572785997,-6.211563403389185,-0.7638347562760394,1.4762258830334902,6.281835913451563,3.804743130569142,0.0009999999994407466,0.001000000005067177,0.000999999999408525,0.0009999999971425897,0.0009999999927009615,0.0009999999942608224,0.000040998452721058466,0.00004100053453008815,1.0633291653998918,45.96828051207598,7.992214351844773,0.020402954981440714,0.00024610134232468805,0.00046963594811246157,0.005405945291670461,0.0015809999999998937,0.001580999999999907,0.0015809999999999204,0.0010058099999999412,0.0010058099999999339,0.0010058099999999447,-0.0326558693543876,9.542282805891267,0.7102959506085125,-0.000311525196058426,0.0021294304375786286,-0.0032081259911084844,-14.471813077926635,-20.65106334686279,-0.6986250281333923,983.8633227539062,-0.21097472344140472,25.226678208228844
2025-03-01T16:56:23Z,40.313547116617606,-76.10630179254254,78.49219301523985,19.49650620767439,-5.771794859371871,-0.8098476227204494,1.4817169939406458,0.00897402954294328,3.810624126811453,0.0009999999996237745,0.0010000000052783568,0.0009999999992263253,0.0009999999970707128,0.0009999999926784725,0.000999999993945452,0.000041998212330346576,0.000042000550613441205,1.0365546869963551,48.17631262685618,8.325648224082297,0.018902157051169963,0.00025104442398216954,0.0004781289579830341,0.00541565020747249,0.001581999999999894,0.0015819999999999073,0.0015819999999999205,0.0010058199999999416,0.0010058199999999344,0.001005819999999945,0.04350649339761631,9.651008453999856,0.7610342512931381,0.0016674430824111894,0.006116574593745741,-0.009236493740778057,-14.271375551223755,-19.919063291549683,-0.7021875198185444,983.8862890625,-0.09869053405036896,24.513910500036705
2025-03-01T16:56:24Z,40.312342804485695,-76.10631539326289,78.22481067907044,18.940774597329614,-5.3170780927234755,-0.8227179841415254,1.4859898673092484,0.003489714620484583,3.8155918635330437,0.000999999999253208,0.001000000005024245,0.000999999999312636,0.0009999999974231958,0.0009999999926921987,0.0009999999936098345,0.00004299789835495012,0.000043000567772847226,1.0104063011325488,50.40236176706579,8.712023803326733,0.01752630696629799,0.00025625656685794546,0.0004867693436746012,0.005425514638946798,0.0015829999999998933,0.0015829999999999067,0.0015829999999999202,0.0010058299999999407,0.0010058299999999337,0.0010058299999999444,-0.11950355999109682,9.698012396760259,0.8411166654622866,0.0014309414487280734,0.003952010507459452,0.00632537038031235,-13.538625516891479,-20.644125804901122,-0.6806250305473804,983.9976879882812,-0.04464955641984998,24.696862980530423
2025-03-01T16:56:25Z,40.31040182614192,-76.10631143875216,78.11748641466811,18.255392871859826,-4.616586020619169,-0.9050050283548079,1.483890042478986,6.277140022876834,3.8254998973330396,0.0009999999993113348,0.0010000000052173823,0.0009999999990610404,0.0009999999975643633,0.0009999999928892703,0.0009999999936121727,0.00004399749347468728,0.00004400058606145508,0.9851831956299663,52.6354935921634,9.152976414009807,0.016542624964914595,0.00026320517862337035,0.000494144500351484,0.005435520231897228,0.0015839999999998937,0.001583999999999907,0.0015839999999999203,0.0010058399999999402,0.001005839999999933,0.0010058399999999437,-0.2232134614045404,9.611048260365866,0.8276743630661983,-0.005886918507539523,0.008386955500942046,0.011054398526948764,-14.803500556945801,-19.68525071144104,-1.6603125746548175,983.8978930664063,-0.13067233503487183,24.686167033594888
2025-03-01T16:56:26Z,40.30800238825883,-76.10630557161285,77.98076765618957,17.38746527496526,-4.058641655695053,-0.996182894352657,1.4928523133749647,0.0023893315452727403,3.8297200824084463,0.0009999999994110295,0.001000000005029915,0.000999999999348079,0.0009999999974058536,0.000999999992950715,0.0009999999937766603,0.00004499697902139132,0.00004500060553255881,0.9616814129724663,54.98605367989999,9.639324899900865,0.015778408811249603,0.00026914342016727934,0.0005029040718788673,0.005445218146483471,0.001584999999999894,0.0015849999999999074,0.0015849999999999209,0.0010058499999999401,0.0010058499999999332,0.001005849999999944,-0.06349254320989724,9.606940689717481,0.7229883717779767,0.004955930905485132,0.004192350844376948,-0.007169733981287065,-13.002000522613525,-25.116375904083252,-2.1433125833421944,983.8731689453125,-0.1456152976051835,28.363272914667043
2025-03-01T16:56:27Z,40.304931356686915,-76.1062971231145,77.98021260147158,16.094527826984866,-3.454490544495549,-0.8311591070926292,1.4990529966708033,0.010590207469075616,3.8353159811498156,0.000999999999538257,0.0010000000047299892,0.000999999999067336,0.0009999999973478932,0.000999999992763732,0.0009999999936421149,0.000045996336497407146,0.00004600062623459807,0.9394040532142484,57.48145226761985,10.173477665871262,0.014771772608457676,0.0002759179152299175,0.0005113022320112965,0.005454931302391015,0.0015859999999998946,0.001585999999999908,0.0015859999999999215,0.0010058599999999396,0.0010058599999999327,0.001005859999999943,0.06031118105508534,9.846916540547328,0.8546890733790858,0.001791451781406634,0.005374023691929935,-0.00665300261328718,-14.359688053131103,-19.23656322479248,-1.5266250574588776,983.8087719726562,0.1041320493755991,24.053568032610077
2025-03-01T16:56:28Z,40.30214984368728,-76.10630041260106,77.80060583189588,15.012471212683804,-2.9256748184497243,-0.9949890477463065,1.4996724077077552,0.018111566786783415,3.8360208188075675,0.0009999999993949647,0.0010000000046651945,0.000999999999166224,0.000999999997531114,0.0009999999925878575,0.0009999999934441413,0.00004699554488670369,0.00004700064821273619,0.9176061456797068,59.96142679686508,10.738094990671307,0.0139447201843371,0.0002820768653792846,0.0005209133936706485,0.005464658686544621,0.001586999999999896,0.0015869999999999092,0.0015869999999999225,0.0010058699999999404,0.001005869999999933,0.001005869999999944,-0.046104707745994324,9.536392203008372,0.8573852453787515,-0.002761327134364034,0.0005475244042648614,-0.006558869538990106,-13.92656310081482,-19.934813232421874,-1.277250050455332,983.9143994140625,-0.20507643081449872,24.35107433284005
2025-03-01T16:56:29Z,40.29908787504951,-76.10630468564283,77.45168604568026,13.91706707842119,-2.26814039881671,-1.134136459460349,1.4991853040975647,0.022557938032069708,3.8397053334268647,0.0009999999991683376,0.0010000000044269874,0.0009999999993515229,0.0009999999976707905,0.0009999999930771193,0.0009999999937655153,0.00004799457803393066,0.00004800067152157193,0.8961836843394694,62.50492972964235,11.351982465032656,0.013228998473917213,0.0002895988963194083,0.0005298266972841593,0.005474428111517009,0.0015879999999998955,0.0015879999999999078,0.0015879999999999213,0.0010058799999999415,0.0010058799999999332,0.001005879999999944,-0.1608876208160129,9.55150110000394,1.0221474276457196,-0.0036462465942744427,0.0032910747319441947,-0.0033483243594648773,-13.83787558555603,-20.344125709533692,-1.9380000786483287,983.95423828125,-0.17272716495413673,24.680429036769794
2025-03-01T16:56:30Z,40.295739461899785,-76.10630873053206,76.99807902557072,12.793061060735976,-1.7638923901051102,-1.1642195582129276,1.5006646141593267,0.02375155569874849,3.841009694735241,0.0009999999993678507,0.0010000000042326292,0.0009999999990400411,0.000999999997484405,0.0009999999934988965,0.0009999999933834251,0.000048993406398619947,0.00004900069623008807,0.8753639148221598,65.25904617922644,12.020167293361256,0.01278767298992129,0.00029717330470221465,0.0005394170300761527,0.005484238694088366,0.001588999999999895,0.0015889999999999071,0.0015889999999999206,0.0010058899999999423,0.0010058899999999325,0.001005889999999943,-0.0278394935324543,9.66943321926946,1.000994484663658,-0.0012850701543493442,0.0006900591737901644,-0.0004196784256429207,-14.166750545501708,-21.160875778198243,-2.6122500962018966,984.00779296875,-0.05901580921805842,25.59884222347389
2025-03-01T16:56:31Z,40.29197028914213,-76.10631086277141,76.50644851652778,11.750322730489554,-1.2627387561312164,-1.2167792370629935,1.5057977678116106,0.025646563930492097,3.8393272830293985,0.0009999999995937846,0.0010000000043079358,0.0009999999992977213,0.0009999999971581888,0.0009999999936412837,0.000999999993064256,0.00004999199974694846,0.000050000722414035347,0.8559043301841536,68.15452463118305,12.739994170649714,0.012633618390168364,0.00030470153495146555,0.0005498553730691094,0.005494030941563482,0.0015899999999998934,0.0015899999999999068,0.0015899999999999203,0.001005899999999942,0.0010058999999999316,0.001005899999999942,-0.03796910974816845,9.650450109477578,0.9802566863382522,0.0027628268642071138,-0.00225677917326982,-0.0015357584746833216,-14.078250541687012,-20.981250762939453,-1.7915625677257776,984.0527954101562,-0.08003247443335577,25.330162528858352
2025-03-01T16:56:32Z,40.28766256331503,-76.10630914431167,75.98763776399977,10.783550091498832,-0.8658490686836525,-1.2557431339770249,1.505718332295151,0.027938822896130703,3.8369321297969083,0.000999999999506478,0.0010000000048065024,0.0009999999991433413,0.000999999997089465,0.0009999999934005442,0.000999999992931388,0.000050990328310487566,0.00005100075015679987,0.8386644815680833,71.25359888069549,13.512057344959494,0.01281615554133558,0.00031269653630030874,0.000560559172956865,0.005503805283674137,0.0015909999999998926,0.001590999999999906,0.0015909999999999195,0.001005909999999941,0.0010059099999999322,0.0010059099999999428,0.05187745657616046,9.67176981228257,0.9049775717197078,-0.0020791945495009043,-0.0029751293598727357,-0.002292997129931546,-13.702688026428223,-20.500313262939454,-1.6554375645518302,984.092197265625,-0.0661001566245209,24.713649163729432
2025-03-01T16:56:33Z,40.28380580179122,-76.10630424244984,75.32474062774683,9.978655912775409,-0.4304207953995224,-1.236117140158736,1.5080852401681966,0.03950654906370479,3.8330931412831855,0.0009999999990807273,0.0010000000045651937,0.0009999999994104857,0.0009999999974881527,0.0009999999936000268,0.0009999999931608354,0.000051988362378353464,0.00005200077954809364,0.824284224841985,74.4992997827295,14.33974928231087,0.013386660035247723,0.0003211348410187259,0.0005715858352014911,0.005513451840030599,0.001591999999999893,0.0015919999999999062,0.0015919999999999199,0.0010059199999999401,0.0010059199999999321,0.0010059199999999427,-0.0048285150731014305,9.733600734705886,1.0470563199466592,0.0012092943060368496,-0.003708167041125442,-0.012056652668255965,-13.994250507354737,-20.47631326675415,-2.300812596529722,984.2440942382813,0.00945569554698782,24.908023798787816
2025-03-01T16:56:34Z,40.28005312630128,-76.1062930822951,74.56087191976972,9.540460165232368,-0.030734828365153788,-1.3292256599719725,1.5097359848773906,0.04730320034776897,3.835348768533863,0.0009999999989691963,0.0010000000047503412,0.0009999999993235914,0.0009999999972748466,0.0009999999938535896,0.0009999999930694525,0.00005298607287237946,0.0000530008106827934,0.8136220097434855,77.85260948646263,15.219675977167602,0.013986747029077082,0.0003314720436931247,0.0005809535928183638,0.0055231641532252265,0.001592999999999893,0.0015929999999999063,0.0015929999999999198,0.0010059299999999397,0.0010059299999999316,0.0010059299999999423,-0.2092540214388431,9.629287404915669,0.9149411205381676,0.0008100625751696067,0.0021694876204777207,-0.008295327801975658,-13.61006302833557,-21.093188285827637,-2.1907500818371775,984.3682177734376,-0.10542378406664944,25.198278171256533
2025-03-01T16:56:35Z,40.275528006495456,-76.10627130940091,73.78021582974708,9.406286370775932,0.34994325072861215,-1.386745063897845,1.509738540599862,0.05032652407857715,3.8351539776742567,0.0009999999990566387,0.0010000000043676812,0.00099999999938255,0.0009999999972186912,0.0009999999937884503,0.00099999999328497,0.00005398343961695794,0.00005400084366267483,0.8073005926572245,81.34338856509119,16.16111291638404,0.014541588667692054,0.0003413256487420464,0.0005905685499129956,0.0055329123754604,0.0015939999999998917,0.0015939999999999052,0.0015939999999999208,0.0010059399999999385,0.0010059399999999305,0.0010059399999999413,-0.2940011360119654,9.663012424146352,0.8041050641891171,-0.0003382294239718254,-0.0006232996167618242,-0.004237583342082067,-13.371000595092774,-22.07400079727173,-1.3340625458955764,984.4191796875,-0.0795184124866481,25.84225714960393
2025-03-01T16:56:36Z,40.27024722245572,-76.10623524939784,73.02184411025821,9.354269988162402,1.0902553975945493,-1.3880847953090345,1.5094848225630961,0.050218097049280624,3.835895864349961,0.0009999999988885085,0.0010000000044271345,0.0009999999991579791,0.0009999999971206487,0.0009999999935827585,0.0009999999931516218,0.000054980443981560086,0.00005500087859156559,0.8051629158254671,84.7977673630186,17.1579926217011,0.015581053915595994,0.0003513496203437363,0.0005993989889158892,0.005542664281845179,0.0015949999999998925,0.0015949999999999062,0.0015949999999999192,0.001005949999999939,0.0010059499999999293,0.0010059499999999417,-0.3689455166947984,9.68663671155399,1.1802306269704141,-0.00012125573093269741,0.00008653830115249914,-0.0016959852886214855,-13.587000560760497,-20.595938358306885,-2.3146875845640897,984.4734497070312,-0.015224049898169669,24.782140980912104
2025-03-01T16:56:37Z,40.264122314066185,-76.10618186436061,72.2625063179382,9.796289080498942,1.6647933783455238,-1.5081044101303822,1.5136646673576823,0.048644194727776945,3.8355978873089183,0.0009999999990189063,0.0010000000043163875,0.0009999999993884911,0.0009999999971934137,0.0009999999937888699,0.0009999999931079406,0.00005597707597087257,0.000056000915574541454,0.8073198417087846,88.27256971983826,18.206633300555605,0.01636923332527138,0.0003608850776039672,0.0006077299907011763,0.005552415056229317,0.0015959999999998933,0.0015959999999999046,0.0015959999999999202,0.0010059599999999386,0.0010059599999999288,0.001005959999999942,-0.3418575872569095,9.578785084719998,0.9012935333359714,0.005017018182288561,-0.0010712677190169136,-0.001040724358347505,-13.107188062667847,-21.3052508354187,-2.1937500801682472,984.5250561523437,-0.15336810831506778,25.11019852694959
2025-03-01T16:56:38Z,40.25639553897502,-76.10610488269232,71.5924667346738,10.828326537910437,2.3715648526039885,-1.4927414199586073,1.5172497265977691,0.03879192916674942,3.837316553642257,0.00099999999914865,0.0010000000043631945,0.0009999999992377012,0.0009999999972656929,0.0009999999938666627,0.0009999999934408364,0.000056973346463111894,0.000057000954735700264,0.8132439228277542,91.71154848435103,19.33492799485979,0.016930844579410333,0.000370208319760686,0.0006147274979146396,0.005562178340387195,0.0015969999999998934,0.0015969999999999034,0.0015969999999999214,0.001005969999999939,0.0010059699999999281,0.0010059699999999424,-0.388358103520808,9.699303538636023,0.8635268201834118,0.00524100216459969,0.0003744458831714621,0.0061980232577618435,-12.83250054359436,-20.900438365936278,-1.1876250498369336,984.5170678710938,-0.03520767563450114,24.554212323721828
2025-03-01T16:56:39Z,40.248260607896206,-76.10601031047878,70.97093706296923,12.093036161629938,3.2475230614388577,-1.4421911019656084,1.5130854207891162,0.03878140146101376,3.8409395408074993,0.0009999999990348582,0.0010000000044360885,0.0009999999988587623,0.0009999999971530085,0.0009999999936144077,0.0009999999936920283,0.00005796927414938862,0.000058000996217534085,0.8224094505353601,94.97954910325728,20.532401453686298,0.01797556995339295,0.0003796495621895423,0.0006203548815482585,0.00557191402576862,0.0015979999999998923,0.0015979999999999024,0.0015979999999999226,0.0010059799999999396,0.001005979999999929,0.001005979999999943,-0.3536863642028401,9.718645562714762,1.0953834906157218,-0.0018036377907823327,0.0028404365371961986,-0.004119416065065781,-12.494437980651856,-20.98200092315674,-2.203500085696578,984.5863989257813,0.005854821222165887,24.519548426761503
2025-03-01T16:56:40Z,40.23976675093653,-76.10589949044144,70.3580511614016,13.856832030441888,3.864730252543923,-1.5125745144115235,1.511514682057126,0.031952045915131504,3.839722106177099,0.000999999998781201,0.00100000000486065,0.000999999998766539,0.000999999997324064,0.0009999999935496483,0.0009999999938310315,0.00005896489720971276,0.000059001040165634687,0.8343936670032943,98.09712966481241,21.789304217811264,0.01849175731758137,0.00038688386025295744,0.0006262001177867186,0.0055816709656607184,0.0015989999999998926,0.0015989999999999015,0.0015989999999999227,0.0010059899999999395,0.0010059899999999289,0.001005989999999943,-0.2683979356099203,9.608615612025593,0.8484520392280308,0.001738710531591067,-0.0023439024521288007,0.0018812458336103018,-13.447313041687012,-20.919938316345213,-1.1278125463426114,984.6552294921875,-0.13105992941794578,24.894647407359347
2025-03-01T16:56:41Z,40.33417599568024,-76.09709184355623,72.1262114809118,-21.9906806540545,-1.059121522237745,-1.5124977871623622,1.5515697647337443,0.09113877444251366,3.763414584094476,0.0009999999988804871,0.0010000000047076323,0.0009999999985892713,0.0009999999973000575,0.0009999999933630556,0.0009999999941667538,3.069392080535276e-10,3.069394722180027e-10,0.4904755344797792,0.5599788611152035,0.5473619636494909,0.011318887669294016,0.00016870921451655896,0.00018702720307492004,0.005298849157307291,0.0015999999999998936,0.0015999999999999025,0.0015999999999999216,0.0010059999999999388,0.0010059999999999284,0.0010059999999999427,-0.20682197774385103,9.659688009413564,0.7800408413865281,0.005656923761488553,-0.002226736382680738,-0.00030401434543165303,-12.733875455856323,-20.3677508354187,-1.518562550768256,984.670419921875,-0.08695287374889185,24.068660818020472
2025-03-01T16:56:42Z,40.33407212344409,-76.09710390783953,70.91810976220171,-22.930213979965128,-0.98601971578088,-1.5586378583162428,1.550599294882403,0.09086154016097087,3.7589777655806924,0.0009999999986263946,0.0010000000046232775,0.0009999999987014834,0.0009999999972766917,0.0009999999933236095,0.0009999999943459228,1.0003069464676121e-6,1.0003069636197176e-6,0.5281453166057147,0.6029841004014151,0.604575196583476,0.012706772601928859,0.00017830198405988253,0.0001970182457175023,0.0053074658536164075,0.0016009999999998922,0.0016009999999999013,0.0016009999999999226,0.0010060099999999383,0.0010060099999999275,0.0010060099999999418,-0.15872689355735783,9.738506006236138,0.8100073524541359,-0.000032797607376816584,-0.002883499773644811,-0.0002771433278172538,-12.636187982559203,-19.958063259124756,-0.1886250092089176,984.7807861328125,-0.006882684054965026,23.62267351167727
2025-03-01T16:56:43Z,40.333963078241574,-76.09711551660585,69.79134356307198,-23.844296633927346,-0.9742301844867082,-1.5784024388660947,1.5507730616461344,0.09043755212830719,3.7539820717225956,0.000999999998479757,0.0010000000046221336,0.0009999999989661087,0.0009999999970491768,0.0009999999929696946,0.000999999994612152,2.0003069695731473e-6,2.0003070411668436e-6,0.5703777264269337,0.684964734602083,0.7007040953667074,0.01423884262915715,0.00018773453962116045,0.00020685482560864985,0.005314934384202629,0.0016019999999998928,0.0016019999999999015,0.0016019999999999218,0.0010060199999999391,0.0010060199999999285,0.0010060199999999426,-0.12458928914044527,9.754617698029028,0.7616723367112945,0.0015110545883576835,-0.002256779066221441,-0.0004942842526348814,-9.632625398635865,-19.300875740051268,-0.7400625396892428,984.8306225585937,0.004788523852827402,21.58371529090945
2025-03-01T16:56:44Z,40.33384312217061,-76.09712763941047,68.91025174929952,-24.621175932510138,-1.0251194641470112,-1.6663943520745654,1.5496118052858474,0.08703191325971903,3.745380389254574,0.000999999998713822,0.0010000000046764856,0.0009999999990418223,0.0009999999970213844,0.0009999999927787257,0.0009999999946287644,3.000307009085211e-6,3.000307183255166e-6,0.6160794955109112,0.8042425830356248,0.8340337018790468,0.015750159256911256,0.00019679900316221826,0.0002164929506948632,0.005319649956975739,0.0016029999999998914,0.0016029999999999005,0.0016029999999999228,0.00100602999999994,0.0010060299999999293,0.0010060299999999425,-0.12581904184278447,9.65074437350452,0.6702848154960431,0.0013518293106867304,-0.0030463972650790613,0.0014943646587331895,-12.573187971115113,-20.65556324005127,-0.37837501395493744,984.7043237304688,-0.10550279691092476,24.18425205605144
2025-03-01T16:56:45Z,40.333702949781774,-76.09713833249384,68.27405705684995,-25.397953437952186,-0.6871806698708524,-1.624984147050259,1.5443914579834699,0.09462312396365985,3.738655255260704,0.000999999998463283,0.0010000000049420847,0.0009999999992828636,0.000999999996838147,0.000999999992942561,0.0009999999949656985,4.000307056319546e-6,4.000307405831137e-6,0.6644618472467593,0.9731616483200499,1.0136966121874604,0.017661241628864705,0.0002061397446098922,0.00022557500742690089,0.005327270811171134,0.00160399999999989,0.0016039999999998991,0.0016039999999999217,0.0010060399999999403,0.0010060399999999295,0.0010060399999999427,-0.2945993381142172,9.721078323359581,1.0814331944507505,-0.001916297867593108,0.0023088507867492234,-0.01059057713088829,-12.119625434875488,-20.17856321334839,-0.8696250316873193,984.614296875,0.005123658671994669,23.554481046278653
2025-03-01T16:56:46Z,40.333528833799775,-76.09714478829261,67.87222713274863,-25.988827055918534,-0.2567431292807146,-1.5762752691275697,1.5360425549610004,0.08675542933826601,3.7276607286606405,0.0009999999983499814,0.0010000000047387992,0.0009999999994008985,0.0009999999972079663,0.000999999993020273,0.0009999999950767212,5.000307076361662e-6,5.000307730279147e-6,0.7148849617297486,1.1886854540907228,1.235273472822276,0.019577771410282933,0.0002143689050508879,0.0002342654201650387,0.005325723640237494,0.0016049999999998897,0.0016049999999998988,0.0016049999999999214,0.0010060499999999396,0.001006049999999928,0.0010060499999999424,-0.3891472132199146,9.683537746862255,1.192665457554268,-0.0037363740706774966,0.0004971192714292615,0.003711669989739231,-12.021750497817994,-20.46075074195862,-0.977812538035214,984.5849609375,-0.015944833305423765,23.751178894274528
2025-03-01T16:56:47Z,40.33331284327721,-76.09714736008145,67.55904651346313,-26.430080981074028,0.011046356259839234,-1.5611863054949624,1.5322106232912491,0.08056242483285332,3.711336107861783,0.0009999999982550393,0.0010000000042563997,0.0009999999992259072,0.0009999999972627087,0.0009999999931182366,0.0009999999948139369,6.000306983766735e-6,6.000308183455964e-6,0.7658558993268949,1.4375024849522677,1.4993524408897827,0.021312332581352393,0.00022191347895205314,0.0002425404287341087,0.0053217199175777325,0.001605999999999891,0.0016059999999998996,0.00160599999999992,0.0010060599999999389,0.001006059999999928,0.0010060599999999423,-0.2475006118817829,9.645225778257082,1.0969865550768034,0.0018099777651155297,-0.0033212862853982945,0.0012092942527523274,-12.65025050163269,-19.49306318283081,-0.7175625213980674,984.650595703125,-0.06988178321112075,23.24910477378996
2025-03-01T16:56:48Z,40.33304341967355,-76.0971483900064,67.320329081499,-26.54868036617349,0.03346488133907158,-1.5362109409282818,1.5374678767190244,0.06981180614136907,3.6931046410671913,0.0009999999983280484,0.0010000000038634044,0.0009999999992921205,0.0009999999969919156,0.0009999999928833323,0.0009999999949276603,7.000306617193073e-6,7.0003087964982255e-6,0.8147677653246658,1.70771804572053,1.7961611094125969,0.022201756143561062,0.00022866010940004143,0.0002501963246857005,0.005313032921419515,0.0016069999999998913,0.0016069999999999002,0.001606999999999919,0.0010060699999999395,0.0010060699999999288,0.001006069999999943,-0.19583852646230718,9.657216726580257,0.7756474717510513,0.011515217266788474,-0.004249600499887571,0.005103640985154955,-13.683000583648681,-20.75568832397461,-1.1958750476688147,984.7045483398438,-0.0901523930513944,24.88876612742016
2025-03-01T16:56:49Z,40.33269600438025,-76.09714956089466,67.23385900343612,-26.447633751308075,0.014522727667849969,-1.5511013817349764,1.5290990205342982,0.07376599903585115,3.675919521887559,0.000999999998333588,0.0010000000040247417,0.0009999999991344342,0.0009999999970067108,0.000999999993136107,0.0009999999950833166,8.000305719790053e-6,8.000309604711176e-6,0.85890468406259,1.9995168375417367,2.1323043184691097,0.022756926124423267,0.00023545147062111848,0.00025711823289998134,0.005307701625356716,0.0016079999999998914,0.0016079999999999003,0.0016079999999999183,0.0010060799999999398,0.0010060799999999292,0.0010060799999999433,-0.1768724724236299,9.598844940499575,0.7329983380717164,-0.0014377864271123827,-0.0007454730184246082,-0.010468404257273713,-13.28868803024292,-18.91668818473816,-1.578937560841441,984.6775756835938,-0.15202842084113974,23.171555839027853
2025-03-01T16:56:50Z,40.33225016188831,-76.0971497076564,67.3805176829025,-26.19102831585656,0.20858795504580607,-1.3869528883584994,1.5187941212992804,0.06622755050941057,3.6589602594518333,0.0009999999982530053,0.0010000000038022949,0.0009999999991330785,0.0009999999970353507,0.0009999999931391607,0.0009999999950125013,9.00030392911207e-6,9.0003106502174e-6,0.8975382430744661,2.3306765970713177,2.5228900078868217,0.02345260192116213,0.00024140197412162543,0.00026341318002492,0.005296419250259525,0.0016089999999998911,0.0016089999999999,0.001608999999999918,0.0010060899999999396,0.0010060899999999287,0.001006089999999943,-0.2427947294173862,9.735475070313562,1.0430283962844524,-0.002608610319007166,0.0008834995189053484,0.00011991912230158966,-12.669750499725343,-19.62581332206726,-0.5088750114291907,984.6152880859376,0.013735030869253794,23.36560923654211
2025-03-01T16:56:51Z,40.33171459005928,-76.09714707479579,67.81781456467832,-25.610430955847438,0.5176314823199037,-1.050079253479091,1.5169032487333123,0.055058213857418374,3.639380271585292,0.0009999999980238232,0.0010000000035247283,0.0009999999993250464,0.0009999999967526111,0.000999999992869268,0.0009999999950246212,0.00001000030077378651,0.000010000311980903494,0.9301227866009476,2.6961505410124245,2.952625223586256,0.023573958239592158,0.0002467618569982322,0.0002692720280820889,0.00528279938620339,0.0016099999999998917,0.0016099999999999008,0.0016099999999999188,0.00100609999999994,0.0010060999999999293,0.0010060999999999417,-0.3773007814444109,9.884417242515388,1.1320995899252102,0.006267788983029215,-0.0017059994933375166,0.003291074750512476,-13.452750568389893,-21.512625799179077,-1.2583125414326788,984.5817944335937,0.17569595054208217,25.403746259047477
2025-03-01T16:56:52Z,40.33111970613893,-76.09714201660998,68.40134805203493,-24.83067516312099,0.7021191733905298,-0.9037680614255904,1.5145989090545433,0.05092164337173397,3.6284565360879584,0.000999999998071593,0.0010000000036999115,0.0009999999993709565,0.0009999999966701797,0.000999999992836024,0.0009999999951287584,0.000011000295665655607,0.000011000313646061129,0.9551277230390458,3.0627618542413244,3.4073141562378058,0.023008121718616426,0.00025192875356789667,0.0002748851906619148,0.005271235326085322,0.001610999999999892,0.0016109999999999022,0.0016109999999999191,0.00100610999999994,0.0010061099999999295,0.001006109999999941,-0.3776701688349353,9.71425875726983,0.9713633586125368,0.0050781040232273245,0.005821323205416449,-0.0028733184778552776,-17.70581325531006,-23.43000089645386,1.0421250286325812,984.5937841796875,-0.010502580285196472,29.386115599800284
2025-03-01T16:56:53Z,40.330469449415126,-76.09713678717843,69.07244765424791,-23.97134989941634,0.6684068129348415,-0.6716271858991067,1.5183001805793694,0.044814682270202355,3.613579633907765,0.0009999999985144882,0.0010000000036168488,0.0009999999992770067,0.0009999999964742413,0.0009999999930483286,0.0009999999950024352,0.000012000287880301815,0.000012000315700121605,0.9716352487749423,3.432929519521067,3.9058209684284706,0.02198872234235646,0.00025679206842306874,0.0002804562947362492,0.005259297235428199,0.001611999999999891,0.0016119999999999024,0.0016119999999999184,0.0010061199999999396,0.001006119999999929,0.0010061199999999405,-0.30390781465150923,9.832010423375166,0.7595253375279061,0.010894338351538442,0.0001466230951956268,-0.0006244679289998474,-13.711875610351562,-22.2628133392334,-0.23681250020861622,984.5861157226562,0.08548777746335852,26.147692091269626
2025-03-01T16:56:54Z,40.3297615881578,-76.09713372935691,69.85754567141551,-23.126738893689076,0.4413404366824685,-0.4911283278742511,1.5179857844455105,0.03307629880246026,3.597047581009738,0.0009999999986155187,0.0010000000037879708,0.0009999999994121285,0.0009999999963497493,0.0009999999930591027,0.000999999994664134,0.000013000276538223499,0.000013000318204108298,0.9799923741686165,3.8012236398994865,4.450016589115247,0.02083913578560632,0.00026160740105940445,0.0002860007890779548,0.005246938552190311,0.001612999999999892,0.0016129999999999012,0.0016129999999999192,0.001006129999999939,0.001006129999999928,0.0010061299999999398,-0.1287767315104029,9.811806065873663,0.5818915958144791,0.0064525503600640155,-0.003362010212124518,0.005352993682620041,-13.799063062667846,-21.559313411712647,0.36112501792609697,984.5503662109375,0.04942300314244752,25.59972528040182
2025-03-01T16:56:55Z,40.3289994688428,-76.09713237729937,70.74643374572346,-22.354201910701594,0.4436770844819192,-0.27844910230552256,1.514547843124959,0.031521224426499454,3.5806197418370225,0.0009999999983073239,0.001000000003447533,0.0009999999995474146,0.0009999999966918511,0.0009999999930618171,0.0009999999944232563,0.000014000260587086631,0.0000140003212275307,0.9822261799928832,4.206533738734752,5.050205748157853,0.020112415680818816,0.0002668665692085991,0.0002915604826529753,0.005238797007416333,0.0016139999999998924,0.0016139999999999013,0.0016139999999999195,0.001006139999999938,0.0010061399999999271,0.0010061399999999406,-0.12566606059128427,9.843590775168128,0.8350123495887635,0.0027628268061798836,-0.004209543983824292,-0.004399813030453426,-13.90031304359436,-21.149250793457032,0.7623750248923897,984.4959594726563,0.09928191680872062,25.31971846361371
2025-03-01T16:56:56Z,40.32818442426913,-76.09713240923767,71.723067797591,-21.458346427097027,0.28044679154192864,-0.13464926317957812,1.5137920898016899,0.03161372364180066,3.5654285399576895,0.0009999999985691784,0.0010000000032507276,0.0009999999994566987,0.0009999999966199776,0.000999999993077997,0.0009999999941187913,0.000015000238761809996,0.000015000324841730814,0.9794894060030417,4.614977040630626,5.68127718271746,0.018952486960516435,0.00027245706636137206,0.00029722258514440535,0.005232593708380979,0.0016149999999998915,0.0016149999999999006,0.0016149999999999186,0.001006149999999937,0.0010061499999999264,0.0010061499999999405,-0.19160205443989933,9.796824202987475,0.6379620969206286,0.004864301309736538,-0.004257945415533004,-0.005571304981316923,-13.35806303024292,-21.469688453674316,0.1265625011920929,984.4262841796875,0.03900702199915178,25.286336375156438
2025-03-01T16:56:57Z,40.32733047633318,-76.09713493048753,72.72579730560666,-20.468941142899777,0.03716822669180814,-0.013092977538754061,1.5118015745170683,0.023554936827618903,3.555682101830441,0.0009999999984616665,0.0010000000029973415,0.0009999999993963108,0.0009999999968315488,0.00099999999331285,0.000999999994143607,0.000016000209460475436,0.000016000329119322645,0.971421995194948,5.039936861057998,6.346732174286969,0.0175592345541948,0.00027811090894374414,0.0003032719742145541,0.0052263956590446435,0.0016159999999998927,0.0016159999999998994,0.0016159999999999172,0.0010061599999999372,0.0010061599999999274,0.0010061599999999409,-0.2649682133978205,9.795574791269232,0.5104259627497911,0.002838267211767468,-0.0007760163434478937,0.0033676828054229066,-13.402875537872314,-20.963250856399537,1.1227500323206185,984.3583984375,0.03203957162911747,24.906886287419557
2025-03-01T16:56:58Z,40.32647004173884,-76.09714056337401,73.64543011129736,-19.550812427411422,-0.3255071301926315,-0.02320800960078208,1.5097469934135888,0.021001265259107955,3.5475194814555664,0.0009999999982704046,0.001000000003154022,0.0009999999992524615,0.000999999996899947,0.0009999999937440314,0.0009999999940670944,0.00001700017065358461,0.000017000334138631118,0.9585781383570728,5.475932580914894,7.0521970760187545,0.016244922342256874,0.0002843086703359249,0.00030961952971418,0.005223232730538307,0.0016169999999998937,0.0016169999999998993,0.0016169999999999173,0.0010061699999999367,0.0010061699999999278,0.0010061699999999402,-0.1926219454060086,9.691932285243304,0.38522510767235774,0.0019616927326523673,-0.0005443548708429414,-0.0014256027940205247,-13.407937984466553,-19.882313203811645,1.8213750967383384,984.314697265625,-0.07885942137800155,24.049826024807448
2025-03-01T16:56:59Z,40.3255813675409,-76.09714817675581,74.47442081255274,-18.88991424733208,-0.3973367358315603,-0.004306967064815578,1.5070505054527925,0.019336137013067956,3.5310503514332807,0.0009999999984507098,0.001000000003252784,0.0009999999992518294,0.0009999999970254113,0.0009999999932242213,0.0009999999938359618,0.000018000119919580902,0.000018000339991643712,0.9435683822506742,5.970801433147826,7.832666177911329,0.015596339374203317,0.00029161517815450434,0.00031564887183842873,0.005221917084417997,0.0016179999999998938,0.0016179999999998984,0.0016179999999999162,0.0010061799999999369,0.0010061799999999286,0.0010061799999999401,-0.11629417333097773,9.713501015342102,0.7371060233968024,0.0009038617001647666,-0.009949169139718661,-0.0024253510471553795,-12.487875528335572,-20.035500745773316,1.5742500655353069,984.25873046875,-0.038222380648338564,23.661026469115367
2025-03-01T16:57:00Z,40.32440100601822,-76.09715757324791,75.44504558808693,-17.93036990390604,-0.5539261173836764,-0.05435676183362305,1.505140896933057,0.016386071114771413,3.5163167536280318,0.0009999999988771263,0.0010000000033003871,0.0009999999993078382,0.0009999999969957586,0.0009999999929205536,0.00099999999430422,0.000019000054423843962,0.00001900034677566256,0.9280367457654225,6.493920001589776,8.648189480570837,0.014841823770025544,0.000299276361519626,0.0003220472826702815,0.005222126114234445,0.0016189999999998924,0.001618999999999897,0.001618999999999915,0.0010061899999999364,0.0010061899999999292,0.0010061899999999398,-0.2047037398925467,9.634504425545865,0.6520836746791134,0.0020317920391025,-0.007504207686234055,-0.00154577244573573,-12.72562551498413,-20.328000755310057,1.8043125838413834,984.0514233398437,-0.12160612237933952,24.0504105703248
2025-03-01T16:57:01Z,40.32300326500065,-76.09716944520676,76.43943474583644,-16.842348364050252,-0.8741023287807909,-0.04778570770023623,1.5024416563953928,0.006807938354803142,3.503271417958549,0.0009999999990847972,0.001000000003075795,0.000999999999363429,0.0009999999975318539,0.0009999999930015518,0.000999999994182063,0.000019999970651268383,0.00002000035458823466,0.9115731727354879,7.051549680554039,9.517450680406597,0.014070654797744695,0.00030725046417505843,0.000328812970048657,0.005222827292844502,0.0016199999999998908,0.0016199999999998954,0.0016199999999999134,0.0010061999999999363,0.0010061999999999296,0.0010061999999999402,-0.1687767487930081,9.700260773337561,0.5053212690571415,0.0010973025822087912,-0.006406153369600414,0.005108647901051786,-12.534000511169433,-19.93631329536438,2.4821251095086336,983.8985400390625,-0.0654004868775605,23.679448575246784
2025-03-01T16:57:02Z,40.321531924329264,-76.09718401693826,77.35941447590739,-15.769748399243603,-1.24347939471358,-0.0420765660359881,1.4964207128599125,0.0049624657846253865,3.4974476960119523,0.000999999998794551,0.0010000000029765745,0.0009999999995039847,0.0009999999979508872,0.0009999999931800858,0.0009999999940856292,0.000020999864274019323,0.000021000363535341955,0.8942367735377047,7.653275208933428,10.4406796283505,0.013393588085920338,0.0003152432991149559,0.0003363715462230686,0.005226077973224493,0.0016209999999998897,0.0016209999999998944,0.0016209999999999127,0.0010062099999999363,0.0010062099999999289,0.0010062099999999397,-0.1545394568918434,9.714338500337703,0.4595784790596771,-0.0028529567251058072,0.00031335905288767973,-0.0017228564243054597,-12.614437952041627,-19.482563266754152,2.388750097602606,983.8231787109376,-0.053802716060497885,23.332339401034062
2025-03-01T16:57:03Z,40.31996894240753,-76.09719897928203,78.21395009299644,-14.773262077461768,-1.0402665194259164,-0.05526553190530113,1.4827212089235766,6.273540787578665,3.4877229851252185,0.0009999999986355945,0.0010000000034300616,0.000999999999275872,0.0009999999976749326,0.0009999999933638637,0.0009999999942049355,0.00002199973024610873,0.000022000373731808375,0.8773380781795717,8.35607014749986,11.42470698988354,0.013031125160474881,0.0003239741624160191,0.0003439080687268294,0.0052287231521610834,0.0016219999999998907,0.001621999999999895,0.0016219999999999132,0.0010062199999999358,0.0010062199999999277,0.0010062199999999394,-0.2673486193792413,9.656000635488066,1.0828702035248354,-0.01096660956999602,-0.005431273107234599,0.011052061705806252,-12.939375457763672,-20.00137593269348,1.727437563240528,983.74611328125,-0.06004446422305412,23.884389866090864
2025-03-01T16:57:04Z,40.31833980719786,-76.09721339271464,78.98133298262759,-13.818950579665627,-0.8928763934002855,-0.07511996246107011,1.4817119558393597,6.27095661922326,3.4835917550026667,0.000999999998761471,0.0010000000034123843,0.000999999999191417,0.0009999999979266932,0.0009999999935889554,0.0009999999944995477,0.000022999562860774605,0.000023000385299583607,0.8618214979689,9.117810390833993,12.466340764927297,0.012812209835762105,0.00033249479565304103,0.00035228648104994445,0.00523403257297663,0.0016229999999998895,0.001622999999999894,0.001622999999999912,0.0010062299999999366,0.0010062299999999283,0.00100622999999994,-0.2091356860528405,9.656631540295033,1.0902866454578728,0.0014027347064078978,0.0002828161773509312,-0.000022616310711117034,-14.529938106536866,-21.33037582397461,0.6011250425875186,983.6866723632812,-0.06002751707991031,25.815939856945043
2025-03-01T16:57:05Z,40.316725609545436,-76.09722911833639,79.61143306499656,-12.921280957562253,-0.7137472433655596,-0.12766483419113078,1.4796954468724757,6.268280694085809,3.477961894166601,0.0009999999986175698,0.0010000000032527679,0.0009999999994473783,0.0009999999980939553,0.0009999999935440369,0.0009999999945972064,0.00002399935541718877,0.00002400039836111179,0.8477116887043867,9.951142224992104,13.561297079489714,0.012791901848816248,0.00034133030855985045,0.00036092050524332925,0.005240166536483881,0.0016239999999998899,0.0016239999999998944,0.0016239999999999124,0.001006239999999937,0.001006239999999929,0.0010062399999999404,-0.2604839647002958,9.632033252149828,1.1198216624312005,0.000028956618223725155,-0.002146623270556932,0.000497119224069518,-15.037313079833984,-21.301500844955445,1.2701250513643025,983.6637133789062,-0.07987192590103116,26.105272959274675
2025-03-01T16:57:06Z,40.31495325290019,-76.09724886380322,80.19786951710675,-12.139815989194426,-0.5695413732897912,-0.13761768054840356,1.4775706450929507,6.269854618803419,3.4726512219222947,0.000999999998773004,0.0010000000030404254,0.0009999999994179764,0.000999999998032504,0.0009999999934079589,0.0009999999946590182,0.00002499910044830441,0.000025000413046329786,0.8355538729436102,10.86591188142514,14.728285039650826,0.012980140280507545,0.0003501539734996296,0.00036998504358988775,0.005247535985703397,0.0016249999999998893,0.0016249999999998937,0.0016249999999999108,0.0010062499999999377,0.001006249999999928,0.0010062499999999395,-0.20056140862639588,9.670151002244877,1.1718420180584552,-0.00009388373104861716,-0.0018653915573039886,-0.003321286100710708,-14.372625532150268,-20.208938302993776,1.0301250477135182,983.5948876953125,-0.037333487085851824,24.819995499149783
2025-03-01T16:57:07Z,40.31243276049503,-76.09728260443993,80.98277180528554,-11.164540971227044,-0.4672450396305003,-0.14734392544555305,1.4711480426582229,6.2647476369302035,3.469197242017403,0.0009999999991261552,0.0010000000031484542,0.0009999999996984986,0.000999999998302807,0.0009999999937883627,0.000999999994641451,0.00002599878980343631,0.000026000429478836946,0.8259248614039265,11.872748914969456,15.942122132549901,0.013510949287010111,0.0003587462441994356,0.00037964244500676686,0.005254772382847862,0.0016259999999998897,0.0016259999999998942,0.00162599999999991,0.0010062599999999377,0.001006259999999927,0.0010062599999999386,-0.325227469211459,9.642833049135346,1.2771660938330849,-0.003626718660488572,-0.00017533238690519185,0.0037138398624815246,-16.263563108444213,-20.235375843048097,1.1146875442937016,983.3676684570313,-0.0478213335865907,25.984876311837212
2025-03-01T16:57:08Z,40.310218159456234,-76.09732313742475,81.55781875175089,-10.417436647718661,-0.5324554366422916,-0.17233304157205045,1.468905590757889,6.272267339352281,3.4691169667601702,0.0009999999992351307,0.0010000000032559559,0.0009999999997114815,0.0009999999979375329,0.0009999999936308416,0.0009999999943860589,0.00002699841469373891,0.000027000447765059475,0.8191343962794047,12.948817726311562,17.210657587289273,0.014008654811209373,0.0003668441458883162,0.0003897707779931608,0.005263902792539489,0.00162699999999989,0.0016269999999998955,0.0016269999999999091,0.0010062699999999365,0.001006269999999926,0.0010062699999999394,-0.27017293428768213,9.651489669984263,1.172267622585481,0.0001391128701350641,0.003241003951192917,-0.007774590379681019,-15.784125671386718,-19.52287569999695,0.3459375169873238,983.4145727539062,-0.05411712100836639,25.107736044401165
2025-03-01T16:57:09Z,40.30852777466696,-76.0973643376779,81.87146087554066,-9.961792517027684,-0.6246973140473469,-0.21654026257876702,1.4688081200636076,6.279566330949729,3.463026829848866,0.0009999999995165135,0.0010000000034038612,0.000999999999542645,0.0009999999981456004,0.0009999999937030377,0.000999999994621748,0.000027997966429295382,0.000028000468010143135,0.8152455261516738,14.102226246506202,18.534598110108462,0.014393790261022686,0.00037548131934306365,0.0003992991023644855,0.005273429751388324,0.0016279999999998897,0.001627999999999894,0.0016279999999999077,0.0010062799999999376,0.001006279999999925,0.0010062799999999384,-0.22504796313417957,9.651925745642904,1.1385817883626028,0.0015758128478637814,-0.0038303405206288844,-0.007699150465732659,-14.880000619888305,-19.26206331253052,0.48806251510977744,983.517568359375,-0.05882434943561852,24.344962972041053
2025-03-01T16:57:10Z,40.30645030984335,-76.09742555973288,82.17340895182883,-9.508134053053755,-1.009811365430152,-0.3341196190907686,1.4638439642796253,0.0009524301149746329,3.4574389709146605,0.0009999999995257342,0.0010000000032491893,0.0009999999996545238,0.000999999998139991,0.000999999993906198,0.0009999999941454447,0.00002899743657268672,0.000029000490310812608,0.8136964826316635,15.309098169136641,19.885794476689302,0.014562901811142379,0.00038395985948839643,0.0004087581439489016,0.005282966435652616,0.0016289999999998907,0.0016289999999998953,0.0016289999999999087,0.001006289999999938,0.0010062899999999245,0.0010062899999999384,-0.27460553764613455,9.586687289125134,0.9724080996307858,-0.002935239879422679,-0.003698820473085171,-0.004489940736759352,-15.032063102722168,-19.034625759124754,1.1970000471919775,983.43759765625,-0.1404447471393142,24.283950047165447
2025-03-01T16:57:11Z,40.30434286787143,-76.09750110193835,82.33593788621005,-9.092758070863233,-1.8074402906361557,-0.42345924858440936,1.4623523497879365,0.003693620023763237,3.4544791560326837,0.0009999999989849628,0.0010000000031629686,0.0009999999997534748,0.000999999998154742,0.0009999999938336557,0.0009999999941545312,0.00002999681583384637,0.00003000051478565788,0.8128318594766362,16.552577588208116,21.282557873132898,0.014270685384740382,0.0003922328722470721,0.0004181665639247015,0.005292562766334606,0.0016299999999998904,0.0016299999999998952,0.0016299999999999086,0.0010062999999999375,0.0010062999999999249,0.0010062999999999394,-0.2448286220029221,9.655514914827277,0.622410058797993,0.0004151703293874588,-0.001651588820831534,-0.002069013473621627,-14.604188022613526,-21.244125804901124,1.0020000486820937,983.4408764648438,-0.10149361452651015,25.799158133748318
2025-03-01T16:57:12Z,40.30126990804168,-76.09761945180303,82.58698159091357,-8.718364826422718,-3.075507358104923,-0.5468278352004957,1.4538948720663083,0.008646364597031065,3.4585578130645342,0.0009999999992793903,0.0010000000034952497,0.0010000000002295029,0.0009999999979158564,0.0009999999934740356,0.000999999994134116,0.00003099609297615252,0.000031000541625059806,0.8109834993976693,17.831402028237722,22.724583158362954,0.01404705186877505,0.00040014422883234886,0.0004278515497916511,0.005302582668970626,0.001630999999999891,0.0016309999999998956,0.001630999999999909,0.0010063099999999378,0.0010063099999999244,0.001006309999999939,-0.251697205666598,9.631444866364864,0.391344459922101,-0.006089705350078074,0.005574307070707389,-0.0026673604735178136,-14.872500553131104,-20.486813297271727,1.0599375380575657,983.2873510742188,-0.13732679186075955,25.338146613126636
2025-03-01T16:57:13Z,40.29776339575325,-76.09776117157286,82.71825503586854,-8.541958055448259,-4.599330844061372,-0.7486061688065911,1.4343953980513289,0.016099226260570063,3.462472851737119,0.0009999999994470814,0.001000000003734687,0.001000000000308095,0.0009999999976457122,0.000999999993664979,0.0009999999939587529,0.00003199525462071971,0.00003200057110546355,0.8076680176063911,19.13816511166906,24.234637979033103,0.014173263892204732,0.0004086909814587854,0.00043707108288020214,0.005313041081526515,0.0016319999999998894,0.0016319999999998942,0.0016319999999999076,0.0010063199999999373,0.0010063199999999239,0.0010063199999999382,-0.17703198857517874,9.570769158041955,0.30575986042844155,-0.01750353014881614,0.005403899163926359,-0.004593921147164163,-14.43656304359436,-20.435063190460205,0.3862500124424696,983.2428271484375,-0.20254794880086263,25.023045295249343
2025-03-01T16:57:14Z,40.29388222860769,-76.09791382320549,82.6958993630145,-8.589226617522606,-6.279700290568232,-0.8936534113135903,1.4300345188044803,0.013772908691290234,3.457876139549517,0.0009999999992606964,0.0010000000038019395,0.001000000000302611,0.0009999999975491365,0.0009999999938892776,0.0009999999939754652,0.00003299428544694618,0.000033000603596505035,0.8035479067263156,20.48870951063098,25.862091972204215,0.015123023520142128,0.00041855438910007927,0.00044519407194069927,0.005322415177548015,0.0016329999999998878,0.0016329999999998945,0.0016329999999999082,0.0010063299999999373,0.001006329999999924,0.0010063299999999381,-0.05404090281272275,9.651965648965279,0.22472293610591676,-0.002985310352342613,-0.00472627500325316,0.004283980046056742,-14.763375568389893,-20.240625743865966,0.5431875151395797,983.2298950195312,-0.12491970805452765,25.05858504570568
2025-03-01T16:57:15Z,40.28889339139255,-76.09807393387901,82.66906881612483,-8.917136774895537,-7.523694488079428,-1.0748963144747472,1.4146201899656907,0.02467399219246638,3.453291817973716,0.0009999999994549432,0.0010000000037441845,0.0010000000001371056,0.0009999999976872253,0.000999999993901988,0.0009999999937593993,0.000033993171285861794,0.00003400063944372852,0.8014368745032927,21.919449674536743,27.59979270175414,0.01640086157218967,0.00042899544461665463,0.0004531256674374171,0.005333304631602795,0.001633999999999887,0.0016339999999998949,0.0016339999999999083,0.0010063399999999376,0.0010063399999999233,0.0010063399999999376,-0.15468981805907253,9.544950209504375,0.6554963843029202,-0.014972279613249383,-0.003228154184018224,-0.008205199554919874,-13.947938098907471,-20.12925073623657,-0.714000021032989,983.128916015625,-0.21083526717750467,24.499775687276138
2025-03-01T16:57:16Z,40.28306604684106,-76.09821088879856,82.54515451618451,-9.55093499831195,-8.513413974693217,-1.2763334559830224,1.4110200219450104,0.03930637529476617,3.4475763572338605,0.0009999999992816022,0.0010000000036578035,0.0009999999997792014,0.0009999999977845244,0.0009999999940426146,0.0009999999937259025,0.0000349919031983232,0.00003500067888410172,0.8037643092835582,23.389227012114006,29.44801605831725,0.017949941552647612,0.0004396314511941177,0.0004608783336531808,0.005344631893161744,0.001634999999999887,0.001634999999999895,0.0016349999999999084,0.0010063499999999382,0.0010063499999999241,0.0010063499999999382,-0.19398114838644995,9.501855888998739,0.7691698523634295,-0.004522653316628823,-0.004166315958480323,-0.011812306362948572,-14.233125524520874,-20.332500734329223,-0.364500004760921,983.0839721679688,-0.2445012012617388,24.82182056452901
2025-03-01T16:57:17Z,40.276782037211504,-76.09829967312841,82.35830502996143,-10.378000768727793,-9.070356572334395,-1.2566858554936764,1.411488215285289,0.046819669136855945,3.444642789183998,0.000999999999056572,0.0010000000037128684,0.0009999999998105446,0.0009999999976014245,0.0009999999941271143,0.000999999993959516,0.00003599047921259165,0.00003600072203157076,0.8115616873739797,24.94464526734956,31.432299090287806,0.01960762327324976,0.0004491602714719344,0.0004689251593951554,0.005355064780840597,0.0016359999999998871,0.001635999999999896,0.0016359999999999094,0.0010063599999999384,0.001006359999999925,0.0010063599999999384,-0.29818073054343436,9.697502524950718,0.8900714602558104,-0.0021541341737537265,-0.002967785660266044,-0.004459897798750301,-14.516063041687012,-21.722250843048094,-0.6660000208392739,983.0941650390625,-0.03652582578552894,26.134520423480833
2025-03-01T16:57:18Z,40.26917210750974,-76.09830922408565,82.36719164914874,-11.36849540913915,-9.07633844520355,-1.2586716478787483,1.4139449614851833,0.05250425172562155,3.4509463201935233,0.0009999999992693805,0.001000000003642348,0.0009999999998788842,0.0009999999976550188,0.000999999994020569,0.0009999999939583936,0.00003698890657087928,0.00003700076880302657,0.8256239364962075,26.538198335412428,33.45233987576199,0.021505967313771954,0.0004563390456229826,0.0004779563088004371,0.005365230540932828,0.0016369999999998866,0.0016369999999998957,0.0016369999999999091,0.0010063699999999373,0.0010063699999999258,0.0010063699999999392,-0.4910500756640177,9.641556810375317,0.8781230370137251,-0.0029649481920133143,0.005241002156994578,-0.0009999998096352604,-13.515750560760498,-20.9437508392334,-1.1881875493749976,982.9882861328125,-0.08544849431553023,24.954467665932313
2025-03-01T16:57:19Z,40.26235902322177,-76.0982523801142,82.23380969554402,-12.428147478995397,-8.601293835475659,-1.235500021710572,1.4193697511779495,0.0538265222025415,3.451819692506663,0.0009999999991893902,0.001000000003484876,0.0009999999999571454,0.000999999997593585,0.000999999993869065,0.0009999999940895272,0.00003798720437965314,0.00003800081892197785,0.8453426284960864,28.192634442955217,35.4880662866745,0.022751146359563934,0.00046173948088567115,0.00048672722242897433,0.005374777774395691,0.001637999999999885,0.0016379999999998943,0.001637999999999908,0.0010063799999999361,0.0010063799999999253,0.0010063799999999396,-0.4333431668174908,9.658067201610738,1.0048628829042086,-0.0006436622300173792,-0.0008269215709650584,0.0015656319652408894,-15.28818814277649,-21.125813436508178,-0.013125004209578062,983.1169555664062,-0.05954553122870259,26.07731202316776
2025-03-01T16:57:20Z,40.25604723020637,-76.09812950728757,82.039441347651,-13.584225542352446,-7.754620717034756,-1.2120431963550669,1.4166422585750649,0.05142289430906515,3.4511265145396917,0.0009999999991652656,0.0010000000033442028,0.0010000000003847131,0.000999999997515559,0.0009999999942680872,0.0009999999943859003,0.00003898540311768759,0.00003900087197381075,0.8681489822942042,29.90698291447789,37.476453998014705,0.02342705831162194,0.0004646605510062891,0.0004956330595859652,0.005383856072766579,0.0016389999999998851,0.0016389999999998942,0.0016389999999999077,0.0010063899999999365,0.0010063899999999256,0.00100638999999994,-0.30127963034727573,9.654745459381122,1.1035426193808375,-0.00943444046348568,-0.0029077009566988487,0.004312520747456601,-14.514188060760498,-20.06681321144104,-1.0650000349804758,983.20974609375,-0.057230560071958585,24.788512344804378
2025-03-01T16:57:21Z,40.248832722535404,-76.09787697205758,81.96539731738444,-14.868822620031835,-6.497111396105735,-1.3206901628145797,1.4143615806124816,0.05570877930501484,3.4484182715320975,0.0009999999992928402,0.0010000000031521964,0.0010000000006435915,0.000999999997600491,0.000999999994226574,0.0009999999942431983,0.00003998353985413772,0.000040000927323694575,0.8929032726519761,31.642979912880037,39.305851079815355,0.024973381899109078,0.0004654533328791005,0.0005045990266659712,0.005393674786439014,0.0016399999999998857,0.0016399999999998946,0.001639999999999908,0.0010063999999999364,0.0010063999999999256,0.00100639999999994,-0.25695226182596487,9.532045323686434,0.9045637317395337,-0.011058906605931939,-0.004176497231559266,-0.0029547674743934235,-14.805563106536866,-20.70206335067749,-1.671937566101551,983.1443481445312,-0.20133460685114876,25.50633058181912
2025-03-01T16:57:22Z,40.24136595271251,-76.09749836035948,81.91495558662034,-16.116710398309138,-4.620636670711029,-1.3107572509553793,1.4218839306080253,0.06280690905601495,3.4539165146605844,0.0009999999991239597,0.0010000000028063637,0.0010000000008181216,0.0009999999974754014,0.0009999999940930168,0.0009999999944406545,0.0000409816561970811,0.000041000984138321265,0.9193748762047329,33.49142877549317,40.97253770942025,0.026077419397337983,0.00046273650985567184,0.0005147115975086695,0.005403921850233607,0.0016409999999998863,0.0016409999999998951,0.0016409999999999088,0.0010064099999999355,0.0010064099999999247,0.001006409999999939,-0.3804781329316939,9.620892929073996,0.9738202518355078,-0.0032256506898312373,0.0042424213376193835,-0.005180918819789203,-14.596688060760497,-20.19693833351135,-1.9845000818371772,983.1327001953125,-0.10232846659182647,24.9983061750377
2025-03-01T16:57:23Z,40.23434817745413,-76.09702794167498,81.86520576666082,-17.303629790103177,-2.349760193379061,-1.2502205145237282,1.4372787547888866,0.06253354900593543,3.4550479841707085,0.000999999999071515,0.001000000002560116,0.0010000000005033723,0.0009999999975093801,0.0009999999941521023,0.0009999999943259307,0.00004197979418281202,0.00004200104160981679,0.9452596132673781,35.45798080600625,42.425075252406614,0.02643329399721863,0.0004575252610839429,0.0005245303309529656,0.00541332377239657,0.0016419999999998866,0.0016419999999998955,0.0016419999999999094,0.001006419999999935,0.0010064199999999242,0.0010064199999999385,-0.3703321737141591,9.665365448631023,1.0057003607741757,0.004518144891638404,-0.0009999999572281597,0.0006086108339664515,-14.24493803024292,-20.031938343048097,-2.1112500917166472,983.1798486328125,-0.05551809330467301,24.670866917213196
2025-03-01T16:57:24Z,40.22804380579813,-76.09649662359988,81.81574392310371,-18.394800517061135,0.24231302420284484,-1.1475264990079475,1.4512745056989784,0.06538138449169775,3.4535238075383563,0.0009999999989485624,0.0010000000027495352,0.001000000000437002,0.0009999999974579059,0.0009999999942207286,0.00099999999445093,0.00004297798770830751,0.00004300109915914579,0.9668902047098433,37.56446080416787,43.65192203258405,0.025493667574051325,0.00045090360564849593,0.0005340880336477295,0.005423126637145636,0.0016429999999998852,0.0016429999999998941,0.001642999999999909,0.001006429999999935,0.0010064299999999245,0.0010064299999999384,-0.35258802166137154,9.69981681892264,1.1310012437144117,0.003654088396909277,-0.002927728770315607,-0.0035486078659646447,-14.1969380569458,-20.60887580871582,-1.9267500707507133,983.246513671875,-0.00851830966181011,25.09957407626176
2025-03-01T16:57:25Z,40.22179634650716,-76.09585630691475,81.85200899348104,-19.27625622144921,3.0552346742207623,-1.149066951268333,1.475457719213599,0.06566229445662167,3.4529324408880617,0.000999999998952674,0.0010000000028676029,0.001000000000239787,0.000999999997672637,0.0009999999940568068,0.0009999999943662572,0.00004397625821660326,0.000044001156425295935,0.9827888601646035,39.76227330137357,44.6137526787248,0.024916482734609644,0.00044298441826256884,0.0005436132188591385,0.0054327763636868205,0.0016439999999998858,0.0016439999999998927,0.0016439999999999096,0.001006439999999934,0.001006439999999924,0.0010064399999999377,-0.40486858271950643,9.619941575365496,0.841074166237871,0.013334960307674058,-0.0022115481174189854,-0.0015701404242233613,-14.081063013076783,-21.225750789642333,-2.139187588468194,983.2366625976563,-0.11561015815417179,25.561344829051166
2025-03-01T16:57:26Z,40.216234254614164,-76.09518131712724,81.85125343329706,-19.94378633931908,5.8854917986609285,-1.0387901101010681,1.4870255369656162,0.05298248552569131,3.457758826768669,0.000999999998828725,0.00100000000293528,0.0010000000002900057,0.0009999999977869515,0.000999999994099824,0.0009999999944505845,0.000044974615870232376,0.00004500121322418909,0.993223645807739,42.1193488680866,45.4014823346472,0.02386549770095407,0.00043349657748046575,0.0005534472686318975,0.005441440498575623,0.0016449999999998855,0.0016449999999998911,0.0016449999999999083,0.001006449999999934,0.0010064499999999231,0.0010064499999999374,-0.37683267732108205,9.749393311179789,0.7842047511684483,0.0012601998521704085,0.0023699373255039406,0.011308925170322578,-15.082875652313232,-20.20481315612793,-1.984125067703426,983.29115234375,0.007081892582690728,25.291535863455323
2025-03-01T16:57:27Z,40.21123262872677,-76.09447983367332,81.8300849921638,-20.255916999063633,8.705381571951854,-1.0292990816042527,1.4937765860340435,0.04719908109239522,3.475336433897121,0.0009999999989732558,0.0010000000031150295,0.0010000000000980965,0.000999999997787047,0.0009999999941270208,0.0009999999945874845,0.00004597305826770757,0.00004600126974205249,0.9974678635616935,44.57927550724847,46.001885365031846,0.022298080409498135,0.00042374506751511514,0.0005640150553822683,0.005451076146332037,0.0016459999999998848,0.0016459999999998917,0.0016459999999999075,0.001006459999999934,0.0010064599999999233,0.0010064599999999374,-0.47658331049739466,9.657099049424534,0.7454037627345257,-0.003245679747420881,0.016079178413902186,0.0049634418354793704,-15.170625619888305,-21.51975065231323,-1.818000067435205,983.3373950195313,-0.08383688189660567,26.39223339229278
2025-03-01T16:57:28Z,40.206411599602546,-76.09372421698079,81.81855787729272,-20.488081046857218,11.763282581489513,-0.9843753255703097,1.5011345492001773,0.043009067555882345,3.4889607084913146,0.0009999999988895753,0.001000000003083602,0.0010000000001595779,0.0009999999978006831,0.00099999999415053,0.0009999999942848516,0.000046971568208159934,0.000047001326637130544,0.9941685849809027,47.175988676690544,46.54004747126149,0.0200696625319758,0.0004159611820310065,0.0005735112555533094,0.005460907051396753,0.001646999999999884,0.001646999999999892,0.001646999999999907,0.0010064699999999334,0.0010064699999999226,0.0010064699999999369,-0.45280479665960266,9.686860918041928,0.9300074103374294,-0.0018959350464466855,0.01251029272730017,0.002502291270298077,-16.33518816947937,-20.491688194274904,-1.6891875659674407,983.3468579101562,-0.03979978478280624,26.26020440068466
2025-03-01T16:57:29Z,40.20211497371797,-76.0929795953078,81.71077222285402,-20.765860609674426,14.344183655053198,-1.0097101925891259,1.5058085433004937,0.050299228715141926,3.4958731142392394,0.000999999998946837,0.0010000000029226003,0.0009999999998825148,0.0009999999977309496,0.0009999999941140837,0.0009999999939200594,0.00004797011987391889,0.000048001384558829865,0.9847427078851697,49.85144396543518,47.066661615534265,0.018948557478832822,0.0004110414444663778,0.0005818762882649506,0.005471674068331254,0.001647999999999884,0.0016479999999998933,0.0016479999999999067,0.001006479999999932,0.0010064799999999234,0.0010064799999999357,-0.22600378227696907,9.655843826415934,0.7562695301447118,-0.003015353073304127,0.006806050854183608,-0.009577142392207567,-14.309438095092773,-19.470375728607177,-1.4274375539645552,983.407861328125,-0.09397928521182312,24.205178374444586
2025-03-01T16:57:30Z,40.19797413525215,-76.0922117711663,81.5883424912085,-20.792715688143964,16.963319169198574,-0.9315748641570263,1.5146012325941463,0.04844236815636122,3.502486843131875,0.000999999998932856,0.001000000002992056,0.0009999999998879794,0.0009999999977598996,0.0009999999940534508,0.0009999999937837039,0.00004896868459114125,0.00004900144403255774,0.9714402941362806,52.66789286651319,47.6469053162479,0.01750576587053733,0.0004078297990342959,0.0005896736214158346,0.005481739782399222,0.0016489999999998825,0.0016489999999998917,0.0016489999999999053,0.0010064899999999318,0.0010064899999999237,0.0010064899999999355,-0.431747958124183,9.755654516852953,0.8077341725516998,0.0018303401972408926,0.006024945187311729,-0.0007047486693024543,-14.537063093185425,-20.538750801086426,-2.317500076778233,983.4365869140624,0.01621709367975426,25.269244520796367
2025-03-01T16:57:31Z,40.19396567770116,-76.09143350062665,81.4102944769264,-20.73664845717885,19.693787120364433,-1.020053949529065,1.5170820662351143,0.050493878172409176,3.5141745693073663,0.000999999999158994,0.0010000000029333003,0.0009999999999062725,0.0009999999976048899,0.0009999999940428239,0.0009999999935520409,0.000049967219735142,0.00005000150603272191,0.9532147011629608,55.55250693266404,48.29494963078468,0.01580162571015394,0.00040689650142971054,0.0005971995777326293,0.005492257922657547,0.0016499999999998814,0.0016499999999998905,0.0016499999999999041,0.001006499999999931,0.0010064999999999241,0.0010064999999999345,-0.5061248582534996,9.583291585283465,1.0272357684027282,-0.0038812456215779564,0.0114412797412075,-0.004451385910343657,-14.540250625610351,-20.312438259124757,-2.691375106573105,983.47478515625,-0.13118630046425264,25.124788064527188
2025-03-01T16:57:32Z,40.18931664281618,-76.09055520839345,81.25915602912374,-20.843375505808453,22.67276424982956,-1.0386008159235802,1.5148295416453643,0.06346542448321844,3.5076703433715157,0.0009999999992280442,0.0010000000027815099,0.0009999999997798439,0.000999999997421033,0.0009999999939834495,0.0009999999934324683,0.00005096566723279968,0.00005100157171124565,0.9306898337626884,58.54927822578259,49.15376785608414,0.015048048406947017,0.0004096252392270454,0.0006037215997382036,0.005503725153216319,0.001650999999999882,0.001650999999999891,0.0016509999999999045,0.001006509999999931,0.001006509999999924,0.001006509999999935,-0.30834041598770395,9.649253718013643,1.2393058839626938,-0.007621874258156894,-0.006022109850444371,-0.016917533649111326,-14.133375539779664,-20.60437572479248,-2.4675001016259195,983.4380126953125,-0.04960909969830864,25.10734157279555
2025-03-01T16:57:33Z,40.184457428277724,-76.08965539105706,80.97587889804667,-20.649485800596665,25.394277773550332,-1.2374528761985777,1.519934287450454,0.0699746637767869,3.4939219201113048,0.0009999999993379174,0.0010000000028255115,0.000999999999330424,0.0009999999977064436,0.0009999999937592295,0.0009999999934257645,0.000051963965160759125,0.000052001641991667766,0.9073050029036309,61.55067733694082,50.171220032267165,0.014843867711299214,0.00041454475452098544,0.0006098159505810594,0.0055145633388704405,0.0016519999999998812,0.0016519999999998903,0.001651999999999904,0.0010065199999999305,0.0010065199999999236,0.001006519999999934,-0.4788068047319581,9.474139109290839,1.0839057875575837,0.0011278456189692653,-0.013471822532629381,-0.010987639084992139,-13.707000608444213,-21.47118827819824,-2.5365001083910466,983.469892578125,-0.23537676983619876,25.59931669973155
2025-03-01T16:57:34Z,40.17892896341057,-76.0886943494932,80.49710504225949,-20.09729059590832,27.965652538238544,-1.5143772549600036,1.5115307403405438,0.0528362174780415,3.4913418645622385,0.0009999999991500601,0.0010000000024056564,0.000999999999393375,0.0009999999980012727,0.000999999993661573,0.0009999999932788154,0.00005296205784762706,0.00005300171757298797,0.8861612403989646,64.55956156451832,51.390135391716306,0.014866567678826772,0.0004199176892549139,0.0006158628590973683,0.005523247647250925,0.00165299999999988,0.0016529999999998892,0.001652999999999903,0.0010065299999999294,0.001006529999999924,0.0010065299999999348,-0.49835406825832895,9.397654328015113,0.9410268169198713,-0.012558863179388353,-0.0033983952691051898,0.01275447160488942,-12.956625547409057,-20.614313373565675,-3.845250166505575,983.4883666992188,-0.32584501190480614,24.649695700971392
2025-03-01T16:57:35Z,40.17307608230639,-76.08772885782506,79.79854481842378,-19.349098450370928,30.430245836849096,-1.6296611367290061,1.510815246059635,0.05499485549366293,3.4959739565545136,0.0009999999992895588,0.0010000000027079086,0.0009999999993414198,0.0009999999983923064,0.0009999999936163592,0.000999999993205219,0.00005395988873956187,0.00005400179927150033,0.8682040343100224,67.66446434537984,52.89514667342453,0.015128595136688149,0.0004278594634929482,0.000621635267050946,0.005533950093959539,0.0016539999999998808,0.00165399999999989,0.0016539999999999036,0.0010065399999999302,0.0010065399999999243,0.0010065399999999347,-0.4936821822990546,9.550190900800207,1.114573796133807,-0.004237583236904395,0.005118829145788532,-0.006273799064231424,-14.205000581741333,-21.179813385009766,-3.131250124871731,983.5713647460938,-0.15625215577752047,25.693747206720115
2025-03-01T16:57:36Z,40.16648849049269,-76.08673444100029,79.0564636516199,-18.227272079324493,32.74836248709793,-1.658091348853095,1.5121567957106665,0.04960502857719073,3.5024537425621327,0.0009999999991305954,0.0010000000029519857,0.000999999999232816,0.0009999999982834597,0.0009999999932445989,0.0009999999933207814,0.00005495739367937097,0.000055001888161061844,0.8534403788126772,70.82145507949767,54.67209164580084,0.015402259959912415,0.00043677241517699205,0.0006271276127111084,0.005543951885585621,0.0016549999999998812,0.0016549999999998912,0.001654999999999905,0.001006549999999931,0.0010065499999999238,0.0010065499999999347,-0.625879744300122,9.629012793616416,1.0933437073935972,-0.0012929146326345255,0.006745965418957261,0.0010178569750065927,-14.380313081741333,-21.067688217163084,-4.214812671989202,983.6308276367188,-0.07312624489285977,25.853489175304485
2025-03-01T16:57:37Z,40.15931428996171,-76.0857468813197,78.302893963267,-17.063829117982273,34.871683696108434,-1.6523167557226348,1.5082716334664361,0.050599992496782806,3.503132916351314,0.000999999999467979,0.0010000000032054047,0.0009999999991807712,0.0009999999984457726,0.0009999999930401977,0.0009999999933058147,0.00005595450302819639,0.0000560019854056481,0.8425816633059959,74.01468440984029,56.74151036505384,0.01641944158199464,0.00044679667886045847,0.0006325125682588048,0.005554527435318912,0.0016559999999998822,0.0016559999999998913,0.001655999999999905,0.0010065599999999307,0.0010065599999999235,0.0010065599999999342,-0.503213593990604,9.657947594957578,1.2542747581161782,-0.005031707329200776,0.0015656324684808238,-0.005795288386827546,-13.793625535964965,-20.7448131942749,-3.9714376455545426,983.7104736328125,-0.032411247545190994,25.226595617971842
2025-03-01T16:57:38Z,40.1519700135856,-76.0848150413187,77.58655008154322,-15.815958291521746,36.60131900181452,-1.484236486125432,1.5170130432402924,0.053685762858891,3.4973272549642083,0.0009999999994346786,0.001000000003001925,0.0009999999990987713,0.00099999999829886,0.0009999999928868087,0.0009999999936152353,0.000056951146775405656,0.00005700209217101867,0.83706573376615,77.27206212049569,59.1180358270794,0.01785225927990389,0.0004571265211715068,0.0006379163808174903,0.00556520938252339,0.0016569999999998832,0.0016569999999998923,0.001656999999999906,0.0010065699999999302,0.0010065699999999228,0.0010065699999999337,-0.5235525883331542,9.822254879312489,1.2682727744587508,0.009191260466043683,-0.004634644913667467,-0.008014764396298835,-13.401938047409057,-21.449625701904296,-4.338000165224075,983.819580078125,0.1329640536751088,25.66152795734411
2025-03-01T16:57:39Z,40.14349541206733,-76.08389484769695,77.17486174908383,-14.214171009064257,38.08166690368078,-1.167015778962186,1.5253590375924397,0.02870720038039687,3.4887868508607114,0.0009999999995414567,0.001000000002835596,0.0009999999992867075,0.0009999999979662722,0.0009999999929236577,0.0009999999938590037,0.00005794726069822157,0.00005800220958830421,0.8377116200322773,80.59015579664727,61.762770523632696,0.019629654898932484,0.00046584038009063434,0.0006434212487000323,0.005572916456272606,0.001657999999999884,0.0016579999999998933,0.001657999999999907,0.00100657999999993,0.0010065799999999228,0.0010065799999999336,-0.519261852414072,9.969225099654402,1.2529175160993964,0.010233402928320997,-0.008555696260719916,0.019674267845013655,-14.395875549316406,-20.758500728607178,-2.8794376170635223,983.8293188476563,0.2762200939239546,25.425285762702465
2025-03-01T16:57:40Z,40.13596966666395,-76.08311123489649,76.74770054126095,-12.589218263547995,38.9384464287178,-1.2191490490332595,1.5196835153218067,0.02372755030357926,3.492210591450511,0.0009999999993144672,0.001000000002900883,0.0009999999991273615,0.0009999999976498793,0.00099999999271676,0.0009999999943133748,0.00005894279928076589,0.00005900233845306662,0.8442366955989555,83.76498274185496,64.46766599333924,0.02085648309191105,0.0004740327924337571,0.0006493900460366594,0.005582618758010952,0.0016589999999998821,0.0016589999999998925,0.0016589999999999064,0.0010065899999999288,0.0010065899999999236,0.0010065899999999323,-0.5219573656393597,9.624129016237601,1.0482128491408806,-0.003300923956891484,0.004283980245482946,0.0012805616883658927,-14.077688026428223,-20.13243824005127,-3.04068761754781,983.973251953125,-0.08983284878888216,24.753578110428563
2025-03-01T16:57:41Z,40.330811750652394,-76.08559742271763,80.08324902671158,-8.51951859137327,12.28333789743018,-0.5873821862368449,1.4418103829375455,0.038254467224402997,3.504034351831856,0.000999999998956457,0.0010000000032676355,0.0009999999988536397,0.0009999999974709991,0.000999999992561105,0.0009999999942918224,3.0693946825604647e-10,3.069391392730252e-10,0.41465936488208893,0.5506822860878345,0.5496753765092439,0.012171258048452762,0.00017547694685545763,0.0001803091922496408,0.0055076122378743915,0.0016599999999998831,0.0016599999999998933,0.001659999999999907,0.0010065999999999292,0.001006599999999923,0.001006599999999933,-0.45077219849680017,9.71142787407757,1.1315504132478873,-0.006510300611177413,0.003030705919734147,-0.005461315982502322,-14.355000562667847,-20.512875690460206,-3.0830626073479652,984.0393579101562,0.005780341339397469,25.225915453571236
2025-03-01T16:57:42Z,40.33082829447311,-76.08545328571323,79.5217767359026,-8.437730881098815,12.179085952539623,-0.5946678401666439,1.4422450736277426,0.041259583532744025,3.501892051465506,0.0009999999990665126,0.0010000000032466506,0.0009999999987560992,0.0009999999975025358,0.0009999999925667763,0.0009999999941754881,1.0003069465932949e-6,1.0003069630799694e-6,0.4580047212174093,0.5934283681055375,0.591799260548834,0.012570694719832326,0.0001851052748669522,0.00019028895246603472,0.005518008836998307,0.0016609999999998828,0.001660999999999892,0.0016609999999999056,0.0010066099999999287,0.0010066099999999241,0.001006609999999932,-0.43198723683401896,9.718406215346565,1.1310443948121407,0.0005678859464793866,-0.001773762203687064,-0.0032805619694952753,-14.205000591278075,-20.540250816345214,-2.209687596708536,984.0767602539063,0.011811660487583923,25.071180778925928
2025-03-01T16:57:43Z,40.33084472107486,-76.08531015853761,79.00467496112402,-8.233615136974462,12.125241184862585,-0.6113485296717447,1.4362314973476025,0.0417663276755468,3.503302547357748,0.000999999998867264,0.0010000000036050859,0.0009999999986896656,0.0009999999973020475,0.0009999999925423548,0.0009999999942614437,2.0003069687889523e-6,2.000307038983572e-6,0.5056378874274273,0.6706890509955793,0.669873241509756,0.01287452019147314,0.000194392584483361,0.00020031549644413906,0.00552801245111414,0.0016619999999998834,0.0016619999999998925,0.0016619999999999062,0.001006619999999929,0.0010066199999999247,0.001006619999999933,-0.5807410436508534,9.692244759238493,1.1650224735749286,-0.005805469699859419,0.001484183533099819,-0.0003178676988426296,-14.325938062667847,-21.224250679016112,-3.2754376244544985,984.0791162109375,-0.0024436359179981267,25.815250820459287
2025-03-01T16:57:44Z,40.33086031700918,-76.08516888969783,78.43474209605249,-8.115135980593854,11.869944364224693,-0.6639599413881156,1.4315525806251437,0.03183805805920302,3.5029741883791545,0.0009999999989955407,0.0010000000036462602,0.0009999999987739942,0.0009999999975588052,0.0009999999925773978,0.000999999994093784,3.0003070056948497e-6,3.000307176449728e-6,0.5539211017907748,0.7852175074484835,0.7840190290005931,0.01287256285282502,0.00020333650786434382,0.00021031144496996368,0.005536618926980855,0.0016629999999998842,0.001662999999999891,0.0016629999999999048,0.0010066299999999281,0.0010066299999999247,0.0010066299999999325,-0.38236101408641426,9.681811815226967,1.057529816691349,-0.004457394592126765,-0.0016559289374325744,0.009800289782159051,-14.120250606536866,-20.374500732421875,-2.9840626149252056,984.17318359375,-0.03478575816946047,24.968056361701162
2025-03-01T16:57:45Z,40.330872222166555,-76.08503194478739,77.831421944122,-7.996667060097963,11.42537198108625,-0.741805299582665,1.4343203635150261,0.03297338284654006,3.4971680914826884,0.0009999999989956261,0.0010000000035762975,0.0009999999988336587,0.0009999999976009909,0.0009999999927861997,0.0009999999941754409,4.000307045363546e-6,4.000307389484803e-6,0.5992105215379185,0.9408518476303618,0.9352980627029097,0.012674052845528921,0.00021239524689334107,0.00022022701936648658,0.0055466628092474025,0.001663999999999885,0.0016639999999998895,0.0016639999999999032,0.001006639999999928,0.0010066399999999244,0.0010066399999999317,-0.2737020173866812,9.679841954545507,0.8947531525610478,0.003276053545876608,-0.005520399674801185,-0.001885754076600919,-13.612125616073609,-20.334375648498536,-2.298375089764595,984.2208715820312,-0.05667443031681497,24.577567337240815
2025-03-01T16:57:46Z,40.33087561550189,-76.08490054690255,77.23850096143346,-7.856558386310574,10.995088024486645,-0.7895154366046099,1.4339734983443506,0.03799444803767325,3.495049579307072,0.0009999999990099437,0.0010000000035788551,0.0009999999987829558,0.0009999999978696995,0.0009999999927990805,0.000999999994313803,5.000307041848394e-6,5.000307696903768e-6,0.6390944587627799,1.1392017046027465,1.126117107417109,0.012527363354219622,0.00022147803439093113,0.00023018669438074307,0.005557152412787279,0.0016649999999998847,0.001664999999999889,0.0016649999999999029,0.0010066499999999282,0.0010066499999999247,0.001006649999999932,-0.3334062132923057,9.698757654155218,0.9071350329236844,0.00026929608886864425,-0.0012453475145120566,-0.00517090396694154,-14.474625606536865,-20.30231330871582,-2.247187608256936,984.2352807617187,-0.03479220901719152,25.034895824857873
2025-03-01T16:57:47Z,40.33086219566677,-76.08477595914717,76.68429922836245,-7.6987961757001315,10.361370030650649,-0.827565305226217,1.4409974624027562,0.02647263113633836,3.49254095514007,0.000999999998853984,0.0010000000034391953,0.0009999999989740269,0.0009999999979959026,0.0009999999928762974,0.0009999999941143925,6.000306884210483e-6,6.0003081221213176e-6,0.6723273424454498,1.387159547224736,1.3581327064265436,0.012403957211077595,0.0002304670336827021,0.00024013833310707918,0.005565500525444863,0.0016659999999998857,0.0016659999999998904,0.0016659999999999017,0.001006659999999928,0.0010066599999999245,0.0010066599999999316,-0.2521267375967189,9.730170956290163,0.6967072044598313,0.00781681494957679,-0.003759072963165179,0.011237657550199736,-14.32706304550171,-20.163563270568847,-2.0443125781416893,984.2440673828125,-0.02317141617181718,24.819562845739668
2025-03-01T16:57:48Z,40.33082962547521,-76.08465816347696,76.08050560564482,-7.483767992303941,9.886705099236877,-0.9585170941340027,1.4437575531665918,0.024127824010686996,3.494073544218259,0.0009999999985139166,0.0010000000033403855,0.000999999998990072,0.0009999999980518008,0.0009999999928997786,0.0009999999938124892,7.000306357488107e-6,7.000308694681852e-6,0.6989905863205288,1.675612525506603,1.6317828874981444,0.012441640664463453,0.0002397696487070598,0.0002501384996080812,0.0055750226700171535,0.0016669999999998858,0.0016669999999998906,0.0016669999999999032,0.0010066699999999274,0.001006669999999924,0.001006669999999931,-0.2937873485145287,9.62042215790952,0.7706656906509985,0.0033837058627941997,0.0014885230093337988,0.0026902239249110287,-13.734000577926636,-20.417438220977782,-2.234062595628202,984.2976049804688,-0.12574520849486479,24.707955583511712
2025-03-01T16:57:49Z,40.330759762053106,-76.08454629484193,75.4659449000143,-7.3144859657602295,9.389817715149228,-1.0262470676641091,1.4426566638571303,0.02261107194520694,3.4959363975635713,0.0009999999981610858,0.0010000000032435211,0.0009999999991374307,0.0009999999983192414,0.000999999993033216,0.0009999999937102847,8.00030510085338e-6,8.00030944931582e-6,0.7201313712527158,2.014431053483224,1.9515414351756135,0.012572952532306014,0.0002493250637701387,0.0002601403266024555,0.005584666200488122,0.0016679999999998842,0.00166799999999989,0.0016679999999999026,0.0010066799999999267,0.001006679999999923,0.0010066799999999302,-0.22951456006219392,9.67720983727439,0.7736364513422218,-0.0004909461354757438,0.0019728751855813595,0.0019626943703411476,-13.215938062667847,-19.925625743865968,-2.291437591314316,984.312666015625,-0.07060217810516799,24.019571493155453
2025-03-01T16:57:50Z,40.330632060320625,-76.08443869199914,74.93080733637092,-7.04276666734847,9.105784074529137,-1.0127606412727486,1.4380694458883052,0.02424409814092436,3.506977447971305,0.0009999999979805664,0.0010000000030623046,0.0009999999994689407,0.0009999999982730095,0.0009999999929186532,0.000999999993846386,9.000302566276961e-6,9.00031042752861e-6,0.7369876060028744,2.396857399868935,2.325457061987944,0.012723352980035529,0.00025901446281972814,0.00027024659471454907,0.005594662792482835,0.001668999999999884,0.0016689999999998893,0.001668999999999902,0.001006689999999927,0.001006689999999924,0.0010066899999999304,-0.40674295371586966,9.720519978837903,0.973636548882592,-0.004298670093516787,0.011512546887525534,0.00010973782379818456,-13.342313013076783,-19.56225073814392,0.3110625200718641,984.3072338867188,-0.003743016673319868,23.681075001879258
2025-03-01T16:57:51Z,40.33042652347254,-76.08433503870555,74.46833732720012,-6.776665594440592,8.481048901721993,-1.0747712857730671,1.4402355838917884,0.02006405225576995,3.516905150936422,0.000999999997787088,0.0010000000032358654,0.0009999999995702672,0.0009999999983830645,0.0009999999928884116,0.0009999999939819472,0.00001000029797785585,0.000010000311676337067,0.7504824338754919,2.8438704686989382,2.74782082287338,0.01317580564620323,0.0002687950287591788,0.0002803285677783743,0.005604000669222837,0.0016699999999998832,0.0016699999999998877,0.0016699999999999014,0.001006699999999928,0.0010066999999999242,0.0010066999999999297,-0.26887845464603044,9.682949361078922,0.64380686694681,0.0022220609888879443,0.009640062616879486,0.005814647124760389,-15.989813165664673,-19.58662575721741,-2.3058750910311936,984.301484375,-0.07324161655291515,25.3894565137941
2025-03-01T16:57:52Z,40.33011258992472,-76.08423623266299,74.00293785619665,-6.563211216269803,7.714393813241543,-1.237668760385814,1.4419349759359332,0.03740532648330884,3.524011049278826,0.000999999997779583,0.0010000000030260373,0.0009999999997131303,0.0009999999982795197,0.0009999999931208186,0.0009999999940106569,0.000011000290307200505,0.000011000313247581597,0.7617336409344376,3.3516867519742948,3.2165123900750396,0.014003068282046928,0.00027895588442921807,0.00029037302226907316,0.00561588624231054,0.0016709999999998837,0.001670999999999888,0.001670999999999902,0.0010067099999999285,0.001006709999999925,0.0010067099999999292,-0.23166810083664696,9.594378319419167,0.4592195545880075,0.0012907427984238673,0.009588322608315084,-0.015854195160826808,-13.32431305885315,-20.36868818283081,-2.9681251133978366,984.288232421875,-0.17305160916334478,24.519951890860252
2025-03-01T16:57:53Z,40.32973159636574,-76.08413952427777,73.444662321269,-6.5017228592299565,7.3506505404214,-1.2367378194365433,1.444948847306291,0.04837657341332632,3.526070942830595,0.0009999999979806223,0.0010000000027142538,0.000999999999905505,0.0009999999982794282,0.0009999999928055568,0.0009999999943327163,0.000012000278258381264,0.00001200031519612383,0.7722568235732641,3.9039780145712406,3.7411387788270964,0.014482933797977788,0.0002890346284372016,0.0003003614196438486,0.0056271391811233374,0.0016719999999998821,0.0016719999999998865,0.0016719999999999003,0.0010067199999999285,0.0010067199999999248,0.0010067199999999285,-0.3808311800963836,9.707034562279848,0.8251514370653166,0.002161976344649673,0.0035814857463302664,-0.010248092104264157,-13.972313089370727,-20.820188159942628,-2.8333126180619,984.3690698242187,-0.031682039578116584,25.233526366953303
2025-03-01T16:57:54Z,40.32921936712974,-76.08403962081884,72.95706289330118,-6.526863618710427,6.987930002143438,-1.2503162662977427,1.4514649346640605,0.05408485267755611,3.525702713230263,0.0009999999982391711,0.0010000000024498676,0.0009999999997039946,0.0009999999986309307,0.000999999992986289,0.000999999994840379,0.00001300026027390427,0.000013000317580115689,0.7827632036043555,4.517464918442412,4.314430275135739,0.01508281164343437,0.0002987355212741655,0.0003103280923149042,0.005637797231212254,0.0016729999999998814,0.0016729999999998857,0.0016729999999998996,0.0010067299999999288,0.0010067299999999254,0.0010067299999999288,-0.382615336051054,9.694956627525158,0.7274549751475157,0.0050882858561173,0.0003235405974322742,-0.0053676830068174475,-13.406063032150268,-19.788563270568847,-2.5023751022294163,984.3821826171875,-0.05138805008682904,24.032669233944105
2025-03-01T16:57:55Z,40.328527242022496,-76.08393189810299,72.5933930020538,-6.520212758857972,6.726931047307414,-1.2079696001770652,1.4563362463527778,0.05834816225945266,3.52893736153837,0.0009999999981991086,0.0010000000021321922,0.0009999999999292732,0.0009999999985116379,0.000999999993117303,0.0009999999949227058,0.0000140002345686104,0.000014000320456318922,0.7938090469534564,5.193794858561406,4.943975289933762,0.01579727120335952,0.0003078762621515591,0.00032034462588434887,0.005648241661270918,0.0016739999999998817,0.0016739999999998863,0.0016739999999999002,0.0010067399999999294,0.0010067399999999257,0.0010067399999999292,-0.49962435544121636,9.740978645322258,0.6422306059018253,0.002369937279699391,0.003489856166017786,-0.003575813288840686,-12.616875505447387,-21.281625728607178,-2.651250094473362,984.3611596679688,-0.006190732468371291,24.882116641737994
2025-03-01T16:57:56Z,40.32762253357831,-76.08380867749769,72.3687543098549,-6.776803740407289,6.996926375354599,-1.2016830244628143,1.4467171164432973,0.05160196816789067,3.527247299755908,0.0009999999982015107,0.0010000000022701895,0.000999999999671088,0.0009999999982380553,0.0009999999928507453,0.0009999999947353727,0.000015000199162479635,0.000015000323880142634,0.804851590377506,5.893887497801075,5.606309301984832,0.015600884203042467,0.00031610699476887483,0.00033031007630904594,0.005657313039272974,0.001674999999999881,0.0016749999999998856,0.0016749999999998994,0.0010067499999999287,0.0010067499999999252,0.0010067499999999287,-0.43363017992141006,9.6414869005776,1.1040525721712897,-0.012809217680062641,-0.002927728483013618,0.006675866394888549,-13.734000606536865,-21.14400074005127,-2.775562613643706,984.3229760742188,-0.06694884204178497,25.365186749417166
2025-03-01T16:57:57Z,40.326579712026955,-76.08367015059946,72.17048580087408,-6.986962968435919,6.987604620702936,-1.175932442108911,1.4501792347904396,0.04503408938001865,3.5257315475386433,0.0009999999982430075,0.0010000000021323208,0.0009999999997527687,0.0009999999981405308,0.0009999999927508552,0.0009999999949725383,0.000016000151935790767,0.000016000327902077,0.8155242230423545,6.689159715017263,6.315283122069055,0.01621181528912652,0.0003237133715836569,0.0003402810668279818,0.0056664243856166824,0.001675999999999881,0.0016759999999998857,0.0016759999999998994,0.0010067599999999284,0.001006759999999925,0.0010067599999999282,-0.2891756099388645,9.710270745593027,0.7461588679903062,-0.00035859183041980726,-0.0029344051505619537,0.006340558672078117,-13.179000549316406,-20.951438312530517,-3.0298126216232775,984.3489965820313,-0.03793627265677993,24.93644004680852
2025-03-01T16:57:58Z,40.32534886384835,-76.08351241618968,72.01699304835677,-7.163432387836678,7.050102863700912,-1.2136082923792542,1.4535822247642969,0.04871579858331823,3.52858950404671,0.000999999998242538,0.0010000000023079828,0.0009999999997780946,0.0009999999983961437,0.000999999992851667,0.000999999994772662,0.00001700009077156905,0.000017000332563467622,0.82708205193512,7.550605374409528,7.057015838183642,0.017067738129172314,0.0003308043042540549,0.000350301211138397,0.005676742644518084,0.0016769999999998802,0.001676999999999885,0.0016769999999998986,0.0010067699999999273,0.0010067699999999238,0.0010067699999999273,-0.3017895734952751,9.653294092144943,0.6089736415707215,-0.0014130848171011255,0.0024098270055273982,-0.0035385938988740538,-13.875375556945801,-21.427313289642335,-2.732812626063824,984.345205078125,-0.10394251984428436,25.673360632610116
2025-03-01T16:57:59Z,40.32387360398413,-76.08332654083874,71.9339580540282,-7.3540200384387155,7.42402435010597,-1.2103831237927074,1.4567958226002686,0.04802854273707955,3.5348170061243063,0.000999999997903682,0.0010000000020872306,0.000999999999492949,0.0009999999983653649,0.0009999999928467487,0.0009999999946808528,0.000018000013654045424,0.000018000337894714352,0.8396214677415195,8.469093713524323,7.82943096659123,0.017667934012304817,0.00033684679640925193,0.0003603410656500558,0.005686460474289842,0.0016779999999998803,0.0016779999999998849,0.001677999999999899,0.0010067799999999277,0.0010067799999999242,0.0010067799999999277,-0.3816980854814061,9.669473035174287,0.6809145711606726,-0.002761327235092907,0.004945750689588454,0.0008834995885731755,-14.428313093185425,-21.08400077819824,-2.769000111222267,984.3122631835937,-0.08024551872086236,25.697782907427868
2025-03-01T16:58:00Z,40.32217212041324,-76.08310659286803,71.94785609673282,-7.6815110247576515,8.325841253206669,-1.1465082089236596,1.4644781456159524,0.046463239666618916,3.536483962511852,0.0009999999980057103,0.0010000000021777625,0.0009999999997053154,0.0009999999985337538,0.000999999992558045,0.0009999999946230195,0.000018999918621931573,0.00001900034392306607,0.85136365120537,9.422347641079499,8.621508065057352,0.0173030202703315,0.00034209318958901286,0.0003702943414958474,0.005696084428923229,0.001678999999999879,0.0016789999999998835,0.0016789999999998998,0.0010067899999999285,0.001006789999999925,0.0010067899999999285,-0.40255552128741123,9.685544807749887,0.9911838966513776,0.0011104882334934006,0.00007652331238316296,0.0009277291250032649,-14.136938095092773,-21.271688327789306,-3.2761876225471496,984.2840209960938,-0.03683061596602781,25.750116898259044
2025-03-01T16:58:01Z,40.32024723847127,-76.08284742573986,72.09867258546967,-8.04026556052228,9.709223933663562,-1.0343432360547657,1.4711435382427382,0.0459509038000478,3.543942049552473,0.000999999998134011,0.0010000000021809852,0.0009999999994348948,0.000999999998404073,0.0009999999925191213,0.0009999999944038892,0.000019999803464557266,0.00002000035069292715,0.8593812813627284,10.41181265247587,9.438070131890603,0.016181587244267135,0.0003467893176135692,0.0003802643168514054,0.00570574867365987,0.0016799999999998793,0.001679999999999884,0.0016799999999998988,0.0010067999999999293,0.0010067999999999256,0.0010067999999999293,-0.5082391729430796,9.701503563925645,1.2269887297460855,-0.0007251107624116951,0.005750055111159947,0.00021154878777698838,-14.300813074111938,-21.3058131980896,-3.073125123977661,984.2462036132813,0.01054782019386789,25.843614125489914
2025-03-01T16:58:02Z,40.31828635383216,-76.0825647476555,72.29100500262614,-8.492077977599102,10.842069354097337,-0.9080804733603155,1.4827160087583482,0.0534795862913855,3.543602811337135,0.0009999999982010504,0.0010000000021343472,0.0009999999994915003,0.000999999998548251,0.0009999999926648309,0.0009999999943769548,0.000020999665647969585,0.000021000358260334135,0.8633237304194432,11.502264714781814,10.274017975826068,0.01568338995248098,0.00035161846184969173,0.0003901204644059488,0.0057163656161281365,0.0016809999999998786,0.001680999999999883,0.0016809999999998992,0.0010068099999999288,0.0010068099999999253,0.0010068099999999288,-0.33272497994390293,9.764109252927506,0.9417322462478406,0.004894844908854265,-0.0012748893416610588,-0.008707077407134126,-13.659563016891479,-19.9192506980896,-3.06150012254715,984.2741259765625,0.03349111274762324,24.346057350305724
2025-03-01T16:58:03Z,40.316542562028744,-76.08228331516973,72.45936342244445,-8.842738286942412,12.008729564546535,-0.6631577110411053,1.503745191700315,0.05011034188896391,3.543213055410513,0.0009999999981375426,0.0010000000022214123,0.0009999999996165765,0.0009999999983275822,0.000999999992611616,0.0009999999942488938,0.000021999502286507028,0.000022000366691867117,0.8638590658163651,12.661089488475183,11.155767579997269,0.014890195543561314,0.00035609652382383937,0.00039993635254902365,0.005725675943926095,0.0016819999999998778,0.0016819999999998813,0.0016819999999999,0.0010068199999999279,0.0010068199999999261,0.0010068199999999279,-0.46642361668192234,9.90069625203904,0.95216716072918,0.015590987908059803,-0.00209655211841182,0.0022395862030430234,-13.417313032150268,-21.066188278198243,-1.564875061661005,984.3792456054688,0.17560345273962977,25.025084567288072
2025-03-01T16:58:04Z,40.3147329772087,-76.081982646646,72.71514209635947,-8.863833224480224,13.03785419496469,-0.647194855120133,1.5050507597544,0.047791012543694285,3.560954140814793,0.0009999999978388381,0.0010000000024162337,0.0009999999997705271,0.00099999999851412,0.0009999999927720504,0.0009999999938284597,0.000022999309923619674,0.00002300037607386901,0.8616751465879103,13.881847152576931,12.065899269601182,0.014467482841278592,0.0003607834853329194,0.0004097792375321867,0.005734929649653797,0.001682999999999878,0.0016829999999998806,0.0016829999999998986,0.0010068299999999271,0.0010068299999999263,0.0010068299999999271,-0.659664318793143,9.694797173179948,0.5831677662144215,-0.004675369773337622,0.016114394652517388,0.0023393943773778467,-14.290125589370728,-19.791188373565674,-2.2738125870749353,984.3733227539062,-0.04712454803575872,24.516658587190747
2025-03-01T16:58:05Z,40.31279980295269,-76.08165967930081,72.9493077943205,-8.8776908757567,14.245811327235758,-0.6773166583421164,1.509868365296912,0.053145871636465364,3.587387730813601,0.000999999997713257,0.0010000000025260792,0.000999999999683195,0.0009999999983868614,0.0009999999928757474,0.0009999999939092879,0.000023999084455124092,0.000024000386507947044,0.8574548570005815,15.151160410594033,13.013868452503505,0.013874104611282693,0.0003661928556324825,0.000419514711043118,0.005744883513630655,0.001683999999999879,0.0016839999999998803,0.0016839999999998987,0.0010068399999999269,0.001006839999999926,0.0010068399999999269,-0.7466976751179853,9.63917248935145,0.7021368229723708,-0.0013830423092851631,0.025292221081613636,-0.004890508203321041,-14.416313095092773,-19.944188289642334,-2.366437587440014,984.351884765625,-0.08844826564255794,24.722423701964274
2025-03-01T16:58:06Z,40.31068780114108,-76.08131135298855,73.14416421181798,-9.081913921815216,15.641032326866544,-0.7319351727817016,1.516862067690713,0.05422576420806644,3.6015139660836195,0.000999999997475953,0.0010000000027069924,0.0009999999993144254,0.0009999999981471772,0.0009999999927675183,0.000999999993963378,0.000024998820332538176,0.000025000398134985207,0.8503728851091732,16.471178590154636,14.0017795978311,0.013169438729565415,0.0003720398117737392,0.0004292101422606057,0.005754525627111174,0.001684999999999879,0.001684999999999879,0.0016849999999998973,0.0010068499999999264,0.0010068499999999253,0.0010068499999999264,-0.694001314498681,9.608894768394489,0.8861389908098369,0.0016063564870494962,0.012754638434662884,-0.0014683297061727518,-14.998500595092773,-21.125438327789308,-3.5411251212656496,984.322705078125,-0.10753144188790006,26.14911209366384
2025-03-01T16:58:07Z,40.30868293858417,-76.0809645122457,73.16265315870011,-9.289314680966152,16.671792095330453,-0.7959971498702682,1.5232137291907533,0.05295481773580978,3.6081157367501264,0.0009999999973349738,0.0010000000026833943,0.0009999999993441455,0.000999999998025521,0.000999999992980982,0.0009999999936124815,0.00002599851090329061,0.000026000411116618777,0.841411066311105,17.89132585010661,15.053949116625494,0.012829120192379494,0.00037840576626015456,0.0004389647645044803,0.005764036562882541,0.0016859999999998775,0.0016859999999998775,0.0016859999999998961,0.0010068599999999272,0.0010068599999999246,0.0010068599999999272,-0.5778297776011344,9.633102217353658,0.6419115610824924,0.0022375834396321263,0.005342812780305568,0.0006493351758714821,-13.566938047409058,-19.964438209533693,-3.222562608346343,984.3849389648437,-0.11050224405217435,24.352064095864012
2025-03-01T16:58:08Z,40.30665520930736,-76.08061243847152,73.0948397758226,-9.579484277452108,17.666383536243124,-0.7884558334389212,1.5264776314658726,0.05368975086078829,3.6164954881051576,0.000999999997478779,0.0010000000025507793,0.0009999999993734244,0.0009999999978176728,0.0009999999933157852,0.0009999999933059066,0.000026998148817698868,0.000027000425623547016,0.8318813996677332,19.39611796124919,16.18484619712471,0.012536834124898559,0.0003855425549191241,0.00044872852519246267,0.005773740273615573,0.0016869999999998767,0.0016869999999998767,0.001686999999999895,0.0010068699999999271,0.0010068699999999237,0.0010068699999999271,-0.5199286954674297,9.712761571975276,0.6957821063510914,-0.00037161076024868895,0.007346816333403679,-0.0011452055306529268,-13.001438093185424,-21.340313243865968,-3.652875123620033,984.4223461914063,-0.03083954536296513,25.254450725272644
2025-03-01T16:58:09Z,40.30434951201605,-76.08023875031853,73.04632849264378,-9.940537427546735,19.09620292277968,-0.8105376709172913,1.524157804657096,0.052164430430049695,3.625312778621842,0.000999999997779876,0.001000000002409471,0.0009999999993889615,0.0009999999980478947,0.0009999999931279988,0.0009999999934937724,0.00002799772388495604,0.00002800044189624471,0.8209554698276174,20.92904794470219,17.395670110051558,0.012360833384516264,0.00039338630245680777,0.0004585085669935106,0.0057832788444585346,0.001687999999999877,0.0016879999999998773,0.0016879999999998955,0.0010068799999999275,0.001006879999999924,0.0010068799999999275,-0.6650082888279976,9.654637613929742,1.1373454869817998,-0.005662934738978192,0.007715003813160998,0.0011991127970009654,-15.632438163757325,-20.12625082015991,-3.9129376351833343,984.4050952148438,-0.03841260122499576,25.782698560216424
2025-03-01T16:58:10Z,40.301949318702725,-76.07985980722746,72.8966454048567,-10.33549052670522,20.895299042254717,-0.9064911572514397,1.52075171551184,0.04658245710995037,3.6311231619201263,0.000999999997721732,0.001000000002408575,0.0009999999990781363,0.00099999999792267,0.0009999999931528413,0.0009999999938856328,0.000028997220177285692,0.000029000460295666474,0.8080520133150939,22.488876815181513,18.701723314709678,0.013199574044270837,0.0004019881908620987,0.0004683653791095628,0.005792574296539214,0.0016889999999998777,0.0016889999999998774,0.001688999999999896,0.001006889999999927,0.001006889999999923,0.0010068899999999268,-0.818600032022354,9.55224638085046,1.6478117018690122,-0.005779265842311035,0.004683045533914796,0.005333966927284503,-14.644500532150268,-19.942875728607177,-3.7245001447200776,984.4410571289062,-0.05490606357390846,25.020971931029152
2025-03-01T16:58:11Z,40.299349847638574,-76.07947826979188,72.64150055159519,-10.888778695815684,22.813897732496443,-0.9848160952404335,1.517407148664298,0.04084519964717718,3.6266865505633485,0.0009999999975667615,0.001000000002296034,0.0009999999991096398,0.0009999999979957497,0.0009999999929879407,0.0009999999937716554,0.00002999661523182786,0.00003000048127407896,0.7957519045415284,24.12723058362305,20.123915931428183,0.016121227622535844,0.0004113640325466208,0.0004784063543092189,0.00580204416301207,0.0016899999999998778,0.001689999999999878,0.0016899999999998975,0.001006899999999927,0.0010068999999999235,0.001006899999999927,-0.7373114079166083,9.552184843060946,2.0521215970724107,-0.004237583346450217,-0.005388045552033382,0.005251182692651873,-15.528563041687011,-19.32581325531006,-3.4687501308321953,984.4744287109374,0.014940417000930684,25.033038195755154
2025-03-01T16:58:12Z,40.29645212709888,-76.07910535850112,72.32411999202493,-11.308040726939623,24.15864364037926,-1.0374890777640877,1.5168153353268177,0.0461884282960873,3.626682669901828,0.000999999997612454,0.0010000000024684992,0.0009999999985610358,0.000999999997869547,0.0009999999928962436,0.0009999999938356753,0.00003099588504478522,0.00003100050522833864,0.7902931898379673,25.899779074256543,21.672101781832517,0.019798335740235175,0.00042150764666812855,0.0004883886118852631,0.005812375125730588,0.0016909999999998773,0.0016909999999998773,0.0016909999999998968,0.0010069099999999265,0.001006909999999923,0.0010069099999999265,-0.6504918324999083,9.590509882606753,1.757405606946246,-0.00041166760447610437,-0.00019385890553845703,-0.005271046681681589,-14.900438022613525,-20.337750816345213,-4.458187704086304,984.5044091796875,-0.01125937822897777,25.603124550908053
2025-03-01T16:58:13Z,40.29307311474278,-76.07875539524736,71.99720564272528,-11.693878140487504,25.27295811559059,-1.1004573703074412,1.513145366120217,0.05138756967916036,3.628314643022404,0.0009999999975184015,0.001000000002174672,0.0009999999986407967,0.0009999999977018574,0.0009999999927076451,0.000999999994358915,0.00003199501006837566,0.00003200053238014676,0.7974222606885886,27.763720930166585,23.289507417973976,0.0250047403825298,0.00043087330064733837,0.00049829150042108,0.005822708660378417,0.001691999999999876,0.0016919999999998761,0.0016919999999998978,0.0010069199999999268,0.0010069199999999234,0.0010069199999999268,-0.7043721773754442,9.553933063317004,1.8939978468862446,-0.0019672026557905555,0.0016572619791089187,-0.004665188590962851,-14.631938095092773,-21.153375778198242,-3.975187659263611,984.5135595703125,-0.017970136127734192,26.02610959639799
2025-03-01T16:58:14Z,40.2893178380539,-76.07845133158229,71.68415220333038,-11.95695884279944,25.970659691799526,-1.0853804651442842,1.512249489471087,0.05239694322204972,3.6247454005693256,0.0009999999974805067,0.0010000000022220299,0.0009999999985200346,0.0009999999975356345,0.0009999999929089143,0.00099999999407349,0.000032993980806220204,0.00003300056267791771,0.8216030078831864,29.740642245791197,24.914184043943486,0.03119059119719194,0.0004375811490620598,0.0005081444589306404,0.005832727775551304,0.0016929999999998754,0.0016929999999998754,0.0016929999999998984,0.0010069299999999263,0.0010069299999999229,0.0010069299999999263,-0.7461249749918177,9.609094149905255,1.9211943110241176,0.0029298968839467903,-0.003484183680870624,-0.00037895409353971507,-14.518125619888306,-21.089813327789308,-4.32487517118454,984.5395581054687,0.04428307244229301,25.966480194924863
2025-03-01T16:58:15Z,40.28518630884526,-76.07821474119935,71.44286961392224,-12.042755866354268,26.229637671185262,-1.084285918772809,1.5016991080660016,0.054311752032040334,3.6244721559009507,0.0009999999972309871,0.001000000002593556,0.00099999999849867,0.0009999999975401825,0.000999999992733296,0.0009999999944166,0.00003399280736359146,0.00003400059565510469,0.8655461535961497,31.801938850468506,26.409963102708087,0.03823307109554572,0.00044010457874673866,0.0005177548047122458,0.005842708136332114,0.0016939999999998742,0.0016939999999998742,0.0016939999999998974,0.0010069399999999258,0.0010069399999999224,0.0010069399999999258,-0.8189923020522335,9.55491372192661,2.0130505872803774,-0.004807890798997131,0.0001666516508426713,-0.0006545109819502412,-15.128625574111938,-19.028813304901124,-2.703000095486641,984.5554028320313,0.015572018506834312,24.45965579608249
2025-03-01T16:58:16Z,40.280914152434235,-76.07806092341168,71.286955224557,-12.051892635640778,26.03327779760026,-1.020274426934039,1.4941490083903124,0.054955273460928475,3.626990539023782,0.0009999999975883684,0.0010000000025628445,0.0009999999985728992,0.0009999999976280968,0.0009999999930173935,0.0009999999943141346,0.00003499152740412739,0.00003500063034003169,0.9292949098601453,33.95744648379007,27.639123044048063,0.0457087162179347,0.00043661578890467884,0.0005270296368374355,0.005852424768864556,0.0016949999999998726,0.0016949999999998726,0.001694999999999897,0.0010069499999999267,0.0010069499999999232,0.0010069499999999267,-0.7980492240634686,9.572005453742932,2.1708454639131936,-0.00006334058271452556,0.0031538804706365076,0.0012296563952650104,-13.61943814277649,-19.436438312530516,-4.031250183582306,984.5821118164063,0.0641152082887828,24.07307109166352
2025-03-01T16:58:17Z,40.27666863434325,-76.07799705124611,71.24324217857391,-11.871395473305759,25.139385125256055,-0.9765390952562294,1.4822925288603475,0.05369485521362774,3.6301182461423434,0.0009999999977414467,0.001000000002630394,0.0009999999984316897,0.000999999997388788,0.0009999999930641202,0.0009999999942383953,0.00003599020778651031,0.00003600066541087234,1.0070343320937951,36.1782327459319,28.46089724532658,0.05052938581944816,0.00042619349068832076,0.0005359462158940973,0.005861859017490675,0.0016959999999998736,0.0016959999999998734,0.0016959999999998977,0.001006959999999927,0.0010069599999999236,0.001006959999999927,-0.729987145677973,9.532711511578107,2.0132467197838966,-0.0028451119611962524,0.0038218259068953774,0.003551443217862923,-15.725625648498536,-20.72381317138672,-5.398687696456909,984.6021997070312,-0.012958139141574789,26.569058185569954
2025-03-01T16:58:18Z,40.272612260626,-76.07802023740692,71.33811987566202,-11.598887573515468,24.11419370709328,-0.8553432189124246,1.4704549919899566,0.05686634013638017,3.629407997599585,0.0009999999980183968,0.0010000000026964236,0.0009999999984729945,0.0009999999972072316,0.000999999992947513,0.0009999999940053846,0.00003698893070342406,0.00003700069951333231,1.0903303932695672,38.480999668962944,28.815220844501642,0.055694170321115746,0.0004092817935266609,0.0005446876154102029,0.005871518464101473,0.0016969999999998737,0.001696999999999874,0.001696999999999897,0.0010069699999999259,0.0010069699999999241,0.001006969999999926,-0.8329046730773911,9.541736180620742,2.337186526300091,-0.0015294161565527929,0.000557705357505328,-0.0009490946313608653,-15.41306305885315,-22.26675075531006,-4.041937638521194,984.6092749023437,0.07592303029534801,27.380744490768635
2025-03-01T16:58:19Z,40.2689085345552,-76.07811598188049,71.5896177640205,-11.157524802549894,22.34196328383653,-0.7384713713605044,1.4612586519138053,0.06228166019175499,3.626896079270092,0.0009999999979241729,0.0010000000023513175,0.0009999999987232555,0.0009999999969831576,0.0009999999932346919,0.0009999999939521915,0.00003798777100692378,0.00003800073176661794,1.167209952366158,40.83387753804396,28.71159222683949,0.05489917311936019,0.00038752366345730133,0.000553356037016373,0.005881201749214457,0.0016979999999998726,0.001697999999999875,0.0016979999999998982,0.0010069799999999267,0.0010069799999999239,0.0010069799999999267,-0.7039315322617742,9.565026417411651,1.9108653039152794,0.0016470807457408187,-0.0008574648840492097,-0.0033111050321029743,-15.764438104629516,-21.886500778198243,-3.355312622785568,984.6031103515625,-0.003517533438889799,27.18072433385229
2025-03-01T16:58:20Z,40.26553652841543,-76.07827550307323,71.98466242727918,-10.494564248626503,19.483485736125996,-0.638297755434771,1.4524384945989557,0.0639001632894192,3.624481474227416,0.0009999999981433146,0.0010000000022784645,0.000999999998660092,0.00099999999698593,0.0009999999932509644,0.0009999999934152434,0.00003898676628716255,0.00003900076258280316,1.217236143447756,43.218569729226374,28.313619530450133,0.046207327182305614,0.00036418100748237566,0.0005620975882948049,0.005890601439105897,0.0016989999999998727,0.001698999999999874,0.0016989999999998972,0.0010069899999999264,0.001006989999999923,0.0010069899999999264,-0.4229213172039786,9.66153161820974,1.0379557529681105,0.002011763598170238,-0.0011051488973785803,0.00036693519740320997,-15.884813194274903,-22.365000820159914,-3.778500163555145,984.569267578125,-0.056252629096724405,27.69105976440666
2025-03-01T16:58:21Z,40.26261664338571,-76.07845942640293,72.4008838322132,-9.749145179027247,16.32046134564727,-0.5967883055562624,1.4417488188459802,0.0669082340104716,3.622349500099419,0.0009999999982898786,0.0010000000025299212,0.0009999999986251068,0.000999999997141733,0.0009999999929494181,0.0009999999936146577,0.000039985904742387025,0.000040000793501806176,1.229285161856779,45.65563384573071,27.844487871888575,0.0361752080373988,0.00034311902137966845,0.0005711154639060271,0.0059001111891870284,0.0016999999999998713,0.0016999999999998726,0.001699999999999898,0.0010069999999999255,0.0010069999999999238,0.0010069999999999272,-0.3019373283150355,9.685704381304687,0.6511239315483459,-0.0009083703082027015,-0.0007352918998446559,-0.0013665188921270833,-15.930938158035278,-22.211813201904295,-3.7545001459121705,984.5488452148437,-0.06994590197672955,27.590811757760324
2025-03-01T16:58:22Z,40.2601426462319,-76.07863446883538,72.73315498556622,-9.038752248210114,13.420012563634284,-0.583662010253588,1.4327472108449697,0.06913501454084466,3.6203813953739505,0.0009999999985082155,0.0010000000022695951,0.0009999999988457428,0.0009999999972242742,0.0009999999930401795,0.000999999993220068,0.000040985144826570985,0.000041000826192357117,1.2093794993225504,48.17606324888951,27.488064844279897,0.02831557361473638,0.00032631907546884254,0.0005805124549510355,0.0059096744785870755,0.0017009999999998712,0.0017009999999998712,0.0017009999999998988,0.0010070099999999248,0.001007009999999924,0.0010070099999999274,-0.30453543604934785,9.695580277112088,0.6582814800205847,-0.0008022200736322264,-0.0008047236009745034,-0.0010951347224776428,-15.921000652313232,-22.348125743865968,-3.6868126511573793,984.5480029296875,-0.059195603571594285,27.685858298611265
2025-03-01T16:58:23Z,40.258036121915936,-76.0787827698309,72.9238446044489,-8.378103812911814,10.833492481704145,-0.6094772402878056,1.4254306407941562,0.07045062445233778,3.6189948519988433,0.0009999999988270767,0.0010000000020683423,0.0009999999989531115,0.0009999999970654895,0.000999999993222633,0.0009999999933719998,0.00004198443655024239,0.000042000861954857524,1.168966345903583,50.78039479978605,27.34518088155826,0.02255890941375919,0.00031444016022956554,0.0005902207493610842,0.005919309795035214,0.0017019999999998714,0.0017019999999998712,0.001701999999999899,0.0010070199999999254,0.0010070199999999228,0.0010070199999999262,-0.29830821296733945,9.69419894917579,0.6503263230534017,-0.0008065595201127408,-0.0005113082926893711,-0.0006436622517758627,-15.954375581741333,-22.32843828201294,-3.95493766784668,984.5668090820312,-0.06100215440087311,27.726160217271886
2025-03-01T16:58:24Z,40.2561645348451,-76.07890391277394,72.95487241725618,-7.754286774464932,8.534461610025101,-0.6635527331630657,1.4193747230801317,0.07165262705562238,3.6171615962847565,0.0009999999991046663,0.00100000000192537,0.0009999999991753721,0.0009999999971349446,0.0009999999931851308,0.0009999999931356977,0.000042983729635112445,0.00004300090171756629,1.1175376208086782,53.469338602013025,27.46595654465456,0.01871107491021048,0.0003072557571038984,0.000600225451069487,0.00592905888650753,0.0017029999999998724,0.0017029999999998722,0.0017029999999999001,0.0010070299999999249,0.0010070299999999223,0.0010070299999999257,-0.29631419581305907,9.694517889656542,0.6488906334251701,-0.0008981892116475843,-0.001101810849944926,-0.0010610865004204513,-17.21775061607361,-22.985250873565676,-2.7281251059100033,984.597265625,-0.06057659587895772,28.8480921091464
2025-03-01T16:58:25Z,40.25420321361452,-76.07902460925769,72.89657572795588,-7.0775026046792044,6.344408624920815,-0.7325059372058145,1.4139657003255537,0.07258446988477082,3.61583053261378,0.000999999998957107,0.0010000000017003077,0.0009999999992573408,0.0009999999971352742,0.0009999999932548704,0.0009999999930713581,0.000043982974126863185,0.00004400094612459941,1.0622563225461108,56.238684175927276,27.86887361429736,0.01649438129824604,0.0003043605514110366,0.000610266696515003,0.005938888699475996,0.001703999999999873,0.001703999999999873,0.0017039999999999007,0.0010070399999999257,0.0010070399999999233,0.0010070399999999266,-0.3012796308510213,9.693148251265805,0.6531427940627044,-0.0009123760141202266,-0.0006945676387682717,-0.0011151630534759944,-15.56062560081482,-22.216688289642335,-3.6388126468658446,984.5989697265625,-0.06125466579333377,27.366996071644497
2025-03-01T16:58:26Z,40.25212287451329,-76.07913439021833,72.72410095962312,-6.3588813152785,4.303354860627559,-0.8145136400369773,1.4093561851418481,0.07272192559567257,3.6145706121882624,0.000999999998896939,0.001000000001447784,0.000999999999538029,0.0009999999968807033,0.0009999999933953457,0.000999999992758899,0.00004498211791265309,0.00004500099560654145,1.0083072331090268,59.08132296680668,28.555382392806983,0.015659099092200077,0.00030510642971545373,0.0006201829683629194,0.005948780326307938,0.0017049999999998737,0.0017049999999998735,0.0017049999999999013,0.0010070499999999252,0.0010070499999999243,0.0010070499999999267,-0.2948386212403081,9.692404308953174,0.6587809657461917,-0.0008269216674545526,-0.0008065594380480622,-0.0007454729909639996,-16.03143816947937,-22.56056324005127,-3.5720626401901243,984.619150390625,-0.0615814796465008,27.90596368065805
2025-03-01T16:58:27Z,40.24974329246841,-76.07923429300399,72.46082772111126,-5.529005841302629,2.373498675950829,-0.9059496119159823,1.4052743929968636,0.07242299828266317,3.613338824574326,0.0009999999990778267,0.0010000000011978806,0.000999999999421452,0.000999999996657248,0.0009999999935987513,0.0009999999925800742,0.00004598110370459938,0.00004600105040247168,0.959451479456217,61.98765957006657,29.516702686597377,0.015979921089097574,0.00030893276081702195,0.0006297286890880779,0.00595872739345976,0.0017059999999998745,0.0017059999999998745,0.0017059999999999023,0.0010070599999999243,0.0010070599999999234,0.001007059999999927,-0.3004558706135741,9.691343852557626,0.6473764799896545,-0.0008422767523090852,-0.000884836905382544,-0.000804723458127499,-16.048125648498534,-22.579500789642335,-3.857062659263611,984.6341552734375,-0.06301501526005804,27.968737417197662
2025-03-01T16:58:28Z,40.24687716069116,-76.07931684754551,72.12700782405669,-4.549115159766144,0.5730929959185038,-1.0006566896861793,1.4019243945079138,0.07154483824265029,3.612236386004889,0.0009999999991436488,0.0010000000013049687,0.0009999999997027979,0.0009999999963659157,0.0009999999939210116,0.0009999999924140942,0.00004697986754770373,0.000047001110516111656,0.9186747804884837,64.94768554752669,30.732696619891424,0.017331561308905036,0.0003152797919232251,0.0006386048936386073,0.005968707374096716,0.0017069999999998733,0.0017069999999998755,0.001706999999999901,0.0010070699999999238,0.0010070699999999242,0.0010070699999999277,-0.2978695267870493,9.690888840992047,0.6444639126862907,-0.0006436622862571379,-0.0008778269615544712,-0.0008371027209714508,-16.11712564468384,-22.48425081253052,-3.7565626525878906,984.6442895507812,-0.06353924748372117,27.917954607862477
2025-03-01T16:58:29Z,40.24354145638263,-76.07936244442462,71.7024099648171,-3.435901430014602,-1.004244503416179,-1.0950519042308844,1.3995070939419523,0.07024691035526118,3.6115727223056684,0.0009999999993090885,0.0010000000015373011,0.0009999999993883068,0.0009999999963733832,0.0009999999937105074,0.0009999999927754642,0.0000479783405835555,0.00004800117562429248,0.8885918996423723,67.95150191842347,32.168431040978746,0.019571602038473836,0.00032357686256222266,0.0006464643775990401,0.005978696732376334,0.001707999999999874,0.0017079999999998752,0.0017079999999999017,0.0010070799999999241,0.001007079999999925,0.0010070799999999285,-0.2970431535765515,9.691893043891977,0.644748298188022,-0.000501794703262373,-0.0005643833369968721,-0.001015021193072322,-15.406500587463379,-22.15968824386597,-3.3825001335144043,984.6774389648438,-0.06236728122777781,27.200194424640443
2025-03-01T16:58:30Z,40.239398396197345,-76.07935298545907,71.2455019354184,-2.094887385669158,-2.306144906738847,-1.176956820466426,1.3971957599536056,0.06777388083894557,3.610870125692979,0.0009999999992308223,0.001000000001558472,0.0009999999991336412,0.0009999999961431858,0.0009999999937770738,0.0009999999925421946,0.000048976455077439,0.00004900124496707501,0.8714044920372224,70.99214770441299,33.76836005975148,0.022505931247568674,0.0003330753111060935,0.0006530188926265246,0.0059886667436115475,0.0017089999999998727,0.001708999999999874,0.0017089999999999007,0.001007089999999925,0.0010070899999999256,0.0010070899999999293,-0.30317361996502135,9.695395365395598,0.653197708269572,-0.0012036216188685066,-0.0008371026585585192,-0.0007963783360833425,-15.37031312942505,-21.937500743865968,-3.505500144958496,984.6889428710938,-0.057975592145653516,27.01455609603482
2025-03-01T16:58:31Z,40.234324539906105,-76.07925932229685,70.78086385823728,-0.511272145903771,-3.229393079110027,-1.2456305806204782,1.396241386742461,0.06468957164757343,3.6109185849135534,0.0009999999989130741,0.0010000000012971209,0.0009999999992782074,0.0009999999963545088,0.0009999999935319836,0.0009999999927112133,0.000049974155427802816,0.00005000131725437028,0.8686672639045234,74.06751957562216,35.44965786311552,0.02595896363518568,0.00034306695034361397,0.0006579274071619969,0.005998594055784203,0.0017099999999998733,0.0017099999999998746,0.0017099999999999013,0.0010070999999999253,0.0010070999999999253,0.0010070999999999288,-0.300780798733707,9.695873871483833,0.6568268229970058,-0.0009796379205018226,-0.00025678118363475376,-0.0011425350378971347,-15.88050064086914,-22.33200075149536,-3.615375156402588,984.7004272460938,-0.05722556823321366,27.640128025389565
2025-03-01T16:58:32Z,40.22823116979887,-76.0790497495409,70.34031045967188,1.318595211030197,-3.6554267717532776,-1.2938508665419637,1.3965206307568294,0.0599296922619671,3.6108217460059047,0.0009999999991363341,0.001000000000982498,0.0009999999992523908,0.0009999999961399447,0.0009999999933535588,0.0009999999930691422,0.00005097141355828893,0.000051001390661286674,0.8809415519990311,77.18729152351247,37.10513061733639,0.029663162901433247,0.0003525282349281754,0.0006610996238297584,0.006008444194148779,0.0017109999999998734,0.0017109999999998732,0.0017109999999999012,0.0010071099999999257,0.0010071099999999257,0.0010071099999999292,-0.2966116615982208,9.69789464143717,0.6583207037846951,-0.0011026453420069679,-0.0007646668159846591,-0.0006945675834264773,-15.880313119888307,-22.351688327789308,-3.9785626745224,984.7090747070313,-0.05519064324510153,27.70574763288708
2025-03-01T16:58:33Z,40.22114508903735,-76.07869651631137,69.95317090106938,3.375118509313305,-3.4791899867104057,-1.323056014415366,1.398468632855867,0.054473751517640175,3.6108756647448708,0.0009999999988494711,0.0010000000007979128,0.000999999999058205,0.0009999999960261668,0.0009999999934250867,0.0009999999932768496,0.00005196824497260921,0.00005200146298707712,0.9072697350558755,80.37247521125869,38.61018090438794,0.03324443567427471,0.00036056540044040103,0.0006625765157731594,0.006018214234313331,0.0017119999999998727,0.0017119999999998727,0.0017119999999999005,0.0010071199999999256,0.0010071199999999256,0.0010071199999999291,-0.30660333129553063,9.693760227202388,0.6520411784855054,-0.0010509054446312413,-0.0008371026805144988,-0.0011221729378019358,-15.800250625610351,-22.40512584686279,-3.6189376306533814,984.7169677734375,-0.059447767442634115,27.65377866006261
2025-03-01T16:58:34Z,40.213276070861006,-76.0781871148947,69.64140858644143,5.542356156177416,-2.652574524129328,-1.3195331922011435,1.4017570372670551,0.04835094231181499,3.611794555465673,0.0009999999987659965,0.0010000000007254247,0.0009999999990082098,0.000999999995967225,0.0009999999933412048,0.000999999993434098,0.000052964719665870825,0.00005300153200511902,0.9449360365487114,83.66479387639139,39.84425667278047,0.03634567590543886,0.0003663637495171653,0.0006626330266867326,0.006027881525756483,0.0017129999999998715,0.0017129999999998715,0.0017129999999998993,0.0010071299999999247,0.0010071299999999247,0.0010071299999999282,-0.2980238205217167,9.699620713780341,0.6639301076531057,-0.0014431273725573931,-0.00022390134212125394,-0.001205290691261333,-15.288750638961792,-22.175250816345216,-3.602062668800354,984.7288256835938,-0.053160041363957945,27.1746155442403
2025-03-01T16:58:35Z,40.20481976781408,-76.0775171645359,69.43684222367357,7.744375065170011,-1.1750739131322328,-1.2927448379866875,1.4070717300769229,0.040880208837950266,3.612227630350663,0.0009999999987412897,0.0010000000004672107,0.0009999999989869005,0.0009999999964281428,0.0009999999932166082,0.0009999999935565956,0.00005396095963187528,0.00005400159595233717,0.9896042400367275,87.10671405899235,40.71226553692044,0.03863106798192317,0.0003691447124528556,0.0006620016139787487,0.006037449227079395,0.0017139999999998704,0.0017139999999998704,0.0017139999999998981,0.0010071399999999242,0.0010071399999999242,0.0010071399999999277,-0.2965933575506089,9.696232850391933,0.6644040972401682,-0.00105090542845141,-0.001061086383489285,-0.0005622136321926995,-15.739500579833985,-22.3951881980896,-3.2955001264810564,984.734169921875,-0.056718001362417406,27.570524905038734
2025-03-01T16:58:36Z,40.19602251819448,-76.07669553085253,69.36363769712499,9.870077145418966,0.9212780800573013,-1.234273035968856,1.4138482213714119,0.03376699799266536,3.6130861263123664,0.0009999999987460248,0.0010000000006174946,0.0009999999991768007,0.0009999999965122626,0.00099999999316466,0.0009999999932994912,0.00005495711889335438,0.000055001653991816245,1.0358343537533874,90.74448001283046,41.17382918784264,0.03977887897056868,0.0003688284648300373,0.0006613742114716898,0.006046956301348263,0.0017149999999998696,0.0017149999999998696,0.0017149999999998974,0.0010071499999999244,0.0010071499999999244,0.001007149999999928,-0.29739096446209445,9.699822035471131,0.6842246443440714,-0.0011018108065843127,-0.0007149298156803048,-0.0010814486662257606,-15.671813077926636,-22.3348131942749,-3.6180001401901247,984.7300561523438,-0.05197989527219364,27.523385060235153
2025-03-01T16:58:37Z,40.187186914948214,-76.0757477742379,69.42703420673688,11.82536553062408,3.4885428134608687,-1.1610259633243605,1.4224513422103755,0.02672466758546376,3.614093296056389,0.0009999999986384986,0.0010000000009436094,0.0009999999990806146,0.000999999996549787,0.0009999999930143614,0.0009999999935746506,0.000055953351194908974,0.00005600170641661157,1.0783593157187281,94.61275169853428,41.247122607473386,0.039940885120389624,0.00036557822286681753,0.0006615680535689843,0.0060564253440932685,0.0017159999999998685,0.0017159999999998685,0.0017159999999998962,0.0010071599999999237,0.0010071599999999237,0.0010071599999999271,-0.303476316979275,9.698247719810993,0.6605566215562454,-0.00045172382247168376,-0.0006745392924800159,-0.000924893646487701,-15.590063056945802,-22.415063304901125,-3.3622501373291014,984.7182470703125,-0.055292289368389286,27.50976283623091
2025-03-01T16:58:38Z,40.17871394525757,-76.07472332368417,69.59325748175284,13.47167694985095,6.3423763421254815,-1.0800504682447722,1.4311710511845817,0.02055513342427381,3.615356369095671,0.000999999998476472,0.001000000001217071,0.0009999999990972042,0.0009999999965832288,0.0009999999931123698,0.0009999999934465148,0.00005694978012311719,0.0000570017545100902,1.1131944913553704,98.72300507643664,41.00310219894005,0.039129948517145186,0.00035998464932282743,0.0006631803352129069,0.006065895264390374,0.001716999999999867,0.0017169999999998673,0.0017169999999998948,0.0010071699999999236,0.0010071699999999236,0.001007169999999927,-0.3003022298543137,9.695873855589875,0.6619713925231749,-0.000969456740115172,-0.0003687729921650364,-0.0010305432611657488,-15.99806312561035,-22.58493824005127,-3.7661251521110533,984.7107641601563,-0.05799081804541081,27.93203020178847
2025-03-01T16:58:39Z,40.17078823054007,-76.07365939185388,69.84008345363975,14.765068203101485,9.25186916661623,-0.9947594423741466,1.4401313536393034,0.01463564827317635,3.6158307707215585,0.0009999999985979217,0.0010000000014287744,0.0009999999989429682,0.0009999999966152908,0.0009999999930101827,0.0009999999931692223,0.000057946483239137315,0.00005800180011128099,1.138515554273247,103.08170275474941,40.543054618926185,0.037975396186575944,0.0003525539023280988,0.0006667428879510399,0.006075400261994305,0.001717999999999867,0.001717999999999867,0.0017179999999998947,0.0010071799999999236,0.0010071799999999236,0.001007179999999927,-0.2735071944891828,9.7071522394387,0.5932045449608896,-0.0009424185224737468,-0.001145205627960778,-0.00038412810321986394,-14.787938098907471,-21.942563304901125,-3.345750138759613,984.6996704101563,-0.05230577367373396,26.67115527636088
2025-03-01T16:58:40Z,40.16355650300513,-76.0725927761222,70.13779114283534,15.73495787377794,11.749883491780555,-0.9115383301436255,1.452003043756955,0.009222396454131587,3.6162278084740405,0.0009999999986457892,0.001000000001242498,0.0009999999989727393,0.0009999999964063573,0.0009999999933385977,0.0009999999929766004,0.000058943497308279194,0.00005900184483379975,1.1569941250725468,107.72846616553124,39.95905544536973,0.038318191074608564,0.0003439373978974975,0.0006721532857082616,0.006084965394655093,0.001718999999999867,0.0017189999999998671,0.0017189999999998947,0.0010071899999999233,0.001007189999999923,0.0010071899999999267,-0.14345270780768354,9.756492113111975,0.19257935172456161,0.002074686000753161,-0.0011323540484444942,0.0002828161140022048,-14.370188093185424,-22.218750743865968,-3.3348751354217527,984.6899926757812,-0.022256196688917287,26.670093084106632
2025-03-01T16:58:41Z,40.329570781163696,-76.07995108661099,72.78983331661505,0.990438826787452,0.9909348635938537,-0.6982953890696045,1.4711957932771766,0.04193872893140328,3.5913472046534043,0.0009999999987556428,0.0010000000015729816,0.0009999999989207663,0.0009999999963631698,0.0009999999934994636,0.0009999999929444022,3.0693918864121573e-10,3.069393093572593e-10,0.5934642002221295,0.8358174692019973,0.8215635314515585,0.020206862866848037,0.0001590623027985441,0.00019016885776599365,0.005950828506726086,0.0017199999999998664,0.0017199999999998662,0.001719999999999894,0.0010071999999999221,0.0010071999999999224,0.0010071999999999278,0.31911978983005573,9.852444194792458,-1.2624163349061865,0.0024123305971009198,-0.0013129430311020452,0.0005471903438927306,-16.504313077926636,-23.20237585067749,-0.12075000345706943,984.6593920898438,0.1576743751899558,28.473747024289384
2025-03-01T16:58:42Z,40.32957116216299,-76.07995031191301,72.37770488584282,1.2151090831920937,-0.8933097172765189,-0.8123099156577076,1.4653746102423646,0.04642493499850369,3.590307542611986,0.000999999998493708,0.0010000000016516237,0.0009999999990427048,0.0009999999965450692,0.000999999993182126,0.000999999993360564,1.0003069498379368e-6,1.0003069748101845e-6,0.6578610612257219,0.9080924715718457,0.8655408568944155,0.024366452718379533,0.0001669292986901252,0.00020009936059047151,0.005961232162635818,0.001720999999999867,0.001720999999999867,0.0017209999999998947,0.0010072099999999212,0.001007209999999922,0.0010072099999999281,0.19917334270858228,9.799530808869337,-0.8380172065656649,-0.0075464343528837425,-0.00041967836280363017,-0.0048789914108222365,-13.775813102722168,-20.49356325149536,-2.890687620230019,984.6673168945313,0.05707984437222171,24.86187238940327
2025-03-01T16:58:43Z,40.32956646169969,-76.07996704251956,71.98485617514571,1.3497929108690006,-2.1090899327461727,-0.8431580864420152,1.469375990554816,0.04968059667357527,3.587098090843434,0.000999999998395083,0.0010000000016535332,0.0009999999991576534,0.0009999999961935744,0.000999999993323416,0.00099999999296133,2.0003069833590367e-6,2.000307085310961e-6,0.730950235487177,1.0253203569514957,0.936474032637359,0.026864251336271034,0.00017346034225425736,0.0002100340826369039,0.005971509090034314,0.0017219999999998677,0.0017219999999998677,0.0017219999999998935,0.0010072199999999216,0.0010072199999999216,0.0010072199999999285,-0.047460638698236364,9.795814076104103,-0.22197717117577678,0.0016470807177842222,-0.0027511456445424094,-0.004003418493274867,-13.615125560760498,-21.45862579345703,-5.323125216960907,984.6777758789062,0.018344122281969643,25.964923971983502
2025-03-01T16:58:44Z,40.329553181574546,-76.0799970817562,71.67708110677341,1.4427368968082457,-3.4363536424325694,-0.8889781409794437,1.472482876029914,0.057472817830207315,3.5849074389354976,0.0009999999983398785,0.0010000000019951922,0.000999999999201264,0.00099999999650946,0.0009999999936274046,0.0009999999931235488,3.0003070419880626e-6,3.000307278628874e-6,0.8070876346962595,1.1999717579365363,1.0315466444928203,0.029505066971342232,0.00017865597480366352,0.0002199053011931688,0.005982237487948702,0.001722999999999868,0.001722999999999868,0.0017229999999998924,0.001007229999999922,0.001007229999999922,0.0010072299999999291,-0.006727086290944311,9.778897611647658,-0.4014643663648704,-0.00020136977339324492,-0.0013580067804891786,-0.008585738871563057,-14.841188049316406,-23.077313404083252,-3.327000113800168,984.667578125,0.007184094327590759,27.638548540329744
2025-03-01T16:58:45Z,40.329526272387504,-76.08003958979833,71.51641940289281,1.5531277533861558,-4.719554704283692,-0.8483700622033332,1.4800585233594847,0.06301250819218014,3.5868844489635623,0.0009999999984983004,0.0010000000019507894,0.0009999999995280394,0.0009999999965105476,0.0009999999935473142,0.0009999999934013697,4.000307122048009e-6,4.000307564088415e-6,0.8823015131268831,1.4339750380273382,1.1485076061390749,0.03190964858536288,0.00018243985511922836,0.00022962264508897949,0.005992870547226487,0.0017239999999998667,0.001723999999999869,0.0017239999999998934,0.0010072399999999217,0.0010072399999999215,0.0010072399999999288,-0.09420044110285501,9.841875989276161,-0.4963142888991246,0.002980802063207398,0.002461567058857395,-0.0061923507484139845,-13.432125577926636,-18.870000762939455,-0.9080625396594405,984.6347314453125,0.0750202746582657,23.18018847980554
2025-03-01T16:58:46Z,40.32947999957584,-76.0800893769331,71.55172786109053,1.5438004260685183,-5.460012610686756,-0.8620452687131119,1.4827101041638686,0.06163543006837646,3.581757096147056,0.0009999999986566258,0.0010000000017630674,0.000999999999299978,0.0009999999962831262,0.0009999999932621428,0.0009999999934253029,5.000307200607151e-6,5.000307951714335e-6,0.9505142905747044,1.6928271807067017,1.280054823631369,0.0323319190142856,0.00018464842088686113,0.00023941150147601008,0.006002722464942058,0.0017249999999998662,0.0017249999999998696,0.001724999999999893,0.0010072499999999208,0.0010072499999999208,0.001007249999999928,-0.21286286845995087,9.712683175256997,-0.12024886425955691,-0.0026848852013870847,-0.005293577916589791,-0.0002539441403711742,-11.795250453948974,-17.758313245773316,-2.574937599375844,984.5689770507812,-0.06397151465229091,21.473558961848518
2025-03-01T16:58:47Z,40.32940931658737,-76.08014129975537,71.70781806174053,1.5051955195634454,-5.906823518077125,-0.7847853271410817,1.4870851756837997,0.05621385691972873,3.5801362905434377,0.000999999998488152,0.0010000000021818925,0.000999999999299011,0.0009999999963922663,0.0009999999931849983,0.0009999999931526956,6.000307217916604e-6,6.000308451186109e-6,1.0056051652440352,1.986338069840562,1.4251405491899065,0.031625940192536554,0.00018599582854054574,0.0002490443017608584,0.006012298912416984,0.001725999999999865,0.0017259999999998693,0.0017259999999998928,0.0010072599999999203,0.0010072599999999205,0.0010072599999999274,-0.26564618829255077,9.771606706617499,0.04805286461650548,-0.0016719512284506996,-0.002150461907968724,0.00391746145443869,-12.846375494003295,-20.320500793457033,-2.349375089146197,984.539267578125,-0.004347215439816512,24.155107403656714
2025-03-01T16:58:48Z,40.3293174089766,-76.08019536589678,71.84856921563889,1.4853982923638418,-6.297249279922674,-0.7605208064529208,1.4914570216166854,0.053529074826037894,3.5793418181322405,0.000999999998347827,0.00100000000195953,0.0009999999992691007,0.000999999996681723,0.0009999999932011137,0.0009999999933193303,7.000307061031645e-6,7.000309071614085e-6,1.0456584127590083,2.3234272993846243,1.578953331811459,0.030539308828582138,0.00018703448592572437,0.00025857975417039583,0.006022145499930568,0.0017269999999998654,0.0017269999999998701,0.0017269999999998933,0.0010072699999999195,0.0010072699999999195,0.0010072699999999265,-0.25727130611338034,9.729253791806899,0.03237987639700933,-0.0011832594981350895,-0.0010610864235933686,0.001300923912900564,-12.755437965393066,-19.12537576675415,-3.02981260124594,984.5787451171875,-0.04693097553936626,23.187466304383868
2025-03-01T16:58:49Z,40.329197247025,-76.0802474703546,72.0311180014565,1.3476069204831715,-6.252652530913963,-0.7121369336529403,1.4857258762957783,0.05085339941694156,3.5776483647245776,0.0009999999981513056,0.001000000002010249,0.000999999999494975,0.0009999999969018815,0.0009999999930604632,0.000999999993621143,8.0003065458866e-6,8.000309823026946e-6,1.0698452211275036,2.675089129970497,1.7408632230705914,0.02815138804315853,0.00018810520194750387,0.000268084633601756,0.006031988586507819,0.0017279999999998653,0.00172799999999987,0.0017279999999998932,0.0010072799999999197,0.0010072799999999197,0.0010072799999999266,-0.29598403867327694,9.72135218423116,0.4488506560928978,-0.011096793866940128,-0.001928814870617353,0.0011680697147959257,-12.516188077926635,-20.69962579727173,-3.329250146150589,984.5685400390626,-0.043435567109529005,24.417429972411206
2025-03-01T16:58:50Z,40.32904787136659,-76.08029245577036,72.24982131683885,1.1797621545465098,-5.657586466139591,-0.64653621626198,1.4864375042737497,0.051801133579560066,3.580489993167628,0.0009999999983375289,0.0010000000022464825,0.000999999999592523,0.000999999997264089,0.0009999999930762069,0.000999999993592629,9.000305392995926e-6,9.000310717316013e-6,1.0767691032340396,3.02996842362856,1.9130300235797726,0.024609248943373158,0.0001899474819509148,0.0002773805119860293,0.006042230484193587,0.001728999999999865,0.0017289999999998693,0.0017289999999998927,0.0010072899999999186,0.0010072899999999188,0.001007289999999926,-0.4836323269421064,9.69571435355939,0.9699276686117136,-0.004543015665303372,0.00290953470890063,-0.002069013215528416,-13.779375524520875,-21.067313289642335,-3.4138126446306707,984.557734375,-0.02360680756158644,25.403826541683085
2025-03-01T16:58:51Z,40.328874086582275,-76.0803275097467,72.42577431629933,0.9536304698143107,-4.787989523929016,-0.6482976578650619,1.487033478755841,0.046972429140171974,3.5784142158320353,0.000999999998294898,0.0010000000022284629,0.0009999999995484773,0.0009999999971873803,0.000999999992779477,0.0009999999937958378,0.000010000303188010414,0.000010000311769848793,1.0674467134438208,3.4119714297423824,2.0972340176504596,0.021074793338986583,0.00019241020841784994,0.0002868611446053482,0.006051876560058453,0.0017299999999998647,0.0017299999999998694,0.0017299999999998926,0.001007299999999919,0.0010072999999999198,0.0010072999999999267,-0.5235767739955506,9.6195591920924,1.2533097861481661,-0.0037463881893694626,-0.002449551986530481,0.0033711881579964274,-13.30725052833557,-22.00143825531006,-2.931000111103058,984.5687060546875,-0.06482449106647682,25.87922568696339
2025-03-01T16:58:52Z,40.328679889642196,-76.08035048621153,72.51492395049803,0.698491483884193,-3.564673072587845,-0.6313690037298089,1.488695389422183,0.04738439037035823,3.577238804412579,0.0009999999987339548,0.0010000000021841168,0.0009999999999023056,0.000999999997283617,0.0009999999927456473,0.000999999993598856,0.000011000299323020793,0.000011000313002148746,1.044635340734795,3.8275941839626415,2.301893111692643,0.017760797119487935,0.00019618958171662332,0.00029633906433982796,0.006061981266260606,0.0017309999999998657,0.0017309999999998683,0.0017309999999998934,0.0010073099999999184,0.0010073099999999193,0.0010073099999999256,-0.630392120333546,9.621895812986052,1.6196188927098656,-0.0019672025976283226,-0.0011018105873247604,-0.001621045696708983,-14.581875581741333,-21.567563228607177,-3.9406876510381696,984.5938818359375,-0.002340051926101144,26.330917392814857
2025-03-01T16:58:53Z,40.32845848684948,-76.08035996704787,72.52188023597982,0.4760941843763503,-2.4437170686771994,-0.6683694290619346,1.4905200985931188,0.04089627345631486,3.577133832304842,0.0009999999986184448,0.0010000000021551014,0.0009999999997022044,0.0009999999973526884,0.0009999999928460305,0.000999999993222568,0.00001200029291533706,0.000012000314441783863,1.0129130616787356,4.312592161477594,2.531358516176586,0.015565571321292986,0.0002011950805505756,0.0003058194919085664,0.006071512080715758,0.0017319999999998667,0.0017319999999998678,0.0017319999999998918,0.0010073199999999175,0.0010073199999999184,0.0010073199999999247,-0.5886373611921201,9.59238431358119,1.5313237339656534,-0.0012228153764099563,-0.0005869150735915273,0.005474165208397459,-13.79250057220459,-19.87875078201294,-3.405562632083893,984.6159692382812,-0.048398455692308266,24.433443631351803
2025-03-01T16:58:54Z,40.328195210241496,-76.08035533339482,72.45350774048836,0.19844441586616424,-1.2124274151320678,-0.709654317477744,1.4909163604767135,0.04281325955904037,3.5760030234040365,0.0009999999985039639,0.001000000002112234,0.0009999999997016976,0.0009999999973653799,0.000999999993073439,0.000999999993340634,0.000013000282719041098,0.000013000316123407588,0.9770434511879331,4.861101033241491,2.7940549647225805,0.014129735343318676,0.0002075590693714334,0.0003154163977049307,0.006081729290644461,0.0017329999999998672,0.0017329999999998668,0.0017329999999998902,0.0010073299999999166,0.0010073299999999192,0.0010073299999999235,-0.5623718849333448,9.587275706179605,1.670798502812918,-0.002140280939358415,-0.0009185513951192274,-0.0029038618222246414,-14.23031304359436,-20.41312566757202,-4.367625172138214,984.62873046875,-0.03218926648124891,25.264027388227348
2025-03-01T16:58:55Z,40.32788812167145,-76.08033679391124,72.29449463658692,-0.037008321232476785,0.08144919103004788,-0.7612734133233254,1.4957482079341964,0.04428751103440885,3.5743832070419783,0.0009999999982195876,0.0010000000019850974,0.0009999999997440682,0.0009999999975209182,0.0009999999932430983,0.0009999999932385312,0.000014000267002376388,0.00001400031808945625,0.940166977962115,5.481016971677321,3.096243441593068,0.01347797431001368,0.0002150621325623965,0.00032511266605692095,0.0060918936240908885,0.0017339999999998678,0.0017339999999998678,0.001733999999999891,0.001007339999999917,0.001007339999999919,0.0010073399999999224,-0.6456264195124559,9.578585695264612,1.7241453797025486,0.0028382670431899917,-0.0014479675588762167,-0.002394807926297232,-13.928625555038453,-21.059813327789307,-3.430500119626522,984.6563134765624,-0.026429395716719623,25.481131795186943
2025-03-01T16:58:56Z,40.327510631728096,-76.08030302677717,72.09118807836143,-0.311289594632189,1.458669664178721,-0.7811582194993026,1.4930434211790704,0.046113167564027516,3.5723299895295497,0.0009999999980499757,0.0010000000018724191,0.0009999999998995355,0.0009999999972221312,0.0009999999929655955,0.0009999999930872321,0.000015000243419114443,0.000015000320392566699,0.9050465214743082,6.18153032728149,3.4471146657338188,0.013652295350543247,0.00022357330409963314,0.00033490953893857464,0.006102078009160507,0.0017349999999998688,0.0017349999999998666,0.0017349999999998898,0.0010073499999999173,0.0010073499999999186,0.0010073499999999221,-0.6603599318371473,9.604300027814036,1.8414734385289735,-0.0042370827702793885,-0.0018487014431252161,-0.002707417169431397,-14.118000602722168,-20.64037576675415,-4.036687650680542,984.6708862304688,0.021018445280837874,25.3305214044328
2025-03-01T16:58:57Z,40.327055425982316,-76.08025361359107,71.8486262969228,-0.5881976164434329,3.110913695207489,-0.8129960047165553,1.4927797696745948,0.046019484853993584,3.570991217496012,0.0009999999982777373,0.0010000000021860573,0.0009999999998419572,0.0009999999974075057,0.0009999999926821558,0.0009999999933869171,0.00001600020885522143,0.000016000323094698107,0.8739136381296901,6.969825144342394,3.8513746432670914,0.014963611132554022,0.00023291044262814276,0.00034474499218123264,0.0061121041755837924,0.0017359999999998694,0.001735999999999866,0.001735999999999889,0.0010073599999999181,0.0010073599999999184,0.0010073599999999216,-0.7827750394324829,9.562115135826783,2.1574855318070463,-0.0012850703188223911,-0.0012748891165528455,-0.0006436621754880138,-13.644188108444213,-19.842563285827637,-2.6975626039505003,984.6936376953125,0.053012844164851525,24.231499287052422
2025-03-01T16:58:58Z,40.32648018836878,-76.08018951118747,71.58648165187506,-0.8054751988042671,4.478002374725567,-0.8562800849072553,1.494743924348081,0.04539308087966399,3.5699588865221705,0.0009999999982209064,0.0010000000020304585,0.0009999999997277723,0.0009999999970958596,0.0009999999929387689,0.0009999999934550891,0.000017000159400499158,0.000017000326264275393,0.8500012069388883,7.8468461708479404,4.3116908318962865,0.016821433513962928,0.00024275425605055188,0.0003546379663955849,0.006122083854322586,0.0017369999999998704,0.0017369999999998665,0.0017369999999998899,0.0010073699999999185,0.0010073699999999194,0.001007369999999922,-0.7155909818452278,9.570290547728307,1.9263990255888972,0.001531083134166016,-0.0009974964220243869,6.4247537876860154e-6,-13.191563053131103,-19.126125679016113,-3.8983126711845397,984.7022998046875,0.0076050834797980905,23.55887213826403
2025-03-01T16:58:59Z,40.32574971041421,-76.0801177938208,71.32589202394983,-0.9381564847484375,5.2879490642885445,-0.8755650018354917,1.4973559307195978,0.04459906671337472,3.5686523068364373,0.00099999999832022,0.0010000000019609963,0.0009999999998409645,0.0009999999974239526,0.0009999999930380254,0.0009999999932964552,0.000018000090659694013,0.000018000329969408328,0.8361218410384846,8.793005054366748,4.828271963171992,0.018155255523056028,0.00025263450411865395,0.0003646035411850428,0.006132037992331159,0.0017379999999998696,0.001737999999999865,0.0017379999999998885,0.001007379999999919,0.0010073799999999198,0.0010073799999999206,-0.5592056437290799,9.634497983294683,1.4480933900080861,0.0028993534833266104,-0.0012647080283799655,0.0002624538719406043,-13.924313077926636,-20.002313365936278,-4.979250202178955,984.7051171875,-0.022173793586808217,24.875076450324578
2025-03-01T16:59:00Z,40.32487229474297,-76.08004947425421,71.04577036985779,-0.9340511315604128,5.168340568080354,-0.9265802940448075,1.4960062026816527,0.044940373460460196,3.567841673818053,0.0009999999984894982,0.0010000000021613983,0.0010000000000105298,0.0009999999976797668,0.0009999999927894512,0.0009999999929048153,0.000018999998318032095,0.000019000334271439912,0.8315129192065434,9.769575405285607,5.391445434202744,0.017633090571745513,0.0002622243602242243,0.0003745733212367972,0.0061420848434272386,0.0017389999999998702,0.0017389999999998657,0.0017389999999998889,0.0010073899999999193,0.0010073899999999193,0.0010073899999999201,-0.30325337898811605,9.670470101672437,0.6370461567703982,-0.00038913522113059754,-0.0006640243039521289,-0.0007251108265385251,-16.518938112258912,-21.181875782012938,-3.720375161468983,984.7250659179688,-0.08473851430291787,27.11799405557633
2025-03-01T16:59:01Z,40.32381741721587,-76.07999134547428,70.76257875520056,-0.8996311613314392,4.957950536269964,-0.947892735828534,1.4932806664924012,0.045707744686377255,3.566731588947409,0.0009999999983888097,0.0010000000019495102,0.001000000000136472,0.000999999997593804,0.0009999999925495316,0.0009999999924446231,0.00001999987841421034,0.000020000339228805838,0.8323190034769112,10.815163963566095,6.001692585669968,0.017074787486365955,0.00027127025306583467,0.00038457033004146295,0.0061521536335476835,0.0017399999999998712,0.0017399999999998664,0.0017399999999998899,0.0010073999999999205,0.0010073999999999203,0.0010073999999999203,-0.3036332236567033,9.693462088285692,0.6663229336738481,-0.0011226737077302635,-0.0008873404973815842,-0.0011151630551535512,-14.268188076019287,-20.165063343048097,-5.266687700748443,984.7378271484375,-0.059808881805083945,25.25760067979972
2025-03-01T16:59:02Z,40.32261340525833,-76.0799450143442,70.47120238086512,-0.8175924529427568,4.62977946287383,-0.9680707591877616,1.4903284688561893,0.04668004453194606,3.5659011488545302,0.0009999999985578084,0.0010000000019088728,0.0010000000002622327,0.0009999999974521574,0.0009999999924665904,0.0009999999928999922,0.000020999727229355782,0.000021000344900975935,0.835389454935674,11.926071681483343,6.65248490165893,0.016436496698933926,0.0002797654555783375,0.0003945521498368938,0.006162235083663874,0.001740999999999871,0.0017409999999998661,0.0017409999999998896,0.0010074099999999196,0.0010074099999999196,0.0010074099999999196,-0.3086771101743014,9.693082196551599,0.6629285251496858,-0.0008880081502232806,-0.0005418513691597148,-0.0012748891480460797,-13.425188074111938,-19.844063205718996,-4.846875200271606,984.7658984375,-0.060223923522057715,24.44406315993809
2025-03-01T16:59:03Z,40.32128933497467,-76.07991112321997,70.15683231674267,-0.6995937745336188,4.1962696202079375,-0.9874994611304834,1.486851855300585,0.046901453928946006,3.564409177395278,0.0009999999986125766,0.001000000001783111,0.0010000000001753877,0.0009999999972406877,0.000999999992688123,0.00099999999263947,0.000021999541260290982,0.000022000351351210153,0.8385727608301922,13.10259872243593,7.341559593657417,0.01576501070648785,0.0002877133958256363,0.00040456211099778786,0.00617223746132891,0.0017419999999998706,0.0017419999999998645,0.001741999999999889,0.00100741999999992,0.00100741999999992,0.00100741999999992,-0.30194648058168255,9.695031179582532,0.6631848038451903,-0.0010826170335744558,-0.001207794169980461,-0.0005944258308062788,-13.710000553131103,-20.139375858306884,-5.063625192642212,984.8066137695313,-0.05842552204698558,24.883655993674143
2025-03-01T16:59:04Z,40.319803329067895,-76.07989059137559,69.83877013479272,-0.5278243312997467,3.6696160595226615,-1.007720726145909,1.48331396768629,0.04742091787632619,3.563317724389796,0.000999999998653156,0.0010000000015871003,0.0010000000002590265,0.0009999999974833415,0.0009999999927806566,0.0009999999922319877,0.000022999317076593417,0.000023000358650153585,0.8405534089154458,14.344956388383451,8.068044744931932,0.015104365142818888,0.00029534556063890284,0.00041453470863778597,0.006182263582896499,0.0017429999999998707,0.001742999999999865,0.0017429999999998894,0.001007429999999919,0.001007429999999919,0.0010074299999999188,-0.30548668120911054,9.693481118518317,0.6664379959700738,-0.0009083703387739327,-0.0007149297649476996,-0.0009185512738892335,-13.836375579833984,-20.05443826675415,-5.150437669754028,984.8354418945313,-0.059578896565895094,24.902816106714315
2025-03-01T16:59:05Z,40.318162988889725,-76.07988337062581,69.50649588904257,-0.3034608742211937,3.050873377982252,-1.0341690297802995,1.4796046284146145,0.047628971877830766,3.5619445999954245,0.0009999999988778573,0.001000000001349436,0.0010000000001725976,0.0009999999978798017,0.0009999999930139663,0.000999999992038898,0.000023999051109493416,0.000024000366878182877,0.8406405937376253,15.652027686592593,8.83362877602663,0.014474299707625088,0.0003027885513404862,0.0004244952692605252,0.006192253832611364,0.0017439999999998709,0.001743999999999866,0.0017439999999998895,0.0010074399999999192,0.0010074399999999194,0.0010074399999999192,-0.30233613174025636,9.689253798165323,0.6556304127372695,-0.0009389136201894614,-0.0009490945770311616,-0.0007251108439064844,-13.931438112258911,-20.13243824005127,-5.436562700271606,984.869228515625,-0.0645585002409257,25.078949178522752
2025-03-01T16:59:06Z,40.316323857238906,-76.07988975881487,69.17380331666659,-0.02235213313154416,2.368695579817085,-1.0539013408593858,1.4756199446620972,0.04774549696859208,3.560501892957008,0.000999999998931235,0.0010000000016368985,0.0010000000004263723,0.0009999999979757846,0.0009999999929273093,0.000999999992183077,0.00002499873942642049,0.000025000376129666724,0.8386623755072244,17.027013715924596,9.643623291796512,0.01393832291534911,0.0003102421230872914,0.0004344167188914395,0.006202230553631447,0.0017449999999998701,0.0017449999999998654,0.0017449999999998888,0.0010074499999999185,0.0010074499999999185,0.0010074499999999185,-0.3036724501242174,9.694835097890037,0.6678919985878891,-0.001122673731070241,-0.0009374113921408467,-0.0007746810102882949,-13.824563064575194,-20.07787572860718,-5.355562686920166,984.8936279296875,-0.05803991168623917,24.958348148221592
2025-03-01T16:59:07Z,40.31419102745462,-76.07991067284904,68.87238843427053,0.34279508017784305,1.6101078190025664,-1.0721119166512902,1.4716938177049157,0.04796479287618143,3.558833178803092,0.0009999999988992664,0.0010000000013559661,0.0010000000002811941,0.0009999999979432178,0.0009999999930964069,0.0009999999925850538,0.000025998377522956334,0.00002600038651261483,0.8348117108604636,18.468903196897145,10.50271010582215,0.013500679359296476,0.0003178694287805161,0.00044428605822863254,0.006212209415073328,0.0017459999999998711,0.0017459999999998664,0.0017459999999998898,0.0010074599999999193,0.0010074599999999176,0.0010074599999999171,-0.30959435911493915,9.69419893328185,0.6636463736887483,-0.0009490945933827679,-0.0010305432469366025,-0.0010916297105552169,-13.398188047409057,-19.918688201904295,-5.372062678337097,984.8961547851562,-0.058693422093514455,24.59923026554146
2025-03-01T16:59:08Z,40.31163091426543,-76.07994713851052,68.63621645752112,0.8075852733457473,0.7704984665337133,-1.0906222969988377,1.4677294091021198,0.0478166934955632,3.5574285409394717,0.0009999999986551162,0.0010000000011630194,0.001000000000390952,0.0009999999979949693,0.0009999999932216708,0.00099999999235876,0.000026997960167645044,0.000027000398150043302,0.8294747353868994,19.97762887136576,11.417367834697872,0.013195423830089856,0.00032581753949510983,0.00045405459885427987,0.006222167812256468,0.001746999999999872,0.0017469999999998652,0.0017469999999998886,0.0010074699999999192,0.0010074699999999164,0.0010074699999999164,-0.30512383479734767,9.689657131006104,0.6570262252539026,-0.0008823334163262391,-0.0006369861571748313,-0.0009749644701725456,-13.675875587463379,-20.097938194274903,-5.328187689781189,984.8690625,-0.0637200099093419,24.886617631520608
2025-03-01T16:59:09Z,40.30868276313429,-76.0799952339041,68.43926026496426,1.3669747211247714,-0.09388540656757655,-1.105693863351551,1.464035882280985,0.04742402882356925,3.555731492725247,0.0009999999988663485,0.0010000000016355535,0.0010000000004720543,0.0009999999976789374,0.000999999993465711,0.0009999999923736545,0.00002799748133043182,0.00002800041117890322,0.8232213716243484,21.55613203118693,12.394754066952007,0.013043519690254038,0.000334156298668221,0.0004637235728263574,0.0062321076992159505,0.001747999999999871,0.001747999999999865,0.0017479999999998887,0.0010074799999999183,0.0010074799999999166,0.0010074799999999166,-0.3089961549632462,9.689971597034562,0.6608946259216532,-0.0007149297527922578,-0.0007963782989370958,-0.0010610864538112082,-13.743563032150268,-19.89993824005127,-5.181187705993652,984.8529028320313,-0.06292569344682661,24.733282210016203
2025-03-01T16:59:10Z,40.305377219779736,-76.08005017464738,68.26726261140098,2.0144578283517585,-1.033261836999084,-1.1119857703247402,1.4609933267901907,0.04588991297523435,3.5536911116961787,0.0009999999989061799,0.0010000000014801118,0.0010000000003833563,0.0009999999978895602,0.0009999999937284198,0.000999999992026914,0.00002899693412103171,0.00002900042574876049,0.8165951039653049,23.203204917668405,13.441940700583869,0.01310111056916637,0.0003429149800185302,0.00047326350719485976,0.00624196324854247,0.0017489999999998709,0.001748999999999865,0.0017489999999998897,0.0010074899999999178,0.001007489999999917,0.001007489999999917,-0.2733502867889598,9.70887818670891,0.573748154057359,-0.0003816246016817423,-0.001117666558622316,-0.00028398635649469874,-13.74975061416626,-20.19712577819824,-5.387625188827514,984.8455419921875,-0.05056212405900454,25.0200616247617
2025-03-01T16:59:11Z,40.301748860846466,-76.08010713746181,68.09203616763949,2.8188695310502214,-2.670233023594326,-1.1443062611499244,1.4658108996102417,0.04165987228527092,3.5517585836370467,0.0009999999986637933,0.001000000001494887,0.0010000000004941013,0.0009999999976453636,0.0009999999937347786,0.0009999999920500464,0.000029996309836880594,0.000030000442027560717,0.8096045410723384,24.892139856542578,14.558885336038408,0.014287669044795904,0.0003521625211813546,0.0004825868762120897,0.006251633687148598,0.0017499999999998715,0.0017499999999998643,0.0017499999999998903,0.0010074999999999169,0.001007499999999916,0.0010074999999999164,-0.018746767260903047,9.778266738890121,-0.22405094922620644,0.006798706946220683,-0.0011730783544532267,0.002033961773053156,-13.035375556945802,-20.252063331604003,-5.0636251711845395,984.8501708984375,0.00081274459405205,24.611072176499377
2025-03-01T16:59:12Z,40.297809866613235,-76.08015693585773,67.86390993065977,3.759483476435876,-4.925343342369234,-1.228829461545008,1.4621221579520565,0.03997266776413452,3.5496938551039774,0.0009999999988346835,0.0010000000012537643,0.0010000000006601647,0.0009999999976148496,0.0009999999936929347,0.000999999992268873,0.00003099559722266891,0.000031000460163889,0.8046210006923414,26.65283604997514,15.744193809728882,0.018987021897151877,0.00036203873458554297,0.0004915454525847816,0.006261503986452053,0.0017509999999998705,0.0017509999999998646,0.0017509999999998891,0.0010075099999999177,0.001007509999999915,0.001007509999999916,0.25367608932849767,9.821736390430226,-1.0551181460027867,-0.0029344052618280737,-0.0008880081359353835,-0.0010305432518801045,-13.142813110351563,-21.376313304901124,-4.060687667131424,984.8680395507813,0.10171324522148893,25.419813090928958
2025-03-01T16:59:13Z,40.293433266207465,-76.08017760945738,67.60619101710726,4.721563676715064,-6.55612897994483,-1.2845783059870635,1.4579428917898025,0.040695893981322784,3.5475538546108822,0.0009999999987633879,0.0010000000013962813,0.0010000000005122409,0.0009999999974267093,0.0009999999937578663,0.000999999992238477,0.00003199478724427794,0.00003200048015218069,0.8096469308068623,28.540760417736,16.986953106088237,0.025760639500304668,0.0003719435996607614,0.0004999003426337549,0.0062715781063693915,0.0017519999999998698,0.001751999999999864,0.0017519999999998886,0.0010075199999999174,0.0010075199999999146,0.0010075199999999165,0.1709301904937394,9.811573417287105,-0.7800795193350467,-0.005258528708186824,-0.00047675924449545773,-0.004219557709352584,-12.997313041687011,-20.831813240051268,-3.283500121831894,984.8735595703125,0.06440516083113965,24.77243295831705
2025-03-01T16:59:14Z,40.288602360590346,-76.0801377588724,67.37877680966434,5.731379209728362,-7.4035495997584615,-1.3015392141624769,1.4651490899072952,0.04330310721934172,3.5467132757339965,0.0009999999985947801,0.0010000000014930334,0.0010000000004226875,0.0009999999973523397,0.000999999993893197,0.0009999999919892203,0.000032993881858465355,0.000033000501701114635,0.832672543470449,30.546136976574328,18.22104937154997,0.03310411570165154,0.0003806351496815783,0.0005073787195376517,0.006281884073755789,0.00175299999999987,0.0017529999999998643,0.0017529999999998885,0.001007529999999918,0.0010075299999999154,0.0010075299999999163,0.0224097812569959,9.793899861016467,-0.5568128211807615,0.0037036588896808336,0.0012194754171595973,-0.00687448302927997,-13.03687554359436,-22.191563358306883,-2.26875009316951,984.8745532226562,0.030217708376048015,25.837379881403628
2025-03-01T16:59:15Z,40.28331503227689,-76.08000541104616,67.26517208623567,6.789169862341465,-7.263259728149499,-1.273918553960253,1.4712483479389264,0.033445301365139846,3.546106247053559,0.0009999999987815827,0.0010000000017708409,0.0010000000005035722,0.0009999999970520743,0.0009999999938087247,0.0009999999919120932,0.00003399290076587968,0.00003400052420334434,0.8761649337766028,32.6591625086981,19.348047466024667,0.03911203458361067,0.0003859866398644363,0.0005139461292159792,0.006291297416751339,0.0017539999999998705,0.0017539999999998644,0.0017539999999998891,0.0010075399999999188,0.0010075399999999153,0.0010075399999999151,-0.1328798321208865,9.762069402974621,-0.316499547896108,-0.00017132707170078039,0.0003043467287490863,0.0045728894070537545,-15.355500583648682,-20.74143831253052,-1.4068125584721565,984.8578442382812,-0.011437940471813077,25.845215152737683
2025-03-01T16:59:16Z,40.27759391365925,-76.07974942530066,67.38499827284103,7.775761611324741,-6.714605284678081,-1.154930039047952,1.4861349219277744,0.029634698758190393,3.5463337050847983,0.0009999999989517199,0.0010000000019022323,0.0010000000008792852,0.0009999999972061958,0.0009999999939591475,0.0009999999918243697,0.00003499188456144199,0.000035000546763337395,0.939361267067196,34.92517650243399,20.259114880741834,0.047267384822728124,0.0003870534262088176,0.0005196149545552952,0.006301292718218793,0.001754999999999871,0.0017549999999998628,0.0017549999999998897,0.001007549999999919,0.0010075499999999155,0.0010075499999999157,0.09375577650713572,9.83796760145646,-0.7162944499670597,0.005475166547692974,0.001881245160224997,-0.002364264615077062,-15.570750741958618,-19.535438327789308,-1.929187575057149,984.806630859375,0.08485255092927284,25.05595414200718
2025-03-01T16:59:17Z,40.27175583044553,-76.07935723099435,67.81132479220048,8.701349115413914,-5.461522487059616,-0.9854157380251172,1.4988540543654922,0.022516150545066792,3.544016320923499,0.0009999999991487038,0.001000000001861638,0.001000000000914153,0.0009999999973298737,0.0009999999940401587,0.000999999991662624,0.00003599089325687225,0.00003600056826207763,1.0202702349919321,37.335047582784796,20.82651592330767,0.055239248174373104,0.00038206467742642804,0.0005247966694873689,0.006311082471439141,0.0017559999999998699,0.0017559999999998638,0.0017559999999998885,0.001007559999999918,0.0010075599999999144,0.0010075599999999152,0.11545070066159491,9.831626676557546,-0.9145796862973622,0.0004049888247777628,-0.0009694566880480291,0.000018107789595150827,-15.542813167572021,-19.700250768661498,-1.3213125669956207,984.7416577148438,0.09500708949856654,25.128116227533006
2025-03-01T16:59:18Z,40.26638044506208,-76.0788594214212,68.48329296118516,9.345272004235701,-2.904543894456652,-0.8153182380195168,1.511813093997033,0.023935379587781355,3.5430163091770424,0.000999999999316886,0.0010000000018516443,0.0010000000006606512,0.000999999997131297,0.0009999999941262782,0.000999999991572731,0.00003698999008942437,0.00003700058788525965,1.1047224946341434,39.80081329751427,20.99765098933875,0.05526987277685315,0.0003716372072855341,0.0005296837166644051,0.006321708011269947,0.0017569999999998704,0.0017569999999998635,0.001756999999999889,0.0010075699999999186,0.001007569999999913,0.0010075699999999158,-0.10875547138650767,9.734885354337239,-0.21835459259329326,-0.000982475030397962,0.0006147861484737218,-0.008305341910871112,-13.118625535964966,-22.045500812530516,-3.4605001282691954,984.6991015625,-0.04208366154032539,25.885804271039788
2025-03-01T16:59:19Z,40.261760191822255,-76.07830060827078,69.3255226624643,9.842461406386231,0.010173335242920079,-0.6205572545124062,1.5314969682614672,0.021446549313315712,3.542229359650183,0.0009999999995981444,0.0010000000015773565,0.0010000000008108824,0.0009999999967551482,0.000999999994088586,0.0009999999914792322,0.00003798921591727985,0.000038000605588439,1.1738752978261635,42.36758302956997,20.829337360982407,0.05217713737923267,0.00035725328894327786,0.0005349237956372194,0.006331997313458697,0.001757999999999871,0.0017579999999998628,0.0017579999999998896,0.0010075799999999186,0.0010075799999999125,0.0010075799999999162,-0.26357240390336745,9.746482077278829,-0.15657335040908557,0.005658425912568573,0.00007919434187797351,-0.0036776238265187654,-12.45656301498413,-21.877500896453856,-2.764687607102096,984.660146484375,-0.029047022630916443,25.326506311643595
2025-03-01T16:59:20Z,40.258241701983486,-76.07776616403756,70.1636115709311,10.063527029812334,2.6238446386911654,-0.43920297075250586,1.5415082248464047,0.011269928157412668,3.539553195659938,0.000999999999555965,0.0010000000012681243,0.0010000000008943933,0.000999999996724673,0.0009999999941129722,0.000999999991518473,0.000038988581412930164,0.000039000621883203475,1.2198142548833788,45.040000268641755,20.4336388949324,0.04765203471974398,0.00034090616116189403,0.0005412194945242602,0.006341409495587174,0.0017589999999998694,0.0017589999999998612,0.0017589999999998885,0.0010075899999999183,0.001007589999999912,0.0010075899999999157,-0.16775227956775635,9.769169414456151,-0.1562981111748222,-0.0020439782804178635,-0.0024896088031733303,0.005374023336521639,-13.899000577926635,-20.80125078201294,-2.945625113323331,984.6716357421875,-0.008782440154721922,25.19024392961274
2025-03-01T16:59:21Z,40.25527863340484,-76.07721934608051,71.10049660309025,10.087083571920967,5.2096045788508345,-0.2994313693012762,1.5446212817710676,0.0027115460745344463,3.5385463345961172,0.0009999999994432078,0.0010000000015257867,0.0010000000010277899,0.0009999999970280399,0.0009999999942456208,0.0009999999919272787,0.00003998807369834749,0.000040000637521834724,1.241592052572458,47.79474031610775,19.92334365037631,0.042292500344187245,0.00032530513483168875,0.0005482130522002582,0.006350943273884228,0.0017599999999998695,0.00175999999999986,0.0017599999999998882,0.001007599999999918,0.001007599999999911,0.0010075999999999146,-0.07753044302282534,9.744248762765253,-0.055117672736098695,-0.008035126058446689,-0.0009185515761023241,0.00466068048234125,-13.12556305885315,-20.586375770568846,-2.8781251088902353,984.6002294921875,-0.03622007938201784,24.58374198176127
2025-03-01T16:59:22Z,40.25281294628758,-76.07668138997713,72.04165963933477,9.994384735053456,7.59461401064711,-0.2267779002610108,1.5555044482845268,0.0012591180861467122,3.5312438695382906,0.0009999999993751175,0.0010000000013142684,0.0010000000011463645,0.0009999999970590878,0.0009999999941653244,0.0009999999920574365,0.00004098766709473143,0.00004100065323628778,1.2423689729726544,50.6269599936045,19.39538251525387,0.03708397134567705,0.0003104844591292781,0.0005571617838252852,0.006361079364170968,0.0017609999999998697,0.0017609999999998606,0.0017609999999998885,0.0010076099999999184,0.001007609999999911,0.0010076099999999145,-0.04438984844451972,9.702055286405946,-0.036054848483860084,0.001040388599933693,-0.007206286068190402,-0.0017160134398241215,-13.227750558853149,-20.180438327789307,-2.8029376201331617,984.5313745117187,-0.0789793101408,24.291509994787482
2025-03-01T16:59:23Z,40.25067483817642,-76.07614922233009,72.98524861691638,9.83778317186635,10.08915375226759,-0.12162819173847494,1.5629484487563465,0.0007291588072486201,3.5287710075511205,0.0009999999994061756,0.0010000000011044015,0.0010000000009661061,0.0009999999968205886,0.0009999999943605547,0.0009999999920378283,0.00004198732996387729,0.000042000669684931876,1.2253414242524627,53.535992292179685,18.935540667035955,0.03128434309308668,0.00029905071229422944,0.0005660888355199716,0.00637124699503476,0.0017619999999998698,0.0017619999999998605,0.0017619999999998884,0.001007619999999918,0.001007619999999911,0.0010076199999999144,-0.18320756057831644,9.753871086994796,0.21313801419510392,-0.0012748892069877034,-0.0025373433464610856,-0.0018144865800208071,-13.276688022613525,-19.935375785827638,-3.274875146150589,984.4481372070312,-0.023567708162318502,24.174614668111577
2025-03-01T16:59:24Z,40.24884461775557,-76.07564388814379,73.87289370136928,9.69121876592927,12.160704146455032,-0.06641531134987796,1.5676604037165849,0.0013438824033880756,3.532418257006312,0.0009999999994795663,0.0010000000014194221,0.0010000000008731052,0.000999999996485042,0.0009999999944060277,0.0009999999918470608,0.00004298703083879716,0.00004300068736558305,1.1955895912320909,56.540783963871284,18.58128525044399,0.02702333585094158,0.00029164219612519453,0.0005744590492071885,0.00638146114176826,0.0017629999999998708,0.0017629999999998589,0.0017629999999998894,0.0010076299999999174,0.0010076299999999103,0.001007629999999914,-0.2051077716890993,9.733600766498732,0.06579963416633754,-0.0025780673420257375,0.0034593126026186763,-0.0022522728083351146,-14.24250060081482,-21.22068835258484,-3.6390001372247935,984.3858032226562,-0.045740751877118166,25.814843149874633
2025-03-01T16:59:25Z,40.24750789362358,-76.07522018082001,74.52338787923075,9.546784854488362,13.996230060373522,-0.05657497553991764,1.5734574293554042,0.0074232181538515934,3.535792541533321,0.0009999999993982934,0.0010000000016759127,0.0010000000008537628,0.00099999999657587,0.0009999999945106421,0.0009999999920480892,0.00004398673936120092,0.00004400070664673387,1.157452000015409,59.60590687249466,18.361838014089926,0.022778755383775207,0.0002870748552731588,0.000583274294407335,0.006392124926666724,0.00176399999999987,0.0017639999999998594,0.0017639999999998887,0.001007639999999917,0.0010076399999999098,0.0010076399999999132,-0.35239188979562913,9.728020728438162,0.35980627424219247,0.0007599917326889514,0.0031183303299832576,-0.007013513269761648,-14.102063093185425,-20.484000720977782,-2.5276875965297223,984.40576171875,-0.040887498721858394,24.996982305562774
2025-03-01T16:59:26Z,40.24632191830032,-76.07482372197862,75.04549874922017,9.423548142597257,15.426016161961826,-0.08677597486000123,1.5865212154607897,0.007232477768580862,3.5361070201175444,0.0009999999991025838,0.001000000001406262,0.0010000000010278271,0.000999999996422471,0.0009999999945549268,0.000999999992261435,0.00004498642515844962,0.000045000727806836834,1.114656441614013,62.76763314993844,18.289120491376245,0.019989396909370936,0.00028449995473855884,0.0005929956233670462,0.0064021040418585145,0.00176499999999987,0.0017649999999998606,0.0017649999999998888,0.001007649999999917,0.00100764999999991,0.0010076499999999136,-0.35864722533774307,9.707598709104769,0.13714562889661946,0.009089449841111551,7.927072989578161e-6,-0.0003382297109960291,-14.607750644683838,-21.03112585067749,-2.8031251050531862,984.3819946289062,-0.06691189355277893,25.75945490210393
2025-03-01T16:59:27Z,40.244776203459196,-76.07437764560527,75.65556549067215,9.0588545637666,17.190161549952606,-0.05836151003722444,1.5874016529903325,0.006705844386238582,3.5380497130813695,0.0009999999988768548,0.0010000000014907544,0.0010000000008979658,0.0009999999964957979,0.0009999999944239892,0.000999999992053417,0.000045986057193188285,0.000046000751043525074,1.070519630323116,66.02292875314835,18.374144194695386,0.017517414550235245,0.0002845710009830964,0.0006025751741528547,0.006412010860969078,0.001765999999999869,0.0017659999999998597,0.0017659999999998879,0.001007659999999916,0.001007659999999909,0.0010076599999999133,-0.32536475979043966,9.766541197478341,0.3272481917078237,-0.003425934436405504,0.0015260758461284564,0.00020670843849389452,-13.845375537872314,-20.514563331604005,-2.886750134602189,984.257578125,-0.004868586308759566,24.91731361505439
2025-03-01T16:59:28Z,40.24364883934867,-76.07400218354813,76.0033125307011,8.779846383367431,18.882550489013536,-0.13755611846778334,1.5894262792915466,0.00911645595548345,3.538403324898688,0.0009999999986962276,0.001000000001152564,0.0010000000009320917,0.0009999999966385298,0.0009999999944010976,0.000999999992297646,0.000046985593470939626,0.00004700077662355851,1.0249127215600136,69.32090015130635,18.61204763552219,0.015590871351797405,0.0002865573683924726,0.0006125046079326197,0.0064221365736412735,0.0017669999999998679,0.0017669999999998583,0.001766999999999889,0.0010076699999999167,0.0010076699999999096,0.0010076699999999133,-0.47912584548067366,9.692125136691827,0.6873751966050229,-0.0005927566831115541,-0.000032797239490213676,-0.002394808109819347,-13.886438064575195,-22.21200090408325,-3.8572501638531684,984.313447265625,-0.054228057527653035,26.477949787984677
2025-03-01T16:59:29Z,40.24226183071515,-76.07360722412153,76.25700434779849,8.372068409968222,20.593258971725454,-0.2681320372237671,1.5899406772923843,0.008720637455238689,3.5346199702058088,0.000999999998826001,0.0010000000010265539,0.0010000000011156681,0.0009999999964265907,0.000999999994194472,0.00099999999238154,0.000047984977772347056,0.00004800080484578582,0.9793804579450942,72.69957347935504,19.013409465506744,0.014653820080195017,0.000289788460672137,0.0006232005540380337,0.0064319331099400405,0.0017679999999998676,0.0017679999999998582,0.0017679999999998875,0.0010076799999999162,0.0010076799999999093,0.0010076799999999128,-0.4445495583560318,9.644906702676257,0.7596384364257869,-0.001865391733566285,-0.004176496734744372,0.000740964497186867,-13.714313058853149,-20.474250774383545,-1.099125042743981,984.2665161132812,-0.09771987871921557,24.667445912385876
2025-03-01T16:59:30Z,40.24028908605289,-76.07317424326921,76.41064408734684,7.854535136868646,22.227265734093997,-0.484392391253067,1.5794999378464858,0.008997648753671303,3.5335317834811,0.000999999998728189,0.0010000000008730746,0.001000000001040962,0.0009999999964291682,0.0009999999944544002,0.0009999999926278795,0.00004898414415580344,0.000049000835960200184,0.9374390738841392,76.14867726414379,19.574269320302673,0.014602854426652571,0.0002954483164650302,0.0006331606792179005,0.006441747309185728,0.0017689999999998681,0.001768999999999859,0.001768999999999887,0.0010076899999999166,0.0010076899999999097,0.0010076899999999132,-0.4091135512485841,9.549539704618836,0.710648988307361,-0.012849274724530265,-0.0016083612783666602,0.0003669350983032326,-13.984500646591187,-21.27075080871582,-3.998812672793865,984.1972290039063,-0.1982140216352413,25.768177534200472
2025-03-01T16:59:31Z,40.23720187193503,-76.07268556964853,76.4669351822629,7.17643364031931,23.4492867927126,-0.7673858750844097,1.5605820079350774,0.019627924093277908,3.53614653502926,0.0009999999989006168,0.0010000000010051446,0.0010000000011335334,0.0009999999965748538,0.0009999999945322074,0.0009999999924609271,0.00004998302931315629,0.000050000870105528876,0.9028639311024835,79.6697111628506,20.2838238536046,0.014714192552118218,0.0003033763698837801,0.0006421372088302064,0.0064524357773212485,0.0017699999999998678,0.0017699999999998583,0.0017699999999998867,0.0010076999999999161,0.001007699999999909,0.0010076999999999124,-0.3217179920579938,9.458266583123923,0.37531123921108955,-0.021514875581108886,0.0018710643661095417,-0.009429933736043424,-13.640813064575195,-22.53750093460083,-3.885375151336193,984.0928344726562,-0.31186242860605734,26.62900963527125
2025-03-01T16:59:32Z,40.23275539852727,-76.0721534491294,76.51136195967293,6.205588388556099,24.54833280868566,-0.808609060093473,1.559041939576885,0.02890057313800126,3.534477763252325,0.0009999999986191866,0.0010000000009674102,0.0010000000009838818,0.0009999999964369383,0.0009999999943890014,0.0009999999922919666,0.00005098158189669033,0.00005100090735260905,0.8766862225809924,83.37417544906104,21.156849831995707,0.014759105291212401,0.00031152277020478206,0.0006516549075157394,0.0064628950930403885,0.0017709999999998688,0.0017709999999998567,0.0017709999999998875,0.0010077099999999154,0.0010077099999999083,0.0010077099999999117,-0.3178332562236511,9.682517893805828,0.38283229063389845,-0.003916628920118707,-0.002589750760629848,-0.007384037761494081,-13.076063070297241,-22.337063274383546,-4.035375159978867,983.9871533203125,-0.0878725401184323,26.19559892029622
2025-03-01T16:59:33Z,40.228469512622624,-76.07166564092566,76.37625106571947,5.18073812356907,25.404082995424435,-0.8676596140322624,1.5552267496782723,0.028306164361705827,3.523656605199969,0.0009999999987337564,0.0010000000008273465,0.0010000000011992725,0.0009999999964089505,0.0009999999942223014,0.0009999999921495907,0.00005197975628814337,0.0000520009477771041,0.8571772272806638,87.18176993365316,22.1523359715537,0.01478156777701984,0.00031860513849689393,0.0006625408784828573,0.006472336360681863,0.0017719999999998685,0.001771999999999858,0.0017719999999998872,0.001007719999999916,0.0010077199999999089,0.0010077199999999125,-0.22245573732227464,9.6750563373556,0.5107450053716174,-0.004940078033412981,-0.011741039064030064,0.002349575168924033,-13.395750541687011,-21.877313327789306,-3.9564376848936083,984.0660815429687,-0.09218557839154101,25.95599591018596
2025-03-01T16:59:34Z,40.22415648210289,-76.07120477111863,76.11061607901713,4.2594862398410696,26.47462098294263,-0.9188313379159085,1.5527628094586545,0.033314605735920336,3.51704033745701,0.000999999998733709,0.0010000000006033022,0.0010000000011284743,0.0009999999966360052,0.0009999999944087373,0.0009999999920536984,0.00005297749587048754,0.00005300099153218125,0.8429643370237365,91.12474893033405,23.25743353196772,0.01568534215696056,0.00032714201907580023,0.0006723546125254876,0.0064823275819733146,0.0017729999999998673,0.0017729999999998565,0.0017729999999998862,0.001007729999999916,0.001007729999999909,0.0010077299999999125,-0.41300418137663386,9.674737285613187,0.9328389219393758,-0.0029344050925170398,-0.007363174817955963,-0.003250018506221492,-11.879250469207763,-20.176313190460206,-4.127812659144402,984.1339916992188,-0.0550177410687786,23.774705446146935
2025-03-01T16:59:35Z,40.219590251989935,-76.07076139722595,75.71467023838737,3.5235008858114956,27.136455929649443,-1.0656420254575554,1.548944621021524,0.036499924270128034,3.5170208967717205,0.0009999999988326374,0.001000000000777129,0.0010000000010994116,0.0009999999965646566,0.0009999999943937996,0.0009999999918589829,0.00005397474155161785,0.00005400103879949255,0.8345589344796488,95.16649694600441,24.440063400163012,0.0164543673822186,0.00033701199317196493,0.0006808193507152105,0.006492228969877886,0.001773999999999868,0.0017739999999998573,0.0017739999999998868,0.0010077399999999168,0.0010077399999999094,0.0010077399999999129,-0.4818004468544625,9.57966576035236,0.6993124999787184,-0.003836515967133594,-0.0007471424649268321,-0.0012954181678498755,-11.976563005447387,-22.435500926971436,-3.786562641859055,984.1944384765625,-0.16623970534325508,25.712354977935178
2025-03-01T16:59:36Z,40.21439837707609,-76.07033017318071,75.26369838803704,2.7691036660935096,27.402435036114568,-1.0728377468965193,1.5508467672402302,0.04353298209765845,3.5199262660958746,0.0009999999986623324,0.001000000000724,0.0010000000012948367,0.0009999999963394835,0.0009999999942567617,0.0009999999917647913,0.000054971464528725245,0.00005500108969054508,0.8316407521500319,99.41136432263289,25.708401268465597,0.016752044141753297,0.00034734885339105567,0.0006886651446746746,0.006502522323741912,0.0017749999999998676,0.001774999999999858,0.0017749999999998865,0.0010077499999999158,0.001007749999999909,0.0010077499999999124,-0.423014152536864,9.72091872596663,0.5086313430606259,0.0023902988667649566,0.002257945408674835,-0.004940077480712874,-12.487875480651855,-22.11600082397461,-4.367437671422959,984.231748046875,-0.04010054379241199,25.77084420546256
2025-03-01T16:59:37Z,40.208320711659894,-76.06991147884104,74.83691932312837,1.996171778649746,27.672787017333622,-1.1224846445142405,1.5497525996853867,0.04490882311588355,3.520835021740265,0.0009999999985646874,0.0010000000009690788,0.001000000001161681,0.0009999999963576055,0.0009999999941763926,0.0009999999916294085,0.00005596765555360426,0.00005600114429672914,0.8331578594343139,103.79592940805847,27.01597300080125,0.017481743356846387,0.0003567416913970806,0.0006968369133937147,0.006512283392062927,0.0017759999999998686,0.001775999999999859,0.001775999999999885,0.0010077599999999153,0.00100775999999991,0.0010077599999999119,-0.5102397300421517,9.664120625104337,0.6896627588816108,0.00016915484401408163,0.00013410563004793573,0.0008676438462659618,-13.213125514984132,-22.513875713348387,-4.113937661647797,984.2496533203125,-0.08141214794251994,26.426938427669473
2025-03-01T16:59:38Z,40.201671444826054,-76.06951494845465,74.42773835118828,1.262870306094537,27.622399896765998,-1.0798537835930928,1.547384280412017,0.04789540956235785,3.523321498650938,0.0009999999987781632,0.0010000000011817472,0.0010000000011309,0.0009999999963178799,0.0009999999942749515,0.0009999999914805868,0.000056963322886268114,0.00005700120269271439,0.838326814499557,108.38464380891594,28.35888587735061,0.017891613125516095,0.0003658017112801721,0.0007047628596846608,0.006522244520759012,0.0017769999999998692,0.0017769999999998596,0.0017769999999998848,0.0010077699999999157,0.0010077699999999094,0.0010077699999999122,-0.4622963217917136,9.755973584492033,0.5965675712366769,-0.0005113084376454425,0.0017896159619586944,-0.0006843864766528365,-13.546500539779663,-21.740625743865966,-4.887000200748443,984.2872412109375,0.0015931090059977315,26.077626376414628
2025-03-01T16:59:39Z,40.194151635140834,-76.06914204112744,74.10461694346168,0.5957724465725464,27.179119139461026,-1.0623668468840932,1.5394920955855922,0.05341060141641008,3.528520591836257,0.0009999999986362285,0.0010000000012800533,0.0010000000010282684,0.0009999999964630702,0.000999999994512105,0.000999999991443434,0.00005795850854023087,0.00005800126491406442,0.8454255575512144,113.12253351694862,29.701024473216968,0.017811887001204705,0.00037465258133486214,0.0007123109230679184,0.0065325255827896065,0.0017779999999998697,0.0017779999999998604,0.001777999999999885,0.0010077799999999152,0.0010077799999999091,0.0010077799999999117,-0.4295898386664134,9.727000844110025,0.4789374610357525,-0.005428769591958366,0.004610442281410283,-0.0030779418582248374,-11.974500503540039,-21.25387571334839,-3.747000139206648,984.2952172851562,-0.03522188497329028,24.681032992971943
2025-03-01T16:59:40Z,40.18552578922677,-76.06879559460576,73.86400901589616,-0.04402328996181637,26.65996406621106,-1.0776179507512698,1.5333221512727928,0.059663075545330235,3.525270594014802,0.0009999999989056217,0.0010000000011660332,0.001000000000770506,0.0009999999966494076,0.0009999999947096104,0.0009999999917075831,0.00005895326993120055,0.000059001330997563,0.8534626122204327,118.02115938046491,31.0278012996436,0.018184240308633543,0.0003810162801703829,0.0007217074039117706,0.006542797124995749,0.0017789999999998686,0.001778999999999859,0.0017789999999998864,0.0010077899999999165,0.001007789999999909,0.0010077899999999126,-0.4714289319911372,9.67322178586196,0.7289704244505265,-0.0023744457492470596,-0.003708167066005131,-0.004074686201269854,-12.403688020706177,-22.359000816345215,-4.730062676668167,984.2793969726563,-0.07131611728202325,26.002831324094352
2025-03-01T16:59:41Z,40.32876379408363,-76.07460760071966,77.51849092756841,2.8718751729284735,15.464967850138562,-0.38326149854857844,1.505748832225589,0.06552348128961341,3.526121553959891,0.000999999999022382,0.0010000000011699591,0.001000000000379494,0.0009999999971721594,0.0009999999943764788,0.000999999991824142,3.075871576579363e-10,3.0758762332671825e-10,0.5515481406966011,0.00573966684563987,0.005738866973421578,0.012577436840947614,0.00016377134218661555,0.0001836817064057124,0.0065398957531935045,0.001779999999999869,0.0017799999999998596,0.001779999999999887,0.0010077999999999168,0.00100779999999991,0.0010077999999999134,-0.6723063955296064,9.895634705860243,1.160914798088843,0.013589487847070515,-0.0011425348867843716,0.002176496375864141,-13.55906304359436,-20.22600072860718,-4.074187657833099,984.2612817382812,0.20406433527666595,24.688778448923983
2025-03-01T16:59:42Z,40.32884722763339,-76.07442469307931,77.29386160028727,2.637923882216484,15.580716044318178,-0.2777189938938416,1.502849860570282,0.037569104258972905,3.5238146911672854,0.0009999999990256137,0.0010000000009589534,0.0010000000001019556,0.0009999999970206632,0.0009999999943793643,0.0009999999920858988,1.0003075873237301e-6,1.0003075880419268e-6,0.5882191264467168,0.025377414310829877,0.02315537286132256,0.01305266734722066,0.00017269309085132738,0.00019367372059434578,0.0065479408902508396,0.0017809999999998697,0.0017809999999998602,0.0017809999999998873,0.0010078099999999163,0.0010078099999999094,0.0010078099999999129,-0.3390548512461728,9.856487834866714,0.8549636532279425,-0.0025246584166388215,-0.004222061580790068,0.027795765352702645,-13.64587558746338,-19.712063159942627,-3.077812619805336,984.2764672851563,0.11720214282620704,24.171177423859557
2025-03-01T16:59:43Z,40.32892920483763,-76.07424127969982,77.12170741053036,2.499542872838345,15.55603726415417,-0.3100270950641995,1.5041666869378663,0.04176866717215834,3.5212411943732262,0.0009999999991672243,0.001000000001257627,0.0010000000000887092,0.000999999997047866,0.000999999994328507,0.0009999999922926206,2.0003075879938947e-6,2.0003075915410874e-6,0.6250175647125248,0.08102596002319686,0.07206722790116003,0.013249575904762816,0.0001819374346868416,0.00020367539148100322,0.006558191426569242,0.0017819999999998696,0.0017819999999998599,0.0017819999999998885,0.0010078199999999158,0.0010078199999999087,0.0010078199999999124,-0.25284458237975255,9.730410296757057,0.6911638276426965,0.0017488916366041646,-0.002333721318909167,-0.004319032071005209,-13.052250576019286,-21.145313243865967,-2.6825625993311406,984.2894360351562,-0.023898771997162206,24.99358134405961
2025-03-01T16:59:44Z,40.32900980213829,-76.07405783780115,76.90470077606322,2.288807081318868,15.59856316982817,-0.37005657944622045,1.505822062585752,0.048732426396972145,3.5140555186621625,0.0009999999990955874,0.001000000001356841,0.0010000000002033862,0.0009999999972599533,0.0009999999939803226,0.0009999999921895797,3.0003075883714907e-6,3.000307604408426e-6,0.6599677445400559,0.174773617245808,0.15413054494070108,0.01343852598537813,0.00019099804549391582,0.00021374512853386605,0.006568596271564,0.00178299999999987,0.0017829999999998583,0.001782999999999889,0.0010078299999999154,0.0010078299999999075,0.0010078299999999119,-0.2633867314361624,9.697933914058241,0.7676452389251104,0.002332217078035476,-0.006735619804784151,-0.007394051919907749,-12.950250492095947,-21.23662567138672,-3.135375113487244,984.320166015625,-0.05027334915896475,25.070526041246563
2025-03-01T16:59:45Z,40.32908536223954,-76.07387443947063,76.69099560646524,2.113927201807754,15.587140821626477,-0.46849774383586357,1.5108758955873063,0.05625259167861735,3.509738958948462,0.0009999999989956556,0.001000000001528064,0.0010000000002185992,0.0009999999970014366,0.0009999999943033214,0.0009999999920290382,4.000307576479252e-6,4.00030763718262e-6,0.6917561377261967,0.30729375584328905,0.2695235456128071,0.01349596026701125,0.0001999816957172987,0.00022378656654708324,0.006579053184964241,0.001783999999999869,0.0017839999999998597,0.0017839999999998879,0.0010078399999999144,0.001007839999999907,0.0010078399999999107,-0.344968256631893,9.654159107842679,0.6811937348264719,0.005912953164840217,-0.0038201588747663593,-0.007750055466496337,-13.107000541687011,-20.30793825149536,-2.5430625995248555,984.2871826171875,-0.09779720013984226,24.303713832313562
2025-03-01T16:59:46Z,40.329149988456635,-76.0736922153108,76.46050935861564,2.069091089979655,15.471191425275034,-0.5873377474083253,1.5053797204909964,0.044276810860373945,3.5064964188924788,0.0009999999991794955,0.0010000000017979767,0.0010000000003763758,0.0009999999970408048,0.0009999999943274718,0.0009999999922274002,5.000307509260063e-6,5.000307704379876e-6,0.7191933645923301,0.47951556889026997,0.4180100563615307,0.013364120988001379,0.0002084961455127327,0.00023381742517490905,0.006588231412665306,0.0017849999999998679,0.0017849999999998585,0.0017849999999998867,0.0010078499999999146,0.0010078499999999074,0.001007849999999911,-0.40482870336273213,9.629114126203916,0.5561288702231199,-0.004400480177669761,-0.0039117886259607704,0.011746711605205578,-14.026500539779663,-20.788125686645508,-3.003937614411116,984.253857421875,-0.12843904709625678,25.256879266725004
2025-03-01T16:59:47Z,40.329195894124446,-76.07351226766104,76.17856840330091,2.0078850968760027,15.291689659184728,-0.7501815876771271,1.491310578498157,0.035840271681187946,3.514639828672918,0.0009999999991071036,0.0010000000017969992,0.0009999999999664542,0.0009999999966116776,0.000999999994607379,0.0009999999921268656,6.00030728338713e-6,6.000307824533844e-6,0.7416169382601936,0.6924085682641684,0.6015105574345899,0.013190656216139917,0.00021723039078043178,0.00024370218158643972,0.00659774300715761,0.001785999999999868,0.0017859999999998587,0.0017859999999998869,0.0010078599999999143,0.0010078599999999074,0.0010078599999999108,-0.262876782684026,9.578449684891702,0.6173681343602009,-0.01319977117153003,0.0076347238068536,0.008949084644375204,-14.578688039779664,-20.352188205718996,-2.4333750957995655,984.2316259765626,-0.18014649605000002,25.152901559018375
2025-03-01T16:59:48Z,40.32921066681257,-76.07333678051278,75.9142117231561,2.0526694000624093,14.816056003044089,-0.7274075201669135,1.4965899709856663,0.038744187495659714,3.5177073460903534,0.0009999999993893795,0.001000000001341714,0.0010000000000830141,0.0009999999966949001,0.000999999994595804,0.0009999999920582792,7.000306699274401e-6,7.000308021488526e-6,0.7585531597092148,0.952306439433224,0.8254408741678311,0.012855121616171349,0.0002261541072792568,0.0002536414825641317,0.006607905442972513,0.0017869999999998666,0.0017869999999998584,0.0017869999999998855,0.001007869999999913,0.0010078699999999069,0.0010078699999999103,-0.22716162051667887,9.776870901423882,0.3846432495095792,0.006564542220878902,0.0034796753515243597,-0.0027918697144917897,-16.24087568283081,-21.47793840408325,-2.2085625958442687,984.2099267578125,0.005055458935087719,27.017454954678133
2025-03-01T16:59:49Z,40.32918250859952,-76.07316881324367,75.67647857729465,2.095884315481716,14.070399496535087,-0.8365246251910673,1.4851197355804104,0.032890079905437956,3.518456935630331,0.0009999999995002722,0.001000000001171971,0.0010000000002697996,0.000999999996495027,0.0009999999947340838,0.0009999999920992776,8.000305421885206e-6,8.000308323410392e-6,0.7697700080326898,1.2557816893138634,1.0861840313924611,0.012622361101351943,0.00023508626168300024,0.00026359276780749043,0.006617544582090852,0.0017879999999998672,0.001787999999999859,0.0017879999999998839,0.0010078799999999138,0.0010078799999999066,0.0010078799999999103,-0.09679135738557487,9.661806260779867,0.17293074572444456,-0.010045305589847899,0.0005446869357422785,0.005654420280068278,-16.41600064277649,-21.618750858306885,-2.3426250988990067,984.1967846679687,-0.1180907603298137,27.245927718974126
2025-03-01T16:59:50Z,40.32908862523315,-76.07301080040773,75.42181344795529,2.0304994587542704,13.088728098021742,-0.949077699707923,1.496759036219598,0.03374525765676581,3.5109120984758704,0.000999999999567536,0.0010000000011027134,0.0010000000005834985,0.000999999996565265,0.000999999994976686,0.0009999999919140798,9.000302940446746e-6,9.00030876401527e-6,0.7761506451944035,1.6126083406437741,1.3906020927436225,0.012805350925342567,0.00024430982080580045,0.0002736037357895158,0.00662754057339551,0.0017889999999998686,0.001788999999999859,0.0017889999999998827,0.0010078899999999124,0.0010078899999999072,0.0010078899999999109,0.13072488609999725,9.6714271933226,0.005580262072114563,0.013314598180366158,-0.007098466549468325,-0.001895934761362158,-15.148875675201417,-20.09100079536438,-3.4766251637414096,984.1679516601563,-0.10950361755878012,25.401202277324458
2025-03-01T16:59:51Z,40.32889871296941,-76.0728622126254,75.20576764122434,1.9775397967604507,12.220712200490686,-0.9941855677325555,1.4920042104009812,0.02961205203504066,3.5072717412611087,0.0009999999996761258,0.0010000000012044216,0.001000000000611936,0.0009999999969468136,0.0009999999947983673,0.0009999999921736485,0.00001000029853102571,0.000010000309383167474,0.7797832743716009,2.0260808003098694,1.742886817745268,0.01333554686193356,0.00025382073848423495,0.0002834849045829643,0.006637294988298316,0.0017899999999998679,0.0017899999999998583,0.0017899999999998817,0.0010078999999999123,0.0010078999999999063,0.00100789999999991,0.11943873573075764,9.72016103172192,0.07907979946695903,-0.003395891276623787,-0.0034810119674568863,0.0030707627037236777,-14.191125650405883,-21.94556339263916,-3.545625147819519,984.1177856445313,-0.060499404646626904,26.373558078440425
2025-03-01T16:59:52Z,40.32857765238212,-76.07272045151642,75.04186430345739,1.880000048812608,11.28108673297176,-1.1024572311322642,1.494038330407515,0.03578607593537542,3.4963794523702774,0.0009999999998681394,0.0010000000015324307,0.00100000000031422,0.000999999997113437,0.0009999999948186438,0.0009999999921875239,0.000011000291229859676,0.000011000310224686395,0.7829710593456328,2.4958824107814483,2.141924470956582,0.014379204142919553,0.00026369708916769386,0.0002932968592995154,0.006647604544233602,0.0017909999999998689,0.0017909999999998593,0.0017909999999998819,0.0010079099999999118,0.0010079099999999066,0.0010079099999999103,0.22620046924673284,9.654706249298393,0.012219365357099487,0.0032149670421079907,-0.00976590941978133,-0.008269290890867375,-14.222250566482543,-22.241625957489013,-3.3313126478716732,984.0541040039062,-0.12424444664482207,26.60934543527924
2025-03-01T16:59:53Z,40.32809632616318,-76.07257958646088,74.93924460854267,1.8389364363573457,10.877479868400524,-1.1165913926090165,1.492761521875909,0.04805069431517678,3.4886258160473558,0.00100000000010063,0.001000000001475756,0.0010000000005137507,0.0009999999968122563,0.000999999994817895,0.0009999999919995417,0.000012000279822992916,0.000012000311336358631,0.7876963844819944,3.01066647793098,2.5939610021138755,0.015035453092794379,0.0002739353189339225,0.00030285315702264923,0.006658341421488603,0.0017919999999998694,0.00179199999999986,0.0017919999999998811,0.0010079199999999114,0.0010079199999999079,0.0010079199999999105,-0.03625425183263149,9.696830994922378,0.4422703908917767,-0.0007963778412906172,-0.006009091354837769,-0.01473427660335142,-13.66068808555603,-21.859688358306883,-3.3322501323744653,983.9892553710938,-0.07458221411563032,25.991568098741876
2025-03-01T16:59:54Z,40.32746617012391,-76.07243320549674,74.8805766936868,1.9667125628917104,10.639813384984254,-1.1205802511119818,1.486917469207048,0.04758435928221214,3.486629812234647,0.0010000000002344674,0.0010000000015182285,0.0010000000005689802,0.0009999999965018707,0.0009999999947506843,0.0009999999916909647,0.000013000262855383695,0.00001300031276837178,0.7944010484862911,3.577173044870152,3.0925311582276103,0.015518076708525095,0.00028393420570008555,0.0003120822994113243,0.006668392997092757,0.00179299999999987,0.0017929999999998583,0.0017929999999998808,0.0010079299999999122,0.0010079299999999065,0.0010079299999999093,-0.232554621326853,9.689892477503067,0.4954910844549529,-0.006370102471301125,-0.0011577227534509639,-0.0021666517774533768,-13.999875631332397,-21.352500743865967,-3.767437645792961,983.9675756835937,-0.0761952457976176,25.80923784127035
2025-03-01T16:59:55Z,40.32666737315344,-76.07227638509269,74.84033865016099,2.0460246610580173,10.601393123147481,-1.1936501761864449,1.4859575222186667,0.0449035178993214,3.475183048267783,0.001000000000127209,0.001000000001503891,0.0010000000004538971,0.0009999999962654988,0.0009999999945924734,0.000999999992099277,0.000014000238660727838,0.00001400031457057609,0.8027901746865115,4.189750918766586,3.636684768645359,0.015941666032683693,0.00029363324921547184,0.00032109229134300705,0.006678283893322534,0.0017939999999998688,0.0017939999999998593,0.0017939999999998797,0.0010079399999999119,0.0010079399999999056,0.0010079399999999084,-0.1458854121071458,9.606143060364795,0.6308647008383544,-0.001845029753830898,-0.010651663393586489,-0.0013461569348147515,-14.037000532150268,-20.41575078010559,-3.475500139594078,983.9434912109375,-0.15358863613152754,25.01832951341896
2025-03-01T16:59:56Z,40.32576642442413,-76.07210936205955,74.68517854907589,2.1647031316013807,10.460883511780887,-1.2737765779437935,1.4956962085347005,0.04482102271674433,3.465478745217765,0.0010000000002950403,0.0010000000013054952,0.0010000000004525213,0.0009999999960039923,0.0009999999944837901,0.0009999999920543917,0.000015000205427850747,0.000015000316790706794,0.8128775147037465,4.8656459112010415,4.224182896674789,0.016745901754170872,0.00030313602170049873,0.0003297373666465532,0.006688363976747305,0.0017949999999998694,0.00179499999999986,0.0017949999999998792,0.0010079499999999112,0.0010079499999999047,0.0010079499999999077,-0.07345153164290032,9.622265844875145,0.38432289728232627,0.008110397036528634,-0.008718426642348833,-0.004059330981980752,-12.926813011169434,-21.648375701904296,-2.28356260240078,983.9957763671875,-0.15129610740735344,25.31732093627822
2025-03-01T16:59:57Z,40.32465861861917,-76.07192441176024,74.56205963878554,2.28043866952035,10.593169979985031,-1.2814786459459315,1.4941633684251125,0.042168089181463426,3.455914199680711,0.0009999999998634194,0.0010000000015481661,0.0010000000001690967,0.000999999996111069,0.00099999999442681,0.0009999999921938368,0.000016000161301875956,0.000016000319473873675,0.8247223546413283,5.595788439262376,4.858142841778706,0.017397182770102583,0.0003121820159692442,0.00033798750280650963,0.006698331122170772,0.0017959999999998684,0.0017959999999998591,0.0017959999999998782,0.0010079599999999124,0.0010079599999999053,0.001007959999999907,-0.03186741186397472,9.676970584232297,0.4831477802639648,-0.004013599687140424,-0.008696896232969126,-0.002109737902695134,-12.649500551223754,-21.116250648498536,-2.3184376007318495,983.97365234375,-0.09245269258281255,24.72404771087349
2025-03-01T16:59:58Z,40.323402407935845,-76.07171843740171,74.45923631846675,2.5555059997697827,11.251307181018033,-1.2551582081336752,1.5018231056294498,0.03891550500247752,3.444122974151834,0.0009999999999351693,0.0010000000016885718,0.0010000000000013136,0.0009999999961737328,0.0009999999944161697,0.0009999999920080383,0.00001700010441127518,0.00001700032266442588,0.8366530895151656,6.362517690343547,5.5274989342277845,0.017040809815347342,0.00032075081217904485,0.00034588164905729443,0.0067082737265081885,0.001796999999999867,0.0017969999999998575,0.0017969999999998766,0.0010079699999999128,0.0010079699999999059,0.0010079699999999067,-0.22616460753963638,9.675853911080402,0.7997580996178884,0.004660680499091476,-0.010936733561582711,-0.002048651490858625,-12.662063055038452,-20.440125789642334,-2.448375111632049,983.9911547851563,-0.0701215099061613,24.16854685691484
2025-03-01T16:59:59Z,40.3219439102844,-76.07148397082484,74.43036284791921,3.001208249078654,12.16318120637533,-1.2343916760228626,1.5025057513487408,0.02935940509470212,3.4384274778446158,0.0009999999996796,0.0010000000015734293,0.001000000000061518,0.000999999996065503,0.000999999994248416,0.0009999999922140285,0.00001800003276065774,0.000018000326413506803,0.8461724776332568,7.177445963044678,6.2277327411859424,0.016331553455839018,0.0003289330332419631,0.00035336576088251136,0.006717893473568926,0.0017979999999998655,0.001797999999999856,0.0017979999999998774,0.0010079799999999125,0.0010079799999999054,0.0010079799999999062,-0.2906492208246654,9.660354831005971,0.843587943562473,-0.0031054812281806387,-0.005233492952607645,0.004242421551198524,-12.491250534057617,-20.37093837738037,-2.191687578596175,983.9741259765625,-0.08023747098401625,23.995989576441204
2025-03-01T17:00:00Z,40.320383886319284,-76.07122625269609,74.42440079268657,3.396110729687377,13.294224616318596,-1.1360502781382196,1.4944563618533313,0.014239531346979162,3.429560462941992,0.0009999999993601618,0.0010000000016289862,0.0010000000000912916,0.000999999996112116,0.0009999999940503658,0.000999999992588051,0.000018999944121647864,0.00001900033078540054,0.8520129761169876,8.048791985589704,6.975731331171463,0.015528504760865912,0.00033682986050086135,0.000360694088426881,0.006727222309867818,0.0017989999999998643,0.001798999999999855,0.0017989999999998786,0.0010079899999999118,0.0010079899999999049,0.0010079899999999053,-0.13519746921055265,9.730609702108717,1.0686315956922252,-0.01184284935490418,-0.008808887906208897,0.009517055562644677,-13.534125566482544,-20.987063331604006,-1.8123750683665276,984.0036083984374,0.008205928868597959,25.038201417625288
2025-03-01T17:00:01Z,40.318706082633184,-76.07094593009752,74.43139826773513,4.0945024307545435,14.34736045026846,-1.1511347005685266,1.493360148680993,0.011703307288643359,3.43115732314485,0.000999999999198302,0.0010000000015145218,0.0010000000005865929,0.0009999999962136458,0.000999999993584701,0.0009999999927009881,0.000019999835838845788,0.000020000335857437596,0.8537828302874011,8.972090548962308,7.745861974267873,0.014691129830036238,0.00034518676081592777,0.00036765833690884716,0.006737277809676396,0.0017999999999998636,0.001799999999999854,0.0017999999999998777,0.0010079999999999113,0.001007999999999904,0.001007999999999904,-0.2752331664483764,9.630189612089936,0.9244339646363909,-0.004948089018675549,0.0025375080190047907,-0.0022367509143569,-13.602188053131103,-20.15193822860718,-2.6574375911802055,984.022568359375,-0.10359149294055839,24.457710701300787
2025-03-01T17:00:02Z,40.316942660546964,-76.07064810408835,74.40605887034977,4.848999936084649,15.353115535266904,-1.0958880131393376,1.4922345847592597,0.011274346958976816,3.434614914981718,0.0009999999989385258,0.0010000000011752776,0.00100000000075143,0.0009999999962565058,0.000999999993447951,0.000999999993004559,0.00002099970464778019,0.000021000341715740887,0.8518329001996676,9.96503478280771,8.568673413311716,0.013981524971468276,0.00035377522450323286,0.0003745857960635019,0.006747456329181274,0.001800999999999863,0.0018009999999998537,0.0018009999999998771,0.0010080099999999108,0.0010080099999999034,0.0010080099999999034,-0.30078079702624977,9.711108167011018,0.8909246383781577,-0.004665189016316486,0.0044774209698010565,-0.00395251302981461,-13.578938055038453,-20.882063255310058,-2.3535000866651536,984.055859375,-0.025553107843290995,25.019682928661066
2025-03-01T17:00:03Z,40.315168683821206,-76.0703416305249,74.30545549727726,5.487802897698401,15.893941626674765,-1.1160377884170212,1.4937701740087197,0.005591868682866547,3.43049423222538,0.0009999999987085346,0.0010000000013054289,0.0010000000002371638,0.0009999999965241864,0.000999999993592929,0.0009999999934125138,0.00002199954699624643,0.00002200034844855133,0.8482931449635847,11.028731788326429,9.438697006596081,0.013861324550666356,0.0003621870445984013,0.00038191251179892533,0.0067572992373687996,0.0018019999999998638,0.0018019999999998543,0.0018019999999998777,0.0010080199999999103,0.0010080199999999034,0.0010080199999999032,-0.07142874662720311,9.67800746663294,0.5104259543510712,-0.0015192351955738313,-0.0036165374913604085,0.0011787509896587192,-13.130250511169434,-21.955125846862792,-2.435250096619129,984.12029296875,-0.09042344890225285,25.697448317752574
2025-03-01T17:00:04Z,40.31319607671643,-76.07001581650194,74.2151926438112,6.1814565119194835,16.57411585038311,-1.098195292504999,1.4931183833836297,0.008913698942731366,3.428950037719699,0.0009999999987174628,0.001000000000939833,0.0010000000003089963,0.0009999999963242613,0.0009999999939381116,0.0009999999931333055,0.000022999359211025902,0.000023000356138223164,0.8445057263763114,12.159279809666792,10.36268740896825,0.013639131147390654,0.0003708003004246997,0.0003893646183102369,0.0067676955722798075,0.001802999999999865,0.0018029999999998544,0.0018029999999998783,0.0010080299999999096,0.0010080299999999025,0.0010080299999999025,-0.13095773219359047,9.707975932635893,0.6016774897069788,-0.00371634546287694,-0.00039664587745455297,-0.0075042079397688,-13.356938047409058,-21.179438362121584,-2.6032501052320005,984.1209448242188,-0.05474045424081285,25.174406556081923
2025-03-01T17:00:05Z,40.31134272148304,-76.06969103771219,73.99923334685158,6.943120007564343,17.146086228019065,-1.0907903279166207,1.4905162736210122,0.008997057753128895,3.432198953464068,0.0009999999987533505,0.0010000000011266925,0.0010000000000821283,0.000999999996562959,0.000999999993728072,0.000999999993305866,0.00002399913701361664,0.00002400036487264717,0.8400126492014404,13.362602990174315,11.335448858413862,0.01340942064341422,0.00037960754966171037,0.0003969032370885326,0.006777882752048012,0.0018039999999998637,0.0018039999999998541,0.0018039999999998777,0.0010080399999999106,0.0010080399999999017,0.0010080399999999033,-0.2935624496756335,9.713740292230304,0.5557300690955808,-0.005286234903664523,0.003937823746875839,-0.0031685698680054657,-12.721500473022461,-21.39768831253052,-2.8965001222118736,984.22677734375,-0.04824175945101924,25.0616199581566
2025-03-01T17:00:06Z,40.30933597623295,-76.0693507504383,73.73645316443499,7.728823035663433,17.487988977514842,-1.1756389216198666,1.488255618912517,6.279776040438308,3.4359198035883636,0.000999999998631262,0.0010000000008742779,0.0010000000002538933,0.000999999996900285,0.000999999993766313,0.000999999993537,0.000024998875805292523,0.000025000374723208895,0.8355265412609916,14.64215249678431,12.348561910831496,0.013587355185480592,0.00038832032627884915,0.0004047649219542085,0.006787256093971147,0.0018049999999998631,0.0018049999999998536,0.0018049999999998764,0.0010080499999999101,0.0010080499999999023,0.0010080499999999032,-0.2160009975252329,9.644154296373584,0.31379347126214324,-0.004978131692396682,0.0033186137761630694,0.009610020241416968,-13.62468807220459,-20.497875785827638,-2.345250084400177,984.2590844726562,-0.13066011086936308,24.72433440538626
2025-03-01T17:00:07Z,40.30610539953051,-76.06892183953919,73.8358109664117,8.507235858232654,18.494554470924736,-1.1613489441894203,1.4866735569791492,6.269901375376028,3.433062941812463,0.0009999999984157543,0.0010000000010855986,0.0010000000003703054,0.0009999999969957168,0.0009999999934660322,0.0009999999933945597,0.000025998570862742654,0.00002600038576214737,0.8316018747749886,16.002064024719548,13.423219838350054,0.013550292424637785,0.0003966253960091645,0.0004133183706099465,0.006796893075919257,0.0018059999999998635,0.001805999999999854,0.0018059999999998778,0.001008059999999911,0.0010080599999999012,0.001008059999999902,-0.040641092685234755,9.681477029163759,0.6453412743680124,-0.005754564644152648,-0.002852956359482641,0.005607520511084782,-12.293250513076782,-20.777438278198243,-3.1485001285001637,984.0000439453125,-0.0794083869358634,24.34618077540512
2025-03-01T17:00:08Z,40.30272065601522,-76.06846902757079,73.8804271479905,9.25525204473872,19.33482516736558,-1.207157967271011,1.4879780998587597,6.270178649902885,3.4303006722273612,0.0009999999986927267,0.0010000000013832718,0.0010000000000017612,0.0009999999972849386,0.0009999999934511392,0.0009999999933400366,0.00002699821736278069,0.000027000398061497358,0.8284576881998696,17.448877676803093,14.537429426233212,0.01384724535753046,0.00040462438346432786,0.00042225995657526537,0.006807095665379903,0.0018069999999998619,0.0018069999999998526,0.0018069999999998762,0.0010080699999999118,0.001008069999999901,0.0010080699999999011,-0.014964665227619007,9.6421929478869,0.43849483292231894,-0.003055409812030268,-0.0020890415382069484,-0.0038890901251643394,-11.574563007354737,-20.42437561035156,-2.351812591738999,984.015126953125,-0.13038563581778007,23.59352120700534
2025-03-01T17:00:09Z,40.299723489410056,-76.0680277645187,73.69767062038146,9.618225393672219,20.206165685556496,-1.1964057073898593,1.4937628614303975,6.2691541485049465,3.421118717632381,0.0009999999987345117,0.0010000000012779522,0.0010000000001441928,0.0009999999972073257,0.0009999999932489068,0.0009999999936224383,0.000027997810886260055,0.00002800041168903987,0.8264542540864928,18.98795655302511,15.711537925463553,0.013859043487769455,0.00041198308827700207,0.00043189676494343696,0.006817181422444934,0.0018079999999998618,0.001807999999999852,0.0018079999999998761,0.0010080799999999121,0.0010080799999999013,0.0010080799999999013,0.1446032582882205,9.698545860289144,0.6381229279960178,0.00177943485202914,-0.008859794173903342,-0.0020995568990231665,-12.870375528335572,-20.42100076675415,-2.4740625987946987,984.1643774414063,-0.06206747792212188,24.26483769722594
2025-03-01T17:00:10Z,40.297062466938264,-76.06759562873016,73.37124201617257,9.88517336980733,21.362660716095878,-1.1572177844382079,1.4976209128262017,6.2648111472278805,3.4112988241612805,0.0009999999990718475,0.0010000000011186093,0.0010000000000300628,0.0009999999972468913,0.0009999999933080937,0.0009999999935990647,0.000028997345754019833,0.00002900042677812367,0.8239534349454706,20.604694965510348,16.94312482645314,0.013320216966808105,0.0004191400300954299,0.0004418663433624622,0.0068270393043967535,0.0018089999999998613,0.0018089999999998517,0.0018089999999998756,0.0010080899999999119,0.0010080899999999004,0.0010080899999999004,0.027155549570320927,9.718087266920719,0.9926196067369032,0.00030317827267443715,-0.009918625792567056,0.0019525132447926847,-11.798625469207764,-19.360500812530518,-2.0662500805407764,984.3057299804688,-0.014108966872204576,22.76628255144429
2025-03-01T17:00:11Z,40.29462228315105,-76.06716797439852,72.92801324699413,10.268148231814587,22.231387433269973,-1.191528249678639,1.4986968911686815,6.26919506491857,3.4142732906356534,0.0009999999987564674,0.0010000000007636086,0.0009999999998462957,0.0009999999973723964,0.000999999993372498,0.0009999999937846968,0.000029996814138614643,0.000030000443498703817,0.8202364231606025,22.310073324855747,18.223470375988548,0.013203540012420403,0.00042688855016584604,0.00045133855708574604,0.006837357504349553,0.0018099999999998614,0.0018099999999998519,0.001809999999999876,0.0010080999999999122,0.0010080999999999007,0.0010080999999999007,-0.13084004753289422,9.677889196426024,0.7392844073586475,-0.0018336800835370348,0.0033586703586671934,-0.005251017991720593,-12.05118794441223,-20.709938316345216,-2.8470001302659513,984.4295751953125,-0.07593355585855399,24.129559129621985
2025-03-01T17:00:12Z,40.2916563457909,-76.06669861721198,72.52576552456637,10.525442242047843,23.246357150519824,-1.2558100893262218,1.499499307610897,6.275498900803557,3.4135119273940746,0.0009999999986470994,0.0010000000007849537,0.0009999999996958306,0.0009999999972521564,0.0009999999934972713,0.0009999999932977497,0.00003099620731825249,0.00003100046202559957,0.8161146212517127,24.0968553408116,19.56659216461771,0.01309785861352001,0.000434481022399884,0.00046121645706886054,0.006847814740232101,0.001810999999999862,0.0018109999999998524,0.0018109999999998763,0.0010081099999999124,0.0010081099999999016,0.0010081099999999016,-0.14664313792576836,9.634896762211355,0.7956903051362978,-0.0024966187739545774,-0.0003382298660856795,-0.007169734308877689,-12.024750509262084,-21.991688423156738,-2.822250107228756,984.417470703125,-0.1142124479859899,25.222837009838788
2025-03-01T17:00:13Z,40.28836356854462,-76.06620296622522,72.12071805046001,10.795625141141054,24.127735178687864,-1.2501347561355223,1.505535493420153,6.278253697493325,3.4181212753901336,0.0009999999986362394,0.0010000000010298566,0.0009999999995175127,0.0009999999970787615,0.0009999999933221365,0.000999999993014342,0.00003199551621341485,0.000032000482546696264,0.812353370644074,25.99079511119591,20.99414041695603,0.013307842771491904,0.00044253304172183714,0.000470887561106264,0.006858021786882271,0.0018119999999998617,0.0018119999999998521,0.001811999999999876,0.001008119999999912,0.0010081199999999006,0.0010081199999999004,-0.2638574472624776,9.716684245499623,0.594342118812449,0.002722770466520432,0.0046304707656254504,-0.0028175730159943515,-12.851062994003296,-21.68025089263916,-3.127125111669302,984.4453369140625,-0.04470725152469634,25.396051255485936
2025-03-01T17:00:14Z,40.283467850528005,-76.06560385367887,72.05209514437249,10.77973671722264,25.42569964690931,-1.2144011431637474,1.5095096720523842,6.280348986431263,3.4169805814537115,0.0009999999986341323,0.0010000000012252153,0.0009999999996333935,0.0009999999966451435,0.0009999999932362262,0.0009999999927420124,0.00003299473159015536,0.000033000505265930836,0.8094228644707813,27.965837415650846,22.502558725324587,0.013401726049816258,0.00045034265140651174,0.0004809379540541374,0.006868145105277331,0.0018129999999998618,0.0018129999999998523,0.0018129999999998766,0.0010081299999999114,0.0010081299999999,0.0010081299999999,-0.22883659604086448,9.7103903045644,0.6970262478507914,-0.0005011270017021769,-0.0013665187562161064,-0.0019672025711423486,-12.78993803024292,-21.70293830871582,-2.168437588624656,984.2505932617188,-0.045217407794462816,25.284374388447148
2025-03-01T17:00:15Z,40.2787213605681,-76.06501181808433,71.89400159858648,10.513610165737386,26.76683419010613,-1.221284429843428,1.51322053449897,6.282300943905778,3.4124607847651505,0.0009999999984501955,0.001000000001501607,0.0009999999996770678,0.0009999999964277933,0.000999999992976021,0.0009999999926097098,0.00003399384264182191,0.00003400053046750389,0.8066668143638989,30.008118141407984,24.094236184959346,0.013339065945205291,0.0004581699102509073,0.0004910966150905785,0.006878204983396329,0.0018139999999998626,0.0018139999999998528,0.0018139999999998767,0.0010081399999999105,0.0010081399999998996,0.0010081399999998996,-0.19278473171641436,9.665644541421301,0.8891698988555561,-0.00016515175383329135,-0.004858629079359002,-0.0013563374848633938,-12.997125568389892,-21.42225079536438,-2.277000094205141,984.3325561523437,-0.07506966372022837,25.159893978807954
2025-03-01T17:00:16Z,40.272994311663716,-76.06436811187793,71.8335230735,10.19187224279051,27.90242925241252,-1.2881345394835195,1.515677746296865,0.00045107741635446396,3.417008197410464,0.0009999999983899884,0.00100000000123195,0.0009999999996162592,0.00099999999646129,0.000999999992700858,0.0009999999930361025,0.00003499283826882826,0.000035000558447228216,0.8046068375258915,32.11444179493813,25.769950177852806,0.013673902943711874,0.0004668143845731775,0.0005005011580535907,0.006888150685243076,0.0018149999999998638,0.001814999999999853,0.0018149999999998768,0.00100814999999991,0.0010081499999998991,0.0010081499999998991,-0.3175586690906754,9.611046992191001,0.5824564622952855,-0.0015632973925966544,0.003969535115305612,0.0006773746610802477,-13.868625526428223,-20.525813264846803,-1.3912500419467688,984.2512377929687,-0.14966100926456977,24.810901435141293
2025-03-01T17:00:17Z,40.26565753471285,-76.06364776514077,71.97596740735766,9.393500283360842,29.100013629298903,-1.2968231407609325,1.517796631263638,6.283139652722099,3.4190921449832468,0.0009999999981957915,0.0010000000013361426,0.0009999999998295225,0.0009999999964933769,0.0009999999927968193,0.0009999999926383646,0.00003599170978448625,0.00003600058947459203,0.8040696105280889,34.29246180975694,27.55088332900401,0.01386423411428239,0.00047555678953481407,0.0005097220105135923,0.006897875877802029,0.001815999999999864,0.001815999999999853,0.001815999999999878,0.001008159999999909,0.0010081599999998987,0.0010081599999998984,-0.2063041810153716,9.646023399669687,0.5842844175731254,-0.0023031776522522305,0.0011482076030456436,0.0036629345507034313,-12.418125486373901,-20.93981330871582,-2.3587500786781312,984.0794970703125,-0.1178132553308891,24.459084798513953
2025-03-01T17:00:18Z,40.258833724910524,-76.06296618975415,71.98800780805419,8.375742768471042,30.344787917957266,-1.2116259574784223,1.522286010156317,0.00602238206804123,3.419012914308721,0.000999999998169123,0.0010000000012169038,0.0009999999995416668,0.0009999999965564388,0.0009999999929234517,0.0009999999922707089,0.00003699044731979839,0.00003700062391707979,0.8041080754190196,36.549139841024626,29.45754315734951,0.013946196167253903,0.0004844822276332369,0.0005186303400365577,0.006908007010912506,0.001816999999999865,0.001816999999999852,0.001816999999999879,0.0010081699999999081,0.0010081699999998975,0.0010081699999998977,-0.1903860245349745,9.738337295781035,0.9098024483823136,0.0010704308555500007,-0.000677042656657573,-0.0025872466613466195,-12.707062978744506,-20.34656328201294,-2.67150010317564,984.1861743164062,-0.001268940299702114,24.1368294941258
2025-03-01T17:00:19Z,40.25223480657809,-76.06231537345504,71.89684249733342,7.331776834583597,31.378550096876527,-1.2942041496910748,1.517709495080112,0.006387738444446058,3.4207718635471895,0.000999999998382668,0.0010000000013693484,0.0009999999996274543,0.0009999999965315646,0.0009999999930212491,0.0009999999920836669,0.0000379890376017082,0.00003800066222718561,0.8043803166331521,38.824903959873865,31.442843843630367,0.014322927876236487,0.00049386970320655,0.0005269357198157324,0.006917732077707521,0.001817999999999865,0.001817999999999852,0.0018179999999998794,0.001008179999999908,0.0010081799999998985,0.0010081799999998985,-0.2792453928279698,9.577189889588729,0.9348728199580921,-0.007067923584924239,0.0008631378831870115,0.0035814858632776322,-14.538000564575196,-21.37912588119507,-2.927625108025968,984.263876953125,-0.15722738229791333,26.019008804053815
2025-03-01T17:00:20Z,40.245107447736146,-76.06167375718732,71.74023323323428,6.009544161445488,32.0647436573972,-1.3991865322063046,1.52060787739975,0.017291820568079902,3.4187993980037192,0.0009999999984722863,0.001000000001480236,0.000999999999619379,0.0009999999965900489,0.000999999992808852,0.000999999992092544,0.000038987468936709726,0.00003900070482667605,0.8053949199507863,41.152673913381776,33.52895583264687,0.01454381257057403,0.0005034798404724643,0.0005349159873784716,0.006928102712406589,0.0018189999999998665,0.001818999999999852,0.0018189999999998808,0.0010081899999999076,0.001008189999999899,0.001008189999999899,-0.18967406351330074,9.554936638512832,0.8587411749267331,0.0012306579169309884,-0.0023994810876467603,-0.006442705155892164,-13.318875513076783,-22.01756336212158,-2.9390626296401026,984.265029296875,-0.18874622803886065,25.899826048490734
2025-03-01T17:00:21Z,40.23747585080186,-76.06105536755548,71.5544464968709,4.508647176628003,32.521963554923325,-1.3982949384014223,1.5171434751929362,0.011644305131233643,3.4140679080556264,0.0009999999982644434,0.0010000000012656623,0.0009999999995548771,0.000999999996492164,0.0009999999929941608,0.0009999999920537396,0.00003998573217507984,0.000040000752113484424,0.8071654181006858,43.57246437442726,35.737101581641845,0.014874977656204552,0.0005129926115650037,0.0005425756382620004,0.00693736078932654,0.001819999999999866,0.0018199999999998506,0.0018199999999998805,0.001008199999999907,0.0010081999999998993,0.0010081999999998993,-0.17277328416833282,9.654274750754954,0.9294549658911475,-0.004105229123306394,-0.006049815373628537,0.010504619988313004,-12.675188026428224,-19.6890008354187,-2.8481251144036652,984.2739282226562,-0.08367142197021403,23.588695529889513
2025-03-01T17:00:22Z,40.230121301289785,-76.06049310655611,71.28876011823631,2.97749833093637,32.782753649542485,-1.3707266539747824,1.5102903184266905,0.008891848253807934,3.4122064388882922,0.0009999999983903332,0.0010000000014472636,0.0009999999993710812,0.000999999996339381,0.0009999999932930746,0.0009999999918045648,0.00004098381789596646,0.00004100080447614016,0.8097833718401308,46.08369124094313,38.03707288100585,0.015473130215555348,0.0005227392464574667,0.0005497745825935702,0.006946900345502119,0.001820999999999865,0.0018209999999998494,0.0018209999999998794,0.0010082099999999066,0.0010082099999998994,0.0010082099999998997,-0.061219366951507016,9.677608719506587,1.1148130744476596,-0.006406153485706841,-0.002985310264260072,0.007613193127958162,-12.871688032150269,-20.7123757648468,-3.1860001374781133,984.3675244140625,-0.04235319760359785,24.593311122834738
2025-03-01T17:00:23Z,40.22277275675536,-76.059987238964,71.0418330965967,1.4604939548536802,32.69842183906147,-1.2691124191496552,1.4972496910163318,0.011224414073739575,3.41127594919389,0.0009999999984600062,0.0010000000014295772,0.0009999999997133701,0.0009999999965965383,0.000999999993316107,0.000999999992071258,0.000041981718019856506,0.000042000862228980737,0.8136445796201355,48.720588805368415,40.414459274819855,0.016222551227243268,0.0005322642099271454,0.0005568245852366,0.006956744067121694,0.001821999999999866,0.0018219999999998504,0.0018219999999998804,0.0010082199999999074,0.0010082199999999,0.0010082199999999,0.012807764824287906,9.744025165744022,1.2094936782429635,-0.011437275714504102,-0.0017185171893333384,0.0024298555812780993,-12.78956301689148,-20.311125831604002,-3.5895001408457756,984.4289916992187,0.03466957142822733,24.269256100797147
2025-03-01T17:00:24Z,40.21602035913264,-76.05954570632677,70.65963452603044,0.4164491901788605,31.832728904232905,-1.4029600929111645,1.4947894180197367,0.014126132113403857,3.4181101191139818,0.0009999999985793248,0.001000000001186175,0.0009999999997052068,0.0009999999965810392,0.0009999999930588282,0.000999999992251619,0.00004297943641148495,0.00004300092548586546,0.8187203708368496,51.3954296292276,42.76555883947768,0.01574153430159204,0.0005416147037848369,0.0005635031671203767,0.006966656388022092,0.0018229999999998655,0.001822999999999851,0.0018229999999998798,0.001008229999999906,0.0010082299999999008,0.001008229999999899,-0.1245095308457313,9.554816992122491,0.6506453631147504,-0.00017533260934262133,0.006198023465160999,0.0018303402142995841,-13.370813093185426,-19.657313327789307,-2.820750100649893,984.5534301757813,-0.20628322597573465,23.940401011291648
2025-03-01T17:00:25Z,40.207304232007615,-76.059152282903,70.46990251610048,-0.9180334274480435,30.722530943893727,-1.357289514119044,1.4773671534653476,0.017187779801114838,3.429357320358687,0.0009999999984817442,0.0010000000011646333,0.0009999999996387334,0.0009999999965662472,0.0009999999932843021,0.0009999999921252339,0.000043976984140616684,0.00004400099432196391,0.8241093380036674,54.24181288438522,45.166826912747936,0.015871050161435838,0.0005505189515846634,0.0005700239142507821,0.0069765508405140305,0.0018239999999998654,0.0018239999999998511,0.0018239999999998798,0.0010082399999999068,0.0010082399999999,0.0010082399999999,-0.11157978547723182,9.679144419434408,1.0450949865035362,-0.013670437321006755,0.010448707568270417,0.0030106782061048703,-12.886313037872315,-19.72687581062317,-3.758812658637762,984.4325219726562,-0.04786132076282852,23.860698508606497
2025-03-01T17:00:26Z,40.200386167688606,-76.05881569791578,69.97371600914961,-1.9218665589313892,29.514496596239766,-1.4857247641205067,1.4744135587814275,0.023957290502201904,3.4324703758196686,0.0009999999984499966,0.0010000000013589427,0.0009999999996911893,0.0009999999966220515,0.0009999999933401362,0.000999999992182825,0.0000449743714646162,0.0000450010688368854,0.8291001472228631,57.16793516717839,47.52345314220158,0.015532015758678538,0.000558274515236565,0.0005772413512674196,0.006986675005039823,0.0018249999999998643,0.00182499999999985,0.0018249999999998788,0.0010082499999999072,0.0010082499999999007,0.001008249999999901,-0.06764010810824402,9.53679104550563,0.9733972546114164,0.0006696970992677816,0.0029706210828177597,-0.0026900592560052884,-13.311188039779664,-19.807500801086427,-4.309687676131725,984.660341796875,-0.19718083698251226,24.25068557920333
2025-03-01T17:00:27Z,40.19431905749602,-76.05851701378464,69.21049929839086,-2.661597656070706,28.149026929181726,-1.6309438018386166,1.4780407019716275,0.03878975433767258,3.439807547169775,0.0009999999989498095,0.0010000000014683196,0.000999999999625328,0.0009999999967198773,0.0009999999935758077,0.0009999999922959241,0.00004597161129036796,0.00004600114916216703,0.8321168555570501,60.22329726005952,49.877145396564984,0.014792918281572712,0.0005659970838351641,0.000584517892973012,0.006997341235419779,0.0018259999999998627,0.0018259999999998486,0.001825999999999877,0.0010082599999999076,0.0010082599999999002,0.0010082599999999002,-0.1562144294589159,9.551546787260605,0.7766673521849622,0.006961604268330798,0.008132428616542337,-0.01110981184997179,-13.368563051223754,-19.706063270568848,-4.160625143051147,984.8330615234376,-0.19924972893468845,24.173451252659447
2025-03-01T17:00:28Z,40.18874609908859,-76.0582450529696,68.28464218989053,-3.072536164202554,26.909901705653596,-1.6509956306278804,1.4716270769536628,0.04451605866756807,3.4575193107695945,0.0009999999992925542,0.0010000000012108032,0.000999999999676715,0.0009999999965911955,0.000999999993707459,0.000999999992384579,0.00004696871403844202,0.00004700123554401364,0.8330042824734913,63.46019010278616,52.28357593384069,0.014312677463395408,0.0005738907330863484,0.0005913204315277578,0.007007608799272332,0.0018269999999998622,0.0018269999999998478,0.0018269999999998767,0.0010082699999999084,0.0010082699999999013,0.001008269999999901,-0.45465563421939503,9.670396810498879,0.8393122421418873,-0.0037564023245058465,0.01772901443927584,-0.0015557868274973996,-13.131187963485718,-20.249625701904296,-4.357500169724226,984.9918139648438,-0.06605295568278145,24.524696668397013
2025-03-01T17:00:29Z,40.18241041309483,-76.05800541475095,67.39274422319131,-3.4874195926149794,25.526807949647946,-1.7190350227860318,1.4647099071208778,0.04639297545170069,3.4731191795509466,0.0009999999991044581,0.0010000000012982467,0.0009999999996829134,0.0009999999969012774,0.0009999999934604898,0.0009999999925405158,0.00004796568506217124,0.000048001328281437424,0.8325016610790893,66.81141340874245,54.70664239514474,0.013975747571445816,0.0005813706516211873,0.0005984516138241117,0.00701761491817122,0.0018279999999998616,0.0018279999999998473,0.001827999999999876,0.0010082799999999075,0.0010082799999999018,0.0010082799999999018,-0.4658855593048412,9.603909706114512,0.9549326442582662,-0.003769253973855151,0.015259184259966202,0.0022477644464718094,-12.503625478744507,-20.353125801086424,-5.096625219844282,985.0484204101563,-0.12077514748746676,24.42464901542319
2025-03-01T17:00:30Z,40.17519053623894,-76.05779481257491,66.49717383031346,-3.8949724866678213,23.660034194834672,-1.8337794931829907,1.464838444828932,0.05465890777867896,3.4862876530344336,0.0009999999992157122,0.0010000000013564447,0.0009999999999296735,0.0009999999971641016,0.0009999999936057351,0.0009999999926449705,0.00004896252499919925,0.00004900142774254609,0.8296783413406768,70.26668823887618,57.17572491036167,0.013263530150125743,0.0005891963564074859,0.0006059692719528801,0.007028075478036687,0.00182899999999986,0.0018289999999998457,0.0018289999999998743,0.0010082899999999079,0.0010082899999999007,0.001008289999999901,-0.377889178497951,9.582176198551569,0.6998224510758866,0.0036941454230771257,0.013533074081116984,-0.004269628707215178,-12.535125494003296,-21.4805633354187,-5.03550018787384,985.0980810546876,-0.16793353689430238,25.3751383983314
2025-03-01T17:00:31Z,40.167349268073714,-76.05760146511979,65.60645106575492,-4.317010418877433,22.03061180118594,-1.8076815551606968,1.459186016462825,0.05558291732887528,3.499017955751749,0.0009999999993662184,0.0010000000010891234,0.00100000000022608,0.0009999999969017546,0.000999999993563522,0.0009999999926520499,0.00004995922700518169,0.00005000153435537798,0.8249893225072502,73.90801836738869,59.779599541315406,0.01309126133105894,0.0005969261694524901,0.0006137511333720657,0.007038010008817545,0.00182999999999986,0.0018299999999998454,0.0018299999999998743,0.0010082999999999087,0.0010082999999999015,0.0010082999999999013,-0.4478197503119315,9.680160974501208,1.0566275981342501,-0.0020588323814607896,0.0123575767480857,0.0028688102058770475,-11.600062942504882,-20.818688297271727,-5.06981271982193,985.1686450195313,-0.03491776816818339,24.365544545859763
2025-03-01T17:00:32Z,40.15939287606715,-76.05741222872975,64.62372470519631,-4.610668777993941,20.326719324073448,-1.990918042579834,1.447363465318036,0.051974247359718374,3.5103098534058925,0.0009999999995273221,0.0010000000010787079,0.0010000000001618966,0.0009999999969980385,0.0009999999935331448,0.0009999999927325911,0.000050955779152154006,0.000051001648511874405,0.8196203390307383,77.5967343737459,62.42862780757899,0.012849832731541892,0.000604676526940351,0.0006219051604479032,0.00704764077134559,0.0018309999999998603,0.001830999999999846,0.0018309999999998746,0.0010083099999999077,0.0010083099999999008,0.0010083099999999006,-0.3896741591533517,9.484348375637238,0.9750323620399063,-0.008422007107919344,0.010433352194954126,0.0069310613951861265,-12.366375484466552,-20.18793821334839,-5.912625212669372,985.2883032226563,-0.24037157988516275,24.401572545214787
2025-03-01T17:00:33Z,40.15150155800458,-76.05721518558649,63.52878488791229,-4.747804405340618,18.636497106382013,-1.96061662595205,1.449811455704891,0.0605044991441448,3.524996101183339,0.0009999999995745311,0.0010000000010250449,0.0010000000000285158,0.0009999999968824812,0.00099999999381263,0.000999999992802009,0.00005195216566237943,0.00005200177062988845,0.8132184418936561,81.49662856466097,65.28813717344077,0.012663676714529198,0.0006141214153348357,0.0006299578920419612,0.00705821667924462,0.0018319999999998606,0.0018319999999998474,0.001831999999999875,0.0010083199999999081,0.0010083199999999012,0.001008319999999901,-0.4157428474117107,9.713506899723162,0.9005449678187823,0.0051361866462536505,0.01532561175738273,-0.005110819385677048,-12.776812982559203,-20.788875637054442,-6.780375258922577,985.4345092773438,-0.018450928316926157,25.32578150395032
2025-03-01T17:00:34Z,40.14339435863402,-76.05699844283147,62.61132992454756,-4.715274448677409,17.172927127911503,-1.6232196657133418,1.4620051852152818,0.05609493071512909,3.541069505155433,0.0009999999998061393,0.0010000000012262726,0.0010000000004072764,0.0009999999964446658,0.0009999999940403165,0.0009999999926145965,0.00005294836784739504,0.000053001901139838236,0.8064302242741526,85.65510957460535,68.41938436114047,0.01263669666090542,0.0006234839844664951,0.0006380465589043269,0.007067846775189456,0.0018329999999998593,0.0018329999999998463,0.0018329999999998738,0.001008329999999908,0.001008329999999902,0.001008329999999902,-0.5528646622382817,10.014797217685947,0.903486960281279,0.014281800439904816,0.015238822150507755,0.007409571544732546,-12.48056300163269,-20.93756326675415,-6.228562760353088,985.5409057617187,0.2883586172675658,25.158267818253638
2025-03-01T17:00:35Z,40.1361244455627,-76.05675512899624,61.76715109171824,-4.6905906476649175,15.999108929857972,-1.5806798490068712,1.4625370507599071,0.052236365965120976,3.5566058569366192,0.0009999999996137844,0.0010000000013216939,0.0010000000000987825,0.0009999999964669358,0.0009999999940639977,0.0009999999922613825,0.00005394436554940896,0.00005400204028103654,0.8001172517178932,89.82615395812954,71.63647860767975,0.012786259774013868,0.0006335169325110343,0.0006463146197705817,0.007077577940651283,0.0018339999999998603,0.001833999999999847,0.001833999999999872,0.0010083399999999089,0.0010083399999999028,0.0010083399999999026,-0.4064461464085434,9.745476595517792,0.8085193588033399,0.0018114801071655647,0.01486495941818352,0.006205200383714188,-12.017625427246093,-21.696938304901124,-6.207937757968903,985.7099438476563,0.005240368263174557,25.567877103139523
2025-03-01T17:00:36Z,40.12782024786019,-76.05646079116728,61.13806868087203,-4.71489716306517,14.920315593945036,-1.3471185866410509,1.4707681618934025,0.04275366840813276,3.567669692417835,0.0009999999994949594,0.0010000000013373183,0.0010000000001864353,0.0009999999961745438,0.0009999999938001321,0.0009999999921970362,0.00005494013668752274,0.00005500218809642322,0.7948581472424996,94.20682251955148,75.1078371782617,0.013189070227975691,0.0006433493121672187,0.0006551225590579882,0.007086987834278378,0.00183499999999986,0.0018349999999998454,0.0018349999999998706,0.0010083499999999097,0.0010083499999999023,0.0010083499999999023,-0.2057857407787057,9.938984766640932,0.8074948985525972,0.009435606820239006,0.009903936679939478,0.010881319734652931,-13.0288130569458,-20.121375694274903,-6.215250253677368,985.7299682617188,0.19182128529712406,24.763815194222996
2025-03-01T17:00:37Z,40.119585386286566,-76.05611518613786,60.69472138265104,-4.607764539821536,14.220657838998426,-1.1402560039160472,1.4742062510265357,0.041224941198807735,3.5809137960260395,0.0009999999995494334,0.0010000000011664973,0.001000000000056392,0.000999999996211598,0.0009999999935870478,0.0009999999924313206,0.000055935663010275485,0.000056002344460103294,0.7914696379965397,98.70631999769859,78.75004189585572,0.013605173695606196,0.0006542936939223916,0.0006637142303143366,0.0070969491730574165,0.0018359999999998586,0.0018359999999998443,0.0018359999999998718,0.0010083599999999083,0.001008359999999903,0.0010083599999999014,-0.22204189111266284,9.910032207675284,0.8225624786769847,0.003924471188558918,0.012982294278586978,0.002570054053425576,-12.528187980651856,-20.414438285827636,-5.990625245571136,985.8014672851563,0.1646358130187804,24.689873651718973
2025-03-01T17:00:38Z,40.111117816841706,-76.05570011513822,60.45427494695306,-4.2597663050487995,13.57441021928355,-0.9363014387382605,1.4844582699316593,0.044931985742240416,3.59577645305379,0.0009999999994480054,0.0010000000009433214,0.0009999999998881617,0.0009999999959930362,0.0009999999934773155,0.0009999999921229442,0.00005693093226085878,0.000057002508857861745,0.7903025150107176,103.3316512179067,82.54895536362469,0.014415929456792622,0.0006659499789980964,0.0006720114206081887,0.007107259227296431,0.001836999999999859,0.0018369999999998446,0.0018369999999998724,0.0010083699999999074,0.001008369999999903,0.0010083699999999022,-0.25723142369201674,9.935794201531833,0.47549075016373715,0.00996502233961661,0.015157373872906131,-0.003158388923948964,-13.030125465393066,-20.81662576675415,-5.734312732219696,985.829990234375,0.16861186928619595,25.218958192393824
2025-03-01T17:00:39Z,40.1020056197607,-76.05517925936604,60.24276704505539,-3.87922581847306,13.24631169456422,-1.1583423549272096,1.4743216308771883,0.046497962839397694,3.6126082840987768,0.0009999999994466026,0.0010000000007676314,0.0009999999998374961,0.0009999999957359148,0.000999999993328519,0.000999999992074593,0.000057925938241961004,0.00005800268000407706,0.7920547935671975,107.8759020793932,86.29640440531439,0.01564126427283873,0.0006777374907163397,0.0006798109749346816,0.007117516823391186,0.0018379999999998586,0.0018379999999998443,0.001837999999999873,0.0010083799999999065,0.0010083799999999028,0.0010083799999999028,-0.17475880915926828,9.510669429142327,0.4256003974869724,-0.0113948816558789,0.01698996803285119,-0.001529416324454744,-16.252313213348387,-27.382313632965086,-7.247062823176384,985.8307250976562,-0.26004931117490426,32.65647529977043
2025-03-01T17:00:40Z,40.09089476196099,-76.05445298246386,60.21018373573598,-3.4193845927933726,13.553163021675626,-0.9046539112931038,1.4800216283519692,0.04283246720284897,3.621828086232461,0.0009999999994286014,0.0010000000010095455,0.0009999999998513663,0.0009999999960225783,0.0009999999935896365,0.000999999992495979,0.00005892068999789411,0.00005900285607623651,0.7978178660090607,112.76133651588871,90.27866661082997,0.016942134462029877,0.0006881775390923497,0.0006878393385911092,0.00712746821778777,0.001838999999999857,0.0018389999999998449,0.0018389999999998737,0.0010083899999999055,0.001008389999999902,0.001008389999999902,-0.12562291903891148,9.954907422987374,0.6250565465592618,0.0036140319272885816,0.009046723050622148,0.001859046959731976,-14.591625547409057,-21.276938333511353,-4.765125196576118,985.7323828125,0.19342659620359248,26.23599412901909
2025-03-01T17:00:41Z,40.32629696108355,-76.06002873532627,63.17942648461623,-16.69346115902956,-20.82407051200417,-0.8578138001068506,1.4342064805033572,0.1029328988638263,3.632399466864525,0.0009999999992617871,0.0010000000012534219,0.0010000000003397053,0.000999999996108797,0.0009999999936720601,0.0009999999922508176,3.074252142168572e-10,3.074250080916163e-10,0.513218162551017,0.0018398683431945402,0.0018398609781689055,0.01140156815240142,0.00017448554722227782,0.0001753732116178507,0.007137330400483076,0.001839999999999858,0.0018399999999998437,0.0018399999999998726,0.0010083999999999063,0.0010083999999999011,0.0010083999999999029,-0.22975384421341102,9.709672505695604,0.5666572934415436,0.0036222102295722656,0.011461641550770087,0.0007155118303442251,-13.308750524520875,-20.52262580871582,-6.471375238895416,985.7655249023437,-0.049222670928204475,25.301721795447047
2025-03-01T17:00:42Z,40.32612261384023,-76.060280175534,62.64077870771223,-17.014507300892635,-21.8573757762124,-0.8841127183758944,1.4408062207511332,0.10673268760400072,3.6456168166818683,0.0009999999990011597,0.0010000000012590287,0.0010000000002092413,0.0009999999962423483,0.0009999999934161294,0.0009999999919029633,1.0003074253428081e-6,1.000307425266702e-6,0.548405578118867,0.02649985192964915,0.019914238355257095,0.012761729321759674,0.00018461468489473564,0.00018520694287349444,0.007147751596291005,0.001840999999999859,0.0018409999999998447,0.0018409999999998733,0.0010084099999999071,0.0010084099999999002,0.0010084099999999037,-0.24211676087218711,9.790510009764372,0.5462784144800484,0.004721766983829269,0.013558943836186065,-0.002415170061724304,-13.430250597000121,-20.2402507686615,-6.177750244140625,985.7622875976563,0.030703892104647183,25.06394666344001
2025-03-01T17:00:43Z,40.32594099572941,-76.06054347321013,62.27678655549242,-17.150529581803173,-22.849870894154297,-1.023923905855396,1.4444621245593312,0.10738596845389119,3.6643503179367793,0.0009999999989240495,0.0010000000013433168,0.001000000000322734,0.0009999999964429576,0.0009999999932214392,0.0009999999916137452,2.000307426471746e-6,2.0003074277341032e-6,0.5874790777962641,0.09778513142137564,0.07027252822760517,0.01426498191425699,0.00019456971410821452,0.00019490005431471106,0.007158027140229874,0.0018419999999998598,0.0018419999999998453,0.0018419999999998743,0.001008419999999908,0.001008419999999901,0.0010084199999999045,-0.40613232780795383,9.643291252385115,0.4195876131860554,0.000519651346318878,0.01868036089789049,0.0007925377731782767,-13.113563013076782,-20.01675079345703,-7.273125276565552,985.5898120117188,-0.11696489688878864,25.01063065880227
2025-03-01T17:00:44Z,40.32574882782613,-76.06081755014334,61.998585641510545,-17.510874269128614,-23.76372700975467,-0.9286956700712599,1.4496666663010889,0.09566437327497594,3.677931738636426,0.0009999999992204348,0.0010000000011628945,0.0010000000001847743,0.0009999999965059118,0.000999999993443411,0.0009999999915783595,3.000307427981169e-6,3.000307438040738e-6,0.6298212420878952,0.21814893779836247,0.15924550627854858,0.015922423382296998,0.0002038191739904476,0.000204440030561331,0.00716728631049729,0.0018429999999998606,0.0018429999999998465,0.0018429999999998753,0.0010084299999999083,0.0010084299999999014,0.0010084299999999049,-0.18736100082550636,9.862932736713336,0.5731976733005794,0.002145953480917351,0.01217431696830053,0.011838341483579012,-13.776938076019286,-20.38837577819824,-7.462687849998474,985.5699291992188,0.10352368345679487,25.71340069467602
2025-03-01T17:00:45Z,40.32553015925117,-76.06110024331284,62.158990318658745,-17.78217626804622,-24.57134634149917,-0.9636956019192192,1.4532731732385091,0.10633675633050663,3.6906895535425894,0.0009999999995503304,0.0010000000013225142,0.001000000000161082,0.0009999999964559812,0.0009999999934912716,0.00099999999191722,4.000307419546141e-6,4.000307466136471e-6,0.6747336051981031,0.3863127229882349,0.2823289528976887,0.01764199292280626,0.00021376525041651336,0.00021367555920852747,0.00717847517400018,0.0018439999999998599,0.0018439999999998455,0.0018439999999998744,0.0010084399999999091,0.0010084399999999018,0.0010084399999999037,-0.22521925013700073,9.682988618067844,0.49764854649851153,-0.0008322623731651514,0.014324193769446726,-0.011985551721804157,-13.528500576019287,-21.204938297271728,-7.717500319480896,985.2702416992188,-0.07936165206456329,26.31020452255006
2025-03-01T17:00:46Z,40.3252658369991,-76.06138672340678,62.704775792731276,-17.98371658372321,-24.934389361675613,-0.8548609563523241,1.460643697474599,0.103835689602294,3.707079943926731,0.000999999999426582,0.0010000000015026082,0.0010000000002588238,0.0009999999962166297,0.0009999999935180613,0.0009999999920108857,5.000307364119659e-6,5.000307526433114e-6,0.7205477755978764,0.5879649103257603,0.44200187629086474,0.018718746063090517,0.0002229546012017706,0.00022242853292203706,0.007188764467457605,0.0018449999999998604,0.0018449999999998461,0.001844999999999875,0.0010084499999999095,0.0010084499999999021,0.001008449999999903,-0.46317369272639086,9.73427866999176,0.7077141889921952,0.0009853102796605734,0.016582724182972387,-0.00021605707366284597,-14.710125560760497,-22.04850076675415,-8.349375290870666,985.0122924804688,-0.006753468963251282,27.789087997005613
2025-03-01T17:00:47Z,40.3249761843368,-76.06167399070604,63.064276050195055,-18.166210596913626,-25.001218940989887,-0.8122240324073124,1.463525665339181,0.10275796390318626,3.730296284929396,0.000999999999702803,0.001000000001385973,0.0010000000007083225,0.0009999999963987288,0.0009999999932711696,0.0009999999924088616,6.000307172272253e-6,6.000307636908502e-6,0.764257359236937,0.8170675031204894,0.6355427632916616,0.019060745599152627,0.00023202080818261216,0.00023052640849677313,0.00719921966409638,0.0018459999999998614,0.0018459999999998471,0.0018459999999998736,0.0010084599999999103,0.0010084599999999025,0.0010084599999999034,-0.5870820255857435,9.661815984088667,0.8837461789843832,-0.00359617504401843,0.023444772178861612,-0.0007047487867189838,-14.645813102722167,-21.965438423156737,-9.267562837600709,985.2222143554687,-0.057807938717803674,27.97972823211301
2025-03-01T17:00:48Z,40.324652221613015,-76.06195949363936,63.36659428459008,-18.330111010201904,-25.03489629917524,-0.7579329165117856,1.4665236097629082,0.09601486374288205,3.7434652990054254,0.000999999999832012,0.0010000000011793516,0.001000000000668156,0.0009999999965025585,0.000999999993361461,0.000999999992107823,7.000306675107553e-6,7.000307819138304e-6,0.8034648849591881,1.092125552981614,0.8624542446871757,0.01926586434667976,0.00024049325666779283,0.0002381474542193112,0.007209062903500429,0.0018469999999998603,0.001846999999999846,0.001846999999999875,0.0010084699999999096,0.0010084699999999016,0.0010084699999999042,-0.5451514010553437,9.691579222505778,0.8572387925958292,-0.002124091403913793,0.012922208690441028,0.00378677656859871,-14.292375564575195,-22.045313320159913,-8.856000342369079,985.3027978515624,-0.03302212719657708,27.725326889532646
2025-03-01T17:00:49Z,40.32428686567318,-76.0622429673965,63.656698871610345,-18.54658740319729,-25.131179192031595,-0.7236958764706767,1.4703418124950811,0.0897105802052268,3.7571339615131767,0.0009999999997335628,0.0010000000009906752,0.001000000000476341,0.0009999999964952833,0.0009999999932909728,0.0009999999923783044,8.00030559878008e-6,8.000308097923946e-6,0.8376058278902178,1.4215629801013043,1.1222317658626735,0.019646279981381624,0.00024889056306523727,0.00024512840702948797,0.007218947358884655,0.001847999999999861,0.0018479999999998465,0.0018479999999998756,0.0010084799999999102,0.001008479999999901,0.001008479999999904,-0.35705201137545794,9.700739327111656,0.7828089348120764,-0.0010814487288345752,0.013518219592324205,0.003276053429091492,-13.776188087463378,-21.33018829345703,-9.5025004196167,985.3379541015624,-0.03887154006700921,27.11189845987957
2025-03-01T17:00:50Z,40.32390373612018,-76.0625267117702,63.76672095124444,-18.89099948165977,-25.259587862286093,-0.7708919046149952,1.4717891106641983,0.09067812811964661,3.7672087101179894,0.000999999999229007,0.0010000000011819723,0.0010000000001846301,0.0009999999966967543,0.0009999999931368261,0.000999999992549429,9.000303547833094e-6,9.000308501380058e-6,0.8669937146930768,1.7986349608268302,1.41428978339364,0.02010357753431907,0.000257485626419482,0.0002515274619493215,0.007229414881637,0.001848999999999861,0.0018489999999998466,0.0018489999999998755,0.0010084899999999097,0.001008489999999902,0.0010084899999999043,-0.20403688349450452,9.647331610881878,0.822327120331968,-0.0024445451864292785,0.010628962542746105,-0.003854040362044565,-13.92787561416626,-19.96087571144104,-9.602062916755676,985.4539770507813,-0.09321562466517427,26.165229221048993
2025-03-01T17:00:51Z,40.32344933847592,-76.0628065443167,63.93119137425732,-19.28082058330308,-25.256172755681373,-0.7609005945290447,1.4716839977461544,0.08142732383301035,3.7719008111592247,0.0009999999991602072,0.001000000001422014,0.0010000000002559292,0.0009999999967650376,0.0009999999934780152,0.0009999999924643597,0.000010000299996917378,0.000010000309060597082,0.8919133307147731,2.222709168853478,1.7403952881771274,0.020526760231188886,0.00026552915166425393,0.0002573954883578375,0.007238945516595503,0.0018499999999998596,0.0018499999999998453,0.0018499999999998767,0.0010084999999999088,0.0010084999999999018,0.0010084999999999044,-0.12506785503573606,9.691407274245034,0.9155707118496936,-0.0036470809909078957,0.004395972068144579,0.005210458457819174,-13.06781301498413,-19.816125831604005,-9.154875378608704,985.4100170898438,-0.042320491450997824,25.44122101449214
2025-03-01T17:00:52Z,40.32291107434177,-76.06308058224705,64.11916833666325,-19.736624624508984,-25.187393665077735,-0.8630563632627778,1.4735946617171527,0.08524045735107143,3.7719335354753434,0.0009999999994601703,0.001000000001716578,0.0010000000006519425,0.000999999996988124,0.0009999999935963778,0.0009999999926770483,0.00001100029429356492,0.000011000309809582914,0.9130574741192841,2.692419621755944,2.0964169431839412,0.021182957506541113,0.0002741332970224349,0.00026271749216445257,0.00724970863841912,0.0018509999999998593,0.0018509999999998452,0.0018509999999998773,0.0010085099999999078,0.0010085099999999024,0.0010085099999999035,0.02065504600936707,9.576751223244834,0.9513035342492088,-0.001312943028326035,0.001185594370730693,-0.008841100393449857,-13.032563076019287,-19.90537576675415,-9.79068787574768,985.3640771484374,-0.15378692665972787,25.72793478148566
2025-03-01T17:00:53Z,40.3222723674138,-76.06334603265825,64.36134540539356,-20.222468566631047,-24.860855048948373,-0.8105591357253135,1.4784819469398622,0.09415082527150637,3.76847176859692,0.0009999999996587738,0.0010000000019948663,0.0010000000003796763,0.0009999999966434786,0.000999999993784513,0.0009999999923291129,0.000012000285671961842,0.000012000310787003619,0.9309691814052623,3.200352270537367,2.494420934850886,0.02172054000925239,0.0002831019624598994,0.0002674351432054923,0.007261070869453216,0.0018519999999998588,0.0018519999999998442,0.0018519999999998767,0.0010085199999999082,0.0010085199999999022,0.001008519999999903,-0.06670455709754204,9.704249395525107,1.1250780313457942,0.0019525128570138889,-0.0017024944715271638,-0.014937897958338296,-14.002688093185425,-20.574375762939454,-9.508687896728516,985.3057543945313,-0.008251504012707338,26.641933834054374
2025-03-01T17:00:54Z,40.32167172369539,-76.06361127228418,64.37352373858766,-20.81362576449929,-24.556121419962256,-0.8344900718572916,1.4850288453248568,0.09315046340368065,3.758800524553142,0.0009999999994934562,0.0010000000021416302,0.001000000000571653,0.000999999996593485,0.0009999999940532738,0.0009999999926440344,0.000013000273265965245,0.000013000312036731692,0.945953484862064,3.7399603642194346,2.9299900554817957,0.022381340456762246,0.00029146381998344887,0.0002716689078729427,0.007271290229861958,0.0018529999999998584,0.0018529999999998437,0.0018529999999998775,0.0010085299999999082,0.0010085299999999019,0.0010085299999999034,-0.0736221662166531,9.6543185303986,1.1904661514258563,0.005169734161288813,-0.00896160400747429,-0.004543015791697836,-13.012312984466552,-21.279938354492188,-9.728062920570373,985.4459887695313,-0.05004718168358527,26.772906854546072
2025-03-01T17:00:55Z,40.320993266871355,-76.06386839788696,64.42904044722601,-21.157032606861172,-24.095152895498636,-0.7748654692375194,1.488189282379871,0.08828598304175671,3.757766180632558,0.000999999999267882,0.0010000000019094514,0.0010000000004557162,0.0009999999965206686,0.0009999999937569573,0.0009999999928603613,0.000014000256117810223,0.000014000313607646794,0.9581419383612664,4.311749438989598,3.390345626935218,0.02257384439513092,0.0003003994068619359,0.0002746531849555342,0.00728119822565548,0.0018539999999998594,0.0018539999999998447,0.0018539999999998785,0.0010085399999999085,0.0010085399999999025,0.0010085399999999025,-0.25918948418645255,9.722254422670318,1.1402587242622746,0.0012306577076554612,-0.0006169577856227494,-0.00029900748060828863,-13.674563093185425,-21.540750846862792,-10.163437905311584,985.4331689453124,0.014508447698114442,27.464345796350454
2025-03-01T17:00:56Z,40.32019289822653,-76.06411620973091,64.60748188438725,-21.18772235039278,-23.92426786655915,-0.7574245098644855,1.4903169584707132,0.08785789776529336,3.7581099691925393,0.0009999999990148146,0.0010000000021183051,0.0010000000004263007,0.0009999999965198503,0.0009999999934073192,0.000999999992593991,0.00001500023321437016,0.000015000315549805253,0.9685465129229274,4.95492161145418,3.8635316949393745,0.022975360430003262,0.00031003827000473927,0.0002767404503495754,0.007291650005361455,0.0018549999999998596,0.0018549999999998453,0.0018549999999998787,0.001008549999999909,0.0010085499999999024,0.0010085499999999024,-0.1820569135309637,9.711666527428308,0.6980631366764916,0.0002726349480474115,0.0013009240013055112,-0.005337139933719798,-13.201125593185425,-21.895313339233397,-9.000750403404236,985.3742504882813,-0.03940889160274948,27.105077103563154
2025-03-01T17:00:57Z,40.31926482624731,-76.06435575185132,64.85968751435763,-21.079977148060262,-23.60889475857074,-0.7769305955828806,1.4938342443065893,0.08401481381684438,3.7575401815451177,0.0009999999989479035,0.0010000000019152282,0.0010000000003260292,0.0009999999965044069,0.0009999999932367072,0.0009999999927190633,0.000016000203546345502,0.0000160003179161245,0.9779914661977809,5.618774192824279,4.365739890659236,0.02313992809916194,0.0003197300787167543,0.0002781424205232792,0.0073017874964721174,0.0018559999999998584,0.001855999999999844,0.001855999999999878,0.0010085599999999084,0.0010085599999999032,0.0010085599999999032,-0.2184330465104045,9.658471980858858,0.7205340913681355,0.0019817207810368764,0.0002843180561454806,-0.0026723675846460947,-12.95193808555603,-21.743813228607177,-10.051687846183777,985.31212890625,-0.09009102854358646,27.23196216472181
2025-03-01T17:00:58Z,40.31810310170817,-76.06457973961889,65.28263086021002,-20.737541839440834,-23.037168189503298,-0.8022976958333142,1.5001188610433298,0.08763810094021124,3.7589137921073434,0.0009999999991358345,0.0010000000019817596,0.0010000000002839385,0.000999999996546354,0.000999999992694121,0.0009999999924178086,0.00001700016607733108,0.000017000320766870598,0.9856746545605113,6.294980774148976,4.899096143474057,0.023009243951315404,0.00033026955306551917,0.0002788008281797483,0.007312942728616383,0.0018569999999998594,0.0018569999999998447,0.0018569999999998785,0.0010085699999999088,0.0010085699999999023,0.0010085699999999025,-0.3032135010599503,9.62010107739575,0.7462785129596633,0.004711585651543006,0.00306225066105403,-0.01138470117733703,-12.700125522613526,-22.155188388824463,-9.789562902450562,985.1696801757812,-0.12415517391710475,27.349192156550405
2025-03-01T17:00:59Z,40.31682511507755,-76.06479282724176,65.83093364328344,-20.652591115794138,-22.181007050471905,-0.5719805478875504,1.499869857400766,0.07370894824679915,3.745385517935893,0.0009999999992940346,0.0010000000020920264,0.0010000000001418364,0.000999999996699579,0.000999999992534723,0.0009999999925980035,0.00001800011976703221,0.000018000324181867057,0.9918720330171841,6.979745336318977,5.534830163673367,0.02354701219351837,0.00033892949052338425,0.0002799772441950411,0.0073220160689907235,0.0018579999999998602,0.0018579999999998457,0.0018579999999998795,0.0010085799999999079,0.0010085799999999018,0.0010085799999999035,-0.11912567450019726,9.85707034174403,1.1704860867706082,-0.00020587610365086818,-0.012911862950334665,0.004762490673626751,-11.852625465393066,-22.77168842315674,-9.142125372886658,985.0984545898438,0.14902645650918855,27.25087520478488
2025-03-01T17:01:00Z,40.31533535838878,-76.06499164511798,66.60143039379757,-20.181458911167486,-21.484804471909488,-0.5913203815605586,1.4964870670669317,0.07173466710561859,3.733311176360856,0.0009999999990687287,0.001000000001903535,0.0010000000003973853,0.000999999996809346,0.0009999999921304508,0.0009999999923834273,0.000019000063679181873,0.000019000328248215716,0.9978465087673585,7.681774462336825,6.1827750643156785,0.02396210712496119,0.00034845653093697556,0.000280582163653504,0.007332567119823591,0.0018589999999998605,0.0018589999999998458,0.0018589999999998796,0.001008589999999908,0.0010085899999999017,0.0010085899999999028,-0.03536250223509113,9.612733776278045,0.8746554114218665,-0.0031655659204109024,-0.010360751595333416,-0.008009923571883803,-11.50425045967102,-21.86943832397461,-8.445375332832336,984.9540844726563,-0.12557151207118367,26.114015601643814
2025-03-01T17:01:01Z,40.31409059352788,-76.06519998511457,67.05660263626969,-19.660343385251576,-21.27752303312918,-0.5266358180698892,1.4963898334626307,0.067670229340906,3.722489076921025,0.0009999999987873184,0.0010000000017664564,0.0010000000001526886,0.0009999999967630333,0.0009999999920552143,0.000999999992489451,0.000019999997048616435,0.00002000033304231457,1.0035454643979949,8.431409176305811,6.856562382857401,0.02385403475854432,0.00035783884027575265,0.0002807123522339576,0.007342622327027963,0.001859999999999859,0.0018599999999998446,0.001859999999999881,0.0010085999999999082,0.0010085999999999012,0.0010085999999999021,-0.08068099222735818,9.755495062508269,0.5563282707595019,0.0004558944300989906,-0.009664098912547462,-0.0036776239471402426,-13.678125553131103,-22.763063297271728,-8.49356282234192,985.0729858398438,-0.0064203423585564405,27.881641513301563
2025-03-01T17:01:02Z,40.31284297738891,-76.0654090592706,67.51461510793986,-18.9902974608123,-21.099945568065003,-0.4494773279024876,1.5089191104718735,0.06337699126108408,3.717923118759174,0.000999999998903778,0.0010000000017256,0.0010000000001099002,0.0009999999967182673,0.000999999992303668,0.0009999999920472019,0.000020999919140588598,0.000021000338643739165,1.0075937135033524,9.189006837493265,7.561216085385698,0.023242108149805547,0.00036764652892903773,0.0002801298865087791,0.007352618211083102,0.001860999999999858,0.0018609999999998459,0.0018609999999998808,0.001008609999999909,0.001008609999999902,0.001008609999999902,-0.1765782635106991,9.775131880086164,0.43559206418702223,0.012837088472355145,-0.0035410974484842385,-0.0025421831985396924,-14.121188087463379,-21.60543830871582,-8.658375377655029,985.0555810546875,0.008312489178267464,27.224393538438854
2025-03-01T17:01:03Z,40.31155600090479,-76.06561469624121,68.026161993351,-18.44773773246507,-20.36065416005687,-0.36032198151144307,1.503756891921225,0.05833100055071071,3.709461916834998,0.0009999999990328334,0.0010000000017410565,0.0010000000003222971,0.0009999999964052698,0.000999999992061982,0.0009999999923686136,0.000021999828799608303,0.000022000345150891855,1.0083047763793973,9.876818656115088,8.342587491470107,0.022369948130856215,0.0003770835234989957,0.00027983566156810984,0.007362486672287501,0.0018619999999998588,0.0018619999999998442,0.0018619999999998792,0.0010086199999999091,0.001008619999999903,0.0010086199999999029,-0.32375189196891735,9.745285645165307,0.9839256734673076,-0.0044615667904215036,-0.007505709711022474,-0.0018144865392652138,-14.25975061416626,-22.34081338882446,-8.92293785572052,985.0110424804687,0.021992285910092526,27.96548581166854
2025-03-01T17:01:04Z,40.3101615745,-76.06581424978782,68.61099128324742,-17.652017649397393,-19.844427918016155,-0.34054545671535513,1.501617575708925,0.05132248960485433,3.704853069814525,0.0009999999986796703,0.0010000000018265684,0.001000000000363453,0.0009999999968165556,0.0009999999919787245,0.0009999999922482106,0.000022999724340422255,0.000023000352672737686,1.0053186324573147,10.592816074132523,9.15094345036666,0.02133331905851863,0.0003866899052062597,0.00027946449770718443,0.007372146366416802,0.001862999999999858,0.0018629999999998426,0.0018629999999998776,0.0010086299999999082,0.0010086299999999039,0.0010086299999999039,-0.2943999354630971,9.69120789273406,0.7393393268970033,-0.0014886920508526747,-0.003759072598630198,0.00030317817953025706,-12.77681303024292,-21.812438278198243,-8.855062847137452,984.9320068359375,-0.05441014035526629,26.785048434274373
2025-03-01T17:01:05Z,40.30866248572858,-76.0660094604765,69.20695677965585,-16.89204610956072,-19.07629164538274,-0.3545096477746967,1.498609244586439,0.0427208271442337,3.699072329074987,0.0009999999989089643,0.0010000000016850289,0.001000000000078875,0.0009999999968992666,0.0009999999922985284,0.0009999999922809322,0.000023999603605492735,0.00002400036132373893,0.9992079932027118,11.276526308129817,10.034172157235036,0.020485968205809744,0.00039608077680061,0.00027958067753896284,0.007381619958117162,0.0018639999999998575,0.0018639999999998417,0.0018639999999998768,0.001008639999999907,0.0010086399999999036,0.0010086399999999036,-0.28139174239767256,9.635485240496699,1.050665165995602,-0.00209404917549113,-0.005023195405963911,0.0018340121280039947,-13.847063102722167,-21.427500782012938,-7.759500317573547,984.8549487304688,-0.08163069742334311,26.66619714975956
2025-03-01T17:01:06Z,40.307145942400915,-76.06620336972578,69.71712762242785,-16.095430484742845,-18.319089367921418,-0.39519531514574546,1.4927574579193494,0.037356363892981914,3.6921584525653546,0.000999999998908654,0.0010000000015878288,0.0009999999999095322,0.000999999997025109,0.0009999999923444574,0.0009999999922287088,0.00002499946373620511,0.0000250003712330619,0.9905884759591295,11.956757196485295,10.976712822108071,0.019679500067333627,0.00040537038721164106,0.0002803158300669509,0.00739140784632469,0.0018649999999998566,0.0018649999999998418,0.0018649999999998757,0.0010086499999999064,0.0010086499999999044,0.0010086499999999044,-0.2912892646524079,9.609094229378604,1.121233816732884,-0.004695732119186418,-0.005998910047590595,-0.0009999999806394042,-14.402438049316407,-20.45043827056885,-8.460375332832337,984.8198754882812,-0.0997161822562579,26.405035572846113
2025-03-01T17:01:07Z,40.305691405355866,-76.06639956203485,70.08039589493994,-15.371174147153075,-17.769227803784943,-0.4379385145476373,1.4906988366614355,0.0347850654271965,3.6828751637043102,0.000999999999133997,0.0010000000015904307,0.000999999999698054,0.0009999999971657277,0.0009999999924740447,0.0009999999924493715,0.000025999301387868716,0.000026000382530129035,0.9804824167783155,12.65685906037263,11.992108890975258,0.01906788700877539,0.00041437121256458667,0.00028182956427039234,0.007401412990965756,0.001865999999999857,0.0018659999999998424,0.0018659999999998764,0.0010086599999999072,0.0010086599999999046,0.0010086599999999046,-0.20584131371462747,9.625678513697302,1.0684740446376924,-0.0006820497983845216,-0.008287817364956677,-0.003193104525218764,-15.692438125610352,-20.58206331253052,-8.270625324249268,984.8253271484375,-0.09145755994745222,27.17120562743121
2025-03-01T17:01:08Z,40.30381826998372,-76.0665959801738,70.58408485678261,-14.224484348364347,-17.186000779539693,-0.4527745870524707,1.4888747953304493,0.033270749700395674,3.6747929127089476,0.00099999999919121,0.001000000001760594,0.000999999999574953,0.0009999999967074738,0.0009999999923273396,0.000999999992504671,0.00002699911258797728,0.000027000395339368788,0.9692844596926873,13.36296638977801,13.061671338258996,0.01823634078679957,0.00042331596095435847,0.0002838975566841875,0.007411648016960982,0.0018669999999998577,0.001866999999999843,0.001866999999999877,0.0010086699999999075,0.0010086699999999043,0.001008669999999904,-0.32734113014899513,9.635255725223221,1.0318618961699841,0.00006901331932899612,-0.006721766845325391,-0.005082612731355163,-16.31887568473816,-21.728625831604003,-8.11743782043457,984.6740405273438,-0.0826219902793269,28.36069087767345
2025-03-01T17:01:09Z,40.30206814715979,-76.066798502998,70.92193677392517,-13.237662325267392,-16.800760813721524,-0.49329545160838584,1.4829623716611855,0.022918422128603663,3.668224735696869,0.0009999999992446318,0.0010000000016624848,0.0009999999999161407,0.000999999996951317,0.000999999992556108,0.0009999999927450417,0.000027998892644915005,0.0000280004097845747,0.9572647672605479,14.087766420357935,14.209038605161906,0.01757422533033746,0.00043182483529854705,0.0002865729607788356,0.007420769887430295,0.0018679999999998568,0.0018679999999998422,0.001867999999999876,0.0010086799999999068,0.0010086799999999034,0.0010086799999999034,-0.21470652207993315,9.629915000788696,1.010693264862001,-0.004056827735596202,-0.006164811754995466,0.004848279255151179,-15.531563081741332,-21.325875759124756,-9.074437847137451,984.6992919921875,-0.09334837309802484,27.899193611714885
2025-03-01T17:01:10Z,40.30015800091507,-76.06700871498131,71.2105910638902,-12.119062948390507,-16.44957663835996,-0.5672984618141095,1.481713196723319,0.020242289631175796,3.661276345607509,0.0009999999991295954,0.0010000000015358418,0.0009999999999162812,0.0009999999966248368,0.000999999992454414,0.0009999999925692643,0.00002899863619707473,0.00002900042598921651,0.9448220874234582,14.820093613601466,15.415291369031998,0.01686116333814712,0.00044022662181596585,0.00028998902163988746,0.007430738793373021,0.0018689999999998554,0.001868999999999841,0.0018689999999998749,0.0010086899999999072,0.001008689999999904,0.001008689999999904,-0.24072095139249128,9.593859902062343,1.0308648874760513,0.0008733186988223621,-0.00587673712324554,-0.0027206026304451617,-15.514875583648681,-20.83125078201294,-8.791312861442567,984.6546752929687,-0.12648224556605633,27.421465267775204
2025-03-01T17:01:11Z,40.298197113888286,-76.06722707405086,71.37777422306827,-10.950853414547758,-16.200935716927937,-0.643645267227992,1.4757170919613776,0.01890162037641109,3.653009121396826,0.000999999998944478,0.0010000000012261024,0.0009999999998589794,0.0009999999962732977,0.000999999992140429,0.0009999999927106052,0.000029998336613563595,0.00003000044406933013,0.9317109156229629,15.577964807156377,16.68267547310192,0.016080899645984126,0.0004483076918738482,0.00029422594889732243,0.007440807038133161,0.0018699999999998546,0.00186999999999984,0.0018699999999998742,0.001008699999999908,0.0010086999999999043,0.0010086999999999046,-0.2877399130318302,9.598924691516611,1.0034670701493416,-0.0037387106466348664,-0.007139190823860378,-0.0037285295638919925,-15.606000614166259,-20.31037570953369,-8.420250334739684,984.6528955078124,-0.12306949475294643,26.962130504439497
2025-03-01T17:01:12Z,40.295983358990505,-76.06745911010447,71.5083256476698,-9.629191620284347,-16.52442553483925,-0.7047707389784303,1.4764838544509138,0.019579402168294055,3.647092201801087,0.000999999998832225,0.0010000000014702309,0.0009999999998314836,0.0009999999965600447,0.0009999999920003448,0.000999999992662751,0.00003099798686735955,0.00003100046415566689,0.9177350109599631,16.42985858305166,18.01104102120911,0.014970132415940456,0.00045644656992933284,0.00029904654634330444,0.007451107691741292,0.0018709999999998532,0.0018709999999998387,0.0018709999999998752,0.0010087099999999088,0.0010087099999999051,0.001008709999999905,-0.11456100934589473,9.660472508163476,0.5356591211470857,0.0032034499346307926,-0.004562543386144395,-0.0054963657038798845,-15.16537567138672,-21.78300090789795,-8.168625359535218,984.6128247070312,-0.10256227882542387,27.770692368796286
2025-03-01T17:01:13Z,40.29359188568004,-76.06770335131186,71.56451404701998,-8.339000058210635,-16.70967238820982,-0.7813605669018397,1.469996708902543,0.011099785729981895,3.636940583249647,0.0009999999985647763,0.001000000001457184,0.0009999999998601503,0.0009999999964904972,0.0009999999920796538,0.0009999999926689014,0.00003199757935638704,0.0000320004864127246,0.9029172051451421,17.312694374343952,19.414253130296174,0.014208438578859608,0.0004642921185160293,0.0003047426635216078,0.007460387149316618,0.0018719999999998542,0.0018719999999998397,0.0018719999999998735,0.0010087199999999096,0.0010087199999999062,0.0010087199999999053,-0.14907584279410488,9.629393282570959,0.7246633416440782,-0.004033961927531946,-0.009704823472608905,0.0034287701094320956,-17.1504381942749,-22.318125858306885,-7.798875329494476,984.6009643554687,-0.12075620980463561,29.20711811478257
2025-03-01T17:01:14Z,40.29105761631934,-76.0679541646938,71.56708329907013,-7.4093493275976146,-15.043293392668561,-0.7703023471176911,1.4623283435982033,0.01412443680693616,3.626643331132465,0.0009999999987374284,0.0010000000014865223,0.0009999999997468807,0.0009999999967753995,0.0009999999925117153,0.0009999999927710484,0.00003299710206693314,0.00003300051094966458,0.8896829192852967,18.055064369282686,20.95738810938256,0.015759095203188987,0.0004720829802047799,0.0003111532817235206,0.00747089604798817,0.0018729999999998542,0.0018729999999998399,0.0018729999999998737,0.00100872999999991,0.001008729999999906,0.0010087299999999057,-0.7410098276829317,9.510940705970182,2.6605640804417243,-0.005098301566681259,-0.00872844067532311,-0.007739540770189219,-17.019000663757325,-20.997375869750975,-8.803312861919403,984.6042163085938,0.1251182576311088,28.42589654196828
2025-03-01T17:01:15Z,40.288696131781606,-76.06820307043047,71.46767169974666,-6.9257650157558635,-11.496857994686403,-0.7610568544783564,1.4474237742361233,0.017710461552850925,3.619505906699747,0.0009999999990193704,0.0010000000016002542,0.0009999999995197412,0.0009999999970734751,0.0009999999923589844,0.000999999992959797,0.000033996537051739984,0.00003400053747038625,0.8865438407482867,18.75119041560432,22.603613151966435,0.02884560204549612,0.00047826019597658554,0.0003183586121961756,0.007481343577493315,0.001873999999999853,0.0018739999999998385,0.0018739999999998725,0.001008739999999909,0.0010087399999999054,0.0010087399999999054,-1.4294752377606719,9.237249500591064,4.7688526422185245,-0.011802125520107896,-0.005571304491916226,-0.007118828436154543,-16.70925066947937,-20.037563285827638,-8.335312807559967,984.6756176757813,0.7143505098748673,27.389371034145576
2025-03-01T17:01:16Z,40.28660033576083,-76.06845406324301,71.26104586730828,-6.243946979640816,-8.658159982083486,-0.767115063201358,1.4455217955767492,0.01396267493989459,3.614421729208486,0.0009999999987608211,0.0010000000015007997,0.0009999999992364107,0.000999999997243668,0.0009999999924135575,0.0009999999924900581,0.00003499587033626682,0.00003500056464215963,0.9115368066357894,19.60364855875139,24.122538662647052,0.04909526712386844,0.0004792353143744749,0.0003266114082391175,0.007490732007987273,0.0018749999999998514,0.0018749999999998369,0.001874999999999871,0.0010087499999999095,0.001008749999999906,0.001008749999999906,-1.4733436492795873,9.241596515018134,4.333319031239036,0.002033961488609818,-0.004512472496487996,0.0013518293302981388,-16.50975069999695,-20.129438362121583,-9.039375386238099,984.7687475585938,0.5334926218989989,27.558549540935843
2025-03-01T17:01:17Z,40.28449775341922,-76.06874105178484,71.10519404002865,-5.350681263636199,-6.992703847487654,-0.6700651817275105,1.440845755871537,0.012337255423149304,3.6136394192707733,0.000999999998943958,0.0010000000017850426,0.0009999999993521647,0.0009999999975268405,0.0009999999923354448,0.0009999999921744224,0.00003599511162336139,0.00003600058997928175,0.9785129423340191,20.510715458299256,25.3097487540238,0.06729788343542017,0.00047105898000408873,0.0003357838458903872,0.007500134820598472,0.0018759999999998524,0.001875999999999838,0.001875999999999872,0.0010087599999999103,0.0010087599999999066,0.0010087599999999048,-1.2218494997769418,9.416914523451508,3.588430105491526,0.0006097789409758997,0.000033963731893122415,0.0004820982048148745,-16.796063165664673,-19.442438373565675,-8.30306278705597,984.8056640625,0.3716900644926091,27.001004515239757
2025-03-01T17:01:18Z,40.282331126115466,-76.06908870834383,71.13718824860199,-4.374690397100363,-5.91143024424153,-0.5231876882925446,1.4300365814993712,0.011929771870212337,3.610023711948922,0.0009999999988993937,0.0010000000018411724,0.000999999999070312,0.0009999999976675036,0.0009999999921946829,0.0009999999920974891,0.000036994308190452425,0.000037000610511385984,1.086189422731345,21.446857467436963,25.900521097871735,0.08384124566408455,0.0004506241279984256,0.0003457111247219085,0.007509436550928308,0.0018769999999998525,0.0018769999999998382,0.001876999999999872,0.00100876999999991,0.0010087699999999054,0.0010087699999999054,-1.1430543668160211,9.42855571810226,3.527137218952827,-0.0038710643534826793,-0.002567886314878161,-0.0004094974554740053,-15.718875608444215,-18.411375703811647,-6.776812806129455,984.803603515625,0.3516996833515259,25.139300565120774
2025-03-01T17:01:19Z,40.280240533381864,-76.06949251422627,71.3444608028752,-3.083261861262117,-6.70560864300226,-0.44950203060027616,1.4272501527174453,0.010256324681390946,3.607601808889351,0.0009999999985715892,0.0010000000019395618,0.000999999998773961,0.0009999999980779355,0.0009999999924009276,0.0009999999923743846,0.00003799353189843738,0.000038000624626413684,1.2054497825124413,22.28692230824727,25.693953362695503,0.08034025319962965,0.0004197617724557807,0.00035568903664477306,0.007518486560562088,0.0018779999999998529,0.0018779999999998388,0.0018779999999998724,0.00100877999999991,0.0010087799999999065,0.0010087799999999065,-0.7170815943448989,9.53553582588387,2.0534539924537074,0.005086115944041235,-0.0016183753738785158,0.0016737853293856766,-14.446688089370728,-18.925500774383544,-9.737625393867493,984.7894506835937,0.0008605938611929128,25.723532037242606
2025-03-01T17:01:20Z,40.27845137277098,-76.06991035995635,71.62347997695535,-1.9529675546346534,-7.55548541489199,-0.3609091471332725,1.4190792834871975,0.010667470447883612,3.6046128755107603,0.000999999998287905,0.0010000000017824058,0.0009999999988583674,0.0009999999979495907,0.000999999992086994,0.0009999999925916132,0.00003899283999408167,0.000039000633209250177,1.299597165575304,23.25476943549247,24.898083585745074,0.0743183906286274,0.0003844154528442552,0.0003652926074279244,0.007527705312558426,0.0018789999999998532,0.0018789999999998387,0.0018789999999998725,0.0010087899999999094,0.0010087899999999058,0.0010087899999999058,-0.6977500756169976,9.549154002505588,2.0841854185275577,-0.000694567741262289,-0.002079194491144091,-2.2542480336412967e-6,-15.174188175201415,-23.061188354492188,-10.353187894821167,984.7878735351562,0.019325799393016267,29.48321364846995
2025-03-01T17:01:21Z,40.276920383004864,-76.07032993401275,71.97491159154869,-0.9231413860602122,-9.017287641900106,-0.2658424098513564,1.4146351770521355,0.010625838732242956,3.6026624348997753,0.0009999999981751893,0.0010000000019523192,0.000999999998813907,0.0009999999978085072,0.000999999992135906,0.0009999999928428647,0.00003999225307783959,0.00004000063857939504,1.3531018407954538,24.329335651993144,23.76349925742454,0.06207477622243673,0.00035070182478515107,0.0003742587661002066,0.007536980599963191,0.001879999999999854,0.0018799999999998395,0.0018799999999998733,0.0010087999999999105,0.001008799999999906,0.0010087999999999061,-0.4544398883564041,9.655554857888028,1.5138960123470915,0.002292160555642816,-0.0013079358775613269,0.0008826651835056327,-16.92412579536438,-23.73506326675415,-7.909125294685364,984.7686669921875,0.004732990822498382,30.204808291619255
2025-03-01T17:01:22Z,40.275561209383575,-76.0707525188335,72.32299386099622,0.15464875168744885,-11.471554381964582,-0.3120567402311268,1.4083991657973993,0.014454938393855738,3.6008780987375526,0.0009999999978213857,0.0010000000020082796,0.000999999998599443,0.0009999999978380337,0.0009999999923263568,0.0009999999925968356,0.00004099174888936311,0.0000410006436171259,1.355309694780706,25.457205177359274,22.550621264213728,0.04507514987377316,0.0003233540782579588,0.0003826676797733122,0.007546576708645185,0.0018809999999998535,0.001880999999999839,0.0018809999999998728,0.0010088099999999113,0.001008809999999905,0.0010088099999999048,-0.158926295359214,9.702837285274368,0.46803246653491737,-0.00035859194737571543,-0.0006843864611522345,-0.00276132675999783,-16.819313325881957,-22.72931324005127,-6.291937780380249,984.7406225585937,-0.06365846444865068,28.967162567882827
2025-03-01T17:01:23Z,40.27441830655827,-76.07114903998034,72.50496516462412,1.0618293246318897,-13.763419821665499,-0.3907166624766233,1.4034760549175234,0.019062345218576558,3.600035134406652,0.0009999999976378906,0.001000000001965037,0.0009999999985828977,0.00099999999765485,0.0009999999923169264,0.0009999999926174946,0.00004199127960768411,0.0000420006504654238,1.314206356808521,26.778334133960595,21.521067106450477,0.032854373261231876,0.00030437130447049315,0.000390626371685875,0.007556297473760366,0.001881999999999852,0.00188199999999984,0.0018819999999998714,0.001008819999999911,0.0010088199999999038,0.0010088199999999056,-0.15745072047070355,9.71784797413943,0.39692640792966866,-0.0004909460850578704,0.00023191069084949642,-0.0034536402104120402,-16.921875705718993,-21.433125801086426,-4.9584376740455625,984.7488525390625,-0.0516062864094926,27.75449570771101
2025-03-01T17:01:24Z,40.27342599407341,-76.07151909148874,72.49005009149623,1.8011833335633414,-15.749510197088672,-0.4954737226305922,1.3978607187997785,0.01962655019097205,3.5997723821762033,0.000999999997766124,0.001000000002276998,0.0009999999987510548,0.0009999999975000085,0.000999999992442899,0.0009999999925565232,0.0000429907933008418,0.00004300066008893661,1.2500997155768119,28.284371518421086,20.76496495297668,0.025130680798179754,0.00029326847455206465,0.0003982609708162419,0.007565949695457692,0.0018829999999998507,0.001882999999999841,0.0018829999999998702,0.001008829999999911,0.0010088299999999038,0.0010088299999999064,-0.1770489834433648,9.706563806750724,0.48034961412200944,-0.002444545047556486,0.00001393540957756378,0.0004921123842623414,-15.783188123703003,-18.826688270568848,-4.966687667369842,984.7785131835938,-0.05856532896231731,25.064290299806405
2025-03-01T17:01:25Z,40.27236133672552,-76.0718998288151,72.34973174858109,2.4609819581132175,-17.64438580345969,-0.5972548658775045,1.3954059834971986,0.023276100097591578,3.599499254281035,0.00099999999745493,0.0010000000025455324,0.0009999999985237664,0.0009999999973018237,0.0009999999922435492,0.0009999999923470503,0.00004399023642098129,0.000044000672802480224,1.1779051579458162,29.947333341916952,20.296728896352143,0.02060162969860503,0.0002887842431835725,0.0004056705675354983,0.0075757861363653575,0.0018839999999998513,0.0018839999999998394,0.0018839999999998708,0.0010088399999999102,0.001008839999999903,0.0010088399999999068,-0.20323339286719885,9.715175969439455,0.5232674414624222,0.00019118626494015975,0.00047625660299652596,-0.002496618701229758,-13.64943811416626,-16.670625801086427,-5.657437725067139,984.7919213867187,-0.04703949191720475,22.276024213313725
2025-03-01T17:01:26Z,40.271042082019164,-76.07231262987618,72.1150831827777,3.0629221274371714,-19.779633188491232,-0.7316053571937055,1.393767605190148,0.02600850505511964,3.5990964677755586,0.000999999997372733,0.0010000000025859317,0.000999999998582555,0.000999999997514981,0.0009999999921236646,0.0009999999923263646,0.000044989546560388507,0.000045000688762231625,1.1053667497176907,31.72232056315543,20.10754082276921,0.018235054113850273,0.00028954413102947354,0.000412897411450215,0.00758563797725608,0.0018849999999998514,0.0018849999999998406,0.0018849999999998705,0.0010088499999999108,0.0010088499999999037,0.0010088499999999073,-0.1424903491351219,9.72507875260896,0.31818684994857893,0.0007499773275775204,0.00015413393968286742,-0.001420595427620006,-12.715125551223755,-17.92837574005127,-9.16293791294098,984.7961669921875,-0.046869035834931044,23.812981262601326
2025-03-01T17:01:27Z,40.269402097781985,-76.07275217148627,71.77539632068225,3.5183387985999146,-21.704528392347978,-0.8376365534610999,1.3897948552332615,0.029704730700012234,3.597731023608506,0.000999999997361891,0.0010000000026971216,0.000999999998187457,0.0009999999974007624,0.0009999999923943808,0.000999999992316259,0.00004598864960812289,0.0000460007081061395,1.0386068937946882,33.6191347851798,20.202471141703246,0.01787405794049308,0.00029422688954376316,0.0004200623582154358,0.007595554891909937,0.001885999999999851,0.0018859999999998398,0.001885999999999869,0.001008859999999911,0.001008859999999904,0.0010088599999999075,-0.20678274676158306,9.72036038144171,0.5283721286594141,-0.001967202563516384,-0.000664024333839328,-0.002354083577064318,-13.937063093185424,-21.534375705718993,-11.020500383377076,984.81421875,-0.04108744672814324,27.918088144773698
2025-03-01T17:01:28Z,40.267241178405925,-76.07322594367662,71.32932134609537,3.9517322569432367,-24.115850471010184,-1.0214680059991181,1.3953060006947506,0.029252300556769605,3.5972856161591418,0.0009999999975083304,0.001000000002792987,0.000999999997993996,0.0009999999972862932,0.0009999999926787308,0.0009999999923559033,0.00004698745037680988,0.00004700073109164262,0.9810027935406053,35.57435693810718,20.54298948241605,0.019675369367491927,0.0003018806226370818,0.0004269470731008412,0.007605376612425195,0.001886999999999849,0.0018869999999998395,0.0018869999999998686,0.0010088699999999103,0.0010088699999999048,0.0010088699999999083,-0.08690233139429926,9.736472120918119,0.006218342897121674,0.007012509772553332,-0.0005520324105844876,0.002176496895728953,-16.48950075149536,-22.82400094985962,-6.821250262260437,984.8322875976562,-0.04088113101527478,28.971799294702095
2025-03-01T17:01:29Z,40.264109729805135,-76.07375151579362,70.76722791618654,4.240653354196027,-27.241859420875105,-1.252970386282311,1.3918272365449924,0.03359913517667665,3.5980916840714405,0.0009999999972179932,0.0010000000027162398,0.0009999999980039027,0.0009999999968450543,0.0009999999928491637,0.000999999992441625,0.000047985808420238306,0.000048000758270826176,0.9346693640626087,37.602758324457355,21.14160308323504,0.025388703453989945,0.0003116390302586966,0.0004335668666616064,0.007615351167703172,0.00188799999999985,0.0018879999999998405,0.0018879999999998696,0.0010088799999999093,0.0010088799999999052,0.0010088799999999087,0.17351914845543195,9.812200981887775,-0.6938986722247494,-0.0027449702548024476,0.001455976702624499,-0.0018311766337072801,-14.857688150405885,-18.127313289642334,-6.309375240802765,984.8343994140625,0.06081566223574406,24.272538483827624
2025-03-01T17:01:30Z,40.25983387521946,-76.07430192806135,70.10864587878255,4.100363430512689,-29.319568140114292,-1.3745557343525348,1.3836664380450665,0.036767714652410646,3.5988238236601773,0.0009999999974543681,0.001000000002752909,0.000999999998170632,0.0009999999970573287,0.0009999999927704673,0.0009999999926821445,0.00004898357397012667,0.0000490007901121601,0.9085141732931774,39.666888875634484,22.01252553542134,0.03070976361709314,0.00032166525746181386,0.00044020278455953593,0.007625304698885486,0.001888999999999849,0.0018889999999998394,0.0018889999999998684,0.0010088899999999088,0.0010088899999999043,0.001008889999999908,-0.10365209151464157,9.746482077277966,0.22867109263220486,-0.008727439387961345,0.0010871215096083277,-0.0002669622842696817,-14.673000593185424,-21.23100080490112,-9.373687863349915,984.8546313476562,-0.027492158683671938,27.457522926203154
2025-03-01T17:01:31Z,40.253910071930555,-76.07485835503552,69.45744672280993,3.5474206516233626,-31.332061875745907,-1.5094852276040958,1.387223977824009,0.041709857991329244,3.5956554103291536,0.0009999999978338074,0.0010000000026173465,0.000999999998170243,0.0009999999968561377,0.0009999999926220517,0.0009999999930264908,0.00004998063730735159,0.00005000082679159286,0.9081675795571227,41.7196558692945,23.059387308512513,0.03776752087417753,0.0003296663072134698,0.00044747398192474094,0.007635301287758214,0.0018899999999998495,0.00188999999999984,0.001889999999999869,0.0010088999999999084,0.0010088999999999038,0.0010088999999999073,-0.012767980823282106,9.746221852909525,0.06368466337052371,0.00123065789350384,-0.0025396797576988425,-0.0022117154559715,-14.577750644683839,-19.392188301086424,-5.909250230789184,984.851953125,-0.030563296550320952,24.96967105602393
2025-03-01T17:01:32Z,40.24625095995077,-76.0753790309147,68.84544373914396,2.495720490929493,-32.746990144884315,-1.5903756661258341,1.390993810616879,0.047718785004483885,3.587746420724732,0.0009999999978274002,0.001000000002638992,0.0009999999981698156,0.0009999999967546665,0.0009999999923407305,0.0009999999928893132,0.00005097695499778329,0.00005100086815078967,0.9345906412242838,43.725076508303495,24.19222546566313,0.044668794044290194,0.00033371512363652354,0.00045558645346232624,0.0076453253065370515,0.0018909999999998483,0.0018909999999998414,0.0018909999999998678,0.0010089099999999076,0.001008909999999904,0.0010089099999999076,-0.05818845971643372,9.74034052594241,0.1704856200248916,-0.0007963784929591277,-0.007149372017190377,-0.0037794348132367426,-15.426000595092773,-23.621250953674316,-8.14875032454729,984.8546850585938,-0.0348506927054678,29.365355917188513
2025-03-01T17:01:33Z,40.237132125131,-76.07581886619468,68.34109818360292,0.9445798383464212,-33.135548657322246,-1.5850595310800841,1.3982845597003917,0.0464706096199553,3.576817861630515,0.0009999999981437388,0.0010000000023230324,0.000999999998449055,0.00099999999679507,0.0009999999924791153,0.0009999999929054925,0.00005197261770761097,0.00005200091349306981,0.9833105516349429,45.64031509640099,25.290162803278026,0.04864804191677598,0.00033253273041180886,0.00046434989263146285,0.007655138109440966,0.0018919999999998476,0.0018919999999998417,0.0018919999999998673,0.0010089199999999074,0.0010089199999999037,0.0010089199999999074,-0.16777973978004157,9.71023086611166,0.5459194937360459,0.00030317825857517026,-0.011517054994226663,0.0029298967742842665,-14.30193808555603,-19.197375621795654,-7.659375247955322,984.8661157226562,-0.04980435938965984,25.1346002546064
2025-03-01T17:01:34Z,40.22660332436061,-76.07614439909037,68.0170914683434,-0.9795368384696479,-33.158838051681194,-1.6077228860747166,1.4069571293321002,0.053834179794398786,3.5708745432259374,0.0009999999982158898,0.00100000000259054,0.0009999999985688774,0.0009999999966928404,0.0009999999925663235,0.0009999999929321856,0.0000529678437425051,0.00005300096166408758,1.0464116440764317,47.550053631726755,26.197741679679076,0.053724784448720406,0.0003269068916312977,0.00047303546916596006,0.0076652017270709616,0.0018929999999998475,0.0018929999999998425,0.0018929999999998672,0.0010089299999999067,0.0010089299999999023,0.001008929999999907,-0.04701279792541391,9.70220961123375,0.14978705344809592,-0.001272886238489649,-0.005233493164416747,-0.004755316116859642,-14.709750576019287,-21.822563304901124,-7.272750325202942,984.8518115234375,-0.07333372799120387,27.30368371872559
2025-03-01T17:01:35Z,40.21541531515815,-76.07633356185205,67.86178614220977,-3.1211392219032836,-32.51034725330701,-1.5616539644139578,1.419722470330519,0.06307227974942252,3.567567522385539,0.0009999999979871017,0.0010000000026035055,0.0009999999984555718,0.0009999999966340315,0.000999999992863097,0.0009999999930375846,0.00005396293140930928,0.00005400101120341813,1.117004510202693,49.50242664644125,26.821257415612926,0.05767381921875678,0.0003165273798359522,0.0004820894260461192,0.007675340425783612,0.001893999999999847,0.0018939999999998422,0.0018939999999998667,0.0010089399999999066,0.0010089399999999031,0.0010089399999999066,-0.095795656730189,9.733720357256523,0.051801618742014575,0.0005577049316285382,-0.0024864378796360907,-0.006711585603144639,-14.753625650405883,-23.170313396453857,-8.33175030708313,984.8465283203125,-0.04255013334560606,28.70449493585568
2025-03-01T17:01:36Z,40.204060173636634,-76.07637729488812,67.94862238367524,-5.385015135808054,-31.118924429333674,-1.4255925706404349,1.4359343214140328,0.06730851820319335,3.567783849171153,0.000999999998098511,0.0010000000027595292,0.0009999999985383853,0.0009999999964063141,0.0009999999932546134,0.000999999993160653,0.000054958206766107916,0.00005500106067716953,1.1856986122467015,51.5528215528964,27.10932326962738,0.059259503606868914,0.000302306847281657,0.0004914727941623009,0.007685345538939321,0.0018949999999998467,0.0018949999999998421,0.0018949999999998662,0.0010089499999999052,0.0010089499999999035,0.0010089499999999055,-0.14154890868403872,9.768934138311065,0.06576367463194624,0.002182004361924347,0.0001240912521953473,-0.0020815312048706406,-14.090625562667846,-22.650188426971436,-7.785187821388245,984.8202368164062,-0.006842300856399808,27.78818240375235
2025-03-01T17:01:37Z,40.193714113589465,-76.07631092699,68.18395562782197,-7.456465764352224,-29.490213790832755,-1.301128668951582,1.4450966248242532,0.06372642340236673,3.5666865861604395,0.0009999999979637582,0.0010000000027629982,0.0009999999986971858,0.0009999999963091549,0.0009999999930418166,0.0009999999933778835,0.0000559539394971562,0.0000560011090169265,1.244772780693597,53.78291347394403,27.052285326859195,0.059745109968497856,0.00028552333981358166,0.0005013881434701628,0.007695141686250204,0.0018959999999998455,0.0018959999999998407,0.001895999999999865,0.0010089599999999054,0.0010089599999999028,0.0010089599999999065,-0.06532704909048816,9.759602696733893,-0.07477869797103473,-0.004767000005168819,-0.0021300999400040025,0.0043756101794714996,-14.127188062667846,-22.317938346862793,-7.392187778949737,984.8257348632812,-0.017085022496549366,27.42826022775235
2025-03-01T17:01:38Z,40.18472109741367,-76.07616910257751,68.50801015059909,-9.251770011291233,-27.550140470000496,-1.1744134824582184,1.451789655313062,0.0646639593655898,3.5659364979138455,0.0009999999977732207,0.0010000000027965417,0.0009999999987260074,0.00099999999629724,0.000999999993264476,0.000999999993648637,0.000056950289184523647,0.00005700115573393084,1.2888415527718993,56.18616330620012,26.71021157499022,0.05758540498596648,0.00026866151016576587,0.0005114295116923859,0.0077050907856696495,0.0018969999999998452,0.0018969999999998402,0.0018969999999998645,0.0010089699999999042,0.0010089699999999034,0.0010089699999999069,-0.06947460800578222,9.737628617919702,0.11058529522493378,-0.006450215989460529,-0.0010776100727294539,-0.0011201700786184047,-14.609250564575195,-22.4874383354187,-8.007375340461731,984.8303149414063,-0.03889154883953717,27.986251848546495
2025-03-01T17:01:39Z,40.1772845640627,-76.07599432651178,68.84963197887164,-10.703520680579722,-25.38760441564248,-1.05111501621804,1.4615926611771284,0.06848004697043016,3.56585221574437,0.0009999999976400065,0.0010000000026329477,0.000999999998443877,0.0009999999963273877,0.0009999999930059992,0.0009999999933407316,0.00005794729201890543,0.000058001201037054865,1.3131682054799712,58.73876342558663,26.177060126551957,0.05274732588977929,0.00025338922425455766,0.0005212721431031702,0.00771512037051935,0.001897999999999845,0.0018979999999998397,0.001897999999999864,0.0010089799999999044,0.0010089799999999038,0.0010089799999999072,-0.16983128769778433,9.712251645444981,0.42041137150106256,-0.0018450296748033965,-0.000022616298614182902,-0.004787361721288054,-14.261063051223754,-22.333875904083254,-7.632750310897827,984.8450122070312,-0.05479326719534223,27.57600404928517
2025-03-01T17:01:40Z,40.17088519296925,-76.0757846525152,69.23713171068808,-11.824216863169564,-23.23785937426446,-0.9756774578643299,1.4730205998994406,0.06578151971766721,3.563269625636135,0.0009999999975661706,0.0010000000026385743,0.0009999999987480644,0.0009999999960592467,0.0009999999930549626,0.0009999999930498532,0.000058944887658458134,0.000059001245557259015,1.318242902070511,61.48210594950771,25.537374982918376,0.04786603913188593,0.00024030108913738614,0.0005308967272057254,0.007724992989685669,0.0018989999999998453,0.0018989999999998403,0.0018989999999998648,0.0010089899999999037,0.0010089899999999028,0.0010089899999999063,-0.1914288041071339,9.677608671821504,0.40274893779090687,0.0010463968838503913,-0.0031583882895750686,0.0007002402502735974,-14.044500541687011,-21.83456325531006,-7.078687772750855,984.8230712890625,-0.0899729660729427,26.90912905517292
2025-03-01T17:01:41Z,40.32682366861261,-76.04896191423359,74.07426611078422,-4.678211977337253,9.328519170731457,0.1047780716814536,1.5283650305739598,0.010175876563331578,3.5203024068281166,0.0009999999977316645,0.0010000000027582416,0.0009999999987609439,0.0009999999957684734,0.0009999999926644308,0.0009999999929296837,3.075870358067418e-10,3.0758708440355704e-10,0.7994335279532301,0.0044761492736123554,0.004475604170259541,0.02131822985277673,0.00014538085048651888,0.00017134892386422494,0.00735294995650435,0.0018999999999998447,0.0018999999999998387,0.001899999999999863,0.0010089999999999032,0.0010089999999999021,0.0010089999999999058,-0.13291905947250343,9.698993055372258,0.5664520035393719,-0.004277139480437774,-0.009880071090765056,0.0011029770020124132,-14.281875534057617,-21.771375885009764,-7.395375256538391,984.812646484375,-0.0649579260503469,27.067574502850285
2025-03-01T17:01:42Z,40.32684468139427,-76.04885199310178,74.0747088663708,-4.681397404322652,9.326870476169471,0.06984413905837765,1.5227017584339233,0.0034228021592725318,3.515919122283148,0.00099999999802796,0.0010000000031611521,0.0009999999990516401,0.0009999999959652943,0.0009999999926155005,0.0009999999929435066,1.0003075871817217e-6,1.0003075874138822e-6,0.837637767235877,0.02269248363942559,0.018678192886057297,0.020150642406938625,0.00015252957205046943,0.00018135240198779932,0.007355031652092945,0.0019009999999998449,0.0019009999999998388,0.0019009999999998633,0.0010090099999999023,0.0010090099999999014,0.0010090099999999053,-0.06660321945159794,9.767778244651579,0.4468167600243636,-0.005316778099395425,-0.004186677640952551,0.006615447573371557,-14.655375528335572,-20.827125759124755,-8.176125311851502,984.80580078125,-0.0031678932366156452,26.746878223322987
2025-03-01T17:01:43Z,40.32686521284467,-76.04874281202828,74.05712774878938,-4.665727919559926,9.207133475257654,-0.009078054257691846,1.5206887195607146,0.009082761569997426,3.5145809343828716,0.0009999999977728655,0.0010000000027909574,0.000999999999251258,0.0009999999957822077,0.0009999999922882974,0.0009999999931416621,2.0003075878835954e-6,2.0003075899560495e-6,0.8665092145528399,0.07421490159296253,0.05851584985069083,0.01914543316348351,0.00015960789998442905,0.00019123623278169912,0.007361058084419853,0.0019019999999998459,0.0019019999999998374,0.0019019999999998617,0.0010090199999999013,0.0010090199999999005,0.001009019999999904,-0.0355586347564816,9.723235159448683,0.36592562062754547,-0.0018537083886843728,-0.0008272555457157515,-0.0056866345120122576,-16.05881315231323,-21.811313457489014,-8.125125346183777,984.7825952148437,-0.05119018186257955,28.277794301703796
2025-03-01T17:01:44Z,40.32688473445391,-76.04863576126908,73.99585291972099,-4.6095636716758195,8.9640462740747,-0.083354488426335,1.5192035953735563,0.011603454206575688,3.5160785432698884,0.0009999999978586895,0.00100000000270508,0.000999999999081018,0.0009999999958261914,0.0009999999925582432,0.0009999999934679979,3.0003075889001782e-6,3.000307599671616e-6,0.8867536911517329,0.15935038113020278,0.12422215662505535,0.018336249646561387,0.0001667235073384832,0.00020100328401636736,0.007366751579240465,0.0019029999999998462,0.0019029999999998365,0.0019029999999998607,0.0010090299999999017,0.0010090299999999009,0.0010090299999999043,-0.0676799901419089,9.73001151783982,0.251562431976327,-0.001488691952489241,0.0016572620068804357,-0.0024457132705433655,-16.06800064086914,-21.20006332397461,-6.4867502617836,984.7700366210937,-0.0478474655033924,27.380622055253998
2025-03-01T17:01:45Z,40.326903759492374,-76.04853177533748,73.82050052630143,-4.593372602378714,8.700071098364244,-0.20572348909473212,1.5194793626478553,0.01496404902827683,3.5103131201977433,0.0009999999979295208,0.0010000000024210339,0.0009999999989815638,0.000999999995740352,0.0009999999924373384,0.0009999999932585905,4.000307582099938e-6,4.000307623898351e-6,0.8995836737788812,0.27991512015410047,0.21530462702531636,0.017577261491488565,0.00017365305308471166,0.00021097919939730596,0.007373198560417536,0.001903999999999845,0.0019039999999998353,0.0019039999999998596,0.001009039999999901,0.0010090399999999008,0.0010090399999999045,-0.051887359761975185,9.684069322583355,0.25275884007754434,0.000425351140450544,-0.0054796751000385675,-0.003636899575267901,-14.001188097000123,-20.485688343048096,-7.294125311374664,984.7992993164063,-0.09380933804332922,25.863068642140533
2025-03-01T17:01:46Z,40.32692160616541,-76.04843014160117,73.56622295763601,-4.601434956361758,8.547457641516187,-0.30414176950504995,1.514363546958676,0.0176966667795501,3.507893151323082,0.0009999999981857941,0.0010000000024064026,0.0009999999990810686,0.0009999999958978613,0.0009999999923380235,0.0009999999931586878,5.000307536078232e-6,5.0003076731363295e-6,0.9058824009597696,0.44051062497928123,0.3326617040506834,0.01673308819598962,0.00018079037477853208,0.00022083974743093227,0.007380114334701669,0.0019049999999998463,0.0019049999999998363,0.0019049999999998608,0.0010090499999999007,0.0010090499999999007,0.0010090499999999042,-0.09894882017545627,9.697659365291988,0.3854996967633653,-0.005128344156183921,-0.002319367664776976,-0.0028826652943591694,-13.963688077926635,-20.419500751495363,-7.530000324249268,984.8113842773438,-0.07547535686090778,25.858052161511406
2025-03-01T17:01:47Z,40.32693799721887,-76.04832697454631,73.27262067444235,-4.610222294155204,8.90157114879735,-0.3829131489320368,1.5111587687445962,0.016479433301169952,3.5087654265782557,0.0009999999983284053,0.0010000000021644839,0.0009999999988535811,0.0009999999961126352,0.0009999999920187914,0.0009999999934636784,6.000307371915208e-6,6.000307760549681e-6,0.9053452699847355,0.6543783639802033,0.47727001088148757,0.015426766816049244,0.00018822364367854203,0.00023058850703130078,0.007386702811583792,0.0019059999999998464,0.0019059999999998364,0.001905999999999861,0.001009059999999901,0.0010090599999999007,0.0010090599999999044,-0.2853869724137572,9.680559816993851,0.8908049946126094,-0.00345364031751674,0.000547524163128803,0.001178750900252852,-14.005688009262085,-20.787000751495363,-8.787187862396241,984.818408203125,-0.055691189706284235,26.56069759442219
2025-03-01T17:01:48Z,40.32694666940016,-76.04821767747303,72.94292608258415,-4.524380640329879,9.415240198904824,-0.5449388075722669,1.5099806080944336,0.012833917107451255,3.5113946013160247,0.000999999998343099,0.0010000000022069753,0.0009999999989669984,0.0009999999958876487,0.000999999992098204,0.0009999999934911445,7.000306930741874e-6,7.000307902383945e-6,0.8981672019090605,0.920891067369789,0.6489544675228572,0.014292273009359042,0.00019603249265184766,0.00024029388548553257,0.0073933214942222235,0.0019069999999998452,0.0019069999999998357,0.00190699999999986,0.0010090699999999002,0.0010090699999999002,0.0010090699999999037,-0.401385910742695,9.580411002110052,1.0010827448281825,-0.0017335386184850975,0.0018565438347525895,0.0036065212254598276,-14.9107506275177,-21.18600094795227,-6.608812766075134,984.8094775390625,-0.14046597881390907,26.73669384900594
2025-03-01T17:01:49Z,40.32694194406894,-76.04810173382761,72.55034241899013,-4.549182158401978,9.826783315251816,-0.6359334910781825,1.5114837999244701,0.014667521085737054,3.512676554297728,0.000999999998201102,0.0010000000025338826,0.0009999999985974312,0.0009999999958607677,0.0009999999922982567,0.0009999999934761725,8.000305933345244e-6,8.000308118715683e-6,0.8865703349792724,1.2369583182383719,0.851940667621047,0.013539755466022332,0.00020421124611184595,0.0002500799083428326,0.007401745783201994,0.0019079999999998458,0.0019079999999998358,0.0019079999999998601,0.001009079999999901,0.0010090799999999008,0.0010090799999999027,-0.24873691246741228,9.652842941917756,0.9305258522140257,0.0008020509143039625,0.0006696970581398199,-0.002007926671000051,-14.02725061416626,-20.91225079536438,-7.546500327587128,984.8182348632813,-0.08066448114964142,26.28750611058406
2025-03-01T17:01:50Z,40.32692166904795,-76.04797896836197,72.11456970230458,-4.700968964523749,10.402931059450701,-0.6891149442792268,1.5071914484204192,0.017094986799737262,3.507690137977923,0.000999999998087445,0.0010000000026758476,0.0009999999986261671,0.0009999999960174223,0.0009999999924336543,0.0009999999930036317,9.000303933057314e-6,9.00030843343546e-6,0.872408828871889,1.6180742003398088,1.088834115597338,0.012986119144734243,0.00021257489838813771,0.0002601385139998987,0.007410686273772646,0.0019089999999998468,0.0019089999999998366,0.0019089999999998611,0.001009089999999901,0.001009089999999901,0.0010090899999999035,-0.20734107265907195,9.675973581311553,1.1379835777396081,-0.004909534498945681,-0.005571304805053997,-0.0029954914627551023,-13.656938056945801,-21.578625831604004,-9.100875325202942,984.8505859375,-0.03664173023166869,27.110370981918727
2025-03-01T17:01:51Z,40.326858379548355,-76.04784933589008,71.71360117409827,-4.7284195234371635,10.60500462200871,-0.751467609570431,1.5117929374550676,0.017698749846419944,3.508279856678781,0.0009999999984427919,0.0010000000027036997,0.0009999999987117523,0.0009999999956073913,0.0009999999925483145,0.000999999992939668,0.000010000300264298564,0.000010000308875826313,0.8577773958292705,2.027526246464956,1.3617861696640592,0.012703312127044062,0.00022152761984130413,0.0002700142959017938,0.007419642491285516,0.0019099999999998474,0.0019099999999998376,0.0019099999999998621,0.0010090999999999009,0.0010090999999999009,0.0010090999999999046,-0.19532858191239313,9.684989145370059,0.7196711083450581,0.003754230468966798,-0.000296503970333349,-0.000899858394778935,-13.193438110351563,-22.14131330490112,-7.611187801361084,984.8402099609375,-0.06787833108758502,26.874374431652022
2025-03-01T17:01:52Z,40.32672446364236,-76.04771730619096,71.3584992899643,-4.733240344249291,10.280489142119857,-0.8137513614439883,1.5102577084271005,0.01989034868191955,3.50974050811648,0.0009999999981158219,0.001000000002887397,0.0009999999984566842,0.0009999999953406574,0.0009999999924640165,0.000999999992571184,0.00001100029400228124,0.000011000309479485565,0.8451239398101863,2.4468221246074573,1.6727278974595796,0.012550054025999874,0.0002307991241338837,0.00027987763541466684,0.007429294326536128,0.0019109999999998477,0.001910999999999838,0.0019109999999998627,0.0010091099999999008,0.0010091099999999008,0.0010091099999999043,-0.0306709993838593,9.711227869031111,0.1808545211429862,-0.0025271618918361756,0.0005067998549601448,-0.0025067999102973363,-14.36906310081482,-23.062688293457033,-7.0775628089904785,984.81326171875,-0.06853605311552845,28.079291219254937
2025-03-01T17:01:53Z,40.32652143665958,-76.04758875877687,70.99613562721905,-4.674794731737235,9.584580948884671,-0.8570545398895886,1.5103536418064096,0.007530119024605623,3.5104672517107818,0.0009999999983428785,0.0010000000025317372,0.0009999999987130791,0.0009999999954136652,0.000999999992620325,0.00099999999286429,0.000012000283941191423,0.000012000310280528791,0.8354906729695468,2.891211536717547,2.023862624994219,0.012640825408092415,0.00024007468268470267,0.00028977192156318457,0.007435926959665625,0.001911999999999848,0.0019119999999998385,0.001911999999999863,0.0010091199999998999,0.0010091199999998999,0.0010091199999999034,0.10083225877649302,9.749909164300751,-0.19140591992497252,-0.0009023617397141988,-0.001067595404014079,0.011948330593678223,-13.966125602722167,-21.870188388824463,-8.010562834739686,984.8242724609376,-0.02910756072160379,27.157395859647828
2025-03-01T17:01:54Z,40.326244758059175,-76.04746053969437,70.60266282977948,-4.739309958917805,9.772330137461044,-0.9421039663947293,1.5034574558701657,0.016393950087354944,3.5133055658367827,0.0009999999983561375,0.0010000000026740676,0.0009999999987839788,0.0009999999953724471,0.0009999999924638634,0.0009999999927733517,0.000013000268551077095,0.000013000311320220064,0.8275113146908156,3.446919649355392,2.4139972102018215,0.01245109973322013,0.00024963471578544924,0.0002995745030208712,0.007447506498182523,0.0019129999999998473,0.0019129999999998378,0.001912999999999862,0.0010091299999999003,0.0010091299999999003,0.0010091299999999037,-0.07900601657779951,9.648456151323964,0.6991797864304066,-0.00794349660118308,0.0024310237190287493,-0.009134682541174277,-14.454563112258912,-23.103938465118407,-8.605312838554383,984.8467944335938,-0.10735937964392134,28.57927325436194
2025-03-01T17:01:55Z,40.32584483789362,-76.04732410059023,70.20208505504246,-4.741667906490315,10.24050376287653,-1.0326003436379274,1.5046416777976477,0.025671354490986373,3.5099877247679654,0.0009999999984543718,0.0010000000029714144,0.0009999999991523315,0.0009999999954035997,0.0009999999923652578,0.0009999999929594812,0.000014000245898430068,0.000014000312646210887,0.819530996422597,4.080282605766022,2.8466871919181065,0.012228205109730342,0.0002590819939088434,0.0003096287807594909,0.007459295208552192,0.001913999999999848,0.001913999999999838,0.0019139999999998624,0.0010091399999999,0.0010091399999999,0.0010091399999999037,-0.315297248902639,9.615514937080253,0.9472357349569341,0.00017917004724555445,-0.003651253030122364,-0.010012758865840526,-13.840688037872315,-20.893500814437868,-7.350937788486481,984.8399536132813,-0.11428965689926833,26.1177457406011
2025-03-01T17:01:56Z,40.32531277412998,-76.04717403775466,69.7706795992158,-4.864314971108216,11.541105676388627,-1.1198493959128824,1.5050522316126373,0.02672653945514266,3.510407249766492,0.0009999999985663788,0.0010000000031677486,0.00099999999927784,0.0009999999957456388,0.0009999999926281677,0.0009999999931054112,0.000015000213539285306,0.000015000314316316054,0.8106903715812631,4.86048154887329,3.3259537001255346,0.012280620326330965,0.0002687666701668248,0.0003195396742063853,0.007469406120481272,0.0019149999999998463,0.0019149999999998365,0.001914999999999861,0.0010091499999998993,0.0010091499999998993,0.0010091499999999027,-0.5474657764316759,9.55471756987978,1.7619611140400342,-0.0005622133373031277,-0.0003891352012774564,-0.001559959485683258,-13.600688076019287,-22.936500911712645,-8.286187839508056,984.849462890625,-0.05041011310812333,27.92346413708097
2025-03-01T17:01:57Z,40.32468464199292,-76.04700862566936,69.27528290918957,-4.969899733239526,12.973602761625763,-1.1476226778207996,1.5047108571498786,0.02690797872219491,3.510235711340118,0.0009999999984943062,0.0010000000029807797,0.0009999999991624454,0.0009999999961406167,0.0009999999926833883,0.000999999993299463,0.000016000168388476552,0.000016000316402069705,0.8015595466323088,5.761257841528866,3.859624900586673,0.013279836807151203,0.0002786321831292446,0.0003294914176509094,0.007479405443133215,0.0019159999999998456,0.0019159999999998354,0.00191599999999986,0.0010091599999998984,0.0010091599999998986,0.0010091599999999023,-0.6260052762513925,9.602553835547775,1.9234674940911203,-0.0008880081224241957,-0.0008371029955656815,-0.0006233002989835398,-13.649063091278077,-22.583813285827638,-8.7802503156662,984.9063232421875,0.031483549916684096,27.810348851766673
2025-03-01T17:01:58Z,40.32397262764921,-76.04682937436445,68.7093987941192,-5.064099228174972,14.572854374522514,-1.2151451779845845,1.502289330946755,0.023352742384718742,3.5126070574479367,0.0009999999983666798,0.0010000000027810024,0.0009999999991901697,0.0009999999961366785,0.000999999992355633,0.0009999999931982562,0.000017000106690412334,0.00001700031898463642,0.7949955568303061,6.801344073574565,4.444688366137844,0.015667685574097288,0.0002886462381096932,0.00033935840694241764,0.007488657709381555,0.0019169999999998444,0.0019169999999998346,0.0019169999999998591,0.0010091699999998979,0.0010091699999998979,0.0010091699999999013,-0.6976644297796893,9.544832461995131,2.157129896297667,-0.002424517083849602,0.0016662745433512214,0.0034462946902208396,-17.916375732421876,-23.657250995635987,-6.551625259034336,984.9830541992187,0.028400211813993926,30.39050404567973
2025-03-01T17:01:59Z,40.32315384252143,-76.04663552479622,68.07753882613487,-5.245299002492053,16.72361699859991,-1.2750052255655056,1.4984964528316906,0.02707767955260631,3.5126901431170245,0.0009999999983252687,0.001000000002766092,0.0009999999995583223,0.0009999999962753813,0.0009999999921927246,0.0009999999928992363,0.00001800002409319487,0.00001800032214979013,0.795748682159586,8.090699207699254,5.080941804772885,0.021277669351755676,0.0002983537434525442,0.00034932509743779844,0.007499521308878985,0.0019179999999998426,0.0019179999999998354,0.0019179999999998597,0.001009179999999897,0.001009179999999897,0.0010091799999999004,-0.8454271149718322,9.491845884956122,2.8423512628086556,-0.00289368069406455,0.00009955672560778934,-0.0037387103317973016,-24.936563539505006,-25.707188568115235,-3.130687628984451,985.0575512695312,0.1620462936137304,35.951206952932374
2025-03-01T17:02:00Z,40.3222713010337,-76.04643067080275,67.38772909128679,-5.415178400816608,18.589032129849905,-1.2847797147750826,1.496275908207269,0.02616622503973795,3.512360734813983,0.000999999998242062,0.0010000000025955798,0.0009999999993303796,0.0009999999964985567,0.0009999999919167966,0.0009999999933455361,0.000018999916309632448,0.00001900032596519227,0.8112161386318478,9.51828589096828,5.7547919266071625,0.028615294590870134,0.0003067677181249977,0.0003592661427312574,0.0075092979007822394,0.0019189999999998436,0.0019189999999998351,0.0019189999999998596,0.0010091899999998973,0.0010091899999998973,0.0010091899999999008,-0.8025955895680187,9.536751776270368,2.748941597219815,-0.0003115255064261339,-0.0004066600410773443,0.0011430339466137276,-22.246125993728636,-25.042875957489013,-4.853812687397003,985.159501953125,0.1749742367820038,33.84659216928784
2025-03-01T17:02:01Z,40.32106955095478,-76.04622916629066,66.83485564867891,-5.488808590453833,19.73729585825032,-1.2917512371284838,1.4910320248146156,0.026598418616123127,3.511892066034653,0.000999999998570391,0.0010000000027915424,0.000999999999499707,0.0009999999967496638,0.000999999991636685,0.000999999993203829,0.000019999780624363794,0.00002000033044500619,0.8463726989389793,10.980302864992897,6.427242245244317,0.035137088941369646,0.0003127671189876231,0.00036909415416017533,0.00751925338809548,0.0019199999999998426,0.0019199999999998352,0.00191999999999986,0.0010091999999998964,0.0010091999999998964,0.0010091999999999,-0.6835925352189496,9.537429117200164,2.347276271423374,-0.001529415912888117,-0.00016515153082620959,0.00023191076356003214,-14.575688066482543,-21.146813201904298,-7.838437833786011,985.1508276367188,0.0631952764322053,26.85287244506975
2025-03-01T17:02:02Z,40.3195221197462,-76.04605055650379,66.47345695953166,-5.505513321247472,20.35503181590723,-1.2515737857546665,1.4873609333848576,0.0296932407345939,3.5115217299214,0.000999999998783425,0.0010000000030138288,0.0009999999991872378,0.000999999996729177,0.00099999999171963,0.000999999992967166,0.000020999617501816973,0.000021000335530287167,0.9004451568019906,12.526550229584554,7.055247349441065,0.04095003164180622,0.00031524840978315626,0.00037871918743983396,0.007529602163489126,0.0019209999999998432,0.0019209999999998345,0.0019209999999998592,0.0010092099999998952,0.001009209999999897,0.0010092099999999007,-0.6391259173140534,9.549153923031875,2.244464650790397,0.002308850727966075,0.000516980936741887,-0.0018450295358921056,-15.300000553131104,-23.80612590789795,-8.506125326156615,985.1220629882813,0.0475140074161145,29.549497462020806
2025-03-01T17:02:03Z,40.31765695992651,-76.04591308310825,66.36716563325359,-5.405258906183199,20.083655981846828,-1.1610934254351837,1.4752682366001457,0.033083720926159195,3.509557878134093,0.0009999999986696228,0.0010000000032481951,0.000999999998836571,0.000999999996666563,0.0009999999915959532,0.000999999992909521,0.000021999431399877488,0.00002200034109517017,0.9664251680881782,14.049205833706571,7.591645294980261,0.04349148079108221,0.00031354273573219716,0.0003881785161112408,0.00753974639191999,0.0019219999999998433,0.0019219999999998333,0.0019219999999998576,0.0010092199999998947,0.0010092199999998976,0.001009219999999901,-0.5480541752251982,9.583274620303282,1.8761889815573143,-0.00368630296634306,-0.0006169577553780611,-0.0016709497992890001,-14.551313066482544,-19.04062578201294,-6.09262523651123,985.0753198242187,-0.002061628246148546,24.726578840337563
2025-03-01T17:02:04Z,40.31567421976103,-76.04581921893978,66.47355330832399,-5.2749412421769035,19.70800398561073,-1.0480238127558963,1.4667096662890207,0.034808975244343454,3.5076845123910974,0.0009999999986563502,0.0010000000036245206,0.0009999999989140091,0.0009999999967195744,0.0009999999915345408,0.0009999999926621889,0.00002299923010495777,0.00002300034697769667,1.0356740571306977,15.749529202299687,8.002274184343603,0.04637522564525863,0.0003078685345474165,0.00039740689616210193,0.0075493107518233805,0.0019229999999998424,0.0019229999999998326,0.0019229999999998558,0.001009229999999894,0.0010092299999998966,0.0010092299999999003,-0.6333432616876173,9.53543511136048,2.1936171601625,0.0013721914441907647,-0.0003789540560946883,0.00039480789396601564,-14.735063095092773,-21.187125816345215,-10.023187885284424,985.0550830078125,0.022388480065138723,27.685336462314268
2025-03-01T17:02:05Z,40.31375467514108,-76.04576094549017,66.7398460620152,-5.089180353811686,18.649544099234912,-0.8952865982474127,1.4548954938424814,0.03757642664464257,3.505315916837113,0.0009999999982189499,0.001000000003393486,0.0009999999991308478,0.0009999999969019866,0.0009999999918669038,0.0009999999928026768,0.000023999022665777138,0.00002400035303287561,1.0989270652777825,17.376810190919258,8.277847730848519,0.04513427423114092,0.00029916468679625483,0.0004064986827711391,0.007558947901798602,0.001923999999999842,0.0019239999999998323,0.0019239999999998568,0.0010092399999998929,0.0010092399999998964,0.0010092399999999,-0.49839329357970436,9.60465313745355,1.8010700450814272,-0.0014331130677183415,-0.0006269718810927752,-0.0005693904274339627,-16.1536882019043,-23.32931324005127,-8.235000338554382,985.0545458984375,0.002298561121999683,29.546754717539283
2025-03-01T17:02:06Z,40.312025380963355,-76.04572554806202,67.08865716998659,-4.882855760075694,17.35305659299667,-0.7667397296908531,1.444492689724629,0.040209982929156375,3.5027598833211204,0.0009999999978267196,0.0010000000031689217,0.0009999999992310199,0.000999999997057092,0.000999999992088694,0.0009999999924994536,0.000024998816109975846,0.000025000359201256092,1.1456048127700909,18.995429526418132,8.43407013235478,0.04181400759464079,0.00028897994098092965,0.0004155481230823596,0.007568490374849619,0.0019249999999998433,0.0019249999999998333,0.001924999999999858,0.0010092499999998926,0.001009249999999896,0.0010092499999999,-0.4546392904800247,9.606342465715192,1.6571463317085058,-0.0006233000381777817,-0.0008371026906693891,-0.0006131189415668401,-14.57775058746338,-21.421313285827637,-6.408187756538391,985.0688989257812,-0.023489871664537233,26.691677013179955
2025-03-01T17:02:07Z,40.31049238651091,-76.04570537532919,67.46119239784547,-4.663720517094652,15.555266066397973,-0.6655688924884141,1.4355896432823396,0.042391439076422,3.5006264930722493,0.0009999999977745122,0.0010000000027774428,0.0009999999992022298,0.0009999999969863562,0.0009999999918355975,0.0009999999922013707,0.00002599861291864654,0.000026000365540581052,1.1688686581044794,20.459515279646407,8.514549497475489,0.03555730950272306,0.000279081029511076,0.00042462638317579773,0.007577951464469079,0.001925999999999842,0.0019259999999998345,0.001925999999999859,0.0010092599999998921,0.0010092599999998958,0.0010092599999998993,-0.2860250569150471,9.671227795915614,1.1621510843840979,-0.00020587576194906342,-0.0005520324723669824,-0.00039931625584577017,-14.577938070297241,-21.27768831253052,-5.918437714576721,985.07857421875,-0.037102989058348745,26.462832483617497
2025-03-01T17:02:08Z,40.3091218021745,-76.04569601333463,67.79321794052802,-4.42979783850292,13.578196871987227,-0.6301793702628506,1.4277919296528465,0.04449940306067044,3.498324412799812,0.0009999999980315809,0.0010000000027701713,0.0009999999993433194,0.000999999997101131,0.000999999991691818,0.0009999999919074415,0.000026998410039896105,0.000027000372212681215,1.1664496569957632,21.85862499091232,8.569907717501735,0.029001151592272217,0.00027090175481977124,0.00043387482984716635,0.0075874354281134935,0.0019269999999998427,0.0019269999999998331,0.0019269999999998579,0.0010092699999998912,0.001009269999999895,0.0010092699999998986,-0.21662862389910648,9.675339399616403,0.8974460615728883,-0.0003415679239597185,-0.0008272554666894927,-0.0006995747309117542,-14.082750587463378,-21.027375793457033,-5.846437706947326,985.0861352539063,-0.06258870348475204,25.974075159759963
2025-03-01T17:02:09Z,40.307883517195215,-76.04569159919973,68.02039558359995,-4.2114857358079725,11.73226083828947,-0.6292425736700529,1.4209753850925075,0.046492418901246106,3.496021737002328,0.0009999999979879999,0.001000000002308108,0.000999999999483403,0.0009999999968615895,0.0009999999917121546,0.0009999999918505835,0.000027998200388800563,0.000028000379415958866,1.1436270835886373,23.304594415521237,8.648922357605981,0.023760191789660615,0.0002652581412784317,0.00044332896965022925,0.007596954979278976,0.001927999999999842,0.001927999999999832,0.0019279999999998567,0.0010092799999998903,0.001009279999999894,0.0010092799999998974,-0.22026231615358938,9.67262364132922,0.8953513632621974,-0.0006640244431055126,-0.0009490945929195631,-0.00095927571208279,-13.74243805885315,-20.994938220977783,-5.613562741279602,985.1030590820312,-0.06519084050339548,25.71286638468645
2025-03-01T17:02:10Z,40.3066847746414,-76.04569470271589,68.15902542210574,-4.011306805844174,9.989495319197653,-0.6382946417521878,1.4148724301703899,0.04829630725079795,3.4937863198430827,0.0009999999981149003,0.0010000000023989142,0.0009999999994816126,0.0009999999969060663,0.0009999999920871571,0.0009999999916511751,0.00002899797437094944,0.00002900038733992915,1.1079324945801623,24.812683348850133,8.784865559735687,0.01983425517888745,0.0002623738814631601,0.00045297978006057397,0.007606490122124926,0.0019289999999998403,0.0019289999999998304,0.001928999999999855,0.001009289999999891,0.0010092899999998945,0.0010092899999998984,-0.2179623284534752,9.682753169948583,0.9164709662067388,-0.0009123759713839108,-0.0009574398017554907,-0.0010600850807506968,-13.892063055038452,-21.07818822860718,-5.735062689781189,985.1104638671875,-0.05299194265080112,25.887598141719238
2025-03-01T17:02:11Z,40.30537982087979,-76.04571436971578,68.26246458850213,-3.791019479671508,8.236017791622084,-0.6685412933770716,1.4095000551176338,0.05005674454432831,3.4918477952852256,0.0009999999982988417,0.0010000000026997504,0.0009999999997636882,0.0009999999970761722,0.0009999999922978347,0.0009999999912477804,0.00002999772017863279,0.00003000039616168327,1.0653579369830941,26.37475094847225,8.996587450747901,0.01701222593141956,0.00026218144168353393,0.0004627684431967315,0.007616056469119387,0.0019299999999998387,0.0019299999999998288,0.0019299999999998535,0.0010092999999998912,0.001009299999999895,0.0010092999999998993,-0.2204617146452043,9.676093203860109,0.9044440885787426,-0.0006742054987997545,-0.000613118968985029,-0.0011730783623197785,-14.185688095092774,-21.22481315612793,-5.672625203132629,985.0897094726563,-0.060490335578493364,26.15152860944811
2025-03-01T17:02:12Z,40.303880474392145,-76.0457521141977,68.34048612660916,-3.5451110517115745,6.469323901307843,-0.7032106984786916,1.4036742932607325,0.051344837044250836,3.489586084512113,0.0009999999984537575,0.0010000000028281106,0.0009999999995625784,0.0009999999970178655,0.0009999999923378609,0.0009999999915445749,0.00003099742349228497,0.00003100040604694476,1.0202900439958995,28.001846811934293,9.299681670375868,0.015175979360954587,0.00026436946712313393,0.00047271353109597616,0.007625562184454761,0.001930999999999838,0.001930999999999828,0.0019309999999998528,0.0010093099999998918,0.0010093099999998953,0.0010093099999998996,-0.2210200421252971,9.67988181813288,0.9121410002710799,-0.0014831840606561982,-0.0008973547184507249,-0.0009599432777192852,-14.340563087463378,-21.21525079727173,-5.84437520980835,985.0591333007812,-0.05578674048468412,26.265807767919608
2025-03-01T17:02:13Z,40.3022197430006,-76.04579842667523,68.34542055453039,-3.280567446214448,4.755217876615132,-0.7503906415149183,1.3991388375633025,0.05284928929706405,3.4878053289163837,0.0009999999985789137,0.0010000000024882976,0.0009999999993630737,0.0009999999971731666,0.000999999992279079,0.0009999999916501302,0.0000319970670001345,0.00003200041715705603,0.9759691145300786,29.693600611773483,9.703803884139697,0.014187297002252377,0.000268743280225831,0.00048268762015773195,0.0076351376974233545,0.0019319999999998394,0.0019319999999998282,0.0019319999999998529,0.0010093199999998918,0.0010093199999998952,0.0010093199999998987,-0.22157117420842173,9.67879135669363,0.9132151631297124,-0.0008472838744308073,-0.00031786759708185086,-0.0013563377640328548,-14.253938045501709,-21.17887575149536,-5.937375245094299,985.055,-0.05656481750895585,26.210098788165414
2025-03-01T17:02:14Z,40.300307009228256,-76.0458528565237,68.28911997198388,-2.9887249960257156,3.08358650071367,-0.8069919559485055,1.394893949643742,0.05351002268866193,3.4853319484017513,0.0009999999987038597,0.0010000000022072622,0.0009999999995046844,0.0009999999969727042,0.0009999999926106513,0.0009999999917023829,0.00003299662987194577,0.000033000429647003273,0.9348040496562415,31.452047188228434,10.21649423767871,0.013956022299429282,0.00027485399455094505,0.0004927474933597112,0.0076445765602193485,0.00193299999999984,0.0019329999999998287,0.0019329999999998535,0.0010093299999998921,0.0010093299999998956,0.0010093299999998995,-0.21563619153804528,9.677848028180495,0.9097481797542584,-0.0010814486358878583,-0.0010203621651757354,-0.0009185514630449238,-13.746000547409057,-20.931938381195067,-5.707500190734863,985.0470678710938,-0.05777391268095531,25.6840711993536
2025-03-01T17:02:15Z,40.297950013223726,-76.04591642625984,68.21190388543089,-2.624075429140968,1.4275394542596982,-0.8710337538514462,1.3908904559968607,0.053885561442137124,3.4830780600365414,0.0009999999985735504,0.001000000002480137,0.0009999999997580592,0.0009999999970270775,0.0009999999926566833,0.0009999999921067127,0.00003399608746790871,0.000034000443659534776,0.8987178972675225,33.27738705243928,10.84112525667451,0.01440810806420711,0.000282514068215467,0.0005027146008037113,0.007653997516272396,0.0019339999999998406,0.0019339999999998271,0.001933999999999854,0.001009339999999893,0.0010093399999998947,0.0010093399999998999,-0.2205120576572941,9.674358709739604,0.8958377670308673,-0.001322957296135763,-0.0006169577925295925,-0.0009198866629304337,-13.990875616073609,-20.99418830871582,-5.640187687873841,985.0155249023437,-0.06224411392821109,25.851685106851313
2025-03-01T17:02:16Z,40.295063611256154,-76.04598070755225,68.11493133958503,-2.187843700925889,-0.1392347586077387,-0.9278640637450495,1.3875616391447716,0.0540104623395134,3.480546809704766,0.0009999999984585282,0.001000000002255427,0.0010000000000655702,0.0009999999971229971,0.0009999999926813435,0.0009999999919914826,0.000034995411809088165,0.00003500045931437244,0.8694310554731077,35.18299298778356,11.579599174620709,0.015471789631403068,0.00029133921924449365,0.0005125536121457572,0.007663397370123176,0.001934999999999841,0.0019349999999998273,0.0019349999999998529,0.0010093499999998925,0.001009349999999895,0.0010093499999998985,-0.22369202728690735,9.678805040357016,0.9094690104725396,-0.0012850702718186758,-0.00066402432782397,-0.0011221729770997926,-15.93693808555603,-21.886500740051268,-4.729875184297562,984.98568359375,-0.05630485600769144,27.484064936752972
2025-03-01T17:02:17Z,40.29203812387857,-76.04602844259361,67.88661780028555,-1.742140289584362,-1.4932469062615679,-0.9913521972299504,1.3854687235847936,0.05398585707828389,3.4778089546932076,0.000999999998386723,0.0010000000023852118,0.0009999999999478252,0.0009999999968395563,0.0009999999929559153,0.0009999999918268452,0.00003599457319335409,0.00003600047668446898,0.8485012203848449,37.16832363425051,12.425690110296014,0.017080385578592542,0.0003009223512728756,0.0005221861427120964,0.007672767854849308,0.0019359999999998417,0.0019359999999998285,0.001935999999999853,0.0010093599999998924,0.0010093599999998959,0.0010093599999998993,-0.22416013296270704,9.67773226228082,0.9143919532650151,-0.0010425602794008168,-0.0008873404905939091,-0.0013605103250051843,-14.411250524520874,-21.081000785827637,-5.934187698364258,985.0404736328124,-0.056749592585824196,26.216495663133404
2025-03-01T17:02:18Z,40.28855820369521,-76.04605731254023,67.60612386907691,-1.2454583754029418,-2.6702111541345634,-1.0576642401841505,1.3846022385532692,0.05322450801709133,3.4750772362921523,0.0009999999985138084,0.001000000002330181,0.0010000000000850542,0.0009999999969096953,0.0009999999929941846,0.0009999999918616494,0.00003699354297523981,0.00003700049577178138,0.8372358971677927,39.23057414015927,13.365093026519684,0.019194433144897594,0.0003108286993516,0.0005314699874874061,0.007682054376478031,0.0019369999999998414,0.001936999999999828,0.0019369999999998525,0.0010093699999998915,0.0010093699999998952,0.0010093699999998988,-0.2143201373414457,9.674617663063207,0.8996185630957807,-0.0007454730376603546,-0.000826921570142937,-0.0010712675339068687,-14.344875574111938,-21.099375648498537,-6.090750246047974,985.0573168945313,-0.06131972353851647,26.2307771633466
2025-03-01T17:02:19Z,40.284233746512314,-76.04605402396572,67.3605278228474,-0.6380134451939218,-3.59333890466767,-1.1060573700672385,1.3845248275806783,0.05142938256247815,3.4717975537696666,0.0009999999986819894,0.001000000002304736,0.0010000000001058594,0.0009999999970611618,0.0009999999932145255,0.000999999991917339,0.00003799229828090604,0.00003800051647573687,0.8366017197664588,41.38499718132528,14.373742127982947,0.02163010183592979,0.00032048195301629794,0.0005403421742379721,0.007691246070814483,0.0019379999999998415,0.0019379999999998268,0.0019379999999998515,0.0010093799999998923,0.001009379999999896,0.0010093799999998996,-0.21735104849165074,9.676731307345285,0.9080333233276152,-0.0010610865175399368,-0.0011628972672706496,-0.0007861973403982543,-13.64081307411194,-20.69400068283081,-5.5903126955032345,985.0274755859375,-0.05826402184363686,25.407921003420906
2025-03-01T17:02:20Z,40.27930121703982,-76.04600508543612,67.12643314600102,0.04458962991071269,-4.183317753516366,-1.1315638824450693,1.385721615838248,0.04939040861441167,3.4689083252959065,0.0009999999986645086,0.001000000002193929,0.0010000000002411244,0.0009999999968594109,0.0009999999930319586,0.0009999999916272997,0.000038990828260427906,0.00003900053857022579,0.846880152981164,43.63915895646483,15.415863421336681,0.024204386700886208,0.000329394188830697,0.0005486441856518288,0.007700487233632709,0.0019389999999998408,0.001938999999999826,0.0019389999999998508,0.0010093899999998929,0.0010093899999998966,0.0010093899999999,-0.22066896444183012,9.68447922665725,0.9189814630335391,-0.0010826169587539929,-0.0005969293655180797,-0.0010400567378894504,-14.253750581741333,-21.07125072479248,-5.729625215530396,985.0308374023438,-0.04938430920017336,26.07667459389255
2025-03-01T17:02:21Z,40.2736819205566,-76.04589460941997,66.94510486042195,0.8113462830737171,-4.388021249605977,-1.1523591600293324,1.3889575564850944,0.0468556429261635,3.4656781676130213,0.0009999999986190973,0.0010000000019148294,0.0010000000002616343,0.0009999999967018848,0.000999999992929841,0.00099999999185679,0.000039989139967085014,0.00004000056170109417,0.8674256078107396,45.98879243207792,16.442042388736304,0.026768240206163557,0.000336892738526833,0.0005564139309802576,0.007709758898668317,0.001939999999999842,0.001939999999999827,0.0019399999999998496,0.0010093999999998924,0.0010093999999998958,0.0010093999999998995,-0.22281465902309802,9.67254386647323,0.9045637309946192,-0.0004705839199137292,-0.000786197312464742,-0.0012341648198678596,-14.369813089370728,-21.22837574005127,-5.977125225067138,985.0202026367188,-0.06254448993706695,26.3222112646376
2025-03-01T17:02:22Z,40.26758024652802,-76.04571472129656,66.81703942503118,1.6193696998603424,-4.15895230665736,-1.1458679591195633,1.3929748348211841,0.04351279294530107,3.462386586848015,0.0009999999987863883,0.0010000000021463203,0.0010000000000720182,0.000999999996561394,0.0009999999929438512,0.0009999999919508376,0.000040987262420289796,0.000041000585416303955,0.8965056937519955,48.45477882287245,17.403474027207334,0.02901912085190489,0.0003424654309548152,0.0005636642800657597,0.007719034282475077,0.0019409999999998424,0.0019409999999998255,0.0019409999999998487,0.001009409999999892,0.0010094099999998956,0.001009409999999899,-0.22251261506097655,9.679065936727643,0.9151764852333579,-0.0010826170018119012,-0.0008973546320097968,-0.0009499290634470915,-14.564625568389893,-21.255375747680663,-6.002437710762024,985.0208447265625,-0.05509180250190025,26.456490246921092
2025-03-01T17:02:23Z,40.261077088166815,-76.0454569217046,66.77641411360186,2.4518948396768803,-3.487149255522453,-1.1180886868614373,1.3980990517723717,0.039564984608255103,3.4591155944790093,0.000999999999177766,0.0010000000019221643,0.001000000000252907,0.0009999999967613455,0.0009999999929797279,0.0009999999916090047,0.00004198524626239601,0.000042000609229946816,0.9313127445731119,51.040842905734365,18.24999398423218,0.030791673440060046,0.0003457832397740346,0.0005704926322648042,0.007728366578485286,0.0019419999999998438,0.001941999999999824,0.0019419999999998486,0.001009419999999892,0.0010094199999998946,0.001009419999999898,-0.21691236330447428,9.680360419589121,0.9148129890759066,-0.0013359756633343524,-0.0009592755540182679,-0.0007760161948613276,-14.261625537872314,-21.066188220977782,-5.992687735557556,985.0119506835938,-0.05403855818097355,26.135950143511867
2025-03-01T17:02:24Z,40.254540880200736,-76.04513097301913,66.79984398976538,3.2641672710295193,-2.495044130952067,-1.0799362202861988,1.4055378493301145,0.03567530937566144,3.4557931666296478,0.0009999999991564645,0.0010000000018400709,0.0010000000002509419,0.000999999996409248,0.0009999999929256199,0.0009999999916956576,0.000042983157221369284,0.000043000632696705196,0.9686488702742828,53.74186779048967,18.941821460615483,0.03216474953119676,0.00034671926042834447,0.0005770894716878458,0.007737838559706413,0.0019429999999998444,0.0019429999999998244,0.0019429999999998491,0.0010094299999998911,0.0010094299999998946,0.0010094299999998983,-0.20319351419863954,9.68634246889558,0.8557102650798811,0.000018107901316044648,-0.001173078362678218,-0.0009898188886685098,-14.232375631332397,-20.95706331253052,-5.612812690734863,985.0198486328125,-0.053868747790298495,25.947254941201408
2025-03-01T17:02:25Z,40.24824031901519,-76.0447509383476,66.84509976968666,4.016558303310148,-2.103101734380477,-1.083940793028227,1.4219741172794673,0.029146020490323336,3.453189488412885,0.0009999999989122202,0.0010000000019402282,0.001000000000421222,0.0009999999964289477,0.0009999999926972056,0.0009999999918596622,0.00004398106719084244,0.00004400065526095503,1.0106784350957858,56.34236275994116,19.43067620639753,0.03739524110222068,0.00034507131453220515,0.0005834899649167565,0.007746999336675827,0.0019439999999998454,0.0019439999999998256,0.001943999999999848,0.001009439999999892,0.0010094399999998954,0.001009439999999899,0.08780902436401955,9.780388220238018,-0.06458632233904454,0.008310680756226107,-0.0011677375415983676,0.0017839409453690425,-13.153313055038453,-21.26775074005127,-5.556562724113465,985.0396337890625,0.000893418384734923,25.616394027463716
2025-03-01T17:02:26Z,40.241907871948534,-76.0442930816411,66.91823293157438,4.709596870920172,-2.7182938507722083,-1.2045303009085278,1.4312478435846472,0.023869042757775977,3.449283344219604,0.0009999999986708002,0.0010000000021805522,0.0010000000000512964,0.0009999999963893362,0.0009999999929584857,0.0009999999917381537,0.000044979064384312766,0.000045000675840653484,1.0695966915625827,58.753397708486965,19.624523878337772,0.05109613441647747,0.0003396783372915122,0.0005899741329008138,0.007756514663492632,0.0019449999999998464,0.0019449999999998266,0.0019449999999998464,0.0010094499999998925,0.0010094499999998962,0.0010094499999998997,0.5726393468465358,9.834697444278047,-1.5414593308770896,-0.00020587584135645098,-0.002415170098065419,0.00014028092104223272,-12.987000579833984,-20.929875755310057,-5.091937689781189,985.02197265625,0.19118780298806845,25.152477967480174
2025-03-01T17:02:27Z,40.2361873106238,-76.04379210653208,66.95697051051759,5.293667607352042,-2.249089290021714,-1.2017565951386169,1.4387920736985707,0.021751475693752718,3.4433362926624764,0.0009999999985198156,0.0010000000021180026,0.0010000000000586595,0.000999999996647421,0.0009999999930070031,0.000999999992022659,0.00004597726108477947,0.00004600069336927921,1.145420639248103,61.57581881070958,19.483814927978553,0.059042014385680075,0.00032956582116110285,0.0005968294807555255,0.007766648066839926,0.001945999999999847,0.0019459999999998248,0.001945999999999847,0.001009459999999892,0.0010094599999998957,0.0010094599999998992,0.3174023173081194,9.799413100443676,-0.7962801006251207,-0.0026248002481041102,-0.004402316679083253,-0.0030929628520740262,-12.053625507354736,-21.44062587738037,-8.626500344276428,985.0517578125,0.05674613215570788,26.065382721582107
2025-03-01T17:02:28Z,40.23108758600054,-76.04324338770479,67.06963984186983,5.690242001412936,-1.5793144859921835,-1.167467154369234,1.4478393220482988,0.022247750414189384,3.4345386667900937,0.0009999999985676772,0.0010000000022541437,0.001000000000009132,0.0009999999965769162,0.0009999999929137275,0.0009999999924349319,0.00004697575712410782,0.000047000707570043204,1.224416564254579,64.58373623662918,19.0004801154279,0.06531071527079167,0.0003149081036306765,0.0006045142223781,0.0077772924412684965,0.0019469999999998453,0.0019469999999998258,0.0019469999999998453,0.0010094699999998909,0.001009469999999896,0.0010094699999998995,0.37678681408141057,9.800121203102536,-0.8533633122444739,-0.0017228567784421081,-0.007322450447664275,-0.005825831680769146,-13.643625564575196,-22.26393829345703,-5.4528751993179325,985.0592602539062,0.06425564711263829,26.67513064901974
2025-03-01T17:02:29Z,40.22679251041269,-76.04267358665776,67.26947812452391,5.926751219149015,-0.2832901172967133,-1.0723374067756928,1.4584671893169576,0.023343636956528198,3.4252480300954464,0.0009999999985864975,0.0010000000022755808,0.0009999999999610776,0.0009999999965079186,0.0009999999929486021,0.0009999999921186213,0.00004797460248230449,0.000048000718993731585,1.2939843524473624,67.8570650831501,18.249072975001077,0.06525317109786909,0.0002974866840333524,0.0006128627886339868,0.007788046080158558,0.001947999999999845,0.001947999999999825,0.001947999999999845,0.0010094799999998917,0.0010094799999998962,0.0010094799999998995,0.2265175536143326,9.773201917646062,-0.36666318003461673,-0.00015129849254258995,-0.008217717655245236,-0.006027116803124141,-12.992250471115112,-22.011188316345216,-7.39968777179718,985.064287109375,0.0023933715003677638,26.609089606767444
2025-03-01T17:02:30Z,40.22332193303517,-76.04210600699683,67.5648956305846,6.198367859837296,0.9232969239437843,-0.9519055358333057,1.4736789880795635,0.020739860646610375,3.4248806838321744,0.0009999999984489968,0.0010000000021706148,0.000999999999672697,0.0009999999966235106,0.0009999999932434882,0.0009999999920510924,0.00004897378358288418,0.00004900072878878463,1.3444097510807833,71.29397052239412,17.33541447118819,0.0636419678072099,0.0002811326972266054,0.0006200231276186565,0.007798217153124957,0.0019489999999998452,0.0019489999999998257,0.0019489999999998452,0.001009489999999892,0.0010094899999998955,0.0010094899999998992,0.09008416262208839,9.798236407043182,-0.518163506460902,0.004721766549783066,-0.00016515152506711846,-0.0008472837962869115,-12.423000440597534,-21.272250881195067,-6.966937770843506,985.0591772460938,0.03189941847390153,25.600297059333624
2025-03-01T17:02:31Z,40.22065508743467,-76.04156942158014,67.8925249891503,6.3642267420404846,2.1951057030374073,-0.8772796744091284,1.4774908059435794,0.0149875325552607,3.4278838115011814,0.0009999999984532568,0.001000000002237476,0.0009999999995268878,0.000999999996625059,0.0009999999928559586,0.0009999999917092545,0.00004997324435846661,0.000050000738179672305,1.3734022959678214,74.8938942290829,16.370821123914446,0.05925244327425584,0.00026652918788619347,0.0006269718447646659,0.007807777046825052,0.0019499999999998449,0.001949999999999825,0.0019499999999998449,0.0010094999999998913,0.0010094999999998946,0.0010094999999998983,0.05602893824161221,9.735554813382839,-0.31537701533205365,-0.005734201743625975,0.00261428335693642,0.0031436994013625597,-12.249750442504883,-21.754125900268555,-7.270312795639038,985.057490234375,-0.0397618075051346,26.002945542473626
2025-03-01T17:02:32Z,40.21859928936803,-76.04106369814862,68.2665017093616,6.415711771517112,3.8526903979082303,-0.7211696149803626,1.4851165499403611,0.015457229642629338,3.4289842679308324,0.0009999999984986333,0.0010000000023473409,0.0009999999996479596,0.0009999999965840444,0.0009999999932135686,0.0009999999913675025,0.00005097290886707245,0.000051000748302898276,1.3781187849974705,78.7170015093182,15.463033857602255,0.05148360424946331,0.0002538007836691625,0.0006348969890481086,0.007818304306629855,0.0019509999999998459,0.001950999999999826,0.0019509999999998459,0.001009509999999892,0.0010095099999998937,0.0010095099999998971,-0.06293880135130399,9.779682141661361,0.2619751278832706,-0.0008623045055095956,0.0010854521812706528,-0.002752481027994402,-13.148438053131104,-22.318500785827638,-6.766687772274017,985.0409765625,0.0026219048098037267,26.772789072175403
2025-03-01T17:02:33Z,40.217024763388515,-76.04059980632384,68.65234046502638,6.465713172490652,5.282968821700765,-0.6386566181109894,1.4910007040372837,0.012131730474764622,3.432844008963737,0.0009999999983020178,0.0010000000020756012,0.000999999999652382,0.0009999999965576037,0.0009999999933406004,0.0009999999914028146,0.00005197270598959097,0.00005200075992268103,1.3615085292539335,82.65191737973127,14.658646184664413,0.04459980331351357,0.00024459984950337256,0.0006426146234898848,0.007828066197793734,0.0019519999999998469,0.001951999999999827,0.0019519999999998469,0.0010095199999998927,0.0010095199999998927,0.0010095199999998962,-0.12654342827299106,9.731327508924045,0.2526392006832591,-0.001437786335512509,0.003347321119465432,0.0017488912784594485,-11.446125431060791,-21.881813373565674,-7.14712527513504,985.0275732421875,-0.04550350763120115,25.708098391578297
2025-03-01T17:02:34Z,40.215801837142806,-76.04018280781648,68.96921497129132,6.456019704451937,6.361950205980738,-0.6087767793643257,1.5014953374376325,0.014859784955126205,3.436977106095811,0.0009999999984456158,0.0010000000019907637,0.000999999999541577,0.000999999996488563,0.0009999999932826177,0.0009999999911042457,0.000052972584306328555,0.00005300077333953138,1.3319967435970756,86.6950559662495,13.982680790374138,0.03914235512324407,0.0002383510084566169,0.0006506401759000605,0.007838777315681889,0.0019529999999998453,0.0019529999999998255,0.0019529999999998453,0.0010095299999998936,0.0010095299999998938,0.0010095299999998962,-0.09647754575435476,9.711859325719539,0.13754835429797968,0.0043550810950162555,0.003979549326005329,-0.0038440259858782567,-12.457125482559205,-21.4055632686615,-6.58837523818016,985.0245263671875,-0.06774201759016811,25.627762094160612
2025-03-01T17:02:35Z,40.21479637415753,-76.03980395423926,69.19459661534223,6.411951634866472,7.144561593135215,-0.6137556748085459,1.5060373158972435,0.011888032233632119,3.439488918377354,0.0009999999981059834,0.0010000000020762966,0.0009999999998269403,0.000999999996518567,0.0009999999933670433,0.0009999999910443081,0.000053972510041888144,0.00005400078857626619,1.2964056355871385,90.84911551828904,13.433636341890631,0.0349267494822655,0.00023408879371795922,0.0006594025624474339,0.007848371472383544,0.001953999999999846,0.001953999999999826,0.001953999999999846,0.001009539999999894,0.001009539999999894,0.0010095399999998957,-0.08119943806808226,9.702932666776574,0.01710568540092456,-0.0006538430106791583,0.0018812453926116222,0.0020645050701856692,-12.249937982559205,-22.404188327789306,-8.265000298023224,985.0243627929688,-0.07785572045339816,26.838705804445826
2025-03-01T17:02:36Z,40.213811864935096,-76.03942455696806,69.43005177979865,6.119194664421635,8.023842942638275,-0.5890662335521063,1.508238224736094,0.00982262498796234,3.4326899637153896,0.0009999999980520107,0.0010000000020758165,0.0009999999997707162,0.0009999999965758727,0.0009999999932393995,0.000999999990868758,0.000054972460540510196,0.00005500080554078254,1.2579862930994856,95.15006038268425,13.006609393544569,0.030928637641550887,0.0002293071471682938,0.0006709914726546054,0.00785801482994652,0.0019549999999998466,0.001954999999999827,0.0019549999999998466,0.0010095499999998947,0.0010095499999998947,0.0010095499999998956,0.09399506020021346,9.726741336820433,0.19616858873161097,-0.0026696971922757404,-0.007414079845769254,0.0007511455237704954,-12.364500494003297,-22.006125850677492,-6.393562736511231,984.9854150390624,-0.052069315731947355,26.038921590072096
2025-03-01T17:02:37Z,40.21295161798328,-76.03908461512545,69.5708569343869,5.930497967184155,8.650023564103485,-0.5621529501089563,1.514364465971097,0.009083428894714493,3.4286027750082186,0.0009999999982087076,0.0010000000019626096,0.0009999999997136477,0.0009999999966757718,0.000999999993430464,0.0009999999908363753,0.000055972418833486575,0.000056000824100768426,1.2186500253855221,99.58714188799142,12.682538528085654,0.02785843379547781,0.00022707121395741168,0.0006819442320148546,0.00786784927187189,0.001955999999999846,0.0019559999999998264,0.001955999999999846,0.001009559999999895,0.001009559999999895,0.0010095599999998953,0.017161918175995935,9.751752819997243,0.11452233990976522,0.0020918767801604114,-0.004602599696419478,-0.00012876676099221748,-11.487562971115112,-20.688938236236574,-7.14918781042099,985.0030297851563,-0.028873344878723808,24.720530633655635
2025-03-01T17:02:38Z,40.21229655262456,-76.03880876710807,69.48853036473297,5.751280576035637,9.159744036296196,-0.6397421014774043,1.513329538672907,0.010760366157481358,3.4250976196148364,0.0009999999980934277,0.0010000000019920866,0.0009999999994429148,0.000999999996903314,0.000999999993272749,0.0009999999910883588,0.00005697236912715597,0.00005700084413136596,1.1793944277135175,104.13111581317595,12.447390678113445,0.024869101493029906,0.0002265479347275119,0.0006927789153398496,0.007878032097883713,0.0019569999999998478,0.001956999999999825,0.001956999999999845,0.0010095699999998955,0.0010095699999998955,0.0010095699999998963,-0.01304387245831075,9.662972536720856,0.3057598597149434,-0.0038507022309091903,-0.0037896159039695525,-0.002262453978953232,-11.713500471115113,-20.961000862121583,-6.4336877536773684,985.081171875,-0.11355396045519217,24.858790287715806
2025-03-01T17:02:39Z,40.21161240916018,-76.03854102524554,69.33438443592878,5.615322027729544,9.926104049062877,-0.6291074972759344,1.5101410645552937,0.01112771572913387,3.427254598107078,0.0009999999983631518,0.0010000000022758189,0.0009999999996283173,0.00099999999690241,0.0009999999934855283,0.0009999999911013595,0.00005797229159273808,0.00005800086555515188,1.139306677179521,108.87575363636812,12.301537521986067,0.02182915295316165,0.0002289475707849073,0.0007020905893489521,0.00788802229191761,0.0019579999999998466,0.001957999999999827,0.0019579999999998466,0.001009579999999895,0.001009579999999895,0.0010095799999998959,-0.15598429811445297,9.737984279943255,0.6475726156384438,-0.005749223484698505,0.0017964586902077387,-0.0005593762357887685,-12.232500467300415,-20.992688255310057,-7.042312817573547,985.1065209960938,-0.02072032979036164,25.296612799074456
2025-03-01T17:02:40Z,40.2107501061983,-76.03825739817336,69.21460441822856,5.464521862778895,10.608972679270382,-0.6315125653854028,1.511138241480729,0.015138856159708136,3.430171844591019,0.0009999999985473304,0.0010000000022885314,0.0009999999995726214,0.0009999999969294681,0.0009999999934709575,0.0009999999914985156,0.00005897216261053596,0.000059000888306876195,1.0993132235682717,113.7463154349734,12.234849412994048,0.019657040596631058,0.00023279758283697457,0.0007112207727477316,0.007898588664427188,0.0019589999999998476,0.001958999999999827,0.001958999999999847,0.0010095899999998945,0.0010095899999998945,0.0010095899999998962,-0.14943476762210556,9.729652570722212,0.5596383469580354,-0.0016210460677364897,0.0027364564668339243,-0.004135772405296391,-11.790938005447387,-21.5977508354187,-7.037250282764435,985.098349609375,-0.03465724172082925,25.59315031320815
2025-03-01T17:02:41Z,40.32673021646909,-76.04393321721601,69.59624668750385,-16.10847276248645,1.7189258811523551,-0.6602960997738065,1.507744260703418,0.06456994700930525,3.4414622424010153,0.0009999999983100545,0.0010000000024565636,0.0009999999996089526,0.000999999996876364,0.0009999999929009755,0.0009999999916124166,3.0742528345255505e-10,3.0742541588716495e-10,0.7615695579838159,0.001728485523741958,0.001728255042065386,0.013698296706645888,0.0001513789627155928,0.00018088043966193212,0.007891538095135474,0.0019599999999998473,0.0019599999999998265,0.001959999999999846,0.0010095999999998953,0.0010095999999998953,0.0010095999999998953,-0.1226750321972869,9.695315574643708,0.5920610916271112,-0.005194604687737029,-0.0036674427509423378,0.00024209201871733645,-12.248437976837158,-22.231313285827635,-6.761250290870667,985.063935546875,-0.06641439810529297,26.267229547088732
2025-03-01T17:02:42Z,40.32666559751963,-76.04391233285338,69.2770378983866,-16.529429439017502,1.8214874754288335,-0.725541767502109,1.5078791237307236,0.06460953159825623,3.4431290444630456,0.0009999999980516501,0.0010000000025334364,0.0009999999994874504,0.000999999996920882,0.000999999993215383,0.0009999999913348203,1.0003074254080998e-6,1.000307425653092e-6,0.7741399271542122,0.020338614398908165,0.018191050678165593,0.013446560698486515,0.00016073779294609812,0.0001908227940943035,0.007901212141775733,0.001960999999999847,0.0019609999999998275,0.001960999999999847,0.0010096099999998957,0.0010096099999998957,0.0010096099999998957,-0.2550706935375213,9.67388801674519,0.831819962172137,-0.0008222483523618601,0.0009853108024724497,-0.00016882346476790485,-12.380812997817992,-22.025438289642334,-7.564312829971313,985.0643041992188,-0.0676445989361077,26.37462036256761
2025-03-01T17:02:43Z,40.32659894837889,-76.04389003190617,68.97380481665212,-16.993593234353792,1.9440828863280124,-0.7525612971382305,1.5053023336614038,0.062438113521487246,3.443552835247889,0.0009999999979260136,0.0010000000024888904,0.0009999999997165547,0.0009999999970194348,0.0009999999930870045,0.0009999999913669353,2.0003074262188265e-6,2.0003074280670397e-6,0.7835354866240278,0.07528875246120793,0.06691070682890844,0.013273602751140595,0.0001700669693466371,0.00020076540889042311,0.00791063478558911,0.0019619999999998467,0.0019619999999998267,0.0019619999999998467,0.001009619999999895,0.001009619999999895,0.001009619999999895,-0.2090559282854584,9.706801024116524,0.8688707839944869,-0.0035554509497073687,-0.0004196785536347065,0.0018812457709689498,-11.975062971115113,-21.902063255310058,-7.777687845230102,985.0625244140625,-0.03274272571973743,26.145597486677644
2025-03-01T17:02:44Z,40.32652753422461,-76.04386623255586,68.66410544119677,-17.50732237069452,2.0293523515413177,-0.8446909213501157,1.5062661741451147,0.0670303893111297,3.4417762471637783,0.0009999999978713898,0.0010000000024018242,0.0009999999999872097,0.0009999999971460562,0.0009999999932645165,0.0009999999911715662,3.0003074271875905e-6,3.0003074380265024e-6,0.790251366141869,0.1669539058068809,0.14994748819601533,0.013244335738114305,0.00017958377599510287,0.00021070400331849574,0.007921030481364997,0.0019629999999998455,0.0019629999999998256,0.001962999999999846,0.0010096299999998943,0.0010096299999998943,0.001009629999999896,-0.15257158715351435,9.642742092317688,0.8410774365060545,0.00007902750293071266,-0.0021190840410077955,-0.005125840494318335,-11.746687965393066,-20.92968816757202,-6.250500247478485,985.0671240234375,-0.10005146948879982,24.80126503235006
2025-03-01T17:02:45Z,40.32644575242322,-76.04384030150294,68.42175060688481,-18.0405623204918,2.2057145731140055,-0.8610992235505778,1.5058698039887735,0.06686750360168021,3.438941746830315,0.0009999999981307013,0.0010000000025980017,0.0009999999999176998,0.0009999999975553561,0.0009999999932130603,0.000999999990864539,4.000307418689604e-6,4.0003074655031045e-6,0.7949309534914833,0.30011776510794486,0.27044360255918787,0.013319128324908641,0.000189082531526115,0.0002205968421723489,0.00793089380984714,0.001963999999999846,0.001963999999999826,0.001963999999999846,0.0010096399999998933,0.0010096399999998933,0.001009639999999896,-0.17455940338632195,9.702454128898763,0.9205557631726194,-0.0013359756617362295,-0.003412915725588013,-0.0006843864179873308,-11.665125465393066,-21.328688411712648,-7.50393780708313,985.018876953125,-0.033040204844970854,25.441984742292664
2025-03-01T17:02:46Z,40.32634655456521,-76.04381209651349,68.18481232176005,-18.457800306419045,2.296363150452999,-0.9415990767895127,1.5121744377339186,0.06873447384213568,3.4373431009169066,0.0009999999979332327,0.001000000002907536,0.0010000000000311272,0.000999999997778975,0.0009999999932343733,0.0009999999908090814,5.000307364069358e-6,5.000307524397823e-6,0.7983521200683472,0.47152614475718674,0.42433951620073806,0.013465252719269231,0.0001987666004501526,0.00023037400421316735,0.007941170203429663,0.001964999999999845,0.001964999999999825,0.001964999999999845,0.0010096499999998937,0.0010096499999998937,0.0010096499999998954,-0.24699001576295831,9.639564777809422,0.7614474379738669,0.005326455867728985,-0.0018286730009278815,-0.002862636324020426,-17.266500663757324,-22.464938316345215,-5.028937691636384,985.0139306640625,-0.10789668541996736,28.776601193506895
2025-03-01T17:02:47Z,40.32623157541127,-76.04378109943221,67.8072169776973,-18.9311277310083,2.6007311218049107,-0.9874773980067835,1.5033565499334893,0.06888756766641377,3.436703011687309,0.0009999999979881501,0.0010000000029205917,0.0009999999997589086,0.0009999999975361213,0.0009999999932226692,0.0009999999908150065,6.000307172347484e-6,6.000307633323564e-6,0.801060244107907,0.6924120763638539,0.6204031356944854,0.013710983197762011,0.0002085390118503307,0.00023999376091176286,0.007951305486625022,0.001965999999999844,0.0019659999999998242,0.001965999999999844,0.0010096599999998943,0.001009659999999894,0.0010096599999998954,-0.2547189609078822,9.666202901837302,1.001273643016784,-0.009592831334400474,-0.0006742055596415582,-0.001173078264464925,-12.459188003540039,-21.26512586593628,-7.081875295639038,985.1099047851562,-0.059418866480474834,25.643464751734285
2025-03-01T17:02:48Z,40.32608040846865,-76.04374647972853,67.43566894321215,-19.350349507457164,2.7199767464876654,-1.094931839081312,1.5035502233043772,0.07328531489449946,3.4371445856001817,0.0009999999979050439,0.0010000000027609321,0.0009999999999726098,0.0009999999978733607,0.000999999992903171,0.0009999999907672646,7.000306663377121e-6,7.00030781600411e-6,0.8037424711909321,0.9499733510537864,0.8550282128625621,0.014068607163644704,0.00021857585814019244,0.0002493981428247866,0.007962072830455216,0.0019669999999998447,0.001966999999999825,0.0019669999999998447,0.0010096699999998936,0.0010096699999998936,0.0010096699999998945,-0.2370120776942991,9.60781803035444,0.842709262709064,-0.0005723945141655931,0.0010260348003998175,-0.005703658696508672,-12.365063009262085,-21.62906328201294,-7.4435628271102905,985.1018115234375,-0.1330790866182523,26.00221405194278
2025-03-01T17:02:49Z,40.32590589778093,-76.04370958806736,66.90210906816343,-19.767542480964146,2.9188956976751856,-1.1501073613980892,1.500554658244177,0.07403087573241514,3.435753982673241,0.0009999999979737602,0.001000000002634335,0.0010000000001828386,0.0009999999977025349,0.0009999999927079177,0.0009999999907907336,8.00030552935562e-6,8.000308100891721e-6,0.8070685528931331,1.2568039561104414,1.134937863615871,0.014516344659137629,0.00022856497518252826,0.0002585692753741109,0.00797223970558999,0.001967999999999843,0.001967999999999823,0.0019679999999998457,0.0010096799999998927,0.0010096799999998927,0.0010096799999998955,-0.2734287388519977,9.658511190943223,0.9481660478296124,-0.003365849538846842,-0.00077718466315793,-0.0022417579994608973,-12.341250410079956,-21.674438419342042,-7.718625309467316,985.2179077148437,-0.07192938286899282,26.108662444658087
2025-03-01T17:02:50Z,40.325695156533484,-76.04366843686373,66.30906783595275,-20.155571973486015,3.3445609531908373,-1.1957813567654854,1.4953473359372038,0.07461863752245376,3.4349463812818484,0.0009999999981715395,0.001000000002804694,0.0010000000003508832,0.0009999999977158597,0.0009999999929515232,0.0009999999908047587,9.000303296273898e-6,9.000308522864776e-6,0.8112292501353119,1.6202703281751392,1.4608233279568446,0.01507001543774077,0.00023862417753802505,0.00026740821218419075,0.007982276111595106,0.0019689999999998433,0.0019689999999998233,0.001968999999999845,0.0010096899999998917,0.001009689999999892,0.0010096899999998952,-0.34337303938514024,9.643271659848441,1.2093694554416496,-0.005408407028805024,0.00009955656979253888,-0.0022420916585515222,-13.572937994003295,-21.734438323974608,-6.822375284135342,985.2954077148438,-0.055896783236099916,26.517023841271794
2025-03-01T17:02:51Z,40.32542484168945,-76.04362187391135,65.75454629554756,-20.476127729158137,3.6902456327232227,-1.171584400524922,1.4891857529009727,0.0697551714216459,3.4338426576824275,0.0009999999980577377,0.0010000000031999364,0.0010000000003628135,0.0009999999979262882,0.000999999992711278,0.0009999999905612503,0.000010000299291697934,0.000010000309122259602,0.8165731393738186,2.0295816233368154,1.8357799823625989,0.015690633077471348,0.00024851367497516843,0.0002758716548049789,0.007991388974714535,0.0019699999999998443,0.0019699999999998243,0.0019699999999998443,0.001009699999999891,0.001009699999999891,0.0010096999999998947,-0.3177155743749146,9.707701290065275,1.1914494360799095,-0.006099719449059279,-0.00019636230058261235,0.0028053870386577228,-12.138000469207764,-20.864813327789307,-8.156625308990478,985.3319775390624,0.004890467245291066,25.479392197596464
2025-03-01T17:02:52Z,40.3250998338484,-76.0435732074182,65.16769963113202,-20.676087372557117,3.6390865150614835,-1.256464143552707,1.4857477599055828,0.06839908226665298,3.4342338986512564,0.0009999999977590229,0.0010000000033539985,0.0010000000005872714,0.0009999999982508907,0.000999999992904708,0.0009999999904238572,0.000011000292625043928,0.00001100030994525788,0.8234125351800105,2.454161615214293,2.250011063774883,0.01607909842630622,0.00025851086915725506,0.0002838774449998728,0.008000747470854613,0.0019709999999998453,0.0019709999999998253,0.0019709999999998453,0.0010097099999998903,0.0010097099999998903,0.0010097099999998938,-0.23824836371644822,9.629074254668533,0.8380432623754663,-0.0032296564341740453,0.00188124536407913,-0.0007861971091775971,-12.461437978744506,-21.09750078201294,-7.483125286102295,985.405751953125,-0.11239696582345736,25.620041474993627
2025-03-01T17:02:53Z,40.324653641172496,-76.04352448379811,64.66040792819469,-20.762453330445158,3.4295886472136115,-1.2599535681038643,1.4895209712644262,0.06927591246825585,3.433815186101166,0.0009999999975921006,0.0010000000032345576,0.0010000000003853276,0.0009999999981874484,0.0009999999928911362,0.0009999999905025208,0.000012000282187532158,0.000012000311042530176,0.8314746014352876,2.91065076685868,2.716596131975854,0.016408434290587356,0.0002685323216751641,0.00029139826675166145,0.00801015680668362,0.0019719999999998445,0.0019719999999998246,0.0019719999999998445,0.0010097199999998911,0.0010097199999998911,0.0010097199999998946,-0.20446968627000267,9.71210525734884,0.6899275363154734,0.004324704830421218,0.0019321506826224255,-0.0037692536630677355,-11.856375427246094,-20.3527508354187,-7.480500264167786,985.3929858398437,-0.04205726242888159,24.71362917387739
2025-03-01T17:02:54Z,40.32408432772935,-76.04347541641305,64.20563278517857,-20.705293015042514,3.4405134686668357,-1.3123521583383027,1.484691602074338,0.06361490383609186,3.431359254775873,0.000999999997283505,0.0010000000031600562,0.001000000000467987,0.0009999999982395456,0.0009999999929556065,0.000999999990377468,0.000013000266663420135,0.00001300031247136159,0.8401718165794707,3.4123371019333097,3.2287818626370495,0.016690163616922722,0.00027822784474739446,0.00029841138535991103,0.008018370484757417,0.0019729999999998447,0.0019729999999998247,0.0019729999999998442,0.0010097299999998906,0.0010097299999998906,0.001009729999999894,-0.2799011286608613,9.630660351984512,0.8934057208924807,-0.00388658651540515,-0.00005616392674446765,0.0019942390086735116,-11.93137547492981,-21.038063259124755,-7.780500295162201,985.4027124023437,-0.10472474501019115,25.4065231479161
2025-03-01T17:02:55Z,40.32340646865577,-76.04342398977559,63.77717753375863,-20.5721529436591,3.680837652154537,-1.2698960971649877,1.4796804439723878,0.056720511746462005,3.4256710957614374,0.0009999999973293282,0.0010000000032864657,0.001000000000465645,0.0009999999982653115,0.000999999993069124,0.0009999999900004318,0.000014000244545324017,0.000014000314296536635,0.8490800876572097,3.9668365330331268,3.8007684047108863,0.017028964118746368,0.00028776423827282235,0.0003049254509214845,0.008026070742461556,0.001973999999999845,0.001973999999999825,0.001973999999999845,0.0010097399999998914,0.0010097399999998917,0.001009739999999895,-0.27904598907357997,9.694119142529189,1.1806555892423083,-0.0036572621274054027,-0.002985310501660271,0.0025531966179830755,-12.695438041687012,-20.646938314437865,-7.884375331401825,985.4402172851562,-0.011073924767104075,25.487859504458
2025-03-01T17:02:56Z,40.32260253866585,-76.04336973199497,63.39665324554573,-20.284621760931703,3.8011771997783965,-1.2954689898261227,1.4784295507182224,0.05275901014181959,3.4236162353313384,0.0009999999973319769,0.0010000000034969972,0.0010000000003219094,0.000999999998489396,0.000999999992870299,0.000999999989746358,0.000015000214164089251,0.000015000316589429821,0.8578759630358714,4.539119787356379,4.418403747803778,0.017195791560449654,0.00029733266018044436,0.0003108976436569598,0.008033948023551465,0.001974999999999846,0.001974999999999826,0.001974999999999846,0.001009749999999891,0.0010097499999998927,0.0010097499999998942,-0.2435380683416268,9.628973520994808,1.0865575039073077,0.00013911229930809116,0.0012957500535167974,-0.00043920632122062555,-13.094438076019287,-20.018438320159913,-7.688812794685364,985.4676098632813,-0.08767813106163916,25.126031508481418
2025-03-01T17:02:57Z,40.32165933379405,-76.04331516346258,63.05738203405492,-19.873460747714752,3.5820921347970027,-1.2664792778517096,1.4769561775538786,0.04092218965524986,3.4155438571282035,0.000999999997560443,0.001000000003310113,0.001000000000420202,0.0009999999986132107,0.000999999992920772,0.0009999999898190235,0.000016000173731682024,0.000016000319426506437,0.8660328585482551,5.116370998190033,5.093609226097026,0.01718727422622598,0.0003065373105662197,0.00031643597199854643,0.008040522392677552,0.001975999999999845,0.001975999999999825,0.0019759999999998446,0.00100975999999989,0.0010097599999998926,0.0010097599999998935,-0.09810872384142308,9.712145049409548,0.7838857037719846,0.0004151704435131163,-0.005052069884735353,0.00646273117214574,-13.207875518798827,-20.204813289642335,-8.28937537074089,985.4901318359375,-0.036573308493723644,25.522413586244596
2025-03-01T17:02:58Z,40.3206115190318,-76.04326148690335,62.7384297475014,-19.380223775265666,3.499628703066396,-1.2455618449401502,1.471946722393014,0.041720679002983964,3.4103762850185304,0.0009999999975022482,0.0010000000030845238,0.001000000000320296,0.00099999999882372,0.0009999999926663715,0.0009999999903092737,0.000017000121375757105,0.000017000322892005102,0.8731852943513561,5.724980106967196,5.825173182749197,0.017167957785413912,0.0003160683079010001,0.00032150528636042027,0.008048474587010796,0.0019769999999998448,0.0019769999999998253,0.0019769999999998435,0.0010097699999998895,0.001009769999999893,0.001009769999999893,-0.09667302758561498,9.687379367189276,0.9466375292710794,-0.0032092941717424247,-0.0008371027494458466,-0.006009090942627049,-12.382125444412232,-21.381000919342043,-7.060687758922577,985.5357666015625,-0.0467814713797312,25.69659355161994
2025-03-01T17:02:59Z,40.31939061230465,-76.0432060577314,62.486284087275614,-18.69343747859495,3.6068443631477543,-1.2395810780215482,1.4664032917096204,0.03943456240259218,3.403395375080473,0.0009999999972904472,0.001000000003283468,0.001000000000164116,0.0009999999989880872,0.000999999992598052,0.0009999999905387809,0.000018000055114263536,0.000018000327075554687,0.8789837521794082,6.366290523284684,6.605960305892504,0.016987317104988277,0.00032548951927628125,0.00032620975229677874,0.008055905059585668,0.001977999999999846,0.0019779999999998263,0.0019779999999998445,0.0010097799999998903,0.001009779999999894,0.001009779999999894,-0.21541260096367268,9.639956995914064,1.1631278321866836,-0.0035260762956261437,-0.0025597082190850673,-0.0035335867777050575,-12.093000450134276,-20.330813312530516,-7.376437792778015,985.5389282226563,-0.068528683461017,24.77886066236671
2025-03-01T17:03:00Z,40.31808157758046,-76.04314787198764,62.23128550154377,-17.888960451424296,4.021345276608664,-1.2010429599973063,1.4636127488995943,0.038943161118987456,3.3979185869135056,0.000999999996936566,0.0010000000032993693,0.0010000000001516506,0.000999999999028692,0.0009999999928690358,0.0009999999907143921,0.000018999972771100344,0.000019000332074330064,0.8830118618753967,7.057353389052814,7.441032939346994,0.016756804613391924,0.00033487598334516256,0.000330718405233813,0.008063441293403032,0.001978999999999846,0.001978999999999826,0.001978999999999846,0.0010097899999998911,0.0010097899999998946,0.0010097899999998946,-0.36111980879625677,9.633780152635468,1.498103385954931,-0.0007760160893637658,-0.0009185513844423723,-0.005102975067262926,-12.730312976837158,-20.41350082397461,-7.588875346183777,985.5867309570312,-0.02458161176489937,25.226183602814043
2025-03-01T17:03:01Z,40.3166615337085,-76.04308804593313,61.96878174803951,-16.990707898618936,4.108727357567564,-1.2352411369672314,1.4687124493630634,0.04068258246828485,3.3903200508990734,0.0009999999966988022,0.001000000003343075,0.0009999999999832404,0.0009999999989841913,0.000999999992974687,0.0009999999909251266,0.000019999871928329,0.000020000337992186517,0.8849968722449988,7.741141952271642,8.325305952712778,0.016337566992977573,0.0003442342485407911,0.00033519057493251546,0.008071161551902696,0.0019799999999998456,0.0019799999999998256,0.0019799999999998456,0.0010097999999998906,0.0010097999999998941,0.0010097999999998941,-0.33524986855461814,9.5977491529463,1.1771709565489457,0.0073292914472584255,-0.002830090675624154,-0.0074791720916533595,-13.29806303024292,-20.687813243865968,-7.62262532711029,985.6249560546875,-0.10535795790364676,25.747347177249203
2025-03-01T17:03:02Z,40.31528515276295,-76.04302947663088,61.586243652615835,-16.111781201166714,4.376232603159343,-1.2182010458956218,1.4628741328920714,0.04046993257862687,3.3842230034473704,0.0009999999966420006,0.001000000003700864,0.0010000000000144834,0.0009999999986637436,0.0009999999927608307,0.0009999999912111035,0.00002099974982584503,0.000021000344939229556,0.8848568203064037,8.475377210443693,9.270456987505934,0.015984830728336945,0.00035338187486637113,0.00033981668206544015,0.008078609626863627,0.0019809999999998466,0.0019809999999998266,0.0019809999999998466,0.001009809999999891,0.0010098099999998945,0.0010098099999998945,-0.4514089801578056,9.636810993191238,1.3712040280699898,-0.003748891514253447,-0.0020995568288086253,-0.004736456616166286,-13.432500534057617,-20.60718822479248,-8.330437817573547,985.7340991210938,-0.03652683681815855,25.970787843597638
2025-03-01T17:03:03Z,40.313809786924196,-76.04297020836198,61.20592571150619,-15.15145613410965,4.980245148871516,-1.203889777913752,1.4622796460460634,0.041770916612748565,3.3778779974314426,0.0009999999966446482,0.0010000000037276714,0.0009999999998886351,0.000999999998467973,0.0009999999929454226,0.0009999999910526604,0.0000219996032166582,0.000022000353034319073,0.8831341651893584,9.283709103864037,10.269712119035411,0.01606586541992513,0.0003623372134965014,0.00034479120858133677,0.00808628069561744,0.001981999999999848,0.0019819999999998285,0.001981999999999848,0.0010098199999998905,0.0010098199999998942,0.0010098199999998942,-0.613523369094602,9.586138183777656,1.7609019951442202,0.0017213525422088746,-0.002289325110153933,-0.006057159631663327,-12.318562984466553,-20.95631332397461,-7.682250318527221,985.78556640625,-0.015107263328590843,25.49369393930281
2025-03-01T17:03:04Z,40.31232482325963,-76.04291341118748,60.75884682184197,-14.23800490262575,5.071885064540399,-1.2229727493373614,1.4639429899560255,0.03904564544976414,3.3728731137574433,0.000999999996431682,0.001000000003841679,0.000999999999437778,0.0009999999986157093,0.0009999999930080635,0.0009999999913034585,0.00002299942837901291,0.000023000362396415214,0.8803904572387629,10.083555795830847,11.325119496433095,0.015775805357600023,0.0003707790106871484,0.00035030169291147735,0.008093560358875405,0.001982999999999847,0.0019829999999998278,0.0019829999999998464,0.0010098299999998896,0.0010098299999998933,0.001009829999999893,-0.5058855777796333,9.613600594834733,1.3070763861538093,0.004049814939245891,-0.0017839436766305325,-0.0013868812033296855,-12.515812978744506,-21.417563304901122,-8.350125346183777,985.8737109375,-0.06570342535449113,26.17402366725434
2025-03-01T17:03:05Z,40.3107445437533,-76.04286354381703,60.323656178346894,-13.371680639000669,4.991562557045318,-1.1470972858307535,1.4617559759589995,0.040655790929193476,3.3673160314344495,0.0009999999965471333,0.0010000000036848053,0.0009999999993716507,0.000999999998419742,0.0009999999928016225,0.0009999999916386116,0.0000239992212230368,0.000024000373151218584,0.8767668622552456,10.92743416295192,12.454613683438398,0.01544971581508921,0.0003790046989672915,0.0003563564322244937,0.008101452824145199,0.001983999999999846,0.001983999999999827,0.001983999999999846,0.0010098399999998882,0.001009839999999893,0.0010098399999998917,-0.4475804677420934,9.72315199279401,1.2220514140650045,0.00043553204972890456,-0.002048651060936155,-0.005449131881154289,-11.379937934875489,-22.607625827789306,-8.157750358581543,985.9324047851562,0.0289433543173673,26.592365641989637
2025-03-01T17:03:06Z,40.308665728989354,-76.04282765725486,60.05341258347101,-12.237717206910581,4.4813270849589735,-1.2156516326710214,1.4534466676414406,0.035690154046953665,3.362992284261893,0.000999999996401595,0.0010000000038904477,0.0009999999994631424,0.0009999999983164119,0.000999999992548134,0.0009999999919204185,0.000024998977095338376,0.000025000385423328047,0.8717457111827613,11.77165301693813,13.611784729167448,0.014649037839012932,0.0003867202821874174,0.0003630282062859131,0.008108899315083127,0.001984999999999846,0.001984999999999826,0.0019849999999998454,0.0010098499999998886,0.001009849999999893,0.001009849999999892,-0.44924236296688075,9.594336460672665,0.941497538143756,-0.004978132182816137,-0.0009774683759794969,0.000822580002044551,-11.244000444412231,-24.222000980377196,-7.354875311851502,985.867490234375,-0.1299758795452153,27.698813008013133
2025-03-01T17:03:07Z,40.30599737408191,-76.0428112009846,59.91195714247643,-10.936927206765871,3.2798298477220325,-1.2180633780397845,1.4515281779559976,0.028445557685712955,3.356093872744066,0.0009999999964137943,0.0010000000037682867,0.0009999999993850737,0.0009999999979746978,0.0009999999924886337,0.0009999999915614808,0.000025998690247675573,0.000026000399353320468,0.863674823516045,12.618075884070944,14.837528445376678,0.013461152420687496,0.0003945097094979925,0.00037011630441462646,0.00811641172775467,0.0019859999999998473,0.0019859999999998273,0.0019859999999998464,0.0010098599999998886,0.001009859999999892,0.001009859999999892,-0.27601508391412866,9.715335550940122,0.438481760721104,0.0020848669351305866,-0.0033314671060445528,0.002451386068218435,-11.798437957763673,-22.52512565612793,-7.456875281333923,985.7824145507813,-0.05157678396624172,26.4988058081673
2025-03-01T17:03:08Z,40.30313471591429,-76.04280673759344,59.71682009134681,-9.75790780028868,2.0151993650492503,-1.2795107079895547,1.4445329554362876,0.022757100411701016,3.3483588983227413,0.0009999999963168072,0.0010000000037962426,0.0009999999993470887,0.0009999999980675805,0.0009999999925838032,0.000999999991839034,0.000026998353730851676,0.00002700041511679625,0.8523509193444809,13.52185932318615,16.136536170399502,0.01291538639720796,0.00040282532506765047,0.000377517744631145,0.008124343689864656,0.0019869999999998474,0.0019869999999998274,0.0019869999999998474,0.0010098699999998885,0.0010098699999998922,0.0010098699999998922,-0.13393894612039683,9.672593552382406,0.40538758571208194,-0.0034059063958488275,-0.004312189574857514,0.0010929625739192078,-11.425500440597535,-22.803375873565674,-7.193812782764435,985.809189453125,-0.09856142197260245,26.50064621897394
2025-03-01T17:03:09Z,40.30031996706507,-76.04280377244163,59.36966209887267,-8.788160000327219,0.9609585514566905,-1.3020529634403728,1.4397884140963597,0.016051911132685018,3.332828275848322,0.00099999999651182,0.001000000003997362,0.0009999999991651318,0.0009999999980474634,0.000999999993022418,0.0009999999916651652,0.000027997959736684,0.00002800043290409887,0.8398375692591987,14.516886438771309,17.532528368234555,0.013011061250917331,0.0004121737111969889,0.00038475133197589395,0.008132391484671814,0.0019879999999998484,0.0019879999999998284,0.0019879999999998484,0.0010098799999998889,0.0010098799999998923,0.0010098799999998923,-0.041438702850179,9.708675486878732,0.5707250950020127,-0.0019773836218985492,-0.012820233574307302,0.001555450929418295,-13.390688066482545,-21.920438289642334,-5.724562714099884,985.9060498046875,-0.054927900633691636,26.31699213261171
2025-03-01T17:03:10Z,40.29741796919166,-76.0427951628548,58.939602698616596,-7.829156414148576,0.24982082844167142,-1.3346987018330163,1.433426828252519,0.018980966035029495,3.323689512649583,0.0009999999963541226,0.001000000004208616,0.0009999999993950772,0.0009999999980530414,0.000999999992891803,0.0009999999914857398,0.00002899749968884826,0.000029000452890947956,0.8282621022874858,15.606510280543613,19.006442440967543,0.013295184718465422,0.00042201252182671057,0.0003924278030827144,0.00814150375003277,0.001988999999999847,0.001988999999999827,0.001988999999999847,0.0010098899999998886,0.0010098899999998923,0.001009889999999892,-0.1475603894829638,9.672384388283865,0.8182625968725388,-0.004604102532444651,-0.005601847885649533,-0.006966112663162738,-11.656500453948974,-22.791750812530516,-7.887750310897827,985.9811791992188,-0.07231472017765485,26.787156996329653
2025-03-01T17:03:11Z,40.294593845484414,-76.04277580338443,58.37038650040188,-6.857979465479172,-0.5027786407589067,-1.38539964402188,1.4319901279267901,0.015860167839674803,3.3178948056052002,0.000999999996237157,0.0010000000043362352,0.0009999999991960817,0.000999999998001717,0.0009999999926355522,0.0009999999914379538,0.000029996963553680907,0.00003000047521401621,0.8184981959695364,16.760773126313577,20.549005032964708,0.014071613515123003,0.00043203612606695853,0.0004004249381869755,0.008150313387123265,0.0019899999999998456,0.0019899999999998283,0.001989999999999846,0.0010098999999998896,0.001009899999999893,0.0010098999999998914,-0.26020937533629607,9.688441039909781,0.6331372324869773,-0.0006920639828042483,-0.0036312244099431356,-0.00014879491464663474,-12.352875518798829,-22.69818820953369,-6.75262526512146,986.101201171875,-0.06769166838181782,26.709483420657666
2025-03-01T17:03:12Z,40.29130331215006,-76.0427339333232,57.815509663688744,-5.90002390656307,-1.2948621017433741,-1.421145778673155,1.4326807944983562,0.008650806351137078,3.3178623674370815,0.0009999999961176533,0.0010000000041011788,0.000999999999287129,0.0009999999980607145,0.000999999992793069,0.000999999991281853,0.00003099634038207447,0.00003100049995100658,0.8119302220072809,17.992065825867172,22.174340731870636,0.015839642529700576,0.0004418409183183256,0.0004088975836420671,0.008159048848383914,0.001990999999999846,0.0019909999999998275,0.001990999999999846,0.0010099099999998904,0.001009909999999894,0.0010099099999998904,-0.16004294115425366,9.72957276407444,0.4141547268041067,0.00036426471684032104,0.001453640295998985,0.004619955994989814,-11.851312913894652,-21.85556318283081,-6.276000249385834,986.124638671875,-0.04049643356701851,25.64185685573373
2025-03-01T17:03:13Z,40.28762285742923,-76.04265572478884,57.269240465266535,-4.959276978375272,-1.5515255590972643,-1.4350293703280228,1.4330303596213172,0.0067005892490953015,3.3124890032124408,0.000999999996477665,0.0010000000039554508,0.0009999999994606365,0.000999999997808482,0.000999999992588324,0.0009999999913580435,0.000031995620767980396,0.0000320005270813161,0.8107429662350635,19.338034584985454,23.85769304681209,0.01742463195463599,0.00045157415117409044,0.00041728586222363883,0.008168407623281755,0.0019919999999998463,0.0019919999999998264,0.0019919999999998463,0.0010099199999998912,0.0010099199999998947,0.0010099199999998912,-0.19650538169534165,9.70856434968632,0.6749135597888791,-0.001182758848777991,-0.0033007569819774084,-0.0012904112981934153,-12.548812971115112,-21.257250804901123,-7.046625294685364,986.1655346679687,-0.04618588049912862,25.67091209914769
2025-03-01T17:03:14Z,40.283510674275206,-76.0425243549365,56.74981317971125,-4.1165697461371105,-1.597634483145925,-1.459698033104824,1.4366703897927204,0.005680793121723886,3.307978610515219,0.0009999999966358707,0.0010000000037123447,0.000999999999618096,0.0009999999981944814,0.0009999999923366748,0.0009999999912492727,0.00003299479922694336,0.00003300055645126112,0.8163233020877929,20.7746197465294,25.564105636464014,0.01967118639966124,0.00046019502373265505,0.00042591866004725016,0.008178035076967627,0.0019929999999998473,0.001992999999999827,0.0019929999999998473,0.0010099299999998918,0.0010099299999998955,0.001009929999999892,-0.13320345639892348,9.705165997183341,0.545440934359325,0.0006187916376501899,-0.0025475241179811836,-0.0020282887835559463,-12.367687978744506,-21.356063289642336,-6.435562735795974,986.2003173828125,-0.058764692582289245,25.504019511122273
2025-03-01T17:03:15Z,40.279174769405905,-76.04233343685532,56.238060229256284,-3.404893115170695,-1.1988999834665997,-1.4390591701397,1.4394927011490823,0.0002020900443044536,3.301168781659757,0.0009999999969722857,0.001000000003729254,0.000999999999588064,0.0009999999979260052,0.0009999999925249074,0.0009999999909637745,0.000033993876777519814,0.0000340005877470291,0.8295407980442574,22.323133710018023,27.253745941026924,0.02174580401688337,0.0004670644763239526,0.00043465737719626394,0.008187444921017119,0.0019939999999998475,0.001993999999999828,0.001993999999999848,0.001009939999999892,0.0010099399999998957,0.001009939999999892,-0.10544670899357131,9.73060975773758,0.6265974984206975,-0.001651589453277495,-0.005774926194514364,0.002308851081742294,-11.804812984466553,-21.670688381195067,-5.744062716960907,986.26365234375,-0.02886801849877366,25.337008830688376
2025-03-01T17:03:16Z,40.274518277571154,-76.04206453890488,55.79603267938299,-2.966510780782124,-0.3620733092171051,-1.4141130194289206,1.4415026155843946,6.280567553341313,3.2867819849907396,0.0009999999969534472,0.001000000003236017,0.0009999999997149453,0.000999999998042073,0.0009999999921034707,0.000999999990691177,0.00003499286426940279,0.00003500062051963856,0.8499803771415033,23.971850089675844,28.875045241770636,0.023618329304093622,0.00047170116632021047,0.0004433202914652096,0.008197190176989553,0.0019949999999998467,0.0019949999999998268,0.0019949999999998467,0.0010099499999998908,0.0010099499999998952,0.0010099499999998908,0.09090792598316279,9.716017392639433,0.6698140954623667,-0.004096884131632447,-0.013234820635693796,-0.0011201702641864188,-12.47306300163269,-19.92112578392029,-6.141750228404999,986.3019653320313,-0.0407917083126582,24.29294488337099
2025-03-01T17:03:17Z,40.269332557486436,-76.04168754507954,55.529870594125775,-2.4977491184964293,1.1418745288276855,-1.3040446048212604,1.4423216701621073,6.271143894193431,3.2800057594160585,0.000999999996811023,0.0010000000033397666,0.0009999999998416313,0.0009999999980715413,0.0009999999922740976,0.0009999999908296329,0.00003599178102679744,0.00003600065424879551,0.8755048589041929,25.73348702676651,30.360646211652796,0.024699825882878577,0.00047311023911270826,0.00045249473820560917,0.00820651923979764,0.0019959999999998464,0.001995999999999826,0.0019959999999998464,0.001009959999999891,0.0010099599999998945,0.001009959999999891,-0.000401796947601675,9.765146071748676,0.8059794369941945,-0.007251183168673293,-0.006762490877396884,0.0065441802595698016,-13.03706301689148,-20.9559383392334,-5.595375237464904,986.2891723632813,0.01788956858073472,25.30656054619269
2025-03-01T17:03:18Z,40.26414184972951,-76.04122827234298,55.39859794691983,-1.9575044254097629,2.826498157088984,-1.170014337003106,1.452115067446426,6.273339158054288,3.2836123026544852,0.0009999999971166413,0.0010000000034175824,0.0009999999993709182,0.0009999999982556592,0.0009999999921776644,0.0009999999910705183,0.00003699064938867291,0.000037000688363839716,0.9040579654649843,27.59427432306662,31.647430521642068,0.02642751803907502,0.0004710134304711778,0.0004621631589655875,0.008216767916446953,0.001996999999999846,0.001996999999999826,0.001996999999999846,0.0010099699999998918,0.0010099699999998953,0.0010099699999998918,-0.1600638662786319,9.810239664668511,0.581828834653059,0.0007099204706228202,0.0046404847276676885,-0.0033533314752645406,-12.236250476837158,-21.689625816345213,-5.823000228404998,986.320302734375,0.04813207611815175,25.574800430743483
2025-03-01T17:03:19Z,40.259026609851944,-76.04068999037963,55.37329901413516,-1.5910228416108785,4.861077182759768,-1.112820586072818,1.4657102515254072,6.278633324857101,3.2857859665284925,0.0009999999972209721,0.001000000003281795,0.0009999999993722244,0.0009999999985218907,0.0009999999924412118,0.0009999999913501286,0.00003798949440105162,0.000038000722295240215,0.9344355270496163,29.534312670531627,32.7004967385202,0.027623099447715214,0.00046589369052084547,0.00047193003757141095,0.008227317464925698,0.0019979999999998463,0.0019979999999998263,0.0019979999999998463,0.0010099799999998926,0.001009979999999896,0.0010099799999998926,-0.19270496872105078,9.724906801220337,0.5325595664264096,0.003632391280803186,0.003092794348314257,-0.006283980423502658,-13.037250566482545,-21.920250816345217,-6.662250277996063,986.34134765625,-0.03949397038313581,26.360011165375404
2025-03-01T17:03:20Z,40.254036983183816,-76.04007673674991,55.44363103126743,-1.4740484902511186,7.237064687266839,-0.9989426229553727,1.4720998788925026,6.271283868025568,3.2878670706245825,0.000999999997127677,0.001000000003189273,0.0009999999995701744,0.0009999999984323673,0.000999999992516862,0.0009999999917994224,0.00003898834258978988,0.00003900075568226273,0.9637540822546302,31.572467393861118,33.54420687898222,0.027877148076354896,0.00045817823397368554,0.0004818197894285577,0.008236779972821944,0.0019989999999998464,0.0019989999999998264,0.0019989999999998464,0.0010099899999998926,0.001009989999999896,0.0010099899999998926,-0.11275658687915559,9.768031868603035,0.5762586578135473,-0.004166983770942263,0.0012957499413077346,0.006670858664095401,-13.161000547409058,-20.386313247680665,-5.8220627403259275,986.3500439453124,0.0045175811624335906,24.954109340836215
2025-03-01T17:03:21Z,40.249356089656764,-76.03941451220798,55.55895254037144,-1.514656800424441,9.925524777713964,-0.9644117350096514,1.4836695005802831,6.280314620938142,3.290909950140039,0.0009999999971630315,0.0010000000028433812,0.0009999999992841733,0.0009999999986278136,0.0009999999926400495,0.0009999999920128617,0.000039987214746448205,0.000040000788536889644,0.9877822276002691,33.67163134264307,34.17384994290011,0.026647082858066114,0.0004485239163687036,0.0004918022583079639,0.008247567916745937,0.0019999999999998457,0.0019999999999998257,0.0019999999999998457,0.001009999999999892,0.0010099999999998955,0.001009999999999892,-0.14783954878422978,9.673859952923445,0.743407127270284,0.0010769400634801948,0.003520399130913389,-0.009134682650703956,-12.752437992095947,-20.702063102722168,-6.245437753200531,986.3696826171876,-0.07794524674338275,25.103844809890706
2025-03-01T17:03:22Z,40.24496174984557,-76.03871521129527,55.718042884927186,-1.6801664536540717,12.867128256084596,-0.8415938353376183,1.4997122891465988,0.0001948932044119841,3.290239338313578,0.0009999999972841085,0.0010000000031349585,0.0009999999991708933,0.000999999998384124,0.000999999992472961,0.0009999999921134744,0.00004098611724880299,0.00004100082138089521,1.0019797705923597,35.86161391942786,34.69634231783722,0.024213416434798338,0.00043846677494865753,0.0005017299872790918,0.008257770552918483,0.002000999999999845,0.002000999999999825,0.002000999999999845,0.0010100099999998907,0.0010100099999998944,0.001010009999999891,-0.2529642336731347,9.756172989842433,0.9051619396018193,0.005912952750925554,-0.0010712676084497748,-0.003097302510099364,-13.109063081741333,-20.904938297271727,-6.131812782287597,986.3796142578125,0.019545822141562433,25.425587809533614
2025-03-01T17:03:23Z,40.24101171137753,-76.03801985778247,55.80513676909551,-1.8353109997777768,15.665821157648843,-0.9224293440219715,1.5020433194425384,0.004316257013738252,3.2932137324650923,0.0009999999973763882,0.0010000000030824518,0.0009999999991696035,0.0009999999983001185,0.00099999999222973,0.000999999992133213,0.00004198503976329986,0.000042000855078254796,1.0048886877036887,38.07160666160425,35.138558674048525,0.02193960467935073,0.000429097382528819,0.0005116675487331037,0.008267979011567308,0.0020019999999998464,0.002001999999999825,0.002001999999999847,0.001010019999999891,0.0010100199999998948,0.001010019999999891,-0.40597542529660224,9.570408224884401,0.8903460534654422,-0.00669055604369277,0.002447380397728476,-0.003463487429925191,-12.678375482559204,-21.215250778198243,-6.169312763214111,986.4188427734375,-0.16181229395077332,25.473238762494802
2025-03-01T17:03:24Z,40.237445257585385,-76.03734203619912,55.751741529508955,-2.1307555854265434,18.286633888569057,-0.9254176134431907,1.5110816995408167,0.014237094535955204,3.2939670488975996,0.00099999999769608,0.001000000002930014,0.0009999999991110904,0.000999999998216817,0.0009999999919888891,0.0009999999919467133,0.000042983959338126345,0.000043000890629366875,0.9977848011998616,40.35902397041553,35.660223071307065,0.019735379461351347,0.00042157925333817883,0.0005213839876184967,0.008278609995963101,0.002002999999999847,0.0020029999999998265,0.002002999999999847,0.0010100299999998914,0.001010029999999895,0.0010100299999998914,-0.4262045819509615,9.658745287892119,0.9739157015242537,0.001270380566432363,0.0004660755997072884,-0.009032871825359536,-12.506625499725342,-21.62587579727173,-6.385312736034393,986.4714697265625,-0.06534835746977581,25.78495249296092
2025-03-01T17:03:25Z,40.23403351934842,-76.03666972853627,55.670191665345264,-2.545412941398464,20.829779410717475,-0.8551567997274154,1.520096415380985,0.015791740698667248,3.2967112702535273,0.0009999999976475654,0.0010000000031594688,0.0009999999993934431,0.0009999999983455546,0.0009999999918352525,0.0009999999918600248,0.000043982842263401554,0.000044000929137573235,0.9821881288000188,42.717894412408576,36.33764229580098,0.01780044051043853,0.00041640417057936345,0.0005308555341634096,0.008288391516706692,0.0020039999999998453,0.002003999999999828,0.0020039999999998453,0.0010100399999998905,0.001010039999999894,0.0010100399999998907,-0.470503191282165,9.741083189914463,1.0521165440667333,0.0021920188137787523,0.0018265014296491274,-0.00019886570038371457,-13.69462553024292,-20.001938266754152,-6.589687752723694,986.5051440429687,0.02630640800260921,25.120543909193195
2025-03-01T17:03:26Z,40.23079607585792,-76.03601933294253,55.448173776563934,-3.098712443393749,22.86121396431915,-1.049132452742248,1.5254632595329167,0.0032243778281910458,3.2946704384612047,0.0009999999980965348,0.0010000000032871017,0.0009999999993898841,0.0009999999982326499,0.000999999991730866,0.0009999999921254015,0.00004498165195897864,0.00004500097148021865,0.9619566312161998,45.046063689743036,37.15556003221336,0.016672265951428924,0.000413998691082583,0.0005397564008284562,0.008296986377179271,0.0020049999999998463,0.0020049999999998264,0.0020049999999998467,0.001010049999999891,0.0010100499999998944,0.0010100499999998918,-0.29284460572973586,9.509472997026462,0.762549711540327,-0.00028732448247281554,-0.003585994312135968,0.013966187495535142,-10.855312883853912,-22.492500915527344,-5.328750210702419,986.562080078125,-0.23847054974337822,25.53709831684857
2025-03-01T17:03:27Z,40.22739536190877,-76.0353620899736,55.0884676460263,-3.7640423565737207,24.99026694813534,-1.1041725863352814,1.5454210168775555,0.034963919964516074,3.296473991339733,0.0009999999984579523,0.0010000000033144713,0.0009999999994454467,0.0009999999982329441,0.0009999999918125862,0.0009999999919217428,0.00004598034789637238,0.000046001018425956076,0.9395835104586926,47.45079100663362,38.224591748492614,0.015754699683459293,0.00041472485485157825,0.0005482773257579186,0.008309182591840245,0.0020059999999998447,0.0020059999999998248,0.0020059999999998464,0.0010100599999998904,0.001010059999999894,0.0010100599999998906,-0.41364226299830664,9.647738233245105,0.8969864529029669,0.014892665012333859,0.0019117890835174617,-0.02977173058211621,-9.242437896728516,-18.355875730514526,-4.943625190481543,986.60111328125,-0.08504399548468305,21.137599370577906
2025-03-01T17:03:28Z,40.223057291989655,-76.03463464268448,54.778787304998275,-4.7716772235063685,27.112719009383085,-1.1928555350612606,1.5410364278450461,0.02791842281023332,3.2940267857177123,0.0009999999984177822,0.001000000003397709,0.0009999999993213825,0.0009999999980333468,0.0009999999920686786,0.000999999991994566,0.000046978881990460514,0.000047001070748479,0.9165152397325778,49.87007025186855,39.53156554233616,0.015259873672009497,0.00041758658764913547,0.000556008695872918,0.00831796446996902,0.002006999999999845,0.002006999999999826,0.002006999999999846,0.00101006999999989,0.0010100699999998934,0.00101006999999989,-0.44410368504221015,9.612066970321592,0.7406573407546223,-0.009454468998613496,-0.0039016073947946176,0.009695140641321771,-11.909625396728515,-20.533313312530517,-5.599125230312348,986.5595678710938,-0.13268702624214504,24.38860081511469
2025-03-01T17:03:29Z,40.21743407253763,-76.03383575607332,54.58070559349629,-6.1344096082938995,29.30363335512127,-1.1838126200007348,1.5405007300607938,0.01763430894289833,3.292477914532586,0.0009999999984321444,0.0010000000036627084,0.0009999999993555342,0.0009999999980052781,0.000999999992245886,0.0009999999922297267,0.00004797720500935266,0.000048001129070598187,0.8949205185984178,52.34257188393762,41.10520199563047,0.015154096181458267,0.0004227513054151058,0.0005631425420713507,0.008326607822456866,0.002007999999999846,0.002007999999999826,0.002007999999999846,0.001010079999999889,0.0010100799999998925,0.001010079999999889,-0.3532633741981981,9.698585771557271,0.7942147298809717,-0.005612029250684804,-0.003311105066061,0.013996730233787011,-12.728625507354737,-20.455875720977783,-5.818312723636627,986.484326171875,-0.046276476343413836,24.785297964119923
2025-03-01T17:03:30Z,40.21089576249404,-76.03302707804308,54.50046902611494,-7.884042815357199,31.417688730402244,-1.0691705965682075,1.5447287024348721,0.02150407614293707,3.2926698751574963,0.0009999999980824365,0.0010000000036561806,0.0009999999993160927,0.0009999999979221643,0.0009999999920360793,0.0009999999918391244,0.00004897525985939826,0.000049001194029916775,0.8752497906306304,54.88951211750833,42.95449531414783,0.015250509196281518,0.00043002315548755553,0.0005698094197608527,0.00833630160051909,0.0020089999999998447,0.0020089999999998243,0.0020089999999998447,0.0010100899999998894,0.0010100899999998928,0.0010100899999998894,-0.1797556186455395,9.80125685775891,0.9509119227280964,-0.000011100300302959365,-0.0011977802172901558,0.0006222967906906916,-12.966375589370728,-20.676188316345215,-6.294750256538391,986.4465649414062,0.06492101654771047,25.2042252585433
2025-03-01T17:03:31Z,40.20353977027467,-76.0322402859687,54.58340494861966,-9.750564279824852,33.05322758007589,-0.9019559585675796,1.561552658586113,0.02806033499482472,3.29243531680261,0.000999999998120572,0.0010000000035094627,0.0009999999994175074,0.000999999998094029,0.000999999991793531,0.0009999999920096228,0.000049972986704740044,0.000050001266146538135,0.8585982375001078,57.49340223822881,45.04162325248816,0.015646506880409895,0.0004388688869533621,0.0005760003308164207,0.00834615537970629,0.0020099999999998452,0.0020099999999998253,0.0020099999999998452,0.00101009999999989,0.0010100999999998936,0.0010100999999998902,-0.242236407307853,9.862294728593348,0.7140152854356614,0.01384401370218432,-0.0015701403490489389,-0.0015497781284190735,-13.36612554550171,-20.92762580871582,-5.607750220298767,986.4092797851563,0.10687342186932332,25.45708353131632
2025-03-01T17:03:32Z,40.19534676069676,-76.03149033836185,54.70964038130303,-11.729180666365778,33.92915060712509,-1.023263783713133,1.5676202305304332,0.037075458615758713,3.293659507955724,0.0009999999983697394,0.001000000003393705,0.0009999999993624388,0.000999999997924513,0.0009999999914843006,0.0009999999916909487,0.000050970347557070514,0.00005100134555595935,0.8466232077220708,60.038725771104154,47.24702929550583,0.015520901283087713,0.0004485649075165826,0.0005820160766666767,0.008356188700995417,0.0020109999999998462,0.002010999999999826,0.002010999999999846,0.001010109999999891,0.0010101099999998942,0.0010101099999998908,-0.24893630810266543,9.580460078553823,0.22819253014707205,0.004355081049585529,-0.00007619217124401885,-0.0036036859057010737,-14.243625621795655,-21.003938274383543,-5.218125216960907,986.370849609375,-0.19790491762094647,25.90892672691394
2025-03-01T17:03:33Z,40.18597901157135,-76.03077534327964,54.818150992571674,-14.002628879518651,34.658855500390914,-1.0602561025750195,1.5725524473335923,0.049411373360870384,3.2971167624431628,0.0009999999980772605,0.0010000000033920057,0.0009999999996479537,0.000999999997715567,0.0009999999916191831,0.0009999999915963073,0.00005196731620987077,0.00005200143231582919,0.8383156027415984,62.711210283758525,49.621868114472946,0.015752417987175714,0.000458583600207438,0.0005881688312631462,0.00836649478392683,0.0020119999999998455,0.002011999999999825,0.0020119999999998455,0.001010119999999892,0.0010101199999998948,0.0010101199999998911,-0.2220419006995799,9.661492408123687,0.4456732987514431,0.004416334387593469,0.002176496877643435,-0.00652832669387871,-13.548938055038452,-21.312938289642332,-5.531437721252441,986.3124975585938,-0.11009915108342821,25.853611538621603
2025-03-01T17:03:34Z,40.174862222342924,-76.03010302035808,55.05318494545587,-16.47463067350009,35.267499549219565,-1.0026610007329546,1.5660915425399962,0.05312043265171505,3.295217549394897,0.0009999999981669216,0.001000000003107907,0.0009999999998881826,0.0009999999979326036,0.0009999999914463383,0.000999999991667589,0.0000529638419094476,0.00005300152668984016,0.8331889293064763,65.56475295659845,52.11967088417496,0.017154819570689823,0.0004685167201147658,0.0005941389523990168,0.008376171485425538,0.0020129999999998465,0.0020129999999998266,0.002012999999999847,0.0010101299999998926,0.0010101299999998937,0.0010101299999998917,-0.3050479898123091,9.740460124648198,0.8248029778025839,-0.005092793701803719,-0.003117664183956725,0.0025531968156404148,-13.59093804359436,-21.70837574005127,-5.696250238418579,986.2075390625,-0.004423093160569898,26.23760216751028
2025-03-01T17:03:35Z,40.16404923465643,-76.0295416505718,55.18883703183699,-18.62832956685635,35.39564903294565,-1.0287148657631162,1.5566276774557122,0.05872312049503246,3.2968331257533374,0.0009999999976915744,0.0010000000032552657,0.0009999999997661578,0.0009999999981305128,0.0009999999919202095,0.0009999999918262825,0.00005395986222619517,0.0000540016288177515,0.8331146723224996,68.55425120285388,54.63581822387244,0.019214114353285575,0.0004775044766365303,0.0006008022205833719,0.00838612778311198,0.0020139999999998475,0.002013999999999825,0.002013999999999849,0.0010101399999998923,0.001010139999999893,0.0010101399999998923,-0.3456449154290193,9.654706264930494,0.9430273718268308,-0.006700570326826566,0.0007249419069200046,-0.00020888001708774652,-13.797750597000123,-20.679375686645507,-5.719875202178955,986.2608520507813,-0.07772073057215405,25.509387952149652
2025-03-01T17:03:36Z,40.15214090810708,-76.02908761906399,55.36863026448789,-20.707683477809162,34.874093460219335,-1.0063561343869738,1.5484273964737723,0.062129370152939206,3.2957757597819732,0.0009999999977506175,0.0010000000033966944,0.0009999999994554085,0.000999999998352965,0.000999999991847845,0.0009999999914323866,0.000054955335095430196,0.00005500173848449268,0.8398677214676988,71.74024304185792,57.120186351328776,0.021674109541668773,0.0004849691387539991,0.0006078692471028835,0.008395972096739503,0.0020149999999998485,0.0020149999999998242,0.0020149999999998485,0.0010101499999998925,0.0010101499999998938,0.0010101499999998925,-0.3146591648815088,9.686541866299235,1.0179037609847739,-0.0032907428512048463,-0.001733037594105711,0.0016267183473347394,-13.31718807220459,-21.276750717163086,-5.391562719345092,986.2162890625,-0.03951918700041175,25.673214688804546
2025-03-01T17:03:37Z,40.14058816676337,-76.02875827533839,55.50922316072533,-22.43231098126151,33.87443603411052,-0.9431065083529294,1.5458515511767963,0.061949690283987245,3.2907883994185068,0.0009999999978993952,0.0010000000032843429,0.000999999999400294,0.0009999999985023942,0.0009999999923568804,0.0009999999914875922,0.000055950255154005385,0.000056001855071136355,0.8545742886705805,75.15021103801399,59.47190371390338,0.024552480258505958,0.0004900006861015406,0.0006154488639821872,0.008405645280749748,0.0020159999999998478,0.0020159999999998252,0.0020159999999998478,0.0010101599999998924,0.001010159999999893,0.0010101599999998922,-0.2778613451336475,9.72515712587611,1.0774961547036224,0.00399457048539069,-0.005403734490421155,0.00402711657879239,-14.191125555038452,-20.50068817138672,-5.604562697410583,986.2616235351562,0.004241432572663369,25.555327820974117
2025-03-01T17:03:38Z,40.13106015071104,-76.02852016222096,55.470553217073295,-23.974368353832553,32.87642166034456,-0.9359200901730256,1.5412960132450713,0.06789983949225181,3.268836495842472,0.0009999999979536885,0.0010000000031338083,0.0009999999994247015,0.0009999999985695058,0.0009999999921500406,0.00099999999109496,0.00005694465956442089,0.00005700197758376587,0.8779788801654806,78.78668001993259,61.59163782118922,0.028769388621903168,0.0004929942078122387,0.0006229733712485131,0.008415682890673357,0.002016999999999848,0.0020169999999998245,0.0020169999999998483,0.001010169999999891,0.001010169999999892,0.001010169999999891,0.08258926903666511,9.701816057201917,1.2556306968536015,0.0032760534498605057,-0.02181012691208309,-0.004268126595479626,-13.935750589370727,-20.87137575149536,-5.213625173568726,986.4103955078125,-0.001178088440408261,25.63198679652737
2025-03-01T17:03:39Z,40.118634882292845,-76.02846536456201,55.741549865667245,-25.263077304881925,30.88329667340367,-0.8700359397430549,1.534967715486002,0.0715168736555766,3.234436992313581,0.0009999999978273786,0.0010000000033461155,0.000999999999140544,0.0009999999983904835,0.00099999999213786,0.0009999999909603137,0.00005793863965429865,0.00005800210467533276,0.9120478202874748,82.65797977484421,63.3644249418419,0.03445034868181884,0.0004923179775219564,0.0006305535747623445,0.008425466233483265,0.0020179999999998467,0.0020179999999998255,0.002017999999999847,0.0010101799999998906,0.0010101799999998923,0.0010101799999998906,0.1561685679898261,9.715335519151733,1.37515217963912,0.005994402149066007,-0.033813619594922364,-0.003524907833451045,-14.982000560760499,-21.89231327056885,-3.5405626441165805,986.2460571289063,0.029391182704646465,26.763157129788805
2025-03-01T17:03:40Z,40.10780397062048,-76.02849688133253,55.94162274853111,-25.89429154512325,28.7603436340647,-0.8367651545065986,1.5214809197942087,0.07740850006404741,3.2057662305255348,0.0009999999977239337,0.0010000000032637287,0.0009999999994366616,0.0009999999984769959,0.0009999999921668549,0.0009999999911941872,0.00005893237096682524,0.00005900223476922466,0.9579791271360396,86.63759325456179,64.68067751849652,0.03998920393764685,0.0004870769608725475,0.0006383614084228376,0.00843546679555225,0.0020189999999998473,0.002018999999999827,0.002018999999999848,0.00101018999999989,0.001010189999999893,0.00101018999999989,0.11413007058383841,9.677575359403672,1.3558481211788143,-0.0014731697533368138,-0.02753506472703042,-0.007869725357732196,-13.51612561225891,-19.797750720977785,-3.717750161290169,986.3216381835938,-0.011017143035839753,24.258107539364865
2025-03-01T17:03:41Z,40.32613707263489,-76.0315116867422,59.46635549728869,14.77768051977954,-8.72022573652541,0.28266047801366606,1.4197858282466786,6.269608752232157,3.176434577982697,0.0009999999974007988,0.0010000000033493636,0.0009999999995295805,0.0009999999983135316,0.0009999999923475573,0.0009999999907602715,3.089637586370658e-10,3.0896430239778893e-10,0.7402682654148738,0.015287654001270098,0.015286561343946375,0.018740011740118027,0.00016838521766081952,0.00017528373166057252,0.008291600199876794,0.002019999999999848,0.0020199999999998275,0.002019999999999849,0.001010199999999889,0.0010101999999998926,0.001010199999999889,-0.3436522011690675,9.673421135581249,1.0663983084353976,-0.0023642648025707833,-0.008808888065168524,0.0014230969265306608,-13.32300061225891,-21.71250078201294,-3.8878126454353334,986.4166040039063,-0.04132065542626359,25.769118978231756
2025-03-01T17:03:42Z,40.32616026759072,-76.03161988329474,59.84508848458942,15.021708798968604,-9.647808127070533,0.18898374874326798,1.4190980726485167,6.262966137735914,3.1719269447170015,0.0009999999973696896,0.0010000000031724706,0.0009999999993990168,0.0009999999983394373,0.000999999992594791,0.0009999999911719797,1.0003089640510902e-6,1.0003089651430958e-6,0.7704311333597491,0.043463840133591884,0.033834896032036266,0.016674807818094748,0.00017677152052381136,0.00018497961537757235,0.008298917854703006,0.0020209999999998476,0.002020999999999826,0.00202099999999985,0.0010102099999998882,0.001010209999999892,0.0010102099999998882,-0.048895685079977116,9.726883182584821,0.5337370214032163,-0.0002914973344339334,-0.0050932945061487,0.005729526633903419,-13.828313083648682,-21.51712585449219,-2.795812608599663,986.3262524414063,-0.03767180755482038,25.729805482306546
2025-03-01T17:03:43Z,40.32617909570833,-76.03174014613991,60.304804617260025,15.308806287168258,-10.738547076960621,0.11334446454021062,1.417362424856944,6.270120674395955,3.1681982199582754,0.000999999997492243,0.0010000000031004943,0.0009999999992208752,0.0009999999982797192,0.0009999999926099913,0.0009999999913918453,2.000308965853113e-6,2.0003089701092807e-6,0.7911383724137118,0.13121222005807803,0.08688417287233859,0.014928696274200745,0.00018502882090779297,0.000194577935096381,0.008310166219151212,0.002021999999999847,0.002021999999999826,0.0020219999999998507,0.0010102199999998882,0.0010102199999998916,0.001010219999999888,-0.08789933739494755,9.751387372649518,0.39744484725095824,-0.0007352919303989631,-0.0018246669083666434,-0.008045307141282574,-13.893188056945801,-21.051000823974608,-2.70600010573864,986.1666772460937,-0.019314653340831853,25.367009242503595
2025-03-01T17:03:44Z,40.32619151009642,-76.03187426500556,60.71086286231637,15.63536723245106,-11.953232823102555,0.01352286242740467,1.4182693803750037,6.276645233306445,3.1696761240249427,0.0009999999971515787,0.00100000000274603,0.0009999999993930318,0.0009999999983503506,0.0009999999925396678,0.0009999999912674268,3.000308969604754e-6,3.000308986361549e-6,0.8016914130949634,0.28713165568241333,0.17596496420449434,0.013795886999322571,0.00019347585423296358,0.0002041868375705359,0.008321464179363906,0.0020229999999998474,0.0020229999999998275,0.00202299999999985,0.001010229999999887,0.0010102299999998907,0.001010229999999887,-0.18520746352583228,9.742852996823071,0.2849423046163313,0.0019932378223973543,0.003214967472815915,-0.006721766526041299,-13.630500583648681,-21.129563293457032,-3.261000118255615,986.1007275390625,-0.030286521194738614,25.3550887472333
2025-03-01T17:03:45Z,40.32620028960338,-76.03202004371542,60.81463974910216,16.087781838762986,-12.70469766728148,-0.23025413698220396,1.4176666923897598,0.0042435776934858374,3.1657712565692533,0.000999999997568617,0.0010000000025485558,0.0009999999993737221,0.000999999998153888,0.000999999992419145,0.0009999999911042131,4.000308966671363e-6,4.0003090253198656e-6,0.8046760508402457,0.47167229513300174,0.3046090161761409,0.013310185706504569,0.00020242419348682922,0.00021370548838244688,0.008334051290323012,0.002023999999999847,0.002023999999999827,0.002023999999999851,0.0010102399999998872,0.0010102399999998909,0.0010102399999998874,-0.41032957530042174,9.543224262234803,0.7127672293662499,-0.00007118498686565296,-0.0018386873477728078,-0.011574970531636626,-12.416812973022461,-20.77275068283081,-2.532000095397234,986.1734912109375,-0.20038857791185274,24.332960292686725
2025-03-01T17:03:46Z,40.326202730412994,-76.03217399710344,60.816282783189095,16.60083784883366,-13.281433257029184,-0.24316756948135412,1.4170558163796205,6.276664650127277,3.16701424869481,0.000999999997752791,0.0010000000023650164,0.0009999999992895826,0.0009999999982106306,0.0009999999923845893,0.0009999999908132252,5.000308919884935e-6,5.000309104102595e-6,0.8034925363802188,0.695555201176196,0.48056539743930254,0.013166611017033451,0.0002116985991958553,0.0002233627569936719,0.008340924547932692,0.002024999999999848,0.0020249999999998286,0.00202499999999985,0.001010249999999887,0.0010102499999998908,0.001010249999999887,-0.471747974916103,9.742254756924941,0.9293693261003797,-0.000134607994441025,-0.00007352126725961331,0.01048425804583986,-13.552313022613525,-20.73000074386597,-2.7358126056194307,986.1563818359375,0.018919481627016486,24.917468708718392
2025-03-01T17:03:47Z,40.32619832685736,-76.0323361842276,60.68756972522408,17.041414421540416,-14.088402149828033,-0.43226851070525685,1.414910811843934,6.276711581024202,3.1665362915480793,0.0009999999978245683,0.0010000000024085122,0.000999999999288483,0.0009999999981261131,0.0009999999927664642,0.0009999999911270293,6.000308735110703e-6,6.000309244900312e-6,0.800172570486825,0.9902005540351542,0.6949553947727871,0.01350015648548661,0.00022135032751209393,0.0002330845787977388,0.008350832422880029,0.002025999999999849,0.002025999999999829,0.002025999999999849,0.001010259999999887,0.0010102599999998905,0.001010259999999887,-0.34223219558210055,9.608105000728056,0.6843279374608027,-0.0018737370955085873,-0.0002464329123387,-0.0003891352523985787,-13.449375534057618,-20.536500797271728,-2.3111250948905946,986.18978515625,-0.1403211936840365,24.657095330959844
2025-03-01T17:03:48Z,40.32617479996231,-76.0325071500234,60.49350472175118,17.43714586454091,-14.68486380434743,-0.5272912704528525,1.4167090676082768,6.275929388073691,3.1619414657541527,0.000999999997651817,0.0010000000024246178,0.0009999999994619612,0.0009999999977990213,0.0009999999926766211,0.0009999999909027235,7.000308226286605e-6,7.000309475281464e-6,0.7968222515129377,1.3193243566766542,0.9540160332034469,0.01399456580872462,0.00023133064393196918,0.0002428342955924264,0.00836059346719368,0.00202699999999985,0.0020269999999998297,0.0020269999999998475,0.0010102699999998866,0.0010102699999998905,0.0010102699999998866,-0.2944796996392907,9.661457116442497,0.9091100888731244,0.0019525128726106114,-0.0044513863875993605,-0.0002364192059940974,-13.362938117980956,-19.469625701904295,-2.7684376072883605,986.162236328125,-0.07017984511953344,23.775959718314837
2025-03-01T17:03:49Z,40.326126181085804,-76.03268367316436,60.29073258472501,17.862134829332742,-14.988274664772527,-0.555534499741976,1.4143183605019585,6.280322771047786,3.1576496846169264,0.0009999999975795167,0.0010000000021709982,0.0009999999993500468,0.0009999999978139195,0.0009999999924863669,0.0009999999908781667,8.00030707105914e-6,8.000309829476715e-6,0.7951736101210743,1.667855647083732,1.264282297328292,0.014366306895826847,0.00024139317754601287,0.0002526829806140743,0.008371796194391157,0.0020279999999998502,0.0020279999999998303,0.002027999999999849,0.0010102799999998856,0.0010102799999998893,0.0010102799999998856,-0.3487568925490094,9.67796757125612,1.2021511027992187,-0.002434530712348699,-0.0034209270976366456,-0.005256024872222214,-13.38168807029724,-19.545563297271727,-2.796750109195709,986.1511254882812,-0.020173354914082522,23.852001954889197
2025-03-01T17:03:50Z,40.32602025277782,-76.03286516096459,60.15906105417261,18.428595245876757,-15.480730732664469,-0.6588563618724418,1.4154767678282925,6.2830193872525175,3.1577407090911778,0.0009999999972499435,0.0010000000020763116,0.000999999999227286,0.0009999999977151957,0.000999999992306886,0.0009999999910376145,9.000304767517846e-6,9.000310348402922e-6,0.7957932870102193,2.0936689239628183,1.632887612317793,0.015208005859377004,0.0002513299383814608,0.0002626819574128754,0.008382541815094586,0.00202899999999985,0.0020289999999998296,0.0020289999999998504,0.001010289999999886,0.0010102899999998895,0.001010289999999886,-0.5256950129832013,9.622501042848512,0.9817440248533987,0.0008020510433449331,0.00057806725158297,-0.002812232080650374,-13.354125614166259,-19.78218828201294,-2.6958751034736634,986.0776879882812,-0.09197452193904417,24.019428292459274
2025-03-01T17:03:51Z,40.32585432049232,-76.03305104711511,60.037585437156054,18.93630013773899,-15.842998347477442,-0.6729201871346098,1.4144974843700067,6.282559580506629,3.161796241239416,0.0009999999973065847,0.0010000000024914058,0.0009999999995842683,0.0009999999978444957,0.000999999992493968,0.0009999999907575048,0.000010000300597578962,0.000010000311080627746,0.7992864814641057,2.5657939344607517,2.053503795753138,0.016061425516428595,0.00026099497499155707,0.000272767824446448,0.008392355757763878,0.0020299999999998496,0.002029999999999829,0.0020299999999998496,0.0010102999999998857,0.0010102999999998894,0.001010299999999886,-0.4965535689962225,9.688615710574298,1.083148063883958,-0.0017737618799678815,0.003876736873780208,0.001158388944845616,-12.893063087463378,-19.75125072479248,-2.6994376015663146,986.048623046875,-0.017056162633482638,23.740840792777387
2025-03-01T17:03:52Z,40.325611842645976,-76.0332417812138,59.95258901800541,19.212369852628832,-16.594504087627705,-0.7112377278991024,1.431627652490759,0.004209362221342816,3.1601304613049037,0.0009999999973914575,0.0010000000026489872,0.0009999999996695823,0.0009999999977606238,0.0009999999926159295,0.0009999999904788583,0.0000110002936050929,0.00001100031207709473,0.8065382426438431,3.167120092962342,2.503297492433054,0.01760625881667957,0.0002703956799910955,0.0002826817377678949,0.008403520579282422,0.0020309999999998506,0.00203099999999983,0.00203099999999985,0.0010103099999998852,0.001010309999999889,0.0010103099999998852,-0.30626140957923553,9.729550594014663,0.5602542030146137,0.015791271130738454,-0.0011577232451764857,-0.004645160376035232,-13.889813041687011,-20.349750690460205,-2.4423751068115234,986.0214794921875,-0.02811034845819405,24.758875761723
2025-03-01T17:03:53Z,40.32527102785984,-76.03343817921413,59.886915984901094,19.39570735267911,-17.388726290162403,-0.780009253831599,1.4360988990599877,6.277615358675091,3.160314310960341,0.0009999999976172719,0.0010000000028198583,0.0009999999993009912,0.0009999999977055715,0.0009999999924398199,0.0009999999900954972,0.000012000282629623845,0.000012000313390784578,0.8188238660951987,3.8604236474495814,2.9896658451925675,0.019608618708279197,0.0002791289407916159,0.0002924950808302171,0.008410555611286194,0.0020319999999998503,0.002031999999999829,0.002031999999999849,0.0010103199999998845,0.001010319999999888,0.0010103199999998843,-0.22819850417276138,9.712583779332371,0.32510184703598555,0.002400480757223298,-0.001600683293682288,0.010453714584363541,-13.05956301689148,-19.4096258354187,-2.126625081896782,985.989140625,-0.05780400297861534,23.49054912658746
2025-03-01T17:03:54Z,40.32481200559839,-76.03363558314105,59.91598388294029,19.584042996407952,-17.745560047326727,-0.6881064360245984,1.4490604490734453,6.2771587457964815,3.159235706198754,0.0009999999974024318,0.0010000000030036722,0.000999999999033854,0.0009999999974950307,0.0009999999923994533,0.0009999999901960488,0.000013000266355678735,0.000013000315078072872,0.8361749176459603,4.571158413474433,3.528727072514688,0.021025817395804464,0.00028698127356527423,0.00030208655568948403,0.008419976292829727,0.0020329999999998496,0.002032999999999829,0.00203299999999985,0.001010329999999884,0.0010103299999998875,0.001010329999999884,-0.2414982929292629,9.822007708687385,0.5813973389502093,0.009993062542778625,-0.0018487011875441496,0.0014534733702432836,-13.477313022613526,-19.66106325149536,-1.960687571167946,985.9439965820312,0.0636938289103373,23.91729979463748
2025-03-01T17:03:55Z,40.3241774626045,-76.03382788458494,60.100740545262944,19.715932776251208,-18.140840238544893,-0.7561052801495034,1.4537863227650554,6.272855224141164,3.1613947430869827,0.0009999999975136141,0.001000000003101777,0.0009999999993646784,0.0009999999974705316,0.000999999992438839,0.0009999999906466135,0.000014000243404535258,0.0000140003171944823,0.858128758697529,5.382436739695332,4.091221905343949,0.02305593723344893,0.0002936300492349216,0.0003115062083400453,0.008428168280540566,0.002033999999999849,0.0020339999999998285,0.002033999999999849,0.0010103399999998835,0.001010339999999887,0.001010339999999883,-0.23465913778283717,9.673620691932218,0.2640848646347449,0.0005169805668431276,0.0005373429514725534,0.006208204120112172,-13.42781307220459,-19.95712579727173,-0.9703125383332372,985.8491821289062,-0.09835923354300097,24.073472614372616
2025-03-01T17:03:56Z,40.323414806393295,-76.03401265209189,60.3118876509645,19.68304484954205,-18.35851482660651,-0.7550652125248699,1.4536520032681173,6.278780050635011,3.167391371707088,0.0009999999977389105,0.0010000000029004343,0.0009999999992084617,0.0009999999976997046,0.000999999992531298,0.0009999999909752015,0.000015000212512272364,0.000015000319785994497,0.8844801214563671,6.263539275952947,4.663993485362848,0.024866984080542914,0.00029869978280027586,0.00032078100629232833,0.008438889245277878,0.00203499999999985,0.0020349999999998295,0.00203499999999985,0.0010103499999998822,0.001010349999999886,0.0010103499999998824,-0.1391057480790934,9.727100172675529,0.2723002274691582,-0.005296416134838023,0.005220639489080816,-0.00314820794097478,-13.680375566482544,-19.424063282012938,-1.7893125662207603,985.8078149414063,-0.0465003860664916,23.82532514211746
2025-03-01T17:03:57Z,40.32250817958247,-76.03418552045474,60.574568003870695,19.428816228391785,-18.625173781021314,-0.808380548577847,1.4623747460903103,0.001639280155955563,3.165629242387482,0.0009999999975235996,0.0010000000031113847,0.0009999999990535683,0.0009999999978557795,0.000999999992509998,0.0009999999912230304,0.00001600017272652681,0.00001600032288238191,0.9146403931395475,7.272469681508766,5.215492929735105,0.02721319194448184,0.00030233784186063704,0.0003296125305694852,0.008449360988156936,0.0020359999999998504,0.0020359999999998305,0.0020359999999998504,0.0010103599999998828,0.0010103599999998865,0.0010103599999998828,-0.03300891091582812,9.68424387234257,-0.007550843139593644,0.002422345145859942,-0.0029202185147489765,-0.00385404002475463,-14.345813083648682,-19.692000770568846,-1.7994375643879175,985.7544970703125,-0.09407265762046961,24.429750917940883
2025-03-01T17:03:58Z,40.32144283024019,-76.03433799165587,60.95596105353991,19.042382710959885,-18.02204796678656,-0.7136014646198348,1.4659217922534946,0.007547223755720875,3.155398988287335,0.0009999999972820702,0.0010000000029244957,0.0009999999991686915,0.0009999999979961045,0.0009999999927012377,0.0009999999911894837,0.000017000123462308106,0.000017000326501105625,0.9449800643821018,8.190294864688484,5.757251997535215,0.026893265134602176,0.0003046960645721988,0.00033791671509183114,0.008459515292165437,0.002036999999999849,0.002036999999999829,0.0020369999999998493,0.001010369999999882,0.0010103699999998855,0.001010369999999882,-0.039285156212754205,9.745325540539492,0.6060989858058122,-0.0038303409905151016,-0.011873391628924444,-0.004308850673253159,-13.73718804359436,-20.197875652313233,-1.7889375664293765,985.6798095703125,-0.014202779677453523,24.492086772632327
2025-03-01T17:03:59Z,40.32022028695007,-76.0344610513052,61.506173662648116,18.887001638050165,-16.845238603075053,-0.6482073639224121,1.4682179571728762,0.013564844825052155,3.1574740571919975,0.0009999999969302583,0.0010000000031921497,0.0009999999988860463,0.0009999999976824825,0.0009999999927487143,0.0009999999911671816,0.00001800006415784378,0.000018000330674730887,0.9693203031578397,9.060141027938137,6.3238172277129525,0.02540490540847282,0.0003054334049145887,0.0003465470428688265,0.008469444750290836,0.0020379999999998485,0.002037999999999828,0.002037999999999848,0.0010103799999998829,0.0010103799999998863,0.0010103799999998829,-0.394521258818535,9.665846556738758,0.9467931330080411,-0.006019606144423184,-0.000046149438765323765,-0.0028726510611870653,-14.5676256275177,-20.18812572479248,-1.905750073827803,985.5886181640625,-0.058444483797233666,24.96808907693287
2025-03-01T17:04:00Z,40.31886514285966,-76.03455092642884,62.15455444218407,18.813327677813373,-14.849949068933793,-0.616069237192358,1.4719500767676994,0.01795318423450908,3.1572663212994394,0.0009999999968931367,0.0010000000032592661,0.0009999999987746352,0.0009999999975984102,0.0009999999925970925,0.000999999991343887,0.000018999993733420484,0.000019000335469358738,0.9823477346482392,9.786802530450572,6.908125838931047,0.022150340471245963,0.00030597846890153776,0.0003549155618679127,0.008478843332614425,0.00203899999999985,0.0020389999999998296,0.0020389999999998474,0.0010103899999998822,0.0010103899999998856,0.0010103899999998822,-0.5967729591026006,9.56183599535305,1.6053417196284943,-0.004858629109271097,-0.0026391538748337454,-0.0012748892748254924,-15.091875658035278,-19.214063262939455,-2.1853125900030137,985.5001513671875,-0.06476307577580126,24.52994141693816
2025-03-01T17:04:01Z,40.317495574118,-76.0346150844425,62.70087488667154,18.85492310345028,-12.22989479397172,-0.6818739816943831,1.462208335796062,0.032679464343863596,3.158638737812477,0.0009999999971958416,0.0010000000035247842,0.0009999999990281433,0.0009999999974151807,0.0009999999926145844,0.0009999999915669753,0.000019999909607307637,0.000020000341001847082,0.9792909120867828,10.371811671261044,7.537909900558339,0.018781152549107363,0.000307496837545853,0.00036311206118145635,0.00849102061019189,0.0020399999999998492,0.0020399999999998293,0.002039999999999848,0.0010103999999998825,0.001010399999999886,0.0010103999999998823,-0.84961455180682,9.397648436860958,2.322191511632237,-0.017381357379116488,0.00034390269705022905,-0.011333795704915094,-15.208688106536865,-20.254500732421874,-2.44537510573864,985.4801953125,-0.06153134368016291,25.44653722227953
2025-03-01T17:04:02Z,40.31615277804084,-76.03465893777157,63.12766378994175,19.037186786616246,-8.844425531609534,-0.5715711501829137,1.466598268536706,0.030023226352049997,3.160589075415527,0.0009999999976083348,0.001000000003223947,0.00099999999889626,0.0009999999976715516,0.0009999999926668184,0.0009999999919320037,0.000020999806388283493,0.000021000347467042235,0.9590318309224324,10.812970669803493,8.290133758849102,0.017801542566329296,0.00031085173621441594,0.00037087798702493507,0.008499004522733984,0.0020409999999998494,0.0020409999999998303,0.002040999999999847,0.0010104099999998831,0.0010104099999998866,0.0010104099999998831,-1.118055913155812,9.479284862827464,3.33690915520562,-0.0015733117332300244,-0.0001863477046291208,0.0061601363538634265,-14.611875562667846,-18.294000720977785,-2.34768760740757,985.4915405273438,0.332052680292901,23.530546229137226
2025-03-01T17:04:03Z,40.314681825459935,-76.03468467652368,63.53515391811706,18.903520087535927,-6.190565617065088,-0.6200804703674057,1.462824788578475,0.042722057002918555,3.161027005227932,0.0009999999976910883,0.0010000000031243552,0.000999999998966628,0.0009999999976013356,0.000999999992508281,0.000999999991767077,0.000021999675779531852,0.000022000355074823323,0.9311229259288036,11.439635379064752,9.108012176712919,0.020031157056301582,0.000317298272150022,0.00037773113656133745,0.008511090380502535,0.002041999999999849,0.0020419999999998313,0.0020419999999998478,0.0010104199999998835,0.001010419999999887,0.0010104199999998835,-0.9610403190721746,9.392623518940564,2.776349249522995,-0.008218385477705408,0.0006696970112476132,-0.008656171952532963,-14.93212555885315,-18.362250785827637,-2.135625086724758,985.451396484375,0.061690023467205785,23.763398269530693
2025-03-01T17:04:04Z,40.31300927515565,-76.03471018746593,63.91545685898061,18.149747711565336,-5.040709418072187,-0.5897846186706558,1.4748000246052828,0.04566233958761995,3.159316520119429,0.0009999999977875207,0.001000000002969036,0.0009999999993625017,0.0009999999978291764,0.0009999999924648522,0.0009999999915724863,0.00002299950942138773,0.000023000363945387045,0.9096812440381065,12.361082830356633,9.959546153070281,0.020454502212935065,0.00032575021051641927,0.0003834548621037221,0.00852061289831236,0.00204299999999985,0.0020429999999998297,0.002042999999999846,0.0010104299999998826,0.001010429999999886,0.0010104299999998826,-0.5442491915994976,9.628189022248693,1.4587787133993257,0.009071757842597412,-0.0017585733996781407,0.0015636292961844853,-14.18043807029724,-19.300125675201414,-4.227375175952911,985.4001806640625,-0.026558667491986626,24.319701771994826
2025-03-01T17:04:05Z,40.311248490320445,-76.03475197376534,64.24246127629091,17.108405795817756,-4.688869319008573,-0.5805944580327607,1.4693147558028292,0.05060240720446477,3.1565997204327836,0.0009999999980262117,0.001000000002702122,0.0009999999992724956,0.000999999997530628,0.0009999999927464216,0.000999999991661445,0.000023999300858597382,0.000024000374135692022,0.8975783910819843,13.397337012460705,10.867971009366764,0.01929640852258103,0.00033543202613333674,0.0003882998252477233,0.008530493508108663,0.0020439999999998506,0.0020439999999998307,0.0020439999999998467,0.0010104399999998825,0.0010104399999998864,0.001010439999999883,-0.3507509116284776,9.679881849921754,0.8707451731370307,-0.006935569504084155,-0.0019366592062315308,-0.00030768683971155587,-14.230875549316407,-19.01006332397461,-2.078625091910362,985.39298828125,-0.054567389225725,23.837335767099116
2025-03-01T17:04:06Z,40.30935054165509,-76.03481327177442,64.5292381079063,15.895646848048377,-4.751980835054757,-0.6032418019265147,1.4672419969280646,0.052780450328650884,3.1558360877677343,0.000999999998121778,0.0010000000026065508,0.0009999999992412788,0.0009999999974611533,0.0009999999927221934,0.0009999999914768974,0.00002499904519492542,0.00002500038569904745,0.8903969356729233,14.493564849312392,11.837460651534418,0.0175337338449503,0.00034523429964571344,0.0003929042854977644,0.008539400708410888,0.00204499999999985,0.00204499999999983,0.0020449999999998473,0.001010449999999882,0.0010104499999998855,0.001010449999999882,-0.26656343035575064,9.6760135084761,0.6730980203581177,-0.0026448286682727697,0.0001341055158586386,0.002745302032872619,-14.319563074111938,-19.377000827789306,-2.5620000924542548,985.3731494140625,-0.0767887680362044,24.229721829118784
2025-03-01T17:04:07Z,40.30734552381034,-76.03489588503152,64.75325577519108,14.332714458582272,-5.890563844200338,-0.6272528070979793,1.4695459831880353,0.06321132906448966,3.153970031959633,0.0009999999979773688,0.001000000002242011,0.000999999998941769,0.0009999999976743885,0.0009999999926634672,0.000999999991740076,0.000025998739677523107,0.000026000398697717407,0.882444629328045,15.84102312051926,12.813576890867953,0.014557986180166495,0.0003554892193041376,0.0003975828773830061,0.008550407997217246,0.002045999999999849,0.002045999999999829,0.002045999999999848,0.0010104599999998815,0.001010459999999885,0.0010104599999998815,0.03889345088147696,9.79800100582675,-0.2768414545661404,0.0023190316749746556,0.000038470048905494755,-0.005815650480270126,-13.378875522613525,-19.80468831062317,-2.845875106230378,985.364892578125,0.02227281370023966,24.06899538057185
2025-03-01T17:04:08Z,40.30519519531287,-76.03499754488874,64.86442150452595,12.68202903361757,-7.41202844420414,-0.785491305014674,1.4622256232155884,0.067789456624,3.150730421161344,0.0009999999980041122,0.0010000000020352064,0.0009999999987018544,0.0009999999974610826,0.0009999999924362145,0.0009999999915263516,0.000026998383243690395,0.000027000413241494726,0.8695398828231092,17.367373707341486,13.820024743622144,0.013560853616417432,0.00036567303280857997,0.00040297292416548386,0.008560142386324016,0.002046999999999848,0.002046999999999829,0.002046999999999848,0.0010104699999998823,0.0010104699999998858,0.0010104699999998823,0.10627821433498069,9.718446198143308,-0.6250880281653849,-0.00722063958784834,-0.002028288549120345,-0.000592756913126734,-13.36218804359436,-19.821750774383545,-1.1066250537335873,985.3570776367187,-0.040434477801091134,23.93056728202754
2025-03-01T17:04:09Z,40.30277250362614,-76.03510781144735,64.87515446770698,11.030687697176463,-8.708125642690598,-0.8702151172733688,1.457818104627244,0.07691363051472806,3.149343645125501,0.0009999999980294,0.0010000000020703552,0.000999999998733653,0.0009999999973350025,0.0009999999924450748,0.000999999991634855,0.000027997973787291278,0.00002800042948125096,0.8535481564361527,19.020247406729943,14.890825197929537,0.015148309761301585,0.0003759300345256832,0.000409789402689471,0.008571383055310869,0.002047999999999847,0.0020479999999998303,0.002047999999999847,0.001010479999999883,0.0010104799999998866,0.001010479999999883,0.08992726268562393,9.7843501585643,-0.4152721293511659,-0.004928060918515173,-6.092973785699505e-6,-0.005466322872932618,-13.031438102722168,-19.166438369750978,-2.6913750994205476,985.333056640625,0.01417613434084949,23.332635045225093
2025-03-01T17:04:10Z,40.30008656307315,-76.03520965627996,64.77655717622117,9.65590425078207,-9.590505135371748,-1.0323800296177448,1.4547573405790277,0.0892483413773643,3.1516954891169706,0.0009999999982387006,0.001000000001779106,0.0009999999987787298,0.0009999999973226246,0.0009999999921216597,0.000999999991512592,0.00002899750797839397,0.000029000447540423002,0.8407078007382501,20.756327464013303,16.025688064781704,0.018319155459251252,0.0003858092977981288,0.0004182490630053595,0.008583800341147209,0.0020489999999998474,0.0020489999999998296,0.002048999999999848,0.0010104899999998824,0.0010104899999998857,0.0010104899999998824,-0.147879428363142,9.667399302162643,-0.144768760669331,-0.004787361530948869,0.0035305802969839775,-0.00912450183572681,-13.99706311225891,-20.62237575531006,-3.0024376302957534,985.3261206054688,-0.10968137820375377,25.10402812389066
2025-03-01T17:04:11Z,40.296897715586965,-76.0352815980561,64.64689402182796,8.278036148404114,-9.979326771945162,-1.113042002139413,1.4524004391081098,0.08641892669286215,3.1399709818496992,0.0009999999982171351,0.0010000000017895434,0.0009999999984013398,0.000999999997480912,0.000999999992304516,0.000999999991170229,0.00002999698312615559,0.00003000046742672795,0.8368022309599307,22.605774196355984,17.1666100248333,0.022624415700248496,0.0003951429009877464,0.0004264457288452561,0.008592732966768017,0.002049999999999847,0.0020499999999998306,0.0020499999999998466,0.001010499999999882,0.0010104999999998845,0.001010499999999882,-0.03379343676256592,9.72527495155782,0.08588691959716366,-0.0042571112742729525,-0.012944409297366712,0.0032760534693824376,-13.939125528335572,-20.1245631980896,-2.86725010573864,985.2812939453125,-0.053536528376479674,24.647837084820228
2025-03-01T17:04:12Z,40.29353253784687,-76.0353079614347,64.43669792131578,7.237139388331047,-10.00539029876286,-1.2040882165833682,1.452566652302481,0.08943206489679557,3.128061786986806,0.0009999999980590199,0.0010000000016539335,0.0009999999982225139,0.0009999999972957092,0.0009999999923210779,0.000999999991142049,0.000030996400344078,0.00003100048897636952,0.8463205673279579,24.584510025491102,18.28669432631534,0.02789314285116717,0.00040322941005193643,0.0004350923837628873,0.00860322702457233,0.002050999999999846,0.00205099999999983,0.0020509999999998463,0.0010105099999998817,0.0010105099999998843,0.0010105099999998817,-0.05814857863704891,9.697110151289104,0.13527124413386907,-0.0031074836468841438,-0.013319106727777941,-0.0040950481100185745,-13.604625558853149,-20.024250812530518,-3.029812611937523,985.3072021484375,-0.081016100139383,24.397412417685715
2025-03-01T17:04:13Z,40.290103558230264,-76.03527811234225,64.11224183793246,6.725774332893455,-9.327783923694662,-1.344131332515057,1.4432908383681018,0.08475276560444775,3.123925670123808,0.0009999999978621268,0.0010000000014040822,0.0009999999980717645,0.0009999999970835625,0.000999999992478037,0.0009999999910895395,0.0000319957675913983,0.00003200051187655782,0.871002615293246,26.51914468734341,19.34253247406219,0.03151525249469866,0.000407490581839314,0.0004442564281554378,0.008610913832693634,0.002051999999999847,0.0020519999999998304,0.002051999999999847,0.0010105199999998803,0.0010105199999998831,0.0010105199999998825,-0.2047887313228559,9.573879852929052,0.5591996598006926,-0.014540835526473471,-0.007393718246142206,0.0028382666594219813,-12.347250518798829,-20.415938262939452,-3.4518751454353334,985.3607836914063,-0.1869328337964396,24.107635993878716
2025-03-01T17:04:14Z,40.28624599160782,-76.03516033148676,63.82931153429354,6.621814696274333,-8.18223884750683,-1.386934808316359,1.4499114121398164,0.07840242794958979,3.121703838568513,0.000999999998058959,0.0010000000015145084,0.0009999999981523966,0.0009999999970027873,0.0009999999927338822,0.000999999990875916,0.00003299510070415208,0.00003300053570691953,0.9086672356672132,28.518058164373357,20.277197569535023,0.035289402632780895,0.0004084218129956507,0.00045258291682577544,0.008617402229704153,0.002052999999999846,0.002052999999999831,0.002052999999999846,0.0010105299999998809,0.0010105299999998837,0.0010105299999998818,-0.12209251478931168,9.64733162651547,0.5643729929501144,-0.0007922055533412096,-0.006845775595046644,0.0028554580087684933,-12.724500513076782,-21.045375728607176,-2.8717501080036163,985.3440356445312,-0.11484341100087259,24.76015298308054
2025-03-01T17:04:15Z,40.28203030901489,-76.0349391176189,63.718760778945125,7.239007757069963,-6.138620838799242,-1.2969651369523325,1.4556247426044606,0.0802970959520608,3.1294537944980365,0.0009999999977179184,0.0010000000016214105,0.0009999999983998974,0.0009999999971761326,0.0009999999926119656,0.0009999999909936724,0.00003399442137676389,0.000034000560083812214,0.9536596234191825,30.36171808540118,21.09498862813198,0.03593946493406119,0.00040610976916886156,0.00046004362695967736,0.008624886817849368,0.0020539999999998454,0.0020539999999998303,0.0020539999999998454,0.0010105399999998802,0.0010105399999998836,0.001010539999999881,-0.30261529720644387,9.689373420713817,0.9255408081331451,-0.004359756010381287,0.0028484480382271775,-0.006171988510211386,-13.037438020706176,-20.53181329727173,-3.7734376263618468,985.3111010742188,-0.04148377678205071,24.61232350520363
2025-03-01T17:04:16Z,40.277819351000076,-76.03463369327008,63.7551411951835,8.338397338315827,-3.490529173722947,-1.2219748813948756,1.4680584559423389,0.09680415800085898,3.1313744991735755,0.0009999999977522228,0.0010000000014097586,0.000999999998567797,0.0009999999970762188,0.0009999999922294125,0.0009999999911281543,0.000034993749014309386,0.00003500058489299774,0.9959928691046789,31.988179885999312,21.77335999298131,0.03442854863637799,0.00040334056454414334,0.00046500306467127356,0.008635130589815266,0.002054999999999847,0.0020549999999998313,0.002054999999999847,0.0010105499999998801,0.0010105499999998836,0.0010105499999998801,-0.426137897218265,9.627051538934806,1.1781123911510116,0.002091876950366246,-0.002179169283540041,-0.022931047221708318,-13.346625576019287,-20.36362581253052,-3.4608751446008683,985.3086743164063,-0.07173094701276483,24.592373183504105
2025-03-01T17:04:17Z,40.27406410348771,-76.03429568712761,63.762819014846286,9.785215024955892,-1.0040697498676816,-1.1972220862971554,1.4692021470422119,0.09072234033865201,3.1393077867829398,0.0009999999976192718,0.0010000000011216145,0.000999999998064293,0.0009999999969744074,0.0009999999921598724,0.0009999999911238597,0.00003599309723488243,0.00003600061029624976,1.0292548606294738,33.51689025268782,22.368237002800637,0.03235848317384927,0.0003977005008752497,0.0004683808839225715,0.008638497761834354,0.002055999999999846,0.0020559999999998305,0.0020559999999998457,0.00101055999999988,0.0010105599999998835,0.00101055999999988,-0.6275207294197006,9.587837973275365,1.0540752622555363,-0.008992147299214834,0.0014230965500560285,-0.0002873244519723498,-13.351500520706177,-20.084438228607176,-3.9751876509189605,985.3729956054688,-0.11423976379115217,24.442725888639654
2025-03-01T17:04:18Z,40.270771739856144,-76.03394609801855,63.695614761121,11.267055736899376,1.2564707879558008,-1.174134455801335,1.4709642545732093,0.07653463369473411,3.145837100226137,0.000999999997797017,0.001000000001399623,0.0009999999978203013,0.0009999999972546841,0.0009999999922025524,0.00099999999142654,0.00003699247383972004,0.000037000636607258755,1.0519687294292686,34.93660768116423,22.925814138659042,0.030458717569057776,0.000391950619014199,0.0004699550715505212,0.008639734754947687,0.0020569999999998467,0.002056999999999831,0.002056999999999844,0.0010105699999998796,0.001010569999999883,0.0010105699999998796,-0.49774998375659535,9.615275580722958,1.025122104673409,-0.00712901020007484,-0.0002669625342808585,0.007653917727399633,-12.365437994003296,-19.56787570953369,-4.289625189304352,985.4443237304688,-0.09792343230740748,23.54154412365666
2025-03-01T17:04:19Z,40.26768917291705,-76.03357322808304,63.62981156623518,12.747312424811266,3.1767767055927805,-1.1377096828256574,1.4787883930019463,0.06440741065874463,3.139471859610044,0.0009999999973908254,0.001000000001338281,0.0009999999976936472,0.0009999999971376983,0.0009999999922381427,0.000999999991725478,0.0000379918832461309,0.00003800066413161967,1.066913330247609,36.336719985547035,23.485446734134477,0.029871194313575378,0.00038741385018707875,0.00047012643247393765,0.008641866960875457,0.0020579999999998473,0.0020579999999998325,0.002057999999999844,0.00101057999999988,0.0010105799999998836,0.00101057999999988,-0.24385188578154263,9.677575343771615,0.7392844049791144,0.0004495520486819044,-0.01257388519708373,0.004197357703138428,-12.907125568389892,-19.401750621795653,-4.185375170707703,985.4747998046874,-0.07187906276081324,23.67565771507119
2025-03-01T17:04:20Z,40.26483368706769,-76.03318745467503,63.56785891542477,14.378095702527608,4.777311147116929,-1.0888073544751729,1.483855096028757,0.06583888475946784,3.1439837559471853,0.0009999999973412412,0.001000000001601819,0.0009999999977499824,0.0009999999974461638,0.000999999992307944,0.0009999999917045253,0.00003899133069534555,0.00003900069308939412,1.0776433666976517,37.70355295652052,24.087668252956583,0.02942504566606395,0.00038456610931467047,0.0004693986757758386,0.008646301027569844,0.0020589999999998465,0.002058999999999832,0.002058999999999843,0.0010105899999998803,0.0010105899999998838,0.00101058999999988,-0.2743002300348118,9.71342124048735,0.4862983355098185,-0.002425350990078068,-0.00024659998214254623,-0.00823874773390774,-12.378375520706177,-20.10056329727173,-4.5326251745223995,985.5062426757812,-0.051446556761557044,24.03745129667188
2025-03-01T17:04:21Z,40.26218171201006,-76.03279236823894,63.51930880975186,16.163438087921072,6.619416601943469,-1.035024456064383,1.4884514453612865,0.05940239600367042,3.148932256321653,0.0009999999973186713,0.0010000000014812902,0.0009999999976065092,0.0009999999975684201,0.0009999999925042438,0.00099999999201383,0.00003999081549192801,0.000040000723805107365,1.0822772685586883,38.83114404088934,24.757725530977254,0.02737327390131752,0.000382669639653008,0.00046793838259498195,0.00864950178367289,0.0020599999999998475,0.0020599999999998324,0.0020599999999998423,0.0010105999999998803,0.0010105999999998837,0.0010105999999998798,-0.3759670774924135,9.68867644112849,0.8195812615593951,-0.0022442614584737984,-0.00021639093581379463,-0.00025895087873870103,-12.011625528335571,-19.8127508354187,-3.7290001249313356,985.5327563476562,-0.05057211392444879,23.46757959584506
2025-03-01T17:04:22Z,40.25981020927037,-76.03240673758397,63.42159712428039,17.954385330159763,8.476320923709167,-1.0115723955709752,1.491456082612553,0.05272554447945954,3.151981263873749,0.000999999997252098,0.0010000000014034622,0.0009999999979143528,0.000999999997832247,0.0009999999925215943,0.000999999992170629,0.00004099032521243754,0.00004100075680085964,1.0774238873575748,39.79824831071201,25.52415182596826,0.024603153758218553,0.0003823341333726322,0.00046630482422722484,0.008653102377150636,0.0020609999999998472,0.002060999999999832,0.0020609999999998407,0.00101060999999988,0.0010106099999998835,0.0010106099999998798,-0.4248885314021765,9.653161977766464,1.0323404603438173,-0.0027307832407760697,-0.0015599592970232422,0.0003744456647275132,-12.571125469207765,-19.699688205718996,-4.347375174760819,985.5829223632812,-0.06383895543568133,23.76990024716509
2025-03-01T17:04:23Z,40.25762246795489,-76.03203095225875,63.29764942855459,19.696951461953837,10.226689141514575,-0.9342329726362706,1.4942399839110299,0.045855360162394734,3.153553131818352,0.000999999997099559,0.0010000000012286828,0.0009999999976967587,0.0009999999978412165,0.000999999993042266,0.0009999999923771337,0.00004198983996944293,0.000042000792657453676,1.063303141167166,40.71708946473509,26.429370209834918,0.02198056932700023,0.00038373893101625097,0.0004649390952638606,0.008657268527802235,0.0020619999999998465,0.0020619999999998313,0.0020619999999998417,0.0010106199999998788,0.0010106199999998823,0.0010106199999998788,-0.42433348119570363,9.715350524150509,1.1214691816550144,-0.001983893173510368,-0.002539679711885777,0.000982807257354843,-12.440625505447388,-19.347375717163086,-3.825375142097473,985.6270336914063,0.007516155486666159,23.317830669429803
2025-03-01T17:04:24Z,40.2554577734738,-76.03165675567337,63.152970060913866,21.33697258980644,11.536722530102985,-0.9817471402849905,1.4966006527502855,0.037419231616498794,3.152065586329339,0.000999999996862442,0.0010000000011704316,0.0009999999973556656,0.0009999999978657767,0.0009999999928384507,0.0009999999925539875,0.00004298934136136582,0.00004300083179273267,1.0442257903470489,41.72634482863708,27.451554171297083,0.020466726086766127,0.0003865199348495233,0.00046430602919060246,0.008661933600403598,0.002062999999999848,0.0020629999999998297,0.0020629999999998427,0.0010106299999998792,0.0010106299999998827,0.0010106299999998792,-0.2723460922833088,9.629712334313753,0.7962486283653165,-0.0016719510701802645,-0.005388045634383671,0.002583740015996925,-12.811875476837159,-20.359313201904296,-4.088625181913375,985.6524389648438,-0.11529623168898144,24.40000317428372
2025-03-01T17:04:25Z,40.25343809291727,-76.0313030970814,62.882009126655376,22.929904980283055,12.8763389665378,-1.011244792454452,1.4984535297396104,0.03911004935012894,3.1518845281680004,0.0009999999968796154,0.0010000000012381268,0.0009999999975522126,0.0009999999978493842,0.0009999999927364478,0.0009999999927721042,0.000043988810734274256,0.00004400087455555621,1.0224547890520947,42.672459772955705,28.627591401197396,0.01870373181774547,0.0003912797729154323,0.0004641000246713736,0.008668251599579173,0.002063999999999849,0.0020639999999998286,0.0020639999999998437,0.0010106399999998787,0.0010106399999998826,0.0010106399999998787,-0.3587269865168548,9.640041350363514,1.0285518235950788,-0.0014174245267253324,-0.002852956694218955,-0.006762490933144688,-12.628125591278076,-20.21400079727173,-4.331250174045563,985.717236328125,-0.08048303673655798,24.224628829545477
2025-03-01T17:04:26Z,40.251090517068995,-76.03093209740666,62.62305562562885,24.774201727411562,14.35194741638863,-1.0601711745154432,1.499413686347817,0.03979199434884781,3.1539427868527197,0.0009999999966721763,0.0010000000011123346,0.0009999999977253142,0.0009999999977047093,0.0009999999928482143,0.0009999999925978987,0.00004498821942239212,0.000045000921387268467,0.9972530653317171,43.60199300172678,29.95623508474673,0.017071071657811528,0.00039771246784948386,0.0004643392625044524,0.008675023955132912,0.002064999999999848,0.002064999999999828,0.002064999999999843,0.001010649999999878,0.0010106499999998817,0.0010106499999998782,-0.4873313934200187,9.603044773538322,1.1849378189361535,-0.002144119711793389,-0.0007571561943441911,-0.005896932487117786,-14.714250612258912,-20.88937578201294,-3.545625138990581,985.7121752929687,-0.09392008164597972,25.796201634122074
2025-03-01T17:04:27Z,40.24837613574815,-76.03055383877008,62.44018285266035,26.55757571255777,15.552107500897812,-0.9330208857300321,1.5058791625680905,0.03357170891392185,3.152444082276159,0.0009999999966357176,0.001000000001227898,0.000999999997811658,0.0009999999975617451,0.000999999993058198,0.000999999992878697,0.00004598753732287854,0.00004600097265144354,0.9714168971432259,44.706939100768246,31.46382231494594,0.01633845054118953,0.00040466351465594886,0.0004657900797677649,0.00868166640323821,0.0020659999999998488,0.0020659999999998284,0.0020659999999998436,0.0010106599999998773,0.0010106599999998808,0.0010106599999998773,-0.2992254544860622,9.802633650142829,0.970565756258346,0.003886918614032484,-0.00476699942050424,0.0005577051008877122,-13.368375577926635,-20.892375698089598,-3.9264376616477965,985.7024975585938,0.07289555162104407,25.11213212620179
2025-03-01T17:04:28Z,40.2458949456064,-76.03021441283923,62.11672635336985,28.285866518272442,16.436993251294645,-1.0729924856881417,1.5046624299065066,0.030292550998771314,3.1546413696914675,0.0009999999967057636,0.001000000001180731,0.000999999997974647,0.0009999999977766333,0.0009999999931266698,0.0009999999926230642,0.00004698673623336414,0.00004700102858813663,0.9467131992567236,45.846938734743205,33.07932197989131,0.015327502179463715,0.000413220862833729,0.0004673928667429224,0.008688992005911545,0.0020669999999998498,0.0020669999999998294,0.002066999999999845,0.001010669999999878,0.0010106699999998818,0.001010669999999878,-0.48686067789065735,9.550598822483023,0.8747338620377756,-0.0030453962415777146,-0.00027647585752075567,-0.0011301835849662429,-13.753500623703003,-20.503313255310058,-4.377750174999237,985.7984301757813,-0.1794076279654601,25.074025877557016
2025-03-01T17:04:29Z,40.24287794541728,-76.02987387502033,61.78286415430391,30.047210413361313,17.50092784368796,-1.063967941177903,1.5018721507636446,0.029507675862916916,3.1543467864871713,0.0009999999965269253,0.001000000001296702,0.0009999999979897398,0.0009999999980858387,0.0009999999933067148,0.0009999999924013355,0.00004798577839180953,0.00004800108946152062,0.9228989384931061,47.02438954499752,34.85646916976866,0.014984401443639455,0.00042217552093496184,0.0004701953558915672,0.008697055985876332,0.0020679999999998495,0.0020679999999998295,0.0020679999999998443,0.001010679999999878,0.0010106799999998828,0.001010679999999878,-0.3865236120178639,9.679403312046142,1.1725997445901621,-0.004145953589612012,-0.0026086106391497743,-0.0040339616306164,-14.32800058364868,-21.321188201904295,-3.9607501511275767,985.7968310546875,-0.024641307258142547,25.991720962600642
2025-03-01T17:04:30Z,40.24025390524769,-76.02957467259948,61.297210799218526,31.536279783079973,18.247824736237213,-1.0635814149310114,1.497897026169273,0.02333861048054622,3.1504959481611112,0.0009999999963108308,0.0010000000015742679,0.0009999999981946351,0.0009999999982278486,0.0009999999935182394,0.0009999999926692737,0.00004898461735813968,0.000049001155538402735,0.9009072794303626,48.33835440006099,36.7686777624436,0.014751591976913302,0.0004309810837798789,0.0004742850747629418,0.008704917085999806,0.002068999999999848,0.00206899999999983,0.002068999999999843,0.0010106899999998778,0.0010106899999998832,0.0010106899999998778,-0.4485774818530966,9.686222806611354,1.1311640352428194,-0.004502291563225924,-0.005917461837467872,0.002227402155202807,-13.124063053131103,-20.099625759124756,-3.948375169597566,985.929697265625,-0.020213071831064983,24.327416071145706
2025-03-01T17:04:31Z,40.23800240829604,-76.02930735241223,60.71105955056652,32.77371288122974,18.608655589167135,-1.0094610947921585,1.4989252911345472,0.010282281446504615,3.1557751911597016,0.0009999999963784035,0.0010000000018094374,0.0009999999981880642,0.0009999999981152934,0.0009999999934044955,0.0009999999926334324,0.000049983208530619,0.00005000122697110137,0.8812972721463738,49.86798853402132,38.81189378680581,0.014407978845908768,0.0004413854736821692,0.00047778432253743955,0.0087124186584458,0.002069999999999848,0.002069999999999829,0.002069999999999843,0.0010106999999998786,0.0010106999999998823,0.0010106999999998786,-0.41385996781445866,9.76865954264499,0.9344367506570969,0.0008000481197999543,0.003148372576649003,0.010696558404357376,-13.518188076019287,-20.7016881942749,-4.4182501745224,986.0632543945312,0.039345863915090866,25.11612383980617
2025-03-01T17:04:32Z,40.235723961934454,-76.02905765735609,60.13334948705709,34.29889750029649,18.911629428598197,-0.9626104963145157,1.5026165658620358,0.0027409940337938224,3.1852936069744824,0.0009999999962647017,0.0010000000016503847,0.0009999999978171211,0.0009999999982144995,0.0009999999935950596,0.0009999999925252975,0.00005098149900862891,0.00005100130388525924,0.8627579134211174,51.550736351153084,40.977243930006836,0.014063030605739664,0.0004556933039192511,0.0004786250219369847,0.008720733056472573,0.0020709999999998486,0.002070999999999828,0.002070999999999844,0.0010107099999998792,0.0010107099999998826,0.0010107099999998792,-0.7456065306627297,9.76698062324343,0.9408149944412946,0.003713839553435033,0.02795499100830889,0.0073484854351199376,-14.388938064575195,-19.085438232421875,-3.5990626549720766,986.1494653320312,0.057797076739951825,24.171186953212633
2025-03-01T17:04:33Z,40.23223097602399,-76.02881665115217,59.70165573145116,36.27576814203223,19.234160919865626,-0.980879625342215,1.499540513638007,6.276876825966826,3.2486309980052335,0.0009999999964885981,0.001000000002050101,0.0009999999980788148,0.0009999999980947268,0.0009999999933814196,0.0009999999926280226,0.00005197940549001581,0.00005200138643586039,0.8442649820398651,53.401275776434495,43.238024811308044,0.014655893535938123,0.0004749784609780184,0.00047580183842248506,0.00872936126403402,0.002071999999999848,0.0020719999999998275,0.002071999999999843,0.0010107199999998795,0.001010719999999883,0.0010107199999998795,-0.9746434582156014,9.69318755515512,1.0057507103107346,-0.0021641480982651363,0.06150098078068147,0.010986969508163186,-14.662688093185425,-19.508250789642332,-4.729312691688538,986.1147485351562,0.011103442736567846,24.8582005614585
2025-03-01T17:04:34Z,40.22719079991406,-76.02859399953651,59.37214709423579,38.44543643265097,19.16616191599532,-1.035598317681967,1.5000595189046042,6.277758008025171,3.318031398897374,0.0009999999966127306,0.0010000000022343256,0.0009999999980848182,0.0009999999983147164,0.0009999999933523426,0.0009999999924523092,0.000052976825272916664,0.00005300147478122436,0.8276108759926475,55.58840041094548,45.59090324966644,0.01611560155581713,0.0004945697075100202,0.0004739325672340683,0.008738955105567008,0.002072999999999847,0.0020729999999998267,0.0020729999999998423,0.001010729999999879,0.0010107299999998825,0.001010729999999879,-1.0846694953889242,9.671666509944139,0.6894090948965366,0.002492110321496092,0.06817025527686188,0.0019423316781554338,-14.609250555038452,-19.49418815612793,-5.8485002207756045,986.0599877929687,-0.02607035830538549,25.053063173477877
2025-03-01T17:04:35Z,40.21985871916293,-76.0283962980826,59.18678020184448,40.27980774987091,18.67043195466032,-1.0767755431635642,1.4910378301920912,6.277255988700842,3.388188298643724,0.0009999999965982565,0.0010000000021770513,0.0009999999980091127,0.000999999997964216,0.0009999999934617373,0.0009999999921287248,0.000053973670530965076,0.000054001569120223245,0.8161717899471554,58.12501490213606,48.00752762135625,0.017872120617202086,0.0005137424888795062,0.00047340727863615453,0.008748644230967486,0.0020739999999998477,0.0020739999999998273,0.0020739999999998425,0.0010107399999998786,0.001010739999999882,0.0010107399999998786,-0.8246893150611125,9.681955567039799,0.46396532135834584,-0.006289988964637541,0.06873121593584791,0.004748137410789053,-14.519250574111938,-19.469438247680664,-7.4580003452301025,985.953271484375,-0.05463618932689712,25.406433085508315
2025-03-01T17:04:36Z,40.21328468456372,-76.02820635153296,58.81931497721345,41.556725564837244,18.26303712263051,-1.085110998970558,1.4851242864365344,6.268970481036802,3.43820901593406,0.0009999999967148206,0.0010000000024273379,0.000999999997524051,0.0009999999977173726,0.0009999999937988606,0.000999999991807007,0.00005496987623408045,0.0000550016697451947,0.8129835879148977,60.87926815968732,50.528203473643536,0.020602584237094372,0.0005299945413099156,0.000476054106037468,0.00875816624286959,0.0020749999999998482,0.002074999999999828,0.0020749999999998426,0.0010107499999998785,0.001010749999999882,0.0010107499999998785,-0.8187961790747512,9.723980354306905,0.5469956094851992,-0.0036267184777937465,0.048327332196349326,0.01308043367081326,-14.667938051223755,-19.4386883354187,-8.208375329971313,986.0918383789062,-0.008979222543434874,25.69797301261395
2025-03-01T17:04:37Z,40.20671441885337,-76.02801847279919,58.37293117865828,42.48677865907765,18.250690089675828,-1.1318577999083304,1.476047327693058,6.276022032810785,3.505403850173252,0.0009999999970066824,0.0010000000027349215,0.0009999999977965328,0.0009999999973976696,0.0009999999936838803,0.0009999999918118441,0.000055965378163435696,0.00005600177701018609,0.8215009109217262,63.618035992344254,53.15464013324106,0.025056086952988305,0.0005486796447636816,0.00047503382208047425,0.00876833130761305,0.0020759999999998484,0.002075999999999828,0.002075999999999843,0.0010107599999998782,0.001010759999999882,0.001010759999999878,-1.0599037790240775,9.658107224144098,0.8936365053169353,-0.007098466565063267,0.0670197928919535,0.0011787508550384033,-13.446375551223754,-19.654313335418703,-9.79875039100647,986.1797216796875,-0.02560028604925115,25.750921006401274
2025-03-01T17:04:38Z,40.19943972800356,-76.02783427339733,57.94129387996406,42.59962798681483,18.173902304456643,-1.1255053630356384,1.472241518758003,6.27917724357321,3.55583518076444,0.0009999999971167157,0.0010000000028718915,0.0009999999976031068,0.0009999999970501,0.0009999999936800888,0.0009999999917328038,0.00005696015874101504,0.00005700189122622373,0.844117249531421,66.3294612184154,55.84015547379966,0.028524823438722473,0.0005651747091997145,0.00047365355030526966,0.008778336320259332,0.0020769999999998494,0.002076999999999829,0.002076999999999842,0.0010107699999998773,0.001010769999999881,0.0010107699999998775,-0.8286812785855319,9.683302423818386,0.9869219365923669,-0.002785027335818545,0.05006479012787056,0.005519229039264472,-12.947250528335571,-19.499438343048094,-10.144687914848328,986.2200439453125,-0.01401570326623983,25.510223143987087
2025-03-01T17:04:39Z,40.19208682301757,-76.02765513594973,57.521341080748854,41.807738040426045,18.064893340574994,-1.1015551383923476,1.470993701110569,0.004723742655821309,3.575252599417892,0.0009999999974211243,0.0010000000026841517,0.000999999997535229,0.0009999999971441213,0.0009999999934400701,0.0009999999915191076,0.00005795431615267915,0.0000580020126319131,0.8773105291080212,68.83148825228672,58.53325731396299,0.029401236057571938,0.0005776254538805056,0.0004725665917227563,0.008788330098519677,0.002077999999999849,0.0020779999999998282,0.0020779999999998426,0.0010107799999998766,0.0010107799999998803,0.0010107799999998768,-0.4692355114385213,9.672703352607398,1.1591201777680842,-0.0010712675342794769,0.019891575531533933,-0.0018043055805593337,-12.843562984466553,-20.26762577056885,-10.976437940597535,986.289208984375,-0.029469756560272817,26.38585350833908
2025-03-01T17:04:40Z,40.185189014574576,-76.02748350888014,57.097414573853435,40.57585706980155,17.97536070401352,-1.0625355032600878,1.4734479811966237,0.0200400006974436,3.583697218494507,0.0009999999974254993,0.0010000000024151733,0.0009999999975064458,0.000999999997023139,0.0009999999934244383,0.0009999999916261606,0.000058948041198534824,0.00005900214144109244,0.9139073286425663,71.00702587516655,61.27153625531193,0.029062923428860254,0.0005887949111008352,0.0004689481469431238,0.008798370323500846,0.0020789999999998483,0.0020789999999998275,0.002078999999999842,0.001010789999999877,0.0010107899999998804,0.0010107899999998778,-0.449046234372684,9.676516171186922,1.2427578197898654,0.0021920186189969717,0.009777757713856135,-0.008941241840916162,-13.281563081741332,-20.532563343048096,-11.915250444412232,986.3779052734375,-0.016322187205419746,27.202141395106683
2025-03-01T17:04:41Z,40.325079997542375,-76.0230827518503,59.75799052679912,-9.683376985564287,5.797565159177532,-0.2586233146276825,1.4929347666866848,0.1451167239340001,3.4577438017820854,0.0009999999975216591,0.0010000000030435106,0.0009999999980260775,0.0009999999972332614,0.000999999993471443,0.0009999999912206148,3.0774912705043637e-10,3.077490584891438e-10,0.7507208550134689,0.008912010142056039,0.008911863596461608,0.016249380087749864,0.00016812189798378122,0.00017681409003614953,0.008298685293633808,0.0020799999999998476,0.0020799999999998263,0.0020799999999998415,0.0010107999999998765,0.00101079999999988,0.0010107999999998782,-0.4912893606702819,9.673461078641383,1.2517622918312847,0.0026550074299822005,0.002716094350265765,-0.008574723179149736,-12.464438028335572,-20.03587574005127,-11.65518793106079,986.4340991210937,-0.014518142283978715,26.318040429347484
2025-03-01T17:04:42Z,40.32506254054458,-76.02301426578035,59.409833015217984,-10.64988953028787,5.825173444685174,-0.4541582542783114,1.4873580446152734,0.14532147489484293,3.4583198853081147,0.0009999999973190287,0.0010000000028181427,0.0009999999977172473,0.0009999999970348177,0.0009999999937586558,0.0009999999912401658,1.0003077493987192e-6,1.000307749719783e-6,0.772407545779085,0.02646292731573762,0.03664515885968806,0.014748597799012504,0.00017812950994191594,0.00018497875032722044,0.008301149341883085,0.0020809999999998477,0.0020809999999998278,0.002080999999999841,0.001010809999999876,0.0010108099999998799,0.001010809999999879,-0.4871019193480464,9.580180890398161,1.1066774835606286,-0.005693477599258832,0.0004660754151114405,-0.00015497041748825636,-12.435188007354736,-20.43412582397461,-11.89612551689148,986.4689892578125,-0.12482096684191693,26.715210556021677
2025-03-01T17:04:43Z,40.325040993902576,-76.02294508039238,59.00457244801412,-11.628040288757473,5.918658525964982,-0.5166871518043126,1.4874091142969934,0.14097922574818778,3.465408058937148,0.0009999999975751036,0.0010000000029995336,0.000999999997749453,0.0009999999969368379,0.000999999993683724,0.0009999999913467045,2.000307750940948e-6,2.000307755021063e-6,0.7860595165327418,0.07816289531813858,0.1189509990448434,0.01376445632323442,0.0001878683376989444,0.00019319194426190478,0.008304070642333537,0.0020819999999998466,0.0020819999999998275,0.0020819999999998414,0.0010108199999998755,0.0010108199999998792,0.0010108199999998794,-0.5005507563697082,9.69440352117538,1.2143185476556528,-0.0008923474478036884,0.005932313846497461,0.005128676075538003,-11.334562969207763,-19.487063274383544,-11.515312938690185,986.469228515625,0.0019560934615436964,25.314379343755586
2025-03-01T17:04:44Z,40.325014111797636,-76.022875387597,58.55282087677015,-12.634269348668523,5.925894317234928,-0.6430440360886367,1.4855325020288428,0.14659815346950755,3.463135674151966,0.0009999999976738466,0.0010000000028552022,0.000999999997666843,0.0009999999969242826,0.0009999999938161861,0.0009999999914786486,3.000307753278924e-6,3.000307774809673e-6,0.7925889098524812,0.1632808843764552,0.2578681444053916,0.013247494806676688,0.0001981331782685833,0.00020164823164209254,0.00830513744677055,0.0020829999999998463,0.002082999999999828,0.0020829999999998393,0.0010108299999998759,0.0010108299999998793,0.0010108299999998804,-0.4510899409230143,9.638446131385347,1.1496286499423438,-0.0013970620773834643,-0.0028224133542285148,-0.0054694943111780366,-10.93200041770935,-20.541938343048095,-11.535750455856324,986.4916137695312,-0.06378158350666822,25.97211489663953
2025-03-01T17:04:45Z,40.32497894092537,-76.02280586650669,58.080393752022886,-13.725246516521311,5.921938693267585,-0.7311244729187415,1.4865175740983825,0.15011134140011909,3.4664619941472186,0.0009999999975586335,0.0010000000031069988,0.0009999999979130986,0.0009999999971972303,0.000999999993300294,0.0009999999914902127,4.000307745146834e-6,4.000307826463159e-6,0.7938570520246073,0.28466537184981094,0.46117304519591096,0.013288002635647294,0.00020824322082233748,0.00021053528390263852,0.008307829931566164,0.0020839999999998447,0.002083999999999828,0.0020839999999998386,0.0010108399999998751,0.0010108399999998786,0.0010108399999998814,-0.4282169064035371,9.675064757047204,1.1801913960316022,0.000820076458544729,0.0019566857766089678,-0.00277250907297393,-10.356937923431396,-20.176875743865967,-11.840625514984131,986.4911499023438,-0.024843982291529256,25.58457112538896
2025-03-01T17:04:46Z,40.32493233820602,-76.02273685816205,57.55955067963691,-14.779875326387124,5.8755074761899335,-0.8015752401229012,1.4930643148592753,0.14549581587240956,3.466385781702622,0.000999999997230685,0.001000000002892503,0.0009999999981275408,0.0009999999972695793,0.0009999999934769243,0.0009999999916222935,5.000307684405621e-6,5.000307934977307e-6,0.792464916312947,0.44380063403457193,0.723929117790422,0.01385216483101541,0.00021781461952980881,0.00021988368844059802,0.008312722779819919,0.0020849999999998457,0.002084999999999829,0.002084999999999839,0.0010108499999998762,0.001010849999999878,0.0010108499999998805,-0.4498137662037076,9.694637528098497,1.100934704186619,0.0069717851621186825,-0.0020995566998647137,0.004966112579114096,-10.46568793296814,-20.550938186645507,-11.402250423431397,986.5320092773437,-0.013713937126820678,25.727035849339366
2025-03-01T17:04:47Z,40.324861932470554,-76.02266808778519,57.14128256509902,-15.942157593060102,5.970705344584322,-0.814156459167774,1.4947669145080775,0.13982204093849437,3.462974587520737,0.000999999997114847,0.0010000000029574017,0.0009999999981341475,0.0009999999974871605,0.0009999999936548692,0.0009999999913434907,6.0003074700740164e-6,6.000308133597679e-6,0.7912725087701687,0.6490249455023667,1.06404603982389,0.015121969090639812,0.00022723487976102983,0.00022962808138445734,0.008319066526699904,0.0020859999999998467,0.00208599999999983,0.002085999999999838,0.0010108599999998757,0.0010108599999998785,0.001010859999999881,-0.35581571907211074,9.738506022132524,1.2514432549892711,0.0029197159958367826,-0.005998910284752551,0.005709331529792848,-10.286625394821167,-18.97462574005127,-10.748812828063965,986.4866674804688,0.04398756576857853,24.111938964610527
2025-03-01T17:04:48Z,40.3247658252185,-76.02259517245571,56.718790324220755,-17.04275810641107,6.657560794592464,-0.9122689822846928,1.4923286384693184,0.14445043719761388,3.4604497625015678,0.000999999997397831,0.001000000003026613,0.0009999999983341648,0.0009999999973888537,0.0009999999938015605,0.0009999999909973657,7.000306907218857e-6,7.000308464319621e-6,0.7936974362223839,0.9208351863821077,1.4655217783792531,0.01719751223548194,0.00023716720611997543,0.00023958400871959025,0.008325497859938552,0.002086999999999846,0.0020869999999998303,0.0020869999999998364,0.0010108699999998748,0.0010108699999998787,0.001010869999999882,-0.5650392899484393,9.572251833678243,1.805071153431554,-0.0011326878081505446,-0.0041018913438219985,-0.004845443616010699,-11.734687852859498,-19.62393825531006,-10.950187940597534,986.5033837890625,-0.023792392790689208,25.35164453269001
2025-03-01T17:04:49Z,40.32464477769995,-76.02251089476235,56.25092294244301,-18.129401805207845,8.013567487057406,-0.9281652067294205,1.4908933253081345,0.14129462492902656,3.458953243027925,0.0009999999976522292,0.0010000000028848241,0.000999999998743974,0.0009999999971333313,0.000999999993744333,0.000999999990602044,8.000305673594765e-6,8.000308977001053e-6,0.803535866133424,1.3001070745485128,1.941520396141969,0.020704829420128096,0.0002462498174057895,0.00024948362553141497,0.00833418157090756,0.002087999999999847,0.0020879999999998317,0.0020879999999998365,0.0010108799999998756,0.001010879999999879,0.0010108799999998825,-0.7749186032649186,9.565903750098698,2.483667146207568,-0.000022616083732233646,-0.0032092941662031768,0.002573559097790311,-12.660375499725342,-18.89287570953369,-10.961812906265259,986.5539428710938,0.13212011909234211,25.24647750129775
2025-03-01T17:04:50Z,40.32447407522152,-76.0224130750596,55.85250184300409,-19.124160733953506,9.256593755256759,-0.9623849738175763,1.4873297596716448,0.14106721436765224,3.4585744569494894,0.0009999999975498558,0.0010000000029533765,0.000999999998814117,0.0009999999971217549,0.0009999999938471217,0.0009999999905712697,9.000303295336471e-6,9.000309729267089e-6,0.823931387365516,1.7593180672792703,2.480713504608442,0.025055490043038402,0.0002548412427103608,0.0002590493953020075,0.00834325987321464,0.002088999999999847,0.0020889999999998314,0.0020889999999998366,0.0010108899999998748,0.0010108899999998785,0.001010889999999882,-0.7592501935459036,9.533574477396098,2.4290486846060886,-0.0016534248641957479,-0.0015582903492682757,-0.000829759008441215,-13.091625547409057,-19.302563304901124,-10.716750402450561,986.5484008789062,0.08597689131694586,25.66760077396852
2025-03-01T17:04:51Z,40.32423012485437,-76.02231084926457,55.51463835052257,-19.966392047984602,9.238838384682772,-1.0298479090432708,1.4884749531255115,0.14044270209236273,3.4585433280867135,0.0009999999978307387,0.0010000000030360662,0.000999999998755459,0.0009999999967838877,0.0009999999938928997,0.0009999999908703614,0.000010000299153038618,0.000010000310784621288,0.8541573272201302,2.153688711193658,3.074290912504052,0.027369276804787027,0.00026241592802256895,0.00026799386188267434,0.008352846223567063,0.0020899999999998463,0.002089999999999831,0.0020899999999998363,0.0010108999999998741,0.001010899999999878,0.0010108999999998815,-0.42791943904450397,9.621177966432796,1.2821112692765333,0.0038461939780263434,-0.0007352919149927184,-0.0011425351009247547,-13.692188062667846,-19.974750747680662,-9.80718789100647,986.533896484375,-0.06577933605251415,26.127474992309764
2025-03-01T17:04:52Z,40.32389641810408,-76.02221465587645,55.2414644204767,-20.677783893626437,8.787342115580447,-1.0640326464717877,1.4854051717692787,0.13619512668949144,3.45585297456221,0.0009999999977987986,0.0010000000032892704,0.0009999999984980398,0.0009999999968582668,0.0009999999938117526,0.0009999999906074482,0.000011000292523531041,0.000011000312214039588,0.8898932566430879,2.5362572657592253,3.7352597494761963,0.02898474632284985,0.00026878644329526467,0.00027596150471622977,0.008362866586925205,0.0020909999999998473,0.0020909999999998317,0.002090999999999837,0.001010909999999875,0.0010109099999998784,0.001010909999999882,-0.2894547688084072,9.681158025102759,0.9410542716992426,0.0007900342701605927,-0.0028801615792936617,0.0013533315002441108,-12.593437976837158,-19.24237581253052,-11.317125434875487,986.517392578125,-0.050295468334574156,25.630809966860117
2025-03-01T17:04:53Z,40.3234565708515,-76.02212716468829,55.07639710672767,-21.191054361123793,8.312310423364291,-1.0667855785447304,1.4786280256402824,0.13490573032075906,3.4540489761028317,0.00099999999812169,0.0010000000032865815,0.0009999999982279613,0.0009999999972148566,0.0009999999934130113,0.000999999990225182,0.000012000282662986784,0.000012000314098688397,0.9280307586098827,2.9376115497791457,4.458529338826714,0.030496943114525044,0.0002746497353285799,0.000282649224070112,0.008372259893717624,0.0020919999999998475,0.00209199999999983,0.0020919999999998353,0.0010109199999998749,0.0010109199999998784,0.0010109199999998818,-0.3018287995726332,9.68126260825907,1.010575576224813,-0.002354083690493055,-0.0007047486524594394,-0.002578067262810478,-14.18718807220459,-20.537813167572022,-10.46812536239624,986.4884692382813,-0.04279615833838515,27.06763679296919
2025-03-01T17:04:54Z,40.32286793651486,-76.0220497781457,55.096110140497224,-21.383515020684307,7.630485858291492,-1.077554693143887,1.4731340510083502,0.13109463470351856,3.4500772809106617,0.0009999999980026002,0.001000000003396337,0.0009999999981022496,0.0009999999972155633,0.0009999999930302942,0.0009999999905047849,0.000013000268886596485,0.000013000316526704721,0.9657619631296823,3.322357073039898,5.229823539210772,0.031403410878261574,0.00028002780965594593,0.0002877673606565124,0.008381093305544176,0.0020929999999998485,0.002092999999999829,0.0020929999999998346,0.0010109299999998753,0.0010109299999998787,0.0010109299999998824,-0.30540692053919954,9.651008406317922,0.9000971337574559,-2.2541762340366235e-6,-0.0016515890769371179,-0.0016923134738697633,-13.310438060760498,-19.554188346862794,-10.726500396728516,986.408740234375,-0.08356104549107407,25.972855130298807
2025-03-01T17:04:55Z,40.32219992170617,-76.02198376172878,55.12497215337325,-21.393558861521086,6.069688243069634,-1.0967855887482227,1.47398766690942,0.1235021016301796,3.446834184098408,0.0009999999981727522,0.0010000000032564745,0.000999999998244131,0.000999999996971547,0.000999999992782959,0.0009999999902771956,0.00001400025060534582,0.00001400031959589403,0.9986634322287743,3.604182659785824,6.062647107515704,0.03171224550724484,0.0002853268715925838,0.00029115757845401435,0.008389389791822018,0.0020939999999998495,0.0020939999999998304,0.0020939999999998356,0.0010109399999998746,0.0010109399999998782,0.0010109399999998817,-0.013199472175959522,9.754655663909018,0.04132550169851662,0.005917292501634284,-0.0001362771828959875,0.0014434592255653707,-11.95575047492981,-20.51381332397461,-10.083000364303588,986.4167333984375,-0.026333438576604164,25.795751017054915
2025-03-01T17:04:56Z,40.32137768646425,-76.02193384941599,55.26820441839254,-21.143355782267083,3.8534826863645053,-1.1349574268434695,1.4658414653984733,0.11604069055841265,3.4349603147319683,0.0009999999984527134,0.001000000003030134,0.0009999999979486908,0.0009999999969869289,0.000999999993078537,0.0009999999902306814,0.000015000227302842149,0.000015000323416900308,1.0243125175995251,3.829886159642811,6.969330341540934,0.03364227810080186,0.0002921132247115776,0.00029210032949062863,0.00839537148088286,0.0020949999999998505,0.0020949999999998314,0.0020949999999998366,0.0010109499999998756,0.001010949999999879,0.0010109499999998808,0.25351656726061245,9.811526941296181,-0.6279992945077345,-0.00243553235284663,-0.006874482952214229,-0.000979637790216959,-12.272438049316406,-20.736000804901124,-10.11300043106079,986.3480102539063,0.0540383457364536,26.13167763834518
2025-03-01T17:04:57Z,40.32041178254765,-76.02189391330835,55.47970772864394,-20.57535297895018,1.6851490733865804,-1.1724672627811505,1.4579428203806466,0.10823524028437741,3.4262813888011876,0.0009999999984210558,0.0010000000026801177,0.0009999999977694004,0.0009999999972420365,0.0009999999926285637,0.0009999999901469795,0.000016000198558221195,0.00001600032809386466,1.0461881845493823,4.073473330905537,7.9265458435819856,0.03776435469411732,0.0003003453868912116,0.0002907418121220416,0.008399150882164001,0.0020959999999998497,0.0020959999999998306,0.0020959999999998384,0.0010109599999998764,0.0010109599999998781,0.0010109599999998807,0.2560126883197231,9.808552927483202,-0.7179053575889015,-0.003826501689624548,-0.0018286730826180698,-0.0017110064976761092,-11.344875440597534,-20.901375770568848,-9.722625370025634,986.28826171875,0.05753449972905581,25.692421649595932
2025-03-01T17:04:58Z,40.31933601874433,-76.0218514045264,55.67906383345573,-19.80358549191902,-0.13849997613573645,-1.27277683385146,1.4505993244936628,0.09081416932963703,3.4105881915722063,0.0009999999984488868,0.0010000000023059313,0.0009999999978317139,0.000999999997041633,0.000999999992740625,0.0009999999903655507,0.00001700016420123596,0.000017000333695239718,1.0707849222377461,4.342153349132462,8.929532324011339,0.04361648822439654,0.00030980049145738406,0.00028634880162558597,0.008401332907563905,0.0020969999999998507,0.0020969999999998308,0.002096999999999837,0.0010109699999998768,0.0010109699999998776,0.0010109699999998802,0.3005754130374287,9.719921683308783,-0.6192256106885817,-0.00452265364990755,-0.008147118286619246,0.005974039697434063,-12.911625547409058,-20.647125873565674,-10.44131290435791,986.2554077148437,-0.0361161132569431,26.495890107575953
2025-03-01T17:04:59Z,40.31826095225679,-76.02179349081712,55.816859933693785,-18.985150059150687,-0.3307880523003983,-1.162886746190856,1.440577105335655,0.08517177261608341,3.394903909828989,0.0009999999981696343,0.0010000000025287433,0.0009999999975500917,0.000999999996742263,0.0009999999925961109,0.0009999999903732484,0.00001800012454950184,0.000018000340246185177,1.1013277259958878,4.615193704099339,9.972371283776054,0.04466988683587303,0.0003205242815744057,0.00027964144318899957,0.00839869428823269,0.00209799999999985,0.00209799999999983,0.002097999999999836,0.0010109799999998771,0.0010109799999998774,0.0010109799999998808,-0.039604202046215384,9.731925796506484,0.751821882754249,-0.009317941886295774,-0.006182169692384292,-0.005724020557544901,-13.574813060760498,-19.878938293457033,-10.68131290435791,986.2901635742187,-0.019349627312270412,26.33506209264985
2025-03-01T17:05:00Z,40.317157206470014,-76.02170737198253,56.029539173946404,-17.95042551488134,-0.20511357818816245,-1.1225086265962516,1.4382503096335781,0.07848112825112623,3.3844282909039305,0.0009999999984434595,0.0010000000023931445,0.0009999999975818226,0.0009999999966297907,0.0009999999926068766,0.0009999999902303002,0.00001900008034673344,0.000019000347735003797,1.1321814027033994,4.863638513873983,10.951657233316208,0.04406393248135214,0.0003305044025970361,0.00027192462356429514,0.008394323268601274,0.0020989999999998506,0.002098999999999831,0.0020989999999998362,0.0010109899999998775,0.0010109899999998775,0.001010989999999881,-0.18332524145180992,9.638113379303952,0.7974966853138924,-0.0036863030372072843,-0.0006369861879253714,-0.0040843663843434744,-14.326500606536865,-19.281938285827636,-11.393062839508056,986.2858325195313,-0.1075722783906213,26.58648024243748
2025-03-01T17:05:01Z,40.315932320112836,-76.0215813875362,56.40517055228407,-16.811734095144416,-0.40438913938176113,-1.0967144105360902,1.4411393941426849,0.07261826512363287,3.3669205107549334,0.0009999999983449958,0.0010000000024699641,0.0009999999978981802,0.0009999999967741965,0.0009999999926375406,0.0009999999900588388,0.000020000032445576816,0.00002000035611075874,1.1605662455515193,5.138331341484358,11.917588133216524,0.046031224864509765,0.00033992989731784534,0.0002634336419128707,0.008388242675769163,0.002099999999999851,0.002099999999999832,0.0020999999999998372,0.0010109999999998766,0.0010109999999998783,0.0010109999999998803,0.047295137539975954,9.699662501650641,0.15158232572668215,0.0003337214646880228,-0.006294161530889903,-0.006528326051163673,-14.571188039779663,-20.11931327819824,-11.175187883377076,986.2049047851563,-0.07937034263806861,27.239462778119922
2025-03-01T17:05:02Z,40.314718241633805,-76.0214263198773,56.77939863961485,-15.80949342602889,-0.26803399811176387,-1.0704675952063936,1.435522315560858,0.07056354529334935,3.34028836231946,0.0009999999980666776,0.0010000000026432463,0.0009999999980087086,0.0009999999968008733,0.00099999999289316,0.0009999999898433894,0.000020999981903411305,0.00002100036529643075,1.1877428088046829,5.44240729031061,12.85594005818797,0.047421393609393986,0.00034816119890841,0.0002550418737861647,0.008381068229386836,0.002100999999999852,0.0021009999999998313,0.0021009999999998365,0.0010110099999998757,0.0010110099999998791,0.0010110099999998791,0.08631841099171243,9.686087512404676,0.26809448046325274,-0.008903689070676723,-0.015177570609288366,-0.010944077349846091,-14.839500579833985,-19.925625801086426,-11.464500465393066,986.1898559570312,-0.09016105159845186,27.361895402602453
2025-03-01T17:05:03Z,40.31353140561187,-76.02124054470386,57.14916935746241,-14.828056545784278,0.4892619219216434,-1.033681533886151,1.4297420805237118,0.06730857505603577,3.30861103989583,0.00099999999815818,0.0010000000028706083,0.0009999999981180625,0.0009999999969969014,0.000999999992863276,0.0009999999898767876,0.000021999929770999274,0.00002200037521301362,1.2103691367911218,5.75457089682046,13.69662934678388,0.04586072821301984,0.0003539620159414094,0.0002481476945726132,0.008374684338399142,0.002101999999999853,0.0021019999999998314,0.002101999999999838,0.0010110199999998747,0.0010110199999998782,0.0010110199999998782,-0.09435996654312198,9.629911763506472,0.7243442987198676,-0.009837177293707273,-0.020985459085897613,-0.009735366434878125,-13.84012559890747,-19.73793830871582,-10.862250366210937,986.17552734375,-0.12284579266611927,26.440897684829558
2025-03-01T17:05:04Z,40.31247143292438,-76.02104522999065,57.35437372270609,-13.93760210493399,0.8496573246198185,-1.0674155664249052,1.4317761972059966,0.05533467545118828,3.290831593269048,0.0009999999980786912,0.0010000000029535645,0.0009999999984369068,0.0009999999971618443,0.000999999992649824,0.0009999999897416544,0.000022999876691018055,0.000023000385769224328,1.226156658401703,6.1544773434864055,14.395788433062018,0.04546860845024228,0.00035661963148064487,0.0002436089278921204,0.008371009457554276,0.0021029999999998524,0.0021029999999998307,0.002102999999999837,0.0010110299999998742,0.0010110299999998777,0.0010110299999998777,-0.13168801120981175,9.637489047683388,0.32482268103524486,-0.003158389091981064,-0.010213876449351204,0.0023801184835561687,-14.131688098907471,-19.65675073623657,-9.535125374794006,986.2259887695312,-0.1365976146436196,26.019385447628547
2025-03-01T17:05:05Z,40.31144020625098,-76.0208262982509,57.566674368172286,-13.139316301120147,1.954545912190293,-0.9310969119385172,1.4363742679074032,0.05546228392140325,3.275234303057307,0.0009999999980826577,0.0010000000029237635,0.0009999999986297426,0.0009999999973563606,0.0009999999922606006,0.0009999999897753117,0.000023999822654705054,0.00002400039691476411,1.2333275399070251,6.554106092042011,15.029969943079285,0.04156977852049895,0.0003578182333465145,0.00024133951269395278,0.008367571368447202,0.0021039999999998525,0.0021039999999998317,0.002103999999999837,0.0010110399999998729,0.0010110399999998763,0.0010110399999998766,-0.23635960509448142,9.719665556482582,0.9704467720159494,-0.0011126595622280623,-0.0072863993722266235,-0.008450547495133126,-14.45156310081482,-19.93275068283081,-10.44112536907196,986.2230834960938,-0.009727049574764498,26.742785871333457
2025-03-01T17:05:06Z,40.310665284552435,-76.02063746375894,57.52604037376346,-12.468461501581125,3.0830146574838535,-0.8968289568808214,1.4368562073108277,0.044485541288808245,3.2697091372409854,0.0009999999980858164,0.0010000000030065534,0.000999999998550427,0.0009999999969683372,0.0009999999923542844,0.0009999999896288649,0.000024999766464946808,0.000025000408703422208,1.2268497547084918,6.962357726808648,15.525821538228591,0.0358585677588135,0.0003577388010402119,0.00024102031911832055,0.008367291212128754,0.0021049999999998518,0.002104999999999831,0.002104999999999836,0.0010110499999998724,0.001011049999999876,0.001011049999999876,-0.45986362769138805,9.618266684847134,1.2854213471935485,-0.004176496769956392,-0.0015294158890050654,0.006055487931492114,-15.213938179016113,-17.92125075340271,-10.51200035572052,986.3576000976562,-0.06603064944102216,25.751401272209478
2025-03-01T17:05:07Z,40.31001445652809,-76.02046167490788,57.324495535403244,-12.241535318431236,3.7770010843862813,-0.8880747638141978,1.441546428218132,0.040281485585644185,3.24686868613843,0.0009999999978603103,0.0010000000028065714,0.0009999999982912172,0.0009999999971514037,0.0009999999922623787,0.0009999999900238239,0.000025999706193020276,0.000026000421253651467,1.2096327729267373,7.4601135432551375,16.099877952107345,0.03232374695172647,0.00035627948057611046,0.00024400896426986907,0.008368077783104852,0.002105999999999851,0.0021059999999998302,0.0021059999999998354,0.0010110599999998736,0.0010110599999998754,0.0010110599999998751,-0.10502895198546569,9.668239395951563,1.065885088190176,0.0016712815611038304,-0.01922329763718833,-0.001761077595335846,-13.047000551223755,-18.923250789642335,-10.661062898635864,986.4477124023438,-0.0533951290310033,25.337113505125206
2025-03-01T17:05:08Z,40.30942515631668,-76.0202925354683,56.972693479308845,-12.115437411540034,4.328943799981143,-0.979563938790808,1.437872890076318,0.04014280035809886,3.2161893102083248,0.000999999997790804,0.001000000002465897,0.0009999999982329547,0.000999999996837953,0.0009999999922342484,0.000999999990301517,0.0000269996397885082,0.000027000434694559962,1.1873749683059331,8.015554764910046,16.659745073661625,0.029345341505746157,0.00035356752666756785,0.00025011919458543694,0.008370243195267798,0.0021069999999998516,0.0021069999999998312,0.0021069999999998364,0.0010110699999998744,0.0010110699999998744,0.0010110699999998744,-0.09759027600990222,9.589951617555991,1.025600676279982,-0.005876737577009949,-0.02735881521275742,-0.006070177707934288,-13.359188070297241,-21.238500747680664,-11.101312952041626,986.526845703125,-0.13570947911847858,27.436803198635783
2025-03-01T17:05:09Z,40.30865302973199,-76.02007977787629,56.6613525885984,-11.80775574487569,4.96136318522474,-1.0742661607086688,1.437155694993943,0.053881861548249345,3.206046927515828,0.0009999999978926547,0.0010000000021843328,0.0009999999984604652,0.000999999997136571,0.000999999992228417,0.000999999990100848,0.00002799956468818774,0.000028000449091789265,1.162560937800385,8.649820512942187,17.18073430284114,0.027123965884950123,0.00035324631260111533,0.00025597640071727397,0.008373586844623967,0.0021079999999998517,0.0021079999999998314,0.0021079999999998366,0.0010110799999998746,0.0010110799999998748,0.0010110799999998748,-0.2893351238422356,9.582533859250464,0.9011340115013508,-0.00451747979697811,-0.004772840960025438,-0.017373178927208997,-12.870000534057617,-20.98950080871582,-10.399687900543213,986.50234375,-0.15175112858311507,26.727267712702165
2025-03-01T17:05:10Z,40.30766867827436,-76.0198194619418,56.38389254712327,-11.351410149977538,5.787936091280692,-1.1683389506565354,1.4406620440067732,0.06177947472496462,3.198948709320117,0.0009999999976539585,0.001000000002329578,0.0009999999982331304,0.0009999999968524041,0.0009999999920595065,0.0009999999903047506,0.000028999477693096425,0.000029000464463571353,1.136914426379021,9.349288354257903,17.673533438173997,0.02525125288330225,0.000353472506915123,0.00026260555889911347,0.008378712665077455,0.0021089999999998523,0.0021089999999998315,0.0021089999999998367,0.0010110899999998734,0.0010110899999998743,0.0010110899999998743,-0.5123579662587245,9.564406596072155,0.8626520660085518,-0.0011628974889641825,-0.002313359071101989,-0.01133379596948704,-12.232500486373901,-20.737500801086426,-9.995437850952149,986.472470703125,-0.16411335499225416,26.06883437510291
2025-03-01T17:05:11Z,40.306663168062634,-76.01955234547917,56.03527383132423,-11.067234954669264,6.754461176409641,-1.0999815735749268,1.4339511261980191,0.0531762857822644,3.1947242821694513,0.0009999999976270974,0.0010000000023160558,0.0009999999981618855,0.0009999999971078265,0.0009999999916632265,0.0009999999906036762,0.000029999375022340543,0.000030000480876281033,1.1107415796077538,10.094246613149062,18.245064974341794,0.023216510307495126,0.00035371072839702263,0.0002698010357261638,0.008384914699285841,0.0021099999999998507,0.002109999999999833,0.0021099999999998355,0.0010110999999998747,0.0010110999999998743,0.0010110999999998747,-0.4374109696641697,9.710749251681223,1.1092298269686884,-0.011191260619472673,-0.0022013672999601215,0.005811142345147069,-13.104938039779663,-19.666688289642334,-10.647187881469726,986.5287670898438,0.002568068539503095,25.920609453937555
2025-03-01T17:05:12Z,40.30567994536599,-76.01928826568108,55.694002398830406,-10.761481975796784,7.631846154466124,-0.9701964614407059,1.4535304588232436,0.0436955237618658,3.188014647360805,0.0009999999973156716,0.0010000000022308126,0.000999999998260888,0.0009999999968658164,0.0009999999920757604,0.000999999990338874,0.000030999252036538035,0.0000310004984262159,1.083978897674788,10.90249413431611,18.816974004217958,0.021387996761216648,0.0003540086810143618,0.0002781195615424063,0.008391720919339431,0.00211099999999985,0.0021109999999998352,0.0021109999999998344,0.0010111099999998742,0.0010111099999998742,0.0010111099999998742,-0.46069653675919825,9.786939087286962,1.0814580461293763,0.015771242674278797,-0.005313606760509737,0.006831085771825206,-12.146062927246094,-19.96237579345703,-10.40156289100647,986.5998876953125,0.07607080229051483,25.577591616959477
2025-03-01T17:05:13Z,40.30468371501901,-76.01902233516944,55.3742969347713,-10.524676442501645,8.473898195188227,-0.9329612040955723,1.460671303006165,0.05063626255371321,3.1802237214887894,0.000999999997317123,0.0010000000024719565,0.0009999999986005754,0.0009999999966959665,0.0009999999920608288,0.0009999999907387637,0.00003199910302190164,0.000032000517190341774,1.0571095600959632,11.758177782083095,19.419614010735504,0.019785875342644792,0.0003551161349786519,0.000287269672204758,0.008399372506263426,0.0021119999999998492,0.0021119999999998345,0.0021119999999998345,0.001011119999999873,0.001011119999999873,0.0010111199999998748,-0.4396043915808676,9.713700428642586,0.9880732402620224,0.0037647450490143498,-0.004858629218139456,-0.00920594964611168,-13.075500555038452,-20.10093824386597,-9.6286878490448,986.6566284179687,-0.0075886188922994315,25.840383634064224
2025-03-01T17:05:14Z,40.30372911294205,-76.01876473925022,54.979832536599254,-10.330982933689791,9.27867259031324,-0.9391480700584264,1.467791182703252,0.054286865359243736,3.1725518022282464,0.000999999997246074,0.0010000000024137244,0.0009999999985704031,0.0009999999969943158,0.00099999999190376,0.000999999990570934,0.00003299892110176174,0.00003300053727033411,1.0303653015127017,12.65708669892232,20.055934434598992,0.018262587976048614,0.0003566015873045661,0.00029696244153720806,0.008407564275661345,0.002112999999999849,0.002112999999999836,0.0021129999999998364,0.0010111299999998736,0.0010111299999998736,0.0010111299999998745,-0.514162390356796,9.675535450041753,1.0081827580200182,0.004335052747655876,-0.005634060274473684,-0.005536422009891373,-12.267188034057618,-21.060375747680663,-9.226875400543213,986.7370092773438,-0.039897437349893546,26.06061971104815
2025-03-01T17:05:15Z,40.30283358441188,-76.0185162446893,54.46787555188182,-10.046886030909945,10.464466847428511,-0.9884538963341571,1.467651903003323,0.056940126599020716,3.1653021639887964,0.0009999999972311905,0.0010000000021146243,0.0009999999984558862,0.0009999999971780484,0.000999999992094714,0.000999999990237974,0.00003399869587440326,0.00003400055883800096,1.0016459430334308,13.532026842765879,20.698584022372035,0.016054382612946085,0.00035882176143120455,0.00030703143853262784,0.008416167359012447,0.0021139999999998478,0.0021139999999998374,0.0021139999999998374,0.0010111399999998736,0.0010111399999998736,0.0010111399999998736,-0.6993851639371145,9.584089174904,1.4873755683913221,-0.0023337218056178376,-0.005734202000598163,-0.004186677935960644,-12.166500482559204,-20.41106315612793,-9.46125042438507,986.8329516601563,-0.057529249723942404,25.576314890027575
2025-03-01T17:05:16Z,40.30181161274919,-76.0182498647874,53.94086780802397,-9.72870255975995,11.712693887535059,-0.9707935232513192,1.4704170759326076,0.0530439701811955,3.161396915519195,0.0009999999969770924,0.0010000000021582048,0.0009999999987674874,0.0009999999975316993,0.0009999999918960092,0.000999999990099977,0.00003499841190708867,0.000035000582149266086,0.9699255252690704,14.468973271037875,21.418895194752082,0.014407125203372003,0.00036242020964303743,0.00031682716784832546,0.008424800989732589,0.002114999999999848,0.0021149999999998358,0.0021149999999998358,0.0010111499999998727,0.001011149999999873,0.001011149999999873,-0.7448488038849959,9.645305576958132,1.5568073064501629,0.0005169808744480476,-0.0031787510659499977,0.002777180378347218,-13.652438020706176,-21.961313362121583,-10.275375347137452,986.8861083984375,0.01681583932739203,27.825686840964707
2025-03-01T17:05:17Z,40.30067451076325,-76.01797140900035,53.414509357984166,-9.354061636818809,13.027647673312773,-0.9562202032506304,1.466463627422736,0.048228078418025636,3.157001583115123,0.0009999999969785448,0.001000000002002717,0.0009999999986809048,0.0009999999974162344,0.0009999999918327087,0.0009999999899485334,0.00003599804886115146,0.000036000607497894804,0.9367879033285209,15.45872078539318,22.2217828666246,0.01332196200093895,0.000367154282868203,0.0003269335514719792,0.00843359270777453,0.002115999999999849,0.0021159999999998346,0.0021159999999998346,0.0010111599999998728,0.0010111599999998728,0.0010111599999998728,-0.7738032547278544,9.632582482570305,1.6786438288505559,-0.005909450000929962,-0.003871565291279449,0.0037567341571862127,-13.327875518798828,-20.4675008392334,-9.489187927246094,986.946708984375,0.026503660697041884,26.202917217499987
2025-03-01T17:05:18Z,40.29923017416805,-76.01766555948373,52.87259319289478,-8.95799944855548,14.329356888102039,-1.0826504465165006,1.465033640808298,0.05245509157664489,3.15941789669994,0.000999999996925046,0.0010000000023735853,0.0009999999986512174,0.0009999999976272411,0.000999999992068356,0.0009999999901054576,0.000036997581135379874,0.00003700063518828761,0.9042334710022137,16.50617110571496,23.12265277115216,0.012892059263023968,0.00037474170622791555,0.00033598007508296013,0.008443036666610886,0.002116999999999848,0.002116999999999835,0.002116999999999835,0.0010111699999998723,0.0010111699999998723,0.0010111699999998725,-0.7830940820780481,9.488216732976818,1.6637664845002966,-0.0036368995379857023,0.003856374970810701,-0.0044921107092319515,-11.358187894821167,-21.12918815612793,-9.309750375747681,986.978173828125,-0.11721040212195169,25.73168963175124
2025-03-01T17:05:19Z,40.29733763500744,-76.01732897491755,52.348277615629755,-8.548284723685518,15.833859647618,-1.0390514222961693,1.4696420767880123,0.044976611896892095,3.157944513785944,0.0009999999971561987,0.0010000000020910999,0.000999999998479627,0.0009999999972273718,0.0009999999921261624,0.0009999999898965756,0.00003799697708119199,0.000038000665578779254,0.8739573609034913,17.624644841666807,24.183326213107414,0.013125983394739716,0.00038245160469610424,0.0003458209325307061,0.008451968990682738,0.002117999999999847,0.002117999999999836,0.0021179999999998366,0.0010111799999998716,0.001011179999999872,0.001011179999999872,-0.7861988682072761,9.636308964961446,1.8642641011079613,0.0027728408260761297,-0.0011577233232357934,0.00679102985270923,-11.990625495910644,-20.673750782012938,-9.618187885284424,986.99490234375,0.0642775465928559,25.762103586104423
2025-03-01T17:05:20Z,40.295084503351696,-76.01698035534473,51.83197765344465,-8.1983926042357,17.148856313708695,-1.0928968909052292,1.4739288551581153,0.04227476103197198,3.1541503314461425,0.0009999999970016248,0.0010000000023477752,0.0009999999985927349,0.0009999999969720328,0.0009999999919847985,0.0009999999895866983,0.000038996199918884314,0.000039000699073757696,0.8479471241326565,18.81793006539812,25.396632176849604,0.013887097468733886,0.00039095074971421827,0.00035617198074709537,0.008461237914726628,0.002118999999999846,0.002118999999999836,0.002118999999999836,0.0010111899999998707,0.0010111899999998715,0.0010111899999998715,-0.6685177589340878,9.563032332100368,1.715890121501218,0.0030520698500118015,-0.002985310260481696,0.0019219699154438559,-12.694313020706177,-21.856313228607178,-9.584062862396241,987.0362109375,-0.043571451958563635,27.031380178328344
2025-03-01T17:05:21Z,40.29259108303416,-76.01663687359375,51.27294694022446,-7.921216313485448,18.082256297663218,-1.0845398847522598,1.4750205496254938,0.04159981287851627,3.1507675329400913,0.0009999999971013584,0.0010000000026021533,0.0009999999986770893,0.0009999999969734924,0.0009999999920563046,0.0009999999892182528,0.00003999521361815414,0.00004000073603383901,0.8284921457932597,20.11502465525897,26.784242072021918,0.01467506641186943,0.0004002388073093214,0.00036652285840826546,0.008470683072641367,0.002119999999999845,0.0021199999999998347,0.0021199999999998347,0.0010111999999998702,0.0010111999999998724,0.0010111999999998724,-0.5814987721153975,9.656671435671683,1.4656806379968093,0.00048643769510205723,-0.0024660754228806097,0.00007919443663942025,-12.777750549316407,-22.418250808715822,-8.830687847137451,987.104580078125,0.002156806579873533,27.27319460679592
2025-03-01T17:05:22Z,40.28947560332394,-76.01628819126883,50.77983326976577,-7.700842761522458,18.709691100987158,-1.071862750539999,1.4783422099022874,0.03678638771325541,3.1492413991069386,0.0009999999970619318,0.001000000002473977,0.000999999998618467,0.0009999999968751344,0.00099999999244732,0.0009999999892490146,0.00004099398830119742,0.000041000776750593675,0.8163226210539025,21.499608952770487,28.321501623748265,0.015237475872245693,0.00040997291652002506,0.0003765616841769064,0.0084799813706119,0.0021209999999998444,0.002120999999999834,0.002120999999999834,0.0010112099999998706,0.0010112099999998732,0.0010112099999998734,-0.4828987882529698,9.679732773950194,1.2576247129531706,0.0032535217526312313,-0.000957439657296162,0.004467740417415156,-12.340687971115113,-21.625313339233397,-8.435812845230103,987.1213110351563,-0.009452660507824425,26.28891426551755
2025-03-01T17:05:23Z,40.28552740867625,-76.01593892608949,50.35472905400162,-7.474815699058468,19.02320390819769,-1.114983737169652,1.4802867567831433,0.033870427352268445,3.14925619453934,0.0009999999970946047,0.001000000002318896,0.0009999999989562117,0.0009999999966785206,0.0009999999924251207,0.000999999989075083,0.000041992503466361273,0.000042000821428985674,0.8105795625691739,22.958688536724093,29.956831743737872,0.015464346993518494,0.00041990912959016444,0.00038632447600448074,0.008489436856485158,0.0021219999999998454,0.002121999999999835,0.002121999999999835,0.0010112199999998696,0.001011219999999873,0.001011219999999873,-0.4313890316407307,9.635494938530037,1.061293613951793,0.0025531966609619212,0.0008427754342800783,0.002817904909453779,-14.054250574111938,-23.34693836212158,-9.288000373840331,987.1147338867188,-0.07915458941390491,28.790024388548726
2025-03-01T17:05:24Z,40.28055838268251,-76.01559671625701,50.0309622713753,-7.088516561592955,19.724491288729133,-1.0747576346887044,1.4757890355473942,0.03851095295614647,3.1495631794007632,0.0009999999973397296,0.0010000000021231003,0.0009999999992900566,0.0009999999970213688,0.0009999999929264992,0.0009999999889781614,0.000042990739043526816,0.00004300087025536972,0.8104757971268582,24.464528992970624,31.642504260218374,0.017117156274362944,0.0004296273112045434,0.0003960229609473554,0.008499291283951514,0.0021229999999998438,0.002122999999999835,0.002122999999999835,0.0010112299999998691,0.0010112299999998728,0.0010112299999998728,-0.5881045305593596,9.643565832417154,1.680173663648492,-0.00293523972146286,0.0019266431629373856,-0.004555032745773752,-16.685625667572022,-25.272751140594483,-9.759750361442565,987.08640625,0.023891720201808745,31.81778646972808
2025-03-01T17:05:25Z,40.274642974055844,-76.01528146313402,49.816169532013355,-6.6502220526956695,20.203429301099774,-1.0652720045526471,1.4753564599578988,0.03908986240345156,3.1488570805769003,0.0009999999972840354,0.0010000000020987886,0.0009999999992530025,0.0009999999974170254,0.0009999999926732432,0.0009999999887264246,0.0000439886745894491,0.00004400092338605056,0.8170527168529351,26.0448834901498,33.361338942116106,0.019324361322377324,0.00043804445894265635,0.0004058921593418129,0.00850897452439278,0.002123999999999843,0.002123999999999837,0.002123999999999837,0.0010112399999998689,0.0010112399999998726,0.0010112399999998726,-0.6439514445337872,9.585445124941927,1.7835272481448599,0.002400480608320353,0.0005984295382720308,-0.00045022175829582804,-14.505188112258912,-24.746813545227052,-8.237250332832337,987.0617309570313,-0.011449452529324795,29.84383540988178
2025-03-01T17:05:26Z,40.26789952632383,-76.01501541682514,49.697624883373834,-6.3812033802042585,19.813168417076472,-1.0238760055822416,1.468968290239049,0.041750358385975954,3.147719194307205,0.0009999999970160382,0.0010000000020742208,0.0009999999992454979,0.0009999999975537231,0.0009999999927482156,0.0009999999885153487,0.00004498631277184291,0.00004500098085974669,0.8296638753015596,27.733162336668258,35.15182664243173,0.01994204352860955,0.0004450026799687984,0.0004158241928001214,0.008518779608116195,0.0021249999999998423,0.0021249999999998375,0.002124999999999837,0.0010112499999998677,0.0010112499999998716,0.0010112499999998714,-0.46642361695963874,9.655961487939955,1.313169574957172,-0.0022042047461089363,0.00039447412118490577,-0.002411998908014087,-14.017688083648682,-22.98693832397461,-8.887687873840331,987.0403002929687,-0.026604786803837772,28.35283084364723
2025-03-01T17:05:27Z,40.26063179551628,-76.01481332325088,49.66013076625815,-6.06256577584269,19.08870155014868,-0.9808834211142484,1.461889291576742,0.044879128949588384,3.14530399634817,0.0009999999972722024,0.001000000002218194,0.0009999999991552938,0.0009999999978729597,0.0009999999927804066,0.000999999988476682,0.0000459836812001995,0.000046001042577049236,0.8457162158054997,29.50009491795204,36.89569150985043,0.020503446200938684,0.0004500598145478915,0.0004259791728626905,0.008528619401337065,0.002125999999999844,0.002125999999999839,0.0021259999999998372,0.0010112599999998677,0.0010112599999998724,0.0010112599999998724,-0.5313292587369643,9.636651522952231,1.3907055279024039,-0.0017024945899595766,-0.0008371027344788457,-0.002893680796067649,-15.180938091278076,-24.64425106048584,-9.733125376701356,987.0330786132813,-0.03154998139008289,30.537364114908563
2025-03-01T17:05:28Z,40.252466266411226,-76.0146885413949,49.77065990989324,-5.627806145031454,18.145965648335892,-0.924156477666345,1.455694550369902,0.047987082195056784,3.1420874794362854,0.000999999997159686,0.0010000000025024893,0.0009999999992341385,0.0009999999978208586,0.0009999999930171532,0.0009999999885535785,0.00004698081754121121,0.000047001108277251564,0.8646268798099181,31.345291579402947,38.53582619041855,0.021767420321580265,0.00045311419844329816,0.0004362565607814501,0.008538466276474473,0.0021269999999998434,0.0021269999999998382,0.0021269999999998382,0.0010112699999998676,0.001011269999999872,0.001011269999999872,-0.6539614185266237,9.59645208422121,1.6681134432960056,0.0006696970191381968,-0.0015701403791396284,-0.002832594348158312,-15.204563188552857,-24.922688579559328,-8.724750332832336,986.9759741210937,-0.020126925257130224,30.470269265084475
2025-03-01T17:05:29Z,40.24494191584576,-76.01462465502733,49.839168099515526,-5.486737625700384,16.249825482257734,-0.8867738415313372,1.448826958657738,0.048668787387892494,3.139358666239214,0.0009999999972958712,0.001000000002341211,0.000999999999123296,0.000999999997789387,0.0009999999929218026,0.0009999999884379273,0.00004797777659618841,0.00004800117778820934,0.882016604678448,33.288032872543624,40.16678136731274,0.01976675309403952,0.00045450400400370714,0.00044647083120490756,0.008548218516217879,0.0021279999999998427,0.0021279999999998375,0.0021279999999998375,0.001011279999999867,0.0010112799999998714,0.0010112799999998714,-0.40134668721341027,9.688088102244391,0.8875217348090779,-0.000031128432401624113,-0.0015482761117127518,-0.00037912099231767035,-13.398188095092774,-24.514126071929933,-8.558437848091126,987.0353515625,-0.04525715932208619,29.21810569735113
2025-03-01T17:05:30Z,40.23758227547098,-76.01461601799662,49.90257335793376,-5.433758767942006,13.992149608365246,-0.8808507280328685,1.4416124359069291,0.049664147216980495,3.1368902842341915,0.0009999999976027332,0.0010000000022686284,0.0009999999987290369,0.0009999999976876663,0.0009999999926724053,0.0009999999884890932,0.00004897461443948532,0.000049001251285968596,0.8907828470385322,35.31771540089884,41.755034939270224,0.017234426136834003,0.00045525189855600423,0.0004566520946609293,0.008558009722290637,0.0021289999999998433,0.0021289999999998385,0.002128999999999838,0.0010112899999998662,0.0010112899999998705,0.0010112899999998723,-0.3403022537825286,9.694836973187966,0.6869763906209494,-0.00039931629800055526,-0.0013563377700181944,-0.0006742054908166839,-12.555750541687011,-23.605688457489013,-7.929562797546387,987.0515258789062,-0.05682433694057989,27.88817889416812
2025-03-01T17:05:31Z,40.230898264848044,-76.01463196505378,49.85562786946491,-5.4515321191484905,11.708064925685063,-0.9116918759011841,1.434783289586474,0.05083305886720028,3.134381888807963,0.0009999999976796235,0.0010000000025632305,0.0009999999982281715,0.000999999997505138,0.000999999992370148,0.0009999999885405586,0.000049971360957232176,0.00005000132920097866,0.8890139935728273,37.43921469241854,43.35108732562586,0.014988912511763217,0.00045634693374969497,0.0004668738148209881,0.008567833388361548,0.002129999999999844,0.0021299999999998395,0.0021299999999998386,0.0010112999999998653,0.0010112999999998705,0.0010112999999998715,-0.31920618544205936,9.691696962197959,0.5968918490852496,-0.0008422767302146826,-0.001528247754126625,-0.0009399149272614622,-11.548312950134278,-23.05781328201294,-8.133000330924988,987.113447265625,-0.06635727601514707,27.04014095804769
2025-03-01T17:05:32Z,40.22410519003578,-76.01467298997497,49.767234373962204,-5.514396766562324,9.414420745571647,-0.948564939904527,1.4280147719233829,0.05146763179383875,3.1318582613436354,0.0009999999977877273,0.0010000000027436532,0.0009999999983494893,0.00099999999719468,0.000999999992252843,0.0009999999887435039,0.000050968014238672304,0.00005100141215671533,0.8779926612410708,39.6584431457009,45.02532627454192,0.013511842714903787,0.00045864093202216443,0.0004771157987969599,0.008577658639551471,0.002130999999999843,0.002130999999999838,0.002130999999999838,0.0010113099999998645,0.0010113099999998708,0.0010113099999998717,-0.3093550780988378,9.695156024930299,0.6180631022073662,-0.001213802704750873,-0.001661770153368893,-0.00046040275214443024,-12.397313041687012,-23.246813278198243,-8.474812884330749,987.1224560546875,-0.061639137853223,27.67539214551306
2025-03-01T17:05:33Z,40.217670919030304,-76.01470905449398,49.535565949655634,-5.7436002289571055,6.90334099755264,-1.047989496107108,1.426598139348175,0.05142552595886431,3.129162665135265,0.0009999999975840415,0.001000000002780926,0.0009999999985540894,0.0009999999968886054,0.000999999992206656,0.000999999988787548,0.00005196454218705846,0.00005200150094138204,0.8590748638864968,41.99405992464469,46.87707758153178,0.012873318730277243,0.0004627746581139397,0.00048742269780161304,0.008587480324437723,0.0021319999999998424,0.0021319999999998376,0.002131999999999837,0.0010113199999998651,0.0010113199999998697,0.0010113199999998708,-0.1879990891444415,9.714537897743025,0.19947865679342197,0.003041888631416265,-0.00202828897217046,0.0000791945228538495,-12.303188009262085,-23.853188381195068,-8.762625370025635,987.1829711914063,-0.06271022750332371,28.233380183042787
2025-03-01T17:05:34Z,40.209638374115144,-76.01474708208855,49.31903008169591,-6.123699933876306,4.00225175527563,-1.1940829315057606,1.424628517830272,0.050917145805640225,3.1274076615487356,0.000999999997654412,0.0010000000030453572,0.0009999999982711462,0.0009999999967077882,0.0009999999921095964,0.0009999999890510905,0.00005296088180569459,0.00005300159635225331,0.8345544607755009,44.466654069541306,48.98198319724644,0.014481077075531902,0.0004694617918557529,0.0004975474379317963,0.008597310934949597,0.0021329999999998425,0.0021329999999998373,0.0021329999999998373,0.0010113299999998646,0.001011329999999869,0.0010113299999998718,-0.062468083176208535,9.725588733857922,-0.1863064602440207,0.0020418062033080685,-0.001067595585059269,0.0006523391649141583,-13.305000524520874,-23.838375930786132,-6.6639377927780155,987.1095947265625,-0.05321361310720648,28.101537477483124
2025-03-01T17:05:35Z,40.199513709413026,-76.01472592364905,49.14076319600625,-6.575625228776722,1.3413758581307047,-1.2951087652828024,1.423901285850002,0.05111527886563122,3.1252431440387305,0.0009999999977379956,0.0010000000031631891,0.0009999999978799452,0.0009999999966855322,0.0009999999921332244,0.0009999999888668785,0.00005395695208573717,0.00005400169858926013,0.8117702372904949,47.08036212463334,51.36344648329769,0.018615295790414065,0.0004782592708429651,0.0005077400628054101,0.008607184911579979,0.0021339999999998418,0.0021339999999998365,0.0021339999999998365,0.0010113399999998637,0.0010113399999998698,0.0010113399999998709,-0.03677269915800056,9.760121114092007,-0.1747189239649819,0.0019728752048138766,-0.0012443458500460232,-0.00021605681177262878,-10.661437883377076,-23.578313388824462,-8.725125350952148,987.009521484375,-0.01873546212023829,27.30802353296976
2025-03-01T17:05:36Z,40.186288205510024,-76.01454017686305,49.125835518978,-7.096011360568103,-0.6759863088256329,-1.3548648545806572,1.4199095814964027,0.050132984778987325,3.121544996841054,0.0009999999976933783,0.0010000000028251106,0.0009999999976809738,0.0009999999966226122,0.000999999992240037,0.000999999989046643,0.000054952683740791644,0.0000550018066667371,0.8005537438088368,49.82548030060533,53.967160753604986,0.02487052717124909,0.00048767758257681535,0.0005181945171771035,0.0086170400138405,0.002134999999999842,0.0021349999999998384,0.002134999999999838,0.0010113499999998634,0.0010113499999998706,0.0010113499999998706,-0.033558078707422424,9.764933005533026,-0.10797093981365719,-0.0038865864358954257,-0.002739963217831036,0.0004720840469933903,-12.819750490188598,-24.133500900268555,-9.097125382423402,986.8395678710938,-0.014678159454626877,28.801503843245364
2025-03-01T17:05:37Z,40.17144257384916,-76.01410713030972,49.20145784339156,-7.481606441770658,-0.9111788014049997,-1.3304596398870157,1.4160510795688988,0.050633350587544694,3.1135896805462684,0.0009999999977053705,0.0010000000032124893,0.0009999999978526743,0.0009999999965198203,0.0009999999921602167,0.0009999999889859106,0.00005594806408722248,0.00005600191825480019,0.8084361499254954,52.59623330652977,56.60173468218685,0.028741192540705236,0.0004953444101687606,0.0005294350395450487,0.00862695546746273,0.002135999999999841,0.002135999999999837,0.0021359999999998377,0.0010113599999998627,0.0010113599999998699,0.0010113599999998697,-0.2266032966713948,9.69499655468976,0.6747331182582521,-0.007414080232225246,-0.0066606802361794965,-0.0020384701141053082,-13.192125577926635,-22.2198756980896,-7.553812780380249,986.764599609375,-0.05915139597565975,26.922340125010866
2025-03-01T17:05:38Z,40.1553441858593,-76.01337587540182,49.4431031730764,-7.899674551254926,0.18401066447951053,-1.2590958460599728,1.4256224054872653,0.055134690709920775,3.103146832282256,0.0009999999975490623,0.0010000000031701378,0.0009999999977945615,0.0009999999964328593,0.0009999999923832978,0.0009999999894094512,0.00005694316359736256,0.000057002030415508505,0.8351932513796863,55.45758088114508,59.14599617213977,0.03193639198839039,0.0004997747711969118,0.0005411243414353275,0.008637034885681384,0.0021369999999998426,0.0021369999999998374,0.002136999999999838,0.0010113699999998629,0.00101136999999987,0.00101136999999987,-0.2672015186289352,9.687459094362225,0.7786613708159938,0.002033961582295734,-0.0085238178551263,-0.006752309977005884,-13.339688034057618,-22.83487579345703,-8.817750310897827,986.6909790039062,-0.057988452100989796,27.87702835818111
2025-03-01T17:05:39Z,40.14130659000382,-76.01249952236002,49.60173395418188,-8.379484664987547,1.9331370456972201,-1.1936021367372536,1.4364705305752496,0.05919811545586973,3.0868217874146366,0.0009999999975362885,0.001000000003280913,0.0009999999975733565,0.0009999999964527043,0.000999999992455248,0.0009999999896318922,0.00005793812627678286,0.00005800214008024353,0.8773358749040985,58.44313538837356,61.4426809750419,0.03546901100851692,0.0004985082342308583,0.0005539400526189698,0.008647124445866185,0.002137999999999843,0.002137999999999838,0.002137999999999838,0.0010113799999998635,0.0010113799999998704,0.0010113799999998704,-0.24236127335858315,9.705230101035028,0.5806520350533988,0.0016812955799503633,-0.014736946973966741,-0.007228817870066925,-14.49075057029724,-22.733813304901123,-7.8615003156661984,986.810673828125,-0.05495546075037626,28.082173106704673
2025-03-01T17:05:40Z,40.12868022012622,-76.0114766162154,49.779600774391334,-8.938881620999547,4.044433943511328,-1.1137127475440882,1.447332108545474,0.055661416385226994,3.0751734787454135,0.000999999997833163,0.0010000000032358407,0.000999999997156964,0.0009999999964276328,0.0009999999924144556,0.0009999999896062573,0.00005893315511212041,0.000059002244117613414,0.932457736340446,61.60000659026424,63.329015066101235,0.04050461814290873,0.0004919921452805525,0.0005658579111829878,0.00865692935918134,0.0021389999999998415,0.0021389999999998368,0.0021389999999998394,0.0010113899999998639,0.0010113899999998708,0.0010113899999998708,-0.15134902182471746,9.758167019522883,0.19054545075192322,-0.00022623794151730152,-0.01133379575283511,0.0009242240394304144,-15.075188064575196,-20.644875774383546,-6.630000286102295,986.8727172851562,-0.0195985153095663,26.40883195481286
2025-03-01T17:05:41Z,40.32547628827242,-76.01831215270964,52.936343426478814,-2.8772031952486543,5.741039734811037,-0.6726606441695911,1.4683341650179649,0.03341178108159914,3.0896114612292513,0.0009999999973803481,0.0010000000030518396,0.0009999999975091435,0.000999999996577343,0.000999999992410973,0.0009999999897637234,3.08397062080129e-10,3.0839672073121495e-10,0.6576583985869487,0.013565789371399451,0.013565674755224341,0.019577637454567958,0.00017581571450987874,0.00016677222662005612,0.008110722511179143,0.0021399999999998412,0.0021399999999998365,0.00213999999999984,0.001011399999999863,0.0010113999999998699,0.0010113999999998699,-0.08714161402747518,9.75194899549317,0.1807368410830953,-0.0012929148644547314,-0.012894338488289232,0.0017438843608417296,-15.028313074111939,-19.517813167572022,-6.459562776088714,986.9797216796875,-0.026964970731394793,25.466027904161137
2025-03-01T17:05:42Z,40.325486289743395,-76.01824831364456,52.587459866415344,-3.1459050094790673,5.095322486078504,-0.6914364391633318,1.474641796860869,0.03412839878763955,3.078395272892667,0.0009999999974197077,0.001000000003230784,0.0009999999977667077,0.0009999999963512627,0.0009999999922773847,0.0009999999900631577,1.0003083973302163e-6,1.0003083974662432e-6,0.7066545490449689,0.031185897442035367,0.0303803239032243,0.020609767668447503,0.0001830364713049443,0.00017747387586570094,0.008111271201496743,0.002140999999999842,0.0021409999999998366,0.002140999999999841,0.0010114099999998635,0.0010114099999998707,0.0010114099999998707,-0.10018250137057202,9.764827051795452,0.30288847760484355,0.005261364197443912,-0.014357576735800136,-0.002262453831391293,-12.805313024520874,-16.37718812942505,-6.876375291347504,987.0241796875,-0.010868164742856627,21.89681792675323
2025-03-01T17:05:43Z,40.32549034060235,-76.01819344128637,52.246934098769756,-3.4424334991574828,4.178783117641402,-0.7997053415519713,1.4714188742913246,0.029332306184836468,3.071031596355527,0.0009999999975774233,0.001000000003085748,0.0009999999976306204,0.000999999996425937,0.000999999992470254,0.0009999999903222729,2.000308398545618e-6,2.000308401593784e-6,0.7575468631496041,0.08498728393622522,0.07667942164222055,0.022090608803649988,0.0001894276675178587,0.00018804344296549728,0.008102816263702343,0.0021419999999998406,0.002141999999999836,0.002141999999999841,0.0010114199999998628,0.0010114199999998702,0.00101141999999987,-0.06764599172635088,9.695580386549423,-0.016847545847750525,-0.004908032408442379,-0.012293487595811167,0.0034763370861855894,-14.128875579833984,-18.79556327819824,-4.773375177383423,987.0331274414062,-0.08497134641641628,23.993352959118084
2025-03-01T17:05:44Z,40.32548923513331,-76.01814549063468,51.84649836651164,-3.585905541046878,3.836183051022164,-0.8299104574372321,1.4688053596725668,0.02832430610154443,3.067168429190251,0.000999999997861904,0.001000000003384341,0.0009999999972056415,0.000999999996298535,0.0009999999927683943,0.000999999990425352,3.0003084008163156e-6,3.000308414663807e-6,0.8064888353406696,0.16564972968351535,0.15436966873781785,0.02196587736629629,0.00019512544272815073,0.00019845566547662,0.008092719805257038,0.0021429999999998408,0.0021429999999998356,0.0021429999999998403,0.0010114299999998632,0.0010114299999998714,0.0010114299999998706,-0.15286447857171181,9.712185040152962,0.5776642773100585,-0.00460410229605223,-0.00886997472264765,-0.000022616347088731713,-13.62637559890747,-17.301938238143922,-7.127437791824341,987.0943969726562,-0.05021406104127487,23.14807089232281
2025-03-01T17:05:45Z,40.32548114795971,-76.01809827078745,51.51711023245199,-3.57783373543052,3.8571703069796905,-0.8689455096760155,1.4754885105184996,0.031703391107630846,3.0672400926896066,0.000999999997564332,0.0010000000035226887,0.0009999999971849211,0.0009999999966714798,0.0009999999925202434,0.000999999990342881,4.000308397144668e-6,4.000308445811355e-6,0.8476721908636844,0.2748227202209833,0.26386236231588417,0.020854932135848048,0.00020032233610245865,0.00020873807082225722,0.008082354671342598,0.0021439999999998396,0.0021439999999998344,0.0021439999999998396,0.0010114399999998623,0.0010114399999998703,0.0010114399999998694,-0.2814786930343796,9.656192866004101,0.8874151627648005,0.003998910037650719,-0.0059378233782730805,-0.00415613469684276,-13.637250537872314,-18.216938228607177,-7.287937798500061,987.0845336914062,-0.07979748662373276,23.89441440275796
2025-03-01T17:05:46Z,40.32545996956713,-76.01804876203039,51.27977732935355,-3.558602127498479,3.883792768123625,-0.8803461472806022,1.4772088809377266,0.03397247306228522,3.0682195683378475,0.0009999999974238927,0.00100000000361807,0.000999999997561383,0.000999999996404592,0.0009999999928686912,0.0009999999900473597,5.000308358449355e-6,5.00030850706021e-6,0.8786072799341237,0.42136420834172095,0.40351087837799204,0.019799671830024852,0.00020509236322488973,0.00021905098035484837,0.008069102576887307,0.0021449999999998406,0.0021449999999998354,0.0021449999999998406,0.0010114499999998628,0.00101144999999987,0.00101144999999987,-0.3119884912841338,9.679183613883076,0.8007132643821601,-0.0015632973957030133,-0.006585406922085851,-0.0031029770006727325,-13.548563079833984,-19.419375743865967,-6.8953127717971805,987.0579370117188,-0.0635128008106668,24.662087043278337
2025-03-01T17:05:47Z,40.32541639194408,-76.01799721221818,51.150188190422625,-3.649575172489984,3.723311994541624,-0.8493641484813461,1.485454566238759,0.02042309114959816,3.0703529699173484,0.0009999999974823512,0.0010000000034449533,0.0009999999979338745,0.0009999999964069883,0.0009999999928679358,0.0009999999902734185,6.000308212279679e-6,6.000308613037322e-6,0.9006124711553376,0.609181308210672,0.5692492100827271,0.019258975386793727,0.00020951832809166447,0.00022935911731197052,0.008044626614851657,0.0021459999999998403,0.0021459999999998347,0.00214599999999984,0.0010114599999998626,0.0010114599999998695,0.0010114599999998695,-0.15190734590518654,9.74301246706283,0.5033671267480762,0.004436696425222051,-0.007902771763900421,0.012683371147159377,-15.226125602722169,-19.815188236236573,-6.3873752784729,987.0291870117187,-0.02356190975761243,25.792877244749587
2025-03-01T17:05:48Z,40.32534269423926,-76.01794351931059,51.08038172937706,-3.605829500878495,3.681189027290669,-0.8773209538396556,1.4852976253219832,0.02170145702675424,3.086115294317931,0.0009999999972139758,0.0010000000037566927,0.0009999999976350654,0.0009999999960530622,0.0009999999926757002,0.0009999999905190217,7.000307817416869e-6,7.000308781182693e-6,0.9152596626704165,0.8344448202948942,0.7643462369398244,0.018552170444055605,0.00021478278277516855,0.0002389608517592306,0.008030643985866727,0.00214699999999984,0.002146999999999835,0.00214699999999984,0.0010114699999998619,0.001011469999999869,0.001011469999999869,-0.20627280339352996,9.673848822293197,0.5342861941736394,-0.004527494120925543,0.006543178468433281,-0.0009599432109034563,-15.3003755569458,-19.299188251495362,-6.4091252422332765,987.0137890625,-0.0899591502536286,25.448663005291024
2025-03-01T17:05:49Z,40.325240254260926,-76.01788608018734,50.980271249327764,-3.5247450664609294,3.9025379594892473,-0.8648491887550894,1.4887045702701431,0.02413091110702935,3.1023848514623538,0.0009999999974418996,0.001000000003899916,0.0009999999975314482,0.000999999995924593,0.000999999992505339,0.0009999999902883601,8.00030693308977e-6,8.00030903151307e-6,0.9225123152482186,1.1002492743137429,0.9894233412765716,0.017459977460892166,0.0002202502715314127,0.00024849533885541687,0.008018346577369384,0.002147999999999841,0.002147999999999836,0.002147999999999841,0.0010114799999998607,0.001011479999999868,0.0010114799999998677,-0.24379173981740623,9.699303602214872,0.7626693409667716,-0.0007861975388577416,0.00767427997829492,-0.002048651246651902,-14.955563097000121,-19.331438236236572,-6.550687780380249,987.0429931640625,-0.048475177589153096,25.30380011080507
2025-03-01T17:05:50Z,40.32509522470109,-76.01782160338928,50.92384115002993,-3.4315726348118853,4.238795910462884,-0.8406412886591925,1.4950081845049452,0.02749077628681905,3.1131167731668152,0.0009999999976123173,0.0010000000037575082,0.0009999999976153084,0.000999999996109977,0.0009999999926832706,0.0009999999904919312,9.000305183370664e-6,9.00030938692012e-6,0.9228019622816973,1.4112625355011292,1.2438703483785285,0.016380418015405483,0.00022571308336719645,0.00025832749053633994,0.008008109777674239,0.0021489999999998394,0.0021489999999998372,0.00214899999999984,0.0010114899999998598,0.0010114899999998672,0.001011489999999867,-0.2768126879318182,9.708077278769089,0.7932177154769351,0.002227401936311213,0.0022579449148280462,-0.0034638216573796453,-14.96268808364868,-18.919500675201416,-6.3671252727508545,987.0367260742188,-0.03644743810650805,24.94729001180911
2025-03-01T17:05:51Z,40.32488052378544,-76.01774940742766,50.97542302466176,-3.463981933760688,4.24784649440938,-0.8136916356314776,1.4978606604497353,0.02862285658893777,3.1289431792508964,0.0009999999977823514,0.0010000000037983805,0.000999999997843106,0.0009999999962251364,0.0009999999930163993,0.0009999999902801195,0.000010000302024825035,0.000010000309873271517,0.9190941859413593,1.7691869986902589,1.5215874964164275,0.01603352406243634,0.00023172677553564717,0.000267897747357009,0.007998471818305777,0.0021499999999998404,0.002149999999999836,0.0021499999999998404,0.0010114999999998586,0.0010114999999998675,0.0010114999999998675,-0.1705765927410091,9.740220177193308,0.35639355912044574,-0.0016333964601282776,0.006633306413999363,-0.0009499292395678856,-14.772563104629517,-18.901875762939454,-6.391125249862671,986.9836352539063,-0.03257944447471324,24.826467258543712
2025-03-01T17:05:52Z,40.32459863501527,-76.01767295386061,51.04270742507119,-3.5640524287480635,4.177105604274957,-0.8263805427247536,1.5033256146932443,0.03059937004752181,3.141560314649731,0.0009999999976531306,0.0010000000040260805,0.0009999999982499576,0.0009999999963368643,0.0009999999928515353,0.0009999999905338794,0.000011000296727599646,0.000011000310517522073,0.9143934993995946,2.173297321974936,1.8233637675931167,0.01594267142735155,0.0002378235731452385,0.0002776248103333623,0.007991103152539333,0.0021509999999998414,0.002150999999999836,0.0021509999999998414,0.001011509999999858,0.001011509999999868,0.001011509999999868,-0.10524730909844131,9.712105201717392,0.20227028717750925,0.0011074833492856133,0.0037749265021398506,-0.0020588322242070132,-14.14875057220459,-19.056188297271728,-6.410812764167786,986.9681005859375,-0.06602089746326545,24.58498457727057
2025-03-01T17:05:53Z,40.32421435462672,-76.01758992189183,51.180483562959616,-3.731522744436278,4.119449951010233,-0.8123715905567632,1.5099037263161648,0.03229208343079719,3.1455126254860564,0.0009999999975677197,0.0010000000039108918,0.0009999999984015109,0.0009999999962654487,0.0009999999930847831,0.0009999999904637352,0.000012000288356288798,0.000012000311347700651,0.9098352387894568,2.6280438818907537,2.1507012895034276,0.016035633477342277,0.0002435276835188027,0.0002878636953356191,0.007985133867650391,0.0021519999999998402,0.0021519999999998355,0.0021519999999998402,0.0010115199999998572,0.001011519999999868,0.001011519999999868,-0.03512714269021807,9.738886580916583,0.09612506420169308,0.0022120471464203506,-0.005193436502788753,-0.002442041450454714,-14.304188070297242,-18.850500717163087,-6.153562717437744,986.91013671875,-0.041371704807259074,24.450255882238316
2025-03-01T17:05:54Z,40.32372554098389,-76.01749733504145,51.36534533948362,-3.6834320617778227,4.633700419959063,-0.800510640635265,1.5094217914217383,0.03151973437976946,3.15874848570066,0.000999999997921548,0.001000000003613965,0.0009999999984234655,0.0009999999964057462,0.000999999993174906,0.0009999999903555542,0.00001300027573511567,0.000013000312397302567,0.9041633902745224,3.131772089551366,2.51629436485975,0.015323068048727342,0.0002498771782442984,0.00029754019044150664,0.007979804070657848,0.002152999999999841,0.0021529999999998356,0.002152999999999841,0.0010115299999998576,0.0010115299999998682,0.0010115299999998682,-0.24311377237369775,9.696352457042599,0.5904259981690437,-0.00525569124941873,0.0040498154978443855,0.0005271619794947565,-15.19275058746338,-18.62681327819824,-6.767625255584717,986.8659204101563,-0.06350038846936218,24.97150469409923
2025-03-01T17:05:55Z,40.32307275662682,-76.01738824121732,51.70581584233371,-3.619364133658612,5.112826452514272,-0.7058855558812096,1.5170563998035944,0.03324362841403697,3.172412588800831,0.0009999999976926465,0.0010000000035439809,0.0009999999984894852,0.00099999999634844,0.000999999993235983,0.0009999999901843125,0.000014000257382672988,0.000014000313704760717,0.8966126639229982,3.6944324413467227,2.9163592811283534,0.014889685227564694,0.0002564711144019638,0.0003071923371305669,0.007977731587588735,0.002153999999999839,0.0021539999999998366,0.002153999999999839,0.0010115399999998573,0.001011539999999868,0.001011539999999868,-0.2411995115815056,9.780141106284024,0.43991745131263454,0.0024717483695372504,0.004233074698757513,-0.0021300999293439307,-14.966625566482543,-19.281188220977782,-6.428062760829926,986.7628930664063,0.01209301784733773,25.240473752711516
2025-03-01T17:05:56Z,40.32232231598209,-76.01726700132704,52.07708189920128,-3.5921667602823466,5.992473763902912,-0.6607818274471483,1.523220954244031,0.04214281050355603,3.1798036284567153,0.0009999999973238072,0.0010000000036618612,0.000999999998553147,0.000999999996288701,0.0009999999933894615,0.0009999999903233501,0.00001500023147051081,0.000015000315314144336,0.8870990596908088,4.314864664504044,3.3464402408462943,0.014057295033884748,0.0002631706888257285,0.00031714990680852624,0.007981186735573688,0.0021549999999998393,0.002154999999999838,0.0021549999999998393,0.0010115499999998581,0.001011549999999869,0.0010115499999998688,-0.2617784401296969,9.719077092526755,0.7726270176719895,0.0015010406938312146,-0.0007771846472689332,-0.009672277171837898,-12.68343804359436,-20.306250743865967,-6.211687731742859,986.7344482421875,-0.02775430698435324,24.734509502986878
2025-03-01T17:05:57Z,40.32143600283148,-76.01713225775326,52.45927925594167,-3.5849813991793944,6.445297816267526,-0.6761504876206438,1.5288340244313754,0.050004747454792275,3.187298154896312,0.00099999999753812,0.0010000000038338727,0.000999999998900928,0.0009999999961316107,0.0009999999930608572,0.0009999999904255197,0.000016000195782027325,0.00001600031727299221,0.876632984713948,4.985575680038055,3.808028027097095,0.013868272440324575,0.0002702665884834169,0.0003270385006191557,0.007985892381642412,0.0021559999999998377,0.002155999999999837,0.0021559999999998408,0.0010115599999998587,0.0010115599999998694,0.0010115599999998694,-0.2903720216246258,9.684866848624065,0.273735918921934,0.0011176642542565008,-0.00015497029645088157,-0.008707077364733537,-12.561375484466552,-19.946438369750975,-5.500125198364258,986.6833154296875,-0.08797352167139433,24.2053189385963
2025-03-01T17:05:58Z,40.320500497510984,-76.01699321619125,52.72221767079196,-3.6140774678756182,6.826411131230583,-0.6947159193917154,1.5367566222444295,0.05157069765944658,3.1906601979759706,0.00099999999786306,0.0010000000035677316,0.0009999999988225064,0.000999999996271125,0.0009999999928283442,0.00099999999016709,0.000017000147825481124,0.00001700031963141741,0.8672097073844167,5.714777620248729,4.305875212025887,0.013779749077810245,0.0002773122111792078,0.00033706856687909043,0.007988872789409665,0.0021569999999998387,0.002156999999999837,0.002156999999999842,0.0010115699999998589,0.0010115699999998697,0.0010115699999998697,-0.2943757448941279,9.694952759410588,0.18756227093822012,0.004144783406432481,-0.0032506861661953657,-0.0025622116472310674,-12.87543807029724,-19.72181318283081,-5.276062703132629,986.7045190429687,-0.07986731008743503,24.136304511150442
2025-03-01T17:05:59Z,40.31946270688605,-76.01684688008616,52.93482117247397,-3.5952095804581248,7.19916119896218,-0.6990635755761332,1.5388444866785593,0.05111320221628935,3.198443298814318,0.0009999999977047622,0.001000000003712633,0.0009999999990153816,0.000999999996495607,0.000999999992872955,0.0009999999902004242,0.000018000084789517174,0.000018000322443811076,0.8589707391238496,6.505315453912439,4.846025272224751,0.013721624141923253,0.0002848627882389174,0.0003467159886045566,0.007992508924191663,0.002157999999999838,0.002157999999999838,0.002157999999999843,0.0010115799999998595,0.00101157999999987,0.00101157999999987,-0.3316083306415989,9.712065322236626,0.1429282836753543,-0.0016821320063864398,0.0019016076008871428,-0.00046040290802127574,-12.642000532150268,-19.01625078201294,-4.5598126935958865,986.6961791992187,-0.06236788304119968,23.285778641946806
2025-03-01T17:06:00Z,40.31837690877399,-76.0166963401499,53.0931464291724,-3.541079740412622,7.619462790220701,-0.6490762499113814,1.5414079491856332,0.053859905106160635,3.20950704877823,0.000999999997831092,0.0010000000033330147,0.0009999999993077812,0.0009999999964916976,0.0009999999929737528,0.0009999999904352376,0.000019000003526391318,0.00001900032577235123,0.8516619048225951,7.365072882493791,5.43335556967425,0.0135993652604502,0.00029300161740232825,0.0003560084749531244,0.007999198273835518,0.0021589999999998373,0.0021589999999998373,0.0021589999999998425,0.0010115899999998588,0.0010115899999998696,0.0010115899999998696,-0.3760063032499601,9.769483251474139,0.2082346854204784,-0.001022531804162522,0.006262781656939723,-0.003613700150262452,-15.52350058555603,-20.441250762939454,-3.1732501166313885,986.718349609375,-0.002257712571446573,25.862920957336147
2025-03-01T17:06:01Z,40.31726518634543,-76.01654375748609,53.23392188391448,-3.6531030850096577,7.800751186765295,-0.5748535543332545,1.5454007121478708,0.049693423608967786,3.2057032307808027,0.0009999999975462972,0.0010000000034651403,0.0009999999994021046,0.0009999999967716957,0.0009999999927196568,0.000999999990661422,0.000019999900679679584,0.000020000329681490852,0.8457346671736616,8.285657270104359,6.05755988218311,0.013842224072643464,0.00030014898442926274,0.0003661486425041332,0.008003185175152685,0.002159999999999837,0.002159999999999837,0.002159999999999841,0.0010115999999998578,0.0010115999999998687,0.0010115999999998704,-0.18109978084375258,9.81675134404167,-0.007939188141925324,0.0015147270756776866,-0.00786204779268144,0.0028382668939295665,-14.49056311607361,-19.50056324005127,-6.472687751650811,986.7456005859375,0.037212672102086085,25.142424452298354
2025-03-01T17:06:02Z,40.3160745949579,-76.01638783577089,53.40677930638229,-3.7653633657930277,7.829234986444417,-0.5179382224239627,1.549219722049538,0.031275211824617545,3.201212752146478,0.000999999997306096,0.0010000000038217947,0.0009999999994822475,0.0009999999970083382,0.000999999992360802,0.0009999999910278337,0.000020999773038521416,0.000021000334232979234,0.8422284985228988,9.26336951266637,6.7234015870306765,0.014343346787979478,0.0003070163285082776,0.00037617571183270326,0.008001583697442829,0.002160999999999838,0.002160999999999838,0.0021609999999998393,0.0010116099999998573,0.0010116099999998678,0.0010116099999998704,-0.03453939822940033,9.807538929617914,-0.18931514115385525,0.001402734943779765,-0.008238747410879266,0.016989967962907516,-12.84112554550171,-19.80975076675415,-6.554062807559967,986.7430102539063,0.02821115416027678,24.50048917970627
2025-03-01T17:06:03Z,40.31477570927881,-76.01622497161922,53.64384388410846,-3.680767362914491,8.333696672108346,-0.4249823785551994,1.5485643468587575,0.02210300470655394,3.2051448520359784,0.0009999999974779302,0.001000000003963195,0.000999999999420867,0.0009999999968053894,0.0009999999922941929,0.0009999999911372722,0.00002199961719500939,0.000022000339500947706,0.8399958482831653,10.321741065381966,7.445152161547488,0.014187787095632579,0.0003148390185661054,0.0003854205427715226,0.0080056803686066,0.0021619999999998394,0.002161999999999839,0.0021619999999998394,0.0010116199999998564,0.0010116199999998673,0.0010116199999998707,-0.08941675701739776,9.828597754552803,0.2587977781604779,-0.00335583507786507,0.0009252254536093569,0.007762404635039568,-12.094500494003295,-19.34250078201294,-4.431562662124634,986.7203881835937,0.05113808463601014,23.238882398595404
2025-03-01T17:06:04Z,40.31346224237974,-76.0160549660944,53.90842150895837,-3.5058756797211403,9.482261913477924,-0.3480968792462652,1.5604541542410673,0.03526363099224189,3.2067381312715284,0.0009999999975630574,0.0010000000042598503,0.0009999999993633437,0.0009999999968317208,0.0009999999920989938,0.0009999999908196955,0.000022999428338524624,0.00002300034559398493,0.8357972794510649,11.476344108494873,8.221763011043432,0.013479703289232491,0.00032318040338590444,0.0003945922546127365,0.008020802624069286,0.0021629999999998404,0.0021629999999998404,0.0021629999999998404,0.0010116299999998564,0.0010116299999998668,0.0010116299999998705,-0.22608485037581247,9.805465148921819,0.8876943286911477,0.00957814183421139,-0.00033822983469088293,-0.014683371042002643,-12.394688024520875,-18.74718828201294,-4.785937714576721,986.7224731445312,0.06675671231834981,22.977994146001674
2025-03-01T17:06:05Z,40.31204191987805,-76.01587118433015,54.27322080240156,-3.146382005745072,10.939151849355422,-0.19552583402235651,1.5817657434122656,0.03028308673287953,3.2031297696454555,0.000999999997831859,0.0010000000042849492,0.0009999999992771444,0.0009999999967310119,0.000999999992003635,0.0009999999908898408,0.000023999199361753433,0.00002400035266368746,0.8277767142429843,12.749196874100535,9.077766838586083,0.01310976754585472,0.00033133726844943365,0.000403939333412507,0.008028278237314704,0.0021639999999998414,0.0021639999999998414,0.0021639999999998414,0.0010116399999998552,0.0010116399999998658,0.0010116399999998693,-0.4433191482596708,9.891203377891408,1.066395034628473,0.019516544594124333,-0.005223478752585303,0.0033461527919869173,-12.182250452041625,-20.03400079727173,-3.844125165939331,986.6846704101563,0.1768252031702747,23.760119696767344
2025-03-01T17:06:06Z,40.31029871937754,-76.01566642589742,54.7028908742576,-2.5309462424674303,12.879206745865568,-0.3441877072629144,1.5847084640926032,0.032957758644400925,3.2001099299814544,0.0009999999978865727,0.0010000000042654676,0.0009999999992167299,0.000999999996574505,0.0009999999921153568,0.0009999999911273255,0.000024998919895837198,0.00002500036089913662,0.8162847844856398,14.134723403268186,9.99336966178826,0.014016070656016118,0.00034043666290107936,0.0004131125372408592,0.00803998416562706,0.00216499999999984,0.00216499999999984,0.0021649999999998424,0.0010116499999998562,0.0010116499999998662,0.0010116499999998695,-0.6384878307161902,9.59928360684284,1.4677942986694252,0.001524907791297937,-0.0041764967439884585,-0.004532834394339514,-13.414500579833984,-20.13750066757202,-3.5248126459121703,986.5886938476563,-0.0499718402008176,24.45178047296898
2025-03-01T17:06:07Z,40.308086703478075,-76.0154435409857,55.06082160131547,-1.6228481086504394,15.282019886059787,-0.5161511767598524,1.58759803255155,0.0309721715440618,3.2044920815667073,0.000999999997785158,0.001000000004243845,0.0009999999989866567,0.0009999999965473103,0.0009999999920779403,0.0009999999910291896,0.000025998574902226208,0.000026000370514910892,0.8044589295156244,15.729463474190359,11.007284719227858,0.018037744278917023,0.00035066594313701223,0.0004216844587061441,0.00805016864459012,0.00216599999999984,0.0021659999999998404,0.0021659999999998417,0.0010116599999998557,0.0010116599999998655,0.0010116599999998692,-0.8945198537363336,9.573201854065761,2.020057764689911,0.0021561346817092,0.004049815587823033,-0.0002364191904723321,-15.151125583648682,-18.32212585449219,-3.9568126606941223,986.4822509765625,0.04274540179188761,24.102091395007537
2025-03-01T17:06:08Z,40.305426752456455,-76.01522049796392,55.29973097407781,-0.6695278536295142,17.410271687199362,-0.6952239749082818,1.587222401812695,0.028703688174199618,3.213435259150873,0.0009999999976992705,0.0010000000040238895,0.0009999999987477604,0.0009999999963095977,0.000999999992039156,0.0009999999906854778,0.000026998146189824648,0.00002700038168591213,0.8009538905033241,17.49858269180392,12.09767360097785,0.02521146709038197,0.0003611438070691885,0.00042998607014677683,0.008060190967211285,0.002166999999999841,0.002166999999999841,0.0021669999999998422,0.0010116699999998566,0.0010116699999998646,0.0010116699999998683,-0.8936012977691296,9.558287290099857,2.003596979892681,0.00042952352396594183,0.009737701061805878,-0.000028624826086895276,-13.351500654220581,-20.365688190460205,-4.552125177383423,986.4126220703125,0.024506044413217548,24.77383985692413
2025-03-01T17:06:09Z,40.302205810571074,-76.0150233208139,55.480864315269585,0.12411547287340008,18.33862760539684,-0.8112666980153002,1.5816489435105108,0.02450750340539664,3.216881477014732,0.0009999999978122756,0.001000000004186014,0.0009999999987240686,0.0009999999958635413,0.0009999999918381178,0.0009999999910233215,0.000027997620038479486,0.000028000394429974704,0.8155296947837846,19.27889752691377,13.208306303914892,0.030977629014472496,0.0003695668688243281,0.0004388764467218957,0.008068484280566343,0.0021679999999998393,0.0021679999999998393,0.0021679999999998437,0.001011679999999856,0.0010116799999998634,0.0010116799999998678,-0.6287570230397672,9.590509930288741,1.2475349764439072,-0.002323540338437266,0.005658426076761652,0.002166315958370821,-13.74131308555603,-20.389500789642334,-4.3301251912117005,986.3414282226563,-0.09069922783967588,24.96603422349025
2025-03-01T17:06:10Z,40.29850815332358,-76.01487873488814,55.67717307596672,0.8314569069101271,18.63787857068828,-0.8404574475980285,1.5737737204073263,0.022888762362542146,3.2176176057153167,0.0009999999976560115,0.0010000000041773653,0.000999999998857864,0.000999999995761985,0.000999999991983575,0.000999999991142937,0.000028996994546832884,0.000029000408569607183,0.8509213246500928,21.17007885244641,14.276891944962902,0.036462591432064095,0.00037461449020169705,0.0004481323302315294,0.00807658859548393,0.0021689999999998403,0.0021689999999998403,0.0021689999999998442,0.0010116899999998569,0.001011689999999864,0.0010116899999998686,-0.5127110089056425,9.644193506455535,1.1823488681045768,-0.0020539918562701796,0.004360087941424961,0.000021445959195078978,-13.614563112258912,-19.279875812530516,-4.16175017118454,986.289287109375,-0.0525435584733426,23.966386034654963
2025-03-01T17:06:11Z,40.29443737606773,-76.01480608463037,55.980525404680535,1.3423554205198558,17.548502747232373,-0.790083289162548,1.5680485707495362,0.017321179779702184,3.2127548819401945,0.0009999999976007753,0.0010000000040716389,0.0009999999990330237,0.0009999999958581148,0.0009999999919841748,0.0009999999909872986,0.000029996283979670954,0.000030000423780880394,0.9008374213240237,22.96999431116956,15.219433026063534,0.03650464692094572,0.0003749869251464427,0.00045790378733362767,0.008081252768785175,0.0021699999999998413,0.0021699999999998413,0.002169999999999844,0.0010116999999998577,0.0010116999999998646,0.0010116999999998683,-0.24319353346230135,9.695993494029636,0.38009688995675467,0.002532834659920878,0.00004865136698283348,0.004457058624723183,-12.849563064575195,-19.91531322479248,-3.9442501616477967,986.2372827148438,-0.07584589072891827,24.026769030871538
2025-03-01T17:06:12Z,40.2902765536269,-76.01480738924809,56.4022265071779,1.6478819637276525,15.383652447982364,-0.6981876451043016,1.5559309892493245,0.012829063369540147,3.206183048003985,0.0009999999979696571,0.0010000000039999987,0.0009999999992064842,0.000999999995751656,0.0009999999919822937,0.0009999999911685386,0.00003099551557950549,0.0000310004397924792,0.9491108104311758,24.68738985882672,16.001436315768274,0.0321001884285359,0.00037158100449254274,0.00046784612609193025,0.008085095623635895,0.0021709999999998406,0.0021709999999998406,0.002170999999999846,0.0010117099999998585,0.0010117099999998654,0.0010117099999998693,0.0031475592942375894,9.736751309072874,-0.24020250477871086,-0.002524658625492592,-0.0009974965613587653,0.0037867763639079,-12.46743803024292,-19.71787576675415,-3.8480626559257507,986.20265625,-0.04236777857346814,23.643959272554802
2025-03-01T17:06:13Z,40.286192719885506,-76.01487167560465,56.92919693150116,1.7331121132645955,12.374108273071064,-0.5819811836402778,1.5449019884126995,0.012861871335702688,3.1999401023943306,0.00099999999791043,0.0010000000040311196,0.0009999999989538577,0.000999999995671132,0.000999999991746534,0.000999999991292765,0.000031994715307145044,0.00003200045659516467,0.9794661898950502,26.33006125067134,16.651974139693976,0.025154042797473908,0.00036645655404976947,0.0004777878534106939,0.008090106198346856,0.0021719999999998403,0.0021719999999998403,0.0021719999999998455,0.0010117199999998589,0.0010117199999998662,0.0010117199999998695,0.22639660404214887,9.7905479159706,-0.7998497271637329,-0.0012138027607199726,-0.00046040262534652874,-0.000490946052922522,-12.927938060760498,-20.355375823974608,-3.556687650680542,986.1675122070312,0.04404021277721068,24.374586112236024
2025-03-01T17:06:14Z,40.28233081423641,-76.0149766998568,57.49247832152773,1.772845297949593,9.26396319644841,-0.4980080849842707,1.532603609828459,0.009862166948376279,3.193240491125479,0.000999999998008072,0.001000000003838298,0.0009999999988870311,0.000999999995545331,0.000999999991618696,0.000999999991120955,0.000032993894590621315,0.000033000474472802637,0.9850582880004779,28.031162148985498,17.255209880399054,0.01955878187379314,0.00036171903844578837,0.00048778857415160984,0.008093792404535099,0.002172999999999839,0.0021729999999998396,0.0021729999999998448,0.001011729999999858,0.001011729999999865,0.0010117299999998688,0.23951855616480452,9.79557483100488,-0.8399236229616621,-0.0032805616936606025,-0.0013563378389346487,0.00258374005103575,-13.289813051223755,-18.625500793457032,-3.427125146389008,986.1418530273437,0.05305802700410563,23.13592958183342
2025-03-01T17:06:15Z,40.27868776254704,-76.0151031282338,58.01722957909383,2.084247893617301,7.526094394715727,-0.49101460520370793,1.517077002551697,0.004141942397635678,3.1857427041427937,0.0009999999977943952,0.0010000000037180146,0.0009999999989892046,0.0009999999957298748,0.0009999999915198644,0.000999999991255143,0.000033993051312809455,0.00003400049369995673,0.9769191963585528,30.106262000961575,17.881477931530846,0.01835336381300942,0.0003583799449906502,0.000497868084560626,0.008096806238312939,0.0021739999999998384,0.00217399999999984,0.002173999999999843,0.001011739999999857,0.001011739999999864,0.0010117399999998674,-0.09188803471828721,9.68757810535985,0.522871254482366,-0.00757180383700468,-0.002830090747849053,0.0052188036861060385,-13.251563119888306,-18.205313262939452,-4.158187658786773,986.1181884765625,-0.07906650843672872,22.898155933837668
2025-03-01T17:06:16Z,40.27499112341864,-76.01525558263013,58.53731838805369,2.4820777019388673,6.133679720220852,-0.4845588098353794,1.5035848827580711,6.279274749049126,3.176503694628121,0.0009999999976958308,0.001000000003595272,0.000999999998792678,0.000999999995829749,0.000999999991819131,0.0009999999909298452,0.00003499218117345215,0.00003500051436780825,0.9676339665564778,32.361466186577324,18.53145143314452,0.018051973019804556,0.0003562836330699794,0.000508061742062706,0.00809952323586183,0.0021749999999998385,0.0021749999999998394,0.0021749999999998437,0.0010117499999998576,0.0010117499999998648,0.0010117499999998667,-0.1377896965527582,9.661696441010891,0.9993195062289809,-0.005978548124780244,-0.004980801985025504,0.007379028590099301,-13.922063112258911,-17.33437576293945,-4.392750179767608,986.0568798828125,-0.0668058978615666,22.66270873213614
2025-03-01T17:06:17Z,40.2712964400172,-76.01542874569051,59.01292097397903,2.9957729505308217,5.13084784739631,-0.5321077990950955,1.4923877801452354,6.281071543819241,3.1701367405963405,0.000999999997584349,0.0010000000037418415,0.0009999999988667939,0.0009999999956449494,0.0009999999919230772,0.0009999999907287283,0.00003599128251416548,0.00003600053645835066,0.961264013336181,34.80814868425296,19.19571641397884,0.018729738870481412,0.00035522357762381656,0.0005180909182163907,0.008105966077495511,0.0021759999999998395,0.0021759999999998404,0.0021759999999998447,0.0010117599999998578,0.001011759999999865,0.0010117599999998675,-0.2624452927464815,9.570878949146115,1.4802356780799057,-0.004086869776292529,-0.0017385456541208488,-0.002241757792556879,-15.046313047409058,-18.457688274383546,-4.341375176906586,986.008701171875,-0.092684820583088,24.205843559520783
2025-03-01T17:06:18Z,40.26758750799052,-76.0156253774644,59.44930284436588,3.3723665832986063,3.742420439247728,-0.5318453897135103,1.4831619410756958,6.278329943830311,3.163688335981625,0.0009999999972900293,0.0010000000033770582,0.0009999999987278009,0.0009999999953771122,0.0009999999922166486,0.0009999999906739178,0.00003699035486023932,0.0000370005599433878,0.9569880460590869,37.27355931969143,19.86070855140528,0.01850258243292606,0.0003546926418443936,0.0005281497003574371,0.008111210035425554,0.002176999999999841,0.0021769999999998405,0.002176999999999846,0.0010117699999998568,0.0010117699999998642,0.0010117699999998679,-0.14975380603044564,9.63597347640617,1.1964482129028844,-0.0023744456194019596,-0.002404989020544224,0.0023902995798239734,-15.09206307411194,-17.880188274383546,-5.351062693595886,985.9629272460937,-0.06963109306008666,24.00214416721593
2025-03-01T17:06:19Z,40.26383230177067,-76.0158492662095,59.86915699048309,3.60079982009043,1.9357833447981845,-0.541794675717003,1.4745693045397843,6.2790272953698825,3.1574071147539726,0.0009999999974786785,0.0010000000035242384,0.0009999999985756782,0.000999999995761701,0.0009999999925289435,0.0009999999904138762,0.00003798939233082962,0.00003800058492820214,0.9502906086754364,39.720818531225724,20.53106615511476,0.017275773515380018,0.00035478111488105907,0.000538213791620932,0.008117886553803438,0.0021779999999998407,0.0021779999999998407,0.002177999999999846,0.001011779999999856,0.0010117799999998633,0.0010117799999998667,-0.03230609718811716,9.65726970735848,0.8557900292588081,-0.0019977458495848257,-0.0022013673694813787,-0.000898189163055446,-15.260625562667848,-17.87625078201294,-4.52531266450882,985.9162866210937,-0.08538336493999886,23.935811000863
2025-03-01T17:06:20Z,40.260100439801896,-76.01609176789441,60.23578273540169,3.6184515440398948,-0.2428236761891711,-0.5554568624161973,1.4698053235106152,6.277804930742078,3.151639271982338,0.000999999997197883,0.0010000000033302224,0.000999999998466358,0.0009999999955183992,0.0009999999928318897,0.000999999990353509,0.00003898837933465766,0.00003900061169526151,0.9375966334604666,42.135720594241896,21.233850394509513,0.015344719369207721,0.0003559079481770111,0.0005482635437562993,0.008124414761038723,0.0021789999999998417,0.0021789999999998412,0.002178999999999847,0.0010117899999998565,0.0010117899999998636,0.0010117899999998671,0.1366461406897195,9.701817416578427,0.458147363230789,0.0012707145756458123,-0.002269296836652386,0.001133019719904534,-15.519375619888306,-17.89481325149536,-4.595062668323517,985.8885400390625,-0.06671805213179305,24.12856193949937
2025-03-01T17:06:21Z,40.256229673520416,-76.01635429305723,60.546637492730625,3.4204474855299702,-3.1237803655056213,-0.604606985303758,1.462393680589405,6.2778546263624575,3.1491930492936397,0.0009999999970324491,0.0010000000032502664,0.000999999998342853,0.0009999999952791556,0.000999999992604403,0.0009999999905391844,0.000039987282607329616,0.00004000064078456442,0.9152500360234022,44.41751437682481,22.01743214276946,0.013303701685905852,0.00035890639870626,0.0005581349940805835,0.008131818328993406,0.0021799999999998427,0.0021799999999998427,0.002179999999999848,0.0010117999999998567,0.001011799999999864,0.0010117999999998675,0.3341546921407264,9.757808120088425,-0.2969522799573403,-0.002018107899416546,0.0008224133696531507,0.0002013674266864592,-14.808563060760498,-18.004875793457032,-4.6515001821517945,985.8532421875,-0.011946024910551883,23.77189773829116
2025-03-01T17:06:22Z,40.25223981658094,-76.01661933638871,60.74141648003773,3.1028467602921648,-6.044639795550303,-0.6736668990132938,1.4554558038131855,6.278384013139452,3.151662770260525,0.0009999999972771596,0.0010000000034532466,0.0009999999983175073,0.0009999999951115558,0.0009999999927067893,0.0009999999903683252,0.00004098604782176385,0.00004100067291197625,0.8839296968505597,46.74290382348721,22.954147560948076,0.013322021592973448,0.00036447932364972287,0.0005677416270304435,0.008139910791857,0.0021809999999998432,0.0021809999999998437,0.0021809999999998484,0.001011809999999857,0.0010118099999998644,0.0010118099999998679,0.45194956301376177,9.782506471599392,-0.4977264428443391,-0.002644828413151949,0.005311434821119174,0.00014161610121894317,-15.422625598907471,-18.220313167572023,-4.5326251745223995,985.8437622070312,0.025913690772280902,24.297724288730677
2025-03-01T17:06:23Z,40.248101489103895,-76.01686962622777,60.80450342394754,2.99940554227968,-8.15677335141964,-0.7393646054415893,1.4479786410643782,6.283051450331507,3.1516233529692643,0.0009999999972780185,0.0010000000032435363,0.0009999999985878065,0.000999999995382992,0.000999999993029087,0.0009999999905267616,0.00004198461385336096,0.000042000708636806174,0.8521830084273223,49.31885026608844,24.106142438730043,0.014655561740294224,0.0003721145361061559,0.0005775201908069839,0.008149710423021811,0.002181999999999844,0.002181999999999845,0.002181999999999849,0.0010118199999998576,0.0010118199999998648,0.0010118199999998685,0.23086451618754333,9.737668473558152,0.08841180316977193,-0.004522653603151195,0.002858629267311367,-0.0044615671253139715,-15.22368808746338,-18.221813373565674,-5.229375171661377,985.8534765625,-0.03863092687198833,24.313351211859555
2025-03-01T17:06:24Z,40.24281619913761,-76.01711908516917,60.908185860680895,2.946785444641076,-10.145366421458416,-0.8008457506496092,1.4442504178793683,0.0008634694753557322,3.15111314819597,0.0009999999970703752,0.0010000000035163008,0.0009999999983355563,0.0009999999955217116,0.000999999992937782,0.0009999999904356657,0.000042982921387563735,0.00004300074827352284,0.8273067778826351,51.996637570588504,25.4532354532324,0.01706372791150935,0.0003813822698602397,0.000587299692734592,0.008159048724525364,0.002182999999999843,0.0021829999999998444,0.0021829999999998483,0.0010118299999998578,0.0010118299999998647,0.0010118299999998682,0.21586949318857496,9.73595365587546,0.11397512844066725,-0.0017534000190603779,0.0019626942522838996,-0.0011527160515107133,-15.217313022613526,-18.403875713348388,-5.1729376745224,985.7599169921875,-0.04020769818266113,24.434116512846636
2025-03-01T17:06:25Z,40.2368765090965,-76.01732550639572,60.95622725927452,2.969427780142886,-11.752251055415101,-0.8639745567629022,1.4420939366104895,0.0017339940906659348,3.1523029319263896,0.000999999997342877,0.0010000000037149717,0.00099999999861993,0.0009999999957928372,0.0009999999927227058,0.0009999999902321553,0.000043980913118416114,0.000044000791905018135,0.8132522438955467,54.782957010448996,26.97327645918655,0.02036071307360245,0.0003915215457077163,0.0005969254984020544,0.008168855707848427,0.002183999999999844,0.002183999999999845,0.0021839999999998493,0.0010118399999998573,0.0010118399999998642,0.001011839999999868,0.20199765683209622,9.727628533781944,0.14872793374025886,-0.0018136516861629792,0.003258528663243409,-0.0012002836029267085,-15.426188135147095,-18.90131322860718,-5.314875221252441,985.73703125,-0.04818547462222289,24.96942680592922
2025-03-01T17:06:26Z,40.230746622370816,-76.01746761800585,60.90575016767595,3.2449104306175975,-12.377511992662603,-0.9026739398692849,1.437634681720068,0.008147974440210703,3.1594387453271673,0.000999999997482614,0.0010000000037559602,0.0009999999985880407,0.0009999999961688326,0.0009999999926534437,0.0009999999900973014,0.00004497855454190382,0.000045000839293714574,0.8125869591484526,57.79749791591714,28.633458579967986,0.022105937534254893,0.00040175547280140215,0.000606081499787249,0.008180671637962596,0.002184999999999843,0.002184999999999845,0.002184999999999848,0.0010118499999998566,0.0010118499999998637,0.0010118499999998672,-0.03577568855088229,9.677090159094591,0.7203163840598258,-0.005805469780368035,0.009333795802581745,-0.0062636183254375965,-15.103313055038452,-18.480188179016114,-5.100750215053559,985.770029296875,-0.07505307807169244,24.4057899892201
2025-03-01T17:06:27Z,40.223597338683454,-76.0175300444099,60.90355954713296,3.6074078326251535,-12.49892190224776,-0.9344801416164759,1.4398793139498727,0.01193794029163131,3.1627241776684216,0.0009999999971860398,0.001000000003909515,0.0009999999987283415,0.000999999996251815,0.0009999999928660536,0.0009999999903068063,0.00004597584671456482,0.0000460008899438482,0.82390978414894,60.92147033207415,30.34066674820486,0.023610872221233724,0.0004104568596088521,0.0006153741324949735,0.008192130126557623,0.002185999999999844,0.002185999999999845,0.0021859999999998487,0.0010118599999998567,0.001011859999999864,0.0010118599999998676,-0.08572945561121224,9.660197943761853,0.7810607395704116,-0.0008823333444163839,0.004790697768488006,-0.0045950894488737655,-14.78306303024292,-18.004875793457032,-5.751000227928162,985.7242919921875,-0.08686639551731279,23.995542552496666
2025-03-01T17:06:28Z,40.21561076404058,-76.01749552751637,60.948770691942755,4.036898379865596,-11.991320281516426,-0.9579338386565732,1.443074668144749,0.014855044744210183,3.166571017201513,0.000999999997316334,0.0010000000039199495,0.000999999998470925,0.0009999999963463309,0.000999999992808314,0.0009999999902974253,0.000046972823687383827,0.00004700094321015991,0.8440484780676105,64.17349395790639,32.01841252696737,0.024432496277861506,0.0004171781862869255,0.000624524487413194,0.008203593252291728,0.002186999999999845,0.0021869999999998445,0.00218699999999985,0.0010118699999998562,0.0010118699999998632,0.0010118699999998669,-0.1144995544650392,9.638326477046872,0.8847830628765425,-0.001722856626949115,0.004731947998820505,-0.004064505000179958,-14.637000560760498,-18.052688312530517,-6.33918776512146,985.6876196289063,-0.09949338113214092,24.089918777358413
2025-03-01T17:06:29Z,40.206835137338594,-76.0173504655701,61.08376420661927,4.59679323213219,-10.716171849776998,-0.9291703020391637,1.4466104058371942,0.015889897502691333,3.169497778504231,0.000999999996979172,0.0010000000038883463,0.0009999999981612348,0.0009999999964960303,0.0009999999929420258,0.000999999990717811,0.000047969552289629944,0.0000480009984802479,0.8682062162574675,67.59890139295965,33.61826736196064,0.0239243177623735,0.0004214960182376358,0.000633672946378402,0.008214598872230508,0.0021879999999998437,0.0021879999999998437,0.002187999999999849,0.0010118799999998557,0.001011879999999863,0.0010118799999998666,-0.20941485398630777,9.64542521539932,1.1100673199112607,-0.003055409741483977,0.003048230960049758,-0.002672367481201786,-14.44425061225891,-18.552188320159914,-6.566812763214111,985.6395043945313,-0.06781014592440573,24.4118948248558
2025-03-01T17:06:30Z,40.19795519375771,-76.01711344736536,61.26887558151529,5.1850689302496225,-8.854087913141154,-0.8920350560932263,1.4518103047491562,0.016534959550946447,3.171283854228706,0.0009999999972370266,0.0010000000038723259,0.0009999999981368673,0.0009999999967398566,0.000999999993208664,0.0009999999905247784,0.00004896611764487299,0.000049001055406303434,0.8906262885520057,71.18734893668221,35.097138135435685,0.022388998085658956,0.000423645722096676,0.0006429027905376712,0.00822542698155471,0.002188999999999845,0.002188999999999845,0.002188999999999851,0.0010118899999998548,0.0010118899999998622,0.0010118899999998657,-0.24498945594576144,9.628659793412119,1.2879076481118377,-0.0023133594692414366,0.001372191677835558,-0.002537342952052121,-15.335813102722168,-18.171000785827637,-6.985687780380249,985.6274243164063,-0.06186279557858793,24.782448248009576
2025-03-01T17:06:31Z,40.18856563295351,-76.01677377770095,61.56638083162846,5.896046221655164,-6.226038978004171,-0.8513836835274062,1.4596672245315103,0.01862801486521018,3.172339898267436,0.0009999999969985925,0.0010000000039407635,0.0009999999979867949,0.0009999999965036878,0.0009999999932305604,0.000999999990371335,0.000049962600218560794,0.00005000111412885021,0.9054216179405563,74.98836853996191,36.47550986384074,0.019554867859057787,0.0004244715685083901,0.0006522703051193503,0.008236595150449416,0.002189999999999844,0.002189999999999846,0.002189999999999852,0.0010118999999998556,0.0010118999999998628,0.0010118999999998662,-0.3879194237487701,9.588117097850743,1.6177844038028275,-0.0005622136211890665,0.00035408364585645083,-0.004135772586133687,-15.191813077926636,-17.982000789642335,-6.746250281333923,985.565390625,-0.04827399336303711,24.48781195698584
2025-03-01T17:06:32Z,40.179157859977444,-76.01636739693704,61.91766961415469,6.584381678410692,-3.278957028794673,-0.7969413992440821,1.4664071655777389,0.019579260667147633,3.1740113474372555,0.0009999999974387797,0.001000000004248355,0.0009999999982602651,0.0009999999965394776,0.0009999999930422217,0.0009999999902911957,0.000050959050791484426,0.000051001175321381655,0.9088421995080906,78.97678625539,37.80369269980862,0.016872167079899327,0.00042515475649202176,0.0006617256768906985,0.008247244393064748,0.0021909999999998432,0.002190999999999845,0.002190999999999853,0.001011909999999856,0.0010119099999998632,0.0010119099999998668,-0.4429268850268187,9.601161923388933,1.7159875443978978,-0.0017335384454459533,0.0004946158877499279,-0.002732452553954017,-14.167688093185426,-17.655000686645508,-6.733312797546387,985.5259497070313,-0.016620832222719317,23.61689077663778
2025-03-01T17:06:33Z,40.16976972578805,-76.01591347784003,62.30072107829444,6.982969125751042,-0.9233611879495505,-0.7684956098912605,1.4731498046940383,0.020317757690786444,3.1754532912590863,0.0009999999976035288,0.001000000004297832,0.0009999999982749097,0.0009999999966038985,0.0009999999925406648,0.0009999999904657555,0.00005195548357397654,0.000052001239570507704,0.9051567708565293,82.93431369833182,39.090604488192184,0.016157243811804077,0.00042628496128683044,0.0006713451151304003,0.008257651250249522,0.0021919999999998442,0.0021919999999998442,0.0021919999999998547,0.0010119199999998555,0.0010119199999998624,0.0010119199999998663,-0.2120868375257122,9.662214842474185,1.007574742080521,-0.0014581485568709908,7.926952706984814e-6,-0.002272634953291704,-14.579063053131103,-18.126375789642335,-7.122750258445739,985.4838110351562,-0.06331541834185546,24.32787848109021
2025-03-01T17:06:34Z,40.16030149250052,-76.01541554495115,62.71895217541147,7.2788996380839,1.4114016687901767,-0.725390984243897,1.4777811747453014,0.020820323952152504,3.1776353081962587,0.0009999999977806896,0.0010000000042629372,0.0009999999983740051,0.000999999996583827,0.0009999999921952722,0.0009999999906654007,0.0000529518974926443,0.00005300130712638216,0.8997133004820086,87.01288323781786,40.38233583028686,0.015660733265495917,0.00042808096156241726,0.0006809943101867554,0.008267860660278016,0.0021929999999998444,0.0021929999999998444,0.0021929999999998552,0.0010119299999998554,0.0010119299999998624,0.0010119299999998659,-0.1704196885404808,9.69165772084291,0.8859526718500847,-0.003335806707814353,0.0005446868371267696,-0.001751063222890377,-15.19837558746338,-18.296063270568848,-7.329937815666199,985.4306689453125,-0.04693929817305091,24.88899364239793
2025-03-01T17:06:35Z,40.15132091464508,-76.01490920951211,63.096341376986004,7.55732620304635,3.7813394939544063,-0.7048016544127087,1.4834775479322808,0.022169921641300647,3.1788723380480906,0.000999999997645263,0.0010000000041615017,0.0009999999987091216,0.0009999999964947653,0.0009999999919179322,0.0009999999905308686,0.000053948284182111815,0.000054001378311757836,0.8925482484325071,91.26207412168942,41.70550992116503,0.014939666612783387,0.00043052320108008014,0.0006907942807052221,0.008278196449068484,0.002193999999999846,0.002193999999999846,0.0021939999999998562,0.0010119399999998543,0.0010119399999998615,0.001011939999999865,-0.23091037554816995,9.66700047556133,0.9962487111902603,-0.0014785107780758587,-0.0003280487122489023,-0.002425351122334017,-15.719625587463378,-18.966563320159914,-7.077000300884247,985.4219775390625,-0.05982295709779309,25.630420894127024
2025-03-01T17:06:36Z,40.14408166722284,-76.01447124462896,63.254959389125524,7.779036611454808,5.8296549174312675,-0.711358972838384,1.4898040051614492,0.02316374561577787,3.1798203030175753,0.000999999997582895,0.0010000000044065472,0.000999999998614426,0.0009999999965776606,0.000999999991709811,0.0009999999906039115,0.00005494462326330054,0.00005500145363903805,0.8827798395374135,95.69043333351401,43.09259181237454,0.014131089432567705,0.0004338714205116939,0.0007006367518462859,0.008288309081079206,0.002194999999999847,0.002194999999999847,0.0021949999999998572,0.001011949999999855,0.0010119499999998618,0.0010119499999998655,-0.27637400604300666,9.655833950674346,1.0938758860442037,0.0009242240054039696,-0.000358591909228389,-0.0017228565928519234,-16.068938121795654,-19.416188163757326,-6.511125252246857,985.5254711914063,-0.05947135556979861,26.03058270235183
2025-03-01T17:06:37Z,40.13741654165251,-76.01405000102646,63.31510158776881,7.885240027762833,7.482981441405353,-0.7280352491732792,1.492975101267942,0.023002976659670497,3.1796925365416513,0.0009999999979051978,0.0010000000043909444,0.0009999999984692527,0.0009999999963637362,0.0009999999918249786,0.0009999999904295091,0.00005594088753602046,0.000056001533599207234,0.8715553466516545,100.20631124253417,44.55830577569148,0.013710134004078953,0.0004380956974052794,0.0007106046298486877,0.008298035875009357,0.002195999999999846,0.0021959999999998465,0.002195999999999857,0.0010119599999998548,0.0010119599999998622,0.0010119599999998657,-0.1954070328537204,9.676869202656325,0.867986887034254,-0.0013529997316478115,-0.001388049208341647,-0.0004792628626380835,-15.022313079833985,-18.892313251495363,-6.331500277519226,985.561640625,-0.06350188926934162,24.953451555140678
2025-03-01T17:06:38Z,40.13108297194269,-76.01363938052192,63.29752138567789,8.02072608021601,9.173469327524963,-0.7488137967038726,1.4957906802169796,0.02448950992842105,3.180207514221303,0.0009999999977165226,0.0010000000043050492,0.0009999999984963716,0.0009999999965480681,0.0009999999920069108,0.0009999999899643656,0.00005693704474205307,0.000057001618692787654,0.8596308057420909,104.92176242003003,46.14165386543833,0.013230787485309446,0.0004434512924798564,0.0007205108829062772,0.008308274344473083,0.002196999999999845,0.002196999999999845,0.0021969999999998566,0.0010119699999998543,0.0010119699999998613,0.0010119699999998647,-0.2593450848681393,9.664767256414473,1.046099187971692,-0.001040724370290771,-0.0004909459781515255,-0.0019570214753182875,-15.341625576019288,-18.495188274383544,-5.491312680244445,985.5914501953125,-0.05670394799642125,24.64932999500409
2025-03-01T17:06:39Z,40.12486891566123,-76.0132338015362,63.21957794454628,8.048015894743243,10.40453784493602,-0.7766014301861549,1.4996289616866902,0.024827986844791785,3.1798724223808614,0.0009999999977288044,0.0010000000039091475,0.000999999998410748,0.0009999999965608017,0.000999999992087055,0.00099999999010423,0.00005793306372412891,0.00005800170933714116,0.848125230331549,109.67981374767376,47.83650712460128,0.013088020427630943,0.00044965272746338585,0.0007304974191277741,0.008318207844464071,0.0021979999999998433,0.0021979999999998433,0.0021979999999998576,0.0010119799999998534,0.0010119799999998604,0.001011979999999864,-0.14962958901165502,9.691383078273782,0.6926439803404288,0.0005396796147502335,-0.001307935960021614,-0.000819744879756723,-15.8019380569458,-18.456563262939454,-5.364750185012817,985.6153857421875,-0.06426515738430363,24.88220216258235
2025-03-01T17:06:40Z,40.11813739867453,-76.01280608810211,63.148559989603115,8.073289645040838,11.527527196917333,-0.801344595482591,1.5019135843966676,0.0256301732745071,3.1802775261285583,0.0009999999975996942,0.00100000000402327,0.0009999999982142928,0.0009999999964883845,0.0009999999922883816,0.0009999999899246595,0.00005892892884712209,0.00005900180568857875,0.8386853036507419,114.5433273031937,49.64884273660271,0.013056142000061222,0.0004566736807381547,0.0007403914537488763,0.008328368450376957,0.0021989999999998447,0.0021989999999998447,0.002198999999999859,0.001011989999999853,0.0010119899999998599,0.0010119899999998633,-0.11772986434390269,9.701377367015745,0.5623103306110698,-0.0008676460495382616,-0.0004909459614363717,-0.0012850703087941033,-15.752063083648682,-18.52406332015991,-5.745375185012818,985.59787109375,-0.06327662829617359,24.98549989562102
2025-03-01T17:06:41Z,40.3253991408218,-76.01343582073876,64.92035314198472,0.042210274918609215,0.0048186075122222845,-0.6811647553751394,1.4742631019780865,0.04578061657697466,3.1768298601221923,0.0009999999979741644,0.001000000003941853,0.0009999999986287018,0.0009999999963624792,0.0009999999921810358,0.0009999999903065652,3.079110914379663e-10,3.0791152579847517e-10,0.6579469255363235,0.014285672411281846,0.01428335112698017,0.011546222245497166,0.00016521626882934722,0.00017682385934147287,0.00809707266774721,0.0021999999999998436,0.0021999999999998436,0.002199999999999859,0.0010119999999998526,0.001011999999999859,0.0010119999999998624,-0.08339286032575742,9.711108182903082,0.48003711220303924,-0.0008167406223173645,-0.0011119918035216365,-0.0009083702953206577,-15.24806305885315,-18.41831323623657,-5.67168770313263,985.5990356445312,-0.05701056063439177,24.574442480185628
2025-03-01T17:06:42Z,40.32539658399684,-76.01343934847456,64.54632845242239,-0.34362884293352647,-0.6027158192922102,-0.7480813134118552,1.4735827091217977,0.046749316221820825,3.1757883336870725,0.0009999999978125157,0.0010000000037227053,0.0009999999987953343,0.0009999999960221056,0.0009999999920852632,0.000999999990576397,1.000307911380791e-6,1.0003079123209885e-6,0.6758884504094049,0.03618378041884413,0.03282511888725337,0.011831769398618314,0.0001752242502967349,0.00018683634288840851,0.008107044211807718,0.002200999999999843,0.002200999999999843,0.0022009999999998585,0.001012009999999852,0.001012009999999859,0.0010120099999998628,-0.040775773445713946,9.726490925394089,0.34552779068263184,-0.0006820499119902102,-0.0009574396834234916,-0.001070099136640931,-14.144813079833984,-18.046125679016114,-5.080312705039978,985.6034008789062,-0.047554445883536224,23.48500733942102
2025-03-01T17:06:43Z,40.32538529112078,-76.01345444982101,64.20805079323009,-0.9416913009319142,-1.9643759171347561,-0.8253213874592009,1.4776723254083064,0.04883978208731316,3.176014826548824,0.0009999999974541825,0.0010000000035609426,0.0009999999988408751,0.0009999999962350347,0.0009999999920538162,0.0009999999903951087,2.000307912730198e-6,2.000307917077686e-6,0.6932554533102642,0.1206880722432855,0.08919558292358681,0.012664054360755678,0.000185256936595414,0.00019683548357258738,0.008116976284614146,0.0022019999999998412,0.0022019999999998443,0.0022019999999998573,0.001012019999999852,0.0010120199999998592,0.0010120199999998627,0.18524136063954677,9.789433279669536,-0.4197040801303211,0.003927642544110969,0.00039480787247734694,-0.00216064299100372,-14.115188093185425,-17.75025079727173,-4.746750178337098,985.5684545898438,0.020061573513791384,23.169790917470383
2025-03-01T17:06:44Z,40.32535834352651,-76.01348893737315,63.883491702532076,-1.6843470150088449,-3.9146833873044957,-0.9471788054927659,1.4779553232858258,0.04886437568462499,3.1780027829656334,0.0009999999972528162,0.0010000000034566896,0.000999999998914385,0.000999999995993442,0.0009999999921570873,0.0009999999905831265,3.000307914553967e-6,3.0003079328108713e-6,0.711141789971511,0.31123652833541493,0.1893201078735394,0.015010115175128874,0.0001952100869292144,0.00020679458282355057,0.00812694614957445,0.0022029999999998405,0.002202999999999845,0.0022029999999998565,0.0010120299999998514,0.0010120299999998583,0.0010120299999998618,0.3513333280326943,9.796314268640177,-1.0368568390850295,-0.0003015111056694934,0.001926643218653694,-0.00015880915133857588,-14.194500608444214,-18.044250774383546,-5.956687741279602,985.5319482421875,0.07739508886943028,23.71831659365578
2025-03-01T17:06:45Z,40.32531411034595,-76.0135427328976,63.45337070096792,-2.3169943251489524,-5.3172529854223765,-1.0116903620487747,1.4717839327799394,0.05021648458726611,3.174906497348364,0.0009999999971820948,0.0010000000034166253,0.0009999999988415658,0.0009999999957393554,0.0009999999920142966,0.0009999999903937708,4.000307907270498e-6,4.00030797185785e-6,0.7323178343239296,0.5565005896919705,0.33062301176034853,0.017681967573141257,0.00020493260762307117,0.00021670791344004554,0.008136899300490023,0.0022039999999998398,0.002203999999999845,0.0022039999999998554,0.0010120399999998522,0.0010120399999998583,0.0010120399999998622,0.2226092768326555,9.798685509996137,-0.478926446248002,-0.006945750618770702,-0.0030260349060753965,-0.0022013673659076133,-13.5716255569458,-19.13456335067749,-6.994875283241272,985.6042749023437,0.03316079840173353,24.47950810553294
2025-03-01T17:06:46Z,40.32524712979523,-76.01361010927921,63.02429659275483,-2.8485893746403708,-6.394487795796282,-1.0746703462860343,1.4750535958636721,0.051239717687305446,3.1725318297003793,0.000999999996954721,0.00100000000368529,0.000999999998842101,0.0009999999954432822,0.0009999999922355102,0.0009999999899626166,5.000307855741695e-6,5.000308051284439e-6,0.7587279652676553,0.8451960439908692,0.5109787837438333,0.02025147297211074,0.00021418162770408768,0.00022646506499860057,0.008146838829027102,0.00220499999999984,0.002204999999999845,0.0022049999999998555,0.001012049999999852,0.001012049999999858,0.0010120499999998615,0.11672687410596669,9.758286642071168,-0.18217655312216172,0.001801466036123282,-0.002369438749972015,-0.0021716585912956807,-13.785375595092773,-19.215750846862793,-6.528187742233277,985.62458984375,-0.018944822157960204,24.533576840104494
2025-03-01T17:06:47Z,40.32514704425575,-76.01368915482102,62.64544078483867,-3.424876871362396,-7.658287822134026,-1.0921420724890774,1.4754789651439109,0.05367752619060487,3.1693785182836125,0.0009999999966716821,0.0010000000035837087,0.0009999999987861756,0.0009999999954037313,0.0009999999920019139,0.0009999999900971216,6.000307677440131e-6,6.00030819280087e-6,0.7918048068471959,1.232856541836421,0.7376239015512847,0.023826114195603026,0.00022266208492136854,0.0002359920277764939,0.00815673411386687,0.002205999999999841,0.002205999999999846,0.0022059999999998565,0.0010120599999998508,0.001012059999999857,0.0010120599999998607,0.17885396502752438,9.815966822886299,-0.4426915231571236,-0.0018755730128449059,-0.003056578077217196,-0.004125591267262677,-13.061250581741334,-18.653250770568846,-6.03712522983551,985.6284057617188,0.048079234696829294,23.55810917959189
2025-03-01T17:06:48Z,40.32500381431976,-76.0137799862476,62.320970700492424,-3.9326815785658322,-9.009061270156657,-1.1364619054748526,1.482477374597709,0.05917965108604409,3.17934851361955,0.0009999999968298696,0.0010000000035265118,0.0009999999989849892,0.0009999999953215482,0.0009999999919880734,0.0009999999900207426,7.0003072219404306e-6,7.000308421478584e-6,0.8333819598433058,1.7242172544362395,1.001069809227314,0.02822007617630012,0.0002301800565305452,0.00024502673314013255,0.00816646340574525,0.0022069999999998428,0.0022069999999998454,0.0022069999999998558,0.0010120699999998496,0.001012069999999856,0.0010120699999998603,0.12677673080896376,9.785485083894324,-0.6522864403414509,0.0029706210506243664,0.010199187675320576,-0.006507964106113826,-13.582688121795654,-20.460938262939454,-6.131250224113464,985.638515625,0.028674032702971364,25.31262644404269
2025-03-01T17:06:49Z,40.32480415557081,-76.01387927066553,62.09447560901003,-4.355697561537995,-10.099462317073625,-1.1473000109891125,1.4835830160350534,0.06061690424593494,3.1818065856845505,0.000999999997072046,0.001000000003724365,0.000999999998757846,0.0009999999951829821,0.0009999999920449639,0.0009999999897641618,8.000306262693565e-6,8.000308763376852e-6,0.8834692920155129,2.2759047392658416,1.295723254727843,0.03226447353172039,0.0002359513284353509,0.0002536752104139769,0.008176296218647676,0.0022079999999998425,0.0022079999999998464,0.0022079999999998568,0.00101207999999985,0.0010120799999998563,0.0010120799999998606,0.07105926468454847,9.778034645827471,-0.5480149468192911,-0.0037664165713865473,0.002267125410146384,-0.003844026168661411,-13.218750553131104,-19.199438304901122,-6.327000246047974,985.6229467773437,0.014408138381823738,24.153307533343586
2025-03-01T17:06:50Z,40.32454474503665,-76.01398117102751,61.980437476927754,-4.640388347995534,-10.748478105050568,-1.1140001173539795,1.485599476374741,0.06111433461463305,3.183173711990733,0.0009999999968596858,0.0010000000037813975,0.0009999999985594156,0.0009999999951151028,0.0009999999918520626,0.0009999999896383514,9.000304506390142e-6,9.000309242444237e-6,0.9384197949494577,2.8425894867719057,1.6086829139632564,0.034765083926235646,0.00023988375846923512,0.0002618423781813065,0.008186122791905804,0.002208999999999841,0.0022089999999998465,0.002208999999999857,0.0010120899999998495,0.0010120899999998567,0.0010120899999998601,-0.025486550173588217,9.768336620962868,-0.2534029081209248,-0.0039117885977366,0.0010260347918762392,-0.0035859944323009705,-12.926438102722168,-19.720875816345213,-6.90337525844574,985.6176416015625,-0.007503405240246362,24.569489774096375
2025-03-01T17:06:51Z,40.324216073611495,-76.0140797661494,61.99483277420356,-4.812729333635046,-11.204033225009514,-1.1262163043474114,1.4886724464522276,0.05957737760922599,3.185614577984108,0.0009999999970878677,0.0010000000034705136,0.0009999999986452846,0.000999999995344316,0.000999999991610359,0.0009999999893955719,0.000010000301616749547,0.000010000309879694994,0.9931046577601434,3.4616399302641607,1.929487667621537,0.03650185606500948,0.00024204782228110172,0.0002695038381553338,0.008195949424524404,0.0022099999999998397,0.002209999999999845,0.0022099999999998553,0.00101209999999985,0.001012099999999857,0.0010120999999998607,-0.05834928816120759,9.694678116841521,-0.23985077165417806,-0.00401677081245452,0.0018465296963760373,-0.0020414744316436945,-13.306500577926636,-20.126813297271728,-6.846937770843506,985.5923779296875,-0.08129046018354158,25.08046189071639
2025-03-01T17:06:52Z,40.323812625052305,-76.01417077656829,62.15400896856904,-4.8645532049648725,-11.395830607122482,-1.055381095999741,1.495876826146497,0.056076834725154324,3.191559757446023,0.0009999999968896454,0.00100000000347414,0.0009999999987016007,0.0009999999954577207,0.0009999999916172927,0.000999999989068307,0.000011000297247549484,0.000011000310691198693,1.0431102376016939,4.119490878935076,2.2531200589430758,0.037142406966819544,0.00024286416101520206,0.00027660834983572074,0.008205764747890264,0.002210999999999839,0.002210999999999844,0.0022109999999998546,0.001012109999999851,0.001012109999999858,0.0010121099999998613,-0.08857730623571182,9.745325540539133,-0.17280466838045547,-0.0010101812835792015,0.0051188289610901595,-0.00031786757667727006,-12.718500566482543,-19.623750686645508,-7.204125318527222,985.5525366210937,-0.031830106160811805,24.46934352056614
2025-03-01T17:06:53Z,40.3233578735478,-76.01424995473879,62.40896094972328,-4.679338367083558,-10.658687073781431,-0.9758257791988086,1.5030148414221638,0.05855034577563489,3.1923525247886424,0.0009999999966930607,0.0010000000034369467,0.0009999999988125866,0.0009999999954414932,0.000999999991806505,0.0009999999888599493,0.000012000291025891595,0.000012000311693172952,1.0804322711402512,4.621954144273826,2.5567777215208447,0.03376228058686952,0.00024285502552333775,0.00028365759565190696,0.008215464284978297,0.00221199999999984,0.002211999999999845,0.0022119999999998556,0.0010121199999998513,0.0010121199999998582,0.0010121199999998621,-0.32231619895497365,9.680320540106797,0.5958896028288275,-0.00088800871391417,0.0003846269737316256,-0.006762491034432784,-17.182875680923463,-21.654563236236573,-5.06475018158555,985.5410815429688,-0.0751711859214025,28.10373911451723
2025-03-01T17:06:54Z,40.322845409030336,-76.01431387737657,62.73396494265775,-4.569768729321596,-10.176821007384742,-0.9460773807275749,1.5128751411944699,0.05223382244943219,3.18486110410062,0.0009999999970920685,0.001000000003356862,0.0009999999984416344,0.0009999999950432302,0.0009999999922139732,0.000999999988832467,0.000013000282500129456,0.000013000312904784134,1.102103205319445,5.245612120182339,2.872986187373972,0.031767980067241026,0.00024196439946992405,0.00029116100286336873,0.008225398656234367,0.0022129999999998392,0.0022129999999998444,0.0022129999999998553,0.0010121299999998504,0.0010121299999998577,0.0010121299999998612,-0.17646058355759464,9.667729469420951,0.1967412914411115,0.0023422311683269285,-0.008498114838728109,0.0015135583668650096,-12.637500514984131,-20.890875816345215,-7.155937809944152,985.5118334960938,-0.10787996596935305,25.44287643551191
2025-03-01T17:06:55Z,40.32229107817014,-76.01436513509391,63.04625026255849,-4.38206794330927,-9.275341251186733,-0.912674098154965,1.5163380268944935,0.05180675330289145,3.1798303017294707,0.0009999999970206196,0.0010000000034892807,0.000999999998568495,0.000999999994732061,0.0009999999919604735,0.000999999988530062,0.000014000271110560411,0.000014000314354347264,1.1100874326665346,5.809295642030737,3.188985205948676,0.02850839951911978,0.00024169676576544315,0.0002986549246685078,0.00823518571902275,0.0022139999999998394,0.0022139999999998446,0.002213999999999855,0.0010121399999998507,0.0010121399999998579,0.0010121399999998611,-0.2313490600053944,9.658984572725117,0.5435266769127982,-0.0037081672986393143,-0.005683296841272601,-0.003921970082377655,-12.899063062667846,-19.301438274383546,-6.471187779903412,985.501826171875,-0.10228739799544115,24.099899572933747
2025-03-01T17:06:56Z,40.32169670551703,-76.01440357140712,63.36794302513949,-4.131800575456508,-8.38697482840767,-0.7993576851165116,1.5197681636436053,0.04984905782373314,3.181743098030748,0.0009999999969497945,0.001000000003450065,0.0009999999986092622,0.0009999999947194914,0.0009999999922834712,0.000999999988504671,0.000015000256073086057,0.000015000316075457154,1.1052438978180246,6.421269487611208,3.5158320351725267,0.0255890460927058,0.00024275309727730927,0.0003057319701845588,0.008244971222671212,0.002214999999999839,0.0022149999999998443,0.002214999999999855,0.00101214999999985,0.001012149999999857,0.0010121499999998606,-0.2851967243221032,9.753910250175613,0.5234988804453123,-0.0034159201225030644,0.0011655655395648033,-0.0017510633096975226,-12.415500497817993,-20.50237564086914,-7.224375276565552,985.4909448242188,-0.007303251839707095,25.033599485383984
2025-03-01T17:06:57Z,40.32104867289451,-76.01443111118321,63.71208603224195,-3.8608207902272884,-7.788438920335409,-0.7700497314453689,1.525718676767177,0.050819693296305736,3.184942723421822,0.0009999999968936188,0.0010000000033252366,0.00099999999832446,0.0009999999945788636,0.000999999992074097,0.0009999999886844476,0.000016000236381860113,0.000016000318107368015,1.0925167294495095,7.145783624085191,3.8572776227984464,0.023704651196003797,0.0002450411116295186,0.0003127601028890007,0.008254676298353384,0.0022159999999998396,0.002215999999999845,0.002215999999999857,0.0010121599999998493,0.0010121599999998558,0.0010121599999998602,-0.27972395892322516,9.697628600434985,0.20554047404089318,-0.0003687729298417462,0.0025939210365702285,-0.004451385880811447,-12.28500051498413,-20.638688182830812,-6.8821877670288085,985.4657299804687,-0.07563986211484078,24.98476829086956
2025-03-01T17:06:58Z,40.320334748157194,-76.01444963836344,64.0684652657219,-3.62020259261497,-7.239055730990682,-0.7025147824190292,1.5269740262710285,0.041501258041864726,3.1870046157280463,0.0009999999968660022,0.0010000000029740685,0.0009999999981831946,0.0009999999946509997,0.0009999999919093692,0.000999999989004585,0.000017000210827976313,0.000017000320493808474,1.0761499874517209,7.933182778574608,4.230810651536523,0.022232612927471376,0.00024796091274851417,0.0003199656105602338,0.008264671766215505,0.0022169999999998385,0.0022169999999998437,0.002216999999999858,0.0010121699999998492,0.0010121699999998549,0.001012169999999861,-0.19912570896930795,9.749473101930473,0.14300804368946618,-0.0045226533338931325,0.001015853685996221,0.005892590831716834,-12.61500054359436,-20.074313240051268,-7.124250283241272,985.4314086914062,-0.02698348994162241,24.756185221920706
2025-03-01T17:06:59Z,40.31953195741917,-76.0144555767049,64.47783748332061,-3.2073855385746097,-6.148848644919961,-0.6409005605673626,1.531084640844497,0.034461568121834665,3.18727292803218,0.0009999999971074733,0.0010000000030775788,0.0009999999985809151,0.0009999999944109903,0.0009999999920717478,0.0009999999891923514,0.000018000177772059836,0.000018000323285271326,1.0555290918383715,8.624176409138673,4.613885163932049,0.01984381690138603,0.0002517301843211346,0.0003274628588569508,0.008274640428847633,0.002217999999999839,0.0022179999999998442,0.0022179999999998585,0.0010121799999998479,0.0010121799999998544,0.0010121799999998613,-0.2967293447915454,9.722646726761642,0.658006888689916,-0.0012328296745386744,-0.0006269716815576838,0.0035864929327936806,-14.189250593185426,-20.886563358306883,-7.142062773704529,985.377978515625,-0.030252808191519296,26.240993585639718
2025-03-01T17:07:00Z,40.31863710251276,-76.01444886340482,64.90262522722706,-2.7712588149005444,-5.223824518532908,-0.6124980989905007,1.5375993182970724,0.03563363244076273,3.191840570467381,0.0009999999973613384,0.0010000000027263391,0.0009999999989756536,0.000999999994568484,0.0009999999918862959,0.0009999999896374804,0.000019000134964242054,0.000019000326538153255,1.0308892453378313,9.40236811892021,5.030460685179468,0.018142870868779717,0.00025713528601461073,0.0003345830569405887,0.008284332945910277,0.0022189999999998383,0.0022189999999998435,0.0022189999999998582,0.0010121899999998483,0.0010121899999998535,0.0010121899999998608,-0.2724657271096739,9.707399279909234,0.4673950352341468,0.0014841833408680465,0.003998910493471947,-0.004369937005588208,-13.057688083648681,-19.428938331604005,-7.42987530708313,985.3282788085937,-0.057294226274823876,24.559873855702357
2025-03-01T17:07:01Z,40.31766261797067,-76.01443380693942,65.32771855982755,-2.3471493086443664,-4.3861918066741215,-0.5275577849666179,1.5433189651288626,0.031217555184631752,3.1927434620851294,0.0009999999974722664,0.0010000000026596913,0.0009999999988157633,0.0009999999943416354,0.0009999999917025023,0.0009999999898818858,0.00002000007966780951,0.00002000033031905983,1.0050864002135915,10.249515322868724,5.494038997007856,0.01684774922452312,0.0002629242361953931,0.00034223490054861335,0.008294233376233332,0.0022199999999998367,0.0022199999999998436,0.002219999999999858,0.0010121999999998486,0.001012199999999853,0.0010121999999998601,-0.2472645969861595,9.778505385724452,0.3774190209470551,0.0013908847348391143,0.00016414785815766094,0.0012531897849285352,-13.362375535964965,-20.00962577819824,-7.626000299453735,985.2908129882812,0.009060409420577759,25.24067171889868
2025-03-01T17:07:02Z,40.316596737984156,-76.01441022995351,65.7309380444726,-1.8839184699880263,-3.3074206067533565,-0.5574878629364938,1.5409870321652404,0.030042634278791603,3.192903640469745,0.0009999999972857183,0.0010000000025498653,0.0009999999989834566,0.0009999999945125644,0.0009999999918596893,0.000999999989790012,0.000021000008374959352,0.00002100033470274586,0.9785689780900574,11.062200216564941,5.9929460224490825,0.015541372734856661,0.00026951567031637956,0.00035009587754704266,0.008304037031034602,0.002220999999999836,0.002220999999999845,0.0022209999999998568,0.001012209999999848,0.0010122099999998525,0.0010122099999998596,-0.27031218758438325,9.663650551475408,0.6544738813324567,-0.006100721378080591,-0.0004604024972524255,-0.0018552106558833539,-13.857000589370728,-18.179625701904296,-6.746062748581171,985.2530297851563,-0.09040895843881855,23.83321603871189
2025-03-01T17:07:03Z,40.31544859659685,-76.01437993494568,66.07149203983661,-1.4366768744577145,-2.36640706893751,-0.5273552429211485,1.5462347926768616,0.025929330488019937,3.190537538182231,0.000999999997299318,0.001000000002481919,0.0009999999990515974,0.000999999994398569,0.0009999999918032499,0.0009999999894702426,0.000021999916629782816,0.000022000339774089523,0.9519313478926098,11.955557420826976,6.550954339230295,0.014659469499873623,0.0002765128676267979,0.00035839603108795554,0.008313957634023803,0.002221999999999835,0.0022219999999998456,0.002221999999999856,0.0010122199999998468,0.001012219999999853,0.00101221999999986,-0.2331822502943797,9.736807508372273,0.5801028658865321,0.002141947924379593,-0.0030403885058039246,0.0012031188554120751,-13.30500057220459,-20.041313228607176,-7.287750287055969,985.2300219726562,-0.023211339876153047,25.135353900632126
2025-03-01T17:07:04Z,40.314127210657404,-76.01434195157267,66.44563912645951,-1.0067272811675807,-1.706186194458558,-0.4907908397061389,1.545864350113344,0.02258869541730564,3.188579550687893,0.0009999999972276454,0.0010000000025282394,0.000999999999162116,0.0009999999947113971,0.0009999999916975606,0.000999999989302388,0.000022999799422620343,0.000023000345626428448,0.9272973251902578,12.971132521926135,7.174237566070708,0.014169435909102664,0.00028423400826204514,0.00036673691328355576,0.008323853859809183,0.0022229999999998336,0.0022229999999998445,0.0022229999999998553,0.001012229999999847,0.0010122299999998524,0.0010122299999998593,-0.13651352185237547,9.754817031857868,0.31381569725338837,-0.003138026497633434,-0.002618791668734883,0.000425350941381943,-13.19006308555603,-20.364938259124756,-7.066125273704529,985.1712084960938,-0.01932581816352159,25.27124892763363
2025-03-01T17:07:05Z,40.31267096543632,-76.01430184309653,66.79794117654029,-0.5317315940698633,-1.1961184243345828,-0.5066046808466875,1.5507663679598571,0.023272873662120865,3.1870326849978903,0.000999999997425836,0.0010000000022187805,0.000999999998961082,0.0009999999947095757,0.0009999999919464621,0.0009999999894861843,0.000023999651390800144,0.000024000352351323856,0.9057635001089467,14.062559729802533,7.8483524262414806,0.013786486358574865,0.0002925738206267377,0.00037509239615643957,0.00833360280005537,0.002223999999999834,0.002223999999999845,0.0022239999999998567,0.0010122399999998467,0.0010122399999998514,0.0010122399999998584,-0.1530638797947732,9.708635591504429,0.1995185377753647,0.0025531968898930015,-0.0021097372426514722,-0.00350454526877049,-13.76250054359436,-19.315688180923463,-7.364062809944153,985.1340893554687,-0.06830862747205826,24.834031455086098
2025-03-01T17:07:06Z,40.31119554059765,-76.01426424457154,67.03150461264974,-0.053081400778522414,-0.5611853584426485,-0.5444957620448886,1.5486333348380148,0.024433308847052485,3.1860277604622143,0.000999999997680064,0.0010000000021918175,0.0009999999993572442,0.0009999999949897897,0.0009999999916767434,0.0009999999892935994,0.0000249994663468652,0.000025000360043232303,0.8866880460671382,15.153835043970258,8.577138577301124,0.013433806552396566,0.0003014070712564484,0.00038342841633705576,0.00834335137064482,0.0022249999999998356,0.002224999999999846,0.0022249999999998564,0.0010122499999998466,0.0010122499999998512,0.0010122499999998574,-0.20850871740909685,9.69016704971842,0.4071135556211427,-0.003946671608938302,-0.0015182336329876754,-0.0036837993455022186,-13.436625576019287,-18.789563255310057,-7.229812784194946,985.1469189453124,-0.07931437559798794,24.204510271589765
2025-03-01T17:07:07Z,40.30946609007935,-76.01422197113095,67.25868859563394,0.5434683393044473,0.04210301079720047,-0.5764774118671603,1.5498413011915833,0.02182720054232807,3.1891503483228636,0.000999999997478545,0.0010000000022674373,0.000999999999806297,0.0009999999946479316,0.0009999999915505733,0.000999999989481412,0.000025999236960692655,0.000026000368803228708,0.8694367363837954,16.30712769268394,9.358920172971859,0.013130843792795723,0.00031112037938390837,0.0003912386808600933,0.00835321764011506,0.0022259999999998357,0.002225999999999846,0.0022259999999998566,0.0010122599999998463,0.00101225999999985,0.001012259999999857,-0.276094844476173,9.692763176597946,0.40928932125061457,-0.00044004060121904324,0.0025022912833951643,0.0000690136036875144,-14.132813110351563,-19.12425065994263,-7.232437796592713,985.0934301757812,-0.07500920396683296,24.855160233957246
2025-03-01T17:07:08Z,40.307399633102925,-76.01417674662366,67.53103693022805,1.0710620524169543,0.3953698060772562,-0.5549750410664127,1.549922116010357,0.013947203481584044,3.186027702016164,0.0009999999973211169,0.001000000002272268,0.0009999999994589925,0.0009999999950310514,0.0009999999918429072,0.000999999989388204,0.000026998955675982765,0.0000270003787440776,0.8545704466419796,17.58723001744716,10.229851484638589,0.013001259041076331,0.0003201037566608663,0.0004000393188654727,0.008363287938233634,0.002226999999999835,0.002226999999999846,0.0022269999999998567,0.0010122699999998452,0.001012269999999849,0.0010122699999998562,-0.08686702507775289,9.750693702132661,0.18995509335967678,-0.001202787304708529,-0.0038815787080839796,0.0050485627790599775,-13.698938093185426,-18.93600070953369,-7.598437795639038,985.0218530273437,-0.027446633898732472,24.575735539473857
2025-03-01T17:07:09Z,40.30508660409473,-76.01413287408381,67.78055629449406,1.6901081286371369,0.9057152085950451,-0.6300133466098501,1.5375592203848458,0.013781133822121946,3.1864071317791947,0.0009999999973072337,0.0010000000024869464,0.0009999999993426897,0.0009999999953251714,0.0009999999918989496,0.0009999999892181487,0.000027998614627013942,0.00002800038998517628,0.8420597345600743,18.862802920393886,11.147855289574569,0.012908577414791487,0.00032986316111193896,0.00040838952958822386,0.008373076499006806,0.0022279999999998334,0.0022279999999998456,0.002227999999999856,0.001012279999999844,0.0010122799999998495,0.0010122799999998564,-0.12123934083722865,9.645903793014798,0.46101417048826276,-0.01339037354135075,-0.0002058758578706854,-0.0025984292831479957,-13.315125551223755,-18.241125774383544,-6.6450002574920655,984.9813842773438,-0.12275908653216727,23.54113133683702
2025-03-01T17:07:10Z,40.302860665815956,-76.01409509708006,67.8178716592955,2.3341725939747726,1.3726987623047089,-0.7594749068043967,1.5319438513179529,0.012163754925677502,3.189032024949204,0.0009999999971109738,0.0010000000024396136,0.000999999999047064,0.0009999999949939567,0.0009999999920961343,0.0009999999890883994,0.000028998204583094046,0.000029000402635712033,0.8311810299321695,20.183372105978165,12.113484652673982,0.012829385977545677,0.0003400783024212924,0.00041646766242887804,0.008382929886615525,0.0022289999999998327,0.0022289999999998474,0.002228999999999858,0.0010122899999998446,0.0010122899999998494,0.0010122899999998563,-0.2067428725036873,9.594059331255652,0.5995585975330687,-0.006233075294557513,0.002074685678536475,-0.0006843865402102463,-13.82343807220459,-18.32287576675415,-8.158687834739686,985.0366723632812,-0.1654888910744986,24.35932918819532
2025-03-01T17:07:11Z,40.30033452236712,-76.01406096836257,67.73884631345014,2.8856525396869914,1.59811995334737,-0.9071728796792604,1.5240884144511193,0.015037082460999752,3.185749571252567,0.000999999997027684,0.001000000002582427,0.0009999999989769605,0.0009999999950494095,0.0009999999923132356,0.0009999999892638127,0.000029997716341141276,0.00003000041681950214,0.822130560513042,21.61441368999256,13.162204430655967,0.012815020062232889,0.00034952126194920505,0.0004255145029155617,0.00839264210339064,0.0022299999999998337,0.0022299999999998476,0.0022299999999998562,0.0010122999999998454,0.001012299999999849,0.001012299999999856,-0.07906093172553093,9.578763490643171,0.4875280887323388,-0.008092540669325379,-0.003641238834912148,-0.005446294365348589,-13.666875562667848,-18.905438194274904,-7.453875288963318,985.0260888671875,-0.1890244635884881,24.48993342867887
2025-03-01T17:07:12Z,40.297386053733206,-76.01403281128195,67.59921963037769,3.461149818203692,1.9271276999819422,-0.9824085890513823,1.519011504707607,0.01765642656432353,3.172921626490439,0.0009999999966196346,0.0010000000023997365,0.00099999999883605,0.0009999999950056548,0.000999999992620231,0.0009999999892077681,0.00003099714125464139,0.00003100043267532109,0.8151418116267636,23.082865598833358,14.290369541176625,0.012967293545679307,0.0003575710972643605,0.00043603174829850717,0.008402400805236297,0.002230999999999833,0.0022309999999998473,0.0022309999999998564,0.001012309999999845,0.0010123099999998484,0.0010123099999998558,-0.07776972187758285,9.634816971458395,0.7246234633203271,-0.004838267818740351,-0.013176570932765544,-0.005825831868155343,-13.157250595092773,-18.85443822860718,-8.570625414848328,985.0055444335937,-0.11820936348139509,24.536833556579197
2025-03-01T17:07:13Z,40.29444472633276,-76.01401265762249,67.27368002637002,4.241484538547704,2.2762039861631913,-1.1482869919584506,1.5197098432527272,0.03233277207390735,3.1740969394328395,0.0009999999964696168,0.0010000000023548897,0.0009999999990381735,0.0009999999949338325,0.0009999999926367084,0.0009999999893674772,0.00003199646923051971,0.000032000450315059254,0.8096512153395401,24.582291651606138,15.435622031355326,0.01306036903300223,0.00036791807050855435,0.0004445284054788205,0.008411928184131225,0.002231999999999832,0.002231999999999848,0.0022319999999998574,0.001012319999999844,0.0010123199999998475,0.0010123199999998544,-0.40813288651471796,9.535614230419323,0.8397045093483526,0.001030374424289614,0.0014860189866299353,-0.016932555333987957,-14.096063089370727,-20.11612575531006,-8.420437877178193,985.0810815429687,-0.1993783935260698,25.9664906204315
2025-03-01T17:07:14Z,40.291249002084726,-76.01400163997255,66.83693328846337,5.07142819449511,2.760456411468755,-1.2109809642733418,1.5190728279791395,0.0335921180102978,3.175615087461007,0.0009999999961784855,0.001000000002624486,0.0009999999988124643,0.0009999999952026149,0.0009999999927310247,0.0009999999893882847,0.00003299568780470509,0.00003300046983663532,0.8053959977040002,26.123612916233842,16.650313846283712,0.013515728272897992,0.0003779549009628279,0.00045310010455854483,0.008421777940946035,0.002232999999999833,0.002232999999999849,0.0022329999999998566,0.0010123299999998448,0.0010123299999998483,0.0010123299999998544,-0.5414189856648842,9.62133743667367,1.0735368911583902,0.0000995564935943904,0.0011583881642339775,-0.0034230973378290208,-14.513250589370728,-20.19825065612793,-8.395312821865081,985.12732421875,-0.08447349657555148,26.250378508062756
2025-03-01T17:07:15Z,40.287721464517595,-76.0140025226975,66.39623426723523,6.172396385708184,3.8111002867135557,-1.1907589813770147,1.5172372087216448,0.025155720947813168,3.176117094098206,0.0009999999965256885,0.001000000002750562,0.0009999999992532152,0.0009999999949320462,0.0009999999926977425,0.000999999989586257,0.00003399477974432096,0.00003400049130261386,0.8033820871580946,27.615367002418534,17.893925151673745,0.01545978676414704,0.00038726784921135646,0.00046202936274219525,0.008431783572520673,0.002233999999999833,0.002233999999999849,0.0022339999999998555,0.0010123399999998443,0.0010123399999998478,0.001012339999999854,-0.8055467333829931,9.656432158785421,1.7851623446158522,-0.0004316956717029314,-0.00034657521345721643,0.006350405814722309,-13.71262554168701,-20.29856330871582,-9.656812915802002,985.1660498046875,0.07227439700765358,26.330953674592884
2025-03-01T17:07:16Z,40.28414911543593,-76.01401729266286,65.96790601659244,7.177624810470222,4.882525073605365,-1.103233523604252,1.5219405278447558,0.018231499359825414,3.1775515081205947,0.0009999999964992816,0.0010000000028025128,0.0009999999991816395,0.0009999999950323529,0.0009999999924912213,0.0009999999896168545,0.00003499372494688924,0.000035000514677361246,0.8068850803213189,29.202696134444334,19.190961399206675,0.019099683300440314,0.00039594509979682687,0.00047109719706999305,0.008441798861102898,0.0022349999999998317,0.00223499999999985,0.0022349999999998565,0.0010123499999998434,0.001012349999999847,0.0010123499999998534,-0.711511423949281,9.722646758029876,1.9673515976694416,0.006849612409311038,0.0007104214828840794,0.005291907562733011,-14.319563121795655,-20.44068832397461,-9.436500434875489,985.2439526367187,0.1642906381842933,26.681762423161672
2025-03-01T17:07:17Z,40.28064768205527,-76.01405128006722,65.54177586421056,8.03231787014517,5.462041585712023,-1.0847428636165921,1.5250811090141396,0.008620802868135501,3.1747332794957726,0.000999999996287685,0.0010000000026985634,0.0009999999991822707,0.0009999999949763206,0.0009999999922881593,0.0009999999895137699,0.00003599251110576525,0.00003600053979230565,0.8196075563333987,30.96129181454053,20.486870256662865,0.022739028836097696,0.0004024575569359449,0.00048104643186516917,0.008451928166738567,0.0022359999999998314,0.002235999999999851,0.0022359999999998566,0.0010123599999998425,0.001012359999999846,0.0010123599999998525,-0.5557360482590655,9.681477076845546,1.6173457106360036,0.006126755617714767,-0.003606356673650844,0.008234239529374805,-14.389313097000121,-20.879625816345214,-8.885625438690186,985.3325927734375,0.050404823508657944,26.869363677319
2025-03-01T17:07:18Z,40.276596193540385,-76.01413387349356,65.22953657385338,8.736135019760013,5.335981283132626,-1.03305493789715,1.5227526609097766,0.0048734668655831745,3.173336396930904,0.0009999999959679322,0.0010000000028825024,0.0009999999993364928,0.0009999999947093998,0.0009999999922038142,0.0009999999891400551,0.0000369911422016921,0.00003700056636176227,0.8419633030645182,32.90918655571576,21.754006111309497,0.025088746511088555,0.000406989637788739,0.0004910253887889549,0.008461941311545117,0.0022369999999998316,0.002236999999999851,0.002236999999999858,0.0010123699999998433,0.0010123699999998468,0.0010123699999998528,-0.34148688519741255,9.723313579619164,1.2238113790504628,0.00198172105930535,-0.0019288146466545366,0.0027152596117566855,-15.0350630569458,-19.921500778198244,-8.04900032043457,985.3325659179687,0.025032189810811196,26.224092850276083
2025-03-01T17:07:19Z,40.27228440348509,-76.0142680337375,65.00447979998503,9.366234769029134,4.889752646973726,-0.9889166372877184,1.521923801355159,0.005351931172524067,3.168022771153004,0.0009999999960305424,0.0010000000025399969,0.0009999999992359224,0.0009999999946711318,0.0009999999923623346,0.0009999999888019567,0.00003798963948999146,0.000038000594027851514,0.8718234783708657,34.975573447363104,22.92208011792087,0.027147817910962817,0.00040830326120856525,0.0005016814087059337,0.008471861131026406,0.002237999999999832,0.002237999999999852,0.002237999999999858,0.0010123799999998432,0.001012379999999847,0.001012379999999853,-0.31250562551711125,9.705963650382657,1.1987213910030008,0.004609774877136329,-0.0056222098326579786,-0.00132579447803016,-14.524313049316406,-20.109938201904296,-8.021062788963318,985.3530249023438,0.0038037008792335928,26.071058154730455
2025-03-01T17:07:20Z,40.267377368439774,-76.01448057811827,64.95394920070493,9.866529058722195,3.73609806629806,-0.9138863076512316,1.5213460427566334,0.009559644039619525,3.1624881390343575,0.0009999999960941593,0.0010000000028386677,0.0009999999994746687,0.0009999999946338637,0.0009999999921646607,0.0009999999891040228,0.00003898803819216145,0.00003900062245112752,0.9051981339548436,37.2047046871029,23.96864502562424,0.02745753975104371,0.0004068573945730353,0.0005124200346979371,0.008481721016951283,0.0022389999999998314,0.002238999999999853,0.0022389999999998583,0.0010123899999998436,0.001012389999999847,0.0010123899999998525,-0.24365575448997695,9.733080908725888,0.8918366553839914,0.00640798717691443,-0.005634060511422729,-0.004725273639872847,-14.09062560081482,-20.074875774383546,-7.441312789916992,985.3139038085938,-0.003874957531157844,25.630389955930745
2025-03-01T17:07:21Z,40.26165298704655,-76.01479888079325,65.14280487043536,10.281326636033457,1.924527587616926,-0.849532286198139,1.5166290107098739,0.011106644370883493,3.1548033962659408,0.0009999999960595802,0.0010000000026822102,0.0009999999995119442,0.000999999994809709,0.0009999999922022619,0.0009999999887078215,0.0000399863795881208,0.00004000065145408367,0.9364270692305949,39.559517333389685,24.869900402353867,0.026707975333801738,0.00040282564530514124,0.0005234345289562776,0.008491668757439993,0.0022399999999998315,0.0022399999999998524,0.0022399999999998576,0.0010123999999998427,0.0010123999999998461,0.0010123999999998533,-0.24040190150943225,9.706083241141979,0.7443243709485022,0.0041414450373766145,-0.007872228525194211,-0.0018246676567248328,-14.230500564575195,-19.941375827789308,-6.921562743186951,985.2203247070313,-0.043015277549442024,25.457239656252522
2025-03-01T17:07:22Z,40.25627502090046,-76.0151547614212,65.36646203099879,10.67744508316232,0.1478344232598814,-0.7668722128013534,1.509616249203906,0.013594701132834484,3.1550763595266047,0.0009999999958739461,0.0010000000028910568,0.0009999999992010102,0.0009999999945411678,0.0009999999925032778,0.0009999999888615472,0.00004098470033888125,0.00004100068099253499,0.9626631258743727,42.01827926557753,25.63117969777706,0.02622132188370035,0.00039826304932759896,0.0005333393613718782,0.00850160938612507,0.0022409999999998334,0.0022409999999998534,0.0022409999999998586,0.0010124099999998433,0.0010124099999998465,0.001012409999999854,-0.3715285861505528,9.718725290931562,0.8881728927696658,0.0016776236630880275,0.00021154873635566328,-0.00197738395014323,-14.093438062667847,-20.19543836593628,-7.342687797546387,985.23384765625,-0.014073056024835506,25.698116093828126
2025-03-01T17:07:23Z,40.25119569489998,-76.01554256223413,65.60811413435039,11.09527164518308,-1.4565294688319588,-0.7548870158597784,1.4996597839691428,0.014082055354096713,3.161467546500937,0.0009999999962124497,0.0010000000026744896,0.000999999999063277,0.000999999994458934,0.0009999999922071998,0.0009999999889836778,0.0000419830290094794,0.000042000711062744775,0.9847388826658179,44.54276276782595,26.251710562359662,0.026551316571268902,0.0003935239632063009,0.0005422711129775469,0.008511585482796746,0.002241999999999832,0.002241999999999853,0.002241999999999857,0.0010124199999998436,0.0010124199999998456,0.0010124199999998545,-0.5415817867795609,9.628816633753152,1.1575576495194217,-0.0015332550960280914,0.006252767193614319,0.0008526227563382877,-15.18187554359436,-21.056438274383545,-7.5219377994537355,985.2352099609375,-0.06693367050028938,27.02664851970442
2025-03-01T17:07:24Z,40.24685335049264,-76.01591915754845,65.7353484894391,11.37969157130996,-2.838540538710107,-0.7615969462031839,1.4880744712403537,0.01689956757788184,3.169292316580521,0.0009999999960341802,0.0010000000026154738,0.0009999999993375688,0.0009999999945576592,0.0009999999919994547,0.0009999999891573714,0.00004298138836643182,0.00004300074170655361,1.0037830695054881,47.16765003692681,26.78015738133086,0.02680860337948991,0.0003885622424442727,0.0005506813507405875,0.008521529121524289,0.0022429999999998306,0.0022429999999998545,0.0022429999999998554,0.0010124299999998434,0.001012429999999846,0.001012429999999854,-0.5523860964411247,9.609652558006156,1.275969677210791,-0.0042375831036074825,0.007898263607050707,-0.0009592757266213381,-15.26925054550171,-20.22225076675415,-7.345687794685364,985.2904833984375,-0.07031926221086177,26.382681390978185
2025-03-01T17:07:25Z,40.24268718844048,-76.01632126953851,65.85601512664486,11.473435198666023,-4.248136948489852,-0.7544453027747701,1.480448841475464,0.020324110195621508,3.1746953469540835,0.000999999996342985,0.0010000000026996845,0.0009999999996070693,0.0009999999943887008,0.000999999991933432,0.000999999988834153,0.00004397979628779778,0.000044000773049813384,1.019545456922306,49.893725829753585,27.24811746260935,0.026760602220881023,0.0003832535333793197,0.0005589943133905902,0.008531468900850294,0.002243999999999832,0.002243999999999854,0.002243999999999854,0.001012439999999843,0.0010124399999998468,0.001012439999999854,-0.5180065953860433,9.613165196650657,1.346865226816621,-0.0004316956252552196,0.005581817681458714,-0.0012803968626704616,-15.245625581741333,-20.44106330871582,-7.831125349998474,985.2881640625,-0.05901321886959541,26.675643815377445
2025-03-01T17:07:26Z,40.238597412687106,-76.0167554914638,66.00341049863249,11.549634682620328,-5.238358664916985,-0.7433284074869659,1.4710605127136047,0.022671530043890928,3.1704195371798867,0.000999999996112081,0.0010000000027973984,0.0009999999994356646,0.0009999999944193575,0.0009999999919803795,0.000999999988864458,0.00004497827190541372,0.000045000805088137856,1.0350423407404628,52.66195054706959,27.645862015651606,0.028631395122710162,0.00037643599797223794,0.0005683526477196976,0.008541447800689838,0.002244999999999832,0.0022449999999998534,0.0022449999999998534,0.0010124499999998432,0.001012449999999847,0.001012449999999854,-0.673103997750897,9.55290272140233,1.8940357576215223,-0.0019672025892514084,-0.004115410644565947,-0.0006742055406894201,-14.965500574111939,-20.0568758392334,-7.636687827110291,985.2696875,-0.017685651174081694,26.164113003208296
2025-03-01T17:07:27Z,40.23462146449239,-76.01722083101897,66.23867529716433,11.55583627371724,-5.919209661524234,-0.6258945031185952,1.4579152575564551,0.02337262426372826,3.165982145991633,0.0009999999963355257,0.0010000000030072557,0.0010000000000302183,0.0009999999945762463,0.0009999999919909955,0.0009999999888231355,0.00004597684499746342,0.00004600083753633799,1.0555194566930122,55.522256958197005,27.98026430360346,0.03210224893220884,0.00036913371294807704,0.000577299809752237,0.008551458616755755,0.002245999999999831,0.002245999999999855,0.0022459999999998523,0.0010124599999998432,0.0010124599999998467,0.001012459999999854,-0.7571319556125987,9.58636233710963,2.385920344830124,-0.0055713049614254115,-0.0044310235309467354,0.0012703810279475131,-14.154000568389893,-19.78987573623657,-7.816125297546387,985.2401489257812,0.12808470239386563,25.555119311360485
2025-03-01T17:07:28Z,40.23047018093261,-76.0177563516448,66.67503323922641,11.309337594270314,-7.291427154474496,-0.5631171609692162,1.4479315350302313,0.03159206117606701,3.1635928060210805,0.0009999999962046033,0.0010000000027913028,0.0010000000002785441,0.0009999999942670022,0.0009999999919243496,0.0009999999888090625,0.00004697554169415851,0.000047000870242846085,1.0788554593650805,58.47252541756464,28.229871481828987,0.03330501799721335,0.0003617863994593173,0.000585399256075058,0.008561347957996627,0.00224699999999983,0.002246999999999856,0.0022469999999998515,0.0010124699999998427,0.0010124699999998457,0.0010124699999998535,-0.7121390436978122,9.535810405915802,2.0481976308040633,-0.001613368171965758,-0.0015082195128577351,-0.005406237911103732,-13.325813112258912,-19.7988756942749,-7.750875339508057,985.1495678710937,-0.0002891395601013263,25.092753620073555
2025-03-01T17:07:29Z,40.22671960575289,-76.01830334051341,67.15789952505345,10.914591885423713,-8.710971852628138,-0.4848548591420768,1.4410065564544754,0.03712353641120537,3.161642036665477,0.0009999999967080823,0.0010000000030019316,0.0010000000005009266,0.0009999999943377095,0.0009999999918491565,0.00099999998888531,0.00004797437090592287,0.00004800090338826392,1.0995312531971797,61.50305213669541,28.429847351423074,0.033546897982747285,0.00035427962759913053,0.0005929330706123304,0.0085712732115094,0.00224799999999983,0.002247999999999857,0.0022479999999998517,0.0010124799999998426,0.001012479999999846,0.0010124799999998533,-0.7153771991095735,9.547957570391088,2.0132382343607342,0.001117664558472958,-0.0013257945523613515,-0.002516980815081681,-14.478000593185424,-20.10656332015991,-8.721187887191773,985.11482421875,0.004694735225978649,26.26676284103894
2025-03-01T17:07:30Z,40.22354354375614,-76.0188292772283,67.62343113609202,10.34470742398101,-10.414786021053729,-0.4188020662309857,1.4352222446336913,0.04050085050261885,3.160112486645989,0.000999999996500559,0.0010000000030558308,0.0010000000005842698,0.0009999999942919072,0.000999999991765439,0.0009999999888877693,0.0000489733211484073,0.0000490009374602562,1.112325533067008,64.6155278700244,28.625797888693008,0.031052155040897998,0.00034721773850704716,0.0006000034634092834,0.008581218504632634,0.00224899999999983,0.002248999999999856,0.002248999999999851,0.001012489999999843,0.001012489999999847,0.001012489999999852,-0.582808944702765,9.610027139129139,1.5599048859012785,0.0013307996421143137,-0.001157723261707701,-0.0004592344473789018,-15.204000568389892,-19.872750759124756,-8.583000364303588,985.1070483398438,-0.025972227747970388,26.452845870468316
2025-03-01T17:07:31Z,40.22069013340118,-76.01934896208175,68.06419167937254,9.491383437198326,-12.772098008422413,-0.41805827555040204,1.4303098846218216,0.043510100846264686,3.1588853723000963,0.00099999999663735,0.0010000000031951855,0.00100000000038482,0.0009999999943463398,0.0009999999918019998,0.0009999999887359186,0.00004997234833537559,0.00005000097340868872,1.1087381980112108,67.80425608371392,28.886975447388036,0.025445254193815943,0.00034164837102224017,0.0006068142572148034,0.00859116246079828,0.0022499999999998285,0.0022499999999998554,0.0022499999999998498,0.0010124999999998423,0.001012499999999846,0.001012499999999852,-0.3231138079305265,9.678166968660477,0.7742745374565689,0.0014332780302539509,-0.0008981891990715624,-0.00016515139488969255,-15.191250534057618,-19.851563301086426,-8.617125382423401,985.0814965820313,-0.06448604475762064,26.440703712825204
2025-03-01T17:07:32Z,40.217919955786634,-76.01987431100508,68.4562472384627,8.519948028408802,-15.254800674368054,-0.4441903550742173,1.4236596530172845,0.04752950633882101,3.1575425232448016,0.0009999999965626405,0.0010000000031360702,0.001000000000299819,0.000999999994585316,0.0009999999918591921,0.0009999999888588775,0.00005097138459371801,0.00005100101231689052,1.086029258197247,71.0838483763839,29.28296151624491,0.020424013756045183,0.0003384711301263466,0.0006136599436523648,0.00860108596978867,0.0022509999999998295,0.0022509999999998555,0.0022509999999998503,0.001012509999999843,0.0010125099999998464,0.0010125099999998516,-0.25316362471355996,9.705325515108091,0.5532574877536423,-0.000962446877955325,-0.0008572979412090555,-0.0012603685422223595,-15.327375593185424,-20.076188316345213,-8.316187868118286,985.043837890625,-0.05430403445522413,26.59206742389999
2025-03-01T17:07:33Z,40.215119195365624,-76.02039939924826,68.7631226706336,7.508827284662928,-17.620069316774874,-0.49564359792124935,1.4178662262775938,0.05139760962235044,3.1560980576719913,0.000999999996574839,0.001000000003191433,0.0009999999999749085,0.0009999999942142434,0.0009999999920993416,0.000999999988857067,0.00005197035474999643,0.00005200105501446712,1.0495490340672036,74.46118845775901,29.858919697941452,0.01691402280134536,0.0003380751860761216,0.0006206896714731774,0.00861100746289273,0.0022519999999998284,0.0022519999999998552,0.0022519999999998496,0.0010125199999998437,0.0010125199999998465,0.001012519999999851,-0.25393312264171014,9.701778175225796,0.5477016908455024,-0.0008778270682849559,-0.0009592756661960205,-0.0012647080764444257,-15.175688009262085,-19.914563217163085,-8.512125387191773,985.0151928710937,-0.05788513569664032,26.445130320641763
2025-03-01T17:07:34Z,40.212321217043424,-76.02090474955214,68.9215549207721,6.508929812273361,-19.775982515865618,-0.5697932445765485,1.4127975035724838,0.05464561180479693,3.154728336652674,0.0009999999968006196,0.001000000003275761,0.0010000000000212473,0.0009999999943126603,0.0009999999920751101,0.0009999999888122295,0.00005296917659182045,0.000053001102088438305,1.0057271731968302,77.94777530017701,30.640360920456494,0.014801961297629698,0.00034047729788003466,0.0006279548791756956,0.008620934261530683,0.002252999999999829,0.0022529999999998554,0.0022529999999998497,0.001012529999999843,0.0010125299999998458,0.0010125299999998501,-0.2536820714357206,9.700500066118227,0.5505854994456224,-0.001183259463457785,-0.0009592756669212267,-0.0009389135497175388,-14.564625539779662,-19.541625728607176,-8.329125361442566,985.0201879882812,-0.05877464746796795,25.75607029827197
2025-03-01T17:07:35Z,40.20938124627755,-76.02139563897126,68.9330421431918,5.510814499103951,-21.75717191476635,-0.6591384675941272,1.4086345047449564,0.05820349031844797,3.1533531418125986,0.0009999999966716227,0.0010000000032181402,0.000999999999570063,0.0009999999940852964,0.0009999999919881018,0.0009999999889207575,0.00005396775446074552,0.000054001153992987084,0.9598099180475599,81.55473655201845,31.637249477973477,0.013949787174139262,0.00034543140843811384,0.0006355262593730801,0.008630851821227161,0.002253999999999828,0.0022539999999998546,0.002253999999999849,0.001012539999999842,0.0010125399999998449,0.0010125399999998494,-0.25459997400297074,9.702562642703924,0.545975723544084,-0.001172744595081011,-0.000897354694372397,-0.001490694710690472,-14.926313056945801,-19.8301881980896,-8.41443787097931,985.0335009765626,-0.056742341416234306,26.20746609058085
2025-03-01T17:07:36Z,40.20600842230492,-76.02188607052999,68.83059259878286,4.468882760135241,-23.61381571553186,-0.7619447326609257,1.4056635921816993,0.06128168196298264,3.1520213190893243,0.000999999996444768,0.0010000000028490543,0.0009999999996575545,0.0009999999937197075,0.000999999991803799,0.000999999988676278,0.00005496597329001761,0.000055001211114337184,0.916063289842739,85.28947901515093,32.84785291668902,0.014247390951433656,0.00035250685778125194,0.0006434233469654068,0.008640778347542134,0.0022549999999998296,0.002254999999999856,0.0022549999999998496,0.0010125499999998414,0.0010125499999998442,0.0010125499999998505,-0.25443979907199693,9.699542847312252,0.5393392319882242,-0.0006945676300705447,-0.0009185513661275985,-0.0011119918894057642,-15.173438062667847,-19.905000743865966,-8.25937536239624,985.0368725585937,-0.059935764682455824,26.356344061804844
2025-03-01T17:07:37Z,40.201988520071765,-76.02237596386638,68.62777017805116,3.372222839700352,-25.31502610831005,-0.8645021507686186,1.4031619303970326,0.06466765536114001,3.150750096005835,0.000999999996559649,0.0010000000025816834,0.00099999999994076,0.0009999999935701993,0.0009999999917699248,0.0009999999886717227,0.00005596369633510684,0.00005600127378975899,0.878179285993687,89.16401742185296,34.262042229006695,0.015575849143790989,0.0003611980674991385,0.0006516723314297325,0.008650701295177978,0.0022559999999998285,0.0022559999999998575,0.0022559999999998484,0.0010125599999998422,0.001012559999999844,0.0010125599999998502,-0.2567182104337035,9.702994188149527,0.5498199280406123,-0.0009824751913914255,-0.0007972129183907351,-0.001480680458458596,-15.312000570297242,-19.90987585067749,-8.21325035572052,985.0420434570312,-0.0556659735127238,26.42565620705569
2025-03-01T17:07:38Z,40.19724538721169,-76.02285436433266,68.32064236570262,2.2342448688679397,-26.814236794045623,-0.9698368311373803,1.4015766433853178,0.06766557698880961,3.1493361489055673,0.000999999996405202,0.0010000000022458667,0.000999999999739883,0.0009999999934640234,0.0009999999918138482,0.0009999999890809115,0.00005696076846609055,0.00005700134229039965,0.8494078410908856,93.18929666141973,35.8556480701344,0.01783713617926585,0.0003707443904394939,0.0006603641970053375,0.008660634897683716,0.002256999999999829,0.002256999999999857,0.0022569999999998494,0.0010125699999998412,0.001012569999999844,0.0010125699999998512,-0.24925535035969,9.70253382428229,0.5530182014306979,-0.0009592756974959193,-0.0009898189125975563,-0.0012748891607653543,-15.50156307220459,-20.132813224792482,-8.416125335693359,985.0634643554688,-0.05598228280604359,26.766715595578475
2025-03-01T17:07:39Z,40.19165892745175,-76.02331160947803,67.92651513064054,1.0981180963463046,-28.03731591488418,-1.0565711526360082,1.4012912818755205,0.0701456102133773,3.147552892693791,0.0009999999965637075,0.0010000000025067086,0.0010000000000492816,0.0009999999933446547,0.0009999999921117447,0.0009999999890057062,0.00005795702944159181,0.00005800141677438437,0.8326471669423023,97.38227133043968,37.58867045222882,0.02084265994294259,0.00038025852373246025,0.0006695840628748581,0.008670582681532157,0.002257999999999829,0.002257999999999856,0.0022579999999998504,0.0010125799999998403,0.0010125799999998433,0.0010125799999998503,-0.2648884581667124,9.713341497419018,0.5817320754530647,-0.00066402436404098,-0.0014276052430813183,-0.00104072422621994,-14.54006308555603,-19.665750713348388,-8.049937796592712,985.0940942382813,-0.04298237580441677,25.747894287526385
2025-03-01T17:07:40Z,40.185100282951275,-76.02373643306564,67.46304446571621,-0.036763664738395097,-28.987008966028984,-1.156306575741981,1.4019985719124617,0.0726876795075266,3.1462949181264057,0.0009999999963816726,0.0010000000023120705,0.00100000000007199,0.0009999999934244563,0.0009999999922299802,0.0009999999892993628,0.00005895233720737088,0.0000590014972256853,0.8302248448411578,101.75209504761091,39.39734557520261,0.02460831144107312,0.0003890607790353974,0.0006790914787078745,0.008680528022246238,0.002258999999999829,0.0022589999999998557,0.0022589999999998505,0.0010125899999998396,0.0010125899999998433,0.0010125899999998502,-0.25248173824341885,9.699856036824707,0.5455834526741598,-0.0008823334184072399,-0.0008873404649759299,-0.0013004253199536654,-14.764500646591186,-19.65600072860718,-8.229375333786011,985.1304321289062,-0.05876738414907304,25.924290166327356
2025-03-01T17:07:41Z,40.32560981555142,-76.0078509341887,71.02365005856831,-0.002809289392575196,-0.00809375989429226,-0.3442933870063413,1.4875743505490238,0.06582296066752541,3.1276360037256143,0.0009999999967593965,0.0010000000024670893,0.0009999999994451563,0.0009999999940035057,0.0009999999922376914,0.0009999999897318378,3.0783038101420175e-10,3.078299724091803e-10,0.5767491575882301,0.009045081495221858,0.009043492483128251,0.016574643182450055,0.00016098075541939847,0.00017821373377570126,0.00856001829695955,0.002259999999999829,0.0022599999999998554,0.0022599999999998502,0.0010125999999998395,0.0010125999999998432,0.0010125999999998502,-0.25675285985083146,9.703770151771776,0.5508646617729739,-0.0010712675966225212,-0.00115271614780138,-0.0009796378872220228,-16.58943819999695,-20.484563331604004,-7.07418778181076,985.1640625,-0.05754820813800861,27.292272577597405
2025-03-01T17:07:42Z,40.325608644075956,-76.00785253831664,70.61926212760245,-0.3936316313938236,-0.2593930524389648,-0.43540837106521124,1.486229868364873,0.06663016871097123,3.1264949822882118,0.000999999997034698,0.0010000000027614092,0.0009999999995365463,0.0009999999938500666,0.0009999999922241697,0.0009999999900499497,1.0003078305958455e-6,1.0003078305295498e-6,0.6212654157726324,0.02689193977235042,0.02606735510532879,0.01723984773384998,0.00017005040300335753,0.00018816907046748525,0.008570028058782878,0.0022609999999998283,0.002260999999999855,0.0022609999999998495,0.0010126099999998388,0.0010126099999998423,0.0010126099999998497,-0.2560121309875059,9.705583101238847,0.5591950864328399,-0.00127288638980525,-0.0010976383144212637,-0.0008898440783408754,-15.09393807411194,-19.888125743865967,-8.522062869071961,985.1704711914062,-0.05525497863261629,26.381572653311558
2025-03-01T17:07:43Z,40.32560438410426,-76.00785707616816,70.21708867490793,-0.7937699083871078,-0.5180308703446985,-0.5202990095486649,1.4858335773253997,0.06787954443433887,3.125845046095715,0.000999999997119813,0.001000000002564367,0.0009999999998589967,0.0009999999935889252,0.0009999999922035362,0.0009999999900284996,2.000307831751083e-6,2.0003078341942026e-6,0.6682065983783704,0.07853053182006982,0.0747525480486828,0.01774822199260383,0.00017863323183532094,0.00019805522462838627,0.008580092860511864,0.0022619999999998293,0.002261999999999856,0.002261999999999851,0.0010126199999998396,0.0010126199999998414,0.0010126199999998503,-0.25539692626333116,9.702653494514246,0.5549324577455387,-0.0006945676557862232,-0.0007047486598455333,-0.0013970620714667096,-15.110813064575195,-20.072438316345213,-8.276062879562378,985.1440185546875,-0.058410494980584954,26.452409510716375
2025-03-01T17:07:44Z,40.325596053736184,-76.00786438943857,69.8144341221105,-1.2047082006163803,-0.7633990595831617,-0.5969225949034765,1.4854520511893987,0.06893390588119049,3.1251481029893995,0.00099999999706248,0.001000000002566465,0.0009999999998695868,0.0009999999937671262,0.000999999991912412,0.0009999999902506114,3.0003078336029285e-6,3.0003078470022278e-6,0.7144052386519848,0.1656841394000588,0.1560208473781816,0.018093155136023185,0.00018671356293477204,0.00020785400899339562,0.008590094393536293,0.00226299999999983,0.0022629999999998563,0.002262999999999851,0.00101262999999984,0.0010126299999998409,0.0010126299999998504,-0.25148865031473405,9.702015470502197,0.559837751130404,-0.0010325460705278072,-0.0008873405659769051,-0.0013504960852596406,-14.46431308746338,-19.588125801086427,-8.036812872886658,985.1359326171874,-0.058840794612965985,25.64173882693986
2025-03-01T17:07:45Z,40.325580742507,-76.0078739882771,69.4405420783898,-1.6079368233642581,-0.9942602905659547,-0.6607913834224358,1.4853888554459458,0.06937446917831035,3.1245218820663774,0.0009999999972889338,0.0010000000025264795,0.000999999999780461,0.0009999999942725607,0.0009999999922321254,0.0009999999905137657,4.00030782791647e-6,4.000307878789741e-6,0.7573451409826815,0.28998318924845384,0.27013170628769784,0.01830412406193556,0.00019434561730517379,0.00021753075171064234,0.008599995524528883,0.0022639999999998286,0.0022639999999998555,0.00226399999999985,0.00101263999999984,0.00101263999999984,0.0010126399999998508,-0.2572673816763902,9.703778671262082,0.5544878907126809,-0.0011730784131846544,-0.0009898188981881171,-0.0009490945861426682,-14.549625577926635,-19.655438270568848,-8.226187844276428,985.1185864257812,-0.057211061775886106,25.801073459808006
2025-03-01T17:07:46Z,40.32555158725317,-76.00788480648647,69.15669291640502,-1.9954326103783973,-1.1863032059604905,-0.709901102961409,1.4861084925594652,0.06979928981707344,3.1241745677626658,0.000999999997414876,0.001000000002544485,0.0009999999996904436,0.0009999999947224068,0.000999999992430218,0.0009999999902953703,5.000307782781062e-6,5.000307942928756e-6,0.795343992004851,0.4527386550734723,0.41716005137106543,0.0184051570770856,0.0002016457194115934,0.0002270489466433652,0.008609998728904167,0.0022649999999998296,0.002264999999999856,0.002264999999999851,0.0010126499999998401,0.0010126499999998403,0.001012649999999851,-0.25739094718228006,9.702294610974645,0.550186697185259,-0.001071267601593674,-0.0008472838795888754,-0.0012647080402643472,-14.923500528335572,-19.751438236236574,-7.979625353813171,985.0656689453125,-0.058912226044388484,26.009651037381236
2025-03-01T17:07:47Z,40.32550151578072,-76.00789615327879,68.92108150105327,-2.370022258386156,-1.3828130343304301,-0.7740896949772295,1.4893872527899565,0.0695440896805965,3.1235717265191,0.000999999997313562,0.001000000003043494,0.0009999999999864917,0.0009999999948956263,0.0009999999923718892,0.0009999999900677985,6.000307619552232e-6,6.000308056160266e-6,0.8276846986108809,0.6547917227531252,0.5968684307465966,0.01850750737570651,0.0002086813029571612,0.00023639109391739594,0.008619963328952568,0.002265999999999831,0.002265999999999855,0.0022659999999998497,0.0010126599999998398,0.0010126599999998396,0.0010126599999998502,-0.2451855884268678,9.68153726646294,0.4823894012895928,0.0010403885201760524,-0.0011777515878021853,-0.0009299007876617935,-14.926875610351562,-19.77506317138672,-8.392875409126281,985.03998046875,-0.08353271466201512,26.15917481832315
2025-03-01T17:07:48Z,40.325422463906264,-76.00790663602199,68.72868077258543,-2.6971263773834577,-1.4359621890587104,-0.7986658223045981,1.4909718918598243,0.06934284898408266,3.123312525732435,0.000999999997425577,0.0010000000030433627,0.0009999999997721061,0.0009999999945407556,0.0009999999925690678,0.0009999999898312481,7.000307186756896e-6,7.000308239057331e-6,0.8540176540289446,0.8971130366819243,0.8095525912682823,0.018384837819409066,0.00021559757065098435,0.0002455100119961043,0.00863008195362935,0.0022669999999998316,0.002266999999999854,0.002266999999999849,0.0010126699999998402,0.0010126699999998404,0.001012669999999851,-0.25990341168000863,9.703929765062467,0.5614728431304431,-0.001040724351845438,-0.0007760162988435126,-0.0012748891602211768,-15.097875595092773,-19.88906322479248,-8.281125359535217,985.0217578125,-0.05654112164967521,26.307699179784503
2025-03-01T17:07:49Z,40.325306404434016,-76.00791748950512,68.57630670428004,-3.14141586440209,-1.887327189601592,-0.7996511709895182,1.498123752248395,0.0669396266015811,3.1226457629755915,0.0009999999974525948,0.0010000000030564904,0.0009999999999573976,0.000999999994439818,0.000999999992375708,0.0009999999897282955,8.000306235292268e-6,8.000308515730774e-6,0.8759369303367788,1.1861434540128712,1.0622560874657563,0.019104398630998543,0.0002223423241105706,0.0002543939781305574,0.008639830748454813,0.002267999999999831,0.002267999999999855,0.00226799999999985,0.0010126799999998406,0.0010126799999998406,0.0010126799999998514,-0.10597038385985601,9.767757257302163,0.08117973066669334,0.0043450667779029286,-0.001227822484384227,0.0006222966876474189,-13.755188064575195,-19.72987581253052,-7.647375321388244,985.0194409179687,-0.011455991601327358,25.237927256632016
2025-03-01T17:07:50Z,40.325154036450954,-76.00794171808006,68.36979125647724,-4.152157591669759,-4.036663237700579,-0.8345294114194853,1.5050174637429008,0.0646511289107098,3.1254367264138265,0.000999999997509318,0.0010000000029972997,0.0010000000001024213,0.0009999999943202463,0.0009999999925601611,0.0009999999896284483,9.000304414812783e-6,9.000308915334114e-6,0.9020087631720733,1.5853590319611701,1.3815060130458423,0.024322919553383386,0.00022883192994455686,0.00026278397818243506,0.008649749840666724,0.002268999999999832,0.0022689999999998545,0.0022689999999998493,0.0010126899999998405,0.0010126899999998405,0.0010126899999998514,0.47844189595934183,9.891766316728715,-1.7160954981644523,0.003917461543888575,0.002380118413148313,0.0006798782400903145,-13.788000564575196,-20.52412580490112,-6.944812798500061,985.0755834960937,0.2710273806807551,25.68222154979434
2025-03-01T17:07:51Z,40.32496530744841,-76.00798697757745,68.09165947134557,-4.997244104351764,-5.900992819448137,-0.8885142189592243,1.5041530869606021,0.06264563819458993,3.1274881090834583,0.0009999999974669629,0.0010000000028535698,0.0010000000001195869,0.0009999999942155893,0.000999999992708924,0.0009999999899191155,0.000010000301306863817,0.00001000030946756979,0.9384262522954637,2.082460730456208,1.7318938080498367,0.030015069531787862,0.00023438114546445578,0.00027070207629915975,0.008659752077900866,0.002269999999999833,0.0022699999999998555,0.0022699999999998503,0.0010126999999998405,0.0010126999999998405,0.0010126999999998509,0.367733967765552,9.837847986854099,-1.4856268067758314,-0.0038812455521696175,0.001759072585146761,0.00024209166164016025,-14.778750610351562,-21.620250854492188,-6.579750304222107,985.1377490234376,0.1764960348972261,27.00253831136375
2025-03-01T17:07:52Z,40.324690465590386,-76.00804486506883,67.95658918282314,-5.736227701730533,-7.631054822623521,-0.877101149428719,1.505719957858264,0.060598136250757925,3.131135241335567,0.0009999999973092147,0.0010000000027265226,0.0010000000001336407,0.0009999999941885272,0.0009999999928202907,0.0009999999896992615,0.00001100029648907562,0.000011000310198167284,0.9844215001008486,2.6821399126561385,2.112166437106958,0.036364508803476296,0.00023865265137255713,0.00027794197715070977,0.008669940532742733,0.002270999999999832,0.0022709999999998547,0.0022709999999998495,0.0010127099999998393,0.0010127099999998395,0.00101270999999985,0.37008364395409316,9.870805613155325,-1.475096434038313,-0.002674870963218019,0.0033786988450894007,-0.0003440713499034483,-14.567063093185425,-20.662125816345213,-6.708375272750854,985.0856640625,0.20777671772542028,26.155733600975072
2025-03-01T17:07:53Z,40.324304469014,-76.00810884008705,68.04158670096488,-6.361049245718769,-9.199595856462581,-0.8876141032859861,1.5096735207403431,0.05331281127159988,3.130979173536128,0.0009999999971383841,0.001000000003095935,0.0010000000000638795,0.0009999999944862873,0.000999999993037327,0.0009999999895031137,0.000012000289635680088,0.000012000311127466664,1.0395337741774728,3.382965226286716,2.5097825625460373,0.04305159907121807,0.00024079820559684754,0.0002847889736280337,0.008679112316671598,0.0022719999999998323,0.002271999999999854,0.002271999999999849,0.0010127199999998395,0.0010127199999998403,0.0010127199999998503,0.42568016008370485,9.803391431805746,-1.5281791716418012,-0.0016312268572797185,-0.0007251106354322721,0.00369347775469254,-14.14312554359436,-19.935188236236574,-7.376437783241272,984.9930249023438,0.1515824379422226,25.531332892076975
2025-03-01T17:07:54Z,40.32386429335076,-76.00817752458545,68.1793015353996,-6.728376195262782,-10.002923185050658,-0.8811335569768921,1.502771510942103,0.051182976033165045,3.132041076088745,0.0009999999970699725,0.001000000002908857,0.0009999999998420294,0.0009999999943798882,0.0009999999928096942,0.000999999989441251,0.00001300028058651142,0.00001300031226867565,1.0978620379675788,4.06235573462488,2.891055651777909,0.045932121794569854,0.00024131157172020167,0.0002910386054673816,0.008689472330925863,0.0022729999999998307,0.0022729999999998537,0.0022729999999998485,0.0010127299999998392,0.0010127299999998392,0.0010127299999998498,0.2763320682405972,9.751360562806083,-0.8474708133204334,-0.013159713859057037,0.0008250838022258059,-0.001635900392509629,-14.235000562667846,-19.570688323974608,-6.775312781333923,984.98236328125,0.012773419238690558,25.13064625902332
2025-03-01T17:07:55Z,40.323445056393275,-76.0082544490827,68.25786450262385,-6.973139933391823,-10.639196555215737,-0.7459408919252666,1.5106300989740364,0.05183242865523142,3.135302707552012,0.000999999997186864,0.0010000000031192542,0.0009999999996495477,0.000999999994286788,0.000999999993188168,0.0009999999896158766,0.000014000269323537523,0.000014000313631840206,1.15029395102188,4.771942498699081,3.254654151247762,0.046650548970848936,0.00024063582497576148,0.0002967396084225154,0.008700349306717434,0.002273999999999829,0.0022739999999998543,0.002273999999999849,0.0010127399999998385,0.0010127399999998385,0.0010127399999998493,0.12430414608289746,9.87724977238682,-0.6380491496673758,0.0021764963154692393,0.0031844237483375348,-0.003759072441759166,-13.494188079833984,-20.49487575531006,-7.023187794685364,985.0552026367187,0.11944162314329214,25.52362839579878
2025-03-01T17:07:56Z,40.32299324519088,-76.00833138597781,68.45668315643329,-7.257238339454764,-11.159541103293241,-0.6916910831275749,1.5123378972673496,0.0494436575952533,3.1361354529682104,0.0009999999967772212,0.0010000000033155928,0.0009999999998246138,0.0009999999941123397,0.0009999999929115031,0.0009999999892430368,0.000015000255925506889,0.00001500031523274107,1.1925227199646342,5.520847962428585,3.6157143246426386,0.046510091500339426,0.0002388081672634579,0.00030250152816863827,0.00871052438437227,0.0022749999999998284,0.0022749999999998553,0.00227499999999985,0.0010127499999998376,0.0010127499999998376,0.0010127499999998482,0.2043839447625794,9.789433247880996,-0.6287968978816243,-0.003983056303842134,0.0005475240216101303,-0.0008981892609504344,-14.334375553131103,-19.391813297271728,-7.468312773704529,985.0390502929688,0.03261584990666766,25.24460071286891
2025-03-01T17:07:57Z,40.32252212428349,-76.00840678126112,68.7028247869272,-7.262161401002377,-11.110918304625446,-0.6415070449581417,1.5121083669213125,0.053553520218283,3.1399245892621233,0.0009999999967517925,0.0010000000035541867,0.0009999999999268088,0.000999999993953384,0.000999999992813932,0.000999999989459134,0.000016000240404835862,0.00001600031709196329,1.2199994672194212,6.202097870624868,3.9325945847913286,0.043034278373766555,0.0002373184988593366,0.00030796843249172054,0.008722134869669579,0.0022759999999998294,0.0022759999999998563,0.002275999999999851,0.0010127599999998386,0.0010127599999998366,0.0010127599999998473,-0.0744321922642303,9.743201441276861,-0.08463111616384837,-0.005919464213107455,0.003859379343295871,-0.007083612192112021,-13.258125524520874,-20.253938255310057,-7.745250301361084,985.0241235351563,-0.035272015147682335,25.416258890945265
2025-03-01T17:07:58Z,40.32199927007593,-76.00847247531053,69.08227345964686,-7.233557822175562,-10.829539910577637,-0.5415580699166197,1.5181628808154868,0.05129995458916925,3.139685304533639,0.0009999999967259157,0.0010000000032533802,0.0010000000002126598,0.000999999993866556,0.0009999999927659067,0.000999999989202775,0.0000170002225140174,0.000017000319241087185,1.230120731499588,6.893912934815722,4.252930404090559,0.03908025327891955,0.00023572119171813842,0.00031410655348384874,0.008732298905282609,0.0022769999999998278,0.0022769999999998577,0.0022769999999998495,0.0010127699999998394,0.0010127699999998357,0.0010127699999998466,-0.08618448523308982,9.780300592418932,0.06332704844829805,0.00042535107465692845,-0.0005418513488089083,-0.0010407241004815643,-13.609313106536865,-20.28037576675415,-7.612875318527221,984.9621923828125,0.0017297779835174177,25.582421790253367
2025-03-01T17:07:59Z,40.32144231629418,-76.00853115813513,69.53544036767599,-7.1836606258000275,-10.476833596870467,-0.48785044873631467,1.52695485797202,0.053705749671348155,3.1326269984141386,0.0009999999967136037,0.0010000000033944187,0.0010000000001135555,0.0009999999939928536,0.0009999999926332082,0.0009999999895204175,0.00001800020172367508,0.000018000321726161148,1.2259517068389385,7.615285389691634,4.579536330745542,0.03531957220345703,0.00023416169334138104,0.00032153158917052894,0.008743310463188983,0.0022779999999998288,0.0022779999999998574,0.0022779999999998505,0.00101277999999984,0.001012779999999836,0.001012779999999847,-0.10385215079456986,9.737395870705775,0.053368068357014624,0.003754231027430227,-0.007106143703198389,-0.005871896987854226,-12.787875537872315,-19.69068826675415,-7.342125306129455,984.9097583007813,-0.041097565240785575,24.599944289238206
2025-03-01T17:08:00Z,40.320879695268054,-76.00858574754724,69.95369658809427,-7.023311599161977,-9.685194949716829,-0.46355287051023497,1.523121549416706,0.053093668647537846,3.1288547349348614,0.0009999999965585207,0.001000000003719935,0.0009999999998298104,0.0009999999941332372,0.0009999999922385427,0.0009999999896010848,0.000019000177045330197,0.000019000324599582288,1.2090616526058267,8.268565922602628,4.904203392849715,0.030552860455269344,0.00023414178296353964,0.00032885770324325323,0.008753670222960513,0.002278999999999828,0.002278999999999859,0.0022789999999998497,0.0010127899999998388,0.0010127899999998352,0.001012789999999846,-0.24762025703642324,9.69575426482815,0.5268566705682731,-0.00840164489815931,-0.0039321509203935345,-0.0023439024228114986,-11.465812911987305,-19.865813312530516,-7.093500299453735,984.8845068359375,-0.06606368010408187,24.00897125970668
2025-03-01T17:08:01Z,40.32029843715922,-76.00863321980562,70.32646248546962,-6.770981284082989,-8.7438561141499,-0.45101393134052925,1.5234617555790937,0.05032959181245396,3.1264763956295516,0.0009999999963468769,0.0010000000036050748,0.0009999999999723132,0.0009999999941176273,0.0009999999921140221,0.0009999999894013843,0.000020000146806657178,0.000020000327922315585,1.1808015428414196,8.92661780628023,5.242166431094033,0.026157145551738488,0.00023571034670577298,0.00033624414448277164,0.008763555249152686,0.002279999999999829,0.0022799999999998572,0.0022799999999998507,0.0010127999999998394,0.001012799999999834,0.0010127999999998464,-0.34034213096940713,9.68414903386062,0.752340326350663,-0.00371634547479935,-0.0025597080688440866,0.00011658084263324988,-12.462562999725343,-19.66687572479248,-7.477687797546387,984.8570654296875,-0.06009037261131527,24.45434106274135
2025-03-01T17:08:02Z,40.319631656517174,-76.00866721771719,70.7313764863717,-6.4989405529217645,-7.774866746209868,-0.43847036842775644,1.5323854207477394,0.04718236509191032,3.1196745296992097,0.0009999999965760787,0.0010000000038304661,0.0010000000000297293,0.0009999999943715327,0.000999999992266016,0.000999999989639695,0.000021000108654496572,0.000021000331764818687,1.1453556335785324,9.633956303703739,5.622343447743738,0.022782005305783892,0.00023799273150519357,0.000344596951332251,0.008773296219085083,0.00228099999999983,0.002280999999999858,0.002280999999999851,0.0010128099999998398,0.0010128099999998335,0.0010128099999998452,-0.30284869670905673,9.692363815053868,0.733047386612099,0.005261364298856645,-0.006884663987546988,0.0002828158980361323,-12.898500537872314,-20.083125743865967,-6.812250289916992,984.7891528320313,-0.05472287958444115,24.82151238448578
2025-03-01T17:08:03Z,40.31898409643761,-76.00869981884425,70.97984225346501,-6.1419420303899335,-6.7060557263607725,-0.4875092710685551,1.5268169621027778,0.03706482570121256,3.1195723039145435,0.0009999999963906671,0.0010000000037029846,0.0009999999996877615,0.0009999999947819171,0.000999999992358646,0.0009999999894705098,0.000022000059369196113,0.000022000336201738096,1.1058142477541923,10.346812032342498,6.026652101223187,0.01982313250199853,0.00024271685024425464,0.0003519396593393237,0.008781626328361724,0.0022819999999998315,0.0022819999999998584,0.0022819999999998514,0.0010128199999998393,0.0010128199999998332,0.0010128199999998456,-0.36754054751898185,9.640519880290968,0.942529849002729,-0.008645990864643651,-0.0003789542699503063,0.007938987957351798,-13.090875549316406,-19.722375717163086,-7.122750296592712,984.8052319335937,-0.08614527109636431,24.719914563344414
2025-03-01T17:08:04Z,40.31829872871705,-76.00872598839668,71.11791056786744,-5.71159565929525,-5.660685513790758,-0.5307411927007849,1.5290043437841268,0.04570768755509046,3.121968559783089,0.0009999999963909974,0.0010000000033627899,0.0009999999995746872,0.000999999994921575,0.0009999999923942422,0.0009999999896434769,0.00002299999455940272,0.000023000341308258542,1.0642180404629975,11.112032043464103,6.474238264175231,0.0176006792227213,0.00024964088748859393,0.00035889490357887563,0.00879388383404505,0.002282999999999831,0.0022829999999998576,0.002282999999999852,0.0010128299999998393,0.0010128299999998328,0.0010128299999998462,-0.44700645061526745,9.650822762407445,1.010026412493205,-0.00043169554150777607,0.002998159945255338,-0.010548517712168038,-13.89431308746338,-19.55456331253052,-7.69725031375885,984.8038916015626,-0.06589127077960598,25.192815926924624
2025-03-01T17:08:05Z,40.317403146892154,-76.00873651206315,71.321198899098,-5.289269701503734,-4.603056986537243,-0.5257826183892883,1.5324680973896678,0.053231777358889606,3.118531727913208,0.0009999999965777113,0.001000000003163839,0.0009999999998611755,0.00099999999497373,0.0009999999926364586,0.000999999989753851,0.000023999908673904795,0.000024000347175086196,1.023397242775554,11.94490671609371,7.00106033998658,0.0162675594672886,0.0002566973141270437,0.0003669681916159504,0.008805909644839035,0.002283999999999832,0.002283999999999859,0.0022839999999998504,0.0010128399999998392,0.0010128399999998323,0.0010128399999998466,-0.439604389422379,9.697868020372207,0.9733972636608313,0.001158388700369981,-0.0027409644256113537,-0.010000074362192699,-12.72543800354004,-20.821875743865967,-8.05893783569336,984.7254614257813,-0.0233235293198637,25.69885481346533
2025-03-01T17:08:06Z,40.31640258311204,-76.00874216449388,71.47964721354086,-4.93282025445736,-3.700097290791598,-0.5518448119648987,1.52785750364922,0.04369295485456679,3.1113764926038066,0.0009999999966339504,0.0010000000030241638,0.0009999999999880068,0.0009999999950282593,0.0009999999928761627,0.0009999999898373264,0.000024999795152846903,0.000025000353905341337,0.9859724841367977,12.847934654193764,7.605606975333678,0.015611249844093662,0.00026357195929014785,0.00037574187974526337,0.008814125580420032,0.002284999999999834,0.0022849999999998605,0.002284999999999851,0.0010128499999998391,0.001012849999999832,0.0010128499999998463,-0.3460764078673746,9.68008574288474,0.8910913546301713,-0.006239918041474878,-0.0069959883346314014,0.006926220784942519,-13.310250568389893,-19.87800079345703,-7.913062810897827,984.7078686523438,-0.05275575097465677,25.19745379563668
2025-03-01T17:08:07Z,40.3152893642922,-76.0087456937636,71.56910656669451,-4.444231297140771,-2.881989290916029,-0.5976368453074228,1.5264294180116602,0.03687564475577172,3.1083426721734955,0.0009999999964914858,0.0010000000031823797,0.0009999999996890352,0.0009999999951966145,0.0009999999924913184,0.0009999999895237946,0.000025999646343642256,0.00002600036159358694,0.9530361594825547,13.805797872091409,8.26008403428922,0.015176288377568764,0.00027208205529236936,0.0003836469693639574,0.008822944790739409,0.002285999999999834,0.002285999999999861,0.00228599999999985,0.0010128599999998386,0.0010128599999998313,0.0010128599999998456,-0.3781487242508547,9.660499993003365,0.9147731076081713,-0.0027816889789781646,-0.002628972483650244,0.004375609890301328,-13.139063034057617,-19.822500782012938,-7.937062845230103,984.6999633789062,-0.06893746256995353,25.071117310365334
2025-03-01T17:08:08Z,40.31381715834954,-76.0087437423659,71.66874563971975,-3.7971324400748263,-2.117286403879224,-0.7235002484287418,1.5220642753577471,0.02942229865764258,3.1051744322791195,0.0009999999964795533,0.0010000000028993208,0.0009999999999747964,0.0009999999949497427,0.000999999992407188,0.0009999999896491522,0.000026999453349748485,0.00002700037032520232,0.9247042996703455,14.810150225710904,8.971324305988874,0.014976534640972787,0.00028114604265933827,0.00039145713291747754,0.008831647744310734,0.002286999999999835,0.002286999999999862,0.002286999999999849,0.0010128699999998382,0.0010128699999998308,0.001012869999999845,-0.34528729804968405,9.57208514912605,0.918561739922036,-0.0054287695685718805,-0.002486437568150099,0.004548688296693143,-13.470750551223755,-19.662000827789306,-8.187000360488891,984.6235131835938,-0.157845535368933,25.200789681912273
2025-03-01T17:08:09Z,40.312032322212794,-76.00874256881765,71.72432082217301,-2.977358532399832,-1.2768737064454845,-0.7676967132107593,1.515366444267926,0.01580730746174829,3.1049806465554535,0.0009999999965800554,0.0010000000029018671,0.0009999999998467628,0.00099999999490472,0.0009999999926063293,0.0009999999897304646,0.000027999205831581486,0.000028000380184634662,0.9008468466272015,15.858027084805713,9.744142242311888,0.015096828931298802,0.00029109861173158585,0.00039857462015919603,0.008839078064074066,0.0022879999999998344,0.002287999999999861,0.0022879999999998505,0.0010128799999998385,0.0010128799999998314,0.0010128799999998455,-0.32885592788142465,9.637799495381444,1.138532752212956,-0.007321449083432081,0.0004145028715940402,0.010591409898759434,-14.205750617980957,-19.474500846862792,-8.273437862396241,984.5808715820312,-0.06980749248567922,25.485421472811712
2025-03-01T17:08:10Z,40.31007794246066,-76.00874744501084,71.68925186625424,-2.150409457386409,-0.5884865765991419,-0.8383625220048275,1.5070222617383748,0.004106501546328797,3.105131598459502,0.0009999999965934231,0.0010000000029325154,0.000999999999874219,0.000999999994990316,0.0009999999926760565,0.0009999999897219798,0.000028998892182123484,0.000029000391251420385,0.8816533068395067,16.96455843860068,10.582626488819825,0.015468155947392233,0.00030131395849064004,0.00040556956922026526,0.00884681283661802,0.0022889999999998354,0.0022889999999998623,0.002288999999999851,0.0010128899999998376,0.0010128899999998302,0.0010128899999998445,-0.196134687381481,9.6106495291363,1.1780633554261468,-0.008310015156930913,0.0009344051908132505,0.008753474128069497,-16.438875637054444,-20.015813426971434,-7.473937804698944,984.5920043945313,-0.09569894952378288,26.95786369899438
2025-03-01T17:08:11Z,40.30787697743384,-76.0087627898048,71.58907822127203,-1.275553988528995,-0.2768652795720045,-0.8931605238184446,1.5012047856867718,0.005028973026105487,3.1109405016322325,0.0009999999969753344,0.0010000000029342677,0.0009999999997886016,0.0009999999952302616,0.0009999999929790385,0.0009999999896219346,0.00002999850092707764,0.000030000403596845483,0.8673381521261017,18.158323325865823,11.481070878112495,0.01556038233212854,0.0003126036969205293,0.0004114373155211245,0.008856979031306325,0.0022899999999998373,0.0022899999999998638,0.0022899999999998503,0.0010128999999998378,0.0010128999999998306,0.001012899999999845,-0.16535945756606504,9.635210597926475,0.9926490265317909,-0.005158386986151132,0.007524568105134878,-0.0034785087231372306,-15.360375576019287,-19.66050094604492,-8.736937847137451,984.5961352539063,-0.09268270598532274,26.434973447899775
2025-03-01T17:08:12Z,40.30521937761422,-76.00879610143379,71.49043522627495,-0.3734604408782026,-0.3448660080030103,-0.9619839735757357,1.4948188870890897,0.0025871735941266605,3.1156735471808217,0.000999999996845636,0.00100000000287933,0.0009999999997187578,0.000999999995296373,0.00099999999298957,0.0009999999899653592,0.000030998022080599424,0.00003100041728647715,0.8571969319201905,19.43125098389,12.43927913387498,0.01532994723705039,0.0003233773117373188,0.0004175824953080319,0.008866415303979388,0.0022909999999998357,0.0022909999999998626,0.002290999999999851,0.0010129099999998386,0.0010129099999998314,0.0010129099999998457,-0.10309376305272085,9.626721261975215,0.8022705640111991,-0.005011345357947857,0.00651363659436382,-0.00035859183635558733,-15.16050064086914,-19.46250087738037,-9.23906292438507,984.5634716796875,-0.1196515198612698,26.34363900748791
2025-03-01T17:08:13Z,40.30207073415194,-76.0088529259439,71.37698120769441,0.6791979557204773,-0.5191206893216633,-1.047019793419875,1.4910201240490697,6.281240767830084,3.118063711963766,0.0009999999965191202,0.0010000000026552686,0.000999999999776655,0.0009999999954610895,0.0009999999930636867,0.0009999999900827167,0.000031997446752290285,0.00003200043238297651,0.8499637214448548,20.758865855645645,13.43158855873079,0.015122324247330643,0.0003332912801811418,0.00042434529454760296,0.008875378149783177,0.0022919999999998376,0.0022919999999998636,0.0022919999999998523,0.0010129199999998374,0.001012919999999832,0.0010129199999998444,-0.1428545054007443,9.597050324119232,0.8918020154439241,-0.0017024944654661428,0.004263618106717375,0.0014536404567999969,-14.646750535964966,-19.351313343048094,-9.384937887191773,984.5343481445312,-0.14082046766046508,26.0206655160055
2025-03-01T17:08:14Z,40.29873985329376,-76.00892982953549,71.16616979222763,1.6589998865615736,-0.7278257445628651,-1.1022646460441687,1.482406182412314,0.0006085694319230266,3.1187941636718484,0.0009999999966331873,0.0010000000029695714,0.000999999999606318,0.0009999999953458792,0.0009999999929189817,0.0009999999899269194,0.00003299676644751083,0.00003300044894650877,0.8449476273165837,22.15356136039408,14.474120992177928,0.01512045714513509,0.00034240910475540233,0.00043168171108672217,0.00888569337467558,0.0022929999999998386,0.002292999999999865,0.0022929999999998516,0.0010129299999998382,0.001012929999999832,0.0010129299999998437,-0.08718084279869193,9.616421056400833,1.0328955186462339,-0.006089704941123573,0.003178415445035542,-0.005461315347529627,-14.441625556945802,-19.860188312530518,-9.867937865257263,984.5714794921874,-0.10812635158211623,26.464336879302547
2025-03-01T17:08:15Z,40.294926046546585,-76.00903504264905,70.96542098359885,2.7223674455380533,-1.2224304387317098,-1.12781612615447,1.4742103885389575,0.0021199613607524102,3.1199678903548427,0.0009999999969729772,0.0010000000027016033,0.000999999999778055,0.0009999999950593026,0.0009999999926905382,0.0009999999898648872,0.00003399597369325937,0.000034000467045173016,0.8414486324048098,23.640681449335442,15.55038922236493,0.01484848336263272,0.0003511760339254406,0.00043919010888180516,0.008895776700692058,0.002293999999999838,0.0022939999999998634,0.0022939999999998526,0.0010129399999998382,0.0010129399999998312,0.0010129399999998445,-0.15900605475721097,9.644587746299317,0.9771460120307803,-0.005092793899280333,0.0037240210787267596,-0.004308851145379352,-14.283188076019288,-19.363500690460206,-9.858000402450562,984.5617309570313,-0.08493318854550724,26.002541029021703
2025-03-01T17:08:16Z,40.29064326960439,-76.0091714899352,70.80397258938324,3.6980020442951003,-2.172386028452775,-1.1061208525485837,1.471844205893108,0.010714571502838612,3.1253745453311814,0.0009999999967861093,0.0010000000023799025,0.0010000000001454477,0.0009999999952002906,0.0009999999928252438,0.0009999999897224228,0.00003499506275598953,0.000035000486782289875,0.8379083087495471,25.24595084605818,16.68142078130557,0.014121872635402731,0.00036046528844937346,0.0004462067608151846,0.008907366686090776,0.002294999999999837,0.002294999999999864,0.0022949999999998536,0.0010129499999998377,0.0010129499999998305,0.0010129499999998437,-0.12181792974755619,9.714997555214104,0.7029998065010711,0.0011405301027962893,0.008736283208667326,-0.010768829297265454,-14.22693802833557,-18.657375812530518,-9.562875356674194,984.5530224609375,-0.03893290927301474,25.33672114576876
2025-03-01T17:08:17Z,40.28613071893901,-76.00933293190226,70.62837886614345,4.487114788454324,-3.610668564185106,-1.1264574979837427,1.4714888431390758,0.013466299878442348,3.127567492478904,0.0009999999968414274,0.0010000000021451576,0.0010000000001834538,0.0009999999952006956,0.0009999999928813376,0.0009999999897656626,0.000035994029764877264,0.00003600050834118629,0.8323376881536063,26.974851234642074,17.868592407736216,0.013088918750207526,0.000369067403393726,0.00045417675596330095,0.008917727428906747,0.0022959999999998364,0.002295999999999866,0.002295999999999855,0.0010129599999998376,0.0010129599999998302,0.0010129599999998448,-0.06301399049089829,9.720599729853475,0.26807290943573275,0.003143698562933426,0.004843940225309222,-0.004909534527731935,-13.095375547409057,-20.17368824005127,-9.835500326156616,984.5788916015625,-0.055436992524626756,25.984629573818648
2025-03-01T17:08:18Z,40.28132688925996,-76.00951596644781,70.39497799298367,5.2344511850007285,-5.080542419871017,-1.2126762563894287,1.4601567072232995,0.010523036162030815,3.1300307114622745,0.0009999999966279886,0.0010000000025904806,0.0010000000004340166,0.0009999999952990237,0.0009999999931911698,0.000999999989769491,0.00003699286934456175,0.000037000531966571174,0.8239109295227248,28.798013544146343,19.10568646727531,0.01253773024425408,0.00037794768979433624,0.00046242759590742677,0.008926908192020508,0.0022969999999998374,0.002296999999999865,0.0022969999999998547,0.0010129699999998365,0.001012969999999829,0.0010129699999998434,-0.09157422137701854,9.659844912292336,0.28390280170647064,-0.008092541239203825,0.004350073854320782,0.0011280129962330735,-13.128000574111939,-20.856000747680664,-9.84975037574768,984.6028369140626,-0.11532636873010003,26.53925473276352
2025-03-01T17:08:19Z,40.276210834078725,-76.00971125388362,70.11776716306905,6.151196428642251,-6.072302110213641,-1.2049209900822024,1.4553856720106433,0.018814266411971765,3.1346976081369555,0.0009999999963606926,0.0010000000029027742,0.0010000000006966374,0.0009999999953676415,0.0009999999932153252,0.0009999999900487165,0.000037991570076057686,0.00003800055788968614,0.8142878934045428,30.7032825862452,20.402114947457925,0.01246356667834453,0.00038780851963023604,0.0004706031176177728,0.008938635894962932,0.0022979999999998366,0.0022979999999998635,0.0022979999999998557,0.001012979999999836,0.0010129799999998288,0.0010129799999998431,-0.37699220319003424,9.699861907002719,0.8035068555817635,-0.002018108197753965,0.007541925770520158,-0.009389209433472776,-12.673125534057617,-19.84968822479248,-10.492125368118286,984.6303466796875,-0.03928583625181046,25.781782300782382
2025-03-01T17:08:20Z,40.27079636479473,-76.00990938738725,69.79867154213721,6.9819338600132035,-6.8101732680642035,-1.2773181213785685,1.4446051119988805,0.019973736039738576,3.1419703179316456,0.0009999999962799007,0.0010000000028581116,0.001000000000745313,0.0009999999955064196,0.000999999993070376,0.00099999999005998,0.00003899011580688575,0.00003900058631758314,0.8054541472155118,32.68378011284109,21.768905790298053,0.012557866856344631,0.0003984779923894034,0.0004786265693561972,0.008948872563084968,0.0022989999999998376,0.002298999999999862,0.002298999999999855,0.0010129899999998357,0.0010129899999998288,0.0010129899999998429,-0.45786960269643523,9.591546796795804,1.042270666089454,-0.008625628917812711,0.00901818236084227,-0.0014785104535814033,-13.277813062667846,-20.78418830871582,-11.231812953948975,984.6662963867187,-0.12072160023024855,27.10043655939871
2025-03-01T17:08:21Z,40.2650284551419,-76.01010541656363,69.41176755063505,7.650195262504542,-7.730586295085688,-1.336732166830296,1.4414837224928685,0.019604906497244737,3.1471975985777823,0.0009999999961572829,0.001000000003026359,0.0010000000006534998,0.000999999995629183,0.0009999999925746333,0.0009999999901349702,0.00003998848934001369,0.00004000061749362229,0.797886758444214,34.808631702033786,23.23162729038706,0.012927621766531871,0.0004091066697241041,0.0004872882742769135,0.008958769953665568,0.0022999999999998395,0.002299999999999862,0.002299999999999855,0.0010129999999998348,0.0010129999999998274,0.001012999999999842,-0.44794788730712976,9.634426036644252,0.8221309915534173,-0.001513226481157284,0.0064230087074264655,0.00035692068774212794,-12.778875541687011,-21.019688224792482,-10.769250402450561,984.7062915039063,-0.0996813320861747,26.853323236946327
2025-03-01T17:08:22Z,40.25833051365662,-76.01029986216528,69.0688220128586,8.245484639374842,-8.582528600406802,-1.3554039185959097,1.4422969465029862,0.023407273866011987,3.160543275929749,0.0009999999960095514,0.0010000000029830312,0.001000000000759257,0.0009999999958154736,0.0009999999925708915,0.0009999999899259885,0.00004098667203374473,0.000041000651681826674,0.7920483553966191,37.05711755373856,24.788340669295778,0.01373257756294232,0.00042159529321783194,0.0004946105081047261,0.008969673675677099,0.00230099999999984,0.0023009999999998617,0.002300999999999856,0.0010130099999998352,0.0010130099999998263,0.0010130099999998423,-0.5577699518831204,9.670310567852809,0.7841249923923037,0.0015961754140302585,0.014627957207862844,-0.002119918533204282,-12.707625560760498,-19.731938247680663,-11.841000452041627,984.6870874023438,-0.061331056049864,26.287634839165477
2025-03-01T17:08:23Z,40.25131920510714,-76.01047001823545,68.70091064590665,8.57374281425322,-9.17028181269708,-1.3611408742162268,1.4401766265964444,6.278535648079179,3.1726610220912397,0.0009999999959739035,0.001000000003347514,0.0010000000006126822,0.0009999999960903542,0.0009999999926317742,0.0009999999899225097,0.000041984646181050775,0.00004200068911154278,0.789250727389424,39.40516299083834,26.44550294614982,0.014778349949131981,0.000433672558539752,0.0005021713328625237,0.008973165457191264,0.002301999999999841,0.0023019999999998627,0.002301999999999857,0.001013019999999835,0.0010130199999998253,0.0010130199999998425,-0.42123456899324996,9.681380316684429,0.8358603049724053,-0.0021140771843938975,0.00870624043723161,0.03009902570451364,-13.400438108444213,-19.845563201904298,-11.738437938690186,984.7351049804688,-0.05281529487543099,26.668451890355907
2025-03-01T17:08:24Z,40.24461409484649,-76.01060382608436,68.17660347065696,8.559055680683926,-9.19650640358387,-1.4888196930389725,1.4337408987584668,0.011236333719827903,3.18265739318186,0.000999999996160205,0.0010000000032270345,0.001000000000471948,0.0009999999958899455,0.0009999999926355561,0.000999999989810835,0.00004298240174440706,0.000043000729942441237,0.790384892907769,41.768884173351054,28.174459683091705,0.015267615463953197,0.0004454456238560205,0.0005099490918005521,0.008986438435344067,0.00230299999999984,0.0023029999999998616,0.0023029999999998564,0.001013029999999835,0.0010130299999998242,0.0010130299999998422,-0.2741805854902388,9.52123774591747,1.1917822063360444,-0.007261363842805893,0.011777254946408688,-0.013074760356929806,-13.42406307220459,-20.37093828201294,-12.478688068389893,984.855439453125,-0.179881597114799,27.4024717461405
2025-03-01T17:08:25Z,40.236281489695884,-76.01069775552564,67.77536631306808,8.158259365278758,-9.220784753143798,-1.4624549047886357,1.4381510065036371,0.01643852637858845,3.191862691112173,0.0009999999963248075,0.0010000000030697548,0.0010000000003532225,0.0009999999957696056,0.0009999999926366898,0.0009999999899758783,0.00004397993803551526,0.00004400077428820908,0.7952449294272653,44.259625519802704,29.999140785355884,0.016228065667116445,0.0004566226228112256,0.0005175340286521413,0.00899706963947706,0.0023039999999998387,0.00230399999999986,0.002303999999999856,0.0010130399999998348,0.0010130399999998241,0.001013039999999842,-0.3332833052332299,9.688695421851428,0.9432078173155833,0.0023088509674771994,0.008896009369638054,-0.001519235245395583,-13.077750568389893,-20.293688220977785,-12.538875503540039,984.7929516601563,-0.039128130768863824,27.20444755714906
2025-03-01T17:08:26Z,40.22770986542397,-76.0107383500749,67.38466695208393,7.308813563472155,-9.208945168184634,-1.4628091052141154,1.4410302818725123,0.026606845632404657,3.200008900086948,0.0009999999963667564,0.0010000000030545126,0.001000000000411789,0.0009999999956958267,0.0009999999924911267,0.000999999989939803,0.00004497726486271312,0.00004500082219139305,0.8039924945463269,46.81380002526276,31.87313680765029,0.017573362035483254,0.000466896416768025,0.0005248559808931142,0.009008633848955111,0.0023049999999998376,0.0023049999999998592,0.0023049999999998575,0.001013049999999834,0.0010130499999998232,0.0010130499999998412,-0.24185133090308822,9.696364854027852,0.6481217882956708,-0.00038162487029488575,0.007875063948490272,-0.005911953533735293,-12.727688064575196,-21.214313259124754,-12.461625480651856,984.847998046875,-0.058318853220500746,27.700729525632607
2025-03-01T17:08:27Z,40.21917769117927,-76.01072000328975,66.9587089028479,6.059899389119598,-8.57065065090804,-1.4838273802345898,1.4365569060407617,0.03118706964843688,3.1966500986615105,0.0009999999962659314,0.0010000000027717833,0.0010000000001882993,0.000999999995894069,0.0009999999928547861,0.0009999999901938476,0.000045974407052940525,0.00004600087358907557,0.8157597824687983,49.34019664009076,33.767574318472505,0.017786804458990692,0.00047382393247692755,0.0005338127660268931,0.009018493873164375,0.0023059999999998386,0.0023059999999998602,0.002305999999999856,0.001013059999999834,0.0010130599999998236,0.0010130599999998422,-0.16746069479975742,9.630908734636431,0.9976046470697577,-0.00844236916028437,-0.004756818846896358,-0.0014276053952150365,-13.035938005447388,-20.90381320953369,-11.864625492095946,984.9245825195312,-0.09550923670287856,27.343584936984804
2025-03-01T17:08:28Z,40.21075776357094,-76.01064103641187,66.50044444948365,4.552588164249706,-7.803453591240084,-1.480818341143488,1.4469653773678954,0.04216709310318197,3.1916258864692084,0.0009999999963639088,0.0010000000029443058,0.0010000000001088988,0.0009999999958223477,0.000999999993113933,0.0009999999900567934,0.00004697140064706586,0.000047000928367387906,0.8287343133321015,51.90991222008366,35.65814823208006,0.018191036603908858,0.00047940660918047997,0.0005426380577022573,0.009029622413382338,0.002306999999999838,0.0023069999999998586,0.002306999999999856,0.0010130699999998341,0.0010130699999998235,0.0010130699999998413,-0.14394172893286583,9.676751541134923,0.8439409809267006,0.005727023290942489,-0.005954513614210995,-0.0077445479739169385,-11.867062950134278,-20.179125690460204,-12.437250576019288,985.0045629882812,-0.06492705538022289,26.508617404262665
2025-03-01T17:08:29Z,40.20291516094789,-76.01051526262833,66.01080525192505,3.1193341265843313,-6.352858532995444,-1.4019304455145851,1.4535749885030589,0.06774607180935849,3.1867113646891774,0.0009999999961622075,0.001000000002746349,0.0009999999999741863,0.000999999995701542,0.0009999999929121968,0.000999999990268993,0.00004796828269054677,0.00004800098644609734,0.8407216077678317,54.45948529012399,37.528102269927885,0.01720435952968518,0.0004847023660861536,0.0005511598690512931,0.009044286011135471,0.002307999999999837,0.0023079999999998588,0.0023079999999998544,0.0010130799999998339,0.001013079999999823,0.0010130799999998408,-0.45136910120034196,9.689891838070785,1.3040055919834876,0.0017488914350457972,-0.004308850706188151,-0.022339542912756458,-11.874562950134278,-19.72912576675415,-12.648750514984131,985.1173315429687,0.008020586253265365,26.27226409683549
2025-03-01T17:08:30Z,40.19620424215846,-76.01037275464616,65.45449556601643,1.9077685651413623,-4.718235506842434,-1.335457343180307,1.4579349567614308,0.07724718767564036,3.184876776492503,0.0009999999962287142,0.0010000000027327433,0.000999999999684821,0.0009999999955047308,0.0009999999929619008,0.000999999990011185,0.00004896507815475232,0.00004900104798582878,0.8484249989551873,57.02853850372678,39.37343610212196,0.01581417640648001,0.0004891635804500157,0.0005590055855660987,0.009054947758471266,0.0023089999999998355,0.002308999999999857,0.0023089999999998533,0.0010130899999998334,0.0010130899999998225,0.0010130899999998403,-0.716653366257945,9.65742919349396,1.490565994421667,-0.00014128411910051568,-0.003040388834155263,-0.006522818268149051,-11.030250396728515,-20.545500812530516,-11.961000442504883,985.27388671875,0.01821468633178386,26.207763891667465
2025-03-01T17:08:31Z,40.18961704267086,-76.01019828289546,64.91654549532585,0.7193072323793996,-2.984375034236462,-1.323304669689565,1.4570978224127202,0.0742585724892709,3.191174966300962,0.0009999999964541363,0.0010000000021977932,0.0009999999995083217,0.0009999999956933226,0.0009999999929183683,0.0009999999897473521,0.00004996179438993526,0.00005000111338205971,0.8505716865817056,59.64821946330029,41.21888837092097,0.01459641618527741,0.0004939031678718376,0.0005656283871186239,0.009062552842356466,0.0023099999999998365,0.0023099999999998577,0.002309999999999854,0.0010130999999998329,0.0010130999999998212,0.00101309999999984,-0.7675662336140777,9.599788952871622,1.5302495871648658,-0.005866556337575031,0.0036222102869600988,0.006666353381060757,-11.48981300354004,-19.11281324386597,-12.637875528335572,985.3519848632812,-0.028757541108665227,25.63257144296305
2025-03-01T17:08:32Z,40.182138937366595,-76.00996661485462,64.47884544086192,-0.7820251833529093,-1.4408371126227197,-1.3243563665933413,1.4667496727306846,0.07682749676647949,3.1918620030171945,0.0009999999962154412,0.0010000000019265694,0.0009999999993195545,0.0009999999959524881,0.0009999999928882533,0.0009999999894812564,0.00005095842834627916,0.000051001183078047787,0.848562527713055,62.40135006036564,43.11383425358399,0.014033197169326325,0.0004983610380398195,0.0005733623898427614,0.009071433138792296,0.0023109999999998358,0.0023109999999998574,0.002310999999999853,0.0010131099999998324,0.001013109999999822,0.0010131099999998398,-0.5746393460037119,9.641357428866414,1.1189606418614537,0.004609774966374284,-0.0015192351825344163,0.0007307840007011466,-12.212625532150268,-21.066563243865968,-11.179687905311585,985.3455029296875,-0.05710469087379773,26.794234468393206
2025-03-01T17:08:33Z,40.1737276698703,-76.00968155033041,64.14945475085285,-2.447224535970494,0.3303366033875399,-1.2918872754996156,1.4743008000054747,0.07778301021087988,3.192786162254885,0.0009999999958959112,0.0010000000021253388,0.0009999999992187157,0.000999999995995783,0.0009999999925695434,0.0009999999893463888,0.00005195497163605181,0.000052001257498946006,0.8438291616787126,65.27621838749629,45.08407591586813,0.013473739740610226,0.0005031452824376345,0.0005814324663236599,0.009079981346925687,0.0023119999999998355,0.0023119999999998567,0.0023119999999998515,0.001013119999999832,0.0010131199999998213,0.0010131199999998393,-0.5229883754597843,9.67463336794301,1.110564185287812,0.0021820047442954738,-0.0015783185093219748,0.0024398697421834075,-12.122812929153442,-20.251875801086427,-10.950187935829163,985.3252197265625,-0.028171060387548158,26.019320352149236
2025-03-01T17:08:34Z,40.16471038057318,-76.00936187150883,63.91570546352964,-4.094307062047557,2.236625538870351,-1.2243223262880836,1.4800206648953442,0.0810335609451253,3.1978995180338776,0.0009999999958196428,0.0010000000024314654,0.0009999999993155948,0.0009999999960142443,0.0009999999926228356,0.0009999999894674146,0.00005295140443449121,0.00005300133715735893,0.8365416651288958,68.30153162519235,47.153601793749914,0.013026273874746721,0.0005093087970813596,0.0005894175735944737,0.009089355283274496,0.002312999999999835,0.002312999999999855,0.00231299999999985,0.001013129999999831,0.0010131299999998201,0.0010131299999998396,-0.5286173900150942,9.706362397509674,1.1437263514009977,0.00008937564182513562,0.0028789910767899277,0.00027263516525433476,-12.221437969207763,-19.059375705718995,-11.401687841415406,985.319375,0.0072136578442285665,25.349935924614407
2025-03-01T17:08:35Z,40.15559788732651,-76.00903859044702,63.721329870380494,-5.52493462490072,4.304385077146253,-1.1705500705130856,1.4905132727931225,0.08397812501257623,3.1946151804195804,0.0009999999958961677,0.0010000000024752145,0.000999999999351119,0.0009999999962221763,0.0009999999926891799,0.0009999999894267663,0.00005394768978550257,0.00005400142271934369,0.8267612277868983,71.46700066720854,49.34222137522336,0.012710774419995944,0.0005152649266970926,0.0005990028171269983,0.009098761242311506,0.002313999999999836,0.0023139999999998535,0.0023139999999998483,0.0010131399999998313,0.001013139999999819,0.0010131399999998396,-0.6010493095542838,9.676241559886064,1.351886236594056,0.006147618598229265,-0.005183422322030935,-0.0007646669808177315,-11.629687967300415,-19.993688373565675,-11.446500444412232,985.3474829101563,0.007872286226876381,25.807304401906134
2025-03-01T17:08:36Z,40.14588283222103,-76.00871540216772,63.57101512968722,-6.8612696265781,6.141115897519583,-1.1854926853126218,1.492840463493629,0.08334826896066805,3.1915788560555387,0.0009999999959314579,0.001000000002450545,0.0009999999993308055,0.0009999999959278015,0.0009999999926410112,0.000999999989601353,0.000054943777846938165,0.000055001514898374714,0.8156091006843729,74.80755889080734,51.677963049601296,0.012911954987383414,0.0005220766375232804,0.0006089866706011061,0.009107667690028638,0.002314999999999838,0.002314999999999854,0.00231499999999985,0.001013149999999831,0.0010131499999998196,0.00101314999999984,-0.49404110282466457,9.632703358965623,1.1881929688559505,-0.0014174245095596885,-0.004929896625985143,0.002237583650139092,-11.724187936782837,-19.557750720977783,-11.511187868118286,985.3399853515625,-0.06275679410847698,25.543434389094532
2025-03-01T17:08:37Z,40.13599314341619,-76.00842192575921,63.401013471391245,-7.929074329919047,7.5497066820752625,-1.1574107920335512,1.5009624889196453,0.0851989876031327,3.1872633741438494,0.0009999999962306016,0.0010000000024377733,0.0009999999996598888,0.000999999995700768,0.000999999992621769,0.0009999999896167554,0.00005593962299401594,0.000056001614239786355,0.805578097651556,78.3694290267065,54.20135905531389,0.013480340189026186,0.0005300034933374277,0.0006194542450038998,0.009117482521177235,0.0023159999999998364,0.002315999999999853,0.0023159999999998516,0.00101315999999983,0.0010131599999998193,0.0010131599999998408,-0.438487737457856,9.702015454607738,0.9685318542427557,0.005414079957367682,-0.005550942995327834,-0.0011934406767455184,-10.24106294631958,-19.738313274383543,-11.012625370025635,985.3669653320312,-0.021099916588891685,24.814426679958153
2025-03-01T17:08:38Z,40.125803593510255,-76.00815860295249,63.2088734427144,-8.763951764845054,7.956880282202306,-1.2107904579470339,1.5004172940706848,0.08476704894355436,3.193132284641192,0.0009999999961732354,0.0010000000023978974,0.0009999999996456658,0.000999999995433297,0.0009999999922997945,0.0009999999895334596,0.000056935215875000265,0.00005700172092970009,0.7996707382019401,82.13660736072895,56.87026581108308,0.01423119594844373,0.0005397099979353059,0.0006287739120668384,0.009127386572373157,0.0023169999999998357,0.0023169999999998513,0.0023169999999998504,0.0010131699999998307,0.00101316999999982,0.0010131699999998416,-0.25436461077204725,9.693893571194572,0.14076493342312812,-0.0034259346408419536,0.004850782318998938,0.000747473869092342,-10.522875366210938,-20.944688301086426,-10.498687887191773,985.388984375,-0.0829904986357141,25.683276774301614
2025-03-01T17:08:39Z,40.115261243818935,-76.00791041819683,62.98899661069747,-9.185795680217746,8.140184119098896,-1.2275865782800635,1.5037776552563662,0.08156450130088601,3.1964994178274817,0.0009999999961177698,0.0010000000027675605,0.0009999999999142012,0.0009999999952247705,0.0009999999923211889,0.0009999999898389696,0.000057930593708839974,0.00005800183498086495,0.7994280911591298,86.0594850300649,59.677199713364935,0.01571012881426892,0.0005492168722078186,0.0006381086080150694,0.009136981100556095,0.002317999999999834,0.0023179999999998506,0.0023179999999998506,0.0010131799999998313,0.001013179999999819,0.0010131799999998402,-0.1990060690820444,9.737827999430484,0.013915263016752081,0.0009649483588071365,0.0025939213627593385,0.002044143272844,-11.280750436782837,-20.26275079727173,-10.708875398635865,985.4084619140625,-0.04139335288491636,25.544310746968854
2025-03-01T17:08:40Z,40.10496899363908,-76.00767253737526,62.69028574269065,-8.937799372375084,8.89433191648759,-1.2926877677035549,1.5035512397610893,0.07620289596745372,3.193223021494161,0.0009999999962148913,0.0010000000027614367,0.0009999999997252799,0.0009999999952357745,0.000999999992354624,0.000999999989803813,0.000058925791189611564,0.00005900195658513778,0.8040956798434076,89.96111594289167,62.55871773568018,0.016693990142243723,0.0005579248521309276,0.0006474298806376575,0.009146292293300046,0.002318999999999835,0.002318999999999851,0.0023189999999998507,0.0010131899999998308,0.0010131899999998193,0.0010131899999998406,-0.39040246393668543,9.627129834031637,0.6545157230984606,-0.0019037792333360685,-0.0037313667175398447,0.002479926595625104,-11.779688034057617,-20.076938285827637,-10.72668791770935,985.4713037109375,-0.12410239936824007,25.63013314986672
2025-03-01T17:08:41Z,40.3262605455806,-76.000152149812,65.30958312306825,-1.5819540866266915,-14.248776744051577,-0.9981662463150741,1.4422076823589405,0.059618544879580855,3.2132449397806178,0.0009999999965781697,0.0010000000027784518,0.0009999999999381443,0.0009999999948396105,0.0009999999923870997,0.0009999999897285755,3.079923046820149e-10,3.079919529524037e-10,0.6166780282136437,0.00838427408185777,0.008383917161452786,0.012159295442444856,0.00016447121395884133,0.00017300225757263432,0.009107719457114968,0.0023199999999998348,0.002319999999999851,0.002319999999999851,0.0010131999999998301,0.0010131999999998193,0.0010131999999998405,-0.3887170314974485,9.689253734585861,0.9830084350981081,-0.002333721582670194,0.0008631374326464644,0.002950258824149842,-10.917750368118286,-20.29462585449219,-11.406000366210938,985.557646484375,-0.03203576141921462,25.71309651136938
2025-03-01T17:08:42Z,40.32618714726881,-76.00032239323163,64.54099897798025,-1.8259913428931696,-14.643680189395173,-1.0694067037500996,1.4385648535359077,0.05693969789980859,3.2109113059450523,0.000999999996696459,0.0010000000025646002,0.0009999999996757217,0.000999999994620533,0.0009999999927134593,0.000999999989509458,1.0003079925028976e-6,1.000307992471468e-6,0.6424048382591985,0.02602493684917158,0.024555731394604163,0.01257731022562034,0.0001743340859780728,0.0001828716629879721,0.009116589278935371,0.0023209999999998336,0.00232099999999985,0.00232099999999985,0.001013209999999831,0.0010132099999998184,0.00101320999999984,-0.29156842742766487,9.674777165092234,0.8884121780681732,-0.0034943641839788697,-0.0024966184139025463,0.001972875359495035,-11.12231288909912,-21.06562572479248,-11.142187910079956,985.6502661132813,-0.05888305188319289,26.298518951414174
2025-03-01T17:08:43Z,40.32610990756753,-76.00049778220213,63.748554053577436,-2.0546703903816312,-15.11931554375794,-1.143390398619537,1.436140022515208,0.05702249894151706,3.208994796103428,0.0009999999966844217,0.0010000000024686173,0.0009999999995782328,0.000999999994490284,0.0009999999922748744,0.0009999999893399202,2.000307993736587e-6,2.000307995813909e-6,0.6680679251899634,0.07750180009661663,0.07111772939016667,0.012965019714024702,0.00018427953599513006,0.00019260127650176385,0.009126763264807696,0.002321999999999835,0.002321999999999851,0.002321999999999851,0.0010132199999998313,0.0010132199999998179,0.0010132199999998395,-0.2828823527878124,9.67541789795666,0.8353503509921929,-0.002324374856941138,-0.0015182337711629184,-0.0008648086396776911,-11.13356291770935,-20.961563301086425,-11.676187982559204,985.7139990234375,-0.06315749153163458,26.451352062065524
2025-03-01T17:08:44Z,40.32602681296133,-76.00067825937333,62.97836046872799,-2.2849487929241583,-15.505648480390262,-1.2061056969628108,1.4311078360270335,0.05034281832278482,3.205294141700411,0.00099999999680201,0.0010000000024318926,0.0009999999994966685,0.0009999999945564525,0.0009999999925267007,0.0009999999892210112,3.0003079951873495e-6,3.000308007667215e-6,0.6927962077671009,0.1635706825326128,0.14998853673307702,0.013330276508407221,0.0001940406480318287,0.00020225407984766601,0.00913380719567188,0.002322999999999834,0.0023229999999998525,0.0023229999999998525,0.0010132299999998312,0.001013229999999817,0.0010132299999998384,-0.244589348202981,9.663530960716322,0.9591998469175642,-0.004899353645897768,-0.003942332322745155,0.005342812432546947,-11.486437921524049,-19.76493824005127,-11.220000371932983,985.7452416992187,-0.06454864815757852,25.465208610406105
2025-03-01T17:08:45Z,40.32593315622043,-76.00086214940883,62.258677261847986,-2.375930811402538,-15.681572634145793,-1.2818984813660819,1.4299025375810137,0.06141571389497696,3.204662131354121,0.0009999999967213757,0.001000000002339886,0.0009999999993309842,0.0009999999945649587,0.000999999992608134,0.0009999999893973192,4.000307986227533e-6,4.0003080377982615e-6,0.7158159631012029,0.2833948160917519,0.26257097797104956,0.013482669857279521,0.00020431130681940014,0.0002116406087134314,0.009149255189102437,0.0023239999999998327,0.002323999999999853,0.002323999999999853,0.0010132399999998308,0.0010132399999998164,0.0010132399999998377,-0.3978496342429266,9.60008119646465,1.1809746283198461,-0.0013461564865708611,0.0018812457726874645,-0.01214828239746963,-12.777187986373901,-19.957688369750976,-11.365500392913818,985.7529614257812,-0.09800171635689296,26.281890632471193
2025-03-01T17:08:46Z,40.32582464861799,-76.00104851468822,61.52031967196912,-2.546757969672547,-15.92241500724059,-1.2878377983785176,1.4326663072202912,0.06253821654918028,3.202324764763966,0.0009999999970323992,0.001000000001957887,0.000999999999359974,0.0009999999945392325,0.0009999999928707048,0.0009999999896138578,5.0003079273220325e-6,5.000308100170674e-6,0.7366012839129931,0.44221511197013946,0.41216363645312587,0.013699900795160282,0.00021430410294044608,0.00022094786665365193,0.009160051889478283,0.0023249999999998315,0.0023249999999998532,0.0023249999999998532,0.0010132499999998298,0.0010132499999998155,0.0010132499999998372,-0.3593742226822891,9.680909529886875,1.1181349212758702,0.0026126146296220204,-0.001077609515028988,-0.0026673602435637487,-16.35656315803528,-22.245000801086427,-9.00618780553341,985.8365478515625,-0.02671218469269356,29.042824831145793
2025-03-01T17:08:47Z,40.32568959971115,-76.00123963950948,60.82052158160246,-2.683735947930445,-16.483547985914846,-1.3302386986216344,1.4433609563181466,0.06253851428736565,3.2003618467437187,0.0009999999971452118,0.0010000000017355301,0.000999999999163191,0.0009999999946389254,0.0009999999925232378,0.0009999999900709622,6.000307723479065e-6,6.000308213315916e-6,0.7552057763928519,0.6433612553311517,0.5989116999007957,0.014078505792614698,0.00022426632806991041,0.0002300976927605199,0.00917042658406112,0.0023259999999998334,0.002325999999999855,0.002325999999999855,0.0010132599999998291,0.0010132599999998146,0.0010132599999998363,-0.3515485165136061,9.69064952436887,0.715690261546231,0.010341722734145312,-0.00072511040944294,-0.0017330375503264096,-13.418250465393067,-21.684000873565672,-9.926250376701354,985.8864868164062,-0.055145153137376154,27.36371673804864
2025-03-01T17:08:48Z,40.32550431467244,-76.00143784044865,60.288339647270604,-2.8234174120050284,-17.156931844959576,-1.2773175242345367,1.4488991609989503,0.07229555982004443,3.2003455527745683,0.000999999997274783,0.0010000000019878613,0.0009999999993678134,0.0009999999946909664,0.0009999999926826686,0.0009999999901647621,7.000307190284645e-6,7.000308400757428e-6,0.7721120274330069,0.8920378727721088,0.8269695691873536,0.0147097382671268,0.00023456355805153727,0.00023902723679042744,0.009185763010758094,0.0023269999999998335,0.0023269999999998552,0.0023269999999998552,0.0010132699999998293,0.001013269999999815,0.0010132699999998364,-0.3477239258080021,9.793411502898936,0.5101226059626911,0.004685549108548423,0.0026476638536765107,-0.011680119886409086,-11.382375421524047,-20.23237579345703,-10.727062892913818,985.8500439453124,0.03437815957520797,25.572930400610712
2025-03-01T17:08:49Z,40.325243123502034,-76.00164095985598,60.009326277703735,-2.787790044770329,-17.45032386203221,-1.1916318658923142,1.4480631709498866,0.062040980143340065,3.2003607829064484,0.00099999999744507,0.0010000000023662593,0.0009999999998540256,0.0009999999950265426,0.0009999999924657505,0.000999999989995087,8.000306019814911e-6,8.000308690868287e-6,0.7875282584782516,1.1766202186996155,1.0965123268649222,0.01498255415136228,0.00024413537865750426,0.00024781856338553974,0.009192020820263703,0.0023279999999998332,0.0023279999999998545,0.0023279999999998545,0.001013279999999828,0.0010132799999998138,0.0010132799999998353,-0.4801228502961563,9.759961659747361,0.8115626883359428,-0.0022420913772342108,0.00036426521886474003,0.00757246884129136,-11.426812915802001,-20.025938243865966,-10.62131290435791,985.7734326171875,0.02696502373897312,25.3854279733731
2025-03-01T17:08:50Z,40.3249256941665,-76.00184695962346,59.71923390242677,-2.7902967112493933,-17.857928439325647,-1.2487094590744516,1.4521173839545567,0.05656778333139514,3.1962790930195495,0.0009999999972116888,0.0010000000022752015,0.0009999999996350936,0.0009999999952574163,0.000999999992365787,0.0009999999897200606,9.000303747052643e-6,9.00030911726502e-6,0.8015674499935272,1.5045040215679313,1.4033387523294858,0.01550936496818427,0.0002535050621536806,0.000256669101138619,0.009200523144257995,0.0023289999999998347,0.002328999999999855,0.0023289999999998546,0.001013289999999829,0.0010132899999998148,0.001013289999999836,-0.32446255194567775,9.647566933926578,0.6302736887486249,0.0025625432665788523,-0.0033908846159544995,0.002289657257975238,-11.417812929153442,-20.785688285827636,-10.866000385284424,985.83673828125,-0.10482296511209901,26.085984591610995
2025-03-01T17:08:51Z,40.32449575979965,-76.00205304355399,59.57224350756147,-2.6608835832250226,-17.868551654303335,-1.1902294215021014,1.4539175102256507,0.051276757840579536,3.193364821513819,0.0009999999972246842,0.0010000000025195486,0.000999999999621128,0.0009999999948282123,0.0009999999923973435,0.000999999989992268,0.000010000299725021443,0.000010000309717673916,0.8142766945712808,1.8684388737010094,1.7552468886193289,0.015560128035708902,0.0002626912968134532,0.0002653853787558178,0.009209452930669165,0.0023299999999998335,0.0023299999999998556,0.0023299999999998556,0.0010132999999998287,0.0010132999999998143,0.0010132999999998358,-0.36355250874007067,9.709074218111942,0.928970519148023,-0.0004502214434628231,-0.0023031779450157874,0.0017488911471994046,-12.181875514984132,-19.5080633354187,-10.60818790435791,985.7748291015625,-0.018209050031090204,25.32772576246959
2025-03-01T17:08:52Z,40.32398209136147,-76.00225562194612,59.47286075458698,-2.3827562612694315,-17.661742162547057,-1.137958790608786,1.4501831845603617,0.04953732485774808,3.1922730397805625,0.0009999999970227921,0.0010000000024141184,0.000999999999560704,0.0009999999949612222,0.0009999999923188871,0.000999999990188021,0.000011000293097009597,0.000011000310535463544,0.8246301535946282,2.270885239670077,2.1497392496143215,0.015247432130916812,0.00027179246707724903,0.00027397798475040075,0.009220139391107354,0.0023309999999998336,0.0023309999999998553,0.0023309999999998553,0.0010133099999998293,0.0010133099999998132,0.0010133099999998364,-0.4587469743139607,9.679283721285525,1.0944342057311351,-0.00640615268659793,-0.0003687731729618923,-0.0016006835297100318,-11.254312887191773,-19.843688201904296,-10.39331289291382,985.801796875,-0.026661926128072007,25.068903343653353
2025-03-01T17:08:53Z,40.32335013342117,-76.00245234858308,59.464688501435894,-2.0205439640570004,-17.381200177187306,-1.09958055595209,1.450516478958547,0.0452546722507352,3.195223673019277,0.0009999999969369606,0.001000000002906693,0.000999999999813629,0.0009999999946380081,0.0009999999924190347,0.0009999999900817684,0.0000120002827697052,0.000012000311619340716,0.8320502693352955,2.7184664945467483,2.5870265010536313,0.014887375524008869,0.0002807917702991663,0.00028238143115909465,0.009229797513582293,0.002331999999999835,0.0023319999999998568,0.0023319999999998568,0.001013319999999829,0.0010133199999998138,0.001013319999999836,-0.4731705915040687,9.65898193083975,1.1140553514727312,-0.0029051967382609494,0.0031083157154609253,0.001258196706222037,-10.98318796157837,-18.876188297271728,-11.063062829971313,985.7818920898437,-0.04392531700625911,24.4812124606208
2025-03-01T17:08:54Z,40.32258205027271,-76.00264180973966,59.55484012219192,-1.68341295119492,-16.978636147769404,-1.0265629884199685,1.45167863024912,0.03841607398414854,3.1935537759943897,0.0009999999970640534,0.0010000000027584424,0.0009999999996682886,0.0009999999947277918,0.0009999999922493332,0.000999999990015742,0.000013000267390071213,0.00001300031302254334,0.8366918886677626,3.214064257854207,3.069337331524322,0.014525197194205445,0.00028933919207173547,0.0002910396187674848,0.009238210830757206,0.002332999999999835,0.002332999999999857,0.002332999999999857,0.001013329999999828,0.0010133299999998137,0.001013329999999835,-0.3614787349670297,9.689213807421002,1.1709247631730513,-0.002170823609061485,-0.0019875649626925605,0.003143699598812611,-10.98975043296814,-19.121813278198243,-10.80131287574768,985.7501416015625,-0.012089500573828914,24.557772936494672
2025-03-01T17:08:55Z,40.32169381446612,-76.0028243811764,59.663306410823154,-1.284525765985315,-16.691381329061777,-1.0398602190431099,1.4501668837936788,0.026935510586505524,3.1871550897433325,0.0009999999970054902,0.0010000000024834837,0.0009999999998349853,0.0009999999947610235,0.0009999999922850893,0.0009999999899016365,0.000014000245328315464,0.000014000314804030272,0.8391694899683529,3.758740727887645,3.5920616307547863,0.014339877091619959,0.00029740841462531036,0.0003000235693243453,0.00924436702992662,0.0023339999999998336,0.0023339999999998553,0.0023339999999998553,0.0010133399999998289,0.0010133399999998128,0.0010133399999998343,-0.3083404119244319,9.626776911998554,1.000533571264626,-0.004827918954952072,-0.0074466264141608215,0.007296746060648402,-10.905000352859497,-19.691625690460206,-10.555687885284424,985.7472827148438,-0.09497964577001133,24.86160020825304
2025-03-01T17:08:56Z,40.32066099249119,-76.00300007518985,59.76058427181315,-0.9276382194433404,-16.37671327614934,-1.0640435726372033,1.4449830831139547,0.026691594043223694,3.186405291688492,0.000999999997032778,0.0010000000029617424,0.0010000000000573409,0.0009999999945526034,0.0009999999925326436,0.0009999999899511856,0.000015000214677051011,0.000015000317027478946,0.8403050665695373,4.354027766106452,4.157520203205392,0.014245172371806007,0.00030583417804207826,0.00030881650480048945,0.00925575082882893,0.002334999999999832,0.0023349999999998537,0.0023349999999998537,0.001013349999999828,0.0010133499999998128,0.001013349999999834,-0.19150856601768296,9.61862556838741,1.009688404366539,-0.008859794479833311,-0.000704749173104001,-0.003117664960281578,-12.012750425338744,-19.30331329345703,-10.706437883377076,985.7325317382813,-0.1051834258514445,25.130645132288805
2025-03-01T17:08:57Z,40.319395625435384,-76.00316615526727,59.90640596679916,-0.43520950144503573,-15.939903684791817,-1.1134882759798275,1.439832122908516,0.024978626194533393,3.18900846285274,0.0009999999973715021,0.0010000000030554702,0.0009999999997978104,0.0009999999944294484,0.0009999999927154152,0.0009999999897946997,0.00001600017323863008,0.000016000319761200787,0.8403602404783148,4.999010112820994,4.7673394730583,0.014073200009012899,0.0003142952255689965,0.0003175263569204643,0.009266526585091622,0.002335999999999833,0.0023359999999998547,0.0023359999999998547,0.0010133599999998283,0.0010133599999998123,0.0010133599999998335,-0.2773311349912366,9.575036341982104,1.0827891312936369,-0.009317941993673699,0.002196858630154056,-0.0013766998548155173,-11.787187929153442,-19.180125846862794,-11.33137538909912,985.663779296875,-0.13854523631975177,25.20342284927798
2025-03-01T17:08:58Z,40.318122175554514,-76.00332594191946,59.86556444950103,0.031033150803277454,-15.37131175077146,-1.1377821971791608,1.4354269759738902,0.03910375821806029,3.188307917670556,0.000999999997493445,0.0010000000031451625,0.0009999999997668014,0.000999999994536151,0.0009999999929564225,0.0009999999899244062,0.00001700011846366612,0.0000170003230800772,0.8389950004776008,5.698617915191879,5.426880575948372,0.01372354454709492,0.0003227975820804309,0.00032655398377153466,0.00928436283535661,0.0023369999999998323,0.0023369999999998535,0.0023369999999998535,0.0010133699999998287,0.0010133699999998118,0.001013369999999833,-0.3725151391103228,9.585628202529104,1.291124231773646,-0.008072512247586504,0.0007950408783165394,-0.016977619110218365,-11.764687976837159,-19.75275079727173,-11.541562900543212,985.7589819335938,-0.09929947681995334,25.725164655800604
2025-03-01T17:08:59Z,40.316924202028616,-76.00348188278763,59.59763827365319,0.421186993516685,-14.995876824946745,-1.1853851520292904,1.4354447000827542,0.04601175363960489,3.1840715805294924,0.0009999999976304651,0.0010000000030950629,0.0009999999996234859,0.0009999999942723655,0.0009999999931049883,0.0009999999896675258,0.00001800004743742677,0.000018000327066149626,0.836467052786771,6.458874406463413,6.133906394531297,0.013559424065740419,0.00033091297641260425,0.00033594802903879185,0.00929845956991779,0.0023379999999998315,0.0023379999999998528,0.002337999999999853,0.0010133799999998284,0.0010133799999998115,0.0010133799999998319,-0.4665635252414662,9.591945591605539,1.1844841013751772,-0.002893681018426917,-0.003799796648458907,-0.00966409928772108,-11.298187923431396,-19.46437572479248,-11.809312915802002,985.9052880859375,-0.10264254114548683,25.415905472094927
2025-03-01T17:09:00Z,40.3157260149079,-76.00363280205126,59.16719612336129,0.9015822528709327,-14.426850600484928,-1.2583183739588526,1.4349188432519018,0.05081884413202927,3.1852791176547264,0.0009999999978249044,0.0010000000034305185,0.0009999999998498003,0.0009999999939091064,0.0009999999932837822,0.0009999999897230183,0.000018999956788135,0.00001900033180791293,0.8327178154838537,7.275714692724665,6.894869276749256,0.013155774421186948,0.0003393121328164289,0.00034516339501374936,0.009311427197797659,0.002338999999999832,0.002338999999999854,0.002338999999999854,0.0010133899999998273,0.0010133899999998103,0.001013389999999831,-0.6704803848594671,9.537379419042274,1.4013902013168817,-0.0033358066768561035,0.0011855942792596745,-0.006442704731709047,-11.911312932968139,-19.837500667572023,-12.383625526428222,986.0162768554687,-0.11568521518298368,26.244186250187163
2025-03-01T17:09:01Z,40.31446748087699,-76.00377690225184,58.655909025960284,1.296591553451565,-13.812857863439017,-1.246818909195443,1.4368379207503066,0.048250300064459004,3.185455479726368,0.0009999999979199718,0.0010000000031139902,0.0009999999999615763,0.0009999999940704311,0.0009999999935833466,0.0009999999899330736,0.0000199998425135103,0.00002000033740509723,0.8274372236000508,8.166709644491734,7.7161191094817,0.012807492120084037,0.0003474653369845509,0.0003546158675393039,0.009320663644924194,0.0023399999999998327,0.0023399999999998557,0.002339999999999856,0.0010133999999998276,0.0010133999999998107,0.001013399999999831,-0.6370122553672,9.621257757183459,1.4671961019835384,-0.00062329989621411,-0.0009287329935051342,0.0010158535045081075,-12.002062950134277,-20.067563381195068,-12.233812980651855,986.1040625,-0.02551754901836882,26.38977268890829
2025-03-01T17:09:02Z,40.313102609472935,-76.00391258196547,58.14733886949481,1.8197044089411356,-12.828468477675848,-1.2098807860464142,1.4406545370859967,0.047091771363959166,3.188679283476086,0.0009999999979868203,0.0010000000027017377,0.0009999999999597223,0.0009999999944275521,0.0009999999935351132,0.0009999999900316139,0.000020999699663618112,0.00002100034397144492,0.8201811931837174,9.133705857554567,8.609792647196738,0.01237809271084204,0.00035608009443415347,0.0003640316541773085,0.009330485158638583,0.0023409999999998324,0.0023409999999998553,0.0023409999999998553,0.0010134099999998276,0.0010134099999998098,0.0010134099999998313,-0.7974909040037853,9.597249737418558,1.815910106937129,0.0013408134691322007,0.002217053923828847,0.0002768074445001448,-12.029250507354737,-19.641938304901124,-12.36618803024292,986.172978515625,0.021104108059382898,26.142466356864098
2025-03-01T17:09:03Z,40.31169544540094,-76.00404046232106,57.63973379722355,2.2889869869271338,-11.649217613812239,-1.130677293058953,1.4467165186306734,0.051378718649103775,3.1879573961092302,0.000999999997913399,0.0010000000027742797,0.0009999999997745708,0.000999999994568544,0.0009999999936591737,0.0009999999900273141,0.000021999521779274512,0.00002200035163679726,0.8106623407777146,10.195164085754215,9.580804375547086,0.01234318139506487,0.0003650051553099512,0.0003738775043659409,0.009342679855083613,0.002341999999999831,0.0023419999999998568,0.002341999999999857,0.0010134199999998275,0.0010134199999998097,0.001013419999999831,-0.8217381650571596,9.62069677702837,2.0268583569605245,0.004233075253145492,-0.0009490945428610286,-0.005286234420069056,-12.613688049316407,-20.44931318283081,-12.461063013076782,986.2630395507813,0.08710544594584727,27.065750789217528
2025-03-01T17:09:04Z,40.310213893447205,-76.00416426136582,57.161897228349375,2.672809583556111,-10.986199983747516,-1.0707394311881844,1.456445152273456,0.05653949414543895,3.193089163239001,0.0009999999982233524,0.0010000000026336715,0.0009999999997467469,0.000999999994581178,0.0009999999937620736,0.000999999989665688,0.00002299930136344763,0.000023000360535428653,0.8011464504185769,11.329540753553717,10.62751129934789,0.012582311929862285,0.0003748349553657687,0.0003834331399865292,0.009355333436226968,0.0023429999999998305,0.0023429999999998565,0.0023429999999998565,0.0010134299999998275,0.0010134299999998095,0.0010134299999998307,-0.8082984828903274,9.673859905240146,1.5018920209658413,0.008061160772494328,0.004996655853752429,-0.00512333707812186,-11.188875484466553,-20.429250774383544,-11.627625455856323,986.33880859375,0.04393290215613448,26.03352145638234
2025-03-01T17:09:05Z,40.30841724165913,-76.00428907480418,56.778896763197565,2.8875745345893833,-10.654473182075845,-1.0561064308431376,1.4613515026809056,0.05286723349126505,3.1935804551933984,0.0009999999979197478,0.0010000000023526333,0.0009999999997612687,0.0009999999942690283,0.0009999999935930732,0.0009999999894514157,0.00002399903095943466,0.000024000370798457244,0.7939641924141546,12.525403863316944,11.73910919103974,0.012683739052278997,0.00038429675121179406,0.0003933910584940031,0.009363558144838274,0.0023439999999998323,0.0023439999999998553,0.002343999999999855,0.0010134399999998265,0.0010134399999998087,0.00101343999999983,-0.6644787252292469,9.675143317923492,1.1300205808919563,0.0037642443703903333,-0.0006470002066867185,0.0033611741674679104,-11.356500406265258,-19.92525074005127,-11.40356288909912,986.3419213867187,-0.015618917171628229,25.612972336714495
2025-03-01T17:09:06Z,40.30624770778608,-76.0044181922965,56.455749171857896,3.164801342129241,-9.987323939940673,-1.0812922467723731,1.458395866683426,0.049460911342751546,3.197818814547546,0.0009999999975622076,0.0010000000022440676,0.0009999999997899029,0.0009999999942001383,0.0009999999938569044,0.0009999999894690903,0.00002499870266178236,0.000025000382558039735,0.7890864644544198,13.812518712700038,12.936403163030329,0.013147502800026757,0.00039425289534204344,0.0004030985320777801,0.009371885103839326,0.0023449999999998338,0.0023449999999998554,0.002344999999999856,0.001013449999999827,0.0010134499999998091,0.0010134499999998304,-0.7611997486915747,9.584248740511766,1.4894892231029673,-0.003942332003627037,0.0031029753142640037,0.00383601265865668,-11.759438009262086,-20.00568826675415,-11.86500044822693,986.3338647460937,-0.05011691999916992,26.063144896742035
2025-03-01T17:09:07Z,40.30379912186476,-76.00455296270569,56.18687802300078,3.4980188488322974,-8.876724504626083,-0.9910917402618705,1.4597818097605426,0.04537882307623796,3.1992545861626454,0.0009999999973370872,0.0010000000020938154,0.0009999999996488538,0.0009999999942301046,0.0009999999936819253,0.0009999999892637127,0.000025998306679483614,0.00002600039594394825,0.7864684605922936,15.239200405124334,14.246041857844775,0.014638233391979453,0.0004041191129162742,0.0004129444590899159,0.009379702171383529,0.0023459999999998317,0.002345999999999854,0.002345999999999855,0.0010134599999998268,0.001013459999999809,0.0010134599999998303,-0.8882272583524762,9.629522759232074,2.04729541581597,0.0011405301007927783,0.0003544176381106022,0.004612945781967339,-11.968875455856324,-19.597500762939454,-11.356125373840332,986.3488159179688,0.1053793934805891,25.617864582764906
2025-03-01T17:09:08Z,40.30127498766038,-76.0046953501503,55.958122407012894,3.8060092882535215,-7.509625684943189,-0.9183612040958649,1.458204462134484,0.046545666964191997,3.2016979931916385,0.0009999999971723377,0.0010000000023955794,0.000999999999947712,0.0009999999940602778,0.0009999999938943211,0.0009999999894762654,0.000026997831416404032,0.000027000411032873345,0.7883521001221269,16.811793967684274,15.6438211348321,0.017954802134768716,0.0004141299850457805,0.000422550653061067,0.009389904134081884,0.00234699999999983,0.002346999999999855,0.002346999999999856,0.0010134699999998268,0.001013469999999809,0.0010134699999998303,-0.9501928621246238,9.562793055214378,2.46927033964828,-0.001010180945830686,0.0022172211576957594,-0.000053159457915775716,-12.324937973022461,-19.37043821334839,-11.837625427246094,986.4030419921875,0.14254594738434323,25.83108037094277
2025-03-01T17:09:09Z,40.2987645070978,-76.00485102426497,55.71985624213018,3.988112974311232,-6.70082053670525,-0.9018716592297761,1.457546552545424,0.04811440323647396,3.2043697404441347,0.000999999997050843,0.0010000000023961157,0.0010000000001592292,0.0009999999943294362,0.0009999999939229779,0.0009999999894310953,0.000027997266867524623,0.000028000427785262576,0.7984840108171567,18.450521390718464,17.091407969004923,0.021252308320233837,0.0004234734031872384,0.00043184244293225385,0.009400138148317331,0.0023479999999998303,0.0023479999999998563,0.0023479999999998576,0.0010134799999998263,0.0010134799999998085,0.0010134799999998298,-0.8850682054259478,9.546282584505864,2.120237260103278,0.0008224136546124349,0.002838266973901466,-0.00002261625165528693,-12.214687957763672,-20.009625720977784,-12.241687955856323,986.47154296875,0.039275485574294125,26.446927031398435
2025-03-01T17:09:10Z,40.295933326618055,-76.00504192421484,55.53916582891685,3.9032593493369707,-6.74794729456745,-0.8993963141275574,1.4602872513338978,0.04592996764483097,3.205426814476195,0.0009999999971683886,0.0010000000019462498,0.0009999999999729988,0.0009999999945827659,0.0009999999940677044,0.0009999999893696352,0.00002899660963431616,0.000029000446067249185,0.8172272035518008,20.094040695346607,18.54133514123859,0.02243056462313762,0.000431199857818014,0.0004408441937816775,0.009408235114399826,0.002348999999999829,0.0023489999999998564,0.0023489999999998564,0.0010134899999998251,0.0010134899999998074,0.0010134899999998288,-0.6688328754534064,9.601044246233435,1.5145981671613131,0.005436612129683374,0.0011755799299691403,0.004072180675625042,-12.782625541687011,-18.724313182830812,-11.217188005447388,986.472666015625,-0.03683083674349954,25.29462682628253
2025-03-01T17:09:11Z,40.29287241607621,-76.00527578958338,55.40096543567015,3.564828450845263,-7.583560112130752,-0.8823773645996219,1.4573771440288956,0.04778770062451039,3.205786378197715,0.0009999999971856694,0.0010000000016267773,0.0010000000001282876,0.0009999999946496746,0.0009999999941705776,0.0009999999897393093,0.00002999586421478536,0.000030000465766169252,0.8393509086503046,21.729837029461496,19.96640925691679,0.02118727609604706,0.00043743549778905397,0.0004494755195969037,0.009417912591325276,0.0023499999999998284,0.0023499999999998557,0.0023499999999998557,0.001013499999999826,0.0010134999999998082,0.0010134999999998296,-0.46062134754622935,9.680280676521898,0.9731579820712677,0.000751145862444584,0.0012398376135145425,0.00041517001413517163,-12.59925051689148,-18.930000762939454,-11.360437917709351,986.4827172851562,-0.03952914157982327,25.419343011461986
2025-03-01T17:09:12Z,40.28972656327574,-76.00554714103099,55.298200744302406,3.352915198611521,-7.734880758289232,-0.837295489696048,1.4483819673845635,0.053455910028825326,3.202605843096053,0.0009999999970328646,0.001000000001845186,0.0010000000003673592,0.0009999999949143888,0.0009999999941408377,0.0009999999894860856,0.00003099503880909986,0.000031000486744690785,0.8630053503501616,23.576276468034077,21.39035671560025,0.023142071715411817,0.00044182725876540634,0.0004580119083365143,0.009429027278921953,0.002350999999999829,0.0023509999999998562,0.002350999999999856,0.0010135099999998257,0.001013509999999808,0.0010135099999998291,-0.7396368923471793,9.583745313298834,1.8917227258680969,-0.004497451182770678,-0.0015683045309393105,-0.003508551255676811,-12.132000436782837,-17.84793825149536,-10.614375391006469,986.506171875,0.01714073260785766,24.04988245549371
2025-03-01T17:09:13Z,40.28661362082639,-76.00584835875489,55.26538535111277,3.225539270803771,-7.517691563480725,-0.7212676667595694,1.43930913307532,0.0569886737546598,3.199973875072174,0.000999999996909029,0.001000000002087197,0.001000000000294124,0.0009999999950501901,0.0009999999939936815,0.0009999999893975616,0.00003199414572770517,0.000032000508612690164,0.89352306575052,25.627040715130388,22.76422297228411,0.02763250876718691,0.00044384352626953026,0.0004661396369916568,0.009438793014338582,0.00235199999999983,0.002351999999999857,0.0023519999999998572,0.0010135199999998248,0.001013519999999807,0.0010135199999998282,-0.9411400183608265,9.551187919614854,2.525780835787088,-0.004003418460874212,-0.0009898187854564143,-0.0011730783994448606,-11.304187917709351,-18.138375759124756,-11.777812967300415,986.5326831054688,0.14473095896394195,24.402863126600447
2025-03-01T17:09:14Z,40.28337367569413,-76.00619856105457,55.372579197336435,2.9461712045493873,-8.012855450692424,-0.6473057921647865,1.4355379926739797,0.061140881353870524,3.197066834471144,0.0009999999965170443,0.001000000001861477,0.0010000000004623704,0.0009999999948882212,0.0009999999937827353,0.0009999999895152869,0.00003299320551931013,0.0000330005308314178,0.9308997620922193,27.68343731928756,23.976542584371785,0.030022231081753045,0.0004429685776482762,0.00047394522657132065,0.009448322490936944,0.0023529999999998288,0.002352999999999856,0.002352999999999856,0.0010135299999998256,0.001013529999999806,0.0010135299999998273,-0.8498139534959083,9.54396954281916,2.1419720898466346,0.0022521037903843865,-0.0007972128695296356,-0.0015357584873963862,-10.964812879562379,-18.863063373565673,-12.010312967300415,986.5150854492188,0.03877401687210087,24.905568825483613
2025-03-01T17:09:15Z,40.28023421962267,-76.00658759689253,55.51936119443816,2.3585290746803627,-9.757894582943011,-0.6354564703099258,1.4307188565831124,0.0637780032464917,3.1939073468651222,0.000999999996522969,0.0010000000017337028,0.0010000000002626992,0.0009999999947158638,0.0009999999935906545,0.0009999999891676416,0.0000339922404181324,0.00003400055321707226,0.9632542542879067,29.56814157184413,24.98175617357688,0.026402457107271116,0.00043963196746222926,0.00048160553593585046,0.00945679348255877,0.0023539999999998293,0.002353999999999857,0.002353999999999857,0.0010135399999998246,0.0010135399999998069,0.001013539999999828,-0.5160452684881603,9.645134970616215,1.0855376100672334,0.001545269859808389,-0.0010509053695144488,-0.00007352169218205679,-10.620375356674195,-18.879000720977782,-11.841750440597535,986.5185571289062,-0.0595243836626836,24.686708498038744
2025-03-01T17:09:16Z,40.276957869732875,-76.00703578467771,55.71425604229634,1.6332868132294012,-12.03025631383737,-0.6441871925956675,1.4231428848301741,0.06739255923424355,3.190574708538798,0.000999999996259678,0.0010000000018778178,0.001000000000290595,0.0009999999947003433,0.0009999999937153306,0.000999999989668954,0.00003499126098908455,0.00003500057617299725,0.9785725125477697,31.44940893781218,25.874024641210422,0.021765205882706293,0.00043556788137011436,0.000489343509878556,0.009465499490084543,0.0023549999999998286,0.002354999999999856,0.002354999999999856,0.0010135499999998248,0.001013549999999807,0.0010135499999998283,-0.4187868325849373,9.677568760552262,0.7875945796963926,-0.0007963784927591087,-0.0008880080625466262,-0.000989818852757733,-11.35312536239624,-19.136625804901122,-11.537250404357911,986.4818676757812,-0.06042593889728505,25.06410766821364
2025-03-01T17:09:17Z,40.273751702945496,-76.00751238209295,55.867232296545616,0.9036503135022826,-14.348428647706626,-0.6678291657867946,1.415710573366597,0.07024071623932959,3.187409640464204,0.0009999999963639502,0.0010000000021304775,0.001000000000276641,0.000999999994969576,0.000999999993740949,0.00099999998954576,0.000035990261894768776,0.00003600060039464055,0.9756415265542338,33.4020146234422,26.74991426530102,0.01798564255336561,0.00043225905860246337,0.0004973341003381042,0.009473992013061245,0.0023559999999998283,0.0023559999999998556,0.0023559999999998556,0.0010135599999998252,0.0010135599999998074,0.0010135599999998289,-0.4185671655036603,9.680988012593378,0.7836496945518965,-0.0010625886628462613,-0.0008873405235943962,-0.00046424149787258864,-10.294687929153442,-18.691875762939453,-11.60831295967102,986.4776123046875,-0.05710064565232507,24.292329474130213
2025-03-01T17:09:18Z,40.27038922689955,-76.00802671848311,55.9994120935424,0.15078728784847084,-16.72411375869484,-0.7065247788155592,1.4086393756876174,0.07342741741781933,3.183952599476314,0.0009999999965523189,0.0010000000019447172,0.0010000000004881976,0.0009999999951224873,0.0009999999936437275,0.0009999999895061813,0.000036989224118015536,0.00003700062664711103,0.9582392539779657,35.437079071110944,27.68521111702831,0.015258491759882567,0.0004307721146643836,0.0005057376745199669,0.009482858832728185,0.002356999999999828,0.002356999999999855,0.002356999999999855,0.0010135699999998245,0.0010135699999998067,0.001013569999999828,-0.4152374789305924,9.678087257383122,0.7931778341926351,-0.0009694568260889893,-0.0011527161837518675,-0.0010203621997923384,-10.518562803268432,-18.705375785827638,-11.523937931060791,986.4494604492188,-0.059106170771623,24.358364229457617
2025-03-01T17:09:19Z,40.266752976961165,-76.0085757832705,56.103894689617654,-0.6153366156145679,-19.129667002037237,-0.7534225824424806,1.4016462187771732,0.07638652217555858,3.1810153729476283,0.0009999999967673348,0.0010000000019738788,0.001000000000683006,0.000999999995372962,0.0009999999937441494,0.0009999999894991355,0.00003798811767452721,0.00003800065569486498,0.9311219183909486,37.562066898262565,28.745253979816244,0.013616199063747744,0.00043175948805115633,0.0005144840031362379,0.009491976493971837,0.002357999999999829,0.0023579999999998563,0.0023579999999998563,0.001013579999999825,0.0010135799999998073,0.0010135799999998268,-0.4180964424784522,9.682047169542713,0.7943585611010188,-0.0013529997459373283,-0.0007471420168693522,-0.0009248936259954747,-12.376312990188598,-19.748250789642334,-10.348500390052795,986.41556640625,-0.05468996624913085,25.500105729473585
2025-03-01T17:09:20Z,40.262860374396055,-76.00914134771357,56.14057546397613,-1.3704213435748116,-21.465650783198505,-0.817426881793789,1.3954804260831288,0.07862750978422722,3.1778657925878684,0.000999999996413997,0.0010000000020305682,0.0010000000005087094,0.000999999995537269,0.0009999999937584246,0.0009999999897218014,0.00003898690333848666,0.00003900068829060826,0.8989786902155964,39.78150164288534,29.976626392409983,0.013082008553282964,0.00043525531291050876,0.0005236920372034535,0.009501208212925931,0.0023589999999998282,0.002358999999999855,0.002358999999999855,0.0010135899999998256,0.0010135899999998079,0.0010135899999998265,-0.4146392766887902,9.679682436623189,0.7883124292287355,-0.001285070298055732,-0.0012545269381288994,-0.0006029378542402972,-10.685437908172608,-18.815063304901123,-11.964562921524047,986.3999633789062,-0.057439872700005924,24.7251579347338
2025-03-01T17:09:21Z,40.25885107744131,-76.00969591723516,56.05118737459464,-2.067064591450866,-23.58318607416641,-0.8917492705859037,1.3911629872170064,0.08094805377788648,3.1757203430916117,0.0009999999962182254,0.001000000002184252,0.0010000000004789004,0.0009999999954623318,0.0009999999934195486,0.0009999999898042582,0.000039985533924082,0.00004000072516366215,0.8663346983890401,42.10752742008826,31.414644383328266,0.013665222767883267,0.0004413562761744882,0.0005331574211740048,0.009510972578440887,0.002359999999999829,0.002359999999999856,0.002359999999999856,0.0010135999999998254,0.0010135999999998074,0.0010135999999998254,-0.4230939157184364,9.681636642454025,0.7941349655782063,-0.0006742055398740457,-0.0005520323857550911,-0.0010101810732597645,-10.805625410079957,-18.984188289642333,-11.602312898635864,986.4234521484375,-0.05443535239874256,24.734026923448365
2025-03-01T17:09:22Z,40.254419784686846,-76.01024559681835,55.8779229913777,-2.7318075641009316,-25.502877980745023,-0.9725512166090211,1.3875627427151944,0.08268797638433424,3.1734890118419345,0.0009999999965494696,0.001000000002282591,0.001000000000688,0.000999999995089934,0.0009999999934353705,0.0009999999900598992,0.000040983956078873755,0.00004100076699797285,0.8375143829223608,44.54510592335052,33.06981415824605,0.015350706704093876,0.0004494380526576186,0.000542979494400012,0.009520911694672781,0.0023609999999998294,0.002360999999999857,0.0023609999999998567,0.0010136099999998253,0.0010136099999998077,0.0010136099999998255,-0.41484063654613273,9.682400216647606,0.790788929798085,-0.0010225319419688366,-0.0009974964902731273,-0.0008948511672465253,-10.079625368118286,-18.651000785827637,-11.429437847137452,986.4291821289063,-0.05410478518823699,24.08502172304816
2025-03-01T17:09:23Z,40.24942708276181,-76.01077776553961,55.630831434243674,-3.333957873274023,-27.15356068795431,-1.0581192048906687,1.3851986765982984,0.08378226502850095,3.1715468942528973,0.0009999999964537365,0.001000000002070166,0.00100000000025828,0.0009999999951170158,0.000999999993350789,0.0009999999897764157,0.000041982113943169304,0.000042000814374042625,0.8166362797556468,47.09862254795918,34.9329864701956,0.018095271824001294,0.00045885344254286635,0.0005530212620909012,0.009530972111080546,0.0023619999999998304,0.0023619999999998573,0.0023619999999998573,0.001013619999999826,0.0010136199999998081,0.001013619999999826,-0.4173112566771871,9.678685497281654,0.7867172152194455,-0.0010712675759750605,-0.001132354020250909,-0.0007149298212547524,-10.310437889099122,-18.497063274383546,-11.7258753490448,986.43724609375,-0.05785870672262602,24.206200935506704
2025-03-01T17:09:24Z,40.24396297246898,-76.0112668081821,55.298007092353174,-3.8454352210235654,-28.416679895793827,-1.1353682654726038,1.3842533958341336,0.08437425866778622,3.170428035686713,0.0009999999963156354,0.0010000000023118291,0.001000000000046144,0.000999999995286238,0.0009999999932808758,0.0009999999897334177,0.000042979957043999805,0.00004300086765949641,0.8075814162726451,49.775584679118566,36.96426671298413,0.02175701012783365,0.0004686937464065299,0.0005630948969620631,0.009541171573218954,0.0023629999999998296,0.0023629999999998565,0.0023629999999998565,0.0010136299999998258,0.001013629999999808,0.0010136299999998258,-0.4160174339495435,9.682243329405669,0.7964375711110143,-0.0012228154460487027,-0.0007871987859270121,-0.0006745392027345124,-10.871812944412232,-18.996375694274903,-11.774625406265258,986.4706323242187,-0.05345067665990321,24.853528433459143
2025-03-01T17:09:25Z,40.237654199358985,-76.01169838750901,54.9491407112238,-4.239736167229461,-29.21924563740609,-1.2045143954981083,1.3856909035709248,0.08476119963618181,3.1698635565716096,0.0009999999963659397,0.0010000000023129086,0.00099999999963666,0.000999999995083735,0.0009999999935415922,0.0009999999897759165,0.00004397745309019275,0.000044000926848601536,0.8135801609466472,52.570848061816015,39.08212379817843,0.02618372547629048,0.00047764918283876737,0.0005731068421799018,0.009551533760221376,0.00236399999999983,0.0023639999999998575,0.0023639999999998575,0.001013639999999825,0.0010136399999998071,0.001013639999999825,-0.41978384349421655,9.678007498420946,0.7825696528354819,-0.0006538433005151396,-0.0006945675502007058,-0.0010610865011474512,-11.067000398635864,-19.20037576675415,-11.913375434875489,986.4765991210937,-0.05855104936134388,25.160661287503967
2025-03-01T17:09:26Z,40.23057135354451,-76.01204034492305,54.60809103725925,-4.488397590449719,-29.411822540202326,-1.248085918006872,1.3885812205762205,0.08426065307070937,3.1700486164586823,0.0009999999965839062,0.0010000000025113186,0.000999999999444301,0.0009999999948145846,0.0009999999930714247,0.0009999999898392482,0.000044974605265892805,0.000045000991390296994,0.8365430645084648,55.486767172710536,41.16783691125148,0.03093111950263091,0.00048421266238849413,0.0005828706036234507,0.00956168600570456,0.0023649999999998295,0.002364999999999857,0.002364999999999857,0.0010136499999998257,0.001013649999999808,0.0010136499999998257,-0.4153970000560066,9.680519905723802,0.7955706566973187,-0.0012850702470773383,-0.0006029379160053408,-0.0008472838540921365,-10.938562898635864,-18.857813301086427,-11.898375387191772,986.4902954101562,-0.055162663555098364,24.836225269996827
2025-03-01T17:09:27Z,40.2226826253775,-76.01226088213564,54.33623706461237,-4.5440048199512635,-28.886802396824272,-1.259954954106869,1.3938382193762748,0.08290982804223794,3.170695718503584,0.0009999999964039278,0.0010000000024393881,0.0009999999993806927,0.000999999994958463,0.0009999999932914006,0.0009999999898313544,0.00004597146876029689,0.000046001060096576995,0.8761357926671948,58.51347378817735,43.07277394462111,0.03555765697732025,0.0004869063805500827,0.0005922717923998758,0.009571533411119295,0.00236599999999983,0.002365999999999858,0.0023659999999998574,0.0010136599999998248,0.0010136599999998087,0.0010136599999998267,-0.4168019674716892,9.682478652451302,0.7952215435315045,-0.001222815447654714,-0.0008372695857142248,-0.0008247518692255449,-10.02431287765503,-18.516375637054445,-11.738437881469727,986.491044921875,-0.05323407534155646,24.106668826168995
2025-03-01T17:09:28Z,40.21436796682469,-76.01233783012195,54.15207749972987,-4.387151698416984,-27.63026454981238,-1.2456176380922561,1.4014965611893462,0.08047523731150877,3.171591457302542,0.0009999999965762119,0.0010000000024663537,0.0009999999995006234,0.0009999999948200724,0.0009999999931696027,0.0009999999895667726,0.00004696815644748158,0.00004700113123548754,0.9292236901371976,61.63818207581087,44.644078345695554,0.039517770608322025,0.0004846376885236388,0.0006012051675039794,0.009580856997172291,0.002366999999999831,0.0023669999999998597,0.002366999999999858,0.0010136699999998234,0.0010136699999998082,0.0010136699999998262,-0.41747078062358506,9.678725297289633,0.7861987700468535,-0.0009287324773741713,-0.0012850701878049423,-0.0005520325144929878,-10.430437889099121,-18.87693820953369,-11.76881290435791,986.5017065429688,-0.05780487416367474,24.56899028410617
2025-03-01T17:09:29Z,40.2058790348053,-76.01225804747381,54.07776138103786,-4.074323723734603,-25.876083672270838,-1.229041698336892,1.4126214140846671,0.07794425303484494,3.1737530107905236,0.0009999999964619172,0.0010000000023657708,0.000999999999631397,0.0009999999950229654,0.0009999999932608962,0.0009999999895459416,0.00004796482477392113,0.00004800120274880767,0.991633187580938,64.83144990937426,45.74097302301595,0.043912557533606615,0.0004771962387391711,0.0006094127098664285,0.009590008937001165,0.002367999999999832,0.0023679999999998594,0.002367999999999859,0.0010136799999998242,0.0010136799999998073,0.0010136799999998253,-0.34713552385385027,9.691853771269786,0.5422491916252072,0.000559707955350795,-0.0005168160488675717,-0.001005007032120138,-10.263000364303588,-18.70406322479248,-11.701500463485718,986.5047387695313,-0.06434239566424142,24.332977430694022
2025-03-01T17:09:30Z,40.19766966039726,-76.01202856710445,54.10679248634638,-3.653727169515983,-23.753104420593623,-1.1816025367424177,1.425150338109588,0.07489691308126832,3.175454441702493,0.0009999999968678475,0.0010000000022235115,0.000999999999575821,0.0009999999951256244,0.0009999999930056973,0.0009999999894683895,0.000048961649150028335,0.000049001272479457055,1.0598473988795738,68.1041218667118,46.283423385463735,0.04855415581852644,0.0004643281225130248,0.00061717218126515,0.009598686955222296,0.0023689999999998313,0.0023689999999998586,0.0023689999999998586,0.001013689999999825,0.0010136899999998073,0.001013689999999825,-0.2578695110543951,9.733879906969884,0.28617859790231637,0.0006696970486667027,-0.0013970620996584314,-0.0011119918783894281,-9.493687858581543,-19.139438190460204,-11.471062879562378,986.5128393554687,-0.036278075814139936,24.24935082991242
2025-03-01T17:09:31Z,40.18981054271086,-76.01164543790182,54.29168722723393,-3.013188818866601,-20.95742594938651,-1.1117509818617832,1.4387134938814545,0.07147323564033517,3.1772037164160074,0.000999999997027923,0.0010000000022242976,0.0009999999995906658,0.0009999999952974698,0.0009999999927184304,0.000999999989623958,0.0000499587924841927,0.00005000133878586325,1.1271253302665598,71.45948632912938,46.27496009359757,0.05051320218572742,0.00044703978880460376,0.0006244893875360849,0.009607010355711194,0.002369999999999832,0.002369999999999859,0.002369999999999859,0.0010136999999998246,0.0010136999999998068,0.0010136999999998248,-0.2957486778231864,9.704641668348748,0.3535300171363638,0.0005296655205694839,-0.0017085029746418613,-0.0011952763862144173,-10.47787534713745,-20.373375816345217,-12.08493797302246,986.4916723632813,-0.06248715228344448,25.90180303081666
2025-03-01T17:09:32Z,40.182784695564514,-76.01114757884135,54.57623218645826,-2.499478992476144,-18.70046952764451,-1.059425981896144,1.4582561183874472,0.06726125618407305,3.1792370717485587,0.0009999999968739253,0.001000000002589723,0.0009999999996749991,0.000999999995003906,0.0009999999926885174,0.0009999999898676506,0.0000509563774359522,0.000051001400360740764,1.1926964063082106,74.89431699061147,45.71780998445781,0.0570822839575425,0.0004264153794579854,0.0006313942556094959,0.009614834191568515,0.002370999999999831,0.0023709999999998585,0.0023709999999998585,0.0010137099999998236,0.0010137099999998056,0.0010137099999998245,-0.01420040359175027,9.786841049827895,-0.5583681545323325,0.006147117878142855,-0.0016312269554902455,-0.0005011270408134962,-11.414625415802002,-20.024063243865967,-10.222687950134278,986.4814184570313,0.024461431183657806,25.21423331870586
2025-03-01T17:09:33Z,40.17661071677079,-76.01053955874411,55.004086532516894,-1.9014232498488217,-16.203107886907254,-0.9483567721229105,1.4658511608322444,0.06681057869007395,3.183028776899718,0.0009999999970482884,0.0010000000023718736,0.0009999999994612576,0.0009999999947572658,0.000999999992501536,0.0009999999895615526,0.00005195447917634486,0.00005200145619268966,1.257617592341758,78.46077845297647,44.709773430553035,0.061718121109043365,0.00040403596237525497,0.0006376462201021422,0.009623819274050658,0.0023719999999998317,0.0023719999999998595,0.0023719999999998595,0.0010137199999998236,0.0010137199999998053,0.0010137199999998233,-0.0047088736511239765,9.81029067738592,-0.6386473488088863,-0.0062228936225583896,0.0004253509866700611,-0.004156134660875379,-11.555250453948975,-18.176438331604004,-9.994125394821166,986.4441064453125,0.05248846141480394,23.744196060923613
2025-03-01T17:09:34Z,40.17180300847068,-76.0099195784533,55.48854384079658,-1.2081294553856805,-13.366371985492659,-0.7961542777342057,1.4803814405419562,0.06255455829187306,3.1861066294692515,0.0009999999970785563,0.0010000000022827814,0.0009999999993913523,0.0009999999951633837,0.000999999992675362,0.0009999999897245227,0.00005295309466029333,0.00005300150710764315,1.3097802056979266,82.13049654128511,43.42617630655067,0.05962254090966203,0.0003808750706711137,0.0006438874365844832,0.009631333686445944,0.002372999999999832,0.002372999999999859,0.002372999999999859,0.0010137299999998226,0.0010137299999998049,0.0010137299999998226,-0.1727732841020216,9.782114261312145,-0.10247921761184431,0.0020017494134259898,-0.00039664588972230163,-0.000013603509454152745,-9.894187860488891,-18.413063163757325,-10.148062877655029,986.4444311523438,0.0053048550913537525,23.236106843587713
2025-03-01T17:09:35Z,40.16822262580915,-76.00933665891847,55.9877209678574,-0.5023390330218162,-10.447850723414673,-0.6677297357614834,1.4922435302608186,0.059849125804599466,3.1809802380288437,0.0009999999967585714,0.0010000000022086521,0.0009999999991378663,0.0009999999951672176,0.0009999999928175416,0.0009999999898357358,0.0000539521403718804,0.00005400155587256625,1.3367844669877806,85.87270029561721,42.08616569583598,0.05287152458210971,0.000357377254939463,0.0006525229716871564,0.009639101162086536,0.002373999999999833,0.0023739999999998606,0.0023739999999998597,0.0010137399999998217,0.0010137399999998059,0.001013739999999822,-0.2947987405001463,9.730410328544878,0.3431277726559467,0.0015961752359925563,-0.007953677365963637,-0.0016108648351394808,-9.683250389099122,-18.200813274383545,-10.589062881469726,986.44556640625,-0.03826555808047524,23.176730429080603
2025-03-01T17:09:36Z,40.1656996347305,-76.00883903924922,56.391981765815444,-0.10729170408339217,-8.760643813884915,-0.6170260603574169,1.5021314362884965,0.05122683505427402,3.175124731547649,0.0009999999969670626,0.0010000000019367813,0.000999999998842915,0.0009999999952693343,0.0009999999928805982,0.0009999999901091161,0.000054951513594057504,0.000055001604928535856,1.3437878362015334,89.76127455021776,40.827848275223154,0.05020415085881354,0.0003365026899739678,0.0006616265372879713,0.009645348890416938,0.0023749999999998343,0.0023749999999998616,0.002374999999999859,0.0010137499999998208,0.0010137499999998065,0.0010137499999998208,-0.0619189103493023,9.749752261425373,-0.35607919008711586,0.0017113385662789764,-0.008548185871205023,0.005083612399106924,-10.090125389099121,-19.714125843048095,-9.298500356674195,986.4660766601562,-0.0229198069936378,24.019097609598813
2025-03-01T17:09:37Z,40.16384144266142,-76.00839859390743,56.74090876312099,0.24963284336653013,-7.236261117805752,-0.5451854516269466,1.5056002054240345,0.053055428350821894,3.1724454061856218,0.0009999999969632258,0.0010000000019079684,0.0009999999988172727,0.000999999995341623,0.0009999999929433466,0.0009999999900882327,0.000055951125988324015,0.000056001655842650636,1.3389457174209376,93.76955633930582,39.75558101688589,0.0460973906263415,0.0003203314077481996,0.0006699903630527544,0.009654753509963117,0.002375999999999834,0.0023759999999998617,0.0023759999999998574,0.0010137599999998216,0.0010137599999998073,0.0010137599999998216,-0.10165807259027854,9.771287670769343,-0.15621442851246423,-0.0035147268064743657,-0.004257945301846838,-0.004614283327677356,-12.969375534057617,-18.54375082015991,-9.965625371932983,986.4649853515625,-0.006469751058942364,24.726232350658236
2025-03-01T17:09:38Z,40.16234393542493,-76.00797149738187,57.13126752713489,0.6333763916025932,-5.866063875096581,-0.46420773640363844,1.5124093642677068,0.047887112421035855,3.1749657414574286,0.0009999999970313163,0.0010000000019788299,0.0009999999987199252,0.0009999999952574697,0.000999999992722462,0.0009999999900828184,0.000056950902203236925,0.00005700170994647111,1.3237390189215548,97.90620258989932,38.9069128811386,0.042155989570614234,0.00030902255146114443,0.0006767940459635074,0.009662746272975482,0.0023769999999998324,0.0023769999999998627,0.0023769999999998584,0.0010137699999998224,0.001013769999999808,0.0010137699999998224,-0.14058132164249132,9.785126200356165,-0.15896617742820027,0.00023191032403635558,0.0006798781971000352,0.0028688104019742562,-11.49693790435791,-18.25818817138672,-9.924000387191773,986.4273999023437,0.007742326555123073,23.749197475331147
2025-03-01T17:09:39Z,40.161169503552095,-76.00758191723286,57.51244460919112,0.9817959168145264,-4.7203037449289065,-0.4156501894215503,1.5172488878068606,0.04500199627833024,3.175983549723838,0.0009999999968450793,0.0010000000017650339,0.0009999999987208282,0.0009999999951031521,0.0009999999927230111,0.0009999999898269332,0.000057950786599509757,0.000058001768090130774,1.3015291433062388,102.15588632382658,38.285037513341784,0.03853530720934081,0.0003004598372363053,0.0006841473682014207,0.009671522513544304,0.0023779999999998334,0.002377999999999862,0.002377999999999859,0.0010137799999998223,0.0010137799999998085,0.0010137799999998226,-0.1193858788466227,9.76442302428501,-0.16375116390435906,-0.0007922059630242038,-0.00040666011412810626,0.0007274453205401209,-11.999062948226928,-19.794750785827638,-8.932500352859497,986.4027783203124,-0.013284884881814438,24.811221357720417
2025-03-01T17:09:40Z,40.160208264452976,-76.00722181048046,57.90513053373885,1.23337754258234,-3.8084391593712215,-0.32950326049749445,1.522360053231884,0.039835898935470584,3.174794766442931,0.0009999999968447297,0.0010000000017649567,0.0009999999988342281,0.0009999999952751619,0.0009999999928153292,0.0009999999900048749,0.00005895074133311342,0.00005900183081315959,1.2755596103581732,106.55526306840264,37.89145165610467,0.035674959161182636,0.0002937839977072953,0.0006923256186664927,0.009679950761441763,0.0023789999999998335,0.002378999999999861,0.0023789999999998595,0.0010137899999998214,0.0010137899999998073,0.0010137899999998214,-0.018028919045452427,9.817030452726506,-0.22516760230619445,0.0002319106550883669,-0.0025067997393382006,0.0030520698515914837,-12.333562936782837,-19.860750732421874,-9.1486878490448,986.3698168945313,0.03971784407268503,25.105021932440426
2025-03-01T17:09:41Z,40.32694606944997,-75.99503625966004,60.989836224754576,-1.1694489163734754,-10.523814243369058,-0.039283833524864614,1.5271812487739624,0.03789320685192655,3.1593724410207,0.0009999999970834658,0.0010000000018424294,0.0009999999993054187,0.000999999994935283,0.000999999993215115,0.000999999989897684,3.070201230145594e-10,3.0702018993124434e-10,0.5966287690557585,0.0019065442841604513,0.0019064433859414915,0.01700109934047316,0.00015362074924970499,0.00018788813554957158,0.009623034669793135,0.0023799999999998345,0.0023799999999998614,0.0023799999999998605,0.001013799999999822,0.0010137999999998077,0.001013799999999822,-0.05097469340975251,9.813730839649374,-0.1962700146813441,0.0007900338642156993,-0.0004066598291465562,-0.00012375954390620478,-11.635500411987305,-18.950625820159914,-9.360750370025634,986.3681518554688,0.03664504033275723,24.12741748085208
2025-03-01T17:09:42Z,40.32689106527462,-75.99516305943644,60.875018716249,-1.4552882463465024,-10.999991326462961,-0.0336048784806948,1.5277598779890862,0.03897126108177841,3.157902086832364,0.000999999997291358,0.0010000000019489154,0.0009999999992046102,0.000999999994961413,0.000999999993181825,0.0009999999898628652,1.0003070202478298e-6,1.000307020427702e-6,0.648798028594058,0.019861018144391236,0.017787851848148326,0.017715091568628508,0.00016225463868292463,0.0001976575400598949,0.009632861354762675,0.0023809999999998355,0.0023809999999998624,0.002380999999999861,0.0010138099999998224,0.001013809999999808,0.0010138099999998224,-0.0822762093468275,9.834657612480864,-0.04335296104189089,0.0008936807667784758,-0.0016414080776023816,-0.0010203622263377208,-11.328750400543212,-19.10737575531006,-9.645750379562378,986.367822265625,0.05596791894896828,24.217151424416805
2025-03-01T17:09:43Z,40.32683352054916,-75.99529429356075,60.80593157793521,-1.6858656233687912,-11.274076899173355,-0.09303282965514825,1.528318271083198,0.050489042991669945,3.155840353594348,0.0009999999971342778,0.0010000000020935667,0.0009999999993649882,0.0009999999948605255,0.0009999999933540012,0.0009999999895918454,2.000307021273423e-6,2.000307022928395e-6,0.6999807972291924,0.07154754739227824,0.06278389823799585,0.017870957347415756,0.00017060726875482306,0.00020733996407537199,0.009644982831779982,0.002381999999999834,0.0023819999999998612,0.00238199999999986,0.0010138199999998219,0.0010138199999998076,0.0010138199999998219,-0.19972391726938848,9.749154089925725,0.14799309209317035,0.0006197929625234219,-0.0016283895973806463,-0.011589991680316427,-11.612062911987305,-19.633313217163085,-9.354375348091125,986.3148706054687,-0.026777342324112115,24.653778927195855
2025-03-01T17:09:44Z,40.32677520025088,-75.99542649384293,60.71065179466675,-1.8316318714438211,-11.172792486887383,-0.14092537249026396,1.5324708112843684,0.06136463395236138,3.149915524647661,0.000999999997219012,0.0010000000021939774,0.0009999999993094639,0.0009999999949597126,0.000999999993020398,0.0009999999891794516,3.0003070229770484e-6,3.0003070330893864e-6,0.7456160429112824,0.16116148494689564,0.13695818135226387,0.017248960920250512,0.0001785431976518969,0.0002170547466132803,0.009656704069747307,0.002382999999999833,0.00238299999999986,0.0023829999999998588,0.0010138299999998216,0.0010138299999998073,0.0010138299999998216,-0.3985615968563197,9.735003031494047,0.4973739641455596,0.004334885827127652,-0.00546949399061787,-0.011150536311529725,-10.38975040435791,-19.273313331604005,-8.940750336647033,986.3062353515625,-0.02326574234766462,23.65041486936748
2025-03-01T17:09:45Z,40.32671566687307,-75.99555629246387,60.62185692961485,-1.763750552075922,-10.900279320142065,-0.23168461254177417,1.534038944500989,0.0665828270927429,3.155795397711328,0.000999999996918917,0.0010000000023383737,0.0009999999991989607,0.000999999995129763,0.0009999999930068572,0.0009999999890122056,4.000307016841802e-6,4.000307059789552e-6,0.7819901332407425,0.29459689293716207,0.2393484329664606,0.016233293621059887,0.00018666762054801898,0.00022627135394563008,0.009667586731115963,0.0023839999999998333,0.00238399999999986,0.0023839999999998593,0.001013839999999821,0.0010138399999998066,0.0010138399999998211,-0.6843502594353761,9.662454119362227,0.624763001479899,0.0007206028862424432,0.006248929136592311,-0.005184423799205748,-9.399000368118287,-19.095000743865967,-8.366437873840333,986.2667919921874,-0.07235484728887917,22.86821397727284
2025-03-01T17:09:46Z,40.32665477778006,-75.99568405777359,60.40195757975644,-1.9606133459587598,-10.849604216321,-0.3987616358559396,1.5364844946111786,0.06687511694457705,3.145234887546699,0.000999999997075259,0.0010000000023806343,0.0009999999989996542,0.0009999999951015087,0.0009999999932978816,0.000999999988859889,5.000306969886328e-6,5.000307115015454e-6,0.8088990382339243,0.4653825773849691,0.37210282363404884,0.015697055568177534,0.0001940804111590335,0.00023603796625033024,0.00967639263217313,0.002384999999999835,0.0023849999999998595,0.002384999999999858,0.0010138499999998215,0.0010138499999998074,0.0010138499999998215,-0.43610145818903484,9.612341519087657,0.3801648782946118,0.002702741846365763,-0.010330708996010508,-0.0008547945383290106,-9.937312879562377,-19.93743818283081,-8.468062872886657,986.2967236328125,-0.14940966788126944,23.831854429192326
2025-03-01T17:09:47Z,40.32658477959183,-75.9958146685256,60.08463620600449,-2.4494939622420233,-11.44882794679178,-0.5072712791768931,1.531242160612893,0.05547987523988708,3.1282078706372887,0.0009999999972021686,0.0010000000023102902,0.0009999999988447128,0.000999999995101492,0.0009999999935249705,0.0009999999891977893,6.000306800028912e-6,6.000307215168932e-6,0.8299872987567469,0.6596431773320569,0.5395681304676251,0.01608549487409982,0.00020097594999957466,0.00024601493516707867,0.00968210129951678,0.002385999999999835,0.002385999999999861,0.002385999999999857,0.0010138599999998201,0.001013859999999808,0.0010138599999998201,-0.08941480053668802,9.711147990860148,-0.27194728411075275,-0.004797542799730502,-0.01709628746236704,0.010494439055952185,-10.934250440597534,-19.575563297271728,-8.241750345230102,986.3107348632813,-0.06371520619360295,23.889004210721524
2025-03-01T17:09:48Z,40.32649355437714,-75.99595123792434,59.76995148666432,-3.071254417250824,-12.039217395350645,-0.6063255662176081,1.5223855547209906,0.044931232550002836,3.109469572008954,0.0009999999974267535,0.0010000000023831794,0.000999999999146542,0.000999999995257628,0.000999999993517152,0.0009999999892516302,7.0003063474025625e-6,7.000307380407653e-6,0.8482259339197064,0.8956215397200731,0.7447437607696527,0.016727263429741655,0.00020781280440358767,0.000255975647456391,0.00968805658262633,0.0023869999999998354,0.00238699999999986,0.002386999999999857,0.001013869999999821,0.0010138699999998073,0.001013869999999821,0.15645558265540527,9.719822396823261,-0.23679109176022856,-0.008923717412886256,-0.01851229148779333,0.009229481605366732,-11.187750406265259,-19.596000804901124,-8.56950035572052,986.28529296875,-0.05505371894714238,24.137168020441408
2025-03-01T17:09:49Z,40.32634949941704,-75.9960914498914,59.596675042214144,-3.5525791645367377,-12.549088327517426,-0.7069408720709598,1.5260123792769869,0.04555306453780544,3.092505961589968,0.0009999999976755014,0.0010000000022022124,0.0009999999990963197,0.0009999999951294462,0.0009999999936925856,0.0009999999890541885,8.000305346642486e-6,8.00030763450334e-6,0.8642834284821904,1.1740172674779743,0.9836685339706331,0.017373781115929392,0.0002148544001665732,0.00026571477031768595,0.009696427878295251,0.002387999999999834,0.0023879999999998616,0.0023879999999998555,0.0010138799999998215,0.0010138799999998072,0.0010138799999998215,0.10117352199315062,9.687459062573911,-0.2143600136256624,0.0024310239385506773,-0.01542658975654196,-0.0024457132055352997,-11.684062976837158,-19.479375743865965,-8.802375411987304,986.1658154296875,-0.08860593680167116,24.36068008302867
2025-03-01T17:09:50Z,40.326141926584185,-75.9962322780454,59.50150005013,-3.7960813736930774,-12.685564314551662,-0.7859555803854114,1.5140254059471434,0.04114398779117091,3.0824887820858313,0.0009999999975276233,0.0010000000020195011,0.000999999999269267,0.0009999999950024048,0.0009999999934412471,0.0009999999893219394,9.000303400605577e-6,9.000308004908918e-6,0.8775440418663388,1.498896271456672,1.2513947401327457,0.01742595969304014,0.00022197963929074035,0.0002749829715061746,0.009703844407530152,0.0023889999999998327,0.0023889999999998626,0.0023889999999998543,0.0010138899999998206,0.0010138899999998063,0.0010138899999998204,-0.05970391414268322,9.668077301023189,0.1345932798400866,-0.014204859901432523,-0.008055488017793544,0.0024004805699639423,-13.720688095092774,-20.28993839263916,-8.766187891960143,986.0846020507812,-0.10975171058716317,26.01503944496485
2025-03-01T17:09:51Z,40.32584732103631,-75.9963676930565,59.50248554625257,-3.8158499169886126,-12.312990811112096,-0.8607152012622296,1.5033952552076018,0.04090767301872939,3.0743143935161075,0.0009999999973946073,0.0010000000021206737,0.0009999999995252858,0.0009999999947772878,0.000999999993467253,0.000999999989024983,0.000010000299951558106,0.000010000308522201055,0.8861835094153114,1.872294378877219,1.546877827095421,0.016744282294380637,0.0002292561689232987,0.00028396303619704463,0.009712020468278522,0.002389999999999834,0.002389999999999862,0.0023899999999998558,0.0010138999999998212,0.0010138999999998069,0.0010138999999998212,-0.16830145062454385,9.620657543493033,0.6809936821977358,-0.013620366534152014,-0.005203450817498969,-0.0022768073507570133,-13.982438068389893,-20.94375078201294,-9.295687894821167,985.9900830078125,-0.13279247732568383,26.843180614124027
2025-03-01T17:09:52Z,40.32554262982545,-75.99649807184313,59.27944410400199,-3.5492088273231692,-11.722848731097747,-0.9527422170122325,1.500900332070805,0.035585627869014064,3.072963479342736,0.0009999999969595578,0.0010000000023159118,0.0009999999997027786,0.0009999999942686205,0.0009999999936592258,0.0009999999893830587,0.000011000294238192332,0.000011000309221207518,0.888537085211312,2.299492772640972,1.866586090003051,0.015523953694545749,0.00023686750191557278,0.0002924821367255689,0.009719037579256353,0.0023909999999998325,0.002390999999999861,0.0023909999999998546,0.0010139099999998211,0.0010139099999998073,0.0010139099999998211,-0.4169922162044816,9.587678344088658,1.0133972784906404,-0.005123337204622874,0.0008834997732327053,0.0034694938923086286,-12.934125595092773,-20.5483131980896,-10.063312883377074,986.099111328125,-0.1289530844643197,26.28292914519968
2025-03-01T17:09:53Z,40.32515293828108,-75.99661889364485,59.072783449386925,-3.352622561007532,-11.063187181008978,-0.9668537886779842,1.4931447005942982,0.03304743519871193,3.067938301172155,0.0009999999970737188,0.0010000000021306386,0.0009999999995437083,0.000999999994060835,0.0009999999936710904,0.000999999989804154,0.000012000285244576784,0.000012000310142233115,0.8850402696428501,2.7843092412679136,2.232288979852882,0.014679463718778936,0.0002446555905475998,0.00030105131924007284,0.009726398180221333,0.0023919999999998335,0.002391999999999862,0.002391999999999855,0.0010139199999998206,0.001013919999999808,0.0010139199999998206,-0.257306610746536,9.659452655102024,1.0974232650431495,-0.010355743938562392,-0.002189183616838046,0.0001666516887205876,-12.765563068389893,-21.4357506942749,-9.798750400543213,986.0824096679687,-0.05412680895696023,26.80417472293854
2025-03-01T17:09:54Z,40.324637514988446,-75.99673024639588,58.92414650992873,-3.0836079120091995,-10.517601342651059,-1.036887233990248,1.4894701863791018,0.036340257225301535,3.0629073941283314,0.000999999997243213,0.001000000001918633,0.000999999999173464,0.000999999993911616,0.0009999999937674706,0.0009999999899002751,0.000013000271655046393,0.000013000311333212582,0.8779719553833005,3.3109802560142056,2.6373169775079033,0.01411487637944377,0.0002529274692672392,0.00030951847452401194,0.009734941943372176,0.002392999999999832,0.002392999999999864,0.0023929999999998544,0.00101392999999982,0.0010139299999998082,0.0010139299999998201,-0.2740609474674407,9.601317476270452,0.9974850093183635,-0.0063959725753306735,-0.001193439934787087,-0.00599891008317374,-12.489375524520874,-20.873625831604002,-9.915562906265258,986.0383862304687,-0.12229984621733118,26.268012176572736
2025-03-01T17:09:55Z,40.32411141830119,-75.99683871514142,58.576500300672016,-2.8186471512297806,-10.156920921576452,-1.102178941871682,1.4884018597905053,0.03846683687127145,3.059890230546586,0.000999999997189975,0.0010000000021586162,0.0009999999993422267,0.0009999999941400423,0.0009999999938034082,0.0009999999899116445,0.000014000251815752484,0.000014000312847262205,0.8692257320709716,3.8813246923887506,3.08785971220266,0.013697906755636702,0.00026161858402778124,0.0003178478980873318,0.009743129292643428,0.002393999999999831,0.0023939999999998624,0.0023939999999998554,0.0010139399999998197,0.001013939999999808,0.0010139399999998197,-0.32702208402741073,9.626561791735956,0.8927591412423372,-0.003199113203798708,0.00026245414374905245,-0.004369937636879116,-11.647875442504883,-20.991375789642333,-9.85893786430359,986.1504443359376,-0.10582189042097294,25.952010857451942
2025-03-01T17:09:56Z,40.323531372163345,-75.99694551038004,58.12461529270077,-2.6609459622312492,-10.002301418526871,-1.1487608274935464,1.4853471320334426,0.04613014744734879,3.0563404881388347,0.0009999999974609965,0.0010000000023131664,0.000999999999496668,0.0009999999942543693,0.0009999999940013113,0.0009999999903311048,0.000015000223727244993,0.000015000314744173348,0.8603902550346523,4.490382639819343,3.5908114941820224,0.013517681622815211,0.0002706989982988181,0.0003261865944689226,0.00975251442188963,0.002394999999999832,0.0023949999999998608,0.0023949999999998556,0.0010139499999998185,0.0010139499999998079,0.0010139499999998185,-0.27790057760800657,9.666827262250898,0.725829686225668,-0.004817905162204355,0.00005399209824109201,-0.00983751084971531,-11.626687984466553,-20.056688175201415,-9.8358753490448,986.2270092773438,-0.08121699468052725,25.183178676639418
2025-03-01T17:09:57Z,40.32287774011537,-75.99705062493516,57.603766980878504,-2.256437007779716,-9.664170422769262,-1.195497596558301,1.4900155196684557,0.04948820773702323,3.056754778718328,0.0009999999974183095,0.0010000000023823157,0.0009999999993673561,0.0009999999944957196,0.0009999999938651062,0.0009999999906248657,0.000016000184981637273,0.000016000317088677773,0.8514932545372416,5.164628757183006,4.138373026924502,0.013108545108763072,0.00028019611754992755,0.00033427929500570404,0.009761091276725196,0.0023959999999998327,0.0023959999999998618,0.002395999999999856,0.001013959999999819,0.0010139599999998083,0.001013959999999819,-0.5498736415877384,9.63964256349968,0.9393793018316295,0.0029706205929033343,0.0035611233355238763,-0.00517424279734004,-11.572875385284425,-19.886813259124757,-10.246125392913818,986.2969189453125,-0.07837180545456879,25.18724482324113
2025-03-01T17:09:58Z,40.322142359304884,-75.99715215866412,57.11003871268246,-1.7325459992528658,-9.07988015169869,-1.061179613998292,1.4956169619240751,0.04747487939414499,3.0601067318391553,0.0009999999972342564,0.001000000002423166,0.0009999999992391223,0.0009999999948064715,0.0009999999940700167,0.0009999999905034244,0.000017000132598711887,0.000017000319953766653,0.8415221133542083,5.9325393484390245,4.751107168088235,0.012735521885350817,0.00028999904164782726,0.0003422396391845561,0.009768555775945882,0.0023969999999998337,0.002396999999999861,0.002396999999999856,0.0010139699999998195,0.0010139699999998086,0.0010139699999998193,-0.6543974865883665,9.801021464361092,1.182231179343528,0.004024613344775006,0.005962356125566806,0.00045706255163043084,-12.05400047302246,-19.676625728607178,-9.919875354766846,986.359892578125,0.11439486730554839,25.117123474387565
2025-03-01T17:09:59Z,40.32118509075915,-75.99724880333751,56.792516051004355,-1.2745885009571567,-8.515206699066953,-1.0234456859804146,1.4973421935393203,0.03586720952057256,3.0539830699325994,0.0009999999970492128,0.001000000002011221,0.0009999999993104368,0.0009999999949197084,0.0009999999938602533,0.0009999999901644978,0.000018000062977844785,0.000018000323420364312,0.8311178311596832,6.75540736772539,5.419179567154929,0.01264763411743633,0.00029919650726894777,0.0003509246663537678,0.009773528525394173,0.002397999999999834,0.002397999999999861,0.002397999999999856,0.0010139799999998186,0.0010139799999998081,0.0010139799999998186,-0.4594249395228584,9.713182019231281,1.1139755870310126,0.000700239920904713,-0.003799797297617793,0.009099630816246871,-10.861312856674195,-21.08531328201294,-10.306500425338745,986.3361572265625,0.00824317067001285,25.860778515716806
2025-03-01T17:10:00Z,40.320064185306684,-75.99734418830086,56.545427227478214,-0.9272151701226405,-8.119480141480214,-0.956326118515253,1.4995640470597775,0.03297377676430293,3.044375383309276,0.0009999999971076715,0.0010000000021259134,0.0009999999994519083,0.0009999999948179592,0.0009999999939018678,0.0009999999901274853,0.00001899997201447999,0.000019000327576336612,0.8217944424909012,7.631571810636177,6.1520039253107806,0.012703149028406573,0.00030855648194318553,0.00035996155743618787,0.009780639392030329,0.0023989999999998344,0.002398999999999862,0.002398999999999856,0.001013989999999819,0.0010139899999998085,0.001013989999999819,-0.2677801138900148,9.761088775632754,0.9545207613679285,0.0016011823910540464,-0.00655536450994304,0.0001766657644578706,-12.511875495910644,-20.09325065612793,-9.349125385284424,986.3478759765625,0.03186244363599514,25.449740647859954
2025-03-01T17:10:01Z,40.31879677743748,-75.99744185364281,56.35932626557771,-0.5794781014440662,-7.957036314982074,-0.8952945928497519,1.5053048926807597,0.02797501786235017,3.0327400583338338,0.0009999999970384404,0.0010000000019847748,0.0009999999991676931,0.0009999999943770931,0.0009999999937173592,0.000999999990392416,0.00001999985523304163,0.000020000332513522252,0.8142828370507826,8.549139043730902,6.946837199254867,0.012691022546358979,0.00031784520442174703,0.00036922913628218627,0.009787287180415247,0.0023999999999998337,0.002399999999999861,0.0023999999999998554,0.0010139999999998189,0.0010139999999998082,0.0010139999999998189,-0.23800908828858386,9.772284657794097,0.7289305406288137,0.005485347555854832,-0.008747801907160797,0.0022274022409076396,-11.529375429153442,-20.687063217163086,-9.451125416755676,986.3665307617188,0.02286466976861641,25.499063751406844
2025-03-01T17:10:02Z,40.31733419143624,-75.99754405297008,56.20515761405563,-0.1753650696929241,-7.742218136655046,-0.93183363030872,1.5050919535419451,0.04107298409349005,3.02717518875353,0.000999999996827844,0.0010000000022269127,0.0009999999995651421,0.0009999999947752085,0.0009999999937885446,0.000999999990460158,0.000020999707767116108,0.000021000338325628383,0.8084012337513421,9.533125241508891,7.795787837978615,0.012740348549991417,0.0003280068767699756,0.00037814926566487447,0.009798398690380723,0.0024009999999998325,0.00240099999999986,0.0024009999999998546,0.0010140099999998184,0.0010140099999998075,0.0010140099999998184,-0.30034211650877574,9.665923729576669,0.8004759457678475,-0.0003382297865696703,-0.0014377862278720328,-0.015416408754280391,-12.324562997817994,-21.140625801086426,-9.181687870025634,986.3680029296875,-0.0758199742923317,26.136595755738913
2025-03-01T17:10:03Z,40.3155738319161,-75.9976530417854,56.079432079497856,0.46533844486867804,-7.575955883583185,-0.9594962970351406,1.5083532803415045,0.04496496935357235,3.025984953207191,0.0009999999970146183,0.0010000000020568695,0.0009999999998035205,0.0009999999950289112,0.0009999999940914527,0.0009999999900486645,0.000021999524175416177,0.000022000345107544632,0.8035645554927892,10.585934286679098,8.707749763779612,0.012717901789954909,0.000338312036413505,0.0003868528640537837,0.009807634795624255,0.002401999999999834,0.0024019999999998587,0.002401999999999856,0.0010140199999998174,0.0010140199999998066,0.0010140199999998174,-0.5826912631525953,9.657334474092352,0.8171099853192637,0.0033035926670174133,0.002517479523901332,-0.006022109312973397,-11.843812885284423,-20.861438274383545,-9.00750039577484,986.3405737304688,-0.07015845875067482,25.62436261518204
2025-03-01T17:10:04Z,40.313523692255515,-75.99777049702625,55.97788665013381,1.2106355706349352,-7.2231053887656405,-0.9666802616990421,1.505471971114385,0.04338991628704311,3.0242477744257874,0.00099999999732694,0.0010000000021854897,0.000999999999516701,0.000999999994954641,0.0009999999938547037,0.0009999999898789504,0.00002299929822197532,0.000023000352957262294,0.7994835127623162,11.752494652934026,9.686892098831212,0.012996699628079353,0.00034836077925968855,0.00039574057943864637,0.009815687800397849,0.0024029999999998324,0.00240299999999986,0.0024029999999998545,0.0010140299999998183,0.0010140299999998057,0.0010140299999998183,-0.6572714866643099,9.653441086449156,1.0879735832812365,-0.0023948078916057394,0.001687804785179206,-0.0005520321218085715,-11.743500442504883,-21.06018829345703,-9.438000364303589,986.3224072265625,-0.04277201518234922,25.894295559179543
2025-03-01T17:10:05Z,40.31122992357966,-75.99789833447275,55.930590374861545,1.8726340901932712,-7.047965196761173,-0.8763127528523573,1.5047526483500482,0.04400297394657328,3.0220630817202774,0.0009999999970708281,0.0010000000019734355,0.0009999999997281515,0.0009999999951073328,0.0009999999942220726,0.0009999999902347736,0.00002399902315204794,0.00002400036197290926,0.7966787455862986,12.999340801396162,10.740484050479651,0.013325750154288598,0.0003582846873499751,0.0004048476012316158,0.009824408854742108,0.002403999999999831,0.002403999999999861,0.002403999999999856,0.001014039999999819,0.0010140399999998048,0.001014039999999819,-0.602736059928785,9.755910840016664,1.0183424400740906,0.0002793100516183889,0.0012857358970119247,-0.002577232803448429,-11.972438020706177,-20.48306327819824,-8.797500348091125,986.3172509765625,0.04785851182020885,25.30392428295659
2025-03-01T17:10:06Z,40.308558541037364,-75.99804454859846,55.99254571531679,2.3866422640386906,-7.283321688967927,-0.8597081520272047,1.499742951325863,0.04644315473411636,3.0163117223944,0.0009999999969586184,0.0010000000017076148,0.0010000000000077974,0.0009999999948772285,0.0009999999937999533,0.0009999999902637734,0.0000249986924316487,0.0000250003722547663,0.7953469283455084,14.267102648350715,11.845033050859296,0.013307123452128975,0.00036781552071506006,0.0004143675912304629,0.00983365390192844,0.0024049999999998305,0.002404999999999862,0.002404999999999856,0.0010140499999998192,0.001014049999999805,0.0010140499999998194,-0.5133432098392907,9.699024429955099,0.7251020333198445,-0.00330092402097137,-0.002109737485525123,-0.004502291442354986,-11.844937953948975,-21.27731315612793,-8.978812861442567,986.2724462890625,-0.039903517097411884,25.954634319955243
2025-03-01T17:10:07Z,40.30565128541734,-75.99820973485619,56.075226198798134,2.8001258599539818,-7.7880550720073325,-0.8355295363205582,1.5057761078851297,0.04634215609308278,3.007337948795679,0.0009999999966782602,0.0010000000020089638,0.0009999999999744957,0.0009999999946641237,0.0009999999940840337,0.0009999999902096735,0.000025998300023698228,0.000026000383913939188,0.7948015592883511,15.583338855221346,13.009432583219532,0.013058774056651776,0.00037682472343926243,0.0004242570064262799,0.00984231276373502,0.0024059999999998306,0.002405999999999863,0.0024059999999998566,0.001014059999999818,0.0010140599999998038,0.001014059999999819,-0.4945196671526888,9.7204002529763,0.5308845921195966,0.008264782244068443,-0.005724021133354638,-0.0019366594545659334,-11.384062852859497,-20.288625679016114,-8.1718128490448,986.2619946289062,-0.03203855929663029,24.65768092541612
2025-03-01T17:10:08Z,40.30266890031595,-75.99838976992046,56.13180368842637,3.1205100969895283,-8.510695476397775,-0.8148282831756797,1.5039437651579162,0.03794575003862993,3.0030225028971405,0.000999999996541733,0.00100000000193805,0.0010000000001976089,0.0009999999944957391,0.0009999999938932328,0.0009999999901510587,0.000026997840151856714,0.00002700039708629237,0.7940335908152617,16.947984974879287,14.235600583220242,0.012678719401354321,0.0003857046886443568,0.00043399308283918655,0.009849299847926497,0.0024069999999998294,0.002406999999999862,0.0024069999999998567,0.0010140699999998182,0.0010140699999998041,0.001014069999999819,-0.45367497120306677,9.736925169895853,0.3280327280668461,0.00026929660326955,-0.00206901314556163,0.006966277585326696,-11.979375438690186,-21.084375820159913,-8.298937892913818,986.286357421875,-0.026392775476462446,25.630569541050367
2025-03-01T17:10:09Z,40.299010791129284,-75.99860011216889,56.340891274830426,3.551426330129642,-9.289435182721958,-0.7759466124675588,1.4990915196801964,0.02601607015770156,3.0051012600069766,0.000999999996463802,0.0010000000018848545,0.0010000000000189673,0.0009999999944433164,0.0009999999938334365,0.0009999999898085156,0.00002799730658785146,0.000028000411934627014,0.7924568019073781,18.4021472436274,15.533618924607133,0.012472047682851949,0.0003949368320873846,0.00044343921121551747,0.009855935893709958,0.0024079999999998282,0.0024079999999998616,0.0024079999999998556,0.0010140799999998193,0.001014079999999805,0.0010140799999998193,-0.4781288365711955,9.740539907453506,0.41020657126089044,-0.002659516300740501,0.004049815423306235,0.011064579383540154,-13.61700065612793,-20.600438270568848,-8.425875329971314,986.18068359375,-0.018424290464885907,26.09201941452756
2025-03-01T17:10:10Z,40.29487793895301,-75.99883164602367,56.65813919886827,3.887326295970206,-10.101583946407532,-0.7023355997067671,1.4954578802691372,0.028113230786889543,3.0112167827557794,0.0009999999962028313,0.001000000001944016,0.0010000000000985167,0.0009999999945321286,0.0009999999938120016,0.0009999999898046216,0.000028996692435440324,0.000029000428646681314,0.7902182116716568,19.944180004588993,16.909017666802484,0.012373778191820287,0.0004048265315682089,0.0004527471957167162,0.009866075267196161,0.002408999999999828,0.002408999999999861,0.002408999999999855,0.0010140899999998183,0.0010140899999998058,0.0010140899999998183,-0.39675717426849294,9.773915898430612,0.44037770951280886,-0.0015332548879094178,0.008746297686725645,-0.002306849943881978,-13.845375518798829,-20.273625755310057,-8.87156283378601,986.1074926757813,0.012645394258806678,26.103951593078122
2025-03-01T17:10:11Z,40.290656779668225,-75.99906899629676,56.9615399000049,4.116913758825433,-10.629443774596108,-0.7049803537312676,1.4869246067397124,0.03023009648288254,3.005946569640804,0.0009999999962529245,0.0010000000019578371,0.000999999999983084,0.000999999994604069,0.0009999999936807708,0.000999999989432289,0.000029995990605921913,0.000030000447416029692,0.7880029862817264,21.60206695632567,18.351734123044142,0.012383020259486788,0.0004140915215624961,0.00046286959282695016,0.009876167323183839,0.002409999999999829,0.002409999999999862,0.0024099999999998567,0.0010140999999998176,0.0010140999999998061,0.0010140999999998174,-0.3667030671253702,9.681596715289396,0.7278936554142842,-0.006436696826522778,-0.003148207804441781,-0.0028122317186893174,-14.25206316947937,-20.91375072479248,-8.51306282043457,986.1018530273437,-0.06332749842401061,26.701606484187092
2025-03-01T17:10:12Z,40.28660612074856,-75.99930226577823,57.178568687401636,4.31453573006893,-10.83358307709121,-0.6721019411825438,1.4847522655117396,0.034852307506093395,2.994319882606872,0.0009999999962843427,0.001000000002196186,0.001000000000069568,0.0009999999947303358,0.0009999999936508312,0.00099999998932169,0.00003099519409255398,0.00003100046842174716,0.7865812846635243,23.40311696714417,19.883955124875424,0.012464442007340846,0.00042309250815225337,0.00047344227781031964,0.009886785360365656,0.0024109999999998273,0.0024109999999998603,0.002410999999999855,0.0010141099999998171,0.0010141099999998056,0.0010141099999998163,-0.42090048940850106,9.697349444069495,1.0462587165733348,-0.00021138351243562648,-0.009830000502684896,-0.005561457520500949,-12.478875522613526,-20.350500717163087,-8.293500351905823,986.1414599609375,-0.016444599226458266,25.2714222811622
2025-03-01T17:10:13Z,40.28257128967216,-75.99953570794536,57.31151043590409,4.160722117554032,-11.591750564303025,-0.7593311404993944,1.4872882073940605,0.04276496393884068,2.9822254239280723,0.000999999996216173,0.0010000000019383972,0.000999999999984562,0.0009999999949545986,0.0009999999936828447,0.0009999999892588065,0.00003199429664613945,0.00003200049187568799,0.7853714298729213,25.15203645029174,21.46756466265462,0.01236761280461642,0.0004322866472508006,0.0004840516625572066,0.009898161629257047,0.0024119999999998266,0.0024119999999998596,0.0024119999999998544,0.0010141199999998164,0.0010141199999998047,0.0010141199999998156,-0.2861381611621989,9.64250672236989,0.3884024680627456,0.0042941613376431,-0.010427679816586237,-0.008666352886486253,-11.663437900543213,-20.578500747680664,-7.64756281375885,986.1623876953125,-0.12450003836913406,24.85946817761832
2025-03-01T17:10:14Z,40.27801208929118,-75.99977984811642,57.45126115121978,4.036394179448845,-12.381308096506277,-0.7712191105477655,1.4865632607920376,0.03955377254793205,2.9789127889531333,0.000999999996322122,0.001000000002024795,0.001000000000065528,0.0009999999947117493,0.0009999999934927595,0.000999999989039982,0.000032993292012223864,0.00003300051805403181,0.7837590738778079,26.984064139862777,23.15546417095775,0.012554516284327034,0.00044178717095322745,0.0004941187418877375,0.009907255916668656,0.002412999999999826,0.002412999999999859,0.0024129999999998536,0.0010141299999998168,0.0010141299999998036,0.001014129999999816,-0.4130440539245219,9.714577721593825,0.3151716296803361,0.00040498897036572224,-0.0029038618323861997,0.003367683091619919,-11.734500408172607,-20.234250831604005,-8.467875394821167,986.107470703125,-0.050520807327947954,24.876209177804455
2025-03-01T17:10:15Z,40.27295295852369,-76.00002490920663,57.652285312803976,3.8727152909667466,-12.880174174742246,-0.72819794768065,1.4787101520219785,0.017215679633912486,2.9751206466354985,0.0009999999964399832,0.0010000000019544668,0.0010000000000609888,0.0009999999944724051,0.0009999999936580993,0.000999999989010904,0.00003399217379117244,0.00003400054724305329,0.7825027741091941,28.949063835414933,24.945484685299633,0.012797962257889619,0.0004509385167640416,0.0005042030030777705,0.00991235881838014,0.002413999999999827,0.0024139999999998603,0.0024139999999998546,0.0010141399999998167,0.0010141399999998033,0.0010141399999998165,-0.275115486280582,9.751399757258158,0.5495061159367766,-0.0072413354817526514,-0.005423762794916668,0.022568364924672762,-11.80087550163269,-19.450313110351562,-7.791750330924987,986.0523974609375,-0.008184017552960445,24.04754173231282
2025-03-01T17:10:16Z,40.267778838348484,-76.00025563119766,57.85791606807633,3.6988791490427055,-13.225690207457204,-0.7078325089581906,1.4678342775316846,0.011244167831418878,2.973066537411892,0.0009999999967923773,0.0010000000017567777,0.001000000000229195,0.0009999999946165938,0.000999999993871253,0.0009999999892760308,0.00003499093636924856,0.00003500057970852369,0.7822280827448361,30.999747036250298,26.824212086466922,0.013129768765314555,0.0004607064129577887,0.0005141639544953918,0.009921077546344395,0.002414999999999828,0.002414999999999861,0.0024149999999998556,0.0010141499999998173,0.001014149999999803,0.001014149999999817,-0.1642702530015671,9.726940686541827,0.6511638125180589,-0.01096727777557894,-0.002659516347439121,0.006513637378799673,-14.379000606536865,-21.135375785827637,-9.626812882423401,986.0456518554688,-0.028794780305030063,27.31542620279249
2025-03-01T17:10:17Z,40.262496476542395,-76.00046640059627,58.062165265049515,3.493641013345686,-13.421295826997369,-0.6834922397968659,1.482113110257673,0.009745834288429527,2.974682480136963,0.0009999999969144357,0.0010000000016321205,0.0010000000001979675,0.0009999999944479395,0.0009999999938768544,0.0009999999895326823,0.00003598957533631531,0.000036000615700703225,0.783261960448989,33.13964584068179,28.789977021812323,0.013549259335004024,0.00047065234334132163,0.0005238786043446325,0.009930670620986041,0.002415999999999829,0.002415999999999862,0.002415999999999856,0.0010141599999998181,0.0010141599999998038,0.001014159999999818,-0.12931021179735028,9.73480694980133,0.6239189787832102,0.01348801027759915,0.0011255089538999752,0.0025199832037976957,-14.100938081741333,-21.549375820159913,-8.564625334739684,986.0379345703125,-0.02323212332780238,27.139677458180245
2025-03-01T17:10:18Z,40.25723378491003,-76.00065120457184,58.13288423432193,3.1941353743299614,-13.435941238217083,-0.8951740426990642,1.4753956532581398,0.012070692979558482,2.9710881776463443,0.0009999999969927938,0.0010000000015501524,0.0009999999999570721,0.0009999999942668454,0.000999999993791436,0.0009999999898203163,0.000036988088626584735,0.00003700065542932433,0.7857877516218498,35.31877199567162,30.777719734115212,0.013987186943955343,0.00048005989217645204,0.0005338805676026429,0.009940933491788243,0.002416999999999828,0.0024169999999998615,0.002416999999999856,0.0010141699999998185,0.0010141699999998042,0.0010141699999998183,-0.049534413113588055,9.505365331012365,0.5666174071925886,-0.008086031730943532,-0.003952513007222361,-0.0017228565084227657,-14.680500621795654,-20.97581329345703,-8.574750342369079,986.0577392578125,-0.2565002876660493,27.00047095867831
2025-03-01T17:10:19Z,40.251655834262344,-76.00080654060352,58.15591317637518,2.9476968914830413,-13.086994346554642,-0.8186673524615612,1.4764256632036266,0.0033963125512347847,2.96415347007826,0.0009999999968049844,0.0010000000015124527,0.000999999999744836,0.0009999999946107166,0.000999999993670975,0.0009999999899363912,0.00003798647678150243,0.00003800069908157209,0.7896322053106131,37.69312704408295,32.89403838321739,0.014144625426861068,0.0004887884096498038,0.0005440538624845819,0.009949085555727369,0.002417999999999828,0.0024179999999998612,0.002417999999999855,0.0010141799999998174,0.0010141799999998033,0.0010141799999998174,-0.05950450867719111,9.770011503535946,0.8062187233251018,-0.0010101812592186732,-0.008544179914208992,0.008977458656545437,-13.909688053131104,-21.141750774383546,-9.119625363349915,986.0449072265625,0.02449551851431879,26.90014630856541
2025-03-01T17:10:20Z,40.245590310226625,-76.00092418945287,58.16443755131324,2.4844614154348417,-12.914068217736505,-1.0220535355888765,1.48250196107471,0.003356538343700883,2.9609032617464264,0.0009999999967198556,0.001000000001461542,0.0009999999997173758,0.0009999999946394746,0.0009999999937562404,0.0009999999897166124,0.00003898474378686083,0.000039000746800981,0.7950559875359291,40.015617437321346,34.9810133226083,0.015161058705794777,0.0004971999670365505,0.0005540092526727255,0.009958809309925671,0.0024189999999998284,0.0024189999999998614,0.0024189999999998557,0.0010141899999998182,0.0010141899999998039,0.0010141899999998182,0.12338755435425218,9.52886726604373,0.3052812986893108,0.0031533797206889664,-0.004262117666687942,0.0007975447322951727,-14.668875560760497,-20.745000743865965,-8.322187809944152,986.016083984375,-0.2443679750186775,26.735501680208085
2025-03-01T17:10:21Z,40.23879032691598,-76.00098945054776,58.21177966151738,1.9215648009703163,-12.102192624300596,-0.9213256435147628,1.4964374671323804,0.007175365306964431,2.9473271494867768,0.000999999996552777,0.0010000000012013036,0.000999999999420546,0.0009999999947108956,0.0009999999940718445,0.0009999999898955836,0.000039982898991395857,0.00004000079866164588,0.8022831536638675,42.57776280777124,37.15614014217208,0.015628652419129533,0.0005042406953126229,0.0005645627861847885,0.009969122407249337,0.0024199999999998294,0.0024199999999998624,0.002419999999999857,0.001014199999999817,0.0010141999999998047,0.0010141999999998188,0.29682665496399196,9.800799138385583,0.5335166994416809,0.00996502239575841,-0.014408481595071477,-0.0038812457680275046,-14.694938097000122,-19.09931324005127,-8.395312876701356,985.9583764648437,0.04078753600323607,25.518692139816544
2025-03-01T17:10:22Z,40.23171379692575,-76.0010011644828,58.32395645645352,1.7737778462926064,-10.510516253356805,-0.9387736161582563,1.4899378922169344,0.015119394604096312,2.935006350157286,0.0009999999964712583,0.001000000001421098,0.000999999999497687,0.0009999999946529812,0.0009999999941510814,0.000999999989592201,0.00004098095162672896,0.00004100085479621302,0.8089096291463301,45.322719822497994,39.34109286286552,0.01470156908253981,0.0005106986992008938,0.0005750725615773026,0.009980097972737474,0.0024209999999998304,0.0024209999999998634,0.002420999999999859,0.0010142099999998178,0.0010142099999998035,0.001014209999999818,0.031165812362440214,9.634112215259789,1.1000906798618182,-0.011106807557889994,-0.012844267563683936,-0.008065001702839632,-14.658563098907472,-19.816688327789308,-8.750812864303589,985.9371484375,-0.08241371159913369,26.156235732583287
2025-03-01T17:10:23Z,40.22392605481437,-76.0009543024404,58.47621426246775,1.7242031373480327,-8.96816098480116,-1.010656414299595,1.4992276136275766,0.02621937428455019,2.927382463327894,0.0009999999964916773,0.0010000000014284162,0.000999999999471946,0.000999999994639775,0.000999999994143138,0.0009999999897808104,0.0000419789067238691,0.00004200091541118464,0.8135739713849763,48.099978445692,41.54102776127768,0.014463759727350027,0.0005170587184856704,0.000585374772151307,0.009991623748882432,0.002421999999999832,0.002421999999999865,0.002421999999999859,0.001014219999999818,0.0010142199999998037,0.0010142199999998189,-0.10911570630987273,9.59521579646922,0.791821901292111,0.003948004244469407,-0.007933314958559135,-0.011079268761689033,-14.631563138961791,-20.626500797271728,-8.0208753156662,985.8702197265625,-0.1508972626941231,26.530490222163124
2025-03-01T17:10:24Z,40.21579770186273,-76.00085785864871,58.633743101835016,1.7325481442881958,-7.362575075696144,-0.9869729558742981,1.5044900196391215,0.030071996175346307,2.9247388038470086,0.00099999999681924,0.0010000000016578553,0.0009999999997714723,0.0009999999945837599,0.0009999999939825704,0.000999999989993454,0.00004297676924629616,0.00004300098072269898,0.817360946106098,50.98969591874247,43.79813601974791,0.01446323841573576,0.0005231832837359642,0.0005954588871615226,0.010002108454106673,0.0024229999999998324,0.0024229999999998654,0.0024229999999998597,0.0010142299999998188,0.0010142299999998045,0.0010142299999998188,-0.13204692478313385,9.701058370906674,0.6249624060403869,-0.000571893805646188,-0.003430941002907347,-0.0037989626733198494,-14.394938106536864,-20.350500621795653,-7.846312818527221,985.837158203125,-0.057457097496046224,26.13272048280693
2025-03-01T17:10:25Z,40.20718597975142,-76.00070877511901,58.87593068983059,1.7135879051061491,-5.567422289825223,-0.9413134937330303,1.5063017712797822,0.03412656615197638,2.916251307493057,0.0009999999968737991,0.0010000000018836627,0.000999999999824559,0.0009999999944169007,0.0009999999940076706,0.000999999989643371,0.00004397454548661988,0.00004400105097571153,0.8207300427254807,53.990707468370196,46.09481800201284,0.014690314394320949,0.0005287905811321425,0.0006058066851331004,0.01001261984540107,0.002423999999999833,0.002423999999999866,0.0024239999999998603,0.0010142399999998192,0.0010142399999998049,0.0010142399999998192,0.038226599162968666,9.72731461077665,0.5746895950096883,-0.004288489049899102,-0.009043053740206013,-0.004858629258257693,-14.398688068389893,-20.22993829727173,-7.800375294685364,985.7808154296876,-0.03536716079261966,26.027213136786095
2025-03-01T17:10:26Z,40.1984680935381,-76.00051258334179,59.0481079271251,2.179854048088039,-4.090377494362484,-1.1262860640299326,1.5036786347137097,0.03354026302277619,2.9334792256395135,0.000999999997052817,0.0010000000018355372,0.0010000000000329006,0.0009999999945335873,0.0009999999939708248,0.0009999999898000422,0.000044972245590277656,0.000045001126289473784,0.82514355023115,56.91825336350736,48.37738532059132,0.015272922975890214,0.0005351266522931207,0.0006148552093164539,0.010023079832029718,0.002424999999999832,0.0024249999999998643,0.0024249999999998587,0.0010142499999998187,0.0010142499999998044,0.0010142499999998187,-0.3472015585321715,9.505006471314136,0.22264915570572177,-0.00983717730393496,0.016592906321492865,0.0008733187798600078,-14.162438106536865,-20.036625804901124,-7.765687861442566,985.7648559570313,-0.2659294796223807,25.736050823020186
2025-03-01T17:10:27Z,40.18939616239717,-76.00025303400137,59.24875657441771,2.577869279414118,-2.17680346944733,-0.9668715306773539,1.508224870053443,0.028785416924484372,2.929737883554309,0.0009999999968645075,0.0010000000019032538,0.0009999999996314155,0.000999999994564048,0.0009999999940809691,0.0009999999895914538,0.00004596988469075653,0.00004600120673046392,0.8311483973442398,60.09121589818536,50.7701474291694,0.01587710414754689,0.0005398371101137847,0.000624756774281738,0.010032498289040598,0.002425999999999831,0.002425999999999863,0.002425999999999857,0.001014259999999818,0.0010142599999998039,0.0010142599999998182,0.01959397019252052,9.842091691124752,0.42747216440758384,-0.0025246580936195482,-0.004282146430728554,0.0030006641453968674,-14.59425061225891,-19.501875705718994,-8.542875390052796,985.72169921875,0.07129767680954195,25.812659618517674
2025-03-01T17:10:28Z,40.180061795487,-75.99992624458866,59.52048125887793,3.150303547307857,-0.1357624020974133,-1.05465170727453,1.5118577471304793,0.028031903290202317,2.919203313095054,0.0009999999972007667,0.0010000000019695884,0.0009999999998855748,0.000999999994860572,0.0009999999938800539,0.0009999999896615134,0.000046967482167823456,0.000047001292429547434,0.8386911133873314,63.22949667118764,53.11275705297593,0.016919866345055733,0.000543787095446819,0.0006347242253703164,0.01004261783698651,0.002426999999999833,0.0024269999999998616,0.002426999999999856,0.0010142699999998186,0.0010142699999998045,0.0010142699999998186,0.17180167631808052,9.597768210409168,0.3095484982800941,-0.003820158633788294,-0.010376774579770386,-0.002160642567528177,-14.5291881275177,-19.314375762939452,-8.23725034713745,985.675615234375,-0.1760240714584064,25.53413617781271
2025-03-01T17:10:29Z,40.171126081927596,-75.99955068274583,59.68959590623664,3.9581141677888265,1.7303687380023578,-1.08355767494537,1.511263386464052,0.021173267834191975,2.906980797004223,0.000999999997304404,0.0010000000019055565,0.0010000000001230166,0.0009999999946574503,0.000999999994115572,0.0009999999894025682,0.00004796506797214901,0.00004800138338025236,0.8494629365171332,66.36241284139852,55.4906164136898,0.018729704135131496,0.0005467022911830098,0.0006442955983113726,0.010051859684100602,0.002427999999999832,0.00242799999999986,0.0024279999999998548,0.0010142799999998187,0.0010142799999998046,0.001014279999999819,0.2220032306864269,9.669023902515882,0.08623996170487278,-0.008212710618932723,-0.011922963459596671,0.003090790859013689,-14.432625617980957,-19.430063228607178,-8.4127503490448,985.6928491210938,-0.10857214841927032,25.624203345754058
2025-03-01T17:10:30Z,40.162054480452696,-75.99909211233096,59.89115098471244,5.59440486494472,3.727617662795655,-1.0795368806223622,1.5111257282064068,0.02208578638796651,2.919448468838844,0.0009999999975487906,0.0010000000018320946,0.0010000000001419895,0.0009999999945735233,0.0009999999938231365,0.0009999999895847738,0.000048962678938819746,0.00004900147939698,0.8637142974210735,69.47141473404886,57.88294702686338,0.019595723321381205,0.0005502795236035235,0.0006517322940294161,0.010062856386402806,0.002428999999999833,0.0024289999999998605,0.0024289999999998566,0.0010142899999998193,0.001014289999999805,0.0010142899999998193,-0.18979370680585406,9.680200901665371,0.11708579727063692,-0.009104139758014882,0.0136811170256751,-0.0042070403715636796,-13.850813035964967,-19.514063148498536,-7.963875331878662,985.65625,-0.09798637098461002,25.220317670215696
2025-03-01T17:10:31Z,40.15277556138649,-75.99852679478242,60.111386370863805,7.912070830877726,6.090984656180091,-1.1790553371842825,1.5134477954598362,0.029388754205615902,2.952631630195926,0.0009999999972409661,0.0010000000018029567,0.0009999999999777815,0.0009999999948569524,0.000999999993564898,0.0009999999893552127,0.000049960343287341054,0.00005000158011493089,0.8782904760264401,72.54257272675166,60.21787826412207,0.019361930869465235,0.0005548609290332631,0.0006567301565608536,0.010075774415858312,0.002429999999999833,0.002429999999999859,0.0024299999999998576,0.0010142999999998188,0.0010142999999998047,0.0010142999999998188,-0.5244698298673157,9.549911641119078,0.24972792943087174,-0.008086031156753526,0.03501047848580934,-0.010376774426844667,-13.926750555038453,-19.25981330871582,-9.396562852859496,985.606806640625,-0.2134655386291541,25.55753469759279
2025-03-01T17:10:32Z,40.144447547965875,-75.9979126085753,60.29003453091819,10.34963672042003,8.56458017943605,-0.9541113774626396,1.5282970547649104,0.02718003253098209,2.9791466775795943,0.000999999997125042,0.0010000000016579182,0.0009999999998125504,0.0009999999949069365,0.0009999999937661613,0.0009999999891799442,0.00005095807021533079,0.000051001685224680445,0.889412575036263,75.80720553143095,62.62408741977043,0.018424419139410474,0.0005583744589253266,0.0006613432989788121,0.010086895179413382,0.0024309999999998317,0.0024309999999998578,0.0024309999999998578,0.0010143099999998177,0.0010143099999998031,0.0010143099999998175,-0.6962130427464857,9.873982880762517,0.3705935922915063,0.005046059648649256,0.02762302055577041,-0.0014556451705098894,-12.734250469207764,-19.442625732421874,-9.293062872886658,985.6581762695313,0.12411617994714387,25.03068713585818
2025-03-01T17:10:33Z,40.137395583403276,-75.99729567937946,60.374473428403626,12.167589888061292,11.227644860192424,-1.0283789133700052,1.5185379132002113,0.027914893662842593,2.9821257701801507,0.0009999999970832121,0.0010000000013591992,0.0009999999997662228,0.0009999999949569245,0.0009999999940194359,0.000999999989141175,0.000051955846512584476,0.00005200179494709047,0.8948320229760078,79.1330384187444,64.90322472420479,0.017043810624946865,0.0005595491852005177,0.0006679780876555337,0.010098136692634038,0.002431999999999831,0.0024319999999998583,0.0024319999999998583,0.0010143199999998165,0.001014319999999804,0.0010143199999998165,-0.2436720943738828,9.591227760949065,0.7199175731057312,-0.017747875749085127,0.003988728951066911,-0.004899352654937709,-12.41868800163269,-19.36556324005127,-9.673125400543213,985.75087890625,-0.16033340253371942,24.956275054933364
2025-03-01T17:10:34Z,40.13028738943235,-75.99659989065977,60.47499989316641,14.010023453764864,13.422715537859398,-0.9605273963085186,1.532164146875312,0.0062608381781628746,2.98243702060296,0.0009999999967874246,0.0010000000011689976,0.000999999999541725,0.0009999999945871343,0.0009999999943048155,0.000999999988873676,0.000052953663505043686,0.00005300190948312027,0.8971594412242232,82.47199499001573,67.22411844844541,0.017241313617859876,0.0005597649945273041,0.0006750309827450979,0.010104087108403421,0.0024329999999998303,0.002432999999999858,0.002432999999999858,0.0010143299999998156,0.0010143299999998048,0.0010143299999998156,-0.2257684179608108,9.761167219254434,0.12397595157192305,0.00553675397537882,0.00029433203567546433,0.01741106427178816,-12.446063041687012,-18.775875701904297,-10.33181290626526,985.7299853515625,-0.017323960492691175,24.78269210004725
2025-03-01T17:10:35Z,40.12336839367393,-75.99584882676481,60.550290895371745,15.975493201547941,16.144421779922467,-1.0334295357573884,1.5294371687203046,0.004505402802515627,2.9872137359539117,0.0009999999971303621,0.0010000000011060664,0.000999999999561839,0.0009999999948433506,0.0009999999942070536,0.0009999999891643313,0.000053951505929095804,0.00005400202899379991,0.8965494259316921,85.98321950617198,69.52093607988968,0.015932316618020782,0.0005609708457630193,0.0006818287072600157,0.010114596019848104,0.0024339999999998304,0.002433999999999858,0.002433999999999858,0.0010143399999998162,0.0010143399999998054,0.001014339999999816,-0.22325334468597285,9.604826950072074,0.6149125501333352,-0.010631300864489417,0.005576977070528228,-0.0019773835719592934,-12.699750556945801,-17.495063171386718,-9.780187883377074,985.7346704101562,-0.1551348238940007,23.727843526064472
2025-03-01T17:10:36Z,40.11686759360946,-75.99508208249156,60.55380056539678,17.750442020337836,18.795269560680023,-0.9541097586627321,1.5420972743951207,0.004489752132814974,2.9868918358469676,0.0009999999971712855,0.0010000000011388727,0.000999999999230194,0.000999999994742374,0.0009999999941140726,0.000999999989044863,0.00005494932602187278,0.00005500215443859036,0.8901678684447538,89.729410379077,71.9398016256079,0.01470735154432803,0.0005621552518360471,0.000689664197713306,0.010125385030899051,0.00243499999999983,0.002434999999999858,0.0024349999999998574,0.0010143499999998155,0.0010143499999998046,0.0010143499999998155,-0.1974108687175923,9.76845617993562,0.673417060117365,0.005536254070491059,0.0003439016610416246,-0.0033620100195506817,-12.727313051223755,-18.09825071334839,-10.425187873840333,985.7729541015625,0.011096387301036861,24.458397906544754
2025-03-01T17:10:37Z,40.11023136460139,-75.99428091645436,60.589768401276444,19.317799866583666,21.577591059918753,-0.9478033026798578,1.5518481953222714,0.0021213888947933294,2.980142355181123,0.0009999999971693533,0.0010000000013143993,0.0009999999991677653,0.0009999999950526144,0.000999999993963894,0.000999999989613182,0.00005594706067270383,0.000056002287307882004,0.8786799377687784,93.65823228577973,74.46240548114389,0.013639521452295637,0.0005635775879051225,0.0006988031619428983,0.010135535576896351,0.0024359999999998307,0.0024359999999998593,0.002435999999999858,0.0010143599999998146,0.001014359999999804,0.0010143599999998146,-0.028929340200112792,9.703543324766429,0.7613689846089937,0.0031233376637157034,-0.006254938562581661,-0.0008247516518223173,-11.789812936782837,-18.874313220977783,-9.882187881469726,985.7669750976562,-0.04946122114883717,24.349426005650734
2025-03-01T17:10:38Z,40.10321628544074,-75.99344493468683,60.53521367286933,20.9762535027416,23.75534935053811,-1.1522925541064402,1.5562642800525481,6.281142637663467,2.9867835504706357,0.0009999999969280947,0.001000000001459869,0.0009999999993156696,0.0009999999952169528,0.0009999999938854847,0.0009999999894403245,0.00005694465320819777,0.000057002428565519926,0.865197319582628,97.52964574640328,77.09269993133721,0.013325532177983724,0.0005682631531311861,0.0007063774234883583,0.010145240239731172,0.00243699999999983,0.0024369999999998586,0.0024369999999998572,0.001014369999999815,0.001014369999999804,0.001014369999999815,-0.24594528770163712,9.50783796214926,0.1943340846898285,-0.0017737614931347318,0.007053235226758953,0.0015249063626267933,-12.658313035964966,-19.636313362121584,-10.057500410079957,985.7580590820312,-0.27013688330036745,25.43557383485158
2025-03-01T17:10:39Z,40.0961453223083,-75.99261414112419,60.31553599843869,22.474201874947397,26.198505378201542,-1.1852850969473083,1.5535083829017293,6.271038146305661,2.9858731564916643,0.0009999999968745377,0.00100000000162788,0.000999999999263533,0.0009999999949991975,0.0009999999938596442,0.0009999999896281753,0.000057942037872199085,0.00005800257906641431,0.8507082963484713,101.79187558978859,79.98230609605405,0.012879575391054639,0.000573259053314248,0.0007154433527061907,0.01015343110533473,0.0024379999999998305,0.0024379999999998596,0.002437999999999858,0.0010143799999998144,0.0010143799999998036,0.0010143799999998144,-0.13193839058742288,9.679105115545095,0.6820920311400152,-0.008072512429915123,-0.0006670291757090447,0.007847525532775576,-9.962250409126282,-18.52968822479248,-10.0093128490448,985.8005981445312,-0.0794366340476577,23.297634019534517
2025-03-01T17:10:40Z,40.08816974087461,-75.99175631801111,60.113488932791505,24.08365775576702,28.658670311882247,-1.200452277223221,1.550838420043442,6.2403227863080994,2.9908924375620147,0.00099999999666636,0.001000000001658989,0.0009999999992522355,0.000999999995081507,0.0009999999935547909,0.0009999999901197081,0.000058939098891101775,0.0000590027404643287,0.8341646373354908,106.3107558127079,83.14481620444106,0.013086044922481456,0.0005815826126400123,0.0007239511403792139,0.01015711482386517,0.002438999999999832,0.0024389999999998597,0.0024389999999998584,0.0010143899999998152,0.0010143899999998044,0.001014389999999815,-0.1567727534603117,9.696870906192423,0.8837062925505056,-0.007200277493767225,0.00486430196061404,0.02900364162211305,-12.583875560760498,-18.081750793457033,-10.574250469207763,985.78625,-0.045433319556452294,24.435955505614
2025-03-01T17:10:41Z,40.32774384907021,-75.98449212946244,62.244534646624544,20.71563744447392,6.860159114961762,-0.9187409639387926,1.4926022809286372,6.25041274703152,3.026188275767654,0.0009999999965161481,0.0010000000017594199,0.0009999999993933076,0.0009999999950385792,0.0009999999930855126,0.0009999999901870364,3.083159336899056e-10,3.083163076041572e-10,0.6099920987494298,0.008530386090564957,0.008530186688919103,0.012155458062368547,0.00017307991105671705,0.00017724745746900498,0.009957290924850482,0.0024399999999998325,0.0024399999999998602,0.002439999999999859,0.0010143999999998156,0.001014399999999805,0.0010143999999998139,-0.4253925869828495,9.734571564219333,0.6138769646951558,-0.004807890740243807,0.03704636117501687,-0.002767501971808201,-14.432250614166259,-18.47381326675415,-11.58675048828125,985.861201171875,-0.017990345808774823,26.14998571596938
2025-03-01T17:10:42Z,40.327867459143405,-75.9844126803315,61.81272518881162,21.6387534048247,6.625897926724309,-0.8491243851846055,1.4894092177498788,6.253432566227745,3.0636221995492217,0.0009999999964344182,0.0010000000018091973,0.0009999999995559446,0.0009999999950965008,0.0009999999932540438,0.0009999999902928752,1.0003083162020532e-6,1.0003083169475229e-6,0.635584936334712,0.027735382602173005,0.035708507969233985,0.013046055359190033,0.00018323345281392458,0.00018698753899307373,0.00996748001942961,0.002440999999999832,0.00244099999999986,0.00244099999999986,0.0010144099999998151,0.0010144099999998043,0.0010144099999998143,-0.640202691238615,9.833740376470713,0.6420710808690496,-0.00182466761318288,0.037484481201281485,0.00034390228400310455,-11.704125442504882,-18.604313335418702,-11.706375455856323,985.810146484375,0.09430250680664774,24.902684841261287
2025-03-01T17:10:43Z,40.32799306562546,-75.98433644408541,61.31955281980266,22.314846887818295,6.317634466310581,-0.8895743466160413,1.4902451994109915,6.260761480369667,3.0907907876943783,0.0009999999966068334,0.001000000001874146,0.0009999999992443705,0.0009999999952240383,0.0009999999929765746,0.000999999990734644,2.0003083177965745e-6,2.0003083224634706e-6,0.6624485724726401,0.08349817705660799,0.10609863225704715,0.01382412463365561,0.00019328655851493293,0.00019664837686992378,0.009977783211930259,0.0024419999999998315,0.002441999999999859,0.002441999999999859,0.0010144199999998146,0.0010144199999998038,0.0010144199999998144,-0.45184765119276765,9.729014514921285,0.526776912910687,0.0017488913678627013,0.027659738071489526,-0.004573558613904344,-13.096125535964966,-18.80118824005127,-11.877187967300415,985.9465698242187,-0.027382970279437088,25.808102290633265
2025-03-01T17:10:44Z,40.32811829347662,-75.98426228684843,60.891447000983504,22.77866762085829,6.285298479789237,-0.8164472723532629,1.4889013547014083,6.2679227345477795,3.1062986640393913,0.000999999996852454,0.0010000000020206322,0.0009999999994849738,0.000999999995292995,0.0009999999932354092,0.0009999999908898022,3.0003083209377544e-6,3.000308342221417e-6,0.6897932631969019,0.17403083293477645,0.21431199765722223,0.014441200857370327,0.00020328716906957076,0.0002061552806605208,0.009988029029217783,0.002442999999999833,0.0024429999999998606,0.00244299999999986,0.0010144299999998141,0.0010144299999998033,0.0010144299999998133,-0.3024956527187711,9.807925331614138,0.7933778844160851,-0.0008022199543449869,0.016086688904664578,-0.005020691805673905,-9.229875383377076,-19.29131332397461,-12.32962547302246,985.9728100585937,0.0634907753396441,24.685269185781003
2025-03-01T17:10:45Z,40.32823577795182,-75.98418857971461,60.54047008712643,23.066619757603945,6.26406310410208,-1.0063540108347864,1.4900156617253042,6.27786180135326,3.1094686609131315,0.0009999999966607777,0.0010000000016489562,0.0009999999993260127,0.000999999994948781,0.0009999999933227527,0.0009999999905645326,4.0003083147907924e-6,4.00030839025279e-6,0.7166005874994338,0.29815565166132624,0.3542738106088426,0.014799450885430178,0.0002132155374128802,0.00021544853321023627,0.009998338399630515,0.0024439999999998335,0.002443999999999861,0.002443999999999861,0.0010144399999998128,0.0010144399999998024,0.0010144399999998132,-0.23972393868005556,9.526142969765232,0.7791000634911964,0.0014943642113085583,0.004110901853402302,-0.008218385273017607,-13.01625054359436,-16.85906313896179,-14.471813144683837,985.928017578125,-0.22016396108070005,25.7503696334072
2025-03-01T17:10:46Z,40.32834213745703,-75.98411480967577,60.05925095648944,22.89254596879008,6.325138660368825,-1.0460724902485226,1.4906220222756892,0.004923606509256395,3.097336967659219,0.0009999999965765254,0.0010000000018876767,0.000999999999894025,0.0009999999950912716,0.0009999999933042881,0.000999999990271064,5.0003082562150215e-6,5.000308483619996e-6,0.7410912957141336,0.4605788985600495,0.5140450234863473,0.014484842696840222,0.00022306235768218926,0.0002245563130827476,0.010008665327692868,0.0024449999999998327,0.0024449999999998605,0.0024449999999998605,0.0010144499999998134,0.0010144499999998027,0.0010144499999998136,0.11008973053175151,9.669455416693367,0.852923873243703,0.0009502606385012793,-0.011081772500704846,-0.009587156670641233,-6.769312764443457,-23.342813453674317,-12.47400046825409,986.011484375,-0.07350065229519705,27.31864629358184
2025-03-01T17:10:47Z,40.328426256189346,-75.98404096603211,59.67240243284314,22.916382381316723,6.306774053924676,-0.889264972394251,1.499463782964173,0.013956153995047923,3.100577244644594,0.000999999996324132,0.0010000000018033659,0.000999999999664775,0.000999999995019663,0.0009999999932216498,0.0009999999900387583,6.000308040688695e-6,6.000308644029891e-6,0.7620191200330964,0.6671561356569109,0.7308660418650299,0.014400340420996575,0.00023304436371606206,0.00023330062287029135,0.010018931555515014,0.0024459999999998337,0.0024459999999998615,0.0024459999999998615,0.0010144599999998135,0.0010144599999998027,0.0010144599999998135,-0.21603499277214588,9.869632624624272,0.7560492000087293,0.009191260977502553,0.00416180728145205,-0.006905026112034571,-6.024375218153,-19.695000848770142,-7.921687846183777,986.0448974609375,0.1197825868462263,22.06664999140975
2025-03-01T17:10:48Z,40.328471429637126,-75.98396723042384,59.70158652943754,22.87869551757517,6.376965578279276,-0.4311926720606038,1.5144966089251914,0.027834704219175457,3.09802036916892,0.0009999999966289273,0.001000000001739149,0.0009999999997895828,0.0009999999948620863,0.000999999993139732,0.0009999999901253488,7.000307464899683e-6,7.000308901191309e-6,0.7794241523195871,0.9212378694864775,1.0002535589451285,0.014272895309843813,0.00024305605300600796,0.00024187468025670488,0.010029446863299518,0.002446999999999834,0.0024469999999998616,0.0024469999999998616,0.0010144699999998126,0.0010144699999998018,0.0010144699999998126,-0.31772995422288747,10.159124317803169,0.7526992490294947,0.015544255640603835,-0.0013054334617267705,-0.011690133946610178,-12.37031301498413,-18.0264381980896,-11.377125396728516,985.9795825195313,0.4107934452515862,24.64576202160882
2025-03-01T17:10:49Z,40.3284690740251,-75.98389205044515,60.077665431653124,22.907596718806847,6.640217088442631,-0.31379822600779744,1.5312683167676049,0.013390363204659769,3.094698602203303,0.000999999996787321,0.0010000000021521214,0.0010000000001417042,0.000999999994522451,0.000999999993100481,0.0009999999899504449,8.000306185178111e-6,8.000309289923083e-6,0.7936286679602642,1.2060448077866346,1.3143984730761236,0.014307903144365629,0.0002527783605195241,0.0002502791409926418,0.010038467946345327,0.0024479999999998323,0.00244799999999986,0.00244799999999986,0.0010144799999998125,0.0010144799999998021,0.0010144799999998125,-0.40942736154060627,9.811965619757743,0.7822375402396481,0.017383525099521718,-0.0035511115363454017,0.01689032650159965,-12.129937982559204,-18.05681324005127,-11.523937940597534,985.9066088867188,0.07044818894687278,24.616712485746064
2025-03-01T17:10:50Z,40.32850748600351,-75.9838126582494,60.24800837834009,22.846909287309025,7.030056992456148,-0.12957819115805422,1.5333296535882672,0.010800483512097643,3.0883611542971665,0.0009999999966554512,0.0010000000020932397,0.0010000000003908968,0.000999999994387513,0.000999999992948306,0.0009999999901138352,9.000303674575298e-6,9.000309850104133e-6,0.8048478063424154,1.5372714510671839,1.670539591050734,0.014201313286283802,0.00026256549038216037,0.00025859244266200686,0.01004817899536174,0.0024489999999998324,0.00244899999999986,0.00244899999999986,0.001014489999999812,0.0010144899999998014,0.001014489999999812,-0.15437992716880244,9.923192094800704,0.8016723589901948,0.002451385906515452,-0.006192350584439342,0.003744382899525233,-12.001687965393067,-19.563375720977785,-11.638875436782836,986.1240551757812,0.17551465247509715,25.73377118042531
2025-03-01T17:10:51Z,40.32868510877882,-75.98372868221573,59.925051836623794,22.883781116427393,7.128127255561269,-0.256907838630556,1.5411058355346083,0.023141776898503916,3.0854592567483214,0.0009999999969720575,0.0010000000021280315,0.0010000000007341124,0.0009999999942642388,0.0009999999927901534,0.000999999989842718,0.000010000299185410581,0.000010000310624573962,0.8127944968812244,1.9027786596659277,2.0615843605938413,0.013886674615273906,0.00027246364769915253,0.00026683165272476403,0.010058692012644265,0.0024499999999998325,0.0024499999999998603,0.0024499999999998603,0.001014499999999811,0.0010144999999998003,0.0010144999999998111,-0.15351302596641092,9.677653732672926,0.41197764989096114,0.007629716936477621,-0.002629807276958544,-0.012891834784363614,-11.648625431060792,-20.250938358306886,-10.883250436782838,986.4963427734375,-0.09358063495092907,25.77272762107882
2025-03-01T17:10:52Z,40.32877005266404,-75.98364485851637,59.63848310775019,23.040046622978235,7.220536932075121,-0.5639510453250988,1.5246110469472565,0.007645162439954045,3.0885648666967294,0.000999999997408988,0.0010000000020725665,0.0010000000007813075,0.0009999999943629846,0.0009999999926465803,0.0009999999896575086,0.000011000291718392506,0.000011000311663919986,0.8181202181652807,2.3009835529829923,2.50565963974933,0.013820609464618785,0.00028213606726105957,0.0002749888782947153,0.010067816033036917,0.0024509999999998314,0.0024509999999998587,0.0024509999999998595,0.0010145099999998106,0.0010145099999997998,0.0010145099999998104,-0.34197723548075376,9.4673194239913,0.47592942799306015,-0.016444698269457256,0.0025633768968127465,0.016053308778820812,-11.579062910079957,-20.78831329345703,-11.474250421524047,986.369658203125,-0.2957861524372933,26.417501671040558
2025-03-01T17:10:53Z,40.32878741243402,-75.98356088263907,59.34609844837457,23.03018107861476,7.333430072578972,-0.4880761170603436,1.518581859980647,0.005864047864924995,3.0922475921752715,0.0009999999974825136,0.001000000002191172,0.0010000000004635318,0.000999999994122338,0.0009999999925152806,0.0009999999896283768,0.00001200027998840411,0.000012000313026133631,0.8215434933866843,2.759692859454713,3.0112193225751764,0.013661833391708055,0.00029189531894978593,0.00028313809450899395,0.01007759117691757,0.0024519999999998293,0.0024519999999998575,0.002451999999999859,0.0010145199999998108,0.0010145199999998,0.0010145199999998108,-0.14137892871742874,9.836133185066695,0.631542662139356,-0.0057892799590391385,0.003709166492490256,0.002790365905465295,-12.345750541687012,-20.71293830871582,-11.865562953948974,986.3357080078125,0.07616071418180052,26.874378351014688
2025-03-01T17:10:54Z,40.3287097762991,-75.98347445825722,59.220661610690826,23.105368943386868,7.953433208648753,-0.45915067218598377,1.5040968804166304,0.012056305618092997,3.0930564812878103,0.0009999999974410632,0.0010000000019394675,0.0010000000007137533,0.0009999999942520525,0.0009999999926901648,0.0009999999896283212,0.000013000262397866143,0.000013000314776674226,0.8240382879622368,3.267494829842788,3.5774743025192444,0.014079583788256378,0.00030156011021388287,0.0002913458524947891,0.01008769394661838,0.002452999999999829,0.0024529999999998568,0.002452999999999858,0.00101452999999981,0.0010145299999997995,0.00101452999999981,-0.2773121761356451,9.737709778079983,1.2699026326894034,-0.014001238610926609,0.0013620105093531264,-0.004909534719723167,-13.397625570297242,-21.117375793457033,-12.180187940597534,986.2794311523437,0.04276889794471129,27.81715425980568
2025-03-01T17:10:55Z,40.32837371816026,-75.98338955473997,59.2888899066037,22.786360069464635,8.012412874697935,-0.680249484767393,1.5012287172793524,0.02039914007076342,3.0883216701516893,0.0009999999971893412,0.0010000000020354007,0.0010000000002743131,0.0009999999943693476,0.0009999999926152176,0.0009999999891816668,0.000014000237014413177,0.000014000316979851999,0.8258826125066594,3.8017269936380425,4.1614896658543845,0.013904159957948015,0.00031101734587170006,0.0002996992497447299,0.010097867007722822,0.002453999999999829,0.0024539999999998565,0.0024539999999998565,0.0010145399999998105,0.0010145399999997996,0.0010145399999998105,-0.10987343055157521,9.485305443443902,0.8356903193287865,-0.0016617702874307128,-0.003789615631593502,-0.0064468775918056775,-12.202125463485718,-19.317938327789307,-11.114437952041627,986.0918505859376,-0.25863358400575626,25.40871396475374
2025-03-01T17:10:56Z,40.32794961869582,-75.98330745376488,59.14272086494168,22.48150229553799,7.95873578412115,-0.8909192626742665,1.4789014262743663,0.005091608660490382,3.0850068736274974,0.0009999999974566924,0.0010000000018058849,0.0010000000000773871,0.0009999999945118053,0.0009999999931050365,0.0009999999891430631,0.000015000201573551276,0.00001500031970229849,0.8263209615822114,4.381866759534881,4.799251024992529,0.013699185224998118,0.00032014453802612134,0.00030814966686849865,0.010107041832126459,0.0024549999999998297,0.002454999999999857,0.002454999999999857,0.0010145499999998113,0.0010145499999998002,0.0010145499999998113,-0.10651955904835907,9.490660587121148,0.8742239149854997,-0.020980786271014698,-0.004212047229602039,0.01713066690394656,-11.31825044631958,-19.477125606536866,-11.54775043487549,986.1085034179688,-0.24987223243715798,25.314208897519674
2025-03-01T17:10:57Z,40.32731323288787,-75.98323464566924,58.93146702425429,22.347646452719868,7.295859759037104,-1.035711472060873,1.4678276772496315,6.277103428828819,3.101471476888949,0.0009999999975397976,0.0010000000020918504,0.001000000000387108,0.0009999999946119183,0.0009999999931771684,0.0009999999891688064,0.000016000153473241998,0.000016000323028217198,0.8253812786793271,5.004853563779752,5.512144720830754,0.013245167476896885,0.0003297472314982504,0.00031627272961153773,0.010116530314732829,0.002455999999999829,0.0024559999999998563,0.0024559999999998567,0.0010145599999998112,0.0010145599999998008,0.0010145599999998114,-0.2441107794219651,9.584966587064844,0.4956702168806614,-0.009429933810201878,0.015615521970968747,0.015177735702941057,-11.999250478744507,-20.094938373565675,-12.711375532150269,986.0629565429688,-0.18035269729889922,26.633905280840988
2025-03-01T17:10:58Z,40.326398076780684,-75.9831752093712,58.72156381361178,22.444833408378212,6.522050924091118,-1.1549073400987337,1.458369717961598,0.00011987764251006642,3.1343025383348984,0.0009999999976075806,0.0010000000024321613,0.0010000000006090038,0.0009999999944423211,0.0009999999931143864,0.0009999999890500325,0.000017000089805432032,0.000017000327061395893,0.8236080589076308,5.682157547223211,6.31218114079309,0.013325323643089434,0.0003398207026024102,0.0003239401785113666,0.010126541913229443,0.00245699999999983,0.0024569999999998573,0.0024569999999998577,0.0010145699999998107,0.0010145699999997999,0.0010145699999998105,-0.5316182287181325,9.601828698078002,0.5336585650787039,-0.007571803469649273,0.03363152675621306,0.0003168643415267967,-10.25643783569336,-19.063688354492186,-12.498563041687012,986.0033666992188,-0.14981362411527424,24.99660493457655
2025-03-01T17:10:59Z,40.32524914607729,-75.98312730136934,58.48046596938347,22.617961968353324,5.407195878211076,-1.2219562220596114,1.4641098803239565,0.01625947158842993,3.1735320975559924,0.0009999999976457732,0.0010000000025544523,0.0010000000002096494,0.0009999999944292548,0.0009999999929369494,0.0009999999890411887,0.00001800000739493457,0.00001800033192108898,0.8220815551464373,6.4202593125407335,7.201272250848266,0.01409952166314292,0.00035039106834568374,0.00033117862187915674,0.010136768008739883,0.0024579999999998292,0.002457999999999857,0.002457999999999857,0.0010145799999998115,0.0010145799999998007,0.0010145799999998115,-0.7719275774789023,9.679841954546722,0.1864776568257679,0.006880155522656474,0.041088583104339195,-0.008350739481832566,-10.523250389099122,-19.31418827056885,-13.858125553131103,985.9916845703125,-0.06865658351715409,25.996570130295684
2025-03-01T17:11:00Z,40.32404241601357,-75.98308423169188,58.1239796353943,22.488434685030207,4.617229726778903,-1.2445304104093449,1.467162855312958,0.009732650435090692,3.199931556553227,0.0009999999977124737,0.0010000000024899026,0.0009999999998334338,0.000999999994641054,0.0009999999926801537,0.0009999999887817391,0.000018999902836685985,0.000019000337726954727,0.8217014451551775,7.213668408358892,8.14101016965698,0.014929158123221627,0.0003608024680102036,0.00033833863980971756,0.01014640341862783,0.0024589999999998285,0.0024589999999998563,0.002458999999999859,0.0010145899999998123,0.0010145899999997997,0.0010145899999998106,-0.5193651488250793,9.705644550956716,0.38560037761222715,0.003408407618507316,0.025827144653148837,0.012713914157217603,-11.203687934875488,-19.42518831253052,-14.132813062667847,986.0770703125,-0.05375258658571431,26.506494765909167
2025-03-01T17:11:01Z,40.3226714522233,-75.98304129440325,57.730469978683566,21.950007209233814,4.063850123223684,-1.3051781523858565,1.4787438644365842,0.029072388556469302,3.2192187335398446,0.0009999999977509698,0.0010000000026122882,0.0009999999999948175,0.0009999999944980997,0.0009999999925051808,0.0009999999889636472,0.000019999772519116472,0.000020000344587841698,0.8225709316179868,8.046819575163282,9.11093576679364,0.015279713748381446,0.0003714284602053201,0.00034534775146643056,0.01015665906866588,0.002459999999999828,0.0024599999999998564,0.0024599999999998577,0.0010145999999998118,0.0010145999999998001,0.0010145999999998107,-0.23373141973530065,9.655804491259477,0.4761523727563761,0.01116472104559731,0.021324103472409876,-0.013672940643400798,-9.837187876701355,-18.812438354492187,-15.111563091278077,986.1209350585938,-0.1105005777214676,26.05829584576645
2025-03-01T17:11:02Z,40.32065104816515,-75.98299163989152,57.54464848860882,20.892106631056294,3.9932221580644383,-1.3517331993503403,1.477734480452526,0.049913017809811666,3.220295765394019,0.0009999999977015129,0.0010000000026922447,0.0009999999998513756,0.0009999999941470267,0.0009999999922692176,0.0009999999891333639,0.000020999612631158074,0.00002100035260581314,0.8236815051482226,8.90836423631141,10.11916002186657,0.014814402637831929,0.00038180622866401204,0.00035261071288460096,0.01016713559641089,0.002460999999999827,0.002460999999999855,0.002460999999999858,0.0010146099999998122,0.0010146099999997992,0.0010146099999998096,-0.18249559681156505,9.613281622566154,0.82679699194556,-0.001997745868835959,0.003265872442168952,-0.015742203286367582,-9.769875407218933,-18.907688159942627,-15.455063142776488,985.980712890625,-0.130351654364598,26.302232416630325
2025-03-01T17:11:03Z,40.31802192909763,-75.9829251533289,57.556425298463914,19.337035016791393,4.285503093641389,-1.2890127613289948,1.4777607539508444,0.06170839120640212,3.211176641209284,0.0009999999977939786,0.0010000000025299036,0.001000000000192155,0.0009999999941394046,0.000999999992261137,0.000999999988974437,0.00002199941893998016,0.000022000361882411616,0.8229912230561609,9.819731227997286,11.174085963573837,0.013809527593020517,0.0003916122623741445,0.00036018283601001394,0.010177389179034256,0.0024619999999998285,0.0024619999999998562,0.0024619999999998562,0.001014619999999813,0.0010146199999997996,0.00101461999999981,-0.04705202849907729,9.695541051392912,1.086792858359415,-0.0013229572424976691,-0.0077670800546588365,-0.006983470721166554,-3.5580001303553583,-21.04012590408325,-18.27843822479248,985.8612060546875,-0.024496396524441404,28.09705856843453
2025-03-01T17:11:04Z,40.31603752258145,-75.98285088972308,57.18498041590829,18.277919345177793,4.499001966591615,-1.3027797860160113,1.477372313349881,0.06177486481972546,3.2094857154761014,0.0009999999976280179,0.0010000000021894214,0.0010000000000873702,0.0009999999943346377,0.000999999992242786,0.0009999999889809621,0.000022999186623940847,0.000023000372535567983,0.8199219459311121,10.791574058025382,12.311608013221221,0.013344600083185302,0.0004009594215970391,0.0003679374760550823,0.010187189596887802,0.00246299999999983,0.0024629999999998577,0.002462999999999855,0.001014629999999812,0.0010146299999998006,0.0010146299999998095,-0.2663640328341145,9.661058305737825,0.9517422097199227,-0.001967202681891842,-0.001621045788064022,0.0034185883980293536,4.355437682345509,-28.052063579559327,-13.999313068389892,986.15703125,-0.06941068900850189,31.65226130098309
2025-03-01T17:11:05Z,40.3141675513923,-75.98276849446714,56.64493813071485,17.22793695219144,4.632371836076705,-1.3671626234839966,1.4780973700917182,0.07532735849825577,3.2110018351718965,0.000999999997403422,0.0010000000022618507,0.0010000000001190615,0.0009999999943613364,0.000999999992594175,0.000999999989292662,0.00002399891027541792,0.000024000384691020657,0.8153541296870158,11.83320169499624,13.501926429300037,0.013149815592060963,0.0004109127755012455,0.00037611752752355157,0.010197673223926318,0.0024639999999998283,0.002463999999999856,0.002463999999999856,0.0010146399999998116,0.0010146399999998008,0.0010146399999998105,-0.20255542477107275,9.64131751759628,0.8319814435447623,-0.0011126595212319068,0.002737791308867265,-0.010568545803168475,3.252375131994486,-31.07718891143799,-21.973500843048097,986.2986157226562,-0.1016303633989023,38.19948241294935
2025-03-01T17:11:06Z,40.31193691104168,-75.98267048137993,56.304091942879644,16.158555829162587,5.0847709969734805,-1.029299504595188,1.4841641568133688,0.0640854020313218,3.209759605870203,0.000999999997304803,0.001000000002234043,0.001000000000104495,0.0009999999941645845,0.00099999999274517,0.000999999989187242,0.000024998583697099298,0.00002500039848816602,0.8096410533976969,12.993022059663987,14.815178929791937,0.012954501909057704,0.00041930696174012296,0.000384900739419252,0.010207004305320717,0.0024649999999998276,0.0024649999999998553,0.0024649999999998553,0.001014649999999811,0.0010146499999998003,0.001014649999999811,-0.22682754211576514,10.019239017046557,1.0689055323101244,0.004070177723549123,-0.002323540018217699,0.01358948723015011,-10.063687901496888,-31.94850128173828,-17.936813192367552,986.29515625,0.29770514157610944,37.99618322065581
2025-03-01T17:11:07Z,40.30892513881212,-75.9825464255125,56.395404736412246,15.285862058159198,5.783880867285203,-0.8812753538891019,1.4909703959596825,0.05141536047066838,3.2106325461809724,0.0009999999973608956,0.0010000000022489014,0.0010000000002291143,0.000999999994424507,0.0009999999926949563,0.0009999999891332457,0.000025998200127953852,0.00002600041409619425,0.8036157485234653,14.21176051425163,16.191345888077482,0.012809757109015883,0.00042772913017294757,0.0003941645616086773,0.010216447216143789,0.002465999999999826,0.0024659999999998537,0.0024659999999998563,0.001014659999999811,0.0010146599999997993,0.001014659999999811,-0.3275804077471663,9.801516984937342,1.0858599245944567,0.004121083479040052,-0.00029750521358974256,0.015045381498547982,-7.069312767982483,-35.08687671661377,-18.869250745773314,986.1585546875,0.08590304437486622,40.461198654975405
2025-03-01T17:11:08Z,40.30571073315475,-75.98240804107054,56.5801997968279,14.579991087157183,6.358875830980724,-0.7959300280760245,1.4924590475146298,0.03314248401901874,3.220469329857917,0.0009999999971370445,0.001000000002278081,0.001000000000680005,0.0009999999944513588,0.000999999992664928,0.0009999999894399693,0.000026997752663706723,0.00002700043168633312,0.7983231330062656,15.519200422678827,17.635288779202856,0.012875089498145798,0.00043627210676094153,0.0004037157717954971,0.010225994001636348,0.0024669999999998274,0.002466999999999855,0.002466999999999855,0.0010146699999998112,0.0010146699999997997,0.001014669999999811,-0.1969368666515967,9.760578763115307,0.886697966494292,-0.0014931983299006182,0.00822556014099398,0.02055551578043048,-8.946375374794007,-39.941251564025876,-20.889188327789306,986.146474609375,0.021670366392191373,45.95317954022578
2025-03-01T17:11:09Z,40.30226804296609,-75.98225698889512,56.813200038383656,14.188113107481445,7.054224663655763,-0.7579122852516771,1.4931402475642035,0.010032749612796106,3.2353504256966956,0.0009999999970143013,0.0010000000023772575,0.0010000000005889996,0.0009999999946052587,0.0009999999926358961,0.0009999999895384769,0.000027997234551195357,0.000028000451448496004,0.7942330495441237,16.905712627193154,19.16028378699111,0.012800756129309735,0.00044518342613323063,0.00041346538129411397,0.010235950489064864,0.0024679999999998267,0.0024679999999998544,0.0024679999999998544,0.0010146799999998105,0.0010146799999997996,0.0010146799999998105,-0.18444973303712214,9.705564839678711,0.9669366358859494,-0.002069013454767508,0.012897173674739238,0.02503302095365282,-11.348250470161439,-39.09300157546997,-15.024563102722167,986.1237255859374,-0.025800768867720373,43.39099711807032
2025-03-01T17:11:10Z,40.298580407682934,-75.98209505929253,57.01554851801786,13.922010366793248,7.68730025470059,-0.8423626474652526,1.5119336937544137,0.02421292482461899,3.2563344940788057,0.0009999999972311207,0.0010000000024892558,0.001000000000584601,0.0009999999947857567,0.0009999999929038799,0.0009999999898340915,0.000028996639265465594,0.00002900047358481823,0.791249032777937,18.3628217553721,20.744588818395123,0.012789754209134403,0.00045490582493427635,0.0004232758785219782,0.01024580867889435,0.002468999999999825,0.0024689999999998533,0.0024689999999998524,0.0010146899999998104,0.0010146899999997996,0.0010146899999998104,-0.13291906157887803,9.597396160561107,0.8088331757616775,0.016231894528580627,0.021724670313838183,-0.012551352978344896,-11.277000408172608,-31.176001148223875,-12.36731303215027,986.1016918945312,-0.1488921117252503,35.38446845578779
2025-03-01T17:11:11Z,40.29395819118109,-75.98191072527925,57.399378876918256,14.171770622179222,8.205998965624644,-0.7249205305655776,1.5197624630487272,0.02200542939567477,3.2979182649683647,0.0009999999974297912,0.0010000000024016846,0.0010000000004763995,0.0009999999947819486,0.0009999999928008657,0.0009999999901991654,0.00002999596158097741,0.000030000498321520462,0.7894301196300564,19.93974231802525,22.471882176837745,0.012527876142164218,0.00046458934425187083,0.00043299272513501664,0.010255697319807015,0.0024699999999998235,0.0024699999999998525,0.0024699999999998512,0.0010146999999998104,0.0010146999999998,0.0010146999999998104,-0.6008407549507546,9.797249848681185,0.4525595314881817,0.004579231406227134,0.04112930752771072,0.00411090189294089,-14.8095006275177,-27.067313594818117,-11.752500429153443,985.946630859375,0.04479588361694777,33.01633947924557
2025-03-01T17:11:12Z,40.28841487608169,-75.98170539169274,58.108841571716304,14.42053941445504,8.995795155603659,-0.47860390809460635,1.514607194027184,0.01790392149292442,3.3384766152831187,0.000999999997610537,0.0010000000023013841,0.0010000000001314088,0.0009999999948760044,0.0009999999927129588,0.0009999999902146758,0.00003099519701615244,0.00003100052591149645,0.7880697227046487,21.613425426724824,24.30648316685465,0.012366530490314569,0.00047426860725319653,0.00044277819922221653,0.010265631243063893,0.0024709999999998245,0.0024709999999998522,0.0024709999999998527,0.0010147099999998099,0.0010147099999997995,0.0010147099999998099,-0.534878614351222,9.90448809369165,0.6693891478474144,-0.008208204562020323,0.039938121318730584,0.00549552882688063,-7.371750266551971,-24.989438552856445,-10.685250449180604,985.7676000976562,0.16010267513789292,28.160015022489223
2025-03-01T17:11:13Z,40.2838527277337,-75.98151520951028,58.69653796006062,14.213509596737785,9.271540028958384,-0.3889044152069593,1.524944904295383,0.02406113792572631,3.3550500515888406,0.0009999999977915264,0.00100000000266974,0.001000000000017196,0.000999999994701717,0.000999999992822541,0.0009999999901164523,0.00003199434003773508,0.00003200055655843331,0.7870783066103643,23.36288469363371,26.168872159691688,0.012475641671271253,0.00048413475691763105,0.00045264330367756445,0.010275482857632582,0.0024719999999998233,0.0024719999999998537,0.0024719999999998537,0.0010147199999998092,0.0010147199999997985,0.001014719999999809,0.04893546148237674,9.800040837019823,0.38185162515131227,0.008470907622369832,0.016537327150402587,-0.006102223105729816,-6.592500262260437,-22.426125869750976,-11.874375486373902,985.88734375,0.026189609174926305,26.218129230464903
2025-03-01T17:11:14Z,40.280092342204455,-75.98133645569287,59.10467255765,13.904955844182979,9.399546573101397,-0.39586640728655925,1.5412709567799248,0.05633023584378039,3.3671243181115105,0.0009999999974785532,0.0010000000028653373,0.0010000000003095371,0.0009999999949127838,0.0009999999925664183,0.0009999999902433805,0.00003299338523555512,0.000033000590431871135,0.7870163082080404,25.185800490480197,28.094857914300075,0.012796768337429706,0.0004951986653526588,0.00046244967973440193,0.01028558159671202,0.0024729999999998226,0.0024729999999998547,0.0024729999999998547,0.0010147299999998087,0.0010147299999997978,0.0010147299999998087,0.04099403755898091,9.732005523678971,0.23824238403946923,0.014760311501276662,0.012948079196075029,-0.032683519639591,-9.411000366210937,-20.799000720977784,-14.181750555038452,985.9842333984375,-0.046415568917664726,26.87535426156527
2025-03-01T17:11:15Z,40.27708412031177,-75.98116740695745,59.26720282090724,13.47943067079067,9.983977715697392,-0.5041141406510707,1.538931792356811,0.06973592585353809,3.3654102213606993,0.0009999999976930555,0.0010000000026517896,0.001000000000257701,0.0009999999948546276,0.0009999999922782432,0.0009999999905776593,0.00003399232614030916,0.0000340006277555744,0.7877602960064303,27.050305976899786,30.087390320682786,0.013327332852329206,0.0005059038495677079,0.0004721134949352343,0.010295945895336979,0.0024739999999998244,0.0024739999999998535,0.0024739999999998535,0.001014739999999808,0.0010147399999997971,0.001014739999999808,-0.1220925137201973,9.63419074486618,0.7431286177630876,-0.002935239720651364,-0.001618375448679731,-0.014413989635687597,-9.031687879562378,-22.786500778198242,-15.411563100814819,986.0890502929688,-0.11790813339879985,28.953571938714784
2025-03-01T17:11:16Z,40.273574049087145,-75.98098800934685,59.38442946152688,13.172669953937278,10.503633875949111,-0.616235370768898,1.5414556043147207,0.07354602721415908,3.362006769632283,0.0009999999973507034,0.0010000000028331836,0.001000000000185302,0.0009999999947108425,0.0009999999924477057,0.0009999999903813374,0.0000349911556100941,0.0000350006688161747,0.7897592974978893,28.985122033246252,32.17911162845962,0.014270475923105232,0.000516183508436939,0.00048145771697301684,0.010306105260387775,0.0024749999999998263,0.002474999999999854,0.002474999999999854,0.0010147499999998083,0.001014749999999798,0.0010147499999998086,-0.16722140984363507,9.626801052726638,0.6891299412825362,0.002278307761554424,-0.0036674425249225333,-0.0054084075336650285,-8.797687854766846,-25.709626064300537,-15.385125637054443,986.0336474609375,-0.1286627917672564,31.226320472971402
2025-03-01T17:11:17Z,40.26971966046997,-75.98080614701392,59.40073010397978,13.11626719263289,10.895443062787688,-0.7726694446211823,1.5279074272786703,0.07025730803735918,3.363037340721694,0.0009999999974508267,0.001000000002858084,0.0010000000003405826,0.000999999994625653,0.0009999999927548945,0.0009999999902981446,0.00003598986967375882,0.00003600071391599952,0.7941608014515977,30.963228861220166,34.367961712902286,0.015342522882564453,0.000526056215131878,0.0004902379863439746,0.010315979353544533,0.0024759999999998247,0.002475999999999853,0.0024759999999998525,0.0010147599999998083,0.0010147599999997974,0.001014759999999808,-0.21575582830342963,9.573720207847305,0.6417919206673289,-0.013746711460978235,0.00047625661899882875,0.0011991133068172477,-8.332312870025635,-21.31668825149536,-16.67700068473816,986.0123266601563,-0.18395777082389744,28.318688170780508
2025-03-01T17:11:18Z,40.26551184997332,-75.98062619953016,59.278789774431274,13.23005574885287,11.169449145116882,-0.9671423092564979,1.5170568501543553,0.07806282638953944,3.358658448489221,0.0009999999972954996,0.001000000003024455,0.0010000000007906163,0.000999999994470864,0.0009999999924510492,0.000999999990647252,0.000036988469280435446,0.000037000763349308526,0.8018941497554256,32.95501739705993,36.65100292816901,0.016728049103617505,0.0005368289810180611,0.0004981848404456145,0.010326410334160919,0.002476999999999824,0.0024769999999998517,0.0024769999999998517,0.001014769999999809,0.0010147699999997982,0.001014769999999809,-0.16583017667247124,9.528004331492083,0.7119826930455022,-0.010205531921124942,-0.004432358878616328,-0.0109090280073633,-8.718187856674195,-21.420000801086427,-16.813125715255737,986.0071118164062,-0.22561528863685737,28.591983395644217
2025-03-01T17:11:19Z,40.2607743650838,-75.98045145219959,59.058110200182654,13.379443752542581,11.537429190841763,-1.1152265895247717,1.5186409608446254,0.09575116888737892,3.3449224315882153,0.0009999999976077012,0.0010000000026801426,0.0010000000008386209,0.0009999999945719661,0.0009999999925407249,0.0009999999905355688,0.00003798696129010413,0.000038000817407054866,0.8146381310040054,34.92581715809532,39.049844110483726,0.019435316100210445,0.0005486635875398995,0.0005048366714613681,0.010337810676690094,0.002477999999999825,0.0024779999999998527,0.0024779999999998527,0.0010147799999998095,0.001014779999999799,0.0010147799999998095,-0.03964408684623993,9.566063268022692,0.988073241873785,0.0036731149697243398,-0.013207114354987273,-0.02241081040983093,-9.370875358581543,-21.461063327789308,-16.18162573814392,985.9945288085937,-0.1646277250143547,28.46458594752949
2025-03-01T17:11:20Z,40.25552948890852,-75.98029041005826,58.90157437829725,14.243188272158456,11.775327155489942,-0.9956033401127049,1.5134785902460373,0.08784382140009807,3.3418269974778503,0.0009999999973231003,0.001000000002990288,0.0010000000009426386,0.000999999994558885,0.0009999999926641168,0.0009999999902004836,0.00003898536110176628,0.00003900087642288496,0.8333018240619002,36.874484634950655,41.62583035133862,0.021342235343219253,0.0005578658777523942,0.0005096189475024465,0.010347529436798043,0.002478999999999825,0.002478999999999853,0.0024789999999998524,0.0010147899999998098,0.0010147899999997992,0.0010147899999998098,-0.4084074725031625,9.79388214899014,0.9432235032912568,-0.0032456791325483417,-0.0040017495977712194,0.002389798585614081,-8.931750321388245,-24.242813491821288,-17.585250597000122,985.9768774414063,0.06597223802756581,31.252648235423663
2025-03-01T17:11:21Z,40.251092712179606,-75.98015358434651,58.74679001959906,15.013985720716667,12.007187974113489,-0.8520834500486336,1.5152521918965045,0.07411542967555901,3.3288467792947154,0.0009999999972421358,0.001000000002710362,0.0010000000006900594,0.0009999999946452667,0.000999999992698326,0.0009999999899699755,0.00003998369368593123,0.00004000094070961897,0.8576373001626836,38.684400017242424,44.31842075794442,0.024099295715217663,0.0005660502597348437,0.0005121018678138706,0.010356914099578868,0.0024799999999998244,0.002479999999999852,0.0024799999999998512,0.0010147999999998102,0.0010147999999997994,0.0010147999999998102,-0.1806610981509639,9.831028547919779,1.1030084870522727,0.004782853262264844,-0.014103049252520065,0.007664098505785661,-9.410625367164611,-22.41337579727173,-16.86281315803528,986.0901342773437,0.11263388236967282,29.584974828044356
2025-03-01T17:11:22Z,40.24608575261581,-75.98004708030665,58.801560720198886,16.356796797694944,11.778966065833655,-0.8120647283085146,1.5118562617144309,0.05786708727058966,3.3130356805997265,0.0009999999972021931,0.001000000002752438,0.0010000000005429572,0.0009999999944615777,0.000999999992453272,0.0009999999896213494,0.000040981995434004694,0.00004100101048089979,0.8875241817563762,40.24972808996218,47.06973005677331,0.026149720528931896,0.0005737017910345966,0.0005117846710488575,0.010366292735527551,0.0024809999999998254,0.002480999999999853,0.002480999999999852,0.0010148099999998097,0.0010148099999997989,0.0010148099999998097,-0.033401170155145904,9.725431791896924,0.8102061055461831,0.000459566103000216,-0.017140348931961563,0.008418333142044633,-10.34737536430359,-21.170813274383544,-15.904500732421875,986.0330004882812,-0.022529095488190116,28.42924122635026
2025-03-01T17:11:23Z,40.238929302003264,-75.98000293994149,59.35813604444053,19.123820765432455,11.227531092671523,-0.6957453543507642,1.507926615478224,0.044975828584423186,3.306715660814834,0.0009999999973602364,0.0010000000026751312,0.0010000000001599326,0.0009999999943379545,0.000999999992660357,0.000999999989426349,0.000041980309933080754,0.00004200108593503875,0.9204016497078834,41.547577536414664,49.90305138092825,0.02755234180191123,0.0005812224655260202,0.0005086329702609281,0.010376056961292237,0.002481999999999826,0.0024819999999998537,0.0024819999999998524,0.00101481999999981,0.0010148199999997977,0.0010148199999998103,-0.024330023230049652,9.731726303733616,0.8712237324957584,0.0011889325034464711,-0.007678787876173639,0.0013823725570868695,-11.850750465393066,-21.068063316345214,-16.864125690460206,985.7538745117188,-0.010983643684595678,29.47370538396847
2025-03-01T17:11:24Z,40.228595138932505,-75.98007167382885,60.65530164809793,24.209701006554923,9.87766624407415,-0.6731260841371655,1.4971847874336772,0.023435399304552157,3.301359998286992,0.0009999999977392613,0.0010000000022616748,0.0009999999999779157,0.0009999999940246871,0.0009999999929252118,0.0009999999890887355,0.000042978677997153124,0.000043001167286493554,0.9519659416827054,42.513326374192815,52.742059454131585,0.02728724687849607,0.000588054315006079,0.0005029165105984862,0.010385684652504262,0.0024829999999998256,0.0024829999999998534,0.0024829999999998534,0.0010148299999998105,0.001014829999999797,0.0010148299999998105,-0.061737815283237865,9.548954541521576,0.7128587540013979,-0.0026595158089705315,-0.007495528786699627,0.003479675103502059,-11.071125364303589,-21.456000747680665,-16.386000680923463,985.2737451171874,-0.2058149909750892,29.179236261929375
2025-03-01T17:11:25Z,40.22278376994492,-75.98009457801473,61.132568068460046,27.51943418984735,8.398664686197193,-0.7498575401836406,1.50498863103912,0.013953402535286024,3.2974544320786108,0.000999999997652213,0.0010000000023545315,0.0009999999996773263,0.0009999999938566687,0.0009999999930175446,0.0009999999889798562,0.00004397712847827403,0.0000440012549690422,0.9755461997286761,43.23613740019935,55.65493376505398,0.024893716443641252,0.0005949487273457062,0.0004954459524724676,0.010395582915352431,0.002483999999999825,0.0024839999999998526,0.0024839999999998526,0.0010148399999998104,0.001014839999999796,0.0010148399999998102,-0.026811103704704943,9.597356934842209,0.06901948451289641,0.012566706051200688,-0.004933067750658845,-0.0016559284759514532,-12.360563049316406,-22.060500679016112,-16.55475072860718,985.6597265625,-0.1837555782454428,30.22426012408332
2025-03-01T17:11:26Z,40.2190693652181,-75.98008326153271,61.122408886188964,30.01438918298787,7.285950293361777,-0.8802739928252646,1.5031846624810725,0.007503568268639577,3.3003075709547596,0.0009999999975965972,0.0010000000025315986,0.0009999999998929112,0.0009999999940540005,0.0009999999928113066,0.0009999999886809018,0.000044975667839077384,0.00004500134968543187,0.9863066798940262,43.80209765837981,58.67525378927211,0.02219267453670487,0.0006019800754666526,0.00048760387074214514,0.010405453383927364,0.002484999999999824,0.0024849999999998528,0.0024849999999998523,0.0010148499999998101,0.0010148499999997956,0.0010148499999998101,-0.16937495425481264,9.595056270597011,0.039558344525762956,0.0010260345950688736,0.002145953587176304,-0.0007454731847785427,-12.462375469207764,-22.006125736236573,-17.03812578201294,985.8655883789063,-0.18466142516184575,30.493851746098496
2025-03-01T17:11:27Z,40.213719549353804,-75.98009230763061,61.42844107848047,33.435267645148734,6.254002824275162,-0.859752237750148,1.4984603927297386,6.27941071023801,3.2975163974506265,0.000999999997832111,0.001000000002476905,0.0009999999998938944,0.00099999999393895,0.0009999999925915403,0.0009999999889801832,0.000045974285766142605,0.000046001452056878376,0.9869341834941373,44.31338044506854,61.88375337897113,0.02099186353221731,0.0006102111033660576,0.00047947829237441795,0.010415243301031376,0.0024859999999998247,0.002485999999999853,0.0024859999999998525,0.0010148599999998099,0.0010148599999997947,0.0010148599999998099,0.08278801678288143,9.69518800428794,0.27339006956946127,-0.0012228152481770023,-0.0039016075122086623,0.0003469069561231079,-12.856875562667847,-21.52800075531006,-16.35487564086914,985.6433325195312,-0.08181585885198552,29.937150361833176
2025-03-01T17:11:28Z,40.20354551334559,-75.98010381578621,62.88131525276924,40.16675408425287,4.927520453192018,-0.7079431038913495,1.4933997473400271,6.261560159970279,3.2934257126118953,0.0009999999979945606,0.0010000000025946294,0.001000000000005871,0.0009999999939756272,0.0009999999923653781,0.0009999999888835056,0.000046972965282593044,0.00004700156255528741,0.9812410136660656,44.816956883210686,65.24426639159434,0.020058271473581035,0.0006195939286369134,0.0004716639788296371,0.010425212285404759,0.0024869999999998253,0.0024869999999998526,0.002486999999999853,0.0010148699999998098,0.0010148699999997955,0.0010148699999998098,0.08358627628689731,9.728296620684372,0.101931251594282,-0.0003076866558135128,-0.005897099361903788,-0.002659516187540765,-12.220500497817993,-21.218250770568847,-16.578000745773316,984.9315649414062,-0.051949044177579666,29.569949162138847
2025-03-01T17:11:29Z,40.1924246495619,-75.97999016385678,64.72840157515284,47.85402103072377,4.260416774600571,-0.46346837596466933,1.490911340044756,6.247843180765795,3.3021339474967157,0.0009999999982156556,0.0010000000027506185,0.0009999999998703837,0.0009999999942837043,0.0009999999925973612,0.0009999999889120992,0.00004797167190503476,0.00004800168142418353,0.9684491424886532,45.408927074552125,68.76395082419019,0.01857071457923973,0.00062852817815232,0.0004660986399857354,0.010435587120472942,0.0024879999999998246,0.0024879999999998523,0.0024879999999998523,0.0010148799999998093,0.001014879999999795,0.0010148799999998093,-0.22181764762399717,9.824248813626555,0.11425429250516653,0.0005067997497291846,0.0071448635977670654,-0.007017017970871724,-11.447250385284423,-21.41343828201294,-16.55681327819824,984.5992602539062,0.04624722482188808,29.388772545319167
2025-03-01T17:11:30Z,40.18325458258922,-75.97973659618629,66.26218030062213,53.9782853975973,4.201541459994588,-0.38519297192256197,1.4879619308851988,6.229623186247685,3.3036852595625783,0.0009999999979860203,0.0010000000027751586,0.0010000000000325922,0.0009999999944789485,0.0009999999926715768,0.0009999999890674773,0.00004897035681069672,0.00004900180845359385,0.9501414179085623,46.14511399912881,72.3497230204974,0.01853662485501234,0.0006385696510744968,0.0004618461314280886,0.01044529215636278,0.0024889999999998264,0.0024889999999998516,0.002488999999999851,0.0010148899999998101,0.001014889999999794,0.0010148899999998101,-0.038029910983535,9.727942308266812,0.015710529714708103,-0.0030854520274237298,-0.00032654662515997765,0.0017989624341237986,-11.451750440597534,-21.478313198089598,-16.347188196182252,984.6412548828125,-0.05323149874640633,29.32043827282223
2025-03-01T17:11:31Z,40.17529997812401,-75.97935032620617,67.55274888170983,59.012618248291375,4.893351274163655,-0.282933853914376,1.486538968856527,6.214404372526187,3.303184674966671,0.000999999997974126,0.0010000000029267832,0.0010000000002725812,0.000999999994311178,0.0009999999926075301,0.0009999999890557855,0.00004996896718764257,0.000050001942819533224,0.9307885143994076,47.127010542812826,75.99218044530635,0.01902464513915779,0.0006484089351621289,0.0004597289890250425,0.010454951384056879,0.0024899999999998257,0.0024899999999998526,0.0024899999999998495,0.0010148999999998098,0.0010148999999997931,0.00101489999999981,0.0070957172303421495,9.78516603215258,0.1665773432943644,-0.004044142842369367,-0.0021402810365407105,0.0023088509922470257,-10.411500368118286,-21.162750797271727,-16.443938264846803,984.6439624023437,0.005158213679465113,28.751722342652926
2025-03-01T17:11:32Z,40.16875477159844,-75.97889270292748,68.56575676443293,62.960141526644556,6.518161688148642,-0.20966194987084188,1.4894844108091043,6.195429909766216,3.301790465402208,0.0009999999978260665,0.0010000000030212848,0.0010000000001287137,0.0009999999941049428,0.0009999999928811708,0.0009999999890428406,0.000050967436792282236,0.000051002083646706156,0.9112368646117,48.368417160599954,79.6100189356102,0.017924071354024112,0.0006578905576766105,0.0004603206613797329,0.010464164834215327,0.0024909999999998267,0.002490999999999853,0.0024909999999998492,0.0010149099999998104,0.0010149099999997935,0.0010149099999998104,-0.11801295149813833,9.765207585566362,0.7746667953997141,-0.0010225318859498056,-0.00329074285541495,0.009880402819373002,-10.640062913894653,-21.056813259124755,-15.796500625610351,984.7049365234375,0.014909428590569039,28.39237332548618
2025-03-01T17:11:33Z,40.1623144507743,-75.97835387048681,69.45104463901103,66.36189264116331,8.852677822281207,-0.28706337347588634,1.4861588579214788,6.18179224250542,3.29874775880158,0.0009999999980531613,0.0010000000032551973,0.0010000000001565332,0.000999999994261188,0.0009999999931438607,0.000999999989362034,0.000051965674605755855,0.00005200223109103585,0.8893218716594696,49.905179715223056,83.14616662874013,0.01656619038543504,0.0006660216304032665,0.00046392383194389017,0.010473680746311352,0.002491999999999825,0.0024919999999998537,0.0024919999999998476,0.0010149199999998112,0.0010149199999997935,0.0010149199999998112,-0.18361224408416615,9.615873836514313,1.210206942672402,-0.008350739824976987,-0.004441204666802244,0.0066358094940413585,-10.880812873840332,-21.544125747680663,-16.452563209533693,984.6530639648438,-0.08855340601102699,29.210020604143054
2025-03-01T17:11:34Z,40.15400920690234,-75.97764775112094,70.496881818595,69.60707960519773,11.666843432524074,-0.205892566067978,1.4875535380251534,6.166327620968085,3.3027069770044784,0.0009999999982626508,0.0010000000034370274,0.001000000000351016,0.0009999999941578599,0.0009999999930168243,0.000999999989386942,0.00005296356234341794,0.00005300238635476517,0.8659794062183592,51.86528856669148,86.77183226376678,0.017138049578146516,0.0006734026213734497,0.00047092118539824874,0.010483264019808607,0.002492999999999826,0.0024929999999998543,0.0024929999999998486,0.001014929999999812,0.0010149299999997943,0.001014929999999812,-0.09647754899083355,9.776308667289104,1.1716400027752312,-0.004437365718472062,0.002347238520199481,0.010080686528411523,-11.765250482559203,-22.119563274383545,-16.22175070762634,984.4175952148438,0.06432392001592321,29.846915322668192
2025-03-01T17:11:35Z,40.146485309217844,-75.9769928658408,71.23954978406894,72.10279777008611,14.022107855823188,-0.38228904672805775,1.4822174514807747,6.146781490889743,3.3153268107443843,0.0009999999978981555,0.0010000000036842504,0.0010000000006014748,0.0009999999942095,0.000999999993010175,0.0009999999894646206,0.00005396094798599447,0.000054002550835705745,0.8460917841417552,54.12519491062032,90.41845219531221,0.02037515511397794,0.0006813747420570408,0.0004806661199154992,0.010493036106867075,0.002493999999999827,0.002493999999999855,0.0024939999999998496,0.0010149399999998111,0.001014939999999795,0.0010149399999998128,-0.20889640531701456,9.587399283087791,1.0016325706389018,-0.00913468292857866,0.010647155023527437,0.01802843803879403,-12.864563035964967,-22.07756326675415,-16.796250715255738,984.4619018554688,-0.14089955100019594,30.578206383710725
2025-03-01T17:11:36Z,40.139095611751614,-75.97637785259073,71.76425418595831,74.10956475309017,16.299136046262337,-0.36039346958382557,1.4818223756954243,6.143376264576239,3.340428797141531,0.0009999999976626492,0.001000000003576666,0.0010000000005957405,0.0009999999942354484,0.0009999999929299415,0.0009999999899498596,0.00005495763020381022,0.00005500272630409859,0.8360321524055526,56.69085417908366,94.38462741410136,0.02710892181861585,0.0006862434833905833,0.0004921974130460055,0.010503298041454267,0.0024949999999998277,0.002494999999999856,0.00249499999999985,0.0010149499999998115,0.0010149499999997941,0.0010149499999998121,-0.45320360016860983,9.830908766424946,1.168372420633231,-0.0016414081057603462,0.024391612548463587,0.005617701426982516,-13.01475058555603,-22.18143825531006,-17.596313247680666,984.4748681640625,0.1274087680923036,31.161306171276564
2025-03-01T17:11:37Z,40.134231308054936,-75.97593413385711,71.77680535948265,75.92690374361325,17.53348032061171,-0.6959521850070669,1.4723719005064322,6.1370629061898,3.3834982826560243,0.0009999999976558482,0.0010000000032790617,0.0010000000007978124,0.0009999999941494424,0.0009999999930917947,0.0009999999898893568,0.000055953372632470397,0.000056002914508327474,0.8471701316541135,59.21426378324564,98.55803867080841,0.03959360606249039,0.0006903139711049897,0.0005041048141649782,0.010513884396965989,0.0024959999999998273,0.002495999999999855,0.0024959999999998495,0.0010149599999998116,0.0010149599999997936,0.0010149599999998114,-0.8362912340717314,9.594650344594912,0.7474827696752013,-0.0061097337530197915,0.041843151687210436,0.011913280779805246,-12.062062978744507,-20.173875751495363,-17.671688327789308,984.692578125,-0.12324904207414523,29.406873343316658
2025-03-01T17:11:38Z,40.127885872307004,-75.97547551054924,71.54654043145132,77.11204737438094,18.9635665667815,-1.0589605478689614,1.4594792922551867,6.142818894482884,3.4421326583696064,0.0009999999973965552,0.001000000003368341,0.0010000000010439486,0.0009999999940148343,0.0009999999930659616,0.0009999999902042043,0.00005694799272661242,0.000057003117057300826,0.8937158243826122,61.33460360101062,103.08565189750693,0.05647735931677008,0.0006894774879330452,0.0005136743230471576,0.010524611475546935,0.0024969999999998266,0.002496999999999855,0.002496999999999849,0.0010149699999998127,0.0010149699999997932,0.001014969999999811,-1.0323863162859184,9.54700045489937,0.927853870679137,-0.0077704178334381474,0.058345513291308604,0.004375610016850966,-11.123062925338745,-20.24625078201294,-18.07668821334839,984.6734423828125,-0.13605587581860965,29.332522384475173
2025-03-01T17:11:39Z,40.113782344056446,-75.97486406070021,71.80282835744858,75.13839003781901,20.35963653718835,-1.2173842640198105,1.4542160270396742,6.146910089377712,3.4809978611065393,0.0009999999975357544,0.0010000000033287095,0.0010000000013563966,0.000999999994237836,0.0009999999928733492,0.0009999999901111575,0.00005794157524213914,0.00005800333510959343,0.9813115197688492,62.541869348934156,107.85195782334344,0.0692941019129315,0.000690730339789071,0.0005134042200028029,0.010535186333336206,0.0024979999999998285,0.0024979999999998562,0.002497999999999851,0.001014979999999813,0.0010149799999997927,0.0010149799999998104,-0.43472852504603743,9.537144119446934,0.6482002420116952,-0.0066204566076761605,0.03864862905918553,0.012664344274387108,-9.775312914848328,-19.916625728607176,-18.735563297271728,984.2866918945313,-0.21452747220961887,29.038717232653006
2025-03-01T17:11:40Z,40.10128562296583,-75.97438055463348,71.93649996149574,72.61151775338438,20.864562388563566,-1.195588846429927,1.4533882732486145,6.167985060342146,3.5309727152157175,0.0009999999972948315,0.0010000000034387135,0.0010000000012553762,0.0009999999942258502,0.000999999993273136,0.0009999999899138988,0.00005893459976089441,0.00005900356877464113,1.1005972389885899,62.39753756587754,113.03049031685478,0.08102431974437732,0.0006843295539557388,0.0005053067575491759,0.010545361985497078,0.002498999999999828,0.0024989999999998564,0.0024989999999998503,0.001014989999999813,0.0010149899999997915,0.0010149899999998095,-0.518567536480744,9.735554861065397,0.24242982610163924,-0.000979637540974269,0.05169726822089295,-0.001305432498674948,-10.872000436782837,-19.759500827789306,-19.932375736236573,984.3870043945312,-0.031185946402297732,30.098750885662376
2025-03-01T17:11:41Z,40.332977033702036,-75.96895356170533,80.04768746598855,7.6854326618090125,-24.217697130618095,1.3268627919055558,1.4298303252490754,0.0818154849297513,3.481994181920457,0.0009999999971303708,0.0010000000027729531,0.0010000000011781381,0.0009999999944332431,0.0009999999934464624,0.000999999989546216,3.0823504533925346e-10,3.082354161135485e-10,0.5613584399335141,0.009998420762065302,0.009999413174326652,0.027828307884694786,0.00018490057658584645,0.000159082664624812,0.010325995624459914,0.002499999999999827,0.002499999999999855,0.0024999999999998496,0.0010149999999998127,0.0010149999999997912,0.001014999999999809,-0.31027233003430255,9.842553924557109,0.22372592698439836,0.0022986699409006236,0.03566715831586429,-0.00291404269775698,-9.08850037097931,-19.541438274383545,-20.59312574386597,984.039296875,0.07224231453770985,29.808428926744895
2025-03-01T17:11:42Z,40.332896792386904,-75.9692460901335,80.89583663207377,7.988130893271369,-25.43367999936018,0.9824421191634731,1.4200319961655479,0.06547075882630933,3.5293003728565058,0.0009999999971403394,0.0010000000028352577,0.0010000000008963297,0.000999999994193252,0.000999999993508505,0.0009999999897150691,1.0003082352725298e-6,1.0003082360176244e-6,0.6451580273167773,0.04017815965823621,0.02744858667510257,0.028158031333907946,0.00019286435639423528,0.00016775018015985474,0.010345834353741555,0.0025009999999998276,0.0025009999999998558,0.0025009999999998497,0.001015009999999812,0.0010150099999997907,0.0010150099999998085,-0.5324812150862014,9.57303643404574,0.1468842893664654,-0.012578891896915832,0.04429912872360933,0.02132660716929646,-8.16956286430359,-19.43437578201294,-20.62818820953369,984.2128955078125,-0.18865780608397756,29.495014130728435
2025-03-01T17:11:43Z,40.332814318435105,-75.9695517324517,81.3730707083757,8.471083904084795,-26.440002448868803,0.859183827094253,1.423343256663875,0.07499816850687896,3.5836457112876903,0.0009999999969836364,0.001000000002669154,0.0010000000007367297,0.0009999999940321822,0.0009999999935096926,0.0009999999897500036,2.0003082369217797e-6,2.000308240023629e-6,0.7324382995326075,0.11832663965390852,0.07935478639668636,0.028601469133906675,0.0002004723394666275,0.00017602959119294984,0.010349776280626725,0.0025019999999998286,0.0025019999999998568,0.0025019999999998507,0.0010150199999998115,0.0010150199999997903,0.001015019999999808,-0.6753771786384869,9.78125773175274,0.3574847164486574,0.0009038618425698519,0.054883945965801206,-0.0039016077260393286,-8.47275040626526,-18.65137586593628,-22.119000816345213,984.2221899414062,0.033547222696296064,30.148108430670405
2025-03-01T17:11:44Z,40.33273362257347,-75.96986788898444,81.66114717985187,9.102863149061802,-27.212492227464203,0.6447263721098144,1.419830248985481,0.06164368939755639,3.6368817778185205,0.0009999999974222788,0.001000000002751977,0.0010000000006791792,0.0009999999939050287,0.0009999999933688437,0.000999999989717867,3.0003082397219247e-6,3.0003082541822205e-6,0.8150713044824941,0.22691624644658098,0.16727866355312349,0.02882754262251712,0.00020616495268568167,0.0001842669905611351,0.010366926347282318,0.0025029999999998265,0.002502999999999855,0.002502999999999849,0.0010150299999998119,0.0010150299999997904,0.0010150299999998084,-0.8051845453475959,9.659452616016658,0.5072982960607756,-0.0053486565688765225,0.05012737953953113,0.018592736123196233,-7.525125298500061,-18.28087579727173,-22.593000755310058,984.1625830078125,-0.07121729056043978,30.02096851320485
2025-03-01T17:11:45Z,40.3326532466124,-75.97019257686813,82.0934558730677,9.6254930090252,-27.886325860390876,0.6639987538083079,1.4265208339953144,0.06322856682790304,3.6901876017168487,0.0009999999976330152,0.0010000000028829157,0.0010000000006594113,0.0009999999936590182,0.0009999999931626985,0.0009999999894581381,4.00030823231998e-6,4.000308289757789e-6,0.8867650706790945,0.3651831609482151,0.29544210266908505,0.02839825668152471,0.00021062946861258647,0.000193079576254717,0.010375907927201769,0.0025039999999998275,0.002503999999999857,0.00250399999999985,0.001015039999999811,0.0010150399999997895,0.0010150399999998073,-0.6868627333900881,9.846103285786738,0.6415127614282731,0.004324704848348867,0.05253211651947673,0.005139190594063007,-7.2438752603530885,-18.597000608444215,-22.964250755310058,983.941015625,0.1134885369153888,30.424921834231256
2025-03-01T17:11:46Z,40.33256786624195,-75.97052511780771,82.5883100287931,10.386927815187025,-28.547665351841996,0.3349613471644964,1.422714187691125,0.06325377464824641,3.749072227503922,0.0009999999974752657,0.001000000002704967,0.0010000000005592768,0.0009999999935244761,0.0009999999934677951,0.0009999999893536237,5.000308175558816e-6,5.0003083632185186e-6,0.945109717043254,0.5281616503917874,0.46120224997834514,0.02846944795553487,0.0002130009885380777,0.0002032044105091345,0.010386044667597955,0.0025049999999998285,0.0025049999999998576,0.0025049999999998507,0.0010150499999998111,0.0010150499999997896,0.0010150499999998074,-0.8669226312588824,9.481995430625576,0.41423449004096163,-0.007561789189643626,0.05815874848253459,0.008488432108065401,-4.155187678337097,-18.365438232421877,-22.89712574005127,983.7557470703125,-0.2467540695047012,29.64507123101772
2025-03-01T17:11:47Z,40.332457849131934,-75.97086414092266,83.39395674532437,10.591554795624138,-29.065437080621027,0.437105540687719,1.4217307154037222,0.0733968023506548,3.7968576588716774,0.0009999999976726555,0.0010000000025393741,0.0010000000006932506,0.0009999999936789327,0.00099999999348731,0.0009999999894204506,6.000307979782902e-6,6.0003084954710265e-6,0.9887664506523167,0.7139075903258845,0.6676016462101187,0.02722851163344269,0.0002146326600862077,0.0002139185799930642,0.01039113504588004,0.002505999999999828,0.0025059999999998573,0.00250599999999985,0.0010150599999998121,0.0010150599999997909,0.0010150599999998078,-0.6051288805153684,9.820007157932766,0.8101276492989968,-0.006528326493925679,0.04969159528476625,-0.0014581484803210137,-1.1799375508353114,-17.082188301086425,-25.676251106262207,983.445302734375,0.09467953453273838,30.861952814219134
2025-03-01T17:11:48Z,40.332351355201006,-75.97120850479645,84.06880843256077,10.811460998482143,-29.448336108356862,0.4412347892271751,1.4243775106134198,0.076448012839881,3.846690111193688,0.0009999999974604587,0.0010000000024169076,0.0010000000008891332,0.000999999993559151,0.0009999999936227805,0.0009999999895647922,7.000307484136946e-6,7.000308712819046e-6,1.0167239692565055,0.9071443834155801,0.9124547692907312,0.02568305213350333,0.0002148409529555329,0.0002258133618529386,0.01039917971911775,0.002506999999999828,0.002506999999999856,0.0025069999999998505,0.0010150699999998112,0.0010150699999997895,0.0010150699999998069,-0.6982685216592324,9.72319195174917,0.9282925585752871,-0.002435532562011974,0.050282097805440046,0.00498647462990418,-5.781750237941742,-18.45656324386597,-26.783251094818116,983.4641430664062,0.015118608016558711,33.0365332739602
2025-03-01T17:11:49Z,40.332252741108476,-75.97155489914624,84.65442265068019,11.091942749858806,-29.391979061188977,0.4988291321774326,1.421564579650229,0.08175488326367909,3.9028337426088764,0.0009999999971768026,0.0010000000025472736,0.0010000000006395947,0.0009999999937972282,0.0009999999934812377,0.0009999999892991184,8.000306433440662e-6,8.000309046112545e-6,1.0305599258259113,1.074544014923502,1.2007930358991525,0.023522853132626448,0.00021405855002996465,0.00023900097917604413,0.010406188038955497,0.002507999999999827,0.002507999999999855,0.0025079999999998498,0.0010150799999998103,0.0010150799999997888,0.001015079999999806,-1.0364645817102964,9.718370990500613,1.25750703280147,-0.007952342677710842,0.056526437724737345,0.003241004169162669,-5.343375201225281,-19.335750789642333,-25.295813617706298,983.455498046875,0.07683063093551329,32.284637359157344
2025-03-01T17:11:50Z,40.33213360819971,-75.971900882716,85.35900032481779,11.333887707025085,-29.447488088722306,0.4862149421271684,1.4252590121802622,0.0911453593405245,3.955416364560629,0.0009999999970637238,0.0010000000024050187,0.0010000000008074216,0.000999999994153677,0.000999999993416653,0.0009999999894427455,9.000304451636726e-6,9.000309532217173e-6,1.032934040170925,1.2756326580303898,1.5286815387408144,0.021830782431209124,0.000213552884693311,0.00025247997433213153,0.01041182719326677,0.0025089999999998273,0.002508999999999855,0.00250899999999985,0.0010150899999998096,0.001015089999999788,0.0010150899999998052,-0.9977701556753696,9.656551844912208,1.1299277489774984,-0.0020893754016978916,0.05391674415070588,-0.0012341650979065797,-2.7697501146793364,-19.52306329727173,-26.62143877029419,983.3271215820313,-0.003716737065088352,33.12882638967264
2025-03-01T17:11:51Z,40.33212301507758,-75.97224967343587,85.50739856980047,11.684429230209087,-29.54101020517081,0.45240980775267137,1.4300541590987625,0.09769414405596569,4.01021845019244,0.0009999999966773282,0.001000000002506805,0.00100000000053999,0.0009999999944302908,0.0009999999933774009,0.0009999999894410936,0.000010000301016174208,0.000010000310212231673,1.0266917655542342,1.4914806750118705,1.8985632713915641,0.02005113069100702,0.00021327974882111842,0.00026618380499268733,0.010419029865709277,0.002509999999999827,0.002509999999999855,0.002509999999999849,0.0010150999999998084,0.001015099999999789,0.001015099999999805,-1.0449767526036355,9.67773226228067,1.2274202368647091,0.001390884427039597,0.05384263893859912,0.0007975446874631837,-0.9337500311434269,-18.90018825531006,-26.945251121520997,983.5650317382813,0.033860045927992716,32.92616290181516
2025-03-01T17:11:52Z,40.332150215966884,-75.9726004677339,85.55114627905118,12.26201431966395,-29.733669373834804,0.39346276153865833,1.4348706465647647,0.09898452335040903,4.067987020801198,0.0009999999965615964,0.0010000000026196914,0.001000000000397268,0.0009999999948443474,0.0009999999934629407,0.000999999989501361,0.000011000295423342383,0.000011000311134370732,1.014899629438252,1.7396698860050754,2.31556169865158,0.01893147650250522,0.00021324348986774926,0.00027999217090813233,0.010428691940310751,0.002510999999999826,0.0025109999999998536,0.0025109999999998484,0.0010151099999998088,0.0010151099999997882,0.0010151099999998053,-1.1343205637799256,9.68291275405633,0.9727591681996548,0.0011991133803785125,0.05582060541616762,0.006238747841507852,-0.277500011511147,-19.626938304901124,-27.260251140594484,983.5902001953125,0.020347951966624037,33.59183796740252
2025-03-01T17:11:53Z,40.332108958881285,-75.97295313491082,85.88834800536881,12.536355542666913,-30.03986652515042,0.49765131889451664,1.43792081533817,0.09648073094049123,4.123349440250619,0.0009999999965214913,0.0010000000024061634,0.0010000000006177745,0.0009999999946332433,0.0009999999937953918,0.0009999999894448632,0.000012000286759850134,0.000012000312352355683,1.0003757538954434,2.039120969729854,2.7816803855401,0.017995633266569257,0.0002139870180183425,0.0002933703182082168,0.010439602336564,0.0025119999999998243,0.0025119999999998525,0.002511999999999847,0.001015119999999808,0.0010151199999997875,0.0010151199999998044,-0.8660851436701058,9.84051995976504,0.990545815579196,-0.001804305377033681,0.05389638147287607,0.009761400824725002,0.28312501154839986,-19.807313289642334,-27.22050106048584,983.4198266601562,0.1509378425733665,33.66544314718621
2025-03-01T17:11:54Z,40.33220766748001,-75.97331157132331,85.94882814412158,13.1865754373589,-30.50456206551956,0.42945405333761766,1.4444433376181043,0.09729344966714673,4.1751022285889565,0.0009999999963307997,0.0010000000022477725,0.0010000000005075194,0.0009999999947068298,0.0009999999938195311,0.0009999999895382564,0.000013000273882351806,0.00001300031392664774,0.9852753625956511,2.3703125916597694,3.291919182133581,0.017611510875941597,0.00021601351567838674,0.0003059977393920667,0.01044953046008852,0.002512999999999824,0.002512999999999852,0.002512999999999846,0.0010151299999998083,0.001015129999999787,0.0010151299999998048,-0.8974062774000011,9.729589843184769,0.7049219101376639,0.0036140315354895383,0.049746840782194685,0.0057445480405580954,3.0294376239180565,-19.600125770568848,-26.57756374359131,983.5620678710937,0.01916864045564852,33.16181438420844
2025-03-01T17:11:55Z,40.33271950904484,-75.97368018190734,85.31859582438736,14.142342286863208,-31.251961403599253,0.4991370216726504,1.4468383659970967,0.08020932859028457,4.227126995818057,0.0009999999965135302,0.0010000000020689251,0.0010000000004830756,0.0009999999948305629,0.0009999999938843658,0.0009999999895914731,0.000014000255407303911,0.000014000315923868935,0.9710995143891943,2.743300178752302,3.861000092057076,0.017299231387280282,0.00021830094960111394,0.00031794247090867776,0.01046292351506856,0.0025139999999998245,0.002513999999999854,0.002513999999999847,0.0010151399999998086,0.0010151399999997872,0.001015139999999805,-0.759843819855458,9.947957816757498,0.7270960505202305,0.0034084071389866577,0.04526282633919693,0.02363821268638894,1.9535625743865968,-19.374563274383544,-27.685501232147217,983.9936474609375,0.22635104672868553,33.84780101322836
2025-03-01T17:11:56Z,40.333122126262,-75.97405558679435,85.01945515385864,15.012209135950723,-31.89196890267884,0.3924578469548328,1.449135793162315,0.08604649188758318,4.275338091609469,0.0009999999967907672,0.0010000000020836137,0.0010000000005336803,0.0009999999950292997,0.0009999999941025309,0.0009999999896671092,0.000015000229700096402,0.000015000318417189746,0.9583539059742483,3.1404813476697893,4.467984414036789,0.017210809398559325,0.00022233956781472962,0.0003291462216604913,0.010471541900376363,0.0025149999999998234,0.002514999999999856,0.002514999999999849,0.0010151499999998081,0.0010151499999997869,0.0010151499999998047,-0.7046075434444693,9.748928544777224,0.6203493543198906,0.002051820552168771,0.04557092895092476,0.0004770908755531327,2.6606250977516175,-19.94437578201294,-27.87806360244751,983.8558544921875,0.017041986208338855,34.380808210536536
2025-03-01T17:11:57Z,40.33310342204912,-75.97443220684274,85.45843886094185,15.5306192189532,-31.966019162803093,0.6372840789371389,1.4649210720251542,0.0878756567537361,4.338359189514149,0.0009999999968483694,0.001000000002191998,0.0010000000004026664,0.000999999995188986,0.000999999993802791,0.0009999999894886307,0.000016000194858728727,0.000016000321487754576,0.9468540323749144,3.546740722300225,5.144926481241195,0.0168297220319734,0.00022684006997656379,0.0003398552720339972,0.010481983142545805,0.002515999999999824,0.002515999999999855,0.0025159999999998482,0.0010151599999998076,0.0010151599999997862,0.0010151599999998042,-1.017431176441927,9.994418421425326,0.6895686186776437,0.010677698811519802,0.062336496212848626,0.005332631492745766,3.792187657356262,-18.96131326675415,-27.083438682556153,983.4567553710938,0.29273320499848193,33.27794078934444
2025-03-01T17:11:58Z,40.33344805548877,-75.97481123575055,85.60461647656301,16.015136094007904,-32.09762968203436,0.5970775533519428,1.4603030855864443,0.09164769185356078,4.39740979108823,0.0009999999969119023,0.001000000001814518,0.001000000000500218,0.000999999994901187,0.0009999999940002726,0.0009999999893748489,0.000017000148596617673,0.000017000325221075463,0.9350767730238174,3.960001799607979,5.848873274584527,0.01604587039136726,0.000232744575709011,0.0003493486320204311,0.01049242483884379,0.0025169999999998223,0.002516999999999856,0.0025169999999998492,0.0010151699999998067,0.0010151699999997852,0.0010151699999998032,-1.024091191795297,9.722194909093572,0.8859794675455438,-0.007621873896475681,0.05713730298779516,0.0031608906257664885,5.530500211715698,-19.25625076293945,-26.81925106048584,983.651748046875,0.03908143782904898,33.47623690784168
2025-03-01T17:11:59Z,40.3336405030978,-75.97519184431742,86.02840069868698,16.443853189684887,-32.43375685039925,0.7681044648233866,1.479839124721242,0.07612729581781734,4.440778851804953,0.0009999999969165017,0.001000000001945686,0.0010000000003011584,0.0009999999952659694,0.0009999999939192406,0.00099999998907988,0.00001800008828365665,0.000018000329710026266,0.9233026876838659,4.454580365673422,6.623962354033672,0.01578617511635519,0.00023887039459761196,0.00035805141606518027,0.010503070371989887,0.0025179999999998207,0.0025179999999998554,0.0025179999999998485,0.0010151799999998075,0.0010151799999997863,0.001015179999999804,-0.7088440058907362,9.959457708013002,0.6859754508308278,0.017132503320284317,0.040477717917281025,0.02014610221513655,6.734250299930572,-16.77975074291229,-27.21881378173828,983.49060546875,0.23125296749952534,32.67676011144941
2025-03-01T17:12:00Z,40.33445027175378,-75.9755794041377,85.98685058322026,16.764624491382808,-33.314598362082855,0.6498138837728616,1.4911911772710253,0.10614712226948797,4.481691365554814,0.0009999999965529765,0.0010000000018188177,0.001000000000308482,0.000999999995240509,0.0009999999936840228,0.0009999999894486605,0.000019000011027918966,0.000019000335051027068,0.9122549522920522,5.0097168883079775,7.422271964241413,0.015454004166718266,0.00024759476200311367,0.00036613108211479924,0.010512596963039994,0.0025189999999998217,0.0025189999999998564,0.002518999999999847,0.0010151899999998083,0.001015189999999787,0.0010151899999998049,-0.36785959386020506,9.730809115407904,0.847494903805054,0.011125666038753899,0.04044717527307801,-0.025108796847328026,10.422562916278839,-22.092000913619994,-25.004813442230226,983.7685424804688,-0.0022777713143578406,34.95602166120872
2025-03-01T17:12:01Z,40.335791809113324,-75.97598043281754,85.5590521283102,17.321622447688398,-34.62833022805324,0.6169233417120341,1.4987390809643932,0.12224987838581963,4.519873943840191,0.0009999999965326458,0.0010000000019373572,0.001000000000744168,0.0009999999951103818,0.0009999999938429308,0.000999999989260596,0.00001999991377649104,0.00002000034134508495,0.9023931562846692,5.646968230378764,8.284921455533128,0.015742559021734125,0.0002565514804541087,0.000373555661827793,0.010523143115632808,0.002519999999999821,0.002519999999999855,0.0025199999999998474,0.0010151999999998087,0.0010151999999997872,0.0010151999999998052,-0.4067599601347156,9.870648710280305,0.6967235467483059,0.008030283370509284,0.03518622725634721,-0.01078885781201467,6.485062765553594,-12.052500473856925,-20.708438329696655,983.9978393554687,0.12684562584898612,24.822483594574745
2025-03-01T17:12:02Z,40.337340694071685,-75.97640108562577,85.11647737404836,18.224727101028066,-36.06726578658838,0.6714381346583447,1.5143157071837545,0.12029477367610036,4.5498991878391095,0.0009999999968318583,0.0010000000019511491,0.001000000000645139,0.000999999994768395,0.0009999999938493755,0.0009999999892425647,0.000020999793667139035,0.0000210003487093009,0.8957604758055857,6.348129208853037,9.20688877646757,0.01661270867037098,0.00026477040072429094,0.00038050395519038797,0.010532337812348944,0.002520999999999823,0.0025209999999998563,0.0025209999999998463,0.0010152099999998073,0.001015209999999786,0.0010152099999998047,-0.5231139014974332,9.981297714549353,0.2745734080092059,0.016715078845542724,0.025409720460987738,0.0069310611967910276,10.599562919139862,-15.477563152611255,-22.561875858306884,984.0701123046875,0.22218740641147638,29.341795160602775
2025-03-01T17:12:03Z,40.33889074181626,-75.97684930606879,84.58812448844057,18.514097384243644,-38.07467933538707,0.24712677922630727,1.5227654020108168,0.15623257958779901,4.57173242896261,0.0009999999971361268,0.0010000000021977485,0.001000000000418444,0.000999999994818273,0.0009999999937044105,0.0009999999890605207,0.00002199964841084233,0.00002200035724255973,0.8938630954394418,7.165787847692514,10.105765928483065,0.018792462701662325,0.0002758086187298386,0.0003868265467740485,0.010543258057361813,0.0025219999999998234,0.0025219999999998573,0.0025219999999998473,0.001015219999999808,0.0010152199999997865,0.0010152199999998042,-0.027674082285808442,9.55099101713642,0.5994808044062248,0.009622537318413445,0.019283714721603083,-0.0312678495156259,9.993937859535217,-19.846500787734985,-24.304688510894774,984.0785229492187,-0.20655545000782885,32.931397032126355
2025-03-01T17:12:04Z,40.34050532056531,-75.97733872794929,83.84994223162599,18.888172994929583,-40.60833174917785,0.18459990249115893,1.5300881203594723,0.15769510671941628,4.573234914413391,0.0009999999970846578,0.0010000000016744898,0.0010000000006034034,0.0009999999946706515,0.0009999999937803147,0.0009999999887130647,0.000022999477283647403,0.000023000367019967274,0.9001210771058397,8.174725668619265,11.050505453369137,0.02332563392425902,0.0002833430792749913,0.00039288994964148253,0.010548561100544676,0.0025229999999998223,0.0025229999999998557,0.002522999999999849,0.001015229999999808,0.0010152299999997868,0.0010152299999998046,0.09335697190439489,9.97954296175419,0.3526990684142498,0.010972949566640975,-0.0031176649994940184,0.002940077720982504,10.892062892913819,-20.51756317138672,-23.224313297271728,984.1436279296875,0.21007648178936592,32.8477215127731
2025-03-01T17:12:05Z,40.341724843156356,-75.97786874983935,83.26839742425567,18.70663506566372,-43.17798869615694,0.05942766765817084,1.5294267732177258,0.17547368755231454,4.571033402955383,0.0009999999967902436,0.0010000000013811528,0.0010000000003794775,0.000999999994532082,0.0009999999937130724,0.0009999999883623814,0.00002399928211305981,0.00002400037805836252,0.9187681341247708,9.319715408539905,11.95189071635239,0.029771262133960374,0.00029259073258438385,0.00039660923589252375,0.010553327811028163,0.0025239999999998207,0.0025239999999998545,0.002523999999999849,0.0010152399999998076,0.0010152399999997861,0.0010152399999998037,0.16980765559319125,9.912783200580193,0.6641249319619363,0.002400480260697519,-0.005520399489739595,-0.01382816029887715,9.599250340461731,-20.990813274383544,-23.61300094604492,984.0628271484375,0.16057584851132517,33.02014980204188
2025-03-01T17:12:06Z,40.34213849199255,-75.97841288622219,82.96504296129389,18.614868750184097,-45.21844520314388,-0.10985552539682494,1.541051649587338,0.17793973210723432,4.572576459603261,0.0009999999966785907,0.0010000000013767492,0.0010000000004133588,0.0009999999945509536,0.0009999999938525032,0.0009999999887459704,0.000024999068181414564,0.000025000390247415777,0.9526664597637982,10.557791348953588,12.733800674768986,0.03661947246103014,0.0003014981127918571,0.0003960242430391759,0.01055486092670875,0.002524999999999819,0.0025249999999998555,0.0025249999999998503,0.001015249999999807,0.0010152499999997856,0.0010152499999998036,-0.0580747079295605,9.813220897485571,0.31049843671000554,0.012326365971817754,-0.00028398672855011516,-0.0004942839689721717,9.551437830924987,-19.9228133392334,-22.854750785827637,983.8573413085937,0.04262205175366979,31.78812428303799
2025-03-01T17:12:07Z,40.342581320382806,-75.97899366296866,82.45821029588531,18.04496764806294,-47.212742152789154,-0.2938128714476938,1.5349906695062079,0.1811601453472433,4.574828212239796,0.000999999996621803,0.0010000000014335816,0.001000000000484494,0.000999999994250627,0.0009999999941155912,0.0009999999886459807,0.000025998844299359824,0.000026000403339588987,1.000994749788935,11.86691949981275,13.357103341491976,0.04320465972214708,0.0003109222636399237,0.0003904394499827898,0.010553332277559002,0.0025259999999998205,0.0025259999999998543,0.00252599999999985,0.0010152599999998062,0.0010152599999997847,0.0010152599999998027,-0.17679270402258293,9.775355489093675,0.7504260678858399,-0.005550942561650462,0.000018108286212655976,-0.0006945676218208404,9.524437808990479,-20.36025079727173,-22.87706325531006,983.9223022460938,0.030225522580440655,32.07197340776844
2025-03-01T17:12:08Z,40.34221795812309,-75.9795381010998,82.16423653684966,17.588916238839623,-48.45062520210117,-0.5490574629838249,1.5297251722414462,0.18363953314077097,4.57402558461165,0.0009999999969495408,0.001000000001271872,0.0010000000007305606,0.000999999994306562,0.000999999994603771,0.00099999998876926,0.000026998622041953958,0.000027000416973029793,1.060430987122404,13.272696299583867,13.726752793992414,0.04920373629007904,0.0003211023952685057,0.0003793511603826321,0.010548946490677145,0.00252699999999982,0.0025269999999998536,0.002526999999999851,0.0010152699999998066,0.0010152699999997849,0.001015269999999803,-0.21941371288093653,9.636230513524358,0.6264687094517459,-0.005428769755687533,0.0002768072738055464,-0.0037188487527484537,9.841875343322753,-20.18325082778931,-22.792500705718993,983.7428344726562,-0.11629857517954133,31.995639506698268
2025-03-01T17:12:09Z,40.34103049153629,-75.9799938306502,82.14472126872012,17.458312184922377,-48.69428247864196,-0.7833594290795104,1.5275301727474915,0.17376858036765272,4.568682119504127,0.000999999997146629,0.0010000000011092006,0.0010000000005338096,0.000999999994452675,0.0009999999947610204,0.0009999999889132502,0.000027998414945015738,0.00002800043073768233,1.126634390477445,14.798165601226794,13.808007580809432,0.05414072430942797,0.0003306050032164029,0.00036311251599526877,0.010540927442550243,0.0025279999999998216,0.0025279999999998537,0.00252799999999985,0.001015279999999807,0.0010152799999997852,0.0010152799999998039,-0.16255540848932348,9.581177925108593,0.3932574107080843,-0.002384626880105015,-0.0004196784914797209,0.003500037095156879,10.184625387191772,-20.754000663757324,-22.990125846862792,983.5216381835937,-0.18471694338896538,32.603645456345845
2025-03-01T17:12:10Z,40.340615474491734,-75.98053634954859,81.41464493798773,17.18098002271889,-49.817819866734006,-1.0509994840461967,1.5097998136732877,0.1657426571474697,4.564820838501014,0.0009999999970904904,0.001000000001172457,0.0010000000002755387,0.0009999999946914127,0.0009999999949785992,0.0009999999887833411,0.000028998235220059172,0.000029000444277044973,1.1930141179494032,16.411421082582052,13.636187413502963,0.05760143646016727,0.00033964312384635135,0.000343015659052678,0.010530698865185841,0.0025289999999998205,0.0025289999999998543,0.0025289999999998486,0.0010152899999998077,0.0010152899999997865,0.001015289999999804,-0.08092027611962478,9.613959653217478,0.6091697760007905,-0.017299908379521466,-0.0027307835792110707,0.005994401723134923,10.311375341415406,-20.295000820159913,-22.97793830871582,983.8145068359376,-0.1416510725043771,32.34492027832679
2025-03-01T17:12:11Z,40.33970309051377,-75.98099089292126,80.78952900525744,17.146739255508706,-50.194548435116126,-1.4263708824488086,1.5096555768752653,0.18550011799422764,4.560706719997356,0.000999999997228956,0.0010000000011757535,0.000999999999936739,0.000999999994567039,0.0009999999947090201,0.0009999999889736453,0.000029998091130462354,0.000030000457354469737,1.2539847076225559,18.153630106576305,13.212998321152332,0.06025219791216535,0.00035272257691442875,0.00032019738122471356,0.010523684635570862,0.0025299999999998215,0.0025299999999998553,0.0025299999999998496,0.001015299999999809,0.0010152999999997873,0.0010152999999998044,0.001667401401090466,9.451904685597734,0.5700216234359028,0.00010907004302922294,0.0019992456545647563,-0.025679938435013688,9.306375365257264,-20.647875652313232,-23.637375907897948,983.7292895507812,-0.30611690462859525,32.73630386069052
2025-03-01T17:12:12Z,40.33935745173709,-75.98154851563689,79.36927379858845,16.72362552577257,-51.49899429655472,-1.7753433895970647,1.5084807419111612,0.19710078034933368,4.546314840335804,0.0009999999971751841,0.0010000000008017975,0.0009999999995939412,0.000999999994762384,0.0009999999948081201,0.0009999999889066797,0.000030997986005217376,0.00003100046987988736,1.3062866813638394,20.011246036775127,12.647076860377517,0.062113235165548376,0.0003630961728250023,0.0002977116591440001,0.010514807396625555,0.002530999999999823,0.0025309999999998563,0.002530999999999851,0.0010153099999998085,0.0010153099999997861,0.0010153099999998041,-0.08554639773228324,9.552783035277145,0.8260791438253609,0.001463821721030646,-0.012077014819647191,-0.014123411534018538,9.329062824249268,-20.22262575149536,-24.034875926971434,984.0653002929688,-0.18625215777656995,32.766719738860985
2025-03-01T17:12:13Z,40.339173493061665,-75.98216084507402,77.42933003711249,15.978930960936848,-53.27071337910948,-2.1473879629326995,1.5039811823142992,0.2128473467441964,4.526665620682427,0.0009999999973045028,0.0010000000005164883,0.0009999999997065286,0.0009999999946616442,0.0009999999945972799,0.000999999989304004,0.00003199791857245886,0.0000320004818960001,1.349264465018491,22.032665972309914,11.993338895256095,0.06420429202746845,0.0003734389089689065,0.0002760887248807585,0.010507219596965324,0.0025319999999998217,0.0025319999999998555,0.0025319999999998525,0.0010153199999998076,0.0010153199999997863,0.001015319999999804,-0.026418839216094583,9.580489453549443,1.0580005407083382,-0.0005118092128265873,-0.018079178147078115,-0.01720794486788294,10.406625347137451,-20.100000705718994,-23.937375869750976,984.3509619140625,-0.13612866480092586,32.94392935100577
2025-03-01T17:12:14Z,40.33850278085469,-75.9826236495648,75.82388252649727,15.51164769193733,-54.29413802717453,-2.4899951582608835,1.4997508773214745,0.2139974788900468,4.479968449660674,0.0009999999970421475,0.0010000000009167684,0.0009999999999108027,0.0009999999946236377,0.0009999999945553748,0.0009999999894683216,0.00003299788585353859,0.000033000493453588316,1.3875003506433905,24.46202683062908,11.28665319717684,0.06890260359927813,0.00038064747378605473,0.0002571655684850797,0.010499154119404115,0.0025329999999998227,0.0025329999999998565,0.002532999999999852,0.0010153299999998084,0.001015329999999787,0.001015329999999805,0.4678735974979534,9.606143036523939,1.0094889984866433,0.005464985476246742,-0.04092001321063036,-0.010152790511118788,10.149375400543214,-20.782688312530517,-23.824125938415527,984.3076196289062,-0.10443248642995526,33.204149481304995
2025-03-01T17:12:15Z,40.337682653908445,-75.98296905420817,74.45030285082922,15.448459856774072,-54.47753494002433,-2.7256650647587906,1.5012597392618534,0.23668905732363932,4.429420674568334,0.000999999996953902,0.001000000000970628,0.0009999999998415703,0.0009999999946975107,0.0009999999947882014,0.0009999999896645416,0.00003399788307324436,0.00003400050464269705,1.422803253581793,27.062497861714764,10.568825000875266,0.07198928382941942,0.0003923424679883914,0.00023962534650754383,0.010496228899819625,0.0025339999999998237,0.0025339999999998575,0.002533999999999853,0.0010153399999998087,0.0010153399999997875,0.0010153399999998053,0.371064308827403,9.632503968597497,0.8341735502146466,0.012436520989009317,-0.04042080642521724,-0.03577422857069566,9.917812852859496,-20.987813262939454,-24.514126071929933,984.3077124023438,-0.09910579253459356,33.76077974757482
2025-03-01T17:12:16Z,40.3370621821397,-75.98331836017955,72.84716782311781,15.300436390106373,-55.01260299614154,-2.9854480091920905,1.4888990510719913,0.2249386974684666,4.36674843773436,0.000999999996927574,0.0010000000011641881,0.00100000000010851,0.0009999999944416682,0.0009999999945640011,0.0009999999894414616,0.00003499790335557818,0.00003500051563192295,1.4540567447166448,29.98214268775677,9.89492883380464,0.07546569634432514,0.00039636720817541295,0.0002249556139943176,0.010491498603937357,0.0025349999999998226,0.002534999999999856,0.002534999999999855,0.0010153499999998087,0.0010153499999997872,0.001015349999999805,0.6145137380305095,9.67493668301803,0.8112835308314954,0.001535089289173654,-0.0552142492860902,-0.0022217300908584647,9.744000363349915,-20.85506315231323,-23.758313484191895,984.5015209960937,-0.046408812737313156,33.08070866751358
2025-03-01T17:12:17Z,40.336535797930075,-75.98355527934986,71.56616151679334,15.353858501282053,-54.74889116279294,-3.1395738556360944,1.4776850624278288,0.21230749036718954,4.295442089648562,0.0009999999967999077,0.00100000000112596,0.0010000000000340299,0.0009999999945443543,0.0009999999944823427,0.000999999988982709,0.00003599793875293225,0.00003600052665543606,1.4805404448764217,33.00935551139606,9.314205201541492,0.077459241583986,0.00039944321768076656,0.0002133975780015676,0.01048970790302441,0.0025359999999998236,0.0025359999999998574,0.002535999999999856,0.0010153599999998095,0.0010153599999997863,0.0010153599999998058,0.7064778970904949,9.64901438458644,0.9588807998621373,0.003571304533096539,-0.062106840269248724,-0.006059996612657502,8.685937864780426,-20.57718822479248,-23.53950090408325,984.4989697265624,-0.0525089921240584,32.449514375902375
2025-03-01T17:12:18Z,40.33618607303838,-75.98357698188265,71.31208550588453,15.96619756163689,-52.63870770744183,-2.916812768531246,1.4662808991675502,0.1924251654136787,4.231462620115666,0.000999999996744413,0.0010000000013905715,0.0009999999997310294,0.0009999999942810003,0.0009999999942353073,0.000999999989300498,0.00003699798156147287,0.0000370005380912511,1.4975566893554992,35.75973602979636,8.888606457350228,0.07592912066708937,0.0004025772671164125,0.00020366474611747907,0.010490811820170979,0.0025369999999998224,0.002536999999999856,0.0025369999999998553,0.0010153699999998099,0.0010153699999997858,0.0010153699999998062,0.3773013404180525,9.689853220516392,1.3500818033799433,0.000509637300601975,-0.05263810205223866,-0.004890507788158995,8.785125312805176,-20.112750778198244,-24.532688426971436,984.2387768554687,0.015771143710794976,32.91732997895643
2025-03-01T17:12:19Z,40.33611788802506,-75.98362004589609,71.19127167755968,16.762804672833397,-51.086935772314405,-2.79305342014774,1.4520878314016172,0.1743008797838669,4.160026715859495,0.0009999999967206918,0.0010000000012963402,0.0009999999997561966,0.0009999999940704905,0.0009999999943077183,0.0009999999894009476,0.00003799802673354533,0.00003800055032181392,1.5044005982132058,38.72944352351033,8.595396742058703,0.07444281020546593,0.00040351479140014507,0.0001982891682552098,0.010494024291088633,0.0025379999999998225,0.0025379999999998563,0.0025379999999998563,0.0010153799999998098,0.0010153799999997846,0.0010153799999998061,0.7140152952481642,9.6404800643907,1.1566077120032057,-0.0018450294069721751,-0.06155706206831167,-0.007149371936986212,8.180062804222107,-20.566875858306886,-24.89681354522705,984.2714086914062,-0.039275573434281896,33.3130265097776
2025-03-01T17:12:20Z,40.33614376423766,-75.98386883499592,70.28080779528263,16.670130536890248,-50.332104674777256,-2.651205544872463,1.440343988166182,0.16547578581489952,4.098733299619618,0.0009999999964403542,0.001000000001278638,0.0009999999997841766,0.0009999999939240235,0.0009999999943204102,0.0009999999895889998,0.00003899807220535993,0.00003900056369207218,1.5018843923557188,41.2338398531267,8.529096408182522,0.07115245813632054,0.0004045557102174277,0.00019521581900068115,0.010499311642981284,0.0025389999999998235,0.0025389999999998573,0.0025389999999998543,0.0010153899999998093,0.0010153899999997846,0.0010153899999998058,0.4368473122682787,9.689304052633021,1.7425831778120304,-0.0016233828491397971,-0.055001448195094275,-0.009757397498485533,6.75637529373169,-20.183250694274903,-25.144688663482665,984.6546020507812,0.07926438601898511,32.94334867442755
2025-03-01T17:12:21Z,40.336217685781925,-75.98414905855388,69.46171840757894,16.866919736148166,-49.76333615660615,-2.531784504332814,1.4345829432514206,0.1576596217571787,4.037975638262118,0.0009999999964154585,0.0010000000012906519,0.0010000000001776797,0.000999999993769865,0.0009999999942023282,0.0009999999895965814,0.000039998118298126895,0.00004000057851017601,1.4904783364593084,43.69274745067983,8.605006857689013,0.06734279378444738,0.0004043816937082003,0.00019513940729706355,0.010505945492809105,0.002539999999999822,0.0025399999999998557,0.002539999999999855,0.0010153999999998082,0.001015399999999784,0.0010153999999998047,0.37782370271610294,9.67138740126164,1.591184189831433,0.004110901934932002,-0.05524479265410677,-0.010641482580888196,5.532937724590301,-20.949375762939454,-25.20618854522705,984.7580639648437,0.033453733876611616,33.23910789588036
2025-03-01T17:12:22Z,40.33629461360212,-75.98445007064146,68.75717019019025,17.529452020612762,-49.23560058074959,-2.5225878681674487,1.423186188157027,0.14529727434091735,3.982728988285412,0.000999999996460532,0.0010000000013583965,0.0010000000001858613,0.0009999999942393613,0.0009999999942619869,0.0009999999893849747,0.00004099816616433083,0.000041000594953049473,1.4720439058605188,46.03544197432469,8.776810022022978,0.06249722083552438,0.00040348465447732413,0.00019674575762819603,0.010513437745165005,0.0025409999999998216,0.002540999999999855,0.002540999999999855,0.0010154099999998088,0.001015409999999784,0.0010154099999998053,0.23900011642511523,9.542892765043876,1.40514223033172,-0.002598429425287775,-0.05102982539980807,-0.005917461736744968,4.770750176906586,-20.908125743865966,-24.71662609100342,984.8173852539062,-0.12653938362211203,32.72335626631931
2025-03-01T17:12:23Z,40.33629616704398,-75.98481791034271,67.92727551432418,17.952330928005352,-49.01787107378682,-2.294760165146696,1.4155575584780475,0.1332394990790278,3.9226908105302836,0.0009999999965312576,0.0010000000014046772,0.0010000000002126346,0.0009999999943622452,0.0009999999941046602,0.0009999999890280063,0.00004199821679341869,0.000042000613112514905,1.4489739027312143,48.322366765288635,9.138971640205776,0.058777292371510505,0.00040018208834991594,0.0002018769041978305,0.010521630183466477,0.0025419999999998204,0.0025419999999998543,0.0025419999999998543,0.0010154199999998083,0.0010154199999997831,0.0010154199999998046,0.3310531787722055,9.780388267140516,1.6047409043192957,0.0013908852511648453,-0.05693418395174086,-0.005941995872913423,4.386750175952911,-19.545000801086427,-24.825938549041748,984.9798754882812,0.1413810917249279,31.899445182858063
2025-03-01T17:12:24Z,40.336214127112015,-75.98521645627099,67.21994570496996,18.73013238204972,-48.921726867080736,-2.327371213055147,1.4100286468465368,0.12213827106731728,3.861962455366745,0.0009999999966305996,0.001000000001304007,0.0010000000002797311,0.0009999999943879076,0.0009999999946161148,0.0009999999889761851,0.0000429982702324842,0.00004300063301757454,1.4236124359891842,50.527697037539184,9.569860292961847,0.05476294459340395,0.0003956539302942503,0.0002093729094318978,0.010530431556297704,0.0025429999999998223,0.0025429999999998535,0.0025429999999998535,0.0010154299999998071,0.0010154299999997822,0.0010154299999998037,0.31576983720737,9.52710012499351,1.408532050043132,0.0031131566199196154,-0.05794277869180766,-0.007485347925811606,4.791375195980072,-18.961313247680664,-24.380626010894776,985.0437475585937,-0.13949011263599875,31.255406115777415
2025-03-01T17:12:25Z,40.336031043919036,-75.98568992117963,66.07638655926178,19.257364144063907,-49.30454020977561,-2.341076358051541,1.4104870856768987,0.11082393061916136,3.8026924010809884,0.0009999999967412526,0.0010000000016678857,0.0010000000003685704,0.0009999999948507945,0.0009999999947652638,0.0009999999888379966,0.0000439983255512959,0.00004400065464009514,1.396694009772474,52.789612975642676,10.075548252200269,0.05086560978173233,0.00039007177022057067,0.00021858234612529316,0.010539590703216523,0.0025439999999998216,0.002543999999999854,0.002543999999999854,0.0010154399999998075,0.0010154399999997826,0.001015439999999804,0.33152389207590266,9.63489676090798,1.2343633346613447,0.008090369223641172,-0.057815431493706444,-0.004910535736985988,3.818250146433711,-18.52181327819824,-23.864063396453858,985.3008715820313,-0.05599104586704817,30.44876049750516
2025-03-01T17:12:26Z,40.335661309571066,-75.98615544172166,65.60479850957016,20.528915755314856,-48.86834467692262,-2.104265383969031,1.4137069172185468,0.10272816333820775,3.7540549431560937,0.0009999999966428155,0.0010000000016811158,0.001000000000653206,0.0009999999950027082,0.0009999999949580455,0.0009999999891167738,0.00004499838071866302,0.00004500067796510887,1.368125323417758,54.467820967347095,10.709930468078941,0.04704027005548664,0.00038717257313506515,0.00022648957502033456,0.010549145327772593,0.002544999999999822,0.002544999999999853,0.002544999999999853,0.0010154499999998068,0.001015449999999782,0.0010154499999998033,0.06432405906217085,9.692683513003907,1.6803168338185837,0.009618866760155428,-0.04628544224896084,-0.009470658135769474,2.1931875848770144,-18.437438259124757,-24.226501064300535,985.1574633789063,0.0621239803532465,30.52326064358564
2025-03-01T17:12:27Z,40.33513690723036,-75.98667072429811,65.05507125596688,21.888109260880228,-48.104779783379975,-1.9624711013286262,1.4053450475501252,0.08458621977332642,3.71476044373138,0.0009999999968253136,0.0010000000016159927,0.0010000000007251409,0.0009999999948421337,0.000999999995037326,0.0009999999889225297,0.00004599843132882166,0.00004600070297088902,1.3359151833148597,55.4775175228069,11.32677088071478,0.04202943149570846,0.00038534330058311803,0.0002331371700338118,0.010558735397579046,0.0025459999999998236,0.002545999999999853,0.002545999999999853,0.0010154599999998063,0.0010154599999997814,0.0010154599999998028,-0.40209199404258633,9.540909929180026,1.9754322853472697,-0.0034459633590361288,-0.03947947403414143,0.0032710463209204856,0.24937501057982445,-18.622688236236574,-24.08606340408325,985.2973461914063,-0.023860616601883315,30.44670833315729
2025-03-01T17:12:28Z,40.334632242362595,-75.98722745949613,64.15444455634542,22.616600372189755,-47.52929364502285,-1.56639934458579,1.4055545400719764,0.07088805890140851,3.6808584842118943,0.0009999999970778078,0.0010000000017449853,0.0010000000006233835,0.0009999999946297875,0.0009999999946355743,0.000999999988828144,0.00004699846936378714,0.00004700072959019526,1.2995521202085178,56.319368350755695,11.990372009370821,0.0375370131970761,0.00038473887121470485,0.0002393834508006402,0.01056850911374406,0.002546999999999822,0.0025469999999998515,0.002546999999999855,0.001015469999999806,0.0010154699999997809,0.0010154699999998023,-0.4670420929360432,9.858187078474336,2.1405363773075443,0.0037443832506704067,-0.03455683828935384,0.003041888676795809,-0.10068750523030758,-19.163813285827636,-23.776875953674317,985.6074658203125,0.32322308867585825,30.538477227407878
2025-03-01T17:12:29Z,40.333970227819954,-75.98780599952917,63.512078465699204,23.420407876338274,-47.12789469583868,-1.3561767925890797,1.3995044117057462,0.05305510799099795,3.6408443539309183,0.000999999997004927,0.0010000000019159984,0.0010000000008219133,0.0009999999947007709,0.000999999994529092,0.0009999999890492066,0.00004799848337582095,0.000048000757703628235,1.2616262986204743,57.162568452867255,12.69410763118876,0.03396331340571734,0.00038188805692495015,0.00024827631141212793,0.010578460071070382,0.0025479999999998212,0.0025479999999998525,0.002547999999999854,0.001015479999999807,0.0010154799999997812,0.0010154799999998027,-0.29172795786292194,9.704807050067428,2.0331784055028086,-0.002516981334099956,-0.04151051568091535,0.006198023411441307,-0.5276250210404396,-18.140438156127928,-23.204250926971437,985.6879467773438,0.14426026243847728,29.458244000871137
2025-03-01T17:12:30Z,40.332852138472546,-75.98842444670531,63.26524863001416,24.955535146679033,-46.5073724554574,-1.2990717779562546,1.3926751373863382,0.0427217294337082,3.6147163044905732,0.0009999999969603605,0.0010000000016957315,0.0010000000005297833,0.0009999999944019517,0.0009999999942188137,0.0009999999890523915,0.00004899845851667028,0.00004900078713538728,1.2233042020541938,57.67321263920768,13.371423929099194,0.03048919580823456,0.00038318170356894227,0.0002539469969842692,0.010588385337428475,0.0025489999999998222,0.0025489999999998517,0.002548999999999856,0.0010154899999998078,0.0010154899999997799,0.001015489999999803,-0.4426522952224728,9.482030694428076,2.1720752245316337,-0.0038665578932197504,-0.026451030111057348,-0.0006044401420302067,-3.048750113248825,-18.265500764846802,-23.16506332397461,985.604091796875,-0.037901676990270826,29.657048535927725
2025-03-01T17:12:31Z,40.33191686263312,-75.98904101862459,62.69416241568352,26.43972936300743,-46.822050909050155,-1.1948645375496512,1.389426535097985,0.02121413043069708,3.598900745741884,0.0009999999968049787,0.0010000000014090632,0.0010000000004983434,0.0009999999946595595,0.0009999999943176158,0.0009999999891228649,0.000049998378932029585,0.00005000081770484737,1.1831214007494277,58.991600325072774,13.893674670670485,0.02550368504103076,0.00038695996876471854,0.0002575727353153941,0.010598642079544971,0.0025499999999998215,0.002549999999999851,0.0025499999999998553,0.0010154999999998074,0.0010154999999997787,0.0010154999999998039,-0.4228147542762907,9.749193945565118,1.2782827464634843,-0.0015294162879286336,-0.018837251480320297,0.014434516767742947,-2.5886251032352448,-17.322563228607176,-22.228125801086424,985.8168481445313,0.06614458523807802,28.299449915816297
2025-03-01T17:12:32Z,40.33002324234058,-75.98974954662117,62.67431822875422,28.649406423058515,-47.44827309531741,-1.1508557439274578,1.3984695808558094,6.279852969933318,3.5737772170458038,0.0009999999968742892,0.0010000000011450322,0.0010000000004862818,0.0009999999947001418,0.0009999999944706802,0.0009999999893399274,0.00005099823172030114,0.00005100084936689204,1.141303180236114,60.64070658857202,14.51073456890681,0.022137600978100254,0.00038839061547714756,0.0002650965465147235,0.010609125857643138,0.0025509999999998208,0.002550999999999851,0.0025509999999998546,0.0010155099999998077,0.0010155099999997793,0.0010155099999998043,0.0378735623176663,9.689539430398,1.029718161193461,0.01138503296950846,-0.028263595862452473,0.013205109354176252,-3.9093751525878906,-17.63025074005127,-22.94831335067749,985.6067065429687,-0.031365463454586406,29.201559222934286
2025-03-01T17:12:33Z,40.32882882481786,-75.99040638841372,61.99972202205367,30.280719887416307,-47.95327145482815,-1.3563695549275405,1.382079247350452,6.267077732722926,3.567078208090557,0.0009999999970321733,0.001000000001358052,0.001000000000345628,0.0009999999949710822,0.0009999999945731234,0.0009999999890532999,0.000051998002576160686,0.000052000882165860973,1.0979353321442789,62.21910110337509,14.997590437986936,0.01885145337216392,0.0003956619141770422,0.0002687344334970889,0.010619398749880804,0.0025519999999998218,0.0025519999999998513,0.0025519999999998556,0.0010155199999998077,0.001015519999999779,0.0010155199999998042,-0.2621367071986296,9.51960263951505,0.9890303724372242,-0.015548762998831749,-0.008574723313931618,0.008183334135245064,-3.7102501440048217,-17.94093828201294,-22.238438377380373,985.9156005859375,-0.20107480522657,28.812990540456084
2025-03-01T17:12:34Z,40.32730474484223,-75.99109452987915,61.29625117250212,32.047394398034385,-48.716586017552636,-1.2969930582299816,1.3915859067924337,6.257621715490083,3.5639460180012117,0.0009999999972863801,0.0010000000015140818,0.0010000000006574368,0.0009999999946289195,0.0009999999946370983,0.0009999999889651263,0.00005299767341644886,0.000053000916246094865,1.0529769387906098,64.32545172325011,15.519673858179601,0.017196302692451194,0.0004043656569932508,0.0002730863047481055,0.010629532197515574,0.002552999999999822,0.0025529999999998505,0.0025529999999998557,0.0010155299999998067,0.0010155299999997781,0.0010155299999998033,-0.15234603096806754,9.833899886447819,0.7753513165212195,0.010148281565385968,-0.004543015897745514,0.005526071928270558,-4.797187688350678,-17.51250069618225,-22.431188373565675,985.9647973632813,0.09014529906068837,28.85924388080048
2025-03-01T17:12:35Z,40.325141545132965,-75.99183035704513,60.65776394446117,33.861431817286906,-48.91744014393301,-1.4860113922359708,1.3922446848759273,6.2492256104646335,3.5578338096510302,0.000999999997524199,0.0010000000013557935,0.0010000000005403612,0.000999999994457991,0.000999999994375547,0.0009999999887399798,0.00005399721949666178,0.00005400095181625437,1.009605203197463,66.08719319046726,16.08975814938787,0.01640111563884995,0.000412546305333604,0.00028005213680526626,0.010639616238452894,0.0025539999999998216,0.0025539999999998502,0.002553999999999856,0.0010155399999998056,0.001015539999999777,0.001015539999999802,-0.2547568804750289,9.505880486596265,1.1508106779351852,0.0008200769703956903,-0.007293910351700038,0.003701655869124316,-5.45437520980835,-17.728313217163088,-22.601813278198243,985.9618188476562,-0.1967732773401951,29.23836996925556
2025-03-01T17:12:36Z,40.323158093159726,-75.9925432086783,59.76131776006894,35.33983956045898,-49.06591309597036,-1.4664899557483828,1.3842112874148247,6.242358370206482,3.5590429031072226,0.0009999999974668,0.0010000000015011057,0.001000000000303839,0.000999999994303749,0.000999999994595171,0.0009999999887109218,0.000054996606187423696,0.000055000989068689805,0.9704472939121291,68.11998647966416,16.714324566752477,0.016608591462075925,0.0004228838561557322,0.0002865697168384332,0.01064971607904248,0.002554999999999822,0.002554999999999851,0.0025549999999998564,0.0010155499999998062,0.0010155499999997776,0.0010155499999998023,-0.23043181302150864,9.73060971005622,1.2145937886170606,-0.008238748338119412,0.00002828922079802323,0.004681042772491489,-5.73656274318695,-17.122500762939453,-22.70962577819824,986.1374487304688,0.03337703807675789,29.014002256817466
2025-03-01T17:12:37Z,40.31994378302395,-75.99332400665092,59.05275496327313,36.98925152228003,-49.297139906382895,-1.570809052987999,1.3867361444983868,6.23695999414919,3.561215572913541,0.0009999999977864697,0.0010000000017231859,0.0010000000002297242,0.0009999999944034928,0.0009999999946749985,0.0009999999887646282,0.00005599579576964846,0.00005600102828642256,0.9381141638635201,70.63145501307393,17.323323030320207,0.018584932348144578,0.00043306710610962557,0.0002942675706002099,0.010659730899218173,0.002555999999999823,0.002555999999999852,0.002555999999999857,0.0010155599999998063,0.001015559999999778,0.0010155599999998027,-0.22455239532756757,9.645056464459529,0.9129798000207583,0.0014109127669548526,0.0011680691886969104,0.0032109616732776776,-7.276125273704529,-16.50318826675415,-23.00906328201294,986.085537109375,-0.08467461137303722,29.235444789943664
2025-03-01T17:12:38Z,40.31762494768067,-75.99403187699716,58.01804342824385,38.08475656491748,-49.08640694081843,-1.502364682082034,1.3888901196474273,6.220939588009434,3.567037213509545,0.000999999997732934,0.001000000001458402,0.0010000000001809276,0.0009999999941778528,0.0009999999947290846,0.000999999988838468,0.00005699474578046732,0.00005700106978559391,0.9150783867122037,72.88855690458772,18.00478530666423,0.020336802098628887,0.0004439836817099545,0.0003019635367055093,0.010670675782199553,0.002556999999999823,0.002556999999999851,0.0025569999999998567,0.0010155699999998067,0.001015569999999778,0.001015569999999803,-0.23071097170930036,9.76997161610749,1.3672159965234685,0.0010565782067509899,0.002736456322065558,0.015788600458512592,-7.632562828063965,-16.42743821144104,-22.729688301086426,986.362412109375,0.0923897843349065,29.064626373915704
2025-03-01T17:12:39Z,40.313242903027394,-75.99482239380912,57.31828429535764,38.9469045930498,-48.524359026393654,-1.584417645848613,1.3829936619303433,6.201452531349859,3.573674076029088,0.0009999999979618363,0.0010000000016641252,0.0009999999999516554,0.0009999999941654855,0.0009999999948371282,0.00099999998901578,0.00005799341057150549,0.00005800111385950479,0.9026371294730564,75.25932798035036,18.666563201391956,0.022952895842588115,0.0004540444009633067,0.00031004245391177195,0.010682241901248984,0.0025579999999998234,0.002557999999999852,0.0025579999999998573,0.0010155799999998073,0.0010155799999997787,0.0010155799999998038,-0.09749743808237242,9.597827627837177,1.3008131998716954,-0.008893674925720223,0.0027703376204445025,0.019694296352073825,-7.868625340461731,-15.715313177108765,-22.16962574005127,986.247783203125,-0.08947574532167882,28.290912887295857
2025-03-01T17:12:40Z,40.30895591954532,-75.99557227778013,56.434855058503466,39.58645865518444,-47.97954023603678,-1.6696313661350477,1.3805573375513274,6.192053196511974,3.591170999865482,0.0009999999979895704,0.0010000000012262695,0.0009999999997872227,0.0009999999942799773,0.0009999999948213279,0.0009999999888247676,0.00005899175522440332,0.00005900116084042602,0.9030543541268249,77.75847128415217,19.267772070874464,0.027305225732887933,0.0004643779023576278,0.00031510734206469755,0.010693215966983223,0.0025589999999998253,0.0025589999999998505,0.002558999999999856,0.0010155899999998077,0.001015589999999779,0.001015589999999804,-0.08319345942867132,9.641756207782352,1.147076307276933,-0.005041888333920916,0.015177735725380715,0.012886992528881754,-6.686437759399414,-15.49368808746338,-22.260375843048095,986.4059497070313,-0.0654972724420245,27.933569468486198
2025-03-01T17:12:41Z,40.34579815435168,-75.9651740694219,61.21367628655608,15.003725245674557,-12.60326189166028,-0.7985185105482193,1.5041349668098711,6.1995939280715335,3.6221601456750876,0.0009999999975863739,0.0010000000009144907,0.0009999999998054428,0.0009999999939545234,0.0009999999952200376,0.0009999999888182145,3.075059921826546e-10,3.0750615571798894e-10,0.5166478506178639,0.004504493901035542,0.004503100695507861,0.01758919335154593,0.00018916292736893071,0.00022446944639779824,0.006484116477535447,0.0025599999999998246,0.0025599999999998515,0.0025599999999998575,0.0010155999999998063,0.0010155999999997781,0.0010155999999998029,-0.09200702345791083,9.570250756580398,1.4045440163862846,-0.009531744911164508,0.01747865952619091,0.004884664061420425,-6.290812721252442,-16.600125751495362,-22.56412582397461,986.380810546875,-0.10578672384229262,28.710195817774597
2025-03-01T17:12:42Z,40.34581269749646,-75.9653178039752,60.42740777994266,15.428278824110494,-11.785601107155053,-0.9204704364649027,1.507181168848138,6.191035200672692,3.634791663694931,0.0009999999975289595,0.0010000000008998304,0.000999999999848858,0.0009999999940373794,0.0009999999953711608,0.0009999999886409433,1.0003075061511497e-6,1.0003075065348519e-6,0.5632382958956574,0.04598707084934272,0.02303336573959229,0.01846981074879853,0.000199881273606107,0.00023277324190384085,0.006478356393839058,0.0025609999999998264,0.0025609999999998503,0.0025609999999998577,0.0010156099999998071,0.0010156099999997785,0.0010156099999998037,0.08890736544129314,9.64823383368729,1.160617329497024,0.0037942869918049585,0.011222302563737789,0.009489849650154277,-6.028125228881836,-15.780938196182252,-23.242313346862794,986.2833178710938,-0.06088520586051378,28.73288188747154
2025-03-01T17:12:43Z,40.34583412308479,-75.96545023515623,59.472953404551475,15.797666932557267,-10.686195470138014,-0.9956056519210553,1.5097478925796308,6.19321712880653,3.6547067371245636,0.0009999999976598305,0.001000000001099017,0.0009999999995927015,0.0009999999943915438,0.0009999999956490902,0.0009999999886610284,2.000307507283405e-6,2.000307510121901e-6,0.6161841814430871,0.18361493804980486,0.07582500148553954,0.019182390383958515,0.00021055918961070214,0.0002396311782983936,0.0064717744495519335,0.0025619999999998266,0.002561999999999849,0.0025619999999998587,0.0010156199999998062,0.0010156199999997793,0.0010156199999998025,0.02966800964932881,9.697828029631669,1.4000375479858638,0.00430434253756172,0.0198406701478053,-0.0009592759595943071,-4.787437692880631,-15.911063146591186,-25.181251163482667,986.4639599609375,0.01920842140997513,30.169087182440798
2025-03-01T17:12:44Z,40.345859428836356,-75.9655711975889,58.53107125771215,16.17287589367563,-9.84884673613751,-1.188786562068422,1.5093407660171283,6.194976474615297,3.6747693045404612,0.0009999999977104961,0.0010000000013268308,0.0009999999993395025,0.0009999999943793056,0.0009999999952770176,0.0009999999886673942,3.0003075088830717e-6,3.0003075239426343e-6,0.6714600853811915,0.3911953517202799,0.16413773925623967,0.02007506594004857,0.0002206743238472947,0.00024581818793683105,0.0064518312814801975,0.0025629999999998284,0.0025629999999998497,0.002562999999999858,0.001015629999999807,0.0010156299999997784,0.0010156299999998035,0.08706372385278582,9.572565709785238,1.113310053223388,0.0004896083538030293,0.01731092224433433,-3.588645277257524e-6,-5.172562742978334,-28.337813549041748,-29.38481369972229,986.456923828125,-0.14181291249442982,41.14912099706894
2025-03-01T17:12:45Z,40.34588239969516,-75.96568234533943,57.66766824942023,16.419607258480443,-9.045102237733444,-1.2540840628749375,1.504311566726362,6.1971334683387775,3.6993951208587097,0.0009999999975746686,0.0010000000015543127,0.000999999999600218,0.000999999994551574,0.0009999999954866804,0.0009999999889974875,4.0003074984348e-6,4.000307559734646e-6,0.7260089099244087,0.6706888808874921,0.28979134203100215,0.020796829170832056,0.0002305909878874443,0.00025094069008901106,0.006418339924885756,0.0025639999999998294,0.002563999999999851,0.002563999999999858,0.0010156399999998074,0.0010156399999997788,0.0010156399999998037,0.13431412078917493,9.66759869162109,1.1188011135068188,-0.00494007742308529,0.017468478242836045,0.0008834998634038177,-12.959813022501766,-16.71937578201294,-15.909188089370728,986.4160864257813,-0.046334976325325336,26.46873333868492
2025-03-01T17:12:46Z,40.34590788053253,-75.96578266697306,56.567334515937944,16.689406287722235,-7.986789108157937,-1.4634111910318808,1.503663141490289,6.21099122103327,3.7242070249243695,0.0009999999976362977,0.0010000000013832278,0.0009999999995131187,0.0009999999941237897,0.0009999999954530046,0.0009999999891084964,5.000307428981749e-6,5.0003076337561025e-6,0.7772590372717629,1.046463059021885,0.45303138069028354,0.02179006507853236,0.0002401333416642006,0.0002547932105418851,0.006385609584100301,0.0025649999999998296,0.002564999999999852,0.0025649999999998573,0.0010156499999998082,0.0010156499999997798,0.0010156499999998039,-0.12375179157101471,9.534398221014376,1.3308450941397771,-0.00009388441532676682,0.02019700810353222,-0.01103854497166922,-3.252375137396157,-12.102750496864319,-23.35031352996826,986.6332275390625,-0.15187147914293603,26.500734915775684
2025-03-01T17:12:47Z,40.34593348848438,-75.96587237637841,55.25934995882604,16.9429064271434,-7.203770731063523,-1.5878290165402977,1.5014424320887652,6.22335205588674,3.7555595184857236,0.0009999999975958875,0.0010000000012126585,0.0009999999999098516,0.000999999994251205,0.0009999999953545903,0.0009999999889509868,6.000307188368316e-6,6.000307767223672e-6,0.8239080277046467,1.4559673238906958,0.6578420708187196,0.022499604021868465,0.0002503898947930564,0.00025698685479422933,0.006343416623607485,0.0025659999999998306,0.002565999999999853,0.0025659999999998588,0.001015659999999809,0.0010156599999997804,0.0010156599999998027,-0.10102782916200059,9.626619993489868,1.1097796507541255,-0.0012128011679111699,0.027455282966802032,-0.00918658950861321,-7.152937812805176,-18.471188220977783,-22.287000904083254,986.8245483398438,-0.0886810573940486,29.81705350981568
2025-03-01T17:12:48Z,40.34593570710409,-75.96595617031356,54.00923695334316,17.08117782558483,-6.861417031613354,-1.652909688395333,1.4969305603039815,6.232011517018307,3.776922771138344,0.0009999999972231846,0.0010000000012553515,0.0010000000002382688,0.0009999999941811045,0.0009999999951970666,0.0009999999894024028,7.00030656489943e-6,7.000307986500817e-6,0.8646769219687844,1.849122624826521,0.905465023722665,0.022467478235929934,0.0002598711162932004,0.00025927414568925947,0.006293040893923359,0.002566999999999829,0.0025669999999998515,0.0025669999999998576,0.0010156699999998087,0.00101566999999978,0.0010156699999998022,0.05263910962136593,9.673381367364307,0.7846035572788027,-0.004868809821699381,0.014200351905551538,-0.005306596783485309,-3.247125120162964,-18.683438243865968,-23.989688453674315,986.888154296875,-0.07433221603204798,30.579678178341847
2025-03-01T17:12:49Z,40.34586662273583,-75.96603839302117,53.06918888101806,16.79674718909797,-6.488790396218857,-1.673880463054817,1.5043901586306703,6.2587040113547,3.800813241229414,0.0009999999975150258,0.0010000000014537065,0.001000000000339764,0.0009999999938856106,0.0009999999953156386,0.0009999999890683538,8.000305219782963e-6,8.000308321463819e-6,0.8976388707710472,2.290719797689288,1.18619126202815,0.02195879671720297,0.00026895460361571683,0.00026111656015864217,0.006257374760845876,0.0025679999999998287,0.0025679999999998512,0.002567999999999857,0.0010156799999998076,0.0010156799999997792,0.0010156799999998015,-0.011395041679415692,9.65992331682924,0.9266698830183961,0.005967363407791507,0.011172231943565399,-0.02127370043367446,-2.973187608718872,-18.40856327056885,-24.80943864822388,986.8073168945313,-0.07538709437556515,31.035787809608845
2025-03-01T17:12:50Z,40.345743909832464,-75.96612061216945,52.179247957772695,16.333454468832812,-6.394418589485836,-1.6947054797563108,1.520965474384865,0.0027971696702915397,3.8150286073634367,0.0009999999974307655,0.0010000000014100529,0.0010000000000109398,0.00099999999426971,0.0009999999950331137,0.000999999988964715,9.000302662679789e-6,9.000308805156061e-6,0.9212751531306305,2.7253633148973617,1.5014803445461955,0.0208148375047849,0.00027791156573509206,0.00026318845724786845,0.006224416662360912,0.00256899999999983,0.0025689999999998496,0.0025689999999998553,0.0010156899999998069,0.0010156899999997802,0.0010156899999998023,-0.051249278321705546,9.665644589104788,0.67935924473433,0.014872303764435407,0.0006086107671227886,-0.022125740036690184,-2.189437590837479,-19.06875076293945,-24.53250108718872,986.886435546875,-0.09004518976615186,31.1488574968227
2025-03-01T17:12:51Z,40.345504767246744,-75.96620953725572,51.53944202048157,15.64029925464751,-6.670620745843723,-1.6500592032530181,1.52406115379539,0.040169336637539424,3.8347194699428924,0.0009999999972876122,0.001000000001139705,0.000999999999911911,0.0009999999944539167,0.0009999999947661368,0.0009999999891134087,0.00001000029823148667,0.00001000030947336837,0.9349223962542831,3.139773341491881,1.8555618501731086,0.019200046401719028,0.00028771360917994725,0.0002650654636229936,0.006204784522390978,0.002569999999999831,0.002569999999999848,0.0025699999999998537,0.0010156999999998068,0.0010156999999997793,0.0010156999999998031,-0.1434925829723862,9.721118139265558,0.3839254033683379,0.0012707144819539534,0.0029005215714933267,-0.030656984225391964,-1.5583125633001327,-19.61756330490112,-24.05025094985962,986.8417065429687,-0.049882287757692115,31.07552939934135
2025-03-01T17:12:52Z,40.3451259525395,-75.9663088622651,51.07340083958531,14.215454334336078,-6.928847100732507,-1.7104210765141805,1.5299500766329763,0.0709980087162215,3.827523231178775,0.0009999999971756232,0.001000000001508525,0.0010000000001103852,0.0009999999946216614,0.0009999999948277854,0.0009999999889492633,0.000011000291053458386,0.000011000310360439198,0.9371876914765624,3.6071687683553044,2.2045345415856974,0.01707932678505728,0.0002965333195836274,0.0002689499909170859,0.0061839014196924565,0.0025709999999998295,0.002570999999999847,0.002570999999999852,0.001015709999999806,0.0010157099999997805,0.0010157099999998026,-0.07580512650748171,9.596533202561035,0.7993403344726857,0.005851866942904956,-0.026126904760065343,-0.024457206963482088,-0.4605000135302544,-20.077500801086426,-24.12093849182129,986.8027490234375,-0.14953774231185676,31.386853446588418
2025-03-01T17:12:53Z,40.344611667408884,-75.96641890878068,50.66276030740795,12.295556547275822,-7.1796060863705495,-1.6541988201873066,1.5331285040949543,0.09218520540425874,3.8075470685311954,0.0009999999974053813,0.0010000000015911413,0.0010000000002217172,0.000999999994419839,0.000999999994810671,0.000999999988574382,0.000012000279971340159,0.000012000311493551332,0.9275960387701938,4.152869916098554,2.5692917137357782,0.01548204681904409,0.0003048846567617964,0.00027439954698472443,0.006162393537413013,0.0025719999999998305,0.002571999999999847,0.002571999999999853,0.0010157199999998056,0.0010157199999997796,0.001015719999999802,-0.022655045943614737,9.726462132770301,1.128651573983221,0.005587158552471802,-0.03825257073011842,-0.01524332993396963,-0.30112501155585053,-20.197313213348387,-23.576625881195067,986.8142797851563,0.012186463158127662,31.046356579912032
2025-03-01T17:12:54Z,40.34407486419923,-75.96653647528909,50.0319364202841,10.519545968951215,-7.832835750112943,-1.6967807893549083,1.5238107508987482,0.10393526769126374,3.778697058435447,0.000999999997012316,0.0010000000015898355,0.0010000000005302863,0.0009999999943480426,0.0009999999942884744,0.0009999999886474312,0.000013000263451799819,0.000013000312902221602,0.9087731193167157,4.672563619595552,2.970559038314981,0.014576561338102218,0.00031274301124551096,0.0002815708485838679,0.006144385641175833,0.0025729999999998298,0.0025729999999998454,0.0025729999999998523,0.0010157299999998051,0.001015729999999779,0.0010157299999998014,0.12966380520106863,9.6962472081403,0.8610045586624332,-0.0049681175650694185,-0.041902904340327195,-0.008014930972064429,-0.704812526255846,-21.042563190460204,-23.044125804901125,986.9991235351563,-0.044226134614149204,31.214015681658775
2025-03-01T17:12:55Z,40.34347215979829,-75.96666840901896,49.162596071068855,8.98657498734918,-9.043398093762312,-1.8903953692535351,1.5224438975437338,0.11059441297790273,3.738568359196959,0.0009999999968039507,0.001000000001305774,0.00100000000024381,0.0009999999939798406,0.0009999999945191696,0.000999999988351168,0.000014000239491559638,0.000014000314625314442,0.8843594798488805,5.132465020196359,3.413580891161311,0.01435365419898214,0.00031961560296719026,0.0002911412383581041,0.006132713930223024,0.002573999999999829,0.0025739999999998464,0.0025739999999998516,0.0010157399999998055,0.0010157399999997777,0.001015739999999802,0.32119356596768645,9.613241774875323,0.3747130341327413,0.0048948447285860315,-0.04961465555355009,-0.004970620931356931,-1.4940000602602959,-20.478938369750978,-22.726313285827636,987.1523046875,-0.15345120557790728,30.628436832680006
2025-03-01T17:12:56Z,40.34264469464192,-75.96682331232346,48.23451253724692,7.1749191621558435,-9.86986338581852,-1.999415645476237,1.511320330927138,0.11703159884093797,3.69423052156755,0.0009999999967511873,0.0010000000014896986,0.000999999999889284,0.000999999993742327,0.0009999999943610114,0.000999999988553788,0.000015000205525255045,0.000015000316704017819,0.8595488015091433,5.768667206348367,3.901133469024768,0.016397111784053158,0.0003258381000456555,0.00030284818971006795,0.006130070988363613,0.0025749999999998296,0.0025749999999998465,0.0025749999999998526,0.0010157499999998048,0.001015749999999778,0.001015749999999801,0.31218517831153153,9.670083090733959,0.9713489708951756,-0.003395891271175699,-0.05204726624172812,-0.006052152425463286,-2.2413750922679903,-20.059125728607178,-22.27968826293945,987.1887060546875,-0.055500544133729235,30.06282968141048
2025-03-01T17:12:57Z,40.34145974125258,-75.96700502544883,47.358308486606816,5.210145744244333,-10.619722448746064,-2.141285161169441,1.4973833540767814,0.12115184372811105,3.635697508960544,0.0009999999970381752,0.0010000000015012037,0.000999999999835771,0.0009999999941445034,0.0009999999945242259,0.0009999999887553002,0.00001600015845151187,0.000016000319176907177,0.8415896067437347,6.515018657124749,4.446071405753861,0.021068153330310868,0.0003305012611257877,0.0003168602283553731,0.006132035570350387,0.0025759999999998284,0.002575999999999848,0.002575999999999851,0.0010157599999998054,0.0010157599999997776,0.001015759999999802,0.4920809868221684,9.617548798559607,1.3447234578829124,-0.003280561705071053,-0.06364418367712385,-0.006630137212769798,-3.2820001316070555,-19.472625770568847,-22.311000785827638,987.1672705078125,-0.05561196587309896,29.79483839145235
2025-03-01T17:12:58Z,40.339946634115584,-75.96721092281604,46.51701531641961,3.6970656489915728,-11.224086105627025,-2.1250570928887775,1.4888466024359517,0.12538169382082853,3.5812244114670886,0.0009999999968406744,0.0010000000012163868,0.0009999999997412784,0.0009999999942168136,0.000999999994831609,0.0009999999889498043,0.00001700009504692461,0.00001700032209479017,0.838498264868704,7.379476813030015,5.077272533702781,0.02729999944995099,0.0003352717017579758,0.0003306169474634676,0.006139838129786438,0.0025769999999998303,0.002576999999999849,0.0025769999999998502,0.0010157699999998058,0.0010157699999997771,0.0010157699999998023,0.306637227546902,9.718725354511031,1.5057205364507091,0.002543015424934174,-0.05469501436590566,-0.009389209667714551,-4.112812678813935,-19.78537572860718,-21.79406328201294,987.19853515625,0.06034608227311385,29.721279955372506
2025-03-01T17:12:59Z,40.33799690808942,-75.96744644662712,45.897013801799055,3.140027737710093,-11.932712645715597,-2.069554279964039,1.4782756220406563,0.12351588551422439,3.5335213542202553,0.0009999999969841557,0.0010000000011466301,0.000999999999973349,0.0009999999938090276,0.000999999994704928,0.0009999999890042254,0.00001800001280910086,0.000018000325533398236,0.8553778873095045,8.259627033082506,5.777600475692269,0.03261361926272307,0.00034016695112328813,0.00034209306787357494,0.006145016745200765,0.0025779999999998296,0.0025779999999998495,0.002577999999999851,0.0010157799999998053,0.0010157799999997766,0.0010157799999998018,-0.028223264631236145,9.687225073891346,1.3032452513685626,0.00040949482768146074,-0.04217328717741991,-0.0062023648391436636,-3.491437647342682,-18.724875717163087,-20.749125804901123,987.1722241210938,-0.004493441257404035,28.16619347511482
2025-03-01T17:13:00Z,40.336283981378905,-75.96767598765034,45.04259823213359,3.016233653828633,-12.480588904637846,-2.0414261110327523,1.4724110452037766,0.12102934683041289,3.48727311660664,0.0009999999971657036,0.001000000000981053,0.0009999999999159071,0.0009999999936689174,0.0009999999947609387,0.0009999999887943685,0.000018999910930160264,0.000019000329587743576,0.8914785454787597,9.106522757487296,6.545835576202045,0.03722407584646023,0.00034520592104474477,0.0003500801569137806,0.006144560203251233,0.0025789999999998314,0.0025789999999998483,0.0025789999999998522,0.0010157899999998043,0.0010157899999997757,0.0010157899999998006,-0.1124656540845475,9.660539896328096,1.2585020823646604,0.0036323911872669064,-0.03701047912044244,-0.007129010033973833,-4.97775016784668,-19.79943820953369,-20.254688262939453,987.4694653320313,-0.03615328663055071,28.75839376830089
2025-03-01T17:13:01Z,40.334712247426424,-75.9679021175779,44.127142998571856,3.241736016634533,-12.881879132567022,-1.922257986390859,1.4690763925279853,0.11165751494935115,3.4440935773597197,0.0009999999972333607,0.0010000000007866097,0.0009999999997743144,0.0009999999938966125,0.0009999999949818392,0.0009999999888956341,0.000019999791051870363,0.000020000334372142487,0.9422430700158598,9.881041838248484,7.391264434466255,0.040621276172116624,0.0003501396911745922,0.0003532560739302418,0.006130277149670201,0.0025799999999998316,0.00257999999999985,0.0025799999999998515,0.0010157999999998051,0.0010157999999997765,0.0010157999999998015,-0.18124622853256578,9.742259938035827,1.2451114302278405,0.004715591934510335,-0.032349380758741386,-0.0010050069640749467,-6.226500267982483,-19.608188190460204,-19.823438205718993,987.69193359375,0.04424703671398589,28.569496612163043
2025-03-01T17:13:02Z,40.33318179275387,-75.96812771089854,43.38537643185624,3.7842553781684973,-13.131846783982237,-1.6463267431020316,1.4664680886461006,0.08619865753269183,3.396588679692449,0.0009999999969195004,0.0010000000007052698,0.0009999999998886913,0.0009999999937121452,0.0009999999947434054,0.0009999999886607265,0.000020999657357408026,0.000021000340024275363,1.0005234033254449,10.548331310721487,8.32228101998019,0.04270964603020323,0.00035438444973476913,0.0003514190737923967,0.0060954760181731,0.002580999999999831,0.0025809999999998508,0.0025809999999998516,0.0010158099999998046,0.0010158099999997752,0.0010158099999998003,-0.11513764174130064,9.88091882769188,1.2870963043001564,0.004721766987011577,-0.0364097945720688,0.013620030046058699,-7.716000304222107,-19.635000782012938,-19.388250751495363,987.830732421875,0.18615799944987574,28.652596040272236
2025-03-01T17:13:03Z,40.33151501026192,-75.96835923194561,42.922303926984156,5.44678397899925,-13.374463096657525,-1.6136682831667044,1.4552440160490496,0.04993851530904692,3.37433763803345,0.0009999999970753297,0.0010000000007656818,0.0010000000000595832,0.0009999999935309304,0.0009999999949898216,0.0009999999882410876,0.000021999515136737792,0.00002200034669661723,1.05370900138943,11.01560574906318,9.254144952243012,0.03940595701532808,0.00035999327516030054,0.0003444728184935858,0.006049502444404445,0.002581999999999832,0.00258199999999985,0.0025819999999998505,0.0010158199999998042,0.0010158199999997747,0.0010158199999997996,-0.5026153882071615,9.588515900611172,1.0715827463593206,-0.00683075455402369,-0.009867553735361082,0.025542575274039952,-8.948250346183777,-18.640688285827636,-19.43062572479248,987.8601489257812,-0.11758762006598521,28.37415663561367
2025-03-01T17:13:04Z,40.330262363938516,-75.96856956710522,42.22933847875358,6.716872917965732,-13.273965784364878,-1.5614276481105123,1.4518593501428656,0.03196073366615469,3.3509570498883576,0.0009999999968201775,0.001000000000765144,0.0010000000003952065,0.0009999999932581648,0.000999999995140562,0.000999999988224702,0.00002299936869821696,0.000023000354533795662,1.0917562593831847,11.409974021335383,10.26306564294268,0.036224025527126946,0.000366933465993335,0.00033539529323025214,0.006006226073519419,0.0025829999999998324,0.0025829999999998493,0.0025829999999998493,0.0010158299999998037,0.0010158299999997742,0.0010158299999997989,-0.23871319721273407,9.62677691981755,1.4024885339071897,-0.0001956945085080583,-0.012504620377998352,0.00894691488267174,-5.476312725543976,-16.24950068473816,-19.71937572479248,988.0905932617187,-0.04756160655318722,26.132114075486296
2025-03-01T17:13:05Z,40.32929510201301,-75.96876341488213,41.40128829326628,7.579465502564556,-12.975807075866998,-1.4960125488327778,1.4506675143275805,0.024870911609663985,3.3197274337456046,0.0009999999969771607,0.0010000000004947891,0.0010000000001077613,0.0009999999933833653,0.0009999999949532022,0.0009999999884193961,0.000023999220954783805,0.000024000363667888918,1.1152491286650017,11.733451945022622,11.353031943029707,0.03374289817824087,0.0003746588838037248,0.00032548640747143647,0.005964423746553929,0.002583999999999833,0.0025839999999998503,0.0025839999999998503,0.0010158399999998038,0.0010158399999997737,0.0010158399999997975,-0.010491524857703938,9.653760185876717,1.5979239742354574,0.0013416481222854896,-0.021789764052209334,-0.0014479675144947743,-6.872062733173371,-16.448813276290892,-14.607000589370728,988.2849975585938,0.006193281084999732,23.046709504487886
2025-03-01T17:13:06Z,40.328324291098845,-75.96895274385068,40.67425804590952,8.96586375298547,-12.581090188960188,-1.3766929110257362,1.4595829782689431,0.025110870445153935,3.3102955646325842,0.0009999999972321084,0.0010000000003262549,0.0010000000002488955,0.0009999999934971388,0.0009999999948246364,0.0009999999887880223,0.000024999072418745665,0.000025000374229064673,1.123246322375236,12.015655884253388,12.487152479200493,0.029437624360741037,0.00038274902713507396,0.0003162801889995487,0.005926361701490206,0.0025849999999998327,0.0025849999999998496,0.00258499999999985,0.0010158499999998044,0.0010158499999997732,0.0010158499999997981,-0.46508991371818875,9.704484757657417,1.5681817153671624,0.010744125493258256,0.0006673601847837602,-0.006022109788044631,-9.918562889099121,-18.249188346862795,-17.657813205718995,988.370947265625,0.06239639252209722,27.261811212709397
2025-03-01T17:13:07Z,40.32718427169281,-75.96914521965181,40.1254173191915,10.728766174985516,-12.142911396373602,-1.3681382477618795,1.4507387254065989,0.017808558481407007,3.30203457221164,0.0009999999970744754,0.0010000000006697644,0.0010000000002620428,0.000999999993654797,0.0009999999949024236,0.0009999999886630116,0.000025998920491838772,0.00002600038633495539,1.1151185346959862,12.284010283396675,13.667134799500017,0.02551587643115827,0.0003905761459603499,0.0003091385849358857,0.005888329148358593,0.0025859999999998332,0.0025859999999998506,0.00258599999999985,0.0010158599999998035,0.0010158599999997725,0.0010158599999997976,-0.6024758488834165,9.578785132407816,1.6013935571310416,-0.006721766917167797,0.002268126760507318,0.0011583889572815366,-10.354687881469726,-19.284375762939455,-18.257625732421875,988.3842578125,-0.048630412110311265,28.503415562018922
2025-03-01T17:13:08Z,40.32603667472146,-75.96933598328604,39.5817331230296,12.495767537206053,-11.628561282332218,-1.3127902291878268,1.4456287373627905,0.027197569771629748,3.3016254031656063,0.0009999999973859897,0.0010000000008106723,0.0009999999998498512,0.0009999999933553172,0.0009999999946541487,0.000999999988491902,0.00002699876033002599,0.00002700040008784231,1.0952603395205234,12.612103324284876,14.920145315495406,0.022680519251386692,0.00039816948690166973,0.0003049638287510029,0.00586088295154455,0.002586999999999835,0.0025869999999998516,0.0025869999999998516,0.0010158699999998026,0.001015869999999773,0.0010158699999997982,-0.6876224271322918,9.607869654232669,1.7817313285868008,-0.0030554099840280013,0.011372516146538598,-0.013903267118933972,-10.391250371932983,-19.148625793457033,-18.38925075531006,988.4531982421875,0.016757654361106936,28.509815650359133
2025-03-01T17:13:09Z,40.32496926732478,-75.96952441601162,38.91494486071017,14.11664966240086,-11.575501123510495,-1.4078831525396676,1.434023948791792,0.020370529850641392,3.298426257191112,0.0009999999976115872,0.0010000000007658232,0.0009999999999924269,0.0009999999932686775,0.000999999994435596,0.0009999999888634268,0.000027998585095213112,0.00002800041558819464,1.0679375296130158,12.871257723943247,16.21810108141104,0.020007078386754425,0.00040516828638353036,0.0003035409717209985,0.005831577715272291,0.002587999999999836,0.0025879999999998534,0.0025879999999998534,0.0010158799999998012,0.0010158799999997728,0.0010158799999997977,-0.6826354147442864,9.516292523383283,1.4181432301267,-0.009562288092944767,0.00486430235126605,0.0028484478794877097,-10.358062887191773,-19.279125785827638,-19.048313274383545,988.5686181640625,-0.13353225740286176,29.01395243729408
2025-03-01T17:13:10Z,40.32338659645875,-75.96974504890542,38.44420081945867,16.145162873644683,-12.116666123231328,-1.4023676725799903,1.4428178729988403,0.015584512411756391,3.295667932762455,0.000999999997634563,0.001000000000668674,0.0009999999997951242,0.0009999999932039636,0.0009999999943044089,0.0009999999888163247,0.000028998385466548826,0.000029000432967910887,1.0354372489394985,13.104341446735718,17.591391356516045,0.017346307661058588,0.0004118236164203159,0.0003049968163387769,0.005808832125247449,0.0025889999999998375,0.002588999999999855,0.0025889999999998544,0.001015889999999802,0.0010158899999997734,0.0010158899999997985,-0.5938218109509307,9.659622580845385,0.9832477106799757,0.01177725476314526,0.008122247570714029,0.00019118638829433276,-9.900562877655029,-19.506188259124755,-18.981750717163084,988.4985229492188,-0.05137229275645474,28.962327787846576
2025-03-01T17:13:11Z,40.32216230972423,-75.96995395474205,37.63761793814683,17.703161455244047,-12.417594063379761,-1.505651563778143,1.4308232514458112,0.014294159009064182,3.2966453532009377,0.0009999999975650374,0.0010000000009350025,0.0009999999994267155,0.0009999999933831497,0.0009999999946310957,0.0009999999885169292,0.0000299981496959953,0.000030000452379306413,1.000078770656759,13.484050460290765,19.017683592803852,0.015625547599561446,0.0004184272181505944,0.00030887847660658434,0.005791847030334662,0.002589999999999839,0.002589999999999856,0.002589999999999853,0.0010158999999998028,0.0010158999999997742,0.0010158999999997993,-0.6469836612935723,9.56064083324428,1.1648930299714058,-0.009895092305885636,0.008318191281367935,-0.0011151629341726347,-9.959812898635864,-19.231875762939453,-19.34512577056885,988.7167260742187,-0.1259734956258605,29.039522146262154
2025-03-01T17:13:12Z,40.32088495678038,-75.97016992993758,36.683729716592254,19.117363051035795,-12.830219497840345,-1.5899977733352841,1.423119869760802,0.008553731002960138,3.2987465264222866,0.0009999999973944907,0.0010000000009050506,0.0009999999994573876,0.0009999999935947268,0.0009999999944114214,0.0009999999885139082,0.00003099786366270819,0.0000310004739731593,0.9644528481034791,13.96003900653593,20.51716837753284,0.014414029254869619,0.00042503407615915827,0.00031483315337045673,0.005778088433606833,0.002590999999999839,0.0025909999999998556,0.0025909999999998543,0.0010159099999998032,0.0010159099999997746,0.0010159099999997997,-0.5921069549285362,9.592025430042602,1.1672557701449364,-0.005744382988845263,0.007735366380554437,0.004090539814978696,-10.02206283569336,-19.174313354492188,-19.595063381195068,988.84267578125,-0.09807906335084517,29.19005938248749
2025-03-01T17:13:13Z,40.319262468093505,-75.97040723531723,35.7481670758949,20.460090771986895,-13.242099925882274,-1.5929090444610068,1.4229297750829026,0.007348972646048163,3.2929179701668136,0.0009999999968974913,0.0010000000009048248,0.0009999999993330821,0.0009999999938218854,0.0009999999944561788,0.0009999999886706815,0.000031997511147374324,0.0000320004979200481,0.9308346035209241,14.585002582229771,22.103841379426147,0.013776398878671589,0.00043258476036192974,0.0003217346312427153,0.005770171683674818,0.002591999999999839,0.0025919999999998557,0.0025919999999998557,0.0010159199999998023,0.0010159199999997736,0.0010159199999997988,-0.47442584391825854,9.656079180732197,1.2924971603219189,0.002041806011224585,0.0006974030484864029,-0.001325460625265543,-10.075875387191772,-19.2470631980896,-19.74506322860718,988.9063354492188,-0.025211205839506576,29.357064451633303
2025-03-01T17:13:14Z,40.31716874250595,-75.97067104496637,34.933021771092825,21.765137496100067,-13.798277300365017,-1.5076108091047682,1.4226591301144738,0.005257721582595397,3.2822668315418886,0.0009999999972959514,0.0010000000007774422,0.0009999999989129494,0.000999999993877843,0.0009999999943949031,0.0009999999884796168,0.000032997074364330926,0.00003300052441036311,0.9007903754764727,15.32668467391029,23.781832086635383,0.013392812165722315,0.00044090548631848256,0.0003293843127865894,0.005765712018887487,0.0025929999999998394,0.0025929999999998563,0.002592999999999856,0.0010159299999998026,0.0010159299999997742,0.0010159299999997992,-0.3930241086091865,9.748515994388946,1.24266956700948,0.0021561343332756064,-0.004023780659506122,-0.0009083702319785099,-9.742312860488891,-19.09668821334839,-19.53075071334839,988.943974609375,0.05635308392965858,29.000748700291815
2025-03-01T17:13:15Z,40.3150887272252,-75.97093617907943,34.073522618600535,22.925938077954275,-14.150624730738913,-1.4898924444959505,1.4142013598298038,0.0025843001015966637,3.2761767996199325,0.0009999999969288913,0.0010000000006639437,0.000999999998816955,0.0009999999936335174,0.0009999999945508433,0.0009999999889192185,0.000033996533382909635,0.00003400055363140095,0.8749376760515087,16.230313918801397,25.52728199397056,0.013411580300770273,0.0004492699609251659,0.0003381995804526616,0.005764132264535275,0.002593999999999838,0.002593999999999855,0.002593999999999855,0.0010159399999998034,0.001015939999999773,0.0010159399999997978,-0.46883670816920997,9.661058305739578,1.435810237667058,-0.006500286825980417,-0.0010851204057976257,0.0009277290257627586,-10.560750436782836,-19.437188243865968,-18.670875730514528,989.0860546875,-0.0004579823913126147,28.94706174824045
2025-03-01T17:13:16Z,40.311988476058026,-75.97125086267745,33.39350934971779,24.230628059206413,-14.562371358862478,-1.5381984613503796,1.4076216466629135,0.007618474505860192,3.270751321310297,0.0009999999969160784,0.0010000000007238082,0.0009999999987167908,0.0009999999933535532,0.000999999994420089,0.000999999988740559,0.000034995866023101585,0.000035000585731496675,0.8537931698637506,17.269481692233704,27.336394566726764,0.01375995238549878,0.00045779041794590094,0.00034778629490468904,0.005767497215452985,0.0025949999999998396,0.002594999999999854,0.0025949999999998544,0.0010159499999998032,0.001015949999999772,0.0010159499999997969,-0.5609597241149153,9.55616897620463,1.5647689909111384,-0.004166315793290149,0.001606356219734822,-0.006222893819230393,-10.664812955856323,-19.604625759124755,-18.895313243865967,989.0388549804687,-0.07917178027310653,29.24225480010882
2025-03-01T17:13:17Z,40.308589274338175,-75.97158302634946,32.67942861530139,25.127639580233776,-14.762127145475691,-1.5163371962164385,1.4049821241900522,0.016203331289370244,3.250096734529108,0.0009999999966646559,0.0010000000005406593,0.0009999999989205065,0.000999999993511302,0.0009999999943860758,0.0009999999889661621,0.000035995051856420007,0.00003600062082257803,0.8383062186499062,18.498342170530737,29.236175484956092,0.014201281622983073,0.00046810140128600286,0.0003561498137261228,0.005773799663044868,0.002595999999999838,0.0025959999999998536,0.0025959999999998536,0.0010159599999998033,0.0010159599999997712,0.0010159599999997964,-0.43342293591302694,9.572603693643481,1.8872561147225815,-0.00018551358971444166,-0.01378743650400261,-0.011608685042237492,-9.170062913894654,-19.333125705718995,-19.264500751495362,989.124072265625,-0.012334228658034936,28.791975536749
2025-03-01T17:13:18Z,40.30482563169746,-75.9719381791407,31.979294953880636,24.497675201809386,-15.161497058930735,-1.5199799814763026,1.40194397729287,0.007548755676793411,3.1444016761089446,0.0009999999966412664,0.0010000000006984639,0.000999999999150528,0.0009999999934835707,0.000999999994741233,0.000999999988882093,0.00003699408963158969,0.000037000659075059,0.8286036277387355,19.78501610503335,31.20693640676897,0.013145764198144026,0.00048526890822578886,0.0003575829580016536,0.005776369762534946,0.002596999999999839,0.0025969999999998546,0.0025969999999998546,0.001015969999999804,0.0010159699999997716,0.0010159699999997968,0.9872357642545938,9.566838614103682,1.8534767768911697,0.0004395372144358502,-0.10145721326044023,-0.008545682477998418,-8.391562891006469,-20.375438232421875,-18.890813255310057,989.1960888671875,0.015834381583491743,29.0247596963901
2025-03-01T17:13:19Z,40.3019195219739,-75.9722581930617,31.17053046139919,23.00373517878959,-15.025130486584247,-1.2830188569384946,1.4171398989627013,6.281220337000226,2.9862219649192667,0.0009999999967846092,0.0010000000005394207,0.0009999999992812067,0.0009999999934650345,0.0009999999947279841,0.0009999999889771034,0.000037993006986838076,0.000038000700732834044,0.8229605855699305,21.296980858656408,33.338153761322914,0.013728434713364738,0.0005019052251569222,0.0003595103405653412,0.005780329811722776,0.002597999999999838,0.0025979999999998548,0.002597999999999855,0.0010159799999998045,0.0010159799999997722,0.0010159799999997971,1.8228094250394713,9.793182046253776,2.035411709587629,0.01742775412051033,-0.1558236772365434,-0.016006911356894367,-7.898250317573547,-20.526938304901122,-15.582938146591186,989.427529296875,0.38841939457916563,26.95482824729159
2025-03-01T17:13:20Z,40.29858349521547,-75.97260646725684,30.563504601423496,21.64970327509484,-14.706988595291374,-1.237763995012183,1.4261186762520601,6.27732259847622,2.8121260724116066,0.0009999999967441613,0.0010000000002153959,0.0009999999991415597,0.0009999999931400879,0.0009999999945288116,0.0009999999887374943,0.00003899184700986466,0.00003900074588908873,0.822499032088309,22.924527216900795,35.52359888328978,0.017123430324687428,0.0005116363963834539,0.00036790627137455356,0.005786057380737352,0.0025989999999998384,0.0025989999999998558,0.0025989999999998558,0.0010159899999998036,0.0010159899999997715,0.0010159899999997964,1.9520139892836972,9.612184600579395,1.8561834124509777,0.01030350152126817,-0.1707953734952207,-0.022875968467219256,-9.396937894821168,-19.03406322479248,-12.11756302833557,989.4598291015625,0.2036734229112382,24.44239851313748
2025-03-01T17:13:21Z,40.29539529565436,-75.97296207320392,29.95851555868447,20.368663212610212,-13.913283840034032,-1.2171854683901575,1.4423048568323047,6.277431019219029,2.613798489606248,0.0009999999968580886,0.00099999999999043,0.0009999999990545458,0.0009999999928857353,0.0009999999943862434,0.0009999999886349754,0.000039990662267181547,0.000040000794323264095,0.8331175278600877,24.7494781719386,37.77647247331746,0.024554667687842223,0.0005119910347265744,0.0003842402177767028,0.005791330103995452,0.0025999999999998386,0.002599999999999856,0.002599999999999856,0.001015999999999804,0.0010159999999997719,0.0010159999999997968,2.275491589350777,9.584647519429309,1.8451025575805349,0.016928880751007954,-0.19505137746979048,-0.029242315047721963,-9.873562860488892,-18.46631320953369,-8.836500291824342,989.5541040039062,0.24348082359936032,22.728250837530208
2025-03-01T17:13:22Z,40.29268485301099,-75.97331432540825,29.321456080856027,19.8714687686491,-12.666946575636857,-1.164727560560807,1.431139614504381,6.263677665163396,2.4161262664186665,0.0009999999964604325,0.001000000000203025,0.0009999999991349877,0.00099999999270134,0.0009999999944773378,0.0009999999884342302,0.000040989512431678975,0.00004100084520404012,0.8635660959741017,26.758772504766366,39.984749566829805,0.034580021644940444,0.0005040324638929985,0.00040575789246450125,0.0057963409193378885,0.002600999999999837,0.0026009999999998556,0.002600999999999855,0.0010160099999998035,0.0010160099999997714,0.0010160099999997965,2.163986040197971,9.55473724110922,2.209170522333137,-0.012535162863502697,-0.19621202125296827,-0.01580328990562218,-11.435250415802003,-19.6042506980896,-4.88250018119812,989.6831567382812,0.26371132743587816,23.21482366006491
2025-03-01T17:13:23Z,40.29015210044856,-75.97369791117154,28.860965575649693,19.96196454235325,-11.644426507856634,-0.9008015734702607,1.4398027495500911,6.2585184345775415,2.236110368395101,0.0009999999966323768,0.0009999999999189188,0.0009999999990192385,0.0009999999929857105,0.0009999999943419897,0.0009999999884499195,0.00004198845677932189,0.00004200089689361042,0.9189258504751252,28.784338122623872,42.06297173762416,0.04532096849575638,0.0004923091023710721,0.00042529910848522836,0.005799034347831585,0.002601999999999837,0.0026019999999998553,0.002601999999999854,0.0010160199999998027,0.0010160199999997704,0.0010160199999997956,2.113509914745681,9.739043436894448,2.164269130566946,0.005556782279530771,-0.1762731278483477,-0.023456791331460416,-11.341500444412231,-19.614563179016113,-2.032125068940222,989.7478979492188,0.4189152154588777,22.748361106019672
2025-03-01T17:13:24Z,40.287264029192826,-75.97420325878605,28.758966485525388,20.336471157795764,-11.295646099291378,-0.8295608818205935,1.4459804394732056,6.247146809125909,2.0468011005942164,0.0009999999965075953,0.000999999999795046,0.0009999999991070338,0.000999999992845561,0.0009999999943861814,0.0009999999883517074,0.00004298755504867215,0.00004300094719820092,0.998962813809959,30.688719780202828,43.77243178891659,0.05673911120621446,0.0004760658564412715,0.0004416188561264402,0.0058008624675454515,0.002602999999999838,0.002602999999999855,0.002602999999999855,0.0010160299999998025,0.0010160299999997693,0.0010160299999997942,2.292600267671933,9.56075913810738,1.5786617517878485,0.000659515260670515,-0.18486011775017225,-0.019743367367127458,-10.310250387191772,-20.117625732421875,1.6335000605136156,989.690341796875,0.1785645350926224,22.664645130412733
2025-03-01T17:13:25Z,40.28498121616375,-75.97473371745795,28.803510786756377,21.03099830172181,-12.084756052929526,-0.5710413654242603,1.4722038972443479,6.255051663619918,1.9257244724298308,0.0009999999967189642,0.0009999999999345888,0.0009999999989588194,0.0009999999929693013,0.0009999999946534526,0.0009999999883247637,0.00004398684448922328,0.000044000994656998244,1.09010518594861,32.18758302706435,45.05801084522186,0.05839957121946597,0.0004669903432691644,0.0004421532206198069,0.005795049418584537,0.002603999999999838,0.0026039999999998556,0.0026039999999998556,0.0010160399999998028,0.0010160399999997699,0.0010160399999997948,1.3220347939969812,9.839149691847709,1.0270115237987567,0.021709649564318208,-0.11395490668425952,-0.028574035913302646,-9.162000336647033,-20.932875785827637,5.4219377326965335,989.7333129882812,0.20146996975330583,23.484517289546933
2025-03-01T17:13:26Z,40.28326009086223,-75.975265178817,28.9110271722018,21.40474871439387,-13.719345353137443,-0.6202600173679739,1.4583492852649025,6.222874065874772,1.8715762082945697,0.0009999999966452111,0.0010000000000441411,0.000999999998670377,0.0009999999927240554,0.000999999994536896,0.0009999999881307984,0.000044986320144553594,0.00004500104027622017,1.1667595320335435,33.23987569560326,45.93046562623216,0.0531082255126311,0.0004682911371860197,0.0004284556156839238,0.005800521956291716,0.002604999999999839,0.0026049999999998566,0.0026049999999998566,0.0010160499999998026,0.0010160499999997703,0.0010160499999997954,0.6681528539167311,9.63031057421373,0.3365475116977014,-0.017411900202853155,-0.05198684671877106,0.01960650533146179,-8.68443790912628,-20.151188201904297,6.554437756538391,989.7680322265625,-0.11958232500437227,22.90083331087775
2025-03-01T17:13:27Z,40.28225867139512,-75.97570343865443,28.801474163431855,21.32680820611454,-15.274996822476252,-0.613620146327313,1.4505928520949203,6.2064723275839055,1.8425389163524515,0.0009999999965282908,0.001000000000095628,0.0009999999985513088,0.000999999992791102,0.0009999999947758358,0.0009999999881133755,0.00004598594867314328,0.000046001087262460836,1.213676378431119,34.11522642597102,46.71798385826227,0.04621306270696934,0.00047214142058659824,0.00041103240916268955,0.005802363667326853,0.0026059999999998406,0.0026059999999998576,0.0026059999999998576,0.0010160599999998032,0.001016059999999771,0.0010160599999997958,0.5308845936053143,9.758765187899227,0.19206090885595822,-0.010766325700363025,-0.0271119652282565,0.00836826235717638,-10.040625381469727,-19.80825082778931,6.432937774658203,989.8754077148437,-0.0036597552741014457,23.120581506754867
2025-03-01T17:13:28Z,40.28140032639203,-75.97614781772239,28.640717959394287,21.453589578859813,-17.16484131063034,-0.7289372728383171,1.4463911069133113,6.204479890497022,1.8401974502621061,0.0009999999965987223,0.001000000000193032,0.0009999999985223892,0.0009999999926055432,0.0009999999951000782,0.0009999999882381997,0.00004698568312962717,0.00004700113938796845,1.2277948612373415,34.79057067177833,47.58363667516888,0.03878722826492258,0.0004792300478964884,0.0003921443733533172,0.005800499377320437,0.00260699999999984,0.002606999999999857,0.002606999999999857,0.001016069999999804,0.0010160699999997719,0.0010160699999997962,0.15547490854248938,9.664081399385951,0.314578003888719,-0.005622210751956187,0.0008122329351269307,-0.002527161903744716,-9.904312877655029,-19.826250782012938,6.375187764167785,989.8976391601562,-0.1080918247260034,23.06114265703108
2025-03-01T17:13:29Z,40.28061721454628,-75.97659106336974,28.490437478348266,21.655675392868858,-19.136526797802944,-0.5904329126910075,1.4721562219001825,6.217954858944963,1.8376850619167386,0.0009999999968249103,0.0010000000001487827,0.000999999998819864,0.00099999999264788,0.000999999994927218,0.000999999987915691,0.00004798547721755618,0.0000480011998014357,1.2147511736521395,35.40882351818541,48.832652142072625,0.03366274991786748,0.00048417218067022905,0.00037896616117157923,0.005795701093003024,0.0026079999999998387,0.002607999999999856,0.002607999999999856,0.0010160799999998048,0.0010160799999997725,0.0010160799999997965,-0.08953444110572453,9.941656588554189,0.22903001557810845,0.02405563741396777,0.0021052298563016382,-0.017493348684041624,-11.040562896728515,-20.36456325531006,6.480187759399414,989.9142529296874,0.16636251755510417,24.054102472687525
2025-03-01T17:13:30Z,40.279561086216724,-75.97709781355093,28.67714374916978,23.30995599711371,-21.17267009970634,-0.3961684120419783,1.475255835022797,6.228390523864333,1.839075576097655,0.000999999996654161,0.001000000000077321,0.0009999999989204358,0.0009999999925216247,0.000999999994605036,0.000999999988078383,0.000048985285241878,0.000049001269912302924,1.1815249704731468,36.040226676639556,50.28705469993509,0.026861763510681473,0.0004894041292960326,0.0003708361116789594,0.005793577005436002,0.0026089999999998397,0.002608999999999857,0.002608999999999857,0.001016089999999804,0.0010160899999997718,0.001016089999999797,-0.4317865320260902,9.89136023386956,1.1820742740786419,0.0006999065598373797,0.006185171932554693,-0.014764485763897337,-10.538812885284424,-20.053313236236573,6.366750264167786,989.8174267578125,0.19296269066353508,23.531575759746357
2025-03-01T17:13:31Z,40.27869956547921,-75.97752623856134,28.84150807733308,24.54140652618827,-22.81140799799253,-0.27347293812424633,1.484235502245867,6.213818739509704,1.8398467438661934,0.0009999999965537743,0.0009999999999916818,0.0009999999988743009,0.0009999999927050882,0.000999999994727464,0.0009999999885662268,0.00004998506156841694,0.00005000134984886463,1.1351859901991528,36.65497994016541,52.12207807543996,0.023179641092406996,0.0004949085344128335,0.0003686031142026058,0.005799718119822869,0.002609999999999841,0.002609999999999858,0.002609999999999858,0.0010160999999998042,0.0010160999999997721,0.001016099999999797,-0.4172713788416306,9.872025512695235,0.9537761236017811,0.006941242149981204,0.002023780511829029,0.011787435993754663,-11.187562913894654,-20.360625705718995,6.887250275611877,989.8614721679687,0.14879540600649047,24.231145002648898
2025-03-01T17:13:32Z,40.278105359763806,-75.97788143353857,28.93160829805465,25.382939548343156,-23.80210297698889,-0.1289216853522932,1.4990177821376094,6.1957697770282,1.8206392646051635,0.0009999999968084382,0.0009999999998921932,0.0009999999987437614,0.0009999999927883662,0.0009999999950415193,0.0009999999888010583,0.00005098476389522785,0.00005100143943382247,1.0864920622664074,37.38011289609669,54.28935055446053,0.02117583548421811,0.0004942501866984954,0.0003767183545347245,0.005808132167815957,0.0026109999999998404,0.0026109999999998574,0.0026109999999998574,0.0010161099999998037,0.0010161099999997716,0.0010161099999997966,0.024968008540719164,9.910424417964755,0.8782642527194805,0.011905770268087841,-0.019120652830421456,0.015197930868759188,-11.120625381469727,-20.459250774383545,8.097937831878662,989.9320947265625,0.17142102243007618,24.654073372002685
2025-03-01T17:13:33Z,40.277464421974194,-75.97822068175206,29.087383238845064,26.393751795605322,-24.59272486285398,-0.07439848240997035,1.4981588365979575,6.202796203808641,1.8060451909143422,0.000999999996836268,0.000999999999693968,0.0009999999989849138,0.000999999992674504,0.0009999999951829312,0.0009999999885690772,0.000051984344681928137,0.00005200153815750377,1.040490687520327,38.14027259691944,56.6409864013759,0.01955857726051242,0.0004919137983872299,0.0003872246297879576,0.0058113130111729925,0.002611999999999839,0.0026119999999998592,0.002611999999999856,0.0010161199999998028,0.0010161199999997707,0.0010161199999997954,0.09475278405419263,9.812962666193751,1.039120127053325,-0.0034332776719687838,-0.012840595170010375,-0.008869974304976462,-11.37506287574768,-19.73025068283081,8.424000391960144,989.9227026367188,0.09048094254824587,24.282424786968438
2025-03-01T17:13:34Z,40.27695290441603,-75.97853887572838,29.04034986806435,27.366998605057486,-25.495061473560753,-0.35193797580462416,1.4840321960125868,6.194209292446443,1.7929984800636134,0.0009999999971340076,0.00099999999949531,0.000999999998912647,0.0009999999925319298,0.0009999999950133483,0.0009999999887745424,0.00005298373814532157,0.00005300164547921001,0.9979935536894559,38.823895841450856,59.05344013308351,0.019193548859618385,0.0004907981005712977,0.00039971452285940444,0.005819126456793588,0.0026129999999998394,0.0026129999999998576,0.0026129999999998576,0.0010161299999998019,0.0010161299999997717,0.001016129999999795,-0.1787867258649968,9.498785073598532,1.1761889813254494,-0.016169808398009557,-0.012962768271560187,0.007256855845958638,-11.301375341415405,-19.528313179016113,8.06081284046173,989.9671166992188,-0.2047170462020046,23.959348078166652
2025-03-01T17:13:35Z,40.27651914704947,-75.97885114403583,28.66394244460018,27.778449472191706,-26.474198405032233,-0.6292487514782313,1.4675780481242755,6.1774706390052865,1.7997980101654352,0.0009999999973750373,0.0009999999994102107,0.0009999999988268846,0.000999999992304489,0.000999999995213014,0.0009999999888594463,0.00005398286622059799,0.000054001760983596904,0.963467651213477,39.530028342812955,61.62791246741925,0.02128809293244358,0.0004963834560281527,0.0004073332491723961,0.005829429614222539,0.002613999999999838,0.0026139999999998595,0.002613999999999856,0.0010161399999998018,0.0010161399999997723,0.0010161399999997949,-0.09094659286499697,9.534947471369014,0.8446078301820724,-0.016474406796383175,0.005574306544704525,0.017320936226579858,-11.835750427246094,-19.793250675201417,7.869750318527221,990.0346411132813,-0.20490407475208655,24.367770627510826
2025-03-01T17:13:36Z,40.275415378149034,-75.97915432217883,28.16700031349383,27.81932509094574,-27.58860997399946,-0.8460983427720999,1.4592630358461762,6.183917891416763,1.8164638270837516,0.0009999999973160972,0.000999999999726628,0.000999999999169801,0.0009999999924074588,0.0009999999955639179,0.0009999999889610351,0.000054981666755148686,0.000055001883873421005,0.9454648172724253,40.18375945843078,64.28282193636542,0.02720828753363546,0.0005019887116037633,0.0004118067635315205,0.005834939554721364,0.002614999999999837,0.0026149999999998588,0.002614999999999857,0.001016149999999801,0.0010161499999997723,0.0010161499999997937,-0.17731115283321727,9.662693340619995,0.2506850601893474,-0.00815729935722147,0.01803861903210479,-0.004268126887285227,-12.378000478744507,-20.098688163757323,7.312125287055969,990.0241015625,-0.10993323561150542,24.711066706919397
2025-03-01T17:13:37Z,40.27351758459785,-75.97940222712299,27.670811659053378,27.679595202419552,-28.532971336633587,-0.8760429958228468,1.4594309894014055,6.167890012578731,1.8358632998766362,0.0009999999972849563,0.0009999999997021816,0.0009999999991143502,0.0009999999922555927,0.0009999999957424185,0.000999999988976561,0.000055980124970570374,0.000056002011540813413,0.9531627791132925,40.75504674323965,66.80316379508777,0.0375511859073546,0.0005083534980549813,0.00041411853903700865,0.005845817424819288,0.002615999999999838,0.0026159999999998593,0.0026159999999998563,0.0010161599999998008,0.0010161599999997722,0.0010161599999997935,-0.1639080699088664,9.895086770980358,-0.24106679760529773,-0.000411667008223187,0.018582722326176554,0.01929372929491259,-12.041250495910644,-19.50693822860718,7.104562792778015,990.016533203125,0.12197389848628731,23.99968161159455
2025-03-01T17:13:38Z,40.270950098325265,-75.97954533126966,27.22730261133086,28.034390236590987,-28.694212305352274,-0.9462610695961969,1.4703722260394625,6.192600279130714,1.848918885366588,0.0009999999971126035,0.000999999999563644,0.000999999998931174,0.0009999999921039566,0.0009999999958710624,0.0009999999886059563,0.00005697829375155465,0.000057002138512532364,0.9898910896246773,41.21532829898734,68.66667509620271,0.046814956485623505,0.0005042172424597391,0.0004155123795290102,0.005848586245017616,0.002616999999999838,0.00261699999999986,0.0026169999999998556,0.0010161699999998008,0.0010161699999997722,0.0010161699999997936,0.01108375605715618,9.781855987549125,-0.06217649995633312,0.00838695550816954,0.016867794741457973,-0.020842924391692805,-13.007063074111938,-19.022625675201414,7.03668779373169,990.023134765625,0.004667445353667707,24.09473999214691
2025-03-01T17:13:39Z,40.26815395189701,-75.97958063503017,26.879759592800383,29.053447142167396,-28.231742873159224,-0.7737083355858052,1.4953658761209683,6.221760468080772,1.8554195208971533,0.0009999999969993538,0.0009999999998202725,0.0009999999992299391,0.0009999999919647153,0.0009999999956696159,0.0009999999889116322,0.000057976273087042036,0.000058002258102999346,1.0470675954216473,41.581215900212115,69.58193036478038,0.05190943430406525,0.0004937455490325805,0.00041472174687285767,0.005852227870118264,0.0026179999999998383,0.002617999999999861,0.0026179999999998553,0.0010161799999998003,0.0010161799999997719,0.0010161799999997931,-0.18337296774073786,9.94899462763512,0.33654751385917353,0.020828234267633684,0.010189006282323262,-0.025210607785067115,-11.791875467300414,-19.42125074386597,7.302937841415405,990.0572973632812,0.17892528628816423,23.865535293415697
2025-03-01T17:13:40Z,40.265296407440935,-75.97951646511432,26.65140368055857,30.34598639942772,-26.761358630438043,-0.7791428634137451,1.497983262063651,6.220237626510336,1.833697118770236,0.0009999999971847565,0.0009999999996494144,0.0009999999991441185,0.0009999999918106769,0.0009999999958324993,0.0009999999890069119,0.000058974187574858676,0.000059002366193841196,1.1068193585319548,41.93100905807858,69.39371409451394,0.049501565180502416,0.00047615502234610535,0.00041574364191771586,0.0058614801049652375,0.0026189999999998393,0.002618999999999862,0.0026189999999998563,0.0010161899999997996,0.001016189999999773,0.0010161899999997924,0.2602099318840913,9.698130120824775,0.5824172348820167,-0.003766415779840725,-0.020752963439841843,0.0039520104749657696,-11.824125461578369,-19.248000774383545,8.058375329971314,990.08490234375,-0.05852487973773069,23.983962223256636
2025-03-01T17:13:41Z,40.34819787405616,-75.9554788696513,29.839131792898595,-10.62312064076701,20.311326655387358,0.20080111134206818,1.4407364943315222,0.08217842785020722,1.8837252696009044,0.000999999997599531,0.001000000000808423,0.0010000000003250412,0.0009999999930537335,0.0009999999956468153,0.000999999989173462,3.0750636327442524e-10,3.0750620653334285e-10,0.5466485865510844,0.00495815273683199,0.004958407600925014,0.016557560800610435,0.00017047050424002545,0.00016668624870909294,0.005584093426933428,0.0026199999999998386,0.002619999999999861,0.0026199999999998555,0.0010161999999997984,0.0010161999999997737,0.0010161999999997915,0.279518573715528,9.731606689135583,0.7455207853673513,0.00002828913993190691,-0.021840670433442736,-0.00154977835259672,-11.349000434875489,-19.29768825531006,8.456812868118286,990.02263671875,-0.0185499819372105,23.931481868904672
2025-03-01T17:13:42Z,40.34824539954737,-75.9552345697279,29.919622891506464,-11.785443109629744,21.13477663352563,-0.1213388386271909,1.438648225169986,0.08717894888441058,1.8651028749418597,0.0009999999977302206,0.0010000000010717727,0.001000000000345434,0.0009999999931148106,0.0009999999956398242,0.0009999999890367595,1.0003075065479673e-6,1.0003075066205985e-6,0.5963665254976904,0.02254344582625996,0.025054733294139646,0.01591855674495529,0.00018009059955772467,0.00017581070079324184,0.005591406680400016,0.0026209999999998383,0.0026209999999998613,0.002620999999999855,0.0010162099999997995,0.0010162099999997745,0.0010162099999997923,0.3293690493092042,9.568296582539068,0.39385561705627575,-0.0005927568205805333,-0.018134757325899906,-0.0072308205493804255,-12.35981297492981,-19.257000694274904,9.237562918663025,989.9081787109375,-0.20071241572322815,24.676448343508742
2025-03-01T17:13:43Z,40.34828954202836,-75.95498259313472,29.92880401923022,-12.450494405375876,21.614750657951852,-0.17386462818308768,1.4513374113705493,0.10072873232211502,1.8563865065550114,0.0009999999976279166,0.0010000000012587381,0.001000000000484827,0.0009999999934053557,0.0009999999957684281,0.000999999989449915,2.000307507311763e-6,2.0003075100218438e-6,0.6440531631563705,0.07149882686233337,0.07669538099826492,0.015756741279690886,0.00018988135838807904,0.00018462990412100277,0.0056005266867874244,0.0026219999999998393,0.0026219999999998623,0.002621999999999856,0.0010162199999998005,0.0010162199999997753,0.001016219999999793,-0.27209503145789715,9.735081545469118,0.7272026113984614,0.013207612870983881,-0.008355412505939845,-0.014063493377985984,-12.015937910079955,-18.98231330871582,9.351375360488891,989.8125463867187,-0.016837469038145182,24.334270486751688
2025-03-01T17:13:44Z,40.348331246985225,-75.9547225195956,30.14124579105648,-12.716477441948136,22.417748056098976,-0.16148466982701076,1.451093189304417,0.09675557118886634,1.8425856884787533,0.0009999999971112387,0.0010000000014740295,0.0010000000003782504,0.0009999999932887866,0.0009999999959975157,0.0009999999895757064,3.000307508091217e-6,3.0003075223863163e-6,0.6861899528728234,0.15847104757344116,0.1565385737286631,0.015069915618756537,0.00019878600821115298,0.00019344121000033218,0.005600445091845493,0.0026229999999998386,0.0026229999999998616,0.002622999999999856,0.0010162299999998006,0.0010162299999997757,0.0010162299999997937,-0.1493151304201406,9.741935705183678,1.1212338157390673,0.00033372159596930357,-0.01761552200446809,0.003316777663067658,-10.415062894821167,-18.40668825149536,9.127687873840332,989.6225390625,0.024454507150943845,23.034583621865043
2025-03-01T17:13:45Z,40.34837345382983,-75.95445242690944,30.177276451217892,-13.416231170713324,23.28862810348604,-0.2601274911632581,1.4461242222902917,0.10013658727123717,1.8298474801200029,0.0009999999971290912,0.0010000000014705865,0.0010000000005795059,0.0009999999932955223,0.0009999999961112867,0.0009999999893582914,4.000307500020099e-6,4.000307553570284e-6,0.7205729069775887,0.2839966575146707,0.276253102007616,0.015095690973827167,0.00020781460725441587,0.0002023808770904701,0.005602912054431406,0.0026239999999998383,0.0026239999999998613,0.0026239999999998556,0.0010162399999997997,0.0010162399999997748,0.0010162399999997926,0.04693490741507576,9.713193093970654,0.7275556529995973,-0.00427713916563608,-0.014444032398206625,-0.004339727796193957,-10.379062824249267,-18.984188289642333,9.485437870025635,989.7333813476563,-0.0425184971336073,23.624044335713286
2025-03-01T17:13:46Z,40.34841027455936,-75.95417198006321,30.170184252378693,-14.041497564051898,24.088395784117708,-0.26304963552418703,1.4523208181864111,0.10677715133071192,1.8163184485964272,0.000999999996944871,0.001000000001327503,0.0010000000008053656,0.0009999999933096198,0.0009999999963379476,0.0009999999896954015,5.0003074475886445e-6,5.000307618112332e-6,0.7482414605837463,0.4490425998318908,0.433239663158625,0.015490418060540507,0.00021677987205479457,0.00021160541069058675,0.005606360075654293,0.0026249999999998384,0.002624999999999861,0.0026249999999998553,0.0010162499999998003,0.0010162499999997756,0.0010162499999997931,-0.10600503306300445,9.794378414788365,0.7643842015186118,0.006971785200944991,-0.014825906095727046,-0.007790780073333112,-10.488750381469726,-19.014750747680665,9.909937887191772,989.7368090820313,0.04160005956320506,23.87004531727618
2025-03-01T17:13:47Z,40.348446686054366,-75.9538837896855,29.971137798514235,-14.772627721799804,24.642150677963976,-0.4364703957178123,1.4513830025370913,0.09548174206685427,1.8115441402815808,0.0009999999967909652,0.001000000001553916,0.001000000000638166,0.0009999999930060085,0.0009999999966562637,0.00099999998939603,6.000307262027018e-6,6.000307734892984e-6,0.7715557085756364,0.6441046374788376,0.6294422870519742,0.016338884073598896,0.0002247080991428141,0.00022115178958066308,0.005603266340733452,0.0026259999999998403,0.0026259999999998615,0.0026259999999998576,0.0010162599999998007,0.001016259999999776,0.0010162599999997937,-0.2712712758764853,9.637956382625065,0.5533110894306036,-0.0008723194527820244,-0.007364009278355283,0.010831749915087051,-10.546125364303588,-18.6339381980896,9.808687887191773,989.8371508789063,-0.1255649387611772,23.55105873527893
2025-03-01T17:13:48Z,40.348467427706865,-75.95358895170288,29.663792957749482,-15.24332999191134,25.0806738152891,-0.6187870086330128,1.451020985884562,0.09578627741343322,1.8131247546400164,0.0009999999967481884,0.001000000001780463,0.0010000000007770753,0.0009999999930802445,0.0009999999966162937,0.0009999999893342045,7.000306767685376e-6,7.0003079276977495e-6,0.7924223859737852,0.8722088561227086,0.8590128467483221,0.016917654165887024,0.00023279394137003901,0.00023098045442457654,0.0056052199018570585,0.0026269999999998413,0.0026269999999998595,0.0026269999999998586,0.0010162699999997997,0.0010162699999997746,0.0010162699999997935,-0.3904318859526462,9.582174880344109,0.7589205888646171,-0.0011934402086681267,-0.00017533207777238147,-0.000032797645553863395,-10.415062875747681,-19.4542506980896,9.746812896728516,989.8307104492187,-0.16314816217753117,24.123418179774813
2025-03-01T17:13:49Z,40.34845225711827,-75.95328674393522,29.42902763567819,-15.660913008446304,25.60983280433936,-0.5902853638142793,1.4456455193656077,0.08271951883624158,1.8149571607897423,0.0009999999963505473,0.0010000000018921605,0.001000000000784568,0.0009999999932428763,0.00099999999696917,0.0009999999890191592,8.000305667895317e-6,8.000308224961252e-6,0.8113749591176678,1.1452378602288753,1.135852011048698,0.01762163700955897,0.00023998289081681096,0.00024095631471600273,0.0056029561726018435,0.0026279999999998397,0.0026279999999998587,0.002627999999999857,0.0010162799999998006,0.0010162799999997754,0.0010162799999997934,-0.2620569513525582,9.77894467417221,0.8384819439381042,-0.006793034310401371,-0.0025067997427464187,0.013029527970700493,-10.140562887191772,-19.598250732421874,9.719437818527222,989.7666088867187,0.035002978871179924,24.11197748467129
2025-03-01T17:13:50Z,40.348397649861255,-75.95297681660371,29.22179832392994,-15.828763312304645,26.210872473725296,-0.7248160477854987,1.4422231283397386,0.09360958858463338,1.8067685452784947,0.0009999999964944272,0.0010000000019609698,0.0010000000007101561,0.0009999999931175917,0.0009999999971977475,0.0009999999888987427,9.000303511526198e-6,9.000308660608859e-6,0.8285547903650367,1.4535244150137046,1.4449558955923623,0.018106502845981524,0.00024790430813379795,0.00025089286022265424,0.0056101001764953685,0.002628999999999838,0.002628999999999857,0.0026289999999998554,0.0010162899999998,0.001016289999999775,0.001016289999999793,-0.20191863916669237,9.581313271817676,1.075456373587199,-0.004327210488094362,-0.009717340908463462,-0.012371097575625399,-9.94406286239624,-19.24631322860718,9.480375337600709,989.7464868164062,-0.13979758586661448,23.646988442003742
2025-03-01T17:13:51Z,40.348318971890244,-75.95265754531951,28.843646767954553,-16.131317602898143,27.229511976462124,-0.9133653990006891,1.4410478304783323,0.1062316326687086,1.7893422839682904,0.0009999999966235982,0.0010000000019173025,0.0010000000006685664,0.0009999999928468552,0.0009999999974176226,0.000999999989095946,0.000010000299663467676,0.00001000030927488737,0.8446839877583068,1.8170256081330056,1.8021828260292811,0.01964359182470789,0.00025575399690318,0.00026062415244262736,0.0056186265908657225,0.002629999999999838,0.0026299999999998555,0.0026299999999998555,0.001016299999999801,0.0010162999999997753,0.001016299999999794,0.156208448527782,9.577309488294548,1.0340553134449175,-0.0010712674663185438,-0.01819584363125754,-0.015589487077374268,-7.531500291824341,-18.74250072479248,10.192125396728516,989.8029541015625,-0.1492794377928756,22.624808092410102
2025-03-01T17:13:52Z,40.34815845659844,-75.95232498065656,28.409175942459033,-16.45766351939645,28.423386815713968,-1.1231360068514782,1.4477854681977944,0.12780355509923433,1.755080267454857,0.00099999999644059,0.001000000001829519,0.0010000000003378233,0.000999999992725223,0.000999999997627108,0.000999999988950322,0.00001100029329290557,0.000011000310115809607,0.8624957756023583,2.2332956646423114,2.206098650604818,0.022293511322042187,0.0002640002028868232,0.0002699422402609726,0.00563090228687679,0.00263099999999984,0.0026309999999998574,0.0026309999999998574,0.0010163099999998002,0.0010163099999997744,0.0010163099999997947,0.23710546703546795,9.582333124878012,0.916157145891983,0.00853099247665157,-0.034041775963057054,-0.027252164239263132,-4.219125170707702,-15.883875570297242,10.133812985420228,989.7749462890625,-0.1547119046050014,19.307788986116027
2025-03-01T17:13:53Z,40.34788844994125,-75.95197934907777,28.042032306134256,-16.335125350553866,29.768135570914527,-1.0834110522110896,1.4535706705812175,0.13836939145520735,1.70864208089311,0.0009999999966272255,0.0010000000015724059,0.0010000000002081352,0.0009999999928311314,0.0009999999974670255,0.0009999999890647193,0.00001200028338291711,0.000012000311234716873,0.8840323537859818,2.7226095623105295,2.646766370474728,0.025459209371190505,0.0002713239298911943,0.0002786133544642636,0.005640103915146226,0.0026319999999998393,0.0026319999999998567,0.0026319999999998567,0.001016319999999801,0.0010163199999997752,0.0010163199999997938,0.2307448699572017,9.80079918606893,1.2091301704025554,0.009079268973882209,-0.04752753384391351,-0.01853181936909102,-7.4923128366470335,-18.995625705718993,12.064125471115112,989.7390234375,0.09397586313036274,23.717277469198812
2025-03-01T17:13:54Z,40.34746290100605,-75.95162412788106,27.860375820615065,-15.904054383096584,31.037932611530053,-1.1474227550465033,1.451364312556342,0.12783893007631142,1.6546732785111917,0.0009999999968835478,0.0010000000017703885,0.0010000000004477176,0.0009999999927253133,0.0009999999974194683,0.0009999999888103564,0.00001300026877327076,0.000013000312680739923,0.9106195915706315,3.266617662179657,3.1067694327632687,0.029318214084049415,0.0002767069625676684,0.00028631707848218615,0.005643624360491626,0.0026329999999998386,0.002632999999999856,0.002632999999999856,0.001016329999999802,0.0010163299999997762,0.0010163299999997938,0.32522148624648173,9.67027072016241,1.2803166437047626,0.001148207730487158,-0.05720974063387161,0.00021154831263702173,-6.871312799453736,-19.423125762939453,12.027375450134278,989.6630395507813,-0.023896107555595493,23.856405420735726
2025-03-01T17:13:55Z,40.3469618662334,-75.9512636665158,27.685790615691737,-15.451996220665427,32.26501711886056,-1.118566508743305,1.4494147087603688,0.126142568360449,1.5957546798803537,0.000999999996471157,0.0010000000015448908,0.0010000000004788448,0.000999999992626426,0.000999999997427966,0.0009999999884559645,0.000014000248283992788,0.000014000314497179167,0.9445585803823833,3.8828129238301456,3.5887326252204206,0.0343029655658372,0.0002821577962317831,0.00029265439281118266,0.005651181772786137,0.002633999999999839,0.0026339999999998565,0.0026339999999998565,0.0010163399999998015,0.0010163399999997768,0.0010163399999997943,0.494118153589978,9.773680481580621,1.2067870380861756,0.0014509699179035796,-0.05992842306667278,-0.010127921829658113,-6.137437744140625,-19.794375705718995,12.255750513076782,989.6910595703125,0.07616982590110258,24.0766778274101
2025-03-01T17:13:56Z,40.346322888131475,-75.95090689585375,27.58184498487045,-15.254414307045787,32.928811218987505,-1.2638513422792472,1.4458495627473633,0.11415405595593762,1.5485671037007775,0.000999999996585966,0.0010000000014055248,0.001000000000083285,0.0009999999928994717,0.0009999999971487372,0.000999999988666496,0.000015000220977331767,0.000015000316714970612,0.9873651178463553,4.506796011832667,4.066265656961113,0.03859114935331896,0.000286471519718093,0.00029696633974855927,0.00565746766072447,0.0026349999999998376,0.002634999999999855,0.0026349999999998553,0.0010163499999998019,0.0010163499999997776,0.0010163499999997945,0.2633271428878628,9.582573714890525,0.7732376534263472,-0.0026493344372908465,-0.04847437473789007,-0.000032797179437579044,-5.12718770980835,-20.324625816345215,13.363500537872314,989.6623291015625,-0.1668739150464843,24.858782716380563
2025-03-01T17:13:57Z,40.34543326646787,-75.95057197062441,27.697767381401388,-14.522522385177176,32.72097103450001,-1.247937165218458,1.4321544934282473,0.07530004085513187,1.51567610925475,0.0009999999965586272,0.001000000001762508,0.001000000000029393,0.0009999999930892058,0.000999999997142382,0.0009999999883277054,0.000016000186319292554,0.00001600031934380587,1.0335148024922212,5.123276539653144,4.510613202789678,0.03946076615526327,0.00028931297620912494,0.00029886561041550465,0.005658804226921001,0.002635999999999838,0.0026359999999998555,0.002635999999999857,0.001016359999999801,0.0010163599999997767,0.0010163599999997936,0.00951273252240355,9.585000551941512,1.201805266822376,-0.0165645338365736,-0.03650526365490061,0.025772901280207886,-5.059500184059143,-19.67250072479248,13.347188081741333,989.5403881835938,-0.12411619442250753,24.30536517311443
2025-03-01T17:13:58Z,40.34454153947711,-75.95025432586145,27.80509884240906,-14.256705769108946,32.27606151423715,-1.155875694506741,1.4312817599658827,0.04828747764943259,1.4909688524022024,0.0009999999971661074,0.0010000000013818805,0.0010000000002492516,0.0009999999928259507,0.0009999999970700787,0.000999999988472806,0.00001700014419388299,0.00001700032238448259,1.0762330308922567,5.771330331601099,4.935205553486776,0.03959014574274344,0.0002931991165718203,0.00029860590466055173,0.0056638973766922575,0.002636999999999838,0.0026369999999998556,0.0026369999999998573,0.0010163699999998018,0.0010163699999997775,0.0010163699999997926,0.15269897592225593,9.702454192477688,0.8564679885059301,-0.004848448249119876,-0.025811291078662785,0.014923209046044397,-5.830125241279602,-19.82943826675415,13.079438066482544,989.5893310546875,-0.04273666585262723,24.459480500734628
2025-03-01T17:13:59Z,40.34353008507095,-75.9499649656459,27.986412792382648,-14.46970757624281,31.35777778954861,-1.3072003817010664,1.4309569793901709,0.04723041302424537,1.484060552768975,0.0009999999974863217,0.001000000001103139,0.0010000000002525985,0.0009999999928388056,0.0009999999972317938,0.000999999988627664,0.00001800009499729801,0.000018000325845197802,1.1126139165429285,6.409162848575101,5.322610154673835,0.03868074789028601,0.00029887031858883247,0.0002960607490336637,0.005675147669356286,0.002637999999999837,0.002637999999999854,0.0026379999999998583,0.0010163799999998026,0.0010163799999997776,0.001016379999999793,-0.01147350342300561,9.49889816008883,0.3202266344017315,-0.005689138110224948,-0.003558621597889976,-0.009126504356575756,-6.010125231742859,-20.14537576675415,12.837750568389893,989.5472900390625,-0.27970450865697793,24.63256170263002
2025-03-01T17:14:00Z,40.342990983178765,-75.9496521618643,27.553387549170964,-14.337068351675684,30.708911059818785,-1.0939673262155143,1.4400071760732986,0.04815756921499799,1.477750513441856,0.0009999999971865763,0.0010000000006222304,0.0009999999999604691,0.0009999999925209518,0.0009999999970827162,0.0009999999885562097,0.000019000039021167527,0.00001900032974418578,1.1362153566500968,7.070380005040099,5.677090928009066,0.034895643840309916,0.00030452967970206687,0.00029302220132592266,0.005685535971788441,0.0026389999999998385,0.0026389999999998554,0.00263899999999986,0.001016389999999803,0.001016389999999778,0.0010163899999997923,-0.3243102221366027,9.848336640038978,1.0576246192452765,0.006381282695502842,-0.004064504899905832,-0.006701404792273623,-6.065812726020813,-20.195813255310057,12.488250570297241,989.894453125,0.12634473190783674,24.507526567232798
2025-03-01T17:14:01Z,40.3425817843281,-75.9493373121187,26.99503054354457,-14.452569424813914,30.040719902514013,-1.170279824438518,1.44067326127608,0.040008210671693745,1.4780813515248603,0.0009999999972010053,0.0010000000004677027,0.000999999999906258,0.0009999999925579266,0.0009999999972196954,0.0009999999887348086,0.000019999975854772457,0.000020000334123005385,1.1430922214395915,7.7296768632879305,6.004971644616076,0.030860744920027244,0.00031062897323873875,0.000289918531625095,0.005693306230460368,0.002639999999999839,0.002639999999999857,0.0026399999999998595,0.001016399999999804,0.001016399999999779,0.0010163999999997931,-0.5004219649554967,9.606222787538542,0.8518418681429474,-0.00147851063649738,0.0008733185900366635,0.0045588693782882776,-5.615437684059143,-20.09850088119507,12.262500476837157,990.0464477539062,-0.12695417593800445,24.20432453134318
2025-03-01T17:14:02Z,40.34157846202294,-75.94908641552357,27.01809473607634,-14.14378058882116,28.610549361184283,-1.177209425132949,1.439753445054387,0.04534358043376441,1.4819149172333828,0.000999999997577334,0.0010000000007514835,0.0009999999997411847,0.000999999992783491,0.000999999997259441,0.000999999988825381,0.000020999904363466767,0.00002100033904796257,1.1357564684284154,8.431274008179118,6.33236785124787,0.02721372051738692,0.0003180321276241752,0.00028741082542369005,0.005705285225661365,0.0026409999999998397,0.002640999999999857,0.0026409999999998587,0.0010164099999998046,0.0010164099999997794,0.0010164099999997937,-0.5436607962104854,9.584451423144262,0.9509903697074397,-0.005378698927925658,0.007947667103659312,-0.011950502336638223,-5.3808752012252805,-20.708438301086424,12.672938060760497,989.7765844726563,-0.13682612712161396,24.867530160045714
2025-03-01T17:14:03Z,40.34032039943314,-75.9488689866403,27.2230817357893,-13.601480641998235,27.043829382499045,-1.1385536057466454,1.4387385789807747,0.0324886660388583,1.479119299751607,0.0009999999978829459,0.0010000000007858842,0.0009999999993506293,0.000999999993080632,0.0009999999970416726,0.0009999999890903685,0.000021999822624469087,0.000022000344597167007,1.1182306303053164,9.194257766795443,6.676069607569023,0.024192334626947774,0.00032456961455051917,0.00028700661166084943,0.005712840170963221,0.002641999999999839,0.0026419999999998563,0.00264199999999986,0.0010164199999998038,0.001016419999999779,0.0010164199999997932,-0.4510500616127613,9.604667479832216,1.093317554682752,-0.005673115001604577,-0.0005622134201646294,0.004660680087281989,-5.970750226974487,-20.212875690460205,12.478875551223755,989.6717309570313,-0.10627135812849009,24.493469283609215
2025-03-01T17:14:04Z,40.339573591736865,-75.94861720354193,26.895977983813886,-13.320453248107171,26.110434438157753,-1.0292781952081516,1.4385592111234131,0.03339744500040477,1.4734576113568918,0.0009999999979022195,0.001000000000547886,0.0009999999992350332,0.0009999999929673265,0.0009999999971395308,0.0009999999894523895,0.000022999727892340306,0.00002300035085857088,1.0940124454635982,10.017201027194814,7.061448571564283,0.02154766773842803,0.000331027368847058,0.00028873448475363807,0.005722962363694239,0.002642999999999841,0.002642999999999858,0.002642999999999859,0.0010164299999998036,0.0010164299999997784,0.0010164299999997927,-0.43782742783526996,9.746182689728498,1.1761902857263211,-0.0026047718970962893,-0.003408409576011644,-0.005641570887577028,-5.325750193595886,-19.836188259124757,12.312563009262085,989.9651635742188,0.04328689489011301,23.946497531849783
2025-03-01T17:14:05Z,40.33905061579466,-75.94835227637554,26.323368663714227,-13.315098599091922,25.419090862722378,-1.0943871886076506,1.434688805267391,0.024902174614477898,1.4748606525863441,0.0009999999981039568,0.0010000000003019263,0.000999999999190724,0.0009999999928769585,0.0009999999969100913,0.0009999999898109718,0.000023999616663098906,0.00002400035793031516,1.065889247965313,10.873459512350633,7.490620533695725,0.019537501179744978,0.00033824996787630606,0.0002911935033094029,0.005730386255828619,0.0026439999999998396,0.0026439999999998565,0.0026439999999998583,0.0010164399999998026,0.0010164399999997775,0.0010164399999997918,-0.47079084703861507,9.621696320215312,1.045820032907794,-0.005591667329805946,0.001524907873350269,0.006228566551321418,-5.997000243663788,-18.716438274383545,12.789750537872315,990.1450366210937,-0.09347765501056354,23.448761153561584
2025-03-01T17:14:06Z,40.338445187110395,-75.94809414395658,25.69690779721027,-13.23560257147405,24.643289388606874,-1.1493803784437877,1.4331921340688047,0.01964743387457762,1.4720018045194425,0.000999999998300406,0.0010000000001904718,0.0009999999992639321,0.0009999999931598665,0.0009999999970185553,0.0009999999899675707,0.000024999484564659233,0.00002500036591755097,1.0359103648899806,11.774236585352924,7.974357241068013,0.01784894601512083,0.0003450488674873332,0.0002957317197223963,0.005738733680219329,0.0026449999999998385,0.0026449999999998554,0.0026449999999998597,0.001016449999999803,0.0010164499999997779,0.0010164499999997922,-0.492725052984398,9.623052333831486,1.1377841800856736,-0.003148207812237895,-0.0023337216954241067,0.002614283121232449,-5.858437714576721,-19.43118824005127,11.796937923431397,990.2082934570312,-0.08059427128785406,23.474618587652365
2025-03-01T17:14:07Z,40.337599270883864,-75.94784771672612,25.183117087369773,-13.120179385858318,24.008805132492824,-1.0749762840413835,1.434268173179892,0.018856362281120885,1.4667590170365348,0.0009999999980396703,0.0010000000004369571,0.0009999999990698931,0.0009999999929744155,0.0009999999971688634,0.0009999999896156556,0.000025999326637664273,0.000026000374926261907,1.0065852674074325,12.76838467569356,8.534984447144806,0.01691629313652399,0.0003515645656676935,0.00030196330602434766,0.005748487090794939,0.0026459999999998395,0.002645999999999857,0.002645999999999858,0.0010164599999998038,0.0010164599999997787,0.001016459999999793,-0.248402170823989,9.75798983439442,1.0864398167512,-0.0009524322995211127,-0.003949175091730884,-0.0023368924799030623,-5.779125189781189,-19.976625747680664,12.402938051223755,990.2099731445312,0.03830711419127173,24.213514113788747
2025-03-01T17:14:08Z,40.336293453546396,-75.94761631917474,24.89489921990218,-12.821038650158584,23.078578759451553,-1.1040872142043692,1.4376901027288762,0.01836478846602098,1.463105429061341,0.0009999999982586469,0.0010000000005014993,0.00099999999899404,0.0009999999931160507,0.0009999999972619103,0.0009999999900288051,0.000026999137486656944,0.000027000385060889223,0.9794404810955655,13.78526551553812,9.15473204760631,0.016147563801095534,0.0003582870780449872,0.0003090691327022008,0.005758651272190907,0.0026469999999998405,0.0026469999999998574,0.002646999999999858,0.0010164699999998046,0.0010164699999997795,0.0010164699999997938,-0.3742005728699532,9.633540939330619,1.0758898285313807,0.0005271620119086775,-0.002069013274858476,-0.0028733182158475435,-5.034750173091888,-19.804688262939454,12.154125480651855,990.1311376953125,-0.08235467157896802,23.775927460285153
2025-03-01T17:14:09Z,40.33441799143398,-75.94739538267063,24.768017593557513,-12.521060782595558,22.069916432240404,-1.1723290366036543,1.435461431311222,0.016996979772240364,1.4607574753303194,0.0009999999980646215,0.0010000000006509207,0.0009999999989485145,0.0009999999928878144,0.0009999999971496512,0.0009999999895918862,0.00002799891138753881,0.000028000396426920224,0.9553161000214611,14.847327925586532,9.857361762531216,0.016053249246070402,0.00036505270908816144,0.00031691571541391547,0.005768840882566298,0.0026479999999998415,0.002647999999999859,0.002647999999999859,0.0010164799999998041,0.0010164799999997794,0.0010164799999997935,-0.33619130148063714,9.606222150583234,0.849158119727871,-0.006129761996543331,-0.0007646670100822778,-0.002096552424944364,-5.917312703132629,-20.206688346862794,12.762750520706177,990.0236059570312,-0.13334890410849415,24.621334897036803
2025-03-01T17:14:10Z,40.332858265920805,-75.94716142693376,24.438977892150167,-12.208001262959995,21.24330387017777,-0.994393867820427,1.4452360286049546,0.004627014449810239,1.4583333016673021,0.000999999998115534,0.0010000000007972202,0.000999999999125872,0.0009999999931840603,0.0009999999973561856,0.0009999999892001555,0.000028998642326667545,0.00002900040913357806,0.9346703576107531,15.973612871931536,10.654256928168666,0.01590962838863182,0.0003713110368302376,0.00032567112847041294,0.005775806874508504,0.002648999999999842,0.0026489999999998607,0.0026489999999998607,0.0010164899999998032,0.0010164899999997802,0.0010164899999997928,-0.3667828192517676,9.859622739791218,1.0027093356883112,0.006666353040579692,-0.0029853106496757426,0.010026109191131727,-5.304562673568726,-19.73681327819824,12.484875526428223,990.1863940429688,0.13447456007283537,23.948900951504555
2025-03-01T17:14:11Z,40.330813998256495,-75.94692353691909,24.369881601424254,-11.729186684262602,20.21038812710926,-0.9062307387630371,1.442455796250709,6.263250804171725,1.468599763251155,0.0009999999978977442,0.0010000000007855613,0.0009999999993164145,0.0009999999933652812,0.0009999999973848738,0.0009999999892533016,0.000029998323161208578,0.00003000042327913765,0.9169119997553894,17.10354316842909,11.528985067759898,0.016125009121763588,0.00037959408788164827,0.0003328926524514408,0.005779668012885842,0.0026499999999998426,0.00264999999999986,0.00264999999999986,0.0010164999999998027,0.0010164999999997806,0.001016499999999792,-0.386675939046191,9.769797104131182,0.946675450446317,-0.00662045718701354,0.007987723786993276,0.023940307188956532,-6.892125282287598,-19.40456317901611,12.521625528335571,990.1151831054688,0.040503239598850264,24.100354974245533
2025-03-01T17:14:12Z,40.327855248027376,-75.9466692193293,24.533358668657375,-11.160383520890816,19.252690741256338,-1.0613373382136353,1.4439411971522675,6.261189007153184,1.4838479072361213,0.0009999999981157336,0.0010000000009898079,0.0009999999990725921,0.000999999993571205,0.0009999999976400167,0.0009999999887990365,0.00003099794770192424,0.00003100043893882794,0.9037603071377941,18.224886431475948,12.486413052093106,0.017366847762636774,0.0003880699765315692,0.00033973941872395534,0.005789432195760556,0.0026509999999998436,0.002650999999999861,0.002650999999999861,0.0010165099999998018,0.0010165099999997805,0.0010165099999997912,-0.18656339641201872,9.545724232037076,0.5992794343985002,-0.003759072514804803,0.015584978791259967,0.002461566926928555,-7.801875290870666,-19.535438289642332,12.120375518798829,989.9376293945312,-0.216214917985295,24.2776364760482
2025-03-01T17:14:13Z,40.32566662473271,-75.94640791411688,24.27333312463361,-10.531068587095097,18.36275724979831,-1.0171982298944682,1.4384125243747856,6.237335751613302,1.4984589505409072,0.0009999999983127336,0.0010000000008775468,0.000999999999086754,0.0009999999936832747,0.000999999997305547,0.0009999999886422773,0.000031997510230676346,0.00003200045614642168,0.8956993292982437,19.36085934680928,13.529331559017512,0.018273414955424845,0.0003961794986798747,0.0003470680501077157,0.00579329782016727,0.002651999999999843,0.00265199999999986,0.00265199999999986,0.0010165199999998017,0.00101651999999978,0.0010165199999997909,-0.2856661314349405,9.738825081824265,0.9989207082213795,-0.009195768849083349,0.011502365885722135,0.025104288394510364,-8.259750308990478,-19.394813346862794,11.937000436782837,990.1693798828124,0.011643012354552527,24.22543637709721
2025-03-01T17:14:14Z,40.32343227775679,-75.94613178762982,23.913544845773366,-9.725801210016233,17.32247282743589,-1.1661003205570317,1.4302443051264182,6.213380459022782,1.526444788385723,0.000999999998313173,0.0010000000009174166,0.000999999999085424,0.000999999993410806,0.0009999999971651268,0.0009999999884104122,0.000032997002719709755,0.00003300047485331778,0.8915305306349888,20.437580091336663,14.62332471519989,0.019724401759010236,0.0004061511199532355,0.00035220841865014495,0.005796988649828163,0.0026529999999998412,0.0026529999999998586,0.0026529999999998586,0.0010165299999998012,0.0010165299999997791,0.00101652999999979,-0.37110297695097694,9.54883364167673,1.1645792195175853,-0.010836425105297065,0.024190661463157178,0.02774569445562442,-10.200187921524048,-19.137000770568847,11.35387541770935,990.2359057617188,-0.1555778295153038,24.478084518902087
2025-03-01T17:14:15Z,40.32089991355682,-75.94582794078846,23.57654780231884,-8.795811232267798,16.25387463533265,-1.04460005542064,1.437166527563196,6.2154910239933745,1.570543673196718,0.0009999999984099883,0.001000000001058157,0.0009999999989176217,0.0009999999936350958,0.0009999999972734029,0.000999999988763359,0.00003399641699336343,0.00003400049489101114,0.892779473413802,21.52261758839881,15.819489834450764,0.022474911473935516,0.00041637868358873517,0.000354606728121767,0.005806489897670403,0.002653999999999842,0.002653999999999859,0.0026539999999998587,0.0010165399999998012,0.00101653999999978,0.0010165399999997903,-0.46425046705534256,9.838844989775694,1.1290104904308127,0.005037380154198115,0.0432062481451257,0.0048235777454163995,-11.94131290435791,-19.17075084686279,11.093062896728515,990.2545263671875,0.1320918229391808,25.162792355761876
2025-03-01T17:14:16Z,40.318735454164866,-75.94552105723504,23.147068087065833,-8.094672356209719,15.439038461162903,-1.0551209909512995,1.4399573723789965,6.209660600434353,1.6197372792805043,0.0009999999982596855,0.0010000000013079319,0.0009999999990674075,0.000999999993650533,0.000999999997358126,0.0009999999891499379,0.000034995749944864956,0.00003500051592499074,0.9025447477607039,22.550641024366428,17.047552838759895,0.02598150822085595,0.0004260306136457073,0.00035601376278890666,0.005813684194308902,0.0026549999999998424,0.0026549999999998597,0.0026549999999998597,0.0010165499999998005,0.001016549999999779,0.0010165499999997898,-0.36251235645142027,9.739435725351745,0.9121560362428258,0.0019216363007151511,0.04694287079736934,0.013585648531445036,-11.091000452041627,-18.345938262939452,9.628687877655029,990.3930224609375,0.006674165971794417,23.500914331599876
2025-03-01T17:14:17Z,40.31695834319736,-75.94521692910811,22.560756600836964,-7.804413483789718,15.097856470518055,-1.1061388529491005,1.4481188652719663,6.214050903840234,1.6528589939105116,0.0009999999981524835,0.0010000000011898271,0.0009999999992732884,0.0009999999936811468,0.0009999999975132579,0.000999999989218914,0.00003599501093373974,0.00003600053748927262,0.9231155205040964,23.509588746384075,18.28897242797726,0.02936917216676788,0.0004302122613231435,0.00035933820194841503,0.005823349818497234,0.0026559999999998408,0.002655999999999858,0.002655999999999858,0.0010165599999997993,0.0010165599999997796,0.0010165599999997902,0.04015654784428761,9.722553832370721,0.5639454284468678,0.006757982546216207,0.03225140646651387,0.0013518293661222143,-11.712000408172607,-18.419625797271728,10.153687887191772,990.5398266601562,-0.04307893022942325,24.07381336188733
2025-03-01T17:14:18Z,40.314338954943416,-75.94481963479797,22.215958889887737,-6.931299963333652,14.815710620084175,-1.0262952084238255,1.4583697546867582,6.216403181421453,1.6995919809959514,0.000999999998132631,0.0010000000013597255,0.0009999999995063272,0.0009999999933202309,0.0009999999973717998,0.0009999999895484051,0.00003699422150734819,0.00003700055900955263,0.9547391108201726,24.375973118230842,19.481416603783273,0.03387388791211183,0.00043338328114412065,0.00036012717062869836,0.005831659387050297,0.0026569999999998426,0.00265699999999986,0.0026569999999998596,0.0010165699999997995,0.001016569999999779,0.0010165699999997897,-0.2936023300097786,9.84231455230594,0.4974249605494057,0.0075215634729571814,0.044651960864355876,0.005943496193574843,-12.095625457763672,-19.109625720977782,10.192687902450562,990.468994140625,0.07722627607762264,24.806658509178224
2025-03-01T17:14:19Z,40.31132078044643,-75.94434001699659,22.025947270647936,-5.878474552199867,14.998882188883048,-1.0617209684999644,1.468284186408781,6.2147766251230445,1.7510437262703622,0.0009999999979059824,0.001000000000918221,0.0009999999993494683,0.0009999999933339022,0.0009999999972594388,0.0009999999897326835,0.00003799341390591662,0.000038000579811304006,0.9969853097732202,25.09751513130197,20.552561868800897,0.03852703921924728,0.00043335475718296157,0.0003600009591211588,0.005838267043188137,0.0026579999999998415,0.0026579999999998584,0.002657999999999859,0.0010165799999997988,0.0010165799999997793,0.0010165799999997899,-0.1671638830174324,9.717468759879331,0.1892490128905365,0.005947335090534193,0.04826474179026168,0.010951919909823294,-13.383563089370728,-18.536813163757323,9.557062883377075,990.4422241210938,-0.06129300682117513,24.78039802458686
2025-03-01T17:14:20Z,40.307618542570765,-75.94372075714702,22.192753981947224,-3.7671549098137485,15.952144937806052,-0.8163122935654488,1.477286114066536,6.224308532083959,1.7923587874497524,0.0009999999977228665,0.0010000000010469761,0.0009999999994928302,0.0009999999932612921,0.000999999997367997,0.0009999999900029285,0.00003899262377285955,0.00003900059937629928,1.0435305481176338,25.745138492328763,21.443144579041533,0.03973697420399141,0.00042774601632926065,0.00036069360756557845,0.005846998168075246,0.0026589999999998407,0.0026589999999998577,0.002658999999999858,0.0010165899999997983,0.0010165899999997796,0.00101658999999979,-0.07473881690227573,9.899463231403704,0.604224608110604,0.001657261355849285,0.0383091482875024,-0.00011424600423830895,-14.242875547409058,-17.92350078582764,9.207562866210937,990.324775390625,0.1360180577525559,24.67565766221258
2025-03-01T17:14:21Z,40.30454916237534,-75.9431096011787,22.443852148746657,-1.6362605361518456,16.93139641812655,-0.6470747147555727,1.4857228910236837,6.232247184767464,1.8356414935418333,0.0009999999976476684,0.001000000000904128,0.0009999999995546208,0.000999999993366677,0.0009999999970486035,0.0009999999896557153,0.00003999187506965296,0.00004000061747942501,1.0845425515899172,26.324739218349077,22.103982463858635,0.03898772728313856,0.0004195258690460706,0.000361250737401258,0.005855103301631497,0.0026599999999998426,0.0026599999999998574,0.002659999999999857,0.0010165999999997978,0.0010165999999997798,0.0010165999999997904,-0.183246791509558,9.820870115935731,0.7905928048682204,0.0019516785776406513,0.040373570781966656,0.0008976866539352534,-15.105188159942626,-17.95912567138672,9.26943787574768,990.3769995117187,0.07208290639709745,25.231266496490072
2025-03-01T17:14:22Z,40.30019213024196,-75.94223277321,23.34171497722618,1.165266898840514,18.75045290348939,-0.5294698922594279,1.498206314792641,6.24529319165226,1.8909808939141746,0.0009999999976931487,0.0010000000010621925,0.000999999999330299,0.0009999999932921398,0.0009999999971395423,0.0009999999893915074,0.00004099118511443712,0.000041000634039455914,1.1191467916756284,26.89512279273841,22.581716007856787,0.0402202065889346,0.00040933963419059044,0.00036215987868284553,0.005863566454570809,0.002660999999999842,0.002660999999999858,0.002660999999999858,0.0010166099999997988,0.0010166099999997808,0.0010166099999997906,-0.4373710900745114,9.734159047443757,0.31285857247171134,0.0017488915083207974,0.05103549816025017,-0.001101810817274179,-14.106750612258912,-18.171375789642333,5.53950022816658,990.0667797851562,-0.033472751546615304,23.661846085297746
2025-03-01T17:14:23Z,40.29718678189733,-75.94148370420393,24.053719371591495,3.2496110068384487,20.26862853030841,-0.27603635742036525,1.5023997591842635,6.24374395742048,1.9396534276614896,0.0009999999979976935,0.0010000000010879878,0.0009999999992368772,0.0009999999931447436,0.0009999999973632045,0.0009999999895458406,0.00004199056624942667,0.000042000649168702366,1.1469550435703395,27.555646907387047,22.887661984890492,0.038978180662249326,0.00039787212767454565,0.0003643852108513513,0.005869124514365155,0.002661999999999843,0.002661999999999859,0.0026619999999998585,0.0010166199999997992,0.0010166199999997814,0.0010166199999997912,-0.24298890055802919,9.902069152205609,0.43221857806056774,-0.003576146955138449,0.044669652862265985,0.010591409536411977,-14.262000579833984,-18.10856325149536,8.226375336647033,990.1621508789062,0.13182203493739428,24.47438412739931
2025-03-01T17:14:24Z,40.29355757355179,-75.94054328701856,25.372983608391674,5.7084680256874645,22.35312600721964,0.036604862779506975,1.516004301209881,6.240707243118174,1.9986723350373914,0.000999999997801047,0.0010000000011865886,0.0009999999993795393,0.000999999993090577,0.0009999999974057965,0.000999999989564915,0.00004299002230557378,0.00004300066312717597,1.1666436787683334,28.338037632034396,23.046389624975163,0.03868859713498454,0.00038525987837598733,0.0003684292687185614,0.005874380883332601,0.0026629999999998426,0.00266299999999986,0.00266299999999986,0.001016629999999799,0.0010166299999997807,0.0010166299999997915,-0.33950464133035085,9.933720420836314,0.18017655497896737,0.003927642483202447,0.05418145150147801,0.013742203585314616,-16.750500631332397,-18.053063259124755,6.048562726974487,989.8820776367188,0.1582501439510665,25.358921291085085
2025-03-01T17:14:25Z,40.29136052793152,-75.93980563266314,26.38061260702738,7.216302784711091,23.848406007249277,0.07110800484819854,1.524029295489454,6.265619224167832,2.0435354090489617,0.0009999999979170772,0.0010000000012270434,0.000999999999655363,0.0009999999930681723,0.0009999999974365365,0.0009999999891555666,0.0000439895506735526,0.00004400067628037062,1.177774979681614,29.216256067640522,23.049104450779872,0.03617116504885118,0.00037212649593037117,0.0003735304250327175,0.0058860893621294945,0.0026639999999998436,0.0026639999999998605,0.0026639999999998605,0.001016639999999799,0.0010166399999997813,0.001016639999999792,-0.12403095223783105,9.70871536636234,0.22133310403985237,0.0016674428053687048,0.04318588570035263,-0.018063489212638607,-17.246250762939454,-18.394688301086425,5.137687726020813,989.9712158203125,-0.0710534696211295,25.73307081740843
2025-03-01T17:14:26Z,40.29102718183185,-75.93942573825082,26.614593520859597,7.565691646187138,23.565189391889994,-0.009414541291162558,1.53678329588215,0.0052389800105979226,2.0922697817725915,0.0009999999977316962,0.0010000000013118786,0.0009999999995363353,0.0009999999928997012,0.0009999999972981957,0.0009999999890511996,0.00004498914078125666,0.000045000689003833455,1.1798435687237563,30.27190775007799,22.956003445468177,0.03448281975282831,0.00035939399216435556,0.000380590341718522,0.00589818484862628,0.002664999999999843,0.00266499999999986,0.00266499999999986,0.0010166499999997988,0.001016649999999781,0.0010166499999997916,-0.5885360287216533,9.701072041932427,0.09310461771229514,0.01148517486608819,0.04901580486612885,-0.01986170186338592,-16.474875688552856,-20.744625835418702,4.120125169754028,990.2521728515625,-0.06369666275001772,26.809209744540624
2025-03-01T17:14:27Z,40.29096746490307,-75.93910658768846,26.651337368909775,8.077825118315808,23.130387649636592,-0.09269497768890414,1.5311605145390648,6.281320291117115,2.142580416200066,0.0009999999978025254,0.001000000001453985,0.0009999999997773329,0.000999999992686715,0.0009999999973191059,0.0009999999888351744,0.00004598877424212321,0.00004600070147848314,1.174274860672944,31.51888719867799,22.769361016571505,0.032260693144600894,0.00034740344794563266,0.00038925750341702026,0.005904451810834372,0.002665999999999844,0.002665999999999861,0.002665999999999861,0.0010166599999997979,0.00101665999999978,0.001016659999999791,-0.7546992579520659,9.699144068398754,0.3744338771730331,-0.006375609759048346,0.04976286316498586,0.00939488262058966,-15.525563087463379,-21.606188316345214,3.7638751435279847,990.2948901367188,-0.04733564314159538,26.870699623959975
2025-03-01T17:14:28Z,40.29067650386002,-75.9387366468215,26.6690354689989,8.196075642636275,23.00381441593032,-0.2566552215571938,1.530723008942327,6.272220625865475,2.1806099523510434,0.0009999999975192112,0.0010000000016662774,0.0009999999997907802,0.0009999999928017578,0.000999999997170027,0.000999999988729638,0.00004698843561039961,0.00004700071391496647,1.1633513184196098,32.93836643676391,22.607630830319287,0.030431528422673076,0.0003381052595627952,0.000397526939515229,0.005910806356929147,0.002666999999999844,0.0026669999999998613,0.0026669999999998613,0.0010166699999997974,0.0010166699999997796,0.0010166699999997904,-0.325403982164553,9.623403390726605,-0.004255805740917926,-0.0015532836327175454,0.03710894986850228,0.011502699719883564,-15.77043815612793,-20.832938289642335,2.8586251056194305,990.2490502929687,-0.1540813357298211,26.28473119749186
2025-03-01T17:14:29Z,40.290046390251796,-75.93828663907512,26.70252263987132,8.538857681191484,23.271919140795173,-0.3627238788014807,1.5336767863772605,6.2791237624826275,2.2183729013093316,0.0009999999976914398,0.0010000000014515164,0.0009999999998885063,0.0009999999929885509,0.0009999999973619082,0.000999999989129281,0.000047988116133762345,0.00004800072658257537,1.149361610811047,34.538416908999444,22.436388790414824,0.02850261817031577,0.00033007585403471056,0.00040649844578216225,0.0059202408961893035,0.002667999999999845,0.0026679999999998623,0.0026679999999998623,0.0010166799999997977,0.00101667999999978,0.0010166799999997904,-0.2991855815717357,9.658625562030398,0.09503194897083998,0.000954767604106159,0.0371485053070521,-0.003901607624645696,-15.352313079833984,-21.16068838119507,2.3514375925064086,990.1805151367188,-0.1192928491023197,26.24871104123239
2025-03-01T17:14:30Z,40.28883837871428,-75.93769606420705,26.89132898604939,8.796140971895484,24.492066277487186,-0.4449517766331249,1.5515737830442204,0.019500582214019044,2.232516327768301,0.0009999999977083043,0.0010000000015909659,0.0009999999995872052,0.0009999999929349722,0.0009999999974606537,0.0009999999890961447,0.00004898780577735824,0.00004900073986594962,1.1308954506881845,36.26243372729635,22.327131214750846,0.025407005994554692,0.00032698961899092863,0.000412640635634683,0.005932514934538763,0.0026689999999998455,0.0026689999999998633,0.0026689999999998633,0.001016689999999797,0.0010166899999997793,0.0010166899999997899,0.06133303298783686,9.649851933159967,0.039917267836741835,0.014098541095336106,0.013416408776227344,-0.020537492087008568,-13.15650055885315,-21.231000728607178,2.4695625925064086,990.0487524414062,-0.13303458456845113,25.098706710180696
2025-03-01T17:14:31Z,40.286690580375094,-75.93688654639321,27.30316413340603,9.48595980854866,27.14701471937504,-0.6595881620908673,1.5532806233877223,0.05499984248569298,2.2340794085387055,0.0009999999975991445,0.0010000000017135477,0.0009999999994703402,0.0009999999929966952,0.000999999997366937,0.0009999999889653746,0.000049987484575699805,0.00005000075437920205,1.1034819209623552,38.035593379840705,22.24828268358576,0.020934954977571422,0.0003283654439065663,0.0004172270363867643,0.005946983553297358,0.0026699999999998444,0.002669999999999865,0.0026699999999998617,0.0010166999999997974,0.0010166999999997794,0.0010166999999997903,0.20058549819798288,9.481285437035142,0.5295397751149803,-0.003896600941881265,0.00003646725504083078,-0.03128787753110866,-13.998563079833984,-21.75412572860718,2.2134375858306883,989.8300146484376,-0.28530306241033937,25.96340525761945
2025-03-01T17:14:32Z,40.28336903721502,-75.93584042659492,27.99757803512754,10.34560593829834,30.63281599505574,-0.6320707077884712,1.5681934420295514,0.06768268842823978,2.231081814110129,0.0009999999974919902,0.0010000000017628952,0.0009999999997222907,0.0009999999931569995,0.0009999999970973015,0.000999999988674216,0.000050987119288610285,0.00005100077070770571,1.0664846627104148,39.96538130971212,22.323146921485456,0.017529391490902005,0.0003320668164511118,0.00042164882544107834,0.00595723485609371,0.0026709999999998462,0.0026709999999998653,0.002670999999999861,0.001016709999999798,0.0010167099999997802,0.001016709999999791,0.07772386711579242,9.706521939275936,0.5119414198459766,0.008020436734833195,-0.005744383499963307,-0.0071290097647245506,-11.6962504196167,-20.538563270568847,0.6247500264272093,989.5594946289062,-0.06358141353734466,23.6436620782576
2025-03-01T17:14:33Z,40.27919157091934,-75.93467326535125,28.788480802622704,11.490131690173135,34.24013957592893,-0.7471632290215424,1.576459508970296,0.08510834476359504,2.2366922756422327,0.0009999999973842055,0.0010000000017711655,0.00099999999940797,0.0009999999934675746,0.0009999999967966427,0.0009999999890837584,0.00005198666746473276,0.00005200078917455132,1.0243901786888754,41.9770677427443,22.496628318078155,0.015271870706240623,0.00033619100327357977,0.00042855605262726086,0.005968576216257072,0.0026719999999998464,0.0026719999999998637,0.0026719999999998624,0.0010167199999997982,0.0010167199999997804,0.001016719999999791,-0.25522759636314024,9.552207147315091,0.5795536901703224,0.0006798781753686277,0.0026401530951432706,-0.011700147803310669,-12.308625507354737,-19.311938171386718,1.8095625728368758,989.369736328125,-0.21117203297553208,22.972274416694457
2025-03-01T17:14:34Z,40.27487689155796,-75.9335464553457,29.305595665701755,12.474477345716174,37.605609581197406,-0.8483567749770372,1.5781490109537721,0.09503439855075965,2.2350561984497928,0.0009999999976682522,0.0010000000019113567,0.0009999999995664738,0.0009999999934330163,0.0009999999967103546,0.0009999999891376274,0.00005298607141247608,0.00005300080996274568,0.9803209078317311,44.09621136011895,22.842027877127926,0.013829523805073948,0.000342877187954838,0.0004351463347432946,0.005978956473971842,0.0026729999999998456,0.002672999999999863,0.0026729999999998617,0.0010167299999997972,0.0010167299999997792,0.00101672999999979,-0.22624437417092233,9.605504869459288,0.6700671154788097,-0.003871064637308814,-0.004084867071397217,-0.005347320882028837,-12.043875465393066,-20.25618824005127,2.0437500786781313,989.3549584960938,-0.1532580396354909,23.654652829998046
2025-03-01T17:14:35Z,40.27125761194701,-75.93258155223876,29.300839668668715,13.169882373697677,40.40074318115974,-1.0358938908668314,1.5747587649564405,0.09396257319074271,2.22693624020867,0.0009999999975631422,0.001000000001773361,0.0009999999994705203,0.0009999999934846428,0.0009999999965144182,0.0009999999886368884,0.00005398525392060464,0.000054000833384524935,0.9361903008283853,46.30443885548117,23.37125568094614,0.013492925238888835,0.0003515729893621679,0.000441509531455243,0.0059878030391785795,0.0026739999999998458,0.002673999999999863,0.002673999999999863,0.0010167399999997978,0.00101673999999978,0.0010167399999997905,-0.041050356371714114,9.579038148846825,0.8113436750978231,-0.006149790653012316,-0.00960718489852861,0.0038718969866124347,-12.09993800163269,-20.225063228607176,2.1386250895261765,989.5196508789063,-0.17168712937106778,23.665016087835728
2025-03-01T17:14:36Z,40.26634033823414,-75.93152929655086,29.226807461583896,14.246988407266326,43.53355047184954,-1.1792164698057743,1.5649528444623686,0.09357776019225794,2.2066446617001287,0.0009999999976654113,0.0010000000019092373,0.0009999999996963195,0.0009999999936086874,0.0009999999965582265,0.0009999999886360752,0.0000549840968449944,0.00005500085983382906,0.8940538706313389,48.63332293046667,24.059873501407882,0.014853552118997384,0.0003642272563856831,0.0004461264939168643,0.005997147642161895,0.0026749999999998446,0.002674999999999862,0.0026749999999998615,0.001016749999999797,0.001016749999999779,0.0010167499999997915,0.0672353284544776,9.623052349724585,1.3836865842745036,-0.01097745866701397,-0.021626867318455166,0.002634645314220691,-11.91206298828125,-20.223375778198243,1.74843756377697,989.4465771484375,-0.06325152982501986,23.535862139185273
2025-03-01T17:14:37Z,40.2586241806001,-75.93030393064062,29.250445643702296,15.198467759601495,46.591831814749945,-1.3833509465915266,1.5665386980097038,0.09273498625635761,2.1892598825296634,0.0009999999977274463,0.0010000000020505342,0.000999999999663078,0.0009999999934896537,0.0009999999965861243,0.0009999999889716608,0.00005598244410666029,0.00005600088983655899,0.8588833650667395,51.066276396090444,24.975206992212232,0.01770954693499462,0.000377394537762492,0.0004518802477716825,0.006006675216214496,0.002675999999999843,0.0026759999999998634,0.0026759999999998603,0.0010167599999997977,0.001016759999999779,0.0010167599999997908,0.15557036296946314,9.54301240348625,1.1674152939670341,0.0006696967267859283,-0.018674354343958584,0.0023190319142050615,-12.980438041687012,-20.416500759124755,2.003062583208084,989.2542065429687,-0.17048332601628305,24.276224163681714
2025-03-01T17:14:38Z,40.24914546683389,-75.92906692828657,29.070115393174436,16.260670814478704,49.40193509717255,-1.620555223004459,1.5587299812164843,0.10484591282690896,2.169557729711849,0.000999999997840099,0.0010000000021680876,0.000999999999633091,0.0009999999934575553,0.000999999996650642,0.0009999999887958533,0.00005698011293617773,0.00005700092408934533,0.8365765701534297,53.6189864474265,26.054923794983882,0.022834408954592177,0.00039270621180652365,0.000457396591957704,0.00601919365208014,0.0026769999999998444,0.002676999999999862,0.0026769999999998618,0.001016769999999798,0.0010167699999997786,0.0010167699999997911,0.24094967201909154,9.508273325808617,1.46744779008453,-0.006780683680736494,-0.02037242502579689,-0.012421168708191519,-11.94787540435791,-20.31768825531006,2.329875092506409,989.237529296875,-0.16239421949707533,23.6851448401705
2025-03-01T17:14:39Z,40.24480610199452,-75.9282284556983,27.922971954940387,16.902029421134397,51.00958381931025,-1.745645532901738,1.5580648923680325,0.11137005895718466,2.158033899200553,0.0009999999977965844,0.0010000000022243707,0.0009999999996992484,0.0009999999936889518,0.000999999996514549,0.0009999999886928725,0.000057976912702574876,0.000058000963311980776,0.8327810691863857,56.339522313169255,27.307307285725063,0.028238168361431178,0.00040581568373630587,0.00046439147509519743,0.00603084739620846,0.0026779999999998446,0.002677999999999862,0.002677999999999862,0.0010167799999997982,0.0010167799999997776,0.001016779999999792,-0.08658328832904574,9.65435845756314,1.3039258346362603,0.0009649481155830965,-0.011496693082723743,-0.007526072314543455,-12.360375556945801,-20.40956335067749,2.1245625936985015,989.8490771484375,-0.044064329461137114,23.95496784239835
2025-03-01T17:14:40Z,40.24167288942044,-75.9274815996024,26.464274417997917,17.347792087311927,52.26100447434174,-1.8825544902097964,1.5497266210890124,0.11460297479786466,2.150939192001851,0.0009999999976512282,0.0010000000022453628,0.0009999999996164151,0.0009999999936044213,0.000999999996849551,0.0009999999888800372,0.000058972718112362574,0.00005900100816170142,0.8506270543667178,59.1813639666431,28.63673565482838,0.0337305773883685,0.0004169816808720699,0.0004711773950994267,0.006041864838315643,0.002678999999999844,0.002678999999999861,0.002678999999999861,0.0010167899999997975,0.0010167899999997767,0.001016789999999791,-0.15971082600672837,9.647370852233662,1.2047864794235814,-0.0067706689765377115,-0.006903357155017343,-0.004459898143440345,-12.148500528335571,-20.894813289642332,2.234437594413757,990.1365283203126,-0.06300667923056576,24.272814517110774
2025-03-01T17:14:41Z,40.33946821811646,-75.94555834849768,29.305567381817635,19.583349942819275,13.963577137911942,-0.7460677496853881,1.497812137722358,0.018246606704388907,2.2103456929654306,0.0009999999979911779,0.001000000001854388,0.0009999999994133486,0.0009999999932442602,0.000999999997212379,0.000999999988680869,3.074251226608471e-10,3.0742496907381907e-10,0.5189670893887799,0.0021841761361104575,0.002184089572615284,0.020270233932753557,0.00017846598614382902,0.00015229460682865205,0.0059321674556576534,0.002679999999999844,0.0026799999999998613,0.0026799999999998617,0.0010167999999997964,0.0010167999999997758,0.0010167999999997918,-0.16307385143651135,9.691646582919102,0.8937960260638457,0.0021968589548026557,-0.007179915291676813,-0.003942332098161204,-11.525812892913818,-21.173438167572023,3.6232501447200773,990.2244458007813,-0.04783627488355854,24.377947015671417
2025-03-01T17:14:42Z,40.33961976618538,-75.94539395238736,28.63091076436232,19.684600727362618,13.931023952551396,-0.7634325616832089,1.4950823930809591,0.026965581014883156,2.2108712534978596,0.0009999999979020807,0.001000000001833729,0.0009999999994499743,0.0009999999932679522,0.0009999999973066972,0.0009999999885462589,1.0003074252442558e-6,1.000307425226197e-6,0.5800381431600814,0.019774867653539096,0.018730406469180373,0.02017361752652832,0.00018759571435613174,0.000161580359619649,0.005944718945896177,0.0026809999999998432,0.0026809999999998606,0.0026809999999998606,0.0010168099999997957,0.001016809999999775,0.001016809999999792,-0.30847771002151353,9.737070313133929,0.790665374274797,-0.0024762566439809736,0.0015045454263196833,-0.008849612504973701,-10.983562860488892,-21.154500675201415,3.1998751306533815,990.02103515625,-0.007984584359483975,24.04970475243363
2025-03-01T17:14:43Z,40.33977046220379,-75.94523074393456,28.109952173632276,19.7888366849322,13.791990751680562,-0.8335514230838371,1.4894071209338484,0.02571681836355084,2.2102398964370704,0.0009999999976752529,0.001000000001795375,0.0009999999993073848,0.0009999999931102788,0.000999999997487504,0.0009999999884679205,2.0003074258739443e-6,2.000307428340135e-6,0.6439076866601665,0.07124944128177149,0.06573346073805839,0.01961218749351309,0.0001961041311773565,0.00017051371982868685,0.005951667449352549,0.002681999999999842,0.0026819999999998594,0.0026819999999998594,0.0010168199999997952,0.0010168199999997754,0.0010168199999997913,-0.41688042114773655,9.65615761653529,0.7799231654731102,-0.004557536458032636,0.0009377431831514517,0.00037694910613620997,-10.911375379562378,-20.6538756942749,2.946375125646591,989.9234008789062,-0.08538858195945112,23.543988994016516
2025-03-01T17:14:44Z,40.339920125414096,-75.9450685897478,27.563666184322315,20.150866349188224,13.79227565386909,-0.6959735139399774,1.4923858534210646,0.022015451848445364,2.2067257985544915,0.0009999999978593957,0.0010000000013730976,0.0009999999996348615,0.0009999999928273593,0.0009999999972934903,0.0009999999881501382,3.0003074261588398e-6,3.00030744117536e-6,0.704376845082404,0.15917035859747702,0.14891353195442839,0.019273894864273042,0.00020411045701109365,0.00017914381255898948,0.005955815366423313,0.0026829999999998426,0.00268299999999986,0.00268299999999986,0.0010168299999997951,0.0010168299999997747,0.0010168299999997914,-0.4345794627720836,9.846581799823237,1.1072358078417155,0.003968367050461878,-0.0023235404237737555,0.0027771807293632393,-11.010000429153443,-20.70337574005127,2.964750123023987,990.0563500976563,0.13620550782155783,23.635507355139282
2025-03-01T17:14:45Z,40.34006908036842,-75.94490715758616,27.05411472686622,20.069055050611183,13.707673538068063,-0.6632332240203527,1.4997410883805642,0.018334814332025634,2.201909396324234,0.0009999999979726012,0.0010000000012485462,0.0009999999996492038,0.0009999999925583618,0.0009999999975124285,0.0009999999879995022,4.000307412587786e-6,4.000307473889269e-6,0.7569455344455897,0.28478217754006485,0.2555241547195811,0.01833228084844908,0.00021175981085774182,0.00018757707231128144,0.0059584792324380645,0.002683999999999842,0.0026839999999998592,0.0026839999999998592,0.0010168399999997942,0.0010168399999997751,0.0010168399999997905,-0.1984274821321403,9.79023415712313,0.6445913898805907,0.008160468026107006,-0.0038790758783986837,0.0028404369069491555,-10.946250381469726,-20.519250755310058,3.5088751459121705,990.164208984375,0.031488004233615224,23.519563213409892
2025-03-01T17:14:46Z,40.34021364487049,-75.94474828066178,26.55563659366033,19.9700203478329,13.39017253543564,-0.6260757510843643,1.5025985509146866,0.012724462117952053,2.2026846248704786,0.000999999998100147,0.0010000000007106239,0.0009999999993936103,0.0009999999922464839,0.0009999999974903426,0.0009999999884461857,5.000307338788302e-6,5.0003075399195505e-6,0.7976508539302276,0.45417459007411193,0.3907165247016947,0.01698638960342442,0.00021913449456261182,0.00019605355658815294,0.005959422711548297,0.0026849999999998438,0.0026849999999998594,0.00268499999999986,0.0010168499999997937,0.001016849999999776,0.0010168499999997902,-0.3305315589153423,9.810210902530693,0.445620347498646,0.0034389508079337577,0.0014129159584254948,0.005271545065460198,-12.329062948226928,-21.234000720977782,4.858875205516815,990.2461499023437,0.04397530227373717,25.029876027035076
2025-03-01T17:14:47Z,40.34033645391035,-75.94459407424908,26.355373147352175,20.251182472433463,13.271482856455872,-0.4955428384936882,1.4989385980266512,0.013052295384498478,2.1998090802254175,0.0009999999982549547,0.0010000000010756962,0.0009999999992520707,0.0009999999923772087,0.000999999997249347,0.0009999999881978984,6.000307098201714e-6,6.00030765636022e-6,0.8266923783884197,0.6622559802944347,0.5655961333728912,0.016314416301614485,0.00022655635018959877,0.0002045715046487028,0.005962627644003921,0.002685999999999844,0.0026859999999998595,0.0026859999999998612,0.0010168599999997936,0.0010168599999997759,0.0010168599999997902,-0.3287774765366224,9.847073474695716,0.9341621515688551,-0.0021641480605691793,-0.00026395802297739723,-0.001445630796318486,-10.830750341415404,-19.1191881942749,4.125750186443329,990.139267578125,0.11484707464984686,22.35772893894796
2025-03-01T17:14:48Z,40.34043814905813,-75.9444428135222,26.29414790249257,20.735004058224483,13.156919096180365,-0.4821517920511512,1.498201927339477,0.012742620940879735,2.1999027400398035,0.0009999999982393537,0.0010000000009056692,0.0009999999996219567,0.000999999992591984,0.000999999997412519,0.0009999999882354493,7.0003064900951076e-6,7.000307845106173e-6,0.8467968728752816,0.9091765675995462,0.7776870109751559,0.015906745842583687,0.00023386675009855147,0.00021336209747211922,0.0059653949031515064,0.0026869999999998458,0.0026869999999998614,0.002686999999999863,0.001016869999999793,0.001016869999999775,0.0010168699999997892,-0.4243700902649446,9.706761208215273,1.1441650360606639,0.0009547672242406508,0.003092794143396269,-0.0006538434345803665,-11.423812961578369,-17.388938150405885,4.037437652349472,990.1123803710938,0.0012798307630416921,21.19380599809754
2025-03-01T17:14:49Z,40.340532436520924,-75.94429283028757,26.23343134659874,20.959554236963406,13.079351712935699,-0.35268489702225464,1.4997993402165783,0.004228542438957729,2.192776285838083,0.0009999999983954402,0.0010000000012636598,0.0009999999991673867,0.0009999999923217375,0.0009999999973337326,0.0009999999883034258,8.000305184327487e-6,8.000308131278627e-6,0.8595625639895511,1.2027938231659299,1.0187949640116176,0.015415363402426484,0.00024135423899776618,0.00022215873619462463,0.00596488539160477,0.002687999999999846,0.0026879999999998632,0.0026879999999998632,0.0010168799999997935,0.0010168799999997757,0.0010168799999997898,-0.20909580841856965,9.848974616367705,0.9553314554595754,0.0030520693336886246,-0.005265872161421031,0.007287398922768178,-10.991437911987305,-19.095750713348387,5.018250191211701,990.1669555664063,0.11552498297158813,22.597343466586082
2025-03-01T17:14:50Z,40.34056934394839,-75.94414739585396,26.42396585510357,20.99509851233954,12.961755380247096,-0.30776053853367313,1.5011999452206826,0.010849978751607613,2.183462699998778,0.0009999999987473326,0.0010000000014180452,0.0009999999992966575,0.0009999999918995992,0.0009999999976883158,0.0009999999885278257,9.000302685975836e-6,9.000308543535604e-6,0.8662103053933643,1.5375274101958354,1.2854221039910934,0.014886122862529645,0.0002490013741537645,0.00023111149246397874,0.005970507258836912,0.002688999999999846,0.0026889999999998634,0.0026889999999998634,0.0010168899999997937,0.0010168899999997757,0.0010168899999997902,-0.08561177787109757,9.759205894218807,0.8237000571409719,0.0034838474027600605,-0.005321117272041185,-0.008155129322669862,-12.457313013076782,-17.738250761032106,5.3021252155303955,990.0497607421875,0.012410044845844535,22.314579142534964
2025-03-01T17:14:51Z,40.34059665208248,-75.94400386348953,26.50785232581732,21.11539250722777,12.658335133768645,-0.3728892160863745,1.4989497609902556,0.01397343384127324,2.1829428796040813,0.0009999999987895774,0.0010000000015333186,0.00099999999908377,0.0009999999917294324,0.0009999999980206333,0.000999999988782432,0.000010000298297631166,0.000010000309114767073,0.8676215709018585,1.920564596215216,1.5878916526272022,0.014330836132017768,0.0002564534750366769,0.00024054232193491756,0.005975001475914505,0.002689999999999845,0.002689999999999862,0.0026899999999998618,0.0010168999999997938,0.001016899999999776,0.0010168999999997904,-0.35481871101631623,9.66101842625794,0.7641050383232116,-0.0006538431712544297,0.002461567050915966,-0.0037488914087245723,-13.527938098907471,-18.708000831604004,4.863000204563141,990.0978637695313,-0.08415362257421123,23.593235635978584
2025-03-01T17:14:52Z,40.34061591349245,-75.94386254720077,26.437733805114163,21.499174733339146,12.478200097495794,-0.47033528352705367,1.4931869823099377,0.01894885193683798,2.1819949053872296,0.0009999999990593542,0.0010000000013782855,0.0009999999989988703,0.0009999999918712343,0.0009999999976504578,0.00099999998896342,0.000011000291079750743,0.000011000309885311218,0.865536102728784,2.3460005799696106,1.9410584239143676,0.014221516040076654,0.0002640214777755173,0.0002501528270196376,0.005980498082537739,0.0026909999999998454,0.0026909999999998628,0.0026909999999998628,0.0010169099999997942,0.0010169099999997762,0.0010169099999997905,-0.4634816246898802,9.610693929451832,1.072396695931366,-0.004457394700822461,0.0016287215168067967,-0.0053912163220356454,-11.609812936782838,-19.65356330871582,3.8291251397132875,990.1485375976563,-0.10037675384523406,23.145413036970634
2025-03-01T17:14:53Z,40.340667503092796,-75.94371917206705,26.158931471026765,21.948273217493497,12.625622854368274,-0.5221859125648265,1.5015393653604265,0.02286436120894821,2.1644821149487794,0.0009999999987773394,0.0010000000011106457,0.0009999999986573696,0.0009999999917688189,0.0009999999979848702,0.000999999988757057,0.000012000279818871702,0.000012000310902151648,0.8626814582141726,2.811055460030226,2.3424420356824465,0.014445970430217343,0.00027226471411351965,0.00025923952967696947,0.0059858495132247246,0.002691999999999844,0.002691999999999861,0.002691999999999861,0.0010169199999997937,0.0010169199999997757,0.0010169199999997902,-0.30102007577474227,9.65830649439356,1.2620913076311426,0.009506874284453862,-0.015874557300042075,-0.005326958714347548,-10.491187906265258,-19.58512580871582,5.181750210523606,990.2600634765626,-0.03676804666758533,22.814258344811837
2025-03-01T17:14:54Z,40.34055231148836,-75.94357847278276,26.05966064393848,22.127483930128882,13.073935057777467,-0.6232671043053412,1.5046939613193577,0.03722313661924722,2.1333568890851202,0.000999999998884029,0.0010000000008963225,0.0009999999985772234,0.0009999999920184898,0.0009999999977400402,0.0009999999888378988,0.000013000263021658526,0.00001300031221408191,0.8609994788531107,3.3056520202168675,2.7735905478883134,0.014798484896277097,0.0002810923740514647,0.00026790689693459164,0.005995274395381895,0.0026929999999998453,0.0026929999999998626,0.002692999999999863,0.0010169299999997945,0.001016929999999775,0.001016929999999789,0.06360620829336919,9.596890806197008,1.273138182899705,0.005862047563466702,-0.02724682343635048,-0.016699224649783823,-11.13412540435791,-20.744813289642334,4.721437692828476,990.119189453125,-0.10071037011349938,24.0126123214574
2025-03-01T17:14:55Z,40.34035030014784,-75.94343348187603,25.9848249177275,22.296604176533773,13.794011818911418,-0.5806844896048419,1.5067672404782282,0.0393089982726192,2.0866433551602332,0.000999999998910289,0.0010000000005012737,0.0009999999983672828,0.0009999999918639973,0.000999999997512164,0.000999999989212483,0.000014000238935481453,0.000014000313873129688,0.8617331986737728,3.8504460225178447,3.2563384719793382,0.015662211217180252,0.0002901169008362489,0.0002759386020735902,0.006000342677840439,0.002693999999999844,0.0026939999999998614,0.0026939999999998614,0.0010169399999997953,0.0010169399999997745,0.0010169399999997888,0.24706901653882138,9.737003621334994,1.427868151378149,0.005917292492995102,-0.043344946251662644,-0.0054212590821957896,-10.444500370025635,-19.208250789642335,5.7423752236366274,990.0960766601562,0.06226717000796695,22.605686294179304
2025-03-01T17:14:56Z,40.340150813060426,-75.94327964028027,25.85073174344109,22.401924487025205,14.569653129994643,-0.5919870591548881,1.5003208906196166,0.03626417208293538,2.038610882413459,0.0009999999989119444,0.0010000000005896844,0.0009999999983817964,0.000999999991606524,0.0009999999972013845,0.0009999999890459284,0.000015000205591090959,0.00001500031593394104,0.8654548164625441,4.445197741041836,3.7728158853347766,0.016778730455954533,0.0002987304691780083,0.000283795335080194,0.006003630283803714,0.0026949999999998434,0.0026949999999998607,0.0026949999999998607,0.0010169499999997953,0.001016949999999774,0.0010169499999997883,0.3597578933405101,9.694956595738226,1.3768271635389762,-0.002751145910494447,-0.04546077481012669,-0.0005316703385521348,-10.654875411987305,-20.490188312530517,5.2338751959800724,990.157451171875,0.01677512532884164,23.680481841997533
2025-03-01T17:14:57Z,40.34016237757423,-75.94310920735518,25.380521816380412,22.658456239447187,15.373216019395446,-0.6908838345187498,1.4973046525855198,0.042398511751363686,1.9926979865919903,0.000999999998721044,0.0010000000008164045,0.0009999999981764563,0.0009999999913989294,0.0009999999970835994,0.0009999999891260906,0.000016000160865428135,0.000016000318449718736,0.8721520594561429,5.089022811481723,4.326276938617392,0.018063393677374417,0.00030709008366951613,0.0002914397781647593,0.006009854612666711,0.0026959999999998444,0.0026959999999998617,0.0026959999999998617,0.0010169599999997956,0.0010169599999997744,0.0010169599999997887,0.279470196742767,9.6291305333116,1.38569955535175,-0.0004617381851229576,-0.044366392231877536,-0.009587156702043345,-10.31793788909912,-19.60331325531006,7.680000324249267,990.3801806640626,-0.04982066204509583,23.446316241974046
2025-03-01T17:14:58Z,40.34013100514798,-75.9429318297188,24.83351352249646,22.840433899757915,16.153040514520203,-0.7976214951662609,1.4946198295279316,0.0488612883201442,1.9440725525865679,0.0009999999987207098,0.001000000000746182,0.0009999999982487978,0.0009999999912866382,0.0009999999971267279,0.000999999989512148,0.00001700010259109372,0.00001700032147217027,0.8818546822289336,5.782887138921635,4.906520980020787,0.019442471736295784,0.00031517978483132706,0.0002985475990551517,0.0060160063176453215,0.0026969999999998462,0.0026969999999998627,0.0026969999999998623,0.0010169699999997954,0.001016969999999774,0.0010169699999997882,0.27497221244875336,9.624049352645057,1.3335170681693511,0.000445713374284402,-0.04684540201660883,-0.01037677432306737,-10.660875329971313,-18.876375637054444,5.837250232696533,990.4307446289063,-0.062364458867760514,22.450902416555092
2025-03-01T17:14:59Z,40.339937430893414,-75.94275424113475,24.340912015855416,23.00039521199882,16.80181811933574,-0.8290046140808739,1.4884678551330959,0.042144606033247295,1.8972365855010098,0.0009999999989594756,0.0010000000011033548,0.000999999998650348,0.000999999991220761,0.000999999996893034,0.0009999999895872634,0.000018000028717184,0.000018000325048375816,0.8946755684721994,6.532024600371798,5.520998023763443,0.020961856109264702,0.00032246534773082994,0.0003050822768609489,0.006017994297466021,0.0026979999999998446,0.002697999999999863,0.0026979999999998624,0.0010169799999997942,0.001016979999999773,0.0010169799999997873,0.2535564493798095,9.677289651869982,1.387076419136686,-0.002464573245515252,-0.0453077246671757,0.002299671296807947,-10.384125394821167,-19.734563274383547,8.243812885284424,990.4199975585938,-0.002849228560201097,23.77479910937844
2025-03-01T17:15:00Z,40.33929548119578,-75.94259508492188,24.112782953249347,22.464607059848028,17.07994965634722,-0.9250014776123217,1.4904646363385494,0.048168081968230816,1.8473854291358345,0.0009999999990934173,0.0010000000011073209,0.000999999998445813,0.0009999999915174028,0.000999999997186107,0.0009999999897279002,0.00001899993739414618,0.000019000329209773382,0.9089658392261828,7.322704190625896,6.100132428866765,0.02151608890665515,0.0003301798101176053,0.00031055894536195875,0.006024330981139919,0.0026989999999998448,0.002698999999999862,0.002698999999999862,0.0010169899999997929,0.0010169899999997725,0.0010169899999997868,0.35137255344485147,9.61955920772755,0.8658294245024258,0.007450296281613384,-0.04532842092627091,-0.011944660940505013,-8.715562891960143,-19.932938442230224,8.395125379562378,990.2661694335937,-0.11752132351484158,23.318636798202032
2025-03-01T17:15:01Z,40.33857068363023,-75.94244247550938,23.80584525572118,22.235915753605962,17.112452791422164,-1.0085651020981732,1.4869490554860438,0.048535292234479534,1.8034417495768147,0.0009999999993197404,0.0010000000014188152,0.0009999999981334354,0.0009999999917570973,0.000999999997164919,0.0009999999895825241,0.000019999826983955283,0.00002000033398425846,0.9231420577442208,8.162396495205098,6.716926748812336,0.022056767352852412,0.0003377372435060708,0.00031508604079186805,0.006029209695696224,0.002699999999999846,0.0026999999999998635,0.002699999999999863,0.0010169999999997932,0.001016999999999772,0.0010169999999997863,0.07210073158483961,9.599323502221589,1.1045638153121515,0.001779434661830887,-0.039881543076033935,-0.006334885588586712,-7.648875293731689,-20.01825084686279,9.271312837600709,990.3028295898438,-0.11942603331239114,23.34931517988506
2025-03-01T17:15:02Z,40.337850124384495,-75.94229384805364,23.401440388647757,22.188080530726715,17.07370752818188,-1.0279409641059478,1.4831842500286003,0.0454324006940943,1.7620600418627883,0.0009999999992350928,0.00100000000158662,0.000999999998089961,0.000999999991837659,0.0009999999971577016,0.0009999999891959035,0.000020999696233016227,0.000021000339409922065,0.9373768772189485,9.060352206540722,7.356201704745888,0.022556883669459862,0.00034550310773294506,0.00031839449829567637,0.006033399709303666,0.0027009999999998476,0.0027009999999998645,0.002700999999999865,0.0010170099999997934,0.001017009999999772,0.0010170099999997862,0.007629851990494751,9.649489072329244,1.2662545648519234,0.0010303743216193227,-0.03797734781768885,-0.0029978283410040554,-7.426125311851502,-18.996750621795655,9.529875421524048,990.3818530273437,-0.05013447190095819,22.513109506212267
2025-03-01T17:15:03Z,40.336942858113616,-75.94216226420622,23.07044566241565,22.020261993488408,16.876570130510483,-1.0331717872832247,1.4754477594862592,0.04201710194565113,1.7216451952320648,0.0009999999996721802,0.0010000000020097312,0.000999999998049958,0.0009999999916808513,0.0009999999972145634,0.0009999999892230458,0.00002199954429577889,0.00002200034551769657,0.9510747304212787,10.01311643706643,7.988117796575207,0.022815421125105016,0.00035374238849017134,0.0003204381707445412,0.0060380616881631705,0.0027019999999998473,0.0027019999999998647,0.002701999999999865,0.0010170199999997927,0.0010170199999997714,0.0010170199999997858,0.04861119835962353,9.65344111823877,1.238442245881431,-0.0028529566873974027,-0.03667450307607474,-0.003524907942146554,-8.326687850952148,-19.764188261032103,10.044375371932983,990.3810424804688,-0.049651621403319114,23.682143658984977
2025-03-01T17:15:04Z,40.33579597564341,-75.94205432210369,22.86525291884039,21.751519758070305,16.526139801198152,-0.9992777720852769,1.4712549627095401,0.03209081207450882,1.674179842483231,0.0009999999998368883,0.0010000000020333136,0.0009999999978547054,0.0009999999914826457,0.0009999999970657278,0.0009999999888320242,0.000022999370668478083,0.000023000352333471094,0.9635457418917268,11.02712152282531,8.61402178320624,0.023015789753006062,0.00036301062989075396,0.00032063123381368693,0.006041734713658216,0.002702999999999848,0.0027029999999998652,0.0027029999999998652,0.0010170299999997933,0.0010170299999997718,0.0010170299999997861,0.15359203323168394,9.676751603671706,1.2522506682853187,0.0009903177560717682,-0.04388571183367521,0.0011780832891951272,-6.952125291824341,-20.768438243865965,10.150875420570374,990.352646484375,-0.023637661605095395,24.139135896984673
2025-03-01T17:15:05Z,40.33458899944027,-75.94195962199325,22.679616523214396,21.35830641281439,16.22840652924072,-0.9916368679870872,1.4690207890830456,0.028735249956211142,1.621252761271035,0.0009999999999056215,0.0010000000017604531,0.0009999999979967008,0.0009999999914670572,0.0009999999971297862,0.0009999999889454038,0.000023999175201820095,0.000024000359873685936,0.9747035125080936,12.105108974928514,9.21522542733095,0.02329325669435489,0.0003737801442491769,0.000318975161563449,0.006047573875249967,0.0027039999999998498,0.002703999999999864,0.002703999999999864,0.0010170399999997934,0.001017039999999772,0.0010170399999997863,0.35110385418823775,9.663810053505454,1.1360693153412735,0.0025226532556694896,-0.04889179863968491,-0.006385790713372152,-6.612562747001648,-20.07393831253052,10.693500394821166,990.3810546875,-0.04555907413338877,23.68623058408789
2025-03-01T17:15:06Z,40.33333249288546,-75.94187820157791,22.508829669131465,20.702667059760575,15.778188463982794,-0.9569997703147173,1.4682186166647564,0.02452240085664352,1.5742472630306392,0.0010000000001167582,0.0010000000019010562,0.000999999997910457,0.000999999991352228,0.0009999999971152364,0.0009999999891247835,0.000024998957659554295,0.000025000368141228325,0.9833754858691751,13.248115046772472,9.778004315257899,0.022893204582300604,0.0003849989039667864,0.0003165210354206004,0.006053772935121265,0.0027049999999998508,0.002704999999999864,0.002704999999999864,0.0010170499999997932,0.0010170499999997717,0.001017049999999786,0.29407491049210976,9.718765202202627,0.8360093580665853,0.0031946048029016377,-0.043322747635423604,-0.005265872032658078,-7.057687783241272,-21.730875930786134,11.195625400543213,990.4092456054688,-0.023106002116987857,25.443689935060547
2025-03-01T17:15:07Z,40.33215755093654,-75.94180037431694,22.263520873149535,19.947981965394934,15.292116726876179,-0.9810587093395848,1.4701014596322355,0.019165426072426918,1.5318517796983657,0.0009999999997778685,0.0010000000015179897,0.0009999999979641897,0.0009999999912508667,0.0009999999971642278,0.000999999988606191,0.000025998717005962992,0.000026000377138192544,0.9878614814298737,14.455055067256007,10.305844575210639,0.02220103212088015,0.00039678862955329927,0.00031342372546404096,0.006060227884573916,0.00270599999999985,0.002705999999999863,0.002705999999999863,0.0010170599999997929,0.0010170599999997716,0.0010170599999997857,0.24020437017950905,9.688519569520142,0.6232913533038301,0.004855789965414269,-0.039469459646317345,-0.00338838090788729,-3.164250123500824,-19.58662568092346,12.925312995910645,990.4814013671875,-0.07061328905059991,23.679309203343166
2025-03-01T17:15:08Z,40.330606622210986,-75.94176304240786,22.202304683378046,19.441066694075634,14.880756744034219,-0.9140747147139464,1.4672969232391504,0.014735131004898339,1.473249289726071,0.0009999999998575562,0.0010000000016595462,0.0009999999981371004,0.0009999999913529423,0.0009999999968734572,0.0009999999884141256,0.000026998452600078592,0.000027000386862584684,0.9908074290999722,15.78021233074175,10.848547821749378,0.022914489554712952,0.0004108658712739306,0.00030809059463462356,0.006067695827127551,0.0027069999999998515,0.0027069999999998645,0.002706999999999864,0.0010170699999997926,0.0010170699999997711,0.0010170699999997846,0.6311438649361071,9.74129758580374,0.8661190421272559,0.00003846995142379951,-0.05507171398845276,-0.007251182948719697,-3.974625152796507,-20.5177507686615,13.47918807029724,990.4075,0.017989045542918306,24.868890512098922
2025-03-01T17:15:09Z,40.32885299310645,-75.94175684371564,22.261935586264762,19.26541880117951,13.758743267583146,-0.8682871260334243,1.469306657558903,0.007171128502986836,1.428248034108132,0.0009999999998985885,0.0010000000017586182,0.0009999999983478886,0.0009999999917773108,0.0009999999970092715,0.000999999988001674,0.00002799816410330126,0.000028000397342578432,0.9928274943152232,17.14499290333978,11.396450840597845,0.021854687623017982,0.0004240584506293579,0.0003036303951725795,0.006075162093550392,0.0027079999999998503,0.002707999999999865,0.002707999999999865,0.0010170799999997926,0.001017079999999771,0.0010170799999997854,0.15335667804716138,9.670122222648587,1.1858008041131756,0.003794287221511837,-0.041862848131737504,-0.0033583382730295154,-4.610062692165375,-19.732500762939452,12.684188041687012,990.3695727539063,-0.03818833217873739,23.906284769519992
2025-03-01T17:15:10Z,40.32721146639629,-75.94175670025305,22.290610096278233,19.30698488429681,12.518357232463309,-0.7833929004394243,1.467587438742197,6.275968497982043,1.3878469905485866,0.0009999999994924956,0.0010000000018442255,0.000999999998271075,0.0009999999918990181,0.000999999997221176,0.000999999987841957,0.00002899784932861257,0.000029000408676620777,0.9905282744631598,18.58152629619911,11.957038994622499,0.02027365501007115,0.0004369229158113583,0.00029978651921641554,0.006081611771729868,0.002708999999999851,0.002708999999999864,0.002708999999999864,0.0010170899999997923,0.0010170899999997706,0.001017089999999785,0.0696281490935406,9.704288696287305,1.3478740116374324,-0.001000000130505566,-0.038619089599967654,0.004528326144721141,-4.012687654495239,-19.71543825149536,13.377750520706178,990.4141333007813,0.015887221993526938,24.161165359101233
2025-03-01T17:15:11Z,40.32540391450615,-75.9417840327655,22.439888363763018,19.34222819498863,11.141628468356446,-0.6882023353950297,1.4682345258340241,6.264465153838759,1.349493813035274,0.0009999999995662077,0.0010000000017159265,0.0009999999982261566,0.0009999999920787066,0.000999999997368236,0.0009999999881215235,0.00002999750436165565,0.00003000042099886037,0.9832384580492479,20.093725727446397,12.531283882082668,0.01876714879373909,0.0004495095080057139,0.00029689940675764676,0.006089065443524459,0.0027099999999998505,0.0027099999999998653,0.0027099999999998653,0.0010170999999997929,0.0010170999999997699,0.0010170999999997857,0.13255938500465042,9.713221938449285,1.3519816859729492,0.0006097789386867586,-0.03640512159204127,0.001728862928640046,-2.4322501039505005,-19.91831323623657,14.619000587463379,990.3778564453125,0.02610742453162923,24.826753471089624
2025-03-01T17:15:12Z,40.324729672129514,-75.94172202386144,22.181840227144725,19.31888012760826,10.869582495348247,-0.5242711440234926,1.4860874058903897,6.260950509574317,1.2985106030857991,0.0009999999994132177,0.0010000000018772254,0.000999999998033576,0.0009999999921028475,0.0009999999972256745,0.0009999999874932154,0.00003099712456818096,0.000031000434422534866,0.972966040687601,21.728133711067954,13.121611674815782,0.018012971069875573,0.0004625161217479585,0.0002943119840233494,0.0060976364982706305,0.0027109999999998524,0.0027109999999998637,0.0027109999999998637,0.001017109999999793,0.0010171099999997687,0.0010171099999997857,0.46579654902226514,9.876022727589378,0.9589926016143261,0.01690851899147693,-0.05010334704258244,-0.0034740021164138637,-3.1961251276731493,-19.265813255310057,14.436563119888305,990.6789453125,0.15178239283678605,24.285770589741695
2025-03-01T17:15:13Z,40.323984318816585,-75.94166670437315,22.029494333580832,19.302574458618203,10.56584082774094,-0.49188732608788316,1.492666367768956,6.26886983389271,1.2526696781049174,0.0009999999991167686,0.0010000000019194366,0.000999999997976694,0.0009999999918882051,0.0009999999974522743,0.0009999999879184466,0.00003199670531688841,0.00003200044903408352,0.9617296444408259,23.42166520772913,13.730720475508905,0.017324969981895668,0.00047431340834066203,0.0002934751673403466,0.0061084789254344275,0.0027119999999998534,0.002711999999999865,0.0027119999999998647,0.0010171199999997936,0.0010171199999997695,0.0010171199999997865,0.4256003968510436,9.757409277596187,0.8274749620924189,0.005719512962096215,-0.04412705393253925,-0.01383834133171874,-0.6033750217035413,-19.530750732421875,13.991438035964967,990.6906298828125,0.020093865181950207,24.03273126263131
2025-03-01T17:15:14Z,40.32267967096459,-75.94165779009974,22.105956893348417,19.5062725940694,9.65822881009424,-0.4418400386627202,1.4923580137482955,6.263858858841952,1.210082669086207,0.0009999999990034899,0.0010000000015484708,0.0009999999978653436,0.0009999999916306516,0.0009999999975632415,0.0009999999879185789,0.00003299624017159164,0.00003300046498262605,0.948922052283863,25.173009778741825,14.411565790345604,0.016347252862534512,0.00048544277969134837,0.00029426482035516637,0.006117353871142962,0.0027129999999998522,0.002712999999999864,0.002712999999999864,0.0010171299999997946,0.0010171299999997695,0.0010171299999997864,0.1957606292282987,9.734924642592215,1.1669328080348018,-0.0011727445504321494,-0.0415123518944287,-0.0016258859150635355,1.1476875491812826,-15.540563173294068,15.537375631332397,990.5795434570313,0.02508851960513666,22.005319513256133
2025-03-01T17:15:15Z,40.32175634824597,-75.94162365948483,22.09118015780487,19.82856903677266,8.820885426050783,-0.3271939288023966,1.5034854723043702,6.265044890711186,1.1702651222083342,0.0009999999993343537,0.0010000000012674942,0.0009999999978351941,0.0009999999917597018,0.0009999999977265593,0.0009999999877541822,0.00003399571928592531,0.00003400048250394203,0.9336883660963671,27.005126530138384,15.174188174624376,0.015514860198571226,0.000495797121243438,0.0002966410256997395,0.006127267353464487,0.002713999999999853,0.002713999999999865,0.002713999999999865,0.001017139999999795,0.0010171399999997699,0.001017139999999786,0.07541080459679476,9.816033497490924,1.2654412664891768,0.010311179510693238,-0.03880234859585779,-0.006222894070462932,-0.18768750682473181,-19.810875759124755,17.067375717163085,990.6695288085938,0.11616452629335569,26.149544373557156
2025-03-01T17:15:16Z,40.32005241819057,-75.94164309791692,22.39905681258626,20.120229491986837,7.510496935226933,-0.24011419669959735,1.5015588812473573,6.258421097904046,1.1306205964177507,0.0009999999993061217,0.001000000001481656,0.0009999999978668567,0.0009999999919132964,0.0009999999981181375,0.0009999999879378406,0.00003499512899708024,0.00003500050188431918,0.9165202325002433,28.88977958501628,16.032676788166164,0.015246454160533197,0.0005056732630221176,0.00030057318426079255,0.0061360938985622225,0.0027149999999998542,0.002714999999999866,0.002714999999999866,0.001017149999999794,0.001017149999999769,0.001017149999999787,-0.008060787052044379,9.763716898807447,1.405783577850818,-0.0027149279452902296,-0.03871839624560641,0.0006273039622458156,-0.5703750203549862,-20.903063354492186,15.719438114166259,990.5069091796875,0.08316310507188052,26.16030296021779
2025-03-01T17:15:17Z,40.31896867590622,-75.94162460432513,22.559675229683798,20.30185300531512,6.656603303472252,-0.15156426156175967,1.5111344337893504,6.248597474573901,1.0904227571905394,0.0009999999991236242,0.001000000001851448,0.0009999999973533263,0.0009999999917444382,0.0009999999984744415,0.000999999987946892,0.00003599445296005816,0.00003600052340671802,0.8993623396558824,30.84482702771475,16.98308407681489,0.015331799654942897,0.0005150366116954427,0.00030602407845469257,0.006144268258929509,0.002715999999999853,0.0027159999999998674,0.0027159999999998644,0.001017159999999793,0.0010171599999997678,0.0010171599999997858,0.11218050961389986,9.804228837329655,1.182131157112268,0.00864148256106584,-0.040024078223214195,0.005373355897505903,1.5757500644773246,-19.537313289642334,16.106813106536865,990.6128686523438,0.09473084097557667,25.369596746282532
2025-03-01T17:15:18Z,40.31681165471408,-75.94165169033231,23.03563699339538,19.75750257312653,6.073978754049342,-0.12859987518843466,1.5207072291641164,6.255421537394165,1.0476791113562707,0.0009999999993951744,0.0010000000020335153,0.0009999999973753393,0.0009999999914725157,0.000999999998362283,0.0009999999879399194,0.00003699367716944441,0.00003700054723319762,0.8846011243768588,32.85548498224348,17.979285156935838,0.014764614497783613,0.0005230148032165724,0.0003128942236106874,0.0061554568360478665,0.0027169999999998536,0.0027169999999998667,0.0027169999999998654,0.0010171699999997927,0.0010171699999997675,0.0010171699999997855,0.3827688726653416,9.753421234129007,0.4307449665965281,0.009018182235954025,-0.04108291082420565,-0.012219549795666768,1.0140000385791064,-19.886250801086426,17.271375713348387,990.4036743164063,-0.010646747379489268,26.35884855123072
2025-03-01T17:15:19Z,40.31390471276319,-75.94169632626298,23.709844421366554,19.016495209053616,5.5263237627620665,-0.02856490821799075,1.5203976314702654,6.250363134160286,1.000294691373636,0.0009999999994101119,0.0010000000022419397,0.0009999999974949706,0.0009999999915440805,0.0009999999985714195,0.0009999999881686065,0.00003799279221106329,0.00003800057345438921,0.8725851739371804,34.93434016221507,19.08604464224289,0.01429271430607195,0.0005302735747119209,0.0003211885583372464,0.006164859142934892,0.002717999999999852,0.0027179999999998655,0.0027179999999998638,0.0010171799999997917,0.0010171799999997666,0.0010171799999997844,0.46340372622220144,9.820477827476594,0.3363879929267345,-0.0005218234158298849,-0.04614891561338663,-0.0009048652595540471,2.4159375942498444,-19.850813255310058,17.04562575340271,990.2384497070312,0.05614918781168911,26.276267202535397
2025-03-01T17:15:20Z,40.31013030654757,-75.94175678066142,24.685559519158147,18.12117130931844,4.747231608122708,0.18925870904335612,1.5177871792474646,6.246882172556678,0.9579474084169678,0.0009999999996935297,0.0010000000020515811,0.0009999999975431955,0.0009999999918129494,0.0009999999983387106,0.00099999998794951,0.00003899178856417917,0.00003900060221220383,0.8623415543907915,37.082729955084616,20.311714079368443,0.013973520126034807,0.000536968856805208,0.0003302453033650192,0.006174665807398154,0.0027189999999998504,0.0027189999999998665,0.002718999999999862,0.0010171899999997917,0.0010171899999997665,0.0010171899999997845,0.3883521274290669,9.919283762611691,0.5054010322739896,-0.002394807663051287,-0.04081820231471152,-0.002812232164767233,2.8173751160502434,-19.76400068283081,17.746688299179077,990.03283203125,0.15882424125856456,26.711337410577833
2025-03-01T17:15:21Z,40.305440459687894,-75.94182906197172,25.91152311438609,16.637670544815396,3.767376139457871,0.21698236999980605,1.5111314743074882,6.224820925213509,0.9308799286758452,0.0009999999998598992,0.0010000000022586729,0.0009999999975765796,0.0009999999915843872,0.0009999999981795521,0.000999999988255126,0.000039990650082063486,0.000040000633648009256,0.8517623545620001,39.24009714252145,21.561655358134473,0.013172798403456025,0.0005451902002620163,0.000339014385445517,0.00618189130579952,0.0027199999999998514,0.002719999999999865,0.0027199999999998606,0.001017199999999792,0.0010171999999997673,0.0010171999999997851,0.11868035783771477,9.741240077157393,0.3326222431853126,-0.005839351178799777,-0.026471058586615196,0.016079178305545616,2.706000112295151,-19.57106330871582,17.984813289642332,989.804619140625,-0.033157999447635256,26.717030886604554
2025-03-01T17:15:22Z,40.302681035294334,-75.94184639700823,26.675299195230505,15.89496207920952,2.871595896735894,0.19042933921074698,1.5030736322571012,6.214454727757771,0.9048604175211458,0.0010000000001839507,0.0010000000024205323,0.0009999999976486576,0.0009999999918576207,0.0009999999982603512,0.0009999999882680914,0.00004098935021083838,0.00004100066794393715,0.8399300581547876,41.457853549705746,22.933260467450108,0.012986514677576508,0.0005528663243949525,0.0003485628237436217,0.006190735739307591,0.002720999999999851,0.002720999999999864,0.0027209999999998607,0.0010172099999997924,0.0010172099999997673,0.0010172099999997855,0.14033605463444296,9.70576417350543,0.836049242577145,-0.008462731329069596,-0.02571966144718414,0.006503455652337795,3.731250147819519,-19.077563190460204,16.72425075531006,989.9868139648438,-0.037976613332170894,25.64319778379592
2025-03-01T17:15:23Z,40.299550788385304,-75.94186119712798,27.39885756187048,14.954234180978338,1.7985067903218668,0.10124290920686824,1.4993157002591408,6.19953044572768,0.8922868818812993,0.0010000000002918627,0.0010000000022322435,0.0009999999978478476,0.0009999999919979652,0.0009999999982508237,0.0009999999884973093,0.00004198785089213121,0.00004200070532551256,0.8275788969648472,43.74172945248486,24.378583113576305,0.013214855570661887,0.0005620068508454981,0.00035778072165257166,0.006199139620950542,0.002721999999999852,0.002721999999999864,0.0027219999999998626,0.001017219999999792,0.0010172199999997668,0.0010172199999997846,-0.04578566275229447,9.655794118878806,0.9296484892211775,-0.0032857357135880417,-0.012771664531215286,0.012093535929386506,6.4809377479553225,-21.00112599372864,13.745063138008117,989.88478515625,-0.08001706547805114,25.922460602086524
2025-03-01T17:15:24Z,40.29808376040352,-75.94185285114038,27.68458222810251,14.107167629099814,1.2650079441849331,-0.03487597926141857,1.5006718342508882,6.20700116180207,0.8855697558686931,0.0010000000005511195,0.001000000002071127,0.000999999998064751,0.0009999999918729407,0.0009999999986242951,0.000999999988518162,0.00004298610807581388,0.000043000745921897486,0.8154794070140869,46.13600702476002,25.89168085002454,0.013473541868153428,0.0005696929356328008,0.00036732141193730874,0.006209902865106072,0.002722999999999853,0.0027229999999998653,0.0027229999999998636,0.001017229999999793,0.0010172299999997672,0.001017229999999785,0.060115047520070575,9.660354885724447,0.5266762317605158,0.0015147268764446032,-0.005907280301943892,-0.00854418011458194,3.1509376406669616,-21.920438442230225,18.86193823814392,990.0499536132812,-0.10561726144202,29.089581924011647
2025-03-01T17:15:25Z,40.2931853482639,-75.9418418024226,28.35092389839571,12.455860249074417,0.7861149995864178,-0.11437839491972879,1.5022506255705657,6.206427849171382,0.8871032913148419,0.001000000000795199,0.001000000002591058,0.0009999999983016723,0.0009999999920925445,0.0009999999988847617,0.0009999999883260953,0.00004398407526308776,0.00004400078979245686,0.8043772966073172,48.67400491130086,27.46889387925149,0.014397109279881432,0.0005789026352058534,0.0003767674938251625,0.006219829446004619,0.002723999999999852,0.0027239999999998663,0.0027239999999998624,0.0010172399999997925,0.0010172399999997667,0.0010172399999997844,-0.15769000295123559,9.71314205233049,0.19138293911523926,0.003622210276407537,0.002054323894726563,-0.0004094972747694487,2.797312607169151,-20.42606325149536,16.373813152313232,989.655908203125,-0.06413796585994362,26.32770574252055
2025-03-01T17:15:26Z,40.28859226280274,-75.9418114383474,28.85236524509031,11.178088098087489,0.12617654333042366,-0.14742314156030456,1.4993124632863097,6.2005807682770495,0.8935588266028652,0.0010000000004935525,0.0010000000025614823,0.000999999998564705,0.0009999999920639981,0.000999999998851044,0.0009999999885990552,0.0000449816973122176,0.00004500083699461788,0.7967421703430045,51.38941011019865,29.1506296891813,0.01671991359742707,0.0005893290389697963,0.00038615453533399197,0.006229056066377062,0.002724999999999851,0.0027249999999998673,0.0027249999999998625,0.0010172499999997915,0.0010172499999997657,0.0010172499999997835,-0.31285147581991607,9.762579352954713,0.493176715278223,-0.000992489196147521,0.006215214256915494,0.006235242774528674,2.0598750887811184,-20.134875812530517,15.933000688552857,989.6611572265625,-0.0003332594154375736,25.7587692485832
2025-03-01T17:15:27Z,40.28284616694799,-75.94175062174067,29.36065849997973,9.842819193218551,-0.03027170389970482,-0.2867105493867051,1.4902942007300402,6.180206789637027,0.8994240845455554,0.0010000000008064723,0.0010000000024248262,0.0009999999986314615,0.000999999992047235,0.0009999999985622254,0.000999999988516726,0.00004597892369177987,0.00004600088755116255,0.7961563368504605,54.23101301687933,30.86612431436596,0.019953227511780143,0.0006018404122366802,0.00039532022791176493,0.006236872250906559,0.0027259999999998496,0.002725999999999867,0.002725999999999861,0.0010172599999997921,0.0010172599999997652,0.0010172599999997832,-0.10899606269430054,9.668795115786217,0.11939886247510195,-0.007322450464183569,0.004131263713880448,0.021897248297766764,3.513375151157379,-20.29875072479248,16.532063188552858,989.5390795898437,-0.1101983348690468,26.413812777706077
2025-03-01T17:15:28Z,40.275732372338744,-75.94164857828405,29.893771294042967,8.66483585780268,0.08902210654111764,-0.3256748210309661,1.4904288371149386,6.170215526021062,0.9185713498280004,0.0010000000009152562,0.0010000000021334646,0.0009999999987118722,0.000999999991847432,0.0009999999988400184,0.000999999988312131,0.000046975724519949396,0.00004700094149372525,0.8061839580320783,57.20968037150872,32.65293916407496,0.025258468484705643,0.0006150291295561736,0.0004021794927099432,0.006245536594226038,0.00272699999999985,0.0027269999999998676,0.0027269999999998623,0.0010172699999997916,0.0010172699999997656,0.0010172699999997836,-0.05548574911440894,9.782820324254347,-0.09773279674861707,0.002522486622825327,0.017521219703325642,0.014316683127287299,1.2534375482797622,-20.069625759124754,15.850875692367554,989.4073193359375,0.003111055258444007,25.60485565178374
2025-03-01T17:15:29Z,40.26649237979643,-75.94148821192013,30.511205692147804,8.02974570499412,0.1282802353638718,-0.5355640868337808,1.473991036065605,6.163453013029017,0.9659487883051248,0.0010000000009009016,0.0010000000020822311,0.000999999998960633,0.0009999999915942625,0.0009999999983376564,0.0009999999879467666,0.00004797209840034002,0.000048000998877753854,0.833358818808063,60.1112225113684,34.45870703607867,0.034233858615941894,0.0006297266203274008,0.0004048723305152698,0.006253904950167242,0.002727999999999851,0.0027279999999998686,0.0027279999999998625,0.0010172799999997911,0.0010172799999997651,0.001017279999999783,-0.40195731238926086,9.62528561655467,-0.054718871078718034,-0.01241299021701599,0.04488612649890096,0.016399465333483867,1.2871875412762166,-18.800063219070434,15.717750606536866,989.220283203125,-0.1465271505302201,24.538630989478715
2025-03-01T17:15:30Z,40.25838941257887,-75.94132459173575,30.894689713376856,8.368404670889948,0.2579835499537454,-0.5462695894597756,1.471005915677538,6.163058733040071,1.0012956099743848,0.0010000000008935797,0.0010000000018947168,0.0009999999989846943,0.0009999999912921826,0.0009999999979675843,0.0009999999877517037,0.000048968117653960945,0.00004900105980559447,0.8829332066830076,62.83060491717152,36.37225893342366,0.04177575798152307,0.0006405135364827234,0.00040538905987237613,0.006262763570555262,0.0027289999999998518,0.0027289999999998696,0.0027289999999998635,0.0010172899999997907,0.001017289999999766,0.0010172899999997837,-0.030710883151398975,9.759124190646313,0.2913630460175835,-0.0019162971200183082,0.03315752195065678,0.010148280906902687,0.4021875127777457,-19.637250833511352,13.418625497817994,989.28615234375,-0.016851894694158768,23.787401288220185
2025-03-01T17:15:31Z,40.2495748739923,-75.94111772052818,31.44088587753063,9.798703713751596,0.1225275716663713,-0.4784549940769478,1.4704689814841931,6.169404031583252,1.036380901795373,0.001000000000754312,0.0010000000020656448,0.000999999999135679,0.0009999999915988036,0.0009999999977105178,0.0009999999874753742,0.000049963953160108854,0.00005000112434226065,0.9530120249686531,65.10174310657436,38.331797886358046,0.04886999453836048,0.0006467610913831111,0.0004023125351204786,0.006271817079793718,0.0027299999999998506,0.002729999999999868,0.0027299999999998623,0.0010172999999997917,0.0010172999999997667,0.0010172999999997845,-0.3269338280042317,9.791450154412047,0.7053926274547216,-0.0018136522229784259,0.03299312306116288,0.005544265060979353,-1.9835625882446766,-27.495563488006592,8.766000323444604,989.19328125,0.04190681541614464,28.927155834449106
2025-03-01T17:15:32Z,40.24216894943649,-75.94091212472561,31.806837929358736,11.027904753355575,0.012313405975397873,-0.7506475561195787,1.4686364771042286,6.1828953648772815,1.0926232934816626,0.0010000000005431706,0.0010000000019891831,0.0009999999989238394,0.0009999999917856281,0.000999999997583676,0.0009999999876859967,0.000050959852466383464,0.000051001192386159475,1.0405059771710623,66.58047324275586,40.23926017355987,0.058470473453123714,0.0006459600532013344,0.0003965486689844029,0.006281018808038072,0.00273099999999985,0.002730999999999867,0.002730999999999861,0.0010173099999997923,0.0010173099999997671,0.0010173099999997851,-0.6490162454155677,9.514418171880564,0.2137159518682659,-0.002028289561839112,0.05473123019844447,0.000506799848391561,-3.390187649205327,-31.400626449584962,15.099938173294067,989.2432983398437,-0.24143065186710658,35.00710324965485
2025-03-01T17:15:33Z,40.23405805960241,-75.94064022799743,32.27303420148522,13.948850695556253,0.16398286504223036,-0.7807657327128432,1.4675051052676742,6.196768952695226,1.1484701362740308,0.0010000000005222485,0.0010000000016919582,0.0009999999989101448,0.0009999999917181042,0.0009999999978659558,0.0009999999880225799,0.00005195609677831947,0.00005200126390340736,1.133845254077626,67.39879332446682,42.169145097836555,0.06089886746322886,0.0006377651481937771,0.0003905299395523626,0.006290178019805144,0.0027319999999998487,0.0027319999999998665,0.0027319999999998604,0.0010173199999997918,0.0010173199999997666,0.0010173199999997846,-0.4473594952817392,9.599435905767233,0.8296625096260293,-0.004677704925335483,0.053852652762852615,0.002199528796759314,-3.6671251636743545,-30.655876274108888,11.64375048160553,989.1264599609375,-0.13477974841642867,32.9970319716234
2025-03-01T17:15:34Z,40.22656809161613,-75.94032883512685,32.846725456101,17.25849237241587,0.8456522411137035,-0.7448050955494281,1.4864715783836895,6.221574437595622,1.1903237542405583,0.0010000000006718426,0.0010000000016151351,0.0009999999992104309,0.0009999999915791676,0.0009999999976709295,0.0009999999881320563,0.00005295290219032788,0.00005300133902811948,1.2146384012235023,67.65213851374288,44.09344954444554,0.060065182440656964,0.000623993071386263,0.00038433768751758697,0.006300247058744769,0.002732999999999848,0.0027329999999998657,0.0027329999999998597,0.0010173299999997922,0.001017329999999767,0.0010173299999997848,-0.270072914341366,9.633062329926387,0.5572853916422498,0.012306672002399295,0.04088495958485849,-0.010112065832260384,-1.1360625480115414,-25.25531343460083,15.16031316757202,989.0636840820313,-0.12752652486210403,29.478018685508136
2025-03-01T17:15:35Z,40.221595645865236,-75.94006957948086,33.060478677514645,19.67744702691874,1.3016273619006604,-0.9443587524678606,1.497217943858397,6.239749900904847,1.225689930785597,0.0010000000006576662,0.001000000001485752,0.0009999999995820143,0.0009999999913228698,0.0009999999977440075,0.000999999988443154,0.00005395035861192291,0.000054001418110752834,1.2742092039223438,67.53388327249331,45.97145667060333,0.057502017018736105,0.0006083242674353911,0.0003794887436202389,0.006310183378938395,0.002733999999999847,0.0027339999999998646,0.002733999999999859,0.0010173399999997917,0.0010173399999997665,0.0010173399999997843,-0.41332322851883996,9.453002340633049,0.3477538988399455,0.005026030770816732,0.03443516511299922,-0.007364008976248421,-4.815562715157866,-35.44575126647949,8.79412534236908,989.1773657226563,-0.312116643818893,36.83644680656465
2025-03-01T17:15:36Z,40.21810030151546,-75.93984278529994,33.03048008199543,21.863874440825327,2.140970833468332,-0.8942944339910915,1.5037120704565963,6.277255077488866,1.2508436904700033,0.0010000000004058976,0.0010000000015069107,0.0009999999998374712,0.0009999999909123276,0.000999999997844373,0.0009999999886100086,0.00005494842895697348,0.000055001501836278246,1.3061115905477467,67.40052773684752,47.92945010844313,0.050212423618455786,0.000593231134301983,0.00037567085577198196,0.006322450325616824,0.002734999999999845,0.002734999999999863,0.002734999999999858,0.0010173499999997903,0.0010173499999997654,0.0010173499999997834,0.010885665845017845,9.70064058247402,0.41272295988185265,0.0010362159682984094,0.025928955854310046,-0.029445937168325855,-5.019937701895833,-33.87843893051147,10.476750421524049,989.2572534179687,-0.07122462387652684,35.81489980759875
2025-03-01T17:15:37Z,40.21429326907161,-75.93955403345163,33.26701249377832,24.81308970487224,3.1269754468775304,-0.8820903483742768,1.5136438806021444,0.012311926350790658,1.2647636352163014,0.001000000000292765,0.0010000000020055093,0.0010000000001148036,0.000999999991063345,0.0009999999977269305,0.000999999988722656,0.00005594699233011821,0.000056001590945764966,1.3092219300579968,67.39645344604008,49.91797761936904,0.0428893806868744,0.0005831357731052516,0.0003720258123643169,0.0063328407479081,0.002735999999999847,0.0027359999999998644,0.0027359999999998588,0.0010173599999997898,0.0010173599999997649,0.0010173599999997824,-0.26054149283974976,9.62093854649711,0.5802565023702022,0.0026651882712782553,0.01283608778096774,-0.010050979566391012,0.816750032491982,-30.391313724517822,13.637250487804414,989.1479443359375,-0.13883779747149133,33.32071781410033
2025-03-01T17:15:38Z,40.21102050123284,-75.93926053403524,33.52560999931503,27.88698025886352,4.271423578286656,-0.7913733781278268,1.5273749766246116,0.029849043247299985,1.2648512319458987,0.0009999999999772574,0.001000000001665412,0.0009999999999415787,0.000999999991333828,0.000999999997887131,0.0009999999885074212,0.000056945902753909425,0.00005700168589076062,1.2883581547421201,67.70204906922417,51.982568849286224,0.03502205162878898,0.0005800336443972174,0.000366786537602253,0.006343382466613333,0.002736999999999848,0.002736999999999866,0.0027369999999998598,0.00101736999999979,0.001017369999999765,0.0010173699999997828,-0.13056546231003777,9.71017264325301,0.7523076425066566,0.007269206778309843,-0.0009949927800734638,-0.010818899930154838,3.132375122755766,-26.778938598632813,15.40275061607361,989.1221435546875,-0.040786443681416616,31.05100463108353
2025-03-01T17:15:39Z,40.208523484665285,-75.93899632887808,33.6316623679676,30.07165257214107,5.549658333768562,-0.824887311078336,1.5256959825477991,0.03264898525611155,1.2633343641060557,0.0009999999995792918,0.001000000001964996,0.0009999999998303733,0.0009999999914140308,0.0009999999979171908,0.0009999999886459358,0.00005794503442860138,0.0000580017872441836,1.2512925345433903,68.2895693991938,54.13847421767977,0.02927860094312129,0.0005798347820379583,0.0003634733665434689,0.006352400068262115,0.002737999999999849,0.002737999999999867,0.002737999999999861,0.0010173799999997888,0.001017379999999764,0.0010173799999997817,0.007015953858095284,9.650769145328127,0.28936902541610976,-0.006579231760995246,-0.002903862147031346,0.002420842574605145,-2.513812615275383,-28.09031373977661,12.067875418663025,989.1641479492188,-0.12598887596969818,30.675975468822966
2025-03-01T17:15:40Z,40.20595167784171,-75.9387070982268,33.81619921214647,32.97299130449975,6.284054107097306,-0.7325158526509169,1.5238415049057912,0.03491178397391021,1.2564197541570108,0.000999999999658927,0.0010000000020632263,0.0009999999999986524,0.0009999999913576614,0.0009999999978336177,0.000999999988702823,0.00005894428302572138,0.000059001895208352434,1.2046103349749024,69.3121421058868,56.37861829902332,0.02422157792489222,0.0005842775486501841,0.0003602020444059565,0.006361537488127625,0.002738999999999851,0.0027389999999998683,0.002738999999999862,0.0010173899999997888,0.0010173899999997638,0.0010173899999997818,-0.3638460598158733,9.727903051280572,1.1887427917261333,-0.006330045309614479,-0.008265281391949616,0.0027102518014437485,0.9862500331178308,-26.891438684463502,15.978750648498535,989.1074194335938,0.025807757475045465,31.295997297073328
2025-03-01T17:15:41Z,40.330060037070425,-75.93945105251953,34.431010358949855,-19.246936034770517,-10.395031448997694,-1.1981239037294318,1.4440063432604064,6.261516648775562,1.2511908621600643,0.0009999999993431281,0.0010000000020176523,0.0009999999983488625,0.0009999999911649692,0.0009999999978793123,0.0009999999882446692,3.0831607372542636e-10,3.0831636894288405e-10,0.5328026102945542,0.013510975026400814,0.013510147710274362,0.01174421544960428,0.0001717923735300021,0.00015224351076946455,0.006351187279337196,0.002739999999999851,0.002739999999999869,0.002739999999999863,0.0010173999999997891,0.001017399999999764,0.0010173999999997818,-0.21507786371773152,9.446701239583813,0.7501469135992243,-0.00875798185795578,0.004090539772677671,0.005139191802401945,1.6993125677481293,-22.236563472747804,10.211250388622284,988.9497631835937,-0.30037364376894554,24.52793407877378
2025-03-01T17:15:42Z,40.32992450528839,-75.93957549202915,33.72189445132894,-19.80460948664876,-10.722285313001366,-1.2285902199662404,1.4493657281277887,6.253668603302054,1.2616602447128191,0.0009999999994774582,0.0010000000022379113,0.0009999999980410668,0.0009999999908389735,0.0009999999975196967,0.0009999999883382599,1.0003083163554884e-6,1.000308317129044e-6,0.5710733713444422,0.031114457618673205,0.03175814453954848,0.012429417659072396,0.00018151320013403918,0.00016208640383431175,0.006361775454258673,0.0027409999999998516,0.0027409999999998694,0.0027409999999998633,0.0010174099999997886,0.0010174099999997637,0.0010174099999997817,-0.24271497036714854,9.712783129054277,0.7734769201940914,0.004823577618485504,0.008824741852630769,0.010219549776304534,0.05400001287460327,-38.45306413650513,12.91856303691864,989.0134252929688,-0.03266560865144936,40.56508584409025
2025-03-01T17:15:43Z,40.329781242055354,-75.93970653234472,33.12946723269108,-20.323304729501555,-11.548365555230804,-1.385162081488043,1.4487343321862796,6.254373064662071,1.2948961898513687,0.0009999999996963256,0.0010000000023517364,0.0009999999977724167,0.0009999999906365378,0.0009999999973480398,0.0009999999879298776,2.0003083177317206e-6,2.000308321089697e-6,0.610960417695622,0.08652224119989906,0.08294783723961695,0.01340668008135612,0.0001906792668737809,0.00017228835469298382,0.006371706183060153,0.002741999999999851,0.0027419999999998687,0.0027419999999998626,0.0010174199999997873,0.0010174199999997634,0.0010174199999997812,-0.6898975563347,9.561817636081146,0.8911305914658062,-0.0008022196932736895,0.03224205967507898,0.005023527575547201,-3.223125137090683,-22.38037582397461,13.788563032150268,988.9308447265626,-0.15113252088243204,26.483797424107703
2025-03-01T17:15:44Z,40.329624366339395,-75.93984716485464,32.56401002891936,-21.083915816906565,-12.420085347321217,-1.5775968418096753,1.4395688846614803,6.2468132360141455,1.3395972817592676,0.0009999999995338495,0.001000000002351565,0.0009999999973528996,0.0009999999904494914,0.0009999999974898124,0.0009999999875845503,3.0003083191087786e-6,3.0003083339909086e-6,0.6518918855091531,0.18435808784004862,0.17369034206103065,0.014779931745640993,0.0001995893690991821,0.00018263251632345595,0.006382224593554483,0.0027429999999998523,0.0027429999999998697,0.0027429999999998636,0.0010174299999997877,0.0010174299999997625,0.0010174299999997803,-0.7861249879843933,9.540021331148974,0.651682252036462,-0.009277217729820606,0.04228995079484456,0.015513711162592304,-3.9695626640319825,-22.488375854492187,11.31956293106079,988.8749487304688,-0.18453264689245913,25.487533830408296
2025-03-01T17:15:45Z,40.32944552044627,-75.93999594104717,31.892969360980217,-22.0649108193173,-13.080333459955503,-1.7625312820972359,1.430626755731557,6.2405879948659715,1.3864221126030112,0.0009999999997118932,0.0010000000025214132,0.0009999999974916443,0.0009999999906826287,0.0009999999976746485,0.0009999999872946177,4.000308309728878e-6,4.0003083665766724e-6,0.6936284306237387,0.3194784644277092,0.3127798790004775,0.016449545209823457,0.00020823075706934437,0.00019287990849939696,0.0063926306227791024,0.0027439999999998525,0.00274399999999987,0.0027439999999998637,0.0010174399999997887,0.0010174399999997629,0.0010174399999997807,-0.5728846110637661,9.573860228864476,0.4045245993990723,-0.009073930316558216,0.044289114066695986,0.015368172058014069,-5.268937714099884,-23.553750915527345,10.530000410079957,988.9409985351563,-0.17946969954421957,26.33285227063561
2025-03-01T17:15:46Z,40.32923436688366,-75.94015214743824,31.08470374505932,-22.951079545573457,-13.903360563318872,-1.92092561998332,1.4228185524691122,6.251563790934616,1.4363245418114692,0.000999999999887328,0.001000000002605493,0.0009999999972549964,0.0009999999907261727,0.0009999999975544413,0.00099999998713279,5.000308252400447e-6,5.0003084349454295e-6,0.7362303471512244,0.5053225175375524,0.4962514121747126,0.018605668099110493,0.00021613818329952784,0.00020300082422756231,0.0064018495549529805,0.0027449999999998513,0.002744999999999869,0.002744999999999863,0.001017449999999789,0.0010174499999997624,0.0010174499999997802,-0.7439315554751307,9.587279612856568,0.5280530846168846,-0.008422007039854573,0.0495999660123265,-0.0004298595400598843,-6.504000267982483,-23.2715633392334,10.595250401496887,989.0616381835938,-0.14831330911724624,26.384167957688405
2025-03-01T17:15:47Z,40.328969490371,-75.94031486647035,30.522964354599992,-23.697150359938803,-14.65677815180837,-1.6695628604323487,1.4266350868897975,6.240512936125003,1.4855806597680674,0.0010000000000088343,0.0010000000024631003,0.0009999999971199744,0.0009999999912695108,0.000999999997158944,0.0009999999872452284,6.000308059735283e-6,6.000308560686481e-6,0.779946114174318,0.7458951644190942,0.7300186086471825,0.020954754734333732,0.00022388104073782261,0.00021284048263937665,0.006412578149692039,0.002745999999999852,0.0027459999999998696,0.002745999999999864,0.001017459999999788,0.0010174599999997619,0.00101745999999978,-0.6887769900019085,9.960520051953571,0.608770970138517,0.002111905366539889,0.04547078710379442,0.02238810963125287,-9.106687846183776,-23.49956340789795,9.003375363349914,989.0399780273438,0.224023074884585,26.762273469603567
2025-03-01T17:15:48Z,40.32866690099595,-75.9404845739848,29.941441388821996,-24.049798129294604,-15.454492133976498,-1.7147580859817912,1.4299188224617416,6.265195738196803,1.5347188465907908,0.0010000000001772356,0.0010000000022940536,0.000999999996832692,0.0009999999912011005,0.0009999999968945943,0.0009999999872911103,7.000307571095781e-6,7.000308768571905e-6,0.8240877640004372,1.0338476612507634,0.978851744897345,0.022929075925836654,0.00023032167724030078,0.00022238346157147135,0.006421106005984088,0.002746999999999853,0.0027469999999998706,0.002746999999999865,0.0010174699999997865,0.0010174699999997618,0.0010174699999997796,-0.7827469318015743,9.630581869279244,0.8421757821226437,0.0010667592538902138,0.0506486168071943,-0.013308924944811817,-10.36612543106079,-22.34493839263916,8.3340003490448,989.2379248046875,-0.07977089618042803,26.003956177063277
2025-03-01T17:15:49Z,40.32834471264557,-75.94066148045391,29.21995299952114,-24.257552095317973,-16.1333819023805,-1.5488775507534307,1.4303318757186332,6.271899940983348,1.5810080550431551,0.0010000000004125762,0.0010000000020687397,0.0009999999965629829,0.0009999999911186773,0.0009999999967212141,0.000999999987564594,8.000306535374621e-6,8.000309084927076e-6,0.86690818111822,1.3671087701812716,1.259902891824336,0.02435699068688116,0.00023627239423218137,0.00023153078512093943,0.006430760835739059,0.002747999999999852,0.0027479999999998695,0.0027479999999998643,0.001017479999999787,0.0010174799999997626,0.0010174799999997798,-0.7923463300716662,9.835255772906233,0.9469964570484443,-0.0023031782775750284,0.0454868094672187,0.0034694938814308456,-9.05081286907196,-21.6975008392334,8.033812832832336,989.4835961914063,0.13378794564121874,24.844282441569675
2025-03-01T17:15:50Z,40.32795578798764,-75.94084194440674,28.659095427960267,-24.39327582442195,-16.913290297081968,-1.604343077990779,1.4349964556502288,6.273033688076621,1.6338026947231312,0.0010000000002720407,0.001000000002411937,0.0009999999969806375,0.000999999990875729,0.000999999996945825,0.000999999987471659,9.00030460659511e-6,9.000309538206965e-6,0.9076011711774297,1.7576845190993506,1.5671488654300694,0.02617061754111206,0.00024101960353432842,0.00024070880024985308,0.006440709037179702,0.002748999999999853,0.002748999999999871,0.002748999999999865,0.001017489999999786,0.0010174899999997621,0.001017489999999779,-1.0040241822980684,9.608771908304616,0.8355464855447338,0.0011104876911070876,0.05101864123031058,0.010361083443799454,-9.121125373840332,-22.01268838882446,7.499437804222107,989.5187280273437,-0.08144173487834289,24.979839809128087
2025-03-01T17:15:51Z,40.327462623675316,-75.94102199396133,28.26963003938734,-24.18452773198537,-17.53205647893265,-1.6272656436424042,1.4363339364691619,0.013066842063106402,1.6925346285157954,0.001000000000531399,0.0010000000025268134,0.0009999999966983793,0.0009999999909328973,0.000999999996886412,0.0009999999875780555,0.000010000301352568354,0.000010000310155566288,0.9456173878231052,2.1972860716690628,1.8835437485143207,0.02748981565190401,0.0002443921085447556,0.00025002554955132845,0.00644985686906781,0.002749999999999855,0.0027499999999998723,0.0027499999999998663,0.0010174999999997855,0.0010174999999997623,0.0010174999999997783,-1.1042906390729288,9.577508861857227,0.9781031502838328,-0.004044142962699967,0.05957742377466463,-0.009888082711769072,-9.344625401496888,-20.384250822067262,7.944000334739685,989.478837890625,-0.08807382864411115,23.789586368039227
2025-03-01T17:15:52Z,40.327016472205216,-75.94120940512397,27.4755008017088,-24.022320818118992,-17.783158234858846,-1.6819117161203365,1.4360242653198179,0.020347328611995452,1.7279368963330373,0.0010000000005632873,0.0010000000023828338,0.0009999999964960412,0.000999999990937133,0.00099999999694688,0.0009999999877533183,0.000011000296263110756,0.000011000310962723309,0.9780614317458856,2.630484490334432,2.2168051245490465,0.027224327553201918,0.00024820930146778546,0.00025791353202291695,0.0064596202262579075,0.002750999999999856,0.0027509999999998733,0.0027509999999998677,0.0010175099999997863,0.0010175099999997612,0.001017509999999779,-0.7885524577308325,9.574919323277681,1.0441927819765044,-0.004727777195485526,0.034715561233459875,0.0012882390128176107,-9.496312866210937,-21.96993832588196,5.629687720537186,989.788916015625,-0.11458198864789786,24.587578638212555
2025-03-01T17:15:53Z,40.32652252042254,-75.94139169053592,26.710002069650578,-23.753407276367213,-17.486369887697617,-1.5859274354542081,1.442580791605077,0.0435462346874277,1.7474817778103733,0.0010000000004198421,0.0010000000025393032,0.0009999999962775608,0.0009999999910478106,0.000999999996756013,0.0009999999881192454,0.00001200028873098274,0.000012000311987060198,1.000771784235858,3.051244862057567,2.568169001052086,0.025316547339489605,0.0002528694848351066,0.0002646182839822795,0.006469019788427517,0.0027519999999998544,0.0027519999999998717,0.002751999999999866,0.0010175199999997865,0.0010175199999997615,0.001017519999999779,-0.4609802717727343,9.710948672928016,1.1857602688605857,0.0020950486750632193,0.02101149387512814,-0.01659741399772486,-10.556437873840332,-22.70906337738037,6.097312758564949,989.8886743164062,0.015404158308335846,25.774299859217734
2025-03-01T17:15:54Z,40.325916471496605,-75.94155862496876,26.214104496446065,-23.707856334309756,-16.83512808688381,-1.4448212565853737,1.458142780161461,0.06393678321851584,1.7563238899478772,0.0010000000007758098,0.00100000000236964,0.000999999996368742,0.000999999991017803,0.0009999999968585672,0.0009999999884160943,0.000013000278011199623,0.000013000313265183499,1.0123828266743902,3.486958345989663,2.966324780449402,0.023365868700426395,0.0002583425933039001,0.00027051651090146403,0.006478604070998628,0.002752999999999855,0.0027529999999998727,0.0027529999999998667,0.0010175299999997873,0.0010175299999997623,0.0010175299999997784,-0.39920556485446557,9.78712017440542,0.828791010733691,0.010687879415915657,0.00957814153158093,-0.01467319010872685,-9.081000308990479,-21.51600076675415,6.574125279188156,989.8798754882813,0.05166458241907275,24.261481889016977
2025-03-01T17:15:55Z,40.325265036365856,-75.94171205989466,25.75950496923013,-23.496687963225465,-15.651758674604222,-1.4116005957977211,1.4708311236855676,0.08807872023150244,1.7473903285482508,0.0010000000003896118,0.001000000002426557,0.000999999996659287,0.0009999999912132715,0.0009999999969785968,0.000999999988683978,0.000014000263131633392,0.000014000314841778264,1.012175682783753,3.89810019701881,3.3708758710799405,0.020399441295189166,0.0002658082958780654,0.000275162561321481,0.006488190014155167,0.0027539999999998564,0.002753999999999874,0.002753999999999868,0.0010175399999997872,0.001017539999999762,0.001017539999999779,-0.12193561448112274,9.70071901827716,0.9418113480669223,0.009302084774272329,-0.00781464730058478,-0.020732935218003432,-8.475375380516052,-19.58756326675415,6.807750277519226,989.9577758789062,-0.031624593907376604,22.401959753685976
2025-03-01T17:15:56Z,40.324613626878204,-75.94185556880093,25.197830334296384,-23.45266775029133,-14.708669814969817,-1.3826054293919288,1.4765643541077251,0.09691744284351456,1.749562681972199,0.0010000000003447158,0.0010000000028649472,0.0009999999964933272,0.0009999999914083097,0.0009999999971602937,0.0009999999887974798,0.00001500024278177905,0.000015000316768530005,1.0017589132081204,4.374324001846768,3.8196396446680088,0.018573053477103918,0.0002720279576667104,0.00028132825302605027,0.006498001675763964,0.002754999999999857,0.0027549999999998747,0.0027549999999998687,0.0010175499999997863,0.0010175499999997614,0.0010175499999997791,-0.4282783614621358,9.725544817286291,0.6946733026419956,0.002125590861170871,0.001769253720291143,-0.0051436992263921245,-8.538375325202942,-21.583313331604003,6.587437753677368,990.0877001953126,-0.019093708598425733,24.127476910811808
2025-03-01T17:15:57Z,40.32387297895984,-75.94198549199285,24.684594839081804,-23.063817452546314,-13.73537890138438,-1.337638912222879,1.4856065948912514,0.08292352984398156,1.7492627556270066,0.000999999999877346,0.001000000002664276,0.0009999999961851167,0.0009999999910934433,0.000999999997265511,0.0009999999888354707,0.00001600021524109313,0.000016000319104156184,0.9847674900146536,4.894989691002694,4.279943421143443,0.016799737593028583,0.00027761132859609736,0.00028801783417687217,0.006507977257670874,0.0027559999999998575,0.0027559999999998757,0.0027559999999998697,0.0010175599999997856,0.0010175599999997606,0.0010175599999997784,-0.4382981417141332,9.719116286978437,0.9394577503596063,0.005646909686830126,-0.0026673604517137538,0.017120652690403786,-10.538250379562378,-22.44487596511841,6.265500257015228,990.13470703125,-0.00467171752807695,25.57500854962825
2025-03-01T17:15:58Z,40.32310186660692,-75.94210732784869,24.282843935047275,-22.798336805663162,-12.793122684423254,-0.9905748358292329,1.4960432225941507,0.08081457216274389,1.7497576402347896,0.0009999999999348412,0.0010000000028190978,0.0009999999961889416,0.0009999999913903324,0.0009999999971709661,0.0009999999888266808,0.00001700017824486297,0.000017000321917647233,0.9635088106949585,5.481651403475363,4.816163598935538,0.015639569738226652,0.0002839574460510961,0.00029559187250791536,0.006517957383170815,0.0027569999999998572,0.002756999999999875,0.002756999999999869,0.0010175699999997855,0.0010175699999997604,0.0010175699999997781,-0.33424043347177557,10.056232960062541,0.7705257817141365,0.007338304162976966,-0.0005316706609265284,0.004721766745660292,-8.664562859535216,-20.342813272476196,7.951125311851501,990.2151171875,0.31222830612816166,23.497291286439953
2025-03-01T17:15:59Z,40.322373627620735,-75.94222647454153,23.869488270479753,-22.538489265630005,-11.968342672031408,-1.0474817404063186,1.5004734628720013,0.07591621548861777,1.7535656845630367,0.0010000000000463616,0.0010000000030161561,0.0009999999961618816,0.0009999999911056124,0.0009999999969560398,0.0009999999889028213,0.00001800012890828666,0.000018000325289347037,0.9405956812289074,6.090510511247853,5.378205272457159,0.014837456242589754,0.00029004343193286483,0.00030432417059344337,0.0065280474806982056,0.002757999999999858,0.0027579999999998756,0.00275799999999987,0.0010175799999997846,0.0010175799999997599,0.0010175799999997777,-0.2804019259977434,9.674099213915232,0.7195985399932527,0.0017113382892754618,0.0028504509043115944,0.006916206615837017,-8.98762535572052,-21.70575092315674,7.339500303268433,990.3361645507813,-0.0742271715198071,24.612655002785363
2025-03-01T17:16:00Z,40.32167489609347,-75.94234181776532,23.362965343168405,-21.879667065363734,-11.019530302945782,-0.9494422564149697,1.5111831807745577,0.07243449322651743,1.7449049265168544,0.001000000000214513,0.0010000000029863918,0.0009999999960487217,0.0009999999911061445,0.0009999999966644486,0.0009999999888618092,0.000019000063403911493,0.00001900032929338586,0.9162800320960398,6.746019175017551,5.971055411951794,0.013934783529277784,0.0002979630569499588,0.0003122883150272711,0.006538082374039496,0.002758999999999856,0.002758999999999875,0.002758999999999869,0.001017589999999784,0.0010175899999997592,0.001017589999999777,-0.11899361614789872,9.826204907523719,1.1331194762718755,0.009425425386025503,-0.009236493351541683,0.0040701777847899755,-9.78750039100647,-21.511313285827637,7.758375277519226,990.4485668945313,0.11283639461790272,24.87411530860929
2025-03-01T17:16:01Z,40.32080888643103,-75.94244746402941,23.003191806620496,-21.35090892645914,-10.173962250943685,-0.870194811727177,1.523469726172473,0.07389927863532304,1.7424900692109158,0.001000000000371336,0.0010000000029845198,0.0009999999962644912,0.0009999999913327296,0.0009999999967944368,0.0009999999889931535,0.00001999997679606943,0.000020000334016613635,0.8918355428505276,7.464514386752971,6.645884457962569,0.013703967577079994,0.00030578187163710487,0.00032147912901835124,0.006548067000482137,0.0027599999999998563,0.0027599999999998737,0.0027599999999998676,0.0010175999999997836,0.0010175999999997585,0.0010175999999997762,-0.16666308786493136,9.822494084673119,0.8232875175202041,0.010402808665460627,-0.0026595160521312167,-0.0006538431854364061,-10.73343785762787,-21.40631322860718,7.922062833309173,990.449345703125,0.07905560560892294,25.222875341890752
2025-03-01T17:16:02Z,40.31935983584837,-75.94254036819929,23.0362057547603,-21.044375012363368,-9.30489083121387,-0.7720000295643783,1.5417016223808533,0.07549448023993206,1.7401354445633244,0.001000000000446606,0.0010000000028099207,0.0009999999963284708,0.0009999999913436082,0.0009999999969278145,0.0009999999888345985,0.00002099986348881216,0.000021000339573576142,0.8708380170726252,8.24180298105826,7.427454724096152,0.014191374098016397,0.0003139379158629535,0.0003310139751991998,0.006558063387819219,0.002760999999999858,0.0027609999999998742,0.0027609999999998686,0.001017609999999784,0.001017609999999757,0.001017609999999775,-0.13778315651762318,9.845896656221,0.2406358595354371,0.01534063287817813,-0.0026273036681610466,-0.0008948513639597743,-10.645500364303588,-21.654375801086427,8.088375310897828,990.2587866210938,0.07041908581455224,25.44912352437372
2025-03-01T17:16:03Z,40.317469946425774,-75.94263273537445,23.35807788882409,-20.350368657215537,-8.4128210863525,-0.5641643402462656,1.5496095650396324,0.07073479854609398,1.7413196189378655,0.001000000000375893,0.0010000000026097677,0.0009999999964873047,0.0009999999915816888,0.0009999999968595599,0.0009999999884180248,0.000021999717212702613,0.000022000346070146992,0.8545407178307146,9.080221010078644,8.265390867203804,0.0148138554134008,0.00032163464815630955,0.00034111700082618617,0.006568218410376038,0.0027619999999998575,0.002761999999999874,0.002761999999999868,0.001017619999999783,0.0010176199999997573,0.0010176199999997748,-0.07418049320064443,9.942214988705686,0.3946931025447407,0.00438579081080673,0.0008427753153245304,0.004833758610736507,-10.37606288909912,-21.701438312530517,7.568625316619873,990.1280688476562,0.17084917692655735,25.216990749780066
2025-03-01T17:16:04Z,40.315665095905985,-75.94273217190253,23.635394998939198,-19.43656593789471,-7.690411751413641,-0.5336523278481653,1.5564564775974095,0.0748232265969936,1.7443200266553711,0.0010000000004426234,0.0010000000029235208,0.000999999996468432,0.0009999999918073202,0.0009999999970344174,0.0009999999884866865,0.00002299953058733707,0.00002300035357820436,0.8422948131365575,9.964194276067056,9.131070762646884,0.01542423703868412,0.0003298259451889063,0.0003513065215817303,0.006578173678909008,0.0027629999999998567,0.002762999999999874,0.0027629999999998684,0.0010176299999997834,0.0010176299999997565,0.0010176299999997737,-0.11475714662965174,9.77195451867515,0.6229775330718375,0.003924471787633289,0.0030006639035982455,-0.004780351600432616,-11.335312986373902,-21.648563385009766,9.47081288099289,990.1842651367188,0.012918292044375515,26.20769429228913
2025-03-01T17:16:05Z,40.31391212103974,-75.94283857910507,23.813215617739317,-18.446561089956553,-7.119119669110025,-0.5300019849261007,1.5610738993157451,0.07844327413800474,1.7394974327713548,0.001000000000226989,0.0010000000030081343,0.0009999999965073975,0.0009999999921033026,0.0009999999972299504,0.00099999998804983,0.00002399929522863903,0.00002400036215123306,0.8339448818432053,10.91352223145363,10.045436946761777,0.016214138458834685,0.00033934883153773326,0.0003601384115417985,0.0065881066490954005,0.002763999999999855,0.0027639999999998725,0.002763999999999867,0.0010176399999997838,0.0010176399999997554,0.001017639999999773,-0.19250557145520603,9.752304560976285,0.7168069130552859,0.002909534526799643,-0.004736456305528896,-0.005001164500011916,-12.006000452041626,-21.343875818252563,10.11693787574768,990.22859375,0.0009041473786227185,26.49631692786564
2025-03-01T17:16:06Z,40.31168736630185,-75.9429636095088,24.05730483736483,-17.878436280711576,-6.828667019202083,-0.6230395769135879,1.5719593096030506,0.07612886686225546,1.739123220915079,0.001000000000454665,0.0010000000029761818,0.0009999999968754085,0.0009999999916292187,0.0009999999973849258,0.0009999999881048329,0.000024999003161063424,0.000025000371846846315,0.83085009802504,11.923481176195663,11.036123357003698,0.01718815597517952,0.0003484324447494749,0.000368809915855575,0.006598150070624707,0.0027649999999998535,0.0027649999999998717,0.0027649999999998657,0.0010176499999997833,0.0010176499999997547,0.0010176499999997725,-0.21252551947184253,9.648695428209475,0.13802299249273117,0.008855285134729003,-0.00024660018989104584,-0.000022616207058163192,-10.515187945365906,-21.123750801086427,8.958000388145447,990.1282666015625,-0.1276085010844896,25.239358582073905
2025-03-01T17:16:07Z,40.30905248124846,-75.9431147967287,24.353335734354072,-16.512690247615307,-6.740635470521088,-0.5671141874963904,1.5662394516872016,0.07601843899188264,1.7447871372413937,0.0010000000006793876,0.001000000002747073,0.0009999999969133525,0.0009999999917549628,0.000999999997488211,0.000999999987977032,0.00002599864666407168,0.000026000382679353424,0.8323562862516578,13.025693371154839,12.023689967503142,0.018093401423303995,0.0003573485249682893,0.00037725432821813886,0.006608175091164766,0.0027659999999998554,0.0027659999999998727,0.0027659999999998667,0.001017659999999782,0.0010176599999997533,0.0010176599999997715,-0.34419353244144923,9.777014745865644,0.8920720234488955,-0.007892257123127947,0.005904774836158173,-0.0032381685543788163,-11.025000419616699,-21.038813257217406,8.63400032043457,990.0502709960938,0.04402580444078955,25.2730227899127
2025-03-01T17:16:08Z,40.30627645061206,-75.94328898325219,24.589088765325318,-15.381718285074502,-6.831070899861335,-0.6936739203633058,1.5565642396252009,0.07298981825090661,1.7433761110189738,0.0010000000006750223,0.0010000000028328765,0.0009999999970352136,0.000999999991585388,0.0009999999975478196,0.000999999987894128,0.000026998217789291858,0.000027000394627123895,0.8375651142679609,14.19156768466297,13.027484058908941,0.019300847932846896,0.0003673019956777405,0.0003838517059884099,0.006618182881474206,0.0027669999999998572,0.0027669999999998746,0.002766999999999867,0.0010176699999997828,0.0010176699999997544,0.0010176699999997721,-0.30855746907932946,9.589792115526631,0.8228089552800925,-0.010600758418189624,-0.0010610864982308415,-0.0009287325341786238,-9.74756287574768,-21.66656326293945,8.682187848091125,990.0409497070312,-0.14964711827796712,25.294915520589505
2025-03-01T17:16:09Z,40.303083712797594,-75.94350036838526,24.80680687519814,-14.484049095844341,-7.1135715683652645,-0.7392913269183831,1.5551796331062884,0.06943282805462879,1.7393105793915915,0.0010000000005300324,0.0010000000029588142,0.0009999999968311195,0.000999999991444262,0.0009999999977701802,0.0009999999876230893,0.000027997710978244587,0.00002800040767413074,0.8475089384230179,15.457401197172402,14.056830393539606,0.020702230384992394,0.00037774887743555175,0.00038905647202911814,0.006628158531712008,0.0027679999999998565,0.0027679999999998743,0.0027679999999998687,0.0010176799999997816,0.0010176799999997539,0.0010176799999997719,-0.21525569499146946,9.663139935224859,0.7270064898221553,-0.0014130848122158807,-0.00357865063119964,-0.0013855457564859557,-10.195500431060792,-20.40168833732605,9.928875379562378,989.9801708984374,-0.08674276538555538,24.87482954736847
2025-03-01T17:16:10Z,40.29902018030582,-75.94377912230105,25.173098683045087,-13.972952764562553,-7.813943987330042,-0.7983385147339386,1.5520072493199166,0.06898053354012809,1.737460032136246,0.00100000000072539,0.0010000000026855842,0.000999999996769579,0.0009999999916136227,0.0009999999980100712,0.0009999999876167908,0.000028997125052355912,0.000029000421783851555,0.8623860809155761,16.80947966341043,15.084938893583683,0.021718068695951002,0.0003881565275301462,0.00039334906137975336,0.006638104566244761,0.0027689999999998575,0.0027689999999998757,0.0027689999999998697,0.001017689999999781,0.0010176899999997531,0.0010176899999997727,-0.16303397345626955,9.629792156852307,0.4241647042452692,-0.002506800133871553,-0.0010814483997737166,-0.006171988514234516,-9.285937900543212,-19.29506335258484,8.963250336647034,989.8275390625,-0.13899624121889503,23.213478870814367
2025-03-01T17:16:11Z,40.29408808068199,-75.94414062919176,25.640302351838265,-13.493664690121069,-9.204112295281409,-0.9298564492158938,1.5435025828601925,0.052895162329554095,1.7401900863871143,0.0010000000008751773,0.0010000000024024784,0.0009999999965673038,0.00099999999154173,0.0009999999979425703,0.000999999987502291,0.00002999646321586407,0.00003000043690338344,0.879862792367557,18.232149869434014,16.069737933069078,0.021871115364497033,0.00039706309014824116,0.0003970784505854965,0.0066481385940477655,0.0027699999999998576,0.002769999999999877,0.002769999999999871,0.00101769999999978,0.0010176999999997522,0.0010176999999997728,-0.3490360526909234,9.512623476025757,0.5203960496741055,-0.007061080274694389,0.0034112449749347995,0.007847525010253039,-11.335125427246094,-19.4358757686615,8.700187864303588,989.6735083007812,-0.24611220634712533,24.123207576210792
2025-03-01T17:16:12Z,40.28881792191097,-75.94456480381723,26.02041185038142,-13.11031584478684,-10.964467464921361,-1.0763824024084374,1.5286716238699714,0.02912628483936433,1.747549701174321,0.0010000000006994976,0.0010000000025769742,0.000999999996947594,0.000999999991544186,0.0009999999979565985,0.0009999999877295946,0.00003099573048766446,0.000031000453013074395,0.8966554818671878,19.73048384922764,17.019115582572176,0.021626134452320967,0.00040485835535115445,0.0004006071505257605,0.006658327137659809,0.002770999999999859,0.002770999999999877,0.002770999999999871,0.0010177099999997795,0.0010177099999997526,0.0010177099999997723,-0.3040254952923643,9.48034392597396,0.6946445358147758,-0.012484258141990745,0.007765909434801415,0.01510646789668684,-9.412125363349915,-18.49537573814392,8.26800034046173,989.6164819335937,-0.26853962906269824,22.338858046919526
2025-03-01T17:16:13Z,40.28393491959692,-75.94500418014539,26.251840471297346,-12.679934389865222,-12.946008793246886,-0.9534745150541469,1.5284319508906876,0.006714997284057498,1.7589868379903426,0.0010000000008683074,0.0010000000022137017,0.0009999999969726437,0.0009999999915345746,0.0009999999980398098,0.0009999999878221742,0.00003199493066527433,0.0000320004702051578,0.9099219176265299,21.34675844616843,17.98678238547411,0.02093241368662804,0.0004117742987316623,0.00040451975977371453,0.006668646650301159,0.0027719999999998605,0.0027719999999998787,0.0027719999999998727,0.001017719999999779,0.001017719999999753,0.001017719999999772,-0.4445495611287198,9.751467171348539,0.964783101618238,0.002858629137506733,0.011614357831971628,0.014923208567399444,-11.140312910079956,-20.058188371658325,9.528750343322754,989.6804345703125,0.030211785636094158,24.844155084465424
2025-03-01T17:16:14Z,40.278612332363714,-75.94550281229387,26.495049754235513,-12.608220039380349,-15.068980979821525,-1.2086325788027177,1.5031741420935867,6.271064964480331,1.7766901503338532,0.0010000000007926646,0.001000000002417449,0.000999999996712967,0.0009999999916491399,0.0009999999980540965,0.0009999999876235625,0.000032994065087304845,0.00003300048867956676,0.9185778985294282,22.961570369275705,18.915786202918476,0.020364241791928247,0.00041712835667500687,0.00040989037488680914,0.006678958200332768,0.0027729999999998615,0.0027729999999998806,0.0027729999999998745,0.0010177299999997783,0.0010177299999997525,0.0010177299999997729,-0.21792309714940594,9.367292917968536,0.9579334860718624,-0.020670346868347032,0.0178516876317284,0.011753053908734431,-11.322562971115111,-19.8123756980896,6.839437802918256,989.6172998046875,-0.36004916734753034,23.822387434906354
2025-03-01T17:16:15Z,40.273459596306736,-75.94601363726167,26.590157813447785,-13.127127723363985,-17.531620525059814,-1.0813276487350332,1.5047069074560413,6.255518400831588,1.8075600538922798,0.001000000000467376,0.0010000000025614224,0.0009999999965306233,0.0009999999921301475,0.0009999999981303664,0.000999999987854326,0.00003399313198422157,0.000034000508778246644,0.9205663804961092,24.694700507109456,19.95633897994442,0.01833891860150424,0.0004195798004185525,0.0004184573980730076,0.00668922362832114,0.0027739999999998625,0.0027739999999998803,0.0027739999999998747,0.0010177399999997771,0.0010177399999997513,0.0010177399999997728,-0.4556761777259885,9.795255803105798,0.6031478439926754,0.0073179418391548,0.030815874512545815,0.010799871431389607,-12.060187978744507,-19.739438257217408,7.394437823295593,989.6563452148438,0.04592359563661036,24.28515577572101
2025-03-01T17:16:16Z,40.26758518100438,-75.94657780602148,26.978140826793958,-13.629607921208988,-20.67298578356503,-0.8465626813944087,1.494327008490132,6.245000210805942,1.8714702708928699,0.0010000000007218072,0.0010000000028014596,0.0009999999967284048,0.0009999999921781555,0.0009999999979733078,0.0009999999875848402,0.00003499211831086387,0.00003500053107836027,0.9129275289047737,26.4957444330683,21.106357578046932,0.017604855244163796,0.00041568356059535597,0.00043420134419870805,0.006699246756991362,0.002774999999999863,0.002774999999999881,0.002774999999999875,0.001017749999999778,0.001017749999999751,0.0010177499999997723,-1.0384651343306832,9.916073046572267,0.7888668325197323,-0.0016233822555806248,0.06396697107992129,0.009099297365273254,-11.76806294441223,-21.154313259124756,2.9122501128166913,989.544130859375,0.22333246525503272,24.381775765459558
2025-03-01T17:16:17Z,40.26153384312625,-75.94713751171379,27.20798853379991,-14.747009948736894,-23.56425736438658,-1.3033059411508645,1.4609810128796834,6.242148058095587,1.933732368511422,0.0010000000007771407,0.0010000000025448667,0.0009999999969821831,0.0009999999925242558,0.0009999999977955709,0.0009999999872560038,0.00003599099904496525,0.00003600055622894482,0.8981874853622877,28.195320485196124,22.30594047451117,0.01790546570439568,0.00041056330891196547,0.00045221567729795774,0.00670902375220771,0.0027759999999998628,0.00277599999999988,0.002775999999999873,0.0010177599999997775,0.0010177599999997516,0.001017759999999773,-0.9596445065222448,9.265125973062894,0.512619382341249,-0.023652901693496875,0.06240776464794091,0.0050170181297361964,-9.32100037097931,-30.42262617111206,6.2578127434849735,989.5304858398438,-0.4490453481301016,32.42798397934073
2025-03-01T17:16:18Z,40.254717184202434,-75.9476933560678,27.32588396440316,-16.570827598262817,-25.691531585450925,-1.1945144414141844,1.4624767260640206,6.258233321291253,1.9756082466258693,0.001000000000660694,0.001000000002292337,0.000999999996708837,0.00099999999236895,0.0009999999974044538,0.0009999999870017348,0.00003698974786445774,0.00003700058473785059,0.8821025200126261,29.99750313449034,23.765000606299296,0.018157238304772692,0.0004078598111929958,0.0004683989511233997,0.0067184021482654295,0.0027769999999998638,0.002776999999999881,0.0027769999999998725,0.0010177699999997765,0.0010177699999997514,0.001017769999999773,-0.434260421952389,9.812444232938129,0.5136163921988635,0.010810051789221991,0.04373566427552557,-0.012708242064791644,-10.914187927246093,-23.931376066207886,4.613437694907188,989.465068359375,0.0578486779450755,26.70414468329906
2025-03-01T17:16:19Z,40.24879674846122,-75.94816609092929,27.182052071867634,-18.399626958409343,-27.744496641480463,-1.2743974468818826,1.4535704655525001,6.2513517977534425,2.0332380649334802,0.001000000000397396,0.001000000002437947,0.000999999997025559,0.000999999992328324,0.0009999999972554962,0.0009999999869734616,0.000037988335534685874,0.000038000616983595794,0.8678980617375013,31.801937269266915,25.358848219859034,0.020560508341954758,0.00040444713356584805,0.00048655039552763715,0.006728441463834342,0.002777999999999864,0.0027779999999998813,0.002777999999999871,0.001017779999999777,0.0010177799999997522,0.0010177799999997734,-0.9263947381242144,9.701581968461543,0.16308487047840653,-0.0012027877626040518,0.05643631030707699,0.014536995818496682,-13.27012557029724,-20.481375789642335,3.4666876366734503,989.6283471679687,-0.030342226689594222,24.64951109163308
2025-03-01T17:16:20Z,40.242512100052025,-75.94858468428812,26.94807443198621,-20.52287140982527,-28.868945849711743,-1.3401221969901116,1.4388844695006326,6.243602468474246,2.0761205874769035,0.001000000000132739,0.0010000000022565181,0.0009999999968112873,0.0009999999919411034,0.0009999999973661917,0.0009999999867586608,0.00003898673264095303,0.00003900065310364907,0.8594553685450371,33.59923806877929,27.079084406248477,0.02268919319214998,0.00040526200148076477,0.0005005737519535523,0.0067385847995148,0.002778999999999863,0.0027789999999998814,0.0027789999999998692,0.0010177899999997762,0.0010177899999997513,0.0010177899999997727,-0.34568610541313893,9.698426221845097,0.2864577608920576,-0.008014764102342786,0.04100713497977412,0.016450370635611902,-14.812313127517701,-21.26625081062317,1.788562568500638,989.6573046875,-0.06850412852921801,25.977958956002507
2025-03-01T17:16:21Z,40.23614902371757,-75.94892868853346,26.470043288959257,-22.274928708097463,-29.662290574196764,-1.653954830985509,1.426293522774142,6.257216525485806,2.1234275440992505,0.0009999999999699449,0.0010000000025424895,0.0009999999965310603,0.0009999999916459968,0.000999999997546122,0.0009999999868211154,0.00003998492125697944,0.00004000069288576172,0.8621351614117349,35.3843290676225,28.790794026031172,0.02724137411824222,0.00040724439167011395,0.0005117401134393916,0.006748258188829867,0.002779999999999864,0.0027799999999998824,0.0027799999999998702,0.0010177999999997753,0.001017799999999752,0.0010177999999997733,-0.7051174855817399,9.426328938341229,0.5914001279334195,-0.007391548364166052,0.04773399077758174,-0.0016859709956471899,-15.221250629425048,-21.405375900268556,1.1143125595524908,989.7451489257812,-0.3060995980269788,26.28907759546542
2025-03-01T17:16:22Z,40.22931379277857,-75.94917826480201,26.12425290051078,-23.941091783041234,-29.953241154938112,-1.1502822000782496,1.439268553600169,6.258257984014304,2.1825107797747165,0.0009999999997512314,0.0010000000024157497,0.0009999999967328496,0.0009999999913794673,0.0009999999972907952,0.0009999999870222982,0.000040982903110451685,0.00004100073571384982,0.8818835869122835,37.39647070517598,30.584428694192162,0.033554903808687385,0.0004106197604064343,0.0005191240731590293,0.0067582100600945905,0.0027809999999998643,0.0027809999999998817,0.0027809999999998704,0.0010178099999997754,0.0010178099999997511,0.0010178099999997724,-0.9239116884370344,10.20773854954783,0.7621907802109836,0.016623449249475605,0.05727650001207502,0.014607595169261599,-15.001125621795655,-21.26137582778931,-0.9530625313520431,989.7759838867188,0.500537520241547,26.038155582633333
2025-03-01T17:16:23Z,40.22188819594917,-75.94930158380804,26.105618484613892,-26.066629447131955,-29.202010140785386,-1.1836079502436676,1.4259676030023984,6.275544030068856,2.230059990135839,0.0009999999999156625,0.0010000000025591328,0.0009999999966773465,0.0009999999915665054,0.000999999997059411,0.000999999987132641,0.00004198071612870647,0.00004200078044435745,0.9186968547273969,39.28857161815463,32.065542340536936,0.03770045856202707,0.00041628096776658225,0.0005196458018666471,0.006768004141959982,0.002781999999999865,0.0027819999999998827,0.0027819999999998722,0.0010178199999997745,0.0010178199999997502,0.0010178199999997717,-0.5492754297241564,9.64929358863589,0.5639853083803393,-0.012268452484486918,0.04760380652047551,-0.000744638626856595,-14.954063053131103,-21.63637571334839,-1.7478750581666826,989.7530078125,-0.09596568499334765,26.3592324707171
2025-03-01T17:16:24Z,40.21470467625166,-75.94930840134292,26.075943152931757,-28.058087830635923,-28.01663005726098,-1.1626917762062994,1.4206570803833005,6.282370787722996,2.2825051731661006,0.0010000000001598862,0.0010000000024735487,0.000999999996426937,0.000999999991613027,0.000999999997312744,0.000999999987088499,0.0000429784341612778,0.00004300082553661519,0.968214724129304,41.27684518187104,33.199762883081206,0.04223781717004125,0.00042161589013867465,0.0005155352765878031,0.006777938859004245,0.0027829999999998663,0.0027829999999998845,0.0027829999999998724,0.0010178299999997749,0.00101782999999975,0.0010178299999997714,-0.7202197246476164,9.68785268539423,0.5903017787927491,-0.006884663921030797,0.050709703778063324,0.01169580655184455,-15.771938171386719,-21.34256326675415,-3.15712514936924,989.7955786132812,-0.04495394778358436,26.72496503328664
2025-03-01T17:16:25Z,40.2074683588515,-75.94917538886031,26.303224343097824,-29.679694950278865,-26.083227648034125,-0.8357221362354172,1.4325527177374757,0.02662415509697969,2.3395141262537646,0.0010000000001464428,0.001000000002558954,0.0009999999967714194,0.0009999999915294975,0.0009999999973276594,0.00099999998708306,0.00004397616113491859,0.00004400086931937514,1.0269489267914418,43.41781037038901,33.912720063378174,0.045616926685407636,0.00042483338903188505,0.0005081987447800078,0.006787881635564743,0.002783999999999865,0.002783999999999883,0.0027839999999998708,0.0010178399999997757,0.001017839999999751,0.0010178399999997722,-0.9776305675266047,9.908954738614469,0.904164928179082,0.007236493368550848,0.0579586322843582,-0.007139191008396954,-16.065375642776488,-22.8018758392334,-3.5694376407191157,989.7678759765626,0.22036010905002382,28.12045262331847
2025-03-01T17:16:26Z,40.200904719716725,-75.9489483923057,26.66328096816306,-31.167774112067796,-23.539270306564116,-0.867553833395968,1.4361182193510773,0.04642219646212695,2.388045197145255,0.001000000000103251,0.0010000000026845742,0.0009999999968290981,0.0009999999914923848,0.0009999999971534643,0.0009999999872405748,0.00004497400960360879,0.00004500091052482565,1.0855309905625954,45.5268657823243,34.05260424525806,0.045281159470294194,0.00042565932259175366,0.0004988513454939249,0.006797953196384653,0.0027849999999998657,0.002784999999999883,0.0027849999999998718,0.0010178499999997756,0.0010178499999997518,0.001017849999999773,-0.8728112027426722,9.520002105022435,0.9491859511998629,-0.0035961752819904463,0.04836488453312215,-0.0015958434160579418,-14.803500595092773,-20.803500804901123,-4.754250198602676,989.7725390625,-0.17101552836753914,25.97170622137126
2025-03-01T17:16:27Z,40.19601820726102,-75.94875120356794,26.822082376199983,-32.31169390542256,-20.951336186382136,-0.7783238961982524,1.4442791353323856,0.06628223886910758,2.41864069616376,0.000999999999831707,0.0010000000025113269,0.0009999999966893373,0.0009999999918126113,0.0009999999974919067,0.0009999999872972655,0.00004597205826000531,0.0000460009490660625,1.1298821392161773,47.72254280985421,33.81491507221445,0.04054353794966889,0.0004252306053347634,0.000488828153573141,0.0068081195134621665,0.002785999999999864,0.0027859999999998815,0.002785999999999871,0.0010178599999997764,0.0010178599999997513,0.001017859999999773,-0.6195047702243963,9.651646597223776,1.21790385474085,0.0013416486503455248,0.03096859019705072,-0.006976293818431125,-16.868813190460205,-21.16406329154968,-6.594562748372555,989.883515625,-0.030341695248348233,27.856055947039508
2025-03-01T17:16:28Z,40.19114976453641,-75.94845727996794,27.165832774267738,-33.625135812301345,-17.837873783658065,-0.6663561003227866,1.4505346710044644,0.09691106515136952,2.443918952535245,0.0010000000000467547,0.0010000000026812819,0.000999999996605875,0.0009999999919526289,0.000999999997554016,0.0009999999876291964,0.00004697032553310283,0.00004700098607094447,1.150892459166655,50.03752117731905,33.346292884645194,0.03450339216142602,0.000424074211055567,0.0004810802707743623,0.006818760064250022,0.002786999999999863,0.0027869999999998807,0.0027869999999998703,0.0010178699999997755,0.0010178699999997508,0.0010178699999997738,-0.520674002895055,9.682478683719312,1.2032958734620673,-0.0017235243954869858,0.02676430509366957,-0.018539830491618416,-16.056188297271728,-20.406375761032105,-6.651187746524811,989.8196411132812,-0.007727764284425454,26.804046741643873
2025-03-01T17:16:29Z,40.187134151930316,-75.94818951921873,27.46494795746328,-34.959609277199895,-14.642768802748098,-0.577137603310662,1.4608332449280437,0.11677496846798019,2.4448678957023167,0.0009999999998039893,0.0010000000026934156,0.0009999999968626511,0.0009999999915445493,0.0009999999976187906,0.000999999987922355,0.00004796877035411488,0.00004800102344453804,1.1454948774950147,52.45934041488024,32.846597663014585,0.027359668375737545,0.0004253181098184352,0.00047375366335780764,0.006829139956878523,0.0027879999999998635,0.002787999999999881,0.0027879999999998696,0.001017879999999775,0.0010178799999997499,0.0010178799999997741,-0.19378174175807913,9.726980613705814,1.311901905927476,0.004976293635026054,0.001535088873042741,-0.012759146771750987,-14.885813121795655,-21.344063386917114,-6.3281252527236935,989.8463134765625,0.03803748836282811,26.780569725705504
2025-03-01T17:16:30Z,40.18272440920269,-75.94783072823402,27.940144117319733,-36.31434139016962,-11.236056272232481,-0.5295869932787017,1.47267290208477,0.13661301319952301,2.4455781110592936,0.0010000000000337497,0.001000000002664182,0.0009999999965083018,0.0009999999914882833,0.0009999999976441154,0.00099999998806855,0.00004896731524921811,0.00004900106315868945,1.1182402193848144,55.07247854552094,32.464619783142034,0.02273446720739171,0.00042708630104272116,0.00047063379431085904,0.006839621346192893,0.0027889999999998636,0.002788999999999881,0.0027889999999998697,0.001017889999999774,0.0010178899999997491,0.001017889999999774,-0.290092855892569,9.71625282668798,1.098262723826526,0.005892590847289154,0.0010158539147373524,-0.012860957597237276,-12.171000480651855,-21.9502508354187,-5.961187718957663,989.7340112304687,0.0031206281634044886,25.79689700832961
2025-03-01T17:16:31Z,40.17936803366414,-75.94758434305334,28.161339797305224,-37.4429567770975,-8.731877142404553,-0.5221551394650443,1.480210978621548,0.13309896941779611,2.4525835005514134,0.0009999999997182007,0.0010000000024650148,0.0009999999965529295,0.0009999999916929312,0.000999999997675585,0.0009999999884779329,0.000049965874906881765,0.000050001106630009934,1.0799061639185792,57.885363284923315,32.30287982036057,0.020656740357552147,0.00042547032652086905,0.0004732730871229436,0.006849014427194878,0.0027899999999998646,0.002789999999999882,0.0027899999999998707,0.0010178999999997736,0.0010178999999997486,0.0010178999999997736,-0.30359399683996746,9.749320841051784,0.8373509132771203,0.0022220613449186345,0.00542409448014642,0.008318191356307915,-13.125000562667847,-21.608250827789306,-5.893875216208398,989.8164404296875,0.01033063176961866,25.959916485939548
2025-03-01T17:16:32Z,40.17688593614112,-75.94743988782939,28.127642997643648,-38.36032062801447,-6.751171621227056,-0.5552552481543299,1.4856638028781144,0.14220539979687227,2.4512103843456536,0.0009999999995034708,0.0010000000027061322,0.0009999999967235476,0.0009999999914556649,0.000999999997678747,0.0009999999886500372,0.000050964360934034114,0.00005100115495109111,1.0383613951262376,60.82494842435467,32.41057323493075,0.020335502406406733,0.000427265555530344,0.0004781812026296915,0.006859197460015919,0.0027909999999998656,0.0027909999999998834,0.0027909999999998717,0.001017909999999773,0.0010179099999997484,0.0010179099999997733,-0.17842779788843427,9.755893857317684,0.8622506477060118,0.0025531968191817717,-0.001264707895601182,-0.007027198996281507,-13.481063089370728,-21.240563335418702,-5.23106271982193,989.9185864257812,0.01573021845798155,25.695563669393476
2025-03-01T17:16:33Z,40.174958401469716,-75.94736065951601,27.912360051065395,-39.32163313754336,-5.350442795738641,-0.5719965209707667,1.4915632769965799,0.140039522699411,2.4494842125275547,0.0009999999996439773,0.001000000002620303,0.0009999999968791206,0.000999999991316775,0.0009999999977023401,0.00099999998853127,0.00005196268331108898,0.00005200120899317098,1.0009335499773506,63.8607291783695,32.84028578185184,0.022802397869906222,0.0004277395921222562,0.0004859922674442111,0.006868889298483377,0.0027919999999998645,0.0027919999999998822,0.00279199999999987,0.001017919999999773,0.0010179199999997479,0.001017919999999773,-0.1402936567297645,9.82322371379394,0.5685310135358945,0.003884414712579931,-0.0023268787111989627,0.002960606501218671,-11.941875438690186,-20.803875770568848,-5.300437698811293,990.0101831054687,0.06067850404844095,24.566273084215727
2025-03-01T17:16:34Z,40.174522919354224,-75.94740323012826,27.31254385657814,-40.40940496587554,-4.668864230926692,-0.7137003123153782,1.4936786809103233,0.14188745482634782,2.4512513894757437,0.0009999999997927856,0.0010000000028185746,0.0009999999968500022,0.0009999999913640053,0.000999999997978668,0.0009999999883261918,0.00005296075940384053,0.000053001269367581764,0.9751965334646526,66.79069024568459,33.57304889337896,0.02707700200038004,0.0004272955733588377,0.0004962252135077799,0.006878870478114211,0.0027929999999998624,0.0027929999999998832,0.0027929999999998685,0.0010179299999997719,0.001017929999999747,0.0010179299999997738,-0.11609477019584837,9.734797135032577,0.4984219666067676,0.0015350885630183708,0.0017896157973915617,-0.0016515890744807002,-12.35887550354004,-23.810250930786133,-5.727937731742859,990.2309692382812,-0.031832520559710385,27.431301997578085
2025-03-01T17:16:35Z,40.173604324768675,-75.94741695283177,26.566968607440405,-41.309696312248285,-3.871410712849637,-1.0160106172507413,1.4981224318453525,0.15511407133467756,2.4479445076653956,0.0010000000001215694,0.001000000003159275,0.0009999999968073722,0.0009999999912210704,0.000999999998054395,0.0009999999882324075,0.00005395852462946526,0.00005400133643162958,0.9662149958000686,69.37399141595864,34.592493898419136,0.032512678299800805,0.000428607166315891,0.0005048848167972329,0.0068894718025396704,0.002793999999999861,0.0027939999999998834,0.002793999999999867,0.0010179399999997725,0.0010179399999997473,0.0010179399999997731,-0.18783956714791944,9.563072291053496,0.47046581684864647,0.004034627061820334,-0.002417006274236508,-0.013602841402619827,-13.854938058853149,-22.495125885009767,-4.725562658160925,990.2788525390625,-0.2036913493118733,26.838744485287602
2025-03-01T17:16:36Z,40.1692533222616,-75.94731493371808,26.192284194518653,-40.358194463900205,-1.9485022543152648,-1.0185973758804445,1.5038328259087774,0.14271836855026257,2.4444827407978527,0.0010000000002321062,0.0010000000032680603,0.0009999999966941722,0.0009999999909472326,0.0009999999979944634,0.0009999999880260487,0.00005495593450250125,0.00005500141027452685,0.9728569185915925,71.4843531612539,35.88979485996084,0.035769921577988646,0.00042639543539573394,0.0005108952259881832,0.006898866184358502,0.002794999999999862,0.002794999999999884,0.002794999999999868,0.0010179499999997716,0.0010179499999997464,0.0010179499999997724,-0.32379570353397524,9.732688714071147,1.1515167686682914,0.0014230971040371462,-0.004655007829360436,0.009669771331721321,-15.235125608444214,-21.532500743865967,-5.229187715351582,990.0522998046876,0.02554795171702352,26.890505861988448
2025-03-01T17:16:37Z,40.162805607856,-75.9472326957655,26.092847045475864,-38.10690843275166,-0.13793052590081534,-1.0197185785437293,1.510036035814853,0.14237184243259207,2.4457611393257603,0.0010000000002061932,0.0010000000030494956,0.0009999999968083773,0.0009999999908641606,0.0009999999980692018,0.0009999999878643922,0.00005595296956566515,0.000056001490467096896,0.9911615747978211,72.91524087424668,37.43117479761102,0.03878116818542878,0.0004252706673223252,0.0005134051150354366,0.006909078522371147,0.0027959999999998602,0.0027959999999998845,0.0027959999999998663,0.0010179599999997724,0.0010179599999997472,0.0010179599999997724,-0.3679792302265601,9.682673572537015,1.1306057017028484,-0.0006742056010101581,0.0009547672380259573,-0.00502152631398575,-15.114938049316406,-23.141813402175902,-4.676437699198723,989.9294091796875,-0.02514454712459323,28.03339247860583
2025-03-01T17:16:38Z,40.15478921388814,-75.94724089854775,26.15911267491001,-34.850945603751796,1.15474285568564,-1.088675099212944,1.5263269844280483,0.13976671120637021,2.442757633575266,0.0010000000000509896,0.001000000002707299,0.0009999999966526848,0.0009999999908254843,0.0009999999981885749,0.0009999999880470239,0.00005694966079133274,0.00005700157592510891,1.020463116589005,73.55359986217583,39.15875135925224,0.04222969486546182,0.00042602281258368715,0.0005091845428314521,0.0069193625444032925,0.0027969999999998586,0.0027969999999998855,0.0027969999999998677,0.0010179699999997714,0.0010179699999997463,0.0010179699999997712,-0.35560847333766005,9.5975530868875,0.8617106330587887,0.00910180045771765,-0.003308267809916831,-0.0061623078549614945,-13.604438076019287,-21.66431329727173,-4.770375176966191,989.8372436523438,-0.13793352597193284,26.022625442061454
2025-03-01T17:16:39Z,40.14748925842081,-75.94735337114206,26.142781604419113,-31.925520417480815,2.299368846078988,-0.9813562125895707,1.5362724013062588,0.14598143025978474,2.425519908054038,0.0010000000003026971,0.0010000000025844264,0.00099999999658288,0.0009999999905880364,0.0009999999977042347,0.0009999999878789149,0.00005794607963609195,0.00005800166500727449,1.0618513335045725,73.42212402777585,41.05677174083274,0.049034220729200106,0.00043143762997519246,0.0004960064199817571,0.006930243147437068,0.002797999999999857,0.0027979999999998865,0.002797999999999869,0.0010179799999997714,0.0010179799999997464,0.0010179799999997714,0.09395518325512477,9.851247794466492,0.8395188289504444,0.006116574606292637,-0.016974113131846914,-0.016098541184540925,-13.983563079833985,-20.785313262939454,-4.456125204563141,989.9107861328125,0.10665116952200518,25.44452287468083
2025-03-01T17:16:40Z,40.13805821603761,-75.9476604238428,26.448854469868827,-27.44432695259675,3.348314725799785,-1.1191112125581637,1.5307072909237478,0.14462542513587898,2.3777778878001965,0.0010000000001052873,0.0010000000023615775,0.0009999999965570473,0.0009999999905802807,0.0009999999976654042,0.0009999999878352098,0.00005894231285639793,0.000059001755102627954,1.1164799726920462,72.3964837304153,42.843969488599676,0.058251735192668054,0.00044154477536239634,0.00047198679372532036,0.006941020140509018,0.0027989999999998554,0.002798999999999885,0.0027989999999998684,0.001017989999999772,0.001017989999999747,0.0010179899999997722,0.5022772899098477,9.581156306404907,1.2950861159797546,-0.006129762287916291,-0.047420715985523956,-0.013953337373354566,-14.511188020706177,-21.05831323623657,-3.766125148944557,989.7512451171875,-0.09949953062768828,25.849723410255365
2025-03-01T17:16:41Z,40.32291601661639,-75.92736019234722,30.95087766593738,-17.62338429811355,14.050601230772735,-0.5826796507958732,1.574761322319247,0.13488932138747572,2.30296354122889,0.0009999999999593568,0.0010000000022099137,0.0009999999965810656,0.0009999999907420877,0.0009999999976151213,0.0009999999874888434,3.077493877444983e-10,3.0774928901766516e-10,0.5446729835077967,0.003298711611303181,0.003298632826830888,0.024100249505120366,0.00016873908265847249,0.00016450143237631138,0.006800946447035904,0.0027999999999998564,0.002799999999999886,0.0027999999999998694,0.0010179999999997721,0.0010179999999997472,0.0010179999999997723,0.4552315142751239,9.860300675071898,0.803387213448401,0.01726485678680644,-0.04845401241971168,-0.012524982247366388,-13.12087553024292,-21.728063220977784,-2.916000114865601,989.704462890625,0.12146856409929603,25.54929658795481
2025-03-01T17:16:42Z,40.32290943079253,-75.92718217633869,30.23491902573433,-18.232587105972524,16.166068479644828,-0.8390864147463952,1.5631429978019726,0.14206558205815953,2.2455205673954355,0.00100000000016105,0.0010000000023779462,0.0009999999963810065,0.0009999999907959454,0.0009999999978946314,0.0009999999877905311,1.000307749521531e-6,1.0003077495936748e-6,0.6208998282088435,0.04969202962456092,0.019813285276258953,0.03001045686746995,0.00017888835503259668,0.00017215854836897805,0.006809644677400135,0.0028009999999998583,0.002800999999999886,0.00280099999999987,0.0010180099999997714,0.0010180099999997465,0.0010180099999997714,0.6740152668605655,9.732643643059111,0.9296086113089737,-0.0037183485590474644,-0.0570163003388071,-0.0072206397348234825,-13.04568802833557,-21.209813270568848,-1.2699375513195992,989.9130322265624,0.01792017212964561,24.93303737641856
2025-03-01T17:16:43Z,40.32290851930274,-75.92698058512151,29.37522554593018,-18.735465449005996,18.06241567611394,-1.0382669764299088,1.556534338008233,0.14040047064676098,2.1961394329003006,0.0010000000002042511,0.0010000000027058807,0.000999999996267624,0.0009999999906995644,0.000999999997678925,0.0009999999874431029,2.0003077502907907e-6,2.000307752238387e-6,0.7154013342780973,0.1750741222732704,0.06618656413506514,0.03527415800522528,0.0001886609833750043,0.00017779417683268266,0.006813896360101663,0.0028019999999998576,0.0028019999999998857,0.0028019999999998693,0.0010180199999997724,0.0010180199999997473,0.0010180199999997722,0.4576374168282627,9.744456726822273,0.8612399109345027,0.00027931111973678664,-0.04854230381374506,0.0006473321725003476,-13.648500604629517,-21.471563148498536,-0.15581250011920927,989.9494580078125,0.010692906834372361,25.442705725968285
2025-03-01T17:16:44Z,40.322909752772105,-75.92675780058599,28.801359068541505,-19.218353281073583,19.898927585990112,-1.1268578030790013,1.5537159046596338,0.14112095834523708,2.1405290347884947,0.0010000000005750223,0.0010000000025704194,0.0009999999960718696,0.0009999999907983432,0.0009999999976115761,0.0009999999876657852,3.0003077513964616e-6,3.0003077621593255e-6,0.8216125024802441,0.38101050989425034,0.14228347783517037,0.040217960812888455,0.00019869813179525353,0.00018102483072642255,0.006816434130618342,0.002802999999999857,0.0028029999999998863,0.0028029999999998685,0.0010180299999997735,0.0010180299999997466,0.0010180299999997717,0.5173651505501761,9.786960688270405,0.7828887018965007,0.004660680302716419,-0.05162032801371479,-0.005123337347658461,-13.932000589370727,-20.644500885009766,-0.010125009417533885,989.7455883789063,0.04917952849206048,24.905694506372676
2025-03-01T17:16:45Z,40.322907825198456,-75.92651414025586,28.38546416330201,-19.299340291342805,21.909646389709707,-1.2570493135967722,1.5444913511090292,0.136838515660859,2.0743772964102045,0.001000000000389133,0.001000000002872771,0.0009999999960042735,0.0009999999908024105,0.0009999999975306042,0.0009999999880709247,4.000307743193407e-6,4.000307787298483e-6,0.9311167639536435,0.6934832126365091,0.23884580884492906,0.04491068141330409,0.0002084953485997955,0.0001817968213001122,0.006814272053847676,0.0028039999999998574,0.0028039999999998873,0.0028039999999998695,0.0010180399999997732,0.0010180399999997454,0.001018039999999772,0.6343924780101186,9.696404079747365,1.1452797275859998,-0.0006319790984871437,-0.05984830965841524,-0.002627303672391533,-13.057313032150269,-21.722063274383544,0.6952500265464187,989.690263671875,0.001491323804051885,25.353939388228397
2025-03-01T17:16:46Z,40.32289999671782,-75.92624981649665,28.019868372290457,-19.40486761388265,23.799700342927864,-1.227413180644049,1.5377070809970226,0.13366600957014763,2.0115973456982137,0.0010000000004305842,0.0010000000028444207,0.0009999999957790448,0.0009999999908564667,0.000999999997390766,0.0009999999882942749,5.0003076918951066e-6,5.000307837215256e-6,1.0351568069165442,1.0935370930231982,0.35697774768756,0.04857541098523923,0.00021831414277148772,0.00018037630968148013,0.006809506896307305,0.002804999999999858,0.0028049999999998874,0.0028049999999998692,0.0010180499999997742,0.0010180499999997462,0.0010180499999997714,0.6989006262355628,9.836053410209326,1.0120812258810026,0.0009853104764292926,-0.055529862392475024,-0.004756818287563117,-13.440000553131103,-22.13193838119507,3.7216876575350764,989.7372290039062,0.12952708894683818,26.15921638031516
2025-03-01T17:16:47Z,40.32286794693048,-75.92597017940913,28.032886709130086,-19.30796135963544,25.347686938113434,-1.1440414165426682,1.5291578341731547,0.13058950324542762,1.9521833300388762,0.001000000000089067,0.0010000000031158756,0.0009999999959250006,0.0009999999908701322,0.0009999999973272268,0.0009999999885715173,6.000307524337876e-6,6.0003079225159e-6,1.1251513684087662,1.5528205462391889,0.4862082355726804,0.050195321649043396,0.0002281624696445921,0.00017740200377233632,0.006803093224586976,0.002805999999999858,0.0028059999999998876,0.0028059999999998702,0.001018059999999773,0.0010180599999997464,0.0010180599999997722,0.5525396413873301,9.803311641054487,0.9856804152226065,-0.0016734532936451604,-0.049723976842770475,-0.007133683170623957,-13.206750574111938,-21.893063297271727,2.9677501201629637,989.63685546875,0.08491019508928592,25.739646386121084
2025-03-01T17:16:48Z,40.32280749925173,-75.92567897110523,28.233929621495683,-19.138778129975922,26.62482440157122,-1.1657301560023428,1.5249046665429289,0.12118962277735605,1.889845298913208,0.0009999999998629304,0.0010000000031848858,0.0009999999959117007,0.000999999990865329,0.0009999999970966506,0.0009999999884201258,7.0003071176631565e-6,7.000308052677648e-6,1.19508164060411,2.0613546646592,0.6187125496251914,0.050158220407478804,0.0002374442920855567,0.00017379947710263087,0.006794302974926705,0.0028069999999998574,0.0028069999999998855,0.0028069999999998695,0.0010180699999997739,0.0010180699999997461,0.0010180699999997713,0.5119270296176525,9.65713833767939,0.8968576627829723,0.0025633777243114267,-0.05201739062737996,-0.0019468399281415746,-11.697937936782838,-21.257063255310058,4.542750159502029,989.5899047851562,-0.07126654670761734,24.684783792590913
2025-03-01T17:16:49Z,40.32275968650728,-75.9253704642284,28.021134910823136,-18.75819445499294,28.012046071378194,-1.1762545241624145,1.5237329024179418,0.11826828558616719,1.829519376927491,0.0009999999995660065,0.0010000000031793717,0.0009999999960061089,0.0009999999910277762,0.000999999997457269,0.0009999999886644963,8.000306292261112e-6,8.000308236151272e-6,1.2436746121619544,2.6467925746640937,0.7488920238506476,0.04934277929630887,0.0002466115397626677,0.00017038456068411387,0.0067864007522142,0.0028079999999998575,0.002807999999999887,0.002807999999999869,0.0010180799999997738,0.001018079999999746,0.0010180799999997712,0.506916481657246,9.71956286334673,1.1162088939116552,0.005373356272443157,-0.053116946623337796,-0.005673115600175577,-11.027062883377075,-22.54650089263916,5.032500205636024,989.7985229492188,0.012944218051352954,25.5981301102614
2025-03-01T17:16:50Z,40.322684956778794,-75.92505017011744,27.89119898794922,-18.27972780572515,29.35408175475156,-1.1661929601795844,1.5164076664067188,0.11683753013198783,1.767275987382457,0.0009999999993977244,0.0010000000032062816,0.0009999999956509457,0.0009999999911938513,0.0009999999974087776,0.000999999988783204,9.000304811419537e-6,9.000308480696837e-6,1.2738638486697627,3.320824509391936,0.8759826454733552,0.04849476821114074,0.0002554465027796122,0.00016774393686533372,0.006779716855237924,0.0028089999999998568,0.0028089999999998862,0.0028089999999998685,0.0010180899999997742,0.0010180899999997464,0.0010180899999997716,0.5761409838663204,9.730688171133396,1.1490847024547148,-0.0006820500691121284,-0.054721050749810804,-0.007734533827164745,-11.253187894821167,-22.88962594985962,5.923687757253647,989.795205078125,0.031439651821126735,26.185045716587624
2025-03-01T17:16:51Z,40.3225867726398,-75.92471835145595,27.782927158969244,-17.51587512094521,30.523278354327253,-1.135854091908985,1.5121864411386872,0.1126713819058764,1.7041069902586792,0.0009999999994562108,0.0010000000030769571,0.0009999999953388037,0.0009999999915866254,0.000999999997254063,0.0009999999883026156,0.00001000030237306689,0.000010000308792202196,1.2894681903050162,4.049453404150191,0.9975374747353479,0.04728555327790816,0.00026356920544010325,0.00016620291184798176,0.006773844094168622,0.002809999999999857,0.0028099999999998864,0.002809999999999869,0.001018099999999775,0.0010180999999997464,0.0010180999999997715,0.4603362042549812,9.720121120449676,1.3789408172611177,0.0024717483388544334,-0.056150908244666,-0.005164061466811894,-11.475375413894653,-22.197563266754152,6.82368777513504,989.8145166015624,0.04431061312456406,25.903206907561145
2025-03-01T17:16:52Z,40.322441154186194,-75.92438072180438,27.811276155179396,-16.91576996905061,31.3236748400533,-1.1098768414747748,1.5042503332805313,0.10149782372305263,1.6499111486341083,0.0009999999995003012,0.0010000000030478485,0.0009999999950568903,0.0009999999913539784,0.0009999999969861279,0.0009999999883844811,0.000011000298603491415,0.00001100030917747624,1.2933116379168306,4.789298595670373,1.115262296709488,0.04520337716447982,0.0002711939651076141,0.00016543742550357513,0.006768691890474311,0.002810999999999857,0.0028109999999998865,0.0028109999999998683,0.0010181099999997745,0.001018109999999745,0.001018109999999771,0.32971946890193565,9.685459853997829,1.1648537927756255,-0.002514644406339916,-0.04738065950914704,0.0016387354150614124,-10.130812873840332,-20.124000854492188,7.270500249862671,989.7740063476563,-0.023188396562526345,23.674174506016968
2025-03-01T17:16:53Z,40.322202967240194,-75.92404436957364,28.182986296299532,-16.618177624280886,32.02552566256353,-0.9528051493222676,1.5008193115195871,0.09953116549396523,1.5904166422625652,0.000999999999346379,0.0010000000026789868,0.0009999999953159602,0.0009999999910502045,0.000999999996882758,0.0009999999882428327,0.000012000293054836086,0.00001200030964591768,1.2892353643259689,5.636851162657441,1.2290652019653334,0.0435041655135609,0.00027875047417239414,0.0001659727241934432,0.006767009282910704,0.002811999999999856,0.0028119999999998853,0.0028119999999998676,0.001018119999999774,0.0010181199999997456,0.0010181199999997705,0.5108646484494239,9.810250797904464,0.8615328018069028,0.0023495748334702504,-0.05098910157484672,-0.009368847311577997,-9.888375434875488,-21.54750078201294,8.984625339508057,989.6369775390625,0.07715127508079017,25.353415246458123
2025-03-01T17:16:54Z,40.321850616798876,-75.92371161629096,28.887529629415766,-16.59066081678089,32.52673138066559,-0.9012605018352602,1.4954546283077346,0.09209406426262584,1.5331591328396035,0.0009999999994055547,0.0010000000029638566,0.000999999995515829,0.0009999999913715533,0.0009999999972333756,0.0009999999884491469,0.000013000285222513584,0.00001300031020798131,1.2807168639330835,6.554921433424049,1.333228377103774,0.0416904915128659,0.000285746741154888,0.0001673784521724482,0.006766395264839105,0.0028129999999998564,0.002812999999999886,0.002812999999999868,0.0010181299999997744,0.001018129999999746,0.001018129999999771,0.5539753322583019,9.69128768348426,0.5713232908298846,0.00005883219437031366,-0.04838274454361016,-0.0050418886850052596,-7.33950029373169,-21.447188320159913,8.842312822341919,989.4659252929688,-0.06025251449171426,24.331752200943946
2025-03-01T17:16:55Z,40.32152713949961,-75.92336567159893,29.34118468935603,-16.36451448645783,33.23652302812914,-0.8032283379159819,1.4897131029942992,0.07828966019046785,1.4673111352740604,0.000999999998921271,0.0010000000033876214,0.0009999999958223396,0.000999999991160541,0.0009999999975013219,0.0009999999889301826,0.000014000274525293243,0.000014000310872551534,1.269818736741393,7.57485598119525,1.4347310386955003,0.04060142705419778,0.0002910305148433736,0.00017053237265790845,0.006766129673648303,0.0028139999999998557,0.002813999999999885,0.0028139999999998674,0.0010181399999997735,0.001018139999999745,0.00101813999999977,0.7077854488002981,9.769797010324984,0.8195812610692498,-0.0001112419634607401,-0.059778210069419885,0.002069345342748206,-8.516062850952148,-23.451938400268556,9.267562861442565,989.5274658203125,0.045385032478378697,26.61581761500169
2025-03-01T17:16:56Z,40.32118797142562,-75.92301019821785,29.73318410294356,-16.46527191707539,33.97685508653857,-0.7794050036153413,1.492128972417673,0.07359483213896637,1.4076231825363263,0.000999999999007062,0.0010000000036401726,0.0009999999960734203,0.0009999999911189693,0.0009999999975633634,0.0009999999889277814,0.000015000260341649298,0.000015000311649178497,1.2580142681754776,8.670259168031754,1.5303130836270575,0.0393364137919654,0.0002964751185130565,0.0001743181240803358,0.006768707535679001,0.002814999999999855,0.0028149999999998836,0.002814999999999867,0.0010181499999997738,0.001018149999999746,0.0010181499999997704,0.7514230775434135,9.733361410137604,0.46456352544993695,0.006941241982297543,-0.05404342561083647,-0.006009091178449369,-7.99200035572052,-22.209000930786132,11.794312992095946,989.5218310546875,-0.010963703202400317,26.38588484714199
2025-03-01T17:16:57Z,40.320721456911976,-75.9226563136103,30.325737123443293,-16.274809111794763,34.41687058301373,-0.7350695142069866,1.492060937256965,0.06569796369137622,1.3463077181988354,0.000999999998980989,0.001000000004075542,0.0009999999958996645,0.0009999999911725643,0.0009999999973213799,0.0009999999890740702,0.00001600024197071782,0.00001600031254830805,1.2455022084089213,9.793795605481659,1.6217571533075352,0.03816342004280478,0.00030103706979829,0.00017920088767471278,0.006772305583803279,0.002815999999999854,0.0028159999999998837,0.0028159999999998664,0.0010181599999997746,0.001018159999999746,0.0010181599999997712,0.7000578136046072,9.698561509926078,0.7273202964912853,0.004084698262428895,-0.05563234103636545,-0.0037388773340371407,-7.158000288009643,-22.193250789642335,11.018062915802002,989.3830615234375,-0.03342992828165753,25.79093693616674
2025-03-01T17:16:58Z,40.320168568879396,-75.92230239407421,31.054702833407305,-15.918706394459768,34.57796081047278,-0.5614598867932421,1.485778825118548,0.057133536005983525,1.2895714638038918,0.0009999999986699379,0.0010000000038721184,0.0009999999962368293,0.0009999999911431876,0.0009999999975906105,0.0009999999889442007,0.000017000218588701372,0.00001700031357956817,1.2321038474770463,10.919967044582924,1.7148195037808747,0.036782087844115914,0.00030535703485396067,0.00018458103725616976,0.006777022211638677,0.002816999999999855,0.002816999999999885,0.0028169999999998674,0.0010181699999997737,0.0010181699999997468,0.0010181699999997718,0.6035466334413992,9.79166648292134,0.9617123137666559,-0.0029954914817943126,-0.051487973547558914,-0.0030463969997340246,-7.661625294685364,-21.045000762939452,12.081187896728515,989.2797924804687,0.07287081200901956,25.44690677219787
2025-03-01T17:16:59Z,40.31963976408485,-75.92193943481654,31.74376636356044,-15.584742855512335,34.98474715321614,-0.4197601260288373,1.4777552750528171,0.05065653534443317,1.227036735305804,0.0009999999986123938,0.0010000000039993033,0.0009999999960350965,0.0009999999912313777,0.0009999999976244565,0.0009999999888420073,0.00001800018928868406,0.000018000314755316988,1.2188416407694747,12.170687829546408,1.8081228376758613,0.03616786048537385,0.00030820590522672917,0.00019165368450666594,0.006782800111022909,0.0028179999999998536,0.0028179999999998835,0.0028179999999998684,0.001018179999999774,0.0010181799999997466,0.0010181799999997715,0.8210542188747116,9.793580793376865,0.9411340377185252,-0.0048679757519689065,-0.05829611189537356,-0.00507076284918559,-6.246187732219696,-21.857813320159913,12.150188040733337,989.2686303710938,0.08844332608404723,25.776021884704498
2025-03-01T17:17:00Z,40.31913957034987,-75.92156749523821,32.384307058891515,-14.982005948481051,35.15626750255453,-0.3128943360779225,1.4688957061777868,0.04787835437348518,1.1681757249687716,0.0009999999985402476,0.0010000000043821923,0.0009999999961760242,0.0009999999909788195,0.0009999999977083336,0.0009999999891126552,0.00001900015305653123,0.000019000316087486156,1.2061792076928763,13.355674537938649,1.9081615419240014,0.03530723191407956,0.0003107391830728442,0.00019920460052549936,0.00678970168359539,0.002818999999999853,0.0028189999999998824,0.0028189999999998694,0.0010181899999997745,0.0010181899999997458,0.001018189999999771,0.6662052572853998,9.730021333909335,1.3511016963232323,-0.006151626466697164,-0.055214249238479805,-0.008086031436239548,-4.951687698364258,-21.150563297271727,12.791625499725342,989.2557690429687,0.06147295011378694,25.208900216035577
2025-03-01T17:17:01Z,40.3186356449158,-75.92119036001567,32.955994068391284,-14.797027589141097,35.33825959035452,-0.3702629592860982,1.4764337432059038,0.03810785541527276,1.1113725377202923,0.000999999998582057,0.0010000000042108552,0.0009999999961749796,0.0009999999912224395,0.000999999997678898,0.0009999999889458626,0.000020000108724870434,0.000020000317592158435,1.1931598460237356,14.570236005667867,2.0026511277517636,0.03388235452785734,0.00031259131646916227,0.00020724892755047178,0.00679635710191743,0.002819999999999853,0.0028199999999998825,0.0028199999999998712,0.001018199999999774,0.0010181999999997454,0.00101819999999977,0.5606752359720264,9.606342402135917,0.9564082152335339,0.009853030691989458,-0.05444048716519584,-0.0005520323051968288,-4.058062653541565,-21.337313213348388,13.030125560760498,989.220732421875,-0.11439004867780016,25.32845032640775
2025-03-01T17:17:02Z,40.31833088212726,-75.92079545989107,33.13491128687217,-14.409955711027424,35.61339932225624,-0.37095405890562283,1.4755538496990865,0.03403879738903968,1.0599461427118086,0.000999999998449304,0.0010000000038187665,0.0009999999964609028,0.000999999991483533,0.0009999999975232614,0.0009999999888031567,0.00002100005495396001,0.000021000319290887545,1.1793427386419328,15.772859327279818,2.111043932343036,0.03251848399132661,0.00031462034782335025,0.00021526366539618652,0.006803991465283666,0.002820999999999852,0.0028209999999998818,0.0028209999999998696,0.001018209999999774,0.0010182099999997453,0.0010182099999997702,0.5384049855650338,9.693736668316742,1.0985216183707993,0.0009302326027428348,-0.04991424631032681,-0.0036888063779730203,-4.243875190019607,-23.741063537597658,13.366688060760499,989.3426879882812,-0.013897303583046784,27.57379392353001
2025-03-01T17:17:03Z,40.31794633818163,-75.92039927945693,33.41221125505485,-13.922487151365177,35.86241122435609,-0.27126314666908025,1.4780014081398147,0.03322811893911369,1.0000644047305243,0.0009999999987196496,0.0010000000037621247,0.0009999999961044462,0.0009999999914254206,0.000999999997381219,0.0009999999886048854,0.000021999990233166604,0.000022000321205954117,1.1657443301734634,17.04313052850598,2.2400020479881415,0.031920875518570334,0.00031476178512060676,0.00022520777611762956,0.006812414543678133,0.002821999999999854,0.002821999999999882,0.00282199999999987,0.001018219999999773,0.0010182199999997444,0.0010182199999997693,0.6681528517613172,9.7834909985822,1.1830085277990128,0.0044468778471624506,-0.058024226677649574,-0.008014763746661263,-1.3333125545084477,-23.66493839263916,13.477688035964967,989.2865771484375,0.0928268261736486,27.266322171705752
2025-03-01T17:17:04Z,40.317717720770574,-75.91998954949162,33.49403368588037,-13.43174387632366,36.248293073695024,-0.3078164254312358,1.4753004769742597,0.030687017655059674,0.9445133346569635,0.000999999998829585,0.0010000000034537198,0.0009999999960928591,0.0009999999913014826,0.0009999999975311442,0.0009999999887876985,0.000022999913027473177,0.000023000323362865232,1.1534172239222693,18.325634554461104,2.38014551343656,0.0313383765335015,0.0003149179853097383,0.00023492001920986068,0.0068208403356346935,0.0028229999999998556,0.0028229999999998807,0.002822999999999869,0.0010182299999997725,0.001018229999999744,0.001018229999999769,0.6390212140491852,9.682870909640194,1.093579069711133,-0.0009023621432525943,-0.05460088125325041,-0.00471025253253149,-1.704375075250864,-23.135438404083253,14.545500593185425,989.3687719726563,-0.019238430977012992,27.381055473406395
2025-03-01T17:17:05Z,40.31767518542167,-75.91956518118172,33.324695471956204,-13.04026393903201,36.79615751887609,-0.33535300789635486,1.4773002870521443,0.034162066663376074,0.8941423502545907,0.0009999999986846665,0.0010000000035561964,0.0009999999963225278,0.0009999999909644007,0.0009999999975032461,0.00099999998847601,0.000023999821762402095,0.000024000325792096782,1.1419181399188236,19.64064540700742,2.5302379894103124,0.03035041441857108,0.00031559961152417284,0.00024400549135336516,0.006830044998904303,0.002823999999999855,0.0028239999999998787,0.00282399999999987,0.0010182399999997724,0.0010182399999997442,0.001018239999999769,0.5154110083455127,9.735235888795577,0.9030083911929856,0.003673115677206425,-0.04949248219539013,-0.009043052931745428,-0.9630000298470258,-22.38937572479248,14.080875606536866,989.4797387695312,0.0059383281445399795,26.466580291546425
2025-03-01T17:17:06Z,40.31725509153336,-75.9191479425989,33.488881059560924,-13.05729893727273,37.101665325417656,-0.33147881935199075,1.4777990308479774,0.02696918767448355,0.8465228761033584,0.0009999999988577217,0.0010000000033699979,0.000999999996233424,0.0009999999911592895,0.0009999999976938415,0.0009999999884519146,0.000024999714859027315,0.000025000328525669452,1.130516581924468,21.00359217323477,2.690849806441081,0.029145929982935782,0.0003164375631282095,0.00025261779418851043,0.006838568990133041,0.0028249999999998537,0.002824999999999877,0.0028249999999998697,0.0010182499999997722,0.0010182499999997433,0.0010182499999997685,0.4510839587720847,9.737509003317774,0.7071159772388159,0.002033961263828513,-0.046937031144107785,-0.00011424613637419485,-0.1575000107288361,-19.704563312530517,14.939625635147095,989.3113354492187,-0.011136505685575976,24.728212898142964
2025-03-01T17:17:07Z,40.31641593546853,-75.91873854359501,34.02398534118421,-13.03543562062373,37.01456739249017,-0.23788302197836636,1.4802140066071807,0.011084163728827678,0.7885954774709674,0.0009999999986175217,0.00100000000315812,0.0009999999962868327,0.000999999991340601,0.0009999999978336327,0.0009999999882307428,0.00002599959066355141,0.000026000331597873605,1.1197076206273895,22.336879598997314,2.8956304627612504,0.028767625474073272,0.00031497802142642784,0.0002633289890790499,0.006846664945450586,0.0028259999999998547,0.002825999999999879,0.002825999999999871,0.001018259999999771,0.0010182599999997428,0.0010182599999997675,0.6731875890333209,9.756460015715685,0.9958263753193125,0.003634060280757097,-0.05737480779969224,0.005704491532226469,3.0455626392364503,-19.142625713348387,15.082125568389893,989.1056591796874,0.045536350106834385,24.559795953600005
2025-03-01T17:17:08Z,40.315870623913945,-75.91831749802867,34.30303896883243,-13.207691319067104,37.038417457794836,-0.2480229291585628,1.476908252144927,6.280066006196756,0.747913804820025,0.0009999999988138488,0.0010000000028768516,0.000999999995992211,0.0009999999913868787,0.0009999999978342609,0.0009999999883481012,0.000026999447233236224,0.00002700033504678804,1.1085914216489265,23.619834864122847,3.100013416349834,0.027126938651449477,0.00031677005283436776,0.00027081312560745744,0.006855032781716288,0.002826999999999855,0.002826999999999879,0.0028269999999998713,0.00101826999999977,0.0010182699999997423,0.0010182699999997673,0.4634867584666403,9.698426237738948,0.7795786248954513,-0.0030565772720864345,-0.04076729713348022,0.00729757994179736,1.9070625722408294,-20.396250762939452,15.508125648498535,989.1996020507812,-0.043953412792391476,25.69325345286584
2025-03-01T17:17:09Z,40.31584782007461,-75.91788284185382,34.17096613691869,-12.99044439715033,37.13541880769047,-0.2087123667623844,1.4700834641568823,6.2660912958203046,0.7130011639390695,0.000999999998342593,0.0010000000026914092,0.0009999999959823635,0.0009999999914771264,0.00099999999748172,0.0009999999886722802,0.000027999281711761368,0.000028000338913871183,1.0949197548572824,24.809657394656927,3.3388470762062123,0.02528766124539082,0.0003196123519730887,0.0002774797359647777,0.006863439962385238,0.002827999999999856,0.00282799999999988,0.0028279999999998697,0.0010182799999997705,0.0010182799999997418,0.0010182799999997668,0.44963518604657093,9.771640619118736,1.033876174740226,-0.007131179513361724,-0.03597451219918644,0.00997053053597124,-0.3823125005513429,-22.516125812530518,16.041000633239747,989.401689453125,0.0517590233827995,27.648380881237223
2025-03-01T17:17:10Z,40.31565777737061,-75.917450972162,34.07967938985566,-13.460307191703903,36.741679941184884,-0.37283192458243286,1.465211361221368,6.264291812277675,0.7065327551195494,0.0009999999984995945,0.0010000000024375547,0.0009999999959251196,0.0009999999916320897,0.0009999999974528973,0.000999999988729632,0.00002899908923770076,0.000029000343239405777,1.0754391783318558,25.799116373565138,3.5625486579163894,0.02167565930501011,0.00032829305446740905,0.0002787423519039801,0.0068729598624507945,0.002828999999999856,0.0028289999999998802,0.002828999999999868,0.0010182899999997713,0.0010182899999997426,0.0010182899999997678,-0.18764016850747825,9.568057289756627,1.000515924569822,-0.00490953490589618,-0.006273799232385925,-0.00004297835147344718,1.3473750525340438,-22.51743835449219,14.73693814277649,989.3647216796875,-0.16260302484494973,26.944851952938663
2025-03-01T17:17:11Z,40.315371567868986,-75.91702048182914,33.859607780330315,-14.425090155311409,36.6326215306506,-0.5384116248941176,1.4656282763589286,6.2609569374765295,0.7110109297926723,0.000999999998386245,0.0010000000019991186,0.0009999999958969332,0.0009999999915319938,0.000999999997012835,0.0009999999888254342,0.000029998862602320268,0.000030000348056457503,1.0481022656031667,26.986871469742432,3.796963307938483,0.018455238944850176,0.0003392742330606353,0.0002788255717397774,0.006882461667057998,0.002829999999999857,0.002829999999999882,0.002829999999999869,0.0010182999999997712,0.0010182999999997426,0.0010182999999997677,-0.3078795035267767,9.62141717974101,0.4941946458276753,0.0006097787452462096,0.00449277573168308,0.0024498838953145308,2.180062592327595,-21.747938232421873,15.359250574111938,989.3711376953125,-0.1456308872896883,26.713841794142322
2025-03-01T17:17:12Z,40.31416135944864,-75.91658882859609,34.01431116694839,-15.626718765405359,36.21473438277435,-0.5517710461771741,1.463628329094727,6.256337132376294,0.7080113284490368,0.0009999999986307299,0.0010000000017443228,0.0009999999960946405,0.0009999999914689366,0.0009999999971634051,0.0009999999884366464,0.000030998593260120924,0.000031000353398762925,1.0163614095987556,28.28407775518418,4.092191932792477,0.016582592377307036,0.0003488033559625577,0.0002817925102352098,0.00689213960744103,0.0028309999999998553,0.002830999999999883,0.0028309999999998705,0.0010183099999997699,0.0010183099999997423,0.0010183099999997672,-0.08427807556126789,9.710761052489236,0.6380013247922054,-0.001916297185924724,-0.002292997338091997,0.0004660756899380093,1.0801875376328827,-21.119813251495362,14.289188051223755,989.1237939453125,-0.05254245238300867,25.52237466560789
2025-03-01T17:17:13Z,40.31230434957056,-75.91615193227317,34.37840041677892,-16.958704009552875,35.328043286720565,-0.5527936573506516,1.4641133369975776,6.252447902578481,0.705047689653094,0.0009999999984046308,0.0010000000018286096,0.0009999999960088046,0.0009999999914094711,0.0009999999967694104,0.0009999999888884237,0.00003199827027813134,0.0000320003593021454,0.9831863630013873,29.526875226813466,4.431871748986746,0.015057537020836897,0.00035835205471542716,0.00028621826710916316,0.006901996503634748,0.0028319999999998568,0.0028319999999998824,0.002831999999999869,0.0010183199999997702,0.0010183199999997416,0.0010183199999997665,-0.22345274276025262,9.682713420230392,0.911981481279737,0.00039480804286602536,-0.0019162970479772354,-0.0010712675237257746,1.3509375447034835,-22.082625942230223,13.632938003540039,988.9583715820313,-0.05636925138026003,25.98695342933647
2025-03-01T17:17:14Z,40.31061982947018,-75.91571518842045,34.533074436475296,-18.123623981226086,34.78727949839471,-0.593544734805806,1.4615887020685077,6.253839422530785,0.702059540988112,0.0009999999979507675,0.0010000000019964232,0.000999999996264646,0.0009999999913980068,0.0009999999967863812,0.0009999999887018883,0.00003299788018983032,0.00003300036579856157,0.9503619224729976,30.97423627669988,4.811940287352529,0.014313364357391336,0.00036772925255891374,0.000292171833195025,0.006912206778818878,0.0028329999999998573,0.0028329999999998816,0.0028329999999998695,0.0010183299999997712,0.0010183299999997418,0.0010183299999997667,-0.13350745637717162,9.683694618473412,0.7148070075380848,-0.0028350979929657894,-0.0017760984996914285,-0.005000663423684945,1.4244375555217266,-22.176938285827635,14.060438079833984,989.0201293945313,-0.07348463946794437,26.29712628151833
2025-03-01T17:17:15Z,40.30918380203844,-75.91528159756766,34.49872607257887,-19.02623521349146,34.11644865193719,-0.5627039532128363,1.462928230554943,6.252160902349101,0.6984709028927508,0.0009999999977247293,0.0010000000019342904,0.0009999999959098935,0.0009999999917265445,0.0009999999969782997,0.0009999999886231975,0.00003399740704153032,0.000034000372917908406,0.9194687571496709,32.430354286062496,5.244641916719012,0.013850262543625822,0.0003769328882183385,0.00029966036493057983,0.006922129800231821,0.0028339999999998566,0.00283399999999988,0.0028339999999998683,0.0010183399999997714,0.001018339999999741,0.0010183399999997662,-0.2724657298579188,9.752862889605751,0.9560094144630036,0.0008631376470311649,-0.003056577895018486,-0.0008371029120889231,2.801437611579895,-22.52718828201294,14.183438091278076,989.1093579101563,0.019026988367148688,26.767320567109095
2025-03-01T17:17:16Z,40.307618190334765,-75.91484763289698,34.44642561986386,-19.836200802539807,33.18394465070781,-0.5677533043649898,1.4614305842514277,6.2337234901416965,0.700368399228991,0.0009999999975430674,0.001000000002161842,0.000999999996123314,0.0009999999918247945,0.0009999999972838218,0.0009999999886657778,0.00003499683011818623,0.00003500038067997933,0.8908434322168476,33.86872514770489,5.725804504443282,0.013719019610901105,0.00038766058971193907,0.0003072134440541415,0.006930779345213915,0.0028349999999998585,0.002834999999999882,0.002834999999999867,0.001018349999999772,0.0010183499999997408,0.0010183499999997657,-0.3725151340418384,9.707858224210213,1.1675212035933342,-0.001963864276752102,0.0004670771504357836,0.016930383618358587,3.0369376242160797,-21.955688285827637,14.616750574111938,989.1216821289063,0.0006478706872798954,26.550365862396824
2025-03-01T17:17:17Z,40.305323517921856,-75.91439667724913,34.50020328621266,-20.86684824134788,32.471184011772046,-0.6193936022827401,1.4539177746816272,6.21254450539827,0.7096198577353867,0.0009999999974372575,0.001000000001928732,0.0009999999961221849,0.0009999999919194655,0.00099999999751911,0.0009999999888819669,0.000035996125543543605,0.00003600038908917499,0.8659587174698147,35.555391114983706,6.255453872316494,0.014668401116911665,0.0004001862124997159,0.0003141883593731609,0.006939460329402733,0.0028359999999998586,0.002835999999999883,0.0028359999999998664,0.0010183599999997717,0.0010183599999997396,0.0010183599999997648,-0.20566609742867628,9.699383361178462,0.7902266892575,-0.007933314882503144,0.007460476977828087,0.020655156377706065,1.761187572516501,-21.838313350677492,13.85568808555603,989.026474609375,-0.0504844102769028,25.922792286218392
2025-03-01T17:17:18Z,40.302267376318234,-75.91392178035252,34.55004384268608,-22.450628781262157,31.892118808585135,-0.7883670058343649,1.4545100586970843,6.202299444991474,0.7490670675529977,0.000999999997785531,0.0010000000020218905,0.0009999999957244733,0.0009999999920981318,0.0009999999975113807,0.0009999999889475097,0.00003699526819977329,0.00003700039814795139,0.8479535671868293,37.40818781192052,6.8456708634685475,0.018526823307956446,0.0004182292830069553,0.00031562148342766333,0.006948850403197286,0.0028369999999998566,0.002836999999999882,0.0028369999999998674,0.0010183699999997725,0.0010183699999997402,0.0010183699999997652,-0.4968327282349718,9.682793139455773,0.14568002599306756,0.0018914269790687504,0.038573857285778175,0.013966187478625582,-0.12581250350922343,-23.01356330871582,14.210625619888306,988.946083984375,-0.08749322604342621,27.047717957880977
2025-03-01T17:17:19Z,40.29893557353379,-75.91343669236575,34.40396680736959,-23.774498046029677,31.296269361357172,-0.9723127822480718,1.4455348748125898,6.186934889485488,0.7910005117726949,0.0009999999976026588,0.0010000000019369398,0.0009999999958396654,0.000999999991896558,0.000999999997410616,0.0009999999887049175,0.00003799423467420505,0.00003800040788101064,0.8425858595708523,39.288058484935,7.522578630223227,0.024823114072816597,0.00043596442565416806,0.00031709800400129005,0.006958079277130143,0.002837999999999857,0.0028379999999998814,0.0028379999999998693,0.001018379999999773,0.0010183799999997406,0.0010183799999997655,-0.4287268544000521,9.682831730824933,0.1006753500744279,-0.007802129412954538,0.04015325898241981,0.020595571953099735,-1.9543125748634338,-23.145563316345214,13.459125518798828,988.96931640625,-0.09121512910566519,26.84551658270918
2025-03-01T17:17:20Z,40.29354996864835,-75.91288121083092,34.502878063902386,-24.319287289031486,30.392676369209507,-1.015746541973988,1.445066137610157,6.190260673119974,0.8401698404433596,0.0009999999977607108,0.00100000000163312,0.0009999999959667257,0.0009999999916715612,0.0009999999972295105,0.000999999988343814,0.000038993013343170757,0.00003900041835555746,0.8568255524445205,41.073589969975465,8.299081473245423,0.033314102763196705,0.00045102249292616086,0.0003171628471303328,0.006968031228657234,0.0028389999999998577,0.0028389999999998815,0.0028389999999998694,0.0010183899999997724,0.0010183899999997403,0.0010183899999997642,-0.4158356827999706,9.780141122180273,0.13686646348141798,-0.0013868809383586003,0.049549060372741545,0.004986474828040689,-2.626312603056431,-22.768875885009766,13.89956304550171,988.7465576171875,0.00598266191760135,26.805117908267952
2025-03-01T17:17:21Z,40.28821209727924,-75.91233110552496,34.53953836915381,-23.937002146301076,29.094502241649256,-1.0058828714497894,1.446568861155615,6.19557190295931,0.8851552788862443,0.000999999997574475,0.0010000000013770734,0.0009999999957960792,0.0009999999919147382,0.0009999999970396695,0.0009999999886655343,0.00003999161470253683,0.00004000042966178998,0.8942397548874104,42.410590212987415,9.147838696870753,0.040810715216862074,0.0004606572578629723,0.0003174803128246923,0.006978035705878721,0.0028399999999998583,0.002839999999999882,0.0028399999999998704,0.0010183999999997721,0.0010183999999997398,0.001018399999999765,-0.55319285875396,9.764383751664326,0.6187802891353874,-0.0015232405042215004,0.04537064533127167,0.003921968081850911,-3.7507501435279846,-22.584375820159913,12.435562982559205,988.79587890625,0.015804597772969827,26.053075204860388
2025-03-01T17:17:22Z,40.283308150955875,-75.91180322692487,34.49715332388083,-23.149708483310427,27.678582422504828,-1.0276591641619253,1.4579703487069162,6.202032134345626,0.9380254538982289,0.0009999999974719099,0.0010000000016127312,0.0009999999957260599,0.0009999999921858405,0.0009999999972955392,0.000999999988633244,0.000040990079189424426,0.00004100044188989224,0.953078739766672,43.19222229817022,10.085222272922772,0.048537635343346694,0.00046535010313445086,0.0003157663759907154,0.006988088355037098,0.002840999999999857,0.002840999999999881,0.0028409999999998692,0.0010184099999997712,0.0010184099999997393,0.001018409999999764,-0.7773513029683962,9.72985198402267,0.6282724754392921,0.007969531072540583,0.053132800711329975,0.004304343024116904,-4.096125152111053,-23.365313396453857,12.800250482559203,988.8805981445313,-0.0025625056404253565,26.954772770148857
2025-03-01T17:17:23Z,40.277618576400506,-75.91124632357696,34.703215407380085,-21.156169846771416,26.345962085317666,-0.9496250271009599,1.4645369714293057,6.208785258694759,0.9866472596787934,0.0009999999976199197,0.0010000000014495569,0.000999999995670144,0.0009999999921923638,0.000999999997304037,0.000999999988509599,0.000041988482047210076,0.000042000455164483894,1.027424184196723,43.41395525968991,11.097377548041555,0.053827679869097485,0.00046255827913342716,0.00031396832317452395,0.006998094288954426,0.0028419999999998577,0.002841999999999882,0.00284199999999987,0.001018419999999772,0.0010184199999997397,0.0010184199999997649,-0.6284778603589648,9.752424310682592,0.6359295089237911,-0.00034156784258273674,0.04883555015683625,0.004953428061064521,-4.72650018453598,-22.2635631942749,12.815062980651856,988.7912133789063,0.009879225639751198,26.1195181029241
2025-03-01T17:17:24Z,40.27173847655301,-75.9106781002515,35.16968542627723,-18.71089410650738,25.28055314676953,-0.8280935883512904,1.4766764452580154,6.213424969128326,1.0421329273178161,0.000999999997916497,0.0010000000013794497,0.0009999999957700087,0.0009999999925423152,0.0009999999973534877,0.0009999999881998567,0.000042986924970446866,0.000043000469689557086,1.1100494416342357,43.03436284036745,12.24689304026354,0.06008020232486752,0.0004533948527570965,0.0003116114040076649,0.0070079666150924215,0.002842999999999857,0.002842999999999881,0.002842999999999869,0.0010184299999997722,0.00101842999999974,0.0010184299999997652,-0.6828759953121321,9.795725882857077,0.1515130241725105,0.003479674889975825,0.05540318125445527,0.008560033988813153,-5.10618768453598,-21.776438217163086,12.939563026428223,988.7160083007813,0.03736674894530367,25.840202605342913
2025-03-01T17:17:25Z,40.26595112576824,-75.91010564367294,35.944265314686795,-15.32306470210424,24.37518881578137,-0.6473922509805842,1.4884467503799994,6.223384018541567,1.0919653033600187,0.0009999999979109925,0.0010000000015462482,0.0009999999957268622,0.0009999999923402032,0.0009999999973736291,0.0009999999881932689,0.000043985509209244574,0.00004400048573322363,1.1908601130741023,42.04977155605746,13.443887692873561,0.06153917717212516,0.00043726266102235117,0.0003106702036202752,0.007018064210028036,0.0028439999999998553,0.002843999999999881,0.0028439999999998675,0.001018439999999771,0.0010184399999997387,0.0010184399999997647,-0.5239912724945969,9.778027462004236,0.2810340294743658,0.0008631377797644814,0.05028209802858374,0.0028993534439587746,-5.4665627193450925,-22.39593828201294,12.627938022613526,988.6124658203125,0.01291374467817915,26.285423683924325
2025-03-01T17:17:26Z,40.261193573996174,-75.9095725749945,36.83036299930134,-12.020594273245496,23.495048766782766,-0.4447911868447945,1.5014843632145873,6.22932298132877,1.1406031414816467,0.0009999999977450913,0.001000000001319307,0.0009999999954297583,0.000999999992516967,0.0009999999976039468,0.0009999999880709013,0.00004498429826235497,0.00004500050352100815,1.2565010302133401,40.590183592134764,14.695678021632268,0.06018869949502842,0.00041740339213632976,0.0003115550238150409,0.007028008266285249,0.0028449999999998555,0.0028449999999998797,0.0028449999999998676,0.0010184499999997716,0.0010184499999997395,0.0010184499999997647,-0.625644390992319,9.801492110454076,0.3478421612843609,0.002862968892205675,0.048795493531972496,0.0054341085489399655,-7.166437768936158,-20.659500770568847,11.576250467300415,988.5821655273437,0.0445403514671393,24.742268585777545
2025-03-01T17:17:27Z,40.25792018866546,-75.90910869478,37.56268323619057,-9.480070439608824,22.594133230290254,-0.36698337954120636,1.5102334166177263,6.241988726358586,1.1964281809557764,0.0009999999972536606,0.0010000000014440606,0.0009999999956152965,0.000999999992457329,0.0009999999975710166,0.0009999999882541455,0.000045983305366728475,0.0000460005231720693,1.3003996217283056,38.89213118843772,15.967323837608674,0.05684984703892562,0.0003953041395975849,0.00031535354067052044,0.007038445098861345,0.0028459999999998565,0.0028459999999998816,0.0028459999999998686,0.0010184599999997707,0.0010184599999997386,0.0010184599999997638,-0.7574111160712741,9.721556893029483,0.4323401819891985,0.0016776241368628186,0.05645183207567102,-0.0032601996142995163,-8.235187811851501,-21.60600080490112,11.592000494003296,988.6295556640625,-0.022344711859529024,25.865216558945747
2025-03-01T17:17:28Z,40.255654081627455,-75.9086970490282,38.180854282352804,-7.2788874346231704,21.45584675834686,-0.18809552145289288,1.5125608827044812,6.24252480941862,1.2527785513623744,0.0009999999968807029,0.0010000000016586739,0.0009999999955156475,0.0009999999922678943,0.0009999999972286234,0.0009999999886237303,0.00004698249900118634,0.00004700054463393379,1.319830157517027,37.1925831861381,17.213409567041687,0.05189882015395925,0.0003741443468569223,0.0003220685109814772,0.007048279226175176,0.002846999999999855,0.002846999999999881,0.002846999999999867,0.0010184699999997713,0.001018469999999739,0.0010184699999997641,-0.9445174268505508,9.844916013247188,0.8831283493032097,-0.002464573032224104,0.05624604093697307,0.00712650429206019,-10.256437845230103,-21.127313251495362,10.56656289100647,988.6532397460937,0.14666961965615538,25.75281554435458
2025-03-01T17:17:29Z,40.25390325375964,-75.90831133893026,38.76726146728232,-5.853764941423929,20.861554417269407,-0.1731460269186474,1.5155789347856081,6.246563377814486,1.3015826393322636,0.0009999999969078116,0.0010000000018355432,0.0009999999955866547,0.0009999999919901666,0.000999999997136608,0.000999999988468577,0.00004798183598817806,0.000048000567810213244,1.3206359418657647,35.89032718438439,18.524388930953858,0.048186302846894784,0.0003559305266105153,0.00033009533325999336,0.00705834545178859,0.002847999999999856,0.0028479999999998814,0.002847999999999868,0.0010184799999997717,0.0010184799999997394,0.0010184799999997645,-0.6225356805020174,9.722992490766774,0.35596925721579703,-0.0006538435177157788,0.04893819594272323,0.0023393941167029683,-11.178375463485718,-21.000188179016114,10.099875435829162,988.6310766601563,-0.03332627788011614,25.845092970480636
2025-03-01T17:17:30Z,40.25242497715897,-75.90793657758586,39.306727577703334,-4.381152720244225,20.124888470542363,-0.14303358622621906,1.5261401007212838,6.2460998701992825,1.349578907950697,0.0009999999970203108,0.0010000000020288719,0.000999999995444607,0.0009999999922358242,0.0009999999970022437,0.0009999999888608917,0.000048981275830031685,0.00004900059258780679,1.3093881674077164,34.854762863906586,19.775543885684186,0.04463879142523556,0.0003407152971495249,0.00033953595346836656,0.0070681566306822225,0.0028489999999998547,0.002848999999999883,0.0028489999999998664,0.001018489999999771,0.0010184899999997389,0.0010184899999997636,-0.7521070244449003,9.741138099668573,0.6435865388693339,0.00776590941553049,0.047940449847288284,0.00613693687419338,-10.92862545967102,-20.57718836784363,10.007625408172608,988.5901831054688,0.008664644712466434,25.35755344854822
2025-03-01T17:17:31Z,40.250644621780424,-75.90752038266837,40.013269018280575,-2.494490275110625,19.48523749612701,-0.16288228723348833,1.5331055189189642,6.253531040478741,1.4027176702025415,0.000999999997136754,0.0010000000020679693,0.000999999995162011,0.0009999999919947718,0.0009999999968906296,0.0009999999889965855,0.000049980773840165774,0.00005000061864562411,1.2896596270701866,34.15930986954882,20.948566514546343,0.04238121937782731,0.00032720951919427976,0.00035089736509552713,0.0070783885023983075,0.0028499999999998535,0.002849999999999883,0.0028499999999998652,0.0010184999999997705,0.0010184999999997381,0.0010184999999997633,-0.8802250309659326,9.66898470806482,0.7548181494764246,0.0037241877689429305,0.05352218496532814,-0.0011151630654229964,-10.520625391006469,-21.18393823623657,9.400125365257264,988.4436450195312,-0.04429717690041364,25.45196574225323
2025-03-01T17:17:32Z,40.24914145000315,-75.90711679356498,40.62775703565304,-1.0925863037241634,19.142915479009062,-0.0643508481040056,1.5357172778406236,6.2544564996671,1.4526002529164788,0.0009999999971193158,0.0010000000023194934,0.0009999999950779377,0.0009999999920270515,0.000999999997046812,0.0009999999886365562,0.000050980292886957515,0.00005100064557820306,1.2665856336329029,33.96129316457235,22.09452539168997,0.040435857762498265,0.0003170293693068166,0.000362002678444778,0.0070882293663842,0.0028509999999998537,0.002850999999999884,0.002850999999999866,0.00101850999999977,0.001018509999999737,0.0010185099999997617,-0.6835127825733203,9.807698463437875,0.5784220046654295,0.0003439025460700916,0.050027571154996085,0.004569050563249262,-12.04481297492981,-21.148688201904296,7.86018780708313,988.4131665039063,0.06596614874071151,25.575857316766964
2025-03-01T17:17:33Z,40.24804053014415,-75.90674819348978,41.1055329443633,-0.3055547542516237,18.769358341499387,-0.03541058011361686,1.5339007826915985,6.259134791028043,1.5012455359946955,0.0009999999970300814,0.0010000000023174022,0.000999999995375675,0.0009999999917745534,0.000999999997095139,0.0009999999889138541,0.00005197980776553663,0.00005200067300662227,1.2443501518435753,34.139649576223164,23.17355562103452,0.03927453074084622,0.0003091514668253574,0.0003726511317852188,0.007098331804029989,0.0028519999999998547,0.002851999999999884,0.002851999999999867,0.0010185199999997695,0.0010185199999997374,0.0010185199999997623,-0.6855041830063862,9.771679891740325,0.40738813739481256,-0.002865140583836184,0.04890564951525705,-0.00007368872147839052,-10.093875360488891,-21.858375701904297,8.721750378608704,988.427001953125,0.021685183428405832,25.607444766331366
2025-03-01T17:17:34Z,40.247526604858145,-75.9064531028103,41.24714064852033,0.3178249271900802,17.90268858031478,-0.18542015380231344,1.5277085634103649,6.257887799761364,1.557902979180053,0.0009999999965564456,0.0010000000021623081,0.0009999999951748868,0.000999999991478382,0.0009999999968943645,0.0009999999886451364,0.00005297929372042398,0.00005300070034641627,1.2253543064094319,34.57165156798554,24.045223956683017,0.03983146073175097,0.00030123196740993374,0.00038436149834592513,0.0071081320357663765,0.0028529999999998535,0.0028529999999998834,0.002852999999999865,0.0010185299999997703,0.001018529999999738,0.0010185299999997631,-0.9397442083689177,9.622693323133058,0.7396184854032148,-0.005744383160889528,0.05663509190582581,0.005006836774688663,-10.792312870025635,-22.144125690460204,7.6237502813339235,988.5133374023437,-0.0856560758325173,25.78672641974465
2025-03-01T17:17:35Z,40.24726472952486,-75.90619980513281,41.20344371824491,1.0117571854506269,16.91229040610465,-0.1710286796934322,1.52062733081251,6.254298443233167,1.6099438829137527,0.0009999999966113218,0.0010000000020781096,0.0009999999950179134,0.0009999999916067476,0.000999999997000149,0.0009999999885003349,0.000053978719113574715,0.00005400072667314707,1.2111644922546658,35.33664576103761,24.72988426203833,0.04141210432706751,0.00029587183096305353,0.00039348462976820047,0.007117796412778596,0.0028539999999998523,0.0028539999999998822,0.0028539999999998645,0.001018539999999771,0.0010185399999997388,0.0010185399999997637,-0.9351579600513314,9.79166654650154,1.0116026639142206,-0.006089705219352601,0.05183980356213945,0.0069061923939807025,-13.571625537872315,-20.79393825531006,5.10975020647049,988.5632885742187,0.105842952070802,25.35121004798065
2025-03-01T17:17:36Z,40.24674317423077,-75.90591554290953,41.142978363559784,1.4552821837345014,16.112547066269077,-0.3897223466815789,1.5256370494291378,6.25769289433218,1.6685335910785342,0.000999999996812303,0.0010000000021198928,0.0009999999945645244,0.0009999999916218089,0.000999999996986468,0.0009999999886457004,0.00005497805983745842,0.00005500075100040239,1.2042202652512446,36.32206204602126,25.21117493134966,0.043396197451627753,0.0002900656938169168,0.0004018757191934756,0.007127819950147119,0.0028549999999998524,0.0028549999999998824,0.0028549999999998646,0.001018549999999771,0.0010185499999997387,0.0010185499999997637,-0.9362406168315016,9.560483891281802,0.6886036430922554,0.006075850404024521,0.058762937656188716,0.0009547672790492319,-13.72443808555603,-23.545500869750978,5.307375202178955,988.535888671875,-0.15130205613907735,27.765377959878055
2025-03-01T17:17:37Z,40.24508627927698,-75.90545359338925,41.40200841788474,2.026804096501726,16.22359437104452,-0.28427490933423166,1.5266285746534147,6.257864371295595,1.715475249987054,0.00099999999652265,0.0010000000022582882,0.0009999999944999307,0.0009999999914406437,0.0009999999972085097,0.0009999999889525617,0.000055977304004814645,0.00005600077251347186,1.2045443466079158,37.551622903350136,25.467209490861045,0.0448881863710142,0.0002879703287704715,0.00040481177588999915,0.007137429688286162,0.002855999999999853,0.002855999999999883,0.0028559999999998647,0.00101855999999977,0.0010185599999997397,0.001018559999999763,-0.820661392974584,9.823052413302527,0.7406155038455838,0.0011074832966514062,0.04713614522291883,0.006401644925222029,-15.780188179016113,-22.18425075531006,-0.7610625185072422,988.3553149414063,0.10287615118520839,27.234752809315662
2025-03-01T17:17:38Z,40.24358803398589,-75.90500576456962,41.67079936490896,2.175527691747218,16.534088139206848,-0.20567214022958552,1.530783715105772,6.24682442793388,1.7666602392440611,0.0009999999969183676,0.0010000000024437696,0.0009999999942871833,0.000999999991582641,0.0009999999969020545,0.0009999999891225192,0.000056976451881244796,0.000057000790836995435,1.2085130793589356,38.92526445739279,25.50980697950671,0.04409497038488694,0.0002858279733425175,0.0004059509722611026,0.007146448926741102,0.002856999999999855,0.0028569999999998818,0.0028569999999998636,0.0010185699999997687,0.0010185699999997403,0.0010185699999997627,-0.47254296641119314,9.81365241166186,0.48560597149985374,0.005076100787126848,0.050908484311726086,0.01731092173193303,-12.943875532150269,-33.480376396179196,6.697125283181667,988.3572631835938,0.05479868317194367,36.514754312377576
2025-03-01T17:17:39Z,40.24091758792703,-75.90435039479449,42.33444148624451,2.0551783211563555,17.71947671208507,-0.18350541569695353,1.5435224729377637,6.271903556204222,1.817048928575891,0.000999999997037517,0.0010000000026668102,0.0009999999939272258,0.0009999999915999993,0.0009999999969745545,0.0009999999891750415,0.0000579755145614557,0.00005800080607598978,1.2123503122180017,40.30842879696161,25.30921122919141,0.0429202490177661,0.00028384228606307223,0.0004046582463124206,0.007157236698904825,0.0028579999999998563,0.0028579999999998806,0.0028579999999998624,0.0010185799999997691,0.0010185799999997405,0.0010185799999997617,-0.4914887534647166,9.704767226216733,0.40450366826926737,0.013161880861188352,0.051697267846275485,-0.016261436966623855,-4.851937679760158,-31.213313884735108,4.182375172786415,988.143857421875,-0.05673527760575286,31.863792573843117
2025-03-01T17:17:40Z,40.23856414904528,-75.90372969782226,42.8984293965971,2.0598724377541564,18.638752411440194,-0.1535799329796709,1.546921874527212,6.280922816398983,1.8662194880415648,0.0009999999969054333,0.0010000000029369825,0.0009999999938702687,0.0009999999914991596,0.0009999999970657723,0.0009999999890760063,0.00005897449754944575,0.0000590008183279381,1.2153794831245752,41.64861015515117,24.88089928834746,0.04271753531561855,0.00028295361152278956,0.0004011817821580513,0.007167179683056731,0.002858999999999856,0.0028589999999998803,0.002858999999999862,0.0010185899999997693,0.0010185899999997406,0.0010185899999997621,-0.785335874521921,9.720096976856004,0.5484077706037388,0.0032535214116214436,0.0498569964279949,-0.001495701395295552,-14.269125623703003,-20.95275089263916,2.0321250799670816,988.128017578125,-0.015284128460238777,25.431332176599415
2025-03-01T17:17:41Z,40.3127558400164,-75.92102600183782,43.22898164027014,-16.579901526351744,-15.81000978274983,-0.5828959350682567,1.4864139693958522,6.208296704841332,2.2749917296151065,0.0009999999971996337,0.0010000000032486882,0.000999999994693765,0.000999999991247556,0.0009999999974156302,0.0009999999892145153,3.0758706471223583e-10,3.075869288749752e-10,0.536727181733706,0.009036847703130532,0.00903419329627818,0.015158346801762496,0.0001760026685207173,0.000138385714676908,0.0063003470119853515,0.002859999999999854,0.00285999999999988,0.00285999999999986,0.0010185999999997686,0.00101859999999974,0.0010185999999997614,-0.7960950801962464,9.762633696235262,0.36968811191548445,-0.004033961924653839,0.04770628474651268,0.019911937668531852,-15.879563179016113,-26.83125105857849,-9.532312825918197,988.2432421875,0.023355508797595872,32.6027333550214
2025-03-01T17:17:42Z,40.31260445514625,-75.92121866422701,42.440321755644185,-15.943175773340657,-16.89761415250741,-0.89479474428095,1.482904846701486,6.210974941835287,2.3180747467444673,0.0009999999972325783,0.0010000000031895066,0.0009999999947574217,0.0009999999912073498,0.0009999999973254526,0.0009999999889993593,1.0003075872988405e-6,1.000307587505642e-6,0.5851767953883245,0.03604604808845178,0.028199660315130125,0.01716822225824292,0.0001846494584849941,0.00014887102448452215,0.0063004139855248695,0.0028609999999998524,0.002860999999999881,0.0028609999999998584,0.001018609999999769,0.0010186099999997403,0.0010186099999997616,-0.5396642465960791,9.551108168598741,0.5770660557924125,-0.000307687401090565,0.04364403409381235,0.0009547680966377583,-20.081250705718993,-33.092251224517824,2.2441875848174093,988.5175146484376,-0.19480706013183413,38.77352374687763
2025-03-01T17:17:43Z,40.312452432256805,-75.92142181225603,41.7190222734387,-15.14124860807227,-17.604680424932777,-0.8713638970364856,1.479981527044001,6.231281764820618,2.358846546845947,0.000999999997321842,0.0010000000032104896,0.000999999994602518,0.0009999999909703421,0.0009999999972707906,0.000999999989194198,2.0003075893181532e-6,2.0003075912660076e-6,0.639355000055666,0.10670526648020937,0.08954708538913807,0.01892286315456842,0.00019292705299687245,0.00015879739283789762,0.006307485459340957,0.0028619999999998534,0.0028619999999998803,0.0028619999999998594,0.0010186199999997687,0.00101861999999974,0.0010186199999997615,-0.4694440708218225,9.81141653786012,0.9591887383123185,-0.0006620215154802116,0.04036355660863675,-0.016096371505309872,-8.394937863349915,-41.033251514434816,-7.06668776512146,988.417802734375,0.0909025867669651,42.47512748397421
2025-03-01T17:17:44Z,40.31229833803833,-75.9216341186333,40.99089376661597,-14.680021568093688,-18.487037583914482,-1.027799189732942,1.4904442586260072,6.247456107019877,2.390308186765905,0.0009999999971515886,0.0010000000030229504,0.000999999994592734,0.0009999999910149768,0.0009999999971858845,0.00099999998920694,3.000307593559598e-6,3.000307604683291e-6,0.6964433475300335,0.22910858722576344,0.17934784302833234,0.020378525432209294,0.00020162368721694752,0.0001677960072216129,0.00631229346927583,0.0028629999999998544,0.00286299999999988,0.00286299999999986,0.0010186299999997682,0.0010186299999997395,0.001018629999999761,-0.5499135116311948,9.647937686281171,0.4979832771375112,0.011543090020876555,0.030143922607892927,-0.012616612954202449,-14.143688068389892,-35.0135640335083,2.248312594294548,988.4700537109375,-0.10194510061555796,37.82915052156231
2025-03-01T17:17:45Z,40.31213673144735,-75.92185274945233,40.36032998491351,-14.485360297420128,-18.82913533129178,-1.1180924353970993,1.486305477599884,6.2643816915015975,2.4096958212298696,0.0009999999973095564,0.0010000000028723586,0.0009999999945227427,0.0009999999910211476,0.0009999999966695079,0.000999999989053205,4.000307591700637e-6,4.000307637289635e-6,0.7519653814697062,0.3767427975984313,0.2929985104279003,0.020514160453002375,0.00021085785824516073,0.00017559753940850516,0.006317075029657824,0.0028639999999998562,0.0028639999999998814,0.002863999999999859,0.0010186399999997675,0.0010186399999997386,0.0010186399999997603,-0.1828545154099434,9.648351487391217,0.6461996834769442,-0.004096883649517893,0.01599906488642829,-0.013482671056325581,-11.780062994956971,-35.45662647247315,-2.3336250868439676,988.402666015625,-0.10663201212367893,37.43506688093912
2025-03-01T17:17:46Z,40.311960566452015,-75.92207313295228,39.89792271579004,-14.755170294916681,-18.995176743670136,-0.9446516900570434,1.4950227074547122,6.271853180819086,2.409629913441189,0.0009999999971671437,0.001000000002599022,0.0009999999945722354,0.0009999999908827204,0.0009999999966505268,0.0009999999886151753,5.000307546819536e-6,5.000307701150435e-6,0.8001397020562682,0.5626817689150145,0.4209044251518918,0.019649775861753385,0.00022097700828671931,0.00018203272353205599,0.00631752271642651,0.0028649999999998572,0.0028649999999998833,0.002864999999999859,0.0010186499999997665,0.0010186499999997381,0.0010186499999997596,0.11999706471856265,9.905046446161577,0.44793340869423115,0.008173152705630574,-0.005031708024138501,-0.005021526683661426,-8.353875370025635,-31.12106388092041,0.6982500293850898,988.39669921875,0.13758437435727366,32.230298108558124
2025-03-01T17:17:47Z,40.31176268485272,-75.92229507544792,39.46273017655963,-15.319070845596944,-19.32090025260251,-1.1440825976359204,1.5064637036709927,6.27478368699813,2.4071079657619094,0.0009999999968541078,0.0010000000024721132,0.0009999999945013037,0.0009999999908839826,0.0009999999967226713,0.0009999999889997596,6.000307367812106e-6,6.000307808995371e-6,0.8377274297712693,0.7942384953209146,0.5590704268290384,0.018776485811435574,0.000231202143639024,0.00018801713080704544,0.00631636707714228,0.0028659999999998565,0.0028659999999998847,0.002865999999999861,0.001018659999999766,0.0010186599999997374,0.0010186599999997587,0.1415324709182994,9.557249743776902,-0.0018773703073821921,0.010834253564235206,-0.0077946189145086595,-0.0004141707449405366,-11.307562990188599,-27.211501178741454,3.2763751205801963,988.4437377929687,-0.21998193059824075,29.648918811930752
2025-03-01T17:17:48Z,40.311476050157104,-75.92251159158087,39.5577287914492,-15.398156661225709,-19.103383342007387,-1.0826474200308416,1.5129328295260027,0.003275457571650575,2.4203984508087073,0.0009999999967870972,0.0010000000025426553,0.000999999994690228,0.000999999990659545,0.0009999999970350486,0.0009999999887405808,7.000306885073515e-6,7.000307977898711e-6,0.8648873657062797,1.0490238615564993,0.7544147486619811,0.017960557237319538,0.00024091868877300953,0.00019433173096002318,0.00631888116283491,0.002866999999999855,0.0028669999999998835,0.0028669999999998592,0.0010186699999997666,0.0010186699999997365,0.0010186699999997577,-0.12162179241930898,9.711859419523174,0.5909686252932226,0.005322450708245472,0.003978547865542588,-0.005530580233802938,-12.369750518798828,-22.22643835067749,-0.6433125373721122,988.0908203125,-0.047719836480156146,25.444774417153827
2025-03-01T17:17:49Z,40.311116129083345,-75.92272107550961,39.79991955280933,-15.333457477117193,-18.782915305895422,-1.105061344184937,1.5143980241056663,0.0033233676244617417,2.4330821427595413,0.0009999999969579065,0.001000000002628038,0.0009999999945496617,0.000999999990154669,0.0009999999972538812,0.0009999999888872153,8.000305812448791e-6,8.000308233482632e-6,0.8831948018237163,1.3404005945404864,0.9881377588959707,0.01729777777844125,0.00025063876347265415,0.0002006344267300089,0.006316811098655867,0.0028679999999998533,0.002867999999999883,0.0028679999999998594,0.001018679999999766,0.0010186799999997366,0.0010186799999997581,-0.30815865802940307,9.611207881607056,0.6881728047062965,0.0000690130037527862,0.002512473243905927,0.006472912539966761,-8.33268784046173,-30.493126258850097,0.4518750198185444,988.0074438476563,-0.13759681151741157,31.614322732878772
2025-03-01T17:17:50Z,40.310659282118664,-75.92292043592727,40.302919626476736,-15.521240268469446,-18.09880996069104,-0.8184115017373207,1.5203721838931945,0.016661440844721064,2.4465717607705506,0.0009999999967593549,0.0010000000028541989,0.0009999999949192309,0.0009999999900500466,0.000999999997060517,0.0009999999890855052,9.000303714193518e-6,9.000308602823168e-6,0.8931352243549311,1.6621265051162424,1.2532827040622871,0.0161889054296517,0.0002603287773517014,0.00020710676241910566,0.006322208424101592,0.0028689999999998543,0.0028689999999998842,0.0028689999999998604,0.0010186899999997654,0.001018689999999736,0.0010186899999997572,-0.04301168588012624,9.910346029060111,0.7539551602690707,0.0044051520031106045,0.004062166690045721,-0.006372605970100847,-5.083687714338303,-26.859938621520996,2.755875114351511,987.8870458984375,0.16066780641292597,27.475302155455772
2025-03-01T17:17:51Z,40.3101194321507,-75.92310998662393,40.837937256708365,-15.906285236118613,-17.456674775803975,-0.9540512545181881,1.51228436209365,0.03194009189707298,2.4536327005177325,0.0009999999964485054,0.0010000000032095203,0.0009999999948390298,0.0009999999902510373,0.0009999999967901265,0.0009999999891706591,0.000010000299960201025,0.000010000309114522615,0.8951418261142816,2.0146557529227054,1.5299057399562765,0.015163612879683864,0.0002703412665724247,0.00021360425835495367,0.006330116618873918,0.002869999999999854,0.002869999999999884,0.00286999999999986,0.0010186999999997654,0.0010186999999997367,0.0010186999999997573,-0.07804888879928774,9.507997416493422,0.5857599918751873,-0.00948083902940431,-0.0010305426898509515,-0.009053234173711995,-8.014500353336334,-22.148063316345215,-0.6526875175908208,987.852880859375,-0.2521356281508033,23.562523677905858
2025-03-01T17:17:52Z,40.309568027971615,-75.92329525269919,41.022949686986415,-16.383477912568335,-16.98708588857022,-0.9522636530646725,1.5012227029012213,0.037711933319568604,2.4619642967742568,0.000999999996307364,0.0010000000031296626,0.000999999994609726,0.0009999999903130394,0.0009999999969800037,0.000999999988960821,0.00001100029368963332,0.000011000309800555745,0.8910568459975977,2.4235926481312076,1.8384714983908859,0.014302907370265251,0.0002801148984866739,0.00022063458252313407,0.006335419731745146,0.0028709999999998554,0.0028709999999998823,0.0028709999999998585,0.0010187099999997644,0.0010187099999997358,0.0010187099999997575,-0.1362533182460171,9.683106271771834,0.531383429689425,-0.012248424103454322,0.002159473094192086,-0.000844780060717579,-13.246125574111938,-22.129688339233397,-1.7833125737309456,987.98935546875,-0.0798983447802426,25.85266940485963
2025-03-01T17:17:53Z,40.308895120415535,-75.92347386970756,41.18559171589679,-17.175726601460262,-16.685956202873086,-1.0666099002193112,1.5063199599417516,0.04257642623782106,2.4643009052713567,0.000999999996282657,0.0010000000029719944,0.0009999999948356005,0.0009999999904708097,0.0009999999968593929,0.0009999999890109215,0.000012000283765175152,0.000012000310694003987,0.8826947487461066,2.8893944177906863,2.1618404206051163,0.013687880315536003,0.00029013715822452137,0.00022784194246360935,0.006341299956482703,0.0028719999999998547,0.002871999999999884,0.002871999999999859,0.0010187199999997648,0.0010187199999997364,0.0010187199999997577,-0.06803891582262553,9.593341405229618,0.21068504461874665,0.004049815167619807,-0.003504545773153467,-0.0005011271725727928,-14.392875623703002,-21.194625778198244,-1.3271250554174185,987.944306640625,-0.18267147688614324,25.65396021476624
2025-03-01T17:17:54Z,40.30798010171991,-75.9236416783311,41.46693394468545,-17.862622886902322,-16.025363717428554,-1.1296098908120369,1.5031522318261328,0.04770838279840675,2.4677679446987617,0.0009999999960768025,0.0010000000029808354,0.0009999999950380367,0.0009999999902660982,0.000999999996903999,0.0009999999891824017,0.000013000268728831928,0.00001300031183431998,0.8714481470532218,3.383892581716416,2.5333333278601837,0.01316611544691796,0.00030009899470695775,0.00023557697306224773,0.00634783969192473,0.0028729999999998566,0.002872999999999882,0.0028729999999998583,0.001018729999999765,0.0010187299999997372,0.0010187299999997587,-0.05651348424455325,9.612005463279296,0.49977789741851875,-0.004573559347013733,-0.002914043376030833,-0.0003993164376516203,-14.250938062667847,-21.52650079727173,-1.2560625495016575,987.7808227539062,-0.15348551454799084,25.84675083869839
2025-03-01T17:17:55Z,40.30664676653493,-75.92379192456474,42.092085053407374,-18.26366638899053,-14.982597590615114,-1.1086631799995907,1.5002988194520634,0.05708990872887718,2.4737841311271094,0.0009999999961739926,0.0010000000031404103,0.0009999999952992502,0.0009999999901694496,0.000999999997161219,0.000999999988929591,0.000014000246712213474,0.000014000313274910118,0.8585822905886369,3.91285173438247,2.9672258841661,0.012680586876278994,0.00031007512228951086,0.00024387493630386426,0.006356718989729008,0.002873999999999855,0.0028739999999998836,0.0028739999999998593,0.0010187399999997638,0.0010187399999997378,0.0010187399999997593,-0.2463231600180854,9.630934900749853,0.9260814806654224,-0.004847947462554582,-0.001195276424185196,-0.003939160758800678,-14.551313114166259,-21.873938159942625,-2.023687582910061,987.4773608398438,-0.10026219077685107,26.349620636629297
2025-03-01T17:17:56Z,40.30517344161096,-75.92393340026044,42.55441563262298,-18.623429131342135,-13.973573255050555,-1.1966155466645374,1.5024429580777283,0.06250131676356323,2.4796389392839124,0.0009999999960488592,0.001000000003014447,0.0009999999951608737,0.0009999999903936168,0.0009999999968326781,0.0009999999887277014,0.000015000215357144166,0.000015000315074689677,0.8451487062429565,4.486063574602731,3.440914420127771,0.012371360135410287,0.0003199290523557267,0.00025266406151255584,0.00636481610721003,0.0028749999999998542,0.002874999999999883,0.0028749999999998586,0.0010187499999997633,0.0010187499999997373,0.001018749999999759,-0.2837917589922981,9.535714267727572,0.9360293465179522,0.0002624539804851082,-0.0003891350605542541,-0.0009898189975537756,-14.706000633239746,-21.893250732421876,-1.956562584079802,987.482177734375,-0.19311749930668118,26.44629126877941
2025-03-01T17:17:57Z,40.30376069783582,-75.9240718711187,42.68179933459425,-18.850520377904203,-13.052018028492911,-1.1299136030168222,1.503919379877357,0.06333919409385076,2.487648175326615,0.0009999999963005131,0.0010000000032066784,0.0009999999953889062,0.0009999999902960063,0.000999999996669359,0.0009999999887087508,0.000016000171760563376,0.000016000317298448864,0.8319147715206787,5.121044078151624,3.977090519030849,0.012233232044223132,0.00032949495896285655,0.0002620425985422236,0.006371993341609159,0.0028759999999998535,0.002875999999999882,0.002875999999999858,0.0010187599999997641,0.0010187599999997381,0.0010187599999997596,-0.3253255331523168,9.715272119612886,1.0130076259077352,-0.0001512982074873484,0.0033511601601201213,0.002379784715107164,-16.60481318473816,-22.692750968933105,-0.40650001749396325,987.6486303710938,-0.005605505228992362,28.121933455861136
2025-03-01T17:17:58Z,40.302544086072196,-75.92420960794404,42.37544719594245,-19.298022140065036,-12.257244743010183,-1.3307501801619923,1.5011869314848572,0.06830505413569755,2.4831649259929516,0.0009999999965329264,0.0010000000033427887,0.000999999995617222,0.0009999999904375645,0.0009999999966046281,0.0009999999883664238,0.00001700011238100874,0.00001700032001103554,0.8193957067674988,5.792822209948134,4.534192056444649,0.012366894938270898,0.00033991350309650733,0.00027118283970077855,0.006382265013442459,0.002876999999999854,0.0028769999999998814,0.002876999999999857,0.0010187699999997632,0.001018769999999738,0.0010187699999997593,-0.07222635533663231,9.507558702465664,0.8523204342595156,-0.0031074836377589943,-0.0070373800249525845,-0.0037794347245178974,-14.008313083648682,-21.758063220977782,-1.7398125719279052,987.8999682617188,-0.23309243857730047,25.93589121201845
2025-03-01T17:17:59Z,40.30124780158884,-75.92434437175652,41.8678256257709,-19.47588243913877,-11.516822796747448,-1.3810033583896686,1.4955696532652734,0.07402838071229505,2.487483968077715,0.0009999999967427865,0.001000000003370822,0.0009999999958805572,0.0009999999905899947,0.0009999999963229587,0.000999999988427086,0.00001800003303867083,0.000018000323284695445,0.8084488210126896,6.534615588760941,5.170822727531244,0.012648684107673247,0.00034997078874744183,0.00028108255936232305,0.006393614429913912,0.002877999999999852,0.0028779999999998807,0.0028779999999998564,0.0010187799999997627,0.0010187799999997376,0.001018779999999759,-0.3065235736192613,9.636133105592563,1.0607751654281337,-0.006350073505569756,0.002469912146395847,-0.004509969102535868,-14.198250579833985,-22.395938301086424,-1.8905625742301344,987.9984521484375,-0.07994368076658251,26.58457987689873
2025-03-01T17:18:00Z,40.29971732090642,-75.92447840136442,41.362942304064575,-19.8389899221169,-10.914137336967359,-1.3935797113563917,1.4995516484476314,0.07292955560271183,2.483187450700049,0.0009999999968266025,0.001000000003296169,0.0009999999957198019,0.0009999999907034029,0.0009999999966531154,0.0009999999880939358,0.000018999928949967583,0.00001900032719950834,0.7999588768831953,7.347042233578832,5.8558527056254555,0.013125882433625016,0.00036019761652183264,0.000290708673350914,0.0064023058285613225,0.002878999999999851,0.002878999999999879,0.002878999999999855,0.0010187899999997618,0.0010187899999997366,0.0010187899999997581,-0.20811645371046494,9.691736109745845,0.8797940911390165,0.004090539803204354,-0.006202531812838408,0.0011685701134549207,-14.942063074111939,-21.584063262939452,-2.2950001007318495,988.0288330078125,-0.04538738177364214,26.351496610134635
2025-03-01T17:18:01Z,40.29778101485886,-75.92461737000306,40.93949791924105,-20.30934028327765,-10.538121630606247,-1.4478402184542445,1.4987868489045604,0.07693680498088094,2.485472367292435,0.0009999999971093572,0.001000000003346428,0.0009999999956747815,0.0009999999909319495,0.0009999999966703193,0.0009999999882911324,0.000019999794934007223,0.000020000331828277748,0.7945111456431571,8.228683029493421,6.587341178030478,0.01369273086192825,0.0003703853013579445,0.00030073117625338823,0.006413986951588496,0.0028799999999998523,0.002879999999999881,0.0028799999999998566,0.0010187999999997609,0.0010187999999997375,0.0010187999999997574,-0.19075083459782655,9.657788108822388,0.6432276210722164,-0.000938913660218192,0.000985310579232886,-0.004084867228586333,-14.511938047409057,-22.077188320159912,-1.7025000603869558,987.9988696289063,-0.09817908560691085,26.47441021568587
2025-03-01T17:18:02Z,40.295552230884425,-75.92476511327932,40.496885957871704,-20.60983422927283,-10.229428215998695,-1.4939554032936389,1.495868310121694,0.07758037555884008,2.4875181735771297,0.000999999997006145,0.0010000000034984628,0.000999999995672572,0.0009999999909288395,0.000999999996678698,0.0009999999880188327,0.000020999625647523528,0.00002100033724817022,0.7924261317550011,9.171703812326061,7.383311858447077,0.014333579433332641,0.0003804313856224299,0.0003106397038937606,0.006424595110840355,0.0028809999999998533,0.00288099999999988,0.002880999999999856,0.00101880999999976,0.0010188099999997376,0.0010188099999997565,-0.2663679521572802,9.64909686203919,0.7465805590430502,-0.002905197065347373,0.0009277289302605614,-0.001525744311009051,-14.324625587463379,-23.143688411712645,-1.908937570527196,988.0279809570312,-0.09767688800107271,27.284912889020625
2025-03-01T17:18:03Z,40.29215382291645,-75.9249400870531,40.45838681116514,-20.684569222106706,-9.993482910041436,-1.4673634741143529,1.4934733943216107,0.07031115532867602,2.487199096849479,0.0009999999970923838,0.0010000000037858278,0.0009999999956852843,0.0009999999908948966,0.0009999999968919168,0.0009999999879332774,0.0000219994157536003,0.000022000343540538074,0.7937967156122286,10.175047923309764,8.243382067423147,0.015092061649879288,0.0003902228455121573,0.0003201269338319139,0.006432237114490283,0.0028819999999998517,0.002881999999999882,0.0028819999999998565,0.00101881999999976,0.001018819999999737,0.0010188199999997566,-0.238886448744795,9.670310575799622,0.896826943178332,-0.0018959349212329057,-0.0018450296397751914,0.004640318033547463,-14.900813045501708,-22.38525077819824,-2.469000092968345,987.7629760742187,-0.06455908255507546,27.004201324915453
2025-03-01T17:18:04Z,40.28845895165305,-75.925136084871,40.42158202262146,-20.529499782618466,-9.92603844813532,-1.4750064871457267,1.4931365704756712,0.07056715300248677,2.4876603473978136,0.0009999999972429804,0.0010000000036511198,0.0009999999958669138,0.000999999990848929,0.000999999996903158,0.0009999999878449908,0.000022999160245359538,0.00002300035078262625,0.798520539805159,11.23630999203128,9.159343453418808,0.015790816394380087,0.00040041343637123685,0.00032920376320482835,0.0064441063916804275,0.0028829999999998523,0.002882999999999882,0.002882999999999858,0.0010188299999997592,0.0010188299999997375,0.0010188299999997564,-0.27554698001522443,9.622187393434833,0.9735849009463199,0.00035942437207187126,0.00011658072274398036,-0.0038890901006185825,-14.784188079833985,-22.437375755310057,-1.9453125856816769,987.777666015625,-0.1040696201802501,26.940481464515024
2025-03-01T17:18:05Z,40.28462762943847,-75.92535398904597,40.389274665646,-20.296163184583396,-10.11143882620981,-1.341067589888882,1.4930854214266793,0.06568250242290727,2.489236392370385,0.000999999997180937,0.0010000000034663776,0.0009999999958071333,0.000999999990619737,0.000999999996970295,0.0009999999875222514,0.000023998854898763197,0.000024000359045945475,0.8061488313679004,12.381428415302288,10.137737000568862,0.01639602220969239,0.000410235908127819,0.000337733576672607,0.006453937720351491,0.002883999999999852,0.002883999999999882,0.002883999999999858,0.0010188399999997593,0.0010188399999997379,0.0010188399999997567,-0.28817859825231723,9.770689494447236,0.8952317230221237,0.0008122319592248871,0.001392553622671599,0.00048643759751506536,-14.080688133239747,-22.0548756980896,-1.9773750734329223,987.828310546875,0.036558600765908,26.241010965658607
2025-03-01T17:18:06Z,40.28024979050387,-75.92561038046536,40.56806349167,-19.97678888908899,-10.49312317107359,-1.254897033849321,1.4862273033597255,0.05706259198916867,2.4843536865714957,0.0009999999974173448,0.0010000000031781507,0.000999999995537554,0.0009999999903142222,0.000999999997264492,0.0009999999872824443,0.00002499849667322514,0.000025000368390485913,0.816333370818616,13.576212476066496,11.149294315923898,0.01718883159841906,0.00042021148345417955,0.0003451585895975439,0.006462633946541783,0.002884999999999853,0.0028849999999998833,0.0028849999999998595,0.0010188499999997601,0.001018849999999738,0.0010188499999997567,-0.12415060474317495,9.715654570893953,0.8987411935321695,-0.005255691101164259,-0.004787361621291106,0.0023597562654777736,-13.350000476837158,-19.283438243865966,-0.7061250276118517,987.755107421875,-0.021320844110916875,23.464222190975292
2025-03-01T17:18:07Z,40.27575823169149,-75.92589654288861,40.704660875711234,-19.58545203028907,-11.218826787542689,-1.3411237680042392,1.4857791715288247,0.056561677167518094,2.480968743604863,0.0009999999971858544,0.0010000000031842849,0.0009999999957241712,0.0009999999905162577,0.000999999996946931,0.0009999999875035252,0.00002599808412483898,0.000026000378866722058,0.828504297434864,14.813274672041311,12.176463124554738,0.017688403617520145,0.00043050824387891274,0.00035176559327812333,0.006475602500520675,0.002885999999999853,0.002885999999999883,0.002885999999999859,0.0010188599999997596,0.001018859999999737,0.001018859999999756,-0.13884227501648067,9.553697677734199,0.7336750088691388,0.001150544533306049,-0.002226736624951567,-0.0063625916443562445,-13.051500473022461,-20.855813407897948,-2.2963125950098036,987.7806298828125,-0.1963313010720519,24.70985935536397
2025-03-01T17:18:08Z,40.2720207580068,-75.92617785211756,40.551672485535576,-18.960856072231486,-11.754156527731373,-1.2312795773183651,1.4810871899911282,0.05228064856871789,2.4789542560022793,0.0009999999969178325,0.0010000000031321636,0.0009999999953298692,0.0009999999906206921,0.0009999999968872855,0.0009999999875782443,0.0000269976172006871,0.000027000390540082264,0.841395687339105,16.12492929767555,13.27997544672323,0.0178839553783313,0.0004404628669880495,0.00035750227153536873,0.006486331088412676,0.002886999999999854,0.0028869999999998836,0.0028869999999998597,0.001018869999999759,0.0010188699999997366,0.0010188699999997552,-0.2714288392377195,9.744767211910878,1.0483723667890372,-0.0034027349528955855,-0.0011730780663909055,-0.001702494446031757,-13.236375560760498,-22.132688293457033,-1.742437576726079,987.9989404296875,0.02565311646893099,25.847456010454906
2025-03-01T17:18:09Z,40.26770114624213,-75.92650802817835,40.62591596811809,-18.14663770051732,-12.646274906478874,-1.1536514596846876,1.484038089981051,0.048536281606922,2.477960267062981,0.0009999999971743129,0.0010000000032421529,0.0009999999954203372,0.0009999999905117556,0.000999999996803721,0.000999999987386264,0.000027997096647458,0.000028000403481488668,0.8536523881201633,17.48759634852427,14.408377362649944,0.017776970756801833,0.0004503826914991661,0.0003624534498831218,0.006497883072598255,0.0028879999999998534,0.002887999999999882,0.0028879999999998577,0.0010188799999997578,0.001018879999999736,0.001018879999999754,-0.3042216255018415,9.702994172515238,0.9531086089676076,0.004435194486024325,0.0002968359679789373,-0.0033483243917679494,-14.334000587463379,-22.23600076675415,-2.0506875755265357,987.921630859375,-0.02456440015086732,26.5349941945701
2025-03-01T17:18:10Z,40.262974369524756,-75.926884925644,40.812525333696314,-17.081313765804122,-13.694738871362532,-1.159364019786268,1.4849297871570373,0.03847355608146703,2.472707923447865,0.000999999996919471,0.0010000000032544833,0.0009999999952834836,0.0009999999904166735,0.0009999999968759506,0.000999999987324052,0.00002899652356948091,0.00002900041775400576,0.8641927090667777,18.885261762172007,15.558870868797687,0.017525260566325945,0.0004602472564870571,0.0003664694170294165,0.006506699542944582,0.0028889999999998544,0.0028889999999998812,0.002888999999999857,0.001018889999999757,0.0010188899999997356,0.0010188899999997534,-0.2944398186985707,9.605225776669123,1.0184222056663135,0.002766999667064531,-0.004166315794520101,0.0017794347304755176,-14.28918809890747,-21.680063247680664,-1.7379375590011477,987.8656762695313,-0.11533198212846509,26.023524215929378
2025-03-01T17:18:11Z,40.257859656992515,-75.92731134992627,41.15638727908667,-15.734115960423289,-15.19792525240251,-0.9693511989148788,1.4750392424901801,0.03498808080549157,2.484413117072544,0.000999999996908424,0.0010000000030134638,0.00099999999478212,0.0009999999907873995,0.0009999999969116503,0.0009999999872229708,0.0000299958979522521,0.000030000433455599424,0.8711737016058154,20.388328876492935,16.77700654650407,0.016484042389316812,0.00046923690055604656,0.00037120344214225783,0.006518944591515539,0.002889999999999855,0.0028899999999998805,0.0028899999999998562,0.0010188999999997562,0.0010188999999997347,0.0010188999999997525,-0.5449683491954198,9.792145100272421,0.9593194825398403,-0.00839296603959036,0.01359566265137926,-0.0037889481859365187,-13.758000621795654,-21.986250801086427,-1.7094375647604465,987.7957104492187,0.0753886131943731,25.992255235315774
2025-03-01T17:18:12Z,40.25504221547685,-75.92763903254368,40.95013989059107,-15.144580812271249,-15.963375065515674,-0.9042306894595098,1.468519018934691,0.023305882212129553,2.4817780213951894,0.0009999999969656568,0.0010000000032149986,0.0009999999945236313,0.0009999999909461232,0.0009999999968418928,0.0009999999872267857,0.00003099521828723213,0.00003100045071183842,0.8741352787199519,21.94310046196854,18.010055476299755,0.01591470580918298,0.0004787277313946222,0.00037492618800566473,0.006525134156647645,0.0028909999999998555,0.0028909999999998815,0.0028909999999998572,0.0010189099999997554,0.0010189099999997338,0.0010189099999997518,-0.24314580596771987,9.748457797063097,0.9682892984340816,-0.005377864711087231,-0.002527162025077805,0.007083777145337522,-13.939500551223755,-22.21725086212158,-2.1225000977143647,988.2195971679688,0.020813327944546038,26.31384113871444
2025-03-01T17:18:13Z,40.25425296578271,-75.92786370052973,40.244747893758856,-15.057796012017192,-16.080253901100566,-0.8473271564647717,1.461210595207171,0.02087795656769859,2.4779689280758332,0.0009999999970636535,0.0010000000031386714,0.0009999999945395602,0.0009999999911130012,0.0009999999971992306,0.0009999999874855125,0.000031994482492356357,0.00003200046964765772,0.874536607471475,23.57207839646912,19.29091925650375,0.015464624303980963,0.0004885232985501012,0.00037860218124869267,0.006534180713361767,0.0028919999999998565,0.0028919999999998825,0.0028919999999998582,0.0010189199999997565,0.0010189199999997341,0.001018919999999752,-0.1233131139654746,9.790868909196817,1.060615640861802,-0.007006837293454579,-0.0037794349067889546,0.0010463971742880268,-14.212313060760499,-21.297375793457032,-1.715812575817108,988.6298510742188,0.07030063735864375,25.66143906468355
2025-03-01T17:18:14Z,40.25355056110905,-75.92808605634676,39.52426587156406,-15.12751669653833,-16.30682245793107,-0.8769119575048713,1.4614348325949398,0.02004805658461743,2.471988992368448,0.000999999997475259,0.001000000003324695,0.0009999999945254129,0.0009999999911256675,0.0009999999970494106,0.000999999987131963,0.00003299368773494511,0.000033000490426887464,0.8728586395973816,25.264393930237095,20.599142551826663,0.015012202259291743,0.0004985546299662473,0.0003822827442218336,0.006543914858688802,0.0028929999999998575,0.0028929999999998818,0.0028929999999998575,0.0010189299999997568,0.0010189299999997336,0.0010189299999997514,-0.08518028503668104,9.726020232400726,0.8937587666751794,0.0005096371379983802,-0.005821826175745405,-0.0006144542780555698,-14.5447505569458,-20.388000736236574,-1.4158125609159469,988.7313452148437,-0.011224952258406903,25.084304070411825
2025-03-01T17:18:15Z,40.25178083990909,-75.92837370389644,38.972197089756634,-15.136793693652017,-17.133252398843997,-1.0141805356940814,1.4649414074387772,0.02247201759247268,2.4700012576522443,0.0009999999977000724,0.0010000000034001634,0.0009999999946518942,0.0009999999912418073,0.0009999999972055743,0.0009999999869224339,0.00003399283024152271,0.000034000513303641155,0.8689809306140934,27.018309226195594,21.938562707838926,0.014632548202802671,0.0005085089329889074,0.00038649527135789383,0.006555984738090596,0.0028939999999998568,0.002893999999999881,0.0028939999999998568,0.0010189399999997579,0.0010189399999997336,0.0010189399999997514,-0.14141880775611454,9.63461762173638,0.4994588503445296,0.003978548209714147,-0.0010814486304284007,-0.0048280861561222745,-13.561125574111939,-20.12868818283081,-1.0807500321045518,988.6482006835937,-0.12991661603712246,24.294726972596887
2025-03-01T17:18:16Z,40.24993643621884,-75.92867033352326,38.30982535098287,-15.115902355384657,-17.898182337547755,-1.0964254638970796,1.4579342742776649,0.025196875270808702,2.473307133521524,0.0009999999980658506,0.0010000000033148937,0.0009999999944972548,0.0009999999910836476,0.00099999999698463,0.0009999999873206793,0.00003499190524900974,0.00003500053863166752,0.8635553425747358,28.832861581727975,23.37497179316936,0.014672476270237017,0.0005182517518551596,0.00039135901682036984,0.006568283880298927,0.002894999999999857,0.002894999999999881,0.002894999999999857,0.0010189499999997587,0.0010189499999997335,0.0010189499999997513,-0.14237266623389644,9.686558205397912,0.5480939547284932,-0.006850782641612012,0.00412225160389405,-0.004519983139918746,-13.668938074111939,-21.209438190460205,-0.9401250363141298,988.7248583984375,-0.07533011067317043,25.24997816665942
2025-03-01T17:18:17Z,40.2465769007726,-75.92904470758972,37.900187662140915,-14.55350958384568,-18.81404006307791,-1.143833255547668,1.455230430317764,0.02264663479398528,2.4704297163841815,0.0009999999978130352,0.0010000000035860542,0.0009999999943188147,0.0009999999908579303,0.0009999999971116377,0.0009999999870478123,0.00003599090747507207,0.00003600056677834636,0.8580123789753424,30.67689709268168,24.92437234229184,0.014782716237053224,0.0005284663105354858,0.0003960137840368087,0.006578934910456395,0.002895999999999856,0.0028959999999998804,0.002895999999999856,0.001018959999999759,0.0010189599999997343,0.0010189599999997502,-0.17396119769841734,9.668396289186342,0.7685317634746822,-0.002639153807200003,-0.002354083494896167,-0.0016923131343309558,-13.698188056945801,-21.416625747680666,-0.8656875295564532,988.5822924804687,-0.07787437869469524,25.43735513464388
2025-03-01T17:18:18Z,40.24394644143868,-75.92938029059407,37.238048799253725,-14.187563824967423,-19.64377780471547,-1.2297077589790897,1.4570975497160883,0.0330669789284686,2.4703989631584955,0.000999999997984575,0.0010000000035354445,0.0009999999944809946,0.0009999999908002,0.0009999999971748129,0.0009999999868903835,0.000036989831062260026,0.000037000598120698835,0.853089741051613,32.56037538844612,26.580409018547293,0.015234412024413743,0.0005387706978453082,0.0004011591930089347,0.006595623592224674,0.002896999999999858,0.002896999999999882,0.002896999999999858,0.001018969999999759,0.0010189699999997338,0.001018969999999749,-0.2754966393314784,9.663810021714758,0.6042644886133263,0.001433278032717808,0.001514726731632549,-0.013186752275882934,-34.34493866920471,-28.441688461303713,8.584125287085772,988.7687646484375,-0.09163639467394062,45.41130952203268
2025-03-01T17:18:19Z,40.24097743417686,-75.92972151224885,36.61367861544334,-13.560582948676647,-20.428779507698692,-1.1596246746159917,1.4618034929988548,0.02258802729608407,2.4728547859914065,0.0009999999980075441,0.0010000000036319082,0.000999999994456774,0.0009999999911549774,0.0009999999970389678,0.0009999999866686948,0.000037988669304783135,0.0000380006330646543,0.8492815094527364,34.49368520689426,28.395323554295075,0.01571803104717614,0.0005479048032378356,0.00040683805241785567,0.006601794882135742,0.0028979999999998564,0.0028979999999998803,0.0028979999999998564,0.001018979999999758,0.0010189799999997333,0.001018979999999748,-0.38494997141992693,9.807729203017404,0.6409040923535319,0.0036440751992604294,0.0013683530319160793,0.0076872982599216245,-39.36543899536133,-30.04687614440918,11.39943796634674,988.8129760742188,0.05802993251659529,50.81726634912998
2025-03-01T17:18:20Z,40.23664846481841,-75.93009052192963,36.21853008938517,-12.364763932334686,-21.062610189187808,-1.2523971978912463,1.465358868274124,0.02222080300353834,2.4749698519586163,0.0009999999977674215,0.0010000000033512143,0.0009999999947280362,0.0009999999913370395,0.0009999999970519238,0.000999999986810902,0.00003898741561812364,0.00003900067195179652,0.8470232814205592,36.3715493956192,30.299463784768072,0.01602156063591975,0.0005567799116539049,0.00041290082156692474,0.006613545242215202,0.002898999999999857,0.0028989999999998813,0.0028989999999998574,0.001018989999999757,0.0010189899999997329,0.001018989999999749,-0.3271816092436456,9.609931634899322,0.7391798015826245,0.0013314672833826355,0.0017794350977174149,-0.003524907865889629,-37.80525142669678,-29.946376037597656,9.697500419616699,988.7127075195312,-0.13421206210318587,49.194094901707075
2025-03-01T17:18:21Z,40.23194647300793,-75.93044149420757,35.79863486732981,-10.766543238194561,-21.39722740400407,-1.2844740337815683,1.4641695026462223,0.017309102522263375,2.4771097066623713,0.0009999999978630852,0.0010000000031395177,0.0009999999945588982,0.0009999999915724976,0.0009999999973552892,0.0009999999867732637,0.00003998606265169768,0.000040000715030297067,0.8456673035216855,38.250927615830015,32.34079385229089,0.01570047291832244,0.0005647049550671224,0.00041947964688754223,0.006622789743409244,0.0028999999999998563,0.00289999999999988,0.0028999999999998563,0.001018999999999757,0.001018999999999733,0.0010189999999997482,-0.4166058360113132,9.64097691151018,0.9680147156834069,-0.004257110912361832,0.0008876720779879728,0.00105791317344603,-42.007126350402835,-30.527438735961915,12.39675045967102,988.7383837890625,-0.07963621693564595,53.38723780446898
2025-03-01T17:18:22Z,40.22710252249235,-75.93076441598389,35.33776619848445,-9.016929799218293,-21.431153547141566,-1.317395403294352,1.4637746124728603,0.009318096204902064,2.4793650459805963,0.000999999997889269,0.001000000003186034,0.000999999994826749,0.0009999999916648341,0.0009999999970411431,0.0009999999872157828,0.00004098460033833804,0.000041000762498180895,0.843814072044703,40.13800446042174,34.4854707514974,0.015107682338235534,0.0005717469385435474,0.00042668363449225016,0.006630118951406058,0.0029009999999998577,0.002900999999999882,0.0029009999999998546,0.0010190099999997575,0.0010190099999997323,0.0010190099999997475,-0.3656661724602234,9.627638537721673,1.119678478981532,-0.004013599838899484,0.0003439024980239605,0.004518145294272118,-36.502501468658444,-30.506063652038574,10.58550042629242,988.7967065429688,-0.07860804946244564,48.73500164305143
2025-03-01T17:18:23Z,40.22245495616178,-75.93105455867521,34.783576296855834,-7.554866979498045,-21.440827920645685,-1.3353928340853574,1.4709258846911302,0.006232787979661876,2.4779917448042834,0.0009999999981729368,0.0010000000033463412,0.0009999999945512997,0.0009999999917587655,0.0009999999971554018,0.0009999999869599629,0.00004198301943381435,0.00004200081452900385,0.841867826118779,42.09028665440608,36.69801338108869,0.015196627225396156,0.0005782810675208625,0.00043433028446979307,0.006639400901702993,0.002901999999999856,0.0029019999999998817,0.002901999999999856,0.0010190199999997576,0.0010190199999997325,0.001019019999999747,-0.24311377162896125,9.680081231431954,0.8509645029109792,0.003408407548512157,-0.002924224231770527,-0.00006334089398745421,-36.975188961029055,-30.460126171112062,11.485500392913819,988.9017651367187,-0.05757296629633065,49.26353198427692
2025-03-01T17:18:24Z,40.21377119826031,-75.93132019689754,34.84870192324712,-4.871942852631651,-20.871350497589376,-1.3464934282781238,1.4732312151094495,0.000989783463706143,2.4785615076303134,0.0009999999980318853,0.0010000000032409976,0.0009999999946459185,0.0009999999917191457,0.0009999999973590301,0.000999999986851945,0.0000429813146071214,0.00004300087127591625,0.8407834782722686,44.068517579118186,38.96155628087566,0.015172304753548851,0.0005839877387039845,0.0004426130729589883,0.006648235291430549,0.002902999999999857,0.0029029999999998822,0.002902999999999857,0.001019029999999758,0.001019029999999733,0.0010190299999997474,-0.15994618630226534,9.623128763789598,0.8811277971143863,-0.005218471766706591,-0.0026273037023969575,0.0005572044731850573,-32.5845013999939,-27.805313663482664,9.282937879562377,988.5063720703125,-0.11337287607205346,43.82982624295352
2025-03-01T17:18:25Z,40.205868233834174,-75.9315309333286,34.773324433299635,-2.4512258316312794,-20.01752147417576,-1.2671613911656605,1.4759334619798974,0.0005464560331569623,2.4776037587856243,0.0009999999979247208,0.0010000000030798185,0.0009999999946068909,0.0009999999915620108,0.0009999999972579612,0.0009999999867248812,0.000043979481436304614,0.00004400093288921567,0.8398974754128166,46.12479904762117,41.31032405290588,0.014856461471750059,0.000589109153902521,0.00045135280730187343,0.006658667580582432,0.0029039999999998563,0.0029039999999998832,0.0029039999999998563,0.001019039999999758,0.001019039999999733,0.0010190399999997473,-0.11501799929441892,9.720001497901219,0.9953314689128494,-0.004369937321466243,-0.003677624112671965,-0.0031074835855660183,-33.468563919067385,-30.153751068115234,8.728875334262847,988.6210375976563,-0.006660526275554172,45.886621830951896
2025-03-01T17:18:26Z,40.196797910952036,-75.93168315076637,34.882641359763674,0.39856455250789447,-18.770086776606046,-1.2385681148778696,1.4840748351781516,0.004859126801324408,2.4777316860983345,0.0009999999978994897,0.001000000003066414,0.0009999999945590739,0.00099999999132793,0.000999999997070864,0.000999999987068776,0.00004497750796175509,0.00004500099956622271,0.8376075136216194,48.253377052035056,43.71649163462567,0.014261845569742622,0.0005939052471357856,0.00046056250711918424,0.006671115716415796,0.0029049999999998556,0.0029049999999998842,0.0029049999999998556,0.0010190499999997576,0.0010190499999997325,0.0010190499999997468,-0.2972392892011254,9.64540953501409,1.1311189211979698,0.00007902758758871506,-0.002727445361317451,-0.0073039240257349305,-28.53075107574463,-29.387251205444336,5.732625227570534,988.526328125,-0.062243323444968954,41.35786585884967
2025-03-01T17:18:27Z,40.18454641609836,-75.93174573574929,35.51084425774609,3.8997649938312096,-17.06548447422378,-1.0335435367000168,1.498036122873054,6.272847472317691,2.489274894695287,0.000999999997673161,0.0010000000031723725,0.0009999999943765417,0.000999999991355507,0.0009999999971365791,0.000999999987369943,0.000045975368970074376,0.000046001071543740105,0.8335307343769355,50.586128527403,46.21746259235983,0.014202073307951106,0.0005983669787188698,0.000470513375614521,0.006673876764884651,0.0029059999999998566,0.0029059999999998852,0.002905999999999857,0.0010190599999997572,0.001019059999999732,0.0010190599999997463,-0.44690250166543877,9.80682112280221,0.9479136958549192,0.00356112359018793,0.005953677089787205,0.013375684621655965,-30.980813751220705,-30.918938789367676,7.050375271588564,988.200576171875,0.08417728426141949,44.333902054704225
2025-03-01T17:18:28Z,40.17357565809137,-75.93176989785655,36.01470858420961,6.537312402012725,-15.251710874762411,-0.9697305145899575,1.5006391511495842,6.2623950002768956,2.491821956809699,0.000999999997380774,0.00100000000295418,0.0009999999943965474,0.0009999999913214918,0.0009999999971888318,0.000999999987643274,0.000046973039136043384,0.00004700114904418863,0.8290286698007098,53.02245146434939,48.71023420271839,0.014095189099607646,0.0006035855945585687,0.0004803840746035778,0.006678457728381935,0.0029069999999998554,0.0029069999999998836,0.0029069999999998585,0.0010190699999997575,0.0010190699999997324,0.0010190699999997467,-0.08199704868858827,9.698785097436911,0.8667571352006602,-0.006099719503769263,-0.0018662261295918701,0.009469822039132974,-40.276876544952394,-31.95187623977661,8.17762534737587,988.2946752929688,-0.04089332287967035,52.057827777017074
2025-03-01T17:18:29Z,40.165844203524294,-75.93180498433352,36.06539806494273,8.156546046147595,-14.100182583324283,-0.9499238536528996,1.5005342120700969,6.279350572020664,2.496881015796943,0.0009999999975280152,0.0010000000027854208,0.000999999994480115,0.0009999999913536544,0.0009999999968429707,0.0009999999876591221,0.00004797050071938578,0.000048001232265786096,0.8255439665593469,55.66159360640644,51.23398652556552,0.01442817760011763,0.0006086367269636845,0.0004904355443056539,0.006695427967347103,0.0029079999999998573,0.002907999999999883,0.002907999999999857,0.0010190799999997573,0.0010190799999997312,0.0010190799999997455,-0.19489709631925303,9.715546730914054,0.651926769174254,-0.005713839556453628,0.003754564816440424,-0.016526146286247517,-53.79450218200684,-46.28681442260742,10.344000418893993,988.5918872070313,-0.03945817308158443,71.71686478187954
2025-03-01T17:18:30Z,40.15719479732223,-75.93179118565095,36.1578936553852,9.95794752607519,-12.323996003379772,-1.0225538072754243,1.498015641866348,6.280675723678801,2.4991031183195402,0.0009999999973693246,0.0010000000029866934,0.00099999999451668,0.000999999991110364,0.000999999997022558,0.000999999987790266,0.000048967725312482994,0.000049001321516086914,0.8222224529451895,58.38846167996271,53.818878559066064,0.01441067322876962,0.0006146602875509656,0.0005002385225101223,0.006704713538626414,0.0029089999999998574,0.0029089999999998813,0.002908999999999857,0.0010190899999997574,0.0010190899999997314,0.0010190899999997457,-0.31852756743755106,9.575913706458804,1.1960892899414466,-0.008136936810844937,-0.0002975055494711967,-0.0002262380467137273,-33.05343879699707,-44.05500156402588,13.552125544548035,988.5357080078124,-0.12341938413788746,56.718844391790334
2025-03-01T17:18:31Z,40.14716480767441,-75.9317260027618,36.2973650683024,11.393333873035118,-10.458322761950281,-1.076552205791277,1.4990756752389724,6.28098538920925,2.501528431828149,0.000999999997126082,0.001000000002817024,0.0009999999947112247,0.0009999999910245813,0.0009999999969729505,0.0009999999881867682,0.00004996467303235244,0.000050001417221870636,0.818874606795193,61.33068292736086,56.454169978076266,0.014858377042876117,0.0006215941572134658,0.0005096722298911057,0.006713132519743582,0.0029099999999998567,0.0029099999999998806,0.0029099999999998567,0.001019099999999757,0.001019099999999732,0.001019099999999746,-0.3242664166022595,9.597003879919347,1.0144197887595245,-0.004397308962669547,-0.0002138869390385207,0.0019692033649241496,-32.5335013961792,-49.14675205230713,14.97637555360794,988.4464965820313,-0.12329042758874237,60.81214995458662
2025-03-01T17:18:32Z,40.13555943725892,-75.93160859893385,36.55928935740268,12.178646646221809,-8.42566871073062,-1.023446424396293,1.5062216230476635,0.0064128123961481745,2.499873198026542,0.0009999999969432958,0.0010000000029036689,0.0009999999946081863,0.000999999991024407,0.0009999999969873736,0.0009999999879858447,0.00005096132533403477,0.00005100151973366841,0.8176051558292042,64.48335767827773,59.14602349034861,0.015032259967786111,0.0006295475887965302,0.0005183495119343919,0.006724969270943742,0.0029109999999998564,0.0029109999999998803,0.0029109999999998564,0.0010191099999997556,0.0010191099999997326,0.001019109999999745,-0.1694148352797275,9.710031468706493,0.7432476004414994,0.002044142245442869,-0.0037081670786523187,-0.005214966803384598,-32.11068883895874,-30.783001289367675,10.71768790602684,988.336181640625,-0.03951886989994417,45.755367784001734
2025-03-01T17:18:33Z,40.122427530739515,-75.93144194371455,36.93708951735242,12.632333165105537,-6.084426548579318,-1.0687152160315356,1.5067244649724665,0.014500675001760402,2.50248922156339,0.0009999999970175845,0.0010000000027214188,0.0009999999946761777,0.0009999999910943482,0.0009999999968541475,0.0009999999880078117,0.000051957677731527675,0.00005200162941826866,0.818280105016502,67.71686635428853,61.90169201313734,0.01528789980174232,0.0006380781300285161,0.0005264877910059025,0.006736038850398769,0.0029119999999998583,0.0029119999999998817,0.002911999999999858,0.0010191199999997561,0.001019119999999732,0.0010191199999997455,-0.27067111242008507,9.589991449353175,0.8579036860945225,-0.004016770815997621,0.0005972609791617895,-0.0029677856389416857,-16.644188165664673,-25.165126094818117,-0.5720625234395266,988.2215625,-0.14759326453318744,30.176758510858424
2025-03-01T17:18:34Z,40.11338667717203,-75.93134152343646,36.921629510153586,12.750722403309272,-4.467389614352536,-0.8521663150141582,1.5086451680924942,0.018203812755830783,2.499575293099204,0.0009999999969990054,0.0010000000024329677,0.000999999994582989,0.0009999999910106565,0.0009999999969445821,0.0009999999880024792,0.00005295371955861264,0.0000530017467921919,0.8202914433007207,71.1458880712498,64.87209074735314,0.01570907070081022,0.000647431181329514,0.000533593497621807,0.006745640210045515,0.0029129999999998584,0.0029129999999998827,0.0029129999999998584,0.0010191299999997559,0.0010191299999997307,0.001019129999999745,-0.35529465782637265,9.888496787646966,0.9562467383844427,-0.000246599873314579,-0.004105229580500632,0.00009955697006221241,-13.555125503540038,-32.76825143814087,-12.490875449180603,988.5264990234375,0.16111296106896522,37.59678007157431
2025-03-01T17:18:35Z,40.10760553949264,-75.93129673049519,36.688628888380066,12.885146886090968,-3.408101995680722,-0.7836767692715981,1.5113148051833145,0.010847632884342238,2.5041322880322086,0.000999999997198323,0.0010000000020990154,0.0009999999944419172,0.0009999999907958396,0.0009999999971094142,0.00099999998778652,0.00005394943219792903,0.00005400187246704633,0.8239550311501569,74.58095393284137,67.9632717248624,0.016668700455244528,0.000656744693841249,0.0005401587780865238,0.006750696814317955,0.0029139999999998594,0.0029139999999998837,0.0029139999999998594,0.001019139999999755,0.0010191399999997315,0.001019139999999744,-0.44032224046138835,9.766661619183969,1.0644042832452338,0.0017794347816633437,0.003408407370549678,0.010504619780430168,-16.601625709533693,-43.90912658691406,1.3638750486820936,988.7818627929687,0.054373299943952014,46.96254622918941
2025-03-01T17:18:36Z,40.100407325624154,-75.93123854497894,36.55515913736342,12.33603860963717,-2.332373288098121,-0.8955810378406298,1.5156153309786073,0.014478592922737125,2.49642585110971,0.0009999999970242482,0.0010000000019249095,0.000999999994652867,0.0009999999906271017,0.0009999999971213008,0.0009999999875926918,0.00005494481347884573,0.00005500200692200341,0.8295277100310314,77.95188022940084,71.0839113666496,0.0168684933450313,0.0006670806034530532,0.0005451629480287462,0.006760518636843251,0.0029149999999998595,0.0029149999999998856,0.0029149999999998595,0.0010191499999997547,0.0010191499999997306,0.001019149999999744,-0.2135689541190694,9.594375756746288,0.777530349441423,0.0041547973480160465,-0.008034959031534936,-0.00016381579671174464,-15.433313102722169,-37.74881408691406,1.642125078253448,988.7248486328125,-0.15189880327842267,40.81485683601742
2025-03-01T17:18:37Z,40.09550597923217,-75.93121336317313,36.09591015529439,11.720561400810448,-1.860742336772112,-0.9663090862052414,1.5116625593697612,0.0161391450950214,2.5011071589721494,0.000999999997033727,0.001000000001741603,0.000999999994801606,0.0009999999908611148,0.000999999996973744,0.000999999987398923,0.00005593990124812057,0.00005600215048563747,0.8361735925856004,81.33603859517368,74.34668363381911,0.016624592042290942,0.0006767207662936248,0.0005499548081483916,0.0067699502415578695,0.00291599999999986,0.0029159999999998857,0.00291599999999986,0.001019159999999754,0.0010191599999997308,0.0010191599999997431,-0.26169802709868006,9.672703376450203,0.5113830908962912,-0.003769253623495747,0.004538507629018413,0.0014434588813546584,-11.395687932968139,-36.99356407165527,-0.27300001014024017,988.92728515625,-0.09040092771378544,38.70989634618895
2025-03-01T17:18:38Z,40.08883365299513,-75.93117761344995,35.779008246970506,10.678725281033987,-1.0896978229374048,-0.9289272131593097,1.501382392445749,0.019747900178722477,2.5021687263195975,0.0009999999969877622,0.0010000000017838216,0.000999999994727911,0.0009999999906203177,0.0009999999970436197,0.000999999987737374,0.000056934745242588154,0.000057002303561489185,0.8425074791807236,84.65684907938608,77.78780135106442,0.016309914272893192,0.000686323047253024,0.000553935260951057,0.006779756894933808,0.0029169999999998615,0.002916999999999886,0.0029169999999998615,0.0010191699999997535,0.0010191699999997311,0.0010191699999997426,-0.17515761146397796,9.752543861705309,0.7327590622457195,-0.009494525316162471,0.0011380268231708263,0.0004370345845528243,-10.755000376701355,-35.8376265335083,0.48018751710653307,988.8701708984376,0.0013719777969215825,37.41967771418479
2025-03-01T17:18:39Z,40.080245459093895,-75.93113687928708,35.60589548843437,9.146369626472998,-0.20851675499268285,-1.0182998094537845,1.4976037196960112,0.02435023503597817,2.5006446671482823,0.0009999999970132449,0.0010000000021949315,0.0009999999948528812,0.0009999999905953405,0.0009999999973098965,0.0009999999881354599,0.00005792938364430832,0.00005800246658427341,0.8475657580755859,87.83967638163149,81.32610597119972,0.016035743996818418,0.0006956844478846729,0.0005574434334096437,0.006789455967740078,0.0029179999999998634,0.0029179999999998877,0.0029179999999998634,0.001019179999999753,0.0010191799999997304,0.0010191799999997421,-0.20097720545253525,9.601083425051046,0.8256613821811319,-0.0022013673455721135,-0.0012239835632427238,0.0004558944061866187,-10.099125394821167,-34.528314094543454,-1.5382500622421502,988.7905078125,-0.14170724532355075,36.00776800565797
2025-03-01T17:18:40Z,40.07116437411063,-75.93110500334087,35.447174175298855,7.310413496181395,0.5293763275920963,-0.9733577916142411,1.4975525320713319,0.0293430049153983,2.4987110128790144,0.0009999999972112323,0.0010000000022683613,0.0009999999946267582,0.0009999999902612917,0.0009999999972420664,0.000999999988540476,0.000058923850174474737,0.00005900263997875254,0.8510413229551607,91.01683279297244,85.05299414305641,0.01561542985002788,0.0007046433344181317,0.0005608539372893148,0.006799186198726857,0.0029189999999998627,0.002918999999999887,0.0029189999999998627,0.0010191899999997516,0.0010191899999997295,0.0010191899999997412,-0.2408007100107704,9.735794169741661,0.770565659535608,0.0020746860560070914,-0.0014377862877319749,0.00029299696052707195,-11.005312871932983,-34.09350170135498,-1.711500060632825,988.7897045898437,-0.011191530456433035,35.86654921211076
2025-03-01T17:18:41Z,40.308594860444785,-75.90531161255309,38.841094896417566,8.883967124225771,21.926751336313163,-0.6263376763496152,1.5132484622272226,0.07290973991023035,2.531160697655806,0.0009999999969224085,0.001000000002167145,0.0009999999949646477,0.0009999999902243445,0.000999999997087626,0.0009999999890671753,3.0774907188187295e-10,3.0774916483584823e-10,0.5085783748284052,0.008935419334856544,0.008935380178696828,0.010719689292038972,0.00017574987220146164,0.00016681738200487563,0.006643868731486576,0.002919999999999862,0.002919999999999889,0.0029199999999998645,0.001019199999999752,0.0010191999999997297,0.0010191999999997411,-0.2015263818094681,9.75449873758308,0.6663621604822445,-0.02091068691159723,0.009950502234246025,-0.010468404251737395,-9.539062862396241,-34.37756395339966,-2.2368750889599323,988.923447265625,-0.003549827162140064,35.74647657784429
2025-03-01T17:18:42Z,40.30873645182027,-75.90505033655586,38.255929826145724,8.597365192363652,22.434520096241577,-0.7430829927902908,1.5330263783568279,0.07285058256733849,2.521506959203629,0.0009999999969621093,0.0010000000019745367,0.0009999999951535285,0.0009999999900330006,0.0009999999972529377,0.0009999999893907973,1.0003077492912224e-6,1.0003077497283349e-6,0.5417158226427021,0.028513550101664575,0.02715514561940956,0.011235792829214646,0.000185689234109403,0.00017673117109490068,0.006653906447664238,0.002920999999999863,0.0029209999999998872,0.002920999999999863,0.0010192099999997513,0.0010192099999997298,0.0010192099999997402,-0.17802900416220427,9.664049330391308,0.714972414493629,0.02057370772433608,-0.00972518627535508,-0.0002873239260424216,-8.692500343322754,-35.497126502990724,-2.4451876006275417,988.8624365234375,-0.09082244934406661,36.62759558879632
2025-03-01T17:18:43Z,40.30887691267272,-75.90478446050216,37.88887254003706,8.42814231896847,22.709580599245818,-0.8790411703682086,1.554902144646812,0.06915996455893147,2.5265663657509934,0.0009999999970566012,0.0010000000021647445,0.000999999994941624,0.0009999999904235035,0.0009999999970250132,0.0009999999895108256,2.000307750149321e-6,2.000307753923923e-6,0.5757636850117528,0.08188103980898767,0.07837660891504813,0.011679920217489669,0.00019543535218149893,0.00018672005968520556,0.00666442205932485,0.002921999999999862,0.0029219999999998865,0.002921999999999862,0.001019219999999751,0.0010192199999997298,0.0010192199999997404,-0.3902723504733959,9.610888861654214,0.39676688642353175,0.022100202645935797,0.004632974523133798,0.004142279773811405,-12.48487545490265,-31.16006378173828,0.37743752297014,988.5854272460938,-0.15596155424048758,33.57023570009582
2025-03-01T17:18:44Z,40.309013628742576,-75.90451484214225,37.52982959800074,8.362930140947546,23.068320295407524,-0.8801814505127148,1.5476508817699361,0.0553393045279152,2.53158065509036,0.0009999999971833172,0.0010000000020040792,0.0009999999948334026,0.0009999999904180168,0.0009999999968745535,0.0009999999891744545,3.0003077512219037e-6,3.000307768706973e-6,0.6094542227874141,0.1741298028964288,0.1646281088005513,0.012114384677372398,0.00020490745812161402,0.00019672430259694412,0.006676266242521703,0.0029229999999998606,0.002922999999999885,0.0029229999999998606,0.0010192299999997512,0.0010192299999997297,0.0010192299999997403,-0.35282338253468537,9.738258891244193,0.46901312993835287,-0.006823577399500075,0.004334885586311761,0.014159627687353007,-12.518812999725341,-21.9849383354187,1.155750039294362,988.5855981445312,-0.02706440264590062,25.32570566616128
2025-03-01T17:18:45Z,40.30913246949908,-75.90424166312712,37.49872818410287,8.031753123946645,23.3173039319808,-0.9406935858986022,1.5434521649165958,0.05492810358331522,2.532065828907246,0.0009999999971775952,0.001000000002169959,0.0009999999946630116,0.0009999999910267165,0.0009999999968259361,0.0009999999890030326,4.000307741113432e-6,4.000307805497762e-6,0.641554763265878,0.3027330356746646,0.2899557761938453,0.012446502251061262,0.00021468316905899132,0.0002067208539889222,0.006686319197367237,0.0029239999999998594,0.0029239999999998833,0.0029239999999998594,0.0010192399999997504,0.0010192399999997292,0.0010192399999997398,-0.12271491336106226,9.65699048741458,0.3087907731050758,-0.0028631378791401383,-0.0002262378478367484,0.0005475241226366241,-14.089125547409058,-22.834125766754152,-0.539812519736588,988.3144067382813,-0.12031628508789893,26.836345103148503
2025-03-01T17:18:46Z,40.30922893716799,-75.90396261093895,37.499727176687855,7.96943756302771,24.086951828329408,-0.8561585092639992,1.543441780050214,0.06086632496083224,2.523312126215821,0.0009999999973043354,0.0010000000019309053,0.0009999999946343565,0.0009999999909280082,0.0009999999967988296,0.0009999999889777386,5.00030767658681e-6,5.000307880843171e-6,0.6716515953322124,0.4909742166172184,0.4524703502992379,0.013175194302363316,0.00022459234269429928,0.00021667656737729427,0.006695481188788811,0.0029249999999998574,0.0029249999999998817,0.0029249999999998574,0.0010192499999997513,0.0010192499999997298,0.0010192499999997406,-0.06517472122840363,9.787174496320212,0.9343190699615067,0.002031792291290969,-0.009336802023403474,-0.0063826196039754686,-14.557500562667848,-22.290188312530518,-0.7972500293329358,988.3358276367187,0.048773252602790515,26.634680560037204
2025-03-01T17:18:47Z,40.309298927412996,-75.90367612524432,37.513382204522394,7.8753595403049905,24.643569934537364,-0.8207739525299763,1.5429377202253134,0.054852865300087414,2.5201452998319547,0.0009999999971058043,0.0010000000018975,0.0009999999945431428,0.0009999999907254668,0.0009999999970561218,0.0009999999886032803,6.000307451200459e-6,6.000308015471278e-6,0.6999644221068394,0.7219718109946136,0.6548507775988371,0.013842640126373696,0.0002340675046398153,0.00022661384188587467,0.006706148913322761,0.002925999999999859,0.0029259999999998827,0.002925999999999859,0.0010192599999997516,0.0010192599999997304,0.0010192599999997408,-0.13782957102352647,9.74217488670156,0.7612735304151922,0.001341648386550116,-0.004115410216269329,0.005373355772774708,-15.21450065612793,-22.51612573623657,-0.6684375317022204,988.4032763671875,-0.010333445205305773,27.182733205181695
2025-03-01T17:18:48Z,40.309351906367716,-75.9033832960877,37.35678308723847,7.907623983756506,25.258511880720732,-0.8966290521406423,1.547944846047873,0.06095542401170739,2.5171839513201864,0.0009999999972078832,0.0010000000022776488,0.0009999999944727094,0.0009999999908142,0.0009999999968884974,0.0009999999883122204,7.0003068557394e-6,7.00030823520454e-6,0.726533111851316,1.0042125079698334,0.8929289640741914,0.014659913464482165,0.0002436973610200199,0.0002364642213316945,0.0067151851016437085,0.00292699999999986,0.0029269999999998837,0.0029269999999998603,0.001019269999999752,0.0010192699999997305,0.0010192699999997412,-0.18340369220936695,9.64082004772059,0.8672023501230894,0.006758483429721292,-0.0035185655670947613,-0.006923385329724456,-15.307688074111939,-23.129250831604004,-0.6945000236108899,988.5580859375,-0.10177035161127665,27.744676220073153
2025-03-01T17:18:49Z,40.30935201538355,-75.903083979404,37.18478794205109,7.553677733933596,25.997180035813148,-1.02085950134673,1.535973256448005,0.052999046910486194,2.4984271231716435,0.000999999997121322,0.001000000002210656,0.0009999999943915037,0.0009999999910728851,0.0009999999966756512,0.0009999999879621482,8.00030553772208e-6,8.000308570546054e-6,0.7520323086767798,1.3494565815320967,1.177397905570991,0.015946496562540286,0.0002527938732573294,0.0002460641924212796,0.006725959518869599,0.0029279999999998595,0.002927999999999884,0.0029279999999998595,0.0010192799999997524,0.0010192799999997311,0.0010192799999997415,0.2581426944000007,9.606581790286011,0.8135567098066846,-0.008859793688142811,-0.01981463516648381,0.00617766108578038,-15.266250562667846,-23.79825090408325,-0.6125625218078494,988.5388159179688,-0.13891468619685893,28.280514503692853
2025-03-01T17:18:50Z,40.3092349635355,-75.90278093876209,37.24642805075676,7.368128660610906,26.505902360932147,-0.9394823992869268,1.5346303530762035,0.060067776709999715,2.4847174374897434,0.0009999999969478271,0.0010000000026387243,0.0009999999943213261,0.000999999991267582,0.0009999999966113795,0.000999999987753327,9.00030296676818e-6,9.00030905788859e-6,0.7772625023428439,1.7518909880619427,1.5031822432164417,0.017188361342421944,0.00026205018607456944,0.0002553678248549305,0.0067346510429864455,0.0029289999999998605,0.002928999999999885,0.0029289999999998605,0.001019289999999752,0.0010192899999997306,0.0010192899999997415,0.07082455955671547,9.766741346357042,0.8894889512863215,0.002502291555634778,-0.014622284587543765,-0.009816814963542333,-17.076750602722168,-23.70300090789795,-0.5285625322535634,988.38005859375,0.02401814408398009,29.21855679665084
2025-03-01T17:18:51Z,40.30907017189679,-75.90247600354152,37.367167213894305,7.24534621856287,26.844776591768735,-0.7395539195054771,1.5328366930551893,0.06449083992055733,2.473761150078128,0.0009999999969506556,0.0010000000028773002,0.0009999999945811745,0.0009999999917237447,0.0009999999968273415,0.0009999999873821289,0.000010000298411336605,0.000010000309736139517,0.8023180897302483,2.208837937031263,1.8696190962788,0.018224389414156363,0.000270929050563594,0.00026423689062772033,0.006743643766510282,0.0029299999999998615,0.002929999999999886,0.0029299999999998615,0.0010192999999997527,0.0010192999999997314,0.0010192999999997423,-0.09302560982132681,9.886496197807299,0.8412735775725022,0.002031791589456948,-0.011900431085466501,-0.007464151409040343,-18.063188352584838,-23.21662591934204,0.03018750298768283,988.4440063476562,0.13922116725680714,29.41578493696406
2025-03-01T17:18:52Z,40.30870501015039,-75.90217811038409,37.85403851522539,6.967649112200194,26.796114473050917,-0.8135283745903582,1.5139506426646572,0.05834874797026587,2.472711120753098,0.000999999996736229,0.0010000000030139415,0.0009999999944657878,0.0009999999917687798,0.0009999999965075292,0.000999999987531902,0.000011000290937473223,0.000011000310646954823,0.8265947147423763,2.695303544224466,2.262358422971225,0.018937748348415454,0.00027907829526252064,0.0002726388931937709,0.006753688855688983,0.0029309999999998625,0.002930999999999887,0.0029309999999998625,0.0010193099999997535,0.0010193099999997323,0.0010193099999997427,-0.023293126921534957,9.58309215608945,0.6830681149096399,-0.014337215149143497,-0.002812232164209755,0.0019219698287065374,-26.983876152038576,-25.073251094818115,6.478687754273414,988.2177319335938,-0.17599987150333016,37.4000945578073
2025-03-01T17:18:53Z,40.308239663108544,-75.90188728319562,38.45972746337161,6.813230986806043,26.788976343486507,-0.4808499103073676,1.5107661142663258,0.04401875107931914,2.4540031063531607,0.0009999999968950848,0.0010000000034099026,0.0009999999943175201,0.0009999999915314525,0.000999999996419463,0.000999999987610847,0.000012000279425274384,0.000012000311833887675,0.8500251381344865,3.275318971974587,2.6990807171824582,0.019950799655831505,0.0002869672955278585,0.00028011042534312143,0.006764602264860872,0.0029319999999998627,0.002931999999999886,0.0029319999999998622,0.001019319999999754,0.0010193199999997326,0.0010193199999997435,0.07878690628929967,9.970637288074919,0.981077165710793,0.002432359592823132,-0.020943234501501956,0.008418332709833711,-19.977938318252562,-22.2131258392334,6.486187789440155,988.1781860351563,0.23566586964655153,30.571367205870104
2025-03-01T17:18:54Z,40.307587699555626,-75.90160945681383,39.27801113217302,6.653850458672572,26.547805320836066,-0.66147582358814,1.4882918127941878,0.04702454429179493,2.4386427752255693,0.0009999999970079277,0.00100000000379554,0.0009999999944608068,0.000999999991457199,0.0009999999962749056,0.0009999999879131464,0.000013000262614209578,0.000013000313338686014,0.8729404404414794,3.8845121846506063,3.133701917688767,0.020870515320517567,0.0002951855615813311,0.00028673265784562297,0.006773310437726579,0.0029329999999998615,0.0029329999999998854,0.002932999999999861,0.0010193299999997547,0.0010193299999997334,0.0010193299999997438,0.18464315863885036,9.432743103341824,1.001114121621569,-0.016485422255268282,-0.016607594911910523,-0.010152790164545247,-16.85156312942505,-19.80075080871582,4.221750146895647,988.0247338867188,-0.2958868585471872,26.341324949011906
2025-03-01T17:18:55Z,40.30712047285455,-75.9013278351812,39.59766459859117,6.535282968130564,26.532784612652655,-0.5614955084933344,1.4917789646041777,0.03757241122591055,2.415502821096516,0.0009999999971393495,0.0010000000039212889,0.0009999999944048437,0.000999999991554408,0.0009999999960513882,0.0009999999879874385,0.000014000239154860166,0.000014000315200387685,0.8950802076746704,4.574844588937033,3.5990408447031195,0.02170576687552661,0.00030313315402493037,0.0002921580850028248,0.006783610694162909,0.0029339999999998603,0.0029339999999998846,0.0029339999999998603,0.0010193399999997544,0.001019339999999733,0.0010193399999997438,0.18420447127820247,9.74931358400601,1.148192956933703,0.008020436491900517,-0.024762640155871415,0.0030520695197813427,-13.357313003540039,-18.9204381942749,2.1900000846385956,988.2728686523437,0.03502003035025277,23.263587851207316
2025-03-01T17:18:56Z,40.30678373460182,-75.90103996499474,39.73699309595161,6.512633751370336,26.922399018804356,-0.46690654982434016,1.496213654534223,0.03690516675245534,2.3928904108726026,0.0009999999969713066,0.0010000000040624132,0.0009999999944741514,0.0009999999919280645,0.0009999999957551796,0.0009999999877277686,0.000015000207700403977,0.00001500031745611032,0.9172301960803404,5.36670289562104,4.068854227185393,0.023151921025372574,0.00031128337250340955,0.0002964327534046597,0.006793028897242528,0.0029349999999998613,0.0029349999999998856,0.0029349999999998613,0.0010193499999997537,0.0010193499999997324,0.0010193499999997429,0.3395261233813476,9.762657788757405,1.362673555319159,0.007749886827026899,-0.023256507786225546,-0.004509968541550304,-11.587687921524047,-18.61556327819824,3.4080001175403596,988.4256860351562,0.07969808400743178,22.1906716657852
2025-03-01T17:18:57Z,40.30626788682657,-75.90076329137943,39.980427487800405,6.495580695420943,26.904097790667475,-0.6598481282859342,1.5010280061447823,0.06706471429020716,2.370682963364209,0.0009999999968993598,0.0010000000042818405,0.0009999999947871944,0.0009999999917969663,0.0009999999954279596,0.0009999999874179101,0.00001600016699509515,0.000016000320133742594,0.9391798208166949,6.173731404594877,4.520721665704916,0.023868020750531318,0.0003205902505007576,0.0002994993301266645,0.006799478453435627,0.0029359999999998597,0.002935999999999884,0.0029359999999998597,0.0010193599999997528,0.001019359999999731,0.001019359999999742,0.10412465838024894,9.473899641668709,1.0956704966866102,0.009028362445223315,-0.02070038936669829,-0.036257079521494706,-10.616250371932983,-18.433313217163086,3.613312633484602,988.3242626953125,-0.24582993449793542,21.576506566443587
2025-03-01T17:18:58Z,40.305402989146046,-75.90051217343475,40.49226028852675,6.409233785209762,27.23578894177063,-0.5776784321019661,1.4926596053546306,0.05167888766793836,2.310881393523485,0.0009999999967843555,0.0010000000045809912,0.0009999999949584757,0.000999999991963221,0.0009999999950438027,0.0009999999875462784,0.000017000116090949215,0.000017000323250707214,0.9634405337829719,7.190210844920336,4.9841278335018835,0.02728585785460107,0.00033029336408978556,0.00029934877513380047,0.006810059456304533,0.0029369999999998607,0.002936999999999885,0.0029369999999998607,0.0010193699999997531,0.001019369999999732,0.0010193699999997425,0.6760119013097303,9.714762138362417,1.5100086527567758,-0.0006620212126266058,-0.061650861928186605,0.004042137902743089,-10.544250364303588,-18.06937572479248,4.01306265950203,988.1060009765625,0.07114440654968433,21.302254670203062
2025-03-01T17:18:59Z,40.304749808269676,-75.90024618731897,40.78377073034497,6.105157067283339,28.298060865474884,-0.5392207893917126,1.4910935415145434,0.053990735586550744,2.2206844521899174,0.000999999997000253,0.001000000004986298,0.0009999999946043287,0.0009999999917738114,0.0009999999949431946,0.0009999999878149571,0.000018000054912110023,0.000018000326800666346,0.9966364815359229,8.400659211489758,5.427822781289089,0.03330675145185827,0.00034270933879447236,0.0002952521817483189,0.006819334608657127,0.0029379999999998596,0.0029379999999998834,0.002937999999999859,0.001019379999999754,0.0010193799999997323,0.0010193799999997431,1.3273356109045316,9.709074281687924,1.6631283964167785,0.006035126268634967,-0.09049169082420717,-0.0151517006007904,-11.181750440597535,-19.074375772476195,5.064937693588436,988.2352026367188,0.15590216256159978,22.682915032239205
2025-03-01T17:19:00Z,40.3045885877496,-75.89993274912112,40.529018508204814,5.729492606495821,29.69318870708399,-0.6313653034635646,1.4900210422786002,0.06173371094817569,2.1329724338250533,0.0009999999971741723,0.0010000000052369502,0.0009999999943384162,0.0009999999918454147,0.0009999999952550556,0.0009999999877135849,0.000018999984496076247,0.000019000330739938306,1.0394753291649066,9.67272320372646,5.812982486237724,0.038492413562473154,0.0003557202606063478,0.0002882965105245924,0.006828598944904058,0.0029389999999998593,0.002938999999999882,0.0029389999999998575,0.0010193899999997535,0.0010193899999997322,0.0010193899999997428,1.1702468005125917,9.663171870544534,1.4224104295625601,0.0049253883724930175,-0.0871421150667471,-0.01717773587537983,-11.140875377655028,-21.37762586593628,6.837937808036804,988.5362060546875,0.05337601726877485,25.05747053521332
2025-03-01T17:19:01Z,40.30420259170498,-75.89963266767109,40.48847824891671,5.339858708040525,30.641604274923875,-0.5778537269794719,1.4904292479584964,0.05404013901237813,2.050244550046088,0.000999999996958965,0.001000000005224568,0.0009999999946933577,0.0009999999917569822,0.00099999999507771,0.0009999999878868501,0.00001999990684052732,0.000020000335009278966,1.0876402650493442,11.030198366017654,6.143178423049659,0.042828832354967615,0.0003683561641253089,0.00027869915094688274,0.006838737557517807,0.002939999999999859,0.002939999999999882,0.0029399999999998572,0.001019399999999753,0.0010193999999997313,0.0010193999999997421,1.1443775053291947,9.791646251735767,1.143592984295081,0.006438029865415352,-0.08349178059978093,-0.003368352908500046,-8.364750328063964,-21.583500804901124,8.870062870979309,988.4425317382812,0.14050845825361646,24.78894999979185
2025-03-01T17:19:02Z,40.30385994837249,-75.89932373950973,40.51209658713931,5.424024407007567,31.81565180199457,-0.4467388696032696,1.487818942448937,0.03896930523205351,1.9608611496269646,0.0009999999972433154,0.0010000000049402566,0.0009999999949310175,0.0009999999914018238,0.0009999999952461057,0.0009999999881537887,0.00002099982470427208,0.00002100033953272507,1.137940653900921,12.558942210537019,6.3597498823198055,0.04698393556528954,0.0003809259827943926,0.0002666890999801471,0.006849257175061558,0.0029409999999998604,0.0029409999999998803,0.002940999999999856,0.0010194099999997516,0.0010194099999997304,0.0010194099999997408,1.2784023834742593,9.825166152948878,1.5338361964080152,0.002359756142887477,-0.09078694170454024,0.003438950702010719,-6.813000254631042,-21.160313301086425,9.811125388145447,988.465732421875,0.2419739031688214,24.298796977717526
2025-03-01T17:19:03Z,40.30367026149046,-75.89899061295306,40.49118614252392,5.734533715690049,32.83652218227553,-0.38709343139817004,1.484599469377219,0.031792189614513834,1.8774897778915107,0.0009999999970880765,0.0010000000047199918,0.0009999999947724598,0.0009999999916165889,0.0009999999951409474,0.0009999999882662589,0.00002199974083523875,0.000022000344229493274,1.1848814779943835,14.102488000515274,6.463805042692068,0.04825461504489238,0.0003927164158436088,0.00025413858960594116,0.006859310420952629,0.0029419999999998597,0.002941999999999881,0.002941999999999856,0.001019419999999752,0.0010194199999997307,0.0010194199999997414,1.051253560730738,9.744339034028664,1.5494706179560087,0.0000890417024365796,-0.08405257522468419,-0.003077942057193514,-8.28693781375885,-22.842563419342042,9.968437905311584,988.537431640625,0.13844781838698747,26.264483954671313
2025-03-01T17:19:04Z,40.303428545964444,-75.89866172302442,40.61629749666394,5.689893434271848,33.40219403706112,-0.3164372945715976,1.487324419505429,0.008736767905956424,1.8077501402803446,0.0009999999971870212,0.0010000000047326123,0.0009999999952098695,0.0009999999915731648,0.0009999999949284598,0.0009999999881922486,0.000022999657123892973,0.00002300034907232618,1.2216636376410643,15.646439879645012,6.520140140425537,0.047314695889516714,0.0004028712098137726,0.00024240141217102913,0.00687024429123918,0.002942999999999858,0.0029429999999998806,0.0029429999999998563,0.0010194299999997524,0.0010194299999997309,0.0010194299999997417,1.023407249288441,9.768017505641033,0.996687400758527,0.004355248097370636,-0.07179922750416763,0.013314598062478325,-9.564750337600708,-23.520188274383546,10.978687915802002,988.4973022460938,0.08769730763806871,27.66247408491611
2025-03-01T17:19:05Z,40.30298607357609,-75.89836495630614,41.09233003064513,5.653693098295179,33.78244670780216,-0.20246390332525566,1.494387023454008,6.276769959478721,1.727202816975181,0.0009999999974827439,0.001000000004697394,0.0009999999954580588,0.0009999999911738855,0.000999999994748076,0.000999999987921565,0.00002399957478227817,0.00002400035408094875,1.2475274394266054,17.347282849396013,6.523431490665775,0.046811920468615244,0.00041160556897732343,0.0002326325631593757,0.006880603645525307,0.002943999999999858,0.0029439999999998825,0.002943999999999858,0.0010194399999997519,0.0010194399999997306,0.0010194399999997415,1.3932578743550497,9.76267354392532,0.846737187648636,0.00715905061950362,-0.08201969659126655,0.003010677960157562,-8.837437858581543,-23.653875846862793,11.782500448226928,988.3473901367188,0.11360032100111571,27.864504757267085
2025-03-01T17:19:06Z,40.3021889323371,-75.89813462644535,42.28684212692044,6.286838622329574,33.50328670277984,0.2043005405684581,1.5017570606971709,6.261472369612751,1.6465975812432871,0.0009999999973498857,0.0010000000046021717,0.0009999999951322551,0.0009999999909323589,0.000999999994698432,0.0009999999878994162,0.00002499949421027919,0.00002500035926875417,1.2636795575175652,19.1777056273863,6.4527464941557495,0.04558884993917181,0.0004178909941327844,0.0002261954606362519,0.00689075079737564,0.0029449999999998575,0.0029449999999998817,0.0029449999999998575,0.001019449999999751,0.0010194499999997297,0.0010194499999997403,1.4340267274971634,9.934117283800774,1.272805404910932,0.005750055981535972,-0.08218392864958764,0.0005271616599545424,-7.790437812805176,-22.8211883354187,12.324938011169433,988.039599609375,0.33322594957690344,27.081338469695577
2025-03-01T17:19:07Z,40.301520396940475,-75.89789299094961,43.58716532412869,6.7649514229635574,33.08803876043159,0.2809850947829897,1.5069467330336013,6.273004470505966,1.5787025545969373,0.0009999999972239593,0.0010000000047388146,0.0009999999953034429,0.0009999999908087353,0.0009999999947005408,0.0009999999879914273,0.000025999414547589818,0.000026000364662715116,1.2690582177825895,20.950570116392683,6.344620739685959,0.042883892383675334,0.0004222674920652258,0.00022265294350441007,0.00689933535782705,0.002945999999999857,0.0029459999999998814,0.002945999999999857,0.0010194599999997504,0.0010194599999997292,0.0010194599999997396,1.1544142986140329,9.65180599593656,1.0145538131842018,0.003449131451689617,-0.0675333554527365,-0.023581634831078124,-6.768187780380249,-23.047875862121582,13.777313079833984,987.9409130859375,-0.010792067681765539,27.691595819748844
2025-03-01T17:19:08Z,40.30088870286511,-75.89765208484025,44.91328966254552,7.005833372345485,32.513304979228785,0.35497410691347187,1.5064632426339049,6.258016156407356,1.520799434404073,0.0009999999972254876,0.0010000000049420008,0.000999999995246042,0.0009999999907408848,0.0009999999949664947,0.0009999999879912577,0.000026999333864497843,0.000027000370331445572,1.263497286823601,22.73001072841473,6.242065555974564,0.03939306665185188,0.0004259888325266391,0.00022157727667662257,0.006909540031859532,0.002946999999999857,0.002946999999999881,0.002946999999999857,0.0010194699999997497,0.0010194699999997283,0.001019469999999739,0.9466362178587923,9.681027253943535,0.773686136913648,-0.0022042047946070815,-0.059197388060904584,0.004372605591971034,-5.204812688827515,-22.794938201904298,13.913625574111938,987.80228515625,-0.026203137249155267,27.208187820091958
2025-03-01T17:19:09Z,40.300262771698854,-75.89741341388542,46.31394914892333,7.089244468680173,31.95832684792335,0.50149377670262,1.5141254577770518,6.246786320364369,1.4628584362333512,0.0009999999970709131,0.0010000000052708517,0.0009999999950761024,0.000999999990587322,0.0009999999947498336,0.0009999999878069032,0.000027999249740799442,0.000028000376356271776,1.249272224645747,24.595871770152407,6.157298672799777,0.03615254182907619,0.00042811827201062427,0.00022371419378632511,0.006919584533853775,0.0029479999999998574,0.0029479999999998817,0.002947999999999858,0.00101947999999975,0.0010194799999997282,0.001019479999999739,1.0322208144351026,9.762872925435529,0.6151518258323004,0.005179915572811745,-0.05889980038807598,0.0013314673612461923,-4.721437673568726,-22.78050079345703,14.444813060760499,987.6463208007813,0.052487231169974995,27.384174656588417
2025-03-01T17:19:10Z,40.29945634325415,-75.89720537058598,47.97383717113606,7.453868679406611,31.199610186170563,0.5583644259161813,1.5089717221626797,6.240196087693017,1.3986969315659115,0.0009999999968595109,0.0010000000052821539,0.0009999999952566092,0.0009999999901661408,0.0009999999948623508,0.000999999987973107,0.000028999159360302584,0.000029000382789513794,1.2295989216018612,26.52738076624802,6.059403358811911,0.033751144353053195,0.0004274487108366225,0.000230001270225994,0.006929333065241341,0.002948999999999857,0.002948999999999882,0.0029489999999998576,0.001019489999999749,0.0010194899999997275,0.0010194899999997383,1.1508891313310508,9.627522185023304,0.9200013565274919,-0.008533164144447611,-0.0648153408787606,-0.004389798771977381,-3.461062641143799,-22.763625774383545,14.346375560760498,987.3832788085938,-0.04434818478005055,27.12890226215651
2025-03-01T17:19:11Z,40.2987242950862,-75.8969821083123,49.55657540609193,7.6642672563400644,30.56790402595876,0.6614892592210182,1.5122687311784704,6.246624110572094,1.337331081629425,0.0009999999971886282,0.0010000000053993817,0.0009999999954020046,0.0009999999902680675,0.0009999999948230214,0.0009999999877299518,0.000029999059385027357,0.00003000038966669303,1.2069730375482814,28.51495009810902,5.991111671952885,0.03154122070597819,0.00042519350166584735,0.00023874716755947856,0.006938610488287167,0.0029499999999998586,0.00294999999999988,0.0029499999999998555,0.0010194999999997493,0.001019499999999728,0.0010194999999997387,1.0706256247243895,9.707917729054573,0.83218083995341,0.00021154824750717338,-0.06113963710546195,-0.01612908438802965,-2.271750079393387,-22.994813270568848,14.564063110351562,987.249296875,0.01827565101708221,27.313576010117043
2025-03-01T17:19:12Z,40.29790423977191,-75.89676583049402,51.27167975779804,7.890576200678061,30.04570499392448,0.8072324130148341,1.5131343729244813,6.235746162537808,1.2659659343953933,0.0009999999971323488,0.0010000000053286457,0.000999999995301673,0.0009999999904406179,0.000999999994764259,0.0009999999873487424,0.000030998946330029425,0.00003100039702010072,1.1839901702272149,30.630152638273927,5.941032436126326,0.030450940944632438,0.00041970259592530963,0.0002521788520801827,0.0069486101396905595,0.0029509999999998583,0.002950999999999878,0.002950999999999854,0.0010195099999997493,0.0010195099999997276,0.0010195099999997384,1.2476546166269282,9.742733358377778,0.8642845482698366,-0.002679878116525553,-0.07213520354096892,0.0007511459558812877,-1.157062547504902,-23.463563385009767,14.853188085556031,987.035166015625,0.07642112779846233,27.79373962302046
2025-03-01T17:19:13Z,40.29726449148305,-75.89651707966823,52.852373588798265,8.225575226924061,29.974815623937996,0.8841144602551104,1.517574851468311,6.233039319154271,1.186648316770894,0.0009999999968640688,0.0010000000053910483,0.0009999999955355543,0.0009999999903099778,0.0009999999946345669,0.000999999987499184,0.0000319988169688957,0.00003200040485194549,1.16385490642197,32.855190635112145,5.904973312702795,0.030558558792736466,0.00041018856736203926,0.0002698257290480378,0.00695835391030639,0.0029519999999998575,0.0029519999999998788,0.002951999999999855,0.0010195199999997488,0.0010195199999997275,0.0010195199999997382,1.5056937461035513,9.689578632662087,0.861083001005902,0.0002592828897625462,-0.07954619464069156,-0.006172322275916514,0.1741875059530139,-23.367000789642333,14.648625545501709,986.941884765625,0.059783758777578834,27.579457661512453
2025-03-01T17:19:14Z,40.296658569038726,-75.89625756800501,54.40574599479674,8.929923852850509,29.372920132197205,0.9442921592328487,1.52535697081121,6.24076078676081,1.1175586445192276,0.0009999999970074715,0.0010000000055069022,0.0009999999952258305,0.000999999990479289,0.0009999999946622116,0.000999999987522784,0.00003299866618730353,0.000033000413166124824,1.146025405220963,34.831051583239535,5.8813797385902715,0.03057012355146991,0.00040135363273515037,0.00028640501511204914,0.006967947919922071,0.0029529999999998568,0.0029529999999998798,0.0029529999999998555,0.0010195299999997483,0.001019529999999727,0.0010195299999997377,1.080914753330282,9.68371040725169,1.4010744255478125,0.004497783571858492,-0.06876526563574767,-0.01510079538581024,1.7767500656843185,-23.28750076293945,14.681063041687011,986.793828125,0.06031771432108408,27.58614382792311
2025-03-01T17:19:15Z,40.296330348560176,-75.89596346955821,55.73034043424252,9.253402901392082,29.278019326132448,0.9607758373582432,1.533662358539437,6.246322897705881,1.0526737348450754,0.0009999999968512857,0.0010000000059943999,0.0009999999951631785,0.0009999999908438548,0.0009999999951937767,0.0009999999871874948,0.00003399848738953166,0.000034000422006259385,1.1301073057257947,36.86875522807778,5.899632043651757,0.03021164145634391,0.0003928500489592272,0.000302359949380821,0.006977774918456031,0.0029539999999998586,0.002953999999999878,0.002953999999999857,0.0010195399999997478,0.0010195399999997266,0.001019539999999737,1.008418104213342,9.714605235485136,0.7907497082981769,0.005847193097239052,-0.06471519882003522,-0.010618616959610874,3.5283751392364504,-23.352938289642335,14.655188035964965,986.7476928710937,0.01502482919883206,27.79533881087956
2025-03-01T17:19:16Z,40.29676210099114,-75.89559286048033,56.496026159006895,9.81700696597012,29.769427436655224,0.9129377951654345,1.5370336435897567,6.2525771486738835,1.0001212701490567,0.0009999999970196623,0.0010000000059629058,0.0009999999952910045,0.0009999999907658915,0.0009999999951669737,0.0009999999870439476,0.00003499827493071409,0.00003500043144723668,1.1159926206332855,38.83348293604172,5.95185292947152,0.02891434684570052,0.0003873804582919301,0.00031472169582531524,0.006987723200147297,0.0029549999999998588,0.0029549999999998766,0.002954999999999858,0.0010195499999997477,0.0010195499999997263,0.001019549999999737,0.7779036478568312,9.742055311832791,0.5315226771072734,0.0015147271237686145,-0.05236354681361092,-0.006925388235281532,4.646812698841095,-23.378063373565674,14.569500560760497,986.8915307617187,0.0037083686311514133,27.935536740860606
2025-03-01T17:19:17Z,40.297584676271754,-75.89518894798482,57.04237157329482,10.154771138719761,30.426155336868543,0.9564032812341885,1.5390619184772043,6.2413217951693545,0.9711910336414612,0.0009999999967907722,0.00100000000584008,0.0009999999955092548,0.0009999999906363845,0.0009999999949061853,0.000999999987290678,0.00003599802313058445,0.00003600044158877871,1.1002639648396335,40.74935690229727,6.049258855793595,0.025680801214151748,0.00038904446477575153,0.00032010868012630667,0.006997764200322544,0.0029559999999998598,0.002955999999999878,0.0029559999999998598,0.0010195599999997472,0.0010195599999997256,0.0010195599999997364,0.4531976184536394,9.884388422006367,0.10328718589717173,0.0006289729775535381,-0.029333944725472377,0.01301934704855375,4.888500187397003,-23.530875759124754,14.488125591278076,986.924501953125,0.1114327169650361,28.06247439749265
2025-03-01T17:19:18Z,40.29819720462346,-75.89480156821361,57.652364296965246,9.802873803371881,30.649059632024635,0.730421244469535,1.5415717968108453,6.2307850940212335,0.962123531329184,0.0009999999965637104,0.0010000000054808534,0.0009999999953348097,0.0009999999908940622,0.0009999999946846356,0.000999999987436867,0.00003699772495342784,0.0000370004525551954,1.0776223724154692,42.498371748804786,6.1844107201615435,0.021086640302114292,0.00039644130518337085,0.0003203449781807255,0.007007921682376448,0.00295699999999986,0.002956999999999878,0.00295699999999986,0.0010195699999997478,0.0010195699999997246,0.0010195699999997353,0.04305147116952193,9.622383522027851,-0.2260430088017848,0.001831508377655496,-0.009436944057697206,0.01189325254736373,2.9746876268088815,-23.729813346862795,15.674813222885131,986.7866528320312,-0.1587701692811366,28.594573984149417
2025-03-01T17:19:19Z,40.29817399121868,-75.89445545711375,58.35907522148305,9.560011281877161,29.892146900315975,0.487541551657817,1.5326285919659393,6.220221280757385,0.9567299138453752,0.0009999999968509955,0.0010000000054599723,0.000999999995199435,0.0009999999906971251,0.000999999994511699,0.0009999999873308986,0.00003799736662276618,0.000038000464442889254,1.0468556843430867,44.02271225615173,6.3632279231450175,0.01803336765767667,0.0004048397397305,0.0003209220590055314,0.00701812752974679,0.0029579999999998618,0.00295799999999988,0.0029579999999998613,0.0010195799999997476,0.0010195799999997233,0.0010195799999997343,-0.03960420345295561,9.551506947511914,0.6088906086804431,-0.009093958455345193,-0.0057749263976787455,0.009771582424010041,5.588812706470489,-22.553063220977783,14.317688093185424,986.5524145507812,-0.21283549614628033,27.292286402524823
2025-03-01T17:19:20Z,40.298428204280334,-75.89410459775951,58.807862983373205,9.668571042199689,29.174766057990965,0.47618381353602984,1.5278841473571325,6.208556206561583,0.9514611154298189,0.0009999999969348837,0.0010000000056612519,0.0009999999950457935,0.000999999990554398,0.0009999999946260889,0.0009999999874487726,0.00003899692610142247,0.000039000477325980376,1.0118044768856898,45.63365422880341,6.614137154333289,0.016115010965562993,0.0004134158282651419,0.0003231103290117423,0.0070284581536573815,0.0029589999999998606,0.0029589999999998793,0.0029589999999998606,0.0010195899999997484,0.001019589999999724,0.001019589999999735,0.09867479720018948,9.782349537453117,0.8857565351968055,-0.005128344365125411,-0.005781769104080932,0.011692969235890123,3.870937654972076,-23.610750789642335,13.62806303024292,986.561337890625,0.03913794176303687,27.53494152909939
2025-03-01T17:19:21Z,40.299194638722334,-75.89374746113172,59.05686114193913,9.705450028554226,28.90804976570624,0.447669179478889,1.525940197184229,6.199909468837748,0.9467657550086519,0.0009999999968619906,0.0010000000053513962,0.000999999995048436,0.000999999990553345,0.0009999999942209685,0.0009999999876265631,0.0000399963783506761,0.000040000491279425334,0.9755161794169014,47.45063287455243,6.941468450247936,0.014519563875398907,0.0004220766298110296,0.00032686658963410455,0.007038807122182545,0.0029599999999998586,0.0029599999999998794,0.0029599999999998594,0.0010195999999997492,0.001019599999999724,0.0010195999999997349,0.22922941972125116,9.793780254358353,0.48940900469709764,-0.002649335329676545,-0.005164061396984823,0.009730857942386935,6.342187747955323,-25.441875972747802,10.686562967300414,986.6240014648438,0.02498540019845399,28.314521695546837
2025-03-01T17:19:22Z,40.30008872815641,-75.89339679096328,59.18034671125527,9.406237319661667,28.874954527148667,0.24408167632161842,1.519429404170895,6.1853775671449585,0.9473983637521219,0.0009999999972033044,0.0010000000056070994,0.0009999999950195296,0.0009999999904534986,0.0009999999944972115,0.0009999999878332654,0.000040995698098008765,0.000041000506357125826,0.9392368934940737,49.447962834168166,7.341487796326969,0.013311589495328234,0.000432819162204231,0.0003309490689667327,0.007049533113641586,0.002960999999999858,0.002960999999999881,0.002960999999999858,0.0010196099999997496,0.0010196099999997246,0.0010196099999997352,0.3215923732264924,9.63429864946466,0.10416455341625651,-0.0068133965275798064,-0.0001956948555336752,0.01577841917917678,2.6150625990331173,-33.441938915252685,12.030562963485718,986.6193994140625,-0.14346215817670854,35.63611428957132
2025-03-01T17:19:23Z,40.29998209106505,-75.89305997046854,59.35048303338155,8.64748972568982,28.545818170781835,-0.05188736720770755,1.5130354097737115,6.187268049907085,0.9557931268714874,0.0009999999972340524,0.001000000005830022,0.0009999999950018274,0.0009999999905693875,0.000999999994320938,0.0009999999876174025,0.00004199485743432815,0.00004200052258047988,0.9041984811781283,51.56848897709955,7.812073332894551,0.012926401984818035,0.0004444473418929112,0.00033470569357268347,0.007059447416783675,0.002961999999999858,0.0029619999999998823,0.002961999999999858,0.0010196199999997486,0.0010196199999997237,0.0010196199999997343,0.32207028257735654,9.520315824784472,0.13468481074411318,-0.005438783896159022,0.008428347340470798,-0.0017360419423075198,0.678562527038157,-25.891313610076903,13.518188095092773,986.440458984375,-0.25693358231719576,29.215732018154988
2025-03-01T17:19:24Z,40.29717488607391,-75.89271785731225,59.846015691791955,7.1918986022182905,27.821080831672912,-0.32545088630796226,1.4963773872361124,6.193016661696247,0.9570850115521305,0.0009999999968245267,0.001000000005747424,0.000999999995124835,0.0009999999907872779,0.0009999999941010026,0.000999999987950052,0.00004299382468770288,0.000043000539944518866,0.8724498360867963,53.899611792123444,8.35826998598764,0.013332641828167057,0.0004539162901089521,0.00034193556781232935,0.007069045750739629,0.0029629999999998572,0.002962999999999882,0.0029629999999998577,0.0010196299999997475,0.0010196299999997243,0.0010196299999997332,0.3103461073670877,9.49459764066749,0.16693627458503477,-0.015711660233325292,0.0020034183891780386,-0.008136937171876692,0.9331875365227461,-21.40800086975098,16.89543811798096,986.02763671875,-0.2824222103774101,27.28784320056813
2025-03-01T17:19:25Z,40.29440060538932,-75.89236361364354,60.1465777299185,5.673547620578662,26.991694944982005,-0.24799624148076763,1.5050856828672052,6.1914340677702455,0.9771372052994299,0.0009999999967540815,0.0010000000056914328,0.0009999999950409519,0.0009999999908422647,0.000999999993982774,0.0009999999876352463,0.000043992562157364375,0.00004400055843715075,0.845420712050322,56.44065115199006,9.030361502893458,0.015326502308447405,0.00046930201132683975,0.00034549804030252994,0.007079094674629106,0.0029639999999998565,0.002963999999999881,0.0029639999999998565,0.0010196399999997474,0.0010196399999997234,0.001019639999999733,-0.07388302138863058,9.900068585812184,0.05936974096272742,0.010824239527889336,0.020154948607734084,0.0015486080993432582,10.062750415802002,-21.378750796094536,10.463062916994096,986.0352099609376,0.1170673709110919,25.841497283217777
2025-03-01T17:19:26Z,40.28873869313488,-75.89195054051345,60.97244205076807,4.199576701683565,25.987607845653432,-0.1484447857660251,1.5055496330738045,6.1884362187791995,0.9983194998466582,0.0009999999965327841,0.0010000000054410886,0.0009999999949542805,0.0009999999905323806,0.0009999999938558025,0.0009999999872653716,0.00004499102704676264,0.00004500057801151488,0.8263871744825435,59.16124172447815,9.802802535838536,0.019239654153723685,0.0004850950485282855,0.0003496271036889271,0.007089198618519413,0.0029649999999998584,0.002964999999999881,0.0029649999999998584,0.0010196499999997463,0.0010196499999997242,0.001019649999999732,-0.12546665831827375,9.899104268386235,-0.12048161059882671,0.001769254001943742,0.02157145363663099,0.003408407629181815,3.8171251358091833,-24.450188598632813,9.821062924861907,985.6574389648438,0.11729961946581048,26.623912726306926
2025-03-01T17:19:27Z,40.28329047970596,-75.8915189678117,61.72535015115245,3.7016748221152076,24.91432883867244,-0.11266102164646055,1.4944955486568847,6.194500652283031,1.0238825453339895,0.0009999999963654993,0.0010000000054310166,0.0009999999950696913,0.0009999999903640747,0.0009999999939927144,0.000999999987194637,0.000045989179674800425,0.00004600059852279827,0.8204321392113147,61.84963085581778,10.627456244030231,0.023291865720350725,0.0005005862544382783,0.00035284529719065345,0.007098939023827355,0.0029659999999998594,0.0029659999999998793,0.0029659999999998594,0.0010196599999997467,0.0010196599999997254,0.0010196599999997323,-0.17006664794971865,9.81145572449187,0.36365047871374095,-0.010576056374036736,0.026523964169170827,-0.003518565350714514,1.5609376144409182,-34.06743859291077,5.9501252488791945,985.6485717773437,0.03646088497570552,34.618309592668425
2025-03-01T17:19:28Z,40.27956984479447,-75.89111639820209,62.14635787881559,3.5019457501676396,24.207639210498847,-0.17146039944669322,1.5072629358017384,6.20125150286538,1.0347037900869624,0.000999999996307028,0.0010000000058906645,0.0009999999950144373,0.0009999999905190825,0.0009999999940698695,0.0009999999867464167,0.000046986999191312745,0.00004700061975878386,0.830588634005429,64.51064269774112,11.522866265759658,0.027713332859740956,0.0005107891869813009,0.00035904845613502775,0.007108599951626716,0.0029669999999998612,0.0029669999999998795,0.0029669999999998612,0.0010196699999997475,0.001019669999999726,0.0010196699999997323,-0.10297412706548113,9.733082253768575,0.27636802890148066,0.0116347205615531,0.011685624838139482,-0.004471747978668352,-7.254375275373459,-27.849938526153565,19.55700077056885,985.802802734375,-0.045570682048261056,34.79536991946593
2025-03-01T17:19:29Z,40.27563044319348,-75.89069321027854,62.59634215665798,3.844441659012106,23.53247647955678,-0.0683584098790166,1.5042591561631138,6.2069329567738025,1.0493854568725334,0.0009999999964509984,0.0010000000059871472,0.0009999999948164845,0.000999999990222617,0.0009999999939504709,0.000999999986893549,0.000047984501519072785,0.000048000641497925114,0.8573195901382422,66.94182146687984,12.487413470232555,0.03178010296363107,0.0005198476103626202,0.0003625204666381128,0.007118303957711419,0.0029679999999998627,0.0029679999999998783,0.0029679999999998596,0.001019679999999748,0.0010196799999997268,0.001019679999999733,-0.14935500816134864,9.876930784219574,0.3817718664320992,-0.004746636821332646,0.01546280570044253,-0.0022115483757596524,-0.6202500267699361,-22.312875728607178,15.517688150405883,985.756630859375,0.10239395922792129,27.185382232147038
2025-03-01T17:19:30Z,40.2701657312103,-75.89019469322312,63.32592062334386,4.898407127712605,22.761091651708437,-0.030486053388915607,1.4919761385594672,6.213305905092288,1.0726506045171698,0.0009999999963004934,0.0010000000059927807,0.0009999999948744828,0.000999999990356395,0.0009999999939519057,0.0009999999870704767,0.00004898174258538565,0.000049000663503428244,0.8998490859472827,68.79580829490851,13.52232048841695,0.03737561248743641,0.0005278893692653552,0.0003614932085151818,0.007128013830514669,0.0029689999999998615,0.0029689999999998797,0.00296899999999986,0.0010196899999997478,0.0010196899999997265,0.0010196899999997337,-0.5135739913947933,9.79572582813352,0.41848926722630114,-0.015513045182019878,0.02426076137097756,-0.00012375992487002137,0.3176250102370977,-22.670813274383544,13.688813047409058,985.5684155273437,0.03515154875373482,26.484855344084863
2025-03-01T17:19:31Z,40.26774989384193,-75.88981423306767,63.60584419955295,5.172013411314171,21.975749240143998,-0.13998831209316834,1.4967649807349614,6.216513348277856,1.0956817543470323,0.000999999996290634,0.0010000000061460613,0.000999999994690585,0.0009999999905331344,0.000999999994155864,0.0009999999869697357,0.00004997882568186253,0.000050000685563960726,0.9563812095320603,69.98551767153367,14.579855833720078,0.04227499450835526,0.0005319344404988021,0.00035781556630776326,0.007137693988588782,0.0029699999999998634,0.0029699999999998816,0.0029699999999998616,0.0010196999999997486,0.0010196999999997273,0.0010196999999997343,-0.5405017468333503,9.692404261265166,0.4665974246437383,0.0037342022046025192,0.02341422891787013,0.0011074835514956857,-0.21975000809878112,-22.805625801086425,13.535250597000122,985.7861865234376,-0.06418806645316852,26.520655406077594
2025-03-01T17:19:32Z,40.26320802143449,-75.88931653009762,64.24406246357381,7.069684452115798,21.256487780995215,-0.011004917737152883,1.4922164464598089,6.217893323904895,1.1179005263499113,0.0009999999961428272,0.0010000000061756993,0.0009999999947918358,0.0009999999902697027,0.0009999999943140466,0.0009999999873081269,0.00005097588644373193,0.00005100070754870853,1.0194726090395743,70.46954707845512,15.619443203603694,0.044696871785285634,0.0005325215818846181,0.00035139789725161256,0.007147407664179711,0.0029709999999998644,0.0029709999999998826,0.0029709999999998626,0.0010197099999997487,0.0010197099999997273,0.0010197099999997344,-0.5625680200300781,9.841856328989357,0.8734786074590817,-0.008553192739236565,0.02272859154084026,0.005754561981666578,0.09356250599026678,-22.197750701904297,13.828875608444214,985.5528662109375,0.11376660892756581,26.153088241366916
2025-03-01T17:19:33Z,40.255650472509025,-75.88861474612126,65.51301743821745,10.981027076558204,21.591997530802725,-0.00679169067809271,1.4995297436404007,6.235692405320059,1.1309347876849545,0.0009999999963677055,0.0010000000062257615,0.0009999999950340806,0.000999999990337624,0.000999999994374039,0.0009999999872300734,0.00005197306958737301,0.000052000729546183634,1.0797480993370627,70.42947164090612,16.633321000831344,0.044958653198669665,0.0005284474729411622,0.0003438772078933925,0.007156888906562833,0.0029719999999998654,0.002971999999999883,0.002971999999999862,0.0010197199999997485,0.0010197199999997272,0.0010197199999997342,-0.20084057361728053,9.614517918262663,0.5749922894546069,-0.0018043049475431252,0.015167554365394399,-0.0066403180685372706,0.33112501244992015,-22.984875755310057,13.342313117980957,985.1681103515625,-0.1490384438515249,26.578727720198902
2025-03-01T17:19:34Z,40.24846355621687,-75.88788077368902,66.8240194493902,15.346633232438258,22.48967434839566,-0.05082940868740596,1.5237958775716538,6.273502801272678,1.1303153805986443,0.0009999999965908319,0.001000000005898974,0.0009999999951867643,0.0009999999903520004,0.0009999999943264058,0.000999999987544482,0.000052970498567855826,0.00005300075199289206,1.127901866089695,70.04319812803278,17.59050710513815,0.0419585773239832,0.000521601823041166,0.0003361393534958708,0.0071668276299447446,0.0029729999999998638,0.002972999999999882,0.002972999999999862,0.001019729999999748,0.0010197299999997265,0.0010197299999997337,-0.040202412183179076,9.542733231220378,0.44857149370759614,0.014251257604259592,0.0024004807319911096,-0.027083925861978636,0.7546875321865082,-22.940625762939455,13.629938049316406,985.0203637695313,-0.2295978326542348,26.694837588778782
2025-03-01T17:19:35Z,40.2468202495726,-75.88748806458383,67.17497302675189,16.851491364613608,22.535906582090327,0.02995363364076821,1.5389853545567571,6.274126847759678,1.1172451056644053,0.0009999999965425205,0.00100000000570669,0.000999999995313864,0.000999999990120722,0.0009999999941704052,0.0009999999874568222,0.00005396821738338579,0.00005400077537622262,1.1542027737352596,69.57391131535236,18.476659077501104,0.035984113966341755,0.0005162594226317068,0.00032839404609485485,0.007176542240829039,0.002973999999999862,0.0029739999999998804,0.002973999999999861,0.0010197399999997475,0.001019739999999726,0.0010197399999997332,-0.03940284200319113,9.807807599734051,0.7743137523493937,0.01258673329662695,-0.012861792494609907,0.0017589058173853103,1.61943756300956,-23.54587593078613,13.94737551689148,985.4103442382813,0.0554386815031809,27.41454615461872
2025-03-01T17:19:36Z,40.24710800388448,-75.88723348398412,67.1186033255588,16.924072255427667,22.152862617624383,-0.09540172930786764,1.5430465140116194,6.277561889598133,1.1171716214873757,0.0009999999965228494,0.0010000000057607849,0.0009999999953011374,0.0009999999902556849,0.000999999994050041,0.0009999999871897255,0.0000549661971956418,0.00005500079999567488,1.158759986057139,69.15449171564333,19.361780712200492,0.031706135403526306,0.000514210940825216,0.00032013441134330026,0.007186462002540914,0.0029749999999998623,0.0029749999999998823,0.0029749999999998593,0.001019749999999747,0.0010197499999997253,0.0010197499999997327,-0.18552650592316647,9.669193894698475,0.5822904069420867,0.004233075339913166,-0.00003279761976921099,-0.0035758132188838817,2.200687593258918,-21.93600079536438,14.008500576019287,985.57865234375,-0.09443328788172459,26.1202332067016
2025-03-01T17:19:37Z,40.246497417791545,-75.88691052367291,67.21755627487536,17.741592353018696,22.039034413325172,-0.05418391353361299,1.5433834519345777,0.006563802138505275,1.1158649781994565,0.0009999999964394356,0.0010000000059975924,0.0009999999955834689,0.000999999990060493,0.0009999999939538078,0.0009999999870012233,0.000055964378931263336,0.000056000825995453024,1.1478024333937382,69.08607254803756,20.248666351199297,0.02771779352667929,0.0005148594730270938,0.00031309747293897366,0.007196779130331387,0.002975999999999864,0.0029759999999998837,0.002975999999999859,0.0010197599999997476,0.0010197599999997244,0.0010197599999997335,-0.1446870415034269,9.80678775449083,0.659419049139299,-0.0006019364103608277,-0.0009148795592688311,-0.010868971066483765,2.715937602221966,-22.581938276290895,14.058563108444213,985.4842651367187,0.04708571934150686,26.738749496373536
2025-03-01T17:19:38Z,40.24469217467348,-75.88648234574379,67.70728565193262,19.577335160811973,22.723766243342105,0.14844826288325225,1.5488075715496485,0.00007119428298020406,1.0955352480304612,0.0009999999962853427,0.0010000000058495392,0.0009999999955223626,0.0009999999899526861,0.0009999999937599716,0.0009999999869775573,0.00005696268141926296,0.000057000853463383695,1.1227079211758297,69.6029360708918,21.128739225912348,0.022944523632705698,0.0005184970166549747,0.0003074887018143957,0.007206189868032407,0.0029769999999998634,0.002976999999999885,0.002976999999999861,0.0010197699999997469,0.0010197699999997245,0.0010197699999997326,0.3960490379915477,9.940181071593326,0.6681129722987075,0.003428769720102778,-0.020272784239018446,0.00927270923552863,3.8064376666396855,-25.922813477516176,12.246750445961952,985.30966796875,0.18747412640648717,28.92163852431141
2025-03-01T17:19:39Z,40.24431765631365,-75.88616473750615,67.98250202714864,20.752315647212168,23.189640576639906,0.1576890037463182,1.5720832252496748,6.275424056048376,1.0558733796713662,0.0009999999964530935,0.0010000000060984577,0.0009999999959098603,0.0009999999901593236,0.0009999999936408906,0.0009999999869756142,0.00005796099921608243,0.0000580008824121219,1.084622223283114,70.5995870999611,21.98092246185716,0.019051261640619783,0.0005252643168955343,0.00030346818815779977,0.007215706077127349,0.0029779999999998627,0.002977999999999887,0.0029779999999998623,0.0010197799999997462,0.0010197799999997238,0.0010197799999997334,0.7317221638249748,9.788117129637909,0.7015726093955411,0.02271173381723607,-0.03972882648290427,0.00833604983673376,1.6501875689253211,-26.418563556671142,12.232500478029252,985.4128637695312,0.057404004504545636,29.15981336083217
2025-03-01T17:19:40Z,40.24123742685486,-75.88561691580921,68.81970364481052,23.367643878363552,24.0925967872187,0.21371768820030035,1.570361566174073,0.004010723296703092,1.030247764863603,0.0009999999965846912,0.0010000000059578326,0.00099999999591085,0.000999999990100272,0.0009999999937749745,0.00099999998685809,0.00005895920052215587,0.00005900091257982195,1.0389929254024788,72.05811275020339,22.849361402279435,0.01743092239779835,0.0005338504174028263,0.0003020154271976056,0.007225860773976631,0.002978999999999861,0.002978999999999888,0.0029789999999998637,0.0010197899999997459,0.0010197899999997244,0.0010197899999997324,0.6536527398938331,9.79356840577063,0.8906206319750439,-0.003375863268902018,-0.0251291585627743,-0.007343981062518967,1.079625041335821,-23.176500816345214,16.723125648498534,985.0635620117188,0.07248920235614927,28.60027616627349
2025-03-01T17:19:41Z,40.29815342853344,-75.90140417889613,70.44480185178503,21.25456172102142,-20.952524038866173,0.10686858070935759,1.655405064200136,6.188761680858712,1.1902302408642442,0.000999999997185285,0.0010000000066229062,0.0009999999958577488,0.0009999999903728047,0.0009999999936975133,0.000999999987212662,3.073444322073258e-10,3.073441109903007e-10,0.519315948600234,0.010754797637509245,0.010751150271985777,0.011521964819628444,0.00016573216041195702,0.00015723289140206277,0.006704449520973735,0.0029799999999998625,0.002979999999999887,0.0029799999999998625,0.001019799999999745,0.0010197999999997233,0.0010197999999997332,0.6613333090329547,9.832464105918014,0.7278936549993766,-0.000328048288390891,-0.025734932435805755,-0.002262453806172733,2.9006251138448715,-23.323313398361208,15.806438131332397,984.9608544921875,0.10338306733925703,28.323685701740967
2025-03-01T17:19:42Z,40.29815139257936,-75.90165537039593,70.7309401302706,22.36007158456339,-21.701788635402824,0.09174430618283129,1.6636056830194703,6.195057458837296,1.1697104916094345,0.0009999999974769835,0.0010000000065248694,0.000999999996216388,0.0009999999900598502,0.0009999999940250965,0.00099999998759081,1.000307344735976e-6,1.0003073448410785e-6,0.5509405875832812,0.03727165762342988,0.03751136606264179,0.013037615041777962,0.00017451557525838388,0.0001681949200405435,0.006713838128404765,0.0029809999999998622,0.0029809999999998865,0.0029809999999998622,0.0010198099999997451,0.0010198099999997236,0.0010198099999997336,0.6113664578237306,9.833657950472853,0.4419075510099303,0.006307845640957162,-0.022367749358049454,-0.004064338215740548,4.601437697410583,-22.273125801086426,14.86125060081482,984.9590747070313,0.08447794824954871,27.168352185621995
2025-03-01T17:19:43Z,40.298148730128815,-75.90191661614979,71.28496246110353,23.415696739609867,-22.67424796669709,-0.04144222641356023,1.666506665913571,6.197915013332341,1.1556674000123914,0.0009999999973049033,0.0010000000069318874,0.0009999999962242224,0.0009999999901048843,0.0009999999939629025,0.0009999999877867824,2.0003073473248102e-6,2.0003073505951134e-6,0.5872453359019576,0.12154371191844056,0.11298293199291813,0.014951973792251045,0.00018349238666102758,0.00017898534837915565,0.006722844288019261,0.002981999999999864,0.002981999999999887,0.002981999999999864,0.001019819999999746,0.0010198199999997245,0.0010198199999997342,0.34113375137439844,9.709792175922228,0.4562684068154196,0.0021968589428251846,-0.01734063298294118,-0.0007963785419014559,4.117687661647796,-22.63762580871582,15.316875562667846,984.5891943359375,-0.051487100566230924,27.640935439447
2025-03-01T17:19:44Z,40.298145719207426,-75.9021912048898,71.15827105911963,24.399198467563096,-23.953089943362244,-0.32136103463172266,1.659228727739533,6.196228524401143,1.1504105572653431,0.0009999999972901815,0.0010000000069672742,0.000999999996320817,0.000999999990156904,0.0009999999939013385,0.0009999999874015343,3.000307354359723e-6,3.000307371488487e-6,0.6287820896795994,0.28042247992087366,0.2340847015823249,0.0173376302548585,0.00019280233304175834,0.00018924366231776147,0.00673087485464754,0.0029829999999998634,0.002982999999999888,0.002982999999999864,0.0010198299999997463,0.0010198299999997248,0.0010198299999997344,0.04156085996770292,9.6404277514404,0.5405624542749213,-0.0075918322276902215,-0.005333634332577461,0.0022646215917747885,4.533750190138817,-22.82025079727173,14.595563106536865,985.0473291015625,-0.12219142670198897,27.46536725709172
2025-03-01T17:19:45Z,40.298134638590255,-75.90248245018162,71.05161503859941,25.167086391978746,-25.52055548440047,-0.34464546012277425,1.6614107342347586,6.186724554629713,1.1511413613240837,0.0009999999971319802,0.0010000000068656866,0.0009999999965368365,0.000999999990042996,0.0009999999936446883,0.0009999999871018826,4.000307359089464e-6,4.000307422922378e-6,0.6759487808791158,0.5406111033880732,0.3941042638380657,0.020144053071131696,0.00020201802460970562,0.00019923614214850202,0.006736626871969871,0.0029839999999998644,0.002983999999999889,0.0029839999999998644,0.0010198399999997456,0.0010198399999997241,0.0010198399999997347,-0.23653350437161544,9.900500161481883,0.48574001299833613,0.003001164523793649,0.0008834997378740403,0.009618866295152503,4.4092501766234635,-22.276875848770143,15.129750566482544,984.926884765625,0.13753461586924629,27.2874926289981
2025-03-01T17:19:46Z,40.29809784495089,-75.90279206924339,71.1631415426702,25.68577770637278,-27.142745124927853,-0.5383762547294123,1.6450139965955421,6.168320317277757,1.1643237072128452,0.000999999996787309,0.0010000000064522235,0.000999999996174638,0.000999999989842409,0.0009999999937687861,0.0009999999873827987,5.0003073262254996e-6,5.000307524792583e-6,0.7285565442066639,0.8973945078234289,0.5820188991975837,0.02325395983225831,0.00021132695924626246,0.0002086107854156371,0.006738900043316785,0.0029849999999998636,0.002984999999999888,0.0029849999999998636,0.0010198499999997455,0.0010198499999997243,0.0010198499999997351,-0.2961546751089274,9.694996507002005,0.4323401784956318,-0.012677698276603668,0.013508038757825845,0.01780445413339502,3.619687645435333,-22.690125875473022,15.175875625610352,984.68908203125,-0.06838348248764542,27.536309549286102
2025-03-01T17:19:47Z,40.298025738025544,-75.90312022442049,71.23618980193099,26.316179338587414,-28.812464056718603,-0.7504005251594663,1.6405784494478786,6.167540008015735,1.1758696893052645,0.0009999999968571148,0.001000000006852808,0.0009999999963369963,0.0009999999899112043,0.0009999999936503466,0.000999999987425549,6.000307166502428e-6,6.0003077023280204e-6,0.7867132295940282,1.360715393530216,0.82519743676597,0.027440244804487805,0.00021860609724756025,0.0002179174069102484,0.006747363590457006,0.0029859999999998616,0.0029859999999998863,0.002985999999999862,0.001019859999999745,0.001019859999999724,0.0010198599999997346,-0.2474607304204801,9.667219613240777,0.726888791657779,0.00046958060966712694,0.01060893469267408,0.0009227217276199661,2.900625122599304,-22.760625791549682,14.298375558853149,984.6035083007813,-0.07970029643811069,27.035171516944033
2025-03-01T17:19:48Z,40.2978474848347,-75.9034639365773,71.78909755925456,26.11935028745276,-30.437960506892217,-0.9073139527388803,1.628589631615911,6.164491927747925,1.20493865132266,0.0009999999968513865,0.001000000006772175,0.0009999999966282505,0.0009999999899040822,0.0009999999937709383,0.000999999987674999,7.000306711035937e-6,7.000307981612019e-6,0.8493052203063528,1.9486252786724632,1.049874241060134,0.03111132582570067,0.0002256900173629404,0.00022596659549208354,0.006753396879961532,0.002986999999999862,0.0029869999999998864,0.002986999999999862,0.0010198699999997443,0.0010198699999997229,0.0010198699999997337,-0.6286772688771213,9.630988525383772,0.2685115909482661,-0.0010203624732487279,0.027883723175914858,0.0038970995945871974,2.626312598884106,-22.364625806808473,14.42606309890747,984.1709252929687,-0.12197963348453875,26.742897645820015
2025-03-01T17:19:49Z,40.297567096129846,-75.90381980124211,72.56915416791055,25.879545884949916,-31.876236439259074,-0.8734321623070718,1.6099990915591067,6.168654595570287,1.2344000470101772,0.0009999999966520039,0.0010000000065823636,0.0009999999961240226,0.000999999989756791,0.000999999993455715,0.0009999999876959972,8.000305712830818e-6,8.000308388528106e-6,0.9142262529511729,2.6522598371865276,1.3150120065747641,0.03538209907976593,0.00023152832952171717,0.00023312789064807712,0.006761346395144644,0.002987999999999863,0.0029879999999998874,0.00298799999999986,0.0010198799999997432,0.0010198799999997224,0.0010198799999997332,-0.6163869167793752,9.766070520112816,0.45371475527149796,-0.005739209381141858,0.027773233422856727,-0.000979971452947986,1.8193125712126494,-22.51293836593628,14.008688106536866,983.9865356445313,0.018963936886203816,26.57786530212076
2025-03-01T17:19:50Z,40.297200878108015,-75.90418300524226,73.51728552838553,25.602014630360532,-32.96859769965906,-0.7709702418351234,1.5965256909505843,6.172479355356033,1.2540225636032931,0.0009999999968239386,0.0010000000064646643,0.000999999995963338,0.000999999989711538,0.0009999999934159932,0.0009999999878420789,9.000303863036111e-6,9.00030895324492e-6,0.9799225388960469,3.4295148375193065,1.6055728283390152,0.039108845476843485,0.00023626000074198616,0.00023954830287538356,0.006769094201168793,0.0029889999999998624,0.0029889999999998867,0.0029889999999998607,0.0010198899999997436,0.001019889999999723,0.0010198899999997336,-0.5057260560682713,9.779742375049366,0.5403761209735292,-0.0014377861948076326,0.017784091824147422,0.0017794351817602269,1.0156875390559434,-22.193813228607176,13.676250572204589,983.8982446289062,0.03076839738820346,26.088965787027377
2025-03-01T17:19:51Z,40.29678314700586,-75.90454797204643,74.5017670751024,24.744894696240358,-33.39178542558501,-0.6737313021291096,1.6012742108971239,6.178150577724585,1.2755223303990986,0.0009999999970090718,0.0010000000064430143,0.0009999999960086403,0.0009999999899233407,0.0009999999932818677,0.0009999999874583014,0.000010000300815392084,0.000010000309695205117,1.0395348958318993,4.164071033078772,1.8398194614888088,0.039350055341522715,0.00024107500427910785,0.0002441769773672635,0.006777020264644715,0.002989999999999861,0.0029899999999998855,0.002989999999999861,0.001019899999999744,0.0010198999999997222,0.001019899999999733,-0.22225633433143582,9.718884832693629,-0.1923061722141371,0.01598204060725912,0.019270530102218367,0.0008631367910539687,1.6464375667646527,-23.282250690460206,13.277813034057617,983.8792602539063,-0.05356190987969815,26.852775168975562
2025-03-01T17:19:52Z,40.296311829144884,-75.90491228808062,75.4968712092601,24.121159958895515,-34.198536870578394,-0.6423357665986434,1.5802177480506325,6.188241680199512,1.3142165208897019,0.0009999999966693643,0.0010000000062496154,0.000999999996163762,0.0009999999900489613,0.0009999999929793527,0.0009999999876060663,0.000011000296231432604,0.0000110003106270139,1.0899696122840186,5.115388765643806,2.0901244897070455,0.04167924646294996,0.00024799200335490586,0.0002452992196426672,0.006785444741288676,0.00299099999999986,0.0029909999999998852,0.00299099999999986,0.0010199099999997445,0.0010199099999997228,0.001019909999999734,-0.7270843806977048,9.708564349683979,0.1557887202800149,-0.00946448288146462,0.03583464579978903,-0.0029227219429254943,1.0164375379309059,-23.87400093078613,13.173188076019287,983.8341625976562,-0.03980494100605355,27.286098421200517
2025-03-01T17:19:53Z,40.29561480399067,-75.90525818864424,77.19963047549078,23.21903325560882,-34.46135400942911,-0.3968768891664245,1.563587286811844,6.201380173720096,1.3574629376174814,0.0009999999965419912,0.001000000005943903,0.0009999999965840758,0.000999999989825923,0.0009999999928724875,0.0009999999878462756,0.000012000289839183873,0.00001200031175931868,1.133485962758286,6.170477402829712,2.311624175708579,0.04355188837286165,0.0002569145140180591,0.00024349289435070725,0.006793137656982863,0.002991999999999862,0.0029919999999998862,0.002991999999999861,0.0010199199999997453,0.001019919999999723,0.0010199199999997347,-0.8274011838595293,9.817469127012997,0.057265233928448636,-0.004044141823913426,0.03867566688199373,-0.0012952511909577237,0.5023125104606152,-24.286876029968262,14.019188079833985,983.4250219726563,0.07566941219713688,28.047093240389255
2025-03-01T17:19:54Z,40.29501867462716,-75.90561147188738,78.52938320841116,22.517056257977284,-34.822168980336116,-0.2959136293576326,1.5549023848355852,6.204161584451088,1.3935245204698876,0.0009999999965894927,0.00100000000575215,0.0009999999964326294,0.0009999999895933366,0.0009999999929137533,0.000999999987807932,0.000013000281436853163,0.000013000313091071392,1.1693245829256858,7.288042997509794,2.5047655011087846,0.04469179765921571,0.0002673648061491362,0.000239781878030759,0.0067968767321971504,0.002992999999999861,0.0029929999999998855,0.002992999999999861,0.001019929999999746,0.0010199299999997236,0.001019929999999735,-0.8005165776060361,9.741514680637607,0.04120782581020173,-0.0005618799931662212,0.03174886148976923,0.0073618377357667535,0.29418750908225777,-23.316000938415527,14.036625528335572,983.5336767578125,-0.002291467572531978,27.216658991216057
2025-03-01T17:19:55Z,40.29442741081626,-75.90596182772637,79.74982128236111,21.909350391628628,-34.652908045963095,-0.277542712851068,1.557564521006168,6.220710928133397,1.4198952136940106,0.0009999999963507696,0.0010000000058223877,0.0009999999966118186,0.00099999998979562,0.0009999999927343618,0.0009999999874175164,0.000014000270847873463,0.000014000314617934474,1.1948931421852098,8.303869214270518,2.6652556737321023,0.04316377947905031,0.0002776869752465762,0.00023519307725889223,0.006806893997813432,0.0029939999999998622,0.0029939999999998865,0.0029939999999998622,0.0010199399999997454,0.001019939999999724,0.0010199399999997346,-0.35669308815803813,9.644268694553983,-0.12666306839029884,0.00797971218774629,0.022029602406608992,-0.006976293936869006,-0.5945625185593962,-23.58562593460083,14.103188104629517,983.4791796875,-0.12504818065753676,27.486949027689292
2025-03-01T17:19:56Z,40.293418774389714,-75.90625421880715,82.01692425959388,21.825952212830646,-33.74596848116701,-0.09173797223614805,1.5507827633842843,6.229905797461479,1.4481321360752122,0.0009999999965374436,0.0010000000060957858,0.000999999996377009,0.0009999999897128207,0.0009999999928233594,0.0009999999870512638,0.000015000257883006411,0.000015000316347965314,1.2103785608309434,9.454976106256147,2.8464673267881655,0.04192319549243707,0.0002894461450619636,0.0002296001904003672,0.00680973017828543,0.0029949999999998624,0.0029949999999998866,0.0029949999999998624,0.0010199499999997458,0.0010199499999997243,0.001019949999999735,-0.515137826204376,9.662852890326718,0.3154906746120857,-0.0013429855848911569,0.020052303482204093,0.00657071797727027,-1.964062571376562,-22.740563335418702,14.389125566482544,982.850634765625,-0.09511632174732003,26.98212270185578
2025-03-01T17:19:57Z,40.29211934590304,-75.90649218984115,85.0498103000908,22.284646349869053,-31.81301439079026,0.27205518804265966,1.5423724636578318,6.264203736382998,1.473265516238448,0.0009999999962285986,0.0010000000063072406,0.000999999996014526,0.0009999999900042772,0.000999999992473911,0.0009999999869466326,0.000016000242294653453,0.00001600031831023064,1.2161975896995405,10.501927716054023,3.049061162004947,0.038246100050173884,0.00030052368026957534,0.00022428408036484664,0.006823087383559669,0.0029959999999998642,0.0029959999999998855,0.0029959999999998642,0.0010199599999997453,0.0010199599999997238,0.0010199599999997347,-0.1795987110193698,9.7356307289813,0.6550648985731874,-0.00454301504693386,0.01516755440908565,-0.01535532236224636,-1.8948750686645508,-23.090625801086425,14.671688070297241,982.3116015625,-0.017734047831149968,27.42304114522448
2025-03-01T17:19:58Z,40.29115790724321,-75.9067508183866,87.35983077131154,22.629494244809166,-30.30823851187272,0.41926171414267427,1.547618629612185,0.011372496949583972,1.487418216282586,0.0009999999961883008,0.0010000000060895581,0.0009999999958057674,0.000999999990114476,0.0009999999925180472,0.0009999999873195986,0.00001700022351043789,0.00001700032053382195,1.2094924072111046,11.455356126694916,3.219284922100333,0.033695404024179865,0.0003111914151163192,0.00022041166316705317,0.00683795777185176,0.002996999999999866,0.002996999999999886,0.002996999999999866,0.0010199699999997444,0.0010199699999997231,0.0010199699999997335,-0.17559629283219932,9.669313564930013,0.4363282169186939,0.00665617160097803,0.007521563488716324,-0.01793113572793149,-1.330500052385032,-22.099688205718994,15.6172505569458,982.421484375,-0.09643993099136017,27.093582287560114
2025-03-01T17:19:59Z,40.290483244416535,-75.90703134949432,89.03423692674357,23.026307737590095,-29.28572224172217,0.4902251353745949,1.5543218472079685,0.021180904735967166,1.4893014779318363,0.0009999999964002842,0.001000000006009847,0.000999999996069125,0.0009999999899538588,0.0009999999926405248,0.0009999999874959027,0.00001800020055390437,0.00001800032305009497,1.1910242279737242,12.400448411486499,3.3993504750181502,0.02929697531428125,0.00032082836119769886,0.00021882689723878024,0.00684489461400924,0.0029979999999998662,0.0029979999999998844,0.0029979999999998662,0.0010199799999997432,0.0010199799999997226,0.0010199799999997326,-0.21906067450461117,9.706053903667428,0.4326500713704721,0.00727922047623485,-0.0025096369078832508,-0.0024420413270082038,-0.12693750198930503,-22.719000854492187,14.775375547409057,982.51021484375,-0.0591316881927799,27.10125590805647
2025-03-01T17:20:00Z,40.28955285936781,-75.90727712071482,91.09433575903265,23.698512797798728,-27.703680022242946,0.613860471485272,1.55202491343058,0.03166607535603618,1.4896063317625057,0.0009999999966140605,0.0010000000058059005,0.000999999996186351,0.0009999999898930771,0.0009999999927099155,0.0009999999876254611,0.000019000171910989717,0.00001900032591511996,1.162923065378678,13.294148351687136,3.617203048975066,0.024968541216294233,0.00033015615582017357,0.00021897289431402526,0.006851817418368502,0.0029989999999998664,0.002998999999999885,0.0029989999999998664,0.0010199899999997436,0.001019989999999723,0.0010199899999997328,-0.020581263291464667,9.736192980442395,0.5921009675104985,-0.0016719514190573527,-0.005021525806372812,-0.0017635807726288334,-0.5754375176876784,-22.73137571334839,15.220500631332397,982.1373022460938,-0.02325735561335268,27.362518511314217
2025-03-01T17:20:01Z,40.28882049502929,-75.90753267553364,92.74702668609815,24.090560861276174,-26.108677927978135,0.6333091611490358,1.552331050860842,0.039973656888377083,1.4821082690390535,0.0009999999967247432,0.0010000000060473677,0.0009999999962714092,0.0009999999899287482,0.0009999999925084857,0.0009999999878320168,0.000020000135148973726,0.00002000032918880404,1.1260999334639608,14.053712667128238,3.834911185513121,0.020772432547074934,0.00033868106957161216,0.00022160484227274024,0.006859754656745811,0.002999999999999865,0.002999999999999884,0.0029999999999998648,0.0010199999999997438,0.0010199999999997223,0.001019999999999733,0.32003050437896,9.719743867211712,0.3534123404407383,0.0010604168221306544,-0.010931560247319888,-0.002792537976949329,-0.3480000148713589,-21.922688312530518,15.598125629425049,982.1244067382812,-0.04619590417883063,26.90769678115775
2025-03-01T17:20:02Z,40.2887468084648,-75.90783110767605,93.38746362307646,24.402181789353644,-25.368238941072836,0.48400610343843825,1.5556264686031573,0.04314692647420954,1.4676028502846012,0.0009999999965516928,0.0010000000062315333,0.0009999999960403805,0.0009999999898286684,0.000999999992465474,0.000999999987577145,0.0000210000866902979,0.00002100033293440692,1.083204077786983,14.856214816456813,4.095726997837869,0.017797700356923424,0.00034660897393776045,0.00022659830143144857,0.006868372717880052,0.003000999999999866,0.003000999999999885,0.003000999999999866,0.0010200099999997441,0.0010200099999997227,0.0010200099999997333,0.28729524293869435,9.662214810683242,0.39453358367396224,0.003958186037044272,-0.014744457570795007,-0.00294458627904274,0.6208125224336982,-22.17225080490112,15.57693814277649,982.45103515625,-0.10317213953161972,27.104102122699928
2025-03-01T17:20:03Z,40.28841456303615,-75.90810690541251,94.13726263403643,24.938538192579145,-24.447821745872965,0.3479724895502144,1.5524870773571198,0.04754764004522305,1.4531688470168114,0.0009999999962966488,0.001000000006394552,0.0009999999960706952,0.0009999999899673769,0.0009999999921878294,0.0009999999875620422,0.000022000021795289483,0.000022000337234849003,1.0387141346334157,15.744576459868844,4.431050548732142,0.016066551711488988,0.000354314732611294,0.00023348845937915097,0.006877739752461428,0.003001999999999865,0.0030019999999998832,0.003001999999999865,0.0010200199999997447,0.0010200199999997233,0.001020019999999734,0.2364876492380809,9.648416279786554,0.5913033651469756,-0.002191186483401754,-0.015334960717662723,-0.003046397284909825,-0.6718125201389193,-23.41087594985962,16.611375617980958,982.24330078125,-0.10839388833268987,28.713329947248933
2025-03-01T17:20:04Z,40.28770138069987,-75.90836159953373,95.10602511287608,25.296385245935088,-23.34184111511104,0.3844422286706074,1.5503217141049823,0.04139175271351856,1.4459625521619268,0.0009999999966813016,0.0010000000061310711,0.0009999999957330022,0.000999999989850157,0.0009999999921889947,0.000999999987819799,0.000022999934393866735,0.000023000342167951884,0.9961283763846775,16.73427244803083,4.8096215606094574,0.015110168450828885,0.0003624958770167925,0.00024099858472260966,0.006881873742163688,0.003002999999999866,0.0030029999999998842,0.003002999999999866,0.0010200299999997449,0.0010200299999997236,0.001020029999999734,0.19485842163229578,9.796824218618534,0.45344016684178573,-0.0011326879370847788,-0.008808554602501639,0.00851346827265829,0.506812520287931,-24.174750995635986,15.374250555038453,981.989453125,0.031325703387641395,28.653797353725032
2025-03-01T17:20:05Z,40.28717934063186,-75.90861854605316,95.82325654398298,25.617417212657593,-22.340318634578185,0.30349839235472664,1.547646866086156,0.049881046692824095,1.4341798755801052,0.0009999999964531443,0.0010000000062385954,0.0009999999959023503,0.000999999989683202,0.0009999999925305674,0.0009999999879584884,0.00002399981681964797,0.000024000347800305463,0.9572815856487444,17.73425515448152,5.248249130062407,0.014806008045923266,0.0003703431803673665,0.00025050216076336166,0.006894723937553218,0.0030039999999998657,0.0030039999999998826,0.0030039999999998657,0.001020039999999744,0.0010200399999997225,0.0010200399999997333,0.30149266218105025,9.70676122410479,0.4595784802895489,-0.0015497784533631247,-0.012331541347267418,-0.00742426027280428,0.5962500230967999,-22.7716881942749,15.630000638961793,982.0093408203124,-0.055718279792190226,27.62606378270612
2025-03-01T17:20:06Z,40.28698293006179,-75.90887391878393,96.14232215778198,25.595454110274982,-21.37032036892887,0.08286809604085839,1.5326231475515133,0.05668175656119839,1.417163301327648,0.0009999999967508,0.0010000000059055272,0.0009999999957575052,0.0009999999897290278,0.0009999999928141999,0.0009999999879563343,0.000024999659343100767,0.00002500035417744748,0.9227980474174848,18.714319750070437,5.697328158303114,0.014699586162165584,0.00037713648217278865,0.0002619544748478474,0.006907496380499499,0.003004999999999865,0.0030049999999998836,0.003004999999999865,0.0010200499999997448,0.0010200499999997227,0.0010200499999997341,0.35898251497123074,9.605359145674173,0.16379095624650458,-0.01386070618307872,-0.016990136985327576,-0.006938407216302035,0.3390000111609697,-22.803188419342042,15.696375608444214,982.096826171875,-0.16466960706067668,27.685261551030923
2025-03-01T17:20:07Z,40.2859353773462,-75.90912150379215,96.74186945088758,25.529983135506605,-20.125175018173646,0.06018085504457628,1.5517496163576525,0.05150475312818553,1.4035500042220732,0.000999999996694237,0.00100000000622872,0.000999999995721697,0.0009999999898673818,0.0009999999932318545,0.0009999999879833795,0.000025999450149130305,0.000026000361333441082,0.8935128739779754,19.76196625024225,6.241703853106952,0.0153401110211291,0.0003836469283263645,0.0002737806792908511,0.006914019110567814,0.0030059999999998634,0.003005999999999882,0.0030059999999998634,0.0010200599999997443,0.0010200599999997215,0.0010200599999997352,0.408890515329461,9.770250828101291,0.2195384844335622,0.021092943006609598,-0.01415395475112303,0.005719512452075069,0.7366875322163104,-22.42931324005127,15.665063095092773,981.7981909179688,0.00300745545253374,27.368014394655617
2025-03-01T17:20:08Z,40.28538926303043,-75.9093613832154,96.94849880628416,25.955048135246404,-19.212140432485832,-0.13035961970229892,1.5519015969114,0.05611677392060851,1.3857709986678053,0.0009999999968072777,0.001000000006618392,0.000999999995760034,0.0009999999902676026,0.000999999992833996,0.0009999999878301247,0.000026999175984985743,0.000027000369316469783,0.8718513130627462,20.890722088515048,6.919420044803587,0.017059030023466787,0.00038957471421738565,0.0002867691257329287,0.006925990747209133,0.003006999999999862,0.0030069999999998804,0.003006999999999862,0.001020069999999745,0.0010200699999997212,0.0010200699999997347,0.3696482269523816,9.617867842350135,0.5660590862519361,0.0017692537031491714,-0.017707151779966516,-0.0047568184388155,0.8775000361725688,-22.799250850677492,15.270563163757323,981.93037109375,-0.13675950912006649,27.45474722821605
2025-03-01T17:20:09Z,40.28427326471443,-75.90961035880683,97.18518494527459,26.192029937996004,-18.171462919770192,-0.23919727365880245,1.5500965960998097,0.06148647388096363,1.3669660805864787,0.0009999999970618189,0.0010000000069466293,0.0009999999961038688,0.0009999999905336543,0.0009999999925420155,0.00099999998828532,0.000027998823019438962,0.00002800037812683759,0.8599831819848467,22.02032469620035,7.672187118530247,0.019519688513231253,0.00039496602796935785,0.0002999052444022287,0.0069384163559587445,0.0030079999999998606,0.0030079999999998793,0.0030079999999998606,0.0010200799999997442,0.0010200799999997218,0.0010200799999997353,0.4481838125208044,9.691736101925596,0.5084358622154146,0.0006298068662503097,-0.018352064216946712,-0.0059870604409163605,1.1255625391378998,-23.021813316345217,15.16518804550171,981.7938671875,-0.06306422967530716,27.59077553056192
2025-03-01T17:20:10Z,40.28176918415678,-75.9099093849193,97.7649529566556,25.72329098037881,-17.486794828759407,-0.2605694182699772,1.5513786148571975,0.05714313807626014,1.355883147058961,0.0009999999973972873,0.0010000000070887766,0.0009999999963770522,0.0009999999906647212,0.0009999999922025368,0.0009999999884144576,0.000028998378960925946,0.000029000387676432694,0.8582309354131001,23.275533086163822,8.44590641363658,0.02108286584622758,0.0004010064205800152,0.0003109065441250035,0.006946423399973793,0.00300899999999986,0.0030089999999998785,0.00300899999999986,0.0010200899999997439,0.0010200899999997224,0.0010200899999997359,0.12550055512691677,9.721636620196707,0.28701608657233113,0.004884663832216599,-0.00977609045061628,0.002471748271913777,1.6852500749379395,-22.770750846862793,15.444938097000122,981.4823754882813,-0.051857005864862686,27.566110786114198
2025-03-01T17:20:11Z,40.279141955550195,-75.9102304308705,98.2944742253466,25.293774233968055,-17.06339246002057,-0.2691798184452144,1.535552983110348,0.05888708539099469,1.3454231928944023,0.0009999999970815633,0.001000000006898504,0.0009999999960468176,0.0009999999908456192,0.0009999999919945717,0.0009999999885077252,0.00002999783586494358,0.00003000039784062994,0.8657469975623292,24.55919223022597,9.296297036938123,0.0229448123579553,0.0004070842133751798,0.00032052071688772716,0.0069574806003561375,0.0030099999999998583,0.00300999999999988,0.0030099999999998583,0.0010200999999997432,0.001020099999999722,0.0010200999999997354,0.10612784480136307,9.723352750614769,0.5344430933946667,-0.012118240797809083,-0.008418001006521951,-0.004605103238396703,1.5973125679790974,-22.975500831604005,15.271500644683838,981.444638671875,-0.03997277111252154,27.634054355002963
2025-03-01T17:20:12Z,40.27592564754562,-75.91060032144755,98.94425157869439,24.42821799647939,-16.594838851889,-0.24706977034376043,1.5346884226567388,0.05186623179298272,1.3267219810332707,0.0009999999974466384,0.0010000000064563452,0.000999999995848217,0.0009999999912058645,0.0009999999918454338,0.0009999999884493362,0.0000309971903816165,0.000031000408443512,0.8818520426141476,25.72311391265416,10.146001254953438,0.02527764912153208,0.00041109669129595755,0.00032964133324640013,0.006964065512464323,0.003010999999999859,0.0030109999999998784,0.003010999999999859,0.0010201099999997418,0.0010201099999997214,0.0010201099999997349,0.3869164283813912,9.752504077586586,0.40119360829415857,0.003948004427750387,-0.015945825396714946,0.002329213122532768,2.0591250744462015,-22.437375764846802,15.09862561225891,981.3115942382813,-0.010205044830466685,27.12271293849117
2025-03-01T17:20:13Z,40.272227946677766,-75.9110239273551,99.75307442815931,23.424308745749876,-16.548815802425878,-0.13135570684568815,1.5318939261694848,0.04578280487978425,1.3095377161577773,0.0009999999972858161,0.0010000000062591284,0.0009999999959196635,0.000999999991182361,0.000999999992043714,0.0009999999881808868,0.00003199644582246497,0.000032000419257264836,0.9057025403265904,26.914371280083603,11.02746435776245,0.02756152574499646,0.00041529964417194435,0.0003360354682326142,0.006971133071231395,0.0030119999999998607,0.0030119999999998794,0.003011999999999861,0.001020119999999742,0.0010201199999997205,0.0010201199999997348,0.3489012764103167,9.814358435514904,0.5807304945393899,0.0023422315342134345,-0.013475160369892127,-0.0000786958053532698,1.7949375712499023,-22.584375820159913,15.035063047409057,981.181181640625,0.05909312466171204,27.190553149493592
2025-03-01T17:20:14Z,40.268409886259555,-75.91148728084767,100.59095837867919,22.224863468040237,-16.685527364182583,-0.21151657032265433,1.5232942612139475,0.04553111131989304,1.2868157964684772,0.0009999999976240622,0.001000000006120097,0.0009999999957349933,0.0009999999917440566,0.0009999999921597132,0.0009999999882432725,0.000032995614207444255,0.000033000430039616,0.9357547118468924,27.998795618528572,11.850901293216188,0.029724509877344943,0.0004187904809384245,0.0003404828138345808,0.006980508627620644,0.0030129999999998604,0.0030129999999998786,0.0030129999999998604,0.0010201299999997413,0.0010201299999997198,0.0010201299999997339,0.4334967140105997,9.610968485508064,0.5634269828143355,-0.003188932692817229,-0.018175481559435835,-0.0072206395696236955,2.492250102609396,-22.48162576675415,15.19406310081482,981.0972436523438,-0.14137351255881714,27.24869874036986
2025-03-01T17:20:15Z,40.26475918521337,-75.91197135352594,101.37324481125184,20.760405954881264,-16.992056291106614,-0.1517093285537387,1.5198929592332007,0.038876284620639315,1.268503994677294,0.0009999999973818558,0.0010000000060378482,0.0009999999954521815,0.0009999999914717093,0.0009999999917421284,0.0009999999883278819,0.000033994714246458825,0.000034000440544734786,0.9685161907590385,29.06820240225346,12.57903844515909,0.030702567872553467,0.0004228162063247756,0.0003413386358046468,0.00698625353322724,0.003013999999999859,0.0030139999999998775,0.003013999999999859,0.001020139999999742,0.0010201399999997206,0.0010201399999997332,0.3706053601028874,9.755255729987063,0.3851218066307836,0.0014332778300451307,-0.013909609337335666,-0.001111991558884866,3.0221251091361045,-22.590563373565672,14.691938114166259,981.0510473632812,-0.00866848870461285,27.116730530417833
2025-03-01T17:20:16Z,40.26051747484661,-75.91254106264465,102.36409045856146,18.90317772502504,-17.913474749353597,-0.12728174791043517,1.5113703804647627,0.025489476541412048,1.2492638019675213,0.0009999999973786735,0.0010000000058867965,0.0009999999951736274,0.0009999999913353143,0.0009999999915166896,0.0009999999879835159,0.0000349937679037149,0.00003500045062417268,0.9989143236066946,30.17400344591696,13.213697372249237,0.030236781028086534,0.0004270531191051243,0.00033964756473791496,0.006989231965352392,0.00301499999999986,0.003014999999999878,0.00301499999999986,0.0010201499999997429,0.0010201499999997214,0.001020149999999732,0.21141204087410984,9.681419558034394,0.4417114180411025,-0.0033958919633425948,-0.014216210919815916,0.003756733947120598,2.4909376046061515,-22.937625885009766,15.166313066482545,980.8706103515625,-0.08464937326381274,27.610753132987078
2025-03-01T17:20:17Z,40.25652913094196,-75.91312759094612,103.3473348079685,17.03547448791949,-18.807031972712807,-0.06428796649011143,1.5054424516314946,0.01937102992146425,1.2357791611023226,0.0009999999976354947,0.0010000000062995527,0.0009999999947384527,0.0009999999913115616,0.0009999999917740645,0.0009999999879824006,0.0000359927955896272,0.000036000460237702774,1.0237024993913975,31.260329342867717,13.753386144352433,0.02964027529595398,0.0004327882821952302,0.000335352402129328,0.006995276790264421,0.003015999999999859,0.003015999999999877,0.003015999999999858,0.0010201599999997437,0.001020159999999722,0.0010201599999997328,0.36326736333980036,9.731167975101943,0.3851616940285845,-0.0016617698200653433,-0.008320196087438642,-0.0031380268004465683,3.4715626296401023,-22.882313327789305,14.902125625610351,980.7977685546875,-0.03278066108884174,27.526760657730488
2025-03-01T17:20:18Z,40.25162266362216,-75.91384489551231,104.73762772619315,14.801912957150472,-20.396725701686364,0.1462217029244913,1.5035796237813814,0.00758059578015432,1.2142464030404838,0.0009999999975577592,0.001000000006258995,0.0009999999951324312,0.0009999999915702034,0.0009999999920158726,0.0009999999879065132,0.00003699181323583447,0.00003700046942856075,1.0416723027534067,32.463686083758844,14.243715003114016,0.028414711865585293,0.00043837561616028953,0.00033068157065855767,0.006999898008590935,0.0030169999999998583,0.0030169999999998766,0.0030169999999998583,0.0010201699999997445,0.0010201699999997222,0.0010201699999997328,0.2865309869380587,9.830872877521156,0.5359729372023043,0.0028429403947678087,-0.015467982036284349,-0.00030902166410957715,3.1631251338124273,-23.74218843460083,14.809875612258912,980.5189111328125,0.07147869151223096,28.160724728982576
2025-03-01T17:20:19Z,40.24545165902553,-75.91474418768942,106.62035021182685,11.923140667316588,-22.657802995348213,0.17661085974291416,1.4964184794166244,6.281802175736496,1.1932588250234533,0.0009999999975075528,0.0010000000061492031,0.000999999995085712,0.000999999991059979,0.0009999999920518763,0.0009999999879663182,0.000037990830411509434,0.00003800047829587849,1.0520879853545528,33.685234127447764,14.627208608845287,0.027009153395155812,0.0004450531898303722,0.00032528245760495966,0.007007359276176119,0.0030179999999998567,0.003017999999999875,0.0030179999999998567,0.0010201799999997449,0.0010201799999997227,0.0010201799999997336,0.3526193058540011,9.610330493284959,0.4417120646200079,-0.0022522746481997,-0.013156209232993833,-0.006110902063251824,3.42356263756752,-22.480688323974608,15.021375589370727,980.1338354492187,-0.15097735583501443,27.25327641326753
2025-03-01T17:20:20Z,40.24093524064414,-75.91551103555258,108.02774583731996,9.64042625471456,-24.24947353034972,0.11170788321139494,1.4976054900957378,6.267949402745686,1.1703969262559661,0.000999999997462489,0.00100000000617263,0.0009999999952452837,0.0009999999910725052,0.0009999999919943767,0.0009999999880639587,0.00003898984762391957,0.000039000486910105225,1.0545763694714472,35.01060664107433,14.908371605886696,0.02530567000939251,0.0004520996179159523,0.00032046067326143527,0.007011691568303482,0.003018999999999858,0.003018999999999877,0.003018999999999858,0.0010201899999997444,0.001020189999999723,0.0010201899999997335,0.3698077519303277,9.592942538891048,0.20944875868156237,0.0038665568836104207,-0.01799222215568408,0.0023088508589855024,3.624000144004822,-23.083125705718995,14.82693808555603,980.1863134765625,-0.1753877798552446,27.673079729723025
2025-03-01T17:20:21Z,40.236591054195685,-75.91629197768067,109.44977292386938,7.969114031818689,-25.932134142656007,0.31323624459488175,1.4883449109088642,6.2590142516496465,1.1467111439728541,0.0009999999976630042,0.0010000000063557044,0.0009999999951295514,0.0009999999911927864,0.0009999999919279297,0.000999999987783259,0.000039988860995175476,0.000040000495391737,1.0509886712750032,36.570603946955536,15.266633973713487,0.023957920008645554,0.0004596537288985347,0.00031644237622364653,0.007018496080329766,0.003019999999999857,0.003019999999999876,0.003019999999999857,0.0010201999999997452,0.001020199999999724,0.0010201999999997346,0.513888360427146,9.831775115960625,0.6762472549155267,-0.0077120016783852096,-0.01909311335960808,-0.0021516299006087945,2.5117500934749843,-24.461813621520996,15.28856309890747,980.0433471679687,0.09083229398622242,28.955594011554403
2025-03-01T17:20:22Z,40.232853645797945,-75.91702932210003,110.81680432812118,6.154152737603987,-27.426423816823103,0.3749588759142497,1.487663384910871,6.25344774482419,1.134173709801101,0.000999999997425962,0.0010000000062955314,0.0009999999949128978,0.0009999999907496662,0.0009999999921278338,0.0009999999876454037,0.00004098786007437146,0.00004100050384686463,1.0415169050304638,38.29206651725609,15.499415422212898,0.022077922475316963,0.00046853037592012526,0.00031264493872654127,0.007026609977889197,0.0030209999999998563,0.003020999999999875,0.0030209999999998563,0.001020209999999746,0.0010202099999997247,0.0010202099999997336,0.26675685555224865,9.759084311161043,0.2525594398825394,0.00004865131926723204,-0.008900517809980248,-0.003036215760169893,4.480312683582306,-23.56893835067749,14.862750539779663,979.9663110351562,-0.011407615277585163,28.22173867745157
2025-03-01T17:20:23Z,40.228680380884384,-75.91783632792564,112.24272294466616,4.488441881531854,-28.998608075656566,0.25459142669850343,1.4946924275292024,6.248406064457063,1.115195824100738,0.0009999999974259109,0.0010000000062955045,0.0009999999947326082,0.0009999999905836768,0.0009999999922124902,0.0009999999877738292,0.00004198682669626002,0.00004200051229479671,1.027148694005581,40.11659731808929,15.732137328815464,0.021107259303887977,0.0004769260260383215,0.00031101687941761995,0.007035847509524918,0.0030219999999998555,0.0030219999999998737,0.0030219999999998555,0.0010202199999997455,0.001020219999999724,0.0010202199999997338,0.4205290406439239,9.566367944554772,0.22718113772371382,0.006758483194719444,-0.015437940551615193,-0.004394806057219242,4.077562661170959,-24.29400098800659,14.28937560081482,979.7498950195312,-0.19893812061691118,28.478208404883947
2025-03-01T17:20:24Z,40.22343548952816,-75.91878580692934,113.84689057177748,3.0446691645986297,-31.18138578783754,0.2569422270613878,1.5024056035487918,6.237217922275474,1.0901108454552801,0.0009999999975642594,0.0010000000062967186,0.0009999999948267228,0.0009999999907555695,0.0009999999922143258,0.0009999999882231547,0.00004298574426531367,0.00004300052080481159,1.010977645959165,42.19272267954866,16.028705059082792,0.019968912940230996,0.00048465407007952324,0.00031175453984985066,0.007043835987682409,0.0030229999999998565,0.0030229999999998717,0.0030229999999998565,0.001020229999999746,0.0010202299999997246,0.0010202299999997326,0.4257998006220571,9.647578786843681,0.43812283864088586,0.006014763771154948,-0.021830488771484125,0.0001504621212008244,4.338000165075064,-24.475876083374022,14.333625564575195,979.4371362304687,-0.11011074587160574,28.693843470531515
2025-03-01T17:20:25Z,40.218192063271005,-75.91975120934589,115.48627992168731,2.341697473770676,-33.75865412412768,0.456217556421627,1.5041700654341859,6.23292384471813,1.0748232961706152,0.0009999999975510328,0.0010000000062531144,0.0009999999949113815,0.000999999990930886,0.000999999992528367,0.0009999999880962451,0.000043984596251923226,0.00004400052960579742,0.9922696268055624,44.635192017244314,16.45500960509591,0.017626843543163816,0.0004926887618153375,0.00031338753328617215,0.007054602737914291,0.0030239999999998567,0.0030239999999998705,0.0030239999999998567,0.0010202399999997462,0.001020239999999725,0.001020239999999733,0.2649223604816465,9.823969681097728,1.0405159418920256,-0.000461738053304776,-0.012363587618537166,-0.005005670386849561,4.522500157356262,-24.633001136779786,14.712188062667847,979.264326171875,0.10571808837830737,29.04622643849433
2025-03-01T17:20:26Z,40.21282324842779,-75.92073977017417,117.152973065596,1.36812702610515,-36.09363085421714,0.40827177640539,1.5018302139011652,6.225881897711591,1.0597463976611732,0.0009999999976786976,0.0010000000061398306,0.0009999999952779763,0.0009999999908906093,0.0009999999926774855,0.0009999999880986145,0.00004498335766952069,0.000045000538881904705,0.9701704068138185,47.12031582609648,16.824276387509105,0.01627701456516162,0.0005004206482046721,0.0003169234976647174,0.007064274863887338,0.003024999999999858,0.0030249999999998715,0.0030249999999998577,0.0010202499999997455,0.001020249999999724,0.001020249999999734,0.18387496510942575,9.628385150840634,0.5168695939776425,-0.005194604531368656,-0.01298313140707935,-0.0013766997637088456,4.953750212192535,-24.87018856048584,14.1594380569458,979.0776708984375,-0.13251630182026874,29.04397780468391
2025-03-01T17:20:27Z,40.20894943657496,-75.92156693711844,118.3806357976445,0.8758876627081755,-37.82933589827493,0.41783857049805956,1.5035332640123964,6.223171867600447,1.0488026141580054,0.0009999999979541515,0.0010000000062788334,0.0009999999953210026,0.0009999999907280368,0.0009999999929308574,0.0009999999883718528,0.00004598199351965396,0.0000460005487419575,0.9459232329932737,49.81970439288566,17.29380813721514,0.015031982189256391,0.0005080328030070539,0.00032192480574781874,0.0070747138370766014,0.0030259999999998587,0.0030259999999998725,0.0030259999999998587,0.0010202599999997446,0.0010202599999997231,0.001020259999999734,0.1517418470343815,9.724029373162805,0.6913632335275445,-0.0006538432631351712,-0.00980663419030996,-0.0024558946517181067,5.495062675476074,-23.993625869750975,14.460750570297241,979.1358251953125,-0.02658747411726332,28.5482082503071
2025-03-01T17:20:28Z,40.205819419563824,-75.9223147684168,119.35419131564531,0.4863521904812169,-39.189144938368244,0.3394000904489333,1.5041391223491998,6.221746228763643,1.0359493699118525,0.0009999999980978955,0.0010000000060217974,0.0009999999952576336,0.0009999999904913661,0.0009999999927136182,0.0009999999885355376,0.00004698046181146784,0.00004700055936245851,0.9206760350961734,52.63798969317456,17.83095299469686,0.014297482569735478,0.000514912579193565,0.0003290230248561659,0.007085247189607385,0.003026999999999859,0.0030269999999998727,0.003026999999999859,0.001020269999999744,0.0010202699999997226,0.0010202699999997333,0.09585047172580953,9.668945497975558,0.61164105411867,-0.001673453740809213,-0.012263444898145964,-0.0022718007915222185,5.6216251969337465,-23.843063354492188,14.264063091278077,979.1273022460938,-0.08746286353235046,28.347044775407177
2025-03-01T17:20:29Z,40.20391304052382,-75.9229411368476,119.96845449359482,0.14228378568114522,-39.975487615784374,0.2577367163805749,1.5082876886401022,6.216403940518145,1.0221105883362431,0.0009999999980471578,0.001000000006019885,0.0009999999952368275,0.0009999999906515136,0.0009999999926066626,0.0009999999885982709,0.000047978714921149225,0.0000480005708899699,0.896519694207038,55.54264435102781,18.461134682636864,0.014162938023804826,0.0005214698356722977,0.0003379597361344996,0.00709370794341857,0.0030279999999998568,0.0030279999999998737,0.0030279999999998568,0.0010202799999997428,0.0010202799999997222,0.0010202799999997321,0.17220047918276463,9.69766850375527,0.47911986030119047,0.0023393941352080035,-0.013980876798478854,0.0031946047954042817,5.2063127179443836,-23.530500888824463,14.903250579833985,979.2011499023438,-0.06510708172843659,28.33538697331269
2025-03-01T17:20:30Z,40.20247320008579,-75.92352314220253,120.42385076448045,0.09747527478963047,-40.48652233379106,0.236306905177567,1.5080758485976058,6.219408236220853,1.0067271584895978,0.000999999997978847,0.001000000006246105,0.0009999999953053524,0.0009999999905957986,0.0009999999924506988,0.0009999999885269937,0.0000489767093925287,0.000049000583509074804,0.8753805024884015,58.53012280746185,19.24573676759778,0.013958989135049654,0.0005267638998096717,0.00034852744030299844,0.007105301315347499,0.0030289999999998578,0.0030289999999998747,0.0030289999999998578,0.001020289999999743,0.0010202899999997225,0.0010202899999997323,0.3957770704118307,9.74382900587637,0.6375698264176481,-0.0019037794952298471,-0.015167556833080756,-0.0045950890322873405,4.709062674492597,-23.40956335067749,14.670750560760498,979.2044848632812,-0.0033970297581009017,28.02518499650276
2025-03-01T17:20:31Z,40.20093698218577,-75.92411069428503,120.8337782095621,0.0177266207035974,-40.94436704620101,0.17576192473543278,1.5080343777305747,6.211830848940556,0.9895437302918502,0.000999999997651933,0.0010000000062600903,0.0009999999952198817,0.0009999999908799238,0.0009999999923940989,0.0009999999886753186,0.000049974407117480366,0.000050000597429098165,0.8578945890457439,61.57356938306336,20.124052263139877,0.014040985367562538,0.0005320493109754092,0.00036045655346482144,0.007112658054840523,0.003029999999999856,0.003029999999999875,0.003029999999999856,0.0010202999999997429,0.0010202999999997216,0.0010202999999997322,0.3899872237457927,9.710948664976867,0.5588806192524491,-0.0019468412165551618,-0.01772751407625836,0.006045307518590583,5.989687738418579,-23.06381326675415,14.216438074111938,979.1562329101563,-0.04120266519751411,27.747434584018425
2025-03-01T17:20:32Z,40.19570132185524,-75.9249755918924,121.65243203106684,0.5678961079774394,-42.15028949302338,0.06922061705755639,1.5129278987411166,6.217570859158791,0.9695196998187976,0.0009999999973928982,0.0010000000063080923,0.0009999999950320553,0.0009999999907896167,0.000999999992577132,0.000999999988829801,0.0000509717687770907,0.00005100061294104549,0.8433875287505567,64.72501485402573,21.137180403032964,0.013868439193395348,0.000535423692956481,0.00037373551258795443,0.007125350270089657,0.003030999999999858,0.0030309999999998767,0.0030309999999998576,0.001020309999999743,0.0010203099999997215,0.0010203099999997324,0.3512234906776385,9.607419267330268,0.8387611056812722,0.0007409642509795032,-0.02029314576740327,-0.007943496312137581,6.261562762260437,-22.462688312530517,13.765875663757324,978.76248046875,-0.12555948561995678,27.079071408592547
2025-03-01T17:20:33Z,40.18817148350609,-75.92598427851603,122.59322759928685,1.2957169481098725,-43.52097799551853,-0.04525137470149626,1.509555183713174,6.217900101673333,0.961151736853758,0.0009999999973456305,0.001000000006295475,0.000999999994983489,0.0009999999907153285,0.0009999999926531317,0.0009999999889209175,0.000051968749079202565,0.00005200063042627759,0.8314115418610861,67.94342362866173,22.235426609033993,0.014229384474015205,0.0005411302010059889,0.00038544223565902143,0.007135387353364284,0.003031999999999857,0.003031999999999875,0.003031999999999857,0.0010203199999997432,0.0010203199999997217,0.0010203199999997323,0.17387218390006326,9.597239210779104,0.7156699930830903,-0.007701987555780861,-0.009669773678956628,-0.0013204535882763084,5.786625204086303,-23.501813335418703,13.800750551223755,978.5030517578125,-0.15032486377049653,27.861768405152628
2025-03-01T17:20:34Z,40.17788666856908,-75.92714196520734,123.6780962481441,2.602726280131068,-44.82442684809408,-0.14226217807340552,1.51299735793419,6.224000808538691,0.949479393812175,0.000999999997158496,0.001000000006057501,0.000999999994937771,0.000999999990627008,0.0009999999926287228,0.0009999999885599608,0.00005296530494335427,0.0000530006502908151,0.8226017417107272,71.17772744601423,23.46413752111401,0.014510088189032608,0.0005458725391131034,0.00039795099848658795,0.007147124188304501,0.0030329999999998587,0.003032999999999875,0.0030329999999998587,0.0010203299999997427,0.0010203299999997212,0.0010203299999997318,0.2745335268901507,9.580619548791313,0.7727192030541783,-0.0020181080719043117,-0.013502365625722365,-0.006304342574847178,6.451125249862671,-22.573688201904297,13.417875547409057,978.214111328125,-0.16000387504629543,27.041173156730277
2025-03-01T17:20:35Z,40.16650783679983,-75.92832467465823,124.65504626748661,4.177469404181305,-45.717307895176866,-0.33628323087059975,1.50787814374299,6.227930727230346,0.9368372570308672,0.0009999999971636367,0.001000000006356842,0.0009999999949299456,0.000999999990513859,0.0009999999923244157,0.0009999999887787617,0.00005396141132914182,0.000054000672932819966,0.8170759421974597,74.35155211605316,24.787975460103922,0.014667479473959185,0.0005507937874727158,0.0004105148089197274,0.0071573959854233675,0.003033999999999858,0.0030339999999998753,0.003033999999999858,0.0010203399999997435,0.0010203399999997222,0.001020339999999733,0.37561458436134215,9.475362197119487,0.6954290713613757,-0.01049594321044017,-0.015157542928582977,-0.003072934595664891,6.316875238418579,-22.632000789642333,13.031063013076782,978.0701245117187,-0.2672984639677746,26.86849901152988
2025-03-01T17:20:36Z,40.15364120652557,-75.92954624709293,125.5638905937978,5.934072123107151,-46.15717311832147,-0.4408435652100389,1.5131040007895369,6.233281931631857,0.9218778728155599,0.0009999999969419857,0.0010000000062007255,0.0009999999947548324,0.0009999999907117283,0.0009999999924478352,0.0009999999888510686,0.00005495706726166327,0.000055000698639217186,0.8148633047670824,77.50279847373902,26.200623453512083,0.014781836528321785,0.0005553824580822385,0.00042321328070170453,0.007167572963484025,0.0030349999999998564,0.003034999999999875,0.0030349999999998564,0.0010203499999997443,0.0010203499999997226,0.0010203499999997334,0.43963828947927075,9.564787076943716,0.477365121938236,-0.00022623787276268039,-0.018022765295975907,-0.003443459052236704,6.874687762260437,-23.74068836212158,12.7710005569458,977.9099169921875,-0.18874956094283962,27.82044639698369
2025-03-01T17:20:37Z,40.14367268627943,-75.9305792144523,126.00872217360379,7.307953264064803,-46.52480045864021,-0.5739559027865414,1.5142577651511466,6.239289452594127,0.9103834851733127,0.000999999996728005,0.0010000000064939007,0.0009999999945777228,0.000999999990995596,0.000999999992315952,0.0009999999885859819,0.00005595228014903286,0.000056000727724890574,0.8155126020987081,80.79140327078122,27.69414307997182,0.015211530880971451,0.0005609233595040169,0.0004345574248340371,0.007177716640644601,0.0030359999999998557,0.003035999999999874,0.0030359999999998557,0.001020359999999745,0.0010203599999997234,0.0010203599999997343,0.1672951883133037,9.57260364595429,0.582051120572691,-0.002578067403825813,-0.013950332639559714,-0.0038507019562993763,7.502062788009644,-23.152313270568847,12.618750524520873,978.0744384765625,-0.18375209146623,27.4142413549383
2025-03-01T17:20:38Z,40.134922847983304,-75.93152365537195,126.148874161314,8.36768083535697,-46.553973342160546,-0.7471362168709559,1.5171524537224932,6.2444778402158985,0.9037448572617018,0.0009999999970605497,0.0010000000062637105,0.0009999999943506829,0.000999999991105973,0.0009999999923467728,0.0009999999884442786,0.00005694706483730746,0.00005700076053918408,0.8190882493209071,84.01857018524262,29.227760936287222,0.01583457594631271,0.0005676443664253892,0.0004441702693306692,0.007187181750944442,0.0030369999999998567,0.0030369999999998757,0.0030369999999998567,0.0010203699999997457,0.0010203699999997242,0.001020369999999735,0.10569635389266305,9.560993880343588,0.31124373991181536,0.00007902740780680391,-0.008968782126608996,-0.002592253422645535,7.764187846183777,-23.571000843048097,12.047250518798828,978.1550805664062,-0.20885056810726138,27.586375801215535
2025-03-01T17:20:39Z,40.124971218087325,-75.9324921799494,126.18706789389473,10.0895578267838,-46.647394627571536,-0.9459522479463438,1.506721176608538,6.249829875834286,0.8955986564776406,0.000999999997090071,0.001000000006349389,0.0009999999942222682,0.0009999999911547187,0.0009999999925112528,0.0009999999882306155,0.00005794144772655487,0.00005800079751968848,0.8246004308143577,87.34565804307651,30.867110218259995,0.016046537853335395,0.0005741855868048461,0.00045327099946840244,0.007196134376019627,0.0030379999999998564,0.003037999999999875,0.003037999999999856,0.0010203799999997458,0.0010203799999997246,0.001020379999999735,0.09208080508978067,9.496152932478681,0.8063782465166717,-0.013370011925505335,-0.010967277144810566,-0.0019773833289979514,7.831687850952148,-24.166313514709472,11.719687929153443,978.102255859375,-0.2447146234040028,27.976673860796282
2025-03-01T17:20:40Z,40.11357574814581,-75.9334859834054,126.27770455762351,12.16634294340549,-46.33234158926354,-0.8530335944820197,1.510202267152102,6.258017940053935,0.8859210518385464,0.000999999997034341,0.0010000000063069858,0.0009999999941821753,0.00099999999111724,0.00099999999281424,0.0009999999884917807,0.00005893546169864293,0.0000590008391619241,0.830229273978354,90.73867229685729,32.61231282019979,0.01590897204202172,0.0005805508489483359,0.0004618773748325327,0.007205571372117866,0.003038999999999855,0.0030389999999998734,0.0030389999999998548,0.0010203899999997456,0.001020389999999724,0.0010203899999997339,0.21207890421284323,9.772582130175635,0.7986734879495427,0.0005797358873338508,-0.012864296126192757,-0.003934153989157793,8.103187866210938,-23.817563457489015,11.525062961578369,978.0311401367187,0.03193214653117655,27.672409397888543
2025-03-01T17:20:41Z,40.28222551221811,-75.90629918113477,131.33066291409082,-28.056133797952732,14.850251190049027,-0.287981015712726,1.3151037510200019,0.056098287925172095,0.8885563724874573,0.0009999999964309112,0.0010000000061611905,0.0009999999955132427,0.0009999999905185575,0.0009999999928986577,0.0009999999880329423,3.0750600735231456e-10,3.0750586325454457e-10,0.5002156002164359,0.0047926314760946085,0.0047922080712826795,0.010527549263950206,0.00015902063063260425,0.00017637984969123792,0.006571166554654534,0.003039999999999855,0.0030399999999998735,0.003039999999999855,0.001020399999999745,0.0010203999999997236,0.0010203999999997342,0.5044837817976726,9.56032049559916,0.6865775903870788,-0.006345067096732202,-0.018867795308695798,-0.0005978473104938143,8.343375334739685,-24.60843849182129,11.084812908172607,977.8652880859376,-0.18393408308959383,28.249908913752513
2025-03-01T17:20:42Z,40.28217352934849,-75.9061142305313,130.99618180996336,-28.598832771059882,16.56271994860831,-0.5453898389895132,1.3083852723390648,0.0734876587415598,0.8685445829979138,0.0009999999964825286,0.001000000006386247,0.0009999999956921343,0.000999999990452486,0.0009999999928261602,0.0009999999878446569,1.0003075061798707e-6,1.0003075062564444e-6,0.5326464153550733,0.04938728704873065,0.023651614046640096,0.011069154320162635,0.0001687311668790458,0.00018688491424409537,0.006579098478604934,0.0030409999999998537,0.003040999999999872,0.0030409999999998533,0.0010204099999997452,0.001020409999999724,0.0010204099999997344,0.35947872777143397,9.650569755865929,0.9884321639019229,-0.005398727655036436,-0.014696889737084664,-0.021724339215484587,9.248625359535218,-24.579376010894777,10.909312887191772,978.0053198242188,-0.07463266547967014,28.437528094252315
2025-03-01T17:20:43Z,40.28212547620454,-75.90591014432955,130.62474285740706,-29.12107382446231,18.094425977264443,-0.6692277843383196,1.3083561165078277,0.06397751455796057,0.8483098775395321,0.0009999999964025298,0.0010000000063313428,0.0009999999956651396,0.0009999999903329553,0.0009999999929690168,0.000999999987534699,2.0003075073860843e-6,2.0003075093319774e-6,0.5655320554689856,0.17302906685023126,0.07882316154628848,0.012387155471610015,0.00017787459405601164,0.000197403906203717,0.006590441652341137,0.003041999999999854,0.0030419999999998725,0.003041999999999854,0.0010204199999997447,0.0010204199999997233,0.001020419999999733,0.15520032102832032,9.723548918295556,1.1581068235131644,0.001260199701259742,-0.021413064637110086,0.004406153707037093,9.19218786239624,-24.536438579559327,10.249500331878663,977.9066796875,0.01097248127070655,28.135076400768792
2025-03-01T17:20:44Z,40.282081005607246,-75.90568686869138,129.78157488149327,-30.072234009913156,19.82059347588523,-1.4595061489036456,1.309658290148953,0.0682141542457299,0.833587449864626,0.000999999996175752,0.0010000000065160401,0.0009999999956647584,0.000999999990261943,0.0009999999932091043,0.0009999999876318397,3.000307510565237e-6,3.0003075210798807e-6,0.6001181470772914,0.38437125491869356,0.17979489236764526,0.014974590228828334,0.00018743022042325881,0.00020778813406087333,0.006600019680358366,0.003042999999999855,0.003042999999999873,0.003042999999999855,0.0010204299999997447,0.001020429999999723,0.0010204299999997338,0.058700918030486826,9.192822828922298,0.5231477999879555,0.002013599341856233,-0.012616611567784288,-0.007576978150552265,9.748312883377075,-24.421688499450685,10.645500392913819,978.032451171875,-0.5748580856469312,28.368508230246995
2025-03-01T17:20:45Z,40.28203364525785,-75.90544499653842,128.46628927799443,-30.91172332975819,21.24535049925622,-1.7082546586475613,1.2979313186562103,0.06799274218580358,0.8245367058719888,0.0009999999961356968,0.0010000000067577096,0.0009999999955281483,0.000999999990004466,0.0009999999931270009,0.000999999987698759,4.000307507732517e-6,4.000307553698678e-6,0.6389980026779346,0.6617438176074758,0.32900459376818736,0.018017684006719856,0.00019675631398589707,0.00021802060606466067,0.006609979776798988,0.0030439999999998532,0.003043999999999875,0.0030439999999998532,0.0010204399999997438,0.0010204399999997225,0.0010204399999997331,-0.16410421120542604,9.62363872158462,0.9653080729923401,-0.011707658354653665,-0.0082477613126158,-0.0019363253599354426,10.1475004196167,-24.29475093841553,10.028062915802002,978.1591967773437,-0.1095947344620797,28.173850659370103
2025-03-01T17:20:46Z,40.28198178199378,-75.90518682499267,126.91746452366027,-31.769846802070376,22.62386765464205,-1.9272811105999967,1.2962265296288122,0.06996005984558908,0.8197176877676282,0.0009999999961501354,0.0010000000066150078,0.0009999999956274285,0.0009999999899908741,0.0009999999932964318,0.0009999999880294303,5.000307460828228e-6,5.0003076248709616e-6,0.6843953498002028,1.0141796548244764,0.5284760450507141,0.02164831302324364,0.00020561328704962785,0.00022812256785071072,0.006619685673503007,0.0030449999999998525,0.003044999999999876,0.0030449999999998525,0.0010204499999997446,0.001020449999999723,0.0010204499999997337,-0.22744079114544896,9.640519959760901,1.0332577048932527,-0.002262454007467686,-0.0036572615440967574,-0.0031074835185039016,9.92550039768219,-24.65831352233887,9.639375343322754,978.3559301757813,-0.08468803987087689,28.27477069469906
2025-03-01T17:20:47Z,40.28191667674459,-75.90491308507526,125.31987824012087,-32.500953745012204,23.974990133570405,-1.9573221368434137,1.2955846404707312,0.06748048660064628,0.8121673625270217,0.0009999999959965573,0.0010000000063879893,0.0009999999955627534,0.0009999999902872952,0.0009999999936535142,0.000999999987779437,6.00030727092136e-6,6.000307758264806e-6,0.7376284681405023,1.450320581683572,0.7722200735765478,0.025562776221041313,0.00021316193945593672,0.00023825942562645248,0.006630009066086583,0.0030459999999998518,0.003045999999999876,0.0030459999999998518,0.0010204599999997454,0.0010204599999997237,0.0010204599999997345,-0.1718318496420344,9.794666733719511,1.160578095965185,-0.001633397003880732,-0.007456640236710288,0.00026679330261228764,10.037437858581542,-24.756001014709472,9.74175036430359,978.5045629882812,0.08142637346534724,28.43428468983251
2025-03-01T17:20:48Z,40.28181354111458,-75.9046259232776,123.78217704090855,-33.58062634672757,25.209344450035097,-2.2423080358150607,1.2887966750793693,0.0643342039487625,0.8155995222567475,0.0009999999961740154,0.0010000000063611033,0.0009999999954954275,0.0009999999904228712,0.0009999999932855763,0.0009999999883222267,7.000306752387798e-6,7.000307984391486e-6,0.7993229823295063,1.9518595620428443,1.0921086156496698,0.03033993276035622,0.00021941304887871985,0.0002479768571366611,0.006640044953367825,0.0030469999999998528,0.003046999999999878,0.0030469999999998528,0.0010204699999997444,0.0010204699999997228,0.0010204699999997332,-0.4342205381825268,9.570689399077068,0.8460193394193716,-0.01002043734675992,0.003062251287339707,0.0035916668533239483,10.309875421524048,-25.221751117706297,9.992812833786012,978.5624560546875,-0.16559796473787614,29.022122763526397
2025-03-01T17:20:49Z,40.28164952322682,-75.90432840529917,122.29537021015707,-34.379050302508496,26.34232964210497,-2.327075304091564,1.29118873537578,0.06555646854362703,0.812253613696122,0.000999999996136265,0.0010000000065749708,0.0009999999955953365,0.0009999999904736206,0.0009999999934026396,0.0009999999880088532,8.000305616190916e-6,8.000308340138473e-6,0.8686484604312529,2.5397828213980618,1.4461345136781845,0.03486084742923554,0.00022346557825281174,0.00025780263220792984,0.006649957695620489,0.0030479999999998538,0.003047999999999879,0.0030479999999998538,0.0010204799999997453,0.0010204799999997231,0.0010204799999997335,-0.2851875661747144,9.698825080229438,1.0308250066335345,-0.002272634795292564,-0.0021402808450694307,-0.002883499623084842,10.07100037574768,-25.031438579559325,9.883875408172607,978.628671875,-0.025938474147715974,28.73475298382345
2025-03-01T17:20:50Z,40.28138350263368,-75.90402644531369,121.10105175955327,-35.02746145228684,27.140890356578087,-2.358278026146696,1.2964470901717027,0.06752167996627237,0.8111019014782068,0.0009999999963539337,0.0010000000065748292,0.0009999999958955688,0.000999999990933228,0.0009999999931413922,0.0009999999876719311,9.000303489554785e-6,9.000308863448405e-6,0.941829623203182,3.177112041389257,1.8395776559945352,0.03861884737044043,0.00022522493387739796,0.0002674596420187851,0.006659741608736886,0.0030489999999998556,0.0030489999999998804,0.0030489999999998556,0.0010204899999997448,0.0010204899999997235,0.0010204899999997344,-0.3944035790343224,9.666670320285412,1.0731027786791645,-0.0023043465089119925,0.00023424728709586676,-0.003558622054012923,10.567125415802002,-24.777000942230224,9.580125393867492,978.6211059570312,-0.04961635654617207,28.589155333574155
2025-03-01T17:20:51Z,40.28094142297392,-75.90373060038884,120.48624145075249,-35.34487873558383,27.533959797703393,-2.2845094218213093,1.306818426699227,0.06196358307411097,0.8099657054764833,0.0009999999968102655,0.0010000000068285523,0.0009999999959432186,0.0009999999909043279,0.000999999993218085,0.000999999987935061,0.00001000029995838139,0.000010000309593774287,1.0136821711410415,3.8715098263768692,2.2555086778022253,0.04138797984204093,0.0002244300535060599,0.0002770389983961169,0.0066701082539551955,0.0030499999999998566,0.003049999999999881,0.0030499999999998566,0.0010204999999997451,0.0010204999999997237,0.0010204999999997354,-0.36730126551826026,9.661217863394201,1.0940752861489607,-0.0014174250320201987,-0.0016617700525192775,0.00287899125218748,10.335000391006469,-24.29418851852417,9.864750423431396,978.46875,-0.05380680332018693,28.183865171268003
2025-03-01T17:20:52Z,40.28040513688697,-75.90344009513375,120.11991438913824,-35.42274117958127,27.84960423020076,-2.136743113953325,1.3196181908682871,0.060398746126838584,0.8052062734561248,0.0009999999970391792,0.001000000006456503,0.0009999999961145796,0.0009999999907909197,0.0009999999929767296,0.0009999999878172838,0.000011000294625151216,0.000011000310570259222,1.0794955139636913,4.655906337301657,2.678599470613669,0.043418451864879797,0.0002215792323291549,0.0002867382425450904,0.00668027269167653,0.003050999999999857,0.0030509999999998824,0.0030509999999998576,0.0010205099999997444,0.001020509999999723,0.0010205099999997347,-0.19219044985364264,9.723901973217249,1.0166949271759067,0.0000790274813733218,-0.0042921610484937325,-0.0020965525025283087,10.172062864303589,-24.105938453674316,9.702562875747681,978.5122314453125,-0.004952817034693858,27.90526854646463
2025-03-01T17:20:53Z,40.279739743480825,-75.90316117342316,120.12833507672086,-35.2942576709741,27.688210188872926,-2.000970657555976,1.3430749354876295,0.05855537404741578,0.8035571185081846,0.0009999999973801317,0.0010000000061451116,0.0009999999960191486,0.0009999999908758132,0.0009999999928702937,0.0009999999874031672,0.000012000287148033624,0.000012000311831190408,1.1346864391164513,5.431882679211065,3.1084220980760513,0.04357217359293583,0.0002174498964220895,0.0002962983516813895,0.006690350299320562,0.0030519999999998565,0.0030519999999998842,0.0030519999999998595,0.0010205199999997437,0.001020519999999724,0.0010205199999997355,-0.33105000951714275,9.632862892780205,1.036567779177339,0.008987639416060256,-0.0015599590695157244,-0.0012850704049751252,10.34043791770935,-23.7675008392334,10.071937909126282,978.4638598632813,-0.08960146351278091,27.807550239978386
2025-03-01T17:20:54Z,40.278927074697116,-75.90290021906789,120.61967142745864,-34.78513550922883,27.07731984356023,-1.649877631390897,1.3507175083008076,0.056993756392532346,0.8044541000236456,0.0009999999974072019,0.0010000000058797394,0.0009999999962773214,0.0009999999911445051,0.0009999999930624052,0.0009999999871810417,0.000013000277210101952,0.000013000313415254108,1.1746276178982593,6.207112843395692,3.5209431216495877,0.04175171522229791,0.00021286147192729301,0.000305739502423566,0.006700307793894653,0.003052999999999858,0.003052999999999883,0.0030529999999998583,0.0010205299999997439,0.0010205299999997233,0.0010205299999997341,-0.33994332827117324,9.755016461048339,1.2441052559346655,-0.00830283816241799,0.0007950414506960233,-0.0012153048730734661,10.126687898635865,-24.68868848800659,9.398437886238098,978.3492041015625,0.05625321479471313,28.291498671290373
2025-03-01T17:20:55Z,40.27823915556153,-75.90263571778159,120.80524841440926,-34.55798731209372,26.670737168837782,-1.510538842705964,1.3636857617860505,0.05492365364789245,0.8055797875390016,0.0009999999972451037,0.0010000000057261114,0.0009999999966432665,0.0009999999909463357,0.0009999999929833263,0.0009999999869982172,0.00001400026447938647,0.000014000315366009648,1.1983287238554938,6.991340114575133,3.9531136912950275,0.03950225371244977,0.00020840050907245026,0.00031518422416832386,0.0067103573920348466,0.0030539999999998563,0.0030539999999998845,0.0030539999999998567,0.0010205399999997438,0.0010205399999997223,0.0010205399999997332,-0.4295506084115561,9.644781931324067,1.1331979360916915,0.001168569831098214,0.0007206020489793135,0.00010973767510699954,10.157250394821167,-25.099876098632812,9.684187889099121,978.5743823242187,-0.06297856159454449,28.756809258175085
2025-03-01T17:20:56Z,40.27767411320029,-75.90236241955304,120.55579228451316,-34.8033431310568,26.797367249896684,-1.5983688917339454,1.3712076978966454,0.05510794136852018,0.8105522307987463,0.0009999999969480917,0.0010000000055138986,0.000999999996609232,0.0009999999908452864,0.0009999999929188165,0.00099999998728898,0.000015000248622220381,0.000015000317743239013,1.2105172902560422,7.892597743320956,4.454092798847144,0.03870166921449629,0.0002047412368284766,0.0003244131029050766,0.006720164743901,0.0030549999999998556,0.003054999999999885,0.0030549999999998556,0.0010205499999997444,0.001020549999999721,0.0010205499999997336,-0.41591544699641747,9.584647503529226,0.6281129570798367,-0.0011527167426611865,0.004884664192594674,-0.000674204904389971,10.818187894821166,-24.234000968933106,9.801937894821167,978.7950073242188,-0.16941010007451518,28.291254729357796
2025-03-01T17:20:57Z,40.27723442322208,-75.90207727864073,119.98440404502908,-34.731675140342396,26.7635956436187,-1.3486610463067072,1.3694891183730746,0.05488656818893618,0.8155958332915882,0.0009999999971080165,0.0010000000055979106,0.0009999999967546026,0.000999999990712875,0.0009999999930762474,0.0009999999870401158,0.000016000229190681264,0.000016000320601234934,1.2123927925978757,8.735008600572876,4.893230158077958,0.0354585717398115,0.00020187585808850706,0.00033364775036204833,0.006730042390577638,0.0030559999999998553,0.003055999999999886,0.0030559999999998557,0.001020559999999744,0.0010205599999997214,0.001020559999999733,-0.3905985968991153,9.852643636228958,1.3173668249160309,-0.007601845712376275,0.00486079695344162,0.00025677905125679325,10.487625398635863,-24.513188552856445,9.901687841415406,979.0221801757813,0.1643827805847969,28.441645903442037
2025-03-01T17:20:58Z,40.276695369570206,-75.90179580393038,119.57063390522674,-34.9522993474271,27.07276077428448,-1.5194698623301657,1.3855744742585667,0.05146384321829018,0.8129243194775476,0.0009999999968925317,0.0010000000053589338,0.000999999996777357,0.0009999999908280417,0.0009999999931630894,0.0009999999866745811,0.000017000205631603115,0.000017000323997650513,1.2066408869240295,9.744959592378015,5.419514601213626,0.0345688876112771,0.00019925438600411547,0.000343495435143587,0.006740409637879694,0.003056999999999856,0.003056999999999886,0.0030569999999998576,0.001020569999999743,0.0010205699999997209,0.0010205699999997321,-0.28913573294030015,9.54927362505035,0.6095685775511135,0.01006683344073156,-0.0032907431090551846,0.0018405214168586822,10.002000432014466,-24.189563465118407,9.966562910079956,979.0221655273438,-0.2105750654599786,28.00900772434971
2025-03-01T17:20:59Z,40.276040614355225,-75.90151769950833,119.17096506714898,-34.798402269893906,27.01097533046699,-1.5465118924424825,1.3816338379402546,0.05466542479114228,0.8155581510252853,0.0009999999965934984,0.0010000000054326398,0.0009999999970974267,0.0009999999907163739,0.0009999999930231324,0.0009999999864241792,0.000018000177308416095,0.000018000327999986225,1.1967679483898959,10.719534133432983,5.913952159411755,0.03243673972147193,0.00019800052571407106,0.0003529877658142828,0.006750084488177388,0.003057999999999855,0.0030579999999998863,0.003057999999999857,0.0010205799999997438,0.0010205799999997212,0.001020579999999733,-0.2997890055402574,9.6040647360326,0.9859412764725364,-0.010746297505352165,0.003178415082331032,-0.003688806294592721,10.576500368118285,-23.88656343460083,9.773437871932984,979.0204418945312,-0.12444965649955407,27.891710538351713
2025-03-01T17:21:00Z,40.27509744413504,-75.90125651975856,119.26035636803886,-34.10218144433387,26.415614391741006,-1.2578704601906312,1.3819045272284147,0.05336909039424126,0.809483871312989,0.000999999996874184,0.0010000000057914342,0.000999999996916817,0.0009999999909015881,0.000999999992806332,0.000999999986692391,0.000019000143154645914,0.000019000332653185753,1.1804838577108847,11.670447420312087,6.373006775784846,0.029332143865981694,0.00019687442809292421,0.0003632216559597863,0.006760359761591764,0.0030589999999998552,0.003058999999999886,0.0030589999999998552,0.0010205899999997437,0.001020589999999722,0.0010205899999997329,-0.29902606254475406,9.790191005701354,1.4857005896162707,-0.007933315414964946,-0.006182169173891008,-0.0011527160930041116,9.748500380516052,-23.992313346862794,10.116187872886657,978.8588598632813,0.12322963335667879,27.802855640022564
2025-03-01T17:21:01Z,40.27437093395448,-75.9009822789656,119.05740577610149,-33.79828487904746,26.316081133373103,-1.1814519991542858,1.3898473763079757,0.05084783080419447,0.8030834308846392,0.000999999996964944,0.0010000000056993729,0.0009999999969617392,0.0009999999909197982,0.0009999999929161223,0.000999999986777861,0.000020000101770593917,0.00002000033801588162,1.159580912482459,12.730989554977084,6.885973013827931,0.02734567453830731,0.00019663681947019326,0.00037351045275429545,0.006770766111454399,0.0030599999999998536,0.003059999999999885,0.0030599999999998536,0.001020599999999744,0.0010205999999997207,0.0010205999999997333,-0.24111975718194345,9.698107233677476,1.197126173057417,0.0026346455930504878,-0.006752310021571683,0.00047625646128764175,8.26987538576126,-24.53475088119507,10.393687887191772,979.0651489257813,-0.008860611115895176,27.899296461414
2025-03-01T17:21:02Z,40.273781970228164,-75.90069688807783,118.57242642741726,-33.859311902379524,26.5250459880197,-1.2477700927274709,1.406597253435112,0.051658816188719585,0.7981808837539338,0.0009999999970107302,0.0010000000052561278,0.0009999999969641632,0.0009999999908084918,0.0009999999931368311,0.000999999986500077,0.00002100005172586215,0.000021000344175105867,1.138357265879202,13.888759221152434,7.477704142208561,0.026277484215452073,0.0001973874423780721,0.00038369047360210703,0.00678090074351792,0.003060999999999852,0.003060999999999884,0.003060999999999852,0.0010206099999997436,0.0010206099999997213,0.001020609999999733,-0.2922967395556695,9.64654708086288,0.8289564244408679,0.013057400818885352,-0.004712755741078508,-0.002216722557030689,10.541437869071961,-24.755063514709473,10.068375396728516,979.233134765625,-0.09706464990995167,28.728110554914252
2025-03-01T17:21:03Z,40.2734185298698,-75.900395096045,117.54892604238769,-34.159269639644286,27.035979536683758,-1.5814183003540971,1.4178873620303203,0.051465159792396464,0.7933303621578854,0.0009999999973557055,0.0010000000055227901,0.0009999999969980322,0.0009999999908952488,0.000999999992617668,0.0009999999862317795,0.00002199999163126684,0.00002200035122033719,1.1190630125107477,15.114318574624054,8.102097864322811,0.025661341153613244,0.0001987132693166357,0.0003938726931906422,0.006791128410315666,0.003061999999999852,0.003061999999999885,0.0030619999999998526,0.0010206199999997431,0.0010206199999997206,0.0010206199999997323,-0.2757758009906768,9.449612545008172,0.5729185117215474,0.009476331179451791,-0.004858629473373976,-0.0008676459097229595,10.467000350952148,-24.936376094818115,9.471750402450562,979.4917895507813,-0.31265888836267497,28.654704382227898
2025-03-01T17:21:04Z,40.27318625932898,-75.90007985895976,116.09840275353518,-34.60031342921416,27.748900411200317,-1.7511781578391825,1.428093548225591,0.051521933734292515,0.7931523984007254,0.0009999999970596546,0.0010000000055775226,0.000999999996987155,0.0009999999907111022,0.0009999999923687919,0.0009999999865907595,0.000022999920171800543,0.00002300035924048747,1.1026325654678897,16.460521516530257,8.786225243424921,0.025478816272102873,0.0002008355421604458,0.00040365803349103784,0.00680122345654864,0.0030629999999998506,0.003062999999999886,0.0030629999999998536,0.0010206299999997435,0.0010206299999997214,0.0010206299999997327,-0.2612292655742255,9.65274485390533,0.41150692544515116,0.009101800974875946,-0.00021639067251915192,-0.0002339158308280971,10.023937892913818,-25.44318853378296,9.834750399589538,979.7350903320313,-0.11868597037217903,29.061220313103007
2025-03-01T17:21:05Z,40.27254282233181,-75.89977237252425,115.01321648497671,-34.46710299945074,27.751305051461827,-1.5978677300805808,1.425240970478329,0.050473465750027945,0.7958969892123618,0.00099999999672761,0.0010000000057079586,0.0009999999967653446,0.0009999999907554082,0.0009999999924676275,0.0009999999866796728,0.000023999835583869778,0.00002400036830822161,1.0869589952885546,17.720576634755766,9.422594287509131,0.023992767222526877,0.00020354660028714408,0.0004131699296631448,0.006811291223681458,0.00306399999999985,0.0030639999999998854,0.003063999999999854,0.0010206399999997434,0.001020639999999722,0.0010206399999997328,-0.3217179975666504,9.846621679300453,0.9735567825652984,-0.0060701772526615475,0.0025328346536127853,0.0009344048829925235,10.153500337600708,-24.465376110076903,10.291687903404236,979.6936352539062,0.11613417043738666,28.41767301990069
2025-03-01T17:21:06Z,40.27204981700399,-75.89945598174161,113.81090979640709,-34.611810337341694,28.143223479535518,-1.6171974763274297,1.435201401990538,0.04979725492505852,0.7953225558011887,0.000999999996788057,0.0010000000058475362,0.0009999999968550348,0.000999999991025141,0.000999999992586665,0.000999999986391494,0.00002499973571865151,0.000025000378501103677,1.071418512935269,19.14816502401972,10.131983081767123,0.023507706719647498,0.00020630007872715842,0.0004229495354216957,0.006821436506157396,0.003064999999999849,0.0030649999999998847,0.0030649999999998534,0.001020649999999744,0.0010206499999997226,0.0010206499999997334,-0.24131915701986567,9.748316612873726,0.6137958937133412,0.007898263643427097,-0.0006945677829457062,0.00023191075033827057,10.254562892913818,-23.99887596130371,10.18237539291382,979.9131103515625,-0.013175099332185225,28.013925465825107
2025-03-01T17:21:07Z,40.27040138157465,-75.89916535024963,113.5420865145026,-34.31562201747831,27.5693683040426,-1.49029095175782,1.4447288651962,0.045288858297705986,0.7996459230178766,0.000999999996949113,0.0010000000055654296,0.0009999999967366096,0.0009999999907879822,0.000999999992745329,0.0009999999861326756,0.00002599961857865315,0.000026000389934393566,1.057097163074192,20.529469834996885,10.90245320907812,0.022702432512532296,0.00020971918331140894,0.00043225018517365144,0.006831663248363397,0.003065999999999851,0.003065999999999883,0.003065999999999852,0.0010206599999997435,0.001020659999999722,0.001020659999999733,-0.45665619942273555,9.767208097233162,0.6786008592472395,0.002642656592672626,0.003749223271920116,0.003771754668786347,9.946875343322754,-24.606188526153563,10.08356291770935,979.535439453125,0.017692468533346817,28.391551373182985
2025-03-01T17:21:08Z,40.26902159054,-75.89886814355071,113.13801064195266,-34.03362026315829,27.2252637384824,-1.2738355713671712,1.4501525967962516,0.02899763208209023,0.8026755400675549,0.0009999999969530575,0.0010000000054930405,0.0009999999963763505,0.0009999999905049774,0.0009999999931645843,0.0009999999861031806,0.000026999481701342636,0.00002700040270827401,1.0430627991586083,21.99433968358136,11.674622388083822,0.021831969023313913,0.00021311242415615183,0.00044163937453970786,0.006842857462970552,0.0030669999999998524,0.003066999999999883,0.0030669999999998524,0.0010206699999997428,0.0010206699999997211,0.001020669999999732,-0.248736904053071,9.892843102449575,0.7280930631215101,0.0002522733008718768,0.001117665027111126,0.015574797558418103,10.3350004196167,-24.24281358718872,10.55737539291382,979.7170458984375,0.13905751399374836,28.389813755696288
2025-03-01T17:21:09Z,40.267671444462714,-75.89856871703846,112.6705657202657,-33.982154375685866,26.83219820787193,-1.4104069063752738,1.4411601531081635,0.006320055996444179,0.8091965931520723,0.0009999999970820481,0.0010000000053650858,0.000999999996084061,0.0009999999907054388,0.000999999993429409,0.0009999999860806489,0.00002799932246628,0.000028000416932402858,1.0293058468485514,23.41508734569275,12.517953171181214,0.021114822300133052,0.0002171935902517409,0.0004506464611451519,0.006854716637889543,0.003067999999999854,0.0030679999999998846,0.003067999999999854,0.0010206799999997432,0.0010206799999997217,0.0010206799999997326,-0.2659756939745894,9.558797208811786,0.6579676676522229,-0.013620366174921846,0.0038894217539014973,0.02248825185981788,9.12225039958954,-24.201938419342042,10.11731291294098,979.8135961914063,-0.19850640627048996,27.77240473511521
2025-03-01T17:21:10Z,40.266338376176186,-75.89826660691494,112.02951152872022,-33.764213462379885,26.601843241437486,-1.4542416562015756,1.4433680752073377,6.278332505820664,0.8120057384241525,0.0009999999968985222,0.0010000000050536058,0.000999999995721052,0.000999999990493238,0.0009999999934815988,0.000999999986196132,0.000028999138012493694,0.00002900043271445318,1.0160341050689474,24.959895339704754,13.350448792924555,0.020425495919744685,0.0002212651479170222,0.00046004182240055766,0.006865725058803632,0.0030689999999998522,0.003068999999999883,0.0030689999999998522,0.0010206899999997431,0.0010206899999997217,0.0010206899999997323,0.10564012870111793,9.653162025446294,0.7806952737979945,-0.0018653918983756717,0.0017183480374252295,0.010748966217999444,7.163812799453735,-25.212376098632813,9.436312952041625,979.9223706054687,-0.0983272784541535,27.857230380509392
2025-03-01T17:21:11Z,40.26459998811291,-75.89796524159193,111.61349525398498,-33.5734755255449,25.877246553742047,-1.28140669612007,1.4417975897413733,6.282956210404416,0.8291005834046897,0.0009999999970678015,0.0010000000052267845,0.000999999995924503,0.0009999999906110926,0.0009999999932457286,0.000999999986383335,0.000029998924907565067,0.000030000450176405743,1.0025507158567364,26.407483942067447,14.30563603033417,0.019504280814622556,0.00022722702448286198,0.0004677829155135156,0.006875219140950964,0.0030699999999998532,0.0030699999999998845,0.0030699999999998532,0.0010206999999997435,0.001020699999999722,0.0010206999999997327,-0.24064118972731424,9.83473738733422,0.9470762130313191,-0.0064201725240937875,0.018129581036711327,-0.0031480409782818092,7.500562806129455,-24.395438575744627,9.459000415802002,979.886064453125,0.09966886357250343,27.218849712824913
2025-03-01T17:21:12Z,40.26267904827649,-75.89766020765987,111.29378447504246,-33.57999077401968,25.381319513306128,-1.2974655379900875,1.4486331995656392,6.281014844282728,0.8404001343006515,0.0009999999971665064,0.0010000000053407006,0.000999999995857628,0.000999999990867467,0.0009999999931667323,0.0009999999861446285,0.000030998680391341463,0.00003100046949714348,0.9899451614118038,27.9857646171718,15.397546945511854,0.019595740822200336,0.00023277210512485857,0.00047613182040648263,0.006885306868742097,0.0030709999999998525,0.0030709999999998837,0.0030709999999998525,0.0010207099999997426,0.0010207099999997213,0.001020709999999732,-0.2697414445404077,9.692206787104148,0.5529188292834318,0.001840521157173987,0.011736530622314348,0.0027873614754410814,7.441312789916992,-24.21656349182129,10.06462532043457,979.9070556640625,-0.07172351189657597,27.260025443918394
2025-03-01T17:21:13Z,40.26073150204588,-75.89734768162047,110.88190148585018,-33.483840997694486,24.849508604228106,-1.3484721152133516,1.4544746693362338,6.282799068008455,0.8478594601151132,0.000999999997194758,0.0010000000057218761,0.0009999999956202003,0.000999999990950774,0.0009999999929183345,0.0009999999863449557,0.000031998402774596405,0.000032000490825317806,0.9795374820555316,29.532743441279464,16.537171982481155,0.019664044535475343,0.00023787975614880557,0.0004849623251653756,0.006894935411791868,0.003071999999999851,0.003071999999999882,0.003071999999999851,0.0010207199999997417,0.0010207199999997204,0.001020719999999733,-0.3162543848972993,9.652244749699657,0.6143143405024407,0.0010769403601431405,0.008560034017625416,-0.001061086574683817,7.308000316619873,-24.142876033782958,10.099500389099122,979.9785595703125,-0.10642821988824475,27.17135384900182
2025-03-01T17:21:14Z,40.25895080683105,-75.89702805370801,110.30992395139316,-33.46987572979097,24.48805983176845,-1.3473955897662222,1.4598274921941512,0.00018227960944917007,0.8706520831487696,0.0009999999974082158,0.0010000000056049787,0.0009999999958778467,0.0009999999912878234,0.0009999999925012243,0.0009999999861990325,0.00003299809075705858,0.0000330005142820849,0.9714293840759674,31.122827675087127,17.788687743252833,0.020152050232668264,0.00024505099197407305,0.0004916024386328267,0.006904545423959689,0.003072999999999851,0.0030729999999998822,0.003072999999999851,0.001020729999999742,0.0010207299999997204,0.001020729999999734,-0.350234429750168,9.729197562540305,0.497883905397436,0.0012006154381778197,0.023737520249710646,0.002239585980152823,7.30537531375885,-24.247125911712647,10.215562887191773,980.1096118164063,-0.035105928958878,27.306529711683268
2025-03-01T17:21:15Z,40.25658436612008,-75.89668335561898,109.94904606826576,-33.0918696943613,23.829807244109872,-1.3227855614778923,1.4599347792725657,6.282845956672618,0.8901716413763423,0.0009999999977997334,0.001000000005588852,0.0009999999957116157,0.000999999991300464,0.0009999999921612161,0.00099999998599686,0.00003399774336164208,0.000034000539967749915,0.9656287784584761,32.57233086536354,19.116355062045336,0.020677066150989,0.00025181838058338263,0.0004983028807191355,0.0069140586934476065,0.0030739999999998503,0.0030739999999998815,0.0030739999999998503,0.0010207399999997415,0.0010207399999997203,0.0010207399999997346,-0.5243900759964099,9.710789147053518,0.6622106748606011,-0.005265872372604939,0.02100131317147524,0.0035102184499904354,6.560812754631042,-23.94637586593628,10.820437898635864,980.0466381835937,-0.03578830247637454,27.084170589256015
2025-03-01T17:21:16Z,40.252276190987025,-75.89625299372582,110.41002585970139,-31.49579014869344,23.04038876000405,-1.1350205293609315,1.4698349750391828,6.282405320838554,0.907044854487209,0.0009999999978922915,0.0010000000053877614,0.0009999999956402479,0.0009999999915398627,0.0009999999923740695,0.0009999999861598065,0.00003499735916867271,0.0000350005679099637,0.9617382518832742,34.03165741468753,20.48930658660175,0.021059427501693945,0.0002583601326258084,0.0005046581870224657,0.006923359221182684,0.0030749999999998504,0.0030749999999998816,0.0030749999999998504,0.001020749999999742,0.001020749999999721,0.0010207499999997354,-0.3906378259167791,9.788076680037115,0.7148854652666544,0.00028932525014176516,0.020352728336613227,0.004803215545177416,5.018625192157924,-24.32062593460083,10.871062898635865,979.61931640625,0.038783132063981325,27.10824025944715
2025-03-01T17:21:17Z,40.24885017416857,-75.89582571068601,110.55723405938896,-30.043724783769065,22.60149186667697,-1.1184854279458543,1.4746773325875584,0.004216503996153805,0.9203762982566605,0.0009999999977263624,0.001000000005374682,0.0009999999959474037,0.0009999999914623232,0.0009999999923345519,0.0009999999862322492,0.00003599693658118117,0.000036000598076211325,0.9593174119726029,35.416397840415875,21.87021645185327,0.021093444789923935,0.0002640709987706929,0.0005110894097418063,0.00693152584776359,0.0030759999999998523,0.003075999999999883,0.003075999999999852,0.0010207599999997419,0.0010207599999997202,0.0010207599999997345,-0.3249483003793938,9.656551813120224,0.7306852801911048,-0.0026187912622305243,0.017000149321461742,-0.0007963782145075407,-1.014187533557415,-27.5992511177063,13.596375551223755,979.815419921875,-0.09346349273138942,30.78320205892477
2025-03-01T17:21:18Z,40.24630153962928,-75.89541686251279,110.34535332178993,-28.918023195398515,22.335892575341475,-1.1052384596882479,1.4807270972102209,0.005624700003509302,0.9364093137550622,0.0009999999978333783,0.0010000000052339789,0.0009999999959401872,0.0009999999912338915,0.0009999999926533834,0.000999999985860076,0.00003699647350720335,0.0000370006304068494,0.9576702031841529,36.705905089238605,23.309491579938737,0.021065809003649794,0.0002699478648815902,0.0005164918385174527,0.00693956212560918,0.0030769999999998533,0.0030769999999998845,0.0030769999999998533,0.0010207699999997422,0.0010207699999997208,0.001020769999999735,-0.3777898037851714,9.69049005412518,0.7479534903979098,0.0006187918981697999,0.018720751567027256,0.002756818346244285,-2.8565626476332544,-27.319501285552978,14.034938039779663,980.03353515625,-0.05637692561147965,30.846254916073324
2025-03-01T17:21:19Z,40.245183068444966,-75.89508075203908,109.60771316842325,-28.66174229521189,22.206198277438236,-1.1137117570752986,1.480149327255665,0.009393620664158438,0.9582746207983509,0.0009999999974788453,0.0010000000052063924,0.0009999999959032333,0.0009999999909376229,0.0009999999928092065,0.0009999999856349032,0.00003799596876292403,0.000038000664838984134,0.9570684242708921,37.925703103169894,24.8514399390897,0.021360202726373612,0.00027641577117820134,0.0005203388490178016,0.0069465312481747496,0.0030779999999998543,0.003077999999999885,0.0030779999999998543,0.001020779999999743,0.0010207799999997218,0.001020779999999736,-0.4333555937656444,9.735356070779037,0.6368245272515787,-0.0029752965755430114,0.023306910314508482,-0.0004041565378007108,-0.7923750254511833,-25.73812608718872,13.977375583648682,980.3947119140626,-0.017229084419876205,29.2991985300977
2025-03-01T17:21:20Z,40.241714368301636,-75.89454762068489,109.62328278566181,-26.953012998875906,22.17842714398921,-1.1126541065916944,1.4924238106613945,0.013674425016635409,0.9816437003784216,0.0009999999973610886,0.0010000000051099685,0.0009999999959129891,0.000999999991123174,0.0009999999929029939,0.0009999999860751678,0.0000389954236993606,0.00003900070125464171,0.9587659184147062,38.93283774115234,26.503525999675503,0.022440032769076333,0.0002835081713756753,0.0005223347822083983,0.006953145380714071,0.0030789999999998557,0.003078999999999887,0.0030789999999998557,0.0010207899999997425,0.0010207899999997209,0.0010207899999997352,-0.6592655094538749,9.660300651227196,0.557803840284452,0.005037379569744057,0.027792093028132216,0.00255319668190344,3.8868751534819603,-24.1653759765625,11.468062906265258,979.9986938476562,-0.08416925456788882,27.0293711814595
2025-03-01T17:21:21Z,40.24017096613239,-75.89414926175715,108.97121542351216,-25.698724112271798,22.54009890500724,-1.1541098028406347,1.5030207784591791,0.011891482087006794,0.9840623217042672,0.0009999999976911332,0.001000000004981367,0.0009999999956769633,0.0009999999911091972,0.000999999992709947,0.000999999986254718,0.00003999483631459439,0.000040000739481375856,0.959221547310977,40.08959386425041,27.861097834678368,0.02007283289839017,0.00028651049977194634,0.0005274135116658709,0.006959764085445448,0.0030799999999998567,0.0030799999999998875,0.0030799999999998567,0.001020799999999743,0.0010207999999997217,0.0010207999999997358,0.14425610196561178,9.679772077836727,0.8112259907648531,0.007609687763776452,0.004179833536278174,0.004302505501439886,3.7411876416206358,-24.130313415527343,11.358000421524048,980.4129150390625,-0.06824901651967744,26.930836215420104
2025-03-01T17:21:22Z,40.238139679964,-75.89368965622081,108.39223191111601,-24.381543921686156,22.715053183995774,-1.2203578848767909,1.5102919401839032,0.016434541836269696,0.9975276614467131,0.0009999999979146306,0.0010000000051537624,0.0009999999957219174,0.0009999999916196105,0.0009999999926552114,0.0009999999860924238,0.000040994199518945555,0.00004100077950782624,0.9553847558255584,40.996114271480806,29.37392206493127,0.01923953206056716,0.0002917585148402933,0.0005298948462216956,0.006965239988117011,0.003080999999999856,0.0030809999999998868,0.003080999999999856,0.0010208099999997433,0.0010208099999997218,0.0010208099999997364,-0.29085058907188555,9.646900780037031,0.6744140697695704,0.0033982266304515554,0.01628747369441604,-0.0004909463080029112,3.6583126413822176,-24.530626010894775,10.969125442504883,980.4133642578125,-0.10821707464529014,27.11925170210431
2025-03-01T17:21:23Z,40.23386031878358,-75.89298254616261,108.482585079719,-21.602410893736323,23.079317196776326,-1.0465413822940615,1.52091019334051,0.02143034719383171,1.0143646060806477,0.0009999999976708239,0.001000000005243969,0.0009999999961123887,0.0009999999915852155,0.0009999999928217312,0.000999999986116026,0.000041993505606049184,0.00004200082125600628,0.950251339407674,41.70261069236128,30.968800432316225,0.019166157622803857,0.00029834526333703294,0.000530753633990646,0.006970668792590032,0.0030819999999998566,0.0030819999999998878,0.0030819999999998566,0.0010208199999997428,0.0010208199999997213,0.0010208199999997356,-0.6376104646254588,9.81168649100742,0.7498278633743465,0.0029831384962836893,0.022565861745448487,0.002680209983326065,3.855000171661377,-24.377813510894775,11.406937894821167,980.077529296875,0.07787265470670393,27.189230939237476
2025-03-01T17:21:24Z,40.22945550610212,-75.89222574028568,108.68585168949181,-18.758968492250407,23.832864421346798,-0.9452860180910897,1.5336082602743397,0.02750024995806282,1.0344843785190663,0.000999999997813609,0.0010000000056668542,0.0009999999961076008,0.000999999991694366,0.0009999999930163119,0.0009999999859767975,0.0000429927470605402,0.000043000864496426513,0.944950119160933,42.455312778769354,32.558853277800395,0.01885754135651816,0.0003058563980751237,0.0005304430650151846,0.006975604803157456,0.0030829999999998584,0.003082999999999889,0.0030829999999998584,0.0010208299999997423,0.0010208299999997206,0.001020829999999735,-0.4985894312083819,9.756028462451631,0.5287944723499394,0.0051697337947881885,0.026020585386004224,0.0017692537951821475,1.1805000492930413,-24.457688446044923,12.254250478744506,980.0625854492188,-0.00006878571503918631,27.38130692418587
2025-03-01T17:21:25Z,40.22758009123707,-75.8917269240861,108.12997281346618,-17.26113056685968,24.29466858433913,-1.141457053730456,1.5324826099844553,0.028252410808758857,1.0437064300099612,0.0009999999976900355,0.00100000000591609,0.0009999999959154687,0.0009999999916566712,0.000999999993259212,0.0009999999857636004,0.000043991912200591125,0.000044000909137274434,0.9371587032377184,43.27816322348753,33.95323177783538,0.0171852962839538,0.0003116131176020258,0.0005319917386912426,0.006980644928986369,0.0030839999999998577,0.003083999999999889,0.0030839999999998577,0.0010208399999997418,0.0010208399999997195,0.001020839999999734,-0.1318475213724366,9.541217795048452,0.632260512309316,-0.004125591699731115,0.011583814467457435,0.0025633780105417834,-0.40500001288950443,-24.84862596511841,13.259625577926636,980.5017041015625,-0.22012497049693847,28.167943434259
2025-03-01T17:21:26Z,40.22517190091633,-75.89115677165377,107.6031460239573,-15.489706559710545,24.6236784379617,-1.0813818340820895,1.5396026231184516,0.034176461894461496,1.0574870988412988,0.0009999999977870757,0.001000000006238119,0.0009999999956750414,0.0009999999920078312,0.000999999993306385,0.000999999985689086,0.00004499097961922847,0.000045000955187982275,0.9255697856378247,44.03035551201399,35.40142634881986,0.016290630765600077,0.00031897883377391664,0.0005326503449235254,0.006985116052985172,0.0030849999999998583,0.0030849999999998908,0.003084999999999858,0.001020849999999741,0.0010208499999997196,0.001020849999999734,-0.42174451903718996,9.77670094011059,0.788003849308442,0.003583989207523658,0.016837752333376695,-0.001806141176269256,2.667000105381012,-24.58706350326538,12.200063018798827,980.5072338867187,0.03426143057696027,27.576716786898437
2025-03-01T17:21:27Z,40.22171786438129,-75.89045413117887,107.32719519559612,-13.47090820230327,25.07539392108555,-1.0244391129112185,1.547798790326594,0.04256115842860278,1.0830502335466603,0.0009999999975130963,0.0010000000061025352,0.0009999999953103935,0.000999999991971376,0.000999999993309991,0.0009999999852854976,0.00004598992773971755,0.00004600100246758188,0.9137940548494221,44.73372944261193,36.958737755114,0.016504353733871612,0.0003290516984414706,0.0005313002154786688,0.00698930258116871,0.003085999999999857,0.0030859999999998896,0.003085999999999857,0.001020859999999742,0.0010208599999997204,0.0010208599999997348,-0.7801828094649041,9.749552829100411,0.6070561124142048,0.0033269586751686316,0.029665411845644817,-0.002781688604628461,2.7157501035183667,-24.618751182556153,12.537188034057618,980.428955078125,0.016287447582901786,27.7603397568322
2025-03-01T17:21:28Z,40.219407179698784,-75.88987623117869,106.73696308030856,-11.981801602560386,25.542712218994502,-1.1307909584657019,1.5480340927081493,0.03876362845194925,1.0982095256942213,0.0009999999977623637,0.0010000000062180645,0.000999999995564736,0.0009999999919192734,0.0009999999930745552,0.0009999999855363284,0.00004698873555572171,0.000047001050740426854,0.9027307971700388,45.64381414147615,38.39870476421266,0.015894043228728175,0.00033790593273060954,0.000531538307008562,0.006994773687487548,0.003086999999999856,0.00308699999999989,0.0030869999999998564,0.0010208699999997425,0.0010208699999997213,0.0010208699999997356,-0.4342185816338425,9.630111098111414,0.5867713850272965,-0.002614785796689975,0.017518716202807344,0.0073067598079189855,2.402062594890595,-24.04575096130371,12.297937974929809,980.6532348632812,-0.12556526185945582,27.114655806452486
2025-03-01T17:21:29Z,40.214620285099606,-75.88899744484954,106.56325861738125,-9.168923719206086,26.511668638325144,-1.05852322639267,1.5474139774802749,0.04557528234569568,1.112705962364827,0.000999999997935392,0.0010000000058498465,0.0009999999957151196,0.0009999999920309822,0.0009999999934104666,0.0009999999851722902,0.00004798736687783776,0.000048001099843706765,0.8904741919709891,46.5957770593357,39.73223603624468,0.015655024402415854,0.00034807997101787846,0.0005315332821266225,0.00699953053389196,0.003087999999999856,0.0030879999999998886,0.0030879999999998565,0.0010208799999997424,0.001020879999999721,0.0010208799999997353,-0.5019773007261231,9.756372395191333,0.9876345559309817,-0.004960440583052153,0.019341797701877356,-0.0004400406732562996,2.4890625995397566,-23.6025008392334,12.620063018798827,980.4242993164063,0.035664488906095755,26.88004334446375
2025-03-01T17:21:30Z,40.208129294626495,-75.88790817545116,106.67124413336127,-6.284016839927094,27.933006935831724,-1.0159640546004405,1.5516256722806667,0.043954191192940514,1.1293714418255434,0.000999999997686738,0.0010000000059423263,0.0009999999957192992,0.0009999999920749744,0.0009999999932337892,0.0009999999851016683,0.00004898578345791541,0.000049001149527177,0.8794733654763602,47.67107575460879,41.197503666419294,0.016164274248208824,0.00035932307984200176,0.0005310068924516175,0.007005462391604757,0.0030889999999998553,0.0030889999999998896,0.0030889999999998553,0.0010208899999997433,0.0010208899999997203,0.0010208899999997344,-0.7143403112159885,9.703530954355113,0.6814330208865934,-0.0004298596097948057,0.02247757013998967,0.009588322392901827,1.2363750446215271,-24.060563411712646,12.412313013076782,980.2747827148437,-0.029950602081981546,27.10169898717247
2025-03-01T17:21:31Z,40.200854131007056,-75.88672384961501,106.84206103345959,-2.9105691643582743,30.00346618518003,-0.9987921993189318,1.5474774460593732,0.05246846587280479,1.1309438714925573,0.0009999999976294575,0.0010000000058270936,0.0009999999957769174,0.0009999999921528374,0.0009999999936329412,0.0009999999854722334,0.00004998393618213858,0.000050001199905203594,0.8685820074112842,49.16723023735746,42.40312732298316,0.01569959708934492,0.00036950022922643176,0.0005328356566678194,0.00701080099973504,0.003089999999999855,0.0030899999999998906,0.003089999999999855,0.001020899999999744,0.0010208999999997198,0.0010208999999997332,-0.05262221064834574,9.699738390932238,1.035641377112605,-0.0072613639231916115,0.007684794791701984,-0.0006645252727855351,1.0200000391900539,-23.902313346862794,12.374250478744507,980.2268090820312,-0.02880633235137521,26.93474177091579
2025-03-01T17:21:32Z,40.19609080627898,-75.88582939539518,106.5527862233662,-0.9858918659586839,31.11821692625837,-1.000171270308819,1.5483151317703292,0.060422100368506974,1.1467473120273772,0.000999999997231367,0.0010000000059674809,0.0009999999957686836,0.00099999999187165,0.00099999999348757,0.0009999999854074318,0.00005098175858370102,0.00005100125153597555,0.8574025023340701,50.829925049449706,43.76859542903508,0.016150076848093324,0.00038209346083627123,0.0005336176705245147,0.007016067940952878,0.003090999999999857,0.0030909999999998894,0.003090999999999857,0.001020909999999744,0.0010209099999997188,0.0010209099999997332,-0.4278396850651639,9.710828962956006,0.8615327996330967,-0.0011832598101572905,0.019382521888011362,-0.0030056727973132033,-0.021375001482665537,-23.729063415527342,12.328500499725342,980.5262890625,-0.02559702482085948,26.74057044833423
2025-03-01T17:21:33Z,40.19277185474764,-75.88510052701008,105.97987566608296,0.38033170607664324,31.688917458742196,-1.0627414341476198,1.5507075243349102,0.06432257361438058,1.166828134421382,0.0009999999972393513,0.001000000006285686,0.0009999999959626469,0.0009999999916843665,0.0009999999934277256,0.0009999999852001514,0.00005197919236554111,0.00005200130486460372,0.8496541898610276,52.68737457512545,45.1551194735734,0.01719976003691961,0.0003954013806635812,0.00053462209839283,0.007021973124588357,0.0030919999999998553,0.003091999999999891,0.0030919999999998583,0.0010209199999997442,0.001020919999999719,0.0010209199999997335,-0.5710017340209314,9.663453819143863,0.9323577362068904,0.0009102045890885531,0.02221536508734708,-0.0006444965837799975,-0.17887500651180743,-23.31975088119507,12.358313007354736,980.7387915039062,-0.05891554552402947,26.392574509237
2025-03-01T17:21:34Z,40.18582692787511,-75.88402202156635,105.76476178580583,2.0173051567816795,33.125897556671326,-1.0999570431693362,1.5531815431153655,0.06822630336800735,1.1837869238030638,0.000999999997234894,0.0010000000062548127,0.0009999999961093735,0.0009999999915254203,0.000999999993274489,0.0009999999851661296,0.00005297618310828743,0.00005300136040688389,0.8464540039593211,54.83947086680947,46.61195334286678,0.01829136066205517,0.0004084064816238978,0.0005364816149481316,0.007028627259376035,0.0030929999999998554,0.003092999999999892,0.0030929999999998598,0.0010209299999997434,0.0010209299999997183,0.0010209299999997326,-0.5079593523290962,9.655993516279928,0.8427890248723965,0.0019219697465515668,0.020746786213067296,0.001362010712634039,0.3560625136643648,-23.142750797271727,12.70875057220459,980.5170727539063,-0.078191876375527,26.40498715069664
2025-03-01T17:21:35Z,40.18277174239187,-75.8833326927537,105.02049327102671,2.9532361566257506,33.6401262264765,-1.118900873744098,1.5539994673553672,0.0672192147109294,1.2037939592785143,0.0009999999972433527,0.0010000000062150096,0.0009999999961292658,0.0009999999918462433,0.000999999993188663,0.0009999999854356817,0.00005397268679119865,0.00005400141897993182,0.8482023737380575,57.23135400815582,48.15566368104129,0.01966907673399829,0.0004209619735415391,0.0005388976113424518,0.007036029244809786,0.0030939999999998547,0.0030939999999998907,0.0030939999999998594,0.0010209399999997443,0.0010209399999997187,0.001020939999999733,-0.5245894765677219,9.721357432041271,0.8532376781231825,0.0001810050226976241,0.021367831957121556,0.0032760535209193633,-0.5190000227093696,-23.634750995635986,12.967313051223755,980.9057470703125,-0.011440732132815056,26.96329499487689
2025-03-01T17:21:36Z,40.17761782290262,-75.88247430271203,104.41368623541186,3.7738826072270997,34.54359652511811,-1.2329292737477435,1.547575016110892,0.0704080151772861,1.2209818888339552,0.0009999999971852284,0.0010000000063480406,0.0009999999959035108,0.000999999991907635,0.0009999999936094446,0.0009999999851135312,0.00005496867395428873,0.00005500148166024391,0.8551806352372343,59.79140627974647,49.771126612681485,0.021189798802163182,0.00043235772208892204,0.0005423659547350066,0.007043551487612753,0.0030949999999998544,0.003094999999999892,0.003094999999999861,0.0010209499999997433,0.0010209499999997182,0.0010209499999997327,-0.4540672354015941,9.605869134740399,0.8673592638375439,-0.005759237574528961,0.01920109793161562,-0.00021388749187511253,-0.10706250384449958,-23.783438415527343,13.088625564575196,980.8567041015625,-0.1287405606780327,27.147242206031557
2025-03-01T17:21:37Z,40.17042604362555,-75.8814770009675,103.92463256890203,4.218073609297778,35.66494938143527,-1.2498348505719072,1.5504915442895741,0.07200598886802391,1.2347501140116854,0.0009999999973543735,0.0010000000065370248,0.000999999995708074,0.0009999999916440953,0.0009999999935247346,0.0009999999851572302,0.00005596413988807429,0.000056001549764688974,0.8673731252166567,62.46609699077287,51.54126448598456,0.022762261604240927,0.00044151131613186034,0.0005470923026509018,0.007051905813289469,0.0030959999999998545,0.0030959999999998922,0.003095999999999861,0.0010209599999997428,0.001020959999999718,0.0010209599999997324,-0.4807609365206625,9.678246775302897,0.8536364908458031,0.00534281243871038,0.016043127659501943,0.0016267187450089413,-0.9828750365227461,-23.121188240051268,12.61162558555603,980.8111108398438,-0.056802703235873636,26.355375252833095
2025-03-01T17:21:38Z,40.17132549796303,-75.88111038932429,102.46686104557456,4.979427386662192,35.56749252806474,-1.52332369151922,1.5413748947897234,0.07468667294406915,1.2555145340383815,0.0009999999973338725,0.0010000000065451048,0.0009999999957262186,0.0009999999917085938,0.0009999999936688559,0.0009999999847083282,0.00005695911147246504,0.0000570016247038317,0.8845078702919863,65.09937873111579,53.4077062333954,0.02444028514081184,0.0004496636385547366,0.0005516208904958687,0.007060009505807243,0.0030969999999998555,0.0030969999999998932,0.0030969999999998616,0.0010209699999997421,0.0010209699999997172,0.0010209699999997315,-0.47097389881072715,9.508940147393366,0.9086648679081459,-0.011026694122040838,0.020542997679423025,-0.0023368927355958725,-1.2136875468492507,-23.102063217163085,12.389813051223754,981.4652880859375,-0.220638306274104,26.242773425750936
2025-03-01T17:21:39Z,40.16992331446382,-75.88058708741572,101.03964402573659,5.358662993673368,35.82840074666561,-1.6400942266743612,1.5387676622943518,0.07254342704849773,1.2711417179051572,0.000999999997572761,0.0010000000066621732,0.0009999999959003554,0.0009999999918557532,0.0009999999939103602,0.0009999999846023468,0.00005795365344748557,0.00005800170794251349,0.9053251805849154,67.68947055178378,55.505882798149884,0.025541807834282424,0.00045408486555611235,0.0005575566500071221,0.007069462621172679,0.0030979999999998543,0.0030979999999998916,0.0030979999999998604,0.0010209799999997416,0.0010209799999997167,0.001020979999999731,-0.44143888676024096,9.640799052549811,0.8303463511453839,-0.0026900590538020954,0.01577841934678735,0.0030113452354004937,-1.0299375423789023,-23.606063423156737,12.391312999725342,981.5046606445312,-0.09797657205088608,26.68049703955885
2025-03-01T17:21:40Z,40.16537323183621,-75.87988887771168,99.75735186745942,5.144592560972366,36.37644842256153,-1.8445505469626573,1.5340961049274244,0.07270602958395085,1.285236233280095,0.0009999999975672518,0.0010000000065762675,0.0009999999957067168,0.0009999999916030739,0.0009999999939060917,0.0009999999846357585,0.00005894785998011714,0.00005900180083399814,0.9281725491661755,70.04322545985828,57.72035212611478,0.02673896559317802,0.0004557011036077575,0.0005641223146971837,0.007078960414924524,0.0030989999999998553,0.0030989999999998926,0.0030989999999998614,0.0010209899999997414,0.0010209899999997162,0.0010209899999997305,-0.3535425361600336,9.51776813569992,0.8706654038408168,-0.0021441195454901304,0.01469471805064619,0.0009878137850388826,-3.58256264179945,-24.323813438415527,13.351688041687012,981.4905712890625,-0.22055365740084829,27.977622836902505
2025-03-01T17:21:41Z,40.2661138219986,-75.91602117600037,102.22903116605109,-34.98197462282785,2.466175418671438,-1.2855796309024294,1.4597911012342912,6.2743414695594515,1.4237200509140884,0.000999999997084034,0.0010000000064653094,0.000999999996025218,0.0009999999913151761,0.0009999999938760907,0.0009999999847023439,3.07587298560636e-10,3.0758678344269676e-10,0.5322135134120726,0.008309359280946681,0.008309099319690458,0.013623131567064512,0.00016680375118906945,0.00017331462665834115,0.006255298486566,0.0030999999999998568,0.003099999999999894,0.0030999999999998633,0.001020999999999742,0.001020999999999717,0.001020999999999731,-0.48023139065688286,9.597670724956004,0.7191219362203887,-0.0025882480757083146,0.02247756979146075,-0.007892590780298787,-1.7203125745058059,-23.592376003265382,11.942437934875489,981.796552734375,-0.1442531836715955,26.498656626439185
2025-03-01T17:21:42Z,40.265963575588785,-75.91599632507531,100.88595743768647,-35.5236148216923,1.7547738396508767,-1.4665560020582682,1.4606668841853852,6.270935798274871,1.4463707216863668,0.000999999997077491,0.0010000000063258695,0.0009999999957133261,0.0009999999910372474,0.0009999999935157667,0.0009999999845677018,1.0003075874979318e-6,1.0003075872962113e-6,0.5728108989552331,0.03402816405156323,0.024325062555574317,0.01300659865834177,0.00017771107316327285,0.00018159188233628372,0.006257013588830415,0.0031009999999998586,0.0031009999999998946,0.003100999999999865,0.0010210099999997415,0.0010210099999997165,0.0010210099999997308,-0.6806015047749526,9.618426131242009,0.6290700817296914,0.0012296566253763269,0.022396121063039242,0.0059231342793681935,-1.4985000669956208,-23.493188343048097,11.854312925338744,981.5779296875,-0.11775261163227912,26.357113815518552
2025-03-01T17:21:43Z,40.26580692432993,-75.91597943710444,99.79475099971089,-36.10021498248699,1.1149285461086094,-1.5677101379934482,1.4562963662568251,6.272320480126525,1.4667549546186205,0.0009999999972652334,0.001000000005994258,0.0009999999957021294,0.0009999999911909816,0.000999999993529381,0.000999999984677631,2.0003075883628513e-6,2.0003075899870984e-6,0.6109445239317084,0.1069921063754183,0.07052028538127281,0.012665282808308883,0.0001885290345375111,0.00018977853365109124,0.006260548436176917,0.0031019999999998596,0.003101999999999894,0.0031019999999998657,0.001021019999999741,0.001021019999999716,0.0010210199999997303,-0.5889675224088832,9.660472523792382,0.6162305621005346,-0.002624800069798934,0.02458872468089693,0.0009077008045933292,-1.7062500685453414,-23.486625785827638,11.926500453948975,981.3607055664063,-0.08265407028356654,26.396431613989947
2025-03-01T17:21:44Z,40.26564296573598,-75.91597003218858,98.48353513002917,-36.37525366273508,0.47148771876144346,-1.5815323854234218,1.4494541114554857,6.271456143770662,1.4845651540351983,0.0009999999974773302,0.001000000006022487,0.0009999999960700957,0.0009999999909237867,0.0009999999932258493,0.0009999999851593355,3.0003075880837943e-6,3.000307599313021e-6,0.6450623971630494,0.22993597368391794,0.14821042346107413,0.012754296285572347,0.000198994817204162,0.0001983185182400469,0.006261991194713091,0.0031029999999998585,0.003102999999999894,0.0031029999999998645,0.0010210299999997413,0.0010210299999997164,0.0010210299999997303,-0.5572913829976663,9.726382405592963,0.9685318572266165,-0.00573420169041466,0.02006465382450051,0.003072431661473987,-2.2156875967979435,-23.44200075149536,11.843062925338746,981.6719262695312,0.009766591186704535,26.357012786117973
2025-03-01T17:21:45Z,40.26546105847796,-75.91596884045843,97.46588754210069,-36.576948530789444,-0.32815240666406015,-1.6194289397914736,1.4429130495769222,6.269783432522472,1.5010860952015073,0.0009999999973236146,0.0010000000058411158,0.0009999999960566,0.0009999999910404395,0.0009999999933017222,0.0009999999852462168,4.00030757356889e-6,4.000307623469089e-6,0.6752325541079109,0.41261370895241634,0.2593718223171548,0.01314249225428197,0.00020958042700489093,0.00020682453942340268,0.00626327970853271,0.003103999999999858,0.003103999999999896,0.0031039999999998647,0.0010210399999997408,0.001021039999999716,0.0010210399999997302,-0.6933887315868045,9.651803436648489,1.1495162062498603,-0.004447380468913829,0.02129406069840036,0.004192350727445482,-3.372000117301941,-23.98275085449219,11.322187900543213,981.5509252929687,-0.03579062421134946,26.734470941251654
2025-03-01T17:21:46Z,40.26526977615126,-75.91597506609594,96.25497527082187,-36.77417485876529,-0.8411639911566658,-1.6305042374067666,1.4427694134486462,6.2694181327303875,1.5133648409479763,0.000999999997152298,0.0010000000059839469,0.0009999999959558123,0.0009999999911264647,0.0009999999933967153,0.0009999999855899294,5.000307499487815e-6,5.000307674632523e-6,0.7017990508418119,0.6318322678877715,0.40740924952025914,0.013485060776128679,0.00021983820588547035,0.00021575965947704203,0.006266309352767587,0.003104999999999858,0.003104999999999895,0.003104999999999864,0.0010210499999997419,0.0010210499999997167,0.001021049999999731,-0.4026352819601319,9.693520918522397,1.1484322414238946,0.0012398372192745219,0.015310089699404518,0.0024819291698009826,-3.961312665939331,-23.469563331604004,11.48831298828125,981.8398754882812,-0.010837547987305242,26.428981096417402
2025-03-01T17:21:47Z,40.265056379481116,-75.91598782714141,95.06665783728712,-36.88301985457612,-1.5621139417265828,-1.6414787257271286,1.431535247234915,6.275711589475622,1.5324243220738691,0.0009999999974086733,0.0010000000058408068,0.0009999999958703874,0.0009999999913265702,0.0009999999931476148,0.0009999999853804041,6.0003072581166625e-6,6.0003077700174285e-6,0.725379335542791,0.9221902662967316,0.5940023237620036,0.01415126584719495,0.00023065677888039893,0.00022416987781272206,0.006274961624796448,0.003105999999999858,0.0031059999999998957,0.0031059999999998645,0.0010210599999997422,0.001021059999999717,0.0010210599999997316,-0.6483781660015467,9.671387282047645,1.3024103711641788,-0.009888082554867743,0.0226302859953203,-0.0028733186289767176,-3.9095626616477968,-22.663688278198244,11.077875413894652,981.9663598632812,-0.00016849525205377155,25.527321983686534
2025-03-01T17:21:48Z,40.26477993740934,-75.91600535345009,94.17155194284913,-37.294322551944745,-2.1308527012981253,-1.621428027007151,1.4272139690468766,6.272891628202783,1.5450463830417966,0.000999999997652011,0.0010000000054260023,0.0009999999957008266,0.000999999991287535,0.0009999999932004482,0.0009999999854143735,7.000306644663361e-6,7.000307930611819e-6,0.7465414252495892,1.2619511511660157,0.8179448712046149,0.014836154367264197,0.00024133464678730124,0.00023274947574741114,0.00627859572203619,0.003106999999999859,0.0031069999999998976,0.0031069999999998664,0.0010210699999997415,0.0010210699999997166,0.001021069999999731,-0.5703741071882287,9.699973713978414,1.1058177637303719,-0.0026448283729388535,0.015876391409191244,0.006295327432679701,-4.952250196933746,-23.02106340408325,10.9496253490448,981.879697265625,-0.0008643856883183858,25.96893894501814
2025-03-01T17:21:49Z,40.2645775255996,-75.91603087191989,92.59834180964168,-37.787561884189294,-2.3951872840371715,-1.7633852920470297,1.4213169308367488,6.274568432325365,1.5587170269527244,0.0009999999975044754,0.001000000005284062,0.0009999999959834052,0.0009999999912949289,0.0009999999929798209,0.0009999999855182101,8.000305321547604e-6,8.00030818087124e-6,0.7652034936967308,1.6143412166818132,1.076315121786732,0.015163751753416282,0.00025203022268488104,0.00024117909353989502,0.0062873897241999014,0.003107999999999859,0.0031079999999998964,0.0031079999999998656,0.001021079999999741,0.001021079999999716,0.0010210799999997302,-0.20419052391140308,9.620579662953356,0.9459196790251412,-0.0055814854102784126,0.014149446467217943,0.000710421505689498,-4.651500177383423,-22.746563339233397,11.378437957763673,982.4987622070313,-0.11116464964492896,25.855537355586993
2025-03-01T17:21:50Z,40.264407137350624,-75.91606307074198,90.71114481242165,-38.41857821079441,-2.9485167173193942,-1.9043368102641491,1.4254375720023638,6.279241903966831,1.5778163361937716,0.0009999999971337945,0.0010000000054219257,0.0009999999962388788,0.0009999999916624458,0.000999999992943844,0.0009999999855275783,9.000302787987364e-6,9.000308548139626e-6,0.7818788963353719,2.0523228472399944,1.3726239534431954,0.01616029508065232,0.0002632536507768606,0.0002488445357185585,0.00629979084956047,0.00310899999999986,0.0031089999999998974,0.003108999999999866,0.0010210899999997403,0.0010210899999997154,0.00102108999999973,-0.4868214466303793,9.662943822261342,0.7951430896235886,0.004184839717344043,0.019411395936682337,-0.0019363255295821217,-4.340250182151794,-22.920000915527343,11.148562955856324,982.8364233398438,-0.07241972587145722,25.854439341197725
2025-03-01T17:21:51Z,40.26411676686186,-75.91609492394628,89.1302818992121,-38.87048607742341,-3.492300948527525,-1.861714376899694,1.4205796003455344,6.282179715112065,1.6000730088002868,0.000999999996924013,0.0010000000052914778,0.000999999995996894,0.0009999999918072473,0.0009999999931245354,0.0009999999855910295,0.000010000298368718857,0.000010000309061669553,0.7984940354790597,2.571407219440301,1.712248030263265,0.01739347586930111,0.0002748407545761808,0.0002557151844938557,0.006310957667341609,0.0031099999999998585,0.003109999999999896,0.0031099999999998646,0.0010210999999997396,0.0010210999999997143,0.001021099999999729,-0.6047889113776285,9.779662552510244,1.0027093323072156,-0.004756818627788952,0.022487750908702753,0.0014638211111286487,-4.058250153064728,-23.18437572479248,11.50837544441223,982.7903051757812,0.06933424835887743,26.199708133526904
2025-03-01T17:21:52Z,40.26363987199858,-75.9161187903468,87.94906995509918,-39.402623508748874,-3.732118983306768,-1.8707399280050732,1.4168616407143964,0.0013723864797588648,1.617808771375357,0.0009999999970288394,0.0010000000049808179,0.0009999999964353963,0.000999999991736675,0.0009999999929803762,0.0009999999856897224,0.0000110002912134791,0.000011000309751706992,0.8161408067138036,3.1307689736741713,2.0835215843259776,0.018633960505510014,0.00028598595550171556,0.0002623257986753458,0.006320567661094993,0.0031109999999998587,0.0031109999999998964,0.0031109999999998647,0.00102110999999974,0.0010211099999997148,0.0010211099999997292,-0.47968417120851936,9.700819117858682,0.907913686596135,-0.004166315680869322,0.016837251602601383,0.002950258970001252,-4.438500192165375,-23.521313276290893,10.915125422477722,982.691318359375,-0.025149500712474994,26.30759858019124
2025-03-01T17:21:53Z,40.262931051250604,-75.91612374823545,87.18328595440381,-39.75374097577842,-3.2686465303461727,-1.7205023429005961,1.4339437893107647,0.021039988610384263,1.622426790327241,0.0009999999969775614,0.001000000005032679,0.0009999999966004843,0.0009999999917072147,0.0009999999928762052,0.0009999999858342826,0.000012000280305060159,0.00001200031064892632,0.8337331397659402,3.675647271232396,2.493243017231295,0.01875432881077421,0.0002959227437856835,0.00026934996147565235,0.006340529275595127,0.003111999999999858,0.003111999999999896,0.003111999999999863,0.0010211199999997402,0.001021119999999715,0.0010211199999997293,-0.08894604006430094,9.811847950414462,0.9556975607549477,0.015580973742930262,0.004189846835981212,-0.014694386687380899,-4.785375218391419,-24.048938398361205,10.725937957763671,982.5789794921875,0.07846414454603015,26.763674458764715
2025-03-01T17:21:54Z,40.2621301629945,-75.91611338663526,86.59698435800088,-39.80434733826142,-2.538747840460424,-1.5100974731412005,1.4543906476826953,0.04707631431877621,1.6242268130037465,0.0009999999967946955,0.001000000005322248,0.0009999999965682553,0.0009999999915778577,0.0009999999929866028,0.0009999999855867144,0.000013000264445591046,0.000013000311788647952,0.8488485041690086,4.240559983823463,2.938480654204412,0.018144906391831767,0.0003055103757087754,0.0002762085400033968,0.006363671274595594,0.003112999999999857,0.0031129999999998975,0.0031129999999998615,0.0010211299999997392,0.0010211299999997143,0.0010211299999997286,-0.12542677989299844,9.862414335245823,0.992619599196734,0.01834405149906343,0.0004762565225276882,-0.021392702525130477,-4.4377501726150514,-24.00675093650818,11.337187929153442,982.6619775390625,0.13273395355375803,26.917407063148193
2025-03-01T17:21:55Z,40.261345895863414,-75.91609450018102,86.1232513959703,-39.59901175051334,-1.7219827442806617,-1.1620633849929904,1.4644110003621809,0.05358997681745163,1.6256185002343455,0.0009999999968505135,0.001000000005031877,0.0009999999963979603,0.000999999991690527,0.0009999999932255488,0.0009999999858534682,0.000014000242220145234,0.000014000313213328832,0.8594971748280209,4.839951388569299,3.427071150507338,0.016998549880662038,0.00031430092813665233,0.00028292520321001463,0.006371511380244639,0.0031139999999998573,0.0031139999999998964,0.0031139999999998634,0.0010211399999997396,0.0010211399999997147,0.001021139999999729,-0.17649981460509698,10.011079918965505,1.0820072213426106,0.007870056890296826,-0.0026197927300457132,-0.0027775157284228996,-3.8542501556873323,-23.811563472747803,11.959687943458556,982.826484375,0.290541311342373,26.923543416871464
2025-03-01T17:21:56Z,40.26074136907558,-75.91608140243528,85.45489270165197,-39.318284543858546,-1.2284994540197338,-1.2224415989169164,1.4670063145764654,0.060428501077348255,1.6283784769803853,0.000999999996816916,0.0010000000052542018,0.0009999999959767743,0.0009999999917043095,0.0009999999936498034,0.000999999986038378,0.000015000211934613307,0.000015000314968637145,0.8650636228812654,5.482873742133899,3.933424909647418,0.015976230101286508,0.00032295057774924657,0.0002895556455509754,0.006379477157455013,0.0031149999999998588,0.0031149999999998965,0.003114999999999865,0.0010211499999997393,0.0010211499999997144,0.0010211499999997287,-0.3806213162488164,9.62476716740423,1.1087911370333294,0.0010056726086626066,0.0002013671252576322,-0.0044106614814352066,-3.605812633037567,-24.196313457489012,12.248062925338745,983.1086352539063,-0.08454124600655298,27.35828441135167
2025-03-01T17:21:57Z,40.260245780369814,-75.91607101026041,84.55127643045222,-39.37763009149267,-0.7593845929837816,-1.2658232641284026,1.4727902413797258,0.06069777805563002,1.6318374116881242,0.0009999999970976682,0.0010000000054709104,0.0009999999957955273,0.0009999999915907953,0.0009999999933684128,0.0009999999861309884,0.00001600017158050696,0.000016000317107901562,0.8664996647139384,6.156890429340171,4.48144936242368,0.015422083956932675,0.00033114974665322187,0.00029636962979150903,0.0063823174388002646,0.00311599999999986,0.0031159999999998975,0.0031159999999998663,0.0010211599999997386,0.0010211599999997135,0.0010211599999997278,-0.32128519667244587,9.699149973879704,0.7852579815557427,0.004555364689220658,0.0011655648536968977,0.0013883809475146102,-4.662562682628631,-25.651688556671143,12.031125507354737,983.3231665039062,-0.04430340583397837,28.713997809100547
2025-03-01T17:21:58Z,40.2582179559357,-75.91594922244265,85.06376482442593,-38.38885158236069,0.3086583282497881,-1.213015837538667,1.4698826895414334,0.06998666405521783,1.6525096340744936,0.0009999999971622448,0.0010000000057330128,0.0009999999955229244,0.0009999999916702727,0.0009999999935086242,0.0009999999858525486,0.000017000118848498778,0.000017000319691708595,0.865378169963372,6.929393156947818,5.07219665604208,0.01490484008815795,0.00033956117621728073,0.0003031812686788016,0.006387051027588302,0.0031169999999998608,0.0031169999999998985,0.0031169999999998673,0.0010211699999997377,0.0010211699999997128,0.001021169999999727,-0.6782086826434517,9.610011457437766,1.0334172248348419,-0.009826996861735687,0.009313433604543663,-0.001162897006476533,-5.433562726974487,-24.801000900268555,11.379187970161437,982.4339208984375,-0.09141702509874516,27.822586723579477
2025-03-01T17:21:59Z,40.25609171437277,-75.91581121773406,85.58414865316797,-37.37896394326564,2.169630251291673,-1.0013675571978533,1.4812828228740438,0.08083424037060466,1.6510229369523026,0.00099999999711494,0.0010000000059292758,0.0009999999953351115,0.000999999991711612,0.000999999993205789,0.0009999999858543317,0.000018000050797144842,0.000018000322800354423,0.8601001094698376,7.601587153450802,5.727753572110422,0.013844581032114986,0.00034703571949307676,0.00031142395283065803,0.00639283526069106,0.00311799999999986,0.0031179999999998973,0.003117999999999866,0.0010211799999997385,0.0010211799999997118,0.0010211799999997279,0.09247960669831098,9.841477194462447,1.0873753745395756,0.006279471502344644,-0.011863211654998531,-0.005876736705692909,-5.943937745094299,-23.358938369750977,12.303750505447388,982.4412231445312,0.12100398164929653,27.061964366113997
2025-03-01T17:22:00Z,40.25561753386945,-75.9157637948235,84.71053157341086,-37.45370010142736,2.8097551162120737,-1.2070282757745803,1.4822358538958191,0.07744558438575909,1.6498966603667158,0.0009999999970236402,0.001000000006152811,0.0009999999954594602,0.0009999999918603158,0.0009999999934841538,0.0009999999859989833,0.00001899996359534501,0.000019000326533072453,0.8512653814395051,8.3502247230847,6.418347022221628,0.013715619484067361,0.00035446350029316135,0.0003198473464675027,0.0063928089234106845,0.0031189999999998606,0.003118999999999898,0.0031189999999998667,0.0010211899999997397,0.0010211899999997111,0.001021189999999729,-0.2389878015365976,9.569270639945183,0.680758312650537,0.00028932526118129534,-0.00306041737680967,0.003931982658964024,-3.617437642738223,-25.596375880241393,10.092562924325467,983.3666748046875,-0.18443603464504765,27.750987561280784
2025-03-01T17:22:01Z,40.25473706274302,-75.91569094588321,83.96073884423822,-36.909150827023254,3.3698096961862216,-1.217600476734232,1.4827372111532338,0.07442728067183225,1.6547015477496143,0.0009999999971117299,0.0010000000061028307,0.0009999999953360457,0.000999999991786625,0.0009999999932871675,0.000999999985858726,0.000019999852849162886,0.00002000033099618384,0.8415295933865203,9.199032811662862,7.1940276969004415,0.013263880978229526,0.0003621051802378506,0.00032869441270690357,0.006393468988457983,0.0031199999999998616,0.003119999999999899,0.0031199999999998677,0.0010211999999997401,0.0010211999999997121,0.0010211999999997293,-0.44738106757865365,9.687698403034416,1.1303265444135373,-0.0013868808267576713,0.0013925532031149334,0.0044265157338349475,-2.255437579602003,-27.83062602996826,11.63025050997734,983.3124096679687,-0.017251688076335748,30.24715502856559
2025-03-01T17:22:02Z,40.25319441494304,-75.91558434603823,83.52392491747773,-36.12948467475567,4.588834624907107,-1.218675428925226,1.475944829607637,0.08572329448613769,1.6526827260894703,0.0009999999972565578,0.0010000000062188278,0.0009999999955142484,0.0009999999919382105,0.0009999999932948154,0.000999999985811895,0.000020999712842492194,0.000021000336317555032,0.8303755132743389,10.006514898646449,8.042819344320536,0.013415161487822935,0.0003704663212255716,0.00033835516418299005,0.006404571452560383,0.0031209999999998604,0.003120999999999898,0.003120999999999867,0.001021209999999739,0.0010212099999997112,0.0010212099999997281,0.06741119017252269,9.703151067571321,1.2248704952698,-0.009093959069231218,-0.0058243310922408845,-0.01033821975045533,-7.393875341415406,-25.526813468933106,14.139000577926636,983.1636889648438,-0.0006636734423646026,30.103087333718054
2025-03-01T17:22:03Z,40.252375899096016,-75.91550163874484,82.65025635255007,-35.611537206411604,5.5396565839678855,-1.1975771348978896,1.4792420203698948,0.0744122104458277,1.6398841907772785,0.000999999997364318,0.0010000000059619885,0.000999999995223195,0.0009999999922686437,0.0009999999934533362,0.0009999999856979364,0.000021999536193481526,0.00002200034264719046,0.819088140103531,10.890664054874101,8.978723698415385,0.01417491913558789,0.0003776951957874407,0.0003486627158457783,0.006402025920278255,0.003121999999999862,0.0031219999999998996,0.0031219999999998684,0.0010212199999997393,0.0010212199999997118,0.001021219999999727,0.035171499363096215,9.756930803292732,1.2809148515706417,0.0033473208869400244,-0.015609849283285774,0.010290817773866954,-5.531625204086303,-22.686563243865965,12.210375471115112,983.5372314453125,0.05956198865690845,26.35089395307264
2025-03-01T17:22:04Z,40.252125727818395,-75.91542889243334,81.43997743310186,-35.42830179156303,6.336071431946618,-1.3253519775378335,1.4839603988710466,0.08242014622716849,1.6328945687729013,0.0009999999973618204,0.00100000000590054,0.0009999999955012447,0.0009999999924576249,0.000999999993139825,0.0009999999855814202,0.00002299931454794982,0.000023000350135008918,0.8106783119252338,11.841858167662219,9.97672078504849,0.015429806621111184,0.0003867247731832663,0.00035887697868084323,0.006414406754164346,0.003122999999999863,0.0031229999999999,0.003122999999999869,0.0010212299999997382,0.0010212299999997122,0.0010212299999997265,0.018062818899902865,9.64921394093235,1.0723005966573291,0.005129009880018238,-0.006507964021188424,-0.008574723404111908,-3.343687644004822,-22.071563386917113,12.237375521659851,983.8555712890625,-0.07261206868848175,25.457512091778593
2025-03-01T17:22:05Z,40.251261150692905,-75.91533874277648,80.25947401464819,-35.452596155137925,7.2060034271981115,-1.6086752138081537,1.4905195728147638,0.08672747540369062,1.6225531628613632,0.0009999999969082616,0.0010000000056374233,0.0009999999958763917,0.000999999992521146,0.0009999999931211646,0.0009999999855144386,0.000023999039559929895,0.000024000358916000328,0.8081720126342569,12.828742045825097,11.010271134060819,0.01737165250473748,0.00039576126090519703,0.000368975207975414,0.00642555107458263,0.0031239999999998647,0.0031239999999999003,0.003123999999999869,0.001021239999999737,0.0010212399999997113,0.0010212399999997256,0.09804716852705492,9.517844565401274,0.6638516557300717,0.006788525745333887,-0.010901516941829024,-0.005571471566450521,-3.8743126571178435,-24.770626020431518,12.898125557899474,983.844013671875,-0.23986895969763553,28.194910546569112
2025-03-01T17:22:06Z,40.25030584242409,-75.91524529121924,78.9196717164145,-35.404065127513164,8.227205555497276,-1.6602019493116582,1.4871665598302395,0.08579709209786765,1.604800701552044,0.0009999999966252796,0.0010000000059078988,0.000999999995918093,0.000999999992363056,0.0009999999932847514,0.0009999999855228,0.000024998703662748922,0.000025000369102715434,0.8138211881901516,13.886694928035412,12.12141349074145,0.020407752851618402,0.00040441694085965754,0.00037851783843961703,0.00643408803509422,0.003124999999999865,0.003124999999999902,0.0031249999999998705,0.0010212499999997361,0.0010212499999997112,0.0010212499999997255,0.2873351286283257,9.75956273777716,0.748990376601394,-0.0024151700794569245,-0.018368921684983396,-0.0013359752601132795,-2.6750626122951506,-24.613313484191895,12.985500440597534,983.9968603515625,0.01102133817485656,27.956958569210016
2025-03-01T17:22:07Z,40.248603993210125,-75.91515817599051,77.7152945241346,-35.26270527383674,8.93967371759467,-1.7915197327012344,1.4874893621012004,0.08977610087977395,1.5911157643375937,0.000999999996389007,0.0010000000061002772,0.000999999996048224,0.0009999999921411393,0.0009999999935497732,0.0009999999856247163,0.000025998301442317062,0.000026000380742431545,0.8292923721946661,15.020459704805509,13.237340445453755,0.023675097091899976,0.0004137748053462442,0.00038636300854959953,0.006447493772978871,0.0031259999999998654,0.003125999999999903,0.003125999999999872,0.0010212599999997367,0.0010212599999997116,0.0010212599999997259,0.2111766855454872,9.647998432466196,0.7374015332765047,0.0005697219317474533,-0.013715500871973976,-0.007313938480355576,-2.46806259483099,-24.867375984191895,12.752438039779664,984.0002612304687,-0.1030941799581524,28.05529428452156
2025-03-01T17:22:08Z,40.244604898699194,-75.91513684275849,77.15285985655692,-34.40682588501167,8.681624681555718,-1.7716666011373488,1.4858854345500554,0.08457921323653791,1.5756580945452103,0.0009999999961812747,0.0010000000059952013,0.0009999999963354897,0.0009999999918628409,0.000999999993271889,0.0009999999856812327,0.000026997831140469056,0.000027000393781781304,0.8542815094689947,16.26028881432602,14.357819838046549,0.026673897982429445,0.00042286550272362973,0.00039189862860998607,0.006458069683035295,0.003126999999999866,0.0031269999999999033,0.0031269999999998725,0.001021269999999737,0.001021269999999712,0.0010212699999997263,0.0786012328352878,9.661616634362797,1.2096087319592417,-0.0022217295898387924,-0.01516188161563201,-0.0029751296428944885,-3.5328751367330553,-24.198563442230224,13.525875635147095,983.6555688476562,-0.04413760806130577,27.946343990571272
2025-03-01T17:22:09Z,40.240251988697835,-75.91518284410105,76.68474468411122,-33.7469540934189,7.87892247528366,-1.7603725840378028,1.4827959745681272,0.0773930900303663,1.5627002927091433,0.0009999999964450809,0.0010000000056283962,0.0009999999964118089,0.0009999999915275034,0.0009999999933987258,0.0009999999859584704,0.000027997295868618406,0.000028000408061006178,0.8872556694446622,17.590782131829922,15.395546975932252,0.029397903434518338,0.000432254276396696,0.00039421949586525154,0.0064685831892494485,0.0031279999999998653,0.0031279999999999026,0.0031279999999998713,0.0010212799999997362,0.001021279999999711,0.0010212799999997253,0.07202096883837783,9.633341470394498,1.1232278378183036,-0.0037163451948497937,-0.011081772422407613,-0.0027474736268272605,-1.5898125617206096,-24.08981340408325,12.749812932014466,983.6949462890625,-0.08252769037086237,27.30204316104358
2025-03-01T17:22:10Z,40.235433675575415,-75.91531749594085,76.40577830370997,-33.59040302110361,6.384627376673345,-1.6704137717850656,1.4882206723157518,0.0698858241047196,1.5512941136086151,0.000999999996394616,0.0010000000057739829,0.000999999996445537,0.0009999999911396173,0.0009999999933959205,0.0009999999863769765,0.000028996706182897564,0.000029000423329472724,0.9258696529647221,19.03119308551281,16.291668848058904,0.031026830745395643,0.0004420182768963487,0.0003929928282016639,0.006479828096233858,0.003128999999999864,0.003128999999999902,0.0031289999999998706,0.001021289999999737,0.0010212899999997114,0.0010212899999997255,0.0005690644902656562,9.70938802724807,0.7127672233080007,0.004874483303567963,-0.007688969659148963,-0.004492110359876438,-2.463375097513199,-23.78775089263916,13.295438032150269,983.6871264648438,-0.04571218292916234,27.362222004242753
2025-03-01T17:22:11Z,40.231091633809214,-75.91550078386751,76.1312287482223,-33.72948599157423,4.522680871428623,-1.4972238614796192,1.489837945251348,0.05701822858563261,1.5427045886195014,0.0009999999965470106,0.001000000005823308,0.0009999999965245024,0.0009999999910416965,0.0009999999931803844,0.0009999999864372159,0.00002999607885866008,0.000030000439329538587,0.9645705351906365,20.609277987497965,17.036740186160305,0.030627477306551947,0.0004516266221557141,0.00038847113199105593,0.006486641288843485,0.0031299999999998647,0.003129999999999903,0.003129999999999871,0.001021299999999736,0.001021299999999711,0.0010212999999997252,-0.20985353708900084,9.8017961889845,0.5141348335083108,0.0011889323146831554,-0.004695732185532269,0.0013620105989223922,-1.902000069320202,-23.22187587738037,12.85443808555603,983.82423828125,0.036495779545050316,26.610279779154588
2025-03-01T17:22:12Z,40.22547845705906,-75.9158481446918,76.42718300855707,-33.77904588502182,1.6368217880301943,-1.3967441256195485,1.486030091483165,0.039903496945039245,1.5273067044931394,0.0009999999965990497,0.0010000000059753448,0.0009999999966258054,0.0009999999907288257,0.0009999999930360767,0.0009999999863802831,0.000030995431288928023,0.00003100045586035164,0.9980254612151415,22.24880053275287,17.613899337500538,0.029963200624812246,0.0004610026743649152,0.00038187321935271754,0.006492549814261805,0.0031309999999998665,0.003130999999999904,0.0031309999999998726,0.001021309999999735,0.00102130999999971,0.0010213099999997243,-0.07109794243617251,9.661963101115422,0.6387858577525097,-0.00414695507224232,-0.00934931946654739,0.0009778000273045315,-2.058562575429678,-23.504250774383546,13.11843812942505,983.6001782226563,-0.09737741315771481,26.99589139207924
2025-03-01T17:22:13Z,40.22046886112386,-75.9162370450794,76.64854525915072,-33.75017316672166,-0.9822263150634467,-1.3432164821308652,1.4902554927355465,0.02414860710874955,1.5044290976223316,0.000999999996690312,0.001000000005697014,0.0009999999964247404,0.0009999999909400495,0.000999999992980307,0.000999999986103019,0.000031994777851112574,0.00003200047276058863,1.025279684013452,23.95037068519106,18.048443536452115,0.029730570682194438,0.00046992904454586435,0.0003742243059391186,0.006497872387509192,0.0031319999999998667,0.0031319999999999044,0.0031319999999998727,0.0010213199999997338,0.0010213199999997086,0.0010213199999997234,0.23784358195307206,9.630988573068366,0.7645836040963944,0.004019272349024596,-0.0168824840345397,0.0001606431319175522,-2.387625095844269,-23.768063488006593,13.03125057220459,983.676982421875,-0.11618502680218643,27.210885947140223
2025-03-01T17:22:14Z,40.21481890091358,-75.916769509396,77.2083838446936,-33.67022418164202,-4.023192974662139,-1.2477313992438885,1.4970248394302068,0.010186692975171916,1.4763032717029092,0.0009999999967194382,0.0010000000057281326,0.0009999999961513967,0.0009999999909796526,0.0009999999930464837,0.0009999999863264648,0.000032994130426375195,0.000033000489854893054,1.0484479157855962,25.705167333761967,18.351088064520773,0.03050929524389152,0.0004786127566581923,0.00036591756279783075,0.006505368250938227,0.003132999999999866,0.0031329999999999032,0.003132999999999872,0.0010213299999997324,0.0010213299999997077,0.0010213299999997237,0.6356869632615292,9.634936049158622,0.787572347573847,0.00613760481305193,-0.020414984586415382,-0.00421955764879597,-1.4651250517368317,-23.07525068283081,13.368938035964966,983.5075219726563,-0.09211606099968066,26.70841755037272
2025-03-01T17:22:15Z,40.20990383863817,-75.91731948481466,77.68290863846323,-33.60113957443554,-7.133281884221799,-1.1183386246753733,1.4980907382625928,6.276066768038863,1.444135927535226,0.000999999996823075,0.0010000000057060552,0.0009999999957353031,0.0009999999911650367,0.000999999992988018,0.0009999999864922899,0.000033993496694295094,0.000034000507038822115,1.066108361299559,27.609825888711114,18.54680900131787,0.029207302922412214,0.0004867000548080836,0.0003576774175084784,0.006509157665733123,0.0031339999999998665,0.003133999999999901,0.003133999999999873,0.0010213399999997315,0.0010213399999997072,0.001021339999999724,0.39784365514093617,9.683351491922373,0.8255208237842958,0.00010973713094727879,-0.025414228974717717,0.000771508062272499,-1.392937545478344,-22.599563312530517,13.498875579833985,983.5627856445312,-0.05310752292014938,26.360908420019108
2025-03-01T17:22:16Z,40.20508864783478,-75.91793704544277,78.26868946565386,-33.65453528213418,-10.442481840666998,-1.0307367994695429,1.5003664680141937,6.264095880167482,1.4190826553321314,0.0009999999965919807,0.0010000000058790186,0.00099999999549037,0.0009999999910813948,0.0009999999931675754,0.0009999999862447715,0.00003499287725303614,0.00003500052437495024,1.0746370692916338,29.614342653550608,18.654918243438882,0.02721799212096443,0.0004951509044060602,0.0003494265965895083,0.006515972254819772,0.003134999999999865,0.003134999999999901,0.003134999999999874,0.0010213499999997323,0.0010213499999997071,0.0010213499999997251,0.38157246632446645,9.647339414590851,0.7661389464331597,0.0009954921882473634,-0.01779878155775766,-0.0037183481628660807,-1.703625070899725,-22.475813236236572,13.293375577926636,983.50212890625,-0.09413235352612642,26.16821902456491
2025-03-01T17:22:17Z,40.20192655108978,-75.91842122186301,78.38474080762731,-33.520296951448884,-12.595783534261745,-0.8882688498495818,1.4964829420007275,6.257119620198075,1.39608983739379,0.0009999999967091264,0.0010000000057695162,0.000999999995246054,0.0009999999912982981,0.0009999999933545819,0.000999999986195538,0.000035992266315022474,0.00003600054202245882,1.0740068140119132,31.75250788830609,18.754065694167572,0.025108356789862406,0.000503415980250863,0.00034233061234068126,0.006522492924390124,0.0031359999999998646,0.003135999999999901,0.0031359999999998754,0.0010213599999997327,0.0010213599999997075,0.0010213599999997253,0.4174301485356862,9.765717519910593,0.9774683279860363,-0.004918046518098737,-0.01819183800058787,-0.003408409479334593,-1.8680625724792481,-22.474688262939452,13.2416255569458,983.7562133789063,0.0442558588249695,26.15223227645604
2025-03-01T17:22:18Z,40.19949193397418,-75.91884949465292,78.29256539064255,-33.587968111147525,-14.335057260301356,-0.9035136004378123,1.494223863793451,6.25203243277068,1.3749286116398474,0.0009999999964489961,0.001000000005955806,0.0009999999952372241,0.0009999999913208896,0.000999999993114412,0.0009999999863409949,0.00003699165264365235,0.000037000560217229145,1.0646588658416292,33.980547072405706,18.83060000908877,0.022517057227357952,0.0005116240902673554,0.0003367810865079818,0.006528629773550183,0.0031369999999998656,0.003136999999999901,0.003136999999999877,0.0010213699999997317,0.0010213699999997068,0.0010213699999997248,0.26548068388787427,9.659463158283822,0.8366474441387112,-0.0031482077534216914,-0.017544254179607328,-0.002771507607938325,-1.6366875606775284,-22.307813320159912,13.066688051223755,983.8879565429687,-0.07968312739630232,25.904690281314664
2025-03-01T17:22:19Z,40.19532745655962,-75.91951451803848,78.83083490419443,-33.782937634471104,-17.450905119953926,-0.7939667159578077,1.4920942571167881,6.2374524829587825,1.352447885976576,0.0009999999962325566,0.001000000005952574,0.000999999995165823,0.0009999999916393216,0.0009999999932036538,0.000999999986152598,0.000037991019897169825,0.00003800057926485809,1.047281885396071,36.33777406983684,18.965107261493795,0.020051221471362343,0.00052001395382572,0.000333068410456307,0.006531727411583215,0.0031379999999998666,0.0031379999999998996,0.003137999999999878,0.0010213799999997308,0.001021379999999706,0.0010213799999997239,0.20956839718731615,9.715429022486,0.9811163968032249,-0.0032456789680334205,-0.016699726400393165,0.002439869371267875,-2.0353125795722007,-22.286438331604003,13.360688009262084,983.5456396484375,-0.011524575077238109,26.064020399892286
2025-03-01T17:22:20Z,40.19120522347165,-75.92019318864143,79.34541794302052,-34.063061693151106,-20.41975335954377,-0.7757956070393511,1.4963007828795016,6.232986898158363,1.3294580202137052,0.0009999999964608619,0.0010000000061216262,0.000999999995326969,0.0009999999919156574,0.0009999999932888172,0.0009999999865734886,0.000038990346885277316,0.00003900059949741244,1.023690979016394,38.7847469585352,19.1674102273531,0.017910187593113445,0.0005278461724098463,0.0003315884345119054,0.006540587501757367,0.003138999999999868,0.0031389999999998992,0.003138999999999879,0.0010213899999997299,0.001021389999999705,0.001021389999999723,0.20713568787405134,9.64490681393346,0.97662756472316,0.00315388036938202,-0.016892665608159704,-0.006538507020999482,-1.7602500718832017,-22.7030633354187,13.045125494003296,983.5104809570313,-0.08186620700760866,26.243097962432184
2025-03-01T17:22:21Z,40.18745930052637,-75.9208332823805,79.66739647630934,-34.34264908569807,-22.999786532032957,-0.7528722288499009,1.4901859002909215,6.228024530791705,1.3119752110722593,0.00099999999624586,0.0010000000061205,0.0009999999949024162,0.0009999999917664857,0.000999999993225578,0.0009999999867147072,0.00003998960754827091,0.00004000062125519625,0.9957969169547328,41.35334019007604,19.4801383829043,0.016155377066212652,0.0005362078864741743,0.0003317495336190071,0.006548093539286609,0.003139999999999867,0.003139999999999898,0.003139999999999879,0.0010213999999997294,0.0010213999999997042,0.0010213999999997222,0.1498674659335987,9.67860567473753,1.0395588138895273,-0.006701404763062326,-0.012524982173269538,-0.0036674428805903393,-1.2811875524744392,-22.781625823974608,13.26750060081482,983.5581958007813,-0.04261083433445969,26.39446532858288
2025-03-01T17:22:22Z,40.18379467050179,-75.92145842891576,79.90984167885115,-34.6011863619508,-25.317161749283727,-0.6879871147308005,1.4912842638413906,6.222200394170795,1.289290378798804,0.0009999999961192226,0.0010000000060205875,0.0009999999946800368,0.0009999999920457677,0.0009999999930283695,0.0009999999869015703,0.000040988770144659805,0.00004100064488709695,0.965662389099577,44.04054965453736,19.931476587767364,0.015012513677113691,0.0005438669603453745,0.00033470553384196887,0.0065546443441213765,0.003140999999999866,0.0031409999999998973,0.003140999999999879,0.0010214099999997285,0.0010214099999997033,0.001021409999999721,0.16838046210622398,9.729707434351068,1.1557532229364573,0.000419509017101926,-0.018392121179919237,-0.0019863967664484356,-1.4463750565052031,-22.709063205718994,13.242750587463378,983.5735498046874,0.021756905282622818,26.32795688122501
2025-03-01T17:22:23Z,40.17948080428269,-75.92213019875177,80.32901604062602,-35.15648935335701,-27.42678262697915,-0.5322444384353553,1.4932396006452247,6.216985357275325,1.2639955657424458,0.0009999999963795166,0.0010000000062590836,0.0009999999947477877,0.0009999999921389323,0.0009999999931499827,0.0009999999864667552,0.00004198780217335258,0.000042000670674518056,0.93638258814948,46.79182238200103,20.52388614236765,0.014341059376235702,0.0005509791480424505,0.0003398948160964693,0.00656184166211795,0.003141999999999867,0.0031419999999998988,0.00314199999999988,0.0010214199999997277,0.0010214199999997028,0.0010214199999997206,0.4158297072756107,9.821816133493124,0.9520213826078725,0.0014332782177944904,-0.020639302357307245,-0.002690059223618051,-1.2663750396668911,-22.991063385009767,13.575188074111939,983.4706201171875,0.09901653376340934,26.72967844338541
2025-03-01T17:22:24Z,40.1738651957313,-75.92288530094054,81.08187428440955,-36.014105730366694,-30.164640016487244,-0.38573719799878103,1.4998723399884821,6.20956204510057,1.2451414312999562,0.0009999999964141865,0.0010000000060689546,0.0009999999949898135,0.0009999999918768052,0.000999999992951962,0.0009999999863354921,0.00004298666420119805,0.000043000698943971034,0.9082262513688456,49.718810020690306,21.261934808868553,0.013799582198009157,0.0005589318354749915,0.0003459096486319052,0.00656812831110442,0.003142999999999868,0.0031429999999998993,0.003142999999999881,0.001021429999999727,0.0010214299999997019,0.0010214299999997199,0.03198957056163055,9.824439703262824,1.016773383897714,0.007129007759593887,-0.013595331017520883,-0.00030401457662336973,-0.5767500206083059,-23.020500793457032,12.863438081741332,983.26205078125,0.09964882987889959,26.37691130251384
2025-03-01T17:22:25Z,40.169537590257534,-75.9235172501664,81.53274054224468,-36.62802319264318,-32.09038662478841,-0.3312496503425946,1.504569825222872,6.203743094416878,1.2282752364377727,0.0009999999964185819,0.0010000000059464833,0.0009999999946910104,0.0009999999920070448,0.000999999992778695,0.0009999999867624986,0.00004398530257505403,0.00004400073011459822,0.8813081335020148,52.72202539362936,22.159270167838862,0.013908882534679846,0.0005667379859632399,0.0003535764476771747,0.006574058389658419,0.00314399999999987,0.003143999999999898,0.0031439999999998795,0.0010214399999997263,0.0010214399999997014,0.0010214399999997192,0.10611869415409575,9.771766256326329,1.0037462295325283,0.00504756154389017,-0.013502366050694567,0.0009954917390571443,-0.09300000380724673,-22.395938262939453,13.989188079833985,983.4148779296875,0.04662745992412813,26.406086290172443
2025-03-01T17:22:26Z,40.16630669315531,-75.92406016056454,81.72517209456412,-37.06203754792884,-33.37933066978327,-0.3194921374547749,1.5029748367148952,6.202259465671729,1.2086204055799599,0.0009999999966943565,0.0010000000056536358,0.0009999999944241592,0.0009999999918396127,0.0009999999929154598,0.0009999999865065933,0.000044983659431605634,0.00004500076456029474,0.8580551608728957,55.78492199909806,23.222120673898214,0.014424062254263298,0.0005733711019711759,0.00036330910460710236,0.006581923481195208,0.003144999999999871,0.003144999999999898,0.003144999999999878,0.001021449999999727,0.0010214499999997018,0.0010214499999997198,0.22114023613530617,9.751360570620234,0.9570312625054289,-0.0018236652343438544,-0.017410731680370876,-0.0017360420800763368,-0.5225625204667449,-22.009875774383545,14.221875553131104,983.5490673828125,0.023703303929666564,26.210051084363734
2025-03-01T17:22:27Z,40.161333195594366,-75.92466034658742,82.12001837401526,-37.84132320342829,-34.80491336008719,-0.3553883403194145,1.502086558091038,6.202076664120093,1.1914638841022944,0.000999999996953852,0.0010000000052998157,0.0009999999947840983,0.0009999999917230833,0.0009999999930520955,0.0009999999864822762,0.00004598167456123539,0.00004600080261586546,0.8399692876161219,58.92303581400099,24.43767455564471,0.015342964369521293,0.0005798327426417755,0.00037382085626034444,0.0065909082853455574,0.003145999999999871,0.0031459999999998963,0.003145999999999877,0.001021459999999726,0.0010214599999997008,0.0010214599999997188,0.15923936129195249,9.689413228665103,0.9612337486728284,0.00005883244387384348,-0.014052143891591607,-0.003015854045837091,-1.1670000429451466,-21.37162576675415,13.09293800354004,983.364794921875,-0.03859037879628179,25.09045131410318
2025-03-01T17:22:28Z,40.15451209916656,-75.92528658816279,82.70609014689194,-38.9264711416654,-36.0272786662584,-0.3025095188827005,1.5010960611695279,6.197615377828878,1.1666517713392586,0.0009999999972084594,0.0010000000051641842,0.0009999999945743672,0.0009999999915524696,0.0009999999930600204,0.0009999999862606236,0.00004697929013792699,0.00004700084456061492,0.8281521835499169,62.139142436111186,25.812788155317573,0.01642085027249446,0.0005850309522943363,0.00038633367233955213,0.0065978581781114915,0.003146999999999873,0.003146999999999898,0.0031469999999998778,0.0010214699999997266,0.0010214699999997014,0.0010214699999997194,0.2839054173907304,9.752025420501495,0.9537362362397219,0.0004253513427022286,-0.02147415111528064,0.001127845990795533,-0.06975000102072955,-22.21256341934204,13.290938081741333,983.1750659179687,0.02590540736176951,25.88530930093696
2025-03-01T17:22:29Z,40.14842032128079,-75.92584594145178,83.09816576045294,-39.86365067627425,-36.606926132871735,-0.3893660772327862,1.500231062375541,6.198430571472848,1.1421020808859919,0.000999999997157523,0.0010000000054668032,0.000999999994593499,0.0009999999919250437,0.0009999999931015258,0.0009999999862307268,0.00004797646763286859,0.00004800089053573129,0.8231260203958402,65.31403479529517,27.289032030901062,0.017041219804137916,0.0005889383447186743,0.0003995805952035352,0.006607545872313947,0.0031479999999998714,0.0031479999999998996,0.0031479999999998757,0.0010214799999997267,0.0010214799999997018,0.0010214799999997198,0.5375812223977919,9.610772482507263,0.8528061937783733,0.0002893255495160748,-0.021806955800276362,-0.0030679271047124855,1.2607500441372395,-21.78806324005127,14.234625549316407,983.234072265625,-0.11321210452295376,26.056306367061026
2025-03-01T17:22:30Z,40.14076976867037,-75.9263873069219,83.60091432127228,-40.98920815083156,-36.976637460670936,-0.3416534558504174,1.5002309467969865,6.2019446353352095,1.114703763117685,0.0009999999976346215,0.001000000005371101,0.0009999999948614373,0.0009999999916542367,0.0009999999931367555,0.0009999999862745923,0.00004897319034628576,0.00004900094059250244,0.8242124461258385,68.62479555614183,28.874013385496085,0.0178604600967031,0.000591307353650747,0.00041360232870066126,0.006618731139351862,0.0031489999999998702,0.0031489999999999,0.0031489999999998767,0.0010214899999997262,0.0010214899999997015,0.0010214899999997193,0.5030879690737639,9.727020381922022,0.9379037203097764,0.002003418658359053,-0.024335034129451476,-0.005255691106476522,2.562000109553337,-21.836438312530518,14.325375566482544,983.0937915039062,0.008386368468327608,26.24133372679391
2025-03-01T17:22:31Z,40.13351997353793,-75.92687480940026,84.04479296180574,-42.12093024544153,-37.1818771376441,-0.3145123448005961,1.49732275601867,6.203951503414246,1.0924552200598026,0.0009999999974141971,0.0010000000054149168,0.0009999999949231043,0.000999999991954022,0.000999999992973227,0.0009999999864042837,0.00004996945417697372,0.000050000994736078815,0.8304622725857911,72.05269218699978,30.498438628428808,0.018839692622269873,0.0005936843586613124,0.0004269404772056286,0.0066288480333729725,0.003149999999999868,0.0031499999999999003,0.003149999999999875,0.0010214999999997262,0.0010214999999997012,0.001021499999999719,0.3320338406018505,9.72715779388391,0.9133720623767854,-0.0005218229618010096,-0.019954332968318868,-0.0027374598486197806,3.491250138282776,-22.764188270568848,14.01881308555603,983.1051318359375,-0.0010954948105769227,26.961481232419246
2025-03-01T17:22:32Z,40.12729575839556,-75.9273146862018,84.29529803796285,-43.29393949877124,-37.51961555497311,-0.43709837014596165,1.4973254352330996,6.206255854768383,1.0829327267407427,0.000999999997128956,0.0010000000053998351,0.0009999999947822187,0.0009999999920252236,0.0009999999929452507,0.0009999999860603093,0.0000509652590987705,0.00005100105285356453,0.8412075949501608,75.64625166257656,32.08209416239157,0.020617302839163916,0.0005974166998910871,0.00043783044779426895,0.0066387713942280754,0.003150999999999868,0.0031509999999998995,0.0031509999999998744,0.0010215099999997261,0.001021509999999701,0.0010215099999997188,-0.09635398220695263,9.626641550694455,0.8375647002813574,0.0028484480564693326,-0.00801476317748589,-0.0016617698624280363,1.6672500653192401,-24.358876094818115,14.633625621795654,983.1708569335938,-0.11317439286743411,28.465323958364706
2025-03-01T17:22:33Z,40.12294251946362,-75.92772837040887,84.20695143920733,-44.384451021757215,-38.184643193102715,-0.5615174858885426,1.4912375408825327,6.205457852745298,1.0861424734359408,0.000999999997244325,0.0010000000053970225,0.00099999999472202,0.0009999999922536533,0.000999999992682593,0.0009999999860100285,0.000051960605251026405,0.00005200111458339168,0.8574730586883614,79.53274705321905,33.58553800604833,0.024025665240611692,0.0006032951101915176,0.0004454856531404495,0.00664698868925133,0.0031519999999998684,0.0031519999999999,0.0031519999999998745,0.001021519999999726,0.001021519999999701,0.0010215199999997187,-0.5267828931140253,9.681995398833916,0.7817720490336443,-0.003463820811224921,0.003632391377305603,0.0024513863253416155,3.1342501375079155,-23.804250831604005,13.471313114166259,983.3175659179688,-0.04883224205825103,27.530698423942898
2025-03-01T17:22:34Z,40.116952761195684,-75.92808543190057,84.13491956425166,-45.75901352521461,-38.40263630608467,-0.718666849803975,1.4879099495818169,6.2125258343602,1.0990966864785945,0.0009999999972287552,0.0010000000052436675,0.0009999999948603648,0.0009999999924188861,0.0009999999924175536,0.0009999999861860225,0.00005295551872167979,0.00005300117913590166,0.881293525753331,83.62583761247916,34.91280595198853,0.0284719337210143,0.0006107362638919359,0.00044912753733068517,0.006658616164456647,0.0031529999999998677,0.003152999999999899,0.003152999999999874,0.0010215299999997256,0.0010215299999997004,0.0010215299999997173,-0.6472974782822365,9.647959238015702,0.5868890702462114,0.0006798783155886818,0.013583145092367833,-0.003208125822714509,2.836312615275383,-23.31600091934204,13.699313068389893,983.2417553710937,-0.08916662589702862,27.190972372012965
2025-03-01T17:22:35Z,40.10940923992144,-75.9283492534967,84.13077864722844,-46.788576687964685,-37.98091468340661,-0.7425317327492967,1.4855615239693785,6.21248463104049,1.10136120068818,0.000999999996973751,0.0010000000051902749,0.0009999999951791256,0.0009999999926103794,0.0009999999926152226,0.0009999999863536204,0.000053950088392714396,0.00005400124530198298,0.9145350999296703,87.97905978344342,36.02227658030272,0.032962535796473555,0.0006177308954834137,0.0004513837888082622,0.0066659304240820495,0.0031539999999998687,0.0031539999999999,0.003153999999999875,0.001021539999999725,0.0010215399999997001,0.0010215399999997181,-0.48482873693980066,9.726462037399134,0.7529784149395786,0.001148207022706197,0.0015859940710418524,0.004884664131483042,3.2893126368522645,-22.85250082015991,13.769250526428223,983.1667602539062,-0.009061417218462526,26.882073858610642
2025-03-01T17:22:36Z,40.101826046962124,-75.92853573765879,84.07642022827196,-47.28308689040852,-37.20624718931978,-0.8695358668468066,1.4839002421672642,6.219932228642605,1.1015680890867656,0.0009999999969772695,0.0010000000051343582,0.000999999995017457,0.0009999999925639352,0.0009999999926238934,0.000999999986585479,0.00005494448004436078,0.00005500131163660217,0.9572248402204919,92.47506741541788,36.78502361976928,0.036738960228297986,0.0006245709145088594,0.0004497350649614663,0.006676358546754093,0.003154999999999868,0.003154999999999899,0.003154999999999874,0.0010215499999997242,0.001021549999999699,0.001021549999999719,-0.38294941115629394,9.58594200046208,0.9273367397586672,0.0011505444794818053,-0.0006670287345415438,-0.0016459143532804252,3.261562634706497,-22.518750839233398,13.982063064575195,983.1800366210938,-0.13844694247359707,26.706315720163907
2025-03-01T17:22:37Z,40.09151161173269,-75.92851079625562,84.36306418384301,-47.21229436981326,-35.27802418217677,-0.749130619917853,1.4792935173229578,6.230135992230261,1.1029395564796185,0.0009999999972354623,0.0010000000050414907,0.00099999999511299,0.0009999999925380126,0.0009999999923772107,0.0009999999870054386,0.00005593891713026761,0.00005600137676838053,1.0058893368790487,97.16154308925073,37.206870665932286,0.0391340974221484,0.000632302588727633,0.0004433325957039739,0.006685658315138481,0.003155999999999868,0.0031559999999998993,0.003155999999999874,0.001021559999999725,0.0010215599999997002,0.001021559999999718,-0.2936820928511095,9.750629630719454,1.0786814532534685,-0.0013461561896595336,-0.0008981892009001463,-0.0006945676376077058,2.6216251170635223,-24.389813537597657,13.222125577926636,982.9966381835937,0.037567064503133074,27.866784731207375
2025-03-01T17:22:38Z,40.08071935015864,-75.92833147273963,84.82477297646697,-46.816612722147646,-32.622182497962214,-0.8084224798652706,1.4754292801531126,6.2417623595381455,1.1056241980330856,0.000999999997193918,0.001000000004804339,0.0009999999951234083,0.0009999999924919746,0.0009999999920867941,0.0009999999869973375,0.000056933630941870986,0.00005700143977676313,1.054475143571755,101.74594858116257,37.20940556200088,0.040338511405861636,0.0006408565296669593,0.0004324772978098539,0.006693837173147651,0.003156999999999868,0.003156999999999899,0.003156999999999874,0.001021569999999724,0.0010215699999997006,0.0010215699999997186,-0.32415069486421066,9.554139025047348,0.8733373916533286,-0.0010625888085886309,-0.000697071249172655,-0.00010373118986786321,2.0210625821352006,-23.916750869750977,13.791563053131103,982.9050048828125,-0.17775721800246727,27.682125288488752
2025-03-01T17:22:39Z,40.07197709946783,-75.92815073627779,85.18436020190111,-46.20150375100318,-30.173582875801763,-0.6549114659189795,1.4813155708822279,6.249620305806624,1.1088065524955877,0.0009999999974488597,0.0010000000048876435,0.0009999999951656295,0.000999999992145807,0.0009999999918678857,0.0009999999870970097,0.00005792880638732613,0.000058001500484392884,1.097411817857472,106.3680023949469,36.94694285971925,0.04039368387757217,0.0006502728507150696,0.00041807694917468555,0.006699668101163656,0.0031579999999998697,0.0031579999999999013,0.003157999999999876,0.0010215799999997235,0.0010215799999997012,0.0010215799999997192,-0.3170879450715255,9.790037950354602,0.7833751147377107,0.007562288316645052,-0.0005622136939036869,0.0026244643613492664,0.7342500327527524,-24.0980633354187,12.124125490188598,982.958740234375,0.04900420570225452,26.986060337250628
2025-03-01T17:22:40Z,40.063006599381616,-75.92783620948265,85.81713019545174,-44.874204991245676,-27.42829235689318,-0.5546131011934194,1.4666281829833892,6.26001168035885,1.1164055496655796,0.0009999999972073802,0.001000000005115637,0.0009999999950347446,0.0009999999922905701,0.0009999999919547411,0.0009999999871378102,0.000058924558428546094,0.00005900155927531665,1.132081261927825,110.94342307210378,36.45976821546223,0.03976549295807115,0.0006608992057238191,0.0004006288223592744,0.006705201400422593,0.0031589999999998702,0.0031589999999999015,0.0031589999999998763,0.0010215899999997224,0.001021589999999701,0.0010215899999997187,-0.402236479416422,9.683949652349035,1.069469084883597,-0.013532909254178674,0.0030622506604825917,0.0019219697707839939,3.6847501643002034,-21.475313301086427,14.624813189506531,982.8408374023437,-0.026580194099945696,26.242121787815364
2025-03-01T17:22:41Z,40.24778730621319,-75.91478343423981,93.77035078023874,2.1098241005408553,31.942949589466625,1.0926096102111507,1.4937089206893759,0.14508792177679303,1.2318384766263393,0.0009999999977200055,0.0010000000046010362,0.0009999999948651045,0.0009999999928484206,0.0009999999919827758,0.0009999999870720878,3.081543010633263e-10,3.081543878710573e-10,0.5478566342476483,0.0050881171419885135,0.005087542655881562,0.015408911715868143,0.00017756614189163433,0.0001571427776040196,0.006253360655240395,0.0031599999999998695,0.0031599999999999007,0.0031599999999998756,0.0010215999999997221,0.0010215999999997007,0.0010215999999997187,-0.4377489665756932,9.605947547094514,0.5655890188845762,-0.004016771771487734,0.005722016301470983,0.003701657004569689,1.8663750670477748,-27.27956352233887,11.820750465393067,982.76291015625,-0.15151385023687577,29.78900882658373
2025-03-01T17:22:42Z,40.24794746782979,-75.91439946859727,93.9955088204064,2.759904179240015,33.30334093387507,0.8454771610462384,1.5114073530647854,0.14550342760760324,1.2158316828837918,0.0009999999973962447,0.0010000000046543102,0.000999999994502692,0.000999999992827846,0.0009999999921540398,0.0009999999873014811,1.00030815448317e-6,1.0003081547885791e-6,0.5930086313252476,0.04047125823791979,0.023755796874539967,0.013617055874817988,0.00018746418800592892,0.00016629899128886994,0.006262473554245396,0.003160999999999868,0.0031609999999998996,0.0031609999999998744,0.001021609999999722,0.0010216099999997008,0.0010216099999997186,0.11477273328085255,9.720041464801003,0.8163882162094552,0.0199322997585907,-0.01574220280044238,-0.0043495745919198674,1.567500064484775,-23.05443832397461,14.966437997817993,983.0983569335938,-0.029274627748521458,27.53099422184882
2025-03-01T17:22:43Z,40.2481165840139,-75.91400174847058,94.1329138283612,3.4109310881001433,34.34337405469973,0.8322521742366359,1.5247944360725278,0.1425726102887368,1.2146468291578756,0.0009999999975498516,0.0010000000046712892,0.0009999999946184014,0.000999999993025386,0.000999999992319648,0.0009999999875518006,2.000308154811397e-6,2.0003081586172294e-6,0.6314619797400464,0.13463891804692985,0.0792535763733345,0.012802963429953355,0.00019740259845668,0.00017515905991096815,0.006272704822015502,0.00316199999999987,0.0031619999999999,0.003161999999999875,0.001021619999999722,0.0010216199999997003,0.0010216199999997183,-0.17751970210972895,9.910032207671968,0.7737645914212612,0.013488010308014622,-0.0013980629250850423,0.00027680775343763087,2.6675625896453856,-22.86825080871582,14.197313079833984,982.9975927734375,0.1574358989156793,27.048728744224427
2025-03-01T17:22:44Z,40.24829798839198,-75.91359478390072,93.97583935004641,4.116375309366515,35.03110231457803,0.5187803152309973,1.5169263642887898,0.12891133854513176,1.2177470641052772,0.0009999999978226256,0.0010000000043092084,0.000999999994314446,0.0009999999929054468,0.0009999999924970226,0.000999999987489461,3.000308155221738e-6,3.000308173130607e-6,0.6626486809689642,0.2685665396772782,0.17194459531692177,0.01267391322626578,0.00020683114177922092,0.00018410133837057022,0.006286692335772746,0.003162999999999871,0.003162999999999901,0.003162999999999876,0.0010216299999997215,0.0010216299999996994,0.001021629999999718,-0.336713023938272,9.579144039785165,0.9022506647884024,-0.008442369208303097,0.0023597569368593876,0.011084942042159669,3.198750120997429,-21.928500757217407,13.883063135147095,983.0884423828124,-0.15699638530747848,26.15010371266209
2025-03-01T17:22:45Z,40.248499082258725,-75.91318102613774,93.48720252234254,4.6384252234788494,35.725782385413495,0.24707576488500585,1.5064361803925916,0.11642489712574494,1.2201160165657772,0.0009999999981515032,0.001000000004463806,0.0009999999944690417,0.000999999993092133,0.0009999999922833333,0.0009999999879029779,4.000308146253695e-6,4.000308210246714e-6,0.6876494842444926,0.45509214649480756,0.29755660937472983,0.012919430861903338,0.00021631298912355403,0.00019333668239359696,0.006300438864129731,0.00316399999999987,0.0031639999999999013,0.003163999999999876,0.001021639999999721,0.0010216399999996996,0.0010216399999997175,-0.2604218496211451,9.62201540374325,0.8135168294566107,-0.011089449911113462,0.001759072221169501,0.010311179970794459,2.7230626010894774,-23.01281322479248,13.839563083648681,983.1468725585937,-0.12465780592399088,26.991394877018788
2025-03-01T17:22:46Z,40.24871234459298,-75.91275799069408,93.07073156474654,5.082891078885466,36.60394690436132,0.02352886065321609,1.5135904945548269,0.11101484798741379,1.2210111014631373,0.0009999999983292516,0.0010000000041967912,0.000999999994710638,0.0009999999932298388,0.0009999999920980455,0.0009999999877186672,5.000308089809027e-6,5.000308285866591e-6,0.7078030758886918,0.7074765773176716,0.4577395938049511,0.013552501394598876,0.00022606106708192108,0.00020292494075111622,0.006312098989873473,0.0031649999999998684,0.0031649999999999,0.0031649999999998745,0.00102164999999972,0.0010216499999997001,0.0010216499999997181,-0.06384101719432017,9.660119492323117,0.6943307267364277,0.006758483375826518,0.0007549847100819882,0.004452719676099703,-0.4342500064894557,-24.401626052856447,14.940188140869141,982.9350952148437,-0.09937113713366079,28.615279692018888
2025-03-01T17:22:47Z,40.248899987253694,-75.91232205825564,93.07426381517247,5.4280644922070485,37.41439270995064,-0.12399789381139256,1.515807937318223,0.11231904701502239,1.2321809469625165,0.0009999999981415608,0.001000000004114492,0.0009999999945924593,0.000999999993081014,0.0009999999919291839,0.0009999999879241983,6.000307886997587e-6,6.000308420200219e-6,0.7251201302327709,1.007580088033512,0.6527444625484213,0.014397300371563082,0.000236227450508087,0.00021262457495575032,0.006321599436725932,0.0031659999999998677,0.0031659999999998994,0.003165999999999873,0.001021659999999721,0.0010216599999996992,0.0010216599999997172,-0.19501803215177677,9.667718369797642,0.6001568075409277,0.0010362160398786095,0.011074760138198109,-0.0005825758585517079,1.9271250838041305,-23.44743827819824,13.879125528335571,982.4852514648437,-0.09643009096065769,27.315261556916244
2025-03-01T17:22:48Z,40.24905402411113,-75.91187483968712,93.21057529080288,5.927333939029258,38.147179024827686,-0.26084492287688,1.516184420008346,0.10996032724610799,1.2432384249154762,0.0009999999978069986,0.0010000000036459943,0.0009999999946306468,0.000999999992725349,0.000999999991832212,0.0009999999876857497,7.0003073367707196e-6,7.0003086390789285e-6,0.7417129895586312,1.355306881772924,0.8968446883611942,0.015551290561226812,0.0002461599164451008,0.00022245188204449582,0.006332385205933114,0.003166999999999869,0.0031669999999999004,0.003166999999999872,0.0010216699999997213,0.0010216699999997,0.001021669999999716,-0.21368662590286583,9.638976360754683,0.785101078223043,-0.0005118088981597568,0.010508792081948921,0.003010678006228371,1.6912500562891364,-23.2477508354187,14.136188058853149,982.2763500976563,-0.11155554182756562,27.26072779007803
2025-03-01T17:22:49Z,40.24917452507287,-75.91141839089747,93.34658115221272,6.528146271663057,38.79173706751207,-0.3322332717868783,1.5125015584402168,0.10771850845228217,1.2505431024413287,0.0009999999978620195,0.0010000000037516978,0.0009999999948605333,0.0009999999924807479,0.000999999991994285,0.0009999999873116815,8.000306087774706e-6,8.00030897561238e-6,0.7593272291496483,1.7528389171011443,1.1945044640189568,0.016981818989572364,0.00025598941276531545,0.000232241580015475,0.006342928807866999,0.003167999999999868,0.003167999999999899,0.0031679999999998723,0.0010216799999997216,0.0010216799999997002,0.0010216799999997154,-0.2244098727327262,9.680440170602331,0.9544540764128466,-0.003921969999201582,0.006584904530492399,0.0022681267948097897,1.010250036790967,-23.216250820159914,13.542000551223754,982.1951049804687,-0.05492641502169646,26.8960581598069
2025-03-01T17:22:50Z,40.24943902206653,-75.9109592912636,92.73084277778727,6.968169671313448,39.536306557254306,-0.4614902900822155,1.5116476917472272,0.10749294288819528,1.260069887790301,0.0009999999977075825,0.0010000000035311311,0.0009999999948113168,0.0009999999927807375,0.000999999991671609,0.00099999998708013,9.000303595570674e-6,9.000309468406982e-6,0.7790430914035221,2.2158086762256612,1.522618751295505,0.018368077762010195,0.0002658269721276746,0.00024162516781131045,0.0063528921428238115,0.003168999999999866,0.0031689999999998976,0.0031689999999998724,0.0010216899999997212,0.0010216899999996995,0.0010216899999997149,-0.22050159811511424,9.699742252663993,0.7357500901894505,-0.0021911860980027694,0.009700314453426815,0.0012602003796094317,0.35887501027435065,-22.631625843048095,13.572750616073609,982.7105102539062,-0.05488139706899925,26.391971289821452
2025-03-01T17:22:51Z,40.24971741939783,-75.91049011466778,91.99820660465315,7.524142258963687,40.429691117813704,-0.6184651306461821,1.5123803227792356,0.11275531022418898,1.2661982210530751,0.0009999999976778508,0.0010000000033477195,0.0009999999949833363,0.0009999999927788087,0.0009999999919222738,0.0009999999872327987,0.000010000299091019396,0.000010000310160516754,0.8015966791172879,2.7547070383436796,1.900802015701816,0.02028022060142479,0.0002757968897418856,0.0002504003928343413,0.006360793972634492,0.0031699999999998656,0.003169999999999897,0.0031699999999998717,0.0010216999999997207,0.0010216999999996992,0.0010216999999997146,-0.08204215696469087,9.683380836170606,0.8036552605413977,-0.00027146845065348824,0.0066533344153726325,-0.004279642601264953,0.35793751627206805,-22.800375785827637,13.44937557220459,982.7749169921875,-0.06807963494320278,26.473916594789447
2025-03-01T17:22:52Z,40.249727191961156,-75.91000794668844,91.8441728725305,7.848728100305122,41.074237989896254,-0.7062118038414049,1.5102187236641869,0.11285114400686688,1.2742953376430608,0.0009999999975387427,0.0010000000031315987,0.0009999999945456523,0.0009999999928677011,0.000999999991732197,0.0009999999875571757,0.000011000291576707941,0.000011000311102507547,0.8275826404323486,3.3399217967708927,2.317721124042183,0.0220624238748296,0.00028546364324858934,0.0002582022833582651,0.00636952116247198,0.003170999999999865,0.0031709999999998966,0.003170999999999871,0.0010217099999997206,0.001021709999999699,0.001021709999999714,-0.19972392033925895,9.663690423008433,0.8018318733492741,-0.0019875650134989703,0.007083777387050659,-0.0015599594566734988,0.14400000631809234,-22.92656332015991,13.143375577926635,982.3508447265625,-0.08622390300440476,26.42713887985394
2025-03-01T17:22:53Z,40.24977698955674,-75.90951985428775,91.42111826693922,8.138991059228527,41.7868801902832,-0.8455169111691149,1.5141666407490573,0.11360495320152511,1.2811209488493664,0.0009999999972444915,0.0010000000030659362,0.0009999999947404971,0.000999999993072947,0.000999999991439109,0.0009999999874418244,0.000012000279862721883,0.000012000312346639605,0.8566813537192193,3.9891234160564855,2.7647082112108152,0.02387583422217063,0.00029496681468545155,0.00026477289140010144,0.006377974925165935,0.003171999999999866,0.003171999999999897,0.003171999999999872,0.0010217199999997201,0.0010217199999996984,0.0010217199999997127,-0.15735723094820475,9.637407308544091,0.727673329261685,0.004014599640123206,0.006092540607454095,-0.0019863966165235168,0.6356250251457095,-22.768500804901123,13.717500581741334,982.5059008789062,-0.11914794892298602,26.58901577536938
2025-03-01T17:22:54Z,40.24998109338825,-75.90902394958145,90.58206022929336,8.492573364014467,42.50520420153422,-0.9191427957581945,1.5228631663191796,0.11273526520506391,1.2905846167359274,0.0009999999972476956,0.00100000000344613,0.0009999999948755159,0.000999999992855479,0.0009999999915513795,0.0009999999876495597,0.00001300026263920674,0.000013000313947537501,0.8877885081982336,4.677859230605166,3.241720963367727,0.025184242902749683,0.0003040964292566012,0.0002699035553859694,0.006387357633017335,0.0031729999999998673,0.003172999999999899,0.0031729999999998704,0.0010217299999997192,0.001021729999999698,0.001021729999999712,-0.2801227607028943,9.730689453121935,0.6637660125410004,0.007755728174719215,0.00921162332721917,0.0011685700712695134,0.7841250272840261,-23.4740633392334,13.709813089370728,982.791201171875,-0.02803502627530868,27.19563759937256
2025-03-01T17:22:55Z,40.25026266722027,-75.90851732885073,89.53710760759762,9.030705140648312,43.463368080769484,-1.0277374642603199,1.5235128147616819,0.11147649576578006,1.295812666832041,0.0009999999969493327,0.001000000003610936,0.000999999994987167,0.0009999999929011098,0.0009999999917167557,0.000999999987541891,0.000014000238581087322,0.000014000315961830353,0.9202311637519824,5.451888132324799,3.753347130488588,0.027112984157716288,0.00031295115293831995,0.0002735089269814858,0.006397016497725028,0.003173999999999866,0.0031739999999998983,0.0031739999999998714,0.0010217399999997185,0.001021739999999697,0.0010217399999997113,-0.06074211478254298,9.732806328691883,0.7015876430288575,-0.00010122755444756182,0.00523132148481226,0.001979217804188667,0.4008750142529607,-23.141438293457032,13.568250560760498,982.9782006835937,-0.027230510047249756,26.828744948641145
2025-03-01T17:22:56Z,40.25034141615772,-75.90800475017372,88.64447365176363,9.26841135155707,44.26375384577731,-1.20675205823392,1.51847594154747,0.11432073986942246,1.3021223174937302,0.0009999999969225641,0.001000000003382003,0.0009999999948350883,0.0009999999929940042,0.0009999999919696734,0.0009999999872339124,0.000015000206480302457,0.000015000318441958907,0.953601075945592,6.279534718531715,4.258564851963065,0.028702493912921883,0.0003220656759692428,0.0002755004022084255,0.006404508801919733,0.0031749999999998663,0.003174999999999898,0.0031749999999998724,0.0010217499999997195,0.0010217499999996974,0.0010217499999997115,-0.0660050162307214,9.629193924900258,0.5764279815039746,-0.005133518212554933,0.0059027724215395105,-0.003942332013392086,0.21562500678002836,-23.033625774383545,13.765500574111938,982.9240966796875,-0.13892328491801148,26.83431909175079
2025-03-01T17:22:57Z,40.250490641585884,-75.90748198234878,87.51482515327154,9.48984467550823,45.066650158229464,-1.298214067032516,1.5172387174251838,0.11267129569156,1.3081658270702994,0.000999999997178021,0.0010000000028657892,0.0009999999950465518,0.0009999999931385793,0.0009999999920147877,0.0009999999870688079,0.0000160001653497586,0.000016000321431573404,0.98595005264974,7.1546621538890705,4.765860508119076,0.029725982486357605,0.0003307100284279978,0.0002759461880950543,0.006413788294112116,0.0031759999999998673,0.003175999999999896,0.003175999999999874,0.0010217599999997181,0.0010217599999996969,0.0010217599999997112,-0.1527049532973788,9.721437222795284,0.5676542988496017,-0.00158032176532848,0.00562788210929294,0.0011685701456922064,-3.1057501273974775,-24.067688465118408,15.283313255310059,983.1130541992187,-0.04648847836573105,28.67884329164136
2025-03-01T17:22:58Z,40.2501043536809,-75.90697490255849,86.94117861828798,9.224417733479653,45.177288946900504,-1.3530773710067192,1.5133038961402119,0.102894252669803,1.3218827994963955,0.0009999999974683261,0.0010000000029729672,0.0009999999948812725,0.000999999993510515,0.0009999999922763606,0.000999999986958639,0.000017000114442162777,0.000017000324970256986,1.014738925049962,8.045012141836379,5.255394059206548,0.029826349068894017,0.00033888487328600066,0.0002752491256148188,0.0064244065458047605,0.0031769999999998666,0.003176999999999896,0.0031769999999998757,0.0010217699999997185,0.0010217699999996968,0.0010217699999997114,-0.2700160316615925,9.656863648208503,0.5392287435729246,-0.0034860194294620154,0.011700479455094016,0.00525385340741317,-0.8476875321939588,-22.538438301086426,13.318688068389893,982.8731469726563,-0.11001993994681715,26.193215858978935
2025-03-01T17:22:59Z,40.2492440350124,-75.90649407356237,86.8610684406549,8.7908038031224,44.854665399218185,-1.273998383004089,1.514210456104378,0.09673713587383406,1.3325248177985198,0.0009999999973863338,0.0010000000031981143,0.000999999994841559,0.0009999999937130458,0.0009999999923771185,0.0009999999868361435,0.00001800005324209041,0.000018000329097650143,1.0391190676490374,9.014616959554818,5.758234194290672,0.030239855246262905,0.00034761158958808625,0.00027353308625961725,0.006432672390697982,0.003177999999999865,0.003177999999999896,0.0031779999999998775,0.0010217799999997182,0.0010217799999996968,0.001021779999999711,-0.10995319462811107,9.728176966346311,0.6908049019191689,0.0028484483246083384,0.00820369580849992,-0.0020588318711545124,-1.2333750501275063,-23.050500793457033,13.73625051498413,982.66345703125,-0.03236037828349134,26.861285169351326
2025-03-01T17:23:00Z,40.24823850086248,-75.90603138040137,86.9266309123976,8.217884963690944,44.41022924511809,-1.2325885823399085,1.5113861949304697,0.08721935437154725,1.3384470656975107,0.0009999999975981856,0.0010000000035197138,0.0009999999949544896,0.00099999999356832,0.0009999999922495684,0.000999999986592982,0.000018999981475646878,0.00001900033385164024,1.0596013966964408,10.052214167027019,6.23477905901216,0.030466769258906616,0.00035634786150003274,0.00027093814625450745,0.0064419772433964686,0.003178999999999865,0.0031789999999998963,0.0031789999999998772,0.0010217899999997173,0.0010217899999996976,0.0010217899999997102,-0.009943679999450353,9.685381355657661,0.6173289070512591,-0.0003716104152782702,0.003418755545590582,0.00034690719270696283,-1.3816875582933426,-23.31075092315674,13.825875558853149,982.6302734375,-0.08055619977643264,27.13765350644123
2025-03-01T17:23:01Z,40.24684429661944,-75.90560506038936,87.43870878927208,7.442869918725735,43.303336479707866,-1.0239016323495211,1.5037094403206606,0.0791143882314869,1.3515308321628559,0.000999999997427535,0.001000000003969425,0.0009999999947567313,0.0009999999933081192,0.000999999992047218,0.000999999986301707,0.00001999989891147853,0.000020000339266966756,1.0747999099138221,11.095114542439273,6.706009616804225,0.02961896658662487,0.0003650632858411093,0.0002682746280162235,0.006450185792396251,0.003179999999999866,0.0031799999999998973,0.0031799999999998782,0.0010217999999997181,0.0010217999999996975,0.0010217999999997092,-0.1916282067895753,9.781776276267028,0.7344739215120216,-0.005306596712917744,0.01048425745000624,-0.00289368115406265,-1.1821875501424075,-23.138250789642335,13.800375576019286,982.4349780273437,0.025727247975328816,26.96708798205738
2025-03-01T17:23:02Z,40.245478424315436,-75.90519563549442,88.00444275545269,6.487795929094561,42.147358404709195,-0.8937279875453247,1.5008838807713172,0.06785203242051673,1.3675813920614284,0.0009999999975249191,0.0010000000036298887,0.0009999999948695781,0.0009999999930736085,0.0009999999919444497,0.0009999999867439811,0.000020999805020122744,0.000021000345377300363,1.0826149112360255,12.168479179153104,7.123359853851312,0.02799751156192349,0.000373323933627217,0.000265934245842603,0.006459928962063352,0.0031809999999998645,0.003180999999999896,0.0031809999999998766,0.0010218099999997183,0.0010218099999996968,0.0010218099999997083,-0.24789941262413856,9.725824092861021,0.5446433288805466,-0.0010101807227494587,0.013660754924210934,0.001494364457011,-0.8096250353753567,-22.92037582397461,13.82531307220459,982.4292163085937,-0.04109406459239262,26.77938894957902
2025-03-01T17:23:03Z,40.24398507590167,-75.90481081013556,88.71694286587612,5.6342277439212705,40.952530236152704,-0.7815244777751302,1.49784335695261,0.059286387069095045,1.3775314895830624,0.0009999999971415652,0.001000000003637417,0.000999999994911481,0.00099999999293742,0.0009999999916884823,0.0009999999869215676,0.00002199969892516189,0.00002200035221868204,1.0837077688515253,13.327203468284992,7.541473295524768,0.026765074704240558,0.0003821261893902196,0.0002636642192308631,0.006468899227833666,0.0031819999999998638,0.003181999999999895,0.003181999999999876,0.0010218199999997173,0.0010218199999996957,0.0010218199999997074,-0.08329741024857858,9.708995816961941,0.648082567761668,-0.0009123758826699986,0.008055319494516275,-0.001585829260953777,-1.2007500531151891,-22.974375820159914,13.82043809890747,982.336064453125,-0.05420164095946339,26.837762923089265
2025-03-01T17:23:04Z,40.242436372783565,-75.90444559691703,89.501972969769,4.834467726551955,39.49440107995422,-0.6447824445762049,1.4874153558815069,0.048039206481613375,1.3895180549174806,0.0009999999971293907,0.001000000003843528,0.0009999999947405988,0.0009999999927176508,0.0009999999917954588,0.0009999999872193704,0.000022999579251182543,0.0000230003598440072,1.0787884480387466,14.481078009614617,7.956065562794422,0.02478063836729708,0.0003906799490426976,0.00026219648254538946,0.006479060924476931,0.0031829999999998656,0.0031829999999998942,0.003182999999999875,0.0010218299999997177,0.0010218299999996963,0.001021829999999708,-0.25966412408364076,9.724149043397444,0.7508248760192318,-0.008696896054859531,0.010199187536420695,0.001891426335051205,-1.1921250487491488,-22.417875785827636,13.555125532150269,982.2650561523437,-0.02842953378367113,26.224436544739333
2025-03-01T17:23:05Z,40.24095226017418,-75.90409016806527,90.25846005771771,4.222043097650472,38.292011276423686,-0.5254930602900857,1.4888652245097311,0.04246923592248464,1.3962669825092116,0.0009999999969744456,0.0010000000037949054,0.0009999999947971781,0.0009999999923715644,0.0009999999919502946,0.000999999986908993,0.000023999444057032534,0.000024000368315203447,1.0688870418196346,15.747767430298987,8.38291996506644,0.023397366399653414,0.00039985995901258253,0.00026114876641381897,0.006487865523690447,0.003183999999999864,0.003183999999999896,0.003183999999999877,0.001021839999999718,0.0010218399999996964,0.0010218399999997073,-0.05544651713582549,9.732021845579212,0.8344873764610266,0.0030231951905839057,0.0057520587392072406,-0.002857629716287792,-1.8348750674724579,-23.018625774383544,13.570125503540039,982.2410986328125,-0.016937804881091582,26.78375394316895
2025-03-01T17:23:06Z,40.23973626741982,-75.90372816384905,90.74981748254814,3.343359022656259,37.358330220694235,-0.575831317777072,1.4924078624092083,0.033347412906259345,1.4038666302974345,0.000999999997370417,0.0010000000039622364,0.0009999999945974314,0.0009999999925482395,0.0009999999917856106,0.00099999998710588,0.000024999290765286596,0.000025000377670134737,1.0551910662714892,17.060289018175045,8.737753048717034,0.021826556645874032,0.0004088434538751525,0.0002610218357683385,0.006498596602194614,0.0031849999999998633,0.0031849999999998945,0.0031849999999998754,0.0010218499999997187,0.0010218499999996972,0.0010218499999997078,-0.1131436197435651,9.636133065855681,0.34787354202157494,0.004457058711776174,0.006605266676349919,0.002919716277833113,-1.372500056028366,-22.408313331604003,13.719375591278077,982.3135473632813,-0.14163862985535708,26.310356282748746
2025-03-01T17:23:07Z,40.23810207924593,-75.90339873962604,91.47642150229827,2.763662055318627,36.12213833438802,-0.45265335502640464,1.484269933954336,0.029830147913581517,1.4091818020576494,0.0009999999975544378,0.0010000000041965086,0.0009999999948268501,0.0009999999922850945,0.0009999999915104659,0.0009999999874246897,0.00002599911609337279,0.000026000387958804102,1.0387924462519322,18.473049042065334,9.161104267114597,0.020617922593855996,0.00041834502699803817,0.0002615091665624616,0.006507222289766294,0.0031859999999998626,0.0031859999999998938,0.003185999999999875,0.0010218599999997193,0.001021859999999698,0.0010218599999997087,-0.03126921376323001,9.764587806697698,0.7038856670556599,-0.007261363709680162,0.005000996300706794,-0.003949175591373812,-1.8513750731945038,-22.157063217163085,13.496813039779664,982.1257739257812,0.0054144665013420535,26.010081724106705
2025-03-01T17:23:08Z,40.23625125556451,-75.90309088946871,92.2336094460927,1.803687606261419,34.637528295265994,-0.5679252861724822,1.4912374913612187,0.023524311908894098,1.4202068580788347,0.0009999999970850707,0.001000000004076949,0.0009999999947134426,0.000999999991938226,0.0009999999916617793,0.0009999999878239076,0.000026998915771986117,0.000027000399231879176,1.0201904576228484,19.880849296932272,9.511460976198697,0.01931396003103929,0.00042728213849015106,0.0002633769690812226,0.0065168046720126965,0.0031869999999998627,0.003186999999999894,0.0031869999999998757,0.0010218699999997197,0.0010218699999996984,0.0010218699999997088,-0.22843582925285685,9.557777308850703,0.256208820132246,0.007277217364668678,0.010738785106961295,-0.0006538433838455902,-1.249500055462122,-22.641563301086425,13.796250581741333,982.0120458984375,-0.22043886209729638,26.543086933159753
2025-03-01T17:23:09Z,40.234249218364354,-75.90279996692286,93.02621292515073,1.6385380973856398,32.99920451815904,-0.31214990611642834,1.4972273787981827,0.014913301236995719,1.4245747319772475,0.000999999996931285,0.0010000000041018831,0.0009999999949541559,0.0009999999922428243,0.000999999991217287,0.0009999999881138014,0.0000279986842578649,0.00002800041158046288,0.9995944671364569,21.376232698414604,10.008014198762778,0.01772135015130772,0.0004367959134061359,0.0002655032485064143,0.006527246950744368,0.0031879999999998637,0.0031879999999998953,0.0031879999999998763,0.001021879999999719,0.0010218799999996975,0.0010218799999997083,-0.2278794668188351,9.884986693696078,0.9176843693309243,0.00603512564486786,0.004171988472376422,0.0015147265638719763,-1.707187571823597,-22.932750759124755,13.796063051223754,981.9217846679687,0.1459292293126623,26.817049974906116
2025-03-01T17:23:10Z,40.23311710451657,-75.90247378910888,93.49303417873831,1.6339169555161348,32.075058840387804,-0.08140610452703495,1.497129181881622,0.010002307190351027,1.4349075141872034,0.000999999997098275,0.0010000000039410923,0.0009999999949492496,0.0009999999925873635,0.0009999999912796733,0.000999999987825568,0.00002899841521646754,0.000029000425151256923,0.9779031875009596,22.958402316692176,10.535565722282177,0.01639112994024729,0.00044569033637213256,0.0002691618026541326,0.006537647631491344,0.0031889999999998643,0.003188999999999896,0.003188999999999877,0.0010218899999997195,0.0010218899999996983,0.0010218899999997091,-0.17179262154969227,9.928076382367145,0.8619067574418607,-0.00032153957318696493,0.010268452001876828,0.0018390194671614123,-2.004937583208084,-22.792875823974608,13.614938116073608,982.1392944335937,0.1828340128620418,26.625153321539845
2025-03-01T17:23:11Z,40.23213431564707,-75.90214358340583,94.01049356860122,1.5748520490784037,31.378479393377233,0.06167520557593734,1.490198504622649,0.008776368963835702,1.4415290082070522,0.0009999999973098967,0.0010000000036883745,0.0009999999950187299,0.0009999999926975777,0.000999999991336397,0.00099999998741778,0.00002999810125364045,0.000030000440043753972,0.9559673943940041,24.632586670599842,11.08168016307865,0.015429990941805853,0.00045494842335044454,0.0002733652596108377,0.006547161048686664,0.0031899999999998635,0.003189999999999895,0.003189999999999876,0.001021899999999719,0.0010218999999996974,0.0010218999999997082,-0.10436993521875793,9.862932800289027,0.7733174067904147,-0.007159553206680091,0.00682924993932717,-0.0011628970295139394,-1.602750064432621,-22.14881326675415,14.348250560760498,982.1403979492187,0.10977182773150301,26.438765790496195
2025-03-01T17:23:12Z,40.23068364104216,-75.90183106811045,94.8330061853539,1.2917236349065022,30.366055166094412,0.24736802377665373,1.493362461255845,0.004624501723614179,1.4569568584648358,0.000999999997168743,0.0010000000037713784,0.0009999999950747406,0.0009999999927280167,0.0009999999910209974,0.0009999999876217937,0.00003099773319796635,0.000031000456342255143,0.9340822207631211,26.3524222201083,11.642095706115763,0.014584852941459735,0.0004631865926116125,0.0002794067512499714,0.006557384006674899,0.003190999999999864,0.0031909999999998953,0.0031909999999998767,0.0010219099999997194,0.001021909999999696,0.0010219099999997068,-0.24769609795681466,9.909914467979869,0.5614310020712534,0.0027327850936483917,0.01555593796447034,0.001859047420507832,-2.2906875920295717,-22.198313274383544,14.244188022613525,981.9615087890625,0.14503636099494105,26.47463986839469
2025-03-01T17:23:13Z,40.22862187407047,-75.90153657012627,95.96073168794773,1.1939675927561177,29.26007050942593,0.3547694611684009,1.5134372369983742,6.2819825540826555,1.4561679762757038,0.000999999996972357,0.0010000000034857553,0.0009999999945922253,0.0009999999930130252,0.0009999999908437136,0.0009999999875053497,0.00003199730045111563,0.00003200047414296846,0.9129323264906314,28.17755208927912,12.265470175027156,0.0140306677019541,0.0004730789734168699,0.0002845640389064996,0.0065679028797520685,0.0031919999999998647,0.0031919999999998963,0.0031919999999998772,0.0010219199999997185,0.001021919999999697,0.0010219199999997076,-0.08367202386349436,9.817628644939466,0.5582824132541397,0.019484332181024265,-0.0005011274147395673,0.001657261549766173,-2.4088125967979432,-21.804938201904296,14.474063081741333,981.7326635742188,0.05011968731955414,26.282190390985203
2025-03-01T17:23:14Z,40.22734801924606,-75.90122413245277,96.86100761897714,1.5025878878647125,28.443424100863133,0.4956895261501641,1.5017154986590124,6.277331809107892,1.466332984775031,0.000999999996785388,0.0010000000036212394,0.0009999999943944187,0.000999999993005087,0.0009999999908312377,0.0009999999870248005,0.000032996791417144405,0.00003300049359638675,0.8927680116150073,30.039901013320854,13.011610622967272,0.013255990270846518,0.0004817708302417891,0.000291680982533654,0.00657863433186314,0.0031929999999998635,0.0031929999999998956,0.0031929999999998765,0.001021929999999719,0.0010219299999996976,0.0010219299999997082,-0.15880665741853023,9.862613716757785,0.9230682302873022,-0.012097376526884304,0.010250092707815175,0.0031029748481420684,-2.389500093460083,-21.68418830871582,14.674875621795655,981.81318359375,0.12336120008568816,26.29188141630225
2025-03-01T17:23:15Z,40.226193120672455,-75.90090937209087,97.74160705600474,1.4748808280332757,27.847694031410494,0.4849153023353978,1.5060108603905242,6.2763634155360055,1.4677883280677013,0.0009999999965730206,0.0010000000034388352,0.0009999999944240103,0.0009999999930026366,0.0009999999906889177,0.0009999999871624298,0.0000339961927281567,0.000034000514826797194,0.8736629744053412,31.99436207870992,13.763434440564549,0.012895067341491848,0.0004913846815773008,0.0002986029432992172,0.006588376440996486,0.003193999999999862,0.003193999999999894,0.003193999999999875,0.0010219399999997186,0.0010219399999996971,0.0010219399999997077,-0.07156865584333426,9.740259387278453,0.593949858696233,0.003944500035385397,0.0017263592256956406,-0.0005743975554783321,-2.472750105857849,-22.179188299179078,14.76412561416626,981.75212890625,-0.024941666623039545,26.758317677624404
2025-03-01T17:23:16Z,40.22494118200468,-75.90059496452886,98.58478461039178,1.316774902679065,27.129590887072965,0.44803507510330715,1.5031703268557033,6.27445377137561,1.4813768346874565,0.0009999999969009536,0.0010000000038515003,0.0009999999944251905,0.000999999993214064,0.0009999999904708396,0.0009999999870430468,0.0000349954886099813,0.00003500053790578086,0.856021359075277,33.97423237361159,14.565797746834848,0.012660684379965835,0.0004996311484994788,0.00030756992788688554,0.006598457143554755,0.0031949999999998607,0.0031949999999998924,0.0031949999999998733,0.0010219499999997183,0.0010219499999996966,0.0010219499999997075,-0.23198715341617693,9.726781216300068,0.45212085374195177,-0.003117664988605901,0.013772746907544977,0.001382372540143233,-3.147750109434128,-23.318250875473023,14.602500553131103,981.655986328125,-0.04342330498006415,27.69258664274471
2025-03-01T17:23:17Z,40.22325005861312,-75.9002809927189,99.37005004493048,1.0245528421714336,26.490602067748295,0.22877442603646952,1.5056950003749887,6.275067915417587,1.4899927023269641,0.000999999997087282,0.0010000000038358642,0.0009999999940731785,0.000999999993113003,0.0009999999900447546,0.0009999999871471669,0.00003599466162845021,0.00003600056290222701,0.8403989385170583,36.041585196761744,15.399337102487147,0.012788629477044441,0.0005083053609177976,0.00031664544163326154,0.0066077201456011545,0.0031959999999998613,0.0031959999999998934,0.0031959999999998743,0.0010219599999997174,0.0010219599999996957,0.0010219599999997065,-0.11244277508075941,9.551226402716615,0.2455391825390696,0.002051820212173087,0.009076765083603174,-0.001535758045621735,-3.440437624454498,-23.009063358306886,14.605688095092773,981.5167016601563,-0.22834953430727192,27.469563758915154
2025-03-01T17:23:18Z,40.22129019055308,-75.89996353875611,100.06287979196257,1.2003973248531543,25.95042072346913,0.2273961848224072,1.5037090676842062,6.275414555632437,1.4963846847508313,0.000999999997157958,0.0010000000039910755,0.0009999999940339952,0.0009999999932107048,0.0009999999900366246,0.0009999999868114955,0.00003699369614797187,0.000037000589933166714,0.8275217195024727,38.26914400285484,16.394909197449234,0.012684944199072765,0.0005171128895203082,0.0003260022717262023,0.006617096339194543,0.0031969999999998605,0.0031969999999998926,0.0031969999999998736,0.0010219699999997167,0.0010219699999996952,0.001021969999999706,0.003027915252180936,9.739144030249257,0.6686712966679569,-0.0026289730332218772,0.006890337130580439,-0.0012647081140228938,-2.9409376311302187,-22.53075075149536,14.586750602722168,981.41951171875,-0.021256341276365723,27.001007115055728
2025-03-01T17:23:19Z,40.218769930869776,-75.89963837197523,100.79783241958594,1.3240387545816676,25.266414175631258,0.16564387544465226,1.5037627730223146,6.274352994117827,1.5022194259948314,0.0009999999970451412,0.001000000003804534,0.0009999999941240365,0.0009999999928260333,0.000999999990124127,0.000999999986492618,0.00003799257681714472,0.00003800061912593905,0.8169802785072022,40.523142898265085,17.44775824853864,0.01273815714890301,0.0005258674756720833,0.0003357443801356852,0.006626889343457089,0.0031979999999998615,0.0031979999999998936,0.0031979999999998746,0.0010219799999997157,0.001021979999999696,0.0010219799999997069,-0.12127921875033688,9.680878860787534,0.5563282708163119,-0.0008322624423909502,0.006352908953422523,0.0001466233073325095,-3.510375142097473,-22.45068828582764,14.483063087463378,981.28298828125,-0.08563794106747812,26.94647488408578
2025-03-01T17:23:20Z,40.2158886653916,-75.89930421261586,101.52129657796351,1.5080518680636432,24.630100573970278,0.15696675209395344,1.5033056470927157,6.273982090155865,1.5086799749583337,0.0009999999970879015,0.001000000003903433,0.0009999999944666825,0.0009999999927842221,0.0009999999901932715,0.0009999999865048044,0.0000389912875406324,0.0000390006505601785,0.808607083876896,42.87596072520286,18.59225437029426,0.012852419635638452,0.0005344083677883687,0.0003459301657405983,0.006636521991067187,0.0031989999999998612,0.003198999999999893,0.003198999999999874,0.001021989999999715,0.0010219899999996968,0.0010219899999997077,-0.1008316957417824,9.731747281180157,0.5593127658853408,-0.0015090539213707854,0.007073595705771938,-0.00027714353163095994,-3.754875168800354,-22.298250827789307,14.608500576019287,981.1790991210937,-0.03484334296444265,26.9205613510237
2025-03-01T17:23:21Z,40.211538611221,-75.89893902429385,102.4516593641748,1.976809674917503,23.896699714121393,0.15505560357013692,1.5037348380837898,6.277537978954722,1.5176406383569572,0.0009999999970912651,0.0010000000036730775,0.0009999999946421812,0.0009999999924315912,0.000999999990008456,0.0009999999863378737,0.00003998981330778729,0.00004000068432398913,0.8022268957915285,45.303393774787054,19.83734063998338,0.012912771389943133,0.0005424637365465939,0.0003567376717476576,0.006644981459298053,0.003199999999999862,0.003199999999999894,0.003199999999999875,0.0010219999999997156,0.0010219999999996968,0.0010219999999997076,-0.12482857676614681,9.712384334242413,0.6672754859383604,-0.0011934407769411705,0.010107557851072917,-0.004054323854632346,-3.884062657356262,-22.11206325531006,14.562188110351563,980.9312133789062,-0.04700500936865425,26.759743647286157
2025-03-01T17:23:22Z,40.20568048288392,-75.89853072843596,103.57073409664564,2.528330418474336,23.037704869791895,0.1561538572465559,1.5056823597736704,6.275535158955685,1.527336743783499,0.0009999999972209522,0.0010000000035452958,0.0009999999949550753,0.0009999999925788539,0.000999999990171588,0.0009999999865910447,0.00004098813865570317,0.00004100072046953421,0.7976323345099546,47.76763215491722,21.155201961017653,0.013187578068718408,0.0005503132054310409,0.000367897615124725,0.006655126761930703,0.00320099999999986,0.0032009999999998936,0.0032009999999998732,0.0010220099999997162,0.0010220099999996965,0.0010220099999997071,-0.2604839671109037,9.706446090506962,0.5567630376893802,-0.00025144089651953636,0.010699061914697168,0.0017789342369036196,-4.288125183582306,-22.181063327789307,14.60568808555603,980.6749877929688,-0.05709352640617006,26.901876727361184
2025-03-01T17:23:23Z,40.20155473438078,-75.89815106539238,104.3527115023921,2.771122973637833,22.739373689018247,0.12544615486633487,1.5115995165629441,6.2742823705319415,1.5335027628731515,0.00099999999720016,0.0010000000032123425,0.0009999999949426386,0.0009999999927343688,0.000999999990576472,0.000999999986462063,0.000041986253438547656,0.00004200075903674213,0.7953055273543851,50.41189226573224,22.540892957781132,0.013452370778688496,0.0005584807342795426,0.00037871088449947376,0.006665239979111065,0.003201999999999862,0.0032019999999998937,0.0032019999999998742,0.0010220199999997166,0.0010220199999996962,0.001022019999999707,0.04410470622807491,9.712224808371495,0.3607150280519857,0.004324705006835726,0.0068292504555730535,0.0014230968122931702,-5.485687727928162,-22.185750846862792,14.937563076019288,980.7891479492188,-0.06392721717128953,27.302533206588848
2025-03-01T17:23:24Z,40.19667223401876,-75.89773831430526,105.19305662010214,3.4077132697773003,22.421785145426494,0.12680621025074917,1.5119514401143674,6.275226212543713,1.5363057432761018,0.000999999997482716,0.00100000000294896,0.0009999999949961596,0.0009999999927353493,0.0009999999906937355,0.0009999999867472387,0.000042984154307875614,0.000043000800126259344,0.7948124662251601,53.11219970344,24.051707130332247,0.013466198737676677,0.0005668702910871688,0.0003891527061042786,0.006674807528343047,0.0032029999999998613,0.0032029999999998926,0.0032029999999998735,0.001022029999999717,0.0010220299999996957,0.0010220299999997061,-0.028105582096547,9.722215212584237,0.6120725476391743,-0.0016133681434056105,0.00369915229017563,-0.0006645246424496767,-5.756437709331513,-22.189500789642334,15.081938095092774,980.6430932617187,-0.04140794622018346,27.44034587177234
2025-03-01T17:23:25Z,40.19106785774436,-75.89728909662146,106.08229636946587,4.07666012444393,22.074343736508357,0.09705863077964808,1.507805210779534,6.277748634735084,1.5506438304627492,0.000999999997366274,0.0010000000029997229,0.0009999999948651626,0.0009999999929481535,0.000999999990808551,0.000999999986820205,0.00004398183688794614,0.00004400084380022346,0.7953898154959493,55.8398624593538,25.628353613236683,0.013670357242638934,0.0005735969319011833,0.00040109191401126214,0.006684029306258425,0.003203999999999862,0.0032039999999998936,0.0032039999999998745,0.0010220399999997173,0.0010220399999996959,0.0010220399999997065,-0.17033207851582866,9.68877516491913,0.5580032516097397,-0.0063348862929964765,0.015371175978170575,-0.0011527154588636703,-5.1116252040863035,-21.876375827789307,14.177625589370727,980.4985278320313,-0.07654635955084259,26.56514431965333
2025-03-01T17:23:26Z,40.183921205202076,-75.89676846187625,107.13253695402447,4.992495547187726,21.99358595699956,0.11540399237972991,1.5099737332389325,6.277294745504397,1.5523836523353922,0.0009999999971247882,0.001000000003334015,0.0009999999946516441,0.0009999999929046247,0.000999999990541466,0.0009999999868008718,0.00004497930031281558,0.00004500089009714568,0.7968776224006724,58.71519140236907,27.294465127078745,0.013686994982056142,0.0005818713601826704,0.0004113256731188121,0.00669424620171598,0.0032049999999998625,0.0032049999999998937,0.0032049999999998764,0.0010220499999997168,0.0010220499999996952,0.001022049999999706,-0.025725836869799876,9.716850955324352,0.6112834361520101,-0.0006945676711339543,0.0027771802797937582,0.001585994382471958,-5.127375206947327,-21.858000812530516,14.243250608444214,980.269130859375,-0.046769591565015645,26.588148780497864
2025-03-01T17:23:27Z,40.17874832645979,-75.89630328435256,107.93274077638748,5.728367797413425,21.997845887062685,0.16241938876807094,1.5048124345220713,0.0006662030277084662,1.5599686934950585,0.0009999999971947928,0.0010000000030755197,0.0009999999945940862,0.000999999992958493,0.000999999990469888,0.00099999998663725,0.00004597654821537653,0.00004600093910023316,0.798699297149693,61.697228744914845,29.055737528927096,0.01363369302849624,0.0005893297852523004,0.0004221773589279328,0.00670255472063201,0.0032059999999998635,0.003205999999999895,0.0032059999999998774,0.0010220599999997157,0.0010220599999996942,0.001022059999999705,-0.06270344234874256,9.765325215820981,0.7037451090533333,-0.00717123619691859,0.008676198761246324,-0.005050734334262395,-5.328375196456909,-21.960938224792482,13.904813041687012,980.3590063476563,0.007985831016246338,26.533290656318773
2025-03-01T17:23:28Z,40.17620123043379,-75.8959327962271,108.39102573275373,5.97548407235843,22.047164897818494,0.10971677510279379,1.501996474518536,0.0010176887407856473,1.5688603244231185,0.000999999997065309,0.001000000003239433,0.0009999999948052027,0.0009999999929566155,0.0009999999902881522,0.000999999986695121,0.00004697358716843808,0.000047000990900628115,0.8007207184680378,64.77290823892668,30.854127940314942,0.013645885167969645,0.0005966478474465726,0.00043302991622975963,0.0067124842877183954,0.0032069999999998645,0.003206999999999896,0.003206999999999877,0.0010220699999997167,0.0010220699999996933,0.0010220699999997042,-0.046822556407179604,9.704527925488257,0.5802963852712927,-0.0038099783237768086,0.009181079880638637,0.0008834999022988075,-5.705625202655792,-21.61818838119507,14.169563055038452,980.524189453125,-0.060896629515647054,26.470248372176062
2025-03-01T17:23:29Z,40.17408377487346,-75.89557443063276,108.75865099131335,6.037461574479037,22.13218562030362,0.1004807639154777,1.5031107651610234,0.00368293648544261,1.576109679449372,0.0009999999970795848,0.001000000003479346,0.000999999994931953,0.0009999999928851518,0.0009999999907732127,0.000999999986841513,0.00004797042945249272,0.000048001045657845855,0.8031996186098679,67.96700041180422,32.71162325743189,0.013750810622971357,0.0006041272916465486,0.0004435191764400375,0.0067218048164042355,0.003207999999999865,0.0032079999999998967,0.0032079999999998776,0.0010220799999997173,0.0010220799999996933,0.0010220799999997039,-0.03897134723159778,9.761951694547822,0.45853962714243757,0.0002793109486784824,0.007624708606481507,-0.0015658009093889008,-5.683875203132629,-22.09462589263916,13.931250581741333,980.5200708007812,-0.010089160910789655,26.731179375277325
2025-03-01T17:23:30Z,40.16920352278593,-75.89508434039305,109.36256027187343,6.305295136671486,22.257823929808275,-0.035312644654196125,1.5033890016859266,0.006905029012863775,1.5898711958007552,0.000999999997083003,0.0010000000036419648,0.0009999999952980381,0.0009999999928848962,0.0009999999908985855,0.0009999999863495982,0.00004896709111020265,0.00004900110355695214,0.8066765959909585,71.13660558130923,34.58274216576309,0.014225300813900197,0.0006103394075148866,0.0004549531889388024,0.0067311904032050325,0.003208999999999864,0.0032089999999998955,0.003208999999999877,0.001022089999999717,0.0010220899999996928,0.0010220899999997027,-0.20331315282191853,9.616432157195108,0.2843042191721267,-0.0016923138713717059,0.014454879358013956,-0.0009185511652577481,-5.73206269979477,-21.876188373565675,14.358375549316406,980.25357421875,-0.1601155309672723,26.787765504123804
2025-03-01T17:23:31Z,40.15872271691237,-75.89431763633058,110.5119577730313,7.608748936181904,22.952240686365794,-0.04086156622948972,1.5071517216388877,0.006660975048683565,1.5949716478614453,0.0009999999970904231,0.0010000000035245674,0.0009999999952986856,0.0009999999928137963,0.000999999991085426,0.000999999986731058,0.00004996359082427103,0.000050001164849683754,0.810837815773128,74.4542284811394,36.56494755691385,0.014267789805125065,0.0006173833938398516,0.0004651100029661129,0.006741858505407936,0.0032099999999998623,0.003209999999999897,0.003209999999999875,0.0010220999999997168,0.0010220999999996918,0.0010220999999997022,-0.059025947210255905,9.673102290467751,0.5087509871749661,-0.0005622136588070736,0.006198023269672476,0.0035509424638495235,-5.238750200271607,-21.236625785827638,14.327438049316406,979.7314013671875,-0.09633141515123259,26.1478793917703
2025-03-01T17:23:32Z,40.15250077157129,-75.89373883953384,111.11819384181989,8.457800371665368,23.72526261261296,-0.14824041719105674,1.5093595484536078,0.013935790104121137,1.5920571216710193,0.0009999999972693208,0.0010000000038243619,0.000999999995427461,0.0009999999924895223,0.0009999999911708582,0.0009999999869003816,0.00005095995141578612,0.000051001230042768365,0.8140455156311115,77.93577972112686,38.61629772404591,0.013943161088976929,0.0006255592922060531,0.00047388654172400585,0.006750314433791091,0.0032109999999998607,0.0032109999999998975,0.0032109999999998737,0.0010221099999997165,0.0010221099999996918,0.0010221099999997026,0.2371054625310641,9.618186229389607,0.5436221262385722,-0.0004817661950412978,-0.0017886157022408962,-0.005651585030917672,-4.988437705039978,-21.591000862121582,14.014313135147095,979.9707275390625,-0.14662298878158875,26.219346515776667
2025-03-01T17:23:33Z,40.14496004438717,-75.89308977381116,111.84292034359387,9.623155153787767,24.3804040822453,-0.07075129995359669,1.5200980564131488,0.025734770585403476,1.5944931684085213,0.0009999999973535733,0.0010000000037508894,0.0009999999951355945,0.0009999999923818127,0.0009999999912894283,0.000999999986919265,0.00005195619064944409,0.00005200129972461469,0.8158057478230297,81.4682066176228,40.79483194802798,0.013754245646221838,0.0006327386798941076,0.00048362643152741067,0.006757809770734159,0.003211999999999861,0.003211999999999899,0.0032119999999998755,0.0010221199999997164,0.001022119999999691,0.0010221199999997021,-0.06911568474434436,9.788755233125041,0.5419314545556684,0.007256855956028199,0.003917461702620495,-0.009623374306380486,-4.2991876745224,-21.435563201904298,14.420250577926636,979.8035864257813,0.020829959662885946,26.189832845805167
2025-03-01T17:23:34Z,40.137341411528276,-75.89243326855768,112.65645825591949,11.269935840894593,25.216507496322752,0.03874098030658718,1.5196131675848046,0.04504599086047541,1.5928033672536697,0.000999999997364989,0.0010000000036629107,0.0009999999952891147,0.0009999999924012821,0.0009999999912460706,0.0009999999871486444,0.00005295230727065245,0.00005300137442672693,0.8150221596425024,85.17440791762048,43.13327335046327,0.013009614229731839,0.0006410988487725237,0.0004928152693631561,0.006763804358436619,0.0032129999999998627,0.003212999999999901,0.0032129999999998752,0.001022129999999717,0.0010221299999996904,0.001022129999999701,-0.034264158458901836,9.806395466034687,0.9464400857237307,-0.0038765723185739225,0.00009404859027951277,-0.01754842678012042,-4.445437667369842,-22.152375717163086,14.28225058555603,979.71154296875,0.06875662777297355,26.72956464921113
2025-03-01T17:23:35Z,40.132448808074464,-75.89190370969702,113.20533343742446,11.889672422393938,25.91041413211202,0.0012833203482812278,1.524829925950078,0.048634173197175695,1.5903149044227651,0.0009999999970652265,0.0010000000034900436,0.0009999999950274629,0.0009999999925264292,0.0009999999910568582,0.000999999986988363,0.00005394829849074145,0.000054001454791067944,0.8123025424310741,88.96317197265569,45.460645435692776,0.013124861581482643,0.0006491382176391677,0.0005020126837711819,0.006773161823774523,0.0032139999999998637,0.003213999999999902,0.0032139999999998762,0.001022139999999718,0.0010221399999996894,0.0010221399999997,-0.05049154934271923,9.723072321252339,0.3161686415530042,0.0031640620832260654,-0.0018246675434216882,-0.0027104215364601694,-4.022625164985657,-22.05375087738037,14.523375597000122,979.8347827148438,-0.05500713547085131,26.710955810763075
2025-03-01T17:23:36Z,40.12410297236302,-75.8912327647716,114.05804827547898,13.245942674214717,26.57281183417258,-0.041886612674488774,1.531710532129041,0.05234035396364935,1.589567654483679,0.0009999999971250523,0.0010000000034229594,0.0009999999945936068,0.0009999999924367494,0.0009999999913507932,0.0009999999867812926,0.00005494416679257147,0.00005500154149150543,0.8096251556183784,92.77652187099966,47.90985574886945,0.013154126472950889,0.0006568612676255726,0.0005117829275811466,0.006782551330983002,0.003214999999999862,0.0032149999999999002,0.003214999999999875,0.0010221499999997189,0.0010221499999996902,0.001022149999999701,-0.21770997560041225,9.673421223001169,0.4366871438436265,0.003343648868467992,0.00028431866347392314,-0.002567218745032058,-4.283437688350677,-21.929813289642333,14.722875566482545,979.51626953125,-0.09771465478616084,26.758641413432528
2025-03-01T17:23:37Z,40.12059892243522,-75.8907740829819,114.38007304930072,13.765600111882197,27.03217619442166,-0.05501913292370054,1.52943754695817,0.0579763497745082,1.592343903563309,0.0009999999970941957,0.001000000003447753,0.0009999999942711295,0.0009999999924687048,0.000999999991304111,0.0009999999869945333,0.000055939908876865303,0.0000560016351856174,0.8072927910653598,96.74210309711307,50.478142133152986,0.013420534114294636,0.0006643103130533238,0.0005222233484916951,0.006791434235885883,0.0032159999999998613,0.0032159999999998995,0.0032159999999998743,0.0010221599999997199,0.0010221599999996913,0.0010221599999997019,-0.18630645944486046,9.756303073754562,0.3348581539175383,-0.00394233157493858,0.003357501922559012,-0.005225147837980829,-4.775625193119049,-22.692750759124756,13.952813053131104,979.7955297851563,-0.01966650489400504,27.063735332339
2025-03-01T17:23:38Z,40.11523352699117,-75.8902621289021,114.8590541593187,14.62838903558431,27.414874894487212,-0.0832063306078164,1.5316868247703932,0.05572057188164676,1.592572029720601,0.0009999999972374798,0.001000000003111081,0.0009999999940767555,0.000999999992729098,0.0009999999912247484,0.0009999999872292577,0.000056935523903087596,0.00005700173651092589,0.8059080844222617,100.76686683581234,53.14889981924327,0.013740811468341697,0.0006715841722914911,0.0005323207331356147,0.0068017692895625,0.0032169999999998628,0.003216999999999898,0.0032169999999998753,0.0010221699999997205,0.0010221699999996918,0.0010221699999997027,-0.22947468387044956,9.721955687837331,0.3604358579176335,-0.00002261581663507415,0.0007307836882184718,0.0022884885201986593,-4.720500202178955,-22.039688205718996,14.505938119888306,979.6259814453125,-0.052201236538877156,26.80392677849169
2025-03-01T17:23:39Z,40.106678348971215,-75.88968004011089,115.63269932246705,16.22309536346325,27.686434756835006,-0.06751007052556922,1.5342908100585713,0.05531747424310474,1.5902025767209322,0.0009999999971537076,0.0010000000031497682,0.0009999999941014304,0.0009999999928474554,0.000999999991384963,0.0009999999869313104,0.00005793100380700101,0.00005800184598929483,0.8053354986953005,104.9070063058132,55.950577105600544,0.0139948174204102,0.0006794769511279296,0.0005419334867256918,0.006811591180551366,0.0032179999999998633,0.0032179999999998967,0.003217999999999876,0.0010221799999997198,0.001022179999999691,0.001022179999999702,-0.1811677780411994,9.73363011569353,0.5352276296327954,-0.0007321209717892109,-0.0013680211402221816,-0.00033405720580764416,-4.102312679290772,-22.074938354492186,14.832000560760498,979.343701171875,-0.03356511152686111,26.909429099488854
2025-03-01T17:23:40Z,40.09777770667141,-75.88913609206097,116.4555621195664,17.910692688072636,27.7497847228047,-0.022720526427030013,1.530381316998176,0.055172583957291466,1.5885561816846787,0.000999999997139824,0.0010000000029996767,0.00099999999426634,0.0009999999927596136,0.0009999999913938113,0.0009999999866986112,0.00005892633152766863,0.00005900196403401322,0.8054142555236072,109.17776142889666,58.85448505559947,0.014346239131224289,0.0006875091401142903,0.00055137874374679,0.006821224907591111,0.0032189999999998626,0.003218999999999896,0.0032189999999998756,0.00102218999999972,0.0010221899999996913,0.0010221899999997028,-0.17340287135070545,9.75808734003388,0.6031478394279259,-0.007210458962234373,-0.0005622138287772044,-0.0012952517117265931,-3.768000147342682,-21.2105633354187,14.302688112258911,979.2353784179687,-0.005352373596735025,25.858269039860197
2025-03-01T17:23:41Z,40.23123058749268,-75.91396699737456,120.44925965792521,-26.185258436625656,14.466369090172156,0.2291784646100908,1.4329870315194577,0.008769699448766806,1.6637146935921157,0.000999999997209466,0.0010000000030280154,0.0009999999943524876,0.000999999992914559,0.0009999999910130265,0.0009999999870677486,3.088020560256115e-10,3.0880230290841146e-10,0.5089601885809425,0.015511243644606262,0.015509287832681896,0.011190267573071858,0.00019089394561578815,0.00015949530473520523,0.0064657830266249255,0.003219999999999862,0.003219999999999895,0.0032199999999998744,0.001022199999999719,0.0010221999999996904,0.001022199999999702,-0.07376535162141368,9.643958152142636,0.202036884401292,0.0007399632780252751,0.00009404862428862601,-0.00028398635129676453,-4.534687697887421,-21.80475076675415,14.301188087463379,979.346572265625,-0.13572787428098196,26.467561877609
2025-03-01T17:23:42Z,40.2311763806281,-75.91379832877429,120.92230350670168,-27.150466272970572,14.203828778463333,0.07377870079462229,1.43436098537601,0.012289352197206862,1.6672456896491854,0.0009999999970361807,0.0010000000027205725,0.0009999999942465524,0.0009999999925355938,0.0009999999909155555,0.0009999999867532988,1.00030880239174e-6,1.0003088032028202e-6,0.5431550922284866,0.037115343008475216,0.039208992315298306,0.011776749977236137,0.00020085986005750813,0.00016943595143848164,0.006478005022026885,0.0032209999999998624,0.003220999999999896,0.003220999999999875,0.0010222099999997185,0.0010222099999996899,0.0010222099999997025,-0.27059135047812355,9.659901800788395,0.3369064363794376,0.0012296565772108037,0.0032455109547044683,-0.0035452702948139984,-4.257937693595887,-21.585750732421875,14.091750583648682,978.9429150390625,-0.11249983762479043,26.12756092265197
2025-03-01T17:23:43Z,40.231116547751036,-75.91363150396013,121.42257774037432,-27.94312510469898,14.163631359267194,0.022717623209465306,1.428787741463758,0.010192920540421308,1.6639533735245324,0.0009999999972493464,0.0010000000030011402,0.0009999999942969073,0.0009999999929919008,0.000999999990710646,0.0009999999870130706,2.0003088034634088e-6,2.0003088082858286e-6,0.5790238498391108,0.09606723901832451,0.10367608379485217,0.012602838225701851,0.00021098256307927127,0.00017909331674886297,0.006486498797001372,0.0032219999999998613,0.0032219999999998942,0.003221999999999874,0.0010222199999997193,0.0010222199999996907,0.0010222199999997013,-0.06193721733287373,9.724866937634609,0.5572056393283522,-0.005866556233712612,-0.00486881070506044,0.0006900590287740604,-4.7647502017021175,-21.89587585449219,14.743500537872315,978.784296875,-0.041050113842782225,26.82350272199978
2025-03-01T17:23:44Z,40.23104707623725,-75.91346662138633,121.99083263058297,-28.533772756729253,13.898936761255047,0.02266385238440404,1.4191253764352614,0.01170339154693411,1.6690587973350437,0.0009999999970783733,0.0010000000027396685,0.000999999994019563,0.0009999999929064746,0.000999999990740907,0.0009999999872388453,3.000308803447993e-6,3.00030882443e-6,0.615336439994399,0.20008126681324476,0.20439224701753622,0.013252188315141918,0.00022081967345087482,0.00018890029215414312,0.006496923448988011,0.003222999999999861,0.0032229999999998926,0.0032229999999998735,0.0010222299999997197,0.001022229999999691,0.001022229999999702,-0.2863342971324774,9.733394761379556,0.8033414453620663,-0.010395801058267803,0.0032685430406613706,-0.00202645368734191,-4.33631264925003,-22.351313343048094,14.483438091278076,978.6639672851562,-0.011351893790898045,26.98429254879247
2025-03-01T17:23:45Z,40.230964975344534,-75.9133054635445,122.55796197754698,-28.68681418682587,13.548804655045217,0.06969916434809209,1.4112212716631511,0.009884552807342769,1.6673079204646968,0.0009999999971915575,0.0010000000027543998,0.0009999999941624628,0.0009999999927632313,0.0009999999909973622,0.0009999999867870567,4.000308789093953e-6,4.000308862629479e-6,0.6503346910285813,0.35245539276539795,0.3288576875549594,0.01343146157744629,0.00023068843194187772,0.00019847436270760825,0.00650450687333269,0.00322399999999986,0.003223999999999892,0.003223999999999873,0.001022239999999719,0.0010222399999996903,0.001022239999999701,-0.40207694298978547,9.709433212913316,1.304683547481666,-0.008788525884280342,-0.004278307576407479,0.00023191001005674157,-4.490062680244446,-21.014063329696654,13.986375608444213,978.6470971679687,0.022946139507843265,25.639181151369804
2025-03-01T17:23:46Z,40.23087554851333,-75.91314743059195,122.99173412632216,-29.00960654057799,13.359650969289092,0.04404788033616703,1.4097844795014118,0.011788015457144809,1.6632901748928293,0.0009999999973611816,0.0010000000025892244,0.0009999999944109723,0.0009999999930449988,0.0009999999907057914,0.000999999987099792,5.000308715924363e-6,5.000308937554384e-6,0.6827661670901267,0.5445300139768321,0.496991348406513,0.013797019378043925,0.0002404152461536239,0.00020800492187167025,0.006513576271393694,0.00322499999999986,0.003224999999999892,0.003224999999999873,0.0010222499999997185,0.0010222499999996899,0.0010222499999997005,-0.22992645126324776,9.67333884104469,1.1845063210070856,-0.00221421851906321,-0.005523904893522001,-0.003448465814578477,-5.144812705516816,-22.160625877380372,13.95656307220459,978.7315649414063,-0.03367781962567262,26.689798982488803
2025-03-01T17:23:47Z,40.23078441593611,-75.9129917173182,123.18380514389077,-29.71039796847525,13.128412103874771,-0.09375772673914762,1.4134207447263103,0.014500205840784387,1.6633632111752317,0.0009999999973182648,0.001000000002535622,0.0009999999943029409,0.0009999999934688186,0.0009999999907834014,0.0009999999874966714,6.000308479127999e-6,6.000309071322752e-6,0.712836170241425,0.7823421317485969,0.7228765981235796,0.014632212025998587,0.0002497294865413811,0.0002176859245158289,0.006522086119812654,0.003225999999999859,0.0032259999999998913,0.0032259999999998718,0.001022259999999718,0.0010222599999996891,0.0010222599999997,-0.2705913456353979,9.638765151339166,0.7878737415329874,0.003062250721393663,-0.0007149300435748053,-0.0031685698440245746,-5.349562704563141,-22.558875942230223,14.671688108444213,978.8414379882812,-0.10726346748683668,27.436769864921636
2025-03-01T17:23:48Z,40.230672324686985,-75.9128381280664,123.25887708231306,-30.795575403891416,12.981710108809338,-0.30018979472834667,1.4238574649189601,0.014712270698955436,1.6629652227387761,0.0009999999975732231,0.0010000000025819997,0.0009999999940213235,0.0009999999931837194,0.0009999999904574185,0.0009999999874895158,7.000307880247388e-6,7.000309293723267e-6,0.7420398629688516,1.0571339363861978,1.0225564088784167,0.01634519228926265,0.0002585790483372025,0.00022737604072073028,0.006527797713699444,0.0032269999999998585,0.00322699999999989,0.0032269999999998715,0.0010222699999997188,0.0010222699999996882,0.001022269999999699,-0.15354243587185987,9.6323045562083,0.3129383326651999,0.009572467112696636,-0.0020589999283607318,-0.0008848369739133424,-4.571250174045563,-22.51181329727173,14.53237561225891,978.8009228515625,-0.14334395000383376,27.182075651877682
2025-03-01T17:23:49Z,40.2305047527461,-75.91268632626766,123.4127294198911,-31.714020354898715,12.774533202492965,-0.313378017623742,1.426794396657197,0.012448092662125059,1.6714890328542247,0.0009999999973155614,0.001000000002679191,0.0009999999940728773,0.0009999999933389154,0.0009999999904672287,0.0009999999875476388,8.000306598109807e-6,8.00030964267555e-6,0.7719223651478504,1.381233341386648,1.3794739852863451,0.018212526656953797,0.0002664999868149126,0.00023726966738084261,0.006530382159697224,0.0032279999999998595,0.0032279999999998915,0.0032279999999998725,0.0010222799999997177,0.001022279999999689,0.0010222799999996999,-0.18732635323958338,9.791528668385409,0.35866870393896555,0.0010362155192087043,0.004915206851046161,0.0024412043619238414,-5.53968777179718,-22.449188289642333,15.807563161849975,978.6639721679687,0.017947384985304026,28.009469719972316
2025-03-01T17:23:50Z,40.23022057041662,-75.91253682538266,123.86038652791429,-32.32538521662624,12.418413673553651,-0.3921937013827401,1.4287600659326065,0.015910051483646773,1.681644616255301,0.000999999997369564,0.001000000002910876,0.0009999999941442933,0.0009999999933928022,0.0009999999904153737,0.0009999999877225289,9.000304172396841e-6,9.000310160352998e-6,0.8027524371191402,1.74804560982243,1.780337858369227,0.01997211771582524,0.00027348675642936406,0.00024716044004865806,0.006534781851372521,0.0032289999999998605,0.0032289999999998925,0.003228999999999873,0.0010222899999997172,0.0010222899999996885,0.0010222899999996992,-0.3044099109133559,9.66899454498023,0.4389603214174176,-0.0018348481857041244,0.0044468777698409455,-0.0037590725116550066,-3.932812659740448,-21.830625743865966,14.472750587463379,978.4059350585937,-0.09816451389543422,26.485865023526657
2025-03-01T17:23:51Z,40.22971041991006,-75.91238876071789,124.8479215859037,-32.06208733649991,12.02375973576169,-0.33296581500572175,1.4306720500459649,0.012991821658862198,1.691806035824941,0.0009999999974777724,0.0010000000027236815,0.0009999999941085927,0.0009999999938252629,0.0009999999901904658,0.0009999999877002227,0.000010000299999613844,0.000010000310889347468,0.8327538235929131,2.1508693624761643,2.1850609780221775,0.0202949897825924,0.00027937053110161335,0.0002569903145039329,0.006533403356916245,0.003229999999999861,0.0032299999999998927,0.0032299999999998736,0.0010222999999997173,0.001022299999999689,0.0010222999999996993,-0.34501728717927366,9.667101842283246,0.955619120258434,-0.0052184718406230995,-0.0013780346119077731,0.0014684943614367732,-3.7773751616477966,-19.497750787734986,14.591625528335571,977.9727978515625,-0.06151093180363863,24.644347685409205
2025-03-01T17:23:52Z,40.22926097032443,-75.91224392179403,125.47261709620139,-32.11778126240009,11.753156989320512,-0.30966776723996026,1.4337480018175706,0.014351851592980051,1.7002886862396522,0.0009999999976501907,0.0010000000026679874,0.0009999999943431388,0.0009999999939519575,0.000999999990278584,0.0009999999877451852,0.00001100029334099818,0.000011000311879000849,0.8604352209037411,2.5764125829909217,2.6632129446591164,0.02107294038899269,0.000284082172400583,0.00026689825471235733,0.006532548707105429,0.0032309999999998625,0.0032309999999998945,0.0032309999999998755,0.001022309999999718,0.0010223099999996893,0.0010223099999997001,-0.24052154684559607,9.708914779660361,0.7293293477181896,-0.002404988850976349,0.00047625675125318573,-0.001977383714364734,-4.075125148296356,-21.80700078010559,14.799750604629516,978.17169921875,-0.04258503312747729,26.667992577640412
2025-03-01T17:23:53Z,40.22868038470039,-75.91210028756855,126.2570212388603,-32.566498333621645,11.212008559822346,-0.2928036401034453,1.444281871604324,0.016600278515168446,1.7230995745412432,0.0009999999972647449,0.0010000000030516833,0.0009999999939326555,0.0009999999942145593,0.0009999999901186178,0.0009999999877813295,0.000012000283379266227,0.0000120003131989379,0.8888142165941425,3.0468434895227925,3.2706754734106482,0.02380822379290584,0.00028723573569145697,0.00027707355578102203,0.0065303778741612915,0.0032319999999998635,0.0032319999999998947,0.0032319999999998756,0.0010223199999997178,0.0010223199999996894,0.0010223199999997,-0.4411224565775621,9.765364488442676,0.04626805075133609,0.003533918486986489,0.013242663138083987,-0.0010751063517330066,-3.708562643527985,-21.97931329727173,14.25168809890747,978.020341796875,-0.006335380255801026,26.45659780271326
2025-03-01T17:23:54Z,40.228085840838155,-75.91196093224494,126.88402220144188,-33.12711958875257,10.66014211047345,-0.38380013693719983,1.4495225974350099,0.01875025549532944,1.7458938992438715,0.0009999999971258388,0.0010000000031940956,0.000999999993798662,0.0009999999940853827,0.0009999999902870263,0.0009999999881015358,0.000013000269342696835,0.000013000314931150171,0.9213351276519124,3.526017487513536,3.9641685154828443,0.027248492402870635,0.00028869863238214756,0.00028727853285469946,0.006526048919334138,0.0032329999999998645,0.0032329999999998965,0.0032329999999998775,0.0010223299999997167,0.001022329999999689,0.0010223299999996996,-0.4522065964413152,9.6839496364563,-0.18752052442557357,-0.0015294161577441324,0.014006911562702975,-0.0007454728707138444,-4.847812707424164,-22.598063392639162,14.39006311416626,978.0380688476563,-0.08539440133095502,27.225813099399907
2025-03-01T17:23:55Z,40.22730932938144,-75.91182008637237,127.71447991489947,-33.293296278001236,10.36770441939226,-0.31538345242607735,1.4618395955223662,0.01867210564751095,1.761285651576229,0.0009999999971125782,0.0010000000029083773,0.0009999999936757319,0.000999999993711004,0.000999999990600359,0.0009999999879830629,0.000014000250620984038,0.000014000317159507385,0.9579011418439174,3.9785790034901725,4.726600229172505,0.03013236537414077,0.00028833625754465903,0.00029733407883870706,0.006518534979587303,0.0032339999999998646,0.0032339999999998984,0.0032339999999998793,0.001022339999999717,0.0010223399999996885,0.001022339999999699,-0.22137896889284925,9.794179017381653,-0.12000304831177121,0.0037240204236942995,0.0042330746451354545,0.0003744464592938695,-5.476312706470489,-21.80400079727173,14.342063131332397,977.8515454101563,0.01573740578748107,26.666392873353768
2025-03-01T17:23:56Z,40.22639510413797,-75.91167456142486,128.7421673763666,-32.829884790556044,10.44813011768859,-0.24321637895661938,1.465006842741443,0.023765572903035936,1.7657768264020317,0.0009999999972982495,0.0010000000031159981,0.0009999999940586053,0.000999999993993905,0.000999999990625661,0.0009999999878490952,0.00001500022679202912,0.000015000319964940828,0.9942535744515414,4.367805074662767,5.492478311142962,0.03076544944134208,0.000286343119668528,0.00030719925778944276,0.0065121357663143606,0.0032349999999998656,0.0032349999999998985,0.0032349999999998795,0.0010223499999997175,0.0010223499999996888,0.0010223499999996997,0.028066910634231404,9.731786475632056,0.25628727657919276,-0.006510300783769967,-0.0072463426537859865,-0.005901939307796166,-5.085937685966492,-21.74493829727173,14.175750637054444,977.6953076171875,-0.04648157921623599,26.451055067437608
2025-03-01T17:23:57Z,40.22535334196325,-75.91152201680322,129.87379411766491,-31.788461284855195,10.637202168658499,-0.31335077120728927,1.4675421253748262,0.010521136757262883,1.766322158982175,0.0009999999971146947,0.0010000000031794274,0.0009999999938282227,0.0009999999939782904,0.000999999990452538,0.000999999988240493,0.000016000197483008004,0.000016000323420666627,1.0239586415982447,4.7099779412674785,6.241973443780004,0.02950517371348879,0.0002829131351223572,0.0003169815195627682,0.006496156353196868,0.0032359999999998666,0.0032359999999999,0.0032359999999998805,0.0010223599999997163,0.0010223599999996877,0.0010223599999996985,0.07756434459757773,9.537628546393776,0.5968068538069534,-0.00805548810152585,-0.013777254502809965,0.012062325194211297,-6.270375218391418,-20.621625728607178,14.397375574111939,977.5379248046875,-0.2250963938259452,25.92008555143719
2025-03-01T17:23:58Z,40.22437307937142,-75.91136800877541,130.83033089678517,-30.423895710160362,10.862309009423177,-0.23228578221480226,1.4782927315121877,0.011817462336051498,1.7672282933046422,0.0009999999967494027,0.0010000000033678674,0.0009999999936788537,0.0009999999941529523,0.0009999999903004756,0.0009999999883105164,0.000017000162108366576,0.00001700032759585992,1.0415092191793434,5.03957705998631,6.975851092524347,0.026477078681796332,0.00027915236909569933,0.000326785743819771,0.006487884498603365,0.003236999999999866,0.003236999999999901,0.0032369999999998815,0.0010223699999997162,0.0010223699999996887,0.0010223699999996993,0.06384157384707581,9.67726153801772,0.9965324574705922,0.001501040842197634,-0.009819986480191382,-0.0020064246595542855,-6.219937763214111,-21.754688205718995,14.01112554550171,977.5281225585937,-0.05306076140815244,26.613211223960512
2025-03-01T17:23:59Z,40.223280607684,-75.91120861581652,131.9425702585676,-29.112468104873965,10.8140208733828,-0.10149793662219064,1.4900693060117463,0.01774287346353957,1.778999422180085,0.0009999999964426772,0.0010000000036013113,0.0009999999937062695,0.0009999999939677294,0.000999999990272095,0.0009999999884311166,0.000018000119747669592,0.000018000332576571734,1.0470659571956649,5.39474836840015,7.801827247562133,0.024493868678071552,0.0002755564293115839,0.0003367850459472919,0.006482786232416668,0.0032379999999998673,0.003237999999999899,0.00323799999999988,0.001022379999999717,0.0010223799999996884,0.001022379999999699,-0.23146869870415862,9.752823089596243,0.6795985208392336,0.002217220574178013,0.0014129159379888212,-0.005540761465081181,-7.20318781375885,-21.82106325149536,14.254688062667846,977.3802758789062,-0.002476369950507457,27.04141438907775
2025-03-01T17:24:00Z,40.22182565260933,-75.91103590867792,133.49354714650028,-27.41345712883078,11.009661463322251,0.011599455302550271,1.5005471678857842,6.280598374363534,1.7858987965936566,0.000999999996818793,0.0010000000035070233,0.0009999999936391598,0.0009999999937373527,0.0009999999905989064,0.0009999999883307821,0.000019000069215110336,0.000019000338468651995,1.0443610037235063,5.7212186734983606,8.688750306538159,0.022670326924065294,0.0002727120539925888,0.00034665171038693944,0.006469139348298698,0.003238999999999867,0.003238999999999899,0.00323899999999988,0.0010223899999997174,0.0010223899999996888,0.0010223899999996997,0.046098729258545655,9.71082904243109,0.5913432434661542,-0.0010610849827663745,-0.007393717568884352,0.02016646500840348,-9.752625439167023,-18.008438119888307,14.034375534057617,977.050380859375,-0.052769343787551694,24.82697551259897
2025-03-01T17:24:01Z,40.21993701919174,-75.91084674273858,135.4235091445804,-25.386717395920442,11.216063043505978,0.019543587921525413,1.5074802920551271,0.025874222902728963,1.8026361658691639,0.0009999999968659413,0.001000000003849785,0.000999999994023948,0.000999999993369737,0.0009999999908855747,0.0009999999885949304,0.000020000008976263958,0.000020000345383793517,1.0360707612267948,6.047564068647314,9.641984349211778,0.021348868294744836,0.0002709005027115771,0.0003566777452911875,0.006475653540830129,0.0032399999999998667,0.0032399999999998983,0.0032399999999998793,0.001022399999999717,0.0010223999999996883,0.0010223999999996992,0.0027265285179074324,9.585314365508527,0.41127157397037867,-0.006570386224805082,0.004079690857313363,-0.02795315685215858,-5.23837521314621,-23.816438426971434,10.433250367641449,976.6686987304688,-0.18756910140144678,26.52382560246862
2025-03-01T17:24:02Z,40.21905817181949,-75.91068674100744,136.33909572912842,-24.614432268688404,11.702240284473456,0.25538783126578457,1.512191738658263,0.021502289465981886,1.7919009763093265,0.000999999996984595,0.0010000000040130226,0.0009999999942723902,0.0009999999932193433,0.0009999999909510006,0.0009999999886471955,0.000020999937003583156,0.000021000353447625485,1.0234352955934982,6.372175500957705,10.668565668710713,0.01979420070824841,0.00027030603517812793,0.00036629510230549084,0.0064717515627812135,0.0032409999999998664,0.0032409999999998985,0.003240999999999879,0.0010224099999997167,0.0010224099999996878,0.0010224099999996987,0.2208944205157755,9.947598877585058,0.5449623695527359,-0.0002058751892818272,-0.016658500277015188,0.0034593130197184407,-3.1042501184344293,-22.237125759124755,15.883500785827637,977.093583984375,0.18321096683966817,27.502889401543452
2025-03-01T17:24:03Z,40.2188052012935,-75.91054156987572,136.67700715148365,-25.003953992266524,12.054893623347546,0.08380097097937002,1.5134212305185992,0.024023622822730104,1.7814507657010823,0.0009999999972349141,0.0010000000038805172,0.0009999999944492772,0.0009999999929131249,0.0009999999909941467,0.00099999998847223,0.00002199985096529183,0.00002200036281529765,1.0093592383619572,6.699657681130664,11.814206563617542,0.019614482275744166,0.0002706726693341054,0.0003759857904078029,0.0064717714354835315,0.0032419999999998674,0.003241999999999899,0.0032419999999998804,0.0010224199999997177,0.0010224199999996882,0.0010224199999996997,0.2460883595802608,9.636583529358902,0.052152041370433076,0.00036943933178596594,-0.011492354057474365,-0.0031580550381671187,-5.286937713623047,-21.630563201904298,15.204375619888305,977.3446166992187,-0.1419301092686528,26.962998075686492
2025-03-01T17:24:04Z,40.217548739705585,-75.91037013146727,137.70599663132944,-24.38089808671394,12.383489073014799,0.11129705034189129,1.5254555033270392,0.021738933809484294,1.7772526164881768,0.0009999999974227877,0.001000000003718019,0.000999999994802172,0.0009999999930729844,0.0009999999913196307,0.0009999999888151744,0.000022999748692267296,0.00002300037365617099,0.9969575698949341,7.053552703778048,13.03688457683434,0.019560293234138326,0.0002716849805772968,0.00038566173779727383,0.00647153601716517,0.0032429999999998675,0.0032429999999998996,0.0032429999999998823,0.001022429999999718,0.0010224299999996886,0.0010224299999997003,0.20924935071943546,9.749313504533065,0.0484915473019953,0.006259109398296841,-0.010458223147004272,0.0014536402856103851,-4.814437670707703,-19.8035631942749,14.402438077926636,976.8463330078125,-0.03015004859415117,24.95571287028251
2025-03-01T17:24:05Z,40.21581315821061,-75.91019299586522,138.97138652443618,-23.26068370416905,12.905790951879498,0.043795022971573616,1.5370957066702684,0.0282782399934448,1.7642069320958387,0.0009999999975052467,0.0010000000035817996,0.0009999999947079567,0.000999999992866779,0.0009999999909717852,0.0009999999886186558,0.000023999627548581292,0.000024000386121483715,0.9856430855072303,7.387942618642182,14.282740802970418,0.019548083124636996,0.0002737186138904585,0.00039493256308357935,0.006475151437534875,0.003243999999999869,0.003243999999999898,0.0032439999999998833,0.001022439999999717,0.001022439999999688,0.0010224399999996998,0.4301395679916393,9.625600062257146,0.13186049588202406,0.004645492540912234,-0.02028480078917892,-0.008175157467153919,-6.673312811851502,-22.04212574005127,15.878813104629517,976.5640625,-0.1457729911701992,27.973599449603096
2025-03-01T17:24:06Z,40.21410652379614,-75.91002327321942,140.25459035412254,-21.24444143791067,13.064650820139718,0.4067066657171258,1.526250332397149,0.029165959524187955,1.7627437983213692,0.0009999999972754967,0.0010000000033020405,0.0009999999946042847,0.000999999992644712,0.000999999990788217,0.0009999999883989169,0.000024999482529500283,0.00002500040029631743,0.9706244505704742,7.811134724201267,15.414013334184558,0.017190003421143626,0.0002761419423510057,0.0004043931478619176,0.006478096943350644,0.0032449999999998678,0.0032449999999998994,0.003244999999999885,0.0010224499999997162,0.0010224499999996876,0.0010224499999996993,-0.10181758809336892,10.02317214711149,1.1209147767148437,-0.017075925149340893,-0.007800961174976722,-0.002374445861698476,-6.707062706947327,-22.153313217163085,16.018125696182253,976.4711840820313,0.30428295235975017,28.14838288861461
2025-03-01T17:24:07Z,40.21277100639796,-75.90986297239336,141.45628009646614,-20.201790743094378,13.26802641878427,0.5201887629272979,1.5286197282561553,0.027433820253609013,1.7564981084360176,0.000999999997402748,0.0010000000034678302,0.0009999999944077858,0.0009999999924886261,0.0009999999906090233,0.0009999999881603067,0.000025999306570467942,0.000026000416296089738,0.951735237495377,8.252811295222676,16.709132124313392,0.016537173278608434,0.00027966152056839146,0.00041353725110997565,0.00648139948278151,0.003245999999999867,0.0032459999999998987,0.003245999999999886,0.001022459999999716,0.0010224599999996875,0.0010224599999996992,0.07987740714623787,9.834378424323278,0.6100471421596224,-0.0016108650204436712,-0.010509128637005117,0.0001301000000659728,-4.171500163078308,-20.393438301086427,14.852063083648682,976.4848852539062,0.07170290313356038,25.570977917006903
2025-03-01T17:24:08Z,40.21020809948007,-75.90971213979904,143.19284457257933,-18.603170173619365,13.197632408947296,0.38719946159312424,1.5329325499811086,0.024881542212642126,1.7482533695734612,0.0009999999972302137,0.0010000000034688025,0.000999999994114673,0.0009999999930308085,0.0009999999904916738,0.0009999999881478774,0.000026999092914456162,0.00002700043430183327,0.9341210563135771,8.715658960463928,18.050647367736936,0.016351157147032565,0.00028429913602569414,0.0004222265926527421,0.006485897328777289,0.0032469999999998654,0.0032469999999998975,0.003246999999999885,0.001022469999999715,0.0010224699999996866,0.001022469999999698,0.13272349001146783,9.542988900102992,0.4507727609146124,-0.0022943326672389183,-0.015137513811668099,-0.0007045813166447871,-4.412062666416168,-21.55668815612793,14.369625568389893,975.9839086914062,-0.22733336106871543,26.280041142887413
2025-03-01T17:24:09Z,40.20711011209666,-75.9095835798512,144.96997808357295,-16.97176377996912,12.93678526971886,0.3743721096745403,1.5510722183156376,0.022590550214227498,1.7434742525935358,0.0009999999972019138,0.0010000000029725148,0.0009999999943123901,0.000999999993034444,0.0009999999904732266,0.000999999988315254,0.000027998834806966764,0.0000280004544682514,0.9194138999343191,9.234342558103867,19.47755902447977,0.016517831340195542,0.0002896883760145874,0.0004305749152845507,0.006491542602711307,0.0032479999999998664,0.0032479999999998985,0.0032479999999998855,0.0010224799999997139,0.001022479999999687,0.0010224799999996987,0.19692631318448797,9.659463118549693,0.270226443914994,0.011247838827105956,-0.011791944221708792,-0.001682132174826421,-4.517062668800354,-20.919000701904295,14.39437554359436,975.7018579101563,-0.11659683457969554,25.791546385083816
2025-03-01T17:24:10Z,40.20392180906752,-75.90948041701012,146.6190687024494,-15.465164942474795,12.532142813969783,0.3214797860129488,1.5570826714460295,0.019817363671215067,1.7372920529291567,0.0009999999972451113,0.0010000000027972637,0.000999999994454328,0.0009999999929055407,0.000999999990279689,0.0009999999884205146,0.000028998525541168488,0.00002900047693153925,0.9080920902604829,9.802068488020273,20.935414568442535,0.016778616835151465,0.00029577822764917866,0.0004383410902614059,0.006497892131003937,0.003248999999999867,0.003248999999999899,0.0032489999999998865,0.0010224899999997134,0.0010224899999996873,0.0010224899999996982,0.21764906961347588,9.629640420754383,0.17653959594283022,-1.08617873600253e-6,-0.012313516976562012,-0.0015758152279921917,-5.0591251969337465,-20.986313228607177,14.601188077926636,975.5503588867188,-0.14807367330468862,26.06169849918796
2025-03-01T17:24:11Z,40.20206131875862,-75.90937318336928,147.5227058869093,-14.570254439455898,12.323916855133692,0.10580351078609149,1.5610991035415875,0.017549011198228822,1.7294964728690738,0.0009999999975013804,0.0010000000027969985,0.00099999999412373,0.0009999999928902417,0.000999999990100739,0.0009999999887005861,0.000029998157817509095,0.000030000501780865774,0.8993068006769614,10.421706782117376,22.371279062257887,0.016732942100307145,0.0003024325664229977,0.00044546393420982425,0.006504595969004738,0.003249999999999866,0.003249999999999898,0.003249999999999885,0.0010224999999997129,0.0010224999999996877,0.0010224999999996986,0.13858131845074212,9.523231704073334,0.2571855631488884,0.001117664486347267,-0.010845104041335074,-0.00044004092400811313,-4.0520626735687255,-20.740125751495363,14.469938077926635,975.7772631835937,-0.25405118939721993,25.61149208241823
2025-03-01T17:24:12Z,40.20055420437493,-75.90926847307908,148.09483046821586,-13.55377127280114,12.41460185530133,0.01708485245429721,1.568960653476548,0.016760225944815924,1.7131020838228388,0.000999999997642577,0.0010000000027164582,0.000999999994071161,0.000999999992956548,0.0009999999901740024,0.0009999999888338678,0.00003099772166996499,0.00003100052905418481,0.8917705989285747,11.105293993423896,23.771269243804568,0.017075254667111604,0.00030990037206365885,0.00045163720947121393,0.006512184734426529,0.003250999999999865,0.0032509999999998963,0.003250999999999884,0.0010225099999997132,0.0010225099999996883,0.001022509999999699,0.33898022047897447,9.67003137969691,0.5903861179783099,0.006086031355554276,-0.018470733614556877,-0.0015192353665214077,-4.535062699317932,-20.34112579345703,15.203813095092773,975.8076831054688,-0.08780328402599173,25.796928046194974
2025-03-01T17:24:13Z,40.19707183765084,-75.90924068340158,149.2735255050189,-11.550195358448443,11.621202293756888,0.1817497128188504,1.5644220184967035,0.01491190279628997,1.698363590826658,0.0009999999976780156,0.0010000000029876516,0.0009999999941784177,0.0009999999930571286,0.0009999999905560086,0.0009999999886648827,0.00003199720190668781,0.000032000558751544224,0.8842209201299247,11.89910652490699,25.124478954911048,0.017255178726478766,0.00031816076301536156,0.00045691727475664673,0.006520892887134594,0.0032519999999998652,0.0032519999999998973,0.0032519999999998848,0.0010225199999997132,0.001022519999999688,0.0010225199999996989,0.14276548851587378,9.86382324756288,0.9986114705183639,-0.008052484007196013,-0.01861243289086806,-0.0035786509087528794,-4.3826251888275145,-19.267688312530517,14.346938076019287,975.3444677734375,0.1336020977023883,24.418913998272437
2025-03-01T17:24:14Z,40.1928232219191,-75.90926873232904,150.72640434750727,-10.044727602415861,10.345588209372817,0.32136109329214413,1.5453119481707547,0.011252478575472312,1.6968515055859015,0.0009999999979696057,0.0010000000025945721,0.0009999999942066696,0.0009999999927623115,0.0009999999904928012,0.0009999999886631276,0.0000329965826868375,0.00003300059094303094,0.8777869692748418,12.789484668014545,26.569927052937896,0.01755945302306096,0.0003269527432070818,0.0004615056471433108,0.0065300378666570515,0.0032529999999998667,0.003252999999999899,0.003252999999999886,0.0010225299999997127,0.0010225299999996878,0.0010225299999996984,0.10288837804629146,9.820141068137678,0.6259195294221095,-0.02241081068242137,-0.0052047857969157235,-0.003076940522544561,-3.7284376311302183,-18.991500759124754,14.440875577926636,975.0994946289062,0.059088042745303965,24.147769579913422
2025-03-01T17:24:15Z,40.18586811361329,-75.90944310256543,152.993020254734,-8.243089465878125,7.90685929342015,0.600982591185116,1.5384122961019997,6.277877345160406,1.6859964554123077,0.000999999998175968,0.0010000000023817168,0.0009999999939765778,0.0009999999926274263,0.0009999999903855875,0.0009999999882250696,0.00003399585169394295,0.00003400062574076551,0.8739806416371065,13.789027892034627,28.016874958611837,0.01782089905581979,0.00033647316875945064,0.000465035214378962,0.0065375607978188635,0.0032539999999998672,0.0032539999999998985,0.0032539999999998863,0.0010225399999997122,0.001022539999999687,0.001022539999999698,0.11820964339431966,9.888339837869019,0.7710187270735903,-0.010495942561794746,-0.01566826501699064,0.005193768692882958,-2.4821250975131988,-20.174250812530516,14.739375610351562,974.483212890625,0.1378233382697319,25.10792656858337
2025-03-01T17:24:16Z,40.18243262827117,-75.9095063330557,154.44764462991822,-7.788331811851232,6.852204958504915,0.6532303849418272,1.5413381895018377,6.276021718120265,1.674398495129295,0.0009999999982334177,0.0010000000020811085,0.0009999999940169424,0.0009999999923737946,0.0009999999901449902,0.0009999999882681489,0.00003499500214828444,0.000035000663236849796,0.8735046538983307,14.865349803817978,29.510295176658516,0.017982653250659765,0.0003463834929585246,0.0004677506977778325,0.006547692239516952,0.0032549999999998674,0.003254999999999899,0.0032549999999998865,0.0010225499999997126,0.0010225499999996874,0.001022549999999698,0.34336705870115375,9.767419233955545,0.3044039285423243,0.0017590731853459978,-0.013227476527031138,-0.0038710642304334484,-3.2120626282691958,-21.278438301086425,14.984625568389893,974.8768872070312,-0.002921312202039536,26.22261648227703
2025-03-01T17:24:17Z,40.17844674698123,-75.9096211132353,156.02729300151404,-7.392803187602463,5.666586479612,0.6982140854190366,1.539482566895632,6.270144000133949,1.6557188092296633,0.0009999999979857172,0.001000000001935163,0.0009999999941177635,0.0009999999924652418,0.0009999999898311891,0.0009999999885548353,0.000035994034985971336,0.00003600070345744959,0.8767682978144595,16.02165415089236,30.961425584348962,0.018480328275340036,0.00035663571353447467,0.00046944197708970794,0.0065573060683035474,0.0032559999999998658,0.0032559999999998974,0.0032559999999998866,0.001022559999999712,0.001022559999999687,0.0010225599999996978,0.49834220196235013,9.746761289276584,0.33710584311350955,-0.0027249418850147995,-0.02015461634689596,-0.0008848368067413948,-3.1211251223087313,-21.356438331604004,15.023250579833984,974.6504418945312,-0.015664945997203864,26.29703899004341
2025-03-01T17:24:18Z,40.17515640874159,-75.90972950171243,157.40974368175972,-7.0541489009821206,5.138159602855991,0.6409370499615928,1.5394877201342085,6.265930452601073,1.6162202130137737,0.0009999999982031227,0.0010000000017801605,0.00099999999438828,0.0009999999923743545,0.0009999999900305024,0.000999999988491549,0.00003699295554315405,0.00003700074620858941,0.8850812627402463,17.232704178463894,32.3086498793029,0.02047465875548697,0.00036752023600478346,0.0004693836620038175,0.006567250429527797,0.0032569999999998637,0.0032569999999998954,0.0032569999999998876,0.001022569999999712,0.0010225699999996869,0.0010225699999996975,0.9708390315119472,9.647410101403974,0.48976399464198794,-0.0008574644950308026,-0.040360054109437674,-0.0022013675448081292,-2.3535000878572463,-21.076313304901124,14.93812554359436,974.603203125,-0.07242032825440747,25.940217767035275
2025-03-01T17:24:19Z,40.16989328138191,-75.90999007980197,159.14934822950886,-6.943476120469665,3.602370229679335,0.6157716203074948,1.5467131919085149,6.272379566054448,1.5855438703496227,0.0009999999984121207,0.0010000000017617962,0.0009999999944128716,0.000999999992547496,0.0009999999900635102,0.0009999999884088965,0.000037991778169464714,0.00003800079111418544,0.8995957106884144,18.525002921984104,33.58425403538961,0.022302845367299734,0.0003783373054048288,0.0004676312674168213,0.00658101587471529,0.003257999999999865,0.003257999999999897,0.003257999999999886,0.0010225799999997113,0.0010225799999996864,0.001022579999999697,0.9142147747982257,9.63996163113734,0.23026630839521584,0.006645990621784054,-0.03122762442097254,-0.015966187234324917,-0.9658125372976065,-21.94518823623657,15.271875619888306,974.1841088867187,-0.09479184484820778,26.753533237533556
2025-03-01T17:24:20Z,40.166196049570495,-75.91020089581106,160.57236364941625,-6.781159488841905,1.5525826365883713,0.697645063913852,1.5446832191825837,6.263088907036229,1.5835443788483814,0.0009999999988614813,0.0010000000019199584,0.000999999994329029,0.0009999999923058257,0.000999999989978233,0.0009999999883188553,0.000038990515738490655,0.00003900083809800871,0.9123487335268032,19.952231351054973,34.757241024854494,0.019772427088626587,0.0003884355822001332,0.0004654262462777547,0.006590126782386846,0.0032589999999998644,0.0032589999999998952,0.003258999999999884,0.0010225899999997115,0.0010225899999996874,0.0010225899999996972,-0.2143142535871841,9.799334695908083,0.37745824428125524,-0.0019638648205264793,-0.0025196515563902515,0.0030507343767057636,0.03187500044703483,-22.30631326675415,15.313313121795654,974.2203125,0.028429467471678956,27.056744643825326
2025-03-01T17:24:21Z,40.16104573190051,-75.91054440660984,162.29843527034194,-6.533488274289839,-1.6098488230622556,0.6807008991400257,1.5422340018719736,6.253818836029963,1.5932505776194434,0.0009999999985445202,0.001000000001654392,0.0009999999943267376,0.0009999999924599138,0.0009999999901357704,0.0009999999883828624,0.00003998915972759808,0.00004000088777234923,0.9131350002333727,21.461200260746498,35.85854090943944,0.016642155970275154,0.0003980704956850134,0.0004638032268878468,0.006599841519014511,0.0032599999999998646,0.0032599999999998962,0.0032599999999998837,0.0010225999999997108,0.0010225999999996867,0.0010225999999996967,-0.6200232185169845,9.68590378665732,0.5825296833944407,-0.0016312271852404266,0.009405063839018457,0.001260199379370734,0.8788125340640545,-21.36487585067749,15.336563081741334,973.87380859375,-0.05696672034422058,26.31421134853195
2025-03-01T17:24:22Z,40.15646024731441,-75.91086777092364,163.85686413434075,-6.417962723618835,-4.107838263657841,0.6835906582917419,1.5423719539387648,6.242651595044565,1.5915443637316289,0.0009999999982384167,0.0010000000019899293,0.0009999999942570301,0.000999999992453471,0.0009999999903576385,0.0009999999883297955,0.00004098768566638654,0.00004100094101491465,0.903111302501781,23.041763233688798,37.06027475720814,0.015141442135277074,0.00040803783757879005,0.00046326100167476923,0.006608605827930172,0.0032609999999998656,0.0032609999999998977,0.0032609999999998847,0.00102260999999971,0.0010226099999996869,0.0010226099999996957,-0.25981711546125025,9.726530135481383,0.5599011569682019,0.0009903175501345682,-0.0017986307244001356,0.004522818793327441,1.4064375586435198,-22.222125720977782,15.369750680923461,973.7753271484376,-0.03378851600803007,27.05600522794432
2025-03-01T17:24:23Z,40.15319364508874,-75.91111134673187,165.10197609565742,-6.273375593304116,-5.471103708310558,0.6385781032435447,1.5304910869841752,6.238681855546869,1.5797766803826885,0.0009999999981547651,0.0010000000019451183,0.0009999999941321062,0.000999999992611408,0.0009999999903132029,0.0009999999880556543,0.00004198606784921938,0.00004200099846607277,0.889597467357105,24.65816190373406,38.382613798445696,0.014859727927723828,0.00041808664156101695,0.0004641208786915361,0.006618538595853945,0.003261999999999865,0.0032619999999998965,0.003261999999999884,0.0010226199999997109,0.0010226199999996857,0.0010226199999996965,0.25590939333466023,9.68674131933649,0.6749325170326045,-0.011506874123259419,-0.011557779237143614,-0.0004705839703193729,1.4004375489056111,-22.47900074005127,15.526875591278076,973.7863696289063,-0.0661363237985895,27.355945962636174
2025-03-01T17:24:24Z,40.14941199411151,-75.91137729728109,166.37381587660605,-6.3910784001715095,-6.884813384726202,0.6343336541666602,1.5349476976674514,6.2383380766297805,1.5616134740084089,0.0009999999981666905,0.001000000001864543,0.0009999999943453902,0.0009999999927401478,0.0009999999904621928,0.0009999999882731748,0.0000429842842251628,0.00004300106058380453,0.8764838018126192,26.34028535259721,39.893893014902304,0.014534326827455455,0.00042810987582686457,0.00046633179932711703,0.00662935229380085,0.0032629999999998645,0.003262999999999895,0.0032629999999998823,0.001022629999999711,0.0010226299999996859,0.0010226299999996965,0.2572653315911516,9.727379376727384,0.5604758325954594,0.004874483696355891,-0.017584978508534962,-0.004339394523148902,1.7568750709295273,-22.283250751495363,15.527438163757324,973.6033178710937,-0.03267075171460227,27.216326692011098
2025-03-01T17:24:25Z,40.14418053187166,-75.91169979399119,167.8420659826896,-6.740734879919191,-8.74962955081224,0.6505855074172616,1.5357430526939149,6.23286064844693,1.5513366996609408,0.0009999999983972827,0.0010000000017233778,0.0009999999946970334,0.0009999999929860123,0.0009999999904285691,0.0009999999881688151,0.000043982309523288713,0.0000440011278933036,0.8633671385744898,28.093775166186063,41.58436262864459,0.014274623785454493,0.00043770010193476533,0.0004705027894037123,0.0066389005730986455,0.0032639999999998642,0.0032639999999998963,0.0032639999999998833,0.00102263999999971,0.0010226399999996852,0.001022639999999696,0.06709737780849095,9.7434368034094,0.5200077110429152,0.002272132281618714,-0.009499532649593783,0.0005071340549261819,1.7167500653862953,-22.995188236236572,15.27018811225891,973.3154638671875,-0.021842673538074887,27.656857046507245
2025-03-01T17:24:26Z,40.139609141678655,-75.9119752407404,169.1420265352398,-7.048338299988853,-9.968051002943943,0.6038861618274762,1.5299324795344167,6.235181215184598,1.5343139786062312,0.0009999999985450825,0.0010000000016734826,0.000999999994751568,0.0009999999932176894,0.0009999999901200418,0.0009999999885251444,0.00004498011694010358,0.00004500120083219816,0.8513938169758601,29.866277189824856,43.44278466762027,0.014349751937102207,0.0004471055586988519,0.00047576258280304336,0.006650052457735085,0.0032649999999998626,0.0032649999999998947,0.003264999999999882,0.0010226499999997111,0.001022649999999686,0.0010226499999996949,0.31884062387457823,9.680320587792263,0.5852415462164463,-0.00473645659421652,-0.015956006367122216,-0.006161807196956463,2.3450625908374785,-22.660875778198243,15.210188102722167,973.2467236328125,-0.07600983799544067,27.392729740462055
2025-03-01T17:24:27Z,40.137558269619966,-75.91215329959955,170.00729754832062,-7.203350064371837,-10.778607442679473,0.5742140670005516,1.5271337148763418,6.233030879779452,1.5234341782644067,0.000999999998325501,0.001000000001830334,0.0009999999945855403,0.000999999993118912,0.0009999999899213948,0.0009999999884047852,0.00004597767921913908,0.00004600127980726,0.8410110065375295,31.718780622032547,45.52664475068196,0.01446187146895889,0.0004561538549595275,0.0004825980886434956,0.006659310694739041,0.003265999999999862,0.003265999999999894,0.003265999999999881,0.0010226599999997113,0.0010226599999996861,0.0010226599999996941,0.03457852356550045,9.74908548673869,0.5284414294905558,-0.002424516896522895,-0.010520977908850449,0.000657346034538295,2.471625102758408,-22.83581340789795,15.442125663757324,973.3785180664063,-0.015699542019101613,27.677422778511023
2025-03-01T17:24:28Z,40.140938973399734,-75.91221235284775,170.02492820130186,-6.572301911021766,-10.72614665689653,0.37059981572784584,1.5267874588290515,6.237304239940901,1.5131943063321684,0.0009999999980275737,0.0010000000014897027,0.000999999994399818,0.0009999999928616756,0.0009999999896603638,0.000999999988675992,0.00004697496434770496,0.000047001365189975075,0.8321912777929764,33.588300994327696,47.76842818973819,0.014907810915167592,0.0004646964032698067,0.0004904914119825025,0.006669523348116548,0.003266999999999861,0.0032669999999998933,0.0032669999999998802,0.0010226699999997108,0.0010226699999996858,0.0010226699999996945,0.05602894547500769,9.636172977127787,0.5953312832692765,-0.0025373431872838708,-0.010957095295356746,-0.0033416483503608584,1.6618125620484352,-23.015625705718993,15.135375576019287,973.81916015625,-0.12445391468930989,27.596330038584618
2025-03-01T17:24:29Z,40.14330092432103,-75.9123132397529,170.03791889893813,-5.848313915304379,-10.702277829504656,0.25894178586789696,1.53686143845439,6.239141373069335,1.4913299157551443,0.0009999999977751276,0.00100000000148635,0.000999999994539045,0.000999999993078648,0.0009999999893780312,0.00099999998856073,0.00004797194811711434,0.00004800145710189453,0.8270391326013763,35.48110971033291,50.167688839490665,0.015616217933095589,0.0004736382356285944,0.000498360452187729,0.006679152995492856,0.003267999999999863,0.003267999999999895,0.003267999999999882,0.001022679999999711,0.0010226799999996858,0.001022679999999694,0.27688646891910385,9.6987053941076,0.7539754214994732,0.007826996494082774,-0.02244135381031275,-0.0020690131572262465,2.7350626027584077,-22.783875751495362,15.621000633239746,973.7261157226562,-0.04725531400895264,27.75965410340371
2025-03-01T17:24:30Z,40.146756293661035,-75.91243685301967,169.82926374529026,-5.004889766750555,-10.96664947834449,0.15285571784512758,1.5368750641821503,6.23742758854871,1.481354649583889,0.000999999997677807,0.001000000001433688,0.0009999999945697366,0.0009999999933347674,0.000999999989256306,0.000999999988396435,0.00004896861458930692,0.00004900155552458927,0.8262110061271691,37.42224807529414,52.732293562313245,0.016594037599787278,0.00048131861612163277,0.0005074314115236304,0.006687775882350661,0.0032689999999998606,0.003268999999999896,0.003268999999999883,0.0010226899999997096,0.0010226899999996849,0.0010226899999996927,0.06325316833548561,9.731041186972211,0.6513775961304676,-0.0023844597152856235,-0.01100165916703396,0.0017689199024300195,2.6538750986754893,-22.913813343048094,15.275063047409057,973.8202807617188,-0.02611033420108245,27.666055536484283
2025-03-01T17:24:31Z,40.14996498388621,-75.91259481310486,169.57503055053692,-3.9376478978444727,-11.262260736375307,0.07679686782716527,1.5354640039851235,6.240045805247399,1.463032668920632,0.0009999999974302975,0.001000000001095493,0.0009999999949109664,0.0009999999937083581,0.0009999999889492924,0.0009999999880566468,0.000049964957478388734,0.00005000166023210826,0.830229387745379,39.3594952907127,55.37813255499946,0.017941400891090684,0.0004885400199973108,0.0005160050146784877,0.006697530782881664,0.0032699999999998594,0.003269999999999896,0.0032699999999998832,0.0010226999999997095,0.0010226999999996846,0.0010226999999996917,0.21511176325861378,9.743251775740145,0.8785617277477843,-0.004176496440214419,-0.01914268439865116,-0.0032907430272502243,3.3579376202821734,-23.407500953674315,14.956500568389892,973.8210327148438,0.006046947682543161,27.980009042756738
2025-03-01T17:24:32Z,40.149756094852115,-75.9127265433479,169.62308946441334,-3.8342435876222387,-11.571021411709939,-0.010933144300746841,1.5359711443080697,6.240417933763966,1.4525542648216696,0.0009999999974038768,0.001000000001285077,0.0009999999948316469,0.0009999999940786873,0.0009999999890704932,0.0009999999876163224,0.00005096099183044443,0.00005100177082956321,0.8383852734768145,41.28363914978453,58.13374508347781,0.018503520726766802,0.0004942153259693192,0.0005249990958059795,0.006706540495430237,0.00327099999999986,0.0032709999999998955,0.0032709999999998825,0.0010227099999997095,0.0010227099999996845,0.0010227099999996917,0.1145223412327516,9.710604188699095,0.5029441426121756,0.00014912695506514098,-0.01046089336841257,-0.0006645250691510284,3.215625140666962,-23.419313430786133,14.873625593185425,973.5799365234375,-0.05477204593843336,27.928952377878026
2025-03-01T17:24:33Z,40.14258152126146,-75.91267228012906,170.36956519113625,-5.115215737592426,-11.120583743646039,-0.012627206340607752,1.5312169890978562,6.238387273969007,1.4326448856343388,0.0009999999974525373,0.0010000000011223947,0.0009999999949812642,0.000999999993792244,0.0009999999890436164,0.0009999999875611376,0.000051956751891180457,0.00005200188686474762,0.8482771716601023,43.192733743031354,60.91485833690916,0.018607039892134854,0.0004996431526243849,0.0005330149869899903,0.006714433632333364,0.0032719999999998584,0.0032719999999998974,0.003271999999999884,0.001022719999999709,0.001022719999999684,0.0010227199999996912,0.23018654328347576,9.71693069839349,0.4292694007340348,-0.0008574649952898813,-0.018053307822530965,0.0030215266875893597,3.4327501612901687,-22.64756338119507,15.262688131332398,973.0482836914063,-0.049985209583349934,27.525311026483255
2025-03-01T17:24:34Z,40.137404701469116,-75.91262443617659,170.88409040163492,-6.171866558231298,-10.541807374058532,-0.033138560044874914,1.5243378142533874,6.24504892566602,1.4198442910621738,0.0009999999976853188,0.0010000000009050478,0.0009999999949997565,0.0009999999935812892,0.0009999999893062527,0.0009999999878913019,0.00005295228676968951,0.00005300200796220872,0.8577620625673689,45.09808926443736,63.69279521931965,0.018008802552789138,0.0005035428294251559,0.0005408914025728194,0.006724531683463115,0.0032729999999998576,0.0032729999999998967,0.003272999999999882,0.0010227299999997098,0.0010227299999996846,0.00102272999999969,0.32305095285089985,9.720136202576562,0.34301728769075307,-0.0038966006390567607,-0.011171899368305184,-0.005541428930466226,3.4595626282691954,-22.64568820953369,15.194250621795653,973.124990234375,-0.0476308096672121,27.489238279324674
2025-03-01T17:24:35Z,40.13082108513305,-75.91247602137263,171.51749664283713,-7.726122546701969,-9.555627472818957,-0.05697365546532421,1.526808171953491,6.249171961109521,1.4059034777859556,0.0009999999976579442,0.001000000000622141,0.0009999999949509056,0.0009999999938448084,0.000999999989428221,0.0009999999881314659,0.00005394764516293369,0.00005400213408772987,0.8640793409059357,47.04240615693461,66.45662055760559,0.016946380035249658,0.0005074199646548502,0.0005481026297205931,0.006733778999404296,0.0032739999999998595,0.0032739999999998977,0.0032739999999998803,0.0010227399999997104,0.0010227399999996854,0.001022739999999689,0.27289843262342617,9.714936740238556,0.12047562718906965,0.0064016452549805,-0.012097376643230838,-0.0022319107806915922,3.5426251342892647,-22.428563270568848,14.724000577926637,972.9719702148437,-0.05977558920612861,27.06259560775021
2025-03-01T17:24:36Z,40.122954376649226,-75.91221739059287,172.24636868867123,-9.217595601213674,-8.308534710662089,-0.0919082657975292,1.5245518411594927,6.251786620337117,1.386987125388212,0.0009999999977582505,0.0010000000004970343,0.000999999994747522,0.0009999999936391747,0.0009999999890598719,0.0009999999883792939,0.00005494286021069825,0.00005500226520673628,0.8675594600920166,49.080967656127335,69.11367914996409,0.01674763962354697,0.0005117664310776742,0.0005544843935257081,0.006742513236292308,0.0032749999999998605,0.0032749999999998987,0.0032749999999998813,0.001022749999999711,0.0010227499999996858,0.0010227499999996895,0.1528584927120383,9.683550809859607,0.3935764496972984,0.002257945271465698,-0.01692320842232117,-0.00008370262930207828,3.5332501411437987,-22.216500940322877,15.128063049316406,972.816650390625,-0.08667949572374749,27.109265989221974
2025-03-01T17:24:37Z,40.11181943703722,-75.91173046906894,173.28579441773073,-11.284703129190866,-6.095100751537179,-0.08832942062525369,1.5175901495390238,6.258383964641017,1.371494211531597,0.0009999999977864432,0.0010000000008887084,0.00099999999499145,0.0009999999934156086,0.0009999999890916611,0.0009999999886870792,0.00005593795641631651,0.00005600240132795557,0.8691912963158803,51.206611533451124,71.72229024917809,0.01613135682236956,0.0005161509818992411,0.000560566679778592,0.006751892797625073,0.0032759999999998598,0.0032759999999998984,0.0032759999999998806,0.0010227599999997115,0.0010227599999996864,0.00102275999999969,0.24349940422987765,9.690363186132215,0.33077859003829707,-0.0004517229510162341,-0.012714082742315096,-0.002146622636036574,1.9312500697374344,-22.76512596130371,14.849250593185424,972.5080712890625,-0.08061486092433298,27.24845236810449
2025-03-01T17:24:38Z,40.10289769606776,-75.91129862138199,174.11452433750344,-12.719925882833977,-4.10539987246954,-0.042708776966571174,1.5091265508186744,6.263767425183279,1.3532345261563827,0.000999999997970101,0.0010000000010197973,0.0009999999947857626,0.0009999999937358576,0.0009999999891404175,0.0009999999884717776,0.00005693295382767867,0.00005700254283532969,0.8685373251189593,53.459587755354406,74.2853232739488,0.015496877639097902,0.0005211467684022357,0.0005661744101794607,0.006761281467737665,0.003276999999999858,0.0032769999999998963,0.003276999999999879,0.0010227699999997115,0.0010227699999996866,0.00102276999999969,0.299259359617758,9.745963691710536,0.5379035385773001,-0.0036369001310986747,-0.01617998908021233,-0.002018107438322944,1.8571875766292214,-22.290188426971437,15.221813173294068,972.5481298828125,-0.014520105668806575,27.055544503684697
2025-03-01T17:24:39Z,40.09139022571271,-75.91066214922964,175.19755770100124,-14.448931449198975,-1.4993687212420346,-0.07694173974360341,1.5064710906450645,6.269113606103634,1.3351317292882854,0.0009999999978394672,0.0010000000008037122,0.000999999994580679,0.0009999999938791787,0.0009999999890112452,0.0009999999882907384,0.00005792786389373077,0.00005800269019434162,0.8662090079815519,55.82173419682351,76.79127358092687,0.015061140896777585,0.0005266067372711476,0.0005716803107809503,0.006770449958882869,0.0032779999999998565,0.0032779999999998956,0.0032779999999998774,0.0010227799999997106,0.001022779999999686,0.0010227799999996889,0.1866600592982353,9.642545924639073,0.5849277322329813,0.0033736915701097947,-0.015708322210095632,-0.0006745390124935312,3.018562622666359,-22.2352508354187,14.717250633239747,972.2763403320313,-0.11812481636199876,26.834918209483252
2025-03-01T17:24:40Z,40.07779356038784,-75.9098405867778,176.433576065868,-16.22074938677106,1.7524041144909503,-0.12192537921836141,1.4890836927218758,6.276924891545094,1.3155938770001916,0.000999999997950415,0.001000000001318413,0.00099999999466319,0.0009999999939500665,0.0009999999892543014,0.0009999999886441565,0.00005892269131424772,0.00005900284392116188,0.8626276098497972,58.291854741236676,79.27410943508126,0.014557216677096058,0.00053248355972669,0.0005772252816135905,0.006780070401355627,0.0032789999999998584,0.003278999999999897,0.003278999999999878,0.0010227899999997107,0.0010227899999996858,0.0010227899999996895,0.2448226396258174,9.601835988997609,0.7640252804136701,-0.010580396199153333,-0.01681121654858276,-0.0023744457139111483,3.600937651395798,-22.148250770568847,14.307375583648682,972.0174145507813,-0.14527442313137454,26.61221622480724
2025-03-01T17:24:41Z,40.21550291425434,-75.91281275835829,182.74769511200924,10.636258420840925,29.1586959736327,0.365974384519177,1.5272369674326782,0.08179521984625286,1.3178832836169863,0.0009999999978560642,0.0010000000018149451,0.0009999999942223168,0.000999999993541412,0.0009999999898352425,0.0009999999886751026,3.075064185051572e-10,3.07505799354547e-10,0.49340571901513586,0.005476742223668961,0.005476864736321751,0.010312137968011106,0.00016444224343613523,0.00017473056010380383,0.006653144091505782,0.003279999999999857,0.003279999999999895,0.003279999999999879,0.001022799999999711,0.001022799999999686,0.0010227999999996907,0.28139295485944865,9.658505995113325,0.688212678971915,-0.006131263982440363,-0.01304421769645552,-0.0036165378011205106,4.208062686920166,-21.84300081253052,14.103750562667846,971.835224609375,-0.09664953429710356,26.33889846139473
2025-03-01T17:24:42Z,40.215687274775235,-75.91246398571798,183.24163239601387,11.03226203815214,30.140630356362863,0.24297764648388134,1.5248702165432655,0.0861932226898886,1.3025106798833073,0.0009999999979579484,0.0010000000015757105,0.0009999999944126541,0.000999999993738474,0.0009999999895487662,0.0009999999888926588,1.0003075066079417e-6,1.0003075062335644e-6,0.5257714890946853,0.02944515601907937,0.025510390120495524,0.010998414921090457,0.00017474214273774627,0.00018451735008329458,0.00666197463147541,0.0032809999999998587,0.0032809999999998955,0.0032809999999998778,0.0010228099999997097,0.0010228099999996846,0.001022809999999691,0.2438916609313587,9.69801245148274,0.5692370968895923,-0.0009524327999160133,-0.015467981965879944,-0.0049405787983243235,4.620375158786774,-22.201875820159913,14.119500579833984,971.8104956054688,-0.06608615802716973,26.713830333965205
2025-03-01T17:24:43Z,40.21587742037419,-75.91210338878172,183.5966072813078,11.261610558884213,31.15788231075771,-0.03077750401999484,1.5189965964243999,0.0864972088514257,1.287688883765947,0.0009999999981979357,0.001000000001625828,0.0009999999949216749,0.000999999993846864,0.0009999999893983663,0.0009999999891809478,2.000307507123953e-6,2.0003075103439026e-6,0.5594652892731182,0.09974683069982518,0.08032530785611962,0.011973067467788442,0.0001849299044858973,0.0001943233920679855,0.006671543292282493,0.003281999999999859,0.003281999999999896,0.003281999999999878,0.0010228199999997105,0.0010228199999996854,0.0010228199999996917,0.22564018726801435,9.54811704063258,0.4166671946477139,-0.004451385527098003,-0.01510079567889814,-0.0009898191061711334,5.218312680721283,-22.443750801086427,13.827750558853149,971.724775390625,-0.2241078004354478,26.87297312359446
2025-03-01T17:24:44Z,40.21606857877422,-75.9117313990821,183.9227431260063,11.538727326234863,32.068552205740495,-0.17527164300252376,1.510851910984815,0.08969803339547086,1.2788969867430595,0.000999999998364261,0.001000000001575892,0.0009999999950695748,0.0009999999937898817,0.0009999999897202102,0.000999999989070833,3.0003075074593897e-6,3.000307525806253e-6,0.5941900513017089,0.21504381330435463,0.1742106606141554,0.013148720322719461,0.00019514831122693671,0.000204168835882488,0.006680743081298484,0.00328299999999986,0.0032829999999998962,0.003282999999999879,0.00102282999999971,0.001022829999999685,0.001022829999999692,0.11711128942873072,9.644428876406185,0.5556646873268897,-0.007181250824012536,-0.00892872406184447,-0.003959189439045404,5.662687714099884,-22.365188369750978,14.209125633239745,971.5394799804687,-0.12295381176469315,27.095464072012287
2025-03-01T17:24:45Z,40.21624954229881,-75.91134898106525,184.3656474815111,11.703265948849417,32.92179633702144,-0.36040522257617896,1.5104539195998992,0.09013435922385386,1.2677714354087037,0.0009999999985404325,0.0010000000015505048,0.0009999999950702405,0.0009999999938253368,0.0009999999895022383,0.0009999999889604026,4.0003074957797805e-6,4.000307565034109e-6,0.6299406813707775,0.37575912806427064,0.30416693121578364,0.014453963514515231,0.00020533968914561852,0.00021382977561010613,0.006690284122505792,0.0032839999999998595,0.003283999999999898,0.003283999999999879,0.00102283999999971,0.001022839999999685,0.001022839999999693,0.04637788504541202,9.572364424703931,0.49387559749694604,0.0008020510813234361,-0.01115053648094537,-0.0021402814054689943,6.094312760829926,-22.433250732421875,13.771875534057617,971.2739868164062,-0.19898226168220748,27.01949646033835
2025-03-01T17:24:46Z,40.2164292674437,-75.91095688659695,184.41263030920047,11.919141291314487,33.765316817170614,-0.48792802110972044,1.5007104051263866,0.0874272555898614,1.260083786502408,0.000999999998642261,0.001000000001435788,0.0009999999950663387,0.0009999999934901236,0.0009999999894437133,0.0009999999887408207,5.000307427687628e-6,5.000307645417809e-6,0.666761968832235,0.5866228735025283,0.4765226316631302,0.015927989118474928,0.00021537174480621693,0.00022321040945930083,0.00670045160593346,0.003284999999999859,0.0032849999999998982,0.0032849999999998787,0.001022849999999709,0.0010228499999996843,0.0010228499999996924,0.06713661267241369,9.648547655072772,0.5869282906059555,-0.009003830271858086,-0.0075868250418777376,0.0011480410775547474,5.829187707901001,-23.27137580871582,13.2219380569458,971.495888671875,-0.11767849910241635,27.392575930770732
2025-03-01T17:24:47Z,40.21659362688379,-75.91055706550182,184.30424342503076,11.625454292141228,34.32309996639124,-0.7113638979828962,1.4986237618716196,0.0867116486193071,1.2612002857010984,0.0009999999984836162,0.0010000000012795377,0.000999999995235849,0.0009999999935482627,0.0009999999897693983,0.0009999999884997216,6.000307193811363e-6,6.000307788012466e-6,0.7039943129128535,0.8258927398393509,0.669393505116896,0.01680362068903574,0.00022536785264571523,0.00023219939893612704,0.006710291249720587,0.00328599999999986,0.0032859999999999,0.0032859999999998797,0.0010228599999997077,0.0010228599999996836,0.0010228599999996934,-0.30285457216439965,9.54053988361215,0.2279931251095895,-0.00223191090561611,0.001636899452657803,-0.0006742050652335282,5.00718766450882,-22.85437587738037,12.912563009262085,971.5158520507813,-0.23629340671439075,26.723135772390698
2025-03-01T17:24:48Z,40.216734348319356,-75.91015090444147,183.99524825134498,11.669264562351445,35.003948319959086,-0.9373690955318525,1.5062494918071212,0.08725050768625421,1.2545852568666669,0.000999999998396979,0.0010000000012652262,0.0009999999954192287,0.0009999999931951113,0.000999999989504984,0.0009999999884121311,7.000306581513865e-6,7.000308018292208e-6,0.7408586678068114,1.1261793715093826,0.9098263958051859,0.018108707336081015,0.00023552670205470745,0.00024039712811945314,0.006719478749018429,0.0032869999999998595,0.003286999999999901,0.0032869999999998786,0.0010228699999997066,0.001022869999999684,0.001022869999999692,-0.041677983063929835,9.538585701623273,0.4759294314134079,0.008010255888424965,-0.005612028968844853,-0.0028733186532293306,4.610812673568725,-22.95356325149536,13.065563006401062,971.5554418945312,-0.2339022556977643,26.811039967810235
2025-03-01T17:24:49Z,40.21680994138277,-75.90974153401442,183.78172109855998,12.073319936272755,35.29226056657155,-0.9387614113653141,1.5136700130034488,0.087504726253558,1.2478054936895664,0.0009999999983621034,0.001000000001310139,0.0009999999951544624,0.0009999999930044635,0.0009999999894096463,0.000999999988689208,8.000305238603029e-6,8.0003083685292e-6,0.7768517387279014,1.4554707936070785,1.207646409135086,0.01886294720877333,0.00024570590201070797,0.0002477595524771984,0.0067282402917166,0.0032879999999998596,0.0032879999999999,0.003287999999999879,0.0010228799999997056,0.0010228799999996842,0.0010228799999996915,-0.21909989958841242,9.69989532508098,0.8579056385574165,0.00757964600162654,-0.00504322345919677,-0.0037689198717691004,5.014875185489655,-23.17931339263916,12.80156304359436,971.4600415039063,-0.04425694828003341,26.950080012928993
2025-03-01T17:24:50Z,40.216853305277446,-75.9093323128244,183.53950817468615,12.55934474393323,35.296036242621625,-0.9213564675037929,1.5039984197110616,0.08791107357406225,1.251839425101572,0.0009999999980945952,0.0010000000015140682,0.0009999999950871556,0.00099999999321095,0.0009999999893183372,0.0009999999884541151,9.000302644944316e-6,9.000308876924487e-6,0.8099728784924043,1.8089942151059704,1.5499257253070609,0.01903842402770684,0.0002557561986837826,0.000254368032230631,0.0067369029297683885,0.0032889999999998597,0.0032889999999999005,0.0032889999999998797,0.0010228899999997067,0.001022889999999685,0.0010228899999996904,-0.42437008664841575,9.69360072517264,1.0303464433003244,-0.010468403505926897,0.005902772104674613,-0.0034230971198421483,5.222250199317932,-23.15437581062317,13.241625471115112,971.534794921875,-0.027045805896831757,27.179677921375685
2025-03-01T17:24:51Z,40.21682986429843,-75.90892642864952,183.372566487493,12.754421504280002,35.27519326932854,-0.9367985011497848,1.5063535839943787,0.08215446611142449,1.2479537343417675,0.000999999997839741,0.0010000000013152962,0.0009999999950156529,0.0009999999930852693,0.0009999999894182996,0.0009999999880763416,0.000010000298095600386,0.00001000030958260336,0.8387448441294021,2.2154199374592833,1.9112334678281222,0.019107088241194073,0.0002656661643214661,0.0002600323557343592,0.006746100164908349,0.0032899999999998594,0.0032899999999998998,0.003289999999999879,0.0010228999999997062,0.001022899999999685,0.001022899999999691,-0.4220975630586753,9.665924984727189,0.7880430698983766,0.002242089442796872,-0.0019488426042074797,0.00160869312714611,5.6341876912117,-21.33768836975098,13.05000051498413,971.5269067382812,-0.07730522090659833,25.63866058988078
2025-03-01T17:24:52Z,40.21684493674787,-75.90851913415699,182.94116795349026,12.850096641271126,35.36504310717319,-0.972631439606409,1.5053985295928123,0.07925490121356281,1.2495469533261923,0.0009999999979332498,0.0010000000017040293,0.0009999999952254215,0.0009999999928420327,0.0009999999892529008,0.0009999999880408498,0.0000110002906958737,0.00001100031052549098,0.8628181578163755,2.675167193394912,2.2955385071943133,0.01907194461941806,0.00027560147692342566,0.00026500861668980573,0.006754866767881642,0.0032909999999998583,0.0032909999999999016,0.0032909999999998804,0.0010229099999997055,0.001022909999999684,0.0010229099999996911,-0.3797040653306498,9.683072271981514,0.6660391954841886,-0.0013359756091690692,0.0030520691961938087,0.00021154804198965566,5.206125195026398,-23.95106342315674,13.751250486373902,971.7332397460938,-0.0711176075407185,28.10429157344656
2025-03-01T17:24:53Z,40.21676674480159,-75.90811543391874,182.59455061799582,13.024953089941247,35.39274226066024,-0.9940104497506592,1.5043936551360324,0.0735579169716222,1.244998553609781,0.0009999999978621173,0.0010000000015072952,0.000999999994854163,0.0009999999923475413,0.0009999999894969467,0.0009999999881705618,0.000012000279362907206,0.000012000311750586955,0.8825025283456437,3.1914391783112337,2.7138289342511994,0.01916100738094374,0.0002855209947732947,0.000269280491401493,0.0067636902905053664,0.0032919999999998575,0.0032919999999999018,0.003291999999999881,0.0010229199999997047,0.0010229199999996833,0.0010229199999996904,-0.2660449863924777,9.685624638237838,0.7656603719397697,-0.0009083704961440822,-0.002791870154481126,0.001871064054321222,5.64993771314621,-23.696438331604003,13.14693802833557,971.7168823242188,-0.06501513061108172,27.68180168633128
2025-03-01T17:24:54Z,40.216539256691725,-75.90771849545256,182.41572707208795,13.020017456700616,35.36960266057605,-0.9888289797728552,1.5053511231121348,0.0687138853013654,1.2360767364762406,0.0009999999980176584,0.001000000001101173,0.0009999999946541107,0.000999999992309719,0.0009999999897196713,0.0009999999885725247,0.000013000262839656662,0.000013000313304120304,0.8986638228668887,3.7755984298764056,3.1470906760101336,0.019341743177830363,0.00029556867616306083,0.00027295374811401327,0.006771967660231919,0.003292999999999857,0.0032929999999999,0.003292999999999881,0.0010229299999997047,0.0010229299999996832,0.0010229299999996904,-0.15869093971271944,9.70879973527101,0.6021482189212337,0.0013207852176241282,-0.0064251802856128285,-0.00037411401092872943,5.482875208854676,-24.11925085067749,12.711938028335572,971.64712890625,-0.055745780579664464,27.809903215634804
2025-03-01T17:24:55Z,40.21631660276932,-75.90732226750964,182.0966703348194,12.8534803244142,35.30805091794335,-1.0324496675398611,1.5051826854093922,0.06443216937974441,1.2361800822998117,0.0009999999982474236,0.0010000000012050166,0.000999999994434497,0.00099999999231647,0.000999999989646259,0.0009999999890053285,0.000014000239713809657,0.000014000315230389279,0.9113925089078829,4.402583202475054,3.5864364659546406,0.019149337826961745,0.0003055206449495909,0.0002762557403723524,0.006780278658279583,0.003293999999999858,0.003293999999999901,0.003293999999999882,0.0010229399999997042,0.0010229399999996827,0.0010229399999996899,-0.2392453665583129,9.675494979857298,0.460535610574366,-0.00037895381209374415,0.0022172215914245895,0.00027263461451062045,5.576250224113465,-22.607063312530517,13.400250539779663,971.7587109375,-0.09508339935584406,26.865179233568313
2025-03-01T17:24:56Z,40.215945574512524,-75.90693561495384,181.93842290688838,13.110245009817865,34.84308776400551,-0.8857980851357231,1.4944978624785548,0.06335663090032947,1.2381957992873083,0.0009999999985293331,0.001000000000810051,0.0009999999944657419,0.000999999992463447,0.0009999999899851333,0.0009999999889953785,0.000015000208388110584,0.00001500031758498774,0.9200509372059236,5.056861059329477,4.093599850038562,0.018694603733534865,0.0003156095727436992,0.00027927655942510874,0.006787897177604857,0.0032949999999998597,0.0032949999999998996,0.0032949999999998805,0.001022949999999704,0.0010229499999996814,0.0010229499999996896,-0.33862335085485934,9.806866190299408,1.0552938988363665,-0.010986637851944628,0.004750641359262889,-0.0034684946678490087,5.281687684059143,-23.636250801086426,12.660375499725342,971.7223876953125,0.08486177466096526,27.328572956848934
2025-03-01T17:24:57Z,40.21549763470145,-75.90655596111566,181.7875221161272,12.979803250834841,34.64889339607997,-1.0085197177154284,1.4983215611798815,0.055988501136046226,1.230177334176515,0.000999999998556279,0.0010000000007517808,0.0009999999944556989,0.0009999999924951788,0.000999999990276522,0.000999999989351574,0.00001600016710339727,0.000016000320424097838,0.9255737200619565,5.7932121261098874,4.575508678866732,0.018616126822381517,0.0003255502150405617,0.00028200408051354926,0.006796444168463284,0.0032959999999998607,0.0032959999999998997,0.0032959999999998806,0.0010229599999997028,0.0010229599999996813,0.0010229599999996891,-0.11134900688729643,9.581496945062463,0.6206952040225973,0.0042025320549423885,-0.005724020345676639,0.002074685781848269,5.013000190258026,-24.28800090789795,12.782812967300416,971.7457177734375,-0.1821804894345852,27.900441276993668
2025-03-01T17:24:58Z,40.21479230745617,-75.90619143086009,181.77641393236536,12.902110520055244,34.06427982900692,-0.9661153487670255,1.4973477349548132,0.05298044177018444,1.2280344663698535,0.0009999999983820547,0.0010000000007299652,0.0009999999943168165,0.0009999999928115295,0.000999999990554252,0.0009999999894694835,0.000017000113952348578,0.00001700032380020053,0.9287027688650682,6.568157951210544,5.097400204109913,0.018224938103462502,0.000335632832461915,0.0002846886406052211,0.006804172220265458,0.0032969999999998617,0.0032969999999999007,0.0032969999999998808,0.0010229699999997016,0.0010229699999996802,0.0010229699999996884,-0.21655344055572817,9.707957656223815,0.7931778345399411,-0.0009223900425819916,0.0010554091527458097,-0.0029277286247670294,5.025000188350678,-23.25131341934204,13.113000497817993,971.6525,-0.04162124173133606,27.162883074783004
2025-03-01T17:24:59Z,40.21384554866156,-75.90584372998524,181.87139900576685,12.48002027426258,33.32607106527161,-1.0363272619813209,1.4992489171117602,0.050095837804394916,1.2259343442066666,0.0009999999982388589,0.0010000000008323214,0.0009999999944205141,0.0009999999931810382,0.000999999990460128,0.0009999999897356217,0.000018000046812790156,0.00001800032777111685,0.9288893867721371,7.390735267125384,5.605872262199218,0.017604125237381217,0.00034573881365457005,0.00028739922866699114,0.006811826426160821,0.0032979999999998627,0.0032979999999999017,0.003297999999999882,0.0010229799999997022,0.001022979999999679,0.0010229799999996888,-0.28370611041598065,9.600338175475844,0.5057684587575532,0.0019830563633099424,0.0014740025107521835,-0.00374889131265346,5.781187732219696,-23.78025094985962,13.630688104629517,971.5777416992188,-0.1664064393520888,28.012769779728647
2025-03-01T17:25:00Z,40.21199649204135,-75.90554383062654,182.62055777207988,11.898614906322347,31.771275438775586,-0.9450831897982106,1.5006849300549099,0.0358845408184961,1.222060268207526,0.0009999999986961797,0.0010000000008409142,0.000999999994285012,0.00099999999345138,0.00099999999056692,0.0009999999895475363,0.00001899996326254098,0.00001900033239715491,0.925827318770267,8.256413828581094,6.148696267312693,0.016792339883868353,0.00035558063865001865,0.00029029090578362477,0.006820779673171831,0.003298999999999863,0.003298999999999902,0.0032989999999998828,0.0010229899999997026,0.0010229899999996783,0.0010229899999996883,-0.35067114614767547,9.686860965727927,0.592659298562126,0.001565632193028124,0.0010260354133726627,0.0036934778245053756,5.8953752517700195,-23.946938381195068,13.087875633239745,971.1432055664062,-0.07274468448143354,27.91954424829178
2025-03-01T17:25:01Z,40.2099382756412,-75.90526567193544,183.4771254238017,11.500702686520759,30.150612290866945,-0.7665349797641621,1.4991679366908122,0.028313197376870103,1.217310168932369,0.0009999999986360208,0.0010000000010478654,0.0009999999942769712,0.00099999999358498,0.0009999999904289818,0.0009999999895857151,0.000019999860485292232,0.000020000337756846676,0.91998068820701,9.185359828702087,6.7441214507249905,0.016128539798285848,0.00036562581598007226,0.00029348502587294,0.006828790083569959,0.003299999999999864,0.003299999999999903,0.0032999999999998833,0.0010229999999997027,0.0010229999999996778,0.0010229999999996882,-0.22062972878363354,9.77128763455166,0.7947115994640294,-0.0013730284412113158,0.00038445980416107256,-0.002667360467002373,5.239875195026397,-22.885688343048095,13.211250534057617,971.0523803710937,0.02217971239156458,26.939662559495147
2025-03-01T17:25:02Z,40.20775018299697,-75.90500441560599,184.380454501347,11.118889668032844,28.543760967325458,-0.6704736014980834,1.496802041817503,0.021082075757845875,1.2084769759528746,0.0009999999989454876,0.0010000000009543935,0.000999999994492909,0.0009999999935915273,0.0009999999901199419,0.0009999999895487805,0.000020999735245738943,0.000021000343936275556,0.9121775416640686,10.163031190540478,7.36834597077999,0.015493560593731028,0.00037569788883752006,0.00029702989246760603,0.006836977712159595,0.003300999999999865,0.0033009999999999034,0.003300999999999884,0.001023009999999703,0.001023009999999678,0.0010230099999996886,-0.17938492747259832,9.699223819413728,0.8311838327119856,-0.002109738416453135,-0.004135772621932625,-0.0025780669673550046,5.613562705516816,-23.37862590789795,13.17543800354004,970.9882568359375,-0.04723360142380314,27.416447778890017
2025-03-01T17:25:03Z,40.20602588935557,-75.9047369011104,184.83692501560355,10.506611071387706,27.316709317782447,-0.7544240026324971,1.4937555696917184,0.015240864376307391,1.208369655910631,0.000999999998639918,0.0010000000008238408,0.000999999994475228,0.0009999999938425153,0.0009999999901056046,0.0009999999899068242,0.000021999583704342474,0.000022000351010983384,0.9021833692535712,11.178466231323357,7.984306258146954,0.014629624295145869,0.00038565101807794467,0.0003011678953629813,0.006845574767277307,0.003301999999999866,0.0033019999999999044,0.003301999999999885,0.0010230199999997028,0.0010230199999996777,0.0010230199999996883,-0.2970823816122233,9.587667947736941,0.5260878337531412,-0.002995325013388378,0.0030582451299081266,-0.0005543689674531878,6.043500235080719,-23.708438415527343,12.95306305885315,971.1749462890625,-0.17682469876614937,27.683803374024997
2025-03-01T17:25:04Z,40.204097696807096,-75.90448236005392,185.26763600878078,10.091133954196584,26.10697777484157,-0.7034733865193064,1.4970009125950952,0.009788120853124322,1.202281194255154,0.0009999999985121169,0.0010000000005969494,0.0009999999943207244,0.0009999999938361882,0.0009999999899776655,0.0009999999895694495,0.00002299940131220349,0.000023000359070969972,0.8904222250927158,12.2781221760534,8.673590732187645,0.014040417950765806,0.0003956707095323749,0.00030583555961201007,0.006854280923221057,0.0033029999999998655,0.003302999999999904,0.003302999999999885,0.0010230299999997021,0.0010230299999996772,0.0010230299999996878,-0.16411074256140082,9.715614683468313,0.7107849724150873,0.003337139573517772,-0.003056578013969251,-0.0010916296515264894,6.1981877517700195,-23.083313331604003,13.005000524520874,971.1204467773438,-0.04040149281270535,27.21000095910406
2025-03-01T17:25:05Z,40.20146797235293,-75.90425263848448,185.96013893230634,9.571309308149676,24.51622747190413,-0.6884276060718622,1.495179708082092,0.004950538522881447,1.198840055889124,0.000999999998648096,0.0010000000005787233,0.0009999999939596727,0.0009999999939254954,0.0009999999898468235,0.0009999999895486831,0.000023999182708241604,0.000024000368224635507,0.877496387855067,13.415148195332547,9.404477338083458,0.01338994849916753,0.0004056646558927537,0.000311194611985676,0.006862902424746779,0.0033039999999998643,0.003303999999999906,0.0033039999999998865,0.0010230399999997012,0.001023039999999676,0.0010230399999996867,-0.27501807401180495,9.660141061782241,0.7205556684938241,-0.0018348483666451574,0.00010973811565873895,-0.0023439026949813426,6.22068776845932,-23.10918836593628,13.397813100814819,970.8988549804687,-0.09229229042700317,27.426814341045723
2025-03-01T17:25:06Z,40.198945409097355,-75.90402577559159,186.43258433425228,8.885296301232133,22.93629280530488,-0.7559856746634743,1.4963284575578812,6.282294116941615,1.2014180299896169,0.000999999998453918,0.0010000000005041063,0.0009999999939346476,0.000999999993795834,0.0009999999899369795,0.0009999999894099232,0.000024998921005945026,0.000025000378575418106,0.8626902425787988,14.580338391312432,10.16496888549647,0.012718575761910003,0.0004155743608464627,0.00031739507823036434,0.006872058411312757,0.0033049999999998653,0.003304999999999906,0.003304999999999887,0.0010230499999997022,0.0010230499999996769,0.0010230499999996877,-0.5127894545733601,9.611517739905107,0.5651967587641338,0.0010604164278206385,0.0052813924681245,0.0005171478019163692,6.3495002722740175,-22.781813354492186,13.440188055038453,970.9416088867188,-0.14121579628873165,27.202261985023497
2025-03-01T17:25:07Z,40.19674934186355,-75.90379566651887,186.64448989908118,8.529176167251725,21.785820890355215,-0.6928105580264492,1.493719755533601,6.279314423841052,1.1970798275054508,0.0009999999986448607,0.0010000000005682026,0.000999999994060852,0.0009999999939682433,0.0009999999899843609,0.0009999999892537313,0.00002599860797041937,0.000026000390246930926,0.8470259071359508,15.863694643292572,11.029450668675482,0.012414542441144264,0.0004255674180390876,0.0003243475252947112,0.006881172499725742,0.0033059999999998655,0.003305999999999906,0.0033059999999998863,0.001023059999999703,0.001023059999999677,0.0010230599999996887,-0.2613789795174635,9.75645221773733,0.7456404268268303,-0.0027511454504029727,-0.0022726350594089945,-0.0012239839067952635,5.948812718391419,-23.301938400268554,12.82125054359436,971.055458984375,0.005548249893892366,27.253447397355057
2025-03-01T17:25:08Z,40.194857526248654,-75.90356154406966,186.71185014625308,8.149211689436298,20.98806339907545,-0.631372631372324,1.4988032249848837,6.272305874088241,1.189674784437742,0.000999999998705731,0.0010000000004201633,0.000999999993986891,0.0009999999940410761,0.000999999989966704,0.0009999999890044112,0.00002699823489517619,0.00002700040336970659,0.8323986417842533,17.246991693728923,11.960288530864169,0.012312081007002294,0.0004356076659670116,0.0003320398165520291,0.006891242523235149,0.003306999999999867,0.0033069999999999072,0.0033069999999998877,0.0010230699999997034,0.0010230699999996774,0.0010230699999996889,-0.1439417344621099,9.785879961607318,0.5924592452203916,0.004845775873636072,-0.006294996090704604,0.0038118117334697,5.675625205039978,-22.727063312530518,13.094625520706177,971.1614794921875,0.022103931400178002,26.836516389167002
2025-03-01T17:25:09Z,40.19297536380973,-75.9033255385814,186.81918337143972,7.892024182323632,20.259748263487957,-0.46006629920156566,1.5052206246416546,6.272562506717742,1.1864443046395996,0.000999999998819777,0.0010000000005043316,0.0009999999939585655,0.0009999999941393623,0.0009999999898408416,0.0009999999888219795,0.000027997792462661637,0.00002800041807206751,0.8194613310863728,18.723290675502007,12.990098239189233,0.012299854094356874,0.0004455460645646453,0.00034045079079144395,0.006900400727248409,0.0033079999999998675,0.0033079999999999074,0.0033079999999998887,0.0010230799999997023,0.0010230799999996773,0.0010230799999996882,-0.12462916014648691,9.900659599939562,0.6276343912964591,0.006126755187969362,-0.0019162964722857084,-0.0024660755906427026,5.2458751988410945,-23.155313415527345,13.02112554550171,971.1879125976562,0.13865209626929664,27.078306778059325
2025-03-01T17:25:10Z,40.190577768309204,-75.90308682253927,187.17617865055075,7.468834573936143,19.503827177065098,-0.30994363667984126,1.514346209860035,6.2682561067538485,1.1845574899932436,0.000999999999041155,0.0010000000004679994,0.0009999999939356097,0.0009999999941460503,0.0009999999899611095,0.0009999999886816128,0.000028997270573148912,0.000029000434478818507,0.8083830805083456,20.27808613488605,14.08312652239603,0.01250463769057533,0.00045548742847577225,0.0003494520339460874,0.006910390962778212,0.0033089999999998667,0.0033089999999999058,0.003308999999999888,0.0010230899999997029,0.0010230899999996777,0.0010230899999996886,-0.19808881949266982,9.889174118677271,0.3685315828917737,0.008671190921419304,-0.0008472833782219564,0.002369770004889471,4.97287519082427,-22.679438171386717,13.987500619888305,971.0840576171875,0.11544661547595156,27.105973802814358
2025-03-01T17:25:11Z,40.187660056845985,-75.90284071862737,187.78668477166235,7.442959126124122,18.550472348698097,-0.09527430177536589,1.5132784073856147,6.267233274884494,1.1822957286445845,0.000999999998991926,0.0010000000006436074,0.000999999994223377,0.0009999999940824176,0.0009999999901370452,0.0009999999883065257,0.000029996658026603518,0.00003000045271895855,0.7992111863302648,21.893913815745552,15.30135351067882,0.012708210284380796,0.00046536603354068915,0.0003589261986447826,0.006920024295255712,0.0033099999999998686,0.003309999999999907,0.0033099999999998877,0.0010230999999997032,0.0010230999999996783,0.001023099999999689,-0.25966019988306105,9.927880269409712,0.7367346810319446,-0.0017126755158395476,-0.001081448855200623,-0.000531670091608816,4.4548126899451015,-23.14012586593628,15.060000600814819,970.9616357421875,0.17610206003256093,27.96625735627896
2025-03-01T17:25:12Z,40.18485790703381,-75.90258824111896,188.36938075870484,7.221062140881185,17.968429631786268,-0.17016861082766926,1.5161468579553496,6.26627426747473,1.1804758374570063,0.0009999999987807186,0.0010000000004553224,0.0009999999944876783,0.0009999999940562996,0.0009999999903070348,0.0009999999886047696,0.00003099594365721856,0.00003100047289755983,0.7923925108022852,23.578365657407108,16.550107934922703,0.013099106825704879,0.00047522094210293553,0.0003687348167559426,0.006929845053334891,0.0033109999999998674,0.003310999999999906,0.003310999999999887,0.0010231099999997023,0.0010231099999996772,0.001023109999999688,-0.15350256638873144,9.663889844257982,0.3899872195896406,0.00220704035121384,-0.0009694567928802263,0.00016064299950913443,5.689875209331513,-22.80581338882446,14.070188026428223,970.9511889648437,-0.1094201996502361,27.39429146543643
2025-03-01T17:25:13Z,40.18043816607771,-75.90229713847945,189.275638537659,7.329914507546944,17.233172568650588,-0.06719033326076351,1.517553191063893,6.2685643598095275,1.1777979470600979,0.0009999999988937163,0.001000000000658629,0.0009999999945364917,0.0009999999936707797,0.0009999999902272972,0.0009999999887333078,0.00003199511715334178,0.00003200049509887309,0.7882806297449991,25.350479733570893,17.92644648641315,0.01352914854636535,0.00048500893593792627,0.0003786964487887735,0.006939322272976755,0.003311999999999869,0.0033119999999999044,0.003311999999999885,0.0010231199999997031,0.0010231199999996773,0.0010231199999996888,-0.22274797634487484,9.801099947069057,0.6427869680581438,0.000329381907477882,-0.0015082194672794836,-0.0026072750298219544,6.371625285148621,-22.930313377380372,13.91775058746338,970.6426489257813,0.04237247303923701,27.569872208468688
2025-03-01T17:25:14Z,40.175706581696424,-75.90197964362831,190.2242217184944,7.355605546450232,16.742603265106425,-0.07196693240385917,1.5156126077103151,6.271171564404718,1.1811837659858146,0.0009999999991879187,0.0010000000009834252,0.0009999999945602075,0.0009999999938994474,0.000999999990402077,0.000999999989027779,0.00003299416921842045,0.00003300051938403399,0.786975927257191,27.19376025685039,19.357430842070418,0.014146051703272603,0.0004947456533643287,0.0003886577810726972,0.006948941429834131,0.00331299999999987,0.0033129999999999037,0.0033129999999998846,0.0010231299999997028,0.001023129999999678,0.0010231299999996885,-0.2596641273333804,9.701935679752962,0.4511238351567025,-0.003005672564920076,0.004273798878453686,-0.0017126755162475726,5.517750184535981,-22.812188358306884,14.10450057029724,970.5350170898438,-0.06636244786754322,27.382031557590718
2025-03-01T17:25:15Z,40.1707073264478,-75.90163067511175,191.21560731121016,7.638278176978241,16.394046910852055,0.0393201814141593,1.5130079279409017,6.271983996620065,1.180076834141965,0.00099999999918252,0.001000000001007676,0.0009999999946970384,0.0009999999940965584,0.000999999990610313,0.0009999999887746868,0.00003399309285279409,0.000034000545775367086,0.7886164041094548,29.133983724097963,20.898712330761906,0.0147534841729132,0.0005045353526228905,0.0003983250129810209,0.006959014403369679,0.0033139999999998717,0.0033139999999999043,0.0033139999999998847,0.001023139999999703,0.001023139999999678,0.001023139999999689,-0.2672701648880897,9.80521866319902,0.6531820222902172,-0.003766416657753055,-0.0006069436978190478,0.0007274456803833805,5.4616877138614655,-22.56168821334839,14.267813119888306,970.4276782226563,0.04837323883149828,27.24752326138875
2025-03-01T17:25:16Z,40.16688908060058,-75.90129680850104,191.9689693254588,7.721008882183516,16.45357417073856,-0.0009172489345767726,1.5129061014564433,6.2712810156951955,1.1778095067331396,0.0009999999989960219,0.001000000000723186,0.0009999999948145893,0.0009999999937975975,0.000999999990366887,0.000999999988780745,0.00003499188541777663,0.00003500057428079067,0.7929756204407411,31.163532804484078,22.47349498292616,0.015124025775564126,0.0005143434769547584,0.00040751264419905435,0.006969376315978024,0.003314999999999872,0.003314999999999904,0.003314999999999885,0.0010231499999997025,0.0010231499999996774,0.0010231499999996882,-0.08746066201148144,9.689851958591724,0.39006698036724147,-0.0009898188019043183,-0.0021911860010598266,0.0023801182130225146,5.538187708854675,-22.474500789642335,13.745625610351562,970.5200854492188,-0.08412430312915192,26.920516165427223
2025-03-01T17:25:17Z,40.16227749967052,-75.90090855323521,192.78625482995662,8.067777525530335,16.736036395081147,-0.05357217788362377,1.5149152708599452,6.272798391946594,1.1725104328922504,0.0009999999987910862,0.0010000000008566308,0.0009999999947405153,0.0009999999936095088,0.0009999999902424055,0.000999999988533371,0.0000359905494394799,0.000036000604925700556,0.799243875976442,33.267152981550524,24.112996498442136,0.015253976690477835,0.0005241328007601936,0.0004160740864460896,0.0069795661613703775,0.0033159999999998724,0.003315999999999905,0.003315999999999885,0.001023159999999702,0.0010231599999996769,0.0010231599999996877,-0.009414758251907282,9.658984509149464,0.4856203670907466,0.0008936809524829616,-0.005265872620036689,0.0008936808255624561,5.0126251792907714,-22.572000885009764,14.003625593185426,970.3587646484375,-0.11106346871454378,27.03184070763549
2025-03-01T17:25:18Z,40.15726947786676,-75.90047629000465,193.6693924891703,8.419096913394714,17.06142867974967,0.053113407425850495,1.5174070376416926,6.276735051542403,1.1761303416645867,0.0009999999985648978,0.0010000000005471908,0.0009999999947090893,0.0009999999936110742,0.0009999999903621032,0.0009999999882082298,0.000036989090158179195,0.00003700063774312438,0.8068793824595126,35.4608453886683,25.820716702298427,0.015730084889272224,0.0005337832562726776,0.0004240201133376926,0.00698949280854053,0.003316999999999874,0.003316999999999906,0.003316999999999887,0.0010231699999997026,0.0010231699999996777,0.001023169999999688,-0.19897664944755522,9.818085019532894,0.42264729287964653,0.0013307991297085966,0.0035889965088931985,-0.00031402870101145987,4.839562675952911,-22.74731336593628,14.150813045501708,970.2373486328125,0.04690047595059364,27.223232172433818
2025-03-01T17:25:19Z,40.15349286756067,-75.9000785831656,194.30822501140554,8.769160711793468,17.547289472675253,-0.0809361415241985,1.5136886048714713,0.00035178966197804695,1.1730845214749452,0.000999999998608877,0.0010000000006790597,0.0009999999945502873,0.0009999999936384195,0.0009999999902421404,0.0009999999881346252,0.000037987516115956316,0.0000380006727790873,0.8152647047181125,37.69683545718196,27.536578666211966,0.01569951037504861,0.0005434297208055897,0.0004311711416023375,0.006998934655958596,0.0033179999999998757,0.003317999999999908,0.0033179999999998883,0.0010231799999997028,0.0010231799999996778,0.0010231799999996885,-0.040641100073660806,9.59732945664669,0.4113631052880993,-0.004685551011987603,-0.0029751295147243803,-0.004054324107598843,5.025187704563141,-22.37268825531006,14.036813106536865,970.3139624023438,-0.17612203826995523,26.88529478634194
2025-03-01T17:25:20Z,40.15012835381794,-75.8996828443817,194.918868421203,9.15364542045884,17.910734066359474,0.16051362877762784,1.5339319124220658,6.274221910293862,1.1698985101036037,0.000999999998629343,0.0010000000006185257,0.0009999999947337588,0.0009999999937002715,0.0009999999902669493,0.0009999999881022633,0.00003898583775896921,0.00003900071013362804,0.82350621079216,40.075069687816736,29.368294348967925,0.01582556982631986,0.0005531192708343936,0.0004376178089808595,0.007010767946839233,0.003318999999999876,0.0033189999999999084,0.003318999999999889,0.0010231899999997036,0.0010231899999996786,0.0010231899999996875,-0.14213730534039198,9.97907098182235,0.4398285382456733,0.019336289660778747,-0.003954181928552163,0.011973365612880135,4.894687712192535,-22.716563262939452,13.81275055885315,970.2983740234375,0.20737715295000253,27.033119310425064
2025-03-01T17:25:21Z,40.145123932780336,-75.89917374701972,195.79923665658757,9.715612755950849,18.68546005396965,-0.05000714317713728,1.509966212129515,6.272050933426355,1.1748010922475316,0.0009999999987762502,0.0010000000007179826,0.0009999999946189988,0.0009999999938609461,0.0009999999902038626,0.0009999999878393282,0.0000399840666817973,0.0000400007498884087,0.8316026623079404,42.4021807609924,31.127973846745753,0.01598471187858617,0.0005626311978026724,0.00044351992439523177,0.007021792714954516,0.0033199999999998773,0.0033199999999999094,0.00331999999999989,0.0010231999999997035,0.0010231999999996786,0.0010231999999996883,-0.06835795605790639,9.507877762158092,0.2936362284375242,-0.025342961047180656,0.004243255879063266,0.006768163876864216,4.805437684059143,-22.45218822479248,14.25112561225891,970.0450390625,-0.2698291809474914,27.02378243515556
2025-03-01T17:25:22Z,40.13769744662586,-75.8984884041777,196.97032111718445,10.84740840623491,19.874416312232878,-0.0060340386396548484,1.5080116969998436,6.267524097629042,1.1811133696767642,0.0009999999984661037,0.001000000000752025,0.0009999999944210914,0.0009999999935919913,0.0009999999905196668,0.000999999987935339,0.000040982215399549056,0.000041000792121136296,0.839532149913748,44.82572695577312,32.96972168326596,0.016189202898458495,0.0005721142697393647,0.0004488583252285971,0.007033655328532899,0.003320999999999879,0.0033209999999999082,0.003320999999999889,0.0010232099999997028,0.0010232099999996776,0.0010232099999996885,-0.09751051365337583,9.712703425724582,0.5589205037011868,-0.0041561346740849195,0.0050679236583118445,0.011583814626399663,4.3320001745224,-22.51068820953369,13.76493808746338,969.6889672851562,-0.05336893709883306,26.738887550173594
2025-03-01T17:25:23Z,40.13095645235283,-75.89780800324867,198.0696623965521,11.87958998829749,21.21429420859521,0.042707656711522476,1.5097501044730592,6.270079998794824,1.1846859117058974,0.0009999999984621102,0.0010000000010972397,0.0009999999942542183,0.000999999993755105,0.0009999999907529579,0.0009999999881694028,0.0000419802968665189,0.000042000836993374794,0.8468722380213738,47.33112087621156,34.840817816422486,0.01617007162237898,0.000581370038726177,0.0004536298672228393,0.007044283646346569,0.0033219999999998797,0.00332199999999991,0.0033219999999998875,0.001023219999999702,0.0010232199999996772,0.0010232199999996878,0.05395646820541758,9.736140639882821,0.41299754140870204,-0.0004717521462575978,0.002800380379510361,0.003952010151505928,3.538125138282776,-22.458375816345214,14.584875507354736,969.6395678710937,-0.03774573462337269,27.011346088551683
2025-03-01T17:25:24Z,40.12772254987373,-75.89733060059805,198.58728585520322,12.276862147189243,21.94139765538244,-0.06244555692404428,1.5073568197740719,6.273785897155843,1.189646254271294,0.000999999998482986,0.0010000000012502655,0.0009999999943671302,0.0009999999935916065,0.0009999999905776736,0.000999999988405089,0.00004297832401781081,0.00004300088479554043,0.8531031758052078,49.85938227495216,36.727424676061595,0.01615154522525178,0.0005902835255488664,0.0004581038092551672,0.0070541539286948,0.00332299999999988,0.003322999999999912,0.003322999999999886,0.0010232299999997023,0.0010232299999996769,0.0010232299999996877,0.04422434887630053,9.642513902027304,0.3404956679469932,-0.0035656318976571063,0.004691223538724951,-0.00022623798853128256,2.966625108718872,-21.60843828201294,12.853313055038452,969.9130688476563,-0.1342537463698162,25.316606186079728
2025-03-01T17:25:25Z,40.12227061291887,-75.89668550790212,199.44294459607443,13.375117477580696,23.08996912324791,0.0376373482781415,1.5068353333117785,0.001831483843138304,1.2009954906116347,0.0009999999985891074,0.0010000000011463992,0.0009999999943007328,0.0009999999936813454,0.000999999990317055,0.0009999999886147414,0.00004397630663879724,0.0000440009358779535,0.8579230841569628,52.46558661778521,38.7185571576645,0.015917158119182224,0.0005986433135065814,0.0004626702869401844,0.007063087321735421,0.003323999999999879,0.0033239999999999117,0.003323999999999886,0.001023239999999702,0.001023239999999676,0.0010232399999996866,-0.013866329003257318,9.800982191741193,0.5493492096464797,-0.002775012449174525,0.011252345232585323,-0.005271046422491447,3.53100013256073,-22.357875843048095,13.337063064575196,969.6158032226563,0.03335582471575295,26.271984146673347
2025-03-01T17:25:26Z,40.11710892891687,-75.89604082140833,200.32047579211115,14.392962719056271,24.44316086376501,0.08050280978782412,1.506860283274455,0.004700295667590429,1.204373529182721,0.000999999998718706,0.0010000000009009978,0.0009999999944857094,0.000999999993754541,0.0009999999901799347,0.0009999999889402807,0.00004497424989469852,0.00004500099073083042,0.8606353420973373,55.127389079877226,40.75864731666403,0.015574866455034687,0.0006069984238209188,0.0004670626328752734,0.0070734123805554485,0.0033249999999998775,0.0033249999999999096,0.0033249999999998853,0.0010232499999997015,0.0010232499999996755,0.0010232499999996863,0.13212069572028542,9.762274733224357,0.35457344553320314,-0.002415170100262214,0.002828086164121343,0.0022172208183676265,3.5535001587867736,-22.4467506980896,13.786500558853149,969.545400390625,-0.0135801262041888,26.580987045252645
2025-03-01T17:25:27Z,40.11166597145884,-75.89536338469988,201.22696618479358,15.5424240709678,25.597223740689095,0.022252190538094616,1.5079221215785932,0.009078397147887,1.2142097413953106,0.0009999999985338208,0.0010000000009163458,0.0009999999947113575,0.0009999999939228556,0.0009999999902037871,0.0009999999891726842,0.00004597215708428577,0.000046001049888646297,0.8619655175806727,57.7458939822654,42.85712503639394,0.015611480746243814,0.0006145897769881216,0.0004720993633317306,0.0070835113041165885,0.0033259999999998777,0.00332599999999991,0.0033259999999998837,0.0010232599999997001,0.0010232599999996752,0.0010232599999996858,-0.11930743041799566,9.653764706970314,0.3966792756248384,-0.0018737371254045722,0.009399722274991295,0.00119811133039402,3.811875159740448,-22.719938354492186,13.835250606536865,969.4198022460937,-0.12068097617983878,26.872614596388523
2025-03-01T17:25:28Z,40.10668333330545,-75.89470779862557,201.9850639958638,16.84086835478257,26.560131243294286,-0.06410350930230191,1.5117208596876461,0.017573155692933676,1.226535228771287,0.0009999999982551148,0.0010000000009275515,0.0009999999947218712,0.000999999993796537,0.0009999999903428194,0.000999999989053607,0.00004697002911472209,0.00004700111373312487,0.862541517545293,60.366767200633745,45.05814687206241,0.015308178813722694,0.0006215485436756741,0.000477761318161025,0.007092851665931423,0.003326999999999878,0.00332699999999991,0.0033269999999998843,0.0010232699999996994,0.0010232699999996745,0.001023269999999685,-0.1699332825427493,9.621935660679219,0.5625894971331693,0.0007307832335202273,0.012245584387039083,-0.0033823726464754416,3.407625153064728,-22.67906328201294,13.486125564575195,969.376943359375,-0.14358411321958642,26.604975014046396
2025-03-01T17:25:29Z,40.101864125700125,-75.89405503360092,202.81397431370047,18.312106244361363,27.345728189242294,0.22910826539217038,1.517076318766442,0.024483145895778345,1.2408723321379023,0.00099999999831675,0.0010000000010814303,0.0009999999948746062,0.0009999999936564415,0.0009999999903020512,0.0009999999888747415,0.000047967860168143795,0.000048001182546482924,0.8615767713608089,63.13394120791653,47.47005234485949,0.014789025345020855,0.0006279434161887513,0.000484101142095246,0.007102442498306821,0.003327999999999879,0.003327999999999911,0.003327999999999885,0.0010232799999997,0.0010232799999996748,0.0010232799999996857,-0.29894629942451273,9.99374047024952,0.7377839921337248,0.002095047802969432,0.014200351861571881,-0.0020893756685900137,2.654437608718872,-22.086938362121582,13.853063058853149,969.299619140625,0.2418414758600599,26.206555940260323
2025-03-01T17:25:30Z,40.09628996916286,-75.89334378266277,203.83398043652846,19.73492852903009,28.476605918704742,0.11734504596893514,1.5098988594940794,0.02757285175264136,1.2506482594060806,0.0009999999982340693,0.001000000000800274,0.0009999999945315386,0.0009999999937396963,0.000999999990322188,0.0009999999885529458,0.000048965642688376845,0.00004900125665315058,0.8593315980625547,65.85076578722253,49.84787299035843,0.014626141168290812,0.0006342615137705228,0.0004906414806473061,0.0071126895412072615,0.00332899999999988,0.003328999999999912,0.003328999999999886,0.0010232899999997004,0.0010232899999996752,0.001023289999999686,-0.18913078013675852,9.601554188398937,0.3789096330990512,-0.01092655249624754,0.009409736760272852,0.0018089766566761567,1.8690000700950622,-22.3674383354187,13.737750597000122,969.1214599609375,-0.1728092946749557,26.315747611891265
2025-03-01T17:25:31Z,40.089564438838785,-75.89255542682166,204.90641099961223,21.449336114706654,29.992697542243725,0.03013057320577596,1.5166735563576605,0.03473319915083306,1.2585935957544194,0.0009999999981667655,0.001000000000680413,0.0009999999945884699,0.0009999999935383004,0.0009999999899040395,0.000999999988831256,0.00004996336827641877,0.000050001336766720296,0.8562540594320497,68.6515079067893,52.33988441949643,0.014573706534588598,0.0006404592089966392,0.0004976883932223731,0.007122383552709482,0.00332999999999988,0.0033299999999999125,0.003329999999999887,0.0010232999999997005,0.0010232999999996754,0.001023299999999686,0.01523131738531355,9.627678464888726,0.2308246294954218,0.0021561348164813735,0.007816815208387375,-0.001936658960030245,2.3587500894069673,-22.494000835418703,13.86656307220459,968.9060571289062,-0.15343551654930432,26.529655998204692
2025-03-01T17:25:32Z,40.0824411376758,-75.89175490001467,205.98880799288725,23.615466987652194,31.41410171915475,0.06872068665499144,1.5291571080964004,0.043454412869063104,1.260493337186893,0.000999999998383039,0.001000000000840266,0.0009999999944193014,0.0009999999934423057,0.0009999999899318029,0.0009999999883771261,0.000050961015976448235,0.00005100142385460966,0.8515300515067833,71.53359979213072,55.032169728249485,0.014183932527485925,0.0006469158944067511,0.0005049822471714136,0.0071317940999596945,0.0033309999999998783,0.0033309999999999104,0.003330999999999888,0.001023309999999701,0.0010233099999996758,0.0010233099999996864,0.04246307544373698,9.743593706286642,0.42806055227463186,0.007589659918446668,0.001939160721029465,-0.004229572418901076,2.532000102996826,-22.493813304901124,13.859063043594361,968.757177734375,-0.030996099566512714,26.541544592191634
2025-03-01T17:25:33Z,40.07229360986014,-75.89080739583349,207.45477892996172,27.051182120834984,32.607884223794265,0.043700100450931895,1.5249413257777613,0.053803435194590646,1.2687015413699023,0.0009999999987765507,0.0010000000006030723,0.0009999999943526056,0.0009999999932564121,0.000999999989619032,0.0009999999882154352,0.000051958543755909026,0.000052001518441239455,0.8437729685553889,74.39872216262911,57.88249116662088,0.013171781685032549,0.0006527560716617132,0.0005137572917099715,0.0071411583546474935,0.0033319999999998785,0.003331999999999911,0.0033319999999998897,0.0010233199999997006,0.0010233199999996755,0.0010233199999996863,-0.2585075901950993,9.61395954990303,0.9708050277537283,-0.011293070903319923,0.00831568798296523,-0.004858628747324338,2.994750128239393,-23.05612579345703,14.279625539779664,968.357197265625,-0.11794580864899287,27.28476487972814
2025-03-01T17:25:34Z,40.06331105798896,-75.88995052003389,208.77350694588588,29.80091901721857,33.60093446591804,0.2009496818371176,1.5362048035758538,0.05355695634569196,1.27914433239537,0.0009999999986720239,0.0010000000006145707,0.0009999999944966126,0.000999999993141142,0.0009999999896237294,0.0009999999882351395,0.000052955896822323405,0.000053001620775578954,0.8332801363710327,77.51276623791556,60.92138586535196,0.012816165893801718,0.0006581288251251397,0.0005235631308619142,0.007151819152441301,0.0033329999999998795,0.0033329999999999124,0.0033329999999998907,0.0010233299999997,0.001023329999999675,0.0010233299999996856,-0.2341406799986521,9.83290288352906,0.7567670461709896,0.00532245050020597,0.010250093448034611,0.004243256488414702,2.723437604904175,-23.6555633354187,14.83631311416626,968.3217431640625,0.08036061532554109,28.05558984988452
2025-03-01T17:25:35Z,40.05478883613797,-75.8891428096273,210.055667179147,32.166106074373864,34.321030293464155,0.2107215527189081,1.5366464659111798,0.05886280302995062,1.286928235447314,0.0009999999988099832,0.0010000000008112888,0.0009999999942574122,0.0009999999930656157,0.0009999999896382159,0.0009999999880618698,0.00005395301722359089,0.000054001731192723116,0.8219130005606848,80.76470987326618,64.05573287818483,0.012758791751814682,0.0006649043303473378,0.0005336915443463416,0.007161551025059089,0.0033339999999998783,0.003333999999999911,0.003333999999999891,0.001023339999999699,0.001023339999999674,0.001023339999999685,-0.2912768388468866,9.698247672908982,0.7304584304740509,-0.004327210541429167,0.007907610560899064,-0.0025572045566845687,3.626812645494938,-20.62593834877014,13.803938031196594,968.2355810546875,-0.05443317386627407,25.082449172483216
2025-03-01T17:25:36Z,40.04781714332667,-75.8884247221194,211.06273067240934,33.93805832923818,34.66906964954431,0.1341258448986217,1.539883803988333,0.053154687489290725,1.293507080615565,0.0009999999986959282,0.0010000000008005153,0.000999999994372263,0.0009999999932558442,0.0009999999894851187,0.0009999999883237478,0.00005494984376079989,0.000055001849880909115,0.8109841933040064,84.19559683187805,67.30275231056241,0.01297678911196911,0.000671919755953727,0.0005440984226671322,0.007172637800632692,0.003334999999999877,0.00333499999999991,0.00333499999999989,0.0010233499999997,0.0010233499999996749,0.0010233499999996857,-0.41260536909667367,9.62500643634715,0.7961289828321891,0.00013010005360691965,0.006391464617763844,0.007297580187408529,2.1217500817775727,-21.71325065612793,14.447625608444215,968.2592260742188,-0.11788688684181667,26.16674037167338
2025-03-01T17:25:37Z,40.039491925087205,-75.88766787062703,212.07982034630905,35.47142928476954,35.21685043048692,0.04302010036890394,1.540758883118811,0.051338812589734426,1.3028529881914472,0.0009999999988744624,0.001000000000665963,0.0009999999945159768,0.0009999999931599008,0.0009999999897127843,0.0009999999882263455,0.00005594631198119856,0.00005600197715925624,0.8018224778148029,87.9078648771741,70.65693215282296,0.013556714552311666,0.0006796867542827416,0.0005551262487385696,0.0071831498563695445,0.003335999999999878,0.0033359999999999102,0.003335999999999891,0.0010233599999997008,0.0010233599999996757,0.0010233599999996865,-0.14715831798819773,9.621598976384597,0.634274799500464,-0.0017836095001437099,0.009339637266940795,0.002990649730650716,1.6305000592768193,-22.54875072479248,14.075813102722169,968.074912109375,-0.14105146706991525,26.63138178284891
2025-03-01T17:25:38Z,40.03514526358059,-75.88708206425716,212.57593229300866,36.198540714924825,35.85447573325382,0.008549212331335015,1.5451401864609666,0.048618014978305306,1.3048540821576806,0.000999999999066263,0.0010000000005865553,0.0009999999944537185,0.0009999999929472564,0.0009999999896025493,0.0009999999884416143,0.0000569423530229109,0.00005700211384965677,0.7958019164120855,91.94645554634481,74.15973383561261,0.014570046660021863,0.0006889075761496424,0.0005653402760937439,0.007193619972850384,0.00333699999999988,0.003336999999999911,0.003336999999999893,0.0010233699999997012,0.0010233699999996763,0.0010233699999996869,0.15190136773562232,9.737110224405258,0.45463331394383844,0.003662934452839275,0.0019626938539673367,0.002848448281386126,0.7950000261887908,-22.11506332397461,14.41406310081482,968.30412109375,-0.03584215980645776,26.409668306951204
2025-03-01T17:25:39Z,40.03103851817757,-75.88652238478018,212.98852041544873,36.733178360368655,36.30361464570958,-0.024108166948868186,1.5433236664986816,0.04757863553499846,1.3065348264957966,0.0009999999990925757,0.0010000000005712059,0.0009999999946938324,0.0009999999928223563,0.0009999999897510367,0.000999999988362861,0.00005793790326323322,0.00005800226095656074,0.7941395505289336,96.16729803627055,77.78587421887323,0.015853812564146946,0.0006985441677138389,0.0005753744331162195,0.007203776898423928,0.0033379999999998775,0.0033379999999999105,0.0033379999999998923,0.0010233799999997003,0.0010233799999996751,0.001023379999999686,0.09706649851110687,9.737709684277556,0.48321316441764217,-0.0020339643136439165,0.0017188488207797907,0.0007074168523415396,1.0783125394582749,-22.077188186645508,13.885500593185425,968.2871069335938,-0.03463057367982268,26.103054770045745
2025-03-01T17:25:40Z,40.02315518596732,-75.88589396908196,213.7049572415833,36.911662706548476,36.43921393492655,-0.022435467033555104,1.5447724539308514,0.051666003308088675,1.319914326448616,0.0009999999991589113,0.0010000000006499137,0.0009999999949897554,0.0009999999926653615,0.0009999999897256516,0.000999999987925077,0.0000589329298197177,0.000059002419248604436,0.7975200331740848,100.52707370299031,81.48401842928997,0.01680910380398992,0.0007070501878948842,0.0005864357021378422,0.007213138052510182,0.0033389999999998785,0.0033389999999999115,0.0033389999999998915,0.0010233899999997007,0.001023389999999676,0.0010233899999996863,-0.03844768068724529,9.7385059903457,0.32657741884703817,0.0012092940250864298,0.0137014793091653,-0.005286234403363316,0.7460625284537673,-22.407188377380372,13.91868803024292,968.0009130859376,-0.040768360272735026,26.388745581624317
2025-03-01T17:25:41Z,40.19944368597921,-75.91977694125778,219.33368479865965,2.033893930539987,30.693059025999098,0.5447191611174022,1.463428281939076,0.00959292781892129,1.350447530741593,0.0009999999988749267,0.0010000000009061688,0.0009999999946641719,0.0009999999931009343,0.0009999999898481664,0.0009999999885351607,3.072632670249231e-10,3.072633874561013e-10,0.5063037550112335,0.002476273954327609,0.0024762594527490277,0.011857590178029561,0.00018199205649555312,0.00016649600583748317,0.007094668584286172,0.0033399999999998787,0.0033399999999999125,0.0033399999999998934,0.0010233999999997015,0.0010233999999996763,0.001023399999999687,0.030266218052155423,9.675136112212485,0.4468167573971485,-0.005388045312409441,0.007267036507789664,-0.0011221735646960447,0.5731875190138817,-22.43175075531006,14.200500516891479,967.6891015625,-0.09840513471832422,26.554914712594254
2025-03-01T17:25:42Z,40.19959251825237,-75.91941486541768,219.89132071018352,1.500981723768893,30.88095343869342,0.5080854885135431,1.4663250098943188,0.008559008479236772,1.3557807356493077,0.0009999999990789438,0.001000000000873988,0.000999999994647038,0.0009999999932701063,0.0009999999901221998,0.0009999999885164908,1.0003072634120919e-6,1.0003072636900618e-6,0.5428657225011707,0.020363915534707053,0.022304892560332645,0.012145429348369638,0.00019190798409196244,0.00017630923370628274,0.007104289050842481,0.003340999999999879,0.003340999999999911,0.0033409999999998914,0.001023409999999701,0.001023409999999675,0.0010234099999996858,-0.01778898021252536,9.765011456973312,0.4757601127927037,0.0028930108230446686,0.005163726250304054,0.0015786508397783543,0.7621875302493573,-22.286250705718995,14.403938074111938,967.7263500976562,-0.007312418792882238,26.546725368880587
2025-03-01T17:25:43Z,40.19973928506785,-75.91905101319954,220.39297802818754,1.137966775355291,30.99800879522941,0.3579131031323319,1.462925470006612,0.014846267078987648,1.3655735893350582,0.0009999999988911316,0.001000000000976434,0.0009999999949023008,0.0009999999934280387,0.00099999999024409,0.0009999999885677222,2.0003072637708876e-6,2.0003072671928816e-6,0.580411473113602,0.07196728123940166,0.07678609350280045,0.012426008394750252,0.0002018190501984883,0.0001860387614220027,0.007116586991993715,0.00334199999999988,0.003341999999999912,0.003341999999999893,0.0010234199999997013,0.0010234199999996753,0.001023419999999687,-0.06983353615708435,9.628436175027609,0.6477739743291534,-0.003433278368032074,0.010402809377548169,-0.005316778058188963,0.6510000237822533,-22.37006326675415,14.64656310081482,967.6359057617187,-0.13348249077139507,26.746263614630273
2025-03-01T17:25:44Z,40.19988964751072,-75.91868494002782,220.34592940465285,0.7495330286911192,31.23987997475348,0.26576103950303465,1.4625315271808133,0.013153221480984734,1.3730502819957875,0.000999999998924663,0.001000000000744229,0.000999999994709159,0.0009999999932110485,0.000999999990594707,0.00099999998818106,3.000307263430009e-6,3.000307281076216e-6,0.6170589200703339,0.15993162951696877,0.16971832579810858,0.012731879647620794,0.00021171275765002802,0.00019563951374438243,0.007125635214515869,0.0033429999999998817,0.0033429999999999124,0.0033429999999998947,0.0010234299999997008,0.0010234299999996757,0.0010234299999996865,0.004530951667891993,9.735591557986425,0.6192510109863487,-0.0007922060773715391,0.006966277636343273,0.003371188500816631,-0.40462500844150784,-22.890375862121584,15.348188104629516,968.0149047851562,-0.028699062134538475,27.56260326093023
2025-03-01T17:25:45Z,40.20004157023591,-75.91831766165785,220.25531393480333,0.39310545238291617,31.19757790526709,0.09217501452233903,1.4630245501007055,0.01627097478280915,1.384664248380962,0.0009999999990031438,0.001000000000865232,0.0009999999947366159,0.0009999999931294787,0.0009999999908761102,0.0009999999882589466,4.000307250073169e-6,4.000307317630166e-6,0.6511080390387561,0.2858387929838971,0.2996373578748197,0.01279831021048171,0.0002216231996301927,0.00020517859993165173,0.007136502521657576,0.003343999999999883,0.0033439999999999117,0.003343999999999892,0.0010234399999997012,0.001023439999999676,0.001023439999999687,-0.27282465276262907,9.632065215745818,0.6974649263375262,0.00017082397821940399,0.01170598720457919,-0.0011425348259286663,-0.3825000260770321,-22.919813327789306,15.59175066947937,967.9342797851563,-0.12282377490867219,27.72298710035843
2025-03-01T17:25:46Z,40.20017590495082,-75.91795040236374,220.47147619318056,-0.0705108899096995,31.26771024062478,0.011371131119416296,1.4643361533201678,0.014801452561536982,1.3943001259648327,0.0009999999988407468,0.001000000000841072,0.0009999999945595366,0.0009999999930910635,0.0009999999910254842,0.0009999999880000467,5.0003071790190465e-6,5.000307393582387e-6,0.6814164170271397,0.45166710899448737,0.4732324027095961,0.012994836441615603,0.00023154450629132042,0.00021464339384627402,0.007146100128967372,0.003344999999999885,0.0033449999999999123,0.0033449999999998928,0.0010234499999997005,0.0010234499999996756,0.0010234499999996864,-0.14544672285169016,9.696192955016226,0.5755904948788864,0.0012194754459216846,0.009405063048436647,0.002125591254116534,0.29175001341849566,-22.332375831604004,14.668313083648682,967.5637524414062,-0.06961830457085322,26.720344586093784
2025-03-01T17:25:47Z,40.20025732683017,-75.91758161605568,221.11829168245754,-0.7296987174314796,31.508090141882313,-0.06919593765700452,1.4628712933994834,0.012015535585521944,1.4024995345417106,0.0009999999989017355,0.0010000000010604141,0.0009999999948358687,0.0009999999930556311,0.0009999999912608368,0.0009999999878914727,6.000306943447627e-6,6.00030753188322e-6,0.70814844629588,0.6560211573111602,0.696789346886682,0.01352424423498554,0.00024148276975487245,0.0002240413657446803,0.007155670593523826,0.0033459999999998842,0.0033459999999999133,0.0033459999999998907,0.0010234599999997,0.001023459999999675,0.0010234599999996857,0.08796593018321854,9.673338864497609,0.34454712331374926,-0.0016534249040477775,0.007717341054537274,0.0019792169302461637,-0.576187523379922,-22.27387580871582,15.186188116073609,967.1179956054688,-0.10412590881805403,26.964330104224633
2025-03-01T17:25:48Z,40.200319144636275,-75.91720997486584,221.6443761115468,-1.206543974387942,31.737174788480296,-0.02878807284006899,1.4602916668754593,0.013863751645352841,1.406887824310785,0.0009999999987409772,0.0010000000009794988,0.0009999999946949606,0.0009999999929942464,0.0009999999913909154,0.0009999999879372636,7.000306337855965e-6,7.000307760384434e-6,0.7319820298181949,0.9072708434411032,0.9612961733289661,0.014050410446315265,0.0002514374961768676,0.00023334069526352515,0.007166786867245653,0.003346999999999886,0.0033469999999999117,0.0033469999999998926,0.0010234699999997006,0.0010234699999996757,0.0010234699999996863,0.11608878738294597,9.785126232146157,0.5432475058190012,-0.0029954917106872463,0.0042127131037882305,-0.0028122321203492883,-0.2806875102967024,-22.32487588882446,14.095313091278076,967.1472412109375,0.016855553089619824,26.403674556045868
2025-03-01T17:25:49Z,40.2003688869951,-75.91683503989726,222.03160660822033,-1.9949148730566815,32.0668843718051,-0.12870325505873006,1.461824231558418,0.013428397181508366,1.4138317183755007,0.0009999999984106175,0.001000000000970366,0.0009999999947252435,0.000999999993003557,0.0009999999908775938,0.0009999999879287081,8.000305021223363e-6,8.000308114516082e-6,0.7537525370395275,1.199841308830702,1.2890016863760392,0.015127160100696969,0.00026121461774867996,0.0002425787764555894,0.007176857523865574,0.0033479999999998867,0.0033479999999999122,0.0033479999999998945,0.001023479999999701,0.0010234799999996758,0.0010234799999996867,0.15967215959194106,9.69405054442511,0.19489764436046533,0.0008701473775253315,0.0063453984848533505,-0.000023617548088070346,-0.9811875401809812,-21.742688274383546,14.637750577926635,967.1906860351562,-0.08674278095527245,26.229149664838673
2025-03-01T17:25:50Z,40.2003513918854,-75.9164567105076,222.4839334225273,-2.602035840919115,32.35862959139836,-0.16545004987201367,1.4652010728289142,0.014697616835792966,1.4163522254968304,0.000999999998590486,0.001000000001017952,0.0009999999948083747,0.000999999993305825,0.0009999999911024385,0.0009999999876825296,9.000302485407206e-6,9.000308635712995e-6,0.7747275385888471,1.5401334807445646,1.6591340872543467,0.016257686184602122,0.00027075212143260385,0.00025167421960156704,0.007187479995980676,0.0033489999999998855,0.003348999999999911,0.0033489999999998937,0.0010234899999997,0.0010234899999996751,0.0010234899999996857,0.19481264975096405,9.728775110879562,0.3138555785974771,0.0021968590019696478,0.0016878047864528256,-0.0026493350825786645,-1.0179375411942602,-22.28212574005127,14.20275053024292,967.0596899414063,-0.04831718300966094,26.443236430553902
2025-03-01T17:25:51Z,40.20029543367638,-75.91607684326475,222.89981542730607,-2.7971757360782097,32.35956534615302,-0.15139568001525208,1.465844246493461,0.01374881961097123,1.4227012606779432,0.0009999999987370333,0.00100000000077263,0.0009999999949078908,0.0009999999934301176,0.000999999991065734,0.000999999987483114,0.000010000298032563898,0.000010000309367503524,0.7947334286110691,1.928577725060173,2.0479230429649142,0.016506898434944003,0.0002798129972271021,0.00026068422103573536,0.007196978765104435,0.003349999999999886,0.0033499999999999116,0.003349999999999892,0.0010234999999996991,0.0010234999999996742,0.0010234999999996866,-0.01715155328234647,9.735195882160442,0.7127391107984891,-0.0009223909594476408,0.005013514208115372,-0.00004364646234147147,-0.5634375201165676,-21.27468828201294,14.208563060760499,967.0394409179687,-0.022836298978261976,25.589264947615558
2025-03-01T17:25:52Z,40.20017098722748,-75.91569707638003,223.37567659389512,-3.0324479495952015,32.40769282018302,-0.1490999343642963,1.4631526234713659,0.016675889564266234,1.4317961585101644,0.0009999999988644914,0.0010000000009008517,0.0009999999946657414,0.000999999993372148,0.0009999999908868525,0.000999999987716357,0.000011000290765504247,0.000011000310358550228,0.8131358730558683,2.361516801353573,2.488418973105044,0.016983415521515943,0.0002883839711829118,0.00026959537209520477,0.007207610388373442,0.0033509999999998866,0.003350999999999912,0.003350999999999893,0.0010235099999996986,0.0010235099999996735,0.001023509999999687,0.05030838770851005,9.729354387251284,0.6154460267433977,-0.004797542242903546,0.007786271599052871,-0.0038201591583373216,-0.7631250305846333,-22.02843828201294,14.187188081741333,966.96171875,-0.03517892139493719,26.21274667184587
2025-03-01T17:25:53Z,40.19990192361456,-75.9153186925584,224.025579011635,-3.3378656359548833,32.237868939584764,-0.1572630782144731,1.4677217031205758,0.01619181294389841,1.4416407385920507,0.0009999999989998417,0.0010000000009339537,0.0009999999949190622,0.0009999999933599645,0.0009999999910049683,0.000999999987397363,0.000012000279598867522,0.000012000311667356694,0.8304025137225999,2.836022357109967,2.9905142312344983,0.01763758272049599,0.00029632216807144637,0.00027840642406535914,0.007216796205655553,0.0033519999999998855,0.003351999999999911,0.003351999999999892,0.001023519999999699,0.0010235199999996739,0.0010235199999996862,-0.1072413246049056,9.714617656706864,0.4454608217487679,0.001453640376753107,0.007429934031440416,-0.0009592757500922654,-0.8926875340938568,-21.988875789642336,14.43375054359436,966.7877783203126,-0.058672061761644564,26.31801708007682
2025-03-01T17:25:54Z,40.19939300123354,-75.91494435868205,224.94188983445602,-3.587931401001215,31.885352550547918,-0.1705396310649458,1.4728447392318689,0.009177723612963627,1.4581723190390536,0.000999999998960946,0.0010000000011530065,0.0009999999950557365,0.0009999999936744994,0.0009999999912904912,0.0009999999870779909,0.000013000263293460586,0.000013000313361428293,0.8471659291640877,3.3476539661206224,3.5542621369709004,0.018587691431556853,0.0003034834704226535,0.00028713532532803675,0.007223484403242679,0.0033529999999998865,0.0033529999999999125,0.003352999999999893,0.0010235299999996998,0.0010235299999996747,0.0010235299999996864,-0.11950355647892877,9.693069877998793,0.2690359206850166,0.0003494103083556675,0.012263777258533533,0.005273882087330795,-0.8570625305175781,-21.60975088119507,14.507438049316406,966.5273901367187,-0.0865072389268545,26.041870036136743
2025-03-01T17:25:55Z,40.19880029599559,-75.91457396048034,225.8277692011219,-3.6095399943470046,31.600327444423982,-0.16162880239972988,1.4715117882684179,0.011721548663434743,1.4724351877186563,0.0009999999991210122,0.001000000001315568,0.0009999999948426819,0.0009999999933005,0.000999999991578431,0.0009999999871106394,0.000014000240507891148,0.000014000315511840815,0.8638894893364155,3.8940757155601307,4.154473790762431,0.019339326504197063,0.0003098684872667447,0.0002958045075046434,0.007233085469635502,0.0033539999999998857,0.0033539999999999117,0.0033539999999998927,0.0010235399999996995,0.0010235399999996746,0.0010235399999996854,0.015989025847162764,9.705524912515124,0.3810938908311621,-0.006477421346566538,0.0107082410229852,-0.004400481324138515,-1.2622500535845758,-21.650250816345213,14.619000616073608,966.4559057617188,-0.07099468815338374,26.154142121270173
2025-03-01T17:25:56Z,40.198098392756876,-75.91420778257326,226.74488159505523,-3.638156576091965,31.174447857695238,-0.13065702617022956,1.480604901880285,0.01044527339621955,1.4892470701412948,0.0009999999992640898,0.0010000000009694,0.0009999999948717712,0.0009999999933696698,0.0009999999916378759,0.0009999999870056444,0.000015000209868061418,0.000015000318196601638,0.880650722476498,4.46900462463133,4.822514575415792,0.020286118778768326,0.0003153076890684208,0.0003044060292698926,0.007240834608289941,0.003354999999999887,0.003354999999999913,0.0033549999999998937,0.0010235499999996993,0.0010235499999996741,0.001023549999999685,-0.10157700755078326,9.734924611324809,0.23581098948458476,0.0033436496873722873,0.012514131697713069,-0.0004041564722556026,-0.48712501909583805,-21.942000732421874,14.314125633239746,966.35703125,-0.045650254417040105,26.202675629149653
2025-03-01T17:25:57Z,40.19722798938232,-75.91384779530442,227.76875014555748,-3.4370641521147687,30.437687883150666,-0.10214076568637029,1.4837584569153384,0.01139033351823011,1.511707250710049,0.0009999999993046565,0.001000000001250666,0.0009999999947724121,0.0009999999932836137,0.0009999999916820103,0.00099999998656825,0.00001600017003889634,0.000016000321502179787,0.8969291821807249,5.063542667676306,5.537723402934988,0.020841748139640515,0.00031984744324436466,0.0003129231402798181,0.0072489093313226624,0.0033559999999998895,0.003355999999999912,0.003355999999999892,0.0010235599999996992,0.001023559999999674,0.0010235599999996847,-0.3433730391652415,9.713899810154263,0.2533570449627064,-0.003565632344500535,0.01776372941053668,-0.0023337214924642673,-1.4565000561624766,-21.203063344955446,14.730750617980958,966.2086254882812,-0.060602703656429655,25.858918519512667
2025-03-01T17:25:58Z,40.196107209180454,-75.9134945654251,228.99923176651808,-2.5809307423430914,29.6470163206121,-0.012561481694302379,1.4874920324994452,0.012991203198350027,1.5305024260068238,0.0009999999993709344,0.0010000000013461686,0.0009999999948851707,0.0009999999931428233,0.000999999991498279,0.0009999999867532229,0.00001700011966698178,0.00001700032551058292,0.9104233019550363,5.6745916074172165,6.255047072303668,0.020198212292400812,0.0003234492566156224,0.00032156385860767023,0.007256864465454614,0.0033569999999998887,0.003356999999999913,0.0033569999999998935,0.0010235699999996985,0.0010235699999996733,0.001023569999999684,-0.3124258634540439,9.724508038201671,0.6334170467359446,-0.0042477645679578875,0.013334960647173884,-0.003585993988667077,-1.544250064715743,-21.36468828201294,14.901188097000123,965.9973706054687,-0.03365237675342232,26.093626847977685
2025-03-01T17:25:59Z,40.1947689555392,-75.91314476463118,230.4266146219115,-1.3893161803365028,29.201912149549912,0.11440176784625852,1.494652759817545,0.0025573148901080855,1.5378669132571927,0.0009999999994816284,0.0010000000015243846,0.0009999999949976037,0.0009999999929887198,0.0009999999915942654,0.0009999999866847496,0.000018000057279679698,0.000018000330304035558,0.9196495481768961,6.293284928267918,7.012324459709391,0.019366910186061286,0.00032604922589751426,0.000330595511151047,0.007260679115547963,0.0033579999999998897,0.0033579999999999123,0.0033579999999998928,0.0010235799999996974,0.0010235799999996742,0.0010235799999996848,0.10985436426043882,9.75179205353399,0.7064125202759705,-0.0015232407537909922,0.0005171476282064499,0.0074770005366969735,-4.443375193998218,-22.66106340408325,16.263938121795654,965.7936572265625,-0.005758551375006513,28.245002806721484
2025-03-01T17:26:00Z,40.19347099593998,-75.9127973109249,231.7376887427554,-0.3787262690525286,28.645435266616687,0.06327831361796074,1.5003215004630523,0.004054285923904768,1.5548664617692782,0.0009999999992192578,0.0010000000016433593,0.0009999999950840053,0.0009999999933839588,0.0009999999912586226,0.0009999999868535669,0.000018999981291916196,0.000019000335980629376,0.9250861561466961,6.9101109290770495,7.834730987837715,0.018799955991114923,0.00032862184963514373,0.0003394437612024838,0.007268158851423616,0.003358999999999889,0.0033589999999999133,0.0033589999999998938,0.0010235899999996969,0.0010235899999996743,0.0010235899999996852,-0.04913561945092872,9.605624563533532,0.50667720602953,-0.00222172975366783,0.011746711425196626,-0.003097302458205114,-2.4043125808238988,-20.890500755310057,14.434313087463378,965.7309033203124,-0.1645491106195084,25.505696163863377
2025-03-01T17:26:01Z,40.19242227714005,-75.91245326127039,232.7606751233522,0.4212018041160137,28.305386372255686,0.13549783168557766,1.5109417241491878,6.281087818413454,1.5650118551948682,0.0009999999991480535,0.001000000001891957,0.0009999999952290675,0.0009999999936185751,0.000999999991318787,0.0009999999871045352,0.000019999889981199173,0.00002000034264916629,0.9273540467352225,7.548688845187546,8.729187374492467,0.01819873755089948,0.00033086752673007686,0.00034853882201693837,0.007273140092538456,0.00335999999999989,0.0033599999999999143,0.0033599999999998943,0.0010235999999996964,0.0010235999999996747,0.0010235999999996855,0.043012248623736586,9.765325262724687,0.461873887458816,0.004635477532759958,0.005734533709833386,0.0048432728862056965,-2.3047501003742217,-21.414750833511352,15.097688121795654,965.7749340820312,-0.00727563678140168,26.302869300428586
2025-03-01T17:26:02Z,40.1916025195463,-75.91211210254014,233.5165570545612,0.9202189145274352,28.018119567429746,0.010152778395765671,1.5194449327089485,0.0029148610094716226,1.5734224847729255,0.0009999999991727778,0.0010000000017465916,0.000999999994948479,0.000999999993344491,0.000999999991170474,0.000999999986802257,0.000020999781489213318,0.000021000350425673033,0.9272143380108191,8.183397134261764,9.685337785799318,0.017808481617167204,0.0003330865364440486,0.0003577455524471155,0.007281426901871983,0.003360999999999889,0.0033609999999999144,0.0033609999999998953,0.0010236099999996967,0.0010236099999996753,0.001023609999999686,-0.014599213584405578,9.603590702054994,0.27277879107848063,0.004070177852348741,0.005760236827490276,-0.005825832340388493,-4.201687678098678,-22.44956343650818,15.571875648498535,965.8164233398437,-0.17610272698070153,27.64267666335399
2025-03-01T17:26:03Z,40.19072068932767,-75.9117710564824,234.18521681959967,1.5051241803679223,27.670256657976015,-0.01068416918611062,1.5185583986596434,0.006910238107000581,1.5898478952243809,0.0009999999992884238,0.0010000000020980635,0.0009999999948502691,0.0009999999933154216,0.0009999999909460957,0.0009999999869353372,0.00002199965374638418,0.00002200035942953137,0.925074146319661,8.841279365303018,10.710632939671376,0.017285471652142406,0.00033578604087622404,0.00036666638045618877,0.0072895076885205615,0.003361999999999887,0.0033619999999999137,0.003361999999999897,0.0010236199999996967,0.0010236199999996754,0.001023619999999686,-0.14149856724755697,9.70751897398456,0.30715567817112804,-0.005278557534452883,0.013805960504495682,-0.004279642371973345,-2.028562580943108,-20.909438257217406,14.291813106536866,965.7459741210937,-0.07012839235007658,25.408128777509912
2025-03-01T17:26:04Z,40.18932935372345,-75.91142232887184,235.15539729437288,2.5554398407516885,27.34511098906165,0.10043722154418791,1.521534690875616,0.0015844264581697824,1.6024143234979484,0.0009999999991406933,0.0010000000017771871,0.0009999999949471005,0.0009999999935993203,0.0009999999909451032,0.0009999999868394777,0.00002299950424662546,0.000023000369784232697,0.9206615000472138,9.5244460157932,11.801391408472687,0.01657674050554605,0.00033849945766552925,0.00037585141139706937,0.0072952966785679975,0.003362999999999886,0.003362999999999912,0.003362999999999899,0.0010236299999996953,0.0010236299999996747,0.0010236299999996856,-0.0476404226219769,9.808749048262204,0.4273152598725433,-0.0029853110794885833,0.008549852913995161,0.004518145036056079,-2.540062610208988,-21.52800075531006,14.404125623703003,965.4941748046875,0.03467025662702966,26.026580995866937
2025-03-01T17:26:05Z,40.18768238692712,-75.91106779058246,236.20999132793312,3.826505492755067,26.95986519943393,0.021588509838673497,1.5259209101534936,0.0028305432057115143,1.6168686917334776,0.0009999999992971282,0.001000000001589715,0.000999999995130739,0.0009999999940350551,0.0009999999911175532,0.0009999999872939032,0.000023999329766136807,0.00002400038161003045,0.9136820316131324,10.212353711740768,12.926844877686102,0.01575310988284227,0.0003417346356646353,0.0003849943576914232,0.007303178943950283,0.003363999999999885,0.0033639999999999105,0.0033639999999998975,0.0010236399999996955,0.0010236399999996742,0.0010236399999996849,-0.10500802474383016,9.610928709346265,0.48370610349633936,-0.0018857535105220248,0.010667517509906821,-0.0019264782017118529,-2.7097501009702682,-22.124063348770143,14.650688037872314,965.3313598632812,-0.159786951104839,26.673148813107403
2025-03-01T17:26:06Z,40.18626706369936,-75.91071622629941,237.0137822274328,5.083846620239868,26.759159336313925,0.0008035468924720846,1.5304251976135372,6.282965740286187,1.6231605617527674,0.0009999999993595648,0.0010000000015795573,0.000999999995019503,0.0009999999938603698,0.000999999991269919,0.0009999999875074494,0.00002499912580109672,0.00002500039502168131,0.9035239163626537,10.939668196647306,14.100120629623293,0.014667122808758891,0.0003451826552067736,0.0003945833076040189,0.007310176246729298,0.003364999999999883,0.003364999999999909,0.003364999999999896,0.0010236499999996959,0.0010236499999996753,0.001023649999999685,-0.016298375637773775,9.684243794173856,0.6724030495377734,-0.00033155335378003245,0.003251018322374984,0.0023998131062259367,-2.5846876060962676,-21.37162580490112,13.785000524520875,965.3424267578125,-0.07585801914124918,25.562680515523645
2025-03-01T17:26:07Z,40.18447356010479,-75.91035281454229,237.9014276974425,6.641873180669348,26.520561292491788,-0.01884422862555056,1.5433492914382712,0.005200701184378493,1.6304102776152911,0.0009999999992012715,0.0010000000018036228,0.0009999999951878266,0.0009999999939977484,0.0009999999913463135,0.0009999999875305347,0.000025998885880699168,0.000026000410136769373,0.889712311884101,11.715911565627664,15.323612778940662,0.013626683690276536,0.00034954316741096027,0.00040418507539516217,0.007319692029731839,0.003365999999999884,0.00336599999999991,0.0033659999999998973,0.0010236599999996951,0.0010236599999996754,0.0010236599999996847,-0.08634400847986867,9.678127065339098,0.7600771185457841,0.007725185162939483,0.004355248015256467,-0.006019271928295853,-3.100312640890479,-21.512438344955445,14.500125541687012,965.1745068359374,-0.07509347134995685,26.12753186522007
2025-03-01T17:26:08Z,40.18292166256109,-75.90999334965727,238.52774493028824,7.846773309354685,26.31465646477326,-0.14866205310046607,1.5472608693173093,0.006514359932526587,1.6410877953235516,0.0009999999991925409,0.0010000000015089091,0.0009999999949346517,0.0009999999941664576,0.0009999999914328459,0.0009999999879139537,0.00002699860176875552,0.00002700042708459681,0.8735369097137573,12.546039335414225,16.627808803310767,0.013013241695066105,0.00035517110759515907,0.00041356937596014536,0.0073284705399626685,0.003366999999999883,0.0033669999999999087,0.0033669999999998957,0.001023669999999695,0.0010236699999996743,0.0010236699999996838,-0.15527822021107457,9.595984065945181,0.5758271655113786,0.000048985406170691135,0.008448376059651265,-0.0015557866237763175,-2.779687619805336,-22.0061257648468,14.524500589370728,965.1980419921875,-0.16888393847016267,26.513291971980685
2025-03-01T17:26:09Z,40.181067829719666,-75.9096218126873,239.12215792548415,9.19223142531803,26.17554122375767,-0.16773631032322922,1.5420648949148104,0.004513483537100103,1.6533454647819485,0.000999999999163902,0.0010000000016643627,0.000999999995033903,0.0009999999941473817,0.0009999999913954478,0.000999999987678993,0.000027998263457068724,0.00002800044600357592,0.8564275947532762,13.464424910634493,18.009505209316735,0.012583247499045198,0.0003619728286169072,0.0004228652145792485,0.0073367933744813325,0.003367999999999884,0.00336799999999991,0.003367999999999897,0.0010236799999996942,0.0010236799999996738,0.0010236799999996833,-0.12562618915904283,9.701257792153438,0.7168069108526895,-0.008900517418589465,0.01005665260773672,0.0019016079036307443,-2.4028125915676357,-22.339313354492187,12.996000523567199,965.0953271484375,-0.05485572613449982,25.955959148362204
2025-03-01T17:26:10Z,40.178618156983006,-75.90922675730896,239.78836983931788,10.15414297879506,26.1491856654904,-0.2576428282535054,1.5464172735054382,0.0033382771233595315,1.6647376734142336,0.000999999999161861,0.0010000000017597918,0.0009999999951448848,0.0009999999942253317,0.0009999999911802597,0.0009999999874794447,0.00002899786084005478,0.00002900046706815924,0.8407075929049592,14.454745606634553,19.527120572391784,0.012461424269446384,0.0003696880137352866,0.0004322243516775398,0.007345641823311431,0.003368999999999883,0.0033689999999999094,0.0033689999999998964,0.001023689999999695,0.0010236899999996737,0.0010236899999996841,0.01898007067873244,9.633102153776413,0.2582224527898545,0.0005475239313991714,0.009160717636724682,0.0011176647013639292,-3.4042501521110533,-21.746813278198243,14.575688142776489,964.9332861328126,-0.14678907573637995,26.40001520325488
2025-03-01T17:26:11Z,40.17630055078996,-75.9088321259178,240.2238151171242,11.16194594025755,26.178891534894248,-0.3821437497862305,1.5397932504228307,0.003672040368060545,1.671675763796871,0.0009999999992357914,0.0010000000018181366,0.0009999999953721648,0.0009999999942391002,0.0009999999909214008,0.0009999999875579453,0.000029997383981419527,0.000030000490460333673,0.8272955023346124,15.528983234024375,21.085955515733655,0.012355911226115145,0.00037794399076845415,0.0004418401718118698,0.0073550799581663575,0.0033699999999998844,0.0033699999999999104,0.0033699999999998974,0.001023699999999694,0.0010236999999996726,0.0010236999999996834,0.016965784755259047,9.602103293745438,0.5172618502324111,-0.009454468765353583,0.005303923998687253,-0.00034407142380168596,-2.977687616944313,-23.51887586593628,13.858313035964965,964.9480395507812,-0.16733672040427364,27.460047139204924
2025-03-01T17:26:12Z,40.173716800994356,-75.90842502180281,240.58697233017554,12.191685279775236,26.063994639129334,-0.40938570286627324,1.540136288815886,6.282857356478802,1.681517787589737,0.0009999999989525326,0.0010000000019578744,0.0009999999953408645,0.0009999999943770715,0.0009999999905778176,0.0009999999878994462,0.00003099682031281714,0.00003100051633006761,0.8153552842123651,16.715046120656776,22.730719532615673,0.012414293836819048,0.0003871013398157039,0.0004512452616208423,0.0073637043682686885,0.0033709999999998845,0.0033709999999999097,0.0033709999999998953,0.0010237099999996942,0.0010237099999996736,0.0010237099999996842,-0.14895620068831317,9.69499653084891,0.6326593205155517,-0.00201810797356468,0.008336050019054431,0.004202531871643125,-5.046375204324722,-22.767188291549683,14.20537558555603,964.8959838867188,-0.06660847937416844,27.305689514755304
2025-03-01T17:26:13Z,40.170175661132674,-75.90797931991062,241.06168082290645,13.205503842847566,26.251250048343636,-0.5044158871636463,1.5366128647214534,0.0024942433540320265,1.6874826695700529,0.0009999999990366122,0.001000000002189761,0.0009999999957579025,0.0009999999943936647,0.0009999999908942845,0.000999999987814351,0.00003199615614280764,0.00003200054486292484,0.8052083328414509,17.97953605871149,24.452751013164015,0.012527648953463724,0.00039659395064980317,0.0004609048195486407,0.007374076813269534,0.0033719999999998846,0.003371999999999911,0.003371999999999896,0.001023719999999694,0.001023719999999674,0.0010237199999996848,0.13860748300305353,9.612498461049109,0.6270571065401134,-0.005759237492849535,0.004713088096182625,-0.0026473320833030945,-5.616937704086304,-24.237000885009767,14.287313041687012,964.7258227539063,-0.1494674954088659,28.689834316404372
2025-03-01T17:26:14Z,40.165468463775866,-75.90748761982928,241.6212201920287,13.98076203568588,26.380495375463312,-0.6196442344339732,1.539314616453601,0.00563232022476767,1.6933469769551657,0.0009999999989925403,0.0010000000022612914,0.000999999995645081,0.0009999999943938805,0.0009999999909602374,0.0009999999879763417,0.00003299537931181508,0.000033000576301465414,0.797465839598552,19.338079779676878,26.28227213375053,0.01257744430549937,0.0004065165985214639,0.00047055838940509816,0.007384643356902137,0.0033729999999998848,0.0033729999999999104,0.0033729999999998973,0.001023729999999693,0.0010237299999996748,0.0010237299999996856,0.06288836652136821,9.582892726896004,0.40175193250696634,0.0007918698080068042,0.0047523106781553375,-0.00291404283729608,-4.178437690734864,-21.989063272476198,13.862250509262084,964.5337158203125,-0.1918962479359089,26.327505638063794
2025-03-01T17:26:15Z,40.160607200790395,-75.90699019054594,242.04132354642238,14.432751644591615,26.51096816293466,-0.6788777302842,1.5376452195724135,0.009043948336724344,1.701609898715128,0.000999999998981001,0.001000000001904284,0.0009999999957116966,0.0009999999945466485,0.0009999999907288842,0.0009999999885101619,0.00003399448100242386,0.000034000610920460724,0.7921890894395277,20.79867775823729,28.2282605338965,0.012541985559800819,0.00041688713096439423,0.0004800140161400852,0.007395362455567079,0.0033739999999998858,0.0033739999999999083,0.0033739999999998988,0.0010237399999996936,0.0010237399999996739,0.0010237399999996864,0.05048556841017221,9.647339478172585,0.2631277373811938,-0.0028529559429553105,0.00755210770515077,-0.003107483447477086,-4.466437675952911,-23.15831341743469,12.981188006401062,964.5126879882813,-0.13237157618838039,26.921460702713084
2025-03-01T17:26:16Z,40.15299239190846,-75.90639459166242,242.89105792622908,15.017789530932006,26.59905733598482,-0.7010412329120455,1.5381891041078857,0.02151002756605828,1.7133371913931448,0.0009999999990052675,0.0010000000019247672,0.0009999999959366946,0.0009999999943994032,0.0009999999908845256,0.0009999999881987157,0.00003499345362242944,0.0000350006489906233,0.788755149367403,22.349344217554577,30.2472123917192,0.012582939611878416,0.0004277717434515683,0.0004892096470008049,0.00740836070169024,0.003374999999999884,0.00337499999999991,0.003374999999999897,0.0010237499999996933,0.0010237499999996727,0.0010237499999996862,-0.07560899461630635,9.637956460794515,0.3790273035680551,-0.00040165261441720056,0.011412572449630337,-0.0121007145414745,-3.8096251499652865,-22.989563331604003,13.065375556945801,964.108408203125,-0.1377415420320793,26.71581149849134
2025-03-01T17:26:17Z,40.14397682554201,-75.90575292210374,243.97842635671427,15.563528518555938,26.514635879856087,-0.5272318355889133,1.5246400460382343,0.014083914922097911,1.728741537701117,0.0009999999992150608,0.0010000000016065335,0.0009999999958583514,0.000999999994186834,0.0009999999906777077,0.0009999999881816083,0.00003599228816470502,0.00003600069074781149,0.7866448322436872,24.024325920602042,32.37908036207391,0.012711204495748796,0.000438727913534148,0.0004980932248152608,0.007416530589067012,0.0033759999999998834,0.0033759999999999095,0.0033759999999998964,0.0010237599999996924,0.0010237599999996735,0.001023759999999685,-0.2837518846208837,9.80797769927786,0.5639055453678868,-0.013787436709891524,0.014780672595328028,0.007989892742989148,-5.159812699556351,-22.15425082206726,12.918000535964966,963.875166015625,0.0448347647596621,26.159254021682504
2025-03-01T17:26:18Z,40.13421772738773,-75.90508766389456,245.34719775169978,15.866534266682187,26.490271689974794,-0.19813898983067696,1.5168852808738496,0.009880480032311244,1.7385797235734166,0.0009999999989719062,0.001000000001497843,0.0009999999954802582,0.0009999999939165447,0.0009999999909306916,0.0009999999885959507,0.000036990975210521965,0.00003700073644212025,0.7856825607799456,25.81254633179621,34.642424418704934,0.012873356165710914,0.00044935867399875575,0.0005073280908950588,0.007425501490788591,0.003376999999999885,0.003376999999999911,0.0033769999999998974,0.0010237699999996934,0.0010237699999996728,0.0010237699999996843,-0.17234179216044038,9.954632866404443,0.6870738115223838,-0.00694091009183356,0.009750219579203504,0.00475314437745833,-4.026000156402588,-22.525500812530517,12.642187919616699,963.69599609375,0.19636772443345935,26.142477274200118
2025-03-01T17:26:19Z,40.126288443507484,-75.90448633177037,246.5138759297823,15.667007594679303,26.301983318206158,-0.1448607745006073,1.5164933010438693,0.013704391336735193,1.7572055954921766,0.0009999999987679769,0.0010000000014902012,0.0009999999955587317,0.0009999999940138052,0.0009999999908346397,0.0009999999884444885,0.00003798950991790803,0.00003800078631636651,0.785592457052607,27.64931874304162,36.986099554156254,0.012764885778330638,0.0004606792430576365,0.0005158620423773115,0.007436319949147588,0.0033779999999998863,0.0033779999999999123,0.0033779999999998993,0.0010237799999996923,0.0010237799999996736,0.0010237799999996842,-0.30448967388169473,9.726621618905158,0.3877140457718816,0.000679877717853885,0.01920944397454981,-0.002557705103424383,-4.7925001955032345,-22.802813396453857,12.899438056945801,963.81521484375,-0.044306108281595966,26.63323389845402
2025-03-01T17:26:20Z,40.119014114053236,-75.90389987215495,247.56383689181132,15.353306773640183,26.000004096258543,-0.09857151036472278,1.5133042032139143,0.01704525080532439,1.778290101653256,0.000999999998886825,0.0010000000010491929,0.0009999999954253672,0.0009999999941789314,0.000999999991136897,0.0009999999884895082,0.00003898789257085834,0.000039000840504865684,0.7858769545976206,29.57959312908413,39.429857994900246,0.012820576801433739,0.00047217544154331057,0.0005241228161246002,0.007446912391855821,0.0033789999999998856,0.0033789999999999116,0.0033789999999998986,0.0010237899999996929,0.0010237899999996731,0.001023789999999683,-0.5176535627878486,9.732178795359639,0.3617283805262312,-0.0021040633255450187,0.021799776361870707,-0.001555786964394,-5.272125244252384,-23.091750869750978,12.583312973976135,963.8019604492188,-0.03072903940857991,26.82091158244176
2025-03-01T17:26:21Z,40.112189823180366,-75.90331400374596,248.52420956576415,14.877590497014621,26.065738952387775,-0.08951500080502144,1.5121232471836739,0.025020563800618515,1.7862138034164237,0.0009999999985794174,0.0010000000006957347,0.0009999999952633456,0.000999999994084932,0.0009999999910405772,0.000999999988520233,0.00003998612593924304,0.00004000089912575799,0.7863115584866522,31.574201353050512,41.978472327545965,0.012764025147544532,0.0004827568057697559,0.0005333058888259154,0.007458545464086706,0.003379999999999884,0.00337999999999991,0.003379999999999897,0.0010237999999996934,0.0010237999999996726,0.0010237999999996826,-0.2788465863927001,9.710948664982064,0.32522149599552647,-0.000032797402469145025,0.009008001068622505,-0.006518145364607398,-5.67337522149086,-21.838688201904297,12.717938051223754,963.7673901367187,-0.06298816542049397,25.90094208293976
2025-03-01T17:26:22Z,40.10542009221344,-75.90271331415781,249.44873211766924,14.427246880468603,26.621605252702857,-0.07408250356499138,1.5073370916299755,0.019520841026528332,1.7878190613676335,0.0009999999981488228,0.0010000000002302774,0.0009999999955501739,0.0009999999938617023,0.0009999999908346107,0.000999999988188809,0.00004098421317575575,0.000041000962496090276,0.7865279499843814,33.6321458559949,44.62073659675309,0.01250666399223954,0.0004925885095397201,0.0005429104413857883,0.007466837503486224,0.003380999999999884,0.00338099999999991,0.003380999999999897,0.001023809999999693,0.0010238099999996717,0.0010238099999996825,0.1087508008761257,9.721078259785275,0.49224050524047197,-0.003636899363426882,0.001942331338257942,0.006808888271231016,-4.734187698177993,-21.2865008354187,12.994125566482545,963.6921166992188,-0.049305976452025925,25.384490672278794
2025-03-01T17:26:23Z,40.09890710043185,-75.90211512221734,250.27144141197869,14.073350130853164,27.34486094396373,-0.14903651706468649,1.5055826999084752,0.02628019877732815,1.7839747784891755,0.00099999999820202,0.0010000000002895,0.0009999999954956134,0.0009999999940094114,0.0009999999907656645,0.0009999999883438119,0.00004198215380372308,0.00004200103117433437,0.7861735180784888,35.749914391123355,47.3287890462853,0.012381108834329408,0.000502270541788202,0.0005529569775920254,0.00747814469984393,0.0033819999999998842,0.00338199999999991,0.003381999999999897,0.0010238199999996922,0.0010238199999996708,0.0010238199999996816,0.25275688827369497,9.63156251225683,0.6441991302440867,-0.0006419934204421106,-0.002739963505900826,-0.00587189689094074,-7.871437816619873,-21.062625827789308,13.381688098907471,963.6435693359375,-0.12714154584410492,26.166020972964922
2025-03-01T17:26:24Z,40.0915998840448,-75.90148583370897,251.1391391819726,13.70032143722327,27.710627655900854,-0.13243799165205095,1.5038363788616227,0.02882300474032869,1.7908779375856585,0.0009999999978467795,0.001000000000333386,0.0009999999952495142,0.000999999993694685,0.000999999991051584,0.0009999999880568463,0.000042979945009433204,0.000043001105718456176,0.7855040475348977,37.99473737981555,50.16697833562987,0.012382380740025905,0.0005127665909443337,0.000562182452824772,0.0074884297422775055,0.003382999999999886,0.0033829999999999104,0.0033829999999998974,0.001023829999999691,0.0010238299999996714,0.001023829999999682,-0.1353171145128112,9.711826077143062,0.5971657871555878,-0.0009185510695921087,0.007796453107806818,-0.0010712675629231086,-6.4053752851486205,-19.85962574005127,12.693750553131103,963.495009765625,-0.05246552788981133,24.424626603353346
2025-03-01T17:26:25Z,40.08417010166971,-75.9008605168393,252.03986180452605,13.410499775063514,28.160027418179965,-0.047162404143636136,1.5056060917581686,0.02949571138584325,1.7933975821097947,0.0009999999981138072,0.0010000000002036555,0.0009999999956754797,0.0009999999938266975,0.00099999999074683,0.0009999999878757394,0.00004397758273935196,0.00004400118664365177,0.7848723234503043,40.34255284108664,53.12733114330612,0.012462351086627368,0.000522887298022847,0.0005718179387627736,0.00749834063785066,0.0033839999999998854,0.0033839999999999096,0.0033839999999998966,0.0010238399999996906,0.0010238399999996715,0.0010238399999996824,-0.025516621358127246,9.77874074004093,0.7045296491970652,0.0026126141667394557,0.0032985855141579156,0.00020670833582540492,-7.001625289916992,-19.72687589645386,12.410438003540039,963.4020654296875,0.020492976532951204,24.33493136674315
2025-03-01T17:26:26Z,40.07864510365963,-75.9003194847283,252.67513986567582,13.160460191135476,28.360788275855448,-0.12007968557900332,1.504166392235695,0.03355792349983495,1.800447914719491,0.00099999999820691,0.0010000000002291305,0.0009999999957320232,0.0009999999933902727,0.0009999999906255125,0.0009999999879874368,0.00004497506234740419,0.00004500127446877377,0.7844448496577405,42.7595227977837,56.16578271165789,0.012522300471393726,0.0005335041312474251,0.0005811395583564773,0.007509197958973408,0.0033849999999998855,0.003384999999999911,0.0033849999999998985,0.0010238499999996901,0.001023849999999672,0.0010238499999996827,-0.1676600976741327,9.646063287098999,0.617345248082631,-0.0010509053562191592,0.007826995840633837,-0.0033212861342495348,-7.592812795639038,-19.96162588119507,12.169125490188598,963.5041577148437,-0.11639912253556192,24.580529452661573
2025-03-01T17:26:27Z,40.07473558938599,-75.89984595525554,253.04907617901208,13.02186020280079,28.396134085519698,-0.1315859369254436,1.5009065957220151,0.030556836730684128,1.8098274927512856,0.0009999999981845677,0.001000000000137126,0.0009999999957452418,0.0009999999932494888,0.0009999999908218,0.0009999999880263184,0.0000459723803861856,0.00004600136961197836,0.7843126629709047,45.299721431965644,59.33644333154323,0.012534404337821605,0.0005440925667522039,0.0005902838707396982,0.007518343413882831,0.0033859999999998848,0.003385999999999909,0.0033859999999998978,0.0010238599999996905,0.0010238599999996727,0.0010238599999996833,-0.2816382165582926,9.720599785486629,0.6623303207543207,-0.003178751123755488,0.009496693335311675,0.003662934370942781,-7.809937810897827,-20.049188289642334,11.962125453948975,963.6027490234375,-0.03644713875575021,24.618184749088687
2025-03-01T17:26:28Z,40.07006342231266,-75.89935720195031,253.4405125946356,12.855052604354197,28.54011153241559,-0.23674480641415113,1.5060970311940922,0.036459583376171736,1.8169545685769486,0.000999999997965123,0.0010000000002041896,0.00099999999562377,0.0009999999934500088,0.0009999999909442237,0.0009999999877427807,0.000046969533442726864,0.00004700147253157142,0.7844775458150856,47.904650090436206,62.58874073179414,0.012653463830576462,0.000554843916998891,0.0005995792643749021,0.0075297926413851225,0.003386999999999885,0.003386999999999909,0.003386999999999898,0.0010238699999996904,0.0010238699999996726,0.0010238699999996835,-0.1282510968619117,9.62509019044956,0.6607527542769951,0.005346484376226691,0.007905106828733612,-0.0055914998230806034,-7.7977502822875975,-20.440688247680665,12.181875486373901,963.5085791015625,-0.1350759801851277,25.040411105207635
2025-03-01T17:26:29Z,40.06418901147581,-75.89884678121437,253.92974977252067,12.78791171167018,28.569062950980733,-0.1809623496667726,1.5030130979888754,0.032067331241520884,1.8214000161419928,0.0009999999975825516,0.0010000000005851537,0.0009999999953023966,0.000999999993421323,0.0009999999911577961,0.000999999987901616,0.00004796651691912858,0.00004800158375081354,0.7850430235532823,50.65403522296193,65.98678630491113,0.012767360539265258,0.0005650121701489188,0.0006090218627292626,0.007538747455223482,0.0033879999999998833,0.003387999999999908,0.0033879999999998998,0.00102387999999969,0.0010238799999996722,0.0010238799999996828,-0.19178772303755245,9.766900832493896,0.7603163992651107,-0.002781688655074997,0.004630137167303106,0.004171988647037889,-7.718250312805176,-19.713188285827638,12.461625499725342,963.3731909179687,0.014651756148571289,24.565642496860132
2025-03-01T17:26:30Z,40.055999923138245,-75.8982957999112,254.69586903308405,12.560514692653811,28.362221547616077,-0.1657284435885315,1.4992659621081348,0.03255312108348495,1.8292932458622952,0.00099999999748549,0.0010000000008847819,0.0009999999954282887,0.000999999993264416,0.0009999999913550275,0.0009999999878405998,0.00004896332793328317,0.000049001703761470236,0.785957504744305,53.49373020768413,69.49112397998728,0.012833487000534077,0.0005756943392914194,0.0006180471774454462,0.007549072145878673,0.0033889999999998826,0.003388999999999907,0.0033889999999999003,0.0010238899999996894,0.0010238899999996714,0.001023889999999682,-0.20776341206815005,9.71185935698904,0.6361576768988543,-0.0034059061851830687,0.008566042306285613,-0.001005007491822253,-7.843125338554382,-19.191188201904296,12.122062940597534,963.1294750976563,-0.048760417189383995,24.015792442994623
2025-03-01T17:26:31Z,40.049952135341655,-75.89782081890912,255.25314398754523,12.439292633985946,28.14837115969195,-0.08387988902514223,1.4966889405184072,0.033706822882803994,1.8380648041260266,0.0009999999974299903,0.0010000000008052556,0.0009999999956321625,0.0009999999930904444,0.0009999999915795872,0.000999999987728459,0.00004995996626547347,0.00005000183301231052,0.7870919052241434,56.46776220306473,73.12911376947001,0.01288813135804096,0.0005864693563634707,0.0006268672012968344,0.007559556793341472,0.0033899999999998844,0.0033899999999999052,0.003389999999999899,0.0010238999999996896,0.0010238999999996718,0.0010238999999996824,-0.2353769774436641,9.796013505299001,0.7075945426066488,-0.00246607578407761,0.009282890903095224,-0.0015294160446561308,-7.60687527179718,-19.785938358306886,12.064875440597534,963.2321997070312,0.04073211525182585,24.39070820186651
2025-03-01T17:26:32Z,40.045912134558925,-75.89740508179858,255.57287311498447,12.274900344577972,27.88136594657204,-0.18003909235796106,1.4945838055283704,0.0279026115059011,1.849819126511413,0.0009999999975679869,0.0010000000007169094,0.0009999999956629144,0.0009999999931111375,0.000999999991814755,0.000999999987674316,0.00005095643357798078,0.000051001971900076046,0.7882507849073035,59.50761849489968,76.82672388595785,0.012861967517484184,0.0005972341345464891,0.0006352922057025129,0.007568231187902944,0.0033909999999998846,0.0033909999999999045,0.0033909999999998976,0.001023909999999689,0.001023909999999671,0.001023909999999682,-0.2855105395214429,9.64486039058417,0.5964211243834115,-0.0022442615333186696,0.011550266964201104,0.0058747322980248085,-7.7411253452301025,-20.306813297271727,11.982750492095947,963.3444140625,-0.1160908615732449,24.816838499151274
2025-03-01T17:26:33Z,40.04220193404791,-75.89700673357363,255.79377325449698,12.180119301496568,27.77254096579055,-0.19305984315352,1.4937269017933912,0.029698075237296825,1.8550461508563312,0.0009999999976933282,0.0010000000008688883,0.0009999999958354184,0.0009999999932414605,0.000999999991746234,0.0009999999876780922,0.00005195273256428877,0.00005200212086043159,0.7894834266579296,62.67477595660801,80.65701894536429,0.012999879951957647,0.0006077288704882774,0.0006441184568546362,0.007578849178701147,0.0033919999999998843,0.0033919999999999038,0.003391999999999897,0.0010239199999996888,0.001023919999999671,0.0010239199999996819,-0.11242577361072288,9.7296126753482,0.7005756016330081,-0.0008676458954762756,0.005566795711053699,-0.002221729452949541,-10.600312929153443,-21.585563278198244,13.327688016891479,963.3478637695313,-0.028127893120411397,27.494138425192965
2025-03-01T17:26:34Z,40.037065973657114,-75.89659571790133,256.12805022925266,12.089231013445394,27.40314729094487,-0.22974479346554844,1.49126818513569,0.03023116888038965,1.8621688658378432,0.0009999999975556454,0.0010000000007760108,0.0009999999954540873,0.0009999999932860956,0.0009999999917309345,0.0009999999875755683,0.00005294886639151618,0.00005300228037182785,0.7908807257316044,65.94623073072502,84.5838284003679,0.013051314457060386,0.0006183802262261991,0.0006526007565563905,0.007589272672767306,0.0033929999999998866,0.0033929999999999056,0.003392999999999898,0.0010239299999996883,0.0010239299999996706,0.0010239299999996814,-0.23158834690369964,9.695116105714567,0.6348128567578317,-0.002588248887403311,0.007419752474105837,-0.001254526547407224,-8.647500395774841,-19.812750720977782,11.502000427246093,963.2211694335938,-0.06489696053001924,24.487096145995917
2025-03-01T17:26:35Z,40.0340708054074,-75.89622821434313,256.17486497985925,11.86260538205327,27.17678986274461,-0.3165791851709599,1.48753981400262,0.03410281002874949,1.8716388134401365,0.0009999999973316109,0.0010000000006343793,0.0009999999955025607,0.0009999999931438214,0.0009999999914878225,0.0009999999876879222,0.00005394484258634555,0.00005400245087625756,0.7923760703840846,69.31374954439876,88.62983098735924,0.013264336222583701,0.0006293503774124201,0.0006607158734938597,0.007600433318478418,0.003393999999999886,0.003393999999999904,0.003393999999999897,0.0010239399999996887,0.0010239399999996716,0.0010239399999996824,-0.2031739020705452,9.676673120966901,0.5141237250793931,-0.004086870057153381,0.009867885441475184,-0.003899104097101885,-10.437187900543213,-21.402938327789307,12.511875486373901,963.3609692382812,-0.09105464599102568,26.89916268036101
2025-03-01T17:26:36Z,40.031783893883414,-75.89587600255403,256.0624976214899,11.689530057488629,26.93967967910803,-0.3971678565922596,1.4867691736458002,0.033799544715963935,1.8810962428096514,0.000999999997635562,0.0010000000008426374,0.0009999999956794932,0.0009999999934560413,0.000999999991660385,0.0009999999873364779,0.00005494067180854935,0.000055002632825572434,0.7941362663955969,72.78788963782773,92.79121285054399,0.013488348002101759,0.000640104879392926,0.0006686753652520351,0.007610494707825162,0.003394999999999887,0.003394999999999905,0.0033949999999998985,0.0010239499999996878,0.0010239499999996709,0.0010239499999996813,-0.28506792235449097,9.685305610338213,0.545919499854398,-0.001244346303644811,0.009445787909968716,0.0004355322299439792,-8.415187830924987,-21.068813247680666,11.399250440597534,963.4226391601562,-0.07860992914979446,25.38997058745098
2025-03-01T17:26:37Z,40.02841462983032,-75.89551309397895,255.99599097716575,11.708430328346886,26.831325739248232,-0.4302976019867626,1.4869292973373827,0.031443041771103915,1.887974595894725,0.000999999997705545,0.0010000000007759676,0.0009999999959828944,0.0009999999935694866,0.0009999999919381333,0.0009999999875172358,0.00005593636412156932,0.000056002826735833374,0.7965821935375216,76.34822242587919,97.07262012198983,0.013820080100231434,0.0006504480734330784,0.0006766792391845938,0.007620136748923865,0.0033959999999998865,0.003395999999999906,0.0033959999999999,0.0010239599999996873,0.0010239599999996712,0.0010239599999996801,-0.08474879570044475,9.716998004349662,0.7002147184077069,-0.00045172357871246154,0.006703404937294146,0.0018991040892691181,-8.513812832832336,-20.911688346862793,11.675437927246094,963.3653759765625,-0.04090080615633125,25.418437882533222
2025-03-01T17:26:38Z,40.02236458328218,-75.89512857989752,256.16247487743453,11.807422922543411,26.690500010679152,-0.4455151412464985,1.4866425536039267,0.028001702426438787,1.8860017616086862,0.0009999999975539152,0.0010000000009709766,0.0009999999962411084,0.0009999999934272783,0.000999999991674242,0.0009999999875318331,0.00005693193743730334,0.000057003033322302555,0.8008564536120566,79.95887338778954,101.49238323136886,0.014838342220556786,0.0006597826245611696,0.0006851220948641478,0.007629797911640529,0.003396999999999888,0.003396999999999908,0.003396999999999901,0.0010239699999996879,0.00102396999999967,0.0010239699999996807,0.2306651124801769,9.72961269919,0.5727988712461479,-0.0012239837712564366,-0.0022115484508005577,0.0012092943321012509,-8.99625039100647,-20.310188312530517,11.356687965393066,963.1844604492187,-0.03425941487832072,24.9481080454682
2025-03-01T17:26:39Z,40.01305915874802,-75.89475219735377,256.7246175395581,12.584472422128778,26.183839015122675,-0.2667823575496304,1.4868619874273366,0.026169898873916925,1.8806138457949009,0.0009999999975386239,0.0010000000010639534,0.000999999996022106,0.0009999999932304075,0.0009999999917625609,0.0009999999871872925,0.00005792741872038312,0.00005800325330506729,0.8078550603433848,83.67244380397165,106.03697466910047,0.01585636767218928,0.000668600920336746,0.0006932246454549761,0.007640293684971423,0.0033979999999998872,0.0033979999999999067,0.0033979999999999002,0.0010239799999996883,0.0010239799999996703,0.001023979999999681,0.2603759934926652,9.873899832406662,0.7839654580969699,-0.001641408144753353,-0.005561124208866265,-0.0023439024756351265,-9.363562870025635,-20.84362573623657,11.764125461578368,962.92611328125,0.1250051229504467,25.70068244565156
2025-03-01T17:26:40Z,40.00004489024362,-75.89443555518164,257.65465368081396,14.120059909205148,24.694187158261784,-0.4375827437457871,1.4936145628854303,0.030178474494405957,1.8873302019442724,0.0009999999978254448,0.0010000000011248602,0.0009999999959974491,0.0009999999931937559,0.0009999999915855102,0.0009999999871585787,0.00005892283497881349,0.000059003486974358764,0.816733836075514,87.26838215436835,110.43975275317017,0.016242274258777393,0.0006785272027557984,0.0006993049988517617,0.007652919728488136,0.003398999999999886,0.0033989999999999056,0.0033989999999998995,0.0010239899999996875,0.0010239899999996695,0.0010239899999996802,-0.07870789774713065,9.485168845754092,0.66090966451175,0.0031834221415160072,0.006773504768659118,-0.009557113994947918,-8.092312822341919,-21.441563243865968,12.066750478744506,962.600341796875,-0.2747265142453927,25.90038600420156
2025-03-01T17:26:41Z,40.18254837034937,-75.91778162325285,263.73868574038335,-33.14145883449885,7.447327646855633,-0.03023857316715599,1.3777972855421212,0.019582893580287232,1.8885666639463288,0.0009999999985154215,0.0010000000011948108,0.0009999999950659952,0.000999999993439735,0.0009999999909512931,0.000999999987571327,3.076680986475079e-10,3.076679173880474e-10,0.5027654934087573,0.0033363771980276596,0.003336403436703111,0.010828567593327062,0.00017415113569790042,0.00017555564391012792,0.007572384007369854,0.003399999999999885,0.0033999999999999044,0.003399999999999898,0.0010239999999996866,0.0010239999999996688,0.0010239999999996797,-0.7410601645909856,9.736153116860853,0.6478936228096774,-0.005011345515982413,0.020156283693731125,0.006401644994618093,-7.989937796592712,-22.394250869750977,11.41856294631958,962.7336376953125,0.004442537564253111,26.37655153851861
2025-03-01T17:26:42Z,40.182427616642464,-75.91770000996306,263.50814906253294,-34.22655574583079,6.431956245678938,-0.1579010277121559,1.3715981298780517,0.019457531767011517,1.918445676834003,0.0009999999985388617,0.0010000000012236044,0.0009999999948475625,0.0009999999934947991,0.0009999999908113307,0.0009999999874601335,1.0003076682764915e-6,1.0003076682944507e-6,0.5367021599064757,0.029409905765289884,0.02663270544376167,0.011829794491996646,0.00018446206313637786,0.00018513510634059714,0.007582437299552622,0.003400999999999885,0.0034009999999999045,0.003400999999999898,0.0010240099999996861,0.0010240099999996683,0.0010240099999996807,-0.7978491789961625,9.755165566990392,0.5543702074648594,-0.00669055574198474,0.029055047586814826,0.006105058247579325,-8.43525032043457,-21.957750778198243,11.16975043296814,962.85748046875,0.022185263783727854,26.03952648508753
2025-03-01T17:26:43Z,40.18229896060631,-75.91762828578983,263.1777453818243,-35.44927026774928,5.764891525332991,-0.4734604836747841,1.3749089383670197,0.02003431047552742,1.9335612970345664,0.0009999999983830404,0.0010000000011697627,0.0009999999949758046,0.0009999999935671393,0.0009999999905979907,0.0009999999873992603,2.0003076690394183e-6,2.0003076717058513e-6,0.5732680773610478,0.09423426722678648,0.09761051983644131,0.01348104620502959,0.00019451201933959623,0.00019488715386083204,0.0075926356343075435,0.003401999999999884,0.0034019999999999034,0.0034019999999998973,0.0010240199999996852,0.0010240199999996687,0.0010240199999996804,-0.38923547866049324,9.571048290569353,0.5095884791597405,0.003011345580710625,0.01486212172160508,0.0024513863438294144,-9.125250406265259,-21.096375751495362,11.003437910079956,962.7722802734374,-0.18867276418796858,25.483334062695292
2025-03-01T17:26:44Z,40.18216341419969,-75.91756227784366,262.63958049427447,-36.46924579573938,5.46566866467014,-0.5970928656366992,1.370317012059403,0.016426195925491747,1.9340355025003764,0.0009999999980291492,0.0010000000012694921,0.0009999999949744517,0.0009999999936525074,0.0009999999904410075,0.0009999999875275369,3.0003076686640088e-6,3.000307685549602e-6,0.6128045174128798,0.1890382179468372,0.21154518965520178,0.015117851472926828,0.0002041113846429388,0.00020482200484573328,0.007601836399575815,0.0034029999999998827,0.0034029999999999018,0.003402999999999897,0.0010240299999996854,0.0010240299999996682,0.0010240299999996808,-0.09459924023188383,9.700699431736094,0.8678737881730572,-0.004617621377380084,-0.00030651808270824876,0.0036716129922617444,-8.770875334739685,-21.84112579345703,10.906687889099121,962.8230712890625,-0.04125162471264145,25.940628914514765
2025-03-01T17:26:45Z,40.182014098894214,-75.91749968501401,262.268389646188,-37.59479858867317,5.139879150088166,-0.7197346538069733,1.3734083862602466,0.020641556793711373,1.9374598672787278,0.0009999999980732448,0.0010000000016707497,0.0009999999947027255,0.000999999993582329,0.0009999999901666265,0.0009999999875636991,4.000307655768025e-6,4.000307722967325e-6,0.6553907197561029,0.32202360092948945,0.37991836047481786,0.017214062424062915,0.00021333628087668823,0.0002147324558183044,0.007612795664051353,0.003403999999999882,0.0034039999999999015,0.0034039999999998967,0.0010240399999996844,0.0010240399999996673,0.0010240399999996807,-0.07427529061083227,9.697620123940121,0.7334396469218254,0.0021154104251792294,0.0039480052915686435,-0.0036572618120733016,-11.570062942504883,-22.17487585067749,12.625313005447389,962.6315844726563,-0.055531968964439314,28.01762213544085
2025-03-01T17:26:46Z,40.181833631275026,-75.91744025457855,262.1384346285854,-38.356833224862356,4.766122609517753,-0.8018339959232803,1.3719284772217517,0.024208503099432586,1.9475189322967381,0.0009999999979753446,0.0010000000016850523,0.0009999999943044943,0.0009999999937807518,0.000999999990066254,0.0009999999878181228,5.000307590519721e-6,5.000307802514846e-6,0.7006250444147804,0.49554404150922515,0.5819283362623342,0.018965740930612873,0.00022191537657031317,0.0002245720519811136,0.0076235581447886384,0.0034049999999998803,0.0034049999999999,0.003404999999999898,0.0010240499999996846,0.0010240499999996666,0.001024049999999681,-0.2682384079526469,9.645544766424415,0.9664580758412877,-0.004196858662592629,0.009700314437792179,-0.002018108290911918,-9.076687846183777,-20.707313299179077,11.301937918663025,962.4060864257813,-0.08354574500438479,25.276675263770763
2025-03-01T17:26:47Z,40.181633275916326,-75.91738427570638,261.94298739601436,-38.96634124739871,4.413036560573389,-0.726826584144481,1.3795041338382685,0.02869743985761708,1.960758776930021,0.0009999999978508682,0.0010000000016111422,0.0009999999944449633,0.0009999999939493286,0.0009999999902286151,0.0009999999878709492,6.000307380285435e-6,6.000307947118397e-6,0.7469185689795115,0.7094381682985028,0.8256211641163663,0.02041159273828566,0.0002295993143953477,0.00023437263574108396,0.007634306821373606,0.0034059999999998813,0.003405999999999898,0.003405999999999896,0.0010240599999996847,0.001024059999999667,0.001024059999999681,-0.3383095467208379,9.78309488865418,1.0827917533134133,0.004575393054166377,0.012741954316043747,-0.002296835183579848,-9.094687886238098,-22.9350008392334,10.95318793296814,962.5049365234376,0.06758054212149855,26.994391779148337
2025-03-01T17:26:48Z,40.181420066107314,-75.91733240643055,261.6021143186835,-39.76555148424473,3.9626650731131017,-0.8667117114870759,1.3818796595737701,0.026018317357940798,1.970857588903399,0.0009999999983194268,0.0010000000016663834,0.0009999999947853514,0.0009999999937779622,0.0009999999902408658,0.000999999987709372,7.0003068552524214e-6,7.0003081856125235e-6,0.7934064783689115,0.959933305108105,1.1281872525878978,0.02237520473103276,0.00023599006514188982,0.0002442152277228405,0.007642994509043421,0.0034069999999998797,0.003406999999999898,0.0034069999999998962,0.0010240699999996845,0.0010240699999996667,0.001024069999999681,-0.35246576578824385,9.6309485982243,0.7755507055851302,-0.00030768608538882356,0.008274963385612028,0.0041821691318788875,-10.06406289577484,-23.62893835067749,11.818687973022461,962.6440673828125,-0.11247382339042715,28.271727843192593
2025-03-01T17:26:49Z,40.18116649596696,-75.91728382923367,261.1277577000866,-40.65775959826082,3.5038691737162857,-1.1795825338403585,1.3818978692390604,0.028106631939775542,1.9839064645032178,0.0009999999981350754,0.0010000000014094674,0.0009999999947408857,0.0009999999939612533,0.0009999999900360938,0.0009999999875407992,8.000305752161826e-6,8.000308554578109e-6,0.8404410376412418,1.2384403304674814,1.4925936429815272,0.02481575722324466,0.00024108140736560629,0.00025402029536864435,0.0076523695707669025,0.0034079999999998807,0.0034079999999998972,0.0034079999999998955,0.001024079999999684,0.0010240799999996677,0.001024079999999682,-0.29833762928101376,9.481442363362133,0.5646868091790761,-0.003526075715183356,0.01162036616531073,-0.000033631656345396656,-8.360625352859497,-23.114625911712647,11.319000444412232,962.6613500976563,-0.2780573728535295,27.061097575594513
2025-03-01T17:26:50Z,40.180889635871004,-75.91723824851039,260.3824005961198,-41.50094605366186,3.2101027293533337,-1.3410990969173868,1.3789854822935832,0.02673516573349981,1.9972088839697248,0.0009999999980280078,0.0010000000016790187,0.0009999999945915418,0.0009999999936201305,0.0009999999899327396,0.0009999999872125312,9.000303714426433e-6,9.000309096178137e-6,0.8874966964799305,1.5347920599796305,1.9142331393309304,0.026897667570002375,0.00024456071523839954,0.0002638144197247312,0.007660441088987626,0.0034089999999998796,0.0034089999999998974,0.0034089999999998948,0.001024089999999683,0.0010240899999996679,0.0010240899999996822,-0.1599233096049455,9.620021421748977,0.6877341255995572,-0.006507964239004947,0.011135847138193112,0.0034491317092546236,-8.448375339508056,-22.832250900268555,10.766812906265258,962.7871240234375,-0.13506350438732906,26.6196971391763
2025-03-01T17:26:51Z,40.18055342058154,-75.91719142509581,259.60050302937645,-42.327177641249925,3.090714641529908,-1.4946267988879767,1.3817208488927037,0.0345979485018385,2.005232522661745,0.0009999999979145857,0.0010000000015356015,0.0009999999945345048,0.0009999999935205728,0.000999999990303485,0.000999999987130745,0.000010000300311175678,0.000010000309858921735,0.9332541266679127,1.835913857924443,2.4032334471040877,0.028903248069800394,0.000246447389739231,0.0002736921712186324,0.007670087305542781,0.0034099999999998814,0.003409999999999896,0.0034099999999998958,0.001024099999999684,0.0010240999999996687,0.0010240999999996815,-0.017111668294341537,9.619502972601165,0.6637261311043743,-0.00171267529509465,0.007175406735610887,-0.006752310233771548,-7.832062811851501,-22.995938339233398,10.470375428199768,962.8292651367187,-0.13857101379081815,26.45336377705921
2025-03-01T17:26:52Z,40.180118490575836,-75.91713887679657,258.87091307455364,-42.94040459587581,3.087659324989026,-1.6682679674860823,1.3862420031672795,0.030037562459033725,2.014774857446507,0.000999999998185596,0.0010000000015766167,0.0009999999941362058,0.0009999999934070904,0.000999999990197616,0.0009999999869450247,0.000011000295068914609,0.000011000310897559014,0.9764357433593354,2.137562703495139,2.945818184505986,0.030518535594475007,0.00024659317354602047,0.000283542268739552,0.007676564528613229,0.003410999999999881,0.0034109999999998955,0.003410999999999894,0.0010241099999996844,0.0010241099999996682,0.0010241099999996816,0.015004453426724566,9.562955142848246,0.6720107848174929,-0.0016133689132963268,0.005521732708761442,0.005454137044652094,-9.317625370025635,-21.936375789642334,10.09256290435791,962.821748046875,-0.19441803906290198,25.88203846354016
2025-03-01T17:26:53Z,40.179603322019744,-75.91708129996151,258.0488424881416,-43.26565312298843,3.0150459240408267,-1.8966794865349166,1.3871005016611564,0.04170166236241256,2.0253137619188903,0.0009999999986050234,0.0010000000016041706,0.0009999999943267547,0.0009999999932099957,0.0009999999900219556,0.0009999999870255447,0.00001200028750574473,0.000012000312269562515,1.0152060202589512,2.445441527485405,3.5201427080356034,0.03145543977917166,0.0002456804213158777,0.0002933541361668471,0.007686294985990798,0.003411999999999882,0.0034119999999998956,0.0034119999999998956,0.001024119999999685,0.001024119999999668,0.0010241199999996824,-0.17487844895141677,9.471905691463165,0.7251419098921705,-0.006212712840103463,0.009089449497273715,-0.010529490294073698,-9.273375396728516,-21.858375873565674,9.45618791103363,962.884208984375,-0.2797318915500674,25.557796729296335
2025-03-01T17:26:54Z,40.1788349700322,-75.91700656899258,257.6544043248584,-42.92667432918072,3.101805443550704,-1.8658081150612729,1.3914862852866619,0.039972497279500176,2.043457224565681,0.0009999999984171485,0.0010000000011480318,0.0009999999945662752,0.0009999999928872276,0.000999999990004128,0.000999999986772652,0.000013000277146677506,0.000013000314033289426,1.0473050108343485,2.7566323518611724,4.126945134559406,0.0313758845571122,0.00024370180710885913,0.0003029938791551756,0.007693122152555195,0.003412999999999881,0.003412999999999897,0.003412999999999894,0.0010241299999996854,0.0010241299999996676,0.0010241299999996817,-0.3013580808533971,9.617950921979457,0.9265521999434428,-0.0067406273020995085,0.01233137282755934,0.0032810608766423986,-9.706500363349914,-22.603313426971436,9.162750363349915,962.70255859375,-0.11379293013539783,26.25031900098246
2025-03-01T17:26:55Z,40.177888208118404,-75.91691748458382,257.55378916671174,-42.325673599018664,3.314236590369357,-1.8084790874807783,1.3979245560545595,0.04312358984964457,2.062113092664195,0.0009999999986614252,0.0010000000009392168,0.000999999994712235,0.0009999999930634176,0.0009999999900782474,0.0009999999865521268,0.000014000263520929607,0.000014000316256106731,1.0717234574504118,3.058470333225964,4.790925164000851,0.03111109782430358,0.00024131521858243777,0.0003125547809750735,0.007700992914685148,0.003413999999999882,0.0034139999999998963,0.0034139999999998945,0.0010241399999996862,0.0010241399999996684,0.0010241399999996819,-0.255476691532539,9.617907745678071,0.8790801695068378,-0.006406152528466382,0.013029527954508525,-0.0019672023398310317,-10.303500413894653,-22.2652508354187,9.041812915802002,962.6215747070313,-0.11960828495734682,26.14680158583682
2025-03-01T17:26:56Z,40.17672815547802,-75.916810333946,257.7114558484965,-41.41260793792634,3.6580116989918237,-1.8874665472018504,1.40884434308613,0.04615570584631574,2.0774615411730664,0.0009999999986612194,0.0010000000009873595,0.000999999994744279,0.0009999999927570724,0.0009999999897913614,0.000999999986457205,0.000015000246153842947,0.000015000319013304577,1.0890783888829918,3.342334004802913,5.499034743925093,0.030644109987768682,0.000238674856689145,0.0003221407244045777,0.007708911228911162,0.0034149999999998825,0.0034149999999998955,0.0034149999999998955,0.0010241499999996857,0.001024149999999668,0.0010241499999996812,-0.2386870430992569,9.453760106403683,0.7942944842220077,-0.0035260768290023684,0.009066751272035645,-0.003017856817832788,-10.689937896728516,-22.132125749588013,8.51531283378601,962.5008862304687,-0.29094027277587137,26.011798586263854
2025-03-01T17:26:57Z,40.17542807003869,-75.91668932172551,257.9549350769472,-40.00727886695269,4.069800938283392,-1.785003016809485,1.4183694277119174,0.0425618418955696,2.095282980906352,0.0009999999984787304,0.0010000000014013146,0.0009999999948202918,0.0009999999929186216,0.0009999999896125027,0.000999999986219243,0.000016000224484522526,0.00001600032237582643,1.0983966000079735,3.628151957083291,6.205290698148315,0.028881868372803276,0.00023621334856584932,0.0003315571568133856,0.0077158380187910035,0.003415999999999884,0.0034159999999998965,0.003415999999999894,0.001024159999999686,0.0010241599999996683,0.0010241599999996807,-0.3863621231836666,9.57907733548175,1.0480369695123382,-0.005276053178215364,0.010535163365889439,0.003591667026843839,-10.884750413894654,-21.21000072479248,8.022937798500061,962.4518139648437,-0.13705860544353238,25.153665563501168
2025-03-01T17:26:58Z,40.17447900430349,-75.916587806384,257.46093690937346,-39.31754583662342,4.380047608114995,-1.8141176409733941,1.4203642082774004,0.03757362997389354,2.1050632322206613,0.0009999999985234116,0.0010000000012434151,0.0009999999946291363,0.0009999999931110245,0.0009999999892625721,0.0009999999863043439,0.000017000197770538732,0.000017000326420775148,1.0994748059118997,3.9009896905604706,6.972391749826489,0.027239865061626727,0.00023410091549799512,0.00034108733872164834,0.007722678776204763,0.003416999999999883,0.003416999999999896,0.003416999999999896,0.0010241699999996852,0.0010241699999996678,0.0010241699999996815,-0.20490836650663974,9.569293609299848,0.9866375509788236,-0.007017018218893953,0.005067923001156643,0.004660680078246617,-10.653937878608703,-22.533000926971436,8.148750324249267,962.8487158203125,-0.1588619525306097,26.222928595131286
2025-03-01T17:26:59Z,40.173711061344775,-75.91649512207593,256.4735016346074,-39.108760114137496,4.77342865002593,-1.9847244963146156,1.426378415860613,0.045456969967623696,2.110171280041026,0.0009999999983696442,0.0010000000014131177,0.0009999999947604649,0.0009999999934327641,0.0009999999893179012,0.0009999999863599892,0.000018000165091198193,0.00001800033124976471,1.0947323244662586,4.152341176636201,7.816833182343412,0.025965021184659903,0.0002328226099883375,0.0003506899201605713,0.0077319366919739955,0.0034179999999998847,0.0034179999999998977,0.0034179999999998977,0.0010241799999996853,0.0010241799999996673,0.0010241799999996816,0.03571609689858229,9.49976112590728,0.9153333862982046,-0.00007118517247111278,0.003679124568807098,-0.008305341865912544,-11.223000440597534,-22.521188220977784,8.12043782711029,963.132431640625,-0.23728461011352298,26.44047040627762
2025-03-01T17:27:00Z,40.17300532494034,-75.91640380991622,255.16802076561487,-38.75712128219543,5.13396521406135,-2.1039668398215405,1.4278157740272641,0.04919675499222587,2.115874872195167,0.0009999999980733296,0.0010000000011429861,0.0009999999950170634,0.0009999999937274186,0.0009999999890405403,0.0009999999862692183,0.000019000125215338563,0.000019000336963273545,1.084868661062469,4.412199879057401,8.667350840780479,0.02406853154369485,0.00023241352134575736,0.0003601445142409656,0.007740805340744919,0.003418999999999885,0.003418999999999898,0.003418999999999898,0.0010241899999996848,0.0010241899999996668,0.0010241899999996812,-0.14740087423062206,9.53479706350821,1.1504661372381193,-0.003443459384066269,0.004263617890897655,-0.00397287534528488,-11.516062879562378,-21.85968828201294,7.276312785148621,963.3556640625,-0.17606001783967895,25.75670360247926
2025-03-01T17:27:01Z,40.172047806848454,-75.91629777882432,254.0564913992339,-38.01467008716871,5.219071002361634,-2.045858390252057,1.4339808596472507,0.04618156552763551,2.135766237006983,0.0009999999982111872,0.0010000000014276716,0.0009999999947338696,0.0009999999935126657,0.0009999999890691073,0.0009999999863774926,0.000020000076494142256,0.00002000034365284868,1.0703089543076534,4.724177384246912,9.56211982648603,0.0222794510484004,0.00023363921922847097,0.0003687207790262186,0.007749179442304463,0.003419999999999884,0.003419999999999897,0.003419999999999897,0.0010241999999996841,0.0010241999999996661,0.0010241999999996807,-0.5206347710825168,9.679772030938677,1.0957365276790052,-0.0005819077388346344,0.01700799380831887,0.0042023654784448805,-11.41762544631958,-21.97256329536438,6.535875248908996,963.3781567382813,-0.025650377904729803,25.60997394622408
2025-03-01T17:27:02Z,40.17018129990351,-75.91614353150068,253.8966058213295,-36.48920446850276,5.549350707289379,-1.938739664103587,1.4477023819269028,0.04348489751095586,2.151372464527071,0.0009999999978271923,0.0010000000013428495,0.0009999999949361017,0.0009999999932715528,0.0009999999889508937,0.0009999999861542662,0.00002100001700711007,0.000021000351426517094,1.053347169696603,5.050847714353478,10.542193683744717,0.021054842602204187,0.00023562346560317154,0.0003774515981171499,0.007758041011003167,0.003420999999999883,0.0034209999999998963,0.0034209999999998963,0.0010242099999996836,0.001024209999999665,0.0010242099999996802,-0.4244498425291348,9.658426236151222,0.9170861710933854,0.0023801182238065745,0.01126820067703129,0.001545269755299254,-11.974312982559205,-23.33775085449219,6.700500271320343,962.9914697265625,-0.07001675142711633,27.072656555522034
2025-03-01T17:27:03Z,40.168298540113845,-75.91598775289644,253.61926232376098,-34.70811885990998,6.22562452631379,-1.920635627461808,1.454528871178857,0.03784253391661993,2.159182861772662,0.0009999999979462956,0.001000000001299929,0.0009999999949785773,0.000999999993172687,0.00099999998871786,0.0009999999863440114,0.000021999944063928493,0.000022000360385582416,1.0333146174474377,5.358128318825923,11.491833895569222,0.018925590425117392,0.00023810113090998438,0.0003865490260955628,0.007766612929182754,0.0034219999999998835,0.0034219999999998965,0.0034219999999998965,0.0010242199999996844,0.001024219999999664,0.001024219999999681,-0.26540689678009005,9.543969526925334,1.3837264645050937,-0.002740964774764495,0.003937823934004536,0.0036323908223926497,-12.303375444412232,-21.495750789642333,6.4485002660751345,963.0893188476563,-0.13381316967706405,25.5933760661872
2025-03-01T17:27:04Z,40.16664101688776,-75.91584189659285,253.04341906732262,-33.433788577396406,6.680547033434498,-1.7855845534980228,1.4653641169842522,0.03778309663738498,2.1711114061312538,0.0009999999977408657,0.0010000000014835067,0.0009999999949916207,0.0009999999930740242,0.0009999999885214393,0.0009999999862942456,0.000022999853943068345,0.00002300037064290516,1.0102027047428992,5.714564051280988,12.555095453100112,0.017505277118150978,0.00024211849598584803,0.00039518251246315974,0.0077762400755120465,0.0034229999999998827,0.0034229999999998957,0.0034229999999998957,0.0010242299999996833,0.0010242299999996644,0.0010242299999996805,-0.25244250887683495,9.737984217407927,1.1474764171967144,0.0035439326480176435,0.00966760205433139,-0.0009349075748257887,-11.74162546157837,-22.480500802993774,6.285750272274018,963.3147998046875,0.02734686531976504,26.129421735259978
2025-03-01T17:27:05Z,40.16492070713838,-75.9156941784411,252.3965339263608,-32.22930950139184,7.090875761298774,-1.8579883762004732,1.46895428787342,0.0414750327126131,2.181915323747642,0.000999999997999234,0.0010000000012980253,0.0009999999948214911,0.0009999999930894493,0.0009999999884457457,0.0009999999864714942,0.000023999742294529546,0.00002400038234085678,0.9863066198083005,6.092518477658244,13.661373207846532,0.016321997193734887,0.0002472079344851749,0.00040374626393466196,0.007786610755497586,0.003423999999999882,0.003423999999999895,0.003423999999999895,0.0010242399999996828,0.0010242399999996648,0.00102423999999968,-0.27430022783103175,9.550669390994814,1.086378370487483,-0.0028020513437036075,0.009343977361560502,-0.004787361081410408,-12.333375501632691,-22.525688409805298,6.758437744043768,963.4223901367187,-0.16512311509325908,26.55546207277976
2025-03-01T17:27:06Z,40.1637148929598,-75.91556751270615,251.17355355890888,-31.398756823081904,7.477586655659191,-1.9971870231741808,1.4697197783560316,0.04215337128295207,2.189622642455254,0.0009999999980479584,0.0010000000017233032,0.0009999999950758823,0.0009999999932722781,0.0009999999887501567,0.000999999986657722,0.000024999603639315002,0.0000250003956117577,0.9620636119322539,6.498539892577034,14.814804288587114,0.015241051573891311,0.00025304202880032175,0.00041237710938607497,0.007796570592598493,0.0034249999999998804,0.0034249999999998934,0.0034249999999998934,0.0010242499999996834,0.0010242499999996654,0.0010242499999996795,-0.2684077350443039,9.521688810941304,1.211808031712295,-0.0029252256299043943,0.0067935323753803845,-0.0012954184537830788,-12.476062984466553,-23.449313430786134,5.899875203371048,963.78501953125,-0.17908636270431413,27.20897286596406
2025-03-01T17:27:07Z,40.16251959441308,-75.91544149042679,249.8332260987987,-30.53173869254472,7.832416297014962,-1.9119419130251059,1.4821347981233939,0.04846832041295706,2.2013814523444126,0.000999999997836281,0.0010000000015940118,0.0009999999950749152,0.000999999993441638,0.000999999989037908,0.0009999999866116772,0.000025999430948338036,0.00002600041059827488,0.9375536985435154,6.9645569729845125,16.04951084993483,0.01430064380731467,0.000260401880507357,0.0004204743837660083,0.007807582445493549,0.003425999999999882,0.003425999999999895,0.0034259999999998944,0.0010242599999996838,0.001024259999999666,0.0010242599999996803,-0.3832135387900323,9.74827672544943,1.2864183445131598,0.009170898593239331,0.011604176124631816,-0.006467240257952066,-12.413625555038452,-22.313063278198243,6.2570627355575565,963.9759936523437,0.058893470352001515,26.28914317923745
2025-03-01T17:27:08Z,40.16200412089482,-75.91533521608818,248.1072228592078,-30.098809923410354,8.23958569691332,-1.9493232776840204,1.4862550683170588,0.06531164049750497,2.2090845488343698,0.0009999999981261443,0.0010000000017372534,0.0009999999949744495,0.0009999999934539444,0.0009999999890421608,0.000999999986593137,0.00002699921549728335,0.00002700042746489242,0.9134654760708636,7.46602267867706,17.356690378045613,0.013746218567353335,0.0002687260426096898,0.0004287555322607511,0.007820309509714738,0.0034269999999998833,0.003426999999999893,0.0034269999999998963,0.001024269999999684,0.001024269999999666,0.0010242699999996802,-0.3803421602747497,9.67106825415134,1.2612936982245075,0.002848448202441129,0.008896009666941856,-0.016556689276320605,-12.38775047302246,-22.029563274383545,5.787937722206116,964.3861645507812,-0.02102075430185334,25.92789236448273
2025-03-01T17:27:09Z,40.16160007145627,-75.91522795175909,246.24182261551906,-29.70171234976815,8.803134890374757,-2.0473140550771984,1.4829507786408946,0.058813211026820696,2.208607511452917,0.0009999999978713404,0.0010000000022770115,0.000999999995187355,0.0009999999935672128,0.0009999999890249482,0.0009999999864923864,0.000027998946643874063,0.000028000446392091022,0.8908077897826995,8.008649998954851,18.731052042761757,0.01364218976832508,0.00027637039743094336,0.00043770910124482854,0.00782922934332158,0.0034279999999998847,0.003427999999999893,0.0034279999999998947,0.0010242799999996828,0.001024279999999665,0.0010242799999996793,-0.31096860368142587,9.611792249584024,1.3889161516448936,-0.0037564017954625113,-0.0011577234175404487,0.0061351013464574595,-11.911500453948975,-21.999375858306884,6.182062730789185,964.6379541015625,-0.06486345591721904,25.76958782176157
2025-03-01T17:27:10Z,40.16009101354431,-75.91509761912336,244.75556425244474,-29.127085500232898,9.334015775263918,-2.0009140119939803,1.4921736227743758,0.06360249334316169,2.2036486474230035,0.0009999999977390347,0.0010000000022969242,0.0009999999952430368,0.0009999999939767704,0.0009999999886504717,0.0009999999865061113,0.000028998612592442064,0.000029000467596364867,0.8713019332231788,8.620124816221962,20.2399977831393,0.014081109809737903,0.00028469712837971754,0.00044690447797793504,0.007840183982107014,0.0034289999999998844,0.003428999999999892,0.0034289999999998957,0.0010242899999996832,0.0010242899999996654,0.00102428999999968,-0.16730116940340745,9.745325500803895,1.2214532137362606,0.008000075056131137,-0.004655007498733671,-0.006670861409042322,-11.571562900543213,-22.476938209533692,6.3024377393722535,964.5762622070313,0.04147876204478623,26.05440245730321
2025-03-01T17:27:11Z,40.157383006049415,-75.9149607190633,243.63126101409267,-28.227802153891055,9.73243762580292,-2.012169861926428,1.4977050973909274,0.07572122515693619,2.200572136687164,0.000999999997977644,0.0010000000023556005,0.0009999999951270508,0.0009999999937576806,0.0009999999885746853,0.0009999999866428689,0.0000299982013127961,0.000030000491294310655,0.8564564763431234,9.285371065206531,21.804082675470646,0.014906590668229943,0.0002942502211557315,0.0004554508267119649,0.007852702734341533,0.0034299999999998863,0.0034299999999998928,0.003429999999999894,0.0010242999999996822,0.0010242999999996645,0.0010242999999996805,-0.2177661952168102,9.661923937935956,1.1879582637928239,0.0038643862860217914,-0.0019388290060413222,-0.01517506743041056,-11.168062868118286,-22.290000762939453,6.77887526512146,964.4984716796876,-0.04444098498888488,25.836413858775487
2025-03-01T17:27:12Z,40.1550629204816,-75.91484125118218,242.2196684240371,-27.487222444933956,9.979438588366845,-2.162502513970937,1.506067674891486,0.08392021833279466,2.1927337772974678,0.0009999999980362683,0.0010000000024700398,0.0009999999952404546,0.0009999999934604518,0.0009999999887094096,0.0009999999863523645,0.00003099770054000344,0.00003100051764312445,0.8467229953544155,10.007249496058071,23.395627152546272,0.015817335053518608,0.0003036586171917523,0.0004638672347134195,0.00786445207841274,0.003430999999999888,0.0034309999999998946,0.0034309999999998946,0.001024309999999683,0.0010243099999996653,0.0010243099999996796,-0.39250567213259185,9.539024304387599,1.1118220567528458,0.00804079889047671,-0.006772672074791509,-0.0112727092552538,-10.623937883377074,-22.609500732421875,7.075125269889831,964.775947265625,-0.16996188179654154,25.963673337764245
2025-03-01T17:27:13Z,40.15168106588786,-75.91474596020448,240.9329324761004,-26.533500534910345,10.082354854362743,-2.223025640974606,1.5056037812410195,0.08438008528354168,2.185070269625597,0.0009999999978492719,0.0010000000025561968,0.000999999995067695,0.0009999999935859103,0.0009999999889538551,0.0009999999866307533,0.0000319970984219122,0.000032000546753199775,0.8426624469727202,10.797180525802458,25.027850306943805,0.017440649055408215,0.00031311781121516244,0.00047134608261393483,0.007875017038722234,0.003431999999999889,0.003431999999999896,0.003431999999999896,0.0010243199999996834,0.0010243199999996656,0.00102431999999968,-0.3157934755809877,9.608379572944047,1.2192610995851296,-0.00035158176006643406,-0.006475250191261134,-0.004970621594275224,-13.973625555038453,-24.326438369750978,9.28593792438507,964.7839721679687,-0.0910063682155448,29.5510312667815
2025-03-01T17:27:14Z,40.14864606147064,-75.91467578423519,239.43686058839447,-26.108445498460878,10.260316050179044,-2.270624473744686,1.5008067517966581,0.07573236233627197,2.163378078998632,0.0009999999976962664,0.001000000002614631,0.0009999999953801176,0.000999999993841929,0.0009999999890229702,0.0009999999866452764,0.000032996387450504684,0.00003300057868314086,0.8465119051546665,11.658232329930302,26.72303598100624,0.020141676150847877,0.00032070995113786267,0.00047891804642480963,0.007883437269842948,0.00343299999999989,0.003432999999999896,0.003432999999999896,0.0010243299999996842,0.0010243299999996664,0.0010243299999996808,0.08837192828764766,9.672823038734423,1.0404760564813664,-0.0028936808729276547,-0.020781837663432536,0.0032556916342009407,-10.860937910079956,-23.761125869750977,8.051437859535218,965.0502490234375,-0.05257636673814019,27.338140807193895
2025-03-01T17:27:15Z,40.145502775875784,-75.91464265840327,237.79581352639838,-26.01256180585334,10.037961087162028,-2.487213695089285,1.4969452449196419,0.08279775130683686,2.1448537709534783,0.0009999999977690476,0.001000000002569671,0.0009999999956610494,0.0009999999937410423,0.0009999999889842464,0.0009999999862059033,0.00003399557080838136,0.00003400061334639575,0.8599186993668975,12.569816577542841,28.378686949888767,0.022671311862106955,0.00032947436110593786,0.00048401947641022895,0.007894467570846555,0.0034339999999998885,0.003433999999999895,0.003433999999999895,0.0010243399999996833,0.0010243399999996653,0.0010243399999996813,0.13531112906380896,9.523909694986909,0.7038059150933231,-0.001722856753323682,-0.01608836088244663,-0.0129118631994294,-9.644812841415405,-23.859375839233397,8.036250338554382,965.2540380859375,-0.23073594828579544,26.960541621501104
2025-03-01T17:27:16Z,40.141439153726196,-75.91469112635761,236.1668630110666,-25.768715082062446,9.065738540395628,-2.635273277076783,1.5017907547700755,0.06657654335187149,2.129744652307775,0.0009999999978112237,0.0010000000025022844,0.0009999999958379936,0.0009999999938929767,0.0009999999891576812,0.0009999999862269871,0.00003499466280561261,0.00003500065044886033,0.8811522571629041,13.541767211464391,29.931105436255766,0.024451937894486547,0.00033739141684706764,0.00048604390740736276,0.007901557349665132,0.0034349999999998895,0.0034349999999998965,0.0034349999999998965,0.001024349999999684,0.0010243499999996661,0.0010243499999996815,0.00445250031495747,9.560052463091171,0.5796321435513951,0.007309262997973871,-0.013365004093034883,0.008488432328880717,-10.544062929153442,-23.753063373565674,7.865437841415405,965.3421948242187,-0.20385167976058932,27.152304332123467
2025-03-01T17:27:17Z,40.137674938267864,-75.91478664524104,234.3291252686955,-25.58153917453487,8.032042326033157,-2.754939049205402,1.4966135767542719,0.06607537597265403,2.1138193580543927,0.0009999999979108875,0.0010000000024783136,0.000999999995566558,0.000999999993694792,0.000999999989093531,0.0009999999865699177,0.000035993685999718015,0.00003600068953866798,0.9078772787148193,14.569354204498328,31.3281453510153,0.026453302004282066,0.0003459177402719471,0.00048502315388157936,0.007910902737320421,0.00343599999999989,0.0034359999999998983,0.0034359999999998983,0.0010243599999996843,0.0010243599999996665,0.0010243599999996806,0.13618849333842922,9.594139042533916,0.597923506653994,-0.002618791654574966,-0.012922044327195252,-0.00744462275648924,-9.963937921524048,-23.84718837738037,7.73531283378601,965.6133959960938,-0.16762383686279816,26.977782902667126
2025-03-01T17:27:18Z,40.133516370929655,-75.91497258603098,232.53483670981004,-24.938701704605556,6.629127099537877,-2.7566131815592434,1.4960865036015385,0.056097983915442476,2.0978808751536078,0.0009999999976409704,0.001000000002602655,0.0009999999956770685,0.0009999999936659016,0.000999999989013919,0.000999999986605324,0.00003699266624919908,0.000037000730010505955,0.9383159802434458,15.661744042025909,32.470331566016576,0.028167640046310026,0.0003540534716724777,0.00048064258597562255,0.007918535444956066,0.00343699999999989,0.0034369999999998976,0.003436999999999898,0.001024369999999684,0.001024369999999666,0.0010243699999996797,0.053093489517088796,9.658942673852662,0.9653080884585001,0.002312189274495847,-0.012934395166291765,0.000477091052243439,-9.719812898635864,-23.781563415527344,7.894500317573548,965.7828564453125,-0.07397248512629886,26.87671706579786
2025-03-01T17:27:19Z,40.12680826256205,-75.91544582926531,231.50964844321607,-23.600469495172785,3.273600571347945,-2.4988583007098844,1.4906505161304866,0.04590616207436912,2.081816743334801,0.0009999999976408843,0.0010000000022514367,0.0009999999958305895,0.0009999999933908714,0.0009999999894174348,0.000999999986515489,0.000037991626889638184,0.00003800077129747338,0.9684471019910967,16.823676984493193,33.381900533877136,0.028220936017174292,0.00036254459303675167,0.00047316112714428397,0.00792682591361626,0.0034379999999998904,0.0034379999999998986,0.0034379999999998986,0.0010243799999996841,0.0010243799999996661,0.0010243799999996807,-0.1647887108232519,9.810490122474611,1.0311041665393625,-0.0012443459199963256,-0.010234238855109656,-0.005622210116157526,-9.633750371932983,-23.789438343048097,8.279812884330749,965.5919311523437,0.0851161696344544,26.968483065365575
2025-03-01T17:27:20Z,40.11995286249313,-75.91605511264181,230.6960532908305,-21.87161322594307,-0.6684724846362391,-2.4914063256026995,1.4772037637445325,0.024402886634351455,2.0649907038960778,0.0009999999976996422,0.0010000000023837605,0.0009999999957412855,0.0009999999934391646,0.0009999999894355041,0.0009999999865011216,0.000038990582068191576,0.0000390008130795133,0.9927006281445409,18.007874906220938,33.956542618690015,0.026869017337790284,0.0003705785128275756,0.00046376976023452464,0.007933288353847138,0.0034389999999998883,0.0034389999999999,0.0034389999999999,0.0010243899999996834,0.0010243899999996657,0.00102438999999968,-0.32327332486224697,9.511945580480232,1.3395390070016902,-0.009012510123262341,-0.011420335234658536,0.0044876019575746965,-9.696375408172607,-23.369813327789306,8.10787530899048,965.6724755859375,-0.16909123985875693,26.568831522458073
2025-03-01T17:27:21Z,40.112639320812,-75.91682132799556,230.1150960823053,-20.158380639361866,-5.572155670940291,-2.315370373554972,1.4761820733801274,0.01277549853770919,2.062275318087055,0.0009999999979262244,0.0010000000023838273,0.000999999995511526,0.0009999999931755595,0.0009999999896596764,0.0009999999867419521,0.000039989531267966305,0.00004000085553397985,1.0053514812898925,19.271719629404362,34.419884000851425,0.023595818314859546,0.00037924768933032723,0.00045358039843693934,0.007941377758833286,0.003439999999999888,0.0034399999999999015,0.0034399999999999015,0.0010243999999996838,0.0010243999999996658,0.0010243999999996801,-0.5719823956995428,9.681184203723964,1.1823880915326195,0.0036741169223473806,0.004142279682161194,-0.005160890571221084,-9.7655628490448,-23.415188312530518,7.967062840461731,965.6869799804688,-0.009901258237032355,26.591514531361828
2025-03-01T17:27:22Z,40.10541151349723,-75.91766477509938,229.58999550477563,-18.58122012976953,-10.534865690398373,-2.3093016804205013,1.4716728354048823,6.2799087348655185,2.059332911610338,0.0009999999975860972,0.0010000000021492684,0.0009999999954583372,0.0009999999933528727,0.0009999999896207093,0.0009999999869132097,0.000040988459453020566,0.000041000899312152654,1.0039944111639545,20.599917794660804,34.793303908267404,0.02056352526480676,0.00038741849274349043,0.000444924318740954,0.00794866994307407,0.0034409999999998886,0.0034409999999999033,0.0034409999999999033,0.0010244099999996842,0.0010244099999996664,0.0010244099999996807,-0.5503920689272755,9.535594692863624,1.1771062305639368,0.0006187917975035361,0.003235329060523005,0.0002217292617097378,-9.938625402450562,-23.891813354492186,8.336062898635864,965.7668017578125,-0.15550474593618002,27.186066245117313
2025-03-01T17:27:23Z,40.099216310582584,-75.91844472812376,228.91548168409867,-16.81501514977096,-14.700211405069144,-1.987210474097142,1.4620996574965186,6.256092064930507,2.052064338161229,0.0009999999977029271,0.0010000000023333137,0.000999999995297846,0.0009999999932575132,0.0009999999894318799,0.000999999986838029,0.00004198733322057737,0.0000420009451677807,0.9907228549647933,22.08684379770674,35.19306076812734,0.01863791504437956,0.00039515923305448984,0.00043904966611365843,0.007954529436135623,0.003441999999999888,0.0034419999999999026,0.0034419999999999026,0.0010244199999996843,0.0010244199999996663,0.0010244199999996807,-0.6564765104001952,9.852212184591178,1.7696495396471883,-0.004888004300117749,-0.0034584803290569678,0.011082104401039454,-10.527562856674194,-23.012625770568846,7.952812838554382,965.9879614257812,0.2526147280750561,26.526497259834866
2025-03-01T17:27:24Z,40.09344800003529,-75.9191894546124,228.18895648531947,-15.266856359844644,-18.389877895468217,-2.0319444285452137,1.4463444349024925,6.224067745631425,2.0468309816693235,0.0009999999978175388,0.0010000000020287327,0.0009999999949086892,0.0009999999933028218,0.0009999999892621376,0.000999999986926468,0.000042986101289371575,0.000043000993903095556,0.969560965833765,23.630457592216132,35.63672502276527,0.018214461293506953,0.0004028693250766858,0.00043663405319496024,0.007959544660326263,0.0034429999999998893,0.0034429999999999027,0.0034429999999999027,0.001024429999999684,0.001024429999999665,0.0010244299999996793,-0.5255864735272404,9.504647460617274,1.9310846468257241,-0.011048725744175699,-0.0036572620856133863,0.02199905921203245,-11.21418788909912,-22.45668836593628,7.665562796592712,966.1506103515625,-0.06530480629702912,26.24536234084824
2025-03-01T17:27:25Z,40.09032480756144,-75.91967501421547,226.68638600559402,-14.489885688752649,-21.327856390614595,-2.2031334684642707,1.4390174098352215,6.207191946819958,2.071810739922645,0.0009999999973639927,0.0010000000017516024,0.0009999999951214732,0.0009999999933434588,0.0009999999890539018,0.0009999999870443587,0.00004398468855400426,0.000044001046897104575,0.9402503595982148,25.266294397645403,36.35645153298746,0.017430555206060058,0.0004093850318748983,0.00043879175336126596,0.007965992048119385,0.003443999999999889,0.003443999999999902,0.0034439999999999024,0.0010244399999996834,0.0010244399999996656,0.0010244399999996797,-1.0142231007567846,9.59567015857181,1.1984317751734086,-0.002845112471197694,0.024881639177213418,0.016329532360815198,-12.064688005447387,-22.690500831604005,7.416375312805176,966.6509106445312,-0.05479826468647536,26.747250802261373
2025-03-01T17:27:26Z,40.08665025925475,-75.9201741758495,225.09559890175274,-13.954462182757037,-24.345875626253605,-2.254270663555701,1.418771051136081,6.187824891279155,2.105679357751633,0.0009999999970846214,0.0010000000019229306,0.0009999999949231965,0.0009999999930892527,0.000999999989219329,0.0009999999868164796,0.0000449829859148416,0.00004500110588876826,0.9051210767379027,27.03088676715648,37.4504268684542,0.01983257891868828,0.0004151743849019217,0.0004457362906055405,0.007972567625971054,0.003444999999999889,0.003444999999999902,0.003444999999999902,0.001024449999999684,0.0010244499999996662,0.0010244499999996787,-0.9860453226839531,9.75473728084389,1.170805130446862,-0.0140317825447016,0.03277064194383094,0.021428918215984184,-12.0978754901886,-22.124438209533693,6.946312789916992,966.807978515625,0.09636601583562755,26.155266338142187
2025-03-01T17:27:27Z,40.082003014543844,-75.9206688588769,223.47776972766593,-13.646003418357015,-27.37968909146595,-2.3808130340793294,1.4020756936754628,6.174377332414629,2.15261826719574,0.0009999999975444144,0.0010000000020908696,0.0009999999947960766,0.000999999992851506,0.0009999999887401556,0.0009999999869163103,0.00004598085482641565,0.000046001172061570804,0.8750976082649022,28.853742274908967,38.928573976277235,0.026381867827982075,0.0004201376512315485,0.00045617114611613,0.00797990931404786,0.00344599999999989,0.003445999999999903,0.003445999999999903,0.001024459999999683,0.001024459999999665,0.0010244599999996796,-1.0365737616589321,9.707838065463369,1.2156705574891074,-0.00800458285076355,0.04574133670740666,0.019779583759421036,-13.572563028335571,-21.903563346862793,6.293812742233277,966.9448559570312,0.060993015307288914,26.525269727831763
2025-03-01T17:27:28Z,40.07855816124416,-75.92106301367575,221.51256063865563,-13.333520969754446,-29.97084972313121,-2.43136804545948,1.3951899041287024,6.168747944514519,2.2021268974255386,0.000999999997470294,0.0010000000020953788,0.0009999999945303523,0.0009999999928929297,0.0009999999885581025,0.0009999999866172834,0.00004697813390016764,0.000047001245554745326,0.8634217399532429,30.71936564811207,40.81407708447492,0.03808618466426078,0.0004253210612425489,0.00046664197007254655,0.007988117802689343,0.003446999999999889,0.003446999999999902,0.0034469999999999024,0.0010244699999996834,0.0010244699999996656,0.00102446999999968,-1.1694035335291721,9.859822075701015,1.1208415525312985,0.0009903177558553437,0.04815458618140335,0.014837420625184016,-14.62218810081482,-21.581250705718993,5.515500183105469,967.3131298828125,0.21483367572351597,26.645389805126438
2025-03-01T17:27:29Z,40.07267152829641,-75.92138375497889,219.79288176946991,-13.655351657330016,-32.05016056497256,-2.3971475983113812,1.39595619595981,6.16556818546234,2.250666193349027,0.0009999999975202464,0.001000000001731709,0.0009999999945875307,0.0009999999933094422,0.000999999988646796,0.000999999986801174,0.00004797469188133669,0.000048001324496322794,0.8853312064433253,32.4972628251336,42.94171462823884,0.05281867055824284,0.0004324976961051278,0.00047228340944299534,0.007996607844729126,0.0034479999999998882,0.0034479999999999017,0.0034479999999999012,0.0010244799999996842,0.0010244799999996664,0.0010244799999996807,-0.9909904862020944,9.897788229622336,1.0896485656796704,0.009425426088550893,0.04705469604499541,0.015360995243104398,-15.340313072204589,-21.33975076675415,4.9961252021789555,967.3706494140625,0.2298316622647316,26.75198521619241
2025-03-01T17:27:30Z,40.066200824656775,-75.92156649542734,218.21858381129215,-14.527373688977086,-33.39731543360453,-2.2303085446448208,1.3891273809467448,6.168632748752103,2.3005166854562957,0.0009999999974511318,0.0010000000016890053,0.0009999999946731443,0.0009999999933353722,0.0009999999886943559,0.0009999999870311394,0.000048970527839601496,0.00004900140434371831,0.9502122408338053,34.124368490093694,45.006755984040986,0.06829808164043359,0.0004417718637586032,0.0004680390770430721,0.008005581499439878,0.003448999999999887,0.0034489999999999,0.0034489999999999,0.0010244899999996835,0.0010244899999996655,0.0010244899999996815,-0.7995359059591393,10.023200931922556,0.861200679720952,0.0008501189426766264,0.048505082661280084,0.012133592587128482,-16.42500063896179,-21.374438247680665,4.676062688827515,967.555537109375,0.3150388041694944,27.358911438890452
2025-03-01T17:27:31Z,40.05862012390119,-75.9215468909578,216.907702258138,-16.160716820910082,-33.76639991916923,-2.2113584506863484,1.3918589740617602,6.183787172327754,2.3421063757384895,0.0009999999974265284,0.0010000000014037365,0.0009999999945589746,0.0009999999932484066,0.0009999999890893002,0.0009999999866828035,0.000049965857672211274,0.0000500014784143644,1.0542186188677545,35.52184226883386,46.48610344566643,0.08155856312052574,0.00045166673781589804,0.00045123588906446476,0.008015503653498781,0.0034499999999998863,0.0034499999999998993,0.0034499999999998993,0.0010244999999996845,0.0010244999999996646,0.0010244999999996815,-0.6269225211507609,9.839443189937175,0.5450022427815817,0.007541926096338856,0.04159763677561204,0.002044142901362113,-16.579688243865967,-21.233813285827637,4.017000169754028,967.6692456054687,0.09766335694523975,27.237738677913633
2025-03-01T17:27:32Z,40.047222171494354,-75.92103228509073,216.36255796219157,-18.681348163423912,-32.06296995189916,-1.9739044541354336,1.4013083165115894,6.215922742276415,2.3981318535975773,0.0009999999974386613,0.001000000001833504,0.000999999994444249,0.0009999999937000254,0.0009999999893753732,0.0009999999865274766,0.00005096110777025851,0.000051001539880216116,1.1839750668770348,36.836289240180626,46.99599012453716,0.09398681926698695,0.0004601154421484874,0.0004229979272813781,0.008026361521422462,0.003450999999999888,0.003450999999999901,0.003450999999999901,0.0010245099999996847,0.001024509999999664,0.001024509999999681,-1.0194251934264198,9.879044428506083,0.62611893603905,0.011553270920722558,0.056818351700792025,-0.004889172588506807,-16.873125743865966,-21.892313289642335,4.1053127002716066,967.5241552734375,0.17425032220720824,27.943272955546394
2025-03-01T17:27:33Z,40.04225493108483,-75.9209027729713,215.27721661545374,-19.214433493000143,-31.65976721943782,-1.7496292224628613,1.4057143586748881,6.22427086188849,2.4485451442893402,0.000999999997390633,0.0010000000018649936,0.0009999999944465964,0.0009999999940755468,0.0009999999893663479,0.000999999986513053,0.000051956793259056534,0.000052001585241455055,1.3178540736906392,38.105941669225615,46.40902189219717,0.09881719921658638,0.0004655887343932206,0.0003891481569905889,0.008035830417678093,0.003451999999999889,0.003451999999999902,0.003451999999999902,0.0010245199999996835,0.0010245199999996649,0.00102451999999968,-1.157164832120551,9.936745516415623,0.9399676978084258,0.005036044681088076,0.048995777620031544,0.00838829014539515,-17.154563274383545,-20.86781322479248,2.72006261408329,968.0111767578124,0.2709458857675002,27.150334231940352
2025-03-01T17:27:34Z,40.036130519132584,-75.92047391474914,214.77142255264917,-20.63165761734951,-29.946711066911835,-1.6276977573023341,1.4110620858210148,6.228609147894955,2.4952575243991335,0.0009999999973946548,0.001000000001901237,0.000999999994686165,0.0009999999941661076,0.0009999999895153582,0.0009999999863528853,0.00005295329489285215,0.0000530016165557582,1.428087406850639,39.46282045531479,44.86179237062109,0.09638220140987486,0.0004655647808420587,0.00035698657520773637,0.008044468569913808,0.003452999999999887,0.0034529999999999006,0.003452999999999904,0.0010245299999996843,0.0010245299999996644,0.0010245299999996804,-0.7889166207211386,9.763790137606982,0.5925795409893272,0.002950258678239458,0.04375602626234088,0.014617776128446208,-18.081375827789305,-20.492813301086425,1.9006875741481781,967.9683666992188,0.03632167410183371,27.395280171893294
2025-03-01T17:27:35Z,40.02992001744944,-75.9198216119882,214.73351886911516,-22.252759063611816,-27.339156579996697,-1.428395388696857,1.43357225843863,6.239878559501441,2.542411771047798,0.0009999999972111976,0.0010000000018272237,0.0009999999948384609,0.0009999999940446442,0.0009999999896106336,0.0009999999861008096,0.00005395071790755003,0.00005400163924718774,1.4999599629302858,41.072838659182665,42.770821943031144,0.0901901908934926,0.0004588918686239355,0.0003326529189304369,0.008053664092442268,0.003453999999999885,0.0034539999999999003,0.003453999999999905,0.0010245399999996847,0.001024539999999664,0.001024539999999681,-0.6986843188933501,9.782898713156877,0.4193130246239004,0.017553765796111332,0.0448999780477975,0.008388290834519422,-18.64218822479248,-20.05312572479248,0.936375033929944,967.90763671875,0.03930116263567058,27.395858174084456
2025-03-01T17:27:36Z,40.02544997087425,-75.9192770692653,214.77029742734115,-23.170758098497775,-24.898763593080062,-1.1347483174067579,1.4533134328499475,6.256134863086987,2.592488068736176,0.0009999999968668897,0.0010000000017334966,0.0009999999948652367,0.0009999999941446606,0.0009999999894703157,0.0009999999861997737,0.00005494895189564902,0.00005500165940348529,1.532130440937379,42.87171328476927,40.547883944208195,0.07975369215855002,0.000446140948310058,0.00031941647955511897,0.008063636860407949,0.003454999999999887,0.0034549999999999017,0.003454999999999907,0.001024549999999685,0.0010245499999996636,0.0010245499999996816,-0.6986274409613934,9.866841037112634,0.6360890233251659,0.014607594971407995,0.049131636200927975,-0.00016515139598323903,-19.734750747680664,-20.076188297271727,1.1943750436231495,967.9690576171874,0.13424095924652593,28.176894609165675
2025-03-01T17:27:37Z,40.023533780012365,-75.91915912690666,214.28638547062042,-23.233455739036657,-24.483332968794024,-1.1407467355572747,1.4689922645550397,6.255255538787414,2.642341550543276,0.0009999999970569141,0.0010000000016735825,0.0009999999946137276,0.0009999999941965295,0.00099999998975134,0.0009999999865200652,0.00005594779820929874,0.00005600168154514494,1.5328018137051116,44.95925846730957,38.42084908940497,0.07112576002474004,0.0004298101307031475,0.000316863109104337,0.008072507997592642,0.0034559999999998875,0.0034559999999999006,0.003455999999999907,0.001024559999999686,0.0010245599999996644,0.001024559999999682,-0.8344868130716081,9.736964442517158,0.2417734383356913,0.013488010110127669,0.048314813994736514,0.010431182416398547,-19.148063259124754,-19.96443822860718,0.03975000131875277,968.21833984375,-0.002128980287638683,27.662716555305895
2025-03-01T17:27:38Z,40.021646598821434,-75.91896377982226,213.91372231870918,-23.26209705622422,-23.82285302053883,-1.198444660201428,1.4730504416644201,6.253991461659259,2.7011209922273,0.0009999999971425815,0.0010000000016167155,0.0009999999946269207,0.000999999994094898,0.0009999999898839278,0.000999999986668402,0.0000569470676799415,0.0000570017079070303,1.5144182891911444,47.283400683095756,36.534106437888404,0.06377472153141175,0.00040858416585169835,0.00032561565631486874,0.008081457432518823,0.0034569999999998872,0.0034569999999998985,0.003456999999999905,0.001024569999999686,0.0010245699999996646,0.0010245699999996826,-0.829993406791867,9.67569442494543,0.07393522554243308,0.0013111045573820247,0.05714414537605308,0.01135983066134213,-19.318688220977783,-19.702875709533693,-0.8448750299960375,968.2173681640625,-0.0663365841322411,27.606630221337866
2025-03-01T17:27:39Z,40.01934910311901,-75.91852338399391,214.06917224878524,-23.399301442009108,-22.101882276346537,-0.946704622240329,1.4808587449652033,6.250747114162221,2.7562328334063166,0.0009999999972438473,0.0010000000015863103,0.0009999999944253191,0.000999999994075093,0.000999999989999915,0.000999999986724265,0.000057946614389417025,0.00005800173953713074,1.4845746149439214,49.81301489075429,34.977361625092996,0.05689397352759232,0.00038683628740449354,0.0003404756347891399,0.008090316169725826,0.0034579999999998865,0.0034579999999998995,0.0034579999999999065,0.0010245799999996853,0.0010245799999996639,0.0010245799999996819,-0.748996361302459,9.907997583387667,0.13818252156730987,0.002675369443068179,0.052878273747422454,0.013915281997665778,-20.44406337738037,-19.434000759124757,-1.814625057578087,968.0651513671875,0.15920140108589947,28.265351627434796
2025-03-01T17:27:40Z,40.018014694651505,-75.91832941159257,214.05522207592242,-23.48515504131217,-20.913356932529332,-0.6899853688193672,1.4927377850715249,6.27941799307792,2.802758869926816,0.0009999999970825666,0.00100000000156271,0.000999999994386566,0.0009999999941956025,0.000999999990022085,0.000999999986788747,0.000058946330063598815,0.000059001777158382305,1.4444588861153127,52.30017948800993,33.73926051628158,0.04844851651487551,0.00036687489816717556,0.00035767014468611,0.008101731385747463,0.0034589999999998875,0.003458999999999901,0.0034589999999999075,0.0010245899999996862,0.001024589999999665,0.0010245899999996827,-0.3556869206962814,9.944512372937726,0.3960908735186401,0.008300666844259624,0.04772397675995742,-0.021614181876220148,-20.699063348770142,-17.72100076645613,-1.8144375746697188,968.1850366210938,0.18059909880486177,27.30887215428414
2025-03-01T17:27:41Z,40.168715392918664,-75.90509944733708,219.76970259731456,-28.89214562950742,-9.83420444436073,-0.16253865276363932,1.510268639266946,0.0106977125574834,2.842633942792921,0.0009999999969520649,0.001000000001302444,0.000999999994095602,0.0009999999938594896,0.00099999998997618,0.0009999999864238826,3.0823493032756096e-10,3.0823489951820347e-10,0.6367669584543014,0.001767874067507975,0.00176782124398508,0.021506070238048722,0.00014894741740059797,0.00016770891511111994,0.007199822166311713,0.003459999999999886,0.0034599999999999024,0.003459999999999909,0.0010245999999996854,0.001024599999999664,0.0010245999999996835,-0.925706310092969,9.409772029557255,0.1871556157078849,-0.009552107190690854,0.04494721210721293,0.015788600801973418,-13.630312995910645,-19.840125799179077,-3.7710001479461788,968.2853173828125,-0.32233449427606714,24.364605164525283
2025-03-01T17:27:42Z,40.16854037106284,-75.90521496086474,219.07507168197625,-28.28966692338981,-9.819216437111672,-0.10119129536148595,1.503962844925679,0.020899806927132607,2.887689556238234,0.0009999999970117968,0.0010000000009486123,0.0009999999940687372,0.0009999999935493562,0.0009999999900727151,0.0009999999863484462,1.0003082350533539e-6,1.0003082351300544e-6,0.7018432758982385,0.020826916426486226,0.01763162276363075,0.021332763010161963,0.00015569824705763977,0.00017877279322758618,0.007199335636385249,0.0034609999999998843,0.0034609999999999043,0.0034609999999999108,0.0010246099999996856,0.0010246099999996643,0.0010246099999996832,-0.7226125564832968,9.898381887716022,0.8251906686068975,-0.005258528460150118,0.050067293959876524,-0.008856121119066558,-17.05650061607361,-23.453625946044923,-4.5187501708045605,968.2772802734376,0.17959009434009388,29.34983640994306
2025-03-01T17:27:43Z,40.16836688102402,-75.90533368471404,218.19670045603667,-27.159674829026894,-10.320521078195355,-0.3549853119656829,1.5118916991653064,0.017359582867851466,2.9430244747457617,0.0009999999968257297,0.0010000000011863755,0.0009999999940660416,0.000999999993861581,0.0009999999902901018,0.0009999999866889037,2.000308235931631e-6,2.000308237192657e-6,0.7633892388707983,0.0673103771805395,0.06986141812507685,0.022388767403443494,0.0001615407779172924,0.00019000416206162835,0.007203146042336352,0.003461999999999884,0.0034619999999999035,0.0034619999999999105,0.0010246199999996849,0.0010246199999996632,0.001024619999999682,-1.3664243579725346,9.605744146346098,0.41144285858518936,0.009008000433686797,0.06035118639575177,0.005159553227259217,-19.109250679016114,-22.20356340408325,-6.4130627632141115,968.399287109375,-0.06815046656576627,29.98809779329036
2025-03-01T17:27:44Z,40.16820078327443,-75.90545718149733,217.1954575343791,-26.21080892717081,-10.54012041398457,-0.4990489434065245,1.5112518639578663,0.009909481964617802,2.987130843650729,0.0009999999971545366,0.001000000001329273,0.0009999999942096004,0.0009999999935460032,0.000999999989982672,0.0009999999869152484,3.000308236622167e-6,3.000308246280038e-6,0.819103428300374,0.14991454077260302,0.15469028329759574,0.02263808956855952,0.00016758088862558397,0.00020037539323251868,0.007205930885996154,0.0034629999999998846,0.0034629999999999045,0.0034629999999999106,0.0010246299999996853,0.0010246299999996638,0.0010246299999996818,-1.0574710771283988,9.705205948192681,0.5893492260162764,0.0006798784940109978,0.04845968471002694,0.008336050488948215,-19.59000078201294,-19.941375770568847,-8.03437536239624,968.4312182617188,0.0011356713899964722,29.085646349015455
2025-03-01T17:27:45Z,40.168041823040795,-75.9055839723903,216.1908556597255,-25.40183974407619,-10.802495266518696,-0.6377998202283498,1.5130733805932648,0.006791071771175627,3.0305170849606196,0.000999999997171835,0.0010000000015028428,0.0009999999944404036,0.000999999993841456,0.0009999999900062615,0.0009999999869462909,4.000308226956626e-6,4.0003082710271225e-6,0.86596140280468,0.26570055230362566,0.2671157470528463,0.022633634084644617,0.00017350581157194394,0.00021032376305797387,0.007204910106849312,0.003463999999999884,0.003463999999999904,0.00346399999999991,0.0010246399999996841,0.0010246399999996629,0.0010246399999996806,-0.8651620120768546,9.70444557102258,0.4828208926319353,0.0029030266131430922,0.04696289950160517,0.004302506332683089,-19.748250732421877,-20.661375846862793,-8.385187816619872,968.4425024414063,-0.024358314522247203,29.785805345902094
2025-03-01T17:27:46Z,40.1678789516138,-75.90571076953633,215.50644206037387,-25.059271469214135,-10.753556136174948,-0.6978990136667291,1.5211917944750664,0.021573659834704256,3.0632758140581546,0.0009999999973472032,0.0010000000017240075,0.0009999999947038743,0.0009999999936526449,0.0009999999902779257,0.0009999999873535417,5.0003081701901885e-6,5.0003083225879685e-6,0.9017899313797696,0.4230064787925982,0.3920677072481973,0.021502269221430913,0.00018004066586196183,0.00021933957443748123,0.007196991697080629,0.003464999999999885,0.003464999999999904,0.003464999999999911,0.001024649999999684,0.0010246499999996624,0.0010246499999996804,-0.471548568989116,9.723112232524642,0.6103661886248454,0.007653917597595307,0.03361567096557842,-0.013064578894976232,-19.016625747680663,-20.130938243865966,-9.459000387191772,968.274345703125,-0.025594643463621607,29.263568432917346
2025-03-01T17:27:47Z,40.16766629535457,-75.90583119961552,215.56472306788717,-24.97856297197916,-10.675925185789318,-0.804806423530481,1.526644724076499,0.045195845022768986,3.1033269287682086,0.0009999999971817286,0.001000000001665045,0.0009999999947137733,0.0009999999932372523,0.0009999999901551132,0.0009999999873865641,6.000307977792601e-6,6.000308413599526e-6,0.9258689610793662,0.6080560108873011,0.537886685940221,0.020400565020025185,0.00018672853204114917,0.0002281634660557295,0.007186832577021222,0.003465999999999884,0.003465999999999904,0.00346599999999991,0.001024659999999684,0.0010246599999996628,0.0010246599999996805,-0.555624907578147,9.581901595067036,0.3668278342003413,0.001671281529113231,0.033603988120252636,-0.01901049664924499,-18.228938350677492,-20.471250705718994,-10.106812868118286,967.8211181640625,-0.17425402527754857,29.214910403071062
2025-03-01T17:27:48Z,40.16740429105627,-75.90594374263956,215.8297776314698,-25.26173619544379,-10.059881529330818,-0.798504798934325,1.5297615060607888,0.0670520860867763,3.1359915648650127,0.0009999999975641488,0.001000000001454224,0.0009999999951957514,0.0009999999931695298,0.0009999999901349826,0.0009999999871199042,7.000307479137347e-6,7.000308558863309e-6,0.9382055294233383,0.8504723226585656,0.7026682073642156,0.018554124814943857,0.00019409832376525478,0.00023646074715764914,0.007177237809235429,0.003466999999999885,0.0034669999999999046,0.0034669999999999107,0.0010246699999996837,0.0010246699999996623,0.00102466999999968,-0.4928446934443345,9.653401286441408,0.7803762364651474,-0.0015090538587237022,0.02363821311068801,-0.0168213978119099,-17.439750747680662,-20.721563205718994,-11.020875387191772,967.6627709960937,-0.08190347630191563,29.240123191064857
2025-03-01T17:27:49Z,40.16716627045474,-75.90605064965148,215.54548624550813,-25.927872904756295,-9.163574665274604,-0.9372963505823503,1.5367561034649895,0.09287689823283773,3.1447568222524116,0.0009999999980005642,0.0010000000016319821,0.0009999999949906798,0.000999999993554423,0.0009999999903614926,0.000999999987139694,8.00030638135829e-6,8.000308774272513e-6,0.9374778530776472,1.1589426969728072,0.8827822614454018,0.016228423082545795,0.00020311999856925892,0.00024383724714386514,0.007165738603471455,0.003467999999999887,0.0034679999999999035,0.00346799999999991,0.001024679999999683,0.0010246799999996618,0.0010246799999996795,-0.25507789335342546,9.579423156418935,1.1224701201678178,0.0050360456272545,0.004342563419910314,-0.02349684820875535,-16.68318829536438,-21.206813316345215,-10.978500394821166,967.952431640625,-0.13109622369500515,29.130434375866987
2025-03-01T17:27:50Z,40.16698847169877,-75.90615276014904,214.71669028929202,-26.771614025552644,-8.436081288486385,-0.9467980784465422,1.541815466019428,0.1013497404230801,3.140249582991823,0.0009999999979862409,0.0010000000017965278,0.0009999999949032777,0.0009999999935959851,0.0009999999901110694,0.0009999999869689826,9.00030422131688e-6,9.000309078934528e-6,0.9249411402816492,1.5253761720394006,1.1051527056912347,0.014424270004852796,0.0002126769044053086,0.00025097169930577535,0.007158803811193664,0.003468999999999888,0.0034689999999999027,0.003468999999999909,0.0010246899999996825,0.001024689999999661,0.0010246899999996788,-0.13946989910177887,9.79101868713716,1.0174402330294265,0.00527154501915991,-0.005265872618091045,-0.00823874774096348,-16.216688213348387,-22.379063262939454,-10.665937929153442,968.2959448242187,0.06521229694355053,29.623684174801834
2025-03-01T17:27:51Z,40.166815398023495,-75.90624838628982,213.73225220783263,-27.457139190394905,-7.955556138070125,-1.140978290893871,1.5398245073900385,0.10498610900628687,3.143443713701548,0.00099999999781583,0.001000000001724801,0.0009999999950593842,0.0009999999937237093,0.0009999999902404054,0.0009999999870653217,0.000010000300310703869,0.00001000030950040038,0.9054022597496972,1.9202188477132967,1.376002939657154,0.013533472977135188,0.00022198318345852344,0.0002590423301494791,0.007155748566921279,0.0034699999999998864,0.0034699999999999015,0.003469999999999908,0.001024699999999683,0.0010246999999996616,0.0010246999999996794,-0.3229542893405734,9.605983502704095,0.7618318605956677,-0.002435531948808343,0.0027364560705157746,-0.0033620105300678034,-16.03368818283081,-22.59393835067749,-10.314562883377075,968.4379833984375,-0.1380183417542769,29.562686002367663
2025-03-01T17:27:52Z,40.16666120877892,-75.90634062257978,212.46920712654762,-28.157702975665135,-7.710200436663502,-1.358253450001984,1.5317332584922594,0.10746997680745803,3.1482538426011746,0.0009999999976458942,0.001000000001866305,0.0009999999951162757,0.0009999999938088294,0.0009999999901001424,0.0009999999872826238,0.000011000293674514745,0.000011000310072664806,0.8835940234211164,2.344433942742942,1.6982440298024075,0.01313931242571941,0.0002314053835523394,0.0002678148522157391,0.007155538178054861,0.003470999999999885,0.003470999999999903,0.0034709999999999065,0.001024709999999682,0.0010247099999996612,0.0010247099999996783,-0.3134790997756941,9.596297840429363,0.5916354828904948,-0.008643320225009937,0.004913371129320023,-0.0023569211605867675,-15.953625717163085,-22.3983758354187,-10.647750368118286,968.6243237304687,-0.15997987271743722,29.48859098529905
2025-03-01T17:27:53Z,40.16625739751026,-75.9064234768973,211.59513243156326,-29.037149918977835,-7.350091607666522,-1.4346541350887037,1.5291378078186018,0.10776116685363557,3.15318759923272,0.000999999997527606,0.001000000001741217,0.0009999999953265064,0.0009999999934113863,0.0009999999902930831,0.0009999999870787765,0.000012000282991233603,0.00001200031083656131,0.8622362307123833,2.830691323333637,2.0790531449962986,0.013241035132565856,0.00024107625550975017,0.00027693812298039053,0.007158485553288046,0.003471999999999886,0.0034719999999999014,0.0034719999999999075,0.0010247199999996821,0.0010247199999996615,0.0010247199999996784,-0.3182882831399071,9.687499005633713,0.6852615332366686,-0.0033620109788008194,0.0013212865482052363,0.0009853105371866208,-16.05750063896179,-22.281000709533693,-10.824187889099122,968.4153735351563,-0.0627349082416259,29.520270263663775
2025-03-01T17:27:54Z,40.16558508250933,-75.90649752599063,210.98690333147027,-30.067292237675233,-6.5315834692077495,-1.5125504277116502,1.5255443881539912,0.11234296957640261,3.152837031656361,0.0009999999974831364,0.0010000000016856165,0.0009999999954209576,0.0009999999935967824,0.000999999990128489,0.00099999998737356,0.00001300026651785062,0.00001300031184041442,0.8430502117522832,3.4331955737114375,2.520074803904819,0.01414702196008908,0.0002515238156842575,0.0002861237680260304,0.007162150115935939,0.003472999999999885,0.0034729999999999032,0.0034729999999999093,0.0010247299999996832,0.0010247299999996615,0.0010247299999996786,-0.25471765045843137,9.644350432785043,1.1635200981759466,-0.0035761466880749808,-0.005160890139886919,-0.003388381495074568,-15.980625648498535,-21.898500785827636,-11.2168128490448,968.2734765625,-0.06213268333697151,29.33834752357684
2025-03-01T17:27:55Z,40.16491863714355,-75.9065677727955,210.07582773508008,-30.90454817612387,-6.018437908745743,-1.6814397436161947,1.5281802198402574,0.11683199484197455,3.1553112289271255,0.0009999999972871649,0.001000000001826297,0.0009999999954769991,0.0009999999934827966,0.000999999990275012,0.000999999987016566,0.00001400024205489279,0.000014000313138412123,0.828284362118859,4.067834874451234,3.013543647567773,0.015276684149246367,0.00026178927321183885,0.00029592899184205536,0.007167982154853824,0.0034739999999998843,0.0034739999999999025,0.003473999999999909,0.001024739999999684,0.0010247399999996608,0.0010247399999996779,-0.3847688712998891,9.566541805901432,0.9161290408865704,0.002634645724475454,-0.0005113081035131723,-0.0039626947318172475,-16.005375728607177,-22.089750747680664,-11.088937873840331,968.4766625976563,-0.1618105762648458,29.44640359418828
2025-03-01T17:27:56Z,40.164316024159675,-75.90663358705235,208.7666658652764,-31.842507005569534,-5.165343749975714,-1.9255690861320311,1.5189072144328701,0.11949784583273401,3.149193081572331,0.0009999999973890137,0.0010000000018674483,0.000999999995605559,0.0009999999934259085,0.0009999999902935697,0.000999999987058325,0.0000150002069779395,0.000015000314789343076,0.8199572666363647,4.829486683698878,3.576330428383866,0.01754464284385714,0.00027240234134684054,0.000305379361689428,0.00717508672300531,0.0034749999999998827,0.003474999999999901,0.003474999999999908,0.0010247499999996843,0.00102474999999966,0.0010247499999996772,-0.22995324861669955,9.505365338959457,1.3328391031494269,-0.008116574874848317,-0.0075769776900566155,-0.003107483612894208,-15.92756317138672,-22.121438159942628,-10.956000394821167,968.7405053710937,-0.17881076702743387,29.378159363943336
2025-03-01T17:27:57Z,40.16347190256851,-75.90669613159345,207.4665171741576,-32.41902396191555,-4.642698537631146,-1.9696401850094214,1.519809359746714,0.12026551600227973,3.1531182176425125,0.0009999999974186298,0.0010000000016826532,0.0009999999955726893,0.0009999999934829902,0.0009999999901194499,0.0009999999867322045,0.000016000158372513626,0.00001600031685868907,0.8198512618882691,5.632388916428879,4.188749495703061,0.01934490323135768,0.0002820726283410524,0.0003152912673186701,0.00718446383414598,0.0034759999999998846,0.0034759999999998997,0.0034759999999999097,0.0010247599999996838,0.0010247599999996587,0.0010247599999996767,-0.5498585955857098,9.660668668025917,1.10722992149386,0.0013708565943949436,0.002730281269662603,-0.0014055743514475132,-16.183125610351563,-21.47118827819824,-11.195625381469727,968.7953637695313,-0.040537101724135514,29.124638061978793
2025-03-01T17:27:58Z,40.16207165584126,-75.90676617477943,206.4884416277372,-32.870811077713874,-4.418966196711978,-2.0367659064607153,1.513981872064247,0.11886711131728492,3.1570662701198793,0.000999999997406673,0.0010000000018674873,0.0009999999954786048,0.0009999999933133408,0.0009999999905430156,0.0009999999868407592,0.000017000093336665236,0.00001700031941452029,0.8281442449979882,6.464423883207924,4.85871508344535,0.021153562673561836,0.0002913077702876874,0.0003247302058240069,0.007194562726236079,0.003476999999999884,0.003476999999999899,0.0034769999999999103,0.0010247699999996833,0.0010247699999996578,0.001024769999999676,-0.4834728089669362,9.607738279340968,0.9735169068420497,-0.0042477643860157855,0.003438950870520583,-0.0006945674383931935,-16.063500699996947,-21.946875705718995,-10.779000387191772,968.680361328125,-0.11098431839144661,29.25551705236449
2025-03-01T17:27:59Z,40.16058369387423,-75.90684429973638,205.34448251190437,-33.3627439535932,-4.643452829024635,-2.213788092771418,1.5065781685931892,0.11245162420150291,3.152838351731012,0.0009999999972529325,0.0010000000021915777,0.000999999995705616,0.0009999999930735601,0.0009999999904432275,0.0009999999864369186,0.00001800000936644989,0.000018000322526642713,0.8439855513585759,7.2586144502347985,5.598813167319313,0.022923595589580684,0.00030030894157479957,0.0003328339449222927,0.007205060956302236,0.003477999999999885,0.0034779999999998996,0.0034779999999999113,0.001024779999999684,0.0010247799999996588,0.001024779999999675,-0.2296126309460753,9.538007171253776,0.662164910208375,-0.00457756489738265,-0.0035185654226962864,0.0030206918276213836,-16.02150062561035,-22.34100070953369,-10.626750435829162,968.8513842773438,-0.21627211087154188,29.474287408903237
2025-03-01T17:28:00Z,40.158418059453865,-75.90694542338703,204.52394692919813,-33.65671486866139,-4.726950906875505,-2.156739179735298,1.4981110696688846,0.1180663968970324,3.142582009213373,0.000999999997216618,0.0010000000021296847,0.0009999999955821641,0.0009999999932052838,0.0009999999900021915,0.0009999999863578692,0.000018999904833007517,0.000019000326275762838,0.8675264092426567,8.17173083066158,6.441655732599413,0.026103808364355104,0.00031023664155704515,0.0003392956292686875,0.007210459520648421,0.003478999999999886,0.0034789999999998997,0.0034789999999999127,0.0010247899999996847,0.0010247899999996596,0.001024789999999674,-0.03884647636461727,9.713062277473801,1.100854947702597,-0.003728529893269568,-0.006192350758830388,-0.011934479253307685,-16.28343822479248,-21.321750869750975,-10.944375352859497,968.7390454101562,-0.004662779699534506,28.974882601918672
2025-03-01T17:28:01Z,40.15589915507407,-75.90706536626318,203.84333324990425,-33.33787688464178,-4.920886682208499,-2.2396178146911043,1.4960078097497078,0.11420837103593239,3.1264579086212416,0.000999999996968006,0.0010000000022528162,0.0009999999957064614,0.0009999999933194925,0.000999999989771506,0.000999999986656637,0.000019999779484031642,0.00002000033074747439,0.8987696317948768,9.088934558541286,7.304639976659416,0.028587161625188814,0.00031959837668380203,0.0003436011068024098,0.0072160076355624984,0.0034799999999998877,0.0034799999999999007,0.0034799999999999137,0.0010247999999996858,0.0010247999999996606,0.001024799999999675,-0.2514886490109793,9.51118788623597,1.1613135965051227,0.003864387765840398,-0.01008786541981044,-0.0049105356294030225,-15.708938102722168,-21.459563217163087,-11.147812881469726,968.7625805664062,-0.1948391944176838,28.83668471464239
2025-03-01T17:28:02Z,40.153166341735314,-75.90720316178638,203.3145166924657,-32.87636126691974,-5.243736633881398,-2.0287697195115437,1.4911847880179758,0.11295620423664687,3.1098172100754793,0.0009999999969331943,0.0010000000021216447,0.0009999999957472111,0.000999999993163282,0.0009999999894327336,0.0009999999865510022,0.0000209996348850262,0.000021000336036345826,0.9362829171265858,10.014694301556622,8.288811504049809,0.03178734832269815,0.0003289336534516194,0.0003457206060783107,0.007218316158078749,0.0034809999999998883,0.0034809999999999013,0.0034809999999999147,0.001024809999999686,0.0010248099999996608,0.0010248099999996753,-0.02763486700995734,9.805218764818783,1.178308521790815,0.0014027350306629407,-0.008065669280279493,-0.009236493826306109,-15.373875579833985,-22.734375801086426,-10.476375408172608,968.8151196289062,0.09588092466511287,29.376169657604954
2025-03-01T17:28:03Z,40.14993349342468,-75.90737105270875,203.26234012796408,-31.686832430456636,-5.871495400413812,-1.884987177223612,1.4875723896093755,0.09748504810324898,3.078350803295499,0.0009999999975076682,0.0010000000018222282,0.0009999999958262176,0.0009999999933622788,0.0009999999891390841,0.0009999999868726352,0.000021999474592248422,0.00002200034225462781,0.9780968155338112,10.85829645361436,9.312439601513729,0.03406389712323726,0.00033847146136329394,0.0003441163107689277,0.007220429666797531,0.003481999999999889,0.0034819999999999023,0.0034819999999999157,0.0010248199999996852,0.0010248199999996618,0.0010248199999996761,-0.04558626070684478,9.681397222516798,1.0730982105066686,0.00464031853869017,-0.020394956483648606,0.000802051146284915,-15.14550054550171,-22.43287576675415,-10.458750410079956,968.7113793945313,-0.03904724277452199,29.01728118507232
2025-03-01T17:28:04Z,40.14770111606932,-75.90751485699023,202.66847961804535,-31.196671895004364,-5.810777344388429,-1.9066674100727168,1.477331162025904,0.0889023281064014,3.0409632456216027,0.0009999999971836823,0.0010000000020422225,0.000999999995784377,0.0009999999932160638,0.0009999999889888876,0.00099999998696735,0.00002299930399738615,0.000023000349520002394,1.022830833274862,11.726927298227082,10.433863170151655,0.037560231485722226,0.0003494337033759016,0.0003386503256744794,0.007218539239900014,0.0034829999999998907,0.0034829999999999037,0.0034829999999999167,0.0010248299999996843,0.0010248299999996626,0.001024829999999677,0.33262224026542286,9.577037551190164,1.4837660570248683,-0.003666274666805132,-0.028604077758139723,-0.0035886647027685084,-15.277688035964966,-21.921000785827637,-10.088062887191773,969.1215966796875,-0.08284117723489014,28.56053451628528
2025-03-01T17:28:05Z,40.14603351951141,-75.90764257348859,201.75830829359637,-30.726930768580903,-5.903455317000164,-1.8687378135228565,1.4780141523649901,0.08250778871687761,3.016892256092459,0.000999999997362669,0.0010000000021298788,0.0009999999958216251,0.0009999999933135357,0.0009999999886753357,0.0009999999868014248,0.00002399912948482145,0.000024000357963814878,1.0671884730210235,12.438666152436989,11.574741866282414,0.03848425943815641,0.00035955520157231554,0.00033163256365631834,0.007215079567806659,0.003483999999999891,0.003483999999999904,0.0034839999999999173,0.0010248399999996847,0.0010248399999996632,0.001024839999999676,0.10061520187093317,9.673740250903313,1.2130783350956873,0.004803215642413928,-0.01706574395618112,-0.002781688347852745,-15.709313125610352,-22.40306324005127,-9.773062877655029,969.40837890625,-0.02980622417591776,29.05494038882601
2025-03-01T17:28:06Z,40.144539916450945,-75.90776840983422,200.82661327907385,-30.045664283680107,-6.239699210738508,-1.7907312745822621,1.4758731784323635,0.0755029876872232,2.995091063217552,0.0009999999972043383,0.0010000000022578942,0.0009999999956551075,0.000999999993567076,0.0009999999884888866,0.0009999999870901346,0.000024998956197977308,0.000025000367730816078,1.1034033917734005,12.987557452378368,12.730891021588805,0.03715226170007391,0.00036981211015969204,0.00032288651979937605,0.0072104340409003395,0.0034849999999998927,0.0034849999999999044,0.003484999999999919,0.0010248499999996848,0.0010248499999996634,0.0010248499999996768,-0.11824831626990626,9.72856988850365,0.94165443825993,0.0012206440573764624,-0.01528522324711701,-0.001515730297410746,-19.82043825149536,-23.879063510894774,-6.590062794685363,969.5705249023438,-0.005033524273195146,31.725150023415047
2025-03-01T17:28:07Z,40.14305831384883,-75.90789743222852,200.01115584236223,-29.38922287370536,-6.358748816361043,-1.6879057189643623,1.4697360162488637,0.07249322505627703,2.970053639871245,0.0009999999970344371,0.001000000001959891,0.0009999999957709458,0.0009999999932812922,0.000999999987892309,0.0009999999870455602,0.000025998787627632495,0.0000260003789862164,1.1295149892142673,13.520197979347584,13.98933457464236,0.036441663926277984,0.00038119718884138654,0.00031262442244989956,0.007203075471314987,0.0034859999999998907,0.003485999999999904,0.003485999999999917,0.0010248599999996841,0.0010248599999996624,0.0010248599999996772,0.0780827853322667,9.742055303889243,1.156527954259886,-0.0028936810213383577,-0.01783950566622122,-0.006059996465272098,-15.60018811225891,-22.042875843048094,-8.623312859535217,969.6660424804687,0.031008551697846012,28.348066651406846
2025-03-01T17:28:08Z,40.140936563913826,-75.90805518016838,199.75643339863637,-27.977265746767255,-6.621034164559909,-1.6653812658938023,1.4620401961641594,0.0576562975547638,2.9383314078735654,0.0009999999967175287,0.0010000000022561061,0.000999999995950823,0.0009999999934495088,0.000999999987858436,0.0009999999873019903,0.00002699862635957488,0.000027000391907307377,1.148021817759868,13.988632982645132,15.328899694873545,0.03595389605171445,0.0003930537540280199,0.0003013978017310573,0.007198457264354305,0.0034869999999998904,0.003486999999999904,0.003486999999999917,0.0010248699999996832,0.0010248699999996617,0.0010248699999996762,0.2555903475964606,9.58684094651344,1.2221710530238916,-0.0039016080594489796,-0.021759221325007076,0.0014230970917204994,-16.12031313896179,-21.926625747680664,-8.285812878608704,969.495947265625,-0.1119145917905594,28.448079213615685
2025-03-01T17:28:09Z,40.139025265639916,-75.9082060912272,199.45559123753864,-26.44339538076403,-7.1380471790955085,-1.5538924796432547,1.4610466100640518,0.05503928137923697,2.919359925415748,0.0009999999968738904,0.0010000000022139274,0.0009999999955999954,0.0009999999932077002,0.000999999987549759,0.000999999987548415,0.000027998472940931293,0.000028000406675170257,1.157762342670631,14.323413493684422,16.684687159249524,0.03371755353054828,0.00040420757677651594,0.00029191787934703235,0.00718987960973517,0.0034879999999998888,0.0034879999999999026,0.0034879999999999156,0.0010248799999996823,0.0010248799999996606,0.0010248799999996768,0.004256362476416606,9.703111896575173,0.9610716068895994,0.0012807288522396312,-0.008856121610495102,-0.00848559719086399,-15.902438135147095,-22.063875694274902,-7.868625321388245,969.585244140625,-0.029062171680898113,28.312798008668707
2025-03-01T17:28:10Z,40.137863456409285,-75.90832776236307,198.7110473261046,-25.614445330393213,-7.26917534426334,-1.4620133715577628,1.4595893314045028,0.0461725255866399,2.896608166717088,0.0009999999972042416,0.0010000000021747914,0.0009999999956931901,0.0009999999931248225,0.0009999999873977615,0.000999999987505286,0.000028998325405960105,0.000029000423466345692,1.157330280790596,14.678319437837002,18.07419166236754,0.031111115476085943,0.0004162590655324859,0.00028205579910609994,0.007186189527205438,0.003488999999999889,0.003488999999999902,0.003488999999999915,0.0010248899999996811,0.0010248899999996596,0.0010248899999996774,-0.06532704018737191,9.739223852791161,1.1320812785197587,0.00014028076350363272,-0.017727514178556534,0.0011787508360139246,-16.161938037872314,-22.563563327789307,-7.882312841415406,969.8969921875,0.02538319710512378,28.85221914108355
2025-03-01T17:28:11Z,40.136292676852314,-75.90846032467138,198.24882725980146,-24.703465085556473,-7.7326625146684576,-1.6072414332253941,1.4624268311055748,0.047218444307525316,2.8650633487720656,0.0009999999975469234,0.001000000001989628,0.0009999999958631774,0.0009999999928701918,0.000999999987068638,0.0009999999878524896,0.000029998181795675776,0.000030000442489812705,1.1508492329151467,14.908991317518307,19.642076425045595,0.030290092981798494,0.0004299662933828168,0.00027218843891196323,0.00717799534399087,0.003489999999999888,0.0034899999999999016,0.003489999999999915,0.0010248999999996821,0.0010248999999996605,0.0010248999999996782,0.3364272188749335,9.526160644529075,0.7042942803019946,0.004515308049893892,-0.023166380310256682,-0.011549935172928268,-15.544688138961792,-22.39350082397461,-7.291687784194946,969.8207543945313,-0.22149294930941293,28.21829275964119
2025-03-01T17:28:12Z,40.134569528638266,-75.90858924344434,197.76015098908496,-23.547216847760815,-8.089639269448234,-1.7300658734187884,1.4782235827576793,0.03569457818904587,2.8297093624517307,0.000999999997543494,0.0010000000022318252,0.0009999999954956491,0.0009999999930284612,0.0009999999869090466,0.0009999999880241012,0.000030998040863529015,0.000031000463975120586,1.1424357790708506,15.13746699401059,21.289370861075106,0.029638520453382302,0.0004435287121479181,0.0002629081145257596,0.007175641239496566,0.0034909999999998874,0.003490999999999901,0.003490999999999914,0.0010249099999996823,0.0010249099999996608,0.0010249099999996786,0.346836655458405,9.535873753863571,0.6466174475821745,0.016867794195723006,-0.027664247554601205,0.00023191054107307035,-15.411938076019288,-22.802250690460205,-6.6648752784729,969.8286499023437,-0.21546540416989338,28.31762968996684
2025-03-01T17:28:13Z,40.13330057986104,-75.90869962013188,196.81678708155687,-22.513092049779065,-8.36841645614647,-1.8089569557286438,1.4767813395026166,0.032645510625915884,2.8112244951379193,0.0009999999977638987,0.0010000000024455395,0.0009999999955846292,0.0009999999932412225,0.0009999999867511822,0.000999999988042003,0.00003199789961891624,0.00003200048809264304,1.1306098660736217,15.342729065148873,22.88428394676222,0.027512503631314682,0.0004551406632458632,0.0002566772870995255,0.007171661845629008,0.0034919999999998884,0.0034919999999999014,0.0034919999999999144,0.0010249199999996816,0.0010249199999996616,0.001024919999999678,-0.04355236570167263,9.610450195310268,0.6302266157364192,-0.0015332548464171457,-0.012771664847639896,-0.003979217488824037,-15.390000591278076,-22.577250690460204,-6.462937803268432,970.0818676757813,-0.14829964030325987,28.07759023546667
2025-03-01T17:28:14Z,40.13216103331325,-75.90879908748722,195.69208905008935,-21.460413073398296,-8.29755811220921,-1.8510670660566722,1.478383068139635,0.024971279833041347,2.792876133652749,0.0009999999979444112,0.0010000000023600295,0.0009999999955436522,0.000999999993070403,0.0009999999868242609,0.0009999999882328262,0.000032997752739287205,0.0000330005149722524,1.1136679643701668,15.631328272801705,24.492333425512925,0.02496280309216531,0.00046633493202225456,0.00025171662093331423,0.007171036347931885,0.0034929999999998873,0.0034929999999999007,0.0034929999999999137,0.0010249299999996802,0.0010249299999996624,0.0010249299999996768,-0.1061665175317365,9.632778587714078,0.9540108235587289,0.001199113339852089,-0.014041963449934667,0.001555450900230989,-15.45300058364868,-22.625625705718996,-6.432000274658203,970.2582885742188,-0.09900369515709842,28.143950111245193
2025-03-01T17:28:15Z,40.13220222936637,-75.90889404774327,193.72719560746913,-21.778533983153455,-7.698989020004412,-1.8488427733494623,1.4761016168470953,0.026120571949027272,2.7718796891125477,0.0009999999980584583,0.0010000000026487892,0.0009999999957554066,0.0009999999929133567,0.0009999999865470033,0.0009999999884041418,0.00003399759458533141,0.000034000544778720914,1.0929834083795325,16.097316621266156,26.182241692855886,0.02265732303942265,0.00047807886897264964,0.0002474840725125692,0.007170080489460434,0.0034939999999998887,0.0034939999999999017,0.003493999999999915,0.001024939999999681,0.0010249399999996615,0.0010249399999996776,0.07808278699626571,9.73651196861031,1.437006650288389,-0.0016210456998640693,-0.021637048515509176,-0.0024049892060288764,-15.807750597000123,-22.332375831604004,-5.997000246047974,970.8397094726563,0.06273572129166141,28.010375746919834
2025-03-01T17:28:16Z,40.13142288499272,-75.9089776217428,192.28701761209925,-21.20915973801312,-7.545504328545936,-1.8279166230611963,1.4747395529949678,0.008910545595601487,2.7551403773854712,0.0009999999982101282,0.0010000000028996898,0.0009999999957853022,0.0009999999932978774,0.0009999999863953878,0.000999999988121731,0.00003499741884406945,0.000035000577716162185,1.0698304642828056,16.477734196303686,27.943638951489625,0.020762659902917428,0.0004884680677503439,0.00024560929060792486,0.00717722616240295,0.0034949999999998897,0.0034949999999999027,0.0034949999999999157,0.001024949999999681,0.0010249499999996623,0.0010249499999996775,-0.0223785024920575,9.730845019290966,1.022382782852552,-0.001783608826357666,-0.015725846681100362,0.013265194623189206,-15.322313051223755,-22.23712579727173,-5.2509377002716064,970.7769580078125,0.004860995524473956,27.51059045005301
2025-03-01T17:28:17Z,40.130161738385596,-75.9090522218247,191.02681290175715,-20.29807518948149,-7.4152465701472305,-1.9672235413470567,1.4730490791710447,0.004761538209652543,2.738105130948862,0.0009999999982186953,0.001000000002937386,0.0009999999954741642,0.0009999999934104144,0.000999999986341355,0.0009999999880656633,0.0000359972179682944,0.00003600061399597367,1.0455613852093588,16.8792599443881,29.769358729041528,0.019338270387762056,0.0004988122235154913,0.00024525848073238596,0.007179049409124565,0.003495999999999889,0.003495999999999902,0.0034959999999999154,0.0010249599999996807,0.001024959999999663,0.0010249599999996772,0.11353644354075366,9.551985461550037,0.9521809071276265,-0.0027104212253776525,-0.01335983108924747,-0.0010203621629586558,-15.717375583648682,-22.189875774383545,-4.911187686920166,970.807509765625,-0.17958121940115243,27.632289689313033
2025-03-01T17:28:18Z,40.128374508893764,-75.9091170144329,189.92627723420026,-18.71577522132751,-7.120199169678433,-1.92687133846874,1.4800582398203905,0.004419253575773071,2.7265286745457273,0.0009999999985942703,0.0010000000029740765,0.000999999995618775,0.0009999999936488224,0.0009999999865976071,0.0009999999878549306,0.000036996982018863115,0.000037000653818606906,1.0200604269066647,17.40661541917884,31.581680682228836,0.01753765455463005,0.0005086316760995123,0.00024668605775009375,0.007179831693006278,0.003496999999999891,0.0034969999999999025,0.0034969999999999177,0.00102496999999968,0.0010249699999996622,0.0010249699999996765,-0.12570136643743612,9.687617299811755,1.2072969760109478,0.005576810824999399,-0.006492775639616541,-0.005220975717030741,-16.047375659942627,-22.026000728607176,-5.055000166893006,970.8270385742187,-0.016236955465462305,27.71665886563579
2025-03-01T17:28:19Z,40.12526408274574,-75.90916827482336,189.30699721474295,-15.952030121262148,-7.086867491398624,-2.011566658741988,1.4727763161230054,6.281787377044673,2.7256626427453097,0.0009999999985181307,0.0010000000029044105,0.000999999995735933,0.0009999999938105786,0.0009999999870692671,0.0009999999878303088,0.000037996694055926406,0.00003800069734234874,0.991239986717869,17.92647474069131,33.29423321237203,0.015494852410531688,0.0005176802617338039,0.00025024111539479995,0.007183103929514954,0.003497999999999891,0.003497999999999904,0.003497999999999917,0.0010249799999996808,0.001024979999999663,0.0010249799999996756,-0.5917879069433459,9.525943675674007,1.104085255706718,-0.00938920924332658,0.006248927945149944,-0.0010509050747311425,-16.08112565994263,-21.881438179016115,-5.242687678337097,970.6378540039062,-0.17163443695190075,27.65651637312066
2025-03-01T17:28:20Z,40.12395018521612,-75.90924110444867,187.85046281262686,-15.072661576006285,-6.964075007939572,-1.8547635691990416,1.4804498980380494,0.0029615586645123392,2.7110076523483686,0.000999999998454509,0.0010000000029921248,0.0009999999956876715,0.0009999999935894819,0.0009999999872087738,0.000999999987379665,0.00003899633428616252,0.0000390007448156251,0.9614285787315158,18.62989666050277,35.30721328751858,0.014587046112276484,0.0005280346282480493,0.0002538700866971094,0.007185162267463277,0.003498999999999892,0.003498999999999905,0.0034989999999999184,0.0010249899999996818,0.0010249899999996638,0.0010249899999996742,-0.09711170965409108,9.859742370284673,1.0906455696690007,0.007002328793498845,-0.011674862224716444,-0.007943496430618275,-15.694125604629516,-22.606125793457032,-5.394375195503235,971.2279150390625,0.1407560926032627,28.043518516785344
2025-03-01T17:28:21Z,40.12269463843105,-75.90931751460904,186.27946577622055,-14.127758257965098,-7.06596470593158,-2.0799167585850524,1.478253321173539,0.003623383284496542,2.706926046885494,0.000999999998498149,0.0010000000032197687,0.0009999999960701223,0.0009999999935896811,0.0009999999871525183,0.0009999999871954037,0.00003999588183839132,0.00004000079650584099,0.9329801884596677,19.336511115021334,37.24625854714284,0.01367476722411374,0.0005378762154832919,0.0002592427775989287,0.007189984319392847,0.0034999999999998912,0.0034999999999999042,0.0034999999999999172,0.0010249999999996828,0.0010249999999996642,0.0010249999999996746,-0.4065245982192758,9.49885895000221,0.9316516532794503,-0.00268488508109648,-0.002069013611027218,-0.0027374598358886073,-15.50100058555603,-22.368000679016113,-4.888500194549561,971.44400390625,-0.22649260728927703,27.64964905709328
2025-03-01T17:28:22Z,40.12043063110336,-75.90939603852559,184.79957534177362,-12.633925748046426,-7.283233875733785,-2.167044137857833,1.476406127928708,6.279481161201224,2.711200983284533,0.000999999998430014,0.0010000000032381446,0.000999999996012133,0.0009999999933015939,0.0009999999871155743,0.0009999999869552427,0.00004099530627687352,0.000041000852580344134,0.9049892544246654,20.144091834087234,39.209596652960464,0.012997724228965453,0.000547304903515543,0.00026618899535220045,0.007198592506565343,0.003500999999999892,0.0035009999999999052,0.0035009999999999182,0.0010250099999996834,0.0010250099999996637,0.0010250099999996737,-0.6421568261047087,9.613959565795222,0.9793394393413821,-0.00245589419567093,0.00653399920867434,0.00521045843552456,-15.979313106536866,-22.28100082397461,-5.428125214576721,971.4727514648438,-0.09453014406575894,27.950727059086272
2025-03-01T17:28:23Z,40.118469791784584,-75.90948244536072,183.0843716137768,-11.310646324412327,-7.25894450353756,-2.2205457147095315,1.4755320337014164,6.2756564806934545,2.708053357219442,0.0009999999984777362,0.0010000000032978926,0.0009999999962089893,0.0009999999931064251,0.000999999986992762,0.000999999986697717,0.00004199456780465207,0.00004200091324336235,0.8780495896285732,21.153989707114764,41.22964651246769,0.012914626248580054,0.0005572865835070938,0.0002737279794165758,0.007206810608694141,0.0035019999999998924,0.0035019999999999054,0.003501999999999919,0.0010250199999996827,0.001025019999999664,0.0010250199999996738,-0.5846133782843032,9.63823104082628,1.2821413414155423,-0.0011827589384870443,-0.0014881905533967693,0.0019391607850486093,-16.316250705718993,-22.169438304901124,-5.559187688827515,971.7528564453125,-0.03885588365952531,28.08212493735732
2025-03-01T17:28:24Z,40.116062059960626,-75.909578045589,181.3498284280608,-10.392788197592782,-7.334003157829279,-2.276471616929733,1.4789430573177764,6.273308041447804,2.702227280154362,0.0009999999985171467,0.00100000000319479,0.0009999999962347066,0.0009999999929236362,0.0009999999870166755,0.000999999986468799,0.000042993625574434736,0.00004300097876781938,0.8545644200926151,22.276217420927985,43.45727725447387,0.013008116751085692,0.0005674486768101183,0.00028201193212055314,0.007215101515885763,0.0035029999999998925,0.0035029999999999055,0.003502999999999919,0.0010250299999996822,0.001025029999999664,0.001025029999999674,-0.24646372461911803,9.653321535425066,1.063447156436807,0.003276054203224914,-0.004084866627461195,0.00043553232746187617,-16.15650058746338,-22.121625785827636,-5.6850001955032345,971.9244897460937,-0.0646919665279815,27.977048057610194
2025-03-01T17:28:25Z,40.11136845463143,-75.90969996765563,179.8764889641543,-9.2600358162733,-7.61974728723586,-2.455558261206064,1.4899485309213796,6.277769439763809,2.6957077026758416,0.0009999999982142247,0.0010000000034302813,0.0009999999962557818,0.0009999999931513486,0.0009999999873571573,0.000999999986811934,0.00004399244193306822,0.00004400104943676298,0.8357890862618549,23.475908299354273,45.73913917148677,0.013170902766185625,0.0005775110106096607,0.0002909872270617024,0.007220756606067986,0.0035039999999998917,0.003503999999999905,0.0035039999999999186,0.0010250399999996833,0.0010250399999996633,0.0010250399999996733,-0.27286452785048115,9.513620558417623,0.888890740412017,0.011227476673719018,-0.0031176649826199308,-0.006793033740145761,-16.33818819999695,-22.03181329727173,-5.558250193595886,971.8590625,-0.2205539738375118,27.986219598077092
2025-03-01T17:28:26Z,40.10583074304473,-75.90984927226702,178.33565373542302,-7.913696520943576,-7.784266854337454,-2.4940105717750756,1.493849234389463,6.280928814030435,2.6935159578999746,0.000999999998297746,0.0010000000034509503,0.0009999999962227906,0.0009999999934636582,0.0009999999874775222,0.000999999986771449,0.000044990971490145126,0.000045001125403671935,0.821433067063271,24.875332770096993,48.00990479747211,0.014083496861602297,0.0005873064697152333,0.00030065047683437316,0.007227703713143122,0.003504999999999893,0.0035049999999999066,0.0035049999999999196,0.0010250499999996834,0.0010250499999996622,0.001025049999999673,-0.563391776650824,9.627326056430077,1.1892527550242298,0.004655506319634715,0.0007449709870197348,-0.004499954757757068,-16.156500720977782,-22.20712579727173,-5.52862521648407,972.0009790039062,-0.06263581581199558,28.013421734082268
2025-03-01T17:28:27Z,40.101202683726626,-75.91000943408855,176.53166842426182,-7.02538574839504,-8.141370514982503,-2.5050003801166336,1.483129147854986,6.276153808590426,2.6962329708091533,0.0009999999982945934,0.0010000000033465557,0.000999999995983942,0.000999999993505585,0.0009999999874208524,0.000999999986449872,0.00004598916322465699,0.00004600120679658376,0.8119975303264688,26.343097063982928,50.40915140661549,0.015004148558979838,0.0005967213737608747,0.0003107991813695636,0.007238797049779274,0.003505999999999893,0.003505999999999906,0.003505999999999919,0.0010250599999996836,0.0010250599999996621,0.001025059999999673,-0.5342006488909685,9.687459102309273,1.0092895970183635,-0.009704823444968397,0.003927642485231689,0.00472176686607987,-16.205063257217407,-22.440375804901123,-5.16112518787384,972.350888671875,-0.024910689132254075,28.156862199396574
2025-03-01T17:28:28Z,40.097647692751444,-75.91017055037815,174.49265403686718,-6.512633436065649,-8.22890983610426,-2.537451976956084,1.4889906220899638,6.276201044999029,2.6887455562612286,0.0009999999979648766,0.0010000000032298856,0.000999999995959694,0.0009999999935200539,0.000999999987685692,0.0009999999863541428,0.000046986977203230316,0.00004700129377626859,0.808171736695112,27.97275227197273,52.92874538299859,0.015975730468714436,0.0006063011242093953,0.0003204267297343087,0.007248410531513073,0.0035069999999998948,0.003506999999999907,0.00350699999999992,0.0010250699999996833,0.0010250699999996616,0.0010250699999996725,-0.27319338243137586,9.666984149491762,1.1891742947618102,0.0068285825646875135,-0.006635478113771643,-0.0004241849609962228,-16.23693826675415,-22.110375728607178,-5.471062703132629,972.7190087890625,-0.03574956828930845,27.972067485676803
2025-03-01T17:28:29Z,40.091970001841766,-75.9103984286089,172.6302089940062,-6.123478912892521,-8.702342997856677,-2.617044628741014,1.4853538680519713,6.281736658111083,2.6902687452717062,0.0009999999977740458,0.0010000000029750558,0.0009999999958143345,0.000999999993375011,0.0009999999876017698,0.0009999999863085879,0.00004798438582530271,0.00004800138638325841,0.8099982152237643,29.615688552736383,55.4663724034597,0.01710810294399057,0.0006148406575907828,0.0003302951571272786,0.007256251682858408,0.003507999999999894,0.003507999999999907,0.0035079999999999205,0.0010250799999996828,0.0010250799999996613,0.001025079999999672,-0.44431027962995207,9.60534540716484,1.0762088751508898,-0.0015599590399850809,0.0027975429059525223,-0.004390299594741819,-16.130063199996947,-22.071750774383545,-5.407875204086304,972.7890771484375,-0.10372496940391326,27.867245994505804
2025-03-01T17:28:30Z,40.08159917033095,-75.91078283778428,171.21975942605835,-6.249612565476631,-9.885162085490323,-2.6606313220292264,1.4764663067835961,0.0009403776951114736,2.6897581559533994,0.0009999999977764382,0.0010000000026669424,0.0009999999962166945,0.0009999999933981538,0.0009999999875372832,0.000999999986372064,0.0000489813705274523,0.00004900148464392575,0.81692602330824,31.236824018549264,58.052410551578475,0.018192144478652486,0.0006228282005164785,0.00033958844521484463,0.007266344836293943,0.0035089999999998924,0.0035089999999999063,0.0035089999999999193,0.0010250899999996823,0.0010250899999996608,0.0010250899999996715,-0.5768072707291234,9.593002786226894,0.9782528591908721,-0.004457395307446028,0.00041450260969386264,0.000386963219244661,-15.838125505447387,-22.288313217163086,-5.494312686920166,972.63578125,-0.11926239782079995,27.889061647606532
2025-03-01T17:28:31Z,40.06785790551528,-75.91132572371457,170.18587056349165,-6.907669147979831,-11.256958434995578,-2.5051446546179466,1.4689880991493984,0.005063922635247531,2.694140730306672,0.0009999999974518565,0.0010000000021404632,0.000999999996402148,0.0009999999934791745,0.000999999987642158,0.0009999999864642778,0.000049977926766760996,0.00005000158848220449,0.8294295625408841,32.961598742126206,60.68141832669066,0.020297918012433924,0.0006297759819016433,0.0003483029374273237,0.007276714921551368,0.0035099999999998934,0.0035099999999999064,0.0035099999999999203,0.0010250999999996814,0.0010250999999996617,0.0010250999999996723,-0.6549185439059007,9.707917713162615,1.4121212965002243,-0.0008676456474106083,0.004711585940877041,0.001260199567582033,-18.386438417434693,-22.381500854492188,-4.848187672235071,972.5701733398438,0.05281705065852704,29.368258951941048
2025-03-01T17:28:32Z,40.05091924882402,-75.91206284179118,169.56720514668913,-8.743306750419348,-13.192618007134083,-2.4317796900968927,1.4556507838165376,0.01419680590045049,2.6920340805439342,0.0009999999974332704,0.0010000000020245275,0.000999999996329403,0.0009999999932777792,0.0009999999875550981,0.000999999986965834,0.0000509740810735297,0.00005100169766738406,0.8475548580708322,34.6026977805289,63.38669393984906,0.02160796565005585,0.0006359611895044555,0.0003556591948545895,0.007286049846324289,0.003510999999999895,0.0035109999999999083,0.0035109999999999213,0.0010251099999996815,0.001025109999999661,0.0010251099999996718,-0.4889364159553597,9.579622617401526,1.386438323538623,-0.004135773133329728,-0.0023337216119414224,-0.0019264782129781999,-19.826438388824464,-22.75387586593628,-4.087125182598829,972.483359375,-0.08712774980873825,30.45534469154507
2025-03-01T17:28:33Z,40.036414918570735,-75.91281190796016,168.73125614355789,-11.346093788559573,-14.578872590771605,-2.3603157348153,1.443119656931817,0.02789702477423394,2.667814833715764,0.0009999999976460683,0.0010000000018826865,0.0009999999962622345,0.0009999999933539027,0.0009999999876419824,0.000999999987168712,0.00005196991746520514,0.00005200181197266805,0.8674197429435568,36.29550918011855,66.31754100076363,0.021147877735489484,0.0006413675735553769,0.0003616253102589275,0.007293204725875159,0.0035119999999998932,0.0035119999999999067,0.0035119999999999197,0.0010251199999996808,0.00102511999999966,0.0010251199999996709,0.2099606574605252,9.580411017744197,1.6551470777443749,-0.003125508519282015,-0.024300485748406493,-0.009627212885805916,-18.375000743865968,-22.08581331253052,-5.105062692090869,972.7797924804687,-0.05415730962257433,29.180173049005734
2025-03-01T17:28:34Z,40.02510623866451,-75.91352861861859,167.58326209251433,-14.429613705517266,-15.122044732355157,-2.3650940560192204,1.440735862737779,0.039344222451656585,2.606777040370287,0.00099999999773794,0.0010000000016631872,0.0009999999961307266,0.0009999999930615717,0.0009999999879840426,0.0009999999870132618,0.00005296557721093531,0.0000530019306608289,0.8833652276898885,38.113491007392206,69.44303493961233,0.0205137151705937,0.0006434528823822603,0.00036893236465917887,0.007300328684014809,0.0035129999999998947,0.0035129999999999086,0.0035129999999999216,0.0010251299999996816,0.00102512999999966,0.0010251299999996708,1.1009745896283483,9.539542856850332,1.9487915301819767,0.007816814429253523,-0.06108873233926854,-0.014194679281415882,-17.466563243865966,-22.366500720977783,-4.737375203371048,973.1316455078126,0.019900055211413508,28.7711832198316
2025-03-01T17:28:35Z,40.008702976204596,-75.91468677413675,167.00126838338056,-19.31267603496749,-16.95730504808138,-2.3727015903058413,1.4352394313969117,0.06385203798859669,2.531490583884019,0.00099999999808884,0.0010000000014878615,0.0009999999962424786,0.0009999999930361075,0.000999999988094087,0.000999999987172506,0.00005396121545736717,0.00005400205201261974,0.8927306854118497,39.97773283761765,72.61062251113296,0.021973741804553817,0.0006394912302527178,0.0003814878996115763,0.007302355782722319,0.0035139999999998965,0.0035139999999999096,0.0035139999999999226,0.0010251399999996805,0.001025139999999659,0.0010251399999996699,1.5565706362746925,9.549932008710353,1.7648638693125618,0.0125967484105402,-0.07458166674232894,-0.029164871880912727,-16.123125638961792,-22.59562587738037,-3.2291251289844514,972.8865942382813,0.05704907678270496,27.94533765613508
2025-03-01T17:28:36Z,39.99589403730312,-75.91583884995224,166.07873535704928,-23.753837818996338,-18.625305131375303,-2.3121483159571152,1.4431945095311907,0.062196975285466964,2.4444055615734785,0.000999999998256437,0.001000000001264259,0.00099999999619793,0.000999999993209993,0.0009999999881874027,0.0009999999873302491,0.000054956964633979134,0.000055002173180633,0.8999390180449267,41.994084995435784,75.6668660888243,0.02764856887281725,0.0006258010401992977,0.00040048292026957714,0.0073129465768920175,0.0035149999999998975,0.003514999999999911,0.003514999999999924,0.0010251499999996807,0.0010251499999996594,0.00102514999999967,1.776428537919545,9.723431252478065,1.5572858553814715,0.026336198323540463,-0.08909688224741205,-0.008829249612189142,-15.166313104629516,-22.65225076675415,-1.457625055462122,973.20744140625,0.22790077850992102,27.29951305923439
2025-03-01T17:28:37Z,39.9866794069015,-75.91693792502002,164.92039865777713,-27.049352497964694,-19.047324198896995,-2.137122712261671,1.4306232441244147,0.057932764464013464,2.328831673698715,0.0009999999982421978,0.0010000000012281894,0.0009999999961827152,0.0009999999933368363,0.0009999999877580233,0.0009999999871171566,0.000055952970037541485,0.00005600228763808539,0.9240972603486832,44.65184234382022,78.07276354465021,0.04556760856324992,0.0006010439637828033,0.00042647458777693724,0.007323154281074574,0.0035159999999998964,0.00351599999999991,0.003515999999999923,0.0010251599999996815,0.00102515999999966,0.0010251599999996706,2.3113041716732137,9.776272740998593,2.3837269217211277,0.004894844155408486,-0.1172577482578962,-0.014021600516551904,-14.572125577926636,-22.86618818283081,0.669375024586916,973.5518725585938,0.5463412294352228,27.122955434069638
2025-03-01T17:28:38Z,39.97819021905554,-75.91825792094514,163.94323722545482,-30.027047397539665,-20.75619739146068,-2.0215716816340676,1.423352863074074,0.04427817123843589,2.226327531752171,0.00099999999853675,0.0010000000014804243,0.0009999999961310632,0.0009999999932072802,0.0009999999877336962,0.0009999999870129138,0.00005694942727375375,0.0000570023850164831,0.9860773589668395,47.3589384702552,79.32175926831843,0.06443087393029354,0.0005736794884829513,0.00044630003335881046,0.007334915505533556,0.0035169999999998956,0.003516999999999909,0.003516999999999922,0.001025169999999682,0.0010251699999996606,0.0010251699999996712,2.0910330630480254,9.693226780874555,1.9319299919467545,0.008761319050098554,-0.10536524624368591,-0.008245257222493597,-13.649625549316406,-22.995375747680665,2.777625116109848,973.683564453125,0.3244218662951365,26.88516415767249
2025-03-01T17:28:39Z,39.971045031623106,-75.91974801828852,163.14624256576622,-32.14259953661578,-23.174462576490097,-1.8276115132939794,1.418212946254368,0.035401065840379935,2.133356419537507,0.0009999999985199678,0.0010000000017082085,0.0009999999958560477,0.0009999999930798472,0.0009999999876748758,0.0009999999871375615,0.00005794654323136271,0.00005800245596546304,1.0888513345322,50.299882274898806,78.86454852378394,0.08174291978208346,0.0005501197997402057,0.0004508418124600683,0.0073432024902600175,0.003517999999999896,0.0035179999999999092,0.003517999999999923,0.0010251799999996813,0.0010251799999996597,0.0010251799999996705,1.8464983590359219,9.666123150824019,2.093238257412011,0.008264782846247428,-0.09494082182393175,-0.015793109093068046,-12.923813018798828,-22.92693826675415,4.182187659740448,973.8231811523438,0.2830814887524919,26.64877907435731
2025-03-01T17:28:40Z,39.962980277032585,-75.92196017223806,163.23117100394273,-33.96156149891749,-28.382233809511703,-1.4036217549636647,1.4091224334715904,0.01336728713979073,2.0405452824142403,0.0009999999986942708,0.0010000000020495463,0.0009999999958364243,0.000999999992755491,0.000999999987714401,0.0009999999873093223,0.00005894446077462633,0.00005900249633548205,1.2185030233952334,53.4346270078257,76.62152181707397,0.09270651429806315,0.0005323489194873715,0.00043694315057192864,0.007352458649388143,0.003518999999999897,0.0035189999999999102,0.0035189999999999232,0.0010251899999996817,0.0010251899999996585,0.0010251899999996709,1.6425945693601494,9.690598563896097,2.200553733138023,0.004595421425467776,-0.09708352223522235,-0.011740204748610285,-11.7993754196167,-22.962188205718995,5.718750214576721,973.6494116210938,0.29468490526077373,26.44217774713929
2025-03-01T17:28:41Z,40.1661830270396,-75.88391330410927,166.44657572164516,2.365366901361881,27.562245450682646,-1.2901340619295663,1.5086763389296602,0.04265825279810052,1.6835732738708573,0.0009999999981269705,0.0010000000024246822,0.0009999999953807987,0.0009999999926281144,0.000999999987973361,0.000999999987865284,3.072631427570006e-10,3.0726339427307875e-10,0.6054627234429522,0.005200724363853289,0.005200801017984793,0.03225782809591132,0.00020813986415783582,0.0001421646089483077,0.0059677134946556805,0.003519999999999899,0.0035199999999999095,0.0035199999999999225,0.0010251999999996817,0.0010251999999996591,0.0010251999999996708,2.024803522766942,9.74859576924437,2.080835473581345,0.008122246865171063,-0.10706648774830786,-0.012250093159147988,-10.714687881469727,-23.45831335067749,7.322437801361084,973.5390625,0.3882412252169308,26.808811365932446
2025-03-01T17:28:42Z,40.166328146604705,-75.88357657190492,165.9592989743145,3.6498381775276227,29.733828757356264,-1.1218194705183409,1.5043229333778925,0.04316922789439775,1.5853057013782936,0.0009999999982916773,0.0010000000024155532,0.0009999999953587873,0.0009999999926363576,0.000999999988153945,0.0009999999876050814,1.000307263356427e-6,1.0003072638790292e-6,0.7014684123128357,0.033510192734189606,0.03116475470801208,0.03854321434296024,0.00021586410598642796,0.00015114303875463013,0.005980209233351985,0.003520999999999897,0.0035209999999999088,0.0035209999999999218,0.0010252099999996812,0.0010252099999996595,0.0010252099999996703,1.6857830433947307,9.820477827476203,2.0627506859759106,0.0004094956308182804,-0.09453991988015427,-0.01078885782188197,-8.831812863349915,-23.087625827789306,8.546437873840333,973.4592407226562,0.39160379186915195,26.154890968676316
2025-03-01T17:28:43Z,40.16648619611823,-75.88321617573861,165.83973285196117,5.018376696592965,31.70458697198187,-0.9684564028408504,1.5021839661771603,0.035931887277211284,1.4868142450609882,0.000999999997999001,0.0010000000024135327,0.0009999999955737863,0.000999999992874104,0.0009999999883085772,0.000999999987575321,2.000307263778303e-6,2.0003072686220668e-6,0.815224354915951,0.11274147415253735,0.1072887030319761,0.044630058280599544,0.0002224882982250862,0.0001587660199169936,0.0059852177576133914,0.003521999999999896,0.0035219999999999093,0.0035219999999999228,0.00102521999999968,0.0010252199999996586,0.0010252199999996694,1.7286917269644335,9.75553489430504,1.964384760255289,0.002247764871135958,-0.09400416277623458,-0.005133518610346959,-7.004625310897827,-23.395688400268554,9.62006284713745,973.425595703125,0.31635033317506117,26.24816084197067
2025-03-01T17:28:44Z,40.16665366765649,-75.8828361918762,165.67650700199363,6.4705574951935425,33.22616262020981,-0.7978824057352719,1.50439070180521,0.02727987860297538,1.3952307566667834,0.000999999998310948,0.0010000000026724942,0.0009999999953809787,0.0009999999932781202,0.0009999999879738907,0.0009999999872877194,3.00030726257415e-6,3.0003072874005773e-6,0.9342710836100202,0.22663378904605688,0.23395392309480573,0.04870189729610533,0.00022840930715711992,0.0001644888816297187,0.005985498236323098,0.003522999999999897,0.00352299999999991,0.0035229999999999233,0.001025229999999681,0.0010252299999996594,0.0010252299999996685,1.5180036950032059,9.785963653562039,1.9028094470942571,0.005393718136770688,-0.08795660114554972,-0.002130099621458531,-5.38912519454956,-24.01687587738037,10.641750402450562,973.6493017578125,0.29993537795541936,26.815986239663857
2025-03-01T17:28:45Z,40.16683219803012,-75.8824409651609,165.20784306688475,8.060100099669981,34.26924933138484,-0.7989415003132855,1.502403524205351,0.011703862316407044,1.319724950522904,0.0009999999979746343,0.0010000000025083286,0.0009999999953000855,0.000999999993462817,0.0009999999878415099,0.000999999987579142,4.000307245619062e-6,4.0003073353870175e-6,1.0431371240063916,0.35773635661896475,0.4107129076788042,0.05018116870073657,0.0002342492301479786,0.00016795831672578398,0.005973468891531641,0.003523999999999898,0.003523999999999911,0.003523999999999924,0.0010252399999996819,0.0010252399999996595,0.0010252399999996675,1.251662272621719,9.653097838477292,1.9861019117702492,-0.0003716101688921315,-0.0744214403357358,0.008418333159517375,-6.331875224113464,-23.302313289642335,11.019750385284423,973.943603515625,0.15011646782784174,26.54284543855833
2025-03-01T17:28:46Z,40.167019573909094,-75.88203765993534,164.46223712313156,9.254203161700458,34.54974398587835,-1.037025659116245,1.4982517032613807,0.016375433629443513,1.276566016440229,0.0009999999977543588,0.0010000000021370384,0.0009999999950170346,0.000999999993258649,0.0009999999878653946,0.0009999999877536253,5.000307169957982e-6,5.000307430271379e-6,1.1273133091056997,0.4878232021742206,0.5889992185214065,0.047256386986924574,0.00024166910218080052,0.0001685552541390046,0.005976632967772343,0.0035249999999998967,0.00352499999999991,0.003524999999999923,0.0010252499999996824,0.0010252499999996588,0.001025249999999668,0.5132973499703296,9.440440057752008,1.7462789662626694,-0.003433278012187918,-0.04157160236743425,-0.008707077428928147,-5.225812702178955,-23.213250789642334,11.244562873840332,974.1144580078125,-0.17007851577525473,26.317325941800014
2025-03-01T17:28:47Z,40.16720581013642,-75.88163612228027,163.6699890687621,9.714854732746499,34.093079751419296,-0.9499416090795795,1.4971776468573115,6.280287821291571,1.2639395604137982,0.0009999999979110887,0.0010000000025203219,0.0009999999953161152,0.000999999993400623,0.0009999999882701709,0.0009999999879021617,6.0003069458113695e-6,6.000307585757105e-6,1.176512979663808,0.6393753335205343,0.7255510911259437,0.04037469320583166,0.00025065749537523665,0.00016717710317912666,0.005953688810759948,0.0035259999999998973,0.003525999999999911,0.003525999999999924,0.0010252599999996813,0.0010252599999996588,0.0010252599999996672,-0.29386580105072335,9.783800951595984,1.2965374961046896,-0.0007821913527653553,-0.012533827955110566,0.01720076636469442,-4.797187676429749,-23.182688236236572,11.310375413894654,974.1994091796874,0.08937920717717393,26.236843627625664
2025-03-01T17:28:48Z,40.16737105723991,-75.88124298483488,163.14052665819642,10.161762586275431,33.67812948779215,-0.9715476205053073,1.4902145402485631,6.276843645878637,1.2498946073219077,0.000999999997637963,0.0010000000026330993,0.0009999999951332897,0.0009999999936023086,0.000999999988087689,0.0009999999879168166,7.000306420746263e-6,7.000307814208192e-6,1.193138775066147,0.8424105354137464,0.8723778081160279,0.03511331193602418,0.00025947697792028893,0.00016665374317247943,0.00594486873718716,0.0035269999999998952,0.003526999999999912,0.003526999999999925,0.0010252699999996804,0.0010252699999996578,0.0010252699999996678,-0.03657329791544351,9.642394271530174,1.3109447818693667,-0.006416334623390775,-0.010926552824772047,0.00011991909892371038,-5.241937689781189,-22.686938343048094,11.93850046157837,974.1712670898437,-0.05310983924589243,26.166776847834758
2025-03-01T17:28:49Z,40.167510719115214,-75.8808588652625,162.625679900489,10.425718831320255,33.00309456212296,-1.1504444228106652,1.5004655200991168,6.27946173298063,1.2393047450572758,0.0009999999973971713,0.001000000002901485,0.000999999994907948,0.0009999999935453032,0.0009999999878106212,0.0009999999878829255,8.0003053560966e-6,8.00030813089429e-6,1.1865907051660334,1.0867658803137368,1.0160259460762842,0.030236676345115017,0.0002682398390002192,0.00016724315595116336,0.005940761598008708,0.0035279999999998945,0.0035279999999999127,0.003527999999999926,0.0010252799999996799,0.0010252799999996584,0.0010252799999996682,-0.26652355217821627,9.48311207993562,1.214474146361052,0.011156209474385538,-0.0059785476553572865,-0.006039634409617426,-4.907062695026398,-20.61693829536438,17.592563257217407,974.1849731445312,-0.21992186080370246,27.543291124215664
2025-03-01T17:28:50Z,40.16759828630633,-75.88048861280791,162.26489447525165,10.542691432508331,32.027042859409384,-1.0649878447489853,1.4834045133532445,6.2798554309891985,1.2388513476911032,0.0009999999970859205,0.0010000000027995863,0.0009999999948547863,0.0009999999938576812,0.0009999999877049223,0.0009999999880395012,9.000303400095088e-6,9.000308553241886e-6,1.1638616316186856,1.3910526550140292,1.1749354741559699,0.026165710656721297,0.00027722578916023426,0.00016885939457068788,0.005934566394809152,0.003528999999999893,0.0035289999999999124,0.0035289999999999263,0.0010252899999996787,0.0010252899999996573,0.0010252899999996681,-0.5012960593520484,9.722960469977806,1.2685689310721797,-0.01549301698149271,0.005792115006326889,-0.0037088350609731655,1.6955625581741334,-14.563688106536866,7.413937796093523,974.1406811523437,0.03409257125136837,16.42987352656235
2025-03-01T17:28:51Z,40.16767384457867,-75.88012714506469,161.79458249502096,10.527028633840512,31.21717786531715,-1.08104745546333,1.4877971382940998,6.2787485432397325,1.23616733542994,0.000999999997387999,0.001000000002686256,0.0009999999947125718,0.000999999994038844,0.0009999999878658814,0.0009999999875690549,0.000010000300049834451,0.000010000309102559487,1.1317896987837006,1.74442312096163,1.3424865026488586,0.02303392027321263,0.00028561339711893,0.00017229606984824164,0.0059258596972864164,0.003529999999999894,0.0035299999999999143,0.0035299999999999273,0.001025299999999679,0.0010252999999996574,0.001025299999999668,-0.43944486783588094,9.650888791717273,1.1636665476934902,0.005882409835167801,0.002390299851573134,-0.0014683294451593807,-2.8128751134872436,-27.131251096725464,6.491250247955322,974.2461206054687,-0.05326361142654554,28.0383759669843
2025-03-01T17:28:52Z,40.16787405943352,-75.87976293525281,160.6166138849669,11.273642184036342,30.5777409345302,-1.158901939079191,1.4875208623899159,6.281423797432968,1.2302681987020958,0.0009999999974042231,0.001000000002648416,0.0009999999946747355,0.0009999999936524332,0.0009999999882379703,0.0009999999876775959,0.000011000294609726144,0.000011000309811283666,1.0974288377508925,2.152739779686517,1.592263551095556,0.02213815188148049,0.00029322202443358075,0.00017747907773649123,0.005917490086544518,0.0035309999999998927,0.0035309999999999127,0.0035309999999999257,0.0010253099999996795,0.001025309999999658,0.0010253099999996689,-0.3570206283040973,9.620735994930394,1.7165367102079814,-0.0004417089769991533,-0.006224896934617963,-0.0029077004537252722,-6.486187769398093,-42.657001667022705,3.522937625348568,974.6622900390626,-0.00471911483964178,43.29084318675706
2025-03-01T17:28:53Z,40.16802422559165,-75.87940946942398,159.5248060765591,11.844914905567796,29.866126718926168,-1.2496312252451396,1.480880216200984,6.2728408980016255,1.2207665959711516,0.0009999999975180236,0.0010000000023488867,0.0009999999947915082,0.0009999999935530867,0.0009999999883020447,0.000999999987934797,0.000012000286154869628,0.000012000310722056597,1.0656809325530734,2.6080360883988836,1.866949286611921,0.021760624237814725,0.00030023278326906294,0.00018387554263716771,0.005898866212744707,0.0035319999999998937,0.0035319999999999137,0.003531999999999927,0.00102531999999968,0.0010253199999996584,0.0010253199999996692,-0.36139897541954447,9.592743236856991,1.6507654748065874,-0.006304342587339704,-0.009205949976764572,0.007429933879429232,-8.558812808990478,-23.000813312530518,17.16131318092346,974.7130346679687,-0.04337377678106704,29.946590959537165
2025-03-01T17:28:54Z,40.168116302198655,-75.87906779604995,158.46279656053528,12.179478282557413,28.794827673712113,-1.3301269628088086,1.4789279690060555,6.282249617189464,1.2235131989542196,0.0009999999978166792,0.0010000000026185616,0.0009999999950496509,0.0009999999938512046,0.0009999999885068071,0.0009999999881711485,0.000013000273493802398,0.000013000311871396786,1.037404750486434,3.130729443002529,2.164411131206443,0.02173687299446369,0.0003067578472056311,0.00019097231181759296,0.005895308170655737,0.0035329999999998956,0.003532999999999912,0.0035329999999999286,0.0010253299999996796,0.001025329999999658,0.0010253299999996687,-0.7234729161374286,9.589911706286307,1.6452220956933925,-0.0010325459896214793,0.005782101135667665,-0.009647241509290506,-5.464687705039978,-22.628813285827636,11.593312883377076,974.78091796875,-0.026822165105695406,26.006311879820554
2025-03-01T17:28:55Z,40.16823546727881,-75.87873661155473,157.20897611454134,13.000441923795565,27.740718133632893,-1.4244438065678875,1.4635697431713424,0.0025738331615557555,1.2208737932602665,0.0009999999977595953,0.0010000000025197214,0.0009999999950475956,0.0009999999940357314,0.0009999999886772123,0.0009999999883997,0.00001400025516005573,0.00001400031331047837,1.01548163514773,3.7012149332599322,2.555073572651559,0.023779464543714393,0.00031208483662174304,0.0001991628834118788,0.005884412848325898,0.0035339999999998953,0.0035339999999999105,0.0035339999999999287,0.00102533999999968,0.0010253399999996585,0.0010253399999996691,-0.6590654551543325,9.5252192507233,2.153991766961936,-0.014785181584207139,-0.0010407249522714668,-0.00393215097801964,-5.628187708854675,-23.008875789642335,11.382750387191772,974.9741259765625,0.004372277434149799,26.280205326649263
2025-03-01T17:28:56Z,40.16821372644146,-75.87841714006117,156.1675507336393,13.534909755752887,26.75610111034513,-1.3324281960824678,1.4766577689018199,6.280320905224268,1.2120211006485875,0.0009999999976035498,0.0010000000027184962,0.000999999994909771,0.000999999994218447,0.0009999999884453513,0.0009999999885590201,0.000015000229499843517,0.0000150003150967423,1.0032217592660757,4.304271350164031,2.990480389302516,0.025932722211534795,0.00031594224754117044,0.00020813410154981788,0.0058640445819155805,0.0035349999999998967,0.0035349999999999115,0.0035349999999999297,0.00102534999999968,0.0010253499999996587,0.0010253499999996695,-0.5784279862775105,9.699423232711816,2.03549148027287,0.01486212183285574,-0.005703658881605515,0.004192350747973235,-5.1686251974105835,-22.802625846862792,10.832250385284423,974.9896752929687,0.14411256504357545,25.768380937161872
2025-03-01T17:28:57Z,40.16812690928191,-75.87810743271767,155.163051470524,14.40660403880979,25.516656945488776,-1.4305772343785261,1.4685707378220496,0.004163926339667974,1.2043629922839394,0.0009999999973625158,0.0010000000025485577,0.0009999999951378921,0.0009999999939756122,0.0009999999888120517,0.000999999988710203,0.000016000194837099053,0.000016000317290193454,1.0029644275316523,4.945042372575424,3.5249830872232657,0.030582318401522347,0.0003179466394061416,0.00021762006644326007,0.005850897424673855,0.003535999999999895,0.0035359999999999133,0.0035359999999999285,0.0010253599999996798,0.0010253599999996582,0.0010253599999996688,-0.69221193042793,9.459710822556074,2.4807885629517226,-0.005809308211171326,-0.0026298073583357444,-0.0078647179687798,-5.607750196456909,-23.08050079345703,10.670250406265259,975.0861791992188,0.020748857315908146,26.03858619685885
2025-03-01T17:28:58Z,40.1681845960944,-75.87781319751649,153.95161333008835,15.565396983788816,24.097515445185497,-1.2878963114451858,1.4720460578935095,6.276250281309139,1.1998579871731048,0.0009999999971917366,0.0010000000028045945,0.0009999999953888721,0.0009999999942050038,0.0009999999891148069,0.0009999999887536802,0.00001700014981840454,0.00001700031995703892,1.0182106867922922,5.639899174343669,4.146212584812886,0.03687642889434745,0.0003173976109238326,0.00022746699866243685,0.00581952057581793,0.0035369999999998935,0.003536999999999912,0.0035369999999999274,0.001025369999999679,0.0010253699999996577,0.0010253699999996685,-0.8379296016766082,9.701457141873671,2.720875618527228,0.004497782660153362,-0.0038710644590004353,0.01068787946772977,-5.906625232696533,-23.135813312530516,11.747812957763673,975.3411059570312,0.3274191156713196,26.61132237396697
2025-03-01T17:28:59Z,40.1681270676213,-75.87752968221088,152.9942045756543,16.448850775907673,22.74166794284347,-1.1671762853504306,1.489915392822858,6.281689845813291,1.1873584630221703,0.000999999997022469,0.0010000000025779687,0.0009999999957878585,0.0009999999944444822,0.000999999988797148,0.000999999989038535,0.000018000093857128826,0.00001800032314574698,1.049107045434963,6.311163190797464,4.806999164994436,0.04287297375894207,0.0003136830866648163,0.00023750955870518832,0.00579715128358,0.0035379999999998924,0.0035379999999999106,0.0035379999999999258,0.0010253799999996784,0.0010253799999996567,0.0010253799999996676,-0.808126537909152,9.70166041989906,2.4957731440211113,0.019887069188540253,-0.008708412171744758,-0.006242421828246785,-5.564062705039978,-22.816500816345215,11.236875381469726,975.3971899414063,0.2670918842557923,26.034903884188427
2025-03-01T17:29:00Z,40.1681923473637,-75.87726534534444,151.9679530850034,17.43557208418376,21.34180481378281,-1.122025101557137,1.4952286052119872,6.2763963791917,1.1916171640337225,0.0009999999969079463,0.001000000002435642,0.0009999999960977582,0.0009999999947163335,0.000999999989143191,0.000999999988885701,0.00001900002752649614,0.00001900032688516829,1.0926538214845096,6.949043826663386,5.502453394336174,0.048456688444461105,0.00030683814770038245,0.00024738823315458957,0.005764293210000728,0.003538999999999893,0.00353899999999991,0.0035389999999999268,0.001025389999999678,0.0010253899999996562,0.001025389999999667,-0.8658059832523294,9.677648535407984,2.350028019690752,0.0063100146194595775,0.0052206393627253975,0.005831504582368253,-5.973750219345093,-22.689750747680662,11.94750044822693,975.590791015625,0.2136254103087863,26.329651844432366
2025-03-01T17:29:01Z,40.168196600487065,-75.87701051225439,150.94821065810368,17.934585908036695,20.238048520541785,-1.284835823323402,1.4908473910952333,6.271588003492539,1.197517477279258,0.000999999996951419,0.0010000000020957212,0.0009999999959269096,0.000999999994402438,0.000999999989012577,0.0009999999891048105,0.00001999995252084326,0.00002000033117843439,1.141305811148196,7.478219732939345,6.146317156804707,0.05033507081764993,0.0002974091482771572,0.0002568681203289609,0.005731382647935941,0.0035399999999998913,0.0035399999999999113,0.003539999999999926,0.001025399999999677,0.0010253999999996555,0.001025399999999668,-0.731768032834567,9.500220726964423,1.8588213970700187,-0.0027715073722294785,0.007592831579338828,0.005688969244187583,-6.042937741279602,-22.035375690460206,12.114938039779663,975.6844555664062,-0.07472215677430435,25.86201787004122
2025-03-01T17:29:02Z,40.16847561563924,-75.8767879874895,149.48073840340572,19.200777921532232,19.082033592888997,-1.401473644994931,1.488223737465952,6.2754534169333525,1.1914159607883412,0.0009999999967206456,0.0010000000021062267,0.0009999999959261507,0.0009999999940950076,0.0009999999888895006,0.0009999999886809079,0.000020999871375942336,0.000021000336041345814,1.1886871465746696,7.961272938689801,6.877887493666053,0.05253343792451677,0.000286033007657145,0.00026605300742035045,0.005705356586142768,0.00354099999999989,0.00354099999999991,0.0035409999999999266,0.0010254099999996774,0.001025409999999656,0.0010254099999996676,-0.5245966618798845,9.561739231545276,2.222324490134998,-0.0036963168974014473,-0.007166228488480308,-0.004630139329262813,-5.651250238418579,-21.428625774383544,12.01950041770935,975.984208984375,0.048029933793589046,25.210879688510158
2025-03-01T17:29:03Z,40.16887011769039,-75.87659015782152,147.75143127836367,20.17113049947324,18.046089727536025,-1.54312956427737,1.4896038659532682,6.274641408794217,1.1953983278643594,0.0009999999970176704,0.0010000000022175957,0.0009999999958127317,0.0009999999944233454,0.0009999999889862502,0.00099999998893096,0.000021999786789024808,0.000022000341497292822,1.2286949367886713,8.381123014979647,7.524418703517986,0.05080755241355761,0.00027429632405779133,0.0002745552646815447,0.005679914367202079,0.0035419999999998916,0.0035419999999999115,0.0035419999999999263,0.0010254199999996767,0.0010254199999996552,0.001025419999999667,-0.5190859832681207,9.59792768064924,1.7219120694141594,-0.0006436619587021166,0.0012907429059003264,0.00043553215667646973,-6.840937781333923,-22.01606330871582,13.107188091278076,976.2350244140625,-0.017488653183205267,26.51982564478536
2025-03-01T17:29:04Z,40.16915124567299,-75.87639335063555,146.02273765061173,20.550431052274433,17.376177510066643,-1.6570864267663852,1.492091872821439,6.27402187095322,1.1980276762382853,0.000999999996678116,0.0010000000024327897,0.0009999999961538982,0.0009999999943077216,0.0009999999889742251,0.000999999989202466,0.000022999700186960513,0.000023000347540595823,1.2519683564829283,8.748855804972093,8.0805710366471,0.04591192029058115,0.0002635102654340097,0.0002825310667353551,0.005659306769208747,0.0035429999999998935,0.003542999999999913,0.0035429999999999264,0.0010254299999996773,0.0010254299999996556,0.0010254299999996673,-0.3847146076771425,9.646860933520491,1.1973334278638101,0.0015410970144746558,0.0013658489536888118,0.00047709113910233275,-4.37137518286705,-21.0671258354187,14.062688102722168,976.3852807617187,-0.0538920306094585,25.70387696331573
2025-03-01T17:29:05Z,40.169167768414496,-75.87617321567403,144.52616946837122,20.3813590167583,17.14503688372161,-1.6901391537918105,1.4932363627076837,6.277768600168288,1.1982907055344294,0.00099999999679486,0.0010000000023664543,0.0009999999963802159,0.000999999994403935,0.0009999999885458007,0.0009999999891316669,0.000023999611277333576,0.000024000354182792714,1.255452739255892,9.113928666952061,8.59738568128352,0.040132210012817,0.0002548201344703114,0.00029008168519210914,0.005645739905150681,0.0035439999999998945,0.0035439999999999114,0.003543999999999925,0.0010254399999996776,0.001025439999999656,0.0010254399999996668,-0.24411077936685938,9.700579745608122,0.9293294457999335,0.0024513861732727727,0.0019321510144560661,-0.0031074835088511343,-5.967937722206115,-21.831938285827636,13.690313110351562,976.4449829101562,-0.034304396781082394,26.45130978282615
2025-03-01T17:29:06Z,40.16877099108505,-75.87590303916743,143.4256735513657,19.447696067793682,17.387611759680244,-1.7759568684041083,1.4886864553117372,6.269778152128839,1.1939571759929843,0.0009999999970683807,0.0010000000021175722,0.0009999999964334827,0.0009999999943859984,0.0009999999886068011,0.0009999999894223853,0.000024999518144688785,0.00002500036144062721,1.2412003334889372,9.51436780570572,9.049176337259633,0.03434094255653692,0.00024880768345335227,0.0002974452567314818,0.005632667155986499,0.003544999999999894,0.0035449999999999124,0.003544999999999926,0.0010254499999996784,0.0010254499999996568,0.0010254499999996676,-0.20303399074253797,9.607339428899305,0.6465775735333749,-0.0002814829715553158,-0.000506801881129233,0.009740204089593817,-4.2564376759529114,-18.15975069999695,11.882437958717347,976.4004272460937,-0.1511649281916054,22.11524105249499
2025-03-01T17:29:07Z,40.16808997301748,-75.87559213530582,142.58882951677094,18.19810579630433,17.91242711075312,-1.6788412423877743,1.488335619876198,6.280642818566428,1.193281609287053,0.0009999999973096649,0.0010000000019235514,0.0009999999968552777,0.0009999999943423072,0.0009999999885968122,0.0009999999894269316,0.0000259994175366578,0.00002600036932445065,1.2137959287923001,10.00741459767613,9.496766911709848,0.029539989382433463,0.0002459721783229321,0.0003042201944565791,0.005631042324758871,0.0035459999999998947,0.003545999999999913,0.003545999999999926,0.0010254599999996788,0.0010254599999996573,0.001025459999999668,-0.20642970719286138,9.767953464068187,0.5859084045815175,0.00524100155331629,0.005729693547574192,-0.00782132326095276,-4.026750173568725,-21.870188255310058,13.520063095092773,976.391923828125,0.005255426424098458,26.025166800673144
2025-03-01T17:29:08Z,40.16696567240804,-75.87521789342327,142.1736362240199,16.235828260925853,18.952838573499374,-1.6207937096544736,1.4783238547468402,0.002209824715009364,1.2084270298785096,0.0009999999973221135,0.001000000002044222,0.0009999999966774568,0.0009999999945396532,0.0009999999888555804,0.0009999999892888686,0.000026999304569371754,0.00002700037780832463,1.1766548886947175,10.560317182167697,9.847469111640022,0.025044235169875945,0.00024778572655149365,0.00030904412919106997,0.005630763188022558,0.0035469999999998936,0.0035469999999999118,0.003546999999999925,0.0010254699999996783,0.001025469999999657,0.0010254699999996666,-0.2790858738941866,9.733401353198353,0.14512170287411968,-0.0030260353438479543,0.02214159398835842,0.001076940252929372,-5.161687726974487,-22.49175079345703,13.04906304359436,976.2896606445313,-0.04405997512790078,26.510322904707
2025-03-01T17:29:09Z,40.16541417556985,-75.87478218273799,142.03863652831535,14.492751001017307,20.08744605504533,-1.5627703743578647,1.4637536117473842,0.0016455539806762183,1.2174559851377178,0.0009999999972481533,0.001000000002190504,0.0009999999968694786,0.0009999999945806226,0.0009999999888178938,0.0009999999893651641,0.000027999173237829027,0.000028000386864444037,1.1352628731193404,11.260203591941309,10.270990599762387,0.022557725616167118,0.00025199711472538626,0.0003138408700077179,0.005631761788129848,0.003547999999999895,0.003547999999999913,0.003547999999999927,0.0010254799999996778,0.0010254799999996561,0.001025479999999667,-0.3547454882411409,9.68067418339009,0.6003437925458935,-0.007281392448694079,0.015485838578243908,0.007176575247584774,-3.5690626454353334,-22.30912588119507,11.961562976837158,976.1901977539062,-0.07691149964123004,25.563874731338217
2025-03-01T17:29:10Z,40.16332472196501,-75.87427139964153,142.1511464665045,12.319214566483437,21.8669169905161,-1.558424331014655,1.4680034669247821,0.01097553095233074,1.2276829834999186,0.0009999999974290232,0.0010000000019113847,0.0009999999968892405,0.0009999999942254091,0.0009999999885759617,0.0009999999895357599,0.000028999016120561454,0.00002900039644771135,1.0929211751546557,11.992007378915764,10.605752716136498,0.02023599657038729,0.00025885713422037226,0.00031799022320328434,0.005638046301374418,0.0035489999999998925,0.003548999999999913,0.0035489999999999263,0.0010254899999996776,0.001025489999999655,0.0010254899999996667,-0.21471894126172353,9.665405256587064,0.11640783180112768,0.01139037327792054,0.017254675795252764,-0.0012341649427522047,-5.116500179767609,-22.497000789642335,12.755625534057618,976.0539282226563,-0.11437821715901686,26.36279417601841
2025-03-01T17:29:11Z,40.16085383254029,-75.87370463334757,142.30131024457728,10.64176320414587,23.855133842481578,-1.5117979440572133,1.4521542308001292,0.023820587633447028,1.2275316545040347,0.000999999997099574,0.0010000000019850825,0.0009999999967143184,0.00099999999434138,0.0009999999882970192,0.000999999989511615,0.000029998823483005652,0.000030000406507078877,1.0508851914868247,12.817799088043952,11.016160712826434,0.01863656211828994,0.0002663622122926725,0.00032319864429403676,0.00564711599055456,0.003549999999999893,0.0035499999999999143,0.0035499999999999278,0.0010254999999996768,0.0010254999999996552,0.001025499999999666,-0.13695939714387678,9.690167010633715,0.40440691911263893,-0.0099151200460499,0.006002413026641243,-0.005391216282711572,-5.132625222206116,-22.38581308364868,12.497063007354736,975.9952661132812,-0.08352985446387433,26.146555994463462
2025-03-01T17:29:12Z,40.1580818942011,-75.87309291966751,142.42991572428286,9.128094150701031,26.482555013660765,-1.4410606932145162,1.4488637097187185,0.0387820997896606,1.2093595260611218,0.0009999999973540276,0.0010000000020560045,0.0009999999969955626,0.0009999999945406136,0.0009999999881130453,0.0009999999897287264,0.00003099858248704178,0.00003100041705798251,1.0094402514551195,13.611872173228809,11.426375088421123,0.016933213824947137,0.00027279400267594717,0.0003310011640139852,0.005658033277020968,0.003550999999999891,0.003550999999999916,0.003550999999999929,0.0010255099999996772,0.001025509999999656,0.0010255099999996664,0.2823500827070769,9.783371368088327,0.1568465321910207,0.0016572619931858356,-0.013064579353257092,-0.009857539437001734,-5.92256272315979,-22.720875816345213,12.523875551223755,975.981435546875,0.00529362979849713,26.611270096099343
2025-03-01T17:29:13Z,40.155209610440664,-75.87246177247894,142.38343876705494,7.906881450568457,29.10713622423406,-1.4574033073701664,1.446403391060225,0.042943728576557566,1.1783091520465527,0.0009999999972961824,0.0010000000023213027,0.0009999999970226505,0.0009999999947662018,0.0009999999881417053,0.0009999999892633432,0.000031998274802320786,0.00003200042813525739,0.9683440123103817,14.456404470180821,11.865709579636432,0.01633026228435581,0.0002780717298555901,0.000341136948230243,0.0056665785236637905,0.003551999999999892,0.003551999999999914,0.003551999999999927,0.001025519999999678,0.0010255199999996563,0.0010255199999996668,0.32258938064690784,9.746003523506651,0.05774379546061095,0.0015147265964454409,-0.028611088061527682,-0.0018043053554258914,-5.062312686443329,-22.15162576675415,12.092625494003295,976.0503125,-0.03220836961897683,25.74005641434013
2025-03-01T17:29:14Z,40.152093230531214,-75.87180389598478,142.16670595430196,7.139668984419964,31.468113794949446,-1.5302051026860644,1.433400517922075,0.04200090326812464,1.1568539782009017,0.0009999999973384207,0.001000000002741286,0.0009999999972181597,0.0009999999948903896,0.000999999988492871,0.0009999999894729815,0.00003299787824525184,0.000033000439836723794,0.9310865530985454,15.400911905479923,12.396070074149574,0.016608870329235307,0.00028500102666450817,0.0003506432471287392,0.005674376820476301,0.0035529999999998913,0.0035529999999999147,0.0035529999999999277,0.0010255299999996775,0.0010255299999996558,0.0010255299999996667,0.2467159832104536,9.677261491116564,0.3146956810778253,-0.010756311758523578,-0.020855609057315445,0.003451301366094313,-4.998000197410583,-22.646438236236573,12.25068802833557,976.107783203125,-0.09848443032115356,26.22818822075408
2025-03-01T17:29:15Z,40.148773995993366,-75.8711309648252,141.71507646186197,6.962192384956862,33.18411636848393,-1.683195276741393,1.4246019786776378,0.061523041970917416,1.1459617448229815,0.0009999999970696151,0.0010000000025361196,0.0009999999967910268,0.0009999999949154743,0.0009999999884791322,0.0009999999893517584,0.00003399737130391408,0.00003400045232737706,0.9015578848278698,16.489670102564034,13.057321066094719,0.016821438679096745,0.0002940105697446615,0.0003593780836761109,0.005688583271168464,0.0035539999999998923,0.003553999999999914,0.003553999999999927,0.0010255399999996783,0.001025539999999655,0.0010255399999996675,-0.13136895321881598,9.52032045427684,0.9012536567750576,-0.008147117986201241,-0.008391463950517484,-0.016414154647101362,-4.554187672138214,-22.671938190460207,11.892187910079956,976.2000830078125,-0.22042583632723972,26.003440009882276
2025-03-01T17:29:16Z,40.1441162809132,-75.87035861807026,141.43769897431835,6.99571506253393,35.10055000377106,-1.6441567919450293,1.4286696377408492,0.06284317635324442,1.142449203440913,0.0009999999970703563,0.0010000000025221212,0.0009999999970051593,0.0009999999949635542,0.0009999999883947475,0.0009999999891435274,0.000034996734378347855,0.00003500046577835705,0.8805961712339536,17.637866392012267,13.799917896112078,0.017464206663927586,0.0003031789780611547,0.0003677641140841401,0.005697426476685008,0.003554999999999893,0.0035549999999999133,0.0035549999999999263,0.0010255499999996787,0.0010255499999996544,0.0010255499999996679,-0.21505955913687438,9.700012908432722,0.8437840694431243,0.003023195405710587,-0.004622628513607623,0.002980635391646623,-4.190437662601471,-22.959375686645508,12.025875492095947,976.0813427734375,-0.045429060509934914,26.254746390236527
2025-03-01T17:29:17Z,40.138273389532145,-75.86951174980899,141.32563313051588,7.18958383801224,37.166972057600375,-1.6280532055164705,1.4330495575146698,0.07301614723542717,1.1372432917888238,0.0009999999969734158,0.0010000000024785922,0.0009999999967676768,0.0009999999947579226,0.0009999999885372322,0.0009999999889818225,0.00003599594656003086,0.00003600048035519313,0.8676855757842793,18.783346086714474,14.594641479951642,0.018942607724727997,0.00031182364108220406,0.0003770132541368073,0.005708670252458433,0.003555999999999891,0.0035559999999999112,0.0035559999999999247,0.0010255599999996787,0.0010255599999996535,0.0010255599999996678,-0.17136897840927134,9.703650592801432,0.548671243312659,0.001799796826188219,-0.0060599964440212345,-0.006273799364231174,-3.230812644958496,-22.71562578201294,11.764125452041625,975.9986499023438,-0.06404109858903106,25.78429420532063
2025-03-01T17:29:18Z,40.132709578299654,-75.86869897988225,141.00886445191307,7.651799543351304,38.71372140440617,-1.6228189093496486,1.443938941802854,0.06681211754183827,1.135388160648083,0.00099999999711854,0.0010000000027853737,0.0009999999965777894,0.0009999999945061963,0.0009999999885928629,0.000999999988998047,0.00003699498953981492,0.000037000496290753365,0.8630624474304468,19.97737391145829,15.505776435300193,0.02028317509360823,0.0003193494982821159,0.00038637606858985283,0.005715361542385862,0.0035569999999998897,0.0035569999999999127,0.003556999999999923,0.0010255699999996784,0.0010255699999996534,0.0010255699999996678,-0.27214668134297265,9.684069290794437,0.627474865608666,0.00716906479398532,-0.005303591997640678,0.00906925391890827,-5.2053752014786,-18.38212572157383,17.184563159942627,976.1538891601563,-0.07670224805000649,25.6964019297061
2025-03-01T17:29:19Z,40.12653288656831,-75.86786757424042,140.67642609184836,8.26797252947973,40.24496091526021,-1.702499257344486,1.4403220409426405,0.07815929106340554,1.1409397972835098,0.0009999999971903356,0.0010000000028790393,0.000999999996563574,0.00099999999426721,0.0009999999887115019,0.0009999999889453233,0.00003799385073781005,0.00003800051388523707,0.8667064722516344,21.12875661981099,16.482869827821222,0.022443812101638684,0.0003272727773152079,0.000395368454029469,0.005727105734503795,0.003557999999999892,0.0035579999999999137,0.003557999999999922,0.0010255799999996775,0.0010255799999996525,0.0010255799999996668,-0.13692017450860394,9.628228271419054,0.38542124256049126,-0.009267037202154976,0.003703659637751977,-0.008208204774515152,2.809125109910965,-18.162000732421873,6.139125218689442,976.181591796875,-0.14817343507567915,19.376179720690068
2025-03-01T17:29:20Z,40.11915546146211,-75.86699707043863,140.50475532142144,9.38737922521213,41.39279877499876,-1.6075866923461144,1.4476446275013026,0.081317572664788,1.1462166029643432,0.0009999999971908545,0.001000000002929659,0.0009999999966004208,0.0009999999943536657,0.0009999999889409232,0.000999999988848136,0.00003899252676287549,0.00003900053349645307,0.8784273204347648,22.322569687393866,17.588637012657074,0.024219571290731195,0.00033315359666963795,0.00040489341230021787,0.005736345190712694,0.0035589999999998917,0.0035589999999999116,0.00355899999999992,0.0010255899999996776,0.0010255899999996525,0.001025589999999667,-0.28897620798490614,9.749154121713937,0.5466373430647483,-0.00030768664353011336,0.0015096363384471533,-0.0009796380993259406,2.9206875943019988,-28.083188648223878,11.822437963485719,976.1232641601563,-0.016489622998013764,30.60984848762219
2025-03-01T17:29:21Z,40.11121478683856,-75.86613618972606,140.51734444503035,11.311069241641656,41.8535022144019,-1.4233291073585397,1.454150981401948,0.08048565762577443,1.1544255339791727,0.0009999999970788105,0.0010000000029800388,0.0009999999968251108,0.0009999999944824776,0.0009999999891253345,0.000999999989145351,0.000039991031121100316,0.000040000555581697195,0.8943846847351731,23.579544044889936,18.87719618754702,0.023646139345084832,0.00033764363138454853,0.00041436395291451005,0.005744531034900484,0.0035599999999998905,0.0035599999999999105,0.003559999999999921,0.0010255999999996776,0.0010255999999996524,0.0010255999999996667,-0.3890687611088402,9.744495890004714,1.1422200571495043,-0.0026448290992677074,0.003551443131630624,0.002179501058601382,3.674625156223774,-37.10831407546997,6.739687774181366,976.1141235351563,0.03362653296413202,37.89392270703805
2025-03-01T17:29:22Z,40.10463746040815,-75.86537272392044,140.29578294079917,12.93956587534116,42.11190975772144,-1.4965561006912989,1.4577319880620356,0.07985501932361957,1.153453684486722,0.000999999997122821,0.0010000000027514569,0.0009999999964409624,0.0009999999945999552,0.000999999989058905,0.0009999999891696098,0.00004098938713940007,0.00004100058055499807,0.9101381510750941,24.79141524158523,20.19172362621891,0.023383283101903494,0.00034002941545692125,0.00042489070891564307,0.005752737645421,0.0035609999999998915,0.0035609999999999115,0.0035609999999999197,0.001025609999999677,0.001025609999999652,0.0010256099999996662,-0.29144878755714443,9.541576710380117,0.9893892914951553,-0.0037387100510169052,-0.004675369565986793,-0.00009388416447822122,9.409312896728515,-43.95768924713135,3.6421876574680208,976.3180908203125,-0.18817288584630024,45.10071567252926
2025-03-01T17:29:23Z,40.09774806846052,-75.86463854909228,140.09052542213274,14.77092554748761,42.048043201655055,-1.4553332398453727,1.462545078340789,0.0721361164909184,1.1540942417551214,0.00099999999725119,0.0010000000024538492,0.0009999999964997465,0.0009999999946407212,0.0009999999892170903,0.0009999999894707145,0.00004198761912187755,0.00004200060873909286,0.9239985673233632,26.053915824608847,21.586039555950983,0.022826071373978796,0.00034160554594933634,0.0004350688781137608,0.005759368944430545,0.003561999999999893,0.0035619999999999133,0.00356199999999992,0.0010256199999996763,0.0010256199999996512,0.0010256199999996653,-0.22682753478704465,9.643487412246705,1.100365268539349,-0.003085452397740305,-0.0037789336855687805,0.006195185273876125,-10.451625477969646,-36.516751556396486,18.858563281297684,976.3371166992188,-0.07662262805418181,42.40696538256451
2025-03-01T17:29:24Z,40.09214324475201,-75.86398600252316,139.71061100113633,16.42630170720617,41.78516083935108,-1.3584764236325713,1.4667738246490536,0.06860930702052026,1.1510086723992696,0.0009999999972785578,0.0010000000023590114,0.0009999999964410361,0.000999999994968619,0.0009999999889562375,0.0009999999896100694,0.00004298574872056706,0.00004300064042994751,0.9340376795977029,27.400230116195907,23.044139659682084,0.021985011168080174,0.0003429654053684604,0.0004452090883600471,0.005767378848875914,0.0035629999999998926,0.003562999999999913,0.0035629999999999195,0.0010256299999996756,0.0010256299999996507,0.0010256299999996648,-0.17005291862510935,9.715215864814848,1.2475349759494498,-0.0018857540072986663,-0.006059996527546959,0.0011889321436693238,-5.601375217437744,-22.093313217163086,13.067625589370728,976.521767578125,0.01115156001548919,26.272610421748603
2025-03-01T17:29:25Z,40.085625383505366,-75.86335751531671,139.54246934878051,18.165991011029774,41.13399153755112,-1.3170578063548903,1.4695568307456637,0.04482535428161486,1.1435053895164584,0.0009999999970808087,0.0010000000022767088,0.000999999995943915,0.0009999999950036677,0.0009999999886915714,0.000999999989615477,0.00004398379122005113,0.00004400067581922896,0.9397698872128051,28.828548926879463,24.492035916423394,0.021330065437720508,0.0003434421060856845,0.00045528961098227877,0.005771094747265149,0.003563999999999892,0.0035639999999999114,0.003563999999999918,0.0010256399999996754,0.0010256399999996504,0.0010256399999996647,-0.06269494211323981,9.64694064362608,1.2323006769454308,-0.0038099784111581703,-0.012423171269529043,0.01978976448655385,-5.765625228881836,-22.500375728607178,11.421375427246094,976.4701196289062,-0.05970854672739396,25.88347977427184
2025-03-01T17:29:26Z,40.07972761194743,-75.86278972829723,139.30902520051123,19.673448575427905,39.60815047908648,-1.2392530974843148,1.468891135316026,0.030060689854603164,1.170836999297428,0.0009999999972093018,0.0010000000024213047,0.0009999999962660377,0.0009999999947061546,0.0009999999883712604,0.0009999999892804227,0.0000449817576874918,0.00004500071494651178,0.9391075434480554,30.491178070771017,25.945627905807257,0.018677499244185432,0.00035008703486320153,0.00045991025140866294,0.00577800679645157,0.0035649999999998938,0.0035649999999999103,0.003564999999999917,0.0010256499999996747,0.0010256499999996497,0.0010256499999996638,-0.5857117146905938,9.640113875339921,1.5774391853693577,-0.007561789419286351,0.02388022184244741,0.013976201102705022,-6.457500276565551,-22.27537582397461,10.810687856674194,976.5648779296876,0.0008061166401561182,25.588279473638945
2025-03-01T17:29:27Z,40.07426171028891,-75.86226681993269,139.03198018288484,20.61749342295973,36.74637780081047,-1.2046648908752489,1.46585089868624,0.019208251585962226,1.2799646402206908,0.0009999999970956009,0.0010000000024080692,0.0009999999962147087,0.0009999999946806019,0.0009999999882572678,0.0009999999890052793,0.00004597965545955631,0.00004600075767415338,0.925913551528705,32.485649996157484,27.349250408096577,0.014528219688895085,0.0003717801683071819,0.00045068994028290004,0.005786480044842794,0.003565999999999893,0.0035659999999999113,0.003565999999999918,0.0010256599999996755,0.0010256599999996503,0.001025659999999663,-1.91031295081694,9.575993489263022,1.6801573098140545,-0.010386954879100218,0.10645111427190984,0.018496767761350345,-8.809125328063965,-22.875375862121583,10.33162540435791,976.644306640625,0.12345985848058741,26.601189579390528
2025-03-01T17:29:28Z,40.06821158184855,-75.86174900429718,138.91172407222675,21.402345930297248,33.25571619734616,-1.0213896335227484,1.4793455924993102,0.016002500099309733,1.4478742731138903,0.0009999999972656725,0.0010000000024516927,0.0009999999961597414,0.000999999994835357,0.0009999999881843136,0.000999999988675342,0.00004697747642411573,0.00004700080373141691,0.8982486917684902,34.770131347791455,28.845915567062704,0.014345521965762524,0.00040874356027056794,0.0004284165744283952,0.005796807099643793,0.003566999999999894,0.0035669999999999123,0.0035669999999999188,0.0010256699999996754,0.0010256699999996502,0.001025669999999662,-2.616668961256281,9.767600416962765,1.340392838812142,0.006638313263949168,0.1668225803077393,0.01607917801822267,-11.19787546157837,-22.534875755310058,9.418125395774842,976.6156494140625,0.4161819925688916,26.86840882490575
2025-03-01T17:29:29Z,40.06192806710566,-75.86119702129768,138.84067833213464,22.074434415414057,30.015966047111498,-1.051723093880652,1.484308455368829,0.013392355722693258,1.6458969122547868,0.0009999999970794794,0.0010000000026926554,0.000999999996304968,0.0009999999945524642,0.0009999999882673886,0.0009999999887815758,0.00004797519448653486,0.00004800085239605779,0.8660960342460895,37.15500827007571,30.4361584684042,0.020351972643265163,0.00045395443914532873,0.0004001067689483572,0.0058066624651656054,0.003567999999999895,0.0035679999999999102,0.00356799999999992,0.0010256799999996762,0.0010256799999996493,0.0010256799999996628,-2.699067038503535,9.63964249197397,0.5686911890990629,-0.0012341648744926827,0.19765322699399693,0.017794272789259505,-12.319500465393066,-21.75000082015991,7.337250270843506,976.615390625,0.24261775027094018,26.05120378969341
2025-03-01T17:29:30Z,40.05669360679142,-75.86061777404221,138.61759623475928,23.262121589760834,27.306870731105903,-0.9162027768338366,1.4863162412751045,0.00019204132119726486,1.8451998424835745,0.0009999999969226956,0.0010000000030302725,0.0009999999965933954,0.00099999999422035,0.000999999988468218,0.0009999999888850378,0.000048972777418923295,0.0000490009019375806,0.8455979379339621,39.675597543205065,32.32542181045199,0.03135095118851463,0.0004953687757502179,0.00037634145131638084,0.005811700476777943,0.003568999999999895,0.003568999999999909,0.003568999999999922,0.0010256899999996761,0.0010256899999996486,0.0010256899999996631,-2.661739014543156,9.835215893424838,0.589668271889259,-0.0021810053424994287,0.19802992560149274,0.029889395750092664,-15.076313133239745,-21.561563243865965,4.7788126754760745,976.7445043945313,0.4224953131025533,26.74005530729059
2025-03-01T17:29:31Z,40.05203525195043,-75.85998741198925,138.36264605016626,24.677110776745035,25.0612113837988,-0.9096086892593034,1.4863177974727948,6.278277380857806,2.050345813765354,0.0009999999967243735,0.0010000000031401045,0.0009999999969063891,0.0009999999940576503,0.000999999988305758,0.0009999999887444844,0.0000499702144627697,0.000050000948923776954,0.8541710022132815,42.24156930614829,34.24125918950293,0.047415304829495325,0.0005262517640561218,0.0003610056148985313,0.005818095876780434,0.0035699999999998944,0.003569999999999908,0.0035699999999999213,0.0010256999999996752,0.0010256999999996475,0.0010256999999996635,-2.6142761552654825,9.755714664518734,0.21019601751224437,-0.00289518296826146,0.20458604147278062,0.02364989626404966,-16.680000772476195,-21.382688293457033,1.701000067293644,976.83537109375,0.3187835104083051,27.172273034574953
2025-03-01T17:29:32Z,40.048362338213934,-75.85934623138942,137.99858762478635,26.47469802247559,23.011519580801775,-0.8979189431144884,1.4831533653919582,6.274408813042399,2.2687665030570265,0.000999999996979505,0.0010000000029402522,0.0009999999968088814,0.0009999999941913034,0.0009999999885328635,0.0009999999890499395,0.00005096755957608451,0.00005100098787580763,0.9082908364966988,44.921569009389344,35.96778278270001,0.06836696305874586,0.000537805873125657,0.00035833171717534183,0.005824168821110566,0.0035709999999998933,0.0035709999999999067,0.0035709999999999206,0.001025709999999674,0.001025709999999648,0.0010257099999996632,-2.828678289012812,9.789353520708122,-0.026284161190513144,-0.005673115586895598,0.21860588918305612,0.024788674703025104,-18.144750671386717,-21.282000732421874,-2.301937592662871,976.9658984375,0.40678006737429045,28.061567929328973
2025-03-01T17:29:33Z,40.04397073220331,-75.85852060465483,137.81730360333808,29.185595787116767,22.0380438835207,-0.892766952984499,1.4872270522156454,6.264278078048378,2.476987599049674,0.0009999999968505501,0.0010000000028674398,0.0009999999970189105,0.0009999999943647929,0.000999999988745218,0.000999999988973454,0.00005196495332085063,0.00005200101300049697,1.0138168683918432,47.61257947278826,37.14047590007221,0.08801858159654034,0.0005219048058156272,0.0003722369912715082,0.005828220925885931,0.0035719999999998943,0.0035719999999999077,0.0035719999999999207,0.0010257199999996736,0.0010257199999996476,0.0010257199999996627,-2.8213925890970515,9.741239998986476,0.03402935324122263,0.0002793110934400521,0.20677914552096024,0.0312406418004876,-18.204563236236574,-20.86050085067749,-6.72187527179718,976.93287109375,0.3586519656132313,28.491179825450775
2025-03-01T17:29:34Z,40.03992027645,-75.8576095777118,137.75403165052427,32.46943229645145,21.889005369019102,-0.8222786164221926,1.4878273008327425,6.2568645616203185,2.696546197786054,0.0009999999967221476,0.0010000000027548064,0.0009999999970191564,0.0009999999940267848,0.0009999999889623412,0.0009999999890183849,0.00005296259314502851,0.000053001022088274355,1.1562549399730426,50.446088261312966,37.52772033563871,0.10400487543440542,0.00047623167046151706,0.0004036340256835506,0.005834331528346516,0.0035729999999998935,0.003572999999999907,0.0035729999999999204,0.0010257299999996742,0.0010257299999996464,0.0010257299999996633,-2.939665362195998,9.79681115849526,0.04310769491909778,-0.0027715078499083393,0.21904367362591565,0.029186901442712465,-18.03787570953369,-20.29162576675415,-11.271187953948974,976.9574829101563,0.4454232321010149,29.396457688605675
2025-03-01T17:29:35Z,40.036813372187275,-75.85673790606656,137.73879922727258,35.77178809149847,22.335726388761383,-0.7638255788722779,1.488754819574373,6.253636518971406,2.9051241865717654,0.0009999999962969888,0.001000000002572903,0.0009999999969373822,0.0009999999938730309,0.0009999999890233722,0.0009999999888746147,0.0000539606475174681,0.000054001019668431326,1.3056368627093553,53.40907306398699,37.16485256459117,0.11316210907811647,0.0004107916363873472,0.0004456564151630862,0.0058430451280682,0.003573999999999895,0.003573999999999909,0.003573999999999922,0.0010257399999996741,0.0010257399999996453,0.0010257399999996633,-2.8586186328605017,9.791136333025069,0.07215760961131054,-0.0014130850226780857,0.2086718245708513,0.023229300510886768,-16.84781316757202,-20.324063205718993,-15.567938241958618,977.0151782226562,0.4170537866472247,30.64757638159003
2025-03-01T17:29:36Z,40.03619067092408,-75.85629543153577,137.22681148990185,38.298626880580635,21.696765555978246,-0.77871716520395,1.4938059004063806,6.243329989077894,3.0746674456480783,0.0009999999962114973,0.0010000000026332094,0.0009999999972588492,0.0009999999935987776,0.0009999999888263792,0.0009999999888333846,0.000054959185816000526,0.00005500101541616762,1.4330729237850195,56.51613966353922,36.33682628242513,0.11550660092617485,0.00034597206324185105,0.00048394708852750047,0.005852417020248895,0.003574999999999896,0.0035749999999999107,0.003574999999999923,0.0010257499999996745,0.0010257499999996459,0.0010257499999996639,-2.3009412504298217,9.854837074912995,-0.1570519142084552,0.008427679809659817,0.16929891859595916,0.024666501484586174,-15.588000726699828,-21.244875774383544,-18.6198756980896,977.278125,0.33804761629721436,32.264950071577985
2025-03-01T17:29:37Z,40.03603326853792,-75.8559425772844,136.5615750291711,38.94866123566355,21.660924711438007,-0.870016978437021,1.493188455931056,6.252926444841844,3.122397786375489,0.0009999999963249359,0.0010000000027189204,0.0009999999975444651,0.0009999999934273461,0.0009999999885358366,0.0009999999885949103,0.00005595818355737089,0.00005600101839939089,1.5147242823715306,59.31092614825115,35.036045103523506,0.09843322759912516,0.000306698490565399,0.0004984431785569422,0.005863383107554195,0.0035759999999998952,0.0035759999999999117,0.003575999999999922,0.001025759999999674,0.0010257599999996454,0.0010257599999996632,-0.3671816269431873,9.694478041964123,0.36386557044052514,-0.0003789541383755718,0.04816443371429113,-0.0054287695282541825,-13.860563077926635,-20.902125720977782,-20.781188220977782,977.3925610351563,-0.0748127978190196,32.570976958622566
2025-03-01T17:29:38Z,40.03589503790737,-75.85558136589692,135.9449833570201,38.81055558729707,22.66989111090555,-0.7405499049812425,1.5009975052708384,6.269736666362951,3.1069286376898266,0.0009999999960410221,0.0010000000030883042,0.0009999999972885234,0.000999999993186504,0.000999999988386895,0.0009999999886842338,0.000056957534194233285,0.00005700103331046402,1.5330357971483657,61.650253350667896,33.94183641018392,0.07408471334667023,0.0002882632650161454,0.0004983926893525173,0.005874564573672935,0.0035769999999998967,0.00357699999999991,0.003576999999999923,0.001025769999999675,0.0010257699999996462,0.0010257699999996642,0.2657801065033135,9.817653481902859,1.3397652124054247,0.006007419993253535,-0.014323862180978197,-0.01725801555313087,-13.483875551223754,-20.578500709533692,-21.279375801086427,977.457353515625,0.1290299910360904,32.528420155615905
2025-03-01T17:29:39Z,40.03586126748062,-75.85523413182617,135.2496540027348,38.61958663087038,23.52599709336341,-0.9747615495948271,1.5050094090240318,0.020400781674594054,3.0873912646798183,0.0009999999960127039,0.0010000000031023032,0.0009999999970333596,0.0009999999931011438,0.0009999999883801884,0.0009999999886307518,0.00005795710317055978,0.000058001060624248354,1.500107856644545,63.81445428730715,33.294881879118144,0.05631823922916497,0.0002811371242663581,0.0004947983255683276,0.005887921925374538,0.0035779999999998946,0.0035779999999999085,0.0035779999999999215,0.0010257799999996743,0.001025779999999645,0.0010257799999996637,0.0530777906349403,9.478127009706588,1.1978440306884344,0.0030011642753217417,-0.01731009008078573,-0.034465208756228854,-13.11937560081482,-21.4201881980896,-20.56087585449219,977.5451440429688,-0.22961436361810905,32.460572906330896
2025-03-01T17:29:40Z,40.034993874893935,-75.85468897118385,134.89056213168934,38.01525761015217,25.18920818887291,-0.9917395250243389,1.5103090866504871,0.03868669480490993,3.0690795859910174,0.0009999999957615983,0.0010000000035683947,0.0009999999968465327,0.000999999993408097,0.0009999999884517483,0.000999999988614783,0.00005895678312630418,0.00005900109880454057,1.4402627373714685,65.90265566907611,33.156352902991536,0.04389631684496896,0.00028212326648065434,0.0004898918511243895,0.0058998780946616135,0.0035789999999998948,0.00357899999999991,0.003578999999999922,0.0010257899999996734,0.0010257899999996448,0.0010257899999996625,-0.2568358910178863,9.624462578942369,1.2493871155596523,0.0024523878244444696,-0.01732811519878676,-0.01666717963383782,-12.769688081741332,-22.148438339233397,-20.249063243865965,977.4413330078125,-0.07485644095641969,32.61348647749348
2025-03-01T17:29:41Z,40.15857692120423,-75.87998821075097,137.81266674585524,6.496578827621297,15.23330421714215,-0.35172058072928525,1.493351825290192,0.1225570081431509,2.910359888413903,0.0009999999956670992,0.001000000003589734,0.000999999996435462,0.000999999993286722,0.0009999999882975904,0.0009999999887301803,3.072634304419642e-10,3.0726321310290524e-10,0.6612803694555612,0.00189710304392014,0.0018970130542808404,0.016104205076274237,0.0001563939640024532,0.00016544402517317718,0.004997896261696972,0.0035799999999998936,0.0035799999999999105,0.00357999999999992,0.0010257999999996738,0.0010257999999996451,0.001025799999999663,0.040196432240510005,9.720639569596855,2.032061771594658,0.008234239045370365,-0.05266897906465468,-0.013960514592864586,-13.079063081741333,-21.64893823623657,-20.11031332015991,977.5633374023438,0.14877312017934988,32.313462042827936
2025-03-01T17:29:42Z,40.1586836313909,-75.87979820519861,136.84058551909865,4.888180736243831,17.09889416364465,-0.5782427079917272,1.4891679618608296,0.11072117889279846,2.8008253414582476,0.0009999999958129734,0.0010000000036436973,0.0009999999963119244,0.00099999999339459,0.0009999999882849405,0.0009999999888493157,1.0003072636670198e-6,1.0003072636372421e-6,0.6975424364143004,0.05065642352316523,0.03570079523871486,0.014942240288031152,0.00017414747484616896,0.0001664819881401641,0.005006300246508544,0.003580999999999895,0.00358099999999991,0.003580999999999922,0.001025809999999673,0.0010258099999996442,0.0010258099999996622,0.9432476931071396,9.666801078157015,2.122510458075591,0.009618866395011225,-0.11107783293795577,0.0018710646221267138,-13.998938083648682,-21.856125717163085,-18.413250846862795,977.79126953125,0.15963332210011166,31.82302727626659
2025-03-01T17:29:43Z,40.15879373850934,-75.87958480319737,135.56317563881188,2.780982157372281,19.24252084270847,-0.855634151881789,1.4847013380617031,0.11946522477678982,2.6472136664827324,0.000999999995536281,0.0010000000036919138,0.0009999999963376668,0.0009999999932480913,0.0009999999883044419,0.0009999999888236617,2.0003072666008085e-6,2.0003072696609717e-6,0.7218942693030123,0.2103384091119877,0.15728628931901367,0.015911120826552216,0.00019607414978869763,0.00016455294534382716,0.005001340869675034,0.003581999999999896,0.003581999999999909,0.003581999999999923,0.001025819999999674,0.0010258199999996435,0.0010258199999996615,1.6916670411612997,9.711859310083966,1.9400891044372168,0.01387856307422166,-0.15361104591851416,-0.022865954781327472,-15.490313062667846,-21.81637580871582,-15.789000701904296,977.9628833007813,0.26464627406879715,31.067562372015853
2025-03-01T17:29:44Z,40.15890765187164,-75.87934526418903,134.08422126447982,0.8713855492415729,21.558020563663348,-1.1817754056723482,1.4747587538642446,0.11809485001711431,2.4909530610887534,0.000999999995283814,0.0010000000034915669,0.0009999999962467866,0.0009999999930646003,0.0009999999886459807,0.0009999999890993648,3.0003072785076673e-6,3.0003072963965195e-6,0.7397657266070858,0.49614152372123466,0.3549413405099999,0.0196179418664201,0.00021641483329255015,0.0001641423016348774,0.0050050986842823586,0.0035829999999998953,0.003582999999999907,0.003582999999999922,0.0010258299999996731,0.0010258299999996437,0.0010258299999996619,1.7231084790367566,9.670430253978852,1.8090108206308748,0.008773836283624223,-0.15673997586416882,-0.013410736308063994,-16.058438177108766,-21.9371258354187,-12.366187963485718,978.0534912109375,0.20512600047077711,29.866879481892397
2025-03-01T17:29:45Z,40.15902444220402,-75.87907819302289,132.59692858353077,-1.0581752205918826,23.902785284245187,-1.3593425604466214,1.4706626229564843,0.09774678083835861,2.332951721908226,0.0009999999951430354,0.0010000000038516753,0.0009999999964687408,0.0009999999930170058,0.0009999999887764053,0.000999999989364856,4.0003073011011685e-6,4.000307369122427e-6,0.7608278220741908,0.9105177023253752,0.6381167555144686,0.02588756820739124,0.00023338759004521467,0.00016622535837181607,0.005026155501493873,0.0035839999999998963,0.0035839999999999076,0.0035839999999999228,0.0010258399999996722,0.0010258399999996436,0.0010258399999996614,1.9443255854227763,9.819967869676944,1.4346935868291004,0.012977287332430108,-0.1601202607417499,0.004933399655168725,-16.497563161849975,-22.100813217163086,-8.478562850952148,978.0510864257812,0.32980158838384527,28.853052265261333
2025-03-01T17:29:46Z,40.1591395000474,-75.87878301377694,131.14485681796654,-3.068696187945279,26.31863164157813,-1.5060058043469453,1.466897465487137,0.08787610582379095,2.1808010471235426,0.0009999999953563903,0.0010000000038852858,0.0009999999966937964,0.000999999993168387,0.0009999999889912486,0.0009999999889345119,5.000307313208188e-6,5.000307524144412e-6,0.7954005436269797,1.4634297680588988,1.016824256641468,0.034793275439944066,0.0002474976749957269,0.000171090535490702,0.005042004718689528,0.0035849999999998956,0.003584999999999909,0.0035849999999999225,0.0010258499999996726,0.001025849999999644,0.0010258499999996618,2.235292170986423,9.85786797904583,0.9877143185863194,0.010392628225146729,-0.1529933380695203,-0.005601848046913689,-17.920688343048095,-22.6533758354187,-4.008937671780586,978.0848657226562,0.37288604328080965,29.161534924186707
2025-03-01T17:29:47Z,40.15923566969967,-75.8784630905585,129.83283848472902,-5.0781589069993815,28.189103720610195,-1.61455384297291,1.4673911530645474,0.09596893350400598,2.07172716605353,0.0009999999953893735,0.001000000003630896,0.0009999999969337867,0.0009999999932809819,0.0009999999892051144,0.0009999999887190555,6.0003072482059594e-6,6.000307809631639e-6,0.8513517682043071,2.0579824371566118,1.4904238795538796,0.043979019975792046,0.000258990780172475,0.0001778122104540795,0.0050443972649739195,0.003585999999999894,0.003585999999999908,0.0035859999999999243,0.0010258599999996717,0.001025859999999643,0.0010258599999996608,1.8021291571934959,9.887202354552338,0.2945724369828658,0.010373601420781878,-0.10708518078631529,-0.02020218339808574,-18.115875759124755,-22.07906332015991,-1.976812583655119,978.0737084960938,0.27080892829348036,28.628217973927054
2025-03-01T17:29:48Z,40.159281874925064,-75.87812731585706,128.75093033971865,-6.883236101310075,29.36475425405843,-1.8357581416537594,1.4638260793249482,0.09379031959933275,2.0057104494067617,0.0009999999957664345,0.0010000000038135751,0.0009999999969464819,0.0009999999933119382,0.0009999999892889866,0.000999999989032333,7.0003069746796955e-6,7.000308282763886e-6,0.928692496432719,2.6266024478172727,2.0344121035418774,0.05129675031473716,0.0002683936027223378,0.0001836305743440891,0.005053247382282872,0.0035869999999998932,0.0035869999999999067,0.0035869999999999253,0.001025869999999671,0.0010258699999996423,0.0010258699999996603,1.1433275467538746,9.696591749823437,-0.13639387785600593,0.0016979858666172458,-0.06393943488162543,-0.007739874615228896,-17.25731321334839,-22.23825080871582,-1.1863125464692712,977.9950146484375,-0.019031981734675973,28.173731149246983
2025-03-01T17:29:49Z,40.1592472999792,-75.87778412473502,128.0215895468687,-8.348899770737788,30.170300862525593,-1.8423692488025014,1.464812350592884,0.08896708314171672,1.9551876476405718,0.0009999999955412698,0.0010000000040681963,0.000999999997229109,0.0009999999932415902,0.000999999989250133,0.0009999999893210427,8.000306306503377e-6,8.000309007731183e-6,1.0193676268318175,3.216356610098533,2.6416818970358795,0.056714243098763426,0.0002765436935597247,0.00018745784562514828,0.005061341212251297,0.0035879999999998925,0.003587999999999906,0.0035879999999999263,0.0010258799999996713,0.0010258799999996427,0.0010258799999996607,0.8448229300996405,9.796691535945893,-0.202116744771185,0.002919715664130248,-0.04708974789051878,-0.006446877820159831,-17.523188276290895,-21.877125682830812,2.222625093981624,977.8853442382813,0.051278445287549795,28.117751591430768
2025-03-01T17:29:50Z,40.15910117320069,-75.87744348309856,127.92182293800998,-9.192931992028678,29.894428357567303,-1.5979203547525236,1.4693728173323026,0.06319530480213184,1.9471094372329962,0.00099999999555068,0.0010000000038012464,0.0009999999974111818,0.0009999999932379857,0.0009999999891894557,0.0009999999890096818,9.000305040849507e-6,9.0003100522197e-6,1.1083224707751407,3.655361798980664,3.2665150050570375,0.056750341665513404,0.00028359693213304393,0.00018847879783622916,0.00508161705953561,0.0035889999999998918,0.0035889999999999056,0.0035889999999999256,0.001025889999999671,0.0010258899999996427,0.0010258899999996602,-0.010492842750898044,9.87060951582705,-0.3187354711645101,0.0002492686453621016,-0.004920549245061173,0.015918951732510372,-15.100313091278077,-19.10437578201294,7.314937798976898,977.7237255859375,0.09194145382955528,25.42641058594325
2025-03-01T17:29:51Z,40.15887352241094,-75.8771093549899,128.27924897501674,-8.966575840877047,29.57226269667907,-1.3678127033491365,1.4695662981656232,0.05786080434838555,1.945077391589013,0.0009999999956001619,0.0010000000037621883,0.0009999999972822864,0.000999999993023032,0.0009999999895485123,0.0009999999885847166,0.00001000030295876992,0.000010000311469729703,1.1786805927517015,4.11343744657995,3.7636269997049108,0.05235050826953724,0.0002908523810539435,0.00018811891353976971,0.0050841877812040455,0.0035899999999998928,0.003589999999999906,0.003589999999999926,0.0010258999999996714,0.0010258999999996428,0.0010258999999996608,-0.1369123165364277,9.726422285076156,0.4438257290163199,-0.005876736304169538,0.004579230211775498,-0.0047873615866519835,-8.30118780851364,-22.140750844478607,-4.7146876692771915,977.64896484375,-0.046273278277798244,24.11116736195861
2025-03-01T17:29:52Z,40.158557452447724,-75.87678194445786,129.10935480040175,-8.303083897864806,29.042200513025705,-1.0475224056291144,1.4786486911813699,0.048258646230082594,1.943878190883843,0.0009999999955350885,0.0010000000037531087,0.000999999997636055,0.0009999999931338426,0.0009999999894806883,0.0009999999883324121,0.000011000299835420049,0.000011000313303409795,1.2219742454382647,4.5513567111622,4.2528585430997055,0.0465563025311929,0.0002974245751295821,0.00018754450538869562,0.005088744209345673,0.003590999999999892,0.003590999999999905,0.003590999999999926,0.001025909999999671,0.0010259099999996423,0.00102590999999966,-0.2849221318254189,9.776622535576733,0.5580182899173473,0.0019616927183306308,0.006075015878160616,-0.0010250356684441784,-24.949688529968263,-36.23493923187256,-13.383750505447388,977.5133129882812,0.012965467436720621,45.98453950913244
2025-03-01T17:29:53Z,40.15828753027463,-75.87645551671987,129.74754487836282,-7.8450382666880465,28.550762796957144,-0.8135286585680036,1.4876805618120768,0.04889467222624282,1.9454526653163955,0.0009999999958832354,0.0010000000040110047,0.0009999999976227102,0.0009999999931589558,0.0009999999894761287,0.0009999999885807241,0.000012000295389587424,0.000012000315613843344,1.2393588670736457,4.970356842355737,4.784746493228181,0.04110529150674619,0.00030397264304010246,0.00018753693208087006,0.005087471112565243,0.003591999999999894,0.0035919999999999056,0.0035919999999999273,0.0010259199999996702,0.0010259199999996416,0.0010259199999996596,-0.33208691392640816,9.790111191110038,0.40721554735539317,0.003286235208882701,0.008000075681099375,-0.008106393009087706,-22.003500952720643,-43.13400175094605,0.2861250090599061,977.6363549804687,0.02054947644524619,48.42285718408039
2025-03-01T17:29:54Z,40.158073867034176,-75.87612939258491,130.11936278216012,-8.071652244603932,28.070401892206597,-0.7261555962294748,1.5033680468830644,0.041381304436377934,1.9477956916520633,0.0009999999956703848,0.00100000000443286,0.0009999999975679739,0.0009999999929904213,0.0009999999895500544,0.0009999999888547076,0.000013000289282643187,0.000013000318489370238,1.2386349418750768,5.358170311697108,5.479790137158715,0.037940132227985826,0.0003099080174408312,0.0001886348023096019,0.0050937012479971185,0.0035929999999998927,0.003592999999999906,0.003592999999999926,0.0010259299999996708,0.0010259299999996422,0.00102592999999966,-0.23904597317527948,9.76466755771236,-0.2190260226261933,0.0113191067706907,0.0065034554512704915,0.0024819290563569954,-18.06525077819824,-21.10668827056885,4.4581876826286315,977.757041015625,-0.013547113499438162,28.137486519313182
2025-03-01T17:29:55Z,40.15782220595207,-75.87580422915951,130.59337479709538,-8.34267390396001,27.694724441364396,-0.5246987402828491,1.5117621304048603,0.03432578907954878,1.9484778593748409,0.0009999999957363056,0.0010000000043490975,0.0009999999975400912,0.0009999999927460892,0.0009999999893162159,0.000999999988668541,0.000014000281110798366,0.000014000322039222439,1.2283225298527223,5.769366716049724,6.264812887646776,0.035883752993054234,0.0003153396464577932,0.00019107735756253755,0.005099286043436709,0.0035939999999998916,0.0035939999999999054,0.003593999999999925,0.0010259399999996708,0.0010259399999996421,0.00102593999999966,-0.09024051239409313,9.895322195642759,-0.3792621090291328,0.004054655926036646,0.005033541410389687,0.002449883983455188,-14.91300060749054,-20.48418833732605,2.508937608450651,977.7141625976562,0.11944758702283784,25.461573677929746
2025-03-01T17:29:56Z,40.1575022674267,-75.87547661888534,131.23022219122683,-8.230383701412565,27.511552234375465,-0.47505624603004026,1.5105316015318926,0.025084854257470875,1.9438393733269508,0.0009999999956331578,0.001000000004449014,0.0009999999973987544,0.000999999992830276,0.000999999989479973,0.000999999988636675,0.00001500027037099366,0.00001500032634898135,1.2125164638923602,6.208155489166692,7.025597268056891,0.03347234567939605,0.0003197949733470382,0.00019517243242344272,0.005105789660662396,0.00359499999999989,0.003594999999999903,0.0035949999999999238,0.0010259499999996716,0.001025949999999641,0.001025949999999659,0.02667698057422238,9.724228786464156,-0.09830811383484431,-0.005815650392287574,0.00013010007093812274,0.004579231929422413,-17.284313249588013,-24.762563457489012,0.1873125085234642,977.6189990234375,-0.05876660154167573,30.19874243047291
2025-03-01T17:29:57Z,40.156982976554225,-75.87513998500629,132.305538319276,-7.471587849698554,27.531647624028313,-0.31045210442780685,1.51547072354644,0.02209019090537607,1.928432952331056,0.00099999999554579,0.0010000000041900951,0.0009999999973139477,0.0009999999926626124,0.0009999999893715093,0.0009999999889909073,0.00001600025638654856,0.00001600033148120336,1.1923606154396116,6.705080760916735,7.760397081722346,0.03055519496776839,0.0003229692276113115,0.0002013471026308684,0.0051066952235817,0.003595999999999891,0.0035959999999999044,0.0035959999999999248,0.001025959999999671,0.0010259599999996416,0.0010259599999996594,0.15319976596515963,9.781015894275656,0.2496579795542429,-0.0011226735094118706,-0.008305342033214688,-0.00300784249291484,-16.937625637054442,-24.386813440322875,1.6404375536367297,977.353095703125,0.0018714596385647308,29.736977642532793
2025-03-01T17:29:58Z,40.15642031877068,-75.87479352496808,133.4589588875431,-6.354054264311103,27.839926894387663,-0.11851384030157924,1.5255303928334005,0.020441645651145413,1.903716100409956,0.0009999999953447362,0.001000000004378508,0.000999999997486154,0.0009999999928443943,0.0009999999890971305,0.0009999999894719344,0.000017000238199944388,0.000017000337485745902,1.1677416787856207,7.274704934254649,8.436443271225757,0.027041196636898406,0.0003246759404994637,0.00020974933790108828,0.005107270853436183,0.0035969999999998898,0.0035969999999999032,0.0035969999999999266,0.0010259699999996706,0.001025969999999641,0.0010259699999996589,0.25224039546597377,9.810888901388429,0.6006752565927346,0.004375609870498797,-0.01789041128318469,-0.00392196994477797,-14.28843807220459,-23.74368851661682,1.6563750993832946,977.2450317382812,0.04893186719114494,27.760816965410008
2025-03-01T17:29:59Z,40.155970538615,-75.8744436184964,134.35161802129497,-5.975649570479511,28.008596372812313,-0.06746869928513922,1.5333796168696643,0.020130244485206665,1.888331716746527,0.0009999999955988318,0.0010000000045969017,0.0009999999972039836,0.0009999999930508515,0.0009999999892430621,0.0009999999893619655,0.000018000214650924348,0.00001800034445242607,1.1410101387028229,7.801669134024345,9.291121780184888,0.02530482536321457,0.00032715405320096443,0.00021814010842011048,0.005108221315297929,0.0035979999999998895,0.0035979999999999034,0.0035979999999999285,0.0010259799999996714,0.00102597999999964,0.0010259799999996597,0.20913689922161083,9.747594784341405,0.004413271069414483,0.00358398948115242,-0.010428347261086358,-0.003188097598709496,-15.244313116073608,-23.134876041412355,2.7223126316443085,977.2849877929688,-0.03374460507519678,27.839176049846767
2025-03-01T17:30:00Z,40.15534012096408,-75.87408089653486,135.41820806947598,-5.058557419665833,28.051762586830282,-0.06738632933696234,1.5333632057125133,0.018859935395866334,1.8790233496017674,0.0009999999955115047,0.0010000000041133971,0.0009999999974608068,0.0009999999931485147,0.000999999989165684,0.0009999999895684184,0.000019000184247661274,0.000019000352476179616,1.1136116553465454,8.306597656394507,10.08053484968738,0.022939646399989452,0.0003306453300445895,0.0002262181999219781,0.005109953383638092,0.0035989999999998905,0.003598999999999904,0.0035989999999999278,0.0010259899999996718,0.0010259899999996395,0.00102598999999966,-0.0370119827668564,9.667120114003989,0.2622503674859202,-0.005153880542762023,-0.0036368994541425754,-0.00214028107591672,-14.667563076019286,-24.452063426971435,2.708625105805695,977.0846020507812,-0.11283984319076953,28.64218123472931
2025-03-01T17:30:01Z,40.15465646917663,-75.87371197744585,136.42579404744055,-4.342451969836035,27.964817560779867,-0.026670643627510607,1.5442055470200247,0.01910119988315771,1.8773111933055775,0.000999999995609593,0.0010000000038762828,0.0009999999972627154,0.000999999993201697,0.0009999999893230914,0.000999999990025045,0.00002000014511355418,0.000020000361635257037,1.085589600926603,8.794323795145335,10.977131923874394,0.021367711286113873,0.00033544092580829526,0.00023368088893779571,0.005111304435114963,0.0035999999999998915,0.003599999999999905,0.003599999999999927,0.0010259999999996726,0.0010259999999996405,0.0010259999999996591,-0.14157832972939485,9.727339449560503,0.0063778733597693715,0.0059027719602672245,0.003601847944206797,-0.0029649485274055197,-14.520375537872315,-24.73950101852417,2.595750092677772,976.98708984375,-0.05520402445151007,28.80311097924139
2025-03-01T17:30:02Z,40.15370394115944,-75.87332588565286,137.66935778904843,-3.191102846387619,27.811911982466043,0.06279071817531057,1.5468802298707216,0.013236371449334738,1.8769726033054905,0.0009999999959749183,0.0010000000041907916,0.0009999999969531267,0.000999999993114072,0.0009999999893724313,0.0009999999902830874,0.000021000094920744356,0.000021000372015322047,1.0576702541136949,9.282357287404274,11.856078726107581,0.01962908059494734,0.0003407856777243982,0.0002411375512249456,0.0051165646330568245,0.0036009999999998938,0.0036009999999999038,0.003600999999999929,0.0010260099999996725,0.0010260099999996404,0.0010260099999996582,-0.2817840063482834,9.7543417799864,0.1301737537739659,-0.003105480610449833,0.005714505509111815,0.00294057847992047,-14.520750589370728,-25.444501056671143,1.8988125810027123,976.7489624023438,-0.024276900539372252,29.357747386515133
2025-03-01T17:30:03Z,40.15317583217924,-75.87296234130274,138.32129944275295,-2.4007560487190096,27.653368923137844,-0.0353744282200409,1.5460986252769617,0.010041341856934873,1.8798941935406834,0.000999999995763896,0.0010000000043504228,0.0009999999970100165,0.0009999999930838572,0.0009999999896004805,0.0009999999903594111,0.000022000030559924748,0.000022000383664897716,1.0289915336090174,9.782484134439699,12.700764819284995,0.017819117609581533,0.0003465363259952904,0.00024885445583155,0.0051214150273249555,0.0036019999999998956,0.003601999999999902,0.003601999999999929,0.0010260199999996716,0.0010260199999996395,0.0010260199999996575,-0.3241905770603053,9.629273660019816,0.30958837871061473,-0.003820158935988287,0.006075850512730354,0.0019016077280938292,-15.027188053131104,-25.86056364059448,1.9563750717043877,976.9325122070312,-0.1438343496234711,29.973479678381516
2025-03-01T17:30:04Z,40.1529139056402,-75.87261332097316,138.63392730697032,-2.1391163164833054,27.798026258803656,0.010465084952492078,1.553842277483171,0.012125267003618257,1.8732169165269963,0.0009999999958373194,0.001000000004181467,0.0009999999968243636,0.0009999999930125727,0.0009999999893738076,0.0009999999902384792,0.000022999948335697105,0.000023000396675639554,1.0008805172171746,10.414369778960742,13.685893282289989,0.016706301927641574,0.00035088283514043793,0.0002586580669900418,0.005123945786316446,0.003602999999999897,0.0036029999999999036,0.0036029999999999305,0.001026029999999671,0.0010260299999996388,0.0010260299999996568,0.035206155454731644,9.814711490439146,0.16743902516920547,0.006287816928180437,-0.005010677695577407,-0.002827587182134452,-14.276813068389892,-25.25812604904175,1.9903125812485813,977.0391577148438,0.03264916283464685,29.081930917258
2025-03-01T17:30:05Z,40.15254418148609,-75.87225628103081,138.97331507011924,-1.48027991431003,27.79268749017913,-0.057222209143386736,1.5497687263958109,0.008512687116906859,1.8729719826502171,0.0009999999963187412,0.0010000000042668694,0.0009999999966413336,0.0009999999927710623,0.000999999989373758,0.0009999999899028007,0.000023999843692318867,0.00002400041113600698,0.973560233144637,11.033400116153778,14.595589357056326,0.015310843320887245,0.0003566953147567912,0.0002676207549954182,0.005130257620770885,0.0036039999999998955,0.0036039999999999024,0.0036039999999999293,0.001026039999999671,0.0010260399999996385,0.0010260399999996563,-0.21731116642355644,9.690769170756928,0.4357300124637874,-0.00574438301927624,0.0014841834271534249,0.0030011643413280584,-14.478938121795654,-24.764438552856447,2.891062609478831,976.9752685546875,-0.08055864824022574,28.831794485868507
2025-03-01T17:30:06Z,40.15228025752941,-75.87190508146352,139.10379602182607,-1.14267513542511,27.892133822951205,-0.17785891732876752,1.5471471534733514,0.00791423984487234,1.8676239729406539,0.0009999999962198587,0.001000000004409279,0.0009999999964279166,0.0009999999929418723,0.0009999999897220377,0.000999999989745671,0.000024999710981883423,0.000025000427135048994,0.9470643835426908,11.72795452577783,15.624996719603557,0.014471434031287046,0.0003620758200715611,0.00027773060596029714,0.0051354464605463685,0.0036049999999998947,0.0036049999999999013,0.0036049999999999286,0.0010260499999996705,0.0010260499999996371,0.0010260499999996554,-0.03039183724055123,9.653680442805792,0.30950862061040446,-0.003687805572639597,-0.004166315730337661,0.0001301000257256681,-13.221375541687012,-24.27093843460083,2.9583751344680786,977.0138940429688,-0.12487584800341173,27.796265520515234
2025-03-01T17:30:07Z,40.151505663529,-75.8715209901421,139.43613840448927,-0.5333284787806047,28.072906896780523,-0.16719781023877558,1.5437494240649212,0.006497815587145328,1.861313581239982,0.0009999999962415193,0.001000000004422155,0.0009999999965907978,0.000999999993055111,0.0009999999893154604,0.0009999999900589082,0.00002599954396548901,0.000026000444816672,0.9226770862400493,12.500204127290914,16.727957367280062,0.01382622019207987,0.0003679986994223958,0.00028794677884469384,0.005141410570227861,0.0036059999999998966,0.003605999999999903,0.00360599999999993,0.00102605999999967,0.0010260599999996367,0.0010260599999996547,0.020182363703962845,9.760931857120294,0.35517753488491005,-0.005498868578185457,-0.003929146659920222,0.0005872472514969434,-12.380813035964966,-23.031000900268555,3.2160001485049725,976.8326220703125,-0.016173442211651026,26.344857342660898
2025-03-01T17:30:08Z,40.150564974531434,-75.87112593076432,139.77639202497045,0.020029224254105027,28.241306105655465,-0.2040890907302735,1.542842285988694,0.012384875735035827,1.8586617540013106,0.0009999999958567036,0.0010000000042231674,0.000999999996635245,0.0009999999931537627,0.0009999999891600428,0.0009999999902735998,0.000026999335718409456,0.0000270004643252265,0.9007447592206297,13.323303725784983,17.911450217414284,0.013395662815839381,0.00037510468017537654,0.00029761764159663354,0.005143821878914476,0.0036069999999998967,0.0036069999999999037,0.0036069999999999306,0.0010260699999996696,0.0010260699999996364,0.0010260699999996544,0.0011934206324650885,9.713540863032687,0.3023700252451567,-0.0030056728718348895,-0.0000633406220260709,-0.006589412757887041,-13.947938060760498,-22.378125972747803,3.0247501149773597,976.77333984375,-0.06536031997726659,26.54188970240323
2025-03-01T17:30:09Z,40.14930552056569,-75.87071279571808,140.17099153842602,0.9480522472687977,28.277198667513368,-0.21186773403934073,1.5490628078797506,0.007196683940804453,1.8549433269212419,0.0009999999954869198,0.001000000004081757,0.000999999996709078,0.000999999993350892,0.0009999999894871408,0.0009999999904430738,0.00002799907775974522,0.000028000485769053457,0.8805335395615848,14.174621595186402,19.05060801071712,0.012867968855849031,0.0003824826909429181,0.00030750338369528224,0.005152875071577596,0.0036079999999998977,0.0036079999999999047,0.0036079999999999316,0.0010260799999996704,0.0010260799999996352,0.0010260799999996534,-0.2285927370739127,9.728922888704673,0.5371889618722567,0.003994570561202462,-0.0011852616147123175,0.0044226765414770546,-14.245688085556031,-23.34168842315674,2.6784376011416318,976.6758544921875,-0.03718752698692034,27.476267539041114
2025-03-01T17:30:10Z,40.147224731402865,-75.87025477099631,140.7823077999704,1.7570688582063885,28.29434942967853,-0.26584479552590723,1.5488658389156833,0.009423430118303973,1.8566138190177641,0.0009999999954002155,0.001000000003842387,0.0009999999963483492,0.0009999999937147193,0.0009999999897050194,0.0009999999902157363,0.000028998760751043604,0.000029000509282501323,0.8623058106818541,15.07275514498809,20.366249257831292,0.012668823422168927,0.0003914979341186545,0.00031632234002417257,0.005158146505258768,0.0036089999999998987,0.003608999999999902,0.0036089999999999326,0.0010260899999996699,0.0010260899999996358,0.0010260899999996538,-0.1714088520834416,9.6715069999654,0.16737495245213335,-0.0031380268155152286,0.005322450325956808,-0.0030667597512256594,-16.981313228607178,-24.012000942230223,3.8362501556426287,976.4513452148437,-0.10913954748564093,29.658978130155656
2025-03-01T17:30:11Z,40.1447985624237,-75.86977856560178,141.4568206988783,2.48563245435013,28.428243290989617,-0.14289210783926432,1.5555665261236256,0.00803510566237606,1.8521606015806613,0.00099999999514906,0.0010000000037469587,0.0009999999961266372,0.000999999993793739,0.0009999999896458613,0.000999999989979923,0.000029998376163611547,0.000030000535057063225,0.8470863513930151,16.092557413557103,21.800782168604034,0.012559524119343026,0.0003997188536698642,0.00032630009773420416,0.005165803117049395,0.0036099999999999,0.0036099999999999006,0.0036099999999999336,0.0010260999999996692,0.001026099999999636,0.0010260999999996538,-0.05519743198751876,9.848456199006371,0.09582955754665123,0.003934485099594039,-0.0009048651138915433,0.0005071334899914984,-14.000250492095947,-22.106813507080076,3.231937627270818,976.3448046875,0.06544704509694091,26.36590513737116
2025-03-01T17:30:12Z,40.14236789313325,-75.86930289525687,142.00271307291436,3.4066228146729527,28.59647971146868,-0.35162866828068384,1.5563021436226718,0.016626370560421565,1.8507068159534996,0.0009999999950843473,0.001000000004033068,0.0009999999965245561,0.000999999993917617,0.0009999999896662599,0.0009999999900474387,0.000030997914195057215,0.00003100056321261564,0.8339832389932577,17.160150155798913,23.141872017280726,0.012365471648982213,0.0004087801187344471,0.0003358743006058005,0.005168548119676381,0.003610999999999899,0.003610999999999899,0.003610999999999933,0.0010261099999996682,0.0010261099999996361,0.001026109999999654,-0.13134998979239726,9.519335213078987,0.3632189909483214,-0.001580321627399948,0.0017387109727452857,-0.009236493727280925,-14.736750631332397,-24.76856346130371,1.5793125532194972,976.32359375,-0.2564836039200939,28.864248553678888
2025-03-01T17:30:13Z,40.13931547449835,-75.86879835242691,142.62915681836637,4.975334225838731,29.118079287716544,-0.17249322356562402,1.548890998394337,0.011206065944891137,1.8329026416846996,0.0009999999951601295,0.0010000000042042466,0.000999999996670374,0.0009999999937116916,0.0009999999896495968,0.0009999999900160317,0.000031997359273651945,0.000032000593864311614,0.8212117006046615,18.474891597930057,24.376909797345192,0.012475639665086517,0.00041515361207947475,0.00034843168828002706,0.005179262590658363,0.003611999999999899,0.0036119999999998987,0.003611999999999932,0.0010261199999996686,0.0010261199999996363,0.001026119999999654,0.03461317593661274,9.888177099859655,1.1205957322813556,-0.00933830431484998,-0.01476481957592774,0.0044570587485398385,-13.075875463485717,-20.16806330680847,0.9525000301003456,976.1831127929687,0.16781515189752122,24.054814570943154
2025-03-01T17:30:14Z,40.13536278397532,-75.86826058063038,143.41540280559587,5.760441776440693,29.10793993268738,-0.3127734844451124,1.5550519760395474,0.015289820392854356,1.8334551911626302,0.000999999995320447,0.0010000000044865691,0.000999999996688939,0.000999999993577152,0.0009999999893922375,0.000999999990001049,0.000032996695134797455,0.00003300062729481035,0.8099755270371338,19.69561849785594,25.90948179767118,0.012467835865396902,0.00042541105934933745,0.0003576319938030842,0.005185323668048948,0.0036129999999998975,0.0036129999999998975,0.0036129999999999314,0.0010261299999996683,0.001026129999999636,0.001026129999999654,-0.21619713747579233,9.569192243227898,0.2511878171203457,0.004325038291954743,0.0038118120913849247,-0.004830422744186489,-14.313000602722168,-22.09181339263916,2.8134376139938833,975.9939916992188,-0.20878704245409732,26.4730606732293
2025-03-01T17:30:15Z,40.128674061495616,-75.8676199192302,144.70468198677708,7.352603845245349,29.09164728337941,-0.2220894849919932,1.5453562187875525,0.017330107053855286,1.8307424026070038,0.0009999999952984959,0.0010000000047499908,0.0009999999966367932,0.0009999999939807702,0.0009999999894099068,0.0009999999898113612,0.000033995904622550346,0.00003400066373038486,0.8010067896137558,21.061184142725768,27.291621120271245,0.01311329786534549,0.0004355208503048132,0.0003672728720691584,0.005192687669794652,0.0036139999999998985,0.0036139999999998985,0.0036139999999999324,0.0010261399999996674,0.0010261399999996353,0.0010261399999996548,-0.3589662670024131,9.737269774114573,0.9621111182305544,-0.011231984749532785,0.0014129157060664174,-0.0032500184439250247,-14.496375608444215,-22.228125858306885,3.25650012884289,975.4990405273437,0.007550157988182564,26.736427517461387
2025-03-01T17:30:16Z,40.12329917352793,-75.86706115318232,145.6209333719256,8.12172804381868,28.959864680945458,-0.24347070841980306,1.5420266016898363,0.01381313659801753,1.8295034444056724,0.000999999995086591,0.0010000000048127262,0.0009999999968055666,0.0009999999941718684,0.0009999999895276392,0.0009999999896682875,0.000034994968342216475,0.00003500070337703375,0.7947089105560219,22.504903859201114,28.868578833019576,0.013590776983772486,0.0004456325620399707,0.0003769656293253438,0.005203503313065799,0.003614999999999898,0.0036149999999998982,0.0036149999999999316,0.0010261499999996665,0.0010261499999996344,0.0010261499999996556,-0.2708397820798964,9.66408135247928,0.6460427766216382,-0.0034259342049500533,0.0010378848078803056,0.0026902239831277175,-15.42093810081482,-22.489688301086424,2.6343751126155257,975.6443334960937,-0.09426725443383203,27.395776233158145
2025-03-01T17:30:17Z,40.11861805873232,-75.86655230977979,146.25707596838515,8.747706595108884,28.86102150988738,-0.3356955683004738,1.5338632619979933,0.011458020128799314,1.8249742173990298,0.0009999999952720801,0.0010000000048504326,0.0009999999970218116,0.0009999999940759443,0.0009999999896208602,0.0009999999892261813,0.00003599386959790246,0.0000360007465335287,0.7918786876951845,24.05928147456057,30.454103212688032,0.014457712116669439,0.000454854513304136,0.00038745671819976105,0.005214144765470293,0.003615999999999896,0.003615999999999896,0.00361599999999993,0.0010261599999996673,0.0010261599999996352,0.0010261599999996564,-0.17842779924974245,9.603072244957243,0.861014355106214,-0.007281726330288231,-0.003250018550165666,0.0016063562008492584,-14.765813102722168,-23.399438457489012,2.040562571659684,975.7106396484374,-0.14044920231365285,27.743900742663858
2025-03-01T17:30:18Z,40.113436852696395,-75.86605380687281,146.81058442107118,9.309185592416497,28.545732639067968,-0.4553053055419448,1.5286964037922037,0.010574324926819423,1.8234562173116178,0.000999999995217596,0.0010000000043921048,0.0009999999972300758,0.0009999999938306043,0.0009999999898165756,0.000999999989621991,0.0000369925913192986,0.00003700079341658074,0.7931228154807088,25.646640082374947,32.03249850287708,0.015841993524255263,0.000464093272206188,0.0003975108535766612,0.005224233948251527,0.003616999999999897,0.003616999999999897,0.003616999999999931,0.0010261699999996685,0.001026169999999636,0.0010261699999996566,-0.31106993264030364,9.557289583519218,1.0791999063571274,-0.0032500192842499897,-0.0007861969971576015,0.00023191038399388974,-13.999875593185426,-22.66443826675415,1.5980625584721566,975.6312255859375,-0.16060152502377809,26.68753203807735
2025-03-01T17:30:19Z,40.109399266491586,-75.86561224441074,146.97236984930737,9.144402323286615,28.326271563029554,-0.6256963778559661,1.5241054948419466,0.014090919112711629,1.8195666375686976,0.000999999995200735,0.0010000000040292054,0.0009999999969502677,0.0009999999939140601,0.00099999998969705,0.0009999999896383523,0.000037991124895631485,0.00003800084434791604,0.7983654883833943,27.309915917955692,33.8753901641289,0.016030243811827327,0.0004720508455801127,0.00040812533910977554,0.005232261393909117,0.0036179999999998956,0.0036179999999998965,0.0036179999999999294,0.0010261799999996687,0.0010261799999996364,0.0010261799999996572,-0.08255210246998816,9.547696111455808,0.5954404694977449,-0.002374446005940854,-0.003628721228873291,-0.004099387622896516,-13.43812557220459,-21.91331328392029,1.8742500841990113,975.7748168945312,-0.21702999365308923,25.77376007174412
2025-03-01T17:30:20Z,40.10618832852886,-75.8652081177091,146.80793922255071,8.889742692100436,28.014872887670112,-0.7776728351902132,1.519358161732499,0.019347378893908862,1.819885456842016,0.0009999999951984947,0.0010000000038504146,0.000999999997186173,0.0009999999935260823,0.0009999999899892623,0.000999999989443554,0.000038989473352043565,0.00003900089966623081,0.8057755049202617,28.97206203899551,35.800972461029225,0.01599885350379338,0.00047983757417101677,0.0004180323837864199,0.005239467894034157,0.0036189999999998966,0.0036189999999998966,0.0036189999999999304,0.0010261899999996678,0.0010261899999996359,0.0010261899999996571,-0.22429023747690657,9.578466025030556,0.5887908995268941,-0.002608610566207461,0.0003540836988445658,-0.005530580719505376,-14.213438081741334,-22.930876007080077,1.8313125781342388,975.9034497070312,-0.18442726036746368,27.04067030147283
2025-03-01T17:30:21Z,40.10075037133538,-75.86477882011418,146.81099740698286,8.314121098093889,27.505689379375056,-0.9297511863086354,1.5080600811151013,0.020048874844211487,1.8225851030552607,0.0009999999951215283,0.001000000003781853,0.0009999999976111928,0.0009999999935710548,0.0009999999897031618,0.0009999999895105383,0.00003998764355113902,0.00004000095957264594,0.8143058466054413,30.650609380047005,37.744924706342836,0.01621359434831195,0.000486917269330627,0.00042760720864085507,0.005248850376801496,0.003619999999999896,0.003619999999999896,0.0036199999999999297,0.0010261999999996688,0.0010261999999996363,0.001026199999999658,-0.24867675531212044,9.534084419559317,0.7753728838991726,-0.007281392327686838,0.00202928848979423,-0.0010050073025194039,-13.800000581741333,-23.16806344985962,1.355437555424869,975.7062231445312,-0.2147374501860712,27.000623017089854
2025-03-01T17:30:22Z,40.09496310314385,-75.86436627873675,146.72434722528612,7.483976347733785,26.908363322065995,-1.0071086343870506,1.5004580903437963,0.02265664882341493,1.8195133970317983,0.0009999999953920855,0.0010000000039423332,0.000999999997687661,0.0009999999937854167,0.0009999999900060423,0.0009999999893360405,0.000040985645667232294,0.00004100102427823047,0.8233571282152046,32.33305671961798,39.789516639580135,0.01625644972885168,0.0004919449921133193,0.00043830109959087406,0.005257236861619325,0.003620999999999895,0.0036209999999998956,0.0036209999999999294,0.0010262099999996694,0.0010262099999996353,0.0010262099999996587,-0.2739014235189449,9.600161019003584,0.8228089510573989,-0.002802050998835173,-0.003942332178534808,-0.0032398375956376115,-14.17125057220459,-22.829250802993773,1.774312593638897,975.7075756835937,-0.14420805420040683,26.928506827568288
2025-03-01T17:30:23Z,40.08626220833882,-75.8639350785376,146.99831888543227,5.762259537243091,25.90994475167437,-1.0059487878509694,1.4877449639907119,0.02336780711938941,1.8253424532679015,0.0009999999954972089,0.0010000000039324015,0.0009999999979857237,0.0009999999941639227,0.0009999999897936293,0.0009999999895934555,0.00004198349396597505,0.00004200109405778201,0.831324002827569,33.98309076553487,41.99060100181419,0.01573414737533784,0.0004975898844595993,0.0004475424223535975,0.005266407843293456,0.0036219999999998953,0.0036219999999998953,0.003621999999999929,0.0010262199999996684,0.0010262199999996366,0.0010262199999996578,-0.3342803142831837,9.645624668435286,0.701133926441101,-0.00540874108690395,0.004022109511424207,-0.0008047235720741802,-13.17468807220459,-23.211375923156737,1.397625069208443,975.4375854492188,-0.1064855018352891,26.726223348742792
2025-03-01T17:30:24Z,40.07929760631541,-75.86354482768145,146.94930330586234,4.035236083839382,25.299926908944354,-1.1025607601934095,1.4764215958766658,0.026977610513218057,1.8230461902476944,0.0009999999953194123,0.0010000000040465509,0.000999999998020161,0.0009999999942281676,0.0009999999895608938,0.0009999999900139275,0.000042981204339475686,0.00004300116923964917,0.8361720813505937,35.69178173527064,44.35581494982385,0.014795582108260118,0.0005014580076602039,0.0004582096108516131,0.005274247120741165,0.003622999999999894,0.003622999999999894,0.003622999999999928,0.001026229999999669,0.001026229999999637,0.0010262299999996582,-0.0860824932942606,9.591159130530256,0.6238405213014624,-0.005225147820140127,-0.0035656322764110043,-0.004135772623037338,-13.545188093185425,-22.746000862121583,1.3674375568702817,975.6170361328125,-0.17144769339951754,26.5088638777573
2025-03-01T17:30:25Z,40.07416386494734,-75.86318764638035,146.59090984081263,3.0394147398792875,24.80498269559439,-1.0707168955690736,1.468838346476631,0.029454141074071235,1.8226441867555765,0.000999999995201175,0.0010000000040878072,0.0009999999980336433,0.0009999999943092186,0.0009999999893582792,0.0009999999898946481,0.000043978787364342594,0.00004400125007382954,0.8385239257093067,37.42117376153973,46.70548220617817,0.014657006936359756,0.0005055605094913796,0.00046846886734863957,0.00528267051427329,0.0036239999999998955,0.0036239999999998925,0.00362399999999993,0.0010262399999996692,0.0010262399999996378,0.0010262399999996581,-0.2911696237999085,9.700500066117373,1.089209874497223,-0.003148207674860841,-0.00137670000964567,-0.002710421488393744,-14.239313049316406,-22.41881344795227,1.1206875424459577,975.8289013671875,-0.017398692069048954,26.582220913579512
2025-03-01T17:30:26Z,40.068627323126336,-75.86283016072241,146.20296937108702,1.3416272220783687,24.14299618933339,-1.235904840426298,1.462831925809881,0.027707262250082,1.8270376400500041,0.0009999999951464944,0.0010000000039607593,0.0009999999980968804,0.0009999999943177558,0.0009999999892128834,0.0009999999898074213,0.000044976248260766875,0.00004500133686205043,0.8374542540990293,39.08990703200135,49.33705079830039,0.013512170995968258,0.0005106288318216242,0.00047787837590003787,0.00529313833254161,0.0036249999999998965,0.0036249999999998944,0.00362499999999993,0.001026249999999668,0.0010262499999996368,0.0010262499999996574,-0.29017850052732796,9.562092216112395,0.4998844647606742,-0.0015833260203889313,0.0029205501295483244,0.0020493168795738246,-14.144438095092774,-22.394625930786134,1.2571875393018126,975.8518188476562,-0.20357359764239183,26.517206159097885
2025-03-01T17:30:27Z,40.06279281861123,-75.86246646698604,145.7635675113367,-0.11299226823896036,23.780661344574334,-1.2069360645551328,1.4572009906339947,0.029670759787773813,1.8204040277055957,0.0009999999953602767,0.001000000004202429,0.0009999999978640094,0.0009999999941155034,0.0009999999894716148,0.0009999999897004116,0.00004597358489201705,0.00004600142994883972,0.8324769139042383,40.96965229679547,52.03103476463723,0.013052120938951419,0.0005144885567291698,0.0004892518873844286,0.005302016718313857,0.0036259999999998984,0.003625999999999893,0.0036259999999999288,0.0010262599999996673,0.001026259999999636,0.0010262599999996565,-0.09583553665825655,9.723829991654569,0.891682362536009,-0.0010610866090503869,-0.0075667958511822725,-0.002781688754265945,-14.09231307029724,-22.31137586593628,1.3434375452250242,975.8900024414063,-0.017977420655014616,26.42334038727793
2025-03-01T17:30:28Z,40.05633573259972,-75.86208849848117,145.4009984350142,-1.3655807418687351,23.25490545634326,-1.1917472602412293,1.451447947127307,0.0334912396287725,1.8194672305956552,0.0009999999952332206,0.0010000000043283701,0.0009999999980279189,0.0009999999940405015,0.000999999989090967,0.0009999999894143652,0.000046970789352809325,0.00004700152951667606,0.8266323745891904,42.87376871481064,54.72993672371096,0.012893886780762599,0.0005201448810939554,0.0004995892317611755,0.005310081904051577,0.0036269999999998972,0.0036269999999998925,0.0036269999999999298,0.0010262699999996664,0.001026269999999635,0.0010262699999996558,-0.35294105969003153,9.670161448365059,1.1446521070415718,-0.0013630138987412003,-0.0016158715619416933,-0.003979217642221968,-13.596750574111939,-22.479000835418702,1.137937553077936,975.8947314453125,-0.03894824225526251,26.295804453254004
2025-03-01T17:30:29Z,40.053777752239704,-75.86176967270976,144.53631952957394,-2.0549489999215145,22.95656145540974,-1.1936902507056564,1.4512781837860584,0.02534819859910841,1.8186219881974033,0.0009999999954354577,0.001000000004225903,0.000999999997840428,0.0009999999940866078,0.000999999988920234,0.0009999999897708346,0.00004796784984559544,0.00004800163580478863,0.8202004273311942,44.85599715738186,57.65051120921036,0.012636565946796262,0.0005263149944929867,0.0005097795030206726,0.0053238257666621555,0.003627999999999896,0.0036279999999998943,0.00362799999999993,0.0010262799999996653,0.0010262799999996338,0.0010262799999996553,-0.36139896681428113,9.725584800080103,0.9276544679373355,0.0014027342111541802,-0.0022217295460432622,0.008020436992588979,-14.133563089370728,-23.58131338119507,1.6462500740215182,976.30654296875,-0.006571124066159721,27.541664515300816
2025-03-01T17:30:30Z,40.05111950365756,-75.86144246906628,143.64385134907565,-2.8143152343494258,22.649829117080017,-1.247496891827292,1.4440692576465335,0.026867338394228377,1.8238360701011114,0.0009999999957039398,0.0010000000043671972,0.0009999999975281652,0.0009999999942139565,0.0009999999888733362,0.0009999999899369262,0.000048964749256500946,0.00004900174905252401,0.8126643028472007,46.93667908713133,60.721542592266175,0.012563829131722763,0.0005347463803161107,0.0005188496281347171,0.005333103344882469,0.003628999999999896,0.0036289999999998958,0.00362899999999993,0.0010262899999996656,0.001026289999999634,0.0010262899999996557,-0.34413076858262737,9.686581721937404,0.8395587101376791,-0.006009090925551831,0.005037380367266151,-0.0007658352963780253,-14.027063074111938,-24.012000808715822,1.5380625588074326,976.4084838867187,-0.05395822326827299,27.85134619583588
2025-03-01T17:30:31Z,40.04524920931896,-75.86102157480984,143.08093310466762,-3.847991861478455,22.451707741412488,-1.2471800330962328,1.4545399162429105,0.034593477237185824,1.8213722029601849,0.000999999995465002,0.0010000000039549054,0.0009999999972849828,0.0009999999940197523,0.0009999999887968572,0.0009999999895990972,0.00004996146833711245,0.000050001869340868204,0.8051033145084862,49.22002905136388,63.88528109353646,0.012621631501308885,0.0005428485244710712,0.0005292793989687182,0.005339753012249604,0.0036299999999998955,0.0036299999999998955,0.0036299999999999293,0.0010262999999996656,0.0010262999999996335,0.0010262999999996547,-0.26554419214764907,9.699149981697593,0.9428312346842735,0.012817060068997441,-0.0018662257434559533,-0.007634392297962381,-16.17562562942505,-24.62081335067749,0.050812505222857,976.2460864257813,-0.034436311344787,29.45903766733629
2025-03-01T17:30:32Z,40.03707020732377,-75.86050046569838,142.6622448371439,-5.117784570033275,22.340930208859785,-1.4168270519170596,1.4459825934692923,0.04041737943180722,1.825876144100607,0.0009999999953674392,0.001000000004000545,0.0009999999972234626,0.0009999999941179192,0.000999999988737455,0.0009999999898526546,0.00005095798751028513,0.00005100199670126233,0.7982983577228264,51.60276607786399,67.17630065682442,0.012919582259875252,0.0005529774882726012,0.0005383640718667763,0.0053473963226614955,0.0036309999999998943,0.0036309999999998943,0.0036309999999999316,0.0010263099999996657,0.0010263099999996334,0.0010263099999996551,-0.28442984457978104,9.531766119635124,0.7447231795131992,-0.006518144923878914,0.005098466626085285,-0.004593921330833913,-16.108125648498536,-20.448375692367552,0.484312507212162,976.1440991210937,-0.21786538562079635,26.035354639965583
2025-03-01T17:30:33Z,40.028268020853915,-75.85991097808508,142.20768986930693,-6.173076077392631,22.405917729137848,-1.3817352091135784,1.4419231333611706,0.04006671101354952,1.8207178570809488,0.000999999995255263,0.0010000000041722535,0.0009999999967773884,0.0009999999939589684,0.0009999999888020783,0.0009999999900616543,0.00005195428669852199,0.00005200213108883146,0.7928482262476618,54.19356165319303,70.65655665598108,0.013466644084694245,0.000561741014775533,0.0005490810821769172,0.00535801338660883,0.003631999999999895,0.003631999999999895,0.0036319999999999304,0.0010263199999996663,0.0010263199999996338,0.0010263199999996555,-0.3058299132021323,9.728883709887898,0.8135403614196233,-0.002574729155920599,-0.004790366277000534,0.0005672183559663033,-13.058438081741333,-22.63725080490112,0.8280000384524464,976.1718334960938,-0.015291822567019494,26.146717851011203
2025-03-01T17:30:34Z,40.01888779930892,-75.85924585634669,141.77753213055985,-6.72667010108133,22.751734460002716,-1.4199656559024452,1.4449224299936472,0.040691625702455325,1.8172969218516235,0.0009999999952013364,0.0010000000040593243,0.000999999996732635,0.0009999999937040586,0.0009999999886818058,0.0009999999900702462,0.00005295035287634451,0.00005300227240231367,0.7897693819694686,56.939697830431605,74.12430724964238,0.013784014317147188,0.0005711983046646074,0.0005593695633722845,0.005368103736208405,0.0036329999999998963,0.0036329999999998963,0.00363299999999993,0.0010263299999996663,0.0010263299999996338,0.0010263299999996554,-0.25767010823876785,9.624886837637225,1.0377641869517604,0.0033575019151001846,-0.0024660757427504227,-2.254298107800092e-6,-13.267313117980956,-22.212750797271728,0.8943750325217843,976.2018188476562,-0.09886231027279872,25.88870737844682
2025-03-01T17:30:35Z,40.010141383692805,-75.8585585794931,141.21353918779567,-6.927957590849263,23.172313371006364,-1.463921854794258,1.4470755229553722,0.04525574902972855,1.8136372579729392,0.000999999995498437,0.0010000000041308597,0.0009999999966317757,0.0009999999936573327,0.0009999999886209459,0.0009999999901489178,0.000053946183014729106,0.000054002420610888155,0.7892690985958399,59.78338021653785,77.6753375786245,0.014114061315198448,0.0005807868739169659,0.0005696312654871476,0.005376238300069916,0.0036339999999998986,0.0036339999999998986,0.0036339999999999303,0.0010263399999996658,0.0010263399999996328,0.001026339999999655,-0.33483864014860937,9.623171956376147,1.0328589003963162,0.0015511115516486003,-0.001896268831622131,-0.003939161122770737,-13.434375581741334,-22.863750858306886,1.0627500379085542,976.3267846679687,-0.0987810069409255,26.53978692353399
2025-03-01T17:30:36Z,40.00083669439419,-75.85779501070199,140.6373777888908,-6.836383602894214,23.763478637264765,-1.50806380583381,1.4467065496308067,0.041295994276410786,1.807689927199309,0.000999999995087765,0.0010000000044272665,0.0009999999966984947,0.0009999999939270187,0.000999999988664062,0.0009999999901221465,0.00005494178160367867,0.00005500257578958417,0.7910638792459759,62.71895870582101,81.32139991058467,0.014459330177604705,0.0005892644989143201,0.000580220078435335,0.005388051149473377,0.003634999999999896,0.0036349999999999005,0.003634999999999929,0.0010263499999996653,0.0010263499999996332,0.0010263499999996544,-0.3172056337386302,9.620892819634982,1.0191662098564547,-0.0018348482160965166,-0.004787361491190734,0.004334885905083909,-13.883813018798827,-23.957813415527344,0.8548125329986215,976.3743090820312,-0.10316132675855534,27.703158227503465
2025-03-01T17:30:37Z,39.99049897830106,-75.85692228744708,140.12141217011668,-6.401030543620333,24.439715754736493,-1.5033063018825812,1.450691584355938,0.041512193408991184,1.807020355404257,0.0009999999950514745,0.0010000000043946802,0.0009999999966793182,0.0009999999940196267,0.000999999988849497,0.0009999999898905186,0.00005593716053116774,0.00005600273794409203,0.7949498447140296,65.68090309544354,85.07705092364722,0.014924658497203973,0.0005983935963971499,0.0005897507194876337,0.005397686221408953,0.003635999999999898,0.0036359999999998993,0.0036359999999999297,0.0010263599999996641,0.0010263599999996336,0.0010263599999996553,-0.40080077984406814,9.66333153152023,0.9680532921691223,0.0011685695414004286,0.0015147269690302518,0.0009853104606173879,-14.22618808746338,-23.724376010894776,0.3420000188052654,976.3857641601562,-0.06319760830206231,27.664862127542044
2025-03-01T17:30:38Z,39.98203378330574,-75.85610535326313,139.3974745344713,-5.9774602240820425,25.11090502350791,-1.5451305950895557,1.4515924287644117,0.04415601803716924,1.807588920348214,0.0009999999951640184,0.0010000000041243393,0.00099999999648513,0.0009999999942117788,0.0009999999889664562,0.0009999999895304516,0.0000569323390739568,0.000057002906896010567,0.8011352538082335,68.65485759996032,88.9780299064662,0.015798443164969325,0.0006069491100968105,0.0005990796020452437,0.005405838294373823,0.0036369999999998973,0.0036369999999999003,0.0036369999999999294,0.0010263699999996647,0.0010263699999996326,0.0010263699999996548,-0.36102175080034027,9.656039923741684,0.7810999596117935,-0.0022242326416868517,0.0029305648988653113,-0.0014756732138697794,-14.244563064575196,-24.295313510894776,1.0944375438615679,976.5965112304688,-0.08893804536694025,28.184477365826552
2025-03-01T17:30:39Z,39.97234079498092,-75.85515572160081,138.7527900539251,-5.185086312426279,26.271277681514125,-1.5612254141490092,1.4583884273549903,0.04571325494654559,1.798704371888102,0.0009999999952245613,0.0010000000046332272,0.0009999999966229611,0.000999999993931811,0.0009999999887741816,0.0009999999897803374,0.00005792734572457302,0.00005800308284605516,0.809860117976001,71.70642771696639,93.00276584786134,0.01674413315979494,0.0006126376712624409,0.0006099969984180662,0.005414307055192403,0.003637999999999897,0.0036379999999998983,0.003637999999999931,0.0010263799999996651,0.0010263799999996328,0.0010263799999996554,-0.0965134997095982,9.684986510908454,0.735151886362372,0.002756818334384248,-0.005958185802026333,-0.001386880583836141,-14.60231307029724,-23.577000999450682,1.7094375795125962,976.6089868164063,-0.07005440098798568,27.785281646690834
2025-03-01T17:30:40Z,39.962813207587246,-75.85416906513181,138.10142687845783,-3.8097508939470544,27.47828250259811,-1.5270940254716658,1.4608953805787912,0.054109896340907924,1.7947035524983244,0.0009999999950833845,0.001000000004542658,0.0009999999964579946,0.0009999999941583343,0.0009999999888877667,0.0009999999899089516,0.00005892221938720538,0.00005900326669694238,0.8201308166634105,74.69836126918851,97.00412156134881,0.01690167775074362,0.0006182507789816733,0.0006200594503525987,0.005419397654627422,0.0036389999999998954,0.0036389999999998967,0.0036389999999999287,0.0010263899999996653,0.0010263899999996338,0.0010263899999996555,-0.2111761288893152,9.702954962428727,0.972604232415911,-0.002464573248160431,-0.00015380227081368992,-0.00780463229139061,-13.327313051223754,-23.182501010894775,0.17962499544024468,976.702919921875,-0.029659887649690582,26.740889552413737
2025-03-01T17:30:41Z,40.15225666737126,-75.8640394418562,141.43662558448304,26.391693698376518,-10.554898566640116,-1.0945809567619744,1.5230765206733912,6.22393591861996,1.8181012142447592,0.000999999995364642,0.0010000000049210996,0.0009999999968678577,0.000999999993545932,0.0009999999891612248,0.0009999999900413552,3.079109348368529e-10,3.0791139051708566e-10,0.5443227677032721,0.008074512132697699,0.00807475347786357,0.011421492730173923,0.00018445299566559526,0.0001700239735436933,0.004672779701845516,0.003639999999999896,0.0036399999999998955,0.0036399999999999293,0.0010263999999996646,0.0010263999999996349,0.0010263999999996563,-0.3198835042169201,9.55066939893904,0.744922579899247,-0.0036470807739712604,-0.00247625719793296,-0.0046346455585815315,-13.564313039779663,-23.54587589263916,0.886312533132732,976.6931103515625,-0.1942677151616907,27.187895127239848
2025-03-01T17:30:42Z,40.152324191238556,-75.86416876029475,140.92910683536886,26.681511769637254,-11.451738469107635,-1.080840517006751,1.5288170274663817,6.221055002099221,1.8229334932578767,0.0009999999952032752,0.0010000000047165822,0.0009999999970344078,0.000999999993741419,0.0009999999891487108,0.0009999999898713096,1.0003079111579066e-6,1.0003079119409007e-6,0.5762198080243197,0.033640403102474646,0.028809084097760045,0.011764020352492565,0.00019452623404971544,0.0001798425788126475,0.004680600016997839,0.0036409999999998943,0.0036409999999998943,0.003640999999999928,0.0010264099999996636,0.001026409999999635,0.0010264099999996565,-0.3520270922708848,9.788157088592694,0.4915625408254841,0.0049457504662498925,0.0031233373138166093,0.002950258872418677,-14.079188079833985,-23.638688411712646,1.368750066868961,976.3866625976563,0.02762403912344691,27.547809325953438
2025-03-01T17:30:43Z,40.15238893361774,-75.86430742391845,140.26236392881071,27.203248224675598,-12.146556912470873,-1.1546839526610162,1.5261231950041059,6.2212291691495105,1.8210281628450047,0.0009999999950854436,0.0010000000044906854,0.0009999999971135026,0.0009999999935792515,0.000999999989204865,0.000999999989487968,2.000307913092911e-6,2.0003079165680695e-6,0.6079660635896305,0.10283049872211256,0.09241642185624532,0.012109773180695747,0.0002041127467268738,0.00019001982832126597,0.004689909282546335,0.0036419999999998945,0.0036419999999998945,0.0036419999999999283,0.0010264199999996631,0.0010264199999996345,0.0010264199999996558,-0.2064689279480459,9.693775972205275,0.7381076058667557,-0.0037463879711464015,-0.003398395687215886,-0.0002539436878787473,-14.564625587463379,-23.846813526153564,1.84687505107373,976.6101196289062,-0.055090000446320085,28.00369493456885
2025-03-01T17:30:44Z,40.1524474477153,-75.86445573397971,139.59412941176902,27.570953022023627,-13.102068812550728,-1.252742858202303,1.5275970565675152,6.217432434523629,1.8253425329262343,0.000999999995328094,0.0010000000045988237,0.000999999997358091,0.0009999999934181387,0.000999999989181607,0.0009999999892202171,3.0003079181687396e-6,3.0003079340761784e-6,0.6385887906640018,0.2270977562254394,0.1959796430377146,0.012893742060738976,0.00021406290593143295,0.00019987872953654412,0.004696239897064608,0.0036429999999998963,0.0036429999999998955,0.0036429999999999293,0.0010264299999996622,0.0010264299999996336,0.001026429999999655,-0.4115684892380514,9.685185932154933,0.512100932587962,0.0005882488918514625,0.002023779890041661,0.004192351041318734,-13.412625541687012,-22.48106340408325,1.1163750418648124,976.6389794921874,-0.07157498533068347,26.201915217521755
2025-03-01T17:30:45Z,40.1524894164621,-75.86461411332311,139.08360935300374,27.669764627190574,-13.912183826528166,-1.3373713877577222,1.5388176819639434,6.215615270048541,1.8333776497902197,0.0009999999951473598,0.0010000000044722813,0.0009999999978343858,0.0009999999931916265,0.0009999999890263531,0.0009999999894531075,4.000307919402438e-6,4.000307977663076e-6,0.668463532763941,0.3989618411139984,0.3324662915231381,0.013891643886292545,0.00022404929394654647,0.00020953705486959117,0.004702653988555018,0.003643999999999897,0.0036439999999998965,0.0036439999999999303,0.0010264399999996628,0.0010264399999996342,0.0010264399999996556,-0.19752526434349107,9.674515565711253,0.18560093886950343,0.009973034164060639,0.004332549449309612,0.002850450637445843,-13.290375480651855,-22.700813331604003,1.0470000395551324,976.523369140625,-0.10062103736122663,26.325928946895846
2025-03-01T17:30:46Z,40.15249730122995,-75.864778062302,138.8020671340786,28.37766999383184,-14.207569501385624,-1.3609777837435693,1.5429191378765823,6.2153895030222,1.8326262564680045,0.0009999999953921996,0.001000000004190143,0.0009999999980369058,0.000999999992712425,0.0009999999890715054,0.0009999999893557183,5.000307883947359e-6,5.000308066637074e-6,0.6970254947185003,0.5961802858983156,0.5329417708303783,0.014316625775073158,0.00023343163234717867,0.0002195772564214449,0.004708992530262431,0.0036449999999998966,0.003644999999999895,0.0036449999999999287,0.0010264499999996634,0.0010264499999996348,0.0010264499999996562,0.10571988558509433,9.667678474421797,0.7830482149294813,0.0016063565824666057,-0.006263618251957289,0.0018608830828759492,-11.640375490188598,-22.776938438415527,1.9443750758469105,976.371416015625,-0.07899237106686748,25.652782473924933
2025-03-01T17:30:47Z,40.152471806290976,-75.86494563073191,138.57139791575673,29.269943836594148,-14.74041912574622,-1.1821164434326819,1.5405587789663802,6.2275087940494025,1.8456697069485475,0.0009999999951616455,0.0010000000040670902,0.0009999999978869741,0.0009999999925380911,0.0009999999890542325,0.000999999989175442,6.000307724828915e-6,6.000308228156229e-6,0.7235932985869505,0.863411642957006,0.7995138533159105,0.01535715410489099,0.00024321741461028762,0.00022861281666277785,0.004720955418939139,0.003645999999999898,0.003645999999999893,0.0036459999999999297,0.0010264599999996642,0.0010264599999996356,0.0010264599999996568,-0.271428840749325,9.890210985179525,0.8791998061768473,-0.003738711153009621,0.007613193524812229,-0.009470657860770938,-10.580625414848328,-23.395688457489015,2.4427500938251616,976.4516137695313,0.1540636732523817,25.792872549683494
2025-03-01T17:30:48Z,40.152440781113,-75.86511825625307,138.25579051319065,30.73310017079804,-15.17597198523426,-0.9333885529654908,1.534486496230838,6.2271207401392425,1.848787080552615,0.0009999999948722305,0.0010000000038423184,0.0009999999980737253,0.0009999999927420107,0.000999999989127193,0.0009999999895142205,7.000307270522172e-6,7.000308499819532e-6,0.7488745153545471,1.1804407132857557,1.170052399135077,0.017034571519333373,0.00025305000595500884,0.00023761869988287967,0.004725830450625722,0.0036469999999998995,0.003646999999999893,0.003646999999999929,0.0010264699999996652,0.0010264699999996366,0.0010264699999996572,-0.40479862279193163,9.967930635291863,1.5302495899453639,-0.007141193783784888,-0.0011051497753781527,0.002600096539349791,-9.88256290435791,-22.934063358306886,3.5538751332461835,976.7255126953125,0.31400192490716494,25.224269500084375
2025-03-01T17:30:49Z,40.15241749505051,-75.86529564393976,137.92899881579396,31.916295084998364,-15.601070008017983,-0.7335634690226052,1.518505345340195,6.2309356542494,1.8517521554794052,0.0009999999953507674,0.0010000000035281598,0.0009999999983211797,0.0009999999930233395,0.0009999999892398052,0.0009999999898879337,8.000306222502843e-6,8.000308928025103e-6,0.7744730789965723,1.5496518723482908,1.5937250403309073,0.019090002109219562,0.00026297002261233866,0.000245913886099684,0.0047332581790393595,0.0036479999999998987,0.003647999999999892,0.0036479999999999273,0.0010264799999996658,0.0010264799999996372,0.0010264799999996558,-0.3361945818661036,9.928815165197982,1.4101272684938602,-0.01634288741800364,0.00031335909944765045,-0.001906115868508493,-8.471625370979309,-22.815375881195067,2.452312591932714,976.9406518554688,0.2552928674330885,24.460604234125597
2025-03-01T17:30:50Z,40.15226750252124,-75.86547200472916,138.11290981442448,32.07043615818303,-15.997198881363822,-0.7357875626464085,1.5201420017061298,6.229544004476489,1.8614566570970583,0.0009999999950699025,0.0010000000034952356,0.0009999999980381924,0.0009999999926571155,0.0009999999890184027,0.000999999989652867,9.000304125276483e-6,9.00030955505123e-6,0.8021428623683234,1.9815557384672484,1.971904358873638,0.020189548189160057,0.00027339999099155565,0.000253149180336845,0.0047365871959837175,0.003648999999999898,0.003648999999999891,0.0036489999999999266,0.0010264899999996655,0.0010264899999996367,0.0010264899999996547,-0.23710490990230848,9.713663786962766,0.4736418692737995,0.0018014651752666236,0.004733116270119653,0.005624378100393644,-10.369125337600709,-22.118625869750975,3.701625131294131,976.6668798828125,-0.05065686478272533,24.707324491969175
2025-03-01T17:30:51Z,40.15202717230574,-75.86564685122282,138.49957361987504,32.670567362417124,-16.201465157447938,-0.5213596615754835,1.5295140487832786,6.2342877856293075,1.8657635768246796,0.000999999995295989,0.0010000000037272885,0.000999999998432009,0.0009999999924754773,0.0009999999890208946,0.0009999999896313236,0.00001000030037469076,0.00001000031042644018,0.8316692803211441,2.47125264068418,2.452130679813349,0.021899190238105756,0.0002833754742243421,0.00025968262415699487,0.004743023411630113,0.0036499999999998986,0.0036499999999998916,0.003649999999999925,0.001026499999999666,0.0010264999999996373,0.0010264999999996553,-0.312266342173057,9.897070335384688,0.9424500816608218,0.009761400971453978,-0.0006131190881523544,0.00021154869524931774,-11.330250444412231,-21.459188404083253,3.8664376547932626,976.5858349609375,0.16800882098713243,24.572712106119376
2025-03-01T17:30:52Z,40.151859113499874,-75.86582652042215,138.69807827905643,33.08693679792121,-16.416497260670337,-0.3658567703261283,1.5231837301065985,6.238417668893306,1.8718225505942678,0.0009999999953047914,0.00100000000348072,0.0009999999986252761,0.0009999999922762177,0.00099999998920572,0.0009999999897770864,0.000011000294211613286,0.00001100031159940496,0.8621726121275666,3.003454182102707,2.9559095342416275,0.02297710669773998,0.00029340861193436727,0.00026495710039923197,0.004750084326538149,0.003650999999999899,0.003650999999999892,0.0036509999999999264,0.0010265099999996656,0.001026509999999637,0.0010265099999996548,-0.210077782397508,9.878337084094213,0.7848264870064166,-0.005609025266802531,0.0031608901911081054,-0.0005042981560184791,-11.844375505447388,-19.28156332015991,3.5722501328587533,976.8097412109375,0.13297455122434418,22.909093251454316
2025-03-01T17:30:53Z,40.1516273294662,-75.86600460599419,138.9930469553745,32.71385717531529,-16.662895996286256,-0.41471541279390156,1.5201439358209894,6.241988110605923,1.8801598725829718,0.0009999999953315534,0.001000000003852868,0.0009999999985362885,0.0009999999924358062,0.0009999999890838824,0.0009999999898196016,0.000012000284756971168,0.000012000313115489957,0.8910656267285859,3.5912428026571743,3.3938273626979147,0.022771982868065997,0.0003034732928391975,0.0002690464515334859,0.00475665260328819,0.003651999999999898,0.0036519999999998914,0.0036519999999999253,0.0010265199999996647,0.001026519999999636,0.0010265199999996539,-0.13316357336220508,9.69463751220355,0.0812732208310404,-0.0019875644736053887,0.005363175090641643,0.0006696969357995431,-12.827250480651855,-19.53562578201294,3.5332501300051806,976.7655053710937,-0.08279427243436505,23.635999650310968
2025-03-01T17:30:54Z,40.1513730981131,-75.86618159608648,139.23396393618125,32.29465120093116,-16.602527311072485,-0.36241948348052466,1.5138704986548341,6.245544033648225,1.8786468818533653,0.0009999999957126732,0.0010000000041805067,0.0009999999986619647,0.0009999999925951655,0.0009999999889727005,0.000999999989604791,0.000013000271054006194,0.000013000315010900561,0.9146776450507899,4.197532444073293,3.8577021029397383,0.02177687797226921,0.0003129590030181228,0.00027275734336112197,0.004763454343768114,0.0036529999999998968,0.00365299999999989,0.0036529999999999237,0.0010265299999996638,0.001026529999999635,0.001026529999999653,0.13092428669117334,9.78727972411724,0.1912632994144891,-0.00562221069921399,-0.004145953539688831,0.00003847039911380177,-13.782563037872315,-19.083938274383545,3.518812633641064,976.7808154296876,0.011334800367266923,23.802003336019254
2025-03-01T17:30:55Z,40.15087614257038,-75.86634139665959,139.8512120233162,32.30655958177677,-16.274608380008818,-0.31044930651069713,1.5078255188410623,6.250252217100018,1.880156292051397,0.0009999999953683905,0.0010000000039382755,0.0009999999989522182,0.0009999999923538403,0.0009999999888829643,0.000999999989376414,0.0000140002520432289,0.000014000317343811163,0.9325400315205894,4.853254883967358,4.412600968524204,0.021581323216301445,0.00032252180534956973,0.0002757357489711588,0.004769718773050558,0.003653999999999895,0.0036539999999998882,0.003653999999999922,0.001026539999999664,0.0010265399999996353,0.0010265399999996533,-0.07831563038695277,9.722921244257513,0.7840027417502632,-0.004847947909313457,-0.002417006139272959,0.001047898811206021,-13.767188119888306,-18.572063093185424,3.3826876245439053,976.5424389648438,-0.02393079238726586,23.36444291863167
2025-03-01T17:30:56Z,40.15054375048654,-75.86650727585976,140.07553609778157,32.04391369818462,-16.0982074697269,-0.4360854676784938,1.5067280712630944,6.2606742824000605,1.8792971649564896,0.0009999999950855562,0.0010000000036708802,0.0009999999991110418,0.0009999999925565817,0.0009999999885074089,0.0009999999891517697,0.000015000226545364855,0.00001500032017110375,0.9450506666274462,5.539253037001109,4.933556561896042,0.02064711236543102,0.00033185401590789005,0.00027836861668014545,0.004780584894689756,0.003654999999999896,0.0036549999999998892,0.003654999999999923,0.0010265499999996645,0.0010265499999996357,0.0010265499999996537,0.018142581395158997,9.601277644471363,0.4752115850434251,-0.00038913530628235026,-0.002791870169633234,-0.006854120465955242,-13.661438074111938,-19.126688232421873,3.495000144839287,976.7137524414062,-0.1656923629937115,23.762948039002836
2025-03-01T17:30:57Z,40.150117830529595,-75.86666474930173,140.3344548912403,32.234834648716955,-15.811427428198739,-0.34805201016532206,1.4991126027981192,6.269959572298011,1.8798814844440026,0.0009999999948026072,0.0010000000036446014,0.0009999999987952157,0.0009999999921180705,0.0009999999883250899,0.0009999999892431786,0.000016000193263896405,0.000016000323556123167,0.9526286919991441,6.2857784460577975,5.559030839446488,0.020282316918033675,0.0003413140686220163,0.0002807407747140017,0.004790777591775081,0.0036559999999998954,0.0036559999999998885,0.0036559999999999223,0.001026559999999665,0.0010265599999996363,0.0010265599999996543,-0.1855219371577467,9.776583208236776,1.0106540362120746,-0.006780683586289481,-0.0015357585671381538,-0.005301089057385242,-13.72556305885315,-20.229000759124755,3.8036251642554997,976.658916015625,0.051660727484966786,24.740020178075476
2025-03-01T17:30:58Z,40.149907781688405,-75.86683404638858,140.34624297311635,32.56349255048108,-15.87464950268369,-0.28870958259972057,1.4883409578039901,6.276933365335482,1.8805273381985703,0.0009999999948466119,0.0010000000034885354,0.0009999999985614687,0.0009999999921335419,0.0009999999887540048,0.0009999999890315915,0.000017000150786706438,0.00001700032758180686,0.9575197356775602,7.1018185973498795,6.218777677869853,0.02020145171290695,0.0003508569077548725,0.0002829650049340157,0.004801080297947744,0.0036569999999998964,0.0036569999999998895,0.0036569999999999233,0.0010265699999996653,0.0010265699999996364,0.0010265699999996544,-0.3759154260330082,9.77475728098187,1.0932776684350896,-0.01032586887878071,-0.00018551355364188776,-0.0048993537939308355,-13.128375539779663,-20.60887575149536,3.8293126308918,976.82671875,0.06411902344047783,24.73340091828704
2025-03-01T17:30:59Z,40.1496770933603,-75.86700333229918,140.34461597370864,32.665551946611735,-15.979315839933667,-0.35297625173156205,1.4829485437051706,6.282306949179841,1.8842709526362238,0.0009999999943079026,0.001000000003574731,0.000999999998533833,0.000999999992673845,0.0009999999886461904,0.0009999999887951821,0.000018000097626906542,0.000018000332315359902,0.9603714872289529,7.96897493387774,6.866195951434091,0.019912082175742085,0.00036062114059599474,0.0002849508127344782,0.00481079386128433,0.0036579999999998974,0.0036579999999998905,0.0036579999999999243,0.0010265799999996657,0.0010265799999996353,0.0010265799999996535,-0.41192741221915924,9.660579751964896,0.9375846771314225,-0.004929896444985757,0.002919715371829102,-0.0031074838710229615,-12.925875463485717,-18.82668830871582,3.067687653414905,976.8333154296874,-0.06405114179321696,23.041935913439563
2025-03-01T17:31:00Z,40.148876242362554,-75.8671378976218,140.81934068778165,32.72682869438434,-15.451243140755212,-0.35559622580649786,1.4822928584649941,0.004968608786987712,1.8827853952929292,0.000999999994314986,0.0010000000036804783,0.000999999998580508,0.0009999999924348837,0.0009999999885328666,0.0009999999883400828,0.000019000032181701844,0.00001900033783434829,0.9612735285146858,8.862535784829092,7.580395990033336,0.019672287297261205,0.00036983784309342605,0.0002875132999931564,0.004819254047427134,0.0036589999999998993,0.0036589999999998915,0.003658999999999925,0.0010265899999996665,0.0010265899999996342,0.001026589999999653,-0.38177261260156714,9.638231025191937,1.2222815466652646,0.0006197930774094246,-0.00399924570069123,-0.0010550778223499876,-13.34025055885315,-18.39975068092346,3.4828126399219035,976.5144653320312,-0.05589356490628075,22.99218895605258
2025-03-01T17:31:01Z,40.14771543879426,-75.8672471187244,141.5530139486633,32.507684473829165,-14.78014072889462,-0.305357740375649,1.4786436171518746,0.013541196284679619,1.8867085861119817,0.0009999999943076444,0.0010000000035851402,0.0009999999985488848,0.0009999999922668972,0.000999999988708086,0.000999999988574592,0.00001999995271583561,0.00002000034422979054,0.9608508385412788,9.829237661942205,8.313243611874292,0.019502788714338828,0.00037936563303988163,0.00028982269281827705,0.004828831679813732,0.003659999999999901,0.0036599999999998908,0.003659999999999923,0.0010265999999996668,0.0010265999999996347,0.0010265999999996534,-0.5066831846344866,9.672862950003442,1.0975448763060298,-0.0018959347073705985,0.0010667590354377424,-0.0019468404648758206,-13.509563064575195,-19.6576882648468,2.9278126150369643,976.3071484375,-0.030777282060585963,24.03128465288737
2025-03-01T17:31:02Z,40.14684638340348,-75.86736729147337,142.02578287580386,32.35499333335267,-14.217596281038523,-0.23658225862207816,1.4725429943436006,0.009502639577990062,1.8886635921191854,0.0009999999942911116,0.001000000003936369,0.0009999999984996871,0.0009999999924501265,0.0009999999886050692,0.0009999999888432218,0.00002099985730375324,0.000021000351589707766,0.958733554680955,10.815665728308359,9.076610897846592,0.0188900675389906,0.00038867257833433686,0.00029239516746890304,0.004832351101739581,0.0036609999999999,0.0036609999999998913,0.003660999999999924,0.0010266099999996668,0.0010266099999996345,0.0010266099999996525,-0.3390940697732574,9.724215771155603,1.13637528557561,-0.00478786273706759,-0.0008047233534060684,0.008538503373245483,-12.964313049316406,-20.480625858306883,3.4575001518800854,976.4171557617187,0.01731589577685121,24.48430646011888
2025-03-01T17:31:03Z,40.1462131869347,-75.86749682137368,142.3088081352847,31.972336679096337,-13.94505259741432,-0.2196557822652358,1.4728440330552446,0.0017426527213006862,1.89034049057935,0.000999999994529217,0.001000000003960975,0.0009999999980794215,0.0009999999922781807,0.0009999999887187548,0.000999999988951264,0.000021999743589717138,0.000022000359996201295,0.9538855220116305,11.866338004509547,9.816326532011031,0.01794942043195631,0.00039800046051046903,0.00029521649374502154,0.004834777858145889,0.0036619999999999014,0.0036619999999998893,0.0036619999999999236,0.0010266199999996663,0.0010266199999996338,0.001026619999999652,-0.24566611388499862,9.732165009812551,0.8116823306098683,0.0012296568221474243,-0.0006334808085561927,0.01084059585502867,-11.33850040435791,-21.336750869750976,4.087875171415508,976.5034130859375,-0.009925451694828499,24.505647461360088
2025-03-01T17:31:04Z,40.14561072650675,-75.86762786963217,142.5082959207517,31.44458550750298,-13.976248804180692,-0.27307559689215005,1.4677534035722988,6.281547763907421,1.9043524999996166,0.0009999999943435679,0.0010000000041439268,0.0009999999980542405,0.000999999992108014,0.0009999999887939615,0.000999999988828951,0.000022999609128921952,0.00002300036950936686,0.9468591594936884,13.024707727992489,10.553222977994254,0.01742741264504822,0.0004086230724065573,0.0002971186360720069,0.004840139653210428,0.0036629999999999,0.003662999999999891,0.0036629999999999215,0.0010266299999996654,0.001026629999999633,0.001026629999999651,-0.3707107063979166,9.694795825266395,0.5770431876039315,-0.004337224460592187,0.012283805631420236,0.00732678772493712,-11.64487548828125,-21.285188331604004,3.789187636524439,976.512236328125,-0.059934344666978306,24.556420957158902
2025-03-01T17:31:05Z,40.1448269059215,-75.86775017604026,142.7186954503677,30.56150949990135,-13.85490330179914,-0.3366569483893362,1.4627986133901496,6.273487362040752,1.9164277538886438,0.0009999999942463746,0.0010000000043981871,0.0009999999982544404,0.0009999999922375912,0.000999999988559605,0.0009999999886963898,0.00002399945128345732,0.00002400038017208607,0.937969624416794,14.242692506149531,11.259053998199322,0.016911076991045,0.0004193552935148519,0.00029937169237938087,0.004842434250332059,0.0036639999999998982,0.00366399999999989,0.003663999999999922,0.0010266399999996662,0.0010266399999996339,0.00102663999999965,-0.1414985661406627,9.707479150132167,0.33140294534286724,-0.004217221151246728,0.00957814179759695,0.012215041386637817,-12.13987548828125,-20.877000846862792,3.530625129044056,976.4484326171874,-0.0648000180964801,24.406732065609745
2025-03-01T17:31:06Z,40.14454653126575,-75.86789818029924,142.52216120930626,29.691610883897816,-14.284344268471354,-0.44359986882109903,1.4592356569628475,6.279652893799808,1.9388461255961529,0.0009999999942255343,0.001000000004523656,0.0009999999981427155,0.0009999999920352063,0.0009999999884686764,0.000999999988609782,0.00002499926723342514,0.000025000391997666916,0.928207469334384,15.600810754914557,11.948503830139986,0.017567700064007596,0.00043125623197288044,0.0003007287839156488,0.004853925828014086,0.0036649999999998992,0.003664999999999889,0.0036649999999999214,0.001026649999999667,0.0010266499999996349,0.0010266499999996488,-0.27190740363935206,9.72606330616829,0.11090434053404345,-0.003311105071565618,0.022273948577885214,-0.0025475240791646564,-12.468562984466553,-20.655563220977783,2.7826876256987454,976.6407861328125,-0.048415383386753844,24.28699719157659
2025-03-01T17:31:07Z,40.14384219122747,-75.86802834643116,142.36514831097674,28.89955446134185,-14.837191758446794,-0.6505043697898413,1.4525802444301927,6.282352714973325,1.9724463061969608,0.0009999999939612203,0.001000000004663384,0.0009999999980297254,0.00099999999175536,0.0009999999887550749,0.0009999999884672255,0.000025999055647581696,0.000026000404965739506,0.9222630167121451,17.14208338898558,12.641947340851274,0.02010857110983366,0.0004439547673389965,0.0003012700318839889,0.004862092800179787,0.0036659999999998985,0.00366599999999989,0.00366599999999992,0.0010266599999996674,0.0010266599999996357,0.0010266599999996491,-0.6868378868553388,9.610184042003674,0.10295049360445853,-0.006780683405419774,0.032131903520823894,0.0033912164839601192,-12.685313024520873,-20.823375854492188,2.133937584683299,976.5514892578125,-0.14359750728353912,24.47613830183549
2025-03-01T17:31:08Z,40.14236173488839,-75.86810936331385,142.45983032335496,28.26644823819098,-14.734660785370725,-0.6292702600658525,1.4530312565484154,0.005858340610105548,2.0092705616492434,0.00099999999417066,0.0010000000043883844,0.0009999999981877429,0.0009999999917933292,0.0009999999890114868,0.000999999988068968,0.00002699881741044607,0.00002700041901917452,0.923893035164991,18.78575187508713,13.34767884706253,0.022872721560207185,0.0004557957820259039,0.00030189379938866455,0.004870462639716692,0.0036669999999998995,0.003666999999999891,0.0036669999999999195,0.0010266699999996669,0.0010266699999996365,0.001026669999999648,-0.6237320940173379,9.777070322667862,0.3007349343611383,-0.000989819160693147,0.03391092228029074,0.0018201594118221985,-13.270500564575196,-20.442563400268554,1.6653750698640943,976.3533203125,0.02271082333176855,24.428990372422234
2025-03-01T17:31:09Z,40.139972543194055,-75.86810796032741,142.99611364379044,27.940867748342136,-14.090340824316835,-0.5412464070454303,1.4534188069471254,0.012468937655385901,2.0537827788960534,0.0009999999939976198,0.0010000000047503297,0.0009999999977938396,0.0009999999915653928,0.000999999988872929,0.000999999987780557,0.00002799855601131514,0.00002800043403815961,0.9348867184186449,20.57180955482814,14.007360122144512,0.026582296632934814,0.0004658573015114342,0.0003026435263360935,0.004876054832811472,0.003667999999999898,0.003667999999999891,0.0036679999999999183,0.0010266799999996672,0.0010266799999996358,0.0010266799999996482,-0.8328392981212981,9.790038012891038,0.28060776515657265,-0.003716345409480659,0.03887144475916869,0.00485328639374575,-14.235563058853149,-19.153875722885132,0.7777500270307064,976.0871044921874,0.0504895592238755,23.877283661036028
2025-03-01T17:31:10Z,40.13740349539524,-75.86805230318302,143.67360272251472,27.973970822577087,-12.60797980247095,-0.47371674642656114,1.459516018214883,0.016967426346068265,2.080073583505451,0.0009999999938306052,0.001000000004490654,0.000999999998038817,0.0009999999918826805,0.0009999999891219503,0.00099999998794476,0.00002899827648197432,0.000029000449863152637,0.9533410062032428,22.25582684115872,14.58402483961249,0.027987562846157527,0.000472121909664516,0.0003048494748662298,0.004878609911772239,0.003668999999999899,0.0036689999999998924,0.0036689999999999197,0.0010266899999996676,0.001026689999999635,0.0010266899999996487,-0.374639257618743,9.72606332206251,0.5255406225519585,0.0001911868454328937,0.019372340317378677,0.004854120788567725,-14.852250576019287,-18.632063245773317,0.0976875134184956,975.9878247070312,-0.03162114563901271,23.827510257336083
2025-03-01T17:31:11Z,40.1343554989353,-75.86790302171644,144.63281054888813,28.576335972798322,-10.792627061309174,-0.4069301676156767,1.4687460760577555,0.0293847147129627,2.1220100467740823,0.0009999999938952817,0.0010000000042610197,0.0009999999982388775,0.000999999991719355,0.0009999999893173404,0.0009999999879779563,0.000029997984683964827,0.000030000466346065104,0.9759121975121658,24.01925824014707,15.078813988685843,0.02972706830043712,0.0004753832783162217,0.0003075743044549439,0.00488383423329406,0.003669999999999899,0.0036699999999998917,0.003669999999999919,0.0010266999999996671,0.0010266999999996346,0.001026699999999648,-0.6733033998410302,9.686143103277168,0.4608546495699378,0.0001402806969197296,0.033768387057035554,-0.0008065596093011976,-14.191313018798828,-18.68943820953369,-0.342562505826354,975.782392578125,-0.058828815319801615,23.469201640793443
2025-03-01T17:31:12Z,40.13045200854508,-75.86760075324086,146.156662579014,30.072719934179336,-7.866568752252897,-0.16498022579900015,1.4851597563239698,0.04562700453076639,2.162628615810896,0.0009999999938509639,0.0010000000044983158,0.0009999999982392407,0.0009999999920566297,0.00099999998956189,0.0009999999880675177,0.00003099768800911287,0.00003100048337972279,1.0000465741194593,25.744679701085712,15.522342360970612,0.02965111610280373,0.00047487851353449697,0.0003116894000957175,0.004888832112958189,0.0036709999999998983,0.0036709999999998896,0.0036709999999999183,0.0010267099999996666,0.0010267099999996337,0.001026709999999648,-0.7416374485949536,9.771326907169271,0.6495339520726193,0.0028529542036960353,0.029448104603379325,-0.003859047222234812,-14.009813146591187,-18.459188213348387,-0.6247500306367875,975.4218823242187,0.04132690456126892,23.181985390330695
2025-03-01T17:31:13Z,40.12778887949283,-75.86736673437505,147.3015404112485,31.185141501747086,-5.570580073162892,-0.09274960271485624,1.4944897630388447,0.04944194292693461,2.1953716973375683,0.0009999999937488305,0.0010000000047458118,0.000999999998460356,0.0009999999922351652,0.0009999999893227302,0.0009999999880897148,0.00003199739096279558,0.000032000500950318654,1.0200875389693724,27.336829979116754,15.847959446192446,0.028392239424446623,0.00047089758122508885,0.0003171448447483569,0.004887483500980647,0.0036719999999998976,0.003671999999999889,0.003671999999999916,0.0010267199999996661,0.0010267199999996338,0.0010267199999996481,-0.48594539260249353,9.686302541728288,0.5439254736632332,-0.0014276055287841753,0.02398436942721746,0.0043552478739098364,-12.662438020706176,-16.856250648498534,-0.35887502450495956,975.57076171875,-0.0661441389383967,21.08547290090752
2025-03-01T17:31:14Z,40.12497879478766,-75.86706451789927,148.64635202635986,32.61665782449493,-3.068352894614132,0.06332170476784973,1.5060553672919508,0.05806147255898749,2.232756449867372,0.00099999999353964,0.0010000000046149417,0.0009999999982730381,0.0009999999922459006,0.0009999999891610793,0.0009999999882034474,0.00003299709483314067,0.000033000519127831206,1.0333464097881175,28.920532888145825,16.132196375844796,0.02698203714982523,0.0004643590183644319,0.0003244150047270686,0.004888520560646942,0.003672999999999898,0.00367299999999989,0.0036729999999999168,0.001026729999999666,0.0010267299999996338,0.0010267299999996483,-0.5568801571791313,9.761049549911005,0.47948662968500294,-0.0007721778105427902,0.02837658718226953,-0.0007145957690571623,-11.929125499725341,-14.884875650405883,-0.7012500239908696,975.383974609375,0.008513443086062871,19.088042511366684
2025-03-01T17:31:15Z,40.12247811294657,-75.86675707046139,149.966992833233,34.52203750334841,-1.0143038448042008,0.12756176056429694,1.5167269822831437,0.060346636674375176,2.281863059079362,0.0009999999935509359,0.0010000000047866678,0.000999999998286025,0.0009999999925355012,0.000999999989184702,0.000999999988497659,0.00003399680044747032,0.000034000538062273555,1.0397019084492114,30.542843028019277,16.448108464371423,0.025051370097897978,0.0004546461867581195,0.0003344937357671617,0.004886838457219858,0.0036739999999998996,0.0036739999999998883,0.003673999999999915,0.0010267399999996651,0.0010267399999996328,0.0010267399999996474,-1.068358420286076,9.64845609569088,0.63078494442427,-0.0017839430589298064,0.04073224565182333,0.0047828533309509855,-13.895625610351562,-18.775313291549683,-2.658187627457082,975.2994653320312,-0.05250973158975782,23.508814705027685
2025-03-01T17:31:16Z,40.12065422884372,-75.86650488647085,151.01310321877673,35.697819937430886,0.7966398886639476,0.1455294891399837,1.52985769154688,0.06315137674333594,2.3158882576546187,0.0009999999935692465,0.0010000000047627412,0.0009999999984833174,0.0009999999923414739,0.0009999999893130303,0.0009999999886895776,0.00003499650506201059,0.00003500055793457468,1.0382226660254639,32.06049331756842,16.709210400855184,0.022818038262904992,0.00044537226623892964,0.00034495900734607653,0.004886752649231628,0.0036749999999998997,0.0036749999999998876,0.0036749999999999153,0.001026749999999666,0.0010267499999996339,0.001026749999999648,-0.5522514230654376,9.685381449460104,0.4624622872870028,0.003914457230186109,0.028066147785914455,0.0015185655161766406,-14.999625625610351,-19.216875772476197,-3.808500166684389,975.3267211914062,-0.06849191777789924,24.673452240401332
2025-03-01T17:31:17Z,40.11981477088054,-75.86636225085641,151.59479863822028,36.085016372755916,1.8002249497241656,0.12002244180148089,1.5383387256784655,0.06940217890974569,2.344613841066091,0.0009999999936105934,0.001000000004487352,0.000999999998667134,0.0009999999923490915,0.0009999999893257807,0.0009999999890091095,0.000035996200500601384,0.00003600057895108721,1.0293357271773313,33.576133713623385,16.976446612254673,0.020934694593355313,0.00043672564556726626,0.00035635504628846117,0.004889737811907182,0.003675999999999899,0.0036759999999998886,0.0036759999999999176,0.0010267599999996655,0.0010267599999996334,0.0010267599999996477,-0.38548671968786824,9.71772830390454,0.28454349988850625,0.003092794241436401,0.02600022356683236,-0.004023780711947182,-14.72287558555603,-18.523500671386717,-3.7843126368150113,975.4741674804687,-0.051205696521377436,23.962506666214317
2025-03-01T17:31:18Z,40.11895991624821,-75.8662117882781,152.16844411092444,36.64278544584522,2.3708912512640827,0.15079265126306124,1.5459315772779578,0.06313519920482694,2.387035941166279,0.0009999999938651656,0.0010000000042899163,0.0009999999984813465,0.0009999999925606486,0.0009999999891271373,0.0009999999889379364,0.000036995880079470184,0.00003700060129050834,1.017028552944957,35.267682688477265,17.318787885212313,0.02004640984539409,0.0004258194772021371,0.0003707122193414485,0.004887820518330164,0.0036769999999998982,0.0036769999999998896,0.0036769999999999186,0.0010267699999996645,0.0010267699999996342,0.0010267699999996485,-0.7837321690132898,9.756811101273183,0.04701597572065066,0.0014129158854935568,0.03944942933154416,0.008417498906093841,-15.077438125610351,-19.4163756942749,-4.073250144943595,975.4095190429688,0.007541831204347134,24.9181382931069
2025-03-01T17:31:19Z,40.11812781151745,-75.86606039943935,152.70595905609989,37.120157422104555,3.2237855642543636,0.10549475294809275,1.5489374422048399,0.06594867411554285,2.4176855819577483,0.0009999999936360295,0.0010000000039372767,0.0009999999988781693,0.0009999999927857892,0.0009999999893199976,0.0009999999887576217,0.00003799553675951583,0.00003800062512716029,1.0025500633493356,36.88425805680819,17.703738944597895,0.018575562929287644,0.00041767020452930986,0.0003842756621072108,0.0048909192958463766,0.003677999999999899,0.0036779999999998906,0.003677999999999919,0.0010267799999996653,0.001026779999999634,0.001026779999999648,-0.47501424221935973,9.700326761085098,0.21329491690588212,-0.002074020335927658,0.0282263748977265,-0.0014256024243012933,-15.145688161849975,-18.949875679016113,-4.6935002054646615,975.3576098632813,-0.06661808724833511,24.708623745416496
2025-03-01T17:31:20Z,40.11674034372208,-75.86584310648789,153.4182101712642,38.29555896637433,4.864101358652727,0.13499537607438838,1.5503461736719844,0.0639035321188489,2.4438615775650203,0.0009999999938535358,0.00100000000352828,0.000999999998562018,0.0009999999928961038,0.0009999999895478906,0.0009999999885520548,0.00003899515262258344,0.00003900065083303082,0.9817152971445217,38.44091494298333,18.231015439632614,0.015954454611631638,0.0004114566863511412,0.000397498576519607,0.0048929765274065675,0.003678999999999897,0.00367899999999989,0.0036789999999999176,0.0010267899999996648,0.0010267899999996345,0.0010267899999996488,-0.4879394099120983,9.745086215968962,0.841592617164246,-0.004593921300066143,0.022752458982449857,0.003296415545190448,-14.715375576019287,-17.96156312942505,-5.979937710165977,975.178818359375,0.012412558290630727,23.97743195048875
2025-03-01T17:31:21Z,40.11529394387527,-75.86562193285796,154.14725686791238,39.69320468611278,6.366434908405777,0.20986003701249223,1.5524128670664972,0.06749375679318904,2.4771890844100324,0.0009999999936105679,0.0010000000031648688,0.0009999999986187258,0.0009999999926948698,0.0009999999893844744,0.0009999999888029652,0.00003999469903302009,0.0000400006788928049,0.9532976492789924,40.13605155600848,18.91320282491127,0.014025944146420853,0.00040649404188102857,0.0004121849353303806,0.004898329461854497,0.003679999999999896,0.003679999999999889,0.0036799999999999164,0.001026799999999664,0.0010267999999996353,0.0010267999999996496,-0.7675269997703342,9.778348467213588,0.9903738794089552,-0.0038966006171676946,0.030389436916380907,-0.0024770909739288715,-14.105625591278077,-18.568125734329225,-6.521812764406204,975.1024462890625,0.07700136564885644,24.213127512114784
2025-03-01T17:31:22Z,40.114011826537,-75.86542237129392,154.76960352354118,40.8059167464752,7.40544213199305,0.14492428024568166,1.5557055534400015,0.06049330451980139,2.514150460842692,0.0009999999935513969,0.0010000000030837793,0.0009999999987189536,0.000999999992864887,0.0009999999894161594,0.0009999999885211706,0.0000409941443753396,0.000041000709638755135,0.9219380786323805,42.02003254645134,19.695352990791584,0.013235943080765724,0.00040270892158698716,0.0004277064566461819,0.0049009931505316975,0.003680999999999897,0.00368099999999989,0.003680999999999917,0.0010268099999996643,0.0010268099999996365,0.0010268099999996508,-0.843871776837675,9.653122209545785,0.722150887155424,-0.0018043054030179198,0.03460323545383521,0.007908444785669964,-13.476750507354737,-19.218188276290892,-6.585937775373459,975.078603515625,-0.0646190341472028,24.378959370230987
2025-03-01T17:31:23Z,40.11195658723166,-75.8651790940502,155.50162831802788,41.54894989087749,8.826979189819019,0.1331939867584624,1.5597933461250617,0.06310801220997025,2.540198354485835,0.000999999993344389,0.0010000000027675184,0.0009999999988995522,0.0009999999926338246,0.0009999999896578885,0.0009999999883100986,0.00004199345377595261,0.0000420007432820864,0.8920345825077015,44.01223532906785,20.550437997439772,0.012847308511407151,0.00040350256548421916,0.00044141940313727364,0.0049081696310609305,0.003681999999999898,0.003681999999999891,0.003681999999999918,0.0010268199999996631,0.0010268199999996352,0.0010268199999996514,-0.318168643443295,9.732444213864104,0.5649823183603978,-0.0006945676865727209,0.023414228885541007,-0.001977383661343584,-14.26612561225891,-19.028063287734984,-6.8960627889633175,974.901181640625,-0.02758045498972249,24.76171832260678
2025-03-01T17:31:24Z,40.11203486435668,-75.86506403407405,155.6455258912854,41.97474154643872,9.445155927215493,0.08566519541303179,1.562087450767538,0.06359929638198315,2.5676068644685706,0.0009999999933837536,0.0010000000028769485,0.0009999999988813495,0.0009999999925861213,0.000999999989899347,0.0009999999878762833,0.00004299258276320692,0.00004300078009789003,0.864542766778942,46.14959148919242,21.595699122249187,0.012972250312528794,0.00040557091477188287,0.00045573025395326483,0.004915489210292512,0.003682999999999899,0.003682999999999892,0.0036829999999999194,0.0010268299999996637,0.001026829999999636,0.0010268299999996512,-0.6252521213316293,9.724372634947464,0.7869447288150437,0.0003694393762657838,0.027184900095447974,-0.0001738302554436141,-15.69412564277649,-18.773063220977782,-6.733312780410051,975.1957299804687,-0.005499336756220361,25.37850272270369
2025-03-01T17:31:25Z,40.112178120217784,-75.86494688223934,155.714276081925,42.452397668408125,9.91073708192783,0.01587572089350103,1.5594760034498896,0.0596899947033134,2.601786640607824,0.000999999993596369,0.001000000003046874,0.0009999999990805922,0.0009999999925011445,0.00099999998993548,0.0009999999876275536,0.000043991479512166986,0.00004400082036494391,0.8406463566877045,48.483499972193265,22.791446905454976,0.013587660919258445,0.0004080517601601165,0.00047104495854152187,0.004922084114207667,0.0036839999999998974,0.003683999999999891,0.0036839999999999182,0.0010268399999996641,0.0010268399999996364,0.0010268399999996507,-0.7577700423389324,9.695873919166232,0.7186015298998615,-0.004817904983451041,0.03398218944384683,0.004294161550406735,-13.458938064575195,-18.616313247680665,-8.495437819957733,975.196904296875,-0.029784091115780273,24.49244993355244
2025-03-01T17:31:26Z,40.10988044781843,-75.86475922513199,156.14422612704274,42.80036426817219,10.722697182654253,-0.032933332744215275,1.57024884596719,0.0669795845450448,2.6319838070210326,0.000999999993669522,0.0010000000032846963,0.0009999999988122889,0.0009999999925513034,0.0009999999897843748,0.0009999999875184877,0.00004499009470796653,0.000045000864215869036,0.8224906867245322,50.986657139449434,24.07036887580122,0.014014462568192504,0.00041314675066500556,0.00048543004702107423,0.004932783597719764,0.0036849999999998993,0.0036849999999998924,0.0036849999999999197,0.001026849999999664,0.0010268499999996354,0.0010268499999996497,-0.49152863957895626,9.70252348733816,0.4294334878526112,0.007900099287827322,0.028927367096922667,-0.006863300229829268,-13.404750556945801,-20.12568826675415,-9.800812909603119,974.8875610351563,-0.05738186906764399,26.09183672935395
2025-03-01T17:31:27Z,40.10612102182007,-75.8645638185815,156.73137406359584,43.30066021138068,11.503842602063601,-0.02462615078943807,1.5655721464668582,0.06265697405999471,2.667685858496802,0.0009999999936338986,0.001000000003607231,0.0009999999988349797,0.000999999992704369,0.0009999999898153739,0.0009999999880126607,0.00004598838439355344,0.000046000911736001685,0.8105047599123334,53.654268260802624,25.512485165275503,0.014732988087764014,0.0004175673608821665,0.0005004620356667072,0.004940186528303687,0.0036859999999998994,0.0036859999999998925,0.0036859999999999202,0.0010268599999996644,0.0010268599999996356,0.0010268599999996501,-0.7287770106927827,9.729492981271639,0.4518416837887919,-0.007587158891801123,0.03423671593481187,0.004874482706582872,-13.368188076019287,-18.97575075149536,-10.288125414848327,974.7027392578125,-0.014725129728777254,25.389574822382574
2025-03-01T17:31:28Z,40.10367698758576,-75.86440516375792,157.03181241388043,43.40674247172223,12.13413682044134,-0.12317829635394405,1.5722185714124983,0.07556383812377014,2.6969388326210817,0.0009999999935679726,0.0010000000036628478,0.0009999999988987822,0.000999999992920414,0.000999999989871001,0.0009999999882796598,0.00004698630674759273,0.00004700096297986582,0.8042804345907519,56.37822447707977,27.027047342973553,0.015431339520859637,0.0004241116520542246,0.0005144435329456661,0.004953223497672752,0.003686999999999898,0.003686999999999891,0.0036869999999999195,0.0010268699999996652,0.0010268699999996366,0.001026869999999651,-0.537590475644759,9.655076256430515,0.4604957316014148,0.004705577410709458,0.02857687081001263,-0.012491267569685256,-13.206188039779663,-20.338688201904297,-11.371125450134278,974.8168115234375,-0.1010156515737523,26.78367802602845
2025-03-01T17:31:29Z,40.099131244029174,-75.86426261250448,157.5384356211818,43.32285331546524,12.687671473766986,-0.0859476555234075,1.5700780915755024,0.07001183198821302,2.7231312532135905,0.0009999999932952678,0.0010000000037009504,0.0009999999989190247,0.0009999999929133905,0.0009999999898058672,0.0009999999884661441,0.000047983826701379334,0.00004800101791457034,0.8032580361092829,59.237082598306515,28.65179384298861,0.016112809746247996,0.0004298497892699663,0.0005277933458837432,0.004960787136901682,0.0036879999999998962,0.0036879999999998893,0.003687999999999922,0.001026879999999666,0.001026879999999637,0.0010268799999996515,-0.5564094407337781,9.768620301289882,0.41244837568138665,-0.00316856964466319,0.025470806954545816,0.006238747614204207,-15.611250638961792,-18.161625633239748,-10.90650043964386,974.6063549804687,0.011074904831694224,26.315487190071803
2025-03-01T17:31:30Z,40.091220331220285,-75.86417700426091,158.40195043104717,42.47842458870123,13.001467441490792,-0.12317153759430133,1.571068194840096,0.07361131594531688,2.734190567448473,0.0009999999929205146,0.0010000000037839571,0.000999999998850053,0.0009999999931562397,0.0009999999897834257,0.0009999999883538388,0.00004898092726664951,0.00004900107637942662,0.8061423744533873,62.15076761942926,30.26087427881534,0.01622357195400257,0.0004376446598554737,0.000539017473203888,0.004971312291358477,0.0036889999999998955,0.0036889999999998877,0.0036889999999999215,0.0010268899999996656,0.001026889999999637,0.0010268899999996512,-0.09085048805003446,9.691526857054505,0.209089830100686,0.002644826546762311,0.010494439084110024,-0.0025373428542428854,-14.241000566482544,-17.9711256980896,-11.703187971115112,974.2807446289063,-0.08788524767183988,25.7435321033147
2025-03-01T17:31:31Z,40.08526290843646,-75.86411507604845,158.93701166330263,41.890368320639695,13.120536548795323,-0.1957702707664769,1.575777125726398,0.08795313667650702,2.7539658245891707,0.000999999993266558,0.0010000000041781056,0.0009999999990853528,0.000999999993259144,0.000999999989595899,0.000999999988462343,0.0000499776089431787,0.00005000113814432262,0.8116654683693507,65.15437969211176,31.94745164672894,0.016715481550620585,0.00044425431910888867,0.0005514689114082745,0.004985083660549629,0.0036899999999998948,0.003689999999999888,0.003689999999999922,0.0010268999999996648,0.001026899999999636,0.0010268999999996505,-0.39165771871378163,9.662590728255694,0.2646033142847745,0.0054966965565710554,0.01957412612227763,-0.013823153310355314,-12.975000553131103,-18.472500734329223,-11.523562932014466,974.3949853515625,-0.10795476310143982,25.34509511835949
2025-03-01T17:31:32Z,40.08016267611428,-75.86407361828637,159.27199664290208,41.392425754412386,13.691094279925453,-0.27553495211762763,1.575194605219247,0.0935179512037944,2.7619092077740146,0.0009999999935299618,0.001000000004153436,0.000999999998592808,0.0009999999934584482,0.0009999999896126602,0.0009999999886366724,0.0000509738613119096,0.00005100120284947384,0.8211627675607889,68.09614603502865,33.652548593330685,0.019061173811405232,0.0004507496305140211,0.0005624443420461522,0.004996520732888599,0.0036909999999998958,0.003690999999999889,0.0036909999999999226,0.0010269099999996641,0.0010269099999996346,0.00102690999999965,-0.3243899802212635,9.679283689494724,0.8188209149151252,0.0011685695498293268,0.008020436953602338,-0.00538804526746105,-12.814688005447387,-19.356750717163084,-12.270375480651856,974.4380883789063,-0.06288782942403953,26.257560243012207
2025-03-01T17:31:33Z,40.07557153256331,-75.86405244634899,159.45588951060705,40.828473089200045,14.323587513938778,-0.3534084163617689,1.576567432475191,0.0993026831649216,2.7591257863273237,0.0009999999934684558,0.0010000000041328668,0.0009999999987818043,0.0009999999934160295,0.0009999999895126733,0.0009999999885895896,0.000051969668142534466,0.00005200126965471975,0.8376909414171437,71.09997725574405,35.29231553185316,0.022678967971513607,0.0004570122266860476,0.0005720698625979552,0.005008325298535751,0.0036919999999998976,0.0036919999999998907,0.0036919999999999245,0.0010269199999996636,0.001026919999999635,0.0010269199999996493,-0.20744959970875448,9.700719018275377,0.9602478444702705,0.004294996159982676,-0.002497118960083501,-0.005941996099270417,-13.083750429153442,-21.092625856399536,-11.36250048160553,974.4678271484376,-0.031888608382520583,27.298114051030584
2025-03-01T17:31:34Z,40.06862923866931,-75.86415985822232,159.79741488263682,40.04669823439534,14.041103103486325,-0.41895168365510593,1.5707404290174782,0.10145590774071361,2.7613454449132986,0.0009999999934813518,0.0010000000042148893,0.0009999999989742576,0.0009999999930784844,0.0009999999895053692,0.0009999999886785207,0.000052965064568658605,0.000053001337352532346,0.8618926987729557,74.31408181000748,36.7776481908505,0.025395871840981302,0.000460245453077948,0.0005821208456908196,0.005019037827172657,0.003692999999999896,0.003692999999999889,0.0036929999999999264,0.0010269299999996636,0.001026929999999635,0.0010269299999996493,-0.2311895379256334,9.679762179688453,0.5854010668061439,-0.001478510815895951,0.0028993537050654985,-0.0031074835140590196,-11.655937900543213,-20.289563293457032,-11.360250444412232,974.301552734375,-0.08197948066394004,26.011149743906337
2025-03-01T17:31:35Z,40.058865259149414,-75.86446996844327,160.42287554473214,39.302527966961975,13.052926253912789,-0.3627729693239903,1.560789204150928,0.09933115424683969,2.7574901588327334,0.0009999999935953066,0.0010000000038697526,0.0009999999992191852,0.0009999999930267777,0.0009999999892589977,0.0009999999887980065,0.000053960144776107266,0.0000540014045938349,0.8932140713422537,77.65840374803018,38.06899622856382,0.028969800646576758,0.0004616937384325663,0.0005907284014391262,0.005028905946596858,0.0036939999999998966,0.00369399999999989,0.0036939999999999256,0.0010269399999996627,0.001026939999999634,0.0010269399999996483,-0.19190736716101006,9.759004504517472,0.771801956038706,-0.002415169758902002,-0.002618791566756374,-0.0003178678587524474,-12.696375541687011,-21.00206328392029,-11.01075044631958,974.0810375976563,0.009298217988143835,26.898299265023976
2025-03-01T17:31:36Z,40.05032890930412,-75.86481409475523,160.98885901607838,38.550894849866644,11.56526963299697,-0.33413151343097197,1.5543747228391567,0.09529208336524553,2.755244825541854,0.0009999999940383897,0.0010000000036985521,0.0009999999989093024,0.0009999999925700293,0.0009999999895324116,0.000999999988583676,0.00005495505806946522,0.00005500147017655008,0.9295766336157715,81.22807645144265,39.049289030645305,0.03101032575712081,0.00046088386467636934,0.0005981265417059665,0.005038338121289696,0.003694999999999897,0.003694999999999891,0.003694999999999925,0.0010269499999996613,0.0010269499999996344,0.0010269499999996487,-0.06733218523756927,9.747634025694932,0.36737700171260473,0.0006197932736266331,-0.0010851204808165235,0.0007675027710601127,-13.114125547409058,-21.72225085258484,-11.494125442504883,974.0966259765624,-0.027091195190586864,27.855853198007363
2025-03-01T17:31:37Z,40.04371719576885,-75.86512503077327,161.37851482910608,38.161417235725196,10.203229578368518,-0.3769587151505681,1.5525212166580733,0.09379658696141448,2.7553853633876675,0.000999999994150755,0.0010000000039817605,0.000999999999015575,0.0009999999923293017,0.0009999999892369993,0.0009999999885058836,0.000055949989579513706,0.00005600153357368015,0.9667495001372277,84.89984477934357,39.74606126797157,0.03238429685282437,0.000458850466035323,0.0006036719611349106,0.005048577750595708,0.003695999999999898,0.003695999999999891,0.0036959999999999255,0.001026959999999662,0.0010269599999996343,0.0010269599999996487,-0.17778971491778772,9.681357438401657,0.37076487445940365,0.00373420205104898,0.0010769406714339904,-0.0019977457872515625,-11.448937969207764,-22.07456343650818,-12.58650049686432,974.1616674804687,-0.09163133740465762,27.870803570931304
2025-03-01T17:31:38Z,40.03700058963104,-75.86551658765735,161.7819816405877,38.23051098315011,8.819776456190134,-0.42063499999620757,1.544905779254571,0.08930031257637303,2.7528402836513326,0.0009999999943862815,0.0010000000036821499,0.0009999999987746026,0.0009999999921820844,0.000999999989376305,0.0009999999886056163,0.00005694511067272588,0.00005700159465620736,1.0040281175120382,88.55581654003281,40.18106591859626,0.03424637424509027,0.00045665430674571815,0.0006060207247802559,0.005058325623296956,0.0036969999999998974,0.0036969999999998905,0.0036969999999999247,0.0010269699999996627,0.0010269699999996339,0.0010269699999996482,-0.21933526017322777,9.65580460069602,0.7010384741987434,-0.0014731697456057376,-0.0016459146772601681,-0.00014378774172451984,-11.892563009262085,-20.855250740051268,-12.044062991142273,974.1033642578125,-0.09785508773254652,26.85947244706531
2025-03-01T17:31:39Z,40.031359854753,-75.86589609291569,162.088019114212,38.392837785707606,7.448672354419255,-0.4261203663911051,1.5401876032297788,0.08455686771506236,2.750021318794032,0.0009999999944760676,0.0010000000034284297,0.0009999999986808907,0.000999999992318093,0.0009999999890134388,0.0009999999884973587,0.00005794056827852643,0.000058001653622227945,1.040361925536596,92.24333629637651,40.3650045464103,0.03546686499689604,0.00045477426071150926,0.0006051279187212557,0.005068126443290506,0.0036979999999998967,0.0036979999999998897,0.0036979999999999236,0.001026979999999662,0.0010269799999996334,0.0010269799999996479,-0.13340285502806212,9.706322549816264,0.6129185335499381,0.0006595161578721259,-0.0021199186799050283,-0.00012442683344586144,-11.624625415802003,-19.409813241958616,-12.14831298828125,974.1192431640625,-0.05483467822009941,25.679790948661193
2025-03-01T17:31:40Z,40.02390228060237,-75.86650843766387,162.74033415661188,39.00321888089047,4.830976711098934,-0.3483611650181853,1.536959054368567,0.08730316750740981,2.751858179145521,0.00099999999479773,0.0010000000035866922,0.0009999999988202248,0.0009999999922411813,0.0009999999892592773,0.0009999999889533985,0.000058936474249531206,0.000059001711590590597,1.0713593158675414,95.94095921212653,40.369329958972,0.03541777023513022,0.0004537422363898266,0.0006019465171146795,0.005081008993569473,0.0036989999999998985,0.0036989999999998916,0.0036989999999999254,0.001026989999999661,0.0010269899999996322,0.0010269899999996474,-0.1089960580704753,9.75880518658613,0.2009542315832802,0.003413748389066474,0.0029706209609720296,-0.010268120436430633,-11.197125425338745,-19.828125848770142,-11.896125493049622,973.914248046875,-0.0196321853659715,25.691348384097505
2025-03-01T17:31:41Z,40.14924424771722,-75.8460483304709,166.7108364763721,4.537378464490847,-26.05580639277764,0.056260495577993,1.433029927416441,0.1164785566183103,2.6722868921933918,0.0009999999952186387,0.0010000000036186033,0.0009999999990835296,0.0009999999925681489,0.0009999999888909172,0.0009999999893821596,3.077493683165825e-10,3.0774945517839525e-10,0.5732219864455227,0.005103808636689392,0.00510337006192431,0.014840773915749532,0.00016485202340391458,0.00016622132186985302,0.0048676499022819114,0.003699999999999898,0.003699999999999891,0.0036999999999999247,0.0010269999999996616,0.0010269999999996328,0.0010269999999996473,-0.13036932916736596,9.757401526775839,0.3156763417961301,-0.0022115484571669196,-0.0043190320279182905,0.0009038615936362417,-12.251813011169434,-21.004875802993773,-11.77012547492981,973.909970703125,-0.014161013980545152,27.01564052176581
2025-03-01T17:31:42Z,40.149145062032254,-75.84635696888907,166.81807428373904,3.2362578639126007,-26.468124420594584,-0.0846474347667457,1.4253451280239642,0.11994585733619008,2.6759958761502016,0.0009999999953500156,0.0010000000033043963,0.0009999999993908083,0.0009999999927004382,0.0009999999887215787,0.0009999999895204117,1.0003077495723656e-6,1.0003077499244092e-6,0.6159338923209461,0.022647667008214793,0.030323245066908297,0.016063676008285514,0.00017459891027588672,0.00017562371439116566,0.004877078134800119,0.003700999999999896,0.0037009999999998893,0.0037009999999999235,0.0010270099999996612,0.0010270099999996314,0.0010270099999996468,-0.16127924092008364,9.737748319940128,0.41953857676310846,-0.007923134498200488,0.004059996425747678,-0.003260199632102941,-11.65800048828125,-21.477563285827635,-11.790750470161438,973.8093408203125,-0.02937792808622509,27.133258822029717
2025-03-01T17:31:43Z,40.149037780559674,-75.84667043431337,166.85312022401828,2.174739632508343,-26.866354411501494,-0.25286165882849043,1.429315246537268,0.11727356646157544,2.6766846015929606,0.0009999999954551327,0.0010000000036189762,0.0009999999994309361,0.0009999999926014586,0.0009999999889865239,0.0009999999896082774,2.000307751245233e-6,2.0003077542185295e-6,0.6600730580779101,0.07315595709341542,0.09775146287597554,0.017333086018670188,0.00018426868570226203,0.00018444857703537327,0.004887462651490514,0.0037019999999998955,0.0037019999999998885,0.003701999999999923,0.0010270199999996602,0.001027019999999631,0.0010270199999996479,-0.35662836282543703,9.659727219500128,0.5538602665215715,0.00416481139853601,0.00033689268299358106,0.002029288244550417,-11.621812896728516,-21.34462589263916,-12.401438016891479,973.7466259765625,-0.09528925989047107,27.28465643084593
2025-03-01T17:31:44Z,40.14892246716538,-75.84698897811384,166.67065578932446,0.9575923314962103,-27.3098312432788,-0.47064227072872034,1.4279131632001736,0.11549201175715705,2.6747255643656884,0.0009999999955263576,0.001000000003916431,0.000999999999346173,0.0009999999925164988,0.0009999999886180118,0.0009999999894555577,3.0003077539392286e-6,3.000307770753454e-6,0.7048575674920605,0.15745732323115696,0.21488094396814572,0.019152115131606185,0.00019416598075364978,0.0001925401218180401,0.004897615261768012,0.0037029999999998956,0.003702999999999889,0.003702999999999923,0.0010270299999996595,0.00102702999999963,0.001027029999999648,-0.20478872905403372,9.645066331859784,0.4265176450615851,-0.0010509053142485503,-0.002028288971329461,0.000771507982835653,-11.377500429153443,-21.015188302993774,-12.177375497817993,973.79802734375,-0.12074167217284473,26.82109988040045
2025-03-01T17:31:45Z,40.148794522437335,-75.84731272149514,166.42791927427322,-0.18397661585344519,-27.65370365596671,-0.6442211146526904,1.430918269354915,0.11757444792833097,2.6703952498871075,0.0009999999955126546,0.001000000003818793,0.0009999999996691943,0.0009999999924324178,0.0009999999884944743,0.0009999999897894211,4.000307747342105e-6,4.000307813869149e-6,0.7504224452999414,0.2753527681070456,0.3794448924963809,0.02119067823036986,0.00020442918468480898,0.00019974680874638003,0.004906816068195745,0.003703999999999894,0.003703999999999887,0.0037039999999999218,0.00102703999999966,0.0010270399999996293,0.001027039999999649,-0.20384075198675192,9.65635377639629,0.5405232226136953,0.0035239043164808277,-0.003448466354591733,-0.0040793593384868656,-10.155000333786012,-21.162375888824464,-11.623125500679016,973.74083984375,-0.10375221986422285,26.192834225453478
2025-03-01T17:31:46Z,40.14865746942042,-75.84763972117099,165.96705712891216,-1.1731686006681212,-27.838341790942447,-0.7528190759016671,1.4327032740242795,0.11061637264385336,2.669387773726261,0.0009999999951933727,0.0010000000038594614,0.000999999999444072,0.0009999999923469983,0.0009999999888272535,0.0009999999898532281,5.000307694411143e-6,5.000307903201282e-6,0.7965008363329218,0.42615872270961647,0.5860606417090891,0.022963317277251098,0.00021415276796264295,0.00020611950261054267,0.004917430675028972,0.0037049999999998933,0.0037049999999998863,0.00370499999999992,0.0010270499999996605,0.0010270499999996288,0.0010270499999996496,-0.25180769131442693,9.695275711055752,0.7261788014723192,0.0017183482460295487,-0.0014377864457785178,0.00560752074329743,-9.94781289100647,-21.36375089645386,-12.744938015937805,973.8592919921875,-0.051657928242973584,26.791781408697503
2025-03-01T17:31:47Z,40.14849019781515,-75.84797144702526,165.6733700303333,-2.2212752011700765,-28.201424624637045,-0.8107696995036705,1.4349687185828373,0.11191654315937243,2.668584080177439,0.0009999999951581658,0.0010000000038619303,0.0009999999996369265,0.0009999999925196733,0.0009999999889262713,0.0009999999903373825,6.000307510749406e-6,6.000308064584997e-6,0.8424829596539776,0.6084816091708594,0.8539601429043197,0.025162502617204915,0.00022416704943031688,0.0002115248006686158,0.0049260579036865875,0.0037059999999998925,0.003705999999999885,0.0037059999999999194,0.0010270599999996598,0.0010270599999996281,0.001027059999999649,-0.17160825220449416,9.75039036178203,0.49917969940534196,0.001677624228224792,0.00076132693451827,-0.003901607514689655,-12.68325047492981,-20.562375764846802,-11.799000458717346,973.7501293945312,-0.012646641588437379,26.886610314749596
2025-03-01T17:31:48Z,40.14827723793899,-75.84830978873062,165.49814440105425,-3.2068824510201517,-28.668237529729836,-0.9631729542162322,1.4340737913558508,0.10805974301834843,2.66506512225094,0.0009999999951436057,0.0010000000041324698,0.0009999999992920344,0.0009999999926911768,0.0009999999887680686,0.0009999999900739676,7.000307045112253e-6,7.000308331712146e-6,0.8882671589151587,0.8141927385834651,1.1796967956183473,0.027603471276754152,0.00023371750240433082,0.0002158784391555164,0.004934869101438169,0.003706999999999894,0.003706999999999887,0.0037069999999999213,0.0010270699999996586,0.0010270699999996274,0.001027069999999648,-0.14519698475024723,9.643487349709574,0.35792339780596594,-0.0019838928697642443,-0.001645914415014973,-0.00044421305971350784,-12.014063014984131,-20.183813362121583,-12.004875512123109,973.6599267578125,-0.12604804466763497,26.37874868949393
2025-03-01T17:31:49Z,40.1480121944805,-75.84865390477108,165.39327903593252,-3.924467664951457,-28.97040863533868,-0.9608743601645622,1.4333912762162468,0.10094461772360881,2.661046585780937,0.000999999995195937,0.001000000004414355,0.0009999999993487133,0.000999999992548866,0.0009999999888627448,0.000999999989828456,8.000306068360829e-6,8.000308744166112e-6,0.9329741132664549,1.0409610397232651,1.5525264696824166,0.029392028032089033,0.00024260548275840022,0.00021932289102331222,0.004943587314831444,0.0037079999999998937,0.0037079999999998867,0.003707999999999921,0.0010270799999996577,0.0010270799999996282,0.0010270799999996469,-0.17447964122405787,9.740978597636857,0.5762285798494023,-0.002588247879860499,-0.001794124411110735,0.0018608837244796252,-11.44575044631958,-19.287938175201415,-11.541563005447388,973.6165234375,-0.017670545294690407,25.22369661516954
2025-03-01T17:31:50Z,40.14769050015909,-75.84900195849518,165.34363126729932,-4.6751356271298565,-29.238789970496615,-1.0593867360284273,1.43413551303722,0.10093739279025069,2.6521234874861204,0.0009999999949136756,0.0010000000042691296,0.0009999999990666349,0.000999999992633525,0.0009999999891675026,0.000999999989584522,9.000304278983213e-6,9.000309349911015e-6,0.9758542082767592,1.2761409969659496,1.9963207753989365,0.03154158858294204,0.0002512209473507396,0.00022193539868685613,0.004950509199762659,0.0037089999999998947,0.0037089999999998843,0.003708999999999922,0.001027089999999657,0.0010270899999996275,0.0010270899999996479,0.001510500191094963,9.648900694358039,0.4870181392546783,-0.0015132264886961945,-0.005040720051784721,-0.006422676622726833,-14.487750644683837,-21.133125834465027,-11.392500436306,973.5935083007812,-0.11602713822661632,28.0408654940926
2025-03-01T17:31:51Z,40.14719541462852,-75.84935372634133,165.8730651782758,-5.011945158938051,-29.109283218761966,-1.0004887125574986,1.4344829537134582,0.106312276261917,2.6297743765775197,0.0009999999952180964,0.001000000004506632,0.0009999999989942668,0.0009999999923225042,0.0009999999892226997,0.000999999989479323,0.00001000030132001876,0.00001000031020651866,1.0167771475529048,1.5131076761371125,2.507271774559484,0.03326531551059967,0.0002594723272619809,0.00022393873884361254,0.004955611232372849,0.003709999999999896,0.003709999999999884,0.0037099999999999234,0.0010270999999996565,0.0010270999999996279,0.0010270999999996483,0.11736495719737812,9.696631597514651,0.7618318525239225,-0.0032602001432161464,-0.014998984693737722,-0.016760311448212977,-12.29137547492981,-20.621625852584838,-12.919875497817992,973.2632934570313,-0.05000382705219616,27.26260756390635
2025-03-01T17:31:52Z,40.146688474778585,-75.84970161626043,166.24769000884612,-5.622734388441113,-28.970534258822006,-0.965357627301627,1.4391117422710777,0.10006807402339987,2.5988560050592553,0.000999999995438795,0.001000000004432349,0.0009999999994412324,0.00099999999208126,0.0009999999894119032,0.0009999999896585828,0.00001100029681813441,0.00001100031138269874,1.055852333737707,1.7462229922371084,3.1168572151088547,0.035687288548793154,0.00026574509580806315,0.00022580379009260243,0.004962397874676751,0.003710999999999896,0.0037109999999998815,0.0037109999999999227,0.0010271099999996577,0.001027109999999627,0.0010271099999996478,0.3067967535286532,9.742214941020274,0.5611936798571422,0.002041806294947103,-0.025840165512378346,-0.005110819562294992,-13.611750555038451,-20.896875801086427,-11.625937929153443,973.3479296875,-0.014053235406570042,27.515791880674875
2025-03-01T17:31:53Z,40.14600137714643,-75.85004542249574,167.1313459766789,-5.940534210926268,-28.33609432515874,-0.8331052909235794,1.4468693647164685,0.09643267491478341,2.552302589872149,0.0009999999949665756,0.001000000004342851,0.0009999999991870353,0.000999999992141317,0.000999999989747696,0.0009999999895764825,0.000012000290428702777,0.000012000312959785459,1.09358213732509,1.9643088906736021,3.818152952347943,0.038003751141670865,0.0002704977969119909,0.00022812841597583738,0.004968305566117189,0.0037119999999998977,0.003711999999999882,0.0037119999999999246,0.0010271199999996572,0.0010271199999996278,0.0010271199999996466,0.6214477035573448,9.768894865688205,0.7447761315054305,0.004110902106547123,-0.0393724890228146,-0.011537417358466718,-12.644625511169433,-21.066750798225403,-11.081437921524047,973.0816528320313,0.03962861828258764,26.953479661390954
2025-03-01T17:31:54Z,40.14547766685718,-75.85037870645482,167.41831932058403,-6.532948073255787,-27.733572473445523,-0.8036670964345193,1.4515170788474776,0.0931715620794621,2.5092338293910026,0.000999999994888285,0.0010000000043462803,0.0009999999993067854,0.0009999999919534628,0.0009999999894401642,0.000999999989536615,0.000013000281863093162,0.000013000315023615574,1.1280077127062504,2.1646523330095344,4.565920183576123,0.03925248459260201,0.0002734087092507135,0.00023103920685649444,0.004974825118837283,0.0037129999999998987,0.0037129999999998805,0.0037129999999999264,0.0010271299999996563,0.001027129999999628,0.001027129999999646,0.5284518895808029,9.749114186600474,0.7215526781916056,0.0033473207853585785,-0.03879216775188686,-0.007526071886527657,-12.01462547302246,-21.83662591934204,-10.062375359535217,973.3701440429687,0.012683940180756772,26.878208985843006
2025-03-01T17:31:55Z,40.14496769802375,-75.8507014965558,167.59274964865725,-7.296847022021275,-26.555930032971347,-0.7891589017056646,1.4528466820287633,0.07644316089483776,2.4446574929912295,0.0009999999948297619,0.0010000000042620152,0.0009999999993942333,0.000999999991853808,0.0009999999894158736,0.000999999989664364,0.000014000270891766622,0.000014000317667559548,1.1576661128509884,2.3455304278736837,5.410938931251924,0.04078257757717699,0.00027294016085256884,0.00023595159420054278,0.00498329208819603,0.003713999999999898,0.003713999999999879,0.003713999999999925,0.0010271399999996558,0.001027139999999627,0.001027139999999645,1.0564706960291588,9.747751781021524,1.0150866409669248,0.0019717071461191147,-0.06244198092537867,0.004272464092871785,-13.87743803024292,-19.802625713348387,-8.654062869548797,973.4212377929688,0.07974937771063394,25.683018920645104
2025-03-01T17:31:56Z,40.143970217801304,-75.8510200230655,169.02379033010848,-6.612567367109594,-25.56692955888819,-0.5358827228757763,1.4594221013809159,0.07312429727336996,2.3973638744907877,0.000999999994940522,0.0010000000043410072,0.0009999999994833404,0.0009999999921157271,0.0009999999895150267,0.0009999999894398112,0.000015000257303769278,0.000015000320986868247,1.1808768767995557,2.5092776044864324,6.2587300896166305,0.04048658278361125,0.0002733624008876436,0.00024059483159539967,0.004989712409126583,0.0037149999999998968,0.003714999999999878,0.003714999999999924,0.0010271499999996553,0.0010271499999996267,0.0010271499999996445,0.6169464493619446,9.774278711314707,0.9422905642942685,-0.00015497015812723205,-0.0400749839106283,-0.012107558017680134,-14.283188018798828,-19.013063192367554,-8.273437840938568,972.8106958007812,0.06136412862145918,25.178428115032776
2025-03-01T17:31:57Z,40.1428248889838,-75.85133677344281,170.859445757668,-5.811168644993378,-24.875951755330558,-0.34324172901030553,1.4682074225956208,0.058498110015665516,2.349640458330558,0.0009999999949388207,0.0010000000041287607,0.0009999999991757388,0.0009999999917888283,0.0009999999894383424,0.000999999989541268,0.000016000240870891395,0.000016000325079198477,1.1971215829576312,2.6468765834780887,7.1992767362367,0.040445674502269796,0.000272702094694214,0.00024599433754701576,0.0049977846743818255,0.0037159999999998956,0.0037159999999998765,0.0037159999999999225,0.0010271599999996546,0.001027159999999626,0.001027159999999644,0.6160344285900748,9.717586437033393,0.5466033493545738,0.0011305159376156454,-0.04173266355898309,-0.0013454890058570653,-13.413750534057618,-20.071688385009764,-7.543500265777111,972.5405346679687,-0.025238736122740434,25.292354564282206
2025-03-01T17:31:58Z,40.1419214744948,-75.85164609472825,172.20610032266396,-5.587901162388279,-24.17202974913923,-0.18523435646780784,1.4721380830493807,0.042342529615529936,2.301598821307046,0.0009999999947937755,0.0010000000038653584,0.0009999999993186735,0.0009999999919552969,0.0009999999896031014,0.0009999999895044778,0.00001700022138300484,0.000017000330061911965,1.20843378788974,2.7728891394980444,8.221444465350887,0.04043367819151551,0.00027121579509047707,0.0002524187150292823,0.00500671787800578,0.003716999999999894,0.0037169999999998754,0.003716999999999921,0.001027169999999654,0.001027169999999625,0.001027169999999643,0.8506055777719564,9.778226843511902,0.5105057208971602,-0.0010000001392482297,-0.044687012532719235,0.003673115523746208,-13.510313014984131,-20.936063385009767,-6.21825021058321,972.6562841796875,0.05068670101584304,25.68095265170214
2025-03-01T17:31:59Z,40.14113457597406,-75.85194984764063,173.30574455257462,-5.595453254836196,-23.48204474429747,-0.16938487739963004,1.4756941108362496,0.029161861166467122,2.246611882597621,0.0009999999951252252,0.0010000000039967502,0.0009999999996017053,0.000999999992164754,0.0009999999898231272,0.000999999989524935,0.000018000198613154847,0.000018000336049580894,1.215649131065537,2.885672232312764,9.297272988548169,0.0402196390170248,0.0002684246868633253,0.0002606569106567191,0.0050158073214125526,0.0037179999999998946,0.003717999999999874,0.003717999999999922,0.0010271799999996547,0.0010271799999996244,0.0010271799999996424,0.9861190967090336,9.673500958120933,0.48191148807688766,-0.00008370278592104434,-0.052587530832119644,0.0018507020196593153,-14.264063081741334,-20.955563354492188,-5.783812730610371,972.6637231445312,-0.04223808620387834,26.00094178765185
2025-03-01T17:32:00Z,40.140376001393726,-75.85224828854754,174.35465565134234,-5.360454074519581,-22.117351829632664,-0.024471004360448634,1.4814355337436889,0.03016013794562626,2.1794463388563763,0.0009999999953964624,0.0010000000037150036,0.0009999999995441847,0.0009999999920344415,0.00099999998977239,0.0009999999895019132,0.000019000172130617046,0.000019000343133688548,1.2186401950610701,3.0314577052246747,10.366215541440937,0.04035354420146038,0.0002637867933814008,0.0002714643631395507,0.005023895559329832,0.003718999999999896,0.003718999999999875,0.003718999999999923,0.0010271899999996542,0.0010271899999996247,0.0010271899999996427,1.4053128633626064,9.768424157060473,1.1104072762586372,0.002923053952654538,-0.06409432041057905,-0.01254133869331469,-14.951625633239747,-21.444938278198244,-4.3537501960992815,972.594697265625,0.1533163678832925,26.502621183337173
2025-03-01T17:32:01Z,40.13966085020677,-75.85254211157543,175.38898936567037,-4.983558846664035,-21.54431371311565,0.10777320508042226,1.4898551262820365,0.026061054214290058,2.133344325540396,0.000999999995424125,0.0010000000033061627,0.0009999999994018472,0.0009999999917637964,0.0009999999899928537,0.0009999999896228263,0.000020000141175534758,0.000020000351375166774,1.2164649031352732,3.162337782599744,11.418131032165,0.03836611423888182,0.0002620464458205983,0.0002797940352188762,0.005032901649923219,0.0037199999999998974,0.0037199999999998766,0.0037199999999999248,0.001027199999999655,0.0010271999999996255,0.0010271999999996416,0.6756503633977314,9.786242809927721,0.7937361675716528,0.005821323380389208,-0.044218683249101186,-0.004563378069936548,-15.231563119888305,-20.865938329696654,-3.417000130712986,972.5336645507813,0.06359120893045342,26.058801479238745
2025-03-01T17:32:02Z,40.139016154144244,-75.85283386197617,176.2648009804181,-5.093981842509157,-21.237566656357156,0.024272703169752635,1.4921796663243356,0.02048601611518633,2.0939910709722627,0.0009999999955645873,0.001000000003662774,0.000999999999301965,0.0009999999913525186,0.0009999999897176688,0.0009999999895719677,0.000021000104863953098,0.000021000360856667795,1.2102219098760003,3.2900167305941865,12.581726350699013,0.03697905051693598,0.00026158204828007466,0.00028732299182264405,0.005042366521331822,0.0037209999999998954,0.003720999999999875,0.0037209999999999223,0.0010272099999996545,0.001027209999999625,0.001027209999999642,0.6928008848073863,9.632935521857284,0.30936086290462794,0.00030935283590684086,-0.03820767402661978,-0.0015357583468736276,-16.313250579833984,-21.148500833511353,-1.17225004658103,972.5009912109375,-0.11526998736135947,26.73485890252437
2025-03-01T17:32:03Z,40.138485557141856,-75.85311537068525,176.87694458868708,-5.254812775771102,-20.237293947440094,0.021220973193460738,1.4959680068989758,0.013754375220087461,2.031754460234379,0.0009999999956615923,0.0010000000034773098,0.0009999999994851274,0.0009999999910976318,0.0009999999897638263,0.0009999999896551622,0.000022000062285433463,0.000022000371650859027,1.2033130510581773,3.488154238259056,13.751214052465093,0.037366899457295676,0.00025737576485559505,0.00029889734086998063,0.005052234183723524,0.0037219999999998955,0.0037219999999998747,0.0037219999999999224,0.0010272199999996543,0.0010272199999996246,0.0010272199999996423,1.2581431612814118,9.717169991171671,0.7154110971000817,0.002868810210564946,-0.061719959586665735,-0.0010101813224327387,-13.429313020706177,-19.657875719070436,-1.4623125631734728,972.51421875,0.04621885077598525,23.85192771880398
2025-03-01T17:32:04Z,40.13775161395565,-75.85341622535587,177.7704283973686,-4.906643438342639,-19.793322127908294,0.14783519135636136,1.502233416442982,0.016787370654469648,1.9881031337881208,0.0009999999955068969,0.0010000000036930845,0.0009999999992323073,0.0009999999914976953,0.000999999989966328,0.0009999999895582297,0.0000230000121732443,0.000023000383760121656,1.1956540957516664,3.704971141975269,14.86325324587061,0.03611150253536686,0.0002567585334125521,0.0003071112536063578,0.0050614646123489995,0.0037229999999998974,0.0037229999999998766,0.0037229999999999243,0.0010272299999996536,0.001027229999999624,0.001027229999999642,0.7950123363615247,9.80554482841144,0.7436464071365876,0.0044366959115107,-0.04227409728772533,-0.010376774360946354,-14.883188171386719,-21.301875948905945,-0.15750001139938832,972.3217895507812,0.08759616944300438,25.98656133333185
2025-03-01T17:32:05Z,40.13686351158306,-75.85374028831137,178.8959598472687,-4.037841817457347,-19.486611290915935,0.25103959947274657,1.503419615346009,0.004662053822856062,1.9378802244335116,0.0009999999956636803,0.0010000000034248089,0.0009999999995750457,0.0009999999915264984,0.0009999999900775374,0.0009999999893789359,0.000023999952433890475,0.000024000397122763565,1.184757041987211,3.970802145517854,15.846044413666775,0.034565752089403,0.0002552252644804045,0.0003162115901284604,0.005071800345239791,0.003723999999999897,0.0037239999999998767,0.0037239999999999244,0.0010272399999996528,0.0010272399999996231,0.001027239999999641,0.709472191215146,9.739278775571039,1.1002475870740567,-0.0008222487563452651,-0.04995430291594924,0.0036415710582644793,-12.05381296157837,-19.877063179016112,1.0353750450909138,972.1409252929687,0.04865125355750137,23.269329174700495
2025-03-01T17:32:06Z,40.13620287704686,-75.8540424143598,179.73153147528953,-3.5964884237817634,-19.50412284044114,0.22423897272438062,1.4990984012585407,6.281825032947185,1.9081750657050849,0.0009999999954333572,0.0010000000032519276,0.000999999999641677,0.0009999999917369752,0.0009999999901038508,0.0009999999895953253,0.000024999880352862636,0.00002500041167932353,1.1702631569223647,4.24609320701059,16.842865328517384,0.03196699466781742,0.00025793333843979785,0.00032120906976245106,0.005081880997248899,0.0037249999999998985,0.0037249999999998747,0.003724999999999926,0.001027249999999653,0.0010272499999996235,0.0010272499999996413,0.42340697181394576,9.668476103779229,0.8031080489758927,-0.005703659012511668,-0.029527385522002195,0.0005678860663786648,-12.65025050163269,-19.464375762939454,2.0460000755265355,972.1716723632812,-0.0672115416360743,23.303959011623963
2025-03-01T17:32:07Z,40.13601508719921,-75.85428314142582,179.92818205299017,-4.032667835304255,-19.49897133718274,0.006546099005804839,1.492367817960684,6.274090154083127,1.887738776786751,0.0009999999955857925,0.0010000000032885587,0.0009999999991388109,0.0009999999918763876,0.0009999999898781915,0.0009999999898164388,0.000025999793414168895,0.000026000427499755114,1.1526936548046105,4.531587619941356,17.949684068623686,0.028925289286351144,0.00026276085953398924,0.0003243649763812794,0.00509227463132005,0.0037259999999998995,0.003725999999999874,0.0037259999999999264,0.0010272599999996523,0.0010272599999996235,0.0010272599999996412,0.2842558418467016,9.583196075060986,0.2707618885087226,-0.007021023532662515,-0.020943233245064898,0.005754562173225567,-13.018313035964965,-18.69243812561035,2.059125070683658,972.3577563476563,-0.1869875865288902,22.871846998899564
2025-03-01T17:32:08Z,40.13559167157695,-75.85455914824877,180.14153011445663,-4.204103290195355,-19.880471383470987,-0.13434846903496053,1.4889621389533114,6.270976003188121,1.8753631229122214,0.0009999999954166856,0.0010000000030784078,0.0009999999989426674,0.000999999991890513,0.0009999999897830002,0.0009999999899635156,0.000026999688984824417,0.000027000444725063432,1.1314296081463593,4.85130166748841,19.030224735252702,0.025609432984954647,0.0002694056923040439,0.0003262607437786639,0.0051023349095975805,0.003726999999999898,0.0037269999999998723,0.0037269999999999253,0.001027269999999652,0.0010272699999996234,0.0010272699999996414,0.11118350371787299,9.630111097332525,0.39130326653233855,-0.004044142571769038,-0.012423171501341384,0.0005169807365330346,-13.678875570297242,-19.050000743865965,2.1181875778734685,972.2495727539062,-0.13948206054235288,23.54779154668005
2025-03-01T17:32:09Z,40.13460051541745,-75.85492073363149,180.65081172916004,-3.93229083725001,-20.89675431520317,-0.23013322469812303,1.466989525973011,6.268121469440842,1.8743900934340847,0.0009999999957604408,0.0010000000028304585,0.0009999999986095248,0.0009999999918893449,0.0009999999899197518,0.0009999999898908768,0.000027999563157769303,0.000028000463504052023,1.1051210332081651,5.202111879892121,20.081086412765814,0.022263623233091077,0.0002785137948530842,0.0003266275435220589,0.005112256848776021,0.0037279999999999,0.0037279999999998725,0.003727999999999927,0.0010272799999996524,0.0010272799999996233,0.0010272799999996416,-0.09734053691396888,9.61406745072354,0.6340002147451113,-0.023093777771664627,-0.0007646667339893206,-0.0012553619279118274,-13.030125589370728,-19.108313217163087,1.664625054448843,972.0078149414062,-0.14263287327226043,23.187937014910904
2025-03-01T17:32:10Z,40.13342917531537,-75.85531297639659,181.0243868899194,-3.693263288567542,-22.358567603681585,-0.493801743520401,1.4717735990624832,6.262006865082657,1.8751880349010674,0.0009999999957456022,0.0010000000028900701,0.0009999999985563902,0.0009999999916896053,0.0009999999899762831,0.0009999999895038934,0.000028999410407017996,0.000029000484084231468,1.0731949764100974,5.556580906011482,21.173817996736947,0.01905962966720027,0.00028811933892060993,0.00032788287318857265,0.0051223675323859375,0.0037289999999998978,0.0037289999999998704,0.003728999999999925,0.0010272899999996517,0.001027289999999623,0.001027289999999641,-0.41647378145976105,9.465285530723284,0.5414130116370441,0.0036934780529995085,0.0006696964666001357,0.002064504971960953,-14.210438089370728,-18.877500801086427,1.375312550663948,971.93451171875,-0.2880201740655247,23.668241643361036
2025-03-01T17:32:11Z,40.13278634640311,-75.85564248947284,180.78065168993362,-3.596319386997948,-23.113200490202594,-0.6338634201024376,1.470667554379169,6.264518305430039,1.874606834363206,0.000999999995459177,0.0010000000027263049,0.0009999999986340393,0.00099999999143507,0.0009999999899960382,0.0009999999898638015,0.00002999922345733024,0.00003000050676284806,1.037889482684072,5.9845627686293925,22.32954447324762,0.017078120885078298,0.00029737134792867166,0.00033100350965715607,0.005132116476954303,0.0037299999999998957,0.0037299999999998723,0.0037299999999999235,0.001027299999999651,0.0010272999999996221,0.0010272999999996401,-0.18361224670531093,9.614158939358683,0.7317221758716895,-0.0016210457295273554,-0.00015497070000626187,-0.0041968585959409645,-13.902750511169433,-19.81556327819824,1.8200625860318542,972.1431103515625,-0.1341295323448832,24.274537618897355
2025-03-01T17:32:12Z,40.131388574782704,-75.85605599551288,180.72250394916156,-3.352215991542061,-24.31581806255618,-0.8457907641804685,1.471896712791622,6.263843007027858,1.8732389291806963,0.0009999999953206233,0.0010000000027080983,0.0009999999988286417,0.0009999999915914484,0.0009999999899414835,0.0009999999899929983,0.000030998993599742824,0.00003100053184361445,1.0023975305935924,6.4396508100349115,23.59272058408016,0.015812504516766905,0.00030642890440540064,0.00033588159829580586,0.005141960261513807,0.003730999999999894,0.0037309999999998724,0.0037309999999999253,0.0010273099999996496,0.001027309999999621,0.0010273099999996392,-0.2799795856694246,9.521884931717945,0.6105819315332838,0.000058999509107676056,-0.0010050069633681612,-0.002687388933341542,-14.949000644683839,-21.102563343048097,3.564000161960721,971.9680151367188,-0.23216789198495258,26.105368025140887
2025-03-01T17:32:13Z,40.1288787519777,-75.85656780265653,180.9219152817231,-2.742305733161264,-25.81379362507934,-0.9788059558035359,1.4622145808396032,6.258242907954264,1.8743329331012228,0.0009999999955673541,0.0010000000029343331,0.0009999999992366577,0.0009999999914922942,0.0009999999896954015,0.0009999999903187243,0.00003199871051723289,0.00003200055966075515,0.9685010204276241,6.93826852876005,24.951482716448982,0.015117534869544386,0.0003159640395738875,0.0003417207689644613,0.005151990584850113,0.003731999999999892,0.0037319999999998717,0.0037319999999999263,0.0010273199999996504,0.0010273199999996218,0.0010273199999996396,-0.2583480738900995,9.553500897722715,0.7308448070720066,-0.011771581987823715,0.0012703807591152578,0.0010667595578465645,-11.60981294631958,-17.666438207626342,1.9181250778213144,971.7134594726563,-0.19266284577539455,21.22658330342919
2025-03-01T17:32:14Z,40.125914099429494,-75.85709458098742,180.93794165018986,-2.5072339254753464,-27.2444751874116,-1.3058723841496156,1.4739936093727923,6.255089356177114,1.872093329320274,0.0009999999954980268,0.001000000002738595,0.0009999999991642868,0.000999999991592264,0.0009999999894990783,0.0009999999906293098,0.00003299836404679078,0.00003300059062830935,0.9386803754799458,7.454719427120705,26.54228328133129,0.015621858636668368,0.00032450544519479655,0.0003496416266879527,0.005161898728695278,0.0037329999999998935,0.0037329999999998727,0.0037329999999999273,0.0010273299999996512,0.0010273299999996226,0.0010273299999996404,-0.14778593558869507,9.404362097940481,0.25275688390607837,0.009081772543562305,-0.0017160137834984182,-0.0010550789799158482,-12.88181315422058,-19.14750078201294,0.5008125199377537,971.6651831054687,-0.36849342621343534,23.082815252260115
2025-03-01T17:32:15Z,40.122879763454456,-75.85759665214977,180.67058262015217,-1.4439287158797791,-28.24277802121345,-1.3185384225267949,1.4835360143531136,6.256897600385866,1.8652768896051133,0.0009999999954418903,0.0010000000026670333,0.0009999999992731674,0.000999999991351694,0.000999999989581278,0.0009999999904259582,0.00003399794177074904,0.00003400062502634038,0.9133465735944153,8.035806674233799,28.034709974495716,0.01522810310141876,0.00033160264672163156,0.0003597066546080313,0.005171594469276037,0.0037339999999998924,0.003733999999999872,0.0037339999999999266,0.0010273399999996516,0.0010273399999996225,0.0010273399999996408,-0.2433131679450156,9.654797076222541,1.0426694786931052,0.0065034555209438,-0.005856375128705734,-0.005102974940266735,-13.008188018798828,-19.93462574005127,1.0089375510439276,971.7376391601563,-0.0633257033876203,23.824730615817394
2025-03-01T17:32:16Z,40.119672497485226,-75.85807649621557,180.32491789517306,-0.5063426806434453,-29.077951531273648,-1.3300965359980157,1.492621932118109,6.256526866232047,1.864714341721188,0.0009999999960086342,0.0010000000025261859,0.0009999999992695678,0.000999999991537578,0.000999999989505716,0.000999999990360034,0.000034997427259818756,0.00003500066302743787,0.8916063963881002,8.648284100086634,29.679623512492093,0.015473710577594314,0.0003398351740474539,0.00036914506463904404,0.005181443749821943,0.003734999999999894,0.0037349999999998734,0.003734999999999928,0.0010273499999996513,0.0010273499999996216,0.0010273499999996396,-0.29958437807153826,9.685026414232766,0.8105257972237783,0.006004582440436553,0.00016064242197854316,-0.0012545265695576395,-11.811375436782837,-20.253938293457033,1.100250037163496,971.7979663085938,-0.053723377284526086,23.472084850363313
2025-03-01T17:32:17Z,40.11538174480882,-75.85855877319462,180.13471852015292,0.45075455410506904,-29.744491278873728,-1.4098945690801805,1.4909009291696036,6.242421794755723,1.8614215804386045,0.0009999999960492677,0.001000000002339936,0.0009999999994968767,0.000999999991594698,0.000999999989535729,0.0009999999906739338,0.000035996805080799816,0.0000360007049362247,0.8750376593306958,9.285899054630189,31.46767242175037,0.016457231345506293,0.0003474598685793535,0.00037956738266274164,0.005191938861105764,0.003735999999999892,0.0037359999999998753,0.0037359999999999303,0.001027359999999651,0.0010273599999996222,0.0010273599999996402,-0.25275632829149747,9.619676877066166,0.557586798624301,-0.005999578051722898,-0.003358338682051853,0.013145024319383953,-10.80356288909912,-19.55981325149536,1.6156875604763627,971.691796875,-0.13801679987585555,22.403379916218462
2025-03-01T17:32:18Z,40.109572895595875,-75.85902121103467,180.1767083530136,1.975443608962469,-29.89538077156075,-1.4112674611219642,1.5004621275297922,6.2529699136070915,1.8602906238256882,0.0009999999964134245,0.0010000000024004778,0.0009999999994671196,0.0009999999916371623,0.0009999999896289336,0.0009999999905936884,0.0000369960605335174,0.00003700075093645373,0.8642058396558913,9.967576722199224,33.249115288899006,0.017189142953310626,0.00035470664407111495,0.000389432767605682,0.0052012693910403855,0.0037369999999998915,0.0037369999999998776,0.003736999999999932,0.0010273699999996514,0.0010273699999996228,0.0010273699999996408,-0.2266830589030167,9.650529947914325,0.8114829313257153,0.003825831402960583,0.0010973025173943059,-0.009755728445623885,-11.739375476837159,-19.212000675201416,1.997062576673925,971.5173120117188,-0.08989922948970448,22.60309414923865
2025-03-01T17:32:19Z,40.10325388410164,-75.85941844443435,180.23645951278488,3.7496138198544933,-29.521799965320422,-1.3556475214049308,1.5012421083643857,6.258758225436506,1.8565928892541816,0.0009999999965030798,0.0010000000023069118,0.0009999999993498356,0.0009999999919463873,0.000999999989685696,0.000999999990656811,0.000037995177838948006,0.00003800080104297722,0.8580941358740527,10.69750257375799,35.010065985683994,0.017734105577152347,0.0003612726678395901,0.000399426068427161,0.005210875325908481,0.0037379999999998916,0.0037379999999998777,0.0037379999999999328,0.0010273799999996505,0.0010273799999996219,0.0010273799999996397,-0.3019464795527932,9.691108451340572,0.9915898967056567,-0.005388712586289186,-0.0017560701563025037,-0.003488522960360164,-13.495688066482543,-21.345188312530517,1.1797500438243151,971.5077587890624,-0.030794450518200324,25.281216306064188
2025-03-01T17:32:20Z,40.098518875710774,-75.85974783465001,179.89480617678345,4.677979743881094,-29.072277121955764,-1.3128204261280971,1.5102068954013057,6.254564496484491,1.853480765366499,0.0009999999966542662,0.0010000000023595284,0.0009999999993161252,0.0009999999917311886,0.0009999999896929054,0.000999999990882185,0.00003899414699760514,0.00003900085531172135,0.8571995615538731,11.476303519772722,36.914982814909344,0.018763031422729948,0.00036785817746376855,0.00040852641766091777,0.0052208247943882485,0.00373899999999989,0.003738999999999876,0.003738999999999931,0.0010273899999996509,0.001027389999999622,0.00102738999999964,-0.17328323228229944,9.747000526425916,0.5167270570155525,0.004518145587898326,-0.002237001236458404,0.006910698847875159,-13.74506311416626,-22.75518850326538,0.613312526308,971.8101342773438,-0.01499984586309706,26.591329604873284
2025-03-01T17:32:21Z,40.09379931042752,-75.86002304182361,179.52569632675676,5.909868400979186,-28.446653269355334,-1.2810885763365802,1.508303112164983,6.255027622735154,1.8545234421547712,0.00099999999655011,0.001000000002626894,0.0009999999992581284,0.000999999991759051,0.0009999999901024149,0.00099999999098587,0.00003999296431815736,0.00004000091367706749,0.8615431152574189,12.303729314050262,38.65904157228989,0.019796138491456585,0.000375104317163475,0.00041546855538148505,0.005230553430510386,0.003739999999999892,0.003739999999999878,0.0037399999999999326,0.0010273999999996517,0.0010273999999996228,0.0010273999999996408,-0.32611006570162926,9.725353332642243,0.812598922332364,-0.006059662886993066,0.0022370825597771648,0.0033812019948527066,-10.985437967777251,-22.049250926971435,-0.9575625387206673,971.8935595703125,-0.01260209216668716,24.652864564678936
2025-03-01T17:32:22Z,40.089339882618184,-75.86025070936158,179.0061799575631,6.871903949781624,-27.547546771474178,-1.4237289875520431,1.503460649630953,6.250012389417081,1.8560467941044871,0.0009999999961665441,0.0010000000025498698,0.000999999999483517,0.0009999999919286047,0.000999999990113034,0.0009999999911019036,0.00004099163080760599,0.0000410009759113354,0.8699383401397488,13.173465749250404,40.329717067277684,0.020497974047147052,0.00038249572682212555,0.00042078384813175535,0.005240450803036174,0.003740999999999891,0.0037409999999998772,0.003740999999999932,0.0010274099999996508,0.0010274099999996217,0.0010274099999996416,-0.1394247969491057,9.55868534946179,0.7123004317377972,-0.00856454181343752,0.0022986698577125673,0.009364338958647264,-11.599875435829162,-35.29931386947632,-6.40275028064847,972.01447265625,-0.19118337877139951,37.703979160551356
2025-03-01T17:32:23Z,40.08329532962812,-75.86037286118973,178.68452960461414,8.053641156291011,-26.01172120905301,-1.4095654636497517,1.5087540890851603,6.259956720774785,1.8604953287789046,0.0009999999963465347,0.001000000002477701,0.000999999999397267,0.000999999991699006,0.000999999990120201,0.0009999999908946173,0.00004199015691670047,0.00004200104177356438,0.8818554075544767,14.118659045862767,41.89453510531518,0.021514319914523825,0.0003902411736201221,0.0004236627080524089,0.0052497439431139735,0.003741999999999893,0.003741999999999879,0.0037419999999999303,0.0010274199999996513,0.0010274199999996208,0.0010274199999996414,-0.2498934361104703,9.6859835376714,0.718521770254294,0.0005169799253343891,0.006605266622647373,-0.003066759327453629,-20.708625955581667,-22.617563467025757,5.976562722623348,971.9088159179687,-0.06173504583419309,31.242879018196493
2025-03-01T17:32:24Z,40.0778334141435,-75.86044976351117,178.23190973058254,9.270926874112904,-24.270753454461172,-1.4240734231674388,1.505726982808262,6.254756643707224,1.8603655375202792,0.0009999999961645305,0.0010000000021592875,0.0009999999994097157,0.0009999999917572372,0.0009999999902178868,0.000999999990633963,0.00004298855637481811,0.00004300111095233784,0.8954163221615136,15.136001742213589,43.24020183408046,0.02161482026432247,0.00039749620478281126,0.0004256889831226433,0.005259584770735697,0.003742999999999893,0.0037429999999998792,0.003742999999999929,0.0010274299999996515,0.0010274299999996218,0.0010274299999996407,-0.13723398396233408,9.649489025426169,0.9619345882659485,-0.0071912650968619825,0.0009152110358106199,0.011702983517343054,-25.66612603187561,-23.67056338310242,5.845687754154206,972.0459985351563,-0.07944241123155105,35.400763551835524
2025-03-01T17:32:25Z,40.0740010657317,-75.86054796210081,177.4344469078427,10.074213239396148,-23.19329198271058,-1.4942751137529249,1.5146624365229693,6.266696823543,1.8679647925155747,0.0009999999961002252,0.0010000000020171224,0.0009999999991960162,0.0009999999918298911,0.0009999999906668837,0.000999999990731551,0.00004398684625815777,0.00004400118318115223,0.9094924638341249,16.229818925660933,44.45310875615698,0.022331295264072917,0.0004059387669090096,0.0004246448832772737,0.005268617154232628,0.0037439999999998915,0.0037439999999998785,0.0037439999999999314,0.001027439999999651,0.001027439999999621,0.0010274399999996402,-0.30181768668804476,9.64163657728615,0.7682525990313234,0.0064118259493810385,0.009252347480935787,-0.006569050289191424,-14.074500589370727,-20.88506319999695,0.28575001541525125,972.3152856445313,-0.10094137557851328,25.18643528659739
2025-03-01T17:32:26Z,40.07306627860905,-75.86077608355973,176.04702690586973,10.445534657116958,-24.0945805796969,-1.5851985847530592,1.5134108956654568,6.266809028470192,1.9056624154342754,0.0009999999961231004,0.0010000000018468762,0.000999999999081628,0.0009999999916054812,0.000999999990635251,0.0009999999908269037,0.000044985061173141216,0.00004500125782185014,0.92968786490355,17.418995975937346,45.473479277050046,0.02661195664192617,0.00041954119185135506,0.0004166470567989938,0.005277983478276293,0.003744999999999891,0.0037449999999998778,0.0037449999999999324,0.001027449999999651,0.0010274499999996215,0.0010274499999996401,-1.1500255940177977,9.710251055606014,0.4091533368772271,-0.0012528586024475286,0.037837480913212956,0.003281060741253495,-16.84050072669983,-22.306875820159913,2.29293758533895,972.7598974609375,0.008919436000832509,28.043785110966827
2025-03-01T17:32:27Z,40.070771235757285,-75.86090602008838,174.86841654235926,11.048728885995638,-24.16810249152718,-1.5704180576341769,1.5073782125263746,6.264099202775709,1.9386124874638357,0.000999999996149082,0.0010000000019039974,0.0009999999990548782,0.000999999991974022,0.0009999999904561597,0.0009999999904870135,0.00004598325692443775,0.00004600133366013787,0.9597761507129855,18.71547000610962,46.175197642958324,0.030668127393379867,0.00043174734402866646,0.000407342925114727,0.005287482087505908,0.0037459999999998926,0.0037459999999998788,0.0037459999999999334,0.00102745999999965,0.0010274599999996214,0.0010274599999996394,-1.0540014884231337,9.774757344561955,0.5509843079624568,-0.007078105023428607,0.033269514068391765,0.008112066447129043,-14.94787558555603,-21.870000886917115,0.34087500561028716,972.7707934570312,0.06909994826702415,26.492440883550596
2025-03-01T17:32:28Z,40.067264843304386,-75.86089906935551,173.873675843952,11.613633653908062,-23.128936080395537,-1.7111505377853204,1.5115288670844613,6.2733510286809135,1.961707801661516,0.000999999996317846,0.0010000000021858088,0.0009999999991279003,0.0009999999919863454,0.0009999999904055498,0.0009999999905555435,0.0000469814968643104,0.000047001409533809154,0.9952775658467375,20.072146742970954,46.51479166524713,0.032789577872277334,0.0004415927886758674,0.0003972463083383972,0.005296552429397852,0.00374699999999989,0.0037469999999998767,0.003746999999999932,0.0010274699999996504,0.0010274699999996218,0.0010274699999996396,-0.7406214811092849,9.575036341983163,0.5329583746749115,0.0018405210083516567,0.024473061166206705,-0.002048650889612885,-14.530688142776489,-20.320125846862794,-1.266562558710575,972.771552734375,-0.15944270383264972,25.01299759185928
2025-03-01T17:32:29Z,40.0615259134738,-75.86060467534122,173.3840235143889,12.714155221380999,-20.42734418101247,-1.532406239179124,1.5153890630499016,6.281140238437113,1.983724864377083,0.0009999999964270037,0.0010000000022615623,0.0009999999990039665,0.0009999999917568747,0.0009999999904054641,0.0009999999907847163,0.0000479798314517767,0.000048001484727729245,1.030769710839146,21.556163571106293,46.45181923701078,0.03423715016256475,0.00045094848967639975,0.0003852034055143935,0.005305838527311223,0.003747999999999891,0.0037479999999998773,0.003747999999999934,0.0010274799999996508,0.0010274799999996222,0.00102747999999964,-0.8715559444317384,9.794235227363776,0.9465969950845178,-0.0005318370882714783,0.02389774671701407,0.003851868858875356,-14.090813102722167,-20.50818825721741,-1.9580625940859318,972.608759765625,0.1002519083117624,24.95933231683659
2025-03-01T17:32:30Z,40.05447204775125,-75.86004792424562,173.45892588591065,13.723667256219821,-16.525153223310458,-1.3052256028797948,1.509776821019299,0.009033512663724066,2.0108444751599994,0.0009999999964797233,0.0010000000025085218,0.0009999999991772892,0.0009999999920399798,0.000999999990411169,0.00099999999091302,0.000048978292827947645,0.00004900155909414182,1.0635040975032066,23.134928953670673,46.12080141364543,0.035257321941721646,0.0004605343204992721,0.0003712108183186655,0.005315145911591844,0.003748999999999892,0.0037489999999998783,0.003748999999999935,0.0010274899999996507,0.001027489999999622,0.0010274899999996399,-0.9210403014783097,9.780539924937212,0.9314829899405466,-0.011384701440249568,0.02952287685363744,0.004334885588186491,-14.060625591278075,-18.946500654220582,-2.805375126115978,972.4538012695313,0.08931336217203144,23.760025082488685
2025-03-01T17:32:31Z,40.0479928841803,-75.85943082784968,173.72984050909707,14.657960488117235,-12.411559796874222,-1.09587923524505,1.4969104089554146,0.024345362763809587,2.0338615717675355,0.0009999999966627596,0.001000000002622907,0.0009999999989498752,0.0009999999920389914,0.000999999990626442,0.0009999999912078945,0.00004997689243875219,0.000050001633252924495,1.0900334254623996,24.787737360162076,45.578648411187764,0.03469187174169665,0.00046955118953985724,0.00035716610662141,0.005324354131296508,0.00374999999999989,0.0037499999999998767,0.0037499999999999365,0.0010274999999996494,0.0010274999999996207,0.001027499999999639,-0.8418221795997632,9.730570447075008,1.2667252846396526,-0.018377100281518635,0.025469972639269072,-0.0001638165698969776,-14.842875576019287,-19.002938108444212,-3.742500150501728,972.454091796875,0.06971343987513917,24.401361390240243
2025-03-01T17:32:32Z,40.04307259961657,-75.85890907732443,173.82988684189013,14.641174119668003,-9.471721034479796,-1.0987352861608093,1.5096089937247437,0.033704166218708365,2.0572321100567508,0.0009999999963953548,0.0010000000026899128,0.0009999999990620279,0.0009999999916302494,0.0009999999903873168,0.0009999999911186835,0.00005097564070471465,0.00005100170803239679,1.1096632376419815,26.503463671604816,45.12416748214199,0.03389936355486949,0.0004784605590086109,0.00034339219336494134,0.005333746886776359,0.0037509999999998907,0.0037509999999998773,0.003750999999999936,0.0010275099999996497,0.001027509999999621,0.0010275099999996393,-0.8646494526916649,9.605943670905987,0.4347728837689331,0.008254601183741408,0.02498211554399281,0.0031233375174370176,-14.858250617980957,-18.717188243865966,-3.556687654480338,972.5771435546875,-0.12474912309240527,24.160884028581133
2025-03-01T17:32:33Z,40.03821349728492,-75.85831381673225,174.04849160619568,15.110569110599814,-6.089375052298939,-0.9893261885294606,1.5099450207591543,0.04381400296976976,2.084521476932291,0.0009999999965515382,0.0010000000023999741,0.0009999999987794946,0.0009999999919026374,0.000999999990212557,0.0009999999909804191,0.00005197453468516834,0.000052001784271638876,1.1218733779887786,28.28724296371457,44.525057073446455,0.03254475762021867,0.00048744396330556954,0.0003304408216326258,0.005343215971888466,0.00375199999999989,0.003751999999999876,0.0037519999999999364,0.0010275199999996488,0.001027519999999622,0.001027519999999638,-0.9550981547094846,9.660619583762974,1.1156106857058348,-0.004297167504997101,0.028864778696700413,0.002760323397723026,-15.993938188552857,-18.879938306808473,-4.446375186145306,972.5318334960938,-0.008084263844095359,25.140123803877092
2025-03-01T17:32:34Z,40.03629351014204,-75.85809415839539,173.60815412221444,15.427672997672552,-4.772316109818467,-0.9526591675625449,1.5140273566958922,0.04820325634088403,2.1074587289322273,0.0009999999968715175,0.0010000000022862149,0.000999999999000883,0.0009999999919607728,0.0009999999902458132,0.000999999991094545,0.00005297354231080725,0.00005300186330577491,1.1249519487197068,30.124409502555938,44.101589327232105,0.0303886792278351,0.0004963151404889181,0.00031921648670010143,0.005352766434021725,0.003752999999999891,0.003752999999999877,0.003752999999999935,0.00102752999999965,0.001027529999999621,0.0010275299999996381,-0.8296227160633303,9.704445555387505,0.9352997371776661,0.0017285296580004253,0.02348549617750183,0.0015554512800079405,-13.895625534057617,-18.68662572860718,-4.8110627106577155,972.898974609375,0.004806293432221691,23.778610059243153
2025-03-01T17:32:35Z,40.035259629042976,-75.85798977301577,172.89646051892902,15.474973713547932,-3.803475710841831,-1.070201612276389,1.5097538964324746,0.052165278876040326,2.120015370904827,0.000999999997015646,0.001000000002239727,0.0009999999986579117,0.000999999992017843,0.0009999999904002415,0.0009999999912858348,0.00005397262377079775,0.00005400194663887907,1.1173729925017664,31.962970044311476,43.9197979897987,0.02676931418732958,0.0005054292906116422,0.0003099859713600573,0.005362378397299139,0.003753999999999893,0.0037539999999998772,0.003753999999999934,0.0010275399999996504,0.0010275399999996216,0.001027539999999637,-0.4250480510176229,9.607498938876091,0.8295088575318512,-0.005500037513171974,0.012897173702624207,-0.0006945677624125967,-13.569938077926636,-20.218500747680665,-4.787250184416771,973.0797265625,-0.12734294513378794,24.81624936600734
2025-03-01T17:32:36Z,40.03390662024957,-75.85783713257268,172.1834991916506,15.258821644029844,-2.2360886852156527,-1.1239891873094645,1.5122018115745703,0.0682120146708559,2.1205357645271787,0.0009999999972258086,0.0010000000023539547,0.0009999999985745448,0.00099999999183313,0.0009999999907539367,0.0009999999910571846,0.00005497172027124695,0.0000550020358274928,1.0969176790055615,33.830141236462914,44.043382844386144,0.02250957014273336,0.0005157115340992276,0.0003030048782948483,0.005371896214594644,0.003754999999999892,0.0037549999999998782,0.0037549999999999333,0.0010275499999996508,0.0010275499999996217,0.0010275499999996373,-0.059643764095663805,9.68098802822702,0.9280035928872505,0.0018815795441939399,0.0016362317552330785,-0.012911863482480692,-15.194438123703003,-20.698875856399535,-3.861375163719058,973.123232421875,-0.05457295070404318,25.965784972716094
2025-03-01T17:32:37Z,40.03136999239974,-75.85754574501554,171.73320986625615,14.73127751823944,-0.21234254146343923,-1.1169168266180913,1.5179201589230724,0.08599581837967527,2.1241972383579313,0.0009999999972308935,0.0010000000025688284,0.0009999999986226012,0.00099999999166358,0.0009999999905279911,0.0009999999907063526,0.00005597076453693051,0.000056002132001451,1.0666858642992234,35.7496437092835,44.47026109009691,0.019584447509544696,0.000526497370008541,0.0002986481580080758,0.005381667244014178,0.003755999999999892,0.0037559999999998784,0.003755999999999933,0.0010275599999996499,0.0010275599999996212,0.0010275599999996364,-0.30748070179269454,9.714657583870125,0.7846035549207875,0.004925388575432923,0.004925387667502479,-0.012504620097094264,-12.873562994003295,-20.573625774383544,-4.363875180110336,973.0410009765625,-0.02920395937951793,24.658540117709133
2025-03-01T17:32:38Z,40.02884844735567,-75.85727996638762,171.171011188918,13.707823467365483,1.7033397011425047,-1.2341825004393727,1.5228380525716116,0.09662475800622003,2.1200544996826487,0.0009999999972155078,0.001000000002339992,0.000999999998608777,0.000999999991268198,0.0009999999902102338,0.0009999999904538948,0.00005696969277455224,0.00005700223569158427,1.0302755397686338,37.68725224678189,45.275145889123536,0.016543535378101035,0.0005370906963467066,0.0002969494674720096,0.0053915748286706856,0.0037569999999998906,0.0037569999999998802,0.0037569999999999314,0.0010275699999996494,0.0010275699999996207,0.0010275699999996361,-0.07352998622315443,9.651018953539673,0.3922074388029606,0.00515621518726934,-0.0033207854094747177,-0.006512804667271221,-12.090375518798828,-19.82381323814392,-5.236312720179558,973.1208837890625,-0.12128815715104418,23.802884319953808
2025-03-01T17:32:39Z,40.02548914182268,-75.85697356712609,170.64594079055328,12.763736747836663,3.859833555220079,-1.265965574654519,1.5124076508588054,0.1007874064753474,2.117235933741112,0.000999999997053471,0.0010000000025817363,0.0009999999986831211,0.0009999999910603769,0.0009999999904578406,0.0009999999904174216,0.00005796842476567049,0.00005800234722090835,0.9898373013821614,39.70221619021315,46.306198186763304,0.014910576130071265,0.0005469888584791389,0.00029803335436502675,0.00540146100137516,0.0037579999999998916,0.00375799999999988,0.0037579999999999333,0.0010275799999996495,0.0010275799999996207,0.001027579999999635,-0.14807883037348293,9.714458154676004,0.6931578470805292,-0.009959350113096618,-0.0022726349716431556,0.00033372168623224956,-12.27412546157837,-19.54950072288513,-4.679437709152698,973.1131640625,-0.04051001084644846,23.55274669148348
2025-03-01T17:32:40Z,40.020113845687725,-75.85659452686603,170.39883543821128,12.246235841584951,6.4204248232860754,-1.2312703586116172,1.512531100346084,0.1149864123310784,2.1208534014812295,0.0009999999968577664,0.0010000000026811435,0.0009999999987890568,0.0009999999909856287,0.0009999999905020275,0.0009999999904591304,0.00005896684101182546,0.00005900246690101303,0.9512247869318009,41.78115708328448,47.41957028902742,0.015501381879699277,0.0005576697754382092,0.0003016320013325937,0.005411513578371299,0.003758999999999891,0.0037589999999998796,0.0037589999999999325,0.0010275899999996488,0.0010275899999996202,0.0010275899999996345,-0.5472814018721719,9.67709024651587,1.487335692666546,0.0006595164199581817,0.004854121535314074,-0.008279472819570553,-10.872562923431396,-20.21287579536438,-5.086500217616558,972.981474609375,0.024926248731188837,23.50836163227504
2025-03-01T17:32:41Z,40.14656237710764,-75.82644153486568,170.5170243048017,-29.571028007011815,12.132277670563784,-1.2465578266538864,1.4325094802292053,0.18765447137686925,2.022974704517537,0.0009999999966106082,0.0010000000025832641,0.0009999999984683474,0.0009999999911886471,0.0009999999908054597,0.0009999999902727558,3.0718220684293955e-10,3.0718260507690013e-10,0.5495889423958491,0.004596426919553559,0.004596492160462371,0.011679177431882718,0.00016220185025375255,0.00016371640052911037,0.005024476173563325,0.0037599999999998897,0.0037599999999998815,0.003759999999999934,0.0010275999999996483,0.0010275999999996195,0.0010275999999996336,-0.5005899835692167,9.575193895493625,0.6634201671686224,0.014028775241614135,0.0011054802030706745,0.0038218259652757483,-12.731812925338746,-20.665688276290894,-4.555312686562538,973.11994140625,-0.17065152436249748,24.69651983249311
2025-03-01T17:32:42Z,40.14648773247426,-75.82629347084617,169.60016618568793,-30.708812741588932,13.069437402448433,-1.529737179449511,1.4408929953275595,0.1845259584872487,2.0255411199394078,0.0009999999964189071,0.0010000000027806358,0.0009999999983029075,0.000999999991306525,0.0009999999907072358,0.0009999999900664322,1.0003071823763899e-6,1.0003071829890418e-6,0.5791331453115542,0.023688183934304847,0.023483386101302742,0.012859826753009278,0.00017199505380636936,0.00017369358157582045,0.0050323047924375865,0.003760999999999891,0.0037609999999998825,0.0037609999999999324,0.0010276099999996474,0.0010276099999996188,0.001027609999999633,-0.4318277156790973,9.556731254892943,0.6795187581277558,0.008661844847221958,-0.00024660010876672005,0.0030724318416583095,-12.910312986373901,-20.847938327789308,-4.91700018465519,973.1538720703124,-0.19137904779248568,25.009739277403895
2025-03-01T17:32:43Z,40.146412097683545,-75.82613307522114,168.41411527973628,-31.83951736748303,14.238459031859575,-1.8180769586454417,1.452266953871059,0.18303328268701294,2.0195612490617103,0.0009999999962072008,0.00100000000314771,0.0009999999984611975,0.0009999999915383125,0.000999999990479127,0.0009999999903009457,2.0003071831690416e-6,2.0003071858522285e-6,0.6113497500676421,0.08465494489403018,0.0783636763580548,0.014899307247889387,0.0001815402922741532,0.00018391348976039767,0.005040789448040033,0.00376199999999989,0.003761999999999881,0.003761999999999931,0.0010276199999996478,0.0010276199999996192,0.0010276199999996335,-0.19866283902118936,9.57982267104324,0.7001362645242417,0.013157542184846912,-0.007536754312197389,0.00005649607722680726,-15.133875665664673,-21.827250776290892,-4.738312681764365,973.3022045898438,-0.1746837814889547,26.979843024209416
2025-03-01T17:32:44Z,40.146333057460566,-75.82595872461914,166.9709996394237,-32.79918292805925,15.470778003929388,-2.022113441883631,1.4641908100506196,0.1829992750339152,2.0124244795507074,0.0009999999961102745,0.0010000000030743847,0.0009999999985178293,0.0009999999917247146,0.000999999990288679,0.0009999999904835065,3.0003071832506106e-6,3.0003071969597825e-6,0.6477594015264261,0.19332180875955843,0.16811989190568213,0.01761767541863259,0.00019119594160187518,0.00019381735112120431,0.0050502715520072995,0.003762999999999889,0.003762999999999882,0.00376299999999993,0.0010276299999996468,0.0010276299999996182,0.0010276299999996325,-0.2097338935623512,9.647538811998398,0.7718418327844567,0.013742203065273972,-0.0075158913961553084,-0.0018246679576912127,-13.5406880569458,-22.598438339233397,-5.391750200130045,973.5048754882813,-0.10162694550139412,26.89066531630486
2025-03-01T17:32:45Z,40.14624234410831,-75.82577156381369,165.48453822100797,-33.81997979446853,16.52640945682355,-2.2531468433653954,1.4731410244947059,0.1820247734039446,2.012637579734857,0.000999999995937264,0.0010000000030017994,0.0009999999988219864,0.000999999991449269,0.0009999999901285086,0.000999999990192472,4.000307170264814e-6,4.000307226190036e-6,0.6898788929574344,0.34337011836468867,0.29600382651300516,0.02062698511963162,0.00020124232422015308,0.00020269666241182316,0.005060588532054224,0.003763999999999889,0.003763999999999882,0.0037639999999999306,0.0010276399999996472,0.0010276399999996186,0.001027639999999633,-0.2845893589964355,9.603032325741555,0.5325994512478431,0.009354157980114393,0.0006900589592700014,-0.0010712678939360945,-13.934250555038453,-19.806375827789306,-4.417312687188387,973.5698803710937,-0.16039766287407511,24.616376812401697
2025-03-01T17:32:46Z,40.14613135841158,-75.82557285983206,163.89581457793193,-34.68435852355322,17.64201471099897,-2.4400807375790716,1.4668165015145667,0.17872995047897866,2.009074069748112,0.0009999999962069096,0.001000000003170889,0.0009999999986247366,0.0009999999918661826,0.000999999990262994,0.0009999999902412218,5.0003070996649884e-6,5.000307287775862e-6,0.7386359531724164,0.547460274336526,0.4577386588656609,0.024131416585588646,0.00021111530774342327,0.00021059131110245772,0.00506984988706441,0.0037649999999998882,0.0037649999999998813,0.00376499999999993,0.0010276499999996474,0.001027649999999619,0.0010276499999996333,-0.21745238001226122,9.622422669579677,0.6829550116462352,-0.005508882970013911,-0.001708503216046025,-0.00014378793616434205,-12.011625452041626,-19.533938264846803,-4.905187677666545,973.714736328125,-0.1334579631831943,23.450210426315618
2025-03-01T17:32:47Z,40.14596169747965,-75.82536583237409,162.66043900834734,-35.310482367574636,18.541080497157076,-2.442845403284272,1.4649042974219735,0.17048124104428777,2.0027629126138304,0.0009999999965241615,0.001000000003097177,0.0009999999984389358,0.000999999991754971,0.0009999999899642942,0.0009999999903829633,6.000306867694446e-6,6.00030739986549e-6,0.7939056452375624,0.8003460124121273,0.651276703546285,0.027443298330623665,0.00022087356106813944,0.0002169527790525834,0.005077323603750916,0.0037659999999998866,0.0037659999999998797,0.003765999999999929,0.001027659999999647,0.0010276599999996183,0.0010276599999996326,-0.2999433067968058,9.705804076827375,0.8354909156239374,-0.0010203622734171452,-0.001641407675927791,0.0017488916205855986,-13.27331301689148,-21.70631335258484,-4.350000174939632,973.6057006835938,-0.03633508709524529,25.812104750276227
2025-03-01T17:32:48Z,40.14574407126069,-75.8251528707197,161.46559638229445,-35.89618364932208,19.24699397248687,-2.465984057959709,1.464398644659106,0.15849256434914438,1.995228819768786,0.0009999999963671512,0.0010000000031681376,0.0009999999988056537,0.0009999999920792379,0.000999999990216978,0.0009999999906887698,7.000306286173045e-6,7.000307583187858e-6,0.8535904439326797,1.0939279015007968,0.8762605804086717,0.030393124048213455,0.00023048316073093534,0.00022143539390521362,0.005082230946723186,0.003766999999999887,0.0037669999999998803,0.0037669999999999284,0.0010276699999996466,0.001027669999999618,0.0010276699999996323,-0.2653480620571754,9.668710081128635,0.7620358408907864,0.00010907031123992854,-0.0013479926166396188,0.004342563400577853,-12.602250509262085,-22.862625923156738,-5.219250211715698,973.775634765625,-0.08041633522241712,26.622438742503967
2025-03-01T17:32:49Z,40.145464755363875,-75.82493753647191,160.3399185382353,-36.41481084421622,19.735221652875094,-2.4840772574945245,1.4661300075539332,0.1551708826836111,1.98631780670705,0.0009999999960837805,0.0010000000029134763,0.0009999999991697334,0.0009999999922738394,0.0009999999897663144,0.0009999999906170993,8.000305070583981e-6,8.000307861504145e-6,0.9143353933750532,1.423070104108733,1.128609992558812,0.032724243836645246,0.00024086180995167524,0.0002239164751966937,0.005086388679521057,0.0037679999999998886,0.0037679999999998817,0.0037679999999999303,0.0010276799999996465,0.001027679999999618,0.0010276799999996325,-0.2730240504910231,9.651646509803147,0.6790003116651896,0.0020950486428770393,7.926968628943444e-6,-0.00544913177043011,-11.397187929153443,-21.94612600326538,-5.149875235557556,973.915927734375,-0.1034497339362751,25.259591896072326
2025-03-01T17:32:50Z,40.14510405249623,-75.82472372494723,159.3874659783679,-36.54464373017577,20.05352219485327,-2.406039894346221,1.4587770129416326,0.1431787378902606,1.9743066589271245,0.0009999999962123217,0.0010000000029727176,0.0009999999994468255,0.0009999999920576078,0.0009999999895804407,0.0009999999905179386,9.00030284501859e-6,9.000308259054798e-6,0.97198496522967,1.7937464365582863,1.3920475413514046,0.034018902308348316,0.00025064482511894193,0.00022458590291485548,0.005086660360202346,0.00376899999999989,0.0037689999999998792,0.0037689999999999313,0.0010276899999996465,0.0010276899999996179,0.0010276899999996322,-0.34760623809999824,9.676320144212655,0.9415367626873682,-0.007000995333404972,-0.00209905540133524,0.0016687785702858777,-12.756750564575196,-23.595563335418703,-5.41218772649765,974.0063500976562,-0.054609398334131164,27.36374032273147
2025-03-01T17:32:51Z,40.144693705644215,-75.82451089693367,158.45647932580218,-36.664413701079894,20.301477034745076,-2.356179280820212,1.4523697766563817,0.13654622434001246,1.9660895276835386,0.000999999996314511,0.0010000000031730259,0.000999999999182115,0.0009999999922629984,0.0009999999898283637,0.0009999999905600987,0.000010000299164976835,0.000010000308800330735,1.023064989970477,2.2024334477346352,1.6726154968972793,0.034855247580202524,0.0002609767873708582,0.00022355997574739235,0.005085996750071779,0.0037699999999998906,0.0037699999999998785,0.0037699999999999314,0.0010276999999996462,0.0010276999999996174,0.0010276999999996317,-0.247261331590451,9.657229827877886,0.9482327372238605,-0.006803215053372006,0.0023801185692237585,-0.003117664618927869,-14.135063095092773,-23.34975086212158,-5.013375219106674,974.1829418945313,-0.07605088307572333,27.751432035801226
2025-03-01T17:32:52Z,40.14421102933431,-75.82430257650742,157.6664206409628,-36.73276260998275,20.248246258271546,-2.209546361024515,1.4553299553122478,0.12745379233270465,1.954577008302897,0.0009999999964285123,0.001000000003286865,0.0009999999990213649,0.0009999999925259962,0.000999999989683139,0.0009999999900578702,0.00001100029354069408,0.000011000309512793053,1.0648206158629545,2.6271475794083385,1.970271382469235,0.03454283244797962,0.00027102494009355517,0.00022159199665183418,0.005083348901217764,0.0037709999999998916,0.0037709999999998795,0.0037709999999999333,0.001027709999999646,0.0010277099999996173,0.0010277099999996316,-0.3724857165664832,9.736033446626669,0.8604161503276585,0.002787362109845707,-0.0006742050294562137,-0.0012952510610042618,-12.1428754901886,-21.47250089645386,-5.046000205278396,974.2903881835938,-0.0017922722245989672,25.178905353685288
2025-03-01T17:32:53Z,40.143571355468964,-75.82410689836958,157.26386492246064,-36.78578904772638,20.078974529078607,-2.1615920366760246,1.4560343319500655,0.11542854462310974,1.9371522840875954,0.000999999996254937,0.001000000003470686,0.0009999999988640077,0.0009999999927197529,0.0009999999894745313,0.0009999999898186423,0.000012000285458278689,0.000012000310426244557,1.0967458630294709,3.0957623855356724,2.28420088484849,0.03460988785462384,0.0002808073470829615,0.00021922043981522957,0.005079674021782619,0.0037719999999998896,0.003771999999999878,0.0037719999999999325,0.001027719999999647,0.0010277199999996164,0.0010277199999996327,-0.1055388817507174,9.636465860019586,0.7084523038908122,0.0006798779336267475,-0.004682713407141624,-0.0006945672458405378,-12.652312984466553,-22.49493839263916,-5.904562714099884,974.233984375,-0.11979790167133314,26.475733093027557
2025-03-01T17:32:54Z,40.14275086176293,-75.82392725085118,157.2717633508728,-36.33249475305037,19.589433375786353,-1.9348810457767762,1.4530531827136486,0.10329648871120548,1.9196580913582857,0.0009999999962957851,0.0010000000035399878,0.000999999998693653,0.000999999992924663,0.0009999999895863565,0.0009999999898216013,0.000013000274376898869,0.000013000311571241332,1.119199635077402,3.5949625384927923,2.5949960094988724,0.03353489162927428,0.00029070847691772974,0.00021664832432229442,0.005076368872599017,0.0037729999999998893,0.003772999999999877,0.0037729999999999322,0.0010277299999996465,0.0010277299999996168,0.0010277299999996322,-0.22464915391676632,9.724787138935433,0.9854411382675665,-0.0036368989992339386,-0.0030158536006060378,-0.002018107971084473,-12.683625478744506,-22.599938383102415,-5.459250209331512,974.1363647460937,-0.00561453165762092,26.4845669588984
2025-03-01T17:32:55Z,40.141947491497675,-75.82374891922716,157.13491191012565,-36.0873228897151,19.440063370975743,-1.8960856771204746,1.4529036772518154,0.08755322811019636,1.892527526474412,0.0009999999959758913,0.0010000000035394873,0.000999999998804963,0.0009999999931549666,0.0009999999895247455,0.000999999990344188,0.000014000259733541234,0.000014000312978490314,1.1336111630341317,4.15550700415228,2.9189493259526396,0.03330332762492258,0.0002996198712372009,0.00021481440825216923,0.0050721866006398775,0.0037739999999998886,0.0037739999999998764,0.003773999999999932,0.0010277399999996458,0.0010277399999996163,0.0010277399999996314,0.17708876736612683,9.615165802123485,0.9112538213615896,0.00012909828180511832,-0.015538080699502129,0.0022696284905910757,-12.022500495910645,-21.95943835258484,-5.063625190258026,974.2854272460937,-0.12289028810272733,25.542027149778143
2025-03-01T17:32:56Z,40.1412025450198,-75.82356396686828,156.74986905049877,-35.62557198702926,19.940273110625498,-1.812004615962901,1.4505703726179737,0.08037737912007181,1.8527202876630386,0.0009999999961528595,0.001000000003285311,0.000999999998689029,0.0009999999931903194,0.0009999999899218,0.0009999999907249417,0.000015000240985354697,0.000015000314676998333,1.1444533453047046,4.840012178259584,3.2314115908528795,0.034073238626646504,0.00030788492799220426,0.00021411017507307374,0.005069582036424151,0.003774999999999888,0.0037749999999998774,0.003774999999999932,0.001027749999999646,0.001027749999999617,0.0010277499999996314,0.6514030831061808,9.680041391687032,1.3584423076499095,-0.0010305431283236135,-0.02978191170476899,-0.005846193728781128,-12.327563018798829,-21.743063316345214,-5.142375223636627,974.469384765625,0.013758020898756752,25.518053171831532
2025-03-01T17:32:57Z,40.140400141066415,-75.8233781418268,156.42707568077162,-35.02600763499089,20.337906101063584,-1.7328511816101793,1.4474206529015838,0.06872318017542652,1.8122797460773998,0.0009999999960415061,0.0010000000032876248,0.000999999998688496,0.0009999999930432291,0.0009999999897079461,0.0009999999909314264,0.000016000217631832002,0.000016000316688007936,1.1533821684247652,5.572008912263293,3.536832002323983,0.03448593885576502,0.00031549397469302857,0.00021390399035444102,0.005066991972874874,0.003775999999999887,0.0037759999999998784,0.0037759999999999335,0.0010277599999996452,0.0010277599999996166,0.001027759999999631,0.654154840139794,9.654158980684173,1.4339757285491326,-0.0022013681164832406,-0.03148215240474041,-0.0013563373877738157,-12.822188034057618,-22.077938289642333,-4.087312659919262,974.521220703125,-0.0008850394065011359,25.856282753957963
2025-03-01T17:32:58Z,40.139522194264146,-75.82319535599197,156.20433840106963,-34.60459028504529,20.495199791163508,-1.6419250580377465,1.440102144571282,0.0709924325699889,1.7814114569503563,0.0009999999961002707,0.0010000000032048641,0.0009999999990842883,0.0009999999931246946,0.0009999999898992595,0.0009999999908331463,0.000017000189172267427,0.000017000319037650803,1.1598010134558987,6.33553074690623,3.855429037639813,0.03451962751003627,0.0003241292782687884,0.00021343168935424855,0.005067886469699948,0.0037769999999998855,0.003776999999999878,0.003776999999999933,0.001027769999999646,0.0010277699999996174,0.0010277699999996317,0.5774354601018631,9.678634360013081,1.2180842884720333,-0.007211293006962307,-0.02053515549855837,-0.01415362081809205,-13.962188034057617,-22.845750875473023,-3.2321251240745186,974.5454345703125,-0.010813409892274124,26.968776674723347
2025-03-01T17:32:59Z,40.13844237286384,-75.82302729616922,156.3480123882282,-33.80977287943481,20.510416313990902,-1.4351993238112108,1.4444662511804323,0.0518038842037039,1.7355718273539882,0.0009999999962561747,0.001000000003363782,0.000999999998882773,0.0009999999932745513,0.00099999998982786,0.0009999999910174837,0.00001800015507647348,0.000018000321747297103,1.1638715920580545,7.1869019166488055,4.151979633984761,0.03463715669273938,0.0003304690446408199,0.00021445640854327023,0.0050660140326788125,0.0037779999999998847,0.003777999999999878,0.003777999999999933,0.0010277799999996473,0.0010277799999996182,0.0010277799999996327,0.6802366042946038,9.726422253287609,1.4911243153832077,0.0049762939879505995,-0.03711228976766213,0.004029452938905754,-15.385500650405884,-21.530625886917115,-4.4531251937150955,974.4422534179688,0.0806770829891868,26.834848122392984
2025-03-01T17:33:00Z,40.13734831358042,-75.82286295283328,156.5407255937045,-33.23505240718454,20.392002547351595,-1.3375917960276662,1.446318983624562,0.04081684673338496,1.6939622474111762,0.0009999999960592278,0.0010000000034919648,0.0009999999987822575,0.0009999999930179534,0.0009999999901168614,0.0009999999910811864,0.000019000114802540817,0.000019000324833722974,1.1658614821357518,8.075231509246976,4.445214352824581,0.034352372200582314,0.00033704557407436385,0.00021571527460709038,0.005066482210368621,0.003778999999999883,0.003778999999999876,0.0037789999999999317,0.0010277899999996478,0.001027789999999619,0.0010277899999996335,0.7159053597932287,9.647488459036543,1.2413849057524233,0.0019216366734615986,-0.03299279142769813,-0.0028876721862896096,-14.802188081741333,-22.50543840408325,-3.187312626540661,974.463876953125,-0.02950767776451629,27.124817611895192
2025-03-01T17:33:01Z,40.13626628957533,-75.82270156245028,156.71290870649622,-32.613608811123626,20.142054887247987,-1.2105701994986637,1.4386314605358022,0.03157090668924881,1.6600619518500892,0.0009999999958920723,0.0010000000035765512,0.0009999999991357332,0.0009999999931188546,0.000999999990432428,0.0009999999909275,0.000020000067653223947,0.00002000032831472435,1.164915428542436,9.005626351916154,4.717560926488276,0.03337876985159842,0.00034404167193729265,0.00021678596462999767,0.005068129047699203,0.003779999999999882,0.0037799999999998746,0.0037799999999999336,0.0010277999999996478,0.001027799999999619,0.0010277999999996333,0.6171857296615509,9.666561785376555,1.3681332409170528,-0.007943496045814591,-0.026350888175853505,-0.002995491402152459,-12.975750484466552,-22.209000911712646,-1.8262500732764602,974.4982983398437,-0.0004208076486355403,25.786476817409614
2025-03-01T17:33:02Z,40.13592974659354,-75.82248185660981,155.84875968676457,-32.47016908431,20.937921519841627,-1.2607335555349748,1.4374815762924475,0.030642043719064014,1.6223538910144388,0.0009999999962236204,0.0010000000037148028,0.0009999999993353457,0.0009999999934190366,0.0009999999903613354,0.0009999999913680175,0.000021000012816994762,0.000021000332202489823,1.1616228151931733,10.037085373640204,4.9758513966034466,0.032982087545573247,0.00034975294260193335,0.00021940187412398777,0.005070931888909587,0.0037809999999998825,0.0037809999999998756,0.0037809999999999324,0.0010278099999996469,0.0010278099999996182,0.0010278099999996326,0.8244839318845523,9.637289594646692,1.3763087224000394,-0.0003115254593753094,-0.03546629305069899,-0.006042138428335928,-12.873563041687012,-22.394813308715822,-1.614750069193542,975.0391577148438,-0.012980972216378577,25.88167444003466
2025-03-01T17:33:03Z,40.13572980441214,-75.82224358782167,154.68716706599565,-32.62622140402858,21.592684106197336,-1.4286287117314433,1.4322696417996184,0.028083188188329184,1.595202462417325,0.0009999999960679127,0.0010000000035295133,0.0009999999993640543,0.0009999999935923222,0.0009999999902764625,0.0009999999915380857,0.00002199994942223112,0.000022000336519928195,1.1562258330873258,11.07342727210008,5.236766635234313,0.03153763726393883,0.0003562668916440127,0.00022141041427211177,0.005074228588665656,0.0037819999999998835,0.0037819999999998766,0.003781999999999932,0.0010278199999996457,0.001027819999999618,0.0010278199999996314,0.5530757351974384,9.568211545534014,1.1278238841985877,-0.0045633775727827175,-0.026320345057421486,-0.002089375310016927,-13.377563018798828,-22.586063308715822,-1.5045000624656677,975.2515795898438,-0.13266707579094872,26.293540882504683
2025-03-01T17:33:04Z,40.134626442869944,-75.82207289407569,154.6496369780149,-32.11963397415463,21.131085633402492,-1.0080282690388271,1.4363599790126949,0.016553516330359848,1.5619240376368773,0.0009999999959107774,0.001000000003674065,0.000999999999185049,0.0009999999938977986,0.0009999999900151776,0.000999999991303883,0.000022999876083014844,0.000023000341290592623,1.1472919835955475,12.206288228517442,5.4813732830127915,0.02990702665996626,0.0003622618940449201,0.00022424595637509894,0.005077921602357594,0.0037829999999998845,0.0037829999999998776,0.003782999999999933,0.0010278299999996457,0.001027829999999617,0.0010278299999996313,0.4485316142876527,9.963231928186067,1.5639060122364663,0.004080359272547242,-0.02859072605013794,0.0005577057596940973,-11.128687946796417,-21.559500875473024,0.975000024959445,974.8392895507812,0.31227458098712946,24.281843563851087
2025-03-01T17:33:05Z,40.133510236675804,-75.82190869815547,154.6949524634664,-31.903883967558027,20.19665191815767,-1.0900133518515944,1.4355566823001507,0.0240255378354341,1.5480288544856422,0.0009999999959976365,0.0010000000037300649,0.0009999999989728189,0.0009999999936841193,0.0009999999899244875,0.000999999991022329,0.00002399979062266518,0.00002400034654284238,1.1328879889262151,13.2502507098,5.712651106168723,0.02679222940268956,0.0003710887761662541,0.0002251211253108691,0.005085337592780899,0.003783999999999886,0.003783999999999879,0.003783999999999934,0.0010278399999996456,0.001027839999999617,0.0010278399999996313,-0.04481610974871237,9.50109483161934,1.2695888203429728,-0.0010425606063371158,-0.007566796751944979,-0.0151149819717753,-12.596063041687012,-21.815625820159912,-0.454875024035573,974.863837890625,-0.19715956235351711,25.19497332485632
2025-03-01T17:33:06Z,40.13306147556897,-75.82170103955383,153.98780557570223,-31.810846545171135,19.783779056192376,-1.058525916280075,1.4303646030304953,0.018213717325514918,1.5414385780074842,0.000999999995940944,0.0010000000037284561,0.0009999999988795846,0.0009999999938141429,0.0009999999897932735,0.00099999999126375,0.000024999689611859745,0.000025000352330133142,1.1116012345659942,14.346194018272532,5.955661577905725,0.023641144771122967,0.0003802407389287517,0.00022619430583750732,0.005090727748831468,0.003784999999999884,0.0037849999999998805,0.003784999999999935,0.0010278499999996447,0.0010278499999996158,0.0010278499999996304,-0.24650360453225284,9.691128133770073,1.384284787976279,-0.005164061964537676,-0.005713839802439168,0.002960439990870373,-13.119188060760498,-21.832500839233397,-0.1599375035241246,975.2502221679688,0.009838814057847959,25.471438428630943
2025-03-01T17:33:07Z,40.132528532740494,-75.82150090438151,153.2875585608479,-31.943427985237935,19.32040939282259,-1.1351758894944348,1.427510082427258,0.016932775105850784,1.5367917098853292,0.000999999996168442,0.0010000000038843982,0.0009999999986812322,0.0009999999937277627,0.0009999999900067607,0.0009999999909969216,0.00002599956872247754,0.000026000358720573003,1.085140727085029,15.50188911030156,6.227555410352087,0.020977890163258524,0.0003897564484683346,0.00022798105768182423,0.005097530850020269,0.003785999999999883,0.0037859999999998806,0.003785999999999936,0.0010278599999996455,0.001027859999999616,0.0010278599999996312,-0.23271152789350505,9.607987354837661,1.1972941975614542,-0.0028350975373429635,-0.003130515778299493,-0.0013755319276181955,-12.956062994003297,-20.758688411712647,-0.533062511086464,975.3141967773438,-0.09760964851716271,24.475791656818355
2025-03-01T17:33:08Z,40.131564951510036,-75.82132888023952,152.83380637973872,-31.867478485690093,18.144752388316654,-1.095883249511279,1.423193744036434,0.014191893313710839,1.5422582035232382,0.0009999999961258189,0.001000000003443937,0.0009999999988658142,0.000999999993720812,0.0009999999900772777,0.00099999999074762,0.000026999421951078716,0.00002700036579042143,1.0540269173445393,16.65200679289702,6.515004508759524,0.0181195376911915,0.00040087374138526725,0.00022933090338484656,0.005104925113262676,0.003786999999999884,0.0037869999999998825,0.003786999999999938,0.0010278699999996441,0.0010278699999996155,0.00102786999999963,-0.6510900313840737,9.656033395763327,1.4543147311025137,-0.00443102388388034,0.007643736702216309,0.00030317795874270324,-12.102937917709351,-21.5593133354187,-0.12075000625103711,975.2394311523437,0.004052819851709194,24.724424396222204
2025-03-01T17:33:09Z,40.13111417432136,-75.82113468219464,151.87317257549694,-32.27585720921804,17.78345047334036,-1.3219482485267506,1.4389418621840655,0.013733793290919425,1.5386559534139257,0.0009999999963951017,0.0010000000036572484,0.0009999999991654577,0.00099999999367455,0.0009999999901134527,0.0009999999907280795,0.00002799924210233602,0.00002800037362950007,1.0206305824297743,17.93104989729074,6.868057030172765,0.016531476467492888,0.00041044960596323875,0.00023344793675131935,0.005112812676296821,0.003787999999999885,0.0037879999999998817,0.0037879999999999373,0.0010278799999996436,0.0010278799999996148,0.0010278799999996293,-0.2557558548355849,9.516491928732925,0.9152915575639822,0.015788600091698784,-0.002751146082118047,-0.001162897115381898,-12.590250492095947,-20.258063220977782,0.16631249990314248,975.5366088867188,-0.21870187605228772,23.852227673339875
2025-03-01T17:33:10Z,40.131231659229755,-75.82092043449671,150.4726063473139,-32.17585601441535,17.629109063353518,-1.2738258903392856,1.4380678305168764,0.010869375528430585,1.5336726326861172,0.0009999999963528512,0.001000000003514682,0.0009999999990673253,0.0009999999935840528,0.000999999989965034,0.0009999999910712582,0.000028999020962665,0.00002900038231273216,0.9878550267290467,19.299988083983664,7.236237902256734,0.015144195959308809,0.0004196148157996611,0.00023907622160095613,0.005120452341472735,0.0037889999999998836,0.0037889999999998836,0.0037889999999999387,0.0010278899999996427,0.001027889999999614,0.0010278899999996282,-0.37173060996531043,9.757479884409765,1.421317317855753,-0.0008022200949748758,-0.005734201675135089,0.0026802100450089785,-12.144187984466553,-19.531875762939453,0.10199999749660493,975.869130859375,0.08494878235269637,22.99964207572202
2025-03-01T17:33:11Z,40.131072299093624,-75.82071651769874,149.19854525921193,-32.37797337931638,17.470746729630072,-1.3646756911701168,1.4378902399528586,0.012537807876461497,1.530584242022703,0.0009999999961818943,0.0010000000031739804,0.0009999999994502523,0.0009999999934809192,0.0009999999904336035,0.0009999999913496147,0.000029998748814750888,0.00003000039190656769,0.9567477559869482,20.756545700636625,7.6757733644975925,0.014306360025031713,0.00042915884714719,0.0002453925687372333,0.0051292865172749644,0.003789999999999883,0.003789999999999883,0.0037899999999999384,0.001027899999999642,0.0010278999999996149,0.0010278999999996275,-0.23513770153831434,9.648974584575953,1.0904461632268516,-0.00015497018314052763,-0.0027511451630523615,-0.002201367477960415,-12.057750539779663,-20.385938339233398,0.1633125108852983,975.9433813476562,-0.06925123826593575,23.68544046914645
2025-03-01T17:33:12Z,40.129531899712546,-75.82053823264748,148.4058948151685,-32.863121236459214,16.767063456595665,-1.4717695905680794,1.4405851272837165,0.013718254344086363,1.5281915814211697,0.0009999999958679416,0.001000000003348646,0.000999999999670966,0.000999999993638365,0.0009999999907625765,0.0009999999913632338,0.00003099841585427648,0.00003100040251431252,0.9284885166246198,22.279617639167864,8.20410293587615,0.013980660622756907,0.00043901190181444853,0.0002523098886865126,0.005138738275175703,0.003790999999999882,0.003790999999999882,0.0037909999999999368,0.0010279099999996413,0.0010279099999996153,0.001027909999999627,-0.2841376026972322,9.628424423464743,0.7140616960941403,0.002412331598383173,-0.0004066596893565832,-0.003758905513829132,-11.359687871932984,-20.710688285827636,0.5400000293925404,975.7249609375,-0.12336986557579922,23.6276175897518
2025-03-01T17:33:13Z,40.127049883043775,-75.82036283414425,147.8151062846223,-33.11208210449915,15.86866529603684,-1.5125283920273935,1.4397125962008526,0.012580644691241104,1.5294629350793874,0.0009999999956147247,0.0010000000033520563,0.000999999999833197,0.0009999999936890402,0.0009999999907835922,0.0009999999911187302,0.00003199801165565099,0.00003200041421780881,0.9036965200554414,23.887322105428975,8.787689769446601,0.013964409838431061,0.00044936593145710146,0.00025941837587953385,0.005148209254424799,0.003791999999999884,0.003791999999999884,0.0037919999999999373,0.0010279199999996404,0.0010279199999996143,0.0010279199999996278,-0.2845494716920858,9.65511614385906,0.8350123569149089,-0.0017228560788813741,0.0034796747034433672,-0.0016312272774300874,-11.39418797492981,-22.192500953674315,0.4040624945610762,975.6305615234374,-0.08698102375272278,24.949856618528877
2025-03-01T17:33:14Z,40.12394061920006,-75.82017811435432,147.36521939574305,-32.9672178922059,14.775748182075363,-1.397041796756316,1.4386908875189672,0.0079662215644908,1.5292734140835544,0.0009999999955342003,0.001000000003241309,0.0009999999995853064,0.0009999999938845434,0.0009999999905720932,0.0009999999912226156,0.00003299752381776654,0.000033000427061148004,0.8822893783273319,25.560013355157203,9.42246733718508,0.013856638196375113,0.00045925625936886103,0.00026746008118802035,0.005157291793547066,0.003792999999999882,0.003792999999999882,0.003792999999999937,0.0010279299999996407,0.0010279299999996138,0.0010279299999996273,-0.4399633206296321,9.765026449200139,1.127774195164609,-0.002455894034729096,0.0015452710489239922,0.001759072901637155,-10.67418791770935,-21.342938385009766,0.7299375374615192,975.6097778320312,0.057590141958565384,23.874456759216116
2025-03-01T17:33:15Z,40.12334806557,-75.82000098221638,146.05210169662092,-33.429166330701385,14.558915767236089,-1.5311435390295067,1.4377263190970617,0.004553889134309904,1.5273653301847951,0.0009999999953168763,0.0010000000030764003,0.0009999999994186333,0.0009999999938760465,0.0009999999902249267,0.0009999999910380753,0.000033996939926898274,0.000034000441084984455,0.8649011655924045,27.307869174406648,10.152375641886703,0.014507383757232515,0.00046827723765250387,0.0002766303337655594,0.005166294021092083,0.003793999999999883,0.0037939999999998834,0.0037939999999999385,0.0010279399999996402,0.001027939999999614,0.0010279399999996268,-0.20007499183683086,9.642153706531722,0.7569756121414845,-0.0012628728775910434,-0.002089041976403026,0.002830422522483415,-13.346250591278077,-21.37912573814392,1.6115625673159957,976.2454760742188,-0.10827394546572436,25.254385476210086
2025-03-01T17:33:16Z,40.122390239128684,-75.81981623164333,144.69260138487843,-33.7228234820192,14.364840687012153,-1.654974040098728,1.4428127488419793,0.0023052186670768355,1.5197771202897004,0.0009999999949784333,0.0010000000033338096,0.0009999999993173148,0.000999999993788511,0.0009999999902592833,0.0009999999912174917,0.00003499625036134588,0.00003500045631442222,0.8527613578476015,29.116920199408135,10.945497776963187,0.015218072054315678,0.0004758600562197784,0.00028715413192290226,0.005175658675751197,0.0037949999999998827,0.0037949999999998827,0.0037949999999999373,0.0010279499999996408,0.0010279499999996129,0.0010279499999996272,-0.12315359528701585,9.63597360356341,0.8216923096930834,0.004457058624900454,-0.007475167222790507,0.00088349944581849,-12.461625509262085,-21.875438356399535,0.568312523290515,976.3533959960937,-0.11041718771996929,25.182282061116645
2025-03-01T17:33:17Z,40.12050028015854,-75.81960623285053,143.47379418309995,-33.67049512648721,13.996847918306775,-1.666077932788674,1.449308541559526,0.005577364890360311,1.5215668598663608,0.0009999999951557721,0.0010000000033229604,0.0009999999989586598,0.0009999999938399315,0.0009999999898877994,0.0009999999913933928,0.00003599544666823983,0.00003600047273323087,0.845510368227256,30.956608357914508,11.8042633650659,0.01585260502179627,0.00048418280994062444,0.00029650994940450817,0.005186116431456457,0.003795999999999881,0.003795999999999881,0.0037959999999999366,0.0010279599999996414,0.0010279599999996128,0.001027959999999627,-0.2487552157883379,9.716958809896168,0.9000350222431355,0.004895845825338716,0.0027177630654921636,-0.003488522880829143,-14.229375591278076,-21.03018840789795,1.7917500361800194,976.369130859375,-0.020379778081450833,25.454896027085596
2025-03-01T17:33:18Z,40.117111601768464,-75.81934177858469,142.4517925961671,-33.262399432719334,13.698662985398895,-1.8779276878994555,1.460273180184642,0.007882999784402218,1.5159051382974884,0.0009999999953081444,0.0010000000034411306,0.0009999999989138246,0.0009999999934923237,0.0009999999899087746,0.0009999999916037313,0.000036994523126294404,0.000037000490297506044,0.8429501300814997,32.773000848722255,12.720549088427278,0.016756885925531397,0.0004903340850343057,0.00030723769336434356,0.0051965040634117145,0.0037969999999998803,0.0037969999999998803,0.003796999999999936,0.0010279699999996418,0.0010279699999996132,0.0010279699999996275,-0.20187746834518877,9.504248705542738,0.7031279469394295,0.007684461132458088,-0.004695731700840817,-0.003321286258063015,-12.594375467300415,-19.176188230514526,0.4608750143647194,976.30107421875,-0.2497037684410594,22.946776657132872
2025-03-01T17:33:19Z,40.11288551832361,-75.81902719738551,141.4527317644957,-32.60159679829031,13.540823935301738,-1.89034499977772,1.4737229280385196,0.011365165630718554,1.5148081964161904,0.000999999995327291,0.0010000000036398922,0.000999999999099795,0.0009999999937754989,0.0009999999898336078,0.0009999999916847826,0.00003799348026652176,0.00003800050895312072,0.8456070740421077,34.6131722246805,13.732726580360138,0.018084524307857196,0.0004959100367473493,0.00031732655534532527,0.005207104176861976,0.003797999999999882,0.003797999999999882,0.0037979999999999377,0.0010279799999996409,0.0010279799999996122,0.0010279799999996266,-0.20819490456307355,9.70609309812108,0.49027394499243687,0.008791361525689004,-0.00027647550512535993,-0.0034985375779796653,-12.314438009262085,-20.32968831062317,-0.3011250098794699,976.337060546875,-0.06134139759309685,23.770356908625775
2025-03-01T17:33:20Z,40.10903960293433,-75.81870499597368,140.36680979636483,-31.607965024462324,13.34291146789563,-1.8166227667706665,1.4762752439912,0.009830198164776687,1.518811315740131,0.000999999995394771,0.0010000000034094164,0.0009999999992581895,0.0009999999937643333,0.0009999999898868705,0.0009999999915015214,0.00003899232209282272,0.00003900052861103957,0.8524526446581271,36.39366744290766,14.774452168513,0.01863702651790661,0.0005007089294608442,0.0003265818024242256,0.005216750643903616,0.0037989999999998806,0.00379899999999988,0.0037989999999999352,0.00102798999999964,0.0010279899999996113,0.0010279899999996256,-0.37882669787138334,9.773241860703962,0.7282924618978363,-0.0021504616041045253,0.00395818587415797,0.002431023665637149,-13.303313093185425,-21.144188232421875,1.4688750526309013,976.5382104492187,0.02565313639318873,25.02418595456328
2025-03-01T17:33:21Z,40.1031378847544,-75.81825813070922,139.7627247963123,-29.73081953668248,13.473617485419904,-1.6837510442839778,1.481297384642704,0.009549535533062294,1.5184833278428107,0.0009999999953484307,0.0010000000032860514,0.0009999999993250154,0.000999999993884557,0.0009999999900737733,0.000999999991402744,0.000039991055069257155,0.00004000054917279364,0.8615849117069934,38.12387683740775,15.868756410228972,0.01901566725181537,0.0005032906184134269,0.00033639426441390945,0.005226472346159352,0.003799999999999882,0.0037999999999998816,0.0037999999999999354,0.0010279999999996403,0.0010279999999996117,0.001027999999999626,-0.260421857100342,9.793660663601326,0.7047231643865474,-0.0026900591858549355,-0.00048076482161361444,0.0016368997435785724,-13.277813053131103,-19.743000717163085,1.2264375490695238,976.3907470703125,0.04043260277215418,23.824107992311927
2025-03-01T17:33:22Z,40.09749643786574,-75.81778910281899,139.1273862504186,-27.92271982867054,13.77200861812449,-1.725127036111547,1.5025839595669774,0.008283675758968307,1.5182411453148066,0.0009999999953453867,0.0010000000032296856,0.0009999999992969075,0.0009999999941398806,0.0009999999898127237,0.000999999991631814,0.000040989692710017063,0.00004100057056866183,0.8728796058331045,39.72056837194515,17.007885164767956,0.01984292323519996,0.0005043511857679575,0.0003459618916055206,0.005235926771868244,0.0038009999999998813,0.0038009999999998813,0.0038009999999999364,0.0010280099999996398,0.0010280099999996112,0.0010280099999996255,-0.24098833312874893,9.645880243642054,0.4073096873571548,0.013498024275649315,-0.0007170990019952607,0.0031008053321796717,-12.665625581741333,-19.21950080871582,1.4250000612437725,976.5191284179688,-0.12453823436654718,23.061560254989935
2025-03-01T17:33:23Z,40.0928766270631,-75.8173498032306,138.34958369760315,-25.719701419378367,13.945230141268482,-1.5461989599140415,1.5147345617773158,0.009493124141655054,1.5194003120589918,0.0009999999954517398,0.0010000000033694304,0.000999999999369729,0.0009999999938453716,0.0009999999898781043,0.0009999999919665615,0.00004198824370710778,0.00004200059273798622,0.8828147222416374,41.260248737562506,18.118637207747486,0.01846322585142164,0.0005045456309823029,0.0003550005049523123,0.005245806832226787,0.00380199999999988,0.00380199999999988,0.003801999999999935,0.00102801999999964,0.001028019999999612,0.0010280199999996263,-0.3706910987716809,9.849852028525621,0.9555707315853067,0.005607520616710893,0.0007816886999459686,0.0007715076941394055,-12.725063047409058,-19.268063192367553,1.5645000582560897,976.7400073242187,0.12101239786688449,23.143698806387196
2025-03-01T17:33:24Z,40.085864062649705,-75.81672921426129,138.0963508775503,-22.668274697782053,14.700600149477221,-1.520688654746545,1.5225569762107902,0.011852656563965645,1.5188094332991815,0.0009999999955871805,0.0010000000032892365,0.000999999999067719,0.0009999999935969,0.0009999999896009952,0.0009999999921866504,0.000042986708865123404,0.00004300061569732908,0.8883179212268087,42.72820571245359,19.268294611157398,0.017673120842748764,0.0005040871139497487,0.0003639744637649428,0.0052556162217379816,0.0038029999999998794,0.0038029999999998794,0.003802999999999935,0.001028029999999639,0.0010280299999996128,0.0010280299999996254,-0.21352972220730365,9.675417897955855,0.6304698130997918,-0.0020139357130193112,-0.00124785063759338,0.0009677856589892756,-14.941313123703003,-19.3989381980896,1.7994375599920749,976.5336303710938,-0.08379935771577292,24.55192698698283
2025-03-01T17:33:25Z,40.07638672706912,-75.8159051631751,138.42142346334353,-18.327603652375174,16.02374198188063,-1.2084557238856657,1.5398970158462497,0.018738817087634498,1.5189562355010138,0.000999999995254405,0.001000000003238688,0.0009999999991803334,0.0009999999937204888,0.00099999998933143,0.0009999999917346754,0.00004398508565506198,0.000044000639585339645,0.8890317124588605,44.26961145319143,20.450866295822568,0.016204411177120792,0.0005040425448424905,0.0003725576621098279,0.0052659314083259535,0.003803999999999878,0.003803999999999878,0.003803999999999933,0.0010280399999996396,0.0010280399999996119,0.0010280399999996262,-0.14066108087086593,9.920878878272264,0.7890302693878,0.004589412842140167,-0.0006640237446319322,-0.001906116119533599,-16.81818823814392,-18.51262566566467,0.5788125298917294,976.26609375,0.17098593827638453,25.018018378769227
2025-03-01T17:33:26Z,40.06818666987172,-75.8151383473311,138.69656502706684,-14.467639210017479,17.258030725187414,-1.0602595630367946,1.5436404303641449,0.025233671812414083,1.5191128192086771,0.0009999999954055515,0.0010000000031237302,0.000999999999225979,0.0009999999935015771,0.0009999999893792054,0.0009999999916908116,0.00004498335556302625,0.00004500066462143896,0.8830021284218289,45.84986151994096,21.629710034733087,0.014692039138270668,0.0005051299438711711,0.0003809016744871631,0.005276273621666881,0.003804999999999879,0.003804999999999879,0.003804999999999934,0.0010280499999996387,0.001028049999999613,0.0010280499999996272,-0.17715162650580002,9.793182014462092,0.8907252396552018,-0.006334885264676151,-0.0005418512521941447,-0.002018108044789961,-13.692938022613525,-18.13818817138672,1.5980625654384495,976.3882055664062,0.052862763172617684,22.7824912687534
2025-03-01T17:33:27Z,40.06084879621435,-75.814415544834,138.8109398474975,-11.298945968998174,18.403825459717563,-1.110723483164001,1.5524351648615196,0.030040444749357593,1.5168255042629026,0.0009999999951753435,0.001000000002911994,0.0009999999991853277,0.0009999999934944392,0.0009999999895927462,0.0009999999918200576,0.00004598148739425812,0.00004600069106581478,0.8714647029538636,47.526442013652016,22.843524459235766,0.013814161702797072,0.0005075771805117784,0.0003894112284958405,0.005286413128770265,0.0038059999999998794,0.0038059999999998794,0.0038059999999999344,0.0010280599999996376,0.0010280599999996124,0.0010280599999996267,-0.20917557239415022,9.627247542456333,0.7301838417642352,0.0010303739503516192,-0.00285011911811851,-0.0008748227465273696,-14.346375541687012,-18.671438236236572,2.1240000658482314,976.4846655273437,-0.12529633895283426,23.642124875636068
2025-03-01T17:33:28Z,40.05435294015133,-75.81374521663746,138.6901930127423,-8.708885171751726,19.484892399855664,-1.130874379943496,1.554598875393571,0.03647630181841148,1.5164144196811897,0.0009999999948490594,0.0010000000027153852,0.0009999999992436747,0.0009999999932734634,0.000999999989865178,0.0009999999918099624,0.00004697944303554304,0.00004700071922750962,0.8568483951270249,49.41881298100927,24.11969530804781,0.013290468526345314,0.0005122168064963204,0.0003976763662835237,0.005296979914058801,0.0038069999999998778,0.003806999999999881,0.003806999999999933,0.0010280699999996386,0.0010280699999996134,0.0010280699999996278,-0.17755043093936476,9.684547852513262,0.6957500698295187,-0.0035350881386782235,-0.0007454728717976768,-0.003066759122504711,-13.309313077926635,-18.316875638961793,1.6908750702440738,976.603203125,-0.07144889631002908,22.704680071541922
2025-03-01T17:33:29Z,40.04767966228039,-75.81306614849107,138.54245682284485,-6.236668749052157,20.460348058731785,-1.0774736667312352,1.5562031116646187,0.042278553235436785,1.517539734187566,0.0009999999949539698,0.0010000000026784074,0.000999999999483585,0.0009999999930662329,0.0009999999897926095,0.0009999999912977588,0.00004797716941227377,0.00004800074943828624,0.8405576641387583,51.55481818111796,25.456775647377906,0.013407373649150149,0.0005189473984645565,0.0004058780865437236,0.0053074981690801335,0.0038079999999998766,0.003807999999999882,0.003807999999999932,0.0010280799999996394,0.0010280799999996125,0.0010280799999996286,-0.30300560353791955,9.758931329818262,0.8798725445126647,-0.0029152112739820792,0.0009452535919663978,-0.0026072750883721478,-12.940688009262084,-19.87181317329407,1.8123750857263803,976.633720703125,0.020510902353648545,23.783032812612444
2025-03-01T17:33:30Z,40.040418889042236,-75.81235825848894,138.39340089649437,-4.534436512630114,21.568797952356743,-1.1493601914905178,1.5598844189582146,0.03900186233684809,1.5163245406418822,0.0009999999949740898,0.0010000000028826397,0.0009999999993529,0.0009999999930157706,0.0009999999897297406,0.0009999999915231163,0.000048974618190890035,0.000049000782063736855,0.8257850022949944,53.92204212399559,26.90396403606759,0.013443661557747393,0.0005266710396816659,0.0004145107849939397,0.00531638435983189,0.003808999999999876,0.0038089999999998824,0.0038089999999999305,0.0010280899999996383,0.0010280899999996133,0.0010280899999996276,-0.19840785820836376,9.646422242161934,0.3436462255597312,0.00034390255664016765,-0.001305432883012013,0.006330377358177023,-12.870188026428222,-19.657125768661498,1.9768125779181718,976.6337939453125,-0.1282371735105495,23.578586124524946
2025-03-01T17:33:31Z,40.033464390675675,-75.8116838538747,138.10649542737343,-2.7365016227892696,22.4388195239375,-1.1383029536073335,1.5626389569347792,0.047266059219091355,1.5160283084802868,0.0009999999946350585,0.0010000000031497086,0.0009999999992399897,0.0009999999929922914,0.0009999999898972862,0.0009999999914721725,0.00004997173601757383,0.00005000081748915598,0.8136966452812099,56.540656836864684,28.395866536352813,0.014562482431629132,0.0005361857598652618,0.00042328263261765767,0.005327460066694892,0.003809999999999875,0.0038099999999998808,0.003809999999999929,0.0010280999999996384,0.0010280999999996141,0.001028099999999628,-0.2924856832424211,9.73021085166643,0.8902865533965592,0.0008901758110830796,-0.000046150077986545834,-0.005741712985862275,-13.242000484466553,-19.662000818252565,1.7064375657588244,976.7238134765626,-0.007686777709278858,23.766665007259615
2025-03-01T17:33:32Z,40.022040719521804,-75.81078273852005,138.26878375536822,-1.2102320527941397,23.7459704597948,-1.1355269158205454,1.5573212922413013,0.047321351138454114,1.5154671654192575,0.0009999999945302595,0.001000000003376652,0.0009999999990794879,0.000999999993073282,0.00099999999010593,0.0009999999911713409,0.000050968454130900755,0.000051000856174315316,0.805355865047172,59.388527357161394,29.996651896052096,0.015804686929678072,0.0005459499482631855,0.00043233120693944664,0.005336854879786351,0.0038109999999998744,0.0038109999999998796,0.0038109999999999277,0.0010281099999996392,0.001028109999999614,0.0010281099999996284,-0.2062728050243141,9.686950548575332,0.7000185840684643,-0.006121082906918307,0.00009955673049145248,0.003286234933330386,-13.302188005447388,-19.84743830680847,1.167187547981739,976.4174194335938,-0.06867280466788271,23.92130656569896
2025-03-01T17:33:33Z,40.00806364366029,-75.80979702325051,138.6263238703434,-0.24090622398390743,25.128673498790757,-1.1109684358878607,1.555879527404196,0.04649524068777335,1.5060000800269837,0.0009999999946561913,0.0010000000035463637,0.000999999999207146,0.0009999999931363935,0.0009999999904850355,0.0009999999907642524,0.00005196471371411372,0.00005200089874174764,0.8025968753684048,62.42419467953602,31.69439495519935,0.017825676334988536,0.0005546907610745438,0.00044258305764475304,0.0053460723146442615,0.003811999999999874,0.003811999999999881,0.0038119999999999296,0.0010281199999996405,0.001028119999999615,0.0010281199999996283,-0.0794048232505659,9.688934794104696,0.8385617093744889,0.0006187917588007074,-0.008238747970939594,0.003744382717860575,-13.626375579833985,-20.42175072669983,1.1896875405684113,976.2548706054688,-0.057759771326939637,24.579236604699158
2025-03-01T17:33:34Z,39.99542397300639,-75.80893736399841,138.7728308432178,-0.014397510600646535,26.24373680969027,-1.1223436959981252,1.5502364881582735,0.05644232189698813,1.4984069769985724,0.000999999994622707,0.0010000000037019223,0.000999999998984477,0.0009999999934160388,0.0009999999908854044,0.000999999990921887,0.00005296046145367365,0.00005300094594022803,0.8072904421483975,65.55213518590944,33.496167916695086,0.020810541430572073,0.0005631727765523288,0.0004529657990473413,0.005357396260037869,0.0038129999999998733,0.0038129999999998803,0.0038129999999999284,0.0010281299999996413,0.0010281299999996144,0.0010281299999996278,0.016573512424180658,9.667376414498706,0.9456163340475338,-0.0014931983438800658,-0.005914457447945741,-0.008395469893046011,-14.604563159942627,-20.715563249588012,2.4382500925287602,976.379423828125,-0.06984489837042987,25.463116488125767
2025-03-01T17:33:35Z,39.98085796188819,-75.80807702164981,139.08364084390053,-0.9989503501711119,27.093159068502874,-1.0432652265492701,1.53854423932118,0.05713656523975701,1.4932809669540874,0.0009999999949385618,0.0010000000040331788,0.0009999999989316816,0.0009999999935961762,0.0009999999909887777,0.0009999999908998313,0.00005395568103237771,0.00005400099856235899,0.8211066858881696,68.64843621927807,35.439423028848914,0.023383817634772285,0.0005692875296899366,0.0004632330067421672,0.0053670961005875305,0.0038139999999998726,0.003813999999999879,0.0038139999999999277,0.0010281399999996408,0.0010281399999996148,0.0010281399999996273,-0.03665305514344279,9.731168038682416,0.8072954896934551,-0.004644826751370468,-0.002924223474735959,-0.00024660000507947355,-14.09568808555603,-21.241688346862794,3.352687626183033,976.2745581054687,-0.01881004846912589,25.712558171604133
2025-03-01T17:33:36Z,39.964418266594585,-75.80725211845056,139.57745301081442,-3.43240975818387,27.681216832783978,-1.0473288494517268,1.5255214147321805,0.05632608289636365,1.4816005923936666,0.000999999994797997,0.0010000000039498236,0.000999999998795696,0.0009999999938421812,0.0009999999909287465,0.0009999999910149564,0.00005495042680137449,0.000055001057292554216,0.8427558620475343,71.53568366742785,37.47468259714591,0.024796689857767576,0.0005717436627731049,0.0004740713811570081,0.005376622491195782,0.0038149999999998736,0.003814999999999881,0.003814999999999929,0.0010281499999996412,0.0010281499999996143,0.0010281499999996277,0.09522285558325337,9.631248753402929,0.5846139217743066,-0.0024345307797126394,-0.008768497859147368,-0.0006144545333849956,-12.717750520706177,-19.490438299179075,2.4928126044198873,976.1525659179688,-0.13410394432635303,23.4057706537476
2025-03-01T17:33:37Z,39.94952313993408,-75.80657975536559,139.95949514064955,-6.428464268754754,27.962290320709993,-0.9767395741619416,1.5177122846744402,0.05983292308474235,1.4626390070268804,0.0009999999947879993,0.0010000000041084493,0.0009999999987880613,0.0009999999936764585,0.0009999999906811115,0.0009999999911026855,0.00005594481253840729,0.0000560011226046398,0.8692609915756748,74.17064943767221,39.597433181172306,0.02618479278214334,0.0005706768140213467,0.0004851250632580365,0.005387013135838052,0.0038159999999998746,0.003815999999999882,0.00381599999999993,0.001028159999999642,0.0010281599999996133,0.0010281599999996277,0.21475283695842973,9.721397311524573,0.582529677289811,0.003897099545484942,-0.0156709358384148,-0.006986474988689376,-12.076500453948974,-19.344750776290894,2.6465626097470523,976.2250439453124,-0.04238590293794211,22.957857198478287
2025-03-01T17:33:38Z,39.93661205283399,-75.80605579574788,140.23121455278175,-9.601727477045007,27.81954783395372,-0.9381731547668989,1.5070670069128003,0.050294187040850015,1.4482945824588631,0.0009999999951963243,0.0010000000042267986,0.0009999999985525242,0.0009999999938415842,0.0009999999907521757,0.0009999999907945403,0.00005693898441446358,0.00005700119460300315,0.8984144492382641,76.42381805205638,41.73904725397735,0.027267086334185606,0.0005666747676278047,0.0004944235146116942,0.0053951458893162895,0.0038169999999998726,0.0038169999999998813,0.00381699999999993,0.0010281699999996428,0.0010281699999996141,0.0010281699999996265,0.18236998311703062,9.697389355337485,0.6137958969088594,0.00036426437968063653,-0.011873393029900193,0.00489484484048568,-14.269125595092774,-19.665750799179076,4.27875016272068,976.3170385742187,-0.06507341864424572,24.670932221796992
2025-03-01T17:33:39Z,39.921864301655496,-75.80563364940843,140.76122123887814,-13.91399877322512,26.984585199407647,-0.8926532639881274,1.4925190915943853,0.04476983718929639,1.4332272981638734,0.000999999995277117,0.00100000000407441,0.0009999999984361503,0.0009999999938051845,0.0009999999906734657,0.0009999999904244249,0.000057933104233681286,0.00005800127296255455,0.9273669100962452,78.30322410101408,43.8480486396717,0.02752583155827009,0.0005614684141695253,0.0005017278275062792,0.005404314426901268,0.0038179999999998714,0.0038179999999998796,0.0038179999999999317,0.0010281799999996423,0.0010281799999996137,0.0010281799999996254,0.18097220594904084,9.672240505276815,0.5734343420169211,-0.0014130849490176462,-0.011652580159461084,-0.0017260275571959422,-12.6646879863739,-18.79950078010559,2.6366250943765044,976.1633911132812,-0.09258170274684936,22.820276632795217
2025-03-01T17:33:40Z,39.907687388239516,-75.8053493105346,141.3737966224166,-18.620869413883803,25.572038361771256,-0.7702767796602455,1.4818413248100843,0.0418703091782657,1.424090788121091,0.0009999999956054005,0.0010000000038873054,0.000999999998374194,0.0009999999940965615,0.000999999990884042,0.0009999999901766062,0.00005892732470983182,0.00005900135707067521,0.9521663030653951,79.92136592611708,45.900328622844455,0.026598368667702533,0.0005567058960736256,0.0005060875519947715,0.005414083689639533,0.0038189999999998702,0.0038189999999998806,0.003818999999999931,0.0010281899999996414,0.0010281899999996127,0.0010281899999996262,0.06161219742869758,9.749273720419307,0.520037131984109,0.0019423316847393007,-0.005367683430499434,-0.005489855928239376,-12.043125495910644,-19.336500730514526,3.5259376339241864,976.1182568359375,-0.020022718865603726,23.05139968886913
2025-03-01T17:33:41Z,40.140892597090826,-75.80525828621825,141.56723106899204,5.933317983053947,-30.817317707760097,-0.4269789494870481,1.5716416543559917,6.157930161209863,1.3941777276792318,0.0009999999957293162,0.0010000000046185378,0.0009999999981355836,0.00099999999436978,0.0009999999908814287,0.0009999999901303394,3.0734429319993463e-10,3.073444125203664e-10,0.5642434535867904,0.0045976386222885204,0.004597448290279841,0.013429185225794782,0.0001765420231906945,0.00015014221329296727,0.005287075802692029,0.0038199999999998686,0.0038199999999998808,0.0038199999999999294,0.0010281999999996409,0.0010281999999996135,0.0010281999999996252,0.12119086350915614,9.605751426317674,0.40268095183999214,0.0015811544306387649,-0.010851446273575129,0.006816065202813185,-11.986687955856324,-18.920438289642334,3.826687655746937,976.1319189453125,-0.16209975535933732,22.72234360082372
2025-03-01T17:33:42Z,40.140775622415916,-75.80562612984339,141.9428068807293,6.0373336104608555,-31.79214741058387,-0.5138300183196874,1.5719924525412903,6.162264430767787,1.380775489922845,0.0009999999959404875,0.0010000000042600593,0.0009999999980916804,0.0009999999943798917,0.0009999999905985556,0.00099999999054514,1.0003073444364188e-6,1.0003073447556073e-6,0.6019795325332898,0.03285069741317612,0.019528303061881122,0.012945626581343508,0.00018566124458453123,0.00015984064641607468,0.005296553166067078,0.0038209999999998696,0.0038209999999998813,0.0038209999999999304,0.0010282099999996404,0.0010282099999996143,0.001028209999999626,0.2533171699046334,9.674418233866842,0.27963821541331885,0.0014129162860758613,-0.007098466908443409,-0.0065486881424696355,-12.971625518798827,-18.6545631980896,1.6781250817328692,976.0554736328126,-0.09517935440514037,22.78309859072358
2025-03-01T17:33:43Z,40.14065157298049,-75.80600654721219,142.52956975576168,6.208590922706096,-32.886885361410634,-0.467178698153448,1.5795857670885565,6.153581154477899,1.3574151382683,0.000999999995842105,0.0010000000041569907,0.0009999999980467636,0.0009999999945928132,0.0009999999905418798,0.000999999990445527,2.0003073459345827e-6,2.0003073474997065e-6,0.636870470958192,0.11973122130744954,0.06364548713186291,0.012732326304240293,0.00019502691461100198,0.0001697382773001635,0.005298941538749502,0.0038219999999998693,0.0038219999999998828,0.0038219999999999314,0.0010282199999996399,0.0010282199999996139,0.0010282199999996256,0.2246431791971986,9.793859965638033,0.3821706645917604,0.008110397573018194,-0.01513751384219279,0.005924803443089337,-16.4435631942749,-20.33118831157684,3.7957501675188543,975.8406567382813,0.027045516985868677,26.42258538536638
2025-03-01T17:33:44Z,40.14051420132465,-75.80640081017091,143.0915320641316,6.272347622010716,-34.005059674922435,-0.6008783984007221,1.5747613586998257,6.154255283377445,1.3415562436450497,0.0009999999960326796,0.0010000000041794437,0.0009999999983691268,0.000999999994600544,0.0009999999906244162,0.000999999990763295,3.0003073482170046e-6,3.000307358101845e-6,0.6673138202671072,0.2647144124913662,0.13638121908518858,0.01281042588937281,0.0002041672427322101,0.00017944347882922898,0.005305569751196615,0.003822999999999869,0.003822999999999881,0.0038229999999999293,0.0010282299999996394,0.0010282299999996134,0.001028229999999625,0.22878942869188867,9.616067978026189,0.3220702819658097,-0.0033416482323725474,-0.007668607293250425,-0.0032194755420314994,-12.7425004863739,-20.3330633354187,4.0816876709088685,975.8082275390625,-0.1525494364038272,24.340552168172355
2025-03-01T17:33:45Z,40.140349820966534,-75.80680971066006,143.75681144127725,6.463473251678896,-35.10868816029834,-0.5950407026465465,1.575140489250897,6.150956832250282,1.3181799558446947,0.0009999999961700981,0.0010000000037704317,0.0009999999986986096,0.0009999999942353725,0.000999999990246411,0.0009999999907479374,4.000307338944773e-6,4.000307385842686e-6,0.6935013821040836,0.4698862875520399,0.24385426982812752,0.013361737775992992,0.00021323455000414455,0.000189506292754872,0.005309943053779725,0.003823999999999869,0.0038239999999998826,0.003823999999999931,0.0010282399999996389,0.0010282399999996129,0.0010282399999996246,0.335949310704066,9.729014522866203,0.5344738303166049,0.001484183911356106,-0.014031781949234547,0.0009344045290889571,-12.259125509262084,-18.760500679016115,3.900750137940049,975.6419091796874,-0.02714431193862415,22.74766098137139
2025-03-01T17:33:46Z,40.140136859769896,-75.80723593644633,144.58859226051442,6.869479010796463,-36.57657896062437,-0.6573178565878747,1.5713020871848158,6.155763694477306,1.297426731814238,0.000999999996376371,0.0010000000037186315,0.0009999999988282693,0.0009999999943120991,0.000999999990154195,0.0009999999906032048,5.00030727304285e-6,5.000307443926643e-6,0.7170655601097773,0.7661662741445389,0.39054555976660615,0.014857557771671429,0.00022186680763502326,0.00019963644218604852,0.005317964899226273,0.003824999999999868,0.0038249999999998814,0.00382499999999993,0.0010282499999996397,0.001028249999999612,0.0010282499999996254,0.05042607094461757,9.67694762282698,0.9505588791962353,-0.0014731702243852315,-0.010220553066352953,-0.006683045099840634,-11.811750478744507,-19.3239381980896,3.9845626682788136,975.438896484375,-0.05281960136081226,22.995791696813683
2025-03-01T17:33:47Z,40.13986979472941,-75.80767907501266,145.35855027033085,6.895314052001845,-37.75971447375776,-0.6800845278253825,1.5712560464932934,6.152298572863978,1.2740459749789907,0.0009999999962524314,0.0010000000036661178,0.0009999999991363046,0.0009999999940030577,0.0009999999899117152,0.0009999999907481696,6.000307041790452e-6,6.000307550592803e-6,0.7399591608336434,1.1137228551640808,0.5693359822424873,0.016417314461210773,0.00023068547288057766,0.00021001768921518178,0.005321073425469625,0.0038259999999998694,0.0038259999999998816,0.0038259999999999323,0.0010282599999996388,0.0010282599999996125,0.0010282599999996249,0.20625832376991476,9.692603658672429,0.6154309941243922,0.0023393942963089876,-0.01316639024554849,0.002695731780497726,-11.757375507354736,-19.460813217163086,4.324687680006027,975.4001025390625,-0.06204183840152347,23.144323225367266
2025-03-01T17:33:48Z,40.13957057023343,-75.80813474763751,145.83247270397032,6.853342201018535,-38.85161806223551,-0.6781716967334273,1.5695303989268605,6.1489266225551775,1.2540955517648107,0.0009999999965551163,0.0010000000039818145,0.0009999999992087454,0.0009999999943164633,0.000999999989597529,0.000999999990552985,7.00030643692938e-6,7.000307728487455e-6,0.76364589647888,1.5275216349970289,0.784575896846842,0.01824098292232617,0.0002392965885803006,0.00022039862742095028,0.005323723013543801,0.0038269999999998687,0.0038269999999998826,0.003826999999999931,0.0010282699999996378,0.0010282699999996127,0.0010282699999996244,0.2592684905209847,9.739043413439978,0.5633531034907687,0.00033939689533371846,-0.012063161286452665,0.0037316982037705207,-11.457750453948975,-18.900563316345213,5.021625211238861,975.5743041992188,-0.0174773763873583,22.665519005330257
2025-03-01T17:33:49Z,40.13915317468755,-75.80860280005469,146.58459802583204,6.645545254145274,-39.7639787371438,-0.6699000318726982,1.5595180385470158,6.160197876663094,1.2404281035573577,0.0009999999964907778,0.0010000000038287637,0.0009999999991371978,0.0009999999941384993,0.0009999999897434594,0.0009999999909199575,8.000305119984583e-6,8.000308004892885e-6,0.7894613995104065,2.0003685204118846,1.035034886861517,0.020186243489731328,0.0002469608641402711,0.00023036740445405243,0.00533303967186138,0.0038279999999998706,0.0038279999999998844,0.0038279999999999287,0.0010282799999996382,0.001028279999999613,0.001028279999999624,0.26743481827871773,9.702254731492193,0.5681727474339768,-0.005601847700679063,-0.004441204525517941,-0.009582650072894067,-11.06643795967102,-19.234875755310057,4.509187676310539,975.3362573242188,-0.05359880598136315,22.644579107479586
2025-03-01T17:33:50Z,40.13854524433409,-75.80907899012439,147.76946287858735,6.2305584027959435,-40.47441516638224,-0.6173147785685182,1.5517337068583852,6.16534742010749,1.2167207422528348,0.0009999999965948029,0.0010000000036882019,0.0009999999990294502,0.0009999999939605782,0.000999999989504721,0.0009999999911923475,9.000302604048204e-6,9.000308411696716e-6,0.8182299862830962,2.5434451228401054,1.3187298676408106,0.022328346046558586,0.0002544258425213535,0.0002402062619972631,0.005338875918926406,0.0038289999999998716,0.0038289999999998854,0.003828999999999929,0.0010282899999996388,0.0010282899999996139,0.0010282899999996247,0.16753447563443458,9.693002477324153,0.6318218273827121,-0.0024253511966264387,-0.012708241113643586,-0.0015192350214350758,-10.9171879196167,-20.126063232421874,4.679625201821327,974.9816528320313,-0.06106588539746223,23.369636851370895
2025-03-01T17:33:51Z,40.137841017987526,-75.80955674007635,148.8871516635457,5.873371646397224,-40.963259959882365,-0.644954055990367,1.5430242076003067,6.168755384650108,1.1951530850670578,0.0009999999963347288,0.0010000000036009826,0.0009999999987911226,0.0009999999936190147,0.0009999999892063146,0.0009999999915258576,0.000010000298260419811,0.000010000308984055287,0.850313060433726,3.1422027505728938,1.6318849121727073,0.024451112981410537,0.00026160229584585795,0.00024937539105004025,0.005343782310637643,0.0038299999999998717,0.003829999999999886,0.003829999999999927,0.001028299999999639,0.0010282999999996138,0.0010282999999996247,0.206116448308586,9.596180155453354,0.7761181900094457,-0.003095465842877624,-0.012093204326692194,0.001418423944838197,-11.747062950134277,-19.210688285827636,5.235937724038958,974.9483618164063,-0.14631382202899348,23.118320074005446
2025-03-01T17:33:52Z,40.13705046733358,-75.81003226758999,149.91157453469597,5.5017143070853285,-41.316529394079794,-0.6450232715085109,1.5384524958941983,6.179049566148639,1.1806696353780983,0.0009999999964612157,0.0010000000035989725,0.0009999999987526113,0.0009999999936612226,0.0009999999893043376,0.0009999999915848233,0.000011000291354439123,0.000011000309758367802,0.8853734274988035,3.815232610369006,1.9679707705915421,0.02658682354300037,0.0002681517784424538,0.00025742463578186327,0.0053519689925103755,0.003830999999999873,0.003830999999999887,0.003830999999999928,0.0010283099999996378,0.0010283099999996127,0.0010283099999996233,0.12661720737886512,9.621816061969971,0.8463782687460054,0.00172852931964974,-0.0063247051360803015,-0.00435975701189689,-10.26412540435791,-19.327875719070434,5.247562701702118,974.922373046875,-0.11619896730172172,22.504525628280717
2025-03-01T17:33:53Z,40.13610228339058,-75.81049936873737,151.12451765203295,4.800965327578418,-41.28137869527939,-0.49980236198856554,1.5345561037033402,6.186374066350786,1.165555644461312,0.0009999999964861556,0.0010000000037453586,0.0009999999986114458,0.0009999999934998721,0.0009999999887323407,0.0009999999919378423,0.000012000281108661778,0.000012000310769936239,0.9215004799149299,4.53936459794493,2.311010178833969,0.027924465269732735,0.00027447926718874346,0.0002644347422349912,0.005358756399704684,0.003831999999999874,0.0038319999999998884,0.00383199999999993,0.0010283199999996384,0.0010283199999996128,0.0010283199999996239,0.08223884737405779,9.749791502777004,0.5795536916522477,0.002963110125550039,-0.007706995288184198,0.0001165803606748585,-13.434750432968139,-20.98762586593628,7.312312788963318,974.7617407226562,-0.008653400354234193,25.96998716998074
2025-03-01T17:33:54Z,40.135195219418534,-75.81095860757027,152.1458243097994,4.2313732738640875,-41.01876639633012,-0.4227229429331586,1.5275346177038218,6.195799952275936,1.1529666095305633,0.0009999999967720283,0.001000000003420876,0.0009999999982647006,0.0009999999935553672,0.0009999999886049818,0.0009999999918703438,0.000013000266757065062,0.000013000312049710537,0.9553893313873232,5.280796762842764,2.6567159900888324,0.028205426753197586,0.00028040441770421003,0.00027027984208066546,0.0053675447895469965,0.0038329999999998725,0.0038329999999998903,0.003832999999999931,0.001028329999999639,0.001028329999999612,0.0010283299999996245,0.21985753061461538,9.697588657375405,0.5578038489857294,-0.0014174244641517782,-0.007383536937826407,-0.0025475238908058825,-11.797312936782838,-19.836750707626344,5.793000238761306,974.843984375,-0.05992046083542292,23.795581541075954
2025-03-01T17:33:55Z,40.134139074686374,-75.81140163095046,153.33597648139605,4.0162402247119555,-40.59886857825336,-0.3766080893333663,1.5199889926886365,6.202353691047684,1.1310918356911916,0.0009999999963720722,0.0010000000031021889,0.0009999999987763263,0.000999999993321644,0.0009999999885019547,0.000999999991605302,0.000014000247583568706,0.000014000313628431192,0.9855319169498092,6.101589870431101,3.01102507612514,0.028584439212953165,0.0002856482643031588,0.0002757720884852099,0.005375499855259241,0.0038339999999998714,0.003833999999999892,0.0038339999999999316,0.0010283399999996379,0.0010283399999996127,0.0010283399999996235,0.23680669006841817,9.623570719397621,0.9839655532101448,-0.002343902437517853,-0.01747298725268929,0.0008733188906529211,-11.868375482559204,-20.00962574005127,4.903125214576721,974.6801049804687,-0.09942627263774277,23.775653003056288
2025-03-01T17:33:56Z,40.133100388558205,-75.81183537130521,154.4175804287854,4.041118653189337,-40.38583515721779,-0.289457166226327,1.5194542268434963,6.209686120178969,1.116334393856058,0.0009999999964614922,0.0010000000031010394,0.0009999999989857736,0.0009999999932164146,0.000999999988324929,0.0009999999911971978,0.00001500022298682995,0.00001500031553538051,1.0128292995834571,7.045683485748672,3.3670394676272566,0.029492241706073206,0.0002908645469068372,0.00028015669898125774,0.005384448361088196,0.0038349999999998706,0.0038349999999998914,0.0038349999999999305,0.0010283499999996382,0.001028349999999613,0.001028349999999624,0.0807874714493633,9.677693052194963,1.2693534600444039,0.004505293399689753,-0.011602509944469125,-0.0002839858409225297,-11.873437976837158,-19.5071257686615,4.893375190496445,974.666171875,-0.015169797607415955,23.35485450080483
2025-03-01T17:33:57Z,40.13223257910035,-75.81227076773227,155.16235165436254,3.939780341610386,-40.23493143245961,-0.3160990706736256,1.5069796309559274,6.220684429619566,1.1076597434770057,0.0009999999962833068,0.0010000000030972087,0.0009999999988351419,0.000999999993135376,0.0009999999885314035,0.0009999999912961267,0.000016000192488757436,0.000016000317792755472,1.0364563001012317,8.01871347293553,3.6934101007697455,0.029446867716133977,0.00029596338928590966,0.0002835877394294107,0.005396052773723702,0.00383599999999987,0.003835999999999889,0.0038359999999999306,0.001028359999999639,0.0010283599999996139,0.001028359999999625,0.03349652960567373,9.61711008453059,1.0470563201020369,-0.00855436108545354,-0.006528326390743237,-0.0055814857599190935,-11.81212547302246,-20.71481321334839,6.183750251531601,974.7738256835937,-0.10210398078315117,24.634651498243645
2025-03-01T17:33:58Z,40.1316864303687,-75.81272129045259,155.26103796176417,3.7535145029337693,-40.28853331636628,-0.537012510381216,1.5054515866740965,6.229560828100461,1.0996192089148267,0.0009999999964324469,0.0010000000032159937,0.0009999999989125105,0.0009999999934595441,0.000999999988772786,0.0009999999913896695,0.000017000155603010874,0.000017000320416956622,1.0534214243298141,8.991149626034256,3.9834929481790247,0.02829949260669655,0.00030092719607698585,0.000286701930986841,0.005408236830793719,0.0038369999999998683,0.003836999999999889,0.0038369999999999303,0.0010283699999996398,0.0010283699999996151,0.0010283699999996255,0.029871337497140275,9.49983965551348,0.8045574723576836,0.00021922595979310977,-0.006955931482452275,-0.006372605552651232,-11.513625431060792,-20.014313344955443,6.253500255346299,975.0160815429688,-0.2422021085282626,23.921541335900415
2025-03-01T17:33:59Z,40.131100908606925,-75.81316867744388,155.32486612497433,3.4949946277817943,-40.31559983953955,-0.40491595110692524,1.5126245827021183,6.233120113494253,1.0909911515536321,0.0009999999964188076,0.001000000003302764,0.0009999999987112397,0.000999999993616314,0.0009999999890636568,0.000999999991324786,0.000018000111751036742,0.00001800032342868665,1.0629171361405967,10.07286742890789,4.272522717749435,0.02718830704990598,0.00030607770188847077,0.0002897517832591508,0.005418300036261314,0.0038379999999998706,0.003837999999999891,0.003837999999999931,0.0010283799999996402,0.001028379999999615,0.001028379999999626,-0.056393846290654234,9.860739301678302,0.7333572715308216,0.008896009101786421,-0.008096212555603,-0.0010305435878540316,-11.810437965393067,-19.8883132648468,6.487875230312348,975.00734375,0.11203858162684154,24.023353831517994
2025-03-01T17:34:00Z,40.13045614006175,-75.81361175470273,155.4302386647733,3.7599724676353654,-40.30186992079519,-0.5104121816858207,1.5029755421380282,6.230978969704845,1.0742676085350797,0.0009999999964901709,0.0010000000030486922,0.0009999999985537892,0.0009999999934179958,0.0009999999890770407,0.0009999999913525726,0.00001900006024389369,0.000019000326859168364,1.0667414078027786,11.211438959498818,4.565947159311228,0.026217943710933937,0.0003104691925104332,0.00029392617351082823,0.005426155558752236,0.00383899999999987,0.0038389999999998902,0.0038389999999999323,0.0010283899999996397,0.0010283899999996146,0.0010283899999996254,0.15869149061058146,9.579195004819475,1.1976080128407078,-0.008282810088458967,-0.016709739766735402,0.004262449873339742,-11.579437923431396,-19.69125075340271,6.414750225543976,974.983525390625,-0.12102346376184807,23.727101473482968
2025-03-01T17:34:01Z,40.12984031718081,-75.81405537932321,155.3764657335321,3.5904193834112212,-40.10966074613264,-0.5784304368974783,1.5075966536737913,6.2453663241797495,1.0663479081193012,0.0009999999966755471,0.001000000003276908,0.0009999999983805836,0.0009999999937296965,0.0009999999890111912,0.0009999999913190255,0.00002000000009750612,0.000020000330740846672,1.0649424289474474,12.359223921879183,4.828414464106063,0.024512147530653037,0.0003154614412728852,0.0002974156659107309,0.0054411501001690316,0.0038399999999998713,0.003839999999999892,0.0038399999999999303,0.0010283999999996384,0.0010283999999996137,0.0010283999999996245,0.09694620861029438,9.658745264050296,0.7126593599507767,0.006157298909718214,-0.007017017567977215,-0.012158463082961483,-12.033937931060791,-20.276250896453856,6.951375300884247,975.0228344726562,-0.09062857967897933,24.58172347837116
2025-03-01T17:34:02Z,40.12910735962904,-75.81448980079797,155.34275505178982,3.3002014084322524,-39.86337849051852,-0.6250503017207198,1.5055691352030525,6.247610964805246,1.0598309323541428,0.0009999999967315327,0.0010000000030512253,0.0009999999984664175,0.0009999999936873782,0.00099999998904669,0.0009999999913260472,0.000020999929940099457,0.000021000335102727433,1.0577367511648974,13.598593094697248,5.082608467222473,0.023162709015127604,0.00032124399172324083,0.0003010720731398395,0.005450802825108003,0.0038409999999998714,0.0038409999999998922,0.0038409999999999282,0.0010284099999996374,0.0010284099999996145,0.0010284099999996249,-0.08155836915016522,9.683391466773253,0.6163083618920348,-0.0001753321961117661,-0.006569049503220422,0.0004355322044849938,-11.951812992095947,-20.747625789642335,7.618312840461731,974.98958984375,-0.07281158010165802,25.12659831427811
2025-03-01T17:34:03Z,40.12802253734939,-75.81489850236619,155.54238600128414,2.964554907131757,-39.018830609282126,-0.6605960539829343,1.5011146616498354,6.244546962695812,1.0519130395440517,0.0009999999967997828,0.0010000000027723108,0.000999999998512308,0.0009999999935622447,0.0009999999888071955,0.0009999999915572507,0.000021999847875570044,0.000022000339984121062,1.0457775575245032,14.826302688500437,5.337926637232338,0.021353541805276478,0.00032732980558207014,0.0003053284510015177,0.00545762520053632,0.0038419999999998703,0.0038419999999998915,0.0038419999999999292,0.0010284199999996363,0.0010284199999996148,0.0010284199999996257,0.14547212719535732,9.666434950340847,0.474151812384431,-0.0018537085648463356,-0.008678370041598327,0.007026362508029706,-11.993625450134278,-18.68775067329407,6.877875267267227,974.8353784179687,-0.09707197156321054,23.24611535038128
2025-03-01T17:34:04Z,40.12717054953903,-75.81531577448702,155.5033664124577,2.8893055756675228,-38.463720092549345,-0.5620446046629589,1.4948454207009148,6.242848094798152,1.0414750009706375,0.00099999999660339,0.0010000000032105345,0.000999999998577558,0.00099999999387127,0.000999999988996234,0.0009999999913842396,0.00002299975126333955,0.00002300034544086884,1.0296729255226833,16.148926720025443,5.627455886406019,0.01977655741687217,0.00033331797402335223,0.00031045192185386435,0.005465649794453001,0.003842999999999869,0.003842999999999893,0.0038429999999999294,0.0010284299999996369,0.0010284299999996156,0.0010284299999996265,0.2778436037209843,9.813321613308995,0.7188806969386191,-0.004848448408693856,-0.011130173752222656,0.003958186419586353,-12.012750511169434,-19.445813302993773,6.62025026679039,974.9609985351562,0.06726227465181683,23.79645186758266
2025-03-01T17:34:05Z,40.12626170570604,-75.81572650067021,155.44107912735421,2.999002782813833,-37.723789436202466,-0.6828787960598054,1.494264182390374,6.259026129653689,1.0256295566763678,0.0009999999965473098,0.0010000000030684453,0.0009999999982499086,0.0009999999941251794,0.0009999999886480106,0.0009999999914617017,0.00002399963655629809,0.00002400035154103415,1.0103309556090352,17.454632671566362,5.93357621361035,0.018009107350357968,0.0003382377150485929,0.00031713106914480204,0.005481135491138866,0.0038439999999998692,0.0038439999999998944,0.0038439999999999295,0.0010284399999996373,0.0010284399999996156,0.0010284399999996273,0.4483407064807963,9.586373514641224,0.7760005037686432,0.0005897504420648871,-0.015287726293749622,-0.014464060769442082,-11.733375511169434,-18.890438261032106,6.95137528181076,974.9682446289063,-0.14817637266153982,23.29892713362332
2025-03-01T17:34:06Z,40.12488305727335,-75.81611199061138,155.54457779481157,2.8463826677108726,-36.72986658936511,-0.7459623943978437,1.49323421318634,6.264353072294097,1.0154817401687923,0.000999999996291492,0.0010000000027896375,0.0009999999981827616,0.000999999994251373,0.000999999988481382,0.0009999999914045217,0.000024999499204802125,0.000025000358349128706,0.9887138244088676,18.855474607732194,6.252522227403429,0.01678139395526597,0.00034459393879815675,0.00032359340119508746,0.00549144359645817,0.003844999999999867,0.0038449999999998954,0.00384499999999993,0.0010284499999996363,0.0010284499999996164,0.001028449999999628,0.15640785036426094,9.6456645240753,0.5554907927238809,0.0010362156938603499,-0.01089600980760923,-0.0020486509099901383,-10.5136878490448,-19.638563222885132,7.493437836170196,974.8213232421875,-0.11353736080448722,23.502340655088044
2025-03-01T17:34:07Z,40.123561607621504,-75.81649846588444,155.4516161751319,2.8740408611691373,-36.17789074973993,-0.8360620595165289,1.4829360567177325,6.266923999618818,1.0112768193508408,0.0009999999964076295,0.0010000000027753214,0.0009999999984791833,0.0009999999939506881,0.0009999999883684228,0.0009999999914677158,0.00002599933457115946,0.000026000365925720648,0.9677286681221788,20.43348234067054,6.611515141198375,0.016216531368475604,0.00035233055293236654,0.0003295213524177476,0.005500729867426778,0.003845999999999865,0.003845999999999893,0.0038459999999999293,0.0010284599999996358,0.0010284599999996168,0.0010284599999996276,-0.06277470528460233,9.608974575039934,0.8992995274979166,-0.008584904984177516,-0.0051640622018668605,0.0004558945208750656,-10.765312948226928,-19.93875081062317,8.253750352859496,974.8825561523438,-0.12533553058690308,24.115714529532255
2025-03-01T17:34:08Z,40.121490338468334,-75.81685952956433,155.57940680624333,2.7025934095049458,-34.97631909006863,-0.966752817312956,1.4803414960482113,6.273768655965726,1.0070425633896523,0.0009999999963945464,0.00100000000250116,0.0009999999985098249,0.0009999999941192452,0.000999999988495923,0.0009999999913075075,0.000026999137587869104,0.000027000374331769716,0.9481102078873154,21.9853089133664,6.984107172972986,0.01557021164635321,0.0003602187273409742,0.0003359410058395618,0.0055110403971499735,0.003846999999999863,0.0038469999999998913,0.0038469999999999316,0.0010284699999996362,0.0010284699999996158,0.0010284699999996284,-0.028654748467464453,9.564877335967743,0.566530457473919,-0.00032153962737713464,-0.005594003876917792,-0.0023569210266267005,-9.068062891960144,-20.4493133354187,7.476937820911408,974.6861328125,-0.19494197714710157,23.586148037487963
2025-03-01T17:34:09Z,40.11933265603042,-75.81721700657693,155.53977469018827,2.936603167776002,-34.0553833509651,-1.0472007284518954,1.4708048433032193,6.282348661995361,1.0041623178547583,0.0009999999961417593,0.001000000002914017,0.0009999999987478712,0.000999999993749342,0.000999999988637659,0.0009999999916122018,0.00002799890255700766,0.000028000383635876586,0.9299241892074264,23.69404032912599,7.417834040383615,0.015114509892394493,0.00036860326023679566,0.00034242142257088733,0.005522080148169189,0.003847999999999863,0.0038479999999998906,0.003847999999999932,0.0010284799999996353,0.0010284799999996164,0.001028479999999628,-0.08909575251874391,9.579582642552737,1.0345338831757507,-0.00764824487776123,-0.004166315598977654,-0.00433939399525584,-9.168750348091125,-20.20031331062317,7.489875299930572,974.7111962890625,-0.14102401175844226,23.41398065130943
2025-03-01T17:34:10Z,40.11706224847587,-75.81757156332543,155.35497724093065,3.219642922747564,-33.01738540195663,-1.1687781847794185,1.4625600796037928,0.006821091939997054,0.997627737141923,0.0009999999958904388,0.0010000000026015258,0.0009999999987722718,0.0009999999935525854,0.0009999999887427527,0.00099999999127767,0.00002899862326184099,0.000029000393919152695,0.9132215203025628,25.4106682470701,7.889893902546409,0.014520679379009655,0.0003764662067970725,0.0003499284212902595,0.005532740811096428,0.003848999999999861,0.003848999999999889,0.0038489999999999306,0.0010284899999996344,0.0010284899999996166,0.0010284899999996274,-0.01704368402923859,9.543694978679806,1.0236772607342939,-0.006630470149563971,-0.007927306889873705,-0.0041194155493875315,-10.239750366210938,-21.144188289642333,6.44812525510788,974.7456323242187,-0.17836915807735804,24.361958583292605
2025-03-01T17:34:11Z,40.11456008502036,-75.81792201674047,155.0385645070063,3.732905571663938,-32.04832887235232,-1.3174918215826654,1.4563247391130303,0.016385825797229775,0.9879722769150235,0.0009999999961925437,0.0010000000025758315,0.0009999999987124694,0.0009999999938523053,0.000999999988883137,0.0009999999912079433,0.000029998292370066972,0.00003000040526484247,0.8974509583910105,27.221995709860916,8.415134751291674,0.013990343590421433,0.00038381552114554655,0.0003584518640025475,0.005544153551799114,0.0038499999999998626,0.00384999999999989,0.003849999999999932,0.0010284999999996334,0.0010284999999996157,0.0010284999999996265,-0.04630411983118769,9.489213751790306,1.2782428643144528,-0.004665188837092193,-0.010896009171300205,-0.006528326215192478,-11.64506293296814,-20.324250774383543,6.1629377412796025,974.7700366210937,-0.2018903813194272,24.221106435659927
2025-03-01T17:34:12Z,40.11181144846599,-75.81827035503268,154.63488566109672,4.426010455118732,-31.047457786146783,-1.3473316542372291,1.45210649837883,0.018411369696286983,0.9716620240689932,0.000999999996392143,0.0010000000025783549,0.0009999999989929143,0.0009999999938945271,0.0009999999889941332,0.0009999999909759822,0.00003099790159648831,0.00003100041776886739,0.8824558529208033,29.12272476135454,9.00942414719798,0.013505627996564858,0.00038975454714861783,0.00036881543876899004,0.0055524260932921015,0.0038509999999998645,0.0038509999999998892,0.0038509999999999335,0.0010285099999996323,0.001028509999999616,0.0010285099999996269,0.032419758147331786,9.590789062815317,1.4521611879679521,-0.002484602408778853,-0.018352064693924718,-0.00006367482883359518,-10.524937915802003,-18.534938249588013,7.74300033569336,974.805673828125,-0.07686663961247794,22.67752192158414
2025-03-01T17:34:13Z,40.1072716010274,-75.81860920803823,154.64997517816198,5.0378737165331415,-29.42791758727592,-1.4623194340862886,1.4431333552405736,0.028809147802701936,0.9620548312172311,0.0009999999967356837,0.0010000000024282406,0.000999999998984212,0.0009999999937528087,0.0009999999887765527,0.0009999999913628181,0.000031997440861153836,0.00003200043151762565,0.8680164694230222,31.043164201134697,9.633942060881111,0.013117634730798416,0.00039689908663960145,0.00037859278464047653,0.005563544059898618,0.003851999999999866,0.0038519999999998885,0.003851999999999932,0.0010285199999996312,0.0010285199999996168,0.0010285199999996277,-0.04320781768082369,9.48469814494141,1.2462097674150503,-0.006446877262347968,-0.011781763219134144,-0.006090539955512798,-12.148125457763673,-18.282750787734987,6.947625274658203,974.5092626953125,-0.21087409318450634,23.023967567964352
2025-03-01T17:34:14Z,40.10414695218133,-75.81895258268179,154.13813750930612,5.712571827690431,-28.63866703384971,-1.3213362048506647,1.4425604975004085,0.03230646904201308,0.9530496109783451,0.000999999996797632,0.0010000000022994766,0.0009999999988574639,0.0009999999941068135,0.000999999988658463,0.0009999999911973387,0.00003299689971142098,0.000033000446605768666,0.8547978611590139,33.204397627693844,10.361619639529952,0.013091322529070347,0.00040424992706291024,0.00038859064414170007,0.005572930208565873,0.003852999999999868,0.0038529999999998886,0.0038529999999999303,0.0010285299999996313,0.0010285299999996168,0.0010285299999996276,-0.14775979075316492,9.73495665295676,1.6824305013384893,0.0012703803934462994,-0.010539670796396443,-0.0015701405103869877,-11.320875425338745,-19.01325083732605,6.0729377603530885,974.8720874023437,0.10310171739562447,22.9465501960724
2025-03-01T17:34:15Z,40.10080047941106,-75.81929950760983,153.66038508999358,6.152011989623608,-27.7667645379526,-1.3632507048912539,1.4416294797216407,0.04334771980670317,0.9445783181423174,0.0009999999966099856,0.001000000001963694,0.0009999999989543814,0.0009999999940759868,0.0009999999888784005,0.000999999991010669,0.000033996267385806656,0.00003400046313424531,0.8432876545166714,35.37585273300729,11.12453150430549,0.013058408930184836,0.0004118478260457269,0.00039900357792343685,0.0055857528652663805,0.003853999999999869,0.0038539999999998905,0.003853999999999932,0.0010285399999996308,0.0010285399999996154,0.0010285399999996271,-0.1940733251612916,9.57982266322672,1.461446122446675,0.0011405300996933303,-0.00875848327837653,-0.009406900807229475,-11.49168794631958,-19.95356321334839,6.24300021648407,974.9285473632813,-0.0847624637879814,23.857413961334263
2025-03-01T17:34:16Z,40.098098494409065,-75.8196423961222,152.8934978243567,5.86551662107777,-26.626205746557446,-1.4411822433286003,1.4377718442586764,0.04413291637947998,0.9400568670879954,0.0009999999968633207,0.0010000000022127224,0.0009999999988567262,0.0009999999943725586,0.0009999999885639858,0.000999999991294276,0.000034995528462762035,0.00003500048116133592,0.8321744428114277,37.43407774948968,11.90696597745961,0.012482757691973538,0.0004200294644859271,0.0004089781502511274,0.0055948940890656485,0.0038549999999998676,0.0038549999999998898,0.00385499999999993,0.001028549999999631,0.0010285499999996158,0.0010285499999996275,-0.19414066345154,9.671227803864104,0.6602565380842016,-0.0022929971571367235,-0.0055407620225023475,0.00029299668019534255,-11.215500364303589,-20.573063287734985,6.83325028181076,975.1495288085938,-0.08179574896402007,24.40756455317662
2025-03-01T17:34:17Z,40.09442068264255,-75.81999664516114,152.23332173921472,5.773792745839028,-25.420006779857307,-1.4736650761770234,1.4305200204844257,0.04391664157652581,0.9302481767318368,0.000999999997198895,0.0010000000024362942,0.0009999999985703047,0.0009999999940842291,0.0009999999886664717,0.0009999999908071131,0.00003599466230534896,0.00003600050074200357,0.8206821841642924,39.603788190029384,12.782220840835208,0.012339010141475773,0.000427100977540345,0.0004205026175164608,0.005603554446757555,0.0038559999999998686,0.0038559999999998895,0.003855999999999931,0.0010285599999996313,0.0010285599999996168,0.0010285599999996274,-0.09400626862907986,9.679340571479461,0.8992112613116816,-0.0052184720095462605,-0.011071758230491021,0.0005772330264791465,-11.1215629196167,-21.145125789642336,6.677812747955322,975.1200610351563,-0.056129790092760264,24.807179716861118
2025-03-01T17:34:18Z,40.08889962165035,-75.8203864008723,151.76049781052305,5.283705508045184,-23.701027271669112,-1.6720424724224654,1.4384834177678705,0.0474797100082181,0.9258593933240213,0.0009999999971172671,0.0010000000025804914,0.0009999999987520413,0.000999999993994537,0.0009999999887204672,0.0009999999909820155,0.00003699364292309416,0.00003700052189302612,0.8091596927437279,41.67538570252691,13.692312279031572,0.012733263858190508,0.0004355809615090555,0.0004312848261635214,0.005613801667016467,0.0038569999999998705,0.0038569999999998918,0.0038569999999999312,0.0010285699999996304,0.0010285699999996161,0.001028569999999627,-0.05128915453111659,9.570569760638026,0.30444380912079333,0.009903936320001892,-0.005612028928936806,-0.002343902346487977,-10.434562950134277,-20.2430633020401,7.092937773913145,974.9768505859375,-0.2022328824200521,23.85307223942967
2025-03-01T17:34:19Z,40.0838442900207,-75.82077844881256,150.98945796454598,5.474284551963431,-22.61215671216017,-1.702850988588929,1.4361637871614126,0.04303719551676494,0.9136040562519924,0.00099999999693091,0.0010000000030072223,0.0009999999988121186,0.0009999999937280286,0.0009999999887751727,0.000999999991201192,0.000037992441645879805,0.000038000544600115894,0.7992597109879883,44.021482229109736,14.752671941838772,0.013213915601802432,0.0004423525835236362,0.00044395384756484613,0.005620979520739935,0.0038579999999998693,0.0038579999999998897,0.003857999999999932,0.00102857999999963,0.0010285799999996156,0.0010285799999996265,0.05826223973411009,9.659383296010297,1.0357302916995312,-0.0008778271060142231,-0.014174317051863321,0.0037545643303074396,-8.361750359535217,-19.877438335418702,7.4385003042221065,975.1732788085938,-0.06296718383255005,22.811409204796103
2025-03-01T17:34:20Z,40.07853825499936,-75.8211938365505,150.20072706200938,5.5448211448631595,-21.54278106013272,-1.638805539096736,1.4334489967508994,0.04749407321446354,0.9071572054162238,0.00099999999715484,0.0010000000030703693,0.0009999999988271736,0.0009999999934485275,0.0009999999884216686,0.0009999999913524959,0.000038991030401942,0.00003900056881075717,0.7926031465788685,46.42773582835369,15.904423721665788,0.014181187518663669,0.00045084346191457796,0.00045554543170507855,0.005632114304783604,0.0038589999999998695,0.0038589999999998907,0.0038589999999999345,0.001028589999999629,0.0010285899999996147,0.0010285899999996255,0.10322507759307342,9.783879418667148,0.8578272046431807,-0.002164148009568403,-0.007106144183953415,-0.004950593183197917,-11.291625428199769,-21.677438411712647,9.315000395774842,975.2809106445312,0.04394939416626882,26.156810056930354
2025-03-01T17:34:21Z,40.072757506861514,-75.8216460317847,149.4279498422503,5.6259815136285,-20.700982086011756,-1.6831111252703288,1.4267897875712743,0.04454026004611396,0.8960224514271052,0.000999999997333135,0.0010000000031213344,0.0009999999987289662,0.0009999999934398418,0.0009999999883907786,0.000999999991686327,0.000039989381604182714,0.00004000059434333977,0.7901570298833155,48.9115087199341,17.124333116496416,0.01539838942820798,0.00045801738645693835,0.0004681660758164696,0.005640468340354188,0.0038599999999998687,0.0038599999999998904,0.003859999999999934,0.001028599999999629,0.0010285999999996146,0.001028599999999625,0.07417452000847238,9.668077229496745,0.8895687109113292,-0.006569050020855302,-0.012667517297188312,0.0010158539457419164,-9.333937892913818,-20.64675079345703,7.94531283378601,975.363984375,-0.06889556793895539,24.011169659853895
2025-03-01T17:34:22Z,40.06832873823487,-75.82206706765977,148.31720175190935,5.596520414041574,-19.810852456027558,-1.8035252011129885,1.4276482134960713,0.04459667341777013,0.881494119661872,0.0009999999974073612,0.0010000000031644236,0.0009999999989743012,0.0009999999936692924,0.0009999999887988647,0.0009999999914925848,0.000040987470104758804,0.000041000620867821944,0.793179683933822,51.38325799841372,18.397998584969777,0.017541620490575408,0.00046443693516451417,0.0004812737328534105,0.005650159163606861,0.003860999999999867,0.0038609999999998914,0.003860999999999935,0.0010286099999996278,0.0010286099999996135,0.0010286099999996241,0.23263363118650904,9.651097334624124,0.6691080149937856,0.0006498353882628542,-0.015167556256569072,-0.002907700557558953,-8.848500361442566,-20.119313344955444,8.055562806129455,975.6599096679688,-0.10112769368096411,23.408811142688247
2025-03-01T17:34:23Z,40.0626347445455,-75.82257052243769,147.27139554749266,5.710289770921461,-19.70120430293021,-1.8328244790852155,1.4252845809302084,0.04309570850800182,0.8767457791087921,0.0009999999974248598,0.0010000000032342907,0.0009999999990430864,0.0009999999940096974,0.000999999988736957,0.000999999991523538,0.00004198528581038147,0.00004200064799510023,0.8022748183000432,54.17195345438824,19.73045331993774,0.01844012739376795,0.0004723612384058141,0.0004919736795337704,0.005659735400765224,0.003861999999999868,0.003861999999999891,0.0038619999999999362,0.0010286199999996286,0.0010286199999996143,0.001028619999999625,-0.11860723275494095,9.649692367550546,1.0866575283716446,-0.003932151051426733,-0.005774926172544133,-0.0007963786214731979,-8.346937818527222,-19.984688234329223,7.968562805652619,975.6968627929688,-0.0667914637276818,23.077148452456097
2025-03-01T17:34:24Z,40.05687855936289,-75.8231102966027,146.18718999065516,5.811300451754224,-20.0414535796602,-1.8388097066771243,1.4295214178816906,0.043399023359087956,0.8742034372117239,0.0009999999974784298,0.0010000000031299807,0.0009999999993394256,0.0009999999937946754,0.0009999999887359227,0.0009999999917903147,0.000042982845081568976,0.00004300067547001947,0.8153464011117799,57.16076504238325,21.081178201230298,0.018554156512205107,0.00048016749175012406,0.0005017142444003958,0.005670241132605164,0.00386299999999987,0.003862999999999891,0.0038629999999999377,0.001028629999999628,0.0010286299999996136,0.0010286299999996244,-0.32682268456593305,9.64558472537671,1.207574834280673,0.0020034185970966246,-0.0032194753210740804,-0.002740964555707893,-8.23012538433075,-20.18400098800659,7.8525002837181095,975.8448388671875,-0.051789913904855336,23.168691460568567
2025-03-01T17:34:25Z,40.04971193207076,-75.82376749652757,145.26859929614065,6.266367476008285,-20.55311085985588,-1.8272375644469616,1.429607084854418,0.037993723966741805,0.8610329389252848,0.0009999999970425053,0.0010000000035806453,0.000999999999318775,0.0009999999935403475,0.0009999999884984588,0.0009999999922298407,0.00004398017520477492,0.00004400070308537355,0.8304129700916034,60.188044011733865,22.44479351055048,0.018975941398623325,0.0004846725365603539,0.0005132510944776788,0.005678751796324972,0.0038639999999998684,0.0038639999999998927,0.003863999999999936,0.0010286399999996287,0.0010286399999996127,0.0010286399999996233,0.02912603668168003,9.645017238738886,1.2999502069389977,-0.0028350976289289944,-0.014556691776140029,0.000437034263836194,-9.10275032043457,-20.4637508392334,8.658000354766846,975.8611157226562,-0.04584100706348771,24.012157127201505
2025-03-01T17:34:26Z,40.040764514252835,-75.82458235524356,144.57018934721768,6.691235805934269,-21.639442176668485,-1.823025162130464,1.4306977618345493,0.03328531399508278,0.8520954761704754,0.0009999999968369512,0.0010000000036706873,0.0009999999992126984,0.000999999993487854,0.0009999999885055857,0.000999999992075483,0.000044977308348604184,0.00004500073062572842,0.846197221805939,63.35222714560167,23.77147427932612,0.019058066134269552,0.0004894546317507158,0.0005232651481687189,0.005688158782296893,0.0038649999999998677,0.0038649999999998937,0.003864999999999937,0.0010286499999996286,0.0010286499999996113,0.001028649999999624,-0.039325043516380484,9.60686091486255,1.3101870601780072,-0.0033823724141319603,-0.010193514762004195,-0.0009592757672174088,-9.153000359535218,-18.801000823974608,8.174062819480897,975.8266552734375,-0.08212636930118447,22.45146025140568
2025-03-01T17:34:27Z,40.03397930150005,-75.82530127988355,143.5966947086833,6.952903904180032,-22.568997365829368,-1.8161607171839356,1.44169530629061,0.03396788782101122,0.8397069653302255,0.000999999996798653,0.0010000000037904838,0.000999999999020623,0.0009999999933761393,0.000999999988670224,0.0009999999921251643,0.000045974283286062384,0.00004600075797089305,0.8612583586119875,66.64784790227009,25.055377264315116,0.019021324419711994,0.0004931247035403923,0.0005333201898839547,0.005699315713417578,0.003865999999999866,0.003865999999999892,0.0038659999999999355,0.001028659999999629,0.001028659999999612,0.0010286599999996238,-0.06748909087266629,9.650626649446412,1.2139655034804009,0.00756963146487913,-0.012543842391296234,-0.005982053080557776,-8.29087535381317,-19.352438268661498,8.422687845230103,976.1198022460937,-0.050985969361995155,22.675864830831898
2025-03-01T17:34:28Z,40.02620123693834,-75.82613334040317,142.75810466592992,6.71946172888168,-23.66376675337657,-1.801948287999317,1.4413546729406443,0.030239050978733556,0.8427908542207243,0.0009999999970804238,0.0010000000036540137,0.0009999999989499765,0.0009999999930565904,0.0009999999887074676,0.000999999991725665,0.0000469711428626984,0.00004700078502720083,0.8758104789382977,69.9858785622379,26.246068799888036,0.019529325470047477,0.0004996217108045131,0.0005392660542531861,0.005709425360452502,0.003866999999999867,0.003866999999999893,0.0038669999999999365,0.0010286699999996298,0.0010286699999996118,0.0010286699999996233,-0.2536421898788735,9.707957640326207,0.6659594364250558,-0.005133517676549359,0.002278308074299171,-0.0003891348944770128,-8.838562870025635,-21.744188451766966,8.611875338554382,976.1550732421875,-0.04370697635485617,25.001835528119106
2025-03-01T17:34:29Z,40.01875244717299,-75.8269861154963,141.91997673140193,6.862758739669778,-24.958889984666218,-1.7429282016124268,1.4388849210067673,0.02818862911968064,0.8377735349777043,0.00099999999720967,0.0010000000037770245,0.0009999999986858169,0.0009999999927945374,0.0009999999888111921,0.0009999999916401258,0.00004796793103422088,0.0000480008117636563,0.8896522975910591,73.50018354959289,27.406781910538143,0.019544758290317363,0.0005035877641511228,0.0005467205680845774,0.005720036721948359,0.0038679999999998663,0.003867999999999893,0.003867999999999934,0.0010286799999996302,0.0010286799999996122,0.0010286799999996237,-0.0729808101258435,9.714526776231958,1.0305419232758093,-0.007121165509125282,-0.005463819275600355,-0.0030979702481548875,-8.683875327110291,-18.43856325149536,8.595375356674195,976.2837524414062,-0.008342662535638961,22.119415320795156
2025-03-01T17:34:30Z,40.0103425367133,-75.82796410362192,141.26070476594882,6.98296108383604,-26.50996555337255,-1.7094064314220117,1.439573150272202,0.01454270243529991,0.8267481822833591,0.0009999999968652836,0.0010000000038245694,0.000999999998677288,0.000999999993004611,0.0009999999889449597,0.0009999999918902343,0.00004896468677245127,0.000049000838181279685,0.9022756163866585,77.06992153422749,28.486699555734184,0.01990476632401096,0.0005050222908812594,0.0005554888541556175,0.005726673746413438,0.0038689999999998673,0.003868999999999892,0.0038689999999999324,0.0010286899999996293,0.001028689999999611,0.0010286899999996245,0.030505493977724354,9.692364381786383,0.8955906384336555,-0.004878990998125575,-0.01290168239987946,0.006900517453883162,-9.224250345230102,-18.80906325340271,8.574562854766846,976.2952124023437,-0.04378827825807697,22.63599968765154
2025-03-01T17:34:31Z,40.001245991036065,-75.82905540979306,140.75809481022185,6.990210641172334,-28.448700507006826,-1.6399778225063582,1.447545650846958,0.01892266170312565,0.8255045739799268,0.0009999999967960518,0.0010000000035764183,0.0009999999988385831,0.0009999999931676249,0.0009999999890405785,0.0009999999918025792,0.00004996144862006479,0.0000500008643026983,0.9139557152970215,80.7840173039255,29.488003424952073,0.02019748888172006,0.0005084319466828801,0.0005618406067207476,0.005740015134571925,0.003869999999999869,0.0038699999999998918,0.0038699999999999343,0.0010286999999996297,0.0010286999999996119,0.0010286999999996236,-0.11992328836331217,9.730769227977744,0.7405357343555307,0.0012398374190969149,-0.0009287321119283498,-0.010152790554450387,-10.491937942504883,-20.17368824958801,9.801562895774842,976.3049536132812,-0.017645612831465273,24.761392883841157
2025-03-01T17:34:32Z,39.991369846357344,-75.83027638021834,140.42057870313636,7.292119653321157,-30.94658685824486,-1.6270712162189729,1.45346140393557,0.01377006667658644,0.8225888678192794,0.0009999999967559281,0.0010000000035295586,0.0009999999989408503,0.0009999999932855453,0.0009999999887897765,0.0009999999914490805,0.000050958249240587074,0.00005100089038137735,0.923268940998027,84.65559710515083,30.429414461585473,0.019758304909648826,0.0005102985253469829,0.0005689345934318397,0.005750042033059147,0.00387099999999987,0.0038709999999998923,0.0038709999999999335,0.0010287099999996287,0.0010287099999996127,0.0010287099999996242,-0.19038602384653353,9.637485869419711,0.895563184922043,-0.0019037796186938422,-0.00399173548149185,-0.0012653753440381745,-8.874375371932983,-19.77693819999695,8.093812806606293,976.2853051757812,-0.09615486335246211,23.13848043247378
2025-03-01T17:34:33Z,39.98090383069927,-75.83161080347129,140.23037112441864,7.861253546679561,-34.19913178135423,-1.5397170139264464,1.459901479663259,0.007650200508789213,0.8253935652007778,0.0009999999969563598,0.0010000000036108744,0.0009999999991111273,0.0009999999933298718,0.0009999999887478008,0.0009999999917816962,0.000051955100087756984,0.00005200091713813913,0.9264816152003031,88.853182909593,31.370154417829177,0.0179864884635624,0.0005130346304591494,0.0005750706268425758,0.0057597167989739614,0.0038719999999998686,0.003871999999999891,0.0038719999999999337,0.0010287199999996278,0.0010287199999996126,0.0010287199999996235,-0.48486861666091724,9.665046349204031,1.2199377540906926,-0.002354083544069038,0.0013212859907220582,0.0003744458447658913,-10.011187920570373,-20.037375802993775,7.887562780380249,976.2597338867188,-0.02291178987217577,23.747242909637105
2025-03-01T17:34:34Z,39.97079881126083,-75.83296111471375,140.08919090900275,8.603553930754146,-36.961364787652236,-1.4447080554849887,1.4679125778549271,0.005958953875326279,0.8236905435712404,0.0009999999970853179,0.0010000000033711088,0.0009999999990246919,0.000999999993073881,0.000999999988923504,0.0009999999915923396,0.00005295199458336664,0.000053000945303538504,0.924258462877338,92.99105160595674,32.33804736887753,0.017492758142790953,0.0005140881125033675,0.0005832788388805712,0.0057705732820807504,0.003872999999999866,0.0038729999999998887,0.0038729999999999347,0.0010287299999996273,0.001028729999999613,0.001028729999999624,-0.16967438214145,9.7248433748428,0.8672023459657389,-0.0007020782988811329,-0.0029502613280850327,-0.003728862943092874,-10.991437873840333,-20.77406332015991,8.64356286764145,976.2973852539062,-0.011520684886750362,25.041606331534148
2025-03-01T17:34:35Z,39.96131895533623,-75.83429130970734,139.97083292493298,9.342516679645925,-39.50387083290953,-1.3293418142624704,1.4767019259991971,0.004818756945264422,0.8274592058294006,0.0009999999972270112,0.0010000000032212048,0.0009999999989684539,0.0009999999930040806,0.0009999999893843972,0.0009999999920859263,0.000053948927066433406,0.00005400097528980644,0.9206305569188983,97.20167001505698,33.34982822112403,0.017555519303891768,0.0005162388958724701,0.0005907273026817836,0.00578117527235851,0.0038739999999998654,0.003873999999999888,0.003873999999999935,0.0010287399999996277,0.0010287399999996134,0.0010287399999996242,-0.2845096068030258,9.777628627455837,0.6293093660011707,0.00032354089305288293,0.002227402181963712,-0.00269005926032304,-10.567125406265259,-21.983063297271727,8.095500330924988,976.3527270507813,0.025814051857010932,25.699294261806937
2025-03-01T17:34:36Z,39.95002051621489,-75.83582457429858,140.2661346731947,10.746785891494277,-42.74309568108769,-1.1076015374898263,1.4879362781743468,6.278070620110258,0.8312848093861719,0.0009999999974831639,0.0010000000033172204,0.0009999999989138393,0.0009999999927795332,0.0009999999895195788,0.0009999999921835854,0.00005494588603625774,0.00005500100771535331,0.9156702490452673,101.58980753724535,34.46297510844586,0.017296758886371708,0.0005176806940190784,0.0005991481337668386,0.0057884193134718175,0.003874999999999864,0.0038749999999998863,0.003874999999999934,0.001028749999999627,0.0010287499999996127,0.0010287499999996233,-0.406902489566886,9.84725977484063,0.7688906831764065,0.0007918700703607329,0.0007206026997324923,0.006310014769277532,-11.090062885284423,-21.429563369750976,8.426437849998473,976.1804370117187,0.10975140396901775,25.558128631750577
2025-03-01T17:34:37Z,39.94054588350594,-75.83720475180343,140.52853334579916,12.688029398636273,-45.549379369873,-0.8726060895987715,1.5041029494027351,6.277905439533165,0.8297050684187385,0.000999999997286857,0.0010000000032972089,0.0009999999989994525,0.0009999999926359757,0.000999999989707121,0.0009999999924565567,0.000055942832471444644,0.00005600104339665481,0.9069795384905909,106.10019485737759,35.73623265838561,0.015771263781393298,0.0005173567637104574,0.0006098569621808978,0.005798322198908725,0.003875999999999865,0.0038759999999998856,0.003875999999999934,0.0010287599999996263,0.001028759999999612,0.0010287599999996228,-0.17379317654173318,9.862803347599902,1.1621079365922404,0.00737936258802965,-0.003861551273454631,-0.0021566374181913118,-10.521187877655029,-21.61162586212158,7.86075032711029,976.28625,0.15696173341682237,25.28925845737789
2025-03-01T17:34:38Z,39.93162910061532,-75.83853416166849,140.7985830393917,14.349768357812271,-47.94399906000256,-0.8865304137090851,1.5096817567492016,6.275050332483429,0.83680133994732,0.0009999999974705837,0.001000000003216051,0.000999999999069133,0.00099999999259822,0.0009999999899500814,0.000999999992910038,0.000056939715239846514,0.00005700108311408389,0.8953667414549841,110.46212806351882,37.0929338592353,0.015797096570148023,0.0005200032546919063,0.0006182863219542269,0.005806713178182463,0.0038769999999998654,0.0038769999999998857,0.003876999999999935,0.001028769999999625,0.0010287699999996115,0.0010287699999996223,-0.42125942268199607,9.66496660613684,0.6839454719272824,-0.0024151696197312377,0.004416334635432402,0.002308850926769779,-8.344125361442567,-21.22106333732605,8.113687813282013,976.3020336914062,-0.07707436585477812,24.203045853175393
2025-03-01T17:34:39Z,39.924584843400716,-75.83968767654177,140.75841218599402,16.254837766253427,-49.852673317211746,-0.9404826964423989,1.5125500966061682,6.269096454852399,0.8339622177544782,0.000999999997590144,0.0010000000033933464,0.0009999999991376772,0.0009999999927726337,0.0009999999897778904,0.0009999999929191823,0.000057936474934414925,0.00005800112765056526,0.8821479601536066,114.85900169417306,38.6555052480449,0.014923255021130294,0.0005203484133034326,0.0006297955826942917,0.005813617787124405,0.0038779999999998646,0.0038779999999998833,0.0038779999999999345,0.0010287799999996253,0.001028779999999611,0.0010287799999996216,-0.18057938031697018,9.628149757444573,1.1120155682817372,-0.0031355227191702893,-0.005343649125760996,0.005874732084822412,-13.60443796157837,-23.351063385009766,11.480062918663025,976.4534423828125,-0.08135236282531288,29.36225052053897
2025-03-01T17:34:40Z,39.92184223485837,-75.84047883817016,140.0840179033239,17.02936715394377,-50.55200925959432,-1.0349740103818648,1.513457392410177,6.278353678153148,0.8326730223466665,0.0009999999973310432,0.0010000000032793076,0.0009999999993069984,0.0009999999924678277,0.0009999999894944943,0.0009999999928272008,0.000058933041729577645,0.00005900117758757899,0.8679541694968865,119.1274360944044,40.400923975439866,0.014611096229650702,0.000522465076490692,0.0006402042048852362,0.005825258903077569,0.0038789999999998665,0.0038789999999998825,0.0038789999999999363,0.0010287899999996259,0.0010287899999996116,0.0010287899999996224,-0.06744070441593641,9.656671443617924,0.8287112513963064,-0.0011119914858040117,-0.0016414079121538365,-0.008961604724988519,-25.306126022338866,-28.594688568115235,15.965063161849976,976.8473559570313,-0.08272510883428172,41.38762214147637
2025-03-01T17:34:41Z,40.12952674509373,-75.78938150729851,137.50528113145117,1.7789645533514777,-30.86489907367966,-1.1899547765305656,1.4498899618729948,0.0145850027703731,0.8069942856643807,0.00099999999714788,0.001000000003485067,0.0009999999988308352,0.0009999999923826694,0.00099999998960604,0.0009999999928962285,3.0831594915354177e-10,3.083158740112823e-10,0.5402206573743014,0.011128112262616948,0.011126072535306245,0.011183374860155073,0.00016602810010576773,0.00017353435155838284,0.005405932279052759,0.0038799999999998653,0.0038799999999998827,0.0038799999999999356,0.0010287999999996267,0.0010287999999996121,0.001028799999999623,-0.3485084546621398,9.65396084338001,1.1969803886943267,-0.0012829001716029782,-0.0006770430102350149,-0.0039692031241616585,-24.54656352996826,-27.953063650131227,14.9454381275177,976.8118701171875,-0.04291666692726875,40.09076688171299
2025-03-01T17:34:42Z,40.12939436988759,-75.78974518150235,136.94393038142618,1.6901700515282985,-31.044507249604735,-1.1790174678702887,1.4489493486957103,0.01640660480134331,0.8055854565187218,0.0009999999969206557,0.0010000000033348773,0.0009999999988943415,0.0009999999926229252,0.0009999999895310113,0.0009999999927916218,1.000308316179387e-6,1.0003083165083715e-6,0.570917289461267,0.029630599603242738,0.027499433546299506,0.011715539512356783,0.00017600637153019618,0.00018346383957401662,0.005415475511619708,0.003880999999999865,0.0038809999999998845,0.0038809999999999344,0.0010288099999996266,0.0010288099999996123,0.001028809999999623,-0.35003306861433287,9.6754550526902,1.2373255969744692,-0.0009694569350667648,-0.0003280485013247485,-0.00118325988657064,-13.979250564575196,-24.424126033782958,10.620187878608704,976.8051391601563,-0.016493749432918443,30.07894127406378
2025-03-01T17:34:43Z,40.129258135207415,-75.7901124990713,136.47430670451757,1.6553893971330595,-31.49171111996323,-1.0656832002885508,1.443647248844088,0.019734294947810063,0.8100220426728936,0.0009999999966367643,0.001000000003105431,0.0009999999986681242,0.0009999999923779256,0.0009999999898524941,0.0009999999927589927,2.0003083179189407e-6,2.000308320223808e-6,0.6027959032224735,0.0831016863972692,0.07487882031197138,0.01232078677418336,0.00018617690835440775,0.00019315025994767843,0.0054245876161175925,0.0038819999999998634,0.003881999999999884,0.0038819999999999332,0.001028819999999626,0.0010288199999996116,0.0010288199999996224,-0.5428945614217721,9.73667151832247,1.503566999029232,-0.005286234411261357,0.005750055863125546,-0.0017228570219688715,-10.31475037574768,-23.04056344985962,10.623937935829163,976.86794921875,0.09004959344124915,27.388444811986414
2025-03-01T17:34:44Z,40.12911726441057,-75.79048252663004,135.95024328594906,1.5083100511491188,-31.501994589066836,-1.1343241663659498,1.439325439316747,0.020516807780440828,0.8049833176923534,0.0009999999968715253,0.0010000000033781895,0.0009999999988705283,0.0009999999927115763,0.000999999989629191,0.000999999992812012,3.000308320579883e-6,3.0003083328949988e-6,0.6344891381696018,0.1730141116812422,0.15383680808065936,0.012583718810172234,0.00019602918793873948,0.00020305192959920183,0.005434418457462178,0.003882999999999864,0.003882999999999885,0.0038829999999999334,0.001028829999999625,0.0010288299999996107,0.0010288299999996215,-0.3305034538981934,9.607908895583252,1.1509283573080165,-0.0040167706474992775,-0.004051820735330403,-0.0003540855137108582,-10.830937910079957,-22.90481346130371,9.768375391960143,977.0263720703125,-0.09473566880737376,27.154338325370766
2025-03-01T17:34:45Z,40.12896430913091,-75.79085227108983,135.4632145270585,1.231658207837651,-31.439032919018235,-1.1809148981159754,1.4468898620124633,0.019579384224701936,0.8054229370822971,0.0009999999967404251,0.0010000000032463988,0.0009999999987281704,0.0009999999925553629,0.0009999999894305927,0.0009999999924455436,4.000308313282269e-6,4.0003083641282695e-6,0.6645185547899695,0.3025629583318351,0.2676547000701274,0.012775744767288197,0.00020603319227713822,0.00021268647405936017,0.005444709511978401,0.0038839999999998633,0.003883999999999884,0.0038839999999999313,0.0010288399999996256,0.0010288399999996115,0.0010288399999996219,-0.3864039662525127,9.638605641361673,0.9993992650513965,0.007857539718653274,0.0013518298235432296,0.0023801185039040067,-11.179687900543213,-22.76906339645386,9.933187901973724,977.0325463867188,-0.07900199394609271,27.241165888128094
2025-03-01T17:34:46Z,40.12879468203583,-75.79122094034622,134.88192161570453,0.8935543883100646,-31.297397666069553,-1.2831131686627963,1.4515191590620848,0.021927203157750444,0.8106126209372037,0.00099999999677277,0.0010000000034179437,0.0009999999984892929,0.0009999999926088028,0.000999999989830684,0.0009999999926343034,5.000308255523329e-6,5.000308427904667e-6,0.6918732449871023,0.473213521099832,0.4175593615542576,0.012922145609774057,0.00021621011876453243,0.00022206712865717197,0.005454018918798175,0.0038849999999998625,0.0038849999999998833,0.003884999999999932,0.0010288499999996262,0.0010288499999996118,0.0010288499999996227,-0.3929914197182268,9.60292712764728,0.8380962134975467,0.004805719229508908,0.006513135086749271,-0.0002138868309282091,-9.436687860488892,-22.625625982284546,8.920687890052795,977.1399487304687,-0.12955892206223338,26.08727747929442
2025-03-01T17:34:47Z,40.12858205703946,-75.79158927286612,134.4948843816504,0.8015663279169104,-31.319240176607227,-1.2068367455777056,1.4489977898758888,0.022228695667112962,0.806420894940552,0.0009999999970484324,0.001000000003282491,0.000999999998758947,0.0009999999929191327,0.0009999999901199024,0.000999999992733925,6.000308047171305e-6,6.000308542764511e-6,0.7160205685710537,0.6871302916736775,0.6051753397304828,0.013040910408976729,0.00022609229793043721,0.00023160993465623812,0.005464010244274911,0.0038859999999998627,0.0038859999999998835,0.0038859999999999325,0.0010288599999996263,0.0010288599999996118,0.0010288599999996226,-0.400242459482701,9.725026487347046,1.142290657148034,-0.0021300999005530903,-0.002588248378556017,0.0013111057580220656,-9.618187875747681,-22.5450008392334,9.348562874794005,977.0528173828125,0.02306478469161022,26.23317668170971
2025-03-01T17:34:48Z,40.128343599622674,-75.79195619234774,133.9836358662955,0.4808776924680103,-30.992478701075594,-1.3371414283773357,1.452538308630785,0.022712307935344185,0.8042137157305027,0.000999999997097171,0.001000000003259219,0.0009999999987327028,0.0009999999928302376,0.0009999999899211447,0.0009999999926934042,7.000307491643542e-6,7.000308732437276e-6,0.7366084233212694,0.9473153691833013,0.8313755937378436,0.013096382226979057,0.00023604148471735746,0.00024098155368159195,0.005473811773954449,0.0038869999999998632,0.0038869999999998836,0.003886999999999933,0.0010288699999996256,0.0010288699999996113,0.0010288699999996221,-0.3186870843909346,9.581576727863844,0.7056005303381624,0.0037647453139253734,-0.0006843863723097947,0.0012601992973454385,-9.041250376701354,-22.828126010894774,8.717625343799591,977.2020068359375,-0.16422131464717812,26.0549781318997
2025-03-01T17:34:49Z,40.12806396640014,-75.79232033982717,133.42793566026953,0.19883390250054073,-30.706474056936457,-1.266213319438645,1.4440951159513347,0.019649059019357235,0.8066987344055582,0.0009999999970565902,0.0010000000035162214,0.0009999999984221632,0.0009999999927672754,0.000999999989703799,0.0009999999924576856,8.000306256034538e-6,8.000309025295377e-6,0.7536382345305871,1.2600631806350466,1.1040440751223444,0.013215927506328532,0.0002461114701207631,0.00025009575413028457,0.005484452710829773,0.003887999999999862,0.003887999999999883,0.003887999999999932,0.0010288799999996247,0.0010288799999996104,0.0010288799999996212,-0.33497528199097093,9.775681063601878,0.8009878558949339,-0.008493108259519976,0.0036190388341930087,0.005424094328604408,-7.67643783569336,-22.29543834686279,9.60187536239624,977.2914697265625,0.03710292226725948,25.45992317816797
2025-03-01T17:34:50Z,40.127676092518975,-75.7926807064006,133.05324708886613,-0.04744543318002575,-29.963817024975086,-1.426296757802428,1.458783429804048,0.008815032251864178,0.7979269717859608,0.0009999999972320397,0.0010000000038761735,0.0009999999983388713,0.0009999999926917779,0.0009999999897472695,0.0009999999924864894,9.000303828828448e-6,9.000309455311198e-6,0.7672307976549309,1.6283332089132305,1.4136219448780547,0.013365566934396184,0.0002557995236378966,0.0002594615553707521,0.005497361580239715,0.0038889999999998635,0.0038889999999998847,0.0038889999999999333,0.0010288899999996255,0.0010288899999996112,0.001028889999999622,0.018700909098449296,9.57100843492792,0.430186641490423,0.014495602801534726,-0.007811142205829919,0.012500111333050453,-8.193562841415405,-21.58668830871582,10.543125376701354,977.1940576171875,-0.19644290898761207,25.382562786348963
2025-03-01T17:34:51Z,40.12702721077036,-75.79304013521052,133.1308372116631,-0.05961155705103016,-29.46097643474997,-1.437767682833773,1.4599121560239599,0.004180566999422836,0.7989129953723304,0.0009999999971239527,0.0010000000040360564,0.0009999999985112512,0.0009999999926800576,0.0009999999895938683,0.000999999992224739,0.000010000299480074527,0.00001000031006006205,0.7780677401762257,2.0401830574786954,1.7693954004215655,0.013602540185608898,0.00026584585923466065,0.00026843127655936646,0.00550874655415021,0.003889999999999864,0.0038899999999998857,0.0038899999999999343,0.0010288999999996263,0.001028899999999612,0.0010288999999996228,-0.07541286583627561,9.640074712155329,0.6347847438439482,-0.000021113837142774493,0.0042399178306027924,0.009059240541193718,-11.076000423431397,-20.559938259124756,9.759937868118286,976.8390649414063,-0.11593758395665768,25.31091973469956
2025-03-01T17:34:52Z,40.12628203038367,-75.79339962708389,133.23625936504845,0.08381699948974264,-29.213654572649332,-1.179183380655755,1.4743791920001164,0.015987888765117426,0.8046333662350155,0.0009999999971444793,0.0010000000039368392,0.000999999998682393,0.000999999993171534,0.0009999999897890065,0.0009999999918649065,0.000011000292230889867,0.000011000310884506369,0.7871656289202306,2.5043053186097586,2.1808645366103,0.013718983756268031,0.00027596087514625457,0.00027724173721550615,0.005515188503048002,0.003890999999999864,0.003890999999999885,0.003890999999999934,0.0010289099999996267,0.0010289099999996121,0.001028909999999623,-0.2017977006307293,9.897469154035983,0.8169864190533743,0.012673189607939115,0.010748965836378972,-0.007088285559463665,-11.576437921524048,-21.365438356399537,7.419562811851502,976.90310546875,0.15597189050687515,25.407542140913282
2025-03-01T17:34:53Z,40.12551460286853,-75.7937597428199,133.3062243418763,-0.13948896906450264,-29.100484498196334,-1.0569348202418576,1.4876098296857982,0.02168076833000907,0.8183935318952729,0.0009999999969718878,0.0010000000035350807,0.0009999999984841416,0.000999999992995598,0.000999999989763209,0.0009999999916752696,0.000012000280847311956,0.00001200031198056979,0.7956772391844471,3.0070706239700584,2.6527732914800644,0.01435702524595935,0.0002860768529790104,0.00028579858540468114,0.005522959272491184,0.0038919999999998635,0.0038919999999998843,0.0038919999999999333,0.0010289199999996262,0.001028919999999611,0.0010289199999996227,-0.6117281058377282,9.804029582973357,0.45275892889507247,0.010911863266178722,0.017712824352672914,-0.0009999997323557437,-11.419312925338746,-22.39312584877014,7.704000331163407,977.0520532226562,0.05630352981503038,26.290715821665124
2025-03-01T17:34:54Z,40.124616194734294,-75.79412707928664,133.5431092476835,0.1154268368276854,-29.594509694390695,-0.835560043991229,1.4816777035452675,0.023378630724387284,0.8369102310924321,0.0009999999970036393,0.0010000000034253848,0.0009999999982455386,0.000999999992733433,0.00099999999002799,0.000999999991740801,0.000013000263851424295,0.000013000313405215143,0.8040986838451288,3.529137730162477,3.1671277344934308,0.014391736998624791,0.00029602471445309004,0.0002941353419317515,0.005531627625988335,0.0038929999999998653,0.003892999999999886,0.003892999999999935,0.0010289299999996255,0.0010289299999996112,0.0010289299999996222,-0.8125591489580393,9.838247469038635,1.1168796626566264,-0.008923716935576836,0.022325521409916033,0.0034713300334320895,-12.848063020706176,-22.4681259059906,9.928687888383866,977.0369140625,0.15755618798999907,27.72120897584837
2025-03-01T17:34:55Z,40.123489537123405,-75.7945060217788,134.18317701952353,0.5445776123129175,-29.910901523181483,-0.4815686161936098,1.4706676597568773,0.024493200755421565,0.8514483392047593,0.0009999999966347334,0.0010000000033405531,0.000999999997953575,0.0009999999929378805,0.0009999999896756443,0.0009999999917483942,0.000014000239522535135,0.00001400031522306957,0.8115725313525186,4.113710242526025,3.7410826888048603,0.014479831418483751,0.0003056376467919852,0.0003024242382971185,0.005540447429415874,0.0038939999999998646,0.0038939999999998854,0.0038939999999999344,0.001028939999999626,0.0010289399999996115,0.0010289399999996232,-0.6869823711496926,9.958924825029126,1.1309247516510548,-0.014551017021633922,0.01884292438455456,0.004487601741346599,-10.426687927246094,-21.531000862121584,8.84718787908554,976.89763671875,0.26931036386161544,25.506272892254426
2025-03-01T17:34:56Z,40.122527171192175,-75.79488181435792,134.78113965048433,1.0680580000197157,-29.983982401293964,-0.18534215644240284,1.4734182003189948,0.023570905569866386,0.8535975596987867,0.0009999999966662145,0.0010000000031449268,0.0009999999978004355,0.0009999999930110559,0.0009999999897714312,0.0009999999916733193,0.000015000205869757438,0.000015000317505934701,0.817390063574553,4.7575734724708525,4.36109257005332,0.014200976163035114,0.00031476162321545856,0.0003108689270031578,0.0055495629119620485,0.0038949999999998647,0.0038949999999998864,0.003894999999999935,0.0010289499999996256,0.0010289499999996108,0.0010289499999996234,-0.35466702984804105,9.94353170650961,1.1428869164635846,0.00029933972722845435,0.005161222830586199,0.004392634090974577,-10.943812942504882,-21.741563339233398,8.046187841892243,977.06490234375,0.23814808064986862,25.63593470110485
2025-03-01T17:34:57Z,40.12169735002967,-75.79525511720553,135.39845917051102,1.5498115630868632,-30.287748691405643,0.060917177496479735,1.4713836658317825,0.032574221674869404,0.8640556882388962,0.0009999999965347648,0.0010000000030712353,0.000999999997857676,0.0009999999932820628,0.000999999990006687,0.0009999999916198606,0.000016000160599389062,0.000016000320332469164,0.8210539135193954,5.435918672852405,5.034627060383482,0.01401342549197699,0.0003241878387293108,0.0003189692544104884,0.005555476937472914,0.003895999999999865,0.0038959999999998857,0.003895999999999935,0.001028959999999625,0.0010289599999996108,0.0010289599999996242,-0.5264239729261837,9.896113275524808,1.3164482616579114,-0.004074686113585734,0.013548762956152509,-0.005408407765166021,-11.67825044631958,-21.848625869750975,8.572500309944154,977.1529907226562,0.2200609076002559,26.215054445665945
2025-03-01T17:34:58Z,40.121139190130386,-75.79562273966897,135.83423681153562,1.4575003274921468,-30.41779473809534,0.08075957029497766,1.470446883395374,0.03602623716901402,0.8831325577464526,0.000999999996544249,0.0010000000028683813,0.0009999999980802275,0.0009999999934376318,0.0009999999897968332,0.0009999999915839297,0.00001700010120876662,0.000017000323790968667,0.8239357234701866,6.156977066484361,5.769773563473598,0.014308446023065241,0.00033366922167413205,0.0003267524714563652,0.0055626627993213785,0.0038969999999998667,0.003896999999999884,0.0038969999999999335,0.0010289699999996244,0.00102896999999961,0.0010289699999996244,-0.6944870647720418,9.737160524208875,0.8573564766261348,-0.002504630026880645,0.020492927362372022,-0.0000837036540566223,-11.284687938690185,-20.48700080871582,9.016687893867493,977.2987548828125,0.02238665495237829,25.067099823580644
2025-03-01T17:34:59Z,40.119126017748926,-75.79602318142871,137.3677889261141,2.048831279115894,-29.935562953965707,0.1345797069628017,1.4743154041025877,0.0439339141905994,0.8936031704790108,0.0009999999967688238,0.001000000002928094,0.0009999999979505012,0.0009999999935721995,0.0009999999893170904,0.0009999999916078164,0.00001800002508199993,0.000018000327976576772,0.8271913467090335,6.936417878277365,6.560827907849809,0.014462640854311183,0.0003429973195884058,0.00033444783824542444,0.005569722065362807,0.0038979999999998655,0.0038979999999998846,0.0038979999999999354,0.0010289799999996252,0.0010289799999996106,0.0010289799999996252,-0.48905606087013714,9.70293269856484,0.571363175733072,-0.00032804930090357914,0.01591077337262428,-0.0010305429215705746,-11.121000461578369,-18.37987560272217,9.039375381469727,976.4665771484375,-0.045099092316418385,23.306746102794744
2025-03-01T17:35:00Z,40.11703386283755,-75.79641860396873,138.8288615448794,2.671187584638854,-29.46064930817087,0.11880561698934802,1.4695288025684268,0.04350171898460001,0.9055289585495009,0.0009999999968145577,0.0010000000030629366,0.0009999999978665467,0.0009999999939634214,0.0009999999891124383,0.0009999999914516188,0.000018999929495538594,0.000019000332986612406,0.8306523471892622,7.751830786015211,7.4055497525622425,0.014665804915122838,0.00035194510299209623,0.0003419980396533522,0.005579099910708002,0.0038989999999998657,0.003898999999999887,0.0038989999999999377,0.0010289899999996242,0.00102898999999961,0.0010289899999996245,-0.5300530790697757,9.637209819790773,0.5888706618173675,-0.009053234081428458,0.01624674913082645,0.007246675031987809,-11.089125413894653,-19.580813226699828,8.36550033569336,976.356533203125,-0.10746175660699321,24.00741764234742
2025-03-01T17:35:01Z,40.11567642029661,-75.7967928384966,139.76791581896168,3.320081566581655,-29.366590604602923,0.2447805666106383,1.4763190367904664,0.04947095538036182,0.9143271904981691,0.0009999999966545125,0.0010000000030560199,0.0009999999978104592,0.0009999999939104714,0.0009999999893028303,0.0009999999916499693,0.000019999811472617948,0.00002000033892652257,0.8332642304922866,8.61235619579561,8.307025884501419,0.014316637689065966,0.0003609180819003882,0.00034952554089356285,0.005586018087517447,0.0038999999999998654,0.0038999999999998858,0.0038999999999999382,0.0010289999999996244,0.00102899999999961,0.0010289999999996253,-0.5156922296278202,9.789253514146086,1.0689839922697169,0.004164811308768771,0.011820649945919384,-0.00179612719275006,-11.923875455856324,-20.405063247680665,7.19925030708313,976.6031909179687,0.0837459334330191,24.705709925199795
2025-03-01T17:35:02Z,40.115426958137746,-75.79713903443866,140.03049539840052,3.224340013000067,-29.048955817276386,0.13248337251193298,1.4745260514553733,0.056502131268893245,0.9270748564218975,0.0009999999966217373,0.0010000000029746743,0.000999999997847079,0.00099999999386797,0.0009999999890607173,0.0009999999919621705,0.000020999667663604264,0.000021000345906144523,0.8343021744070599,9.526701958717199,9.265742300643229,0.014117210340236809,0.0003699103707116712,0.00035706470366660516,0.005591896223732815,0.003900999999999865,0.0039009999999998863,0.0039009999999999366,0.001029009999999623,0.0010290099999996096,0.001029009999999624,-0.37571602819525435,9.667000531193537,0.6140750631643624,-0.002659516095458292,0.013538581676147243,-0.005428769632934187,-12.051000461578369,-20.921625785827636,7.05150032043457,976.9903100585938,-0.08345846224210737,25.152775886999205
2025-03-01T17:35:03Z,40.1153370984309,-75.79747701976501,140.09103604030253,2.7545501029518085,-28.60240955418838,0.013835409687140837,1.4833977395790312,0.05487447427455383,0.94114771728782,0.000999999996864306,0.0010000000026479598,0.0009999999978727346,0.0009999999934816796,0.0009999999889986609,0.00099999999188018,0.000021999494735032832,0.000022000354040691,0.8351067484523276,10.495910585302015,10.307993907223002,0.014503217198360497,0.0003782973097780626,0.0003647606890213498,0.005600188720044391,0.003901999999999863,0.003901999999999884,0.0039019999999999385,0.001029019999999623,0.0010290199999996089,0.0010290199999996232,-0.45351806547954937,9.697580866951391,0.24906957773761992,0.00817048181436371,0.013753385854862138,0.0029005218970919668,-11.916375398635864,-20.694000835418702,6.916687762737274,977.0360595703125,-0.06589819628994277,24.86120899916347
2025-03-01T17:35:04Z,40.11411532509586,-75.79784057885651,140.60506473041497,2.960326407102178,-28.24152173511173,-0.01633918368223137,1.481369154993983,0.05855174273332274,0.9590929636607476,0.0009999999971847182,0.0010000000028650192,0.0009999999979323456,0.0009999999935213061,0.0009999999890650572,0.0009999999915397658,0.00002299928949292697,0.000023000363447691495,0.8365447185661998,11.491430698701336,11.416775322115674,0.014745219534873493,0.00038635795906479344,0.0003727314398575937,0.005607461428966876,0.0039029999999998636,0.003902999999999885,0.003902999999999937,0.0010290299999996242,0.0010290299999996077,0.001029029999999622,-0.5320072257074525,9.708715398150021,0.47907998119010664,-0.004940077499070286,0.019840670225967263,0.00001810804371280136,-11.725125455856324,-20.778188362121583,6.893250288963318,976.6549194335937,-0.042233600851546774,24.833969698617455
2025-03-01T17:35:05Z,40.11264966777498,-75.79820957749055,141.1777669917521,3.367624586606879,-27.690144498142928,-0.0038056030776664265,1.4779753696807898,0.062250984976367184,0.9696018653787223,0.0009999999971678818,0.0010000000029521154,0.0009999999978913172,0.0009999999934356474,0.000999999989244568,0.0009999999917003064,0.000023999048483664666,0.000024000374239696538,0.8381066142248931,12.545135365988529,12.5982878495204,0.014965884622042968,0.0003938991802145709,0.00038101701625522426,0.0056148479053835885,0.003903999999999866,0.0039039999999998867,0.0039039999999999353,0.0010290399999996242,0.0010290399999996068,0.0010290399999996211,-0.3415784202711443,9.758486071265853,0.4709045069399788,-0.006426515655632639,0.012673189701775993,-0.0005113084008133921,-12.27056300163269,-20.272125825881957,6.309750262498856,976.5478076171875,-0.0015557383687926033,24.52215844692584
2025-03-01T17:35:06Z,40.11154869878517,-75.79856648799185,141.56709282830025,3.4328460274397554,-27.377980936389655,-0.011910253566182416,1.4830579587423383,0.06240608321943591,0.9885495470677473,0.0009999999974817232,0.0010000000029366679,0.0009999999977291524,0.0009999999935022604,0.0009999999892605805,0.0009999999918060218,0.00002499876852311569,0.000025000386529389572,0.8404584692995596,13.615413451428074,13.867288212033783,0.015515724193254084,0.0004005421704801905,0.00038978794887114697,0.0056229348875845575,0.003904999999999867,0.0039049999999998877,0.003904999999999933,0.0010290499999996232,0.001029049999999606,0.0010290499999996206,-0.5996371517275216,9.744574411795744,0.4136251698183066,0.0020918770638424893,0.0201324163392623,0.0029405787816884294,-11.546625442504883,-20.78681327819824,5.835750216245652,976.6157446289062,-0.0056342296296627865,24.484069402438003
2025-03-01T17:35:07Z,40.1109538682099,-75.79890413798311,141.73092262477496,3.2193259759799466,-26.940720241017882,-0.027094483665959342,1.479990278280813,0.061391798097005276,1.008959803355791,0.0009999999973430464,0.001000000003303575,0.0009999999976941579,0.0009999999932429093,0.0009999999897156353,0.0009999999918187806,0.000025998447377481612,0.000026000400427072764,0.844750703695254,14.729422996678467,15.219738146069053,0.01640288747778524,0.0004062493372984237,0.00039901244280228255,0.005631121641077467,0.003905999999999868,0.0039059999999998887,0.003905999999999933,0.0010290599999996227,0.0010290599999996067,0.001029059999999621,-0.4774907485469828,9.778186924295667,0.26906991941631303,-0.005245510212594124,0.02077732963568037,0.003418589009288587,-10.886437883377075,-20.610563402175902,6.38137521982193,976.7266723632813,0.016091893220522895,24.16669907314651
2025-03-01T17:35:08Z,40.11150212253369,-75.79918997823493,141.38461910483764,2.7362705277239137,-26.54607796324272,-0.2018611621151241,1.4808077621883855,0.05914900184534144,1.0226393533435227,0.000999999997595141,0.0010000000031292497,0.0009999999977950466,0.0009999999933653695,0.0009999999898099412,0.000999999991955609,0.000026998082960804958,0.000027000416012696733,0.8503799883653251,15.842015147410363,16.61274103521005,0.016725072141725687,0.00041111082166970906,0.00040849598532351097,0.005639438963168424,0.003906999999999868,0.003906999999999889,0.003906999999999931,0.001029069999999623,0.0010290699999996058,0.0010290699999996203,-0.3656112550939506,9.644664207267585,0.5134176437832633,0.0013508281151959113,0.012551684520873128,0.002930564412581587,-11.719312963485718,-20.817750759124756,6.010500242710114,977.0161181640625,-0.11224623300358644,24.634217045317364
2025-03-01T17:35:09Z,40.111099083088384,-75.79951465085892,141.32544006679578,2.905604431783216,-26.269610249977248,-0.11597625321282923,1.477518667912042,0.0632970160767322,1.0368634948631907,0.0009999999975006846,0.001000000003131908,0.000999999997946932,0.0009999999934972134,0.0009999999901057484,0.0009999999916469736,0.000027997672261114597,0.000028000433352901516,0.8554731271295997,17.00244879711775,18.09526565945991,0.016520349889021704,0.00041533818322442377,0.00041838351903004034,0.005646232857609461,0.003907999999999867,0.003907999999999888,0.003907999999999931,0.0010290799999996222,0.0010290799999996053,0.0010290799999996196,-0.33332317945369005,9.851726364132613,0.7777441314530567,-0.0047364561199609015,0.014811216667016874,-0.0025882485058274147,-10.71056290626526,-19.676063299179077,5.194687689617276,976.8252075195312,0.11048544324525078,22.99665333959131
2025-03-01T17:35:10Z,40.10944918557024,-75.7999068187582,141.749372737189,3.5608683578145595,-26.255786153627476,-0.022041043524929478,1.466861713571322,0.06403659711069593,1.0533525148787264,0.0009999999975165471,0.0010000000032194733,0.0009999999980974637,0.000999999993839766,0.0009999999896377488,0.0009999999912912983,0.00002899721190258463,0.00002900045252347283,0.859365820652724,18.177343171572403,19.64650218387948,0.01632410019634059,0.0004186015298113351,0.00042865689955416144,0.005654106583037727,0.003908999999999867,0.003908999999999887,0.003908999999999929,0.0010290899999996221,0.0010290899999996043,0.0010290899999996187,-0.482635321379313,9.805185976661095,0.8469764675742056,-0.014842095707941356,0.018059482069091463,0.0016287212903498183,-10.688625421524048,-20.465063285827636,5.6910002279281615,976.5440454101563,0.07601168665074277,23.779205045636274
2025-03-01T17:35:11Z,40.10801251920486,-75.80029346539918,142.14187172543436,3.831009366586926,-25.97559797642932,-0.005339594091081881,1.4530378336688712,0.07357906565005376,1.0702302759331437,0.0009999999976464812,0.00100000000309066,0.0009999999981641949,0.0009999999938508876,0.0009999999896392123,0.000999999990944608,0.000029996700195551993,0.000030000473572239807,0.863925795255766,19.41061281982775,21.267694362236817,0.017177074945795283,0.0004217564729277969,0.0004391034122379204,0.005659794007519096,0.003909999999999868,0.003909999999999888,0.003909999999999931,0.001029099999999623,0.0010290999999996047,0.001029099999999619,-0.40766216923835913,9.773915867161266,0.5764547882496367,-0.017676608715254966,0.01907708902231273,-0.0072410015734331035,-12.206437978744507,-21.598875799179076,4.793812679052353,976.5507763671875,0.021839956130887465,25.268293031895848
2025-03-01T17:35:12Z,40.10477836416549,-75.80080665961883,143.11750489142946,4.9282459051861345,-26.308893592766943,0.12580788560132689,1.4483501061129034,0.06932291167225886,1.0846109539815048,0.0009999999976705127,0.0010000000034465868,0.0009999999982806612,0.0009999999940287492,0.000999999989653612,0.0009999999912110131,0.0000309961376324726,0.00003100049652336198,0.8701719635240539,20.6578304676408,22.94724212225242,0.017506992570638303,0.0004235146799539532,0.00044954911417677886,0.005668973815901813,0.003910999999999865,0.003910999999999887,0.003910999999999932,0.0010291099999996229,0.0010291099999996047,0.0010291099999996192,-0.6009205199590011,9.795335530277976,0.8447830407675087,-0.012046471469707262,0.016633629695706198,0.006208204610248244,-11.74218801498413,-20.0461882686615,4.360312668681145,976.1425244140624,0.07253314039117519,23.63765142477101
2025-03-01T17:35:13Z,40.10240611340209,-75.80127987105118,143.9693388757138,5.714526996754996,-26.40581480603407,0.29309491041605634,1.4427858487881984,0.07304676062818939,1.0970208121877227,0.000999999997735924,0.0010000000035705243,0.0009999999983163232,0.00099999999368711,0.0009999999898487894,0.000999999990788038,0.0000319955251193754,0.00003200052138672315,0.8771873738402034,21.969728811187995,24.674662964933024,0.017997699279555746,0.00042528808398334763,0.0004597953562384059,0.005676260892129855,0.003911999999999864,0.003911999999999885,0.003911999999999934,0.0010291199999996224,0.0010291199999996037,0.001029119999999619,-0.42621635097691857,9.867863559156628,0.894033344994568,-0.011006665805353089,0.01474478928866429,-0.0023268782853498047,-12.45431297302246,-20.40075077056885,3.5756251440942286,976.2055395507813,0.13994176877403594,24.167812887109818
2025-03-01T17:35:14Z,40.10140230859375,-75.80165985797667,144.40465460726622,5.73003747989797,-26.06547279022527,0.0765315135309119,1.442322396215798,0.07471079925657675,1.104728609587754,0.0009999999979628594,0.0010000000033146782,0.0009999999981146156,0.0009999999937058727,0.000999999989612949,0.0009999999907312313,0.000032994865725278747,0.00003300054807532251,0.8861323521179856,23.280859408252358,26.378591318568038,0.019256495296475024,0.00042645756009254546,0.00046964563763980313,0.005684264061978708,0.003912999999999865,0.003912999999999886,0.003912999999999935,0.0010291299999996221,0.0010291299999996041,0.0010291299999996184,-0.35964423503872844,9.560878768599437,0.6359295041404116,-0.0028427752826563927,0.008570214719340614,-0.0008574648523008469,-13.594875593185424,-20.75681339263916,3.5002501476556063,976.3824096679688,-0.18878557945402194,25.05823509493877
2025-03-01T17:35:15Z,40.101475043644776,-75.80194939283487,144.29588859446704,5.513818760152017,-25.6288021788023,-0.20634042081731552,1.4398229126281592,0.09030199649835387,1.1163422125106044,0.0009999999979744274,0.0010000000037425915,0.0009999999982143685,0.0009999999936531603,0.0009999999893897744,0.0009999999908196337,0.000033994163767507395,0.00003400057645677142,0.8965358091894091,24.591631759724518,28.061739349945128,0.019542602971572075,0.00042791035784051486,0.0004791612704250113,0.00568948229978705,0.003913999999999863,0.003913999999999888,0.003913999999999934,0.0010291399999996227,0.001029139999999603,0.0010291399999996192,-0.5069054696484572,9.47999092576993,0.9239632452961712,-0.00309546619091466,0.013312762249062028,-0.013853195830464512,-13.104000568389893,-20.32331329345703,2.7360001138597725,976.5627465820312,-0.23919147803516339,24.335881216925525
2025-03-01T17:35:16Z,40.100078295969865,-75.80237304947602,144.3604001952717,6.087824160935669,-25.652835783923727,-0.3566343531097663,1.4367839774807707,0.09527274512142023,1.124268424844805,0.0009999999977737535,0.00100000000378012,0.0009999999983961473,0.0009999999939027972,0.0009999999894930113,0.0009999999909751115,0.0000349934205136381,0.00003500060640549285,0.9059191737674943,25.969390522208773,29.73641684491023,0.019568552421685252,0.0004284596037299177,0.0004880820750224037,0.005697094237909779,0.003914999999999862,0.003914999999999888,0.003914999999999935,0.0010291499999996218,0.001029149999999604,0.0010291499999996183,-0.5012195711227367,9.549114035602642,1.1268170769431167,-0.006375609814128961,0.009425425766091141,-0.0045837397586020205,-12.62493805885315,-21.572250776290893,2.865375115275383,976.3381811523437,-0.14915792350522172,25.158674036478477
2025-03-01T17:35:17Z,40.09973476378297,-75.80269704652405,143.9923041431993,6.395648709997836,-25.047097713701078,-0.5137280802045902,1.4411442116331872,0.10125202671328153,1.1165542193767375,0.0009999999975864294,0.0010000000038830822,0.0009999999983412722,0.0009999999939497208,0.0009999999896729925,0.0009999999906707515,0.00003599263419527583,0.000036000637633693466,0.9143260140007362,27.465850490997212,31.367062084164342,0.020300220682629905,0.0004290682672445462,0.0004962303989932487,0.0057050872873529905,0.003915999999999864,0.00391599999999989,0.003915999999999934,0.0010291599999996206,0.0010291599999996044,0.0010291599999996187,-0.22716161855956812,9.59976214472075,1.149229847867404,0.004640318126616527,-0.006691223216291087,-0.007078104442661868,-13.556625623703003,-21.606563262939453,2.9480626198649404,976.5365502929687,-0.10666822156885439,25.677113057766228
2025-03-01T17:35:18Z,40.09883201016019,-75.8030807310844,143.58591553905316,6.773619913800266,-24.809055241458537,-0.7182791037750567,1.4401786920503206,0.11050044417687988,1.1201519162496,0.0009999999974969992,0.001000000003624056,0.0009999999980976055,0.0009999999939042151,0.000999999989849255,0.0009999999905170077,0.00003699180366260107,0.00003700066971519341,0.9229572163747058,29.024553352179826,32.931660413656,0.020966814759798526,0.00043018703259955766,0.0005034533536579511,0.005712549089529086,0.003916999999999864,0.003916999999999891,0.003916999999999934,0.0010291699999996201,0.0010291699999996047,0.001029169999999619,-0.45881365665747487,9.527808140359967,1.0601580064323082,-0.0028751546451015342,0.005231321409159951,-0.00939688712093887,-12.257062978744507,-21.056438312530517,2.265000088438392,976.5067822265624,-0.18008742504958017,24.46910139419294
2025-03-01T17:35:19Z,40.096425512375355,-75.8036546437324,143.38477290076335,7.445270013014035,-25.24411880589719,-0.8581494875674809,1.4435139545512055,0.10501658919152917,1.1231867298243312,0.0009999999975026188,0.0010000000034318538,0.0009999999980784165,0.000999999994194082,0.000999999990028654,0.0009999999905236558,0.000037990933394486967,0.00003800070222815636,0.9331836288231998,30.70416694500303,34.424565451505224,0.02211482626324008,0.00043045228802327673,0.0005093969577826495,0.005722422949792942,0.0039179999999998626,0.003917999999999891,0.003917999999999933,0.0010291799999996194,0.001029179999999604,0.0010291799999996186,-0.5079593543433389,9.57100840313867,0.8596983009744833,-0.001213802716186919,0.003642572124394847,0.0033676831936803164,-12.246375541687012,-21.052875766754152,2.4637500944361093,976.328681640625,-0.15466809590211356,24.479886964831465
2025-03-01T17:35:20Z,40.094412930304586,-75.80420591327389,142.9013743298688,7.8415677899866125,-25.200160917915248,-1.085704516963948,1.4447617895042344,0.10109276575252582,1.1178660709586905,0.000999999997607049,0.0010000000036192846,0.0009999999977682741,0.0009999999945349504,0.0009999999900422627,0.0009999999905056164,0.00003899003700539239,0.000039000734504205,0.9482792594148908,32.55383048129757,35.76836394798996,0.025025916199359375,0.00043072801709727007,0.0005140262774048712,0.005732281800935848,0.0039189999999998636,0.003918999999999891,0.003918999999999934,0.001029189999999619,0.0010291899999996038,0.001029189999999618,-0.1390776369033721,9.562915956212349,0.5723752169390722,-0.0016333970116622777,-0.004682713386494214,0.0008175732416250995,-11.477250413894653,-22.74300085067749,3.221625124067068,976.4423413085938,-0.1965912594844192,25.67776510318471
2025-03-01T17:35:21Z,40.09209290972687,-75.80483143949132,142.3070931863576,8.287671742199933,-25.36524120559495,-1.25957040407833,1.4468417510128766,0.09697185660765399,1.1099498183844547,0.0009999999976360026,0.0010000000036321315,0.0009999999980526682,0.0009999999945865768,0.0009999999902234676,0.000999999990512701,0.00003998913676171466,0.00004000076554270314,0.9708319791775846,34.5548472746205,36.912817033542765,0.02858047037242738,0.0004306585312674196,0.000516899372082025,0.005742171061596191,0.003919999999999865,0.00391999999999989,0.003919999999999936,0.001029199999999618,0.0010291999999996037,0.001029199999999618,-0.01946461258589345,9.617070236838218,0.5152913640983369,-0.001142535023397718,-0.007139191063252545,-0.00018551345298886798,-15.516188077926635,-22.983750858306884,4.961437714099884,976.4717724609375,-0.1467297617170485,28.17122457490321
2025-03-01T17:35:22Z,40.088751748073186,-75.80567374349147,141.85875694443257,8.84856697465721,-26.19217892039898,-1.3993729782011064,1.4518830967994991,0.09294100568397304,1.1010296730415507,0.0009999999975781333,0.0010000000039103684,0.0009999999979932578,0.0009999999943627114,0.0009999999901439953,0.0009999999903891744,0.0000409882636558329,0.00004100079416752989,1.0022597366631922,36.73058358570413,37.781235565929045,0.033521222461500015,0.0004301211638683526,0.0005175146912004812,0.005751786121131795,0.003920999999999864,0.00392099999999989,0.003920999999999934,0.0010292099999996175,0.0010292099999996032,0.0010292099999996175,0.14663715667498453,9.644866942402068,0.26946872002733024,-0.000175332585019724,-0.007607520912000157,-0.002761326894455662,-13.379625616073609,-21.670125827789306,2.826187606304884,976.3835034179688,-0.1277856760628199,25.624079778650195
2025-03-01T17:35:23Z,40.08511572769418,-75.80665962471181,141.53343605371612,9.485028148957085,-28.055861412559718,-1.3138743426046817,1.4556183467622348,0.08914767605137486,1.1045958469038832,0.0009999999977084494,0.0010000000040901308,0.0009999999981902018,0.0009999999941900685,0.0009999999902527807,0.0009999999907560609,0.00004198744894979602,0.000042000819600385076,1.039061940109494,38.972090105454384,38.35494799337098,0.035382523388204315,0.0004301304226512099,0.0005145688079601716,0.005761060724604226,0.003921999999999866,0.003921999999999888,0.003921999999999935,0.001029219999999617,0.0010292199999996027,0.001029219999999617,-0.2506773144969407,9.773876563271536,0.4976093191175223,-0.00355611836446712,0.004880825063451137,-0.0031079840676050993,-11.896500444412231,-22.283250846862792,2.377125099115074,976.3683471679688,0.012405494651562696,25.371600929753196
2025-03-01T17:35:24Z,40.08191258324466,-75.8076626672196,141.1673814191306,9.736557280266664,-29.92351812422595,-1.396363022202402,1.4579061519314822,0.08343090388441839,1.1137967088776468,0.0009999999979663228,0.0010000000040329025,0.0009999999980619249,0.0009999999944074727,0.0009999999904155986,0.0009999999909096771,0.00004298671792405504,0.000043000841884295304,1.0753375231597408,41.2917503935811,38.59963784171326,0.03693181340311173,0.0004304693515122066,0.000508512146429841,0.005770613360387273,0.003922999999999866,0.0039229999999998875,0.003922999999999936,0.0010292299999996165,0.0010292299999996022,0.0010292299999996165,-0.30177779780223296,9.628874896999083,0.2232872453157572,-0.004990983004537378,0.010015928375658272,-0.0006640243222853682,-11.844187927246093,-22.81931339263916,2.3160000992566347,976.4504296875,-0.14095914288753636,25.81408688612142
2025-03-01T17:35:25Z,40.07851744290551,-75.80881865210829,141.02262182629912,10.530592953334777,-32.491899086884565,-1.207685428027647,1.4566421071505578,0.07854189158735911,1.116308047537098,0.0009999999977118115,0.0010000000038599324,0.0009999999977213414,0.0009999999942642158,0.0009999999900216364,0.0009999999909331818,0.000043986080935084415,0.00004400086146896491,1.1069442866892403,43.74700784908087,38.55658768504141,0.03657534450904193,0.0004303459399554251,0.0005013931456893767,0.005779995789925343,0.003923999999999866,0.003923999999999887,0.003923999999999936,0.0010292399999996171,0.0010292399999996026,0.001029239999999617,-0.1972899092992004,9.820242449709502,0.7707441459068348,-0.008783518785545126,0.003599010822840487,-0.0037188487931811044,-12.426375513076783,-21.158813285827637,2.096625075340271,976.4097583007813,0.07552747516419488,24.62729216765626
2025-03-01T17:35:26Z,40.07525813733305,-75.81005319467623,141.07623189668624,11.32493368897624,-35.46008480322651,-1.1119179371505843,1.4635979768603782,0.07439408398372863,1.1138669093385307,0.00099999999794137,0.0010000000039462483,0.000999999997527134,0.0009999999943662585,0.000999999989981911,0.0009999999906290201,0.00004498552758191636,0.000045000879089295224,1.1287248300162664,46.24338555368271,38.27880198010898,0.034637078191660814,0.00042997738130059164,0.0004941865433728651,0.0057893555916141565,0.003924999999999865,0.003924999999999886,0.003924999999999938,0.0010292499999996164,0.0010292499999996019,0.0010292499999996164,-0.3141407213684883,9.69631256166708,0.8849824691456246,-0.00017533289222785144,-0.0013461565547956216,-0.005469493738389172,-12.701062984466553,-21.653438301086425,2.1367500865459443,976.39294921875,-0.0349116466473347,25.19427572435864
2025-03-01T17:35:27Z,40.07154880724578,-75.81151993450155,141.50506636350735,12.181767264095107,-39.38606202215637,-1.0008816735568173,1.4663043364757709,0.059192628991035716,1.1124315270849479,0.0009999999979839092,0.0010000000038161373,0.0009999999977861932,0.0009999999941668906,0.0009999999900727023,0.0009999999905294316,0.0000459850379722571,0.00004600089575222877,1.1381572368382589,48.80503460475986,37.88649775058685,0.0316800736546807,0.00043000443649824624,0.0004868791084076999,0.005799908325749975,0.003925999999999866,0.003925999999999887,0.003925999999999939,0.0010292599999996168,0.0010292599999996025,0.0010292599999996168,-0.3982085632363237,9.663570832248556,0.9452417052462591,-0.0056590956980438895,-0.0013880493139639336,0.0036716139432559376,-12.513375511169434,-20.838375797271727,2.2567500838637353,976.2349755859375,-0.05835156842012179,24.411327501192364
2025-03-01T17:35:28Z,40.06842655573097,-75.81289940067101,141.84136022699002,12.846388470300386,-42.76056702030777,-0.9112288969217416,1.4672795370441325,0.04742880240573451,1.1152637470032851,0.0009999999981116176,0.0010000000036671213,0.0009999999980558484,0.0009999999942035178,0.0009999999897113622,0.0009999999908706521,0.00004698458864749782,0.00004700091238168811,1.135879097789485,51.47865605861396,37.472250215703845,0.028796083256337632,0.0004322204699019619,0.0004793538473677295,0.005810201778068719,0.003926999999999864,0.0039269999999998854,0.003926999999999939,0.0010292699999996176,0.0010292699999996028,0.0010292699999996156,-0.29111993625640914,9.677771472364267,0.9677008994546734,-0.006039633944385441,0.0028789901981683013,0.0023495745328276324,-12.78993800163269,-21.605625877380373,2.2402500788494946,976.2775634765625,-0.04548479986916541,25.20717636014028
2025-03-01T17:35:29Z,40.066149238148135,-75.81406535752042,141.87673462071743,13.388462923511879,-45.276076852380655,-0.8779281803160328,1.4730389956160146,0.04524619205408223,1.111323770569375,0.0009999999979701441,0.0010000000036893947,0.000999999997913433,0.0009999999940555372,0.0009999999897139387,0.0009999999909128586,0.000047984152607103305,0.000048000929647587645,1.1231741893797098,54.214679190521586,37.089059249522705,0.02546642087384195,0.00043446766630782056,0.0004745082203868471,0.005819705280317796,0.003927999999999863,0.003927999999999884,0.003927999999999941,0.001029279999999617,0.0010292799999996028,0.0010292799999996162,-0.342854593217968,9.65519591076802,1.1342746969729234,0.001382372794794084,-0.0033416486155421763,-0.0049909832747939715,-13.249125547409058,-20.810438241958618,2.193000091649592,976.4224633789063,-0.04799136797302326,24.767325204462292
2025-03-01T17:35:30Z,40.06447621126717,-75.81506266026871,141.6425208515535,13.511709586214437,-46.73145167774778,-0.8874444226399893,1.4756582862625176,0.03796631354047955,1.1083251406783723,0.0009999999983253739,0.0010000000038640812,0.0009999999981407906,0.0009999999943157767,0.000999999989768757,0.0009999999911676858,0.00004898370761681142,0.000049000947940109734,1.104071690729533,57.13318552100952,36.831832376488606,0.02356719917751084,0.0004377471768121677,0.0004708765401961385,0.005830125879011125,0.003928999999999862,0.003928999999999884,0.00392899999999994,0.0010292899999996173,0.001029289999999603,0.0010292899999996173,-0.18210922067299498,9.695972659373112,0.7477181216254932,-0.00019135544663826385,-0.0032206436205453907,0.0023797848388795763,-13.266375560760498,-22.193250846862792,1.665937558338046,976.5645068359376,-0.049022534136013714,25.909647165738807
2025-03-01T17:35:31Z,40.06318626727303,-75.81594796878416,141.17257635985885,13.53663342810596,-47.719843201782616,-0.9801908576902431,1.4810345308701038,0.03729200672066586,1.106728118189776,0.000999999997998802,0.001000000003837756,0.0009999999984524007,0.0009999999944309646,0.0009999999896577782,0.0009999999913531895,0.00004998323945148078,0.00005000096746912635,1.0826186418071997,60.129690477207554,36.67764057597421,0.02176375169448724,0.0004424970754452144,0.00046832042692129995,0.0058398912884529705,0.003929999999999863,0.003929999999999886,0.003929999999999942,0.0010292999999996178,0.001029299999999603,0.0010292999999996178,-0.19772990577748842,9.637449096675823,0.7156104986195728,0.0034898566070665146,-0.001376700491036868,-0.0026391542889524344,-13.778250617980957,-18.61387571811676,2.1961875757575036,976.6951147460937,-0.10938905782409303,23.262360867574294
2025-03-01T17:35:32Z,40.062053035822835,-75.81678386274905,140.49261196362136,13.76758481377661,-48.62735383294518,-1.1267062170933728,1.4851906609465229,0.03766744032261853,1.1028598328808246,0.0009999999978577757,0.001000000004065786,0.0009999999985931764,0.0009999999942755158,0.0009999999895032976,0.0009999999914543645,0.00005098272656436746,0.00005100098831675644,1.058564149070368,63.17182005582211,36.607850297556304,0.01978294715832179,0.000447422739081662,0.00046781437749724374,0.005849638708060427,0.003930999999999866,0.003930999999999886,0.003930999999999944,0.001029309999999618,0.0010293099999996037,0.001029309999999618,-0.24400878592490363,9.570918198315894,0.9698583725662347,0.002852954613209166,-0.0036412392160718177,-0.0031680695401130428,-13.080375537872314,-20.44987584114075,1.9676250683143734,976.8103930664063,-0.15227912399672905,24.35493209512052
2025-03-01T17:35:33Z,40.06073430963421,-75.81766029241413,139.77741152834264,13.756462262861774,-49.6319599415435,-1.1168066033579453,1.4832474057300076,0.035924918122959226,1.103814025697684,0.0009999999978727494,0.0010000000042492407,0.0009999999989877336,0.000999999994190813,0.000999999989462508,0.0009999999913696848,0.000051982142772743767,0.000052001010618586216,1.0322736523219422,66.36235472400907,36.73483132736458,0.01806154318284863,0.0004544407924134554,0.000467244810963807,0.005859599014467506,0.003931999999999865,0.003931999999999885,0.003931999999999943,0.0010293199999996173,0.001029319999999603,0.0010293199999996173,-0.3790659752566055,9.736990609800724,0.7921808237000467,-0.003433278281725984,0.0009751296891092804,-0.0007658346466208133,-12.470625495910644,-20.68687575340271,2.5312500900030135,976.8730200195313,0.0013051832838267214,24.287200033115568
2025-03-01T17:35:34Z,40.059495058234425,-75.81850441327366,138.95644446671835,13.734171103499657,-50.42989533877552,-1.2083873575727293,1.480934404934006,0.03131297264717787,1.1052183310258086,0.000999999997518809,0.001000000004050354,0.0009999999988301836,0.0009999999941634155,0.0009999999892507793,0.0009999999916001237,0.00005298146392683208,0.00005300103458928192,1.0053192219804508,69.63652056570687,36.99452244968466,0.016726943429968017,0.0004621158214178167,0.00046784167189358903,0.005869955712029997,0.003932999999999866,0.003932999999999884,0.003932999999999944,0.0010293299999996177,0.0010293299999996034,0.0010293299999996177,-0.324110813148676,9.644428260163192,0.8049425476327727,-0.0034841837730607223,0.001127845595883712,0.002644826407637509,-11.242875413894653,-21.507188358306884,3.1837501318007706,976.9943041992187,-0.09174551345171018,24.476420777285366
2025-03-01T17:35:35Z,40.05468297245662,-75.82013371654722,139.13000858355662,13.649850174635429,-53.4506184468303,-1.1000813583159597,1.4802931283802894,0.02361174468350178,1.1079047720032336,0.000999999997909212,0.0010000000037971705,0.0009999999989091935,0.0009999999944742108,0.0009999999891207865,0.0009999999915010754,0.00005398066753987511,0.00005400106035122482,0.9793401874259147,73.0816214541226,37.43260896206258,0.01582468559414816,0.00047075723130819946,0.00046925724527063377,0.005879985890296425,0.003933999999999864,0.0039339999999998855,0.003933999999999943,0.0010293399999996172,0.001029339999999603,0.0010293399999996176,-0.2529916851720465,9.756695385663095,0.7393236367583492,-0.004888004663533384,0.002667691672191129,0.0000865387384669312,-12.138563003540039,-21.608063297271727,2.4721876091137527,976.4733154296875,0.013093534939462642,24.9070730847678
2025-03-01T17:35:36Z,40.05014307292234,-75.82165747061735,139.12159867480383,13.477319689389573,-55.84371917030489,-1.1676511557248772,1.4852023027674741,0.017663158038091653,1.1044934478918387,0.0009999999976544128,0.0010000000037883798,0.000999999998951851,0.0009999999943879647,0.0009999999892517436,0.0009999999916758906,0.000054979736649909756,0.00005500108804596909,0.9555048198559264,76.59770324374958,38.00706832790336,0.015213771871432434,0.0004776963311330217,0.00047382478537300634,0.005890017363236542,0.003934999999999863,0.003934999999999883,0.003934999999999941,0.0010293499999996167,0.0010293499999996024,0.0010293499999996167,-0.17715162593413922,9.616671410238919,0.5994788416914374,0.0015758130763967278,-0.0033518292483503053,-0.0006233001770833618,-12.414563007354737,-22.314000911712647,3.771937644332647,976.558974609375,-0.13764942375491646,25.812030137944046
2025-03-01T17:35:37Z,40.04634460809947,-75.82299782032257,138.77567021756633,13.34139746369781,-57.60265898304268,-1.2123840451274315,1.4824462532517277,0.01652974511399094,1.1075769875834645,0.0009999999973865832,0.0010000000036658673,0.000999999998788546,0.0009999999944165854,0.000999999989602414,0.000999999991819778,0.00005597865402582867,0.00005600111787292797,0.933725238068118,80.21806395773821,38.736944142597075,0.014655007293168171,0.00048695601542762617,0.00047737369803095494,0.005899686252652044,0.003935999999999862,0.003935999999999882,0.00393599999999994,0.0010293599999996158,0.0010293599999996014,0.001029359999999616,-0.2162755895575534,9.66455208455942,0.6369422047453132,-0.005338642149192956,0.003398726682873222,-0.002947757493411194,-14.368688039779663,-22.661438302993773,3.510000172816217,976.732734375,-0.08651751132472223,27.06136232890298
2025-03-01T17:35:38Z,40.0423500313341,-75.82433824201202,138.34837904170345,13.394674103494472,-59.34691451541158,-1.2497380338562052,1.4860033414047178,0.009992885303152002,1.106227731287867,0.000999999997489992,0.0010000000036548761,0.0009999999988727676,0.0009999999942321865,0.0009999999896294484,0.0009999999919752891,0.00005697738998220912,0.00005700115007078508,0.9130620571024068,83.90692945254496,39.60002604385547,0.014003986476430448,0.0004947043660160071,0.0004834672336585994,0.005910050458725436,0.003936999999999862,0.0039369999999998824,0.00393699999999994,0.0010293699999996153,0.0010293699999996007,0.0010293699999996153,-0.26791936067975486,9.660779149369706,0.8276743537302137,0.001148208120833288,-0.0014785108276043713,0.0026244645607387132,-11.712375450134278,-21.620250816345216,1.9678125601261853,976.7926416015625,-0.07441709038614497,24.66748389682728
2025-03-01T17:35:39Z,40.03957843188749,-75.8254468853076,137.56600354062482,13.383612611860924,-60.3315189444952,-1.2961015378817775,1.4808612477772305,0.013371367943859465,1.1060601121816804,0.0009999999973162753,0.0010000000038839013,0.0009999999990414564,0.000999999994333077,0.000999999989833956,0.0009999999920555836,0.00005797590719280866,0.00005800118490498911,0.8935501548715856,87.72913740761899,40.63088758143584,0.013638766767601628,0.0005029653072626816,0.0004901785042714918,0.005919477513198656,0.003937999999999862,0.003937999999999881,0.003937999999999939,0.0010293799999996146,0.0010293799999996,0.0010293799999996143,-0.22971396832770813,9.689413204825243,0.7507451178293771,-0.006640485333465321,0.0003944744846867971,-0.005411244817492561,-13.983563013076783,-21.421500930786134,4.4015626841410995,977.0480249023437,-0.05302698605206513,25.95750086376221
2025-03-01T17:35:40Z,40.035449167333525,-75.82673338345525,136.95250534917275,13.450572254178713,-61.548243751744046,-1.2888444271349024,1.4866074896339376,0.005997006588761239,1.1012872091811028,0.0009999999970135435,0.0010000000040250646,0.000999999999098839,0.000999999994261473,0.000999999990062521,0.0009999999918022325,0.00005897417367961671,0.00005900122272744857,0.8760611443577336,91.68016671660023,41.83167223004534,0.013502332020625339,0.0005094812451508912,0.0004993702590468372,0.00593005609317337,0.003938999999999863,0.003938999999999879,0.003938999999999941,0.0010293899999996151,0.0010293899999995989,0.0010293899999996151,-0.2145888442721435,9.732571021279375,0.691780990398791,0.003622210087440354,-0.004970621640251591,0.004497783182061827,-13.965563077926635,-21.925125923156738,1.284937547929585,977.0049340820312,-0.014597615308417007,26.026842235365518
2025-03-01T17:35:41Z,40.11984814042314,-75.7732878934867,133.94309982584832,28.86645976685879,-11.553419881898396,-1.5905035629320856,1.4709642592575383,0.12312108878829855,1.0198727772347567,0.0009999999964534208,0.0010000000035422455,0.0009999999989371217,0.0009999999938152847,0.0009999999902821977,0.0009999999924096056,3.0750607153415195e-10,3.075063067678048e-10,0.5445692775551834,0.004491107081937958,0.004490797663556426,0.01081551235121037,0.00017834707706120608,0.0001840269086853656,0.005667521339250143,0.003939999999999861,0.00393999999999988,0.003939999999999942,0.0010293999999996147,0.0010293999999995993,0.0010293999999996147,-0.24008285498320436,9.5778280089656,0.46560041331093227,0.004222894251264341,-0.0004196781789229361,-0.009470658493800441,-12.525750522613526,-21.678188419342042,2.1236250799149277,977.0990283203125,-0.1870528390492094,25.12658961926078
2025-03-01T17:35:42Z,40.119929704952284,-75.77341928204595,133.16829288602958,29.453742623431342,-10.81504037993045,-1.5699456899432378,1.462531331360443,0.11852833977437546,1.0149523365632316,0.0009999999966001972,0.001000000003655181,0.0009999999986256914,0.00099999999360383,0.000999999990264129,0.0009999999925029012,1.0003075062501213e-6,1.0003075067080877e-6,0.5743478500955639,0.022948315880133612,0.0256510506671932,0.011344346286068103,0.00018808532593869137,0.00019405231627851396,0.005675921504486345,0.00394099999999986,0.003940999999999881,0.00394099999999994,0.0010294099999996155,0.0010294099999995985,0.0010294099999996137,-0.24389110980451145,9.725980967596296,1.1238620080268409,-0.008683377005425697,-0.004041806037087373,0.003681627670656539,-13.113750562667846,-21.391313352584838,3.0026251228153704,977.0782006835938,0.01445421167877187,25.269980746276147
2025-03-01T17:35:43Z,40.120014200902745,-75.77354359714177,132.46743207404492,30.05895661866842,-10.31615267160683,-1.5798764921058173,1.457203468564557,0.11571409227440757,1.0142287167759376,0.0009999999967981446,0.0010000000036403376,0.000999999998606032,0.0009999999938015431,0.000999999990226836,0.0009999999923881624,2.000307507573498e-6,2.0003075109535025e-6,0.604956320579328,0.07506040497923502,0.08763576366143519,0.01195156565922742,0.0001979467942823278,0.0002039921275925463,0.005685160176240051,0.00394199999999986,0.0039419999999998805,0.003941999999999942,0.001029419999999615,0.001029419999999599,0.001029419999999614,-0.38644385733984676,9.644547819133917,1.3126995113158062,-0.006212712545381386,0.00044571347146184497,0.0021052291817496927,-11.936812963485718,-20.677313385009764,1.888500066921115,977.141474609375,-0.038200226283738106,23.95000601019581
2025-03-01T17:35:44Z,40.12010141979177,-75.77366116322754,131.3524800616752,30.57136383201002,-9.632491323083975,-1.6360608813229476,1.4574180056639336,0.1234257728790144,1.011613104646076,0.0009999999970080314,0.0010000000037049168,0.0009999999986338313,0.0009999999937540948,0.0009999999901236624,0.000999999991917054,3.000307510075422e-6,3.000307527568137e-6,0.6355611599446107,0.16438463186481705,0.1896842188322212,0.012818234061539887,0.00020826244587516434,0.0002138754750166772,0.005697416634066211,0.003942999999999859,0.00394299999999988,0.003942999999999943,0.0010294299999996145,0.0010294299999995993,0.0010294299999996136,-0.29735696896016417,9.662786919386928,1.1613234085630457,-0.000011100126247358703,-0.0007371275426006883,-0.008465568916955187,-12.530625495910645,-22.513688335418703,2.5882501044124364,977.6334716796875,-0.04255465497188657,25.895542883718875
2025-03-01T17:35:45Z,40.12018056375596,-75.77377100004783,130.41824083912,30.808649735367254,-8.808586375677757,-1.6706906555216854,1.4621928692757828,0.1206778566163628,1.0069708020338435,0.000999999997052502,0.0010000000039991617,0.0009999999987326126,0.0009999999940748232,0.000999999990179264,0.0009999999917333943,4.000307502268795e-6,4.000307569821474e-6,0.6661914401155324,0.29468801610764384,0.3253227827820239,0.013916879668445526,0.00021808356349386782,0.00022359994112946147,0.0057063423030336785,0.003943999999999857,0.003943999999999879,0.0039439999999999415,0.0010294399999996144,0.0010294399999996,0.0010294399999996146,-0.3194846901925784,9.699064325328937,0.8127590993054213,0.004507963847716489,-0.0031176643570841787,0.0011074837523161617,-13.464188032150268,-22.893375835418702,2.3985001043230296,977.5834545898438,-0.04121116266338333,26.667229057056577
2025-03-01T17:35:46Z,40.12024198890822,-75.77387289258895,129.57322118482267,30.99642387430278,-7.95712988604697,-1.613956173832834,1.4591245996966946,0.12093384047762581,1.009813498669551,0.00099999999684572,0.0010000000035154475,0.0009999999989557468,0.0009999999938166524,0.0009999999898278465,0.0009999999914086916,5.00030743943466e-6,5.000307655163816e-6,0.6971553664374507,0.47004972083853047,0.5009394136645953,0.015265819124807395,0.0002281839090606991,0.00023290997752280378,0.005716561008853167,0.003944999999999856,0.003944999999999878,0.00394499999999994,0.0010294499999996152,0.001029449999999601,0.0010294499999996152,-0.28107988653161425,9.792583758668078,0.7421309528816749,-0.004410661155447567,0.005210458640633085,-0.0016414076565404428,-11.77725043296814,-22.5150009059906,2.9467501202970743,977.6513598632813,0.04508009921996091,25.57947667250438
2025-03-01T17:35:47Z,40.12024486628864,-75.77396977417662,129.11039199796411,30.88080075565114,-6.980225700375911,-1.713824639256843,1.4618268180987082,0.11867040466755938,1.0046186604533147,0.0009999999968448112,0.0010000000037669828,0.0009999999987752727,0.0009999999937933567,0.000999999989937611,0.000999999991038383,6.000307211200486e-6,6.0003078043193525e-6,0.7291529708920521,0.693732218137717,0.7011745729277462,0.017114428133567606,0.00023812486476626994,0.0002418037857601856,0.0057258563386010436,0.003945999999999856,0.0039459999999998776,0.00394599999999994,0.0010294599999996147,0.0010294599999996004,0.0010294599999996147,-0.19293575970635246,9.640192404946736,0.352196311254549,0.0015711396902600783,-0.0011677376971403286,-0.0016559290760927176,-12.919688053131104,-22.72631338119507,2.2070625684782863,977.4439965820312,-0.1311586866822327,26.234940723766766
2025-03-01T17:35:48Z,40.12020218257106,-75.77406104933951,128.5640522529381,30.841678363667175,-6.121015086523492,-1.7145780781471327,1.465424041610745,0.1148941221804509,0.9990169649765129,0.0009999999973787721,0.001000000004094089,0.0009999999989242204,0.0009999999938099559,0.0009999999900808132,0.0009999999908474194,7.000306602358779e-6,7.000308039695051e-6,0.7630357318942516,0.9683006638024305,0.9429241096672392,0.019223669938036765,0.0002479265384774009,0.00024997678689522705,0.005734472959217785,0.003946999999999858,0.0039469999999998786,0.003946999999999941,0.0010294699999996147,0.0010294699999996004,0.0010294699999996147,-0.16271493207099424,9.729692450201718,0.4218516462736903,0.0022070395317450196,-0.0013461564169534703,-0.0008676463799225448,-12.790125513076783,-21.246375827789308,2.334937601275742,977.57353515625,-0.039612910555726306,24.90873732892176
2025-03-01T17:35:49Z,40.120029639247896,-75.77416050836067,128.5276673034784,31.337100048929283,-5.993637141232639,-1.4496707020905135,1.4687222956778923,0.10436316396031237,0.9841978543030622,0.0009999999974777817,0.0010000000039315142,0.000999999999006348,0.0009999999933938443,0.000999999989823684,0.0009999999910310935,8.000305256843814e-6,8.000308388823531e-6,0.7981751106302897,1.2787089673785372,1.2499143312553853,0.020542001257078266,0.0002572476398303697,0.0002573268798508111,0.005740854002474435,0.003947999999999857,0.003947999999999877,0.00394799999999994,0.0010294799999996135,0.0010294799999995994,0.0010294799999996137,-0.23278998227961473,9.856801593713888,1.1528112407225086,0.0018214944888079875,-0.00902886558345948,0.002620124858658671,-13.43868808746338,-21.4087508392334,1.8903750859946014,977.3723120117188,0.14689239388482922,25.347660416220283
2025-03-01T17:35:50Z,40.11978980650326,-75.77426893078189,128.72949099475656,31.805913898124082,-6.149720777238463,-1.0628071768640321,1.4557079017539682,0.09693014291031098,0.983966928618995,0.0009999999973925905,0.001000000003891638,0.0009999999990593978,0.000999999993204123,0.0009999999895405065,0.000999999991035957,9.000302648820893e-6,9.00030888233708e-6,0.8324987021615663,1.634529833470415,1.5987485135567951,0.021369249038245115,0.00026695808774602976,0.0002633117568332057,0.005748428015741347,0.003948999999999859,0.003948999999999879,0.003948999999999941,0.0010294899999996141,0.0010294899999995998,0.0010294899999996141,-0.30500810851463284,9.953780308401626,1.3134173592338962,-0.016017093232202677,0.005943496528634238,0.000628972705652578,-12.191813011169433,-21.402563323974608,2.1273750749602915,977.4513256835937,0.26488026615929705,24.723131480575585
2025-03-01T17:35:51Z,40.11938370683394,-75.77440095580938,129.4621197366919,31.80106623515812,-6.68973451959422,-0.8643665435869233,1.4663588933997809,0.09355566642455991,0.9818535060120848,0.0009999999972118054,0.001000000003918722,0.0009999999987987806,0.0009999999927851942,0.0009999999895502802,0.000999999990824154,0.000010000298071321591,0.000010000309545234376,0.8636504579781928,2.02614357106005,1.9478151847181049,0.021297705035973464,0.00027699761086564286,0.00026815821838124847,0.005757321564116883,0.003949999999999859,0.0039499999999998816,0.003949999999999942,0.0010294999999996145,0.0010294999999996002,0.0010294999999996145,-0.5703721517195929,9.734358452793044,1.0425897140462665,0.007419753722657463,0.006238748102130259,-0.00543895060526355,-12.945187997817992,-22.44262586593628,3.3538126327842472,977.2638354492187,0.026880520458072987,26.124600452273473
2025-03-01T17:35:52Z,40.118811370591715,-75.77456083456381,130.5545390040384,31.996350315820212,-7.626648185136965,-0.578476208563591,1.4690813217663352,0.08072195433920641,0.9739921287310065,0.0009999999970977474,0.0010000000037778726,0.0009999999985346522,0.000999999992711504,0.0009999999892237855,0.0009999999904919037,0.000011000290631989422,0.000011000310401224666,0.8894398651348928,2.462191279589985,2.341086815615504,0.020936070587205962,0.0002865352446318162,0.0002721347707670985,0.00576273995975223,0.003950999999999858,0.003950999999999881,0.003950999999999943,0.001029509999999614,0.0010295099999995997,0.001029509999999614,-0.5111027099051891,9.783565550378102,1.3285464102862596,-0.000011100476385430668,0.0005647142846433328,0.0022095435342797632,-12.489187955856323,-20.659688348770143,2.5906876282021405,977.1050439453124,0.10692547956739169,24.279862646752544
2025-03-01T17:35:53Z,40.118306016577215,-75.77472285302903,131.43052244599562,32.082749109927285,-8.274893019027694,-0.3845575233538687,1.4682000815747924,0.07117394704741896,0.968283289490921,0.000999999996806423,0.001000000003969697,0.000999999998421623,0.0009999999927906209,0.0009999999891525065,0.0009999999899957632,0.000012000279251984201,0.000012000311477490864,0.9095145571224104,2.9510308361526367,2.748570590892028,0.020634262784863383,0.00029620421984799723,0.00027533148346065825,0.005767945495789106,0.003951999999999859,0.00395199999999988,0.003951999999999944,0.0010295199999996135,0.0010295199999995992,0.0010295199999996135,-0.37073098087765627,9.772444167769152,1.1557303467478977,-0.002690059475840406,0.0008427752958649753,0.0013620105094362298,-12.274875535964966,-20.879813289642335,3.027562619373202,977.2846508789063,0.06794628881248865,24.409072575690452
2025-03-01T17:35:54Z,40.11768933375115,-75.77490351450986,132.45118868857375,31.501520780117673,-8.668957649418447,-0.2877279170040806,1.4685689826576005,0.06207176115576717,0.968122067424693,0.0009999999969610652,0.0010000000038289524,0.0009999999985153486,0.0009999999926544943,0.000999999989208914,0.0009999999898364492,0.000013000262686448542,0.000013000312790077696,0.9246852721839468,3.49837095826006,3.1296292151268488,0.020234275327456613,0.0003061274173669189,0.0002778069205344629,0.005773224078263612,0.00395299999999986,0.003952999999999881,0.003952999999999944,0.0010295299999996126,0.0010295299999995983,0.0010295299999996124,-0.3502736492701551,9.747045686811637,0.45257719253234724,-0.001613368696911754,0.006483093586498286,0.001328296095121522,-12.748313026428223,-20.71425082206726,3.2902501355856657,977.1814770507813,-0.015701479329296577,24.544305256123806
2025-03-01T17:35:55Z,40.11710105065127,-75.77508535202091,133.3483886636674,30.726524210856564,-9.11886190030175,-0.14270332066166885,1.471474884820496,0.05470924565311864,0.9762957233089222,0.0009999999971045028,0.0010000000036913096,0.0009999999983301034,0.0009999999928550273,0.0009999999894964614,0.0009999999898144564,0.000014000239529428457,0.00001400031434940335,0.9343486942001289,4.095664111530251,3.519734945040993,0.01930701395960895,0.0003163014115824654,0.00027980621205187835,0.005778802640762319,0.003953999999999861,0.003953999999999882,0.003953999999999945,0.001029539999999613,0.0010295399999995984,0.001029539999999613,-0.5411398306061237,9.822254799839005,0.35313774966100303,0.0008733187652073592,0.013446951851640057,0.0017896161777864702,-12.721313037872314,-20.841563396453857,2.968875104151666,977.2183154296876,0.06400948370706411,24.59703816846556
2025-03-01T17:35:56Z,40.11636959932103,-75.77528719718973,134.36086946832285,29.901202406990393,-9.481257622703268,-0.14733895725609003,1.4661715345678952,0.04940765671540634,0.9763793080873436,0.0009999999973428267,0.0010000000035095108,0.000999999998321616,0.0009999999927161123,0.0009999999897166885,0.0009999999898344368,0.000015000208196008165,0.000015000316168128583,0.9389525773767428,4.746977324902841,3.918757397315551,0.019093968621343414,0.0003262255324234675,0.00028212973077352535,0.005785400762736244,0.003954999999999862,0.003954999999999883,0.003954999999999946,0.0010295499999996133,0.001029549999999599,0.0010295499999996133,-0.3419968384924841,9.694442699991507,0.2158446472694727,-0.007061080658579586,0.005551775519292788,-0.0012753896437656242,-14.267250547409057,-20.37037579536438,2.22337510086596,977.0802905273438,-0.07655555528289328,24.968930780120573
2025-03-01T17:35:57Z,40.11615141097934,-75.77543141251171,134.55266329715343,29.68966902213514,-9.128374978751673,-0.2340364311149799,1.4640955075996223,0.039735513209606506,0.9667926380529451,0.0009999999970741896,0.0010000000035000573,0.0009999999980677536,0.000999999992465276,0.0009999999898933109,0.000999999989679838,0.000016000166966389946,0.000016000318259123834,0.9417526167161899,5.4619390397547125,4.354837456819456,0.01945109428655169,0.0003351741808628481,0.0002851517233574694,0.005789103789105991,0.003955999999999863,0.003955999999999883,0.003955999999999948,0.0010295599999996126,0.001029559999999598,0.0010295599999996126,0.056786660566478776,9.684348383582103,0.5343541850439604,-0.002313358931891301,-0.00871725867831269,0.006503455567327501,-15.846375665664674,-20.29237581253052,1.8680625668168067,977.4714013671875,-0.08022074780897194,25.81424352624687
2025-03-01T17:35:58Z,40.11616461147443,-75.7755435311533,134.37759426882045,29.80081661957807,-8.36797667295027,-0.29715031335803066,1.453294277916206,0.0437947006340388,0.9548985164637129,0.0009999999971364935,0.001000000003514955,0.0009999999981711134,0.0009999999924038226,0.0009999999896945964,0.0009999999895626932,0.000017000114100447203,0.00001700032063346232,0.9456671143121484,6.251864053849358,4.816255505354039,0.020308141306699785,0.0003439678950330128,0.0002885185867653464,0.005797486242681572,0.003956999999999862,0.0039569999999998825,0.0039569999999999475,0.0010295699999996123,0.001029569999999598,0.0010295699999996123,0.35620854066604896,9.734557874040282,0.7147730157040756,-0.01046840428148984,-0.01098763873414728,-0.005825831555220107,-16.036313199996947,-21.000563278198243,1.773562580384314,977.6469848632812,-0.012288234675048101,26.48263258226387
2025-03-01T17:35:59Z,40.115896487383836,-75.77568057780138,134.41340363434745,29.413289039169854,-7.811946622675008,-0.35143716926840635,1.4516569178708514,0.04325298482003915,0.9446440176918652,0.000999999997383144,0.0010000000032747863,0.0009999999979729767,0.0009999999924812258,0.0009999999896514588,0.0009999999895872475,0.00001800004797560641,0.000018000323281366287,0.9515686396397979,7.111531744255551,5.256389254580773,0.021450009608704433,0.0003523018942046505,0.0002919113157793339,0.005805378540155101,0.003957999999999863,0.003957999999999884,0.0039579999999999485,0.0010295799999996114,0.001029579999999597,0.0010295799999996114,0.12366213921157604,9.749399214318935,0.3531769758953879,-0.00211407677639128,-0.008758483093339002,-0.002607275194906408,-15.938063116073609,-21.312000827789305,2.1879375810548662,977.5016088867187,-0.023029132283822647,26.702201948711657
2025-03-01T17:36:00Z,40.11422947891294,-75.77598266520913,135.63625680244107,28.640715327824847,-8.569880327619629,-0.35402898439792746,1.451938255873843,0.035152840884314716,0.9403659991659167,0.0009999999972715335,0.0010000000030875233,0.0009999999978991042,0.0009999999929482843,0.000999999989275579,0.0009999999896190919,0.000018999967180678274,0.00001900032617006869,0.9594598775904712,8.035230841890314,5.674786370332994,0.023042981824754935,0.00036045304316064715,0.0002949430422124759,0.005813828867341907,0.003958999999999863,0.003958999999999884,0.003958999999999948,0.0010295899999996118,0.0010295899999995975,0.0010295899999996118,-0.00630408968266428,9.68008123937915,0.12063515202903793,-0.004543015561929697,0.0006900593935542996,-0.000989819394508589,-15.038625564575195,-20.889375648498536,2.4620625877380373,976.7283471679688,-0.09868238603185212,25.85701829221611
2025-03-01T17:36:01Z,40.11309091846799,-75.77623306998842,136.28173955747206,28.160734073608662,-9.032067258353585,-0.38549414174543234,1.4571602543875577,0.03473912595003094,0.9341135890449561,0.0009999999973292553,0.0010000000029877585,0.0009999999979148683,0.000999999993357581,0.0009999999890947951,0.0009999999894181972,0.000019999870533960055,0.000020000329269176728,0.9689089324803619,9.01539645474574,6.092583870716107,0.023969293506326386,0.00036751587449783765,0.0002985052761336855,0.005824370503805359,0.003959999999999863,0.003959999999999885,0.003959999999999948,0.0010295999999996106,0.001029599999999598,0.0010295999999996106,-0.06384101005584508,9.680988051677181,0.34980349182950676,0.0016312247733490015,-0.00306041644919067,-0.00570165654572335,-15.52443811416626,-20.190375776290892,2.438437591828406,976.9504638671875,-0.09194669173358488,25.58520719572143
2025-03-01T17:36:02Z,40.11212235524202,-75.77647059237606,136.7146841015365,27.8167451372853,-9.441680794618428,-0.3755255657016753,1.4610208142024308,0.030152999183092586,0.9309351565683535,0.0009999999973234332,0.0010000000031297374,0.000999999998099927,0.000999999993604393,0.000999999989068678,0.0009999999890750717,0.00002099975702045619,0.000021000332560282754,0.9786106485208178,10.060375885582092,6.502965931243989,0.024463866221043705,0.00037341249005870834,0.0003023774614876045,0.005833468036208164,0.003960999999999861,0.003960999999999882,0.003960999999999946,0.0010296099999996112,0.001029609999999597,0.0010296099999996112,-0.11226625346684113,9.73136737250983,0.4267569276146332,0.00042535114413180526,-0.001631227519633831,0.000028288729050005706,-15.80737561225891,-20.014875774383544,1.903312578983605,977.0086694335937,-0.038047975928523874,25.57515146469881
2025-03-01T17:36:03Z,40.111468778931425,-75.77667382056714,136.82557187777041,27.623919521126933,-9.515293659344549,-0.4731598261977895,1.457605632940968,0.030348048447452262,0.9272278620385745,0.0009999999974331544,0.0010000000030552386,0.0009999999977135332,0.0009999999935270034,0.0009999999887207263,0.0009999999894114147,0.000021999625914631306,0.000022000336027963487,0.9882002990909816,11.163054963399302,6.894460252685516,0.024857198564060292,0.00037800029656386263,0.0003069238474346432,0.0058441066024803754,0.003961999999999861,0.003961999999999881,0.003961999999999946,0.001029619999999612,0.0010296199999995975,0.001029619999999612,0.006736795025760269,9.652005456921309,0.48813283642028166,-0.005917461150915147,-0.0026595155706280733,-0.003219475940353659,-14.726250600814819,-21.259688358306885,2.4973125872015953,977.1402685546875,-0.1150624158055855,25.98212332108104
2025-03-01T17:36:04Z,40.1106022609186,-75.77690818197061,137.01036561144053,27.524423247294738,-10.019631834734628,-0.45941821168595093,1.4616065199866128,0.02416440841198499,0.9216987716801721,0.0009999999976855628,0.0010000000031289461,0.000999999998087074,0.0009999999935386282,0.0009999999889164968,0.0009999999899301135,0.000022999476568242773,0.000023000339673035372,0.9962958186593391,12.3178992508149,7.278846691401082,0.02435566386063852,0.0003809816017920075,0.0003123458607722776,0.0058527480045942794,0.003962999999999858,0.003962999999999881,0.003962999999999943,0.0010296299999996116,0.0010296299999995972,0.0010296299999996116,-0.17410699237040134,9.725980944145775,0.6518090913726561,0.0006498352660350148,-0.00532362064133272,0.0025299970091814342,-15.37631308555603,-19.011188259124754,2.9330626172572374,977.0639770507812,-0.02999750150012722,24.626340241350913
2025-03-01T17:36:05Z,40.10979999051081,-75.77714031971279,137.14858232288836,27.375058013507477,-10.515814839826751,-0.411025311762216,1.4610879224002187,0.020642504495204266,0.9243075280505566,0.00099999999775365,0.0010000000029149218,0.0009999999981562932,0.000999999993338059,0.000999999988576078,0.00099999999016091,0.00002399930803193426,0.000024000343519689227,1.00129698943008,13.5279297612038,7.657903316739096,0.023808642557128577,0.00038370360919911823,0.0003176958210332802,0.005862363292253783,0.003963999999999857,0.00396399999999988,0.003963999999999942,0.0010296399999996117,0.0010296399999995983,0.0010296399999996117,-0.24267509171880308,9.772683468497643,0.6127191251405086,-0.0038812456578595127,0.00264482694172066,0.00133146700230036,-13.963125581741332,-19.68412575721741,2.752875108793378,977.0884008789062,0.015584248759743596,24.2901118291048
2025-03-01T17:36:06Z,40.10863240989712,-75.77742424294303,137.48257073057974,27.46595900817516,-11.091376792777353,-0.4580324372390411,1.4629536606298508,0.020560219635070064,0.921814055146976,0.0009999999979179875,0.0010000000030330179,0.0009999999980894309,0.000999999993520516,0.0009999999884339687,0.0009999999902233286,0.000024999119556481518,0.00002500034759642632,1.0044631463374503,14.785593964056408,8.027626701537212,0.02373805675674214,0.00038487686079253906,0.0003243902598415026,0.005873456995072154,0.003964999999999858,0.00396499999999988,0.003964999999999943,0.001029649999999611,0.0010296499999995976,0.001029649999999611,-0.020495622996956432,9.666238829562916,0.5392679691476039,-0.002785027123738115,-0.0022893250296312654,-0.0032281539818112656,-14.68331316947937,-20.536313219070436,2.9913751167804,976.954599609375,-0.09794204187910034,25.422147522730747
2025-03-01T17:36:07Z,40.10689718317648,-75.77778773077135,138.09809610341264,28.01331086418531,-12.23590987033051,-0.4371174582694212,1.4678176618570413,0.021639453846026575,0.9146933493963351,0.000999999997794839,0.0010000000031235867,0.000999999998166471,0.0009999999937992906,0.000999999988211348,0.000999999990112397,0.00002599891044732019,0.000026000351944359163,1.0058380063864512,16.080559675518177,8.406725352137398,0.022805188202793796,0.0003845329687099044,0.00033249049698420743,0.005885155282232531,0.003965999999999859,0.003965999999999882,0.003965999999999944,0.0010296599999996105,0.0010296599999995977,0.0010296599999996103,-0.038527431483471576,9.674777165091978,0.764344314775788,-0.0017941238536741963,-0.00720027786724951,-0.005652753542587047,-15.704250602722167,-21.36450077056885,2.7958126075565817,976.7392626953125,-0.07411495436959617,26.66231864408695
2025-03-01T17:36:08Z,40.105358034795564,-75.77813551739482,138.54231435521646,28.68788231950675,-13.084603512484616,-0.4746855103040558,1.4726504866694716,0.04123713394646107,0.9101561079788022,0.0009999999980784449,0.0010000000031052292,0.0009999999981054825,0.0009999999935564584,0.0009999999880620544,0.0009999999899943965,0.000026998679549693966,0.000027000356615626744,1.0043475038570397,17.41908155624194,8.795373937463115,0.02180007790012571,0.0003844081247458529,0.0003409229842108864,0.005903482325345241,0.00396699999999986,0.003966999999999883,0.003966999999999945,0.0010296699999996109,0.0010296699999995966,0.0010296699999996109,0.013835493346397845,9.637489007946705,0.781173842690235,-0.0009223904942798097,-0.0031705722249718215,-0.02290601154049048,-14.296500549316406,-21.64743829727173,2.4845625941455363,976.767001953125,-0.10992296046200567,26.06092693051597
2025-03-01T17:36:09Z,40.104336974091765,-75.77842312161808,138.65546455927677,29.886015365295638,-13.098683019877333,-0.46169659261573714,1.4797295004036586,0.043932160306647317,0.868761498843196,0.0009999999982252107,0.0010000000029145293,0.0009999999976024701,0.0009999999933468938,0.000999999988259544,0.000999999990248057,0.000027998425992058738,0.000028000361636678705,1.0004045651886242,18.856291057272518,9.214762101859712,0.020841365020267084,0.00037808937598130655,0.00035546689409442277,0.005914187439057533,0.00396799999999986,0.003967999999999884,0.003967999999999945,0.001029679999999611,0.001029679999999597,0.001029679999999611,0.6693433732780927,9.734767755348978,1.030228109524327,0.00503738031800405,-0.04153087807618863,-0.008330377261858955,-14.514563064575196,-21.735563259124756,2.8940626145899295,976.9091650390625,0.032948429663882714,26.29601061138698
2025-03-01T17:36:10Z,40.103231458325084,-75.7787206971267,138.83285829396064,31.639154602585055,-12.862561347008123,-0.38195411937010787,1.4821483008377574,0.0422596444968982,0.8157729450260737,0.0009999999982073888,0.0010000000030144956,0.000999999997775335,0.0009999999930493041,0.0009999999885943161,0.0009999999904083735,0.000028998149277908515,0.00002900036697087463,0.994789518821044,20.4168721452592,9.66873405832389,0.021500717538144285,0.00036985798026541145,0.00037242945173304373,0.005923065621248847,0.003968999999999857,0.003968999999999885,0.003968999999999944,0.0010296899999996103,0.0010296899999995958,0.0010296899999996101,1.2601371727678046,9.814996535616185,1.169050395189388,0.0008733185741274015,-0.05347328411753601,-0.0048484482089288196,-13.316250524520875,-22.67493827819824,3.5032501536607743,976.8777880859375,0.1852945355586634,26.528200400824073
2025-03-01T17:36:11Z,40.10212587588588,-75.77901877261182,139.06429430916774,33.68519715797531,-12.641060088229215,-0.30540873190239115,1.484590156608028,0.04528019007832103,0.7513050134485877,0.0009999999981349327,0.001000000002716298,0.0009999999978750848,0.0009999999931219103,0.0009999999888335217,0.0009999999904615731,0.000029997848065038114,0.000030000372516218716,0.9897533707185755,22.103281988061436,10.153432117271713,0.02480029415589558,0.0003606655606514121,0.0003912230173196092,0.00593352230082102,0.003969999999999858,0.003969999999999886,0.003969999999999945,0.0010296999999996111,0.0010296999999995968,0.0010296999999996094,1.5375849529620416,9.813024753254863,1.3412558333319493,0.0018214944692913797,-0.06423702314674591,-0.010548517538005809,-12.901125583648682,-22.2455633354187,5.18925021648407,976.8608276367188,0.2437774055497671,26.23413383566265
2025-03-01T17:36:12Z,40.10068850997292,-75.77936304493822,139.44442560008977,35.50050182778283,-12.787925576245842,-0.34890749651162095,1.4907038479959538,0.044917812227165135,0.6911754281700826,0.0009999999979012455,0.001000000002862206,0.0009999999981343346,0.0009999999928383494,0.0009999999889348452,0.0009999999902745318,0.00003099752000606237,0.000031000378134795755,0.9904395683128268,23.890918254644546,10.62369082567356,0.030194764945888207,0.000353489270684167,0.00040808675819907855,0.005943206833609433,0.003970999999999856,0.003970999999999885,0.003970999999999943,0.001029709999999611,0.001029709999999597,0.0010297099999996104,1.3897483980543937,9.684468029973175,1.1909048419553925,0.005006836730220317,-0.05969392492118609,-0.007566796618831828,-12.135750474929809,-22.100625896453856,5.423625233173371,976.7497924804687,0.07676071484887673,25.790059933177588
2025-03-01T17:36:13Z,40.09952116592861,-75.77967995958834,139.63265101648304,37.101997619279906,-13.070097560373503,-0.40721841778899115,1.4859323518752494,0.039812239351815146,0.6314028159278763,0.0009999999976379082,0.001000000002448342,0.0009999999979877013,0.0009999999924723887,0.000999999988921266,0.0009999999900426923,0.00003199716238905061,0.000032000383724706603,1.001743552495917,25.74761868200152,11.089076042841901,0.03667297999646353,0.00034774534083395595,0.000422341983086781,0.005951264866477886,0.003971999999999857,0.0039719999999998845,0.003971999999999942,0.00102971999999961,0.0010297199999995958,0.0010297199999996101,1.2722170023900052,9.65882501232924,1.3466298668852688,-0.004867975551130039,-0.05919989162150267,-0.0028275868332807157,-12.107250442504883,-23.297813415527344,7.256437768936157,976.801171875,0.05576161526625305,27.2401677838543
2025-03-01T17:36:14Z,40.09904264987273,-75.7799100758082,139.47414873346042,38.61214775016139,-12.858828414290432,-0.42610698199629393,1.4907389361976622,0.04622393622498205,0.5758850444832291,0.0009999999975798736,0.0010000000023282392,0.00099999999792252,0.0009999999925450022,0.0009999999890682718,0.0009999999899577134,0.00003299677448201398,0.00003300038927948811,1.0277329780127753,27.63409547034843,11.553217131461743,0.044571988552369324,0.00034441494857681635,0.00043177269337924337,0.005961490875097373,0.003972999999999857,0.0039729999999998855,0.003972999999999942,0.0010297299999996103,0.0010297299999995966,0.0010297299999996103,1.2936765759517777,9.74524587694559,1.2364482396389302,0.006248928483031729,-0.054165597882209204,-0.012657336024156222,-11.607562971115112,-22.761938400268555,7.374562785625458,976.9755932617187,0.12903136489168932,26.593661434791457
2025-03-01T17:36:15Z,40.09819808695881,-75.78019077586231,139.47013110258186,39.86234486872752,-13.095861378385111,-0.4322831412038494,1.4871299228159414,0.036634484900571036,0.5158257194973851,0.0009999999974625853,0.0010000000026032137,0.0009999999978129446,0.000999999992376496,0.0009999999888361255,0.0009999999898269091,0.00003399636021275034,0.000034000394941527046,1.0704942012687912,29.375489488885513,12.027379866531506,0.052783529913166365,0.00034107367819088936,0.0004362218674178648,0.0059664513096721414,0.003973999999999855,0.003973999999999887,0.003973999999999944,0.0010297399999996105,0.0010297399999995962,0.0010297399999996105,1.2612937054087086,9.718565788902497,1.3138161722988797,-0.002354083768398115,-0.05911360226627015,0.001331467126934168,-11.761875429153442,-24.2805010509491,8.111062860488891,976.9043481445312,0.10859663484068102,28.172165685502943
2025-03-01T17:36:16Z,40.09674615770035,-75.78055816147226,139.71618198529544,40.4544356133848,-13.746154617869768,-0.5198455106965673,1.4819993319579228,0.028528549013469958,0.45528660323602493,0.0009999999976137992,0.0010000000027518597,0.0009999999976921395,0.000999999992408557,0.000999999988882763,0.0009999999899561113,0.00003499592917865432,0.00003500040104693439,1.1283598922142875,30.79698907966907,12.52250506006044,0.06066170329246101,0.00033894299183679565,0.0004335831919834454,0.005970978081801942,0.003974999999999855,0.003974999999999889,0.003974999999999941,0.0010297499999996106,0.0010297499999995963,0.0010297499999996108,1.3476105223501773,9.573938664668248,1.2382075441066733,-0.004707748875948269,-0.05770777911164843,-0.0034885230254348256,-11.395500421524048,-23.40093849182129,8.6546253657341,976.7580249023438,-0.03180333254654057,27.429201625134663
2025-03-01T17:36:17Z,40.09553191743772,-75.78089879460838,139.86552949999776,40.88471080348462,-14.319154468361141,-0.4908786683503857,1.4873811022744385,0.018478802925735675,0.3909777657597836,0.0009999999974766433,0.0010000000025066577,0.0009999999979305066,0.000999999992578345,0.0009999999886035847,0.000999999989839111,0.00003599549615304561,0.000036000408112214664,1.195982448977022,31.784482955245586,13.100670338965084,0.06696186575775762,0.00033674820990710005,0.0004244639001448286,0.005973253374469401,0.003975999999999855,0.00397599999999989,0.00397599999999994,0.0010297599999996112,0.001029759999999597,0.0010297599999996112,1.3869567754323553,9.680998451548051,1.235730377207645,0.005943496657986743,-0.06156724308052839,-0.0016821322697669148,-9.147750387191772,-23.76262601852417,8.65143785715103,976.7892797851563,0.07857693469342975,26.892161934725767
2025-03-01T17:36:18Z,40.09451978507683,-75.78121498832732,140.0046868134743,40.92367363636725,-14.879726603429233,-0.4407609770863027,1.4873947394334375,0.002618602493195929,0.33660554390317665,0.0009999999976366709,0.0010000000024189934,0.0009999999980263834,0.0009999999923641866,0.00099999998858113,0.0009999999896267689,0.000036995076182089494,0.00003700041674671185,1.2624165777337437,32.23154721302091,13.742391343706016,0.06833830163182497,0.0003368222183788345,0.00040759995989178495,0.005973083843366218,0.0039769999999998565,0.003976999999999891,0.003976999999999941,0.0010297699999996112,0.0010297699999995968,0.0010297699999996112,1.17148309449713,9.693854392377505,1.1466526558419896,0.00004898567763546844,-0.05220999582372991,0.005434108232400221,-8.900437865257263,-23.292750988006592,9.74287543296814,976.8097314453125,0.05250968891935519,26.77108404442047
2025-03-01T17:36:19Z,40.09272845543057,-75.78162729457628,140.71383354367507,38.63959476288449,-15.907839585865984,-0.36473824537591604,1.4792549465729945,6.266954799288384,0.31432416824201503,0.0009999999976326812,0.0010000000024129332,0.0009999999977904819,0.0009999999920421155,0.0009999999887999763,0.0009999999895991562,0.00003799467803373486,0.000038000427420970486,1.3086745042572259,32.20583323792201,14.324611935785704,0.05911180121294515,0.00034360065094355985,0.00038186486945928494,0.005972795487004782,0.003977999999999855,0.0039779999999998905,0.00397799999999994,0.0010297799999996107,0.0010297799999995963,0.0010297799999996107,0.27868108652706347,9.642075251576866,0.8542346910990642,-0.008676533560277373,-0.0176155221166065,0.006259109805156323,-7.391437826156616,-22.092000789642334,10.421812920570373,976.55724609375,-0.09497968367587907,25.52060814852611
2025-03-01T17:36:20Z,40.09097239219759,-75.7820279582009,141.49007135102954,35.76290777419523,-16.80339373276112,-0.3779719567586037,1.4813057165854302,6.255048674537605,0.30095095127504734,0.0009999999973096428,0.001000000002326379,0.0009999999976755397,0.0009999999921712745,0.0009999999890527669,0.0009999999898661568,0.000038994299364448405,0.00003900044033050977,1.321168443419992,31.91476462512762,14.957618364702377,0.04764505201766965,0.0003520954190908897,0.0003561465950582172,0.005973939955008661,0.0039789999999998524,0.00397899999999989,0.003978999999999942,0.0010297899999996102,0.0010297899999995959,0.0010297899999996102,-0.01623430378249982,9.575953633623888,0.753855783984412,0.001983056482434932,-0.008136936672230855,0.00019118635845477593,-9.118687877655029,-23.06212595939636,10.25343789577484,976.462216796875,-0.17310831542475294,26.83546871275859
2025-03-01T17:36:21Z,40.09032115859261,-75.78230172852555,141.58071695340166,34.1292290629532,-17.107069107423236,-0.3631151008888507,1.4816313589485663,6.246675150714241,0.2972571358065204,0.0009999999975723187,0.0010000000022432896,0.0009999999978361083,0.0009999999921507029,0.00099999998906561,0.0009999999899390974,0.00003999392797848632,0.0000400004554798369,1.301391622822676,31.606553756134662,15.675618142575718,0.03658930140192865,0.0003617935641002567,0.00033381654314070474,0.005975507678982924,0.003979999999999854,0.003979999999999891,0.003979999999999941,0.0010297999999996092,0.0010297999999995947,0.001029799999999611,-0.24196900677100475,9.741043932928042,0.6912318181809626,0.0005096365908854343,-0.0020690132149598223,0.004042138195627152,-10.317937908172608,-21.98156328201294,10.638750424385071,976.690712890625,-0.010117277726016425,26.51092756951716
2025-03-01T17:36:22Z,40.08955519000958,-75.78257983359168,141.71859782343307,32.45151680393845,-17.379418933964345,-0.3778236028174052,1.4816817302062923,6.244166948467978,0.2929651722132773,0.0009999999977004681,0.0010000000021729303,0.000999999998204761,0.000999999991725734,0.0009999999891639006,0.0009999999899530235,0.00004099354624183504,0.00004100047280431368,1.2590258545355852,31.400487077274242,16.51241357297777,0.028705445323929397,0.00037118930992880215,0.0003172561432814332,0.005979324237469009,0.003980999999999855,0.003980999999999893,0.003980999999999942,0.00102980999999961,0.0010298099999995949,0.00102980999999961,-0.1412592867588562,9.71162660026326,0.6927191647499087,0.0003337213643933236,-0.002048650991025019,-0.001987564686636602,-10.015500378608703,-22.432125988006593,9.539062867164612,976.6510034179687,-0.04128104004525002,26.35339757242542
2025-03-01T17:36:23Z,40.08731082779745,-75.7829695453085,142.62198143708727,29.059003637310024,-18.06704942842214,-0.3860585770747754,1.481157341963948,6.234464066014825,0.2816423392308666,0.0009999999977965955,0.001000000002284666,0.0009999999983067824,0.0009999999914982074,0.0009999999891917013,0.0009999999901112026,0.00004199313396330948,0.00004200049225840716,1.2051604889174403,31.351709348256712,17.4396025655906,0.02307311888461738,0.0003798649565139876,0.00030690834100724067,0.005984222791351454,0.003981999999999857,0.003981999999999892,0.003981999999999941,0.001029819999999609,0.0010298199999995944,0.001029819999999609,-0.128329544375687,9.629522790500156,0.7513269687843003,0.000159140993250516,-0.006264953559985993,-0.001035049740128749,-9.02475034713745,-21.941063423156738,10.569000453948975,976.2339086914062,-0.1188594269494425,25.97224502132277
2025-03-01T17:36:24Z,40.08540551090528,-75.78331912956723,143.23336057140648,26.29882977163757,-18.77197776876476,-0.3145127432185375,1.470940207262991,6.229084682982677,0.28069181013961547,0.0009999999979249737,0.0010000000021660868,0.0009999999985283304,0.0009999999917665785,0.000999999989259786,0.0009999999903456873,0.00004299266513610779,0.0000430005138383314,1.1457973794099265,31.500886633613014,18.452980192682627,0.01879965352127877,0.00039004318276903593,0.0002999123279856843,0.005990329313569605,0.003982999999999859,0.0039829999999998885,0.003982999999999942,0.0010298299999996082,0.0010298299999995939,0.0010298299999996082,-0.25380171053574185,9.746442166008254,1.0143145264851097,-0.00929757960769001,0.0026651888921828764,-0.0014174244627033475,-9.567937893867493,-22.478063411712647,10.077562870979309,976.2650805664063,0.023964136153316516,26.42656533526532
2025-03-01T17:36:25Z,40.08455361227,-75.78359357641773,143.26405593154274,24.58511025427756,-18.947951561050402,-0.37101584228892953,1.4711899363788756,6.226172448501511,0.2818691189129263,0.0009999999976152874,0.0010000000021712237,0.0009999999986819177,0.0009999999917989567,0.0009999999895577674,0.0009999999901063924,0.00004399210716146438,0.000044000537530246665,1.0839738890259527,31.91146020404797,19.515075645027483,0.015768470645190876,0.000400282655386766,0.00029729468625905515,0.005997091037386396,0.003983999999999861,0.003983999999999891,0.00398399999999994,0.0010298399999996077,0.0010298399999995934,0.0010298399999996077,-0.3848715150733111,9.722725115664458,0.7439131468249331,0.0007299489658520537,0.002337224068737929,0.0006673604584824439,-9.86400037765503,-23.31768856048584,9.903000349998473,976.4937231445313,-0.019634427082613107,27.186021291680785
2025-03-01T17:36:26Z,40.08493135201335,-75.78379685056653,142.74127862710392,24.31974835201743,-18.90642638996216,-0.4244416059331262,1.470912145833368,6.2258198335385435,0.27168291420781093,0.0009999999979023015,0.001000000002148304,0.0009999999987410583,0.000999999991631473,0.0009999999896819216,0.0009999999900965465,0.00004499142503125794,0.0000450005633484484,1.0252697228767242,32.581683322974875,20.712695460151096,0.014443052517821695,0.00040841728212881245,0.0003004685727076675,0.006004713856756615,0.003984999999999862,0.0039849999999998905,0.003984999999999939,0.0010298499999996072,0.001029849999999593,0.0010298499999996072,0.06217052298153492,9.74002145830573,0.8383623074840275,-0.0009083700410812557,-0.010661844959905744,0.00004865122334085973,-10.314750337600708,-21.80868836402893,10.509375400543213,976.7783276367187,-0.002139040331399487,26.314582594344078
2025-03-01T17:36:27Z,40.07873033785909,-75.78433226330091,144.20230722590102,20.47472120597025,-19.513772001526053,-0.37221450884387286,1.4686589321791568,6.217052772696877,0.258120380470106,0.0009999999979581303,0.0010000000021170347,0.0009999999989975844,0.0009999999918430798,0.000999999989657995,0.000999999989805026,0.00004599058186598375,0.00004600059136149146,0.9739465252862926,33.48012820255299,21.981648394460187,0.013789627117690178,0.0004168877849023885,0.00030606501149635666,0.006013244235936414,0.00398599999999986,0.003985999999999888,0.0039859999999999375,0.0010298599999996063,0.001029859999999592,0.0010298599999996063,0.10284849627556812,9.674178941088753,0.8463383756677482,-0.0019162971510996007,-0.008279472112582105,-0.0016923134727709968,-9.18075038909912,-22.626563472747804,9.730312881469727,975.6157006835938,-0.06660724304617428,26.2854307044404
2025-03-01T17:36:28Z,40.07432832528906,-75.78477143043732,144.92335405062215,18.088582395296847,-19.802298859048836,-0.41141241296421366,1.4723037359976274,6.2112049799025515,0.24573764656799751,0.000999999997862474,0.0010000000023023493,0.0009999999987181615,0.0009999999918532969,0.0009999999898623114,0.0009999999899744877,0.00004698953579966283,0.000047000621594952604,0.9300515812961844,34.606732437974365,23.31241630964225,0.013697805023595962,0.0004252604365750831,0.00031405946706129735,0.00602203233175449,0.003986999999999858,0.003986999999999891,0.003986999999999939,0.0010298699999996058,0.0010298699999995915,0.0010298699999996058,0.10000849955470559,9.663061507238554,0.7519938257630007,0.003193436269041697,-0.009739872649418755,0.00008653832803728868,-9.68287534236908,-21.98212577819824,11.253000469207764,975.8743041992187,-0.08544195241595016,26.525445333551946
2025-03-01T17:36:29Z,40.07801579272889,-75.78482982049869,143.62373487308673,18.17809928135912,-19.38030941918668,-0.6011389301666809,1.4703112225596604,6.21946518569521,0.2509826496108086,0.0009999999977105439,0.001000000002346722,0.000999999998986574,0.0009999999917213722,0.0009999999900733839,0.0009999999897872193,0.00004798823490364124,0.000048000653976616785,0.892742396661329,35.96687571525509,24.68717551763859,0.014681333460714624,0.00043550198941201177,0.000321524924952539,0.00603207677754158,0.003987999999999856,0.00398799999999989,0.0039879999999999395,0.0010298799999996053,0.001029879999999591,0.0010298799999996053,-0.2648485802316152,9.710470127103411,0.5888706688519658,-0.0014886918619764471,0.0041109021727945,-0.005276053427180912,-10.981875443458557,-23.268188419342042,10.413562903404236,977.05912109375,-0.04636734625500226,27.75697479013977
2025-03-01T17:36:30Z,40.07527052899577,-75.78518732927203,143.47660074014775,16.58735663423196,-19.666638159310253,-0.699406408696773,1.4685167011212634,6.22617129995136,0.2561287471850687,0.0009999999975560043,0.0010000000025587328,0.0009999999990376886,0.0009999999914697035,0.0009999999900456198,0.000999999989958099,0.00004898661175328161,0.00004900068836267699,0.8630036323146708,37.515949131167595,26.132383223622355,0.016631578948406847,0.00044596982619211147,0.00032987106284317275,0.006042811978297584,0.003988999999999858,0.003988999999999893,0.003988999999999938,0.0010298899999996048,0.0010298899999995905,0.0010298899999996048,-0.4976087643889198,9.683106318674712,0.7901613095699271,-0.0017836091770357591,0.006613277943906786,-0.007053569767961263,-10.797000455856324,-23.01375093460083,11.868000469207765,976.3409375,-0.05021463459022404,28.054492197514097
2025-03-01T17:36:31Z,40.07171290104296,-75.785589901491,143.30716800215998,15.130153424819298,-20.291121141737168,-0.76435485175702,1.4670125012102058,6.2318079800085595,0.2648664442937689,0.0009999999977122324,0.0010000000025873054,0.0009999999989907349,0.0009999999913484576,0.0009999999903088437,0.0009999999899898662,0.000049984584102011815,0.000050000724642803074,0.8433621960429702,39.219529932156036,27.660616047016692,0.019410188572461178,0.00045691145245293417,0.0003382761034175007,0.006053531450192055,0.00398999999999986,0.00398999999999989,0.003989999999999941,0.0010298999999996054,0.001029899999999591,0.0010298999999996054,-0.680521751762252,9.686063360211675,1.053237778982489,-0.0017330376707803594,0.009771582417520784,-0.004878991402500238,-7.387687792778015,-20.092500734329224,10.560937910079955,976.3161743164062,-0.011273638982052182,23.870850388103644
2025-03-01T17:36:32Z,40.06755321868926,-75.78602992446781,143.07615897412845,14.020762851709668,-20.79277248555312,-0.8562108960424948,1.463269009865644,6.229260224116884,0.2677653316642699,0.0009999999976977052,0.001000000002685867,0.0009999999989884828,0.000999999991509484,0.0009999999903883923,0.0009999999898267196,0.00005098207356308252,0.000051000762724457194,0.8365719467345194,41.060582153294966,29.26684313042032,0.02288340629302284,0.0004669277079684006,0.0003474790131834812,0.006062923722602084,0.00399099999999986,0.003990999999999889,0.003990999999999938,0.0010299099999996047,0.0010299099999995904,0.0010299099999996047,-0.602116930970497,9.66121778392533,0.9182028084159056,-0.004695732043786419,0.002665189055017321,0.0036425727989780397,-5.770687718391418,-21.12637583732605,12.247688035964966,976.3280493164062,-0.05469742486630433,25.09238734911707
2025-03-01T17:36:33Z,40.06466947264512,-75.7864157505555,142.50202159311115,13.168006481699495,-21.081164237006615,-1.0191389692390025,1.460967842140451,6.2381040997203225,0.2757862588031923,0.0009999999979972392,0.0010000000026673477,0.0009999999990952348,0.0009999999911732593,0.0009999999905323433,0.0009999999895611762,0.00005197903538977489,0.000052000802481436096,0.8447480775705899,42.929270587522296,30.941605539358946,0.02675462789928084,0.00047672722767940097,0.00035462357296852395,0.006074132111343131,0.003991999999999861,0.003991999999999891,0.003991999999999939,0.0010299199999996053,0.0010299199999995894,0.0010299199999996035,-0.5650392951552681,9.61120394196789,0.8287995115472501,-0.002825083580660248,0.008626127834898148,-0.006783186757260226,-4.386187665462494,-19.872750806808472,11.664000515937806,976.5274560546875,-0.11467071051483728,23.456585199747195
2025-03-01T17:36:34Z,40.06146836116071,-75.78682467465892,141.85042870387815,12.729894717102159,-21.449746765849525,-1.0449102985585412,1.4605206539840299,6.236355301374173,0.27474653501267365,0.0009999999980667253,0.0010000000023692348,0.0009999999992360634,0.0009999999913181963,0.0009999999902175678,0.0009999999896477465,0.00005297547771177325,0.00005300084389480022,0.8675623898987073,44.71987206744367,32.71583639764006,0.02985067737690459,0.0004849138450073662,0.00036098048394580867,0.006083366029024673,0.00399299999999986,0.00399299999999989,0.0039929999999999384,0.0010299299999996041,0.001029929999999589,0.0010299299999996033,-0.4283581223542332,9.720679449078753,0.9459196854478724,-0.0016923132565391185,-0.0018450294982960244,0.0034389510612238814,-4.067437667846679,-22.20300085067749,11.031000456809998,976.5991748046876,-0.0020523026234065683,25.123648459109724
2025-03-01T17:36:35Z,40.058405101830694,-75.78723442839933,141.14304703579666,12.722454338523928,-21.825082721288478,-1.0797332105602482,1.4624407435084648,6.2381532365686505,0.2685270045269575,0.0009999999978108185,0.0010000000025396675,0.000999999999151887,0.0009999999915295595,0.0009999999899292281,0.0009999999897652035,0.00005397147463467256,0.00005400088722564212,0.9008744769712668,46.28826328803787,34.55870611327567,0.031235036763878114,0.0004915605988406535,0.0003650975025394681,0.0060929624566947145,0.00399399999999986,0.003993999999999888,0.003993999999999938,0.0010299399999996032,0.001029939999999588,0.0010299399999996023,-0.16532023062330065,9.690598540444428,1.0240695376954674,0.00037945243880584774,-0.006795704694911649,-0.000294000190300189,-4.289625160694122,-21.261188373565673,11.769187994003296,976.7051416015624,-0.032036175729681156,24.67691819260322
2025-03-01T17:36:36Z,40.04857497215922,-75.78801260273238,141.23175299377826,14.262121134960523,-22.66543552347233,-1.0528271516251198,1.4689738242075872,6.259270985577565,0.2758218785268415,0.0009999999978700354,0.0010000000024238496,0.0009999999988397476,0.0009999999915911077,0.0009999999895571984,0.0009999999901067961,0.00005496715785134186,0.000055000932823652566,0.9410010684824079,47.53768983936973,36.46599740333644,0.033919918866740124,0.0004989068343990781,0.0003640630217875266,0.0061043970745283125,0.003994999999999859,0.003994999999999887,0.003994999999999935,0.0010299499999996023,0.001029949999999588,0.0010299499999996023,-0.5058855898259047,9.67198558552806,0.7838059510665424,0.0022884891421236023,0.006340558873820191,-0.012026109286419083,-4.224937660694122,-21.997875804901124,11.309437942504882,976.2743090820312,-0.061044292795564205,25.092976568173267
2025-03-01T17:36:37Z,40.03767633860097,-75.78887569240116,141.53611070637598,16.63434984079245,-23.746836702264922,-0.982638928651346,1.4666165543311134,6.264395284888156,0.2790150789617565,0.000999999997557757,0.0010000000026103217,0.0009999999987570316,0.0009999999915528714,0.0009999999896891094,0.000999999990342742,0.00005596269621250652,0.000056000981101444226,0.9856392057561262,48.373593307448544,38.44991751761067,0.0359099964438188,0.0005056080055491307,0.0003603151257903042,0.00611241074709393,0.003995999999999858,0.003995999999999886,0.003995999999999936,0.001029959999999603,0.0010299599999995886,0.001029959999999603,-0.6282333460365359,9.66694495504168,0.8734001606582495,-0.007641902830287325,-0.0003465736892504088,0.005554278158017661,-5.132250199317932,-22.724250869750975,11.949562931060791,976.1865747070312,-0.05118331868155192,26.18245522783599
2025-03-01T17:36:38Z,40.0291237447008,-75.78963780988633,141.6758860334695,18.937378540863907,-24.463958028068582,-0.9229559603000123,1.4719808543115602,6.2704472071574475,0.27998302558674754,0.000999999997451528,0.0010000000025063036,0.0009999999986153927,0.0009999999914219954,0.0009999999899260607,0.0009999999905102171,0.00005695827773716151,0.00005700103264941728,1.0292339560228867,48.804338373957656,40.506737988437685,0.036138889301335665,0.0005115659257642456,0.0003538179376819861,0.006120588074382907,0.003996999999999861,0.003996999999999884,0.003996999999999939,0.0010299699999996035,0.0010299699999995891,0.0010299699999996035,-0.4158755703795493,9.69160671933231,0.7352316497924439,0.0009242239734810283,-0.001987564125652829,0.0030520696842137114,-5.112562692165374,-20.158125896453857,12.295312933921814,976.3159155273438,-0.04940288329379722,24.159068708076926
2025-03-01T17:36:39Z,40.02458182730134,-75.79019102018812,141.34964089478282,20.25174678564708,-24.820297714668985,-0.9649726164827768,1.4680901456789293,6.2734817760766495,0.2778810688881973,0.0009999999975571043,0.001000000002598758,0.0009999999989138205,0.0009999999915506856,0.0009999999896057425,0.000999999990718322,0.0000579540712581733,0.00005800108809060908,1.0654889953658158,48.83835558890929,42.62460483158821,0.03475491786883252,0.0005170451359422632,0.00034549575788603027,0.0061287396082390444,0.003997999999999864,0.0039979999999998845,0.003997999999999941,0.001029979999999603,0.0010299799999995884,0.001029979999999603,-0.28247571049375797,9.651247826255835,0.767375229898983,-0.0063857911255985386,-0.0038710640788542586,0.0019321512612727558,-6.006937732696533,-21.09806332588196,10.947375411987304,976.5961987304687,-0.09189508628840465,24.516404976671875
2025-03-01T17:36:40Z,40.02230595173038,-75.79062064530149,140.7252656942503,20.946016084204572,-25.13590877049263,-0.9427208559650304,1.47294132068854,0.003791931127529703,0.27422917450772605,0.0009999999974316608,0.0010000000026089172,0.0009999999987070915,0.0009999999916061042,0.0009999999894603742,0.0009999999908545513,0.00005895017604287242,0.00005900114818189044,1.0897344055598772,48.57982797040405,44.84400662124295,0.03210911900578309,0.0005224395411533473,0.0003363865193380556,0.006138778904446447,0.003998999999999861,0.003998999999999882,0.003998999999999939,0.0010299899999996033,0.001029989999999589,0.0010299899999996033,-0.25004969242752567,9.733394784830965,0.9877849269598347,0.0035940038969986847,-0.0034209272023930835,-0.011059240852651576,-7.4581878066062925,-22.06950080871582,12.633938026428222,976.8068090820312,0.008890012594075344,26.500964646609685
2025-03-01T17:36:41Z,40.107527848598664,-75.75760563912807,136.4178554828157,-19.87933962992962,27.10535805371749,-1.5450325204631101,1.3082973147739623,6.244362202076593,0.2760814865064514,0.000999999997565455,0.0010000000027882692,0.0009999999987985423,0.000999999991626941,0.0009999999898296361,0.0009999999912500414,3.075061992380584e-10,3.0750587293119537e-10,0.5881072577430598,0.006255941733720847,0.006255989226071465,0.014643320861740299,0.00015839522183563155,0.00016424854775744452,0.005995110774813712,0.003999999999999861,0.003999999999999883,0.0039999999999999385,0.0010299999999996033,0.001029999999999589,0.0010299999999996033,-0.38867714760940736,9.79218498770135,0.9085916514453057,-0.010478585374840022,0.0019830559863710517,0.002349574940441186,-6.34687527179718,-20.201438369750978,10.668750448226929,976.8118115234375,0.0583917140239215,23.710773113791298
2025-03-01T17:36:42Z,40.10756738126066,-75.75727835134876,135.64811061541536,-21.158886687116063,28.62954825204798,-1.752465965908806,1.3086748479098842,6.2491813083960706,0.2869714892658377,0.0009999999974543937,0.0010000000030007002,0.0009999999988731215,0.00099999999174458,0.0009999999895304403,0.0009999999914387387,1.0003075064319678e-6,1.000307506391917e-6,0.6340452155040232,0.030766597084746404,0.031483743023369815,0.017034222235710633,0.0001682711114631267,0.00017283556395804103,0.005998519429153068,0.0040009999999998614,0.004000999999999883,0.0040009999999999395,0.0010300099999996028,0.0010300099999995885,0.0010300099999996028,-0.46669819975645177,9.669455447960239,0.6975473105176839,-0.0006119504863423613,0.003168400413710034,-0.000364099593968872,-5.199562714099884,-21.8962508392334,11.270250401496888,976.8000805664062,-0.07791523348835383,25.16937100022587
2025-03-01T17:36:43Z,40.107605564837975,-75.75693388850806,134.82136169016024,-22.391266519386612,30.050702928568484,-2.0138606848951066,1.3050356269958143,6.253482109708982,0.2977254085696707,0.0009999999973178883,0.001000000002616049,0.00099999999870001,0.0009999999919993866,0.0009999999893150304,0.0009999999910650138,2.000307507541143e-6,2.000307510785352e-6,0.685127334374405,0.09962876808342204,0.1044302705323907,0.020204252369563833,0.00017793565655330827,0.0001809543266241952,0.005999683590059721,0.0040019999999998624,0.004001999999999883,0.0040019999999999405,0.0010300199999996023,0.001030019999999588,0.0010300199999996023,-0.5055665315326924,9.56857567532557,0.7601169998700513,-0.005571304427120658,0.000506800106330715,0.0005475240466426333,-4.595062673091888,-21.205125865936278,11.74050045490265,976.8193212890625,-0.17188072107395544,24.66999807261709
2025-03-01T17:36:44Z,40.10763593753735,-75.75657288594672,134.03477369545388,-23.335320150104998,31.51177023682535,-2.1158687337550854,1.3079605824620608,6.25191485595324,0.3074581958525461,0.0009999999970838897,0.0010000000024187401,0.0009999999987974006,0.0009999999919117109,0.0009999999892228173,0.0009999999909703341,3.000307509939478e-6,3.0003075271530938e-6,0.7409226395628918,0.2187330915555283,0.21745214705687474,0.023639474257398464,0.0001872284945493078,0.00018855720631111365,0.005998345452539472,0.0040029999999998634,0.004002999999999881,0.004002999999999943,0.0010300299999996018,0.0010300299999995875,0.0010300299999996018,-0.2514886456583193,9.685225732164946,0.770924581453728,-0.0004604030155974818,-0.004685551044313874,0.0065034557348991485,-5.455125241279602,-21.26043829917908,11.111062994003296,976.8218823242188,-0.06497553265778755,24.60117570241501
2025-03-01T17:36:45Z,40.10765219573778,-75.75619638290561,133.16133557841698,-24.153977270938775,32.821732094607704,-2.1657453770046096,1.311242390904773,6.261474754115469,0.3179368462942188,0.00099999999705941,0.0010000000026764932,0.0009999999987016378,0.0009999999918913923,0.0009999999890820655,0.0009999999912874394,4.000307504725869e-6,4.000307568970661e-6,0.8004870596184896,0.3818859668289343,0.37116204169646655,0.02717323519012611,0.0001956586233932022,0.0001956421012412782,0.005995968611185841,0.0040039999999998644,0.004003999999999879,0.0040039999999999425,0.0010300399999996013,0.001030039999999587,0.0010300399999996013,-0.23161318366237169,9.700444477329023,0.8565327117771455,-0.0010025037333755706,-0.0008773263676765875,-0.003959189260009351,-5.552812724113465,-22.7821883392334,12.09693796634674,977.0077099609375,-0.04331433739985381,26.385508490584392
2025-03-01T17:36:46Z,40.10762062484348,-75.75580841741063,132.90226063532987,-24.899603950211258,33.92793029968907,-2.1955515028798507,1.3189090075061982,6.272854443336826,0.33730231981728587,0.0009999999973299314,0.0010000000029036762,0.0009999999989071006,0.0009999999921317599,0.0009999999888480478,0.0009999999912052213,5.000307456873369e-6,5.000307655028578e-6,0.8631676398703978,0.5888042865055529,0.5728542164909651,0.031118684933899056,0.00020299577996748557,0.0002023156507299604,0.0059923600652425245,0.004004999999999864,0.004004999999999878,0.004004999999999942,0.0010300499999996006,0.0010300499999995878,0.0010300499999996004,-0.41152860746176534,9.627837951021696,0.7742346549196114,-0.00015497069367528457,0.0019219699145606316,-0.0020588323527861354,-5.470125207901001,-21.295688343048095,12.389250478744508,976.7147631835937,-0.11671410002969952,25.23726553174858
2025-03-01T17:36:47Z,40.1075484849403,-75.7554108044444,132.70467671613318,-25.451651196349033,34.95482536298736,-1.9399047834296628,1.3288205321365878,6.2797930029451905,0.35505552289621933,0.0009999999971157603,0.0010000000031149465,0.0009999999988266738,0.0009999999918544997,0.0009999999890404393,0.000999999990829818,6.000307283206333e-6,6.000307808721723e-6,0.9274698427514675,0.8470969130369038,0.8125797052987545,0.03474073826754731,0.00020887620311471747,0.00020875054112794603,0.00598829760222326,0.004005999999999865,0.004005999999999875,0.0040059999999999445,0.0010300599999996012,0.0010300599999995877,0.0010300599999995992,-0.34368358874737964,9.900892357182334,0.7616827954035494,0.0010904588805504916,0.0009452543181937292,0.0016587640027079264,-5.928937730789184,-21.285750799179077,11.343000421524048,976.8595629882813,0.15156798113504483,24.83740367369097
2025-03-01T17:36:48Z,40.107398698584745,-75.75500922198891,132.93463379819525,-25.694916707955446,35.55949535731309,-1.9332486780052804,1.3455331351997892,0.0069070996619688425,0.36935655697696157,0.000999999997460756,0.0010000000034375658,0.00099999999891237,0.0009999999918933182,0.0009999999896364322,0.0009999999908668772,7.000306833792488e-6,7.000308056164061e-6,0.9896624757818225,1.122569016407724,1.069934711644623,0.037020854617716176,0.00021315225486674618,0.00021506982751462654,0.005984910519638789,0.004006999999999862,0.004006999999999877,0.004006999999999943,0.0010300699999996007,0.001030069999999587,0.0010300699999995998,-0.33455947476523284,9.554577770865823,0.8101269944359174,0.005414078774004702,-0.0026696970024136183,-0.0019366587876841418,-5.761312730312348,-21.454875831604003,11.597625427246093,976.7598168945312,-0.18990529253203867,25.060063591656615
2025-03-01T17:36:49Z,40.10719390228545,-75.7546063011746,133.18685628600193,-25.669828019402246,35.98548156501822,-1.7256060754179672,1.3583994382504354,0.009591884543639998,0.375897747426218,0.0009999999970163299,0.0010000000037451845,0.0009999999986061048,0.000999999991748159,0.0009999999893286966,0.0009999999909958773,8.000305881735112e-6,8.000308423907334e-6,1.044951207553405,1.4295160973964778,1.3415830546002907,0.037967261416108185,0.00021600879868385002,0.0002213573567476475,0.005982950860192996,0.004007999999999865,0.004007999999999879,0.004007999999999945,0.0010300799999996015,0.0010300799999995878,0.0010300799999995987,-0.21017258169248096,9.738426279064557,0.8617322101355541,0.0014008985466117468,-0.009239164185217167,0.003401230979988742,-6.272812738418579,-21.1743758392334,11.323125429153443,976.8433276367188,-0.0059162374520281375,24.81759489422309
2025-03-01T17:36:50Z,40.106980628676716,-75.75419953055565,133.28659478872697,-25.678980899864,36.48036889401082,-1.476959279910702,1.3745296216159175,0.018374096422659997,0.38482876185655474,0.0009999999968673815,0.0010000000035170764,0.0009999999982752692,0.0009999999914215056,0.000999999989096631,0.0009999999908606686,9.000304125291459e-6,9.000308940025938e-6,1.0905481940509145,1.7770517773046361,1.635766879322445,0.03849757709454933,0.00021733387281865394,0.00022816169399392602,0.005982882908636924,0.004008999999999867,0.004008999999999878,0.0040089999999999475,0.0010300899999996023,0.001030089999999588,0.0010300899999995986,-0.21772696962684782,9.851349179686256,0.7182981766825587,0.006371101063235681,-0.001010181064135493,-0.0031380268645769946,-6.264187769889832,-21.995063371658325,11.307187972068787,977.055693359375,0.09518635239502059,25.51220816259244
2025-03-01T17:36:51Z,40.106673461209716,-75.75379667860004,133.8232795638554,-25.668561045820006,36.58691586871869,-1.198099973669002,1.388724061819475,0.02849513975247192,0.39793682785096346,0.0009999999968421053,0.0010000000031193533,0.0009999999982388797,0.0009999999917060106,0.0009999999890935342,0.000999999990569709,0.000010000301195587613,0.000010000309636599852,1.125872935612909,2.1311311192206217,1.9584002985855529,0.038202277855379115,0.00021733065753936953,0.0002356936936678042,0.005984794751848517,0.004009999999999869,0.004009999999999877,0.0040099999999999485,0.0010300999999996027,0.0010300999999995884,0.0010300999999995975,-0.45471905490442777,9.829193972584068,0.7391798111714285,0.0030724320781908487,0.003886917353956089,-0.003718348380177483,-6.257062759399414,-21.47737582206726,12.239063000679016,976.94953125,0.08270440800585063,25.499423040145373
2025-03-01T17:36:52Z,40.10630230175018,-75.7533985207475,134.66034094841365,-25.45504821924011,36.513740685209186,-0.7922368205578849,1.3978580316120768,0.022052352988329926,0.4066770519267757,0.0009999999966566091,0.0010000000034058154,0.0009999999982019813,0.000999999991591588,0.000999999989192211,0.0009999999903481595,0.000011000296656592201,0.000011000310546260319,1.150058908886558,2.505489227412758,2.285418630580689,0.036876339625039285,0.00021654672507085578,0.0002436597004569623,0.005989609363551885,0.0040109999999998714,0.004010999999999878,0.0040109999999999495,0.001030109999999602,0.0010301099999995877,0.0010301099999995983,-0.33638743266978044,9.94541447848649,0.8181298760918831,-0.001793623450586355,-0.001448134785573709,0.01123231656427491,-6.060000238418579,-21.21656349182129,12.327938003540039,976.892734375,0.19995966356875383,25.275317074070387
2025-03-01T17:36:53Z,40.10580248462149,-75.75301204355667,135.95114830496007,-25.27669733188565,36.128308952976326,-0.6516122081601687,1.4040120235630853,0.012161365411509105,0.4243962516925719,0.0009999999964478284,0.0010000000032501237,0.0009999999981929546,0.0009999999912096308,0.0009999999888474125,0.000999999990167362,0.000012000290005729284,0.000012000311702827503,1.1636579458782552,2.8827487402521506,2.6317181083750474,0.035354703123394254,0.00021475710926572656,0.00025281088178426346,0.005996805048082415,0.004011999999999874,0.004011999999999881,0.004011999999999952,0.0010301199999996013,0.001030119999999587,0.0010301199999995978,-0.4100929060520077,9.658027401602835,0.7639056459251766,-0.006039634050464443,0.00784735853095052,0.01600240253504699,-6.362437744140625,-20.513438291549683,13.287375535964966,976.6805908203125,-0.08780135771394261,25.25536663274119
2025-03-01T17:36:54Z,40.10517117329388,-75.75263922314622,137.45826231371453,-25.234871971881223,35.55399698667701,-0.5801141040912404,1.4089498252525507,0.018993282146785775,0.444734448171339,0.0009999999966487034,0.001000000003379327,0.0009999999979853071,0.0009999999912127936,0.000999999988970923,0.0009999999904690851,0.00001300028067754577,0.000013000313149274014,1.1693836661702477,3.2801406232118127,3.0141085726225403,0.03412635338980624,0.0002126500883011052,0.00026274456916010336,0.006004042744426788,0.004012999999999873,0.00401299999999988,0.0040129999999999515,0.0010301299999996016,0.0010301299999995873,0.001030129999999598,-0.5816321496810725,9.589982366777516,0.6521229033839989,-0.007922299593683185,0.01444436343680059,-0.00045422790755226974,-13.378875551223755,-24.990000982284545,14.698125677108765,976.4661547851563,-0.15488673499323294,31.93001894788689
2025-03-01T17:36:55Z,40.104759548198516,-75.75225361416476,138.17350958782382,-25.619157231644134,35.3987174101952,-0.4629119934632489,1.4171104322267731,0.02449639680690752,0.4737392445842803,0.0009999999965456144,0.0010000000034823546,0.0009999999978695553,0.0009999999909143878,0.0009999999889128855,0.0009999999907534356,0.000014000268052968936,0.000014000314935647481,1.1695692139389302,3.7024163087858484,3.43466103259175,0.03291933057409304,0.00020968242883299677,0.0002740028319692449,0.006012217751660688,0.004013999999999872,0.00401399999999988,0.004013999999999949,0.0010301399999996011,0.0010301399999995868,0.0010301399999995977,-0.7309305548237031,9.76075923347135,0.6106852336272877,0.00029299695550947277,0.02632601752831511,0.0005882482381851803,-14.496938095092773,-22.191188411712645,12.731625528335572,976.7462646484375,0.022539560695011784,29.405804769819877
2025-03-01T17:36:56Z,40.10440037955059,-75.75186281676297,138.44575375136245,-26.172652159814678,35.55301500598889,-0.8976378379056873,1.4172050626473243,0.03864042010607539,0.49499122805450024,0.0009999999964545026,0.0010000000036252588,0.0009999999980109895,0.0009999999909858779,0.0009999999884611744,0.0009999999906730077,0.000015000251477382657,0.000015000317112657509,1.1664684906542657,4.160765763866448,3.8635743881091607,0.03239236579485157,0.00020752852764466628,0.00028502635765016195,0.006020207569692285,0.004014999999999875,0.004014999999999881,0.00401499999999995,0.0010301499999996015,0.0010301499999995872,0.001030149999999598,-0.7719275828329452,9.28075911903033,0.30560034597598723,-0.006090540855729701,0.02116421147985822,-0.00976590928379904,-8.295375317782163,-25.2215635445714,11.025750425755978,976.8296655273438,-0.4667854561269337,28.74899592843775
2025-03-01T17:36:57Z,40.10407488000961,-75.75146651693021,138.51340608222043,-26.618449661809493,35.68527399219312,-0.49731744904848557,1.438467849634117,0.025318061200548674,0.5155472579162382,0.0009999999966774718,0.0010000000037533507,0.0009999999982934513,0.0009999999909003823,0.0009999999883878578,0.0009999999909609271,0.00001600023023098553,0.000016000319735362914,1.1609238042121521,4.666116905273938,4.338443327960834,0.031277373573387675,0.00020529956390935786,0.0002962218782835439,0.006031014128639673,0.004015999999999875,0.004015999999999878,0.0040159999999999476,0.0010301599999996008,0.0010301599999995865,0.0010301599999995971,-0.6880539177051543,10.11318672467479,0.5114170868066715,0.016221880184920226,0.017188248154056816,0.016820227358534532,-13.203188095092774,-22.853625888824464,13.363500537872314,976.89705078125,0.3648341337936381,29.583653070741583
2025-03-01T17:36:58Z,40.103406288791454,-75.75108888401533,139.3194854555687,-27.105907421012102,35.20507684376048,-0.49680823967454235,1.4453582773159792,0.03288755033630342,0.5535512581643737,0.0009999999967113965,0.0010000000041469643,0.000999999998071694,0.0009999999905787563,0.0009999999887392546,0.0009999999908235117,0.00001700020356666988,0.00001700032287342853,1.1530691287547135,5.140434061676365,4.865487897716488,0.030444383030552937,0.0002023541623554615,0.00030883881539688676,0.006040454449334011,0.004016999999999876,0.0040169999999998774,0.0040169999999999486,0.0010301699999995999,0.0010301699999995854,0.0010301699999995964,-1.0023165108826313,9.64131750964743,0.34675688747735606,-0.0016617698494618425,0.03708741813212177,-0.0015497779451568642,-9.733875379562377,-21.191813383102417,10.62637542963028,976.5771899414062,-0.08509133769349247,25.627300519444898
2025-03-01T17:36:59Z,40.10232079740959,-75.75073586777363,140.73742225757925,-26.962567135755172,34.04837842203424,-0.33648070127973184,1.4545630585606737,0.03540867124184038,0.582087577925814,0.000999999996869843,0.0010000000040411967,0.0009999999978234995,0.0009999999907412773,0.0009999999885349977,0.0009999999908405733,0.00001800017058714403,0.000018000326596848822,1.142096273192886,5.590970191247098,5.389311425954108,0.028543919958814307,0.00020068101034301255,0.0003206440229045115,0.006050466497321248,0.004017999999999876,0.004017999999999876,0.004017999999999947,0.0010301799999996003,0.0010301799999995857,0.0010301799999995966,-0.9098803447872248,9.687303556594454,0.698214158123608,-0.0021140771066361554,0.026891984984058197,0.002389798615861318,-10.216312885284424,-21.06975079536438,9.686812891960145,976.18328125,-0.029467501382513306,25.340465929811604
2025-03-01T17:37:00Z,40.101196399182484,-75.75038802820748,142.16504839291824,-26.548206762347764,33.05036752524699,-0.17907651664200347,1.4518337169214182,0.03733609543088489,0.5990000367143372,0.0009999999967644623,0.0010000000038707809,0.0009999999977959614,0.0009999999906271204,0.0009999999886169614,0.0009999999906821573,0.00001900013008094442,0.00001900033096605093,1.1268204242803326,6.0771532733066245,5.912421065849702,0.026465320355776777,0.00020053112821570492,0.000331551461230235,0.006060514398927512,0.004018999999999876,0.004018999999999876,0.004018999999999947,0.0010301899999996,0.0010301899999995857,0.0010301899999995965,-0.656952450319478,9.708037431077095,0.7767471230387101,-0.012647155250787604,0.01573769518948202,0.001535089071841468,-11.991562948226928,-22.036500873565675,9.647250361442566,976.06859375,-0.023107524408439984,26.878832894048156
2025-03-01T17:37:01Z,40.100366158312916,-75.75003000786691,143.10267264953822,-26.47224986048858,32.54381902093073,-0.1780631607286369,1.4487501450398077,0.047968445983500654,0.6266449067345177,0.000999999996800067,0.0010000000040029568,0.00099999999795987,0.0009999999903673844,0.0009999999886341666,0.0009999999906039748,0.00002000008059300356,0.00002000033605317139,1.1090226146440818,6.6005883291051255,6.48803483256631,0.0250258654044815,0.00020045504785326068,0.0003431773846889243,0.006070181050190765,0.004019999999999877,0.004019999999999877,0.004019999999999948,0.0010301999999996004,0.001030199999999586,0.0010301999999995969,-0.7195247548202605,9.63685086472442,0.6622904361334628,-0.01027563120444736,0.027973516816259113,-0.006162307923620715,-11.708625421524047,-22.699313373565673,8.290312790870667,976.1926318359375,-0.0978965626557493,26.85288236389553
2025-03-01T17:37:02Z,40.10009866779876,-75.74965603873986,143.21614841163466,-26.821217891020897,32.28364673663587,-0.2760346680895655,1.450063601468415,0.04798917652826567,0.6459854109239316,0.0009999999965106328,0.0010000000041228427,0.0009999999976934703,0.0009999999903170958,0.0009999999884926262,0.0009999999908115046,0.000021000020411419376,0.000021000341944076575,1.0898321683972787,7.096094510219715,7.113679373071199,0.02349973851150084,0.00020150593292215,0.00035412773201544775,0.006080462669796246,0.004020999999999877,0.004020999999999877,0.004020999999999948,0.0010302099999995996,0.0010302099999995856,0.0010302099999995962,-0.9263947405631672,9.596219349904043,0.8757929802684392,-0.0013766993633769938,0.018944734727532882,0.0027059129406750023,-11.706562967300416,-22.10081340789795,8.67956280708313,976.5130249023438,-0.10368149967689487,26.473036984042594
2025-03-01T17:37:03Z,40.100235852064905,-75.74927455069115,142.70914614426928,-27.573038057888915,32.42712703902263,-0.5068244914022787,1.4532851317971762,0.055378042844591024,0.6720583547434688,0.0009999999962240302,0.0010000000041128561,0.0009999999976012333,0.0009999999900555628,0.0009999999886057857,0.0009999999906772055,0.0000219999476043551,0.000022000348732498543,1.070445859900253,7.629555617382118,7.810435486124345,0.02271259064398233,0.00020298360785984035,0.0003653477962887592,0.006090486785880982,0.004021999999999879,0.004021999999999878,0.004021999999999949,0.0010302199999995992,0.0010302199999995848,0.0010302199999995955,-0.9788269751583413,9.53623274071599,0.6665576386026199,0.0025124719860624557,0.026743441623035772,-0.004359756651750228,-10.088062963485719,-21.38625086784363,8.4761253118515,976.775390625,-0.17475302780902233,25.119372710888957
2025-03-01T17:37:04Z,40.10024706729793,-75.7488940718894,142.18984614915405,-27.904254154391083,32.37665418632038,-0.5511532102205097,1.4484805880592464,0.06126047962845666,0.6970194840603889,0.0009999999965089623,0.001000000004424241,0.00099999999783068,0.0009999999902420651,0.0009999999888280773,0.0009999999903060304,0.000022999859884591307,0.000023000356502041182,1.0511872620111329,8.175155951708682,8.523522867770227,0.021324428345634253,0.00020521815882054419,0.000376250875198925,0.006100686844051614,0.004022999999999881,0.004022999999999875,0.004022999999999952,0.0010302299999995997,0.0010302299999995854,0.0010302299999995958,-0.8517072879727118,9.676123992165376,0.9879418323410876,-0.006269961046668061,0.025389858921070697,-0.0028175736197831366,-9.550125408172608,-21.910125885009766,8.397562811374664,976.7791064453126,-0.020583978269906836,25.333278421242127
2025-03-01T17:37:05Z,40.1002084304123,-75.74851268410816,141.56496199678577,-28.431519012804124,32.52864647242086,-0.7970055976131665,1.4412630023859823,0.05926551451824075,0.7176760481787817,0.00099999999669386,0.001000000004679445,0.0009999999974903305,0.000999999990370542,0.000999999988551453,0.0009999999905412889,0.00002399975473990128,0.000024000365337070784,1.0327646021430918,8.766586834133932,9.323867598477793,0.020830866822945125,0.00020812369934412707,0.0003866620326654375,0.00611113880879674,0.004023999999999879,0.004023999999999876,0.004023999999999955,0.0010302399999996,0.0010302399999995854,0.0010302399999995962,-0.8815986116294919,9.503770112033234,0.6987012099272845,-0.008666353530116216,0.020125740535368992,0.004681042984353522,-10.223625411987305,-23.068500900268553,6.155250256061554,976.8332177734375,-0.2141423940717089,25.972345174119358
2025-03-01T17:37:06Z,40.10015370477824,-75.74812975318838,140.72639914637887,-28.948364934018922,32.51225166453076,-0.9890562644745082,1.4351271166993194,0.061236119817678104,0.7417530298674756,0.0009999999963953945,0.0010000000043666297,0.0009999999974762942,0.0009999999903705476,0.0009999999883738883,0.0009999999903602854,0.00002499962976860802,0.000025000375338743987,1.016576856042156,9.348321725410068,10.19439728958128,0.02043350619090225,0.00021144219743791142,0.0003969742299038942,0.006121532397043421,0.004024999999999882,0.004024999999999874,0.004024999999999954,0.0010302499999995988,0.0010302499999995862,0.0010302499999995953,-0.9835478885595099,9.529808714564911,0.8887769799267351,-0.0078121440335617715,0.023997888262940668,0.0013583383832940403,-10.191375398635865,-21.183750829696656,6.445687746405602,976.9280200195312,-0.16269049690639387,24.37539420185687
2025-03-01T17:37:07Z,40.10023409575375,-75.74774734334122,139.60310549678317,-29.5704861983093,32.843233325644576,-1.1727660582032624,1.435130084342744,0.06464690422396993,0.7626284104892955,0.000999999996167674,0.0010000000046098139,0.00099999999719012,0.0009999999902840315,0.0009999999887848133,0.0009999999900526244,0.000025999482731236182,0.000026000386601359556,1.0030022299507877,10.000173762612947,11.138649666127185,0.02029235033636461,0.0002153375199398062,0.00040682622397252726,0.006131864684405209,0.004025999999999885,0.0040259999999998726,0.004025999999999956,0.0010302599999995996,0.001030259999999586,0.001030259999999596,-0.8107311782304163,9.589313545858467,0.6759295244735758,-0.0010712672773069924,0.021082761861368496,-0.0006233001720620673,-10.002000360488891,-22.83468836784363,5.396437717080116,977.1060888671875,-0.13707041568321365,25.506507978826647
2025-03-01T17:37:08Z,40.09964754919973,-75.74734407516705,138.75222309634864,-29.6870791553458,32.860845787271465,-1.271433181871032,1.4313104920588267,0.06761392354459993,0.7829649867309428,0.0009999999963258587,0.001000000004346909,0.000999999996986951,0.0009999999905015182,0.000999999988838217,0.0009999999900351974,0.000026999311520953036,0.000027000399217179004,0.9917312058590761,10.638578440732354,12.134840377334816,0.0199348720441621,0.0002194791465774627,0.0004163673300045075,0.006142238164162034,0.004026999999999884,0.004026999999999875,0.004026999999999954,0.0010302699999995995,0.0010302699999995852,0.001030269999999596,-0.8613393834822051,9.596811047231515,0.8949525488228696,-0.006884664162280239,0.020156283929362473,0.0007613263977824273,-11.002312889099121,-22.506375885009767,6.019312711954117,976.9998364257813,-0.1074460080936939,25.764653089827863
2025-03-01T17:37:09Z,40.09888816210924,-75.74692998737855,137.86131732061733,-29.74172477693241,32.96621700495533,-1.3894157054490044,1.4274892805328359,0.07220277142306145,0.8058374428143099,0.0009999999961274187,0.0010000000044455871,0.0009999999968054961,0.0009999999901888314,0.0009999999885112224,0.0009999999902367636,0.0000279991139886896,0.00002800041327919261,0.9821147260193264,11.301362754826501,13.203225066237557,0.01973983606651148,0.00022373498171746487,0.00042575453040860487,0.006152689818466008,0.004027999999999885,0.004027999999999878,0.004027999999999956,0.0010302799999995988,0.0010302799999995843,0.0010302799999995951,-0.8450387703930158,9.579626565897613,0.8418619703705033,-0.007461647661736652,0.02279618771727025,-0.00016381636386100643,-9.806250405311584,-21.529313383102416,6.136687788963318,977.0671508789062,-0.13071598808459414,24.440342314525154
2025-03-01T17:37:10Z,40.09749538381227,-75.74648431998773,137.26362779606072,-29.422612372548148,33.01044259468507,-1.2854814396405647,1.4295019902977273,0.07426387103138801,0.8275709896365248,0.0009999999962995942,0.0010000000044694773,0.0009999999966038686,0.0009999999904885864,0.0009999999884564338,0.0009999999901287196,0.00002899888827929784,0.00002900042889746006,0.9741241275204857,11.989330738219003,14.358116776617702,0.019550951705631092,0.00022804502720341665,0.00043486101109504555,0.0061631526858172345,0.004028999999999884,0.004028999999999877,0.004028999999999955,0.0010302899999995987,0.0010302899999995842,0.001030289999999595,-0.8681589298755942,9.761357441579824,0.9020911469631178,-0.003056578052129991,0.021001313291880604,0.003082613690663002,-9.817500352859497,-21.782250928878785,5.806125199794769,976.9820263671875,0.05699705528797541,24.587768448063173
2025-03-01T17:37:11Z,40.09574093640502,-75.74601343670116,136.8608179025931,-29.13823656506536,33.122174970425775,-1.2572294636663353,1.4319162472934948,0.07257405940408718,0.8568025915401545,0.0009999999961296132,0.0010000000042273871,0.000999999996611334,0.0009999999904018902,0.0009999999882307664,0.000999999990504956,0.000029998633507648165,0.00003000044620345823,0.9684544688014137,12.686838454672017,15.620434481691913,0.019996046804175705,0.00023198099318657957,0.0004440009229154462,0.006173753792887887,0.004029999999999884,0.0040299999999998766,0.004029999999999955,0.0010302999999995985,0.001030299999999583,0.0010302999999995937,-0.9588743628570906,9.696207966784401,0.6609488943180778,-0.0038865862634249633,0.02774319025965871,0.008248091772787278,-8.86500036239624,-21.94743827819824,5.351062710285187,976.960029296875,-0.0184365404169096,24.26746138091662
2025-03-01T17:37:12Z,40.09412068043131,-75.74553944908462,136.32881774248057,-28.77592007948988,33.316125780759506,-1.320915774324659,1.4314881856740755,0.07468969260242386,0.8802303364675508,0.0009999999958884547,0.001000000004358588,0.0009999999966940683,0.0009999999903289015,0.0009999999883301622,0.0009999999904113839,0.00003099834963782338,0.0000310004653275009,0.9651105340794697,13.385730261561308,16.912760067769664,0.020059295047671958,0.00023616650868855577,0.0004527499473473971,0.006184253460330357,0.004030999999999883,0.004030999999999876,0.004030999999999952,0.001030309999999598,0.0010303099999995828,0.0010303099999995936,-0.8136424459624206,9.613919749891505,0.7390601670800756,-0.005856374330223333,0.022630286019888816,0.003388045663448105,-11.629875497817993,-23.498063468933104,5.31675019621849,977.0774633789063,-0.1078009588314116,26.752160700892066
2025-03-01T17:37:13Z,40.09111729727282,-75.74498144820237,136.44016972790683,-27.446322822836475,33.43818809400749,-1.1002573877507962,1.4355570415536987,0.08643804128599607,0.8998400246758431,0.0009999999961628628,0.0010000000042128061,0.0009999999967165237,0.0009999999903564636,0.0009999999881940794,0.00099999999074939,0.000031998035708995664,0.00003200048639129859,0.9620762427426862,14.106410287378,18.260983270541857,0.01958096250395982,0.00024062615518825685,0.00046130427026239005,0.0061948545244364,0.0040319999999998855,0.0040319999999998786,0.00403199999999995,0.001030319999999597,0.0010303199999995827,0.0010303199999995936,-0.7659455184696725,9.812324602440608,0.9530582716808497,-0.0041357722939293975,0.019575962118677535,-0.005041888337927833,-11.27325044631958,-22.267313251495363,4.95487522829324,976.7714086914062,0.10385324745530643,25.445384949772453
2025-03-01T17:37:14Z,40.089437553513505,-75.74448885577053,136.07428609275047,-27.00878215359908,33.665316834578235,-1.0478111266316605,1.4440815717080693,0.08961970142531234,0.9258781866176387,0.0009999999961720686,0.0010000000041498127,0.0009999999966644143,0.0009999999904965228,0.0009999999879197867,0.000999999990459284,0.000032997690641289244,0.00003300050955821438,0.9589864029136758,14.828938558529908,19.701597501040542,0.019524250161320325,0.00024455043868158185,0.00047002084880050685,0.006205567355066606,0.004032999999999888,0.004032999999999881,0.004032999999999951,0.0010303299999995963,0.001030329999999582,0.0010303299999995929,-0.9086643121069797,9.724490374639082,0.7345772109093825,0.002622628261863989,0.02536983070737464,0.0023196992310450873,-11.26368790626526,-22.16812578201294,3.5173126263171435,977.129580078125,0.010055230893153765,25.11305237417636
2025-03-01T17:37:15Z,40.08827774493934,-75.74402054291758,135.47043868199526,-26.677672055262022,34.0045521714832,-1.1000290967307476,1.4449434210868517,0.09256196902249898,0.94822371863066,0.0009999999962126468,0.0010000000044647363,0.0009999999967968088,0.0009999999906232873,0.0009999999879324426,0.0009999999902942265,0.00003399731331757691,0.000034000535012592076,0.9557661278465158,15.57288009772055,21.1654498533428,0.019075268552545425,0.0002484603472468472,0.00047873499691699283,0.006216243858852592,0.004033999999999887,0.004033999999999879,0.00403399999999995,0.0010303399999995956,0.0010303399999995813,0.0010303399999995937,-0.7412595673028595,9.652803102171246,0.7748328574432509,-0.003616537958193316,0.0219481534396494,0.001219475023675968,-12.702000494003295,-21.99262586593628,3.1185001369565724,977.322587890625,-0.07224010463761178,25.587865275710612
2025-03-01T17:37:16Z,40.08794087112267,-75.74359636752534,134.43884830436508,-26.980468728972635,34.430070052988036,-1.2430076571851854,1.4476708367259312,0.09442696893663587,0.9704291163647663,0.0009999999961824966,0.0010000000044521403,0.0009999999967271324,0.0009999999904398184,0.0009999999878071402,0.000999999990170304,0.000034996902917772635,0.00003500056298042266,0.9526466673056042,16.34165789118136,22.737562088424575,0.019199744036117353,0.0002522267646960958,0.0004876132840235146,0.006226964556285329,0.004034999999999887,0.004034999999999876,0.004034999999999948,0.0010303499999995951,0.001030349999999581,0.0010303499999995945,-0.8163249000878843,9.617793980015525,0.5500945161645744,-0.00007118495051188086,0.021995052800642106,0.0012882392028546776,-12.000750522613526,-21.119438343048095,3.1436251255124805,977.6145532226562,-0.11643705076710216,24.49343945900269
2025-03-01T17:37:17Z,40.08715676039864,-75.74314172057538,133.50503196137967,-26.753783756808623,34.636036245980215,-1.213175344521553,1.4407143347825113,0.09748053714516346,0.9949920280885083,0.000999999996409653,0.0010000000046644433,0.0009999999969875835,0.0009999999905943816,0.0009999999876755604,0.0009999999901986923,0.000035996457585746453,0.00003600059369235846,0.9491282090750257,17.112831394693348,24.34182850018478,0.01851824977665576,0.00025593436029043977,0.0004966901341307645,0.00623784291756589,0.004035999999999886,0.004035999999999877,0.004035999999999951,0.001030359999999595,0.0010303599999995808,0.001030359999999595,-0.8287172338179322,9.723311614032108,0.968771141034409,-0.01090619088808836,0.02436106971729731,0.0007613272848465121,-12.00300054550171,-19.925438175201418,2.963625108487904,977.6422412109375,0.022034427532365057,23.44943063569901
2025-03-01T17:37:18Z,40.08589298701744,-75.7426555962867,132.69073250157808,-26.71991116750443,35.097486250073025,-1.3101849862014256,1.4464367340208828,0.09942153129449116,1.0197786477303519,0.0009999999967486304,0.0010000000048049627,0.0009999999969905527,0.0009999999902940658,0.0009999999879348653,0.0009999999903510521,0.00003699597631163199,0.000037000627423208763,0.9459115552209845,17.955976034641434,26.087612910925667,0.019030392276071728,0.00025954325492477605,0.0005059112065185018,0.006248709106421597,0.0040369999999998836,0.004036999999999877,0.004036999999999948,0.0010303699999995954,0.001030369999999581,0.0010303699999995954,-0.803393197885539,9.64510614776145,0.4700271343774174,0.0007900339528681829,0.024368413440545033,0.0020993875519474577,-12.124875469207764,-20.531250877380373,1.9552500679716467,977.65578125,-0.09464005622464534,23.92416011258935
2025-03-01T17:37:19Z,40.084665081792174,-75.74216822025163,131.73909254341672,-26.80929734124998,35.684651432462864,-1.435344657202006,1.4444882700960482,0.10361660617411864,1.0461674310196996,0.000999999996902222,0.0010000000051731011,0.0009999999966617049,0.000999999990549832,0.0009999999881465929,0.000999999990473942,0.00003799546339196918,0.00003800066454937963,0.9457156713584849,18.859508276330516,27.924682229824096,0.020013463373777022,0.00026314290982262583,0.0005152175290264687,0.006259850276785024,0.004037999999999883,0.004037999999999875,0.004037999999999946,0.0010303799999995958,0.0010303799999995815,0.0010303799999995958,-0.7299086977811842,9.646233290745668,0.30382990855316144,-0.007047561285469376,0.02630565558346439,-0.00021605680288624518,-11.74237551689148,-21.949313373565673,1.5013125586137175,977.780361328125,-0.10604795445804743,24.938066147640175
2025-03-01T17:37:20Z,40.082718893414096,-75.74164217738073,131.0130340462204,-26.32497662182374,35.83987370639317,-1.3010375171622468,1.4451102254335435,0.10300294523740404,1.0730289021555415,0.0009999999970090492,0.001000000005153941,0.0009999999966521062,0.0009999999905036733,0.0009999999882264548,0.0009999999904163647,0.000038994921932715784,0.00003900070538496229,0.9472542845633463,19.755563225270325,29.817422670104804,0.019990982088840877,0.00026637624885302496,0.0005244938461547336,0.006270699443576357,0.004038999999999884,0.004038999999999878,0.004038999999999948,0.0010303899999995962,0.0010303899999995819,0.0010303899999995962,-0.9062446909217852,9.809692509010228,0.754414113033176,-0.005968366653831945,0.026152939139068278,0.004650499103958892,-15.076688108444214,-22.681875782012938,2.2903125820681454,977.7490234375,0.09566572297623085,27.331607436605864
2025-03-01T17:37:21Z,40.07968779681795,-75.74106785570277,130.70723356725898,-25.47791123541004,35.99797572165531,-1.2503420122035807,1.4546792397081025,0.10756734182737251,1.0960078817074677,0.0009999999971670227,0.001000000005146466,0.0009999999968278315,0.0009999999904984128,0.000999999988383044,0.0009999999903600968,0.00003999435325675296,0.000040000750222615276,0.9492825463462846,20.714999295934824,31.776327764193304,0.020409676478796924,0.0002697592273353084,0.0005337464022523984,0.006281899465551754,0.004039999999999884,0.004039999999999877,0.004039999999999949,0.0010303999999995966,0.001030399999999582,0.0010303999999995966,-0.7765491237439169,9.72335268026368,0.5583320967998917,0.0012406721445196308,0.023006485301927126,-0.0012453474396212066,-14.182500610351562,-22.165313396453858,0.16518751360476017,977.6130297851563,-0.014376107359191552,26.314806706205093
2025-03-01T17:37:22Z,40.075887233324806,-75.7404724107586,130.65786407734237,-24.293164885519186,35.84792686241342,-1.226426756623022,1.462868086102567,0.10498855449549153,1.119353587459601,0.0009999999971964948,0.0010000000051123238,0.0009999999967009597,0.0009999999903955205,0.0009999999882663762,0.000999999990408055,0.00004099375921605374,0.00004100079936878578,0.9519144745860415,21.687444231575014,33.775906288979755,0.02050285623228082,0.00027280238742090216,0.0005427652052058681,0.006292541517490314,0.004040999999999884,0.004040999999999877,0.004040999999999948,0.001030409999999596,0.0010304099999995813,0.0010304099999995959,-0.8388069747831903,9.655794150665223,0.5893093466256492,-0.0016617699130882981,0.022721915879262238,0.0051900970311997705,-14.148750553131103,-22.461188383102417,-0.4736250231787562,977.5056274414062,-0.07456871832642555,26.550211791428193
2025-03-01T17:37:23Z,40.072096548670515,-75.73989824295938,130.60208893562051,-23.1337385089869,35.53326452821969,-1.2143388997868,1.4731121251672494,0.11314040668281519,1.1471398264828265,0.0009999999968662793,0.001000000005168524,0.0009999999969663048,0.0009999999905938315,0.0009999999885095866,0.0009999999905683792,0.000041993140212503035,0.000042000853089148786,0.9542729622621794,22.69262047823187,35.82608578564377,0.02039102317081474,0.0002769727230679769,0.000551132081111521,0.006304542409556587,0.004041999999999883,0.004041999999999876,0.004041999999999947,0.0010304199999995947,0.0010304199999995804,0.0010304199999995947,-0.8940327918535674,9.639211699433766,0.5651967575094506,-0.00006117135278580193,0.028434168700136903,-0.00585186884365586,-13.718438091278076,-22.85100086212158,-1.1263125336915256,977.5267822265625,-0.0875117065710986,26.676387517371893
2025-03-01T17:37:24Z,40.06938114421601,-75.73938435658157,130.2724813533799,-22.24531343205488,35.35942067942238,-1.0894265126535883,1.473980212839182,0.10631645845425909,1.1673707854311703,0.000999999996891589,0.0010000000053445562,0.000999999997268694,0.0009999999906824871,0.0009999999886393482,0.0009999999906221506,0.000042992493346482174,0.00004300091164471604,0.9553306401851464,23.780448276827514,37.917907705337946,0.0199720377319592,0.00028021024328967636,0.0005594226048651288,0.006314663317317093,0.004042999999999886,0.004042999999999878,0.0040429999999999485,0.0010304299999995942,0.00103042999999958,0.0010304299999995942,-0.7961349697510108,9.788436292643146,0.6956703142535476,-0.00646723995314502,0.019555599371285863,0.007928806883556568,-13.778063077926635,-22.03762592315674,-1.2729375471919775,977.7449560546875,0.06081505233620036,26.0213316760154
2025-03-01T17:37:25Z,40.06795330087622,-75.73892510354956,129.59692104300595,-21.983613829129652,35.2136291886953,-1.121673241763124,1.480039386157649,0.10715047762068078,1.1940093434443377,0.0009999999969478428,0.0010000000053096256,0.0009999999971632791,0.0009999999908584724,0.0009999999882985334,0.0009999999904721196,0.00004399181375421879,0.00004400097527995793,0.9545780148071883,24.871348874967282,40.0650717628035,0.019389903296666396,0.00028504287841776626,0.0005665536269884199,0.00632583702197087,0.004043999999999884,0.004043999999999877,0.004043999999999948,0.0010304399999995942,0.0010304399999995799,0.0010304399999995942,-0.965467037000379,9.662055364285528,0.6124798464547837,0.0005882488510924693,0.026611088570081688,0.0010362159544472242,-12.720375528335572,-21.26681332588196,-1.5945000606775284,978.0283959960938,-0.05506417827806743,24.831939266718436
2025-03-01T17:37:26Z,40.067290185178244,-75.73849288300524,128.64032426077708,-21.8692095611545,35.22089787570407,-1.197183281133711,1.4816906218443764,0.10832776877810468,1.2201522307187473,0.0009999999972257635,0.0010000000050450573,0.000999999996949009,0.000999999990677872,0.0009999999881937542,0.0009999999908110908,0.00004499109499188072,0.00004500104421280022,0.9517163679069522,26.022882237172936,42.22838705847162,0.018623107908666378,0.000290753449862931,0.0005729077037367501,0.006337007235401672,0.004044999999999882,0.004044999999999875,0.004044999999999946,0.0010304499999995935,0.001030449999999579,0.0010304499999995932,-0.9173333933586727,9.64023155249393,0.7000970410316175,-0.002364431844386742,0.02607082348839709,0.0008075588865245258,-13.563188009262085,-21.817125854492186,-2.2813125883787873,978.2583374023437,-0.07548105980518924,25.790479132306505
2025-03-01T17:37:27Z,40.06655286447867,-75.7380618394167,127.66676242087962,-21.615101523402128,35.19634085533451,-1.1804014448275373,1.4892303486035043,0.10785492061935348,1.24066199589067,0.0009999999972388732,0.0010000000048466134,0.0009999999969201956,0.000999999990791021,0.000999999988207874,0.0009999999909592243,0.00004599032536424559,0.000046001118658767615,0.9462229938391493,27.257269192999466,44.435118944712215,0.017749807069904016,0.0002967197710408086,0.000579142090690052,0.006347754053195513,0.004045999999999881,0.004045999999999875,0.004045999999999946,0.0010304599999995936,0.0010304599999995793,0.0010304599999995936,-0.8856265356649532,9.727179987266583,0.796448024731076,0.004090540134900154,0.0203904487050796,0.0017488921123555317,-13.834500560760498,-20.513438262939452,-2.010187578946352,978.364853515625,0.015302465400693101,24.824038445882813
2025-03-01T17:37:28Z,40.065088303375205,-75.73762119771283,126.84894439556244,-21.151704022367557,35.003651123903595,-1.2395828389696129,1.4945029336281261,0.10452502640496845,1.2600211342961596,0.0009999999974150142,0.0010000000049726024,0.0009999999966354455,0.0009999999904885398,0.0009999999884899207,0.0009999999908825077,0.000046989489424369664,0.00004700119885418809,0.9384000593738258,28.56242218307453,46.66266441854037,0.017025865466567296,0.00030345623905775126,0.0005848050396740253,0.006358069159554113,0.004046999999999883,0.004046999999999876,0.004046999999999949,0.0010304699999995944,0.00103046999999958,0.0010304699999995944,-0.8215812583252903,9.642192947883137,0.7579562708298465,0.0010504025946622814,0.019241154552794067,0.003821826737697053,-14.544375581741333,-21.336750793457032,-3.6054376474767924,978.3652221679688,-0.07773250878161543,26.072827324421755
2025-03-01T17:37:29Z,40.062116011112835,-75.73716977900713,126.34573805239836,-19.972007196608995,34.773305227456795,-1.2380467962119273,1.4954128619630953,0.11442420791388527,1.2666508124633962,0.000999999997510486,0.001000000004997519,0.000999999996932834,0.0009999999906237815,0.0009999999886044825,0.0009999999909911066,0.00004798856408602092,0.00004800128503644574,0.929240053188939,30.057967533523012,48.83470263149286,0.017102469911090885,0.0003103225046640445,0.0005915939035539189,0.006370266418670924,0.0040479999999998816,0.004047999999999878,0.004047999999999952,0.0010304799999995948,0.0010304799999995805,0.0010304799999995948,-0.35545678888872057,9.700579753552868,1.0269964938560618,-0.0036572619314496273,0.008101884416415604,-0.011669771376804902,-13.87312554359436,-20.258250732421875,-3.3926251421496274,978.2370263671875,-0.023200301969178036,24.78644226004432
2025-03-01T17:37:30Z,40.05934937705715,-75.73674652313414,125.7013200190999,-19.142805038089477,34.78798121523969,-1.3385944160644896,1.5059745713642294,0.1198400129004553,1.2644009843881985,0.0009999999971164037,0.0010000000050991275,0.0009999999970311695,0.0009999999904706657,0.0009999999888794019,0.0009999999909364708,0.000048987524968617565,0.00004900137744305194,0.9219435386024425,31.720666134536227,51.00611418636792,0.018674826764904277,0.0003164759651748353,0.0005987659888751786,0.006381437548251158,0.004048999999999883,0.004048999999999878,0.004048999999999949,0.001030489999999594,0.0010304899999995796,0.0010304899999995939,-0.20781963575134077,9.65220493379729,0.7334370304327086,0.00772985831804033,-0.0009874820131749499,-0.008044973829531107,-13.687125558853149,-19.99593828201294,-2.8970626065135003,978.357880859375,-0.102202379381627,24.40420955488854
2025-03-01T17:37:31Z,40.056934813997586,-75.73635440118574,124.86918762809759,-18.367816124448755,34.55850901088072,-1.3856268429841445,1.5102053455633675,0.11792510769296094,1.2654397650169245,0.000999999997080734,0.0010000000053558796,0.000999999996761397,0.0009999999903754014,0.0009999999888996856,0.0009999999911209354,0.000049986349936244,0.00005000147611123436,0.9186017997542015,33.46046518742728,53.08721112725639,0.02012124268228703,0.00032364876707686573,0.0006037153693723937,0.006391307815478957,0.004049999999999884,0.0040499999999998775,0.004049999999999949,0.0010304999999995942,0.0010304999999995797,0.0010304999999995942,-0.42382353298541847,9.683733930176185,0.8866195167236283,0.0018405213474594457,0.0018201590791412806,-0.0005825751885009061,-12.492750415802002,-21.618188352584838,-3.0391876305267216,978.5153955078125,-0.05096165643909182,25.152514475443148
2025-03-01T17:37:32Z,40.05447684687226,-75.7359979669399,123.93214406553489,-17.612823345611954,34.20737208720839,-1.5027795661106476,1.5078452026682303,0.11371367218631047,1.2606196903640332,0.000999999997210898,0.0010000000052135603,0.0009999999965780075,0.0009999999906045206,0.0009999999888836738,0.0009999999907511616,0.00005098501122584112,0.00005100158069704122,0.9195382368351046,35.30688078508722,54.97547537510797,0.022279676651875645,0.000330661981316869,0.0006072790647632644,0.0064003472198225055,0.004050999999999886,0.004050999999999879,0.004050999999999946,0.0010305099999995937,0.0010305099999995794,0.0010305099999995937,-0.3414188961382323,9.614358392392207,1.001193887177989,-0.00363689960321939,-0.003911788204372366,0.000893680619495435,-10.749937915802002,-23.143125972747804,-2.766750120818615,978.6371557617188,-0.1120085181244269,25.66744516514957
2025-03-01T17:37:33Z,40.051296164451394,-75.7357057727622,123.0292073867471,-16.816942645663342,33.35736255834794,-1.5328101127347746,1.5045146538876795,0.10817207716839047,1.2570270410881264,0.000999999997150677,0.0010000000052689845,0.0009999999968060976,0.0009999999906038961,0.0009999999885883508,0.0009999999910084915,0.000051983476948864294,0.00005200169045006485,0.9261197172584255,37.239592098246746,56.60769147829456,0.025126403764311918,0.0003389331519408062,0.0006072935336451154,0.006409061271446073,0.004051999999999885,0.004051999999999878,0.004051999999999947,0.0010305199999995928,0.0010305199999995785,0.001030519999999593,-0.3083796392772243,9.669455408872802,1.2653131267721556,-0.004657677651865623,-0.0021891828983029832,0.000897687273909703,-12.087187910079956,-23.5363134098053,-3.6418126265704633,978.685888671875,-0.027509748200380157,26.708018348037072
2025-03-01T17:37:34Z,40.049272819192474,-75.73541226670001,121.89353124899745,-16.245089873605473,32.65860362756474,-1.4905876959135285,1.4983859422882864,0.1036970654232221,1.2649848949092664,0.0009999999967934753,0.0010000000051443958,0.0009999999970051808,0.0009999999907492577,0.0009999999887524303,0.0009999999908246943,0.00005298171733562641,0.00005300180440857179,0.9382303648522796,39.16529407820018,57.977865618068726,0.02688741628142382,0.000350144487188159,0.0006012559767003168,0.006417567520219851,0.004052999999999886,0.004052999999999879,0.004052999999999948,0.001030529999999592,0.0010305299999995776,0.0010305299999995928,-0.5465236772667684,9.732643611266909,1.3055609228518756,-0.007638064145532132,0.008845104328282012,0.001911789172763998,-10.756125316619872,-24.77606357574463,-3.5934376382827757,978.951015625,0.0508277880042379,27.248074825865896
2025-03-01T17:37:35Z,40.045676087643976,-75.73524462249512,120.97245801015025,-16.16804898055085,31.418732193735554,-1.616276483995831,1.500619335479568,0.10391403568004084,1.261383724831395,0.0009999999967889655,0.001000000004958138,0.0009999999967061192,0.0009999999906192142,0.0009999999886174385,0.0009999999910369616,0.000053979726513554286,0.000054001921427551786,0.9568928020848968,41.11058166408777,58.94012458555334,0.029998533615740775,0.0003602590105980026,0.0005929950152559981,0.006426569211263582,0.004053999999999887,0.00405399999999988,0.004053999999999946,0.0010305399999995925,0.001030539999999578,0.0010305399999995934,-0.24769608381851624,9.573467916952524,1.0907547605351005,0.00214194749683366,-0.0010776089386389162,-0.006342563171856247,-13.470375595092774,-24.32531343460083,-2.110875084847212,978.928173828125,-0.14544814046370855,27.88592567513554
2025-03-01T17:37:36Z,40.04197183721362,-75.73514453774773,120.04708173056359,-15.924083084980728,29.85178456051981,-1.5057249831725485,1.488118769134662,0.09829753568212274,1.2554997645048123,0.000999999996496178,0.0010000000048612525,0.0009999999968915607,0.0009999999905499276,0.0009999999885696696,0.0009999999909695518,0.000054977513963966024,0.000055002039922097705,0.9836771747417876,42.955698668110955,59.45747138945585,0.03403517554098107,0.0003695182508159537,0.0005805053761396642,0.0064338552660638355,0.004054999999999889,0.0040549999999998825,0.004054999999999948,0.001030549999999593,0.0010305499999995788,0.001030549999999593,-0.2596242440085723,9.761995529169848,1.6015530766107795,-0.011710496057999132,-0.0034740028003647284,-0.001254527224034708,-12.267000532150268,-23.251688404083254,-3.4950001549720766,979.0445166015625,0.11205935489592146,26.52041940630635
2025-03-01T17:37:37Z,40.039189285535805,-75.73502990900795,119.03871289565136,-15.994569469635936,28.836458651336983,-1.4676223110902022,1.4820445596791993,0.09811645605210717,1.2452806672544225,0.0009999999964329586,0.0010000000047364088,0.00099999999711857,0.000999999990524235,0.0009999999883772476,0.000999999990572672,0.00005597511351190708,0.00005600215828933758,1.0179390742131007,44.62582330545316,59.54430174308394,0.037264741619111585,0.0003776708394703892,0.0005642287998514591,0.006441133417051347,0.00405599999999989,0.004055999999999885,0.004055999999999949,0.0010305599999995935,0.0010305599999995798,0.001030559999999593,-0.18217655341473513,9.728057359690574,1.3232678033839953,-0.0044513862243416346,-0.007862047865887586,-0.0057647456101951695,-13.896938066482544,-24.791813488006593,-2.7931876125186683,979.2517358398437,0.03561097625933808,28.557974321063522
2025-03-01T17:37:38Z,40.03665937267939,-75.73493590803128,117.9575027744769,-16.794082750524826,27.597600607506642,-1.5817000492529103,1.4778382273544521,0.09849730400424317,1.253402398352893,0.0009999999963235485,0.0010000000044689684,0.0009999999968342283,0.000999999990454877,0.000999999988508109,0.0009999999905863034,0.00005697260856126149,0.00005700227594219631,1.051856724561416,45.93315112966316,59.29457462051166,0.03508636715907342,0.000388350474308149,0.0005412395483230502,0.006448395316092877,0.004056999999999892,0.004056999999999886,0.00405699999999995,0.001030569999999593,0.0010305699999995804,0.001030569999999592,-0.6620074465081579,9.573703271267016,0.8262497803268791,-0.004066841604590452,0.010288480764640742,-0.004429855426247106,-11.941125440597535,-25.004626026153563,-3.0127501299977304,979.4039892578126,-0.15151009913457644,27.872847525914562
2025-03-01T17:37:39Z,40.03491556576826,-75.73479726528296,116.64110248196194,-17.459686462452627,27.094759777510262,-1.685839992853101,1.4871898073721892,0.09357718822701974,1.2511705720358701,0.0009999999964111707,0.0010000000045127836,0.0009999999969768855,0.0009999999904842679,0.00099999998864605,0.000999999990790965,0.00005797009993894807,0.00005800239313827544,1.0785515801032273,47.11176720805783,58.79074293897771,0.033959007882888394,0.00039568363919089284,0.0005187043851921049,0.006453848388960939,0.00405799999999989,0.004057999999999888,0.004057999999999949,0.0010305799999995933,0.0010305799999995799,0.0010305799999995925,-0.3646292797631762,9.644188887909554,0.669468902420314,0.010423171709213088,-0.0010916293474479337,0.0013111051906051217,-11.924437980651856,-24.559313430786133,-3.355312634706497,979.6217700195313,-0.10925028505927496,27.506497848283978
2025-03-01T17:37:40Z,40.03214706605622,-75.73480141234033,115.52896855827986,-18.182824900212296,25.977822223554103,-1.5777949377590583,1.479159340256497,0.0853167146680646,1.2446621539074694,0.0009999999964856112,0.0010000000045451301,0.0009999999968342789,0.0009999999907126394,0.000999999988538025,0.0009999999907022478,0.00005896767159478068,0.00005900250964865102,1.101289524021844,48.16655267009511,58.068240451591365,0.03483908311599824,0.0004018385333916286,0.0004960593268900375,0.00645902306626842,0.004058999999999888,0.004058999999999888,0.004058999999999947,0.0010305899999995937,0.0010305899999995794,0.0010305899999995928,-0.11205050240879873,9.813613193757593,1.0667872932256184,-0.00588942173564191,-0.0046526703874051655,0.002149458651525192,-12.303750457763671,-24.153563461303712,-3.1248750904202462,979.6656420898438,0.08866971886462811,27.286241471863544
2025-03-01T17:37:41Z,40.097082920601224,-75.7408488928658,113.01645398787612,-30.443480893543143,-10.325674143895869,-1.4011493960336636,1.5006305418663068,0.016457591684186302,1.3232235721407313,0.0009999999966679403,0.0010000000047124403,0.000999999996206276,0.0009999999907435424,0.0009999999885431494,0.0009999999910451105,3.0863983193659085e-10,3.086399091213483e-10,0.5801648511674999,0.01493001168617416,0.014930727990289185,0.015532088404915611,0.00016266307923004682,0.0001774941984614347,0.005974566273969124,0.004059999999999889,0.004059999999999889,0.0040599999999999465,0.0010305999999995928,0.0010305999999995783,0.0010305999999995928,-0.41950468068187413,9.779104287460868,0.9589206838478016,-0.0001855137345329424,0.001066759660194813,-0.0006131190704336551,-10.725562925338744,-23.090438346862793,-2.535750102251768,979.8108935546875,0.05561462508277314,25.585806004479046
2025-03-01T17:37:42Z,40.096898596506584,-75.74097007094765,112.58248255807455,-30.499821662007122,-10.311027114261691,-1.414177413772525,1.5026166920599984,0.006023331303871008,1.3039331613269314,0.0009999999965884625,0.0010000000050792816,0.0009999999963959051,0.0009999999907976986,0.0009999999884491356,0.0009999999910004905,1.0003086401141555e-6,1.000308640710205e-6,0.6261544722943543,0.03272947894455588,0.03189982968369898,0.015572110188086678,0.0001719967943692867,0.0001863535867173595,0.0059621176801993615,0.004060999999999887,0.004060999999999887,0.004060999999999944,0.0010306099999995927,0.0010306099999995784,0.0010306099999995927,-0.09200702333241288,9.66424876753018,0.6249624059039542,0.0043348854354325434,-0.00525569118445891,0.006106393723351481,-10.700062885284424,-21.71231342315674,-2.354625096321106,979.401416015625,-0.0944731380381686,24.319903068526813
2025-03-01T17:37:43Z,40.09671147099928,-75.74109232503963,111.9395006813568,-30.51369358684094,-10.453395508319797,-1.4944717955310942,1.502018373723728,0.006952915713785366,1.2902796349252368,0.0009999999964616004,0.0010000000053345156,0.0009999999965527525,0.0009999999905726214,0.0009999999882895796,0.0009999999911417192,2.000308641510261e-6,2.0003086444695537e-6,0.6701750047065805,0.08495787821018602,0.0799234281021104,0.015360742781389426,0.00018147276478789088,0.00019463204938853512,0.005952871290678946,0.004061999999999889,0.004061999999999889,0.004061999999999945,0.0010306199999995935,0.001030619999999579,0.0010306199999995935,-0.15425832994099875,9.60865416079154,0.7146108738127189,0.001340813397975466,-0.0008372696800926637,-0.004489940803273558,-10.59281286239624,-21.53700080871582,-2.2713750979304312,979.6690576171875,-0.14290430530563308,24.108230555738
2025-03-01T17:37:44Z,40.0965130584142,-75.74121844435591,111.58854910162249,-30.65339918470519,-10.772011244754106,-1.4954404895901827,1.4936097219756237,0.004181987247926135,1.2742683224126867,0.000999999996623984,0.001000000005044389,0.0009999999966602818,0.0009999999904423006,0.0009999999881206366,0.0009999999908954736,3.000308641718229e-6,3.000308655702736e-6,0.709051147566517,0.17634053243695547,0.1596515313975706,0.014873187734885595,0.00019101424750237418,0.00020251890965213045,0.005939011250114254,0.00406299999999989,0.004062999999999887,0.004062999999999943,0.001030629999999594,0.0010306299999995796,0.001030629999999594,-0.2776900624268384,9.651646525695552,0.7296882756331018,-0.005724021554073101,0.0018507026514572099,-0.0020791948728427884,-10.217625322341918,-21.86475078582764,-2.7421876084804535,979.5036279296875,-0.09612389633400831,24.28959275303718
2025-03-01T17:37:45Z,40.09628786107409,-75.74135099025405,111.5586061250551,-30.7597957211781,-11.197388840831309,-1.3788367871749245,1.49445323389086,6.281409609773393,1.248790351995668,0.0009999999964871752,0.001000000004784112,0.0009999999967229992,0.0009999999906255895,0.000999999987798896,0.00099999999039155,4.000308625436738e-6,4.0003086828885016e-6,0.7410352665877852,0.30976240424527274,0.2746613520566078,0.014436743917479362,0.0002002643895171732,0.0002105575500704576,0.005922120745171452,0.00406399999999989,0.00406399999999989,0.00406399999999994,0.0010306399999995936,0.001030639999999579,0.0010306399999995936,-0.23973308697973236,9.733865485639686,0.8890515725258852,0.004084698418644068,-0.0041119053377529045,-0.00034407155890063545,-11.661562948226928,-21.783563327789306,-2.6898751137405634,979.3649340820313,-0.0019300064683391417,24.854548505005553
2025-03-01T17:37:46Z,40.09604022840138,-75.74148935804801,111.27790819507045,-30.987464356728637,-11.592714762898268,-1.4399358953354775,1.4923680845430607,6.279650255215446,1.2323951526948858,0.0009999999967675384,0.0010000000046963304,0.0009999999971558433,0.0009999999903172606,0.000999999987711429,0.0009999999902760954,5.000308542415896e-6,5.0003087385674515e-6,0.7656515323535298,0.48164477908362063,0.41995926766046693,0.013927640207752997,0.0002096869347355106,0.000218464439545465,0.005907021927350579,0.004064999999999891,0.004064999999999887,0.004064999999999938,0.0010306499999995944,0.0010306499999995782,0.0010306499999995925,-0.21428026380349086,9.599283654526058,0.768013326183755,0.00043553150668650033,0.0003337210893483535,-0.0027816886733593544,-11.064000406265258,-21.943875770568848,-2.7965626055002213,979.6260815429688,-0.14686960414637462,24.73386413647635
2025-03-01T17:37:47Z,40.09573790024169,-75.74163538010805,111.16248695994977,-31.225056498203138,-12.039298927160052,-1.362264581625467,1.489631255812597,6.275484067029243,1.2105048713551378,0.0009999999969244526,0.0010000000046336982,0.0009999999970842226,0.0009999999901064917,0.0009999999882689136,0.00099999999062707,6.000308275696812e-6,6.000308839077694e-6,0.7832152252445076,0.6984420754424937,0.6033759021397445,0.013511779666909595,0.00021896407510508305,0.00022669997379732052,0.005891621043197863,0.0040659999999998935,0.004065999999999885,0.004065999999999936,0.0010306599999995948,0.0010306599999995777,0.001030659999999592,-0.1726556045896737,9.720096929951959,0.8542575685020702,8.928555097528984e-6,-0.003881579233839128,-0.000994992948199847,-11.424562969207763,-20.72962579727173,-2.2608750798925756,979.557265625,-0.02007482820836305,23.777030136052044
2025-03-01T17:37:48Z,40.09532937688789,-75.74179081359823,111.47120715975865,-31.276005440055602,-12.380278711365285,-1.3009150747593032,1.4827222810510563,6.278895586052722,1.1725513264288425,0.0009999999970394145,0.001000000004507648,0.000999999997284367,0.0009999999900388054,0.000999999988475466,0.0009999999910866447,7.000307602832522e-6,7.000309005739363e-6,0.7956994516600933,0.9455489512015129,0.8291044654008226,0.013425546390230702,0.00022781862006916465,0.00023556862214424359,0.005883445539249208,0.004066999999999894,0.004066999999999886,0.004066999999999936,0.001030669999999595,0.001030669999999577,0.001030669999999591,0.11505189827888802,9.648336496984298,1.1047233579408353,-0.0036063562485329687,-0.015345140991798146,-0.010509128295601557,-11.0902503490448,-21.502875747680665,-2.2648125834017994,979.3077270507813,-0.06707240514863305,24.300086878365846
2025-03-01T17:37:49Z,40.09487092142267,-75.74194894919951,111.58073286664245,-31.193755574019228,-12.34163784878911,-1.3009729619834975,1.4842872914589318,0.0015774383082990465,1.1241646751399763,0.000999999997160653,0.0010000000044900533,0.0009999999974323504,0.0009999999899444197,0.000999999988365659,0.0009999999909154145,8.000306152320957e-6,8.000309264890188e-6,0.8055637658764692,1.2085885530299305,1.097172573598416,0.013576780262293621,0.00023626444643047036,0.0002450048638545551,0.005877487667170446,0.004067999999999891,0.004067999999999883,0.004067999999999934,0.001030679999999595,0.001030679999999577,0.0010306799999995912,0.4583421858726183,9.611008404727242,1.0861390893151202,0.004355248134843151,-0.02946629829060653,-0.013196933059809747,-11.751750402450561,-23.02106346130371,-2.290687586814165,979.4571630859375,-0.09609285660574518,25.948364310733034
2025-03-01T17:37:50Z,40.09426894119596,-75.74211017640903,111.98433229259156,-30.49923149429419,-11.952147944388317,-1.1131227204960512,1.4870218535159507,0.011430468997575556,1.051012477766699,0.0009999999971012422,0.0010000000045151513,0.0009999999975838357,0.0009999999896243175,0.0009999999886623017,0.000999999990677082,9.000303359805177e-6,9.000309649747502e-6,0.8159901991672526,1.4860100988644196,1.4405644719077737,0.014898568751671677,0.00024414547039863685,0.00025496672473181766,0.005874613688341825,0.004068999999999893,0.004068999999999881,0.004068999999999931,0.001030689999999594,0.0010306899999995762,0.0010306899999995905,1.1033464917962237,9.752458914205095,1.4765483686441552,0.0062677885893461,-0.05177938660083017,-0.019831659124125565,-12.056063022613525,-25.26450092315674,-1.1071875369548798,979.296240234375,0.1459530098482304,28.01547209760966
2025-03-01T17:37:51Z,40.09356925093684,-75.74227111036436,112.49492115955927,-29.96849155207412,-11.512306855103075,-0.962088066660874,1.4895945043687548,0.002126844729621934,0.9767492824901638,0.0009999999972530858,0.0010000000045005245,0.0009999999977185663,0.0009999999894754225,0.0009999999884254909,0.0009999999905807647,0.000010000298430643329,0.000010000310199507356,0.8292583289908054,1.7940752910197366,1.8331902770703679,0.01673226615235592,0.0002520339303216119,0.00026438519815524553,0.005859558754376101,0.004069999999999894,0.00406999999999988,0.004069999999999929,0.0010306999999995946,0.0010306999999995766,0.0010306999999995909,1.1694093169449944,9.74061969820207,1.2100873066533926,0.006024944459840158,-0.055326241071795,-0.0010712681599446567,-12.153562994003297,-24.868500938415526,0.1278750045970082,979.2928076171875,0.10570259854571963,27.67968512604818
2025-03-01T17:37:52Z,40.09288570279489,-75.74242803050471,112.78618150578234,-29.284921447893115,-11.176903520334958,-0.8658216371276428,1.4934283204120877,0.0009145286837980793,0.9039098138132883,0.0009999999972484335,0.0010000000043457779,0.0009999999974585623,0.00099999998966108,0.0009999999886018342,0.0009999999907858602,0.000011000290326233321,0.000011000310956078937,0.8460872731859764,2.1452257633441256,2.2849241321147695,0.019185125732594153,0.00026006021764468347,0.0002728724130074318,0.0058474629917564,0.004070999999999895,0.004070999999999881,0.0040709999999999314,0.0010307099999995947,0.0010307099999995767,0.001030709999999591,1.2161229640751698,9.706681483905232,1.257507030178616,0.006337887867593805,-0.05739733973740751,-0.008555696653462591,-13.194563064575195,-24.009750900268553,1.267125061377883,979.4870434570313,0.08381949794086369,27.42567134683159
2025-03-01T17:37:53Z,40.092339655504304,-75.74257610134585,112.69366901305318,-28.112484290350356,-10.850934032276841,-0.7795287487727413,1.4927101740604833,6.279810849337899,0.830289554532383,0.0009999999970621985,0.0010000000041424171,0.0009999999972175467,0.0009999999894717666,0.000999999988593543,0.0009999999907128237,0.000012000277787111292,0.00001200031196804391,0.8686391992199818,2.5356132231553823,2.821782242690278,0.022981099239750225,0.0002681714808098556,0.00027997502715152025,0.005830545315799745,0.0040719999999998925,0.004071999999999879,0.00407199999999993,0.0010307199999995947,0.0010307199999995765,0.0010307199999995908,1.4380834144654568,9.720440124507373,1.5112240322357002,0.0006798783459014521,-0.06428559146907922,-0.004369937286578486,-11.998312921524048,-24.444938411712645,2.083500083088875,979.7977221679688,0.16250761657613333,27.310304308191743
2025-03-01T17:37:54Z,40.09188367099129,-75.74271753605089,112.43673717525759,-27.05338675916599,-10.543566885772107,-0.6994538658981247,1.4963732666530647,6.277095377732043,0.7633381901005435,0.000999999996977039,0.0010000000040186155,0.0009999999973177155,0.0009999999895822162,0.0009999999882457867,0.0009999999909477545,0.000013000259427176577,0.000013000313285883385,0.8982977573179033,2.954318951177936,3.400962250947582,0.02658925328058177,0.00027663186254014467,0.00028491867571098884,0.005810975870793585,0.0040729999999998935,0.004072999999999879,0.00407299999999993,0.0010307299999995946,0.0010307299999995764,0.001030729999999591,1.3447633369942082,9.74935344759209,1.3251820764308682,0.004355247599899711,-0.060589858685156706,-0.004695731782671494,-10.025062866210938,-23.68687593460083,2.9341876238957045,979.9839184570312,0.15118890004115906,25.887773188057686
2025-03-01T17:37:55Z,40.0914256965552,-75.74285735229174,112.15669397835524,-25.94491593729897,-10.231959318983233,-0.7401070878723004,1.4933796971148179,6.278046658710228,0.6967641562267832,0.0009999999969061465,0.001000000004016487,0.0009999999971332997,0.0009999999893401952,0.0009999999884523797,0.0009999999907062934,0.000014000233896729218,0.000014000314958265184,0.9348446608590261,3.3766262947582737,4.030910242912905,0.030646867305141157,0.0002854089850597874,0.00028728420764393027,0.005789658006446412,0.004073999999999896,0.0040739999999998755,0.004073999999999933,0.0010307399999995937,0.0010307399999995757,0.00103073999999959,1.4542284387718643,9.633249233804655,1.2614296946019863,-0.002484602169769684,-0.060411606548783345,-0.008425512120877214,-9.791812849044799,-21.252563343048095,4.373437665104866,980.0518115234376,0.0444066747669647,23.80494870869966
2025-03-01T17:37:56Z,40.09092258179265,-75.7430002803569,111.8907530016503,-25.11220847872557,-10.240949156832784,-0.7332549986572409,1.4893362513911463,6.277065429639741,0.635832483945015,0.0009999999966650444,0.0010000000037754826,0.0009999999969776835,0.0009999999895253396,0.0009999999887008344,0.0009999999908592186,0.000015000200085479332,0.000015000317034435797,0.9761910392598255,3.812670028188793,4.683348186063579,0.03325146547891734,0.00029456848406988985,0.000286799858453154,0.005764683419040831,0.004074999999999897,0.004074999999999878,0.0040749999999999354,0.001030749999999594,0.0010307499999995758,0.0010307499999995902,1.1522208701626602,9.670470061933953,1.2979038931739002,-0.003514727319806078,-0.054460849033917756,-0.0067217665777426425,-10.784437947273254,-27.983813667297362,-0.3298125031590462,980.0786938476563,0.04567052117091915,29.991726436857117
2025-03-01T17:37:57Z,40.09032928990813,-75.74315234457112,111.81827870992566,-24.366142136874018,-10.385980652715833,-0.5322885435088067,1.501312872983183,6.265768822402218,0.5703603365438821,0.0009999999962829898,0.0010000000040048644,0.0009999999966949558,0.0009999999897669365,0.0009999999886080861,0.000999999990685322,0.000016000157266288357,0.000016000319571431078,1.018737799441831,4.244932216109257,5.393416957786406,0.035572854089644335,0.0003040810950198767,0.0002836429357381052,0.005734729342310606,0.0040759999999999,0.004075999999999878,0.004075999999999936,0.001030759999999594,0.0010307599999995762,0.0010307599999995905,1.241541813523958,9.846014364645262,1.2718639668128218,0.012186167094445362,-0.05870919651006705,0.0026401532406980515,-9.098250336647034,-21.120750856399535,12.0909379529953,980.0553051757812,0.22586758147986788,25.98177079410271
2025-03-01T17:37:58Z,40.08953082577841,-75.74332561516155,112.14602930133277,-24.143297218391865,-11.00115986282539,-0.38228662940031016,1.4980682945941113,6.250616764639095,0.5178353827760201,0.0009999999963711556,0.0010000000038255167,0.0009999999963858966,0.0009999999898381558,0.0009999999883599166,0.0009999999904024824,0.000017000105125869916,0.00001700032263715137,1.0581439291131045,4.658509666981675,6.106884039452524,0.03584255251143985,0.00031387788393260154,0.00027836844771425817,0.005704237415228174,0.004076999999999902,0.00407699999999988,0.0040769999999999374,0.0010307699999995942,0.0010307699999995762,0.0010307699999995905,1.0124401543995591,9.75441823704637,1.2874951155044903,-0.0032194755782177713,-0.04334311020191651,0.005963858463958116,-9.896250410079956,-20.677500820159914,7.6449378490447994,979.9246118164062,0.11175740207540631,24.164797309208808
2025-03-01T17:37:59Z,40.08891905550689,-75.74349237966106,112.29753686021253,-24.725469891029785,-11.631817439308797,-0.36770492818458267,1.4964108003008394,6.246112982531726,0.5004218403576388,0.0009999999960868665,0.0010000000040279395,0.0009999999960315508,0.0009999999894079257,0.0009999999881828445,0.0009999999905738208,0.0000180000432719309,0.00001800032629895067,1.0840767113394554,5.0452983935532885,6.715840132932854,0.031224134646388537,0.0003234798066009036,0.00027239108438827553,0.0056777712915059295,0.0040779999999999,0.0040779999999998795,0.004077999999999937,0.0010307799999995939,0.001030779999999576,0.0010307799999995904,0.14839189918391696,9.705205884611754,0.9519814950226626,-0.001292914048683336,-0.011252012991248622,-0.0003941423799442486,-8.981437873840331,-21.66168830871582,7.657312827110291,980.0362915039062,-0.026239365106563273,24.66833794815973
2025-03-01T17:38:00Z,40.08783986851736,-75.74370115450225,112.8503467879309,-26.51503322951858,-12.739614990275777,-0.5128188388482273,1.4868815841750012,6.231024839444071,0.4915157412946812,0.0009999999964192016,0.0010000000039248609,0.0009999999958854543,0.000999999989609947,0.0009999999884125264,0.0009999999909194894,0.000018999970302280596,0.000019000330627243825,1.0869603547597773,5.414822612557854,7.280304374601345,0.024894500662160434,0.00033305462753290606,0.0002674240056508804,0.005653220885308122,0.004078999999999898,0.004078999999999882,0.0040789999999999394,0.0010307899999995934,0.0010307899999995754,0.0010307899999995897,-0.47556341011241593,9.527572786045736,0.8591609030014778,-0.00790277215649429,0.001362010546669899,0.007816814643521434,-9.137625350952149,-22.21200090408325,7.263375346660614,979.7654907226563,-0.20100146440335198,25.092294639439697
2025-03-01T17:38:01Z,40.08646135055147,-75.74393642216796,113.54306114321835,-28.28505933120134,-14.01253338226048,-0.4692014012795376,1.4851342155749832,6.220413079458006,0.4751665184423166,0.0009999999961666595,0.0010000000040551406,0.0009999999958656069,0.000999999989864708,0.000999999988611271,0.0009999999911625508,0.0000199998834871374,0.00002000033572975145,1.070010300376383,5.807493567016774,7.97185151600791,0.021017148468821342,0.00034245121134595876,0.0002643775034380883,0.0056353308366467614,0.004079999999999897,0.0040799999999998815,0.004079999999999939,0.0010307999999995925,0.0010307999999995762,0.0010307999999995903,-0.16478870599855527,9.675494979854474,1.1665379314190565,0.00006901338412230421,-0.004451386021387806,0.0019219698038263665,-8.984062871932984,-22.02412588119507,6.853687798976898,979.591337890625,-0.031968825131850495,24.75370729948421
2025-03-01T17:38:02Z,40.085843279575606,-75.7441288409859,113.44367020157702,-29.20894808044875,-14.701378401555885,-0.47540710852236684,1.4824101934762084,6.216091206945829,0.46467468653152005,0.000999999996158459,0.0010000000036942335,0.0009999999960631004,0.0009999999900438467,0.000999999988430838,0.0009999999910157774,0.00002099977895443692,0.000021000341739706187,1.0418403856550622,6.2151870317876226,8.744660430917632,0.018233885559618915,0.000351779276982781,0.0002636236203145609,0.005622603198011251,0.0040809999999999,0.004080999999999883,0.0040809999999999414,0.001030809999999592,0.0010308099999995766,0.0010308099999995909,-0.05572111283250217,9.72892303722789,1.081967992326501,-0.0024145033071223164,-0.0071261726307279335,0.001298253505610379,-9.329062891006469,-21.563063278198243,8.05387532711029,979.9657861328125,0.010200079027253985,24.836656253029066
2025-03-01T17:38:03Z,40.08585068321402,-75.7442931973669,112.68431348865903,-29.792423344310812,-14.916154152397658,-0.7250314094229208,1.4852689425210361,6.223000551676097,0.46571771143015106,0.0009999999962366118,0.001000000003496546,0.0009999999963343999,0.0009999999901284054,0.000999999987974696,0.0009999999913403548,0.00002199965134543011,0.00002200034877270624,1.0068641804935097,6.628486773148709,9.558674983499431,0.015900710808934224,0.0003604620501523108,0.0002654576350203955,0.005616119555328645,0.004081999999999902,0.004081999999999886,0.004081999999999943,0.0010308199999995915,0.0010308199999995767,0.0010308199999995913,-0.1982084628845334,9.577867801026782,0.7402964504445535,0.0025430153155298948,0.000109737815495852,-0.005948004707926051,-9.47437539100647,-22.419000873565675,7.386187820434571,980.3062426757813,-0.1703632928323017,25.434790594317956
2025-03-01T17:38:04Z,40.086123252037275,-75.74445396401173,111.57666679133226,-30.209678957900817,-15.35216366989369,-0.8585700864081346,1.482583963203807,6.22377403709891,0.4719661402794147,0.0009999999965185824,0.0010000000037191886,0.0009999999960601275,0.0009999999896599804,0.0009999999878166751,0.000999999991334943,0.00002299949343013497,0.000023000356948749536,0.968545086359405,7.124239630972316,10.47412428665743,0.01483092323679156,0.0003691678638761503,0.00026978157443557254,0.0056120369421183034,0.004082999999999902,0.004082999999999886,0.0040829999999999434,0.0010308299999995918,0.0010308299999995775,0.0010308299999995918,-0.34376204216910045,9.69397208516756,0.9676616730653375,-0.0031655657270503674,0.003558953956452932,0.0012181398703547538,-8.44425033569336,-20.987625789642333,8.077312831878663,980.5190258789063,-0.030588127624156757,24.02137255030325
2025-03-01T17:38:05Z,40.08600878541854,-75.74463490935263,110.63001733365599,-30.76585293939546,-15.869623131734231,-0.9282304889641255,1.47848360982162,6.228759762829171,0.47159744969831385,0.0009999999962949835,0.0010000000035700987,0.0009999999962374368,0.000999999989744619,0.0009999999877402116,0.0009999999911696872,0.00002399929630985519,0.000024000366409838804,0.931646613293811,7.69257070147075,11.494145164347593,0.014748940442048802,0.0003776197729916974,0.00027601699906197645,0.005612691450583667,0.0040839999999999,0.004083999999999886,0.004083999999999944,0.0010308399999995918,0.0010308399999995775,0.0010308399999995918,-0.234021037587519,9.715295639670149,1.072061308517025,-0.004237584123990954,-0.0003789542849035295,-0.0047771803201449095,-8.379937834739685,-20.211938343048097,7.9087503623962405,980.4975048828124,-0.0016825976828948536,23.265678057151508
2025-03-01T17:38:06Z,40.08487303142485,-75.74483714569385,110.13597114909417,-32.10027432435507,-16.25189069819791,-0.9568147540788016,1.480127064567056,6.225260548520567,0.4701081284593045,0.0009999999962174478,0.0010000000036007016,0.000999999996535009,0.000999999989758274,0.000999999987896368,0.0009999999913912773,0.000024999049394620514,0.00002500037728407788,0.8987766080573267,8.328876603098353,12.576088468202641,0.015135650378100156,0.0003860999910394964,0.0002840246304140371,0.005614688904153791,0.004084999999999902,0.004084999999999885,0.004084999999999942,0.0010308499999995913,0.0010308499999995768,0.0010308499999995913,-0.4152773641857211,9.745285645163463,0.8311439581805592,0.003072431942594667,0.0011482078325908412,0.002135772572425026,-7.311000294685364,-21.612188301086427,7.727625298500061,980.2776147460937,0.01075380194167461,24.08840283273339
2025-03-01T17:38:07Z,40.08295242423745,-75.74503907850064,109.8840049892334,-33.375045850312425,-16.572338769532962,-0.9706693494687828,1.4768976796895246,6.224899664685683,0.4627232328616112,0.0009999999964068974,0.0010000000037531957,0.0009999999964130399,0.000999999990041632,0.000999999987738438,0.0009999999911453057,0.000025998740750906863,0.00002600038968981539,0.8721512862808127,9.059447511478385,13.748854511551082,0.016111669440249582,0.0003945149196271307,0.0002930304685908101,0.005619781596029314,0.0040859999999999005,0.004085999999999885,0.004085999999999941,0.0010308599999995906,0.0010308599999995763,0.0010308599999995906,-0.19615232776569919,9.710917877193666,1.0011611976387949,-0.0011427020668309477,-0.0033808704919263246,-0.0015057161725224488,-7.100812749862671,-21.53737579345703,8.36381280899048,980.1457397460938,-0.014341545515826637,24.17087098032419
2025-03-01T17:38:08Z,40.082473182465975,-75.74523448411863,108.99184840429895,-34.16908014683263,-16.84093980820529,-0.9979454031090722,1.4747309657338403,6.227792098294207,0.4642160398032049,0.0009999999964961429,0.001000000003617798,0.0009999999963832627,0.000999999989829564,0.000999999987877525,0.000999999991356095,0.000026998358274122583,0.00002700040373846318,0.8535467196420385,9.874708369788985,14.98433993150136,0.01730428105029984,0.00040246877249286374,0.0003029717451278004,0.0056269794362461935,0.004086999999999901,0.004086999999999887,0.004086999999999943,0.0010308699999995907,0.0010308699999995764,0.0010308699999995907,-0.22927527864166405,9.763351495103262,0.87565044610204,-0.0017024943205130128,0.0021255917903900377,-0.0027613260801810317,-6.820125284194947,-19.99331322669983,8.181937820911408,980.60607421875,0.026539885118354027,22.653663831162177
2025-03-01T17:38:09Z,40.08115616297731,-75.74542242232799,108.27435121406495,-35.19733534829347,-17.20560747004903,-1.1403827936924145,1.4688801203697341,6.226818167432247,0.46481702529154284,0.0009999999967410028,0.0010000000034583215,0.0009999999963610517,0.0009999999896589454,0.0009999999876485102,0.0009999999914756174,0.00002799788999386365,0.00002800041950550287,0.8437796362910565,10.803116929975635,16.24794378153929,0.019577800789157995,0.00041049246020681313,0.0003130265758272488,0.005634772083091873,0.004087999999999901,0.004087999999999886,0.004087999999999943,0.0010308799999995902,0.001030879999999576,0.0010308799999995902,-0.4500661217383812,9.614538237521197,1.0800458860472593,-0.004467408367033466,0.0016462453340226164,0.0013282957115945057,-7.107375292778015,-20.78831314086914,8.399062809944153,980.53263671875,-0.09317986735169928,23.520429642018122
2025-03-01T17:38:10Z,40.079193942237396,-75.74559214162028,107.57398665621061,-36.17471546617914,-17.13700349645807,-1.273801089200887,1.4705689581985861,6.2219191715015985,0.4619280593728124,0.000999999997067326,0.0010000000034099876,0.000999999996619673,0.0009999999894900432,0.000999999987844117,0.0009999999914999179,0.000028997326194791637,0.000029000437035346745,0.8437805698581315,11.79650697515752,17.54843411527916,0.02157278343436814,0.000418832533310998,0.00032238119037728127,0.005642743597485774,0.004088999999999899,0.004088999999999885,0.004088999999999942,0.0010308899999995902,0.0010308899999995759,0.0010308899999995902,-0.28714171224630813,9.618545841213583,0.8878937308178972,0.0034593131758151032,-0.002333720744653626,0.005688969380811001,-6.821625289916992,-20.595938282012938,8.071687865257264,980.5200439453125,-0.11496507621419062,23.149018030884196
2025-03-01T17:38:11Z,40.077896349986304,-75.74576654956968,106.56175735051146,-36.849249045042974,-17.088745167263937,-1.3258335048826986,1.4692482930949626,6.22482852277504,0.45885638956188546,0.0009999999972057046,0.0010000000035286724,0.0009999999966138664,0.0009999999898311412,0.000999999987895943,0.0009999999914434834,0.00002999666234592422,0.000030000456372830776,0.8527647518516323,12.869494462187,18.893311228700487,0.023098088244231495,0.0004268308762499661,0.00033053192032229554,0.005652869699782935,0.0040899999999999,0.004089999999999886,0.0040899999999999435,0.0010308999999995897,0.0010308999999995754,0.00103089999999959,-0.09603494042920357,9.710111140247749,0.8875348051820225,-0.00041166692419673497,-0.002559708259111332,-0.0021966942894373134,-7.411312808990479,-20.241563320159912,8.167312836647033,980.7726806640625,-0.02762328684903788,23.051054154842266
2025-03-01T17:38:12Z,40.076975968104286,-75.74594567272692,105.3337362976819,-37.55643597006102,-16.950803896460684,-1.4793533680167625,1.471293908400556,6.22654924403661,0.45695403762871184,0.0009999999973748402,0.0010000000033245934,0.0009999999969235562,0.0009999999901713467,0.0009999999879785186,0.00099999999111226,0.000030995900008587436,0.000031000477567399724,0.86880152872828,13.969457481620584,20.24031971908171,0.02444886000000444,0.00043497968686638793,0.00033704304009218877,0.005663017332002548,0.004090999999999899,0.0040909999999998855,0.004090999999999943,0.00103090999999959,0.0010309099999995758,0.00103090999999959,-0.13134999612286716,9.63976087513555,0.6868384423521849,0.0025735591105980737,-0.0018246673964926632,-0.0010814489566061463,-7.255125284194946,-19.78462574005127,9.110250339508056,980.98611328125,-0.11361631528383903,22.957843644220105
2025-03-01T17:38:13Z,40.07398543819605,-75.74604485052099,104.5001906533814,-37.935187796660976,-16.449318977517688,-1.5566444289088783,1.4721385483872398,6.235896839667178,0.4573216800632681,0.0009999999977502517,0.0010000000034783635,0.0009999999968705708,0.0009999999900007232,0.0009999999880073301,0.0009999999911925316,0.00003199504762191111,0.000032000500672524536,0.8908070974816251,15.136861650669017,21.607548471210887,0.0262138361891386,0.00044309663681083185,0.00034152531884109515,0.005673920999269904,0.0040919999999998995,0.004091999999999885,0.004091999999999942,0.0010309199999995896,0.0010309199999995753,0.0010309199999995896,-0.24746072542653227,9.633899791078422,0.9188807832505275,0.0029808016482675594,0.00031335986893746086,-0.00543895080130564,-7.975125370025634,-19.46362575531006,7.707750339508056,980.7946655273438,-0.09798004858268475,22.40184119901652
2025-03-01T17:38:14Z,40.071492283692706,-75.74614650169748,103.43631689943693,-38.17344828591943,-16.192315067961218,-1.6775143892541722,1.4646171784312798,6.24285970540581,0.4566507568862798,0.0009999999979177871,0.001000000003839485,0.0009999999968672468,0.000999999990141976,0.0009999999882091166,0.0009999999913697518,0.00003299412250207369,0.000033000525728152326,0.9182389330766341,16.322371086388046,22.9827394312524,0.02791071399355772,0.00045159959796763733,0.0003436048057098669,0.005684076586160735,0.004092999999999901,0.0040929999999998875,0.004092999999999945,0.0010309299999995884,0.001030929999999575,0.0010309299999995887,-0.3371719675095331,9.582450833301506,1.0962072511454124,-0.006019606394068274,-0.0012678795318619336,-0.0034484663495324645,-7.833562808036804,-21.212625789642335,8.0040003490448,981.0047875976562,-0.1279551453547629,23.987533869315833
2025-03-01T17:38:15Z,40.068775446481546,-75.74622316555518,102.41740796484433,-38.185182864989414,-15.790408581114605,-1.5849746385699894,1.4652881843239802,6.249043620831625,0.45818938168877915,0.0009999999976291639,0.0010000000041081297,0.0009999999969224002,0.0009999999900134975,0.0009999999879944915,0.0009999999911390505,0.000033993149464396275,0.000034000552785314864,0.9488798567713597,17.505505552025276,24.404759423316264,0.029105043646635534,0.00046031873897260157,0.0003433052624804588,0.005693365772402396,0.004093999999999903,0.004093999999999885,0.004093999999999946,0.0010309399999995877,0.0010309399999995751,0.0010309399999995877,-0.3376701498917281,9.777389358516668,1.139379391520623,0.002237583392340051,0.00027263445189256515,-0.0016923136292646419,-7.0788753223419185,-20.368125762939453,8.431125340461731,981.1039819335938,0.07050418427122004,23.152808528873262
2025-03-01T17:38:16Z,40.065153345476325,-75.74623504660939,101.71573260154699,-37.70683945717162,-14.82097302037021,-1.5281413916415558,1.4666809808427215,6.251926507363177,0.45386787671004836,0.0009999999974516006,0.0010000000041540896,0.0009999999970338226,0.000999999989914189,0.0009999999880089799,0.0009999999912266868,0.00003499215572299592,0.000035000581959891054,0.978758398650459,18.59910331929737,25.831224901548506,0.02911013640270097,0.0004694702886479498,0.00034078222963464786,0.005701002401561693,0.004094999999999902,0.004094999999999887,0.004094999999999944,0.0010309499999995877,0.0010309499999995742,0.0010309499999995877,-0.197682174611359,9.718645562715018,0.9662887477993474,0.0031133229048846017,-0.007106144159317136,0.0030106775087254973,-7.231875290870667,-20.574938278198243,8.197687849998474,981.0737573242187,-0.010371074101843797,23.29866567121097
2025-03-01T17:38:17Z,40.06041637747509,-75.74615918885122,101.29406196881969,-36.730116653767546,-13.350823006400658,-1.656382380663243,1.4576211600572517,6.265149332155086,0.45735502360510905,0.0009999999974585963,0.0010000000044111913,0.0009999999971148535,0.00099999999001417,0.0009999999879876248,0.0009999999913522981,0.00003599116538259612,0.000036000613444553266,1.00465143612148,19.586156209230264,27.249205019068203,0.028913855976906717,0.00047851614592940296,0.00033667813702717897,0.005709544710169824,0.004095999999999901,0.004095999999999887,0.004095999999999944,0.0010309599999995867,0.001030959999999575,0.0010309599999995867,-0.2886970507334269,9.497149975136734,0.8906055984203873,-0.006762490771646477,0.00016064222176429173,-0.003871064452683913,-7.802062802314758,-20.68312572479248,7.837125315666198,980.9803930664062,-0.2358971417730247,23.45382744600956
2025-03-01T17:38:18Z,40.05637595981479,-75.746092783008,100.73466598256329,-35.746034515317056,-12.019601594515231,-1.508060863365157,1.452110741835286,6.270712194509703,0.4629720741474881,0.000999999997266259,0.001000000004541339,0.0009999999971692837,0.0009999999897882992,0.0009999999879290932,0.0009999999914533568,0.00003699019666474632,0.00003700064753848265,1.02495391456401,20.529656570291994,28.778474121462935,0.028131558775217225,0.0004879774471548407,0.0003314576477609733,0.005716202990396507,0.004096999999999902,0.004096999999999888,0.004096999999999945,0.001030969999999587,0.0010309699999995758,0.0010309699999995867,-0.27872694850707225,9.787120118772545,0.939339422849719,-0.0038303401182897302,0.00173871080366105,0.0029604403436668844,-7.589250302314758,-19.611000719070436,8.61937539100647,981.1320458984375,0.05683001764771107,22.726182928759986
2025-03-01T17:38:19Z,40.050989504321,-75.74592427691518,100.65667480239877,-33.88808006818423,-10.092939111417419,-1.4986439428935159,1.453480346128909,0.005936740327444956,0.4657765410444733,0.0009999999970359706,0.001000000004495944,0.0009999999973042972,0.0009999999893826991,0.000999999987732084,0.0009999999910500577,0.00003798925907687376,0.00003800068464115296,1.0377862959365531,21.354728064975443,30.347049246470597,0.026603814919683052,0.0004975442120224376,0.00032582559597543894,0.005724554696824788,0.004097999999999904,0.00409799999999989,0.004097999999999946,0.001030979999999587,0.0010309799999995762,0.001030979999999587,-0.2007026226562821,9.602260259154734,0.8665747287839133,0.0030732661639088156,-0.001538262190654156,-0.007103640451847313,-8.623687839508056,-21.342750873565674,8.643000378608704,980.9583203125,-0.13602968354951,24.588207786863972
2025-03-01T17:38:20Z,40.04582453212283,-75.74574867393726,100.60304954959301,-31.920440097383338,-8.353524729801917,-1.4013166229513547,1.4524161546310939,0.02294053931897542,0.4726346772559586,0.000999999996958838,0.001000000004333323,0.0009999999971737274,0.0009999999892770697,0.000999999987917122,0.00099999999105841,0.000038988353941859965,0.00003900072517279145,1.0429986095380204,22.14074514745021,32.03481445189134,0.02516682194061601,0.0005074517427654614,0.0003203318481221538,0.005732505207080117,0.004098999999999906,0.004098999999999888,0.004098999999999949,0.001030989999999587,0.0010309899999995764,0.001030989999999587,-0.36674293388688695,9.687499037420228,0.9220313317566748,-2.2541890170734054e-6,0.0023241225897855126,-0.005612028401630681,-10.830937957763672,-23.44481336593628,6.823312804698944,980.9836499023437,-0.04138439995070353,26.711858274332016
2025-03-01T17:38:21Z,40.041101511458315,-75.74558954639866,100.45456015618032,-30.011969697807256,-6.633167278949017,-1.4742219931186396,1.4490491901427,0.026698025031155006,0.47514006433052774,0.0009999999970230315,0.0010000000041882231,0.0009999999972305133,0.000999999989070762,0.0009999999877677258,0.0009999999911717474,0.00003998747480861465,0.00004000076958934536,1.0413994568255218,22.816800326682138,33.80984996158938,0.02365981153209966,0.0005172440793720253,0.000315543370599466,0.005737603776144166,0.004099999999999905,0.00409999999999989,0.004099999999999947,0.001030999999999586,0.0010309999999995752,0.001030999999999586,-0.3419183831458088,9.558248072197754,0.7146108771097391,-0.002915211099179601,-0.0031380265046184767,0.00599490255503546,-10.39406292244792,-19.162125744596125,5.196937699317932,981.0515405273437,-0.1887195588290719,22.4104772378486
2025-03-01T17:38:22Z,40.03545214135208,-75.7453854148436,100.69010261478499,-27.371400101702015,-5.100851642504559,-1.1595175319699926,1.4531740133314859,0.04096459385047167,0.4879459011770323,0.0009999999966454594,0.001000000004456057,0.0009999999975216407,0.0009999999889437183,0.000999999987890001,0.0009999999914578528,0.000040986610987713355,0.00004100081832129363,1.0342143401051576,23.55526501517295,35.786682221889436,0.022063111904708974,0.0005273579805173937,0.0003116329142351905,0.005744700401893234,0.004100999999999907,0.004100999999999892,0.004100999999999949,0.0010310099999995867,0.0010310099999995756,0.0010310099999995867,-0.4130440658773018,9.875375508304222,1.0831081810056298,0.003561124042826863,0.007104139310898543,-0.001641407851459519,-13.41487554371357,-24.591000900268554,7.548375294208527,980.8948071289062,0.16329208188669064,29.01122595252613
2025-03-01T17:38:23Z,40.029943982507994,-75.74520051390029,101.1832654735226,-24.45469703027124,-3.5897158774089934,-0.8393185956788604,1.4530620500270806,0.05535531961264131,0.49111288889890786,0.0009999999968384838,0.0010000000043386007,0.0009999999976725627,0.0009999999892052532,0.0009999999875295656,0.000999999991825569,0.00004198574630505795,0.00004200087174576771,1.0210461084365126,24.254944243965873,37.88534511545459,0.019781791689076556,0.000537337578380337,0.0003091837430760585,0.005752082936659345,0.004101999999999909,0.004101999999999895,0.004101999999999952,0.0010310199999995857,0.0010310199999995747,0.0010310199999995872,-0.1800628907547625,9.91405946317863,1.016149022006735,-0.0010000005710203283,-0.0020995566723840176,-0.003769253460859978,-9.304875392913818,-19.40625082015991,7.184625267982483,980.8561450195313,0.18759749230447093,22.689200308399723
2025-03-01T17:38:24Z,40.02523595411867,-75.74506834071312,101.60722342306188,-22.04399614805854,-2.313474652759586,-0.7699093264069181,1.4519394447707952,0.05754980796190111,0.49326672687263207,0.0009999999966727297,0.0010000000044780102,0.0009999999976018769,0.000999999989088104,0.0009999999878214292,0.0009999999916977418,0.00004298485478147694,0.00004300093022474642,1.002127510036354,24.914615671347768,40.069230894352685,0.018192516621484894,0.0005466227219565177,0.0003083537518744583,0.00575746525810132,0.004102999999999908,0.004102999999999893,0.0041029999999999504,0.001031029999999586,0.0010310299999995753,0.001031029999999587,-0.236516506350934,9.719194738414991,0.8285641550664843,-0.0023544174608631473,-0.003218140255724078,0.005994902356743943,-6.822375268936157,-19.686188230514528,8.117812809944153,980.921103515625,-0.022836212834450913,22.360398545918493
2025-03-01T17:38:25Z,40.01905185207404,-75.74492450756816,102.47740775523062,-19.031309471326846,-1.0169886565017983,-0.5697730150158729,1.4595758687702545,0.06664114033732832,0.502757383003284,0.000999999996681469,0.0010000000043744808,0.0009999999978574407,0.0009999999892025477,0.000999999987929675,0.000999999991752418,0.00004398390605086213,0.00004400099410571235,0.9804112266581103,25.610499359384345,42.41228171964225,0.01725439807197334,0.0005559123501909957,0.0003092129129418057,0.00576434266735586,0.004103999999999909,0.004103999999999894,0.0041039999999999514,0.0010310399999995852,0.0010310399999995746,0.001031039999999588,-0.28415067495818,9.832982642487181,0.7348727257101874,0.004823577375120064,0.0036222102722129534,0.0013518295886440317,-6.5696252870559695,-20.42343828201294,9.357562856674194,980.6468530273437,0.08422195158170671,23.405948199423573
2025-03-01T17:38:26Z,40.015827514036054,-75.74488138694535,102.73629757548112,-17.29194617691996,-0.3572752038052016,-0.392198100919005,1.464359479275599,0.07246745803636806,0.5043228479520699,0.0009999999967040241,0.0010000000041791644,0.0009999999981451153,0.000999999989218287,0.0009999999879232696,0.00099999999181901,0.00004498286548116226,0.00004500106367315827,0.9572786209973888,26.3719513145253,44.884651357174214,0.016199627956664277,0.0005648787477653841,0.0003118403397714745,0.005771909348427312,0.00410499999999991,0.004104999999999896,0.004104999999999953,0.001031049999999586,0.0010310499999995754,0.0010310499999995888,-0.19823135037168496,9.887712195095002,0.8598277531087327,0.0032034502737714778,-0.001005007034299936,-0.0014957015543656607,-6.962437782287598,-20.55150074005127,8.998875346183777,981.0093676757813,0.14666618518929062,23.4907873924812
2025-03-01T17:38:27Z,40.01231089321494,-75.74486339840185,103.12659707610037,-15.580499480241432,0.23202742399798318,-0.3176159171310896,1.468858017422361,0.07415511047835956,0.5076820750511489,0.0009999999966778608,0.001000000004236338,0.0009999999983654863,0.0009999999890218047,0.000999999988128166,0.0009999999920212131,0.000045981692619797804,0.00004600113910374869,0.9339091879432818,27.16819433964275,47.44517595209022,0.015850711051353467,0.0005729572164690873,0.0003161925741631635,0.0057789688879979735,0.00410599999999991,0.004105999999999896,0.0041059999999999534,0.001031059999999585,0.0010310599999995742,0.0010310599999995887,-0.21599511201846813,9.802035457924797,0.6991000267161599,0.0023088498701435587,0.0004253511287083682,0.0024004805308193286,-7.132500305175781,-21.164813327789307,9.388875408172607,980.9495288085938,0.04891090894468444,24.227472066351755
2025-03-01T17:38:28Z,40.009338027327296,-75.74487493300859,103.39531118359731,-14.267263024932525,0.8530153502036485,-0.2917276516822426,1.4756262959991284,0.07605211326954708,0.5129959073226467,0.0009999999966338784,0.0010000000042936462,0.0009999999982263212,0.000999999989229414,0.000999999988012687,0.0009999999922770465,0.00004698034103460358,0.00004700122043436234,0.9128783424939704,28.009196598326472,50.087941805794614,0.016493792387676467,0.0005802693814740817,0.00032220419933257067,0.005786635635999263,0.004106999999999912,0.004106999999999897,0.0041069999999999544,0.0010310699999995852,0.0010310699999995746,0.001031069999999589,-0.18552193233478273,9.797844063864051,0.4322578047882072,0.00445522306051919,0.0031909323452190847,0.0011179980166713898,-7.138875284194946,-18.833813285827638,9.954562892913819,981.0011694335938,0.028668767393530886,22.467022546268495
2025-03-01T17:38:29Z,40.00623196667104,-75.74491793026301,103.66890102271108,-12.768236433932453,1.253058793842186,-0.25166098836355905,1.4819944815977695,0.06672948121572454,0.5076227685770639,0.000999999996351436,0.001000000004137463,0.0009999999978562823,0.0009999999888887865,0.000999999988104436,0.0009999999924931464,0.000047978756628916544,0.00004800130748141232,0.8955110010303585,28.94403016304149,52.779953656612335,0.017260189713670594,0.0005857983657697793,0.00032947018356083727,0.00579243126737229,0.004107999999999909,0.004107999999999896,0.004107999999999953,0.001031079999999586,0.0010310799999995752,0.0010310799999995897,0.050445694333204075,9.816711440717855,0.5336762125087633,0.004467239560774984,-0.008218385497635431,0.01071842297380087,-7.755375323295593,-18.15543825149536,9.85237539291382,980.9774658203125,0.05083776860058112,22.064288859899108
2025-03-01T17:38:30Z,40.005811427541104,-75.7449120150633,103.44284549865701,-12.413887234699695,1.5954797864455441,-0.3208971070863633,1.4781005705595187,0.060243184729286796,0.5137670764630772,0.0009999999959991932,0.0010000000044666103,0.0009999999981395856,0.0009999999885966365,0.0009999999877907326,0.0009999999926191497,0.00004897689163023144,0.00004900139985353,0.8828864308274866,29.99740677032424,55.4661241098805,0.017710093519694707,0.0005901891233493286,0.0003382128088265172,0.005799654261183814,0.004108999999999907,0.0041089999999998975,0.004108999999999955,0.0010310899999995864,0.0010310899999995756,0.0010310899999995903,-0.20989342197162633,9.718326527909275,0.6576244321760117,-0.0045430155098308755,0.005271544894612797,0.0071957690570445265,-7.948875374794007,-18.314438266754152,9.857812867164611,981.275556640625,-0.03772328757128186,22.266061175660596
2025-03-01T17:38:31Z,40.001548974502036,-75.74506021608767,103.70944428634863,-11.154703308880386,1.3214134442197696,-0.40622131728020844,1.4745337149125952,0.05091382078895497,0.5246255563567093,0.000999999996149308,0.001000000004461009,0.0009999999979342737,0.0009999999885034034,0.0009999999878863245,0.0009999999923121985,0.00004997471452094901,0.00005000149698332706,0.8763015168046102,31.132529765773867,58.08867092165529,0.018775200073697543,0.0005928106941645801,0.0003479506518590436,0.005806655033800641,0.004109999999999908,0.004109999999999899,0.004109999999999953,0.0010310999999995861,0.0010310999999995753,0.0010310999999995898,-0.139234538251167,9.65827589134645,0.5449558262706818,-0.007882242889230923,0.007977709231954457,0.011302416313537827,-9.65925036907196,-19.49662580490112,8.621812834739686,980.9146850585937,-0.10586055821236964,23.404119583256072
2025-03-01T17:38:32Z,39.99898478937164,-75.74516801287378,103.6534948070374,-10.473697238729278,0.989821262544602,-0.40839676091538085,1.4713320384917556,0.06072189445560606,0.5406333520629854,0.0009999999965654405,0.0010000000043493165,0.0009999999979231576,0.0009999999888006654,0.0009999999876513844,0.0009999999917744355,0.00005097221143205871,0.00005100159823952356,0.8751805200250824,32.42550762804704,60.65223899395996,0.018864501691016278,0.0005949602746415299,0.0003584723507678074,0.005817102026134423,0.004110999999999907,0.0041109999999998995,0.004110999999999956,0.0010311099999995867,0.0010311099999995759,0.0010311099999995902,-0.3348386408946154,9.733162020678828,0.8070562039997596,-0.006385790994380563,0.01588023009724243,-0.008004582241716438,-11.604562892913819,-21.495938386917114,7.9050002908706665,981.0817797851563,-0.0081582664541732,25.675429253390988
2025-03-01T17:38:33Z,39.99766748768744,-75.74522950981009,103.4385103428593,-11.246160261282277,0.8640651217826384,-0.3605215984541693,1.4769487670951997,0.06158323993973646,0.5849851795504905,0.0009999999963307498,0.0010000000044648614,0.0009999999978776873,0.0009999999887322537,0.0009999999877002052,0.0009999999920376943,0.000051969428967628146,0.00005200170290459833,0.8801115768688439,33.825910231420835,63.12596316360685,0.019590819509224453,0.0005931333169040785,0.00037092541706716317,0.005826553043387454,0.004111999999999905,0.0041119999999999005,0.004111999999999953,0.0010311199999995867,0.0010311199999995758,0.0010311199999995901,-1.3709105814156572,9.795882738828217,0.21878664262901243,0.0017213527810857083,0.04371830658505947,0.0033711879823289737,-9.627187881469727,-22.17206323623657,7.71806283712387,981.2127099609374,0.11331532064584542,25.374180773791707
2025-03-01T17:38:34Z,39.996970850175664,-75.74526231036545,103.14731000813099,-11.864709974103633,0.8655746810924457,-0.3914051633264279,1.4761596209400467,0.061635879206614876,0.6232686455907079,0.0009999999961712647,0.0010000000044658218,0.0009999999977409247,0.0009999999884142585,0.000999999987955033,0.0009999999918720154,0.00005296646238244487,0.00005300181004301626,0.8905125067576977,35.26752604345755,65.39491381746676,0.020331408838073998,0.0005891181991449732,0.00038354564841691446,0.0058359108309337295,0.004112999999999902,0.004112999999999902,0.004112999999999953,0.0010311299999995862,0.0010311299999995755,0.00103112999999959,-1.1100334156801865,9.728815117513642,0.33112377921269476,-0.0037692538554016703,0.037830637963526065,0.0034796749354839593,-9.750000410079956,-21.888000831604003,7.009125289916992,981.2962744140625,0.017081503150203556,24.965423862098188
2025-03-01T17:38:35Z,39.996481978057474,-75.74528535233652,102.80722694178938,-12.516443214921054,0.8658100070030862,-0.40335059874401746,1.4732053271369105,0.06115459312685203,0.6594324567821234,0.000999999996397519,0.001000000004395153,0.0009999999977285696,0.000999999988142632,0.0009999999881250585,0.000999999991848845,0.00005396340465844658,0.00005400191892518545,0.9033547889008237,36.741548551825595,67.46760892792587,0.021078925220218325,0.0005828782631798502,0.00039626274763711696,0.005845212533901798,0.004113999999999905,0.004113999999999905,0.0041139999999999545,0.0010311399999995857,0.0010311399999995748,0.0010311399999995891,-1.1098340112319112,9.747758252457286,0.3758296867631615,-0.005612029391435508,0.035733335551898775,0.003886918617682411,-11.229375486373902,-21.29981329917908,6.794812767505646,981.3522680664063,0.037476651319655226,25.018949985889464
2025-03-01T17:38:36Z,39.99530620527306,-75.74537212197079,102.5666667511355,-12.541355710302707,0.508346755228924,-0.373988094265929,1.4777142508710635,0.06035902384353628,0.6868725682314691,0.0009999999964150049,0.001000000004195336,0.0009999999975980709,0.0009999999884615328,0.0009999999882389723,0.0009999999919701097,0.00005496032750521995,0.00005500202939131004,0.9154859183362172,38.23952725361431,69.33648612377576,0.0205241822192735,0.0005755545284764445,0.0004082784156483398,0.005854470284243932,0.004114999999999906,0.004114999999999905,0.0041149999999999555,0.0010311499999995852,0.0010311499999995743,0.0010311499999995886,-0.7783143231916692,9.765403729793968,0.729713116682925,0.0015811543564378913,0.026854432470635237,0.0031709049575654596,-12.998437995910644,-20.904938259124755,7.1685002994537355,981.330869140625,0.0430963008086435,25.63904493083998
2025-03-01T17:38:37Z,39.99276722284017,-75.74560055244582,102.51940948945656,-12.461023600138558,-0.5159070156807252,-0.38634251350442583,1.4759610731175845,0.059177483353493016,0.7211718303213587,0.000999999996534478,0.001000000004081067,0.0009999999977081668,0.0009999999882462367,0.0009999999884086226,0.0009999999919788468,0.000055957281747209994,0.00005600214198025625,0.9244887669104443,39.738318538917426,71.0489732884804,0.020138130720650703,0.000566404298401416,0.00042096408178326513,0.0058638119184675815,0.004115999999999907,0.004115999999999907,0.0041159999999999565,0.0010311599999995847,0.0010311599999995738,0.0010311599999995886,-1.0041111310200306,9.696392368312456,0.6531179474001556,-0.006772672301930756,0.03331023853881747,0.003805469876036067,-12.49593801498413,-21.158813371658326,4.87218768749386,981.236640625,-0.010201115670508442,25.051537223752014
2025-03-01T17:38:38Z,39.99073658774266,-75.74580498989555,102.3824047468614,-12.39936682904734,-1.481879414171386,-0.4262550410975738,1.48408267782345,0.06302527209344402,0.7544907521413314,0.0009999999966305503,0.0010000000038557486,0.0009999999974562906,0.0009999999883693372,0.000999999988378746,0.0009999999922125718,0.000056954310298641386,0.00005700225779684252,0.9297978430172769,41.236743406616505,72.6814940130476,0.019416246931603133,0.0005570533891689107,0.00043369422412376885,0.005873911290551923,0.004116999999999908,0.004116999999999908,0.004116999999999958,0.001031169999999584,0.0010311699999995731,0.0010311699999995894,-1.0268148407803728,9.666317265365771,0.7326158847810381,0.0036741165582556434,0.03293303813258911,-0.0012753894054655882,-12.010125455856324,-21.375750827789307,5.044875196814537,981.2885668945313,-0.031922060664523556,25.032260363764387
2025-03-01T17:38:39Z,39.987602386396716,-75.74614315575882,102.37181252795436,-12.050998907385464,-2.7970354143333047,-0.4505998458394441,1.5036116872348542,0.0658446032263892,0.7870798388716419,0.0009999999967891706,0.0010000000039576756,0.0009999999974006826,0.0009999999883497982,0.0009999999885673013,0.000999999992293242,0.0000579514383117611,0.00005800237814941982,0.9321555486516384,42.709482922863515,74.32122982092892,0.01929358039607015,0.0005476144995961886,0.00044647745622983535,0.005883906436721896,0.004117999999999909,0.004117999999999908,0.0041179999999999585,0.0010311799999995846,0.001031179999999572,0.0010311799999995891,-0.998288598799813,9.683630616502084,0.48055556408321914,0.013579307087831746,0.03180343864266284,-0.0009796379478578217,-11.12587537765503,-20.926313228607178,5.047500211000442,981.2049072265625,-0.033239037725362165,24.23160094442777
2025-03-01T17:38:40Z,39.98421444793671,-75.7465323751712,102.39689080870883,-11.407342993577895,-4.091099811262575,-0.4432461739222858,1.507373468759251,0.06402357230441888,0.8161837037450606,0.0009999999968016461,0.0010000000038182715,0.0009999999975743659,0.000999999988223369,0.000999999988649133,0.0009999999919521742,0.000058948674971951085,0.00005900250402015168,0.9333236339697395,44.15296923551959,76.01578325264981,0.01908503494755157,0.0005382960293640318,0.00045904010728704543,0.00589319737997206,0.004118999999999912,0.00411899999999991,0.00411899999999996,0.0010311899999995843,0.0010311899999995728,0.0010311899999995886,-0.7822762042078464,9.72884452325394,0.38855936746046205,-0.002364431362857648,0.027935963673438032,0.003090791764803165,-11.942812948226928,-20.345250759124756,3.355312606394291,981.178583984375,-0.011923104971200832,23.8288839635543
2025-03-01T17:38:41Z,40.08609670845687,-75.72280245002145,99.55124732003274,-23.92330302659566,-22.801855262385192,-0.799113957556402,1.5059356752658848,0.015784024835885962,0.848954323320541,0.0009999999965275173,0.0010000000038531865,0.000999999997396263,0.0009999999881082665,0.0009999999887272588,0.000999999991836958,3.0742531753993335e-10,3.0742505751772033e-10,0.5464806639836701,0.001871760315479851,0.0018717946577600482,0.011951049816618122,0.00017134655330011572,0.00016060766464056202,0.005844236393563102,0.004119999999999911,0.004119999999999911,0.004119999999999961,0.0010311999999995849,0.0010311999999995723,0.0010311999999995894,-0.9691360552171858,9.670749265984849,0.18883060407384408,-0.005764744683887435,0.035275187301314015,-0.004980802012863921,-10.600687923431396,-21.807563304901123,3.134625127278268,981.057216796875,-0.05693782311254095,24.449290166457217
2025-03-01T17:38:42Z,40.08588369989315,-75.72307233888907,99.51674294109131,-24.812484060917477,-23.17524732119219,-0.7475772280404471,1.5129119194717378,0.016389652286549726,0.880609760684475,0.0009999999962768014,0.001000000004021878,0.0009999999974035613,0.0009999999883269254,0.0009999999887335092,0.000999999991637595,1.0003074254586337e-6,1.0003074253440306e-6,0.580190180807188,0.01911726400690787,0.02275508028533414,0.013085372156555333,0.00018075007825877422,0.0001708817821649254,0.0058541172148130136,0.004120999999999914,0.004120999999999914,0.004120999999999964,0.0010312099999995857,0.0010312099999995714,0.0010312099999995894,-1.023812032509848,9.779941677089653,0.15668701546930622,0.004905026525586829,0.03248557125487893,0.001565631847066497,-9.7805628490448,-21.73481325149536,3.218625119775534,981.0784594726563,0.05670487789427323,24.05033509481771
2025-03-01T17:38:43Z,40.08566264428433,-75.7233474218078,99.57615535634164,-25.62209901768725,-23.66372109066681,-0.7762255138571819,1.5130829982355174,0.013174155682506817,0.9141372846225616,0.0009999999960490571,0.0010000000041365904,0.0009999999977040258,0.0009999999884155921,0.0009999999890380508,0.000999999991967444,2.0003074266903752e-6,2.0003074281239573e-6,0.6162489408741583,0.06974342878981153,0.08255791202424939,0.014289134059650658,0.0001899121643347506,0.00018117099360987935,0.005864489023625186,0.004121999999999912,0.004121999999999911,0.0041219999999999625,0.0010312199999995863,0.0010312199999995718,0.0010312199999995897,-1.043054637468926,9.685028371087729,0.20137002757133737,-0.0023644316739117807,0.034264922901670235,0.005774590815168958,-9.453937883377074,-21.445688209533692,1.9852500695735216,981.0437060546875,-0.03476846527975324,23.52091217967505
2025-03-01T17:38:44Z,40.08542710719918,-75.72362858819673,99.89981446940502,-26.274813373622113,-24.150587765762186,-0.6687342504616809,1.514835477558938,0.014796801652616721,0.9454131426798775,0.000999999996078753,0.0010000000044922193,0.0009999999979292636,0.0009999999881444774,0.0009999999887399164,0.0009999999918854537,3.0003074275941685e-6,3.0003074396387627e-6,0.6538127695468479,0.15619938045046147,0.1815314355545386,0.015451543054923234,0.00019886375516819043,0.0001913893787573811,0.005874331318245331,0.004122999999999914,0.004122999999999914,0.004122999999999964,0.0010312299999995856,0.0010312299999995713,0.0010312299999995893,-0.9526654447923331,9.793501002625462,0.2542742931859555,-0.001631226952400068,0.03253647653255949,0.0014740022668070676,-10.320000381469727,-21.89137575149536,1.9781250831484796,980.8675708007812,0.06517421480142077,24.282612074993732
2025-03-01T17:38:45Z,40.08515687350836,-75.72391634119033,100.85006289255689,-26.613877639812483,-24.645542122464008,-0.5964437966365674,1.5158703929360138,0.021592123971588703,0.9768295512282916,0.000999999996124248,0.0010000000045484684,0.000999999997724074,0.0009999999885312019,0.0009999999886277657,0.0009999999917478881,4.0003074162333934e-6,4.00030747064366e-6,0.6917099596406359,0.277910701403028,0.31487870527211653,0.01634357093160624,0.00020754549647902413,0.0002014997659875349,0.0058837539831997415,0.004123999999999915,0.004123999999999915,0.004123999999999965,0.001031239999999585,0.0010312399999995705,0.0010312399999995885,-0.8721443376062219,9.687852716660307,0.3811847719756494,-0.004437365902961583,0.03345377567197127,-0.002276807505996367,-11.621062955856324,-22.42743839263916,0.9763125323504209,980.3969775390625,-0.04329252962833016,25.27824582822058
2025-03-01T17:38:46Z,40.0848562661382,-75.72421031539864,101.69510818414345,-26.830946412077108,-25.171125961135917,-0.4347208730809107,1.5202645688828589,0.024374974711744282,1.005281629180282,0.00099999999602119,0.001000000004598625,0.0009999999976297515,0.0009999999888610066,0.00099999998824472,0.000999999991936754,5.0003073519921436e-6,5.000307536383043e-6,0.7285435304703818,0.4389447955419425,0.4880150492088663,0.01711277028726326,0.00021594275537394316,0.0002113819229038736,0.0058936985826568405,0.004124999999999914,0.004124999999999914,0.004124999999999965,0.0010312499999995852,0.001031249999999571,0.001031249999999589,-0.9171320331467673,9.791865943904142,0.4331776717476954,-0.0007251109541956955,0.029828309437223553,0.0017590725187777046,-12.020250453948975,-23.143875904083252,0.7882500304281712,980.5292919921875,0.06652126569973175,26.091073132304043
2025-03-01T17:38:47Z,40.084515388090594,-75.72451065356987,102.5936427967108,-27.035450606042872,-25.737537128426492,-0.31980695204613274,1.5179538694555812,0.025999374849741196,1.0353820759579924,0.000999999995906423,0.0010000000049050555,0.000999999997307238,0.0009999999887324788,0.0009999999879926832,0.000999999991926069,6.000307139256567e-6,6.000307657661152e-6,0.7635194535858344,0.6385538882035445,0.7044851823850942,0.018007596594923788,0.00022401573944757548,0.00022101761046938495,0.00590384352728966,0.004125999999999915,0.004125999999999916,0.0041259999999999665,0.001031259999999585,0.0010312599999995706,0.0010312599999995889,-1.0181888988580503,9.750151076948018,0.40035612061173814,-0.007403899492111924,0.03112130559076443,0.003377864027930909,-11.92443796157837,-23.041313247680662,-0.9583125363662839,980.534384765625,0.03366277754280371,25.961703703840357
2025-03-01T17:38:48Z,40.08411577754789,-75.72481450810638,103.6042862786355,-26.69546523222787,-25.808427992214387,-0.31020868344013863,1.5238168837129582,0.032800333149744454,1.0477243796584588,0.0009999999958500232,0.00100000000479966,0.0009999999973815937,0.0009999999885712337,0.0009999999876730574,0.000999999991896123,7.000306597408308e-6,7.000307858410375e-6,0.7948260231556901,0.8565312863051611,0.943035255668747,0.017602754277027597,0.00023222219509832337,0.0002300210098482779,0.005913521246161303,0.004126999999999915,0.004126999999999915,0.004126999999999965,0.0010312699999995855,0.001031269999999571,0.001031269999999589,-0.426765525056994,9.646821754700804,0.5313441950936598,0.0009602748679482286,0.01344545007542048,-0.0020665100803930344,-14.881125659942628,-22.490438346862792,-2.112937583811581,980.4247290039062,-0.10680463152669133,27.05049855091617
2025-03-01T17:38:49Z,40.08371181320074,-75.72511493844495,104.32492024496572,-25.732497706246694,-25.248287018836137,-0.22977044533083285,1.5280316293603675,0.04827547732050561,1.0408816075740097,0.000999999996060418,0.001000000004855555,0.0009999999977398741,0.0009999999886784992,0.0009999999878685397,0.0009999999920272285,8.000305425134636e-6,8.000308163785754e-6,0.8177197259600287,1.091627165804539,1.204800048476862,0.015620385338658546,0.00024098754205170036,0.00023834651223213942,0.00592226775355947,0.0041279999999999165,0.004127999999999912,0.004127999999999963,0.0010312799999995848,0.0010312799999995705,0.0010312799999995883,0.3383820134033039,9.779503018692303,0.7566474040695264,0.0012194758285871982,-0.005713839837052596,-0.012453714939267554,-16.39837568283081,-21.372938346862792,-2.522062586247921,980.5826147460938,0.03684606297373237,27.056741606443396
2025-03-01T17:38:50Z,40.083217498132484,-75.72541051357659,105.19634788928036,-24.838541011514188,-24.97820643234003,-0.3161003555788067,1.5363330682674319,0.07260300262443588,1.04409579232267,0.000999999996145088,0.0010000000047240398,0.0009999999979508577,0.0009999999886802012,0.0009999999879043264,0.0009999999917227702,9.000303157620645e-6,9.000308603973949e-6,0.8303725653430845,1.3663704299390877,1.51549200500769,0.01445788345769735,0.000250033865330373,0.0002467895186295039,0.005930456521893755,0.0041289999999999175,0.004128999999999911,0.004128999999999962,0.001031289999999584,0.0010312899999995716,0.0010312899999995878,-0.20823413333635662,9.588805532669465,0.7184158606841615,0.004565379225122798,0.004492776415426666,-0.020332367481351563,-14.349188117980956,-20.914500675201417,-1.5386250499263405,980.3986474609375,-0.1598053545255303,25.410240469438076
2025-03-01T17:38:51Z,40.08274462911254,-75.72570331785573,105.69558613275177,-23.988617341295647,-24.784356115095296,-0.31309948749578154,1.5351882379411785,0.07595124495384176,1.0471011020003842,0.000999999995915722,0.001000000005081146,0.0009999999981077188,0.00099999998891965,0.000999999988028452,0.000999999991403655,0.000010000299117519586,0.000010000309217806926,0.8348723063872721,1.6835581551136105,1.879692785706029,0.013564613614172494,0.0002587573022485426,0.00025529702461416794,0.005940442171218167,0.004129999999999917,0.004129999999999909,0.004129999999999959,0.0010312999999995845,0.0010312999999995708,0.001031299999999588,-0.3717678607160792,9.710111172035578,0.7686912827145932,-0.0036470800981348926,0.0032658722226703157,-0.0005622132002297462,-15.363750562667846,-21.47793830871582,-2.129437583051622,980.5485546875,-0.030171891944092515,26.492989170401707
2025-03-01T17:38:52Z,40.08206431431534,-75.72599388610573,106.58510748704771,-22.995646448656082,-24.441362488287584,-0.2502729205543779,1.5365901930826449,0.08122981545230586,1.0474768608752258,0.0009999999961020042,0.0010000000047474362,0.0009999999981304603,0.0009999999891388044,0.0009999999881640936,0.0009999999915713334,0.000011000292355534168,0.000011000310050846303,0.8330753393911311,2.041280888910609,2.2986418077729778,0.01295029427083804,0.0002678805472955579,0.0002639186916839827,0.005950339857200667,0.004130999999999915,0.004130999999999908,0.0041309999999999585,0.0010313099999995844,0.00103130999999957,0.0010313099999995881,-0.34050164873365424,9.74544514719137,0.7322406233394194,-0.0014931982404240473,0.0007274457061925152,-0.0016559281490591037,-12.399562978744507,-21.415313129425048,-2.070937587954104,980.2255249023438,0.0010632093598400808,24.83245971131835
2025-03-01T17:38:53Z,40.08126754795828,-75.72628036606207,107.471761037657,-22.01711448184726,-23.84637519578612,-0.3202965765518842,1.5384647569164025,0.08646688331225569,1.0432643185558779,0.0009999999960163442,0.0010000000049736456,0.0009999999982698395,0.0009999999887791758,0.0009999999878815816,0.0009999999920090894,0.000012000281574077741,0.00001200031115391647,0.8268849360987863,2.4349035198772015,2.766760288029113,0.012590788444132292,0.0002774587349093808,0.0002726806544306462,0.005960186607762591,0.0041319999999999135,0.004131999999999907,0.004131999999999957,0.0010313199999995848,0.001031319999999569,0.0010313199999995885,-0.17041968917258402,9.63791724288966,0.5909294082845523,-0.00015497058226839533,-0.0038914266491965046,-0.0021300997738840886,-10.99687539100647,-20.087063217163085,-0.16106251180171965,980.1161083984375,-0.12031738855908825,22.900763939259708
2025-03-01T17:38:54Z,40.080326420997594,-75.72656293534982,108.35235969609069,-21.09260272587674,-23.28995115830498,-0.28318913188370226,1.5363771029491644,0.08962792481649529,1.0441879573984763,0.000999999996016622,0.0010000000049574878,0.0009999999979700758,0.0009999999886786501,0.000999999988159629,0.0009999999920784692,0.00001300026504575947,0.000013000312585909198,0.8183122379159783,2.8851000908450364,3.2979306556382566,0.012588441782349,0.0002870486609697188,0.0002819565962477725,0.00597020454110142,0.004132999999999915,0.0041329999999999084,0.004132999999999959,0.0010313299999995845,0.0010313299999995694,0.0010313299999995882,-0.26129921744862195,9.74193571312725,0.5943342706292785,-0.004064505389613787,0.0011482087172059207,-0.0003891352887178313,-11.194500350952149,-19.618313322067262,-0.723937527090311,979.998359375,-0.014343346570277913,22.599045174005408
2025-03-01T17:38:55Z,40.07949943647931,-75.72684055008594,108.86049302040854,-20.378052845179614,-22.78079284975072,-0.34423850378885085,1.5314752679185502,0.09311068217888224,1.0443863256488872,0.000999999996057771,0.001000000004835636,0.0009999999981598058,0.0009999999887688718,0.0009999999877339954,0.0009999999920514695,0.00001400024054462325,0.000014000314412511017,0.8094212557499173,3.386692805714252,3.8846507866673488,0.012863929200551225,0.0002969334845847126,0.00029155076529509255,0.0059800954396068695,0.004133999999999915,0.004133999999999908,0.004133999999999958,0.001031339999999584,0.0010313399999995689,0.0010313399999995869,-0.2950818221711217,9.674672507671964,0.5727282679909834,-0.0058693933765949155,0.00040699214096690884,-0.0020264533732193887,-11.559562873840331,-19.842938289642333,0.32193752110004425,980.1571142578125,-0.0818361393860276,22.966649771393563
2025-03-01T17:38:56Z,40.078869919492554,-75.72711215948456,108.97177279030527,-19.79233974913435,-22.342381749600126,-0.3769919327752401,1.535620099119797,0.08741185820150343,1.0450302881744098,0.000999999996212197,0.001000000004714628,0.0009999999981219194,0.0009999999886326257,0.0009999999878264373,0.0009999999921497813,0.000015000205291728643,0.000015000316704565873,0.80181012463699,3.9495347171510127,4.536919143464676,0.013389358907571031,0.00030648781733463566,0.0003014261675829368,0.0059906298927556445,0.004134999999999912,0.004134999999999905,0.0041349999999999556,0.0010313499999995842,0.0010313499999995682,0.0010313499999995877,-0.2968326393621356,9.73208532237523,0.5853611876982971,0.0037647456517995604,0.00047625661595152805,0.006248928949113932,-13.318687992095947,-20.06662575721741,1.371375054642558,980.3616528320313,-0.02378847947100386,24.123331759497148
2025-03-01T17:38:57Z,40.07844243006464,-75.72737643402468,108.73457681150997,-19.014809466773325,-21.872634830219877,-0.5320190370068621,1.533811667997862,0.08697772873540978,1.0380012424381893,0.0009999999960690466,0.0010000000042225544,0.0009999999983244755,0.0009999999886410624,0.0009999999875252438,0.000999999991993249,0.000016000155897755784,0.00001600031953578398,0.7966330554749319,4.566300240730995,5.2542508406584085,0.014531606372322778,0.00031667720794307066,0.00031117513954205707,0.0060006528373500925,0.004135999999999913,0.004135999999999906,0.0041359999999999566,0.0010313599999995846,0.0010313599999995674,0.0010313599999995883,-0.06533162874484015,9.643448155257717,0.7654877784411409,-0.001222816290493522,-0.0070034987669782035,0.0002768075429540591,-11.770500469207764,-19.01887580871582,-0.11099999994039536,980.5508374023437,-0.10402099753833052,22.36676920141163
2025-03-01T17:38:58Z,40.07797820442733,-75.72763632362363,108.33003020388873,-18.33105032396603,-21.193523066864564,-0.71584172034485,1.5404288477533394,0.09493574375558793,1.0306418720502455,0.0009999999962110975,0.0010000000044794377,0.0009999999984519618,0.0009999999888114417,0.0009999999873344905,0.0009999999918123095,0.00001700008837417096,0.00001700032298060214,0.795459239567397,5.243898222368806,6.034948113747142,0.01618769204080233,0.0003273711618504746,0.00032083395677237397,0.006010008333941058,0.004136999999999916,0.004136999999999905,0.004136999999999959,0.0010313699999995839,0.001031369999999567,0.0010313699999995878,0.06316752416412733,9.636133121486257,0.5622704533498105,0.007368847210376115,-0.007027198923054308,-0.008320196654712288,-11.105062856674195,-19.357688274383545,0.087749999910593,980.59634765625,-0.12536090470376735,22.316987850052854
2025-03-01T17:38:59Z,40.07638659154121,-75.7279270628146,108.54859455512006,-18.012722232042368,-21.003577566905115,-0.7617435952130596,1.5336369561492496,0.09174965281781366,1.0353423552981285,0.0009999999961840705,0.001000000004759539,0.0009999999983244866,0.000999999989052074,0.0009999999873561932,0.0009999999915069307,0.000017999998426746967,0.00001800032711587171,0.7995310138773009,5.977790317334527,6.876310300672552,0.01720026995062945,0.000337011591550967,0.0003305337967395428,0.006020199978244144,0.004137999999999918,0.004137999999999905,0.004137999999999957,0.0010313799999995834,0.0010313799999995662,0.0010313799999995868,-0.4092554253051973,9.661417189275713,0.5572056387653532,-0.006518144972997759,0.004966112585210063,0.0016572620578030718,-11.585062952041627,-20.034563236236572,0.8296875428408385,980.0962036132812,-0.09198761848951574,23.157794235829712
2025-03-01T17:39:00Z,40.074467726330965,-75.72823510944869,108.88473086848273,-17.746700504299795,-20.857022250920814,-0.6655977403004764,1.5320489049012884,0.09754636911897849,1.0394958576836015,0.0009999999958164702,0.0010000000045191759,0.0009999999984927725,0.0009999999893465033,0.0009999999871977124,0.0009999999911870293,0.000018999881775801575,0.000019000332019115415,0.8088083558055473,6.774266443005094,7.798752127345585,0.01862077619560832,0.0003471843123935402,0.0003395449918642965,0.0060296532833536915,0.004138999999999918,0.004138999999999902,0.004138999999999955,0.0010313899999995829,0.0010313899999995655,0.0010313899999995861,-0.3089680463291531,9.795608190062719,0.6694610611221974,-0.0007020782564343875,0.004913370883151781,-0.008545682541609522,-11.850750484466552,-19.347000741958617,-1.218000049777329,980.0049658203125,0.045195154305128854,22.720650038238553
2025-03-01T17:39:01Z,40.07271124988104,-75.72854446863742,109.0880905205446,-17.649677993214116,-20.797892690484723,-0.6565660239363479,1.5320160942928858,0.09383157889122108,1.0387297636672987,0.0009999999959741806,0.0010000000044093186,0.0009999999986087112,0.0009999999891407109,0.0009999999869816875,0.0009999999907559323,0.000019999734476315738,0.000020000337762383043,0.8230112287263436,7.606839655193728,8.770251779807918,0.01979710954770504,0.00035673054191222596,0.0003474192018138672,0.0060397018191173605,0.004139999999999921,0.0041399999999999,0.004139999999999955,0.0010313999999995815,0.0010313999999995663,0.0010313999999995852,-0.3863242049572753,9.717528898552509,0.6188208262848529,0.001484183313190722,-0.00035859189019878264,0.0004762563757873461,-11.635875444412232,-20.825625801086424,-0.4912500230222941,980.1092236328125,-0.03325540364065283,23.860829560558702
2025-03-01T17:39:02Z,40.070874152812614,-75.72886516701912,109.19728316132091,-17.674539124631114,-20.733149238069867,-0.8047859670836414,1.5204767903980887,0.08481833378917684,1.03618802153174,0.000999999996074043,0.0010000000044830695,0.0009999999987780023,0.0009999999890106565,0.0009999999867595683,0.0009999999905474513,0.000020999553363194737,0.000021000344405387424,0.8413420634927538,8.459893909643798,9.779724067918753,0.021084545370579764,0.00036580853454791355,0.0003540049876872025,0.006050043019120693,0.004140999999999921,0.004140999999999899,0.004140999999999956,0.0010314099999995821,0.0010314099999995659,0.0010314099999995858,-0.2322800479310262,9.567348540629995,0.6195255951074536,-0.009594667062479939,-0.0023068501562326354,0.005053569812227928,-12.570187978744507,-21.031313247680664,-0.1732500059902668,980.124296875,-0.1879360962151183,24.502107797142873
2025-03-01T17:39:03Z,40.069223082404804,-75.72918449075576,109.00939033285235,-17.719555237950146,-20.675497280208678,-0.9736439281389719,1.512263309582348,0.07985003101161298,1.037866757274321,0.0009999999962288357,0.0010000000046825456,0.0009999999988081943,0.0009999999889240094,0.00099999998664818,0.000999999990669847,0.00002199933643682745,0.000022000351997684136,0.8630221113292511,9.333244231252035,10.835101729711203,0.022302640390150973,0.0003747286513632733,0.00035932951361805995,0.006060135146824997,0.0041419999999999235,0.004141999999999898,0.004141999999999954,0.0010314199999995823,0.0010314199999995654,0.001031419999999586,-0.1560549147921781,9.55485686365315,0.7077939536832075,-0.006701404677696476,0.0020034182570410294,0.0013212861053797148,-10.85343789100647,-20.39587589263916,-1.0786875547096133,980.2428295898437,-0.19583432627629246,23.128987919919282
2025-03-01T17:39:04Z,40.06677224020133,-75.72955870062974,108.99379995336452,-18.301667019178915,-20.909967264469607,-1.1193918275306418,1.5044263426531577,0.08018901357420452,1.0359354671926941,0.00099999999652612,0.0010000000049381803,0.0009999999988416946,0.000999999989292972,0.0009999999867878844,0.00099999999091357,0.00002299908312504387,0.00002300036058131235,0.8864446673976989,10.216786606692583,11.91549838311891,0.023007983315627787,0.0003840606147242653,0.00036296287408158965,0.006069645946218107,0.004142999999999926,0.004142999999999899,0.004142999999999955,0.0010314299999995824,0.0010314299999995644,0.0010314299999995861,-0.20626429681351166,9.534158983861692,0.6472156477880475,-0.005068258727920405,-0.0008547942167770748,-0.006622959898263995,-11.380875387191772,-21.66318820953369,-1.1658750443905592,980.0678369140625,-0.21979299872129082,24.498465692066553
2025-03-01T17:39:05Z,40.06341600129857,-75.73000759036505,109.28421949762054,-19.283181511770458,-21.60102219492504,-1.0773351059428067,1.500949665848222,0.0723400492187682,1.030521849669276,0.000999999996310188,0.0010000000048512243,0.0009999999988180423,0.0009999999895289522,0.0009999999866590426,0.0009999999908944864,0.00002399879423116371,0.00002400037019886497,0.9099555306415839,11.117686490252238,13.052509490350497,0.023642095178685305,0.00039309191237296123,0.00036486468361961703,0.006079486712304737,0.004143999999999923,0.004143999999999902,0.004143999999999954,0.001031439999999583,0.0010314399999995652,0.001031439999999587,-0.20682197603162664,9.664748220970344,0.8073033388278381,0.0005678863283991023,-0.004339393679810309,-0.0015701411424609998,-11.908312978744506,-21.44962574005127,-1.4701875565946103,979.8523803710938,-0.07744147981832732,24.577496100142337
2025-03-01T17:39:06Z,40.05860886050487,-75.73058428578558,110.1523525195016,-21.254608631431758,-22.971334942699382,-1.1181552222914595,1.4922575095398396,0.06217364762239431,1.0298217953365993,0.0009999999960410384,0.0010000000050047052,0.0009999999987058833,0.0009999999895324934,0.0009999999870673245,0.0009999999909409898,0.000024998471507054328,0.000025000380891980805,0.9314884371412255,12.00227229841637,14.175353832323154,0.02338787947970066,0.00040189248216863216,0.000365654198140807,0.006089207124985826,0.004144999999999923,0.004144999999999901,0.004144999999999952,0.0010314499999995834,0.0010314499999995652,0.0010314499999995869,-0.2745395066752453,9.511147982910392,0.6691897454382254,-0.00349436447940779,0.0009954919327591395,-0.0034434590664790344,-12.59343801498413,-20.912063312530517,-2.4035626079887153,979.460146484375,-0.23931019636356896,24.529241569497255
2025-03-01T17:39:07Z,40.05577617398594,-75.7310514970507,110.10947700627091,-22.268467623453997,-23.739287726913325,-1.1565884869175593,1.4826694668969036,0.054132677851059345,1.0242554870302862,0.0009999999961271331,0.00100000000528629,0.0009999999987291251,0.000999999989265554,0.000999999987152173,0.0009999999911681973,0.00002599811690288296,0.000026000392710895316,0.9491125926838767,12.899877540102679,15.3408713263296,0.022988157755062927,0.0004108527931671006,0.0003649930542019618,0.006099117706823233,0.004145999999999922,0.004145999999999901,0.004145999999999951,0.001031459999999583,0.0010314599999995643,0.0010314599999995857,-0.20333080242593596,9.605006137655288,0.8695167228094128,-0.00645021558954359,-0.004760323690325818,-0.00021388711712217866,-13.839750499725342,-22.101375923156738,-0.9849375267326832,979.9507470703124,-0.1314225364699487,26.095535251612624
2025-03-01T17:39:08Z,40.050232046212294,-75.73175807193613,111.13930408902836,-24.496158086099907,-25.674298159127854,-1.1294002502728893,1.4737423017054967,0.04376516622676959,1.0120548139463756,0.0009999999960177855,0.0010000000052030336,0.0009999999986657654,0.000999999989606286,0.0009999999872449452,0.0009999999913994063,0.000026997732502859993,0.000027000405725438837,0.963411117565531,13.799618326079683,16.53684798921208,0.023029235066305328,0.00042062502817819924,0.0003630295218883467,0.006108629677973257,0.004146999999999921,0.004146999999999899,0.00414699999999995,0.0010314699999995826,0.0010314699999995648,0.0010314699999995863,-0.02811864610125764,9.529851888651331,1.0613334911975059,-0.0030260346218468374,-0.009979712328443375,-0.0065995942296152256,-10.168687896728516,-20.44781328201294,-0.6286875233054161,979.28083984375,-0.18885319246982918,22.845310387997372
2025-03-01T17:39:09Z,40.04260056617684,-75.73268910130764,113.08745381347495,-27.719711965572,-28.41916521968093,-0.9084868050724875,1.463121275540403,0.014827292370076146,0.9875467512777106,0.0009999999961503086,0.0010000000050085264,0.0009999999986557296,0.0009999999894757074,0.000999999987267441,0.000999999991447198,0.000027997321180956932,0.00002800041999583239,0.9765420785912874,14.734453898703821,17.780763760219692,0.023819691876242086,0.00043104458710821236,0.00035927481650607047,0.006118879159968034,0.00414799999999992,0.004147999999999901,0.004147999999999948,0.0010314799999995817,0.0010314799999995654,0.0010314799999995871,0.37396707014771313,9.623795663547003,1.128098472446316,-0.003195608151461774,-0.02282589792210679,0.004282477831640869,-15.999563121795655,-21.971625881195067,-0.3832500018179417,978.6652905273437,-0.08050548145321787,27.182392847438145
2025-03-01T17:39:10Z,40.037947154575974,-75.73342007405773,113.94485207046993,-29.28343094012258,-29.670846997175577,-0.8784348623751004,1.4478503303900385,6.280183629528949,0.9460022902912286,0.000999999996131869,0.0010000000050200423,0.0009999999985416388,0.0009999999891521973,0.0009999999873007211,0.0009999999917596118,0.00002899688774300322,0.000029000435528911645,0.9914706091876657,15.692482416705518,19.05307635643594,0.025747073230636186,0.00044341140652794455,0.00035295028548485335,0.006129028153456473,0.004148999999999921,0.004148999999999898,0.00414899999999995,0.0010314899999995819,0.0010314899999995647,0.0010314899999995864,0.9688110173184427,9.552065284088211,1.2322607993869517,-0.011608684936258593,-0.040522951221321886,-0.0003687730313432448,-17.410500679016113,-23.799188404083253,-3.3933751329779627,979.2014965820313,-0.09746743832112824,29.682299098203544
2025-03-01T17:39:11Z,40.03447696885938,-75.73407992662918,114.3962212137774,-30.41660454730138,-30.653584342370632,-0.7775829478419649,1.44468512501015,6.277104404324672,0.9119498051645608,0.000999999996229303,0.001000000005194343,0.0009999999986949636,0.0009999999888930002,0.000999999987507316,0.0009999999916960958,0.00002999643805620571,0.00003000045231628357,1.0079399999295358,16.66437226333565,20.335589552445423,0.02661122822242338,0.00045551817914347325,0.0003460485661980816,0.0061383909687423455,0.0041499999999999185,0.004149999999999897,0.004149999999999953,0.0010314999999995807,0.0010314999999995636,0.001031499999999587,0.8415926117886044,9.660220892265386,1.2961092716494877,-0.0013257941142444233,-0.03201156890713385,-0.011119993274086422,-13.8997505569458,-24.43275094985962,-2.191875090301037,979.3982690429688,0.005846397445866959,28.195103025190143
2025-03-01T17:39:12Z,40.03249983273556,-75.73461652543509,114.28945063622254,-31.26422653730703,-31.020392096857968,-0.8032308101770236,1.4472162896212157,6.2697404212562295,0.8879698556151013,0.0009999999962408033,0.001000000004944259,0.0009999999987607782,0.0009999999890294318,0.000999999987673848,0.0009999999915140522,0.00003099597524391217,0.000031000470356691436,1.0210367897207444,17.645798216190702,21.54742776495667,0.025733778984232288,0.0004670700858932264,0.0003391439294967779,0.006148408347244478,0.004150999999999916,0.0041509999999998996,0.0041509999999999525,0.001031509999999581,0.001031509999999563,0.0010315099999995874,0.5327955993256207,9.653960898097113,0.9280820429816946,0.00309329483693937,-0.02356694742799814,-0.00103504894223215,-12.951563024520874,-22.908563404083253,-0.5068125143274664,979.71,-0.06408051866241873,26.321083662592624
2025-03-01T17:39:13Z,40.0310227500851,-75.73511271569984,113.95372318305522,-31.712293721975644,-31.054452700945838,-0.8312425576133843,1.4446160859927721,6.261608332456025,0.8567140371727852,0.0009999999960555923,0.001000000005145379,0.0009999999988629742,0.000999999989088523,0.0009999999880314237,0.0009999999913180534,0.000031995500016064063,0.000032000489611455917,1.029360831387542,18.68428787161422,22.769323559684384,0.02552266198458233,0.0004793407723943326,0.000331385646401857,0.006158626887606413,0.004151999999999914,0.004151999999999899,0.004151999999999952,0.0010315199999995808,0.0010315199999995617,0.001031519999999587,0.7616723444126886,9.66875520451369,0.9448429122278441,-0.002822413471810309,-0.03123780682977357,0.0004049890763972706,-11.131875410079957,-23.101875982284547,0.22406250685453416,979.8496069335938,-0.03254986222394225,25.644939482423265
2025-03-01T17:39:14Z,40.03004417173487,-75.73555786050026,113.39534204204946,-31.55257098943362,-30.730103455069422,-0.8477230990173767,1.4494379974585974,6.261369698805879,0.8200882346964665,0.0009999999958991703,0.0010000000051043634,0.0009999999987091721,0.0009999999893311054,0.0009999999882211205,0.000999999991421364,0.00003299501486737201,0.000033000510032625755,1.0366819104860225,19.796755370255518,24.023436101536944,0.026362012670332488,0.0004916817607952923,0.000323312694763871,0.0061683676888354645,0.0041529999999999154,0.004152999999999901,0.004152999999999953,0.0010315299999995805,0.0010315299999995617,0.0010315299999995868,1.0996591902993613,9.67624165368738,1.0969917828982128,0.004064670290816004,-0.03594447014303846,-0.006472747564076824,-10.441875381469726,-22.3368758392334,1.2071250410377978,980.0120849609375,0.0229115619961935,24.68650289248394
2025-03-01T17:39:15Z,40.03073487330628,-75.7357894109409,112.11566093592118,-31.017108760407968,-29.711497325126913,-0.9281692254557729,1.447481895145155,6.268120141986385,0.798078780473773,0.0009999999961799624,0.0010000000054508232,0.0009999999987994107,0.0009999999897047896,0.0009999999885441733,0.0009999999915597706,0.00003399452024610265,0.00003400053160258324,1.041468190847696,20.94675560601301,25.19890853336687,0.02508533711063285,0.0005027262407767265,0.00031652767198150976,0.0061779643093859546,0.004153999999999914,0.0041539999999999,0.004153999999999952,0.0010315399999995796,0.0010315399999995616,0.0010315399999995868,0.5237858890062849,9.728256749148033,0.9424899671016131,-0.002099556976504955,-0.021769402178953574,-0.006273799642025265,-10.071750378608703,-22.189875850677492,2.0167500768974422,980.4803735351562,0.010525767519863977,24.45190260722737
2025-03-01T17:39:16Z,40.03066014374923,-75.7361083463118,111.01764604883623,-30.518997787916682,-29.177855603660845,-1.1088290037665383,1.4470137495232167,6.26959700812473,0.7656824614069564,0.000999999996522897,0.0010000000057326845,0.0009999999986124322,0.0009999999896032736,0.0009999999889084498,0.0009999999914421874,0.00003499401370197092,0.000035000554384980844,1.0421069944820762,22.152759101964367,26.382202886504803,0.024486395960513954,0.0005137270461870276,0.00031014243065940003,0.0061877803573959205,0.004154999999999913,0.004154999999999898,0.00415499999999995,0.0010315499999995793,0.0010315499999995616,0.0010315499999995867,0.7115028271266276,9.55740918222518,1.1827692419428275,-0.0008065589765977033,-0.0321744661130471,-0.0048077233643463845,-6.881250286102295,-20.632313194274904,3.5120626460388302,980.4612817382813,-0.12078909856851221,22.03125728673525
2025-03-01T17:39:17Z,40.02945186542441,-75.73658337257028,110.31914529883063,-30.436903909030267,-29.46941862733727,-1.036817965152444,1.4523099473870749,6.262663987568991,0.7335038230106808,0.0009999999961539437,0.0010000000058962278,0.0009999999987820216,0.000999999989512703,0.0009999999891468396,0.000999999991082878,0.000035993494298775494,0.00003600057857492905,1.0407498246076308,23.456539285269294,27.616765688457235,0.02385215074295391,0.0005239060237504897,0.00030506892688473105,0.006197981595059734,0.004155999999999912,0.0041559999999998985,0.004155999999999949,0.0010315599999995782,0.001031559999999561,0.0010315599999995862,0.7509347097331955,9.74100476192464,1.2954783797023923,0.0042048678568055615,-0.03220918169302411,0.00021672282452331933,-7.108500318527222,-22.195875778198243,3.6620626181364058,980.328759765625,0.07809842372211946,23.592286507525706
2025-03-01T17:39:18Z,40.0280642906477,-75.73709155982857,109.7375481669354,-30.443167488642764,-29.90090946851756,-1.0070068982331692,1.4486740534163671,6.263483358536271,0.7036045306486584,0.0009999999960690535,0.001000000006148709,0.0009999999990377983,0.0009999999897387128,0.0009999999888424243,0.000999999991282415,0.00003699296050308866,0.000037000604444000255,1.0375210340423384,24.821400886600298,28.856935122098204,0.023174406466736117,0.0005330382789262121,0.0003014192444447979,0.006207547899895348,0.00415699999999991,0.004156999999999901,0.0041569999999999515,0.0010315699999995788,0.001031569999999561,0.0010315699999995862,0.7480731261437414,9.693800082836612,1.2608550224862756,-0.005021526482334371,-0.028916520614053424,-0.007597339547014467,-7.849500331878662,-23.391375942230226,4.404937663674355,980.3649682617188,0.0267570501453923,25.06336074697911
2025-03-01T17:39:19Z,40.0280102753621,-75.73740787354673,108.60547748304216,-29.980056621475036,-29.390394304228863,-1.0887386275202087,1.4548405527206247,6.263189593875227,0.6744159411979762,0.0009999999961534493,0.0010000000061318336,0.0009999999989817594,0.0009999999895894222,0.0009999999890881813,0.0009999999913996517,0.000037992409645901285,0.0000380006322309258,1.032562380492883,26.25487266845489,30.102639960381534,0.022523240652911763,0.0005414479571151083,0.0002991923179559492,0.0062175157575629775,0.00415799999999991,0.004157999999999902,0.004157999999999953,0.001031579999999578,0.00103157999999956,0.0010315799999995852,0.7148462335929255,9.663375250450613,1.1066022951384766,0.005807137162143634,-0.029214942973369663,-0.0025371759687056214,-11.951250424385071,-23.95575107574463,6.014250230789185,980.7460546875,-0.024563725213497138,27.43863722688625
2025-03-01T17:39:20Z,40.024897189042186,-75.73817749319963,108.59185149732208,-30.647779079076777,-30.6650606579806,-1.1092074509207916,1.4512953760565828,6.263060785452702,0.6385139368822755,0.0009999999959299398,0.0010000000061126148,0.00099999999885251,0.000999999989417633,0.0009999999892479259,0.0009999999916896788,0.00003899184085555498,0.000039000662092079654,1.0277015959837528,27.77365985262691,31.3875906240895,0.022705103076325128,0.0005485582035907575,0.00029863664024073203,0.006226873912169915,0.004158999999999912,0.004158999999999904,0.004158999999999955,0.0010315899999995784,0.0010315899999995607,0.0010315899999995856,0.8983423928234697,9.597289593054679,0.9918219911962997,-0.006752309667168548,-0.03405796586913461,-0.011629047534054872,-9.052875366210937,-22.347000904083252,5.749312723875046,980.1876513671875,-0.08706899698948752,24.78699414914189
2025-03-01T17:39:21Z,40.02305429034525,-75.73877230008634,108.14106441843086,-30.877236638025778,-31.36148088522746,-0.967140120758764,1.4548410537796717,6.255254517054202,0.6089292754181934,0.0009999999958302842,0.001000000005870967,0.0009999999988966062,0.0009999999894112403,0.000999999989075892,0.000999999991838364,0.000039991252863685974,0.000040000694239547506,1.0228071219443415,29.363752864609186,32.74153524099711,0.02200998032477373,0.000555217175350258,0.00029923361674886236,0.006237054487722758,0.004159999999999909,0.0041599999999999025,0.004159999999999953,0.0010315999999995777,0.00103159999999956,0.001031599999999585,0.7113158409255111,9.803688789799317,1.147319505957782,0.001400898629480791,-0.029475312352665334,0.0003168640179095675,-7.194000282287598,-21.337313327789307,5.641125230789185,980.4774169921875,0.11905837056865605,23.213240065617715
2025-03-01T17:39:22Z,40.021367808755635,-75.73934989103805,107.61266993451572,-31.41924341075668,-31.970430808631573,-1.1161630093384016,1.4528246122604693,6.254486301976565,0.5925446540051045,0.0009999999958169867,0.0010000000057604956,0.000999999998911348,0.0009999999897248638,0.0009999999887821847,0.000999999991867874,0.00004099063741156591,0.000041000728856726106,1.0149933404263898,30.96979257998219,34.02227294904489,0.020627357417227925,0.0005621037199411459,0.0003000648869906647,0.006246780065801,0.004160999999999909,0.004160999999999902,0.004160999999999952,0.0010316099999995779,0.001031609999999561,0.001031609999999586,0.39222052374899125,9.55625273290683,0.903806004217377,-0.0037896160988265207,-0.0156709356735805,-0.0045124720923942555,-11.620875506401061,-22.588688354492188,5.030812695026397,980.5729296875,-0.17017004584335574,25.895946269480845
2025-03-01T17:39:23Z,40.0204073782919,-75.73982390770252,106.76847982032656,-31.933831118285912,-32.31239187661706,-1.0422551459386311,1.459297391167875,6.261233828992164,0.5806537113005715,0.0009999999957583064,0.0010000000059814868,0.0009999999992233272,0.0009999999899262188,0.0009999999885940412,0.0009999999916955433,0.000041989977520170834,0.00004200076601852355,1.002099299192424,32.682539319304425,35.36346789999471,0.018679580829087487,0.0005688998544841406,0.0003017333514224576,0.006256185323027279,0.004161999999999907,0.0041619999999999,0.0041619999999999505,0.0010316199999995783,0.0010316199999995603,0.0010316199999995854,0.03505185201188996,9.819822024339638,0.9290103938217917,0.005566795463820778,-0.010773836574397622,-0.00953174499315352,-9.97350036084652,-22.19887579187751,3.2186251187324526,980.8052392578124,0.08668352294100456,24.548275871095033
2025-03-01T17:39:24Z,40.02075272267127,-75.74011169918514,105.3919894044172,-32.64173563904184,-31.898362422943674,-1.2989419429665112,1.454405703911158,6.25540265704664,0.5830131147706229,0.000999999995582319,0.0010000000058079605,0.0009999999993374334,0.0009999999899753058,0.0009999999886543104,0.0009999999914134005,0.000042989244439413004,0.000043000805554249264,0.9827801925497235,34.45240530754123,36.59988968213685,0.016963693724976782,0.0005773121062761989,0.0003033989943211552,0.00626654715571737,0.004162999999999909,0.0041629999999998986,0.004162999999999952,0.0010316299999995789,0.001031629999999561,0.0010316299999995862,-0.4739943462895165,9.589943086336751,0.5495453368626119,-0.004166983326266242,0.0013583389749516948,0.007326787998440675,-16.782188148498534,-22.64437587738037,6.164062747955322,981.1853540039062,-0.15973353622746445,28.85138358536102
2025-03-01T17:39:25Z,40.021634788438206,-75.74032214805753,103.74168650095596,-32.939238284558684,-31.113335624355337,-1.3116325144340335,1.4536308790808505,6.261544600859404,0.5826535447338127,0.000999999995650417,0.001000000006081488,0.0009999999991397886,0.000999999989765216,0.0009999999884328086,0.0009999999914714903,0.00004398840544254941,0.00004400084708139845,0.9602549220627669,36.42438193080403,37.97512410026565,0.0164667150569839,0.0005846056695341889,0.0003070215587076626,0.0062762223234450265,0.00416399999999991,0.004163999999999898,0.00416399999999995,0.0010316399999995792,0.0010316399999995614,0.0010316399999995862,-0.11697214896411003,9.824009520842784,0.6976643273234784,0.0004457133077990863,-0.00012442724822414174,-0.004227402808405656,-10.343437938690185,-19.644938287734984,5.678625249862671,981.45328125,0.07226574288691788,22.916255453738245
2025-03-01T17:39:26Z,40.01683466183231,-75.74129441979463,103.651402890265,-34.225131087811064,-33.313011338734185,-1.2511926730016936,1.4592107349146706,6.257818661561171,0.5806487700723347,0.0009999999953539125,0.0010000000062384178,0.000999999998960561,0.000999999989495583,0.0009999999881668213,0.000999999991342923,0.00004498742697469627,0.00004500089026585832,0.937977874806652,38.495224826469844,39.334051037117696,0.016315386216932744,0.0005911305453828069,0.0003124101199572537,0.0062860500890266095,0.004164999999999912,0.004164999999999897,0.004164999999999947,0.0010316499999995783,0.0010316499999995605,0.0010316499999995857,-0.36102174184268476,9.747045663358517,0.7496402287579759,0.0008000484462577053,-0.0011351918707215329,-0.0022367510487401434,-7.9288128471374515,-21.333938217163087,6.135000252723694,980.6534375,0.005524576247355354,23.57199238817291
2025-03-01T17:39:27Z,40.01179738556775,-75.74230277828502,103.58883657178885,-35.161548794965526,-35.572469170954264,-1.0995199417845418,1.4716052789624603,6.256294823336384,0.5840701533465632,0.0009999999952873299,0.0010000000060809307,0.0009999999989896559,0.0009999999896399552,0.000999999988008939,0.0009999999915019837,0.00004598626729776927,0.00004600093476267416,0.9170893144130413,40.69730056524266,40.72846085611627,0.01654031015663519,0.000597369520450909,0.00031866278672692367,0.006295843338102694,0.004165999999999909,0.004165999999999895,0.004165999999999945,0.0010316599999995774,0.0010316599999995596,0.0010316599999995847,-0.3803421500626436,9.846701501840075,0.7597979602035595,0.007317942435996624,0.0042636177863048215,-0.0025984298128521634,-7.127250270843506,-20.71068815231323,5.081625204086304,980.6861987304687,0.1065414193045307,22.484459734724577
2025-03-01T17:39:28Z,40.002690052758204,-75.74382498740304,104.47999298193623,-35.65458729205323,-39.58718341728381,-0.7854280504243213,1.485039833182281,6.248005846884559,0.5855942386286012,0.000999999995245267,0.0010000000055210617,0.0009999999991249927,0.0009999999893593116,0.0009999999878236782,0.0009999999917262707,0.00004698487688847258,0.00004700098038237309,0.8986338739883923,42.993551590403136,42.16471597325287,0.01684932174986938,0.0006025159236622441,0.00032646341103429534,0.006305923400788658,0.004166999999999908,0.004166999999999894,0.004166999999999944,0.0010316699999995769,0.001031669999999559,0.0010316699999995843,-0.4201826487883054,9.938904912306743,0.8283922090913027,0.0036832966214948594,0.0021764970950319483,0.0026651881554859338,-4.823062698841095,-19.852125768661498,4.881000208035111,980.1644580078125,0.20585960929132113,21.004543785943596
2025-03-01T17:39:29Z,39.99827125645018,-75.74478133807561,104.4545946776727,-35.8260729595072,-41.30323401443854,-0.7802573751044269,1.4924296213488701,6.243417282959285,0.5798896558904729,0.0009999999952436441,0.0010000000055137,0.0009999999994132669,0.0009999999893361001,0.0009999999876444997,0.0009999999920269934,0.00004798320641762699,0.00004800102701782329,0.884224215502741,45.31966035601242,43.596397780493874,0.01747026154015027,0.0006054699565099326,0.0003364187596413833,0.00631604219312198,0.00416799999999991,0.004167999999999895,0.004167999999999945,0.001031679999999576,0.001031679999999558,0.0010316799999995831,-0.13739089768490728,9.738690405418003,0.6403941526580497,0.0026526712567506707,-0.0056015140539809605,0.0025500255301429096,-3.9414376544952394,-19.943438320159913,7.215000267028809,980.7596850585937,-0.015497021636279636,21.571502020817935
2025-03-01T17:39:30Z,39.9959217516291,-75.74549796872645,104.09837299861039,-36.00800786819474,-42.476027760519855,-0.5980226047841777,1.500381092921878,6.240973638073366,0.5733298636562358,0.0009999999950451235,0.0010000000057240148,0.000999999999529541,0.0009999999892859423,0.0009999999879586902,0.0009999999918283717,0.00004898120592795943,0.00004900107489734327,0.873705923571637,47.66812341460616,45.13423343106537,0.017591722864118264,0.0006072462526144253,0.0003472048022798046,0.00632612411438279,0.00416899999999991,0.004168999999999894,0.004168999999999946,0.0010316899999995763,0.0010316899999995583,0.0010316899999995835,-0.2297538416907746,9.942175156905702,0.8945537496761388,0.005546434055530956,-0.006589412756927823,0.0016674427448291858,-3.8576251339912413,-20.634938201904298,9.161625328063964,981.040634765625,0.20890831791894765,22.904475485717548
2025-03-01T17:39:31Z,39.988118502499034,-75.74680355506915,104.58731082609178,-35.287425381851584,-45.326436961517764,-0.6591852042463476,1.5090707578425762,6.243958908497981,0.5738067129389939,0.0009999999954797244,0.0010000000059876097,0.0009999999994785198,0.0009999999894201228,0.0009999999878443952,0.0009999999918571994,0.00004997881500820548,0.000050001124646847366,0.8662685416183017,49.90492487185504,46.67389928416165,0.018439601436807875,0.0006093553748066674,0.00035703750528338094,0.00633594778976242,0.004169999999999911,0.004169999999999897,0.004169999999999947,0.0010316999999995767,0.001031699999999559,0.001031699999999584,-0.3765946990480473,9.63654431927218,0.7872977711865956,0.0010804452324614596,0.0010879554762838672,-0.0026273033907640484,-4.28625016450882,-20.94337577819824,11.024437947273254,980.5222973632813,-0.09980250344747035,24.052707069395222
2025-03-01T17:39:32Z,39.9799801545462,-75.74811672787084,105.03963481161036,-34.267470046327595,-48.21409979508113,-0.5498553323983865,1.5153351867808607,6.245801558808141,0.5786925828446242,0.0009999999957444642,0.0010000000057446147,0.0009999999993041736,0.000999999989434326,0.0009999999881239703,0.0009999999916913702,0.00005097596313907932,0.00005100117727624524,0.8622677520909561,52.08854721609209,48.39643915813784,0.019572564409000646,0.000612184601902399,0.00036586722479902686,0.0063459057488425685,0.004170999999999912,0.004170999999999898,0.004170999999999948,0.0010317099999995762,0.0010317099999995584,0.0010317099999995834,-0.5408207860177504,9.80694070561128,0.9671360416740427,-0.0008269216109904804,0.0052206395480024126,0.00008937526276328643,-6.0735002565383915,-22.323563327789305,10.46493793964386,980.5009326171875,0.09384924056358127,25.39175517935324
2025-03-01T17:39:33Z,39.97344382976846,-75.74924637993628,105.22035851079418,-33.225285843618565,-50.136480903417755,-0.6215733896532578,1.5217037596550016,6.248975290214419,0.5753693305442982,0.0009999999956865728,0.0010000000056670576,0.0009999999990277589,0.0009999999892955325,0.0009999999882437168,0.0009999999918423944,0.00005197259031741291,0.00005200123419101891,0.8622964617593711,54.16933138257197,50.28444996048105,0.02039911186444327,0.0006142576273731844,0.0003750140750232043,0.006355845856040257,0.0041719999999999145,0.0041719999999999,0.004171999999999947,0.001031719999999577,0.0010317199999995588,0.0010317199999995822,-0.2518475750021301,9.65045014126521,0.8092895078295038,0.0011505444263586442,-0.00309796991820861,-0.0011452056146119835,-7.145250301361084,-21.900188426971436,10.086937894821167,980.6500634765625,-0.08769820112877783,25.14789486288226
2025-03-01T17:39:34Z,39.96941191169687,-75.75013657917272,104.97625790230819,-32.57805265919349,-51.389640127061696,-0.7094328788494498,1.5219147165167635,6.249801782043358,0.5708502901940724,0.000999999995374252,0.0010000000057618847,0.0009999999994075458,0.0009999999895122244,0.0009999999882362802,0.0009999999914441172,0.00005296866557337327,0.00005300129695420276,0.8662216723995433,56.15355931382093,52.39933766550924,0.021057522349471423,0.0006172870256098661,0.0003829164131800675,0.006365881121573924,0.0041729999999999155,0.004172999999999901,0.004172999999999944,0.0010317299999995772,0.0010317299999995592,0.0010317299999995817,-0.19685841770051013,9.662159284429666,0.8899145498116009,-0.0025067998290429832,-0.004522653722885024,0.0007002406189652657,-7.222875318527222,-20.7450008392334,9.31987536430359,980.8830908203125,-0.07011814307453944,23.861740091565082
2025-03-01T17:39:35Z,39.966115525640895,-75.75095342465599,104.56226619173299,-32.2556865788534,-52.27871046229503,-0.7511496430498594,1.5235614964953632,6.257494233503686,0.5703124134788098,0.0009999999955548889,0.001000000005594378,0.000999999999211291,0.0009999999893000714,0.0009999999884841458,0.0009999999913693218,0.00005396418090569783,0.000054001367067045433,0.8744328820355217,58.075732139839936,54.736262810603485,0.022356814028875356,0.0006219157955048496,0.0003885042805038241,0.006375623367459398,0.004173999999999914,0.004173999999999899,0.0041739999999999425,0.0010317399999995773,0.0010317399999995593,0.0010317399999995808,-0.32271500545153375,9.7290542990309,0.7062784902689073,-0.000053159725919517094,-0.0002669620064883239,-0.006039634531500304,-7.33068781375885,-21.864000778198243,10.154437837600709,980.9949609375,-0.015087653444319196,25.1968958760151
2025-03-01T17:39:36Z,39.95814529249067,-75.75204946134289,104.58928601154966,-30.6059385278481,-53.545201957898506,-0.7679440479271554,1.5220758285806577,6.256331701295423,0.5678858149982796,0.0009999999954726719,0.0010000000057223404,0.0009999999994191352,0.0009999999892808915,0.0009999999882851953,0.0009999999913986644,0.00005495915440371822,0.000055001445984229945,0.8867299871518612,59.90816626236648,57.28677667931313,0.023400511684643847,0.000628178798307715,0.00039232313977927987,0.006385872395668323,0.004174999999999913,0.004174999999999898,0.004174999999999942,0.0010317499999995773,0.0010317499999995595,0.0010317499999995807,-0.262994462287891,9.686558181944708,0.9229041288620206,-0.005098302093856238,-0.0027474736735244804,0.005904774989601371,-9.314062905311584,-20.65781318664551,9.242625448703766,980.7250366210938,-0.040965584838689006,24.47285542258462
2025-03-01T17:39:37Z,39.954832613169636,-75.7528372818988,104.12207033379093,-30.050911954613735,-54.22659951412088,-0.7547665107824824,1.5223483874125434,6.260411371089242,0.5641328868516712,0.000999999995609912,0.0010000000057935156,0.0009999999992677104,0.000999999989201658,0.000999999988503518,0.0009999999912625906,0.00005595363097052957,0.00005600153512103207,0.9015608988462158,61.74837665654848,60.04026804326755,0.024220633434984748,0.0006354571666463062,0.0003942579590145807,0.006395784503214952,0.004175999999999915,0.004175999999999898,0.004175999999999939,0.0010317599999995766,0.0010317599999995586,0.0010317599999995803,-0.19581564300302928,9.769652548466365,0.8884520562768824,-0.0007963785649343505,-0.0037183478658596586,-0.0021911864073615285,-8.810625352859496,-21.349313297271728,7.9711878144741055,981.0650463867188,0.03704806609610125,24.43271680751239
2025-03-01T17:39:38Z,39.947913815054875,-75.75376411275417,103.98358824219274,-28.887376486350032,-54.61216888654283,-0.8112120539601364,1.5225282720399864,6.269618021526941,0.5705381099488377,0.0009999999955213159,0.0010000000056541775,0.0009999999991965023,0.000999999988845735,0.0009999999881133113,0.0009999999912107152,0.00005694769832434014,0.00005700163520732668,0.9193081277644793,63.5765195237362,62.8628198071234,0.025259443774862767,0.000644881125746155,0.0003932004853442466,0.006405605676710555,0.004176999999999914,0.0041769999999999,0.004176999999999938,0.0010317699999995752,0.0010317699999995592,0.0010317699999995806,-0.3643560009073597,9.669847744232387,0.6421201216237705,-0.001202787304033389,0.006465568642639619,-0.004029288841284978,-10.233375406265258,-22.033688297271727,8.007000346183776,980.891904296875,-0.07683447073531349,25.579578738842454
2025-03-01T17:39:39Z,39.93675116560403,-75.7547870936983,104.21354013153397,-26.610962973212853,-54.53436435556592,-0.8494670545730688,1.5227641479769514,6.272616860138858,0.565977484435361,0.000999999995843293,0.0010000000054864687,0.0009999999992936733,0.000999999988976468,0.000999999988213711,0.000999999991230231,0.00005794147880267501,0.00005800174647933445,0.9388222778518341,65.43273505534457,65.739247985765,0.02563641954985027,0.000654080685755525,0.0003916278921587209,0.0064158157286927425,0.004177999999999912,0.004177999999999902,0.004177999999999939,0.0010317799999995745,0.0010317799999995593,0.001031779999999581,-0.2552772907098051,9.626960570647626,0.7341548797691825,-0.0012239831398302035,-0.0050826130946974935,0.005179915463202555,-10.373062925338745,-22.56206340789795,7.186500304341316,980.6504077148437,-0.11652438677218778,25.851311392640987
2025-03-01T17:39:40Z,39.92432101650334,-75.75574610974472,104.60818087664613,-24.059768126983048,-54.050095532234266,-0.7491810095410057,1.5186929063907637,6.282367969867273,0.5684025799182699,0.0009999999955161362,0.0010000000053585895,0.0009999999994856534,0.0009999999891346662,0.0009999999880424546,0.000999999991077714,0.000058935092467593814,0.00005900186906228254,0.9576737312335266,67.40603045774412,68.64286827708885,0.026128718344374368,0.0006641938486045875,0.00038812086071794705,0.006425803000804958,0.004178999999999914,0.004178999999999901,0.004178999999999941,0.001031789999999574,0.0010317899999995595,0.001031789999999581,-0.29771000662464964,9.736272723510341,0.9106255465902001,-0.004400480798287541,0.0020645050153536033,0.00008937523622667932,-10.832250437736512,-21.959063329696654,7.594875361323357,980.547470703125,0.008459256686545421,25.636256361008435
2025-03-01T17:39:41Z,40.07814228952655,-75.70188458456963,103.6390826748185,-31.955477941117294,-6.3039233342126835,-0.4596996088114252,1.4219782405991148,0.04914308494936787,0.5861368658692221,0.0009999999956468698,0.0010000000054329957,0.000999999999522915,0.0009999999887656745,0.0009999999876334213,0.000999999991105848,3.075871893723988e-10,3.0758727998691126e-10,0.55860241050371,0.002146783879256325,0.00214678761189255,0.012950523281984063,0.00017802530796478446,0.00015683515510627792,0.006414089449990203,0.004179999999999911,0.004179999999999902,0.00417999999999994,0.001031799999999574,0.0010317999999995596,0.001031799999999581,-0.33438687841744325,9.661139345382585,0.7849049435160457,-0.00027146848517637626,-0.00033405683017950663,0.0011179984641916988,-8.239125361442566,-20.978625774383545,9.17625039100647,980.2438940429688,-0.08105866739813493,24.334893107169467
2025-03-01T17:39:42Z,40.077972233277315,-75.7019546558447,104.4199014478392,-32.0582639308096,-5.6346119759226,-0.49497450995353015,1.4146712917831081,0.05735632440760937,0.5890365904592465,0.0009999999954684736,0.0010000000053867295,0.0009999999997301584,0.0009999999889575624,0.0009999999873865292,0.0009999999914484577,1.0003075873208678e-6,1.000307587537034e-6,0.595268073779325,0.020504022604532608,0.019088747346182607,0.012730407907618571,0.0001880435759553618,0.00016630260878415355,0.006424895179378372,0.004180999999999912,0.0041809999999999035,0.004180999999999941,0.0010318099999995735,0.0010318099999995591,0.0010318099999995806,-0.2435524565580542,9.62508621914638,0.8633274158244135,-0.005988729194563095,0.0030011639209574542,-0.004410661735525336,-7.732687816619873,-20.8158758354187,7.988812823295593,980.05216796875,-0.113074784590446,23.599022819335335
2025-03-01T17:39:43Z,40.07780340371762,-75.70201536260986,105.05571843727503,-32.139205581308836,-4.760507465577652,-0.5130509202051531,1.41942585964827,0.06334686047701896,0.5874860460686709,0.0009999999953365776,0.001000000004932153,0.0009999999993851177,0.0009999999893817559,0.0009999999876994332,0.0009999999915639144,2.0003075881981046e-6,2.000307589639803e-6,0.6296383759037192,0.07718415178521051,0.06862807329248544,0.012517735730174381,0.0001980052118692857,0.00017570564605748565,0.0064353772404094674,0.004181999999999911,0.004181999999999904,0.00418199999999994,0.001031819999999574,0.00103181999999956,0.0010318199999995795,-0.20984242524382513,9.680321159732621,0.7350479362487256,0.006137604832210442,-0.0015958433071027716,-0.0031280119125332707,-7.373625297546386,-20.699250774383543,7.951125321388244,980.1498022460937,-0.06951174226505458,23.367656067679366
2025-03-01T17:39:44Z,40.077633070032576,-75.70206440339217,105.31437421102217,-32.203393345082674,-3.706980622576741,-0.6929653194881006,1.4339188094921478,0.06552569733396307,0.5807199708732114,0.0009999999954837671,0.0010000000045658787,0.0009999999989546544,0.0009999999899107325,0.0009999999873805867,0.0009999999912833693,3.0003075884153687e-6,3.000307598544173e-6,0.6596600835849876,0.1776690884201697,0.1509475378050707,0.012525752345954507,0.00020789674372812791,0.00018513229089629028,0.006445346462313682,0.004182999999999911,0.004182999999999903,0.004182999999999939,0.0010318299999995746,0.0010318299999995603,0.0010318299999995783,-0.140022997125666,9.582015386258597,0.4819513715741475,0.015696971320144745,-0.00712901009475722,-0.0009185516298206821,-6.646312780380249,-19.767000732421874,8.39362530708313,980.3954467773438,-0.18493416875239085,22.48017907300734
2025-03-01T17:39:45Z,40.07745790471142,-75.70210436613547,105.17584915107395,-32.048489827725376,-3.2273458629517067,-0.7779976263907633,1.4326975470714238,0.06876032334184087,0.5800739849053864,0.0009999999953473316,0.0010000000044545023,0.0009999999987400838,0.0009999999898298243,0.0009999999877756875,0.00099999999159058,4.00030757647602e-6,4.00030762320503e-6,0.6852880356215302,0.3043116178154531,0.26822342838583935,0.012609330849910342,0.00021792374995915253,0.00019456895823002516,0.006455643322958005,0.004183999999999913,0.0041839999999999005,0.004183999999999942,0.0010318399999995752,0.0010318399999995607,0.001031839999999579,-0.3028146996108356,9.615554816559358,1.020495991263342,-0.0008522909528250742,-0.0007546530935340943,-0.0018862542386071466,-7.0273127841949465,-19.90500086784363,8.281875314712524,980.6462377929688,-0.10583954575841917,22.675522865221033
2025-03-01T17:39:46Z,40.077274360110785,-75.70213824412585,104.8998550731722,-31.988750535995838,-2.6970681010341298,-0.8258033736868049,1.4385755734973984,0.07167742649223412,0.5804337520138629,0.0009999999957279876,0.0010000000046260903,0.000999999998659129,0.0009999999900107365,0.0009999999877037843,0.0009999999919965163,5.000307510469716e-6,5.000307676895006e-6,0.7071624581977087,0.472229449789577,0.42440077390328346,0.012810553371863185,0.00022798106613739361,0.00020409380171622636,0.006465939575134889,0.004184999999999915,0.004184999999999901,0.004184999999999943,0.0010318499999995758,0.0010318499999995615,0.0010318499999995793,-0.38761737562470594,9.67125988575224,0.9017217665363916,0.0059333153800916055,0.00023191095830477808,-0.0017534000045965653,-7.312312827110291,-21.186188287734986,8.06643786907196,980.748076171875,-0.05925658512691112,23.81993892788547
2025-03-01T17:39:47Z,40.077081918647806,-75.70216483400559,104.47917252455929,-32.0504550343521,-1.9655345806767905,-0.9169293234205081,1.4334072829117868,0.07322388937541144,0.5839649864750771,0.0009999999954974578,0.0010000000049950229,0.0009999999986776652,0.0009999999904754886,0.00099999998748967,0.0009999999916989184,6.0003072854326805e-6,6.000307778418766e-6,0.7258013087524896,0.6898726160399191,0.6206383500553834,0.013292150658527055,0.0002380075780983786,0.00021371297449946356,0.006476052361201193,0.004185999999999917,0.0041859999999999025,0.004185999999999947,0.0010318599999995758,0.0010318599999995614,0.0010318599999995792,-0.3910300891716775,9.669473082855683,0.649847757857392,-0.005561123350580006,0.00322514811378868,-0.0002771433256470229,-6.628687772750855,-21.390563163757324,8.040375323295594,980.863330078125,-0.0811044460581338,23.793715759602506
2025-03-01T17:39:48Z,40.076816909210464,-75.70218226260849,104.43199790927784,-31.972302635331957,-1.1615814810275535,-0.8916768779294184,1.4375716070007654,0.07035591803479589,0.5840759743696721,0.0009999999952662792,0.001000000005151259,0.0009999999988030684,0.0009999999900929246,0.000999999987523195,0.0009999999918217603,7.000306692331082e-6,7.000307951106596e-6,0.7421010417130345,0.9595672114054339,0.8597743717060672,0.014013784235400051,0.0002477419746705727,0.00022348921365584963,0.006485309625267773,0.004186999999999919,0.004186999999999904,0.004186999999999948,0.0010318699999995753,0.001031869999999561,0.0010318699999995787,-0.2648773475652269,9.757911343866576,0.6438460912619979,0.003373692061932835,-0.0011852617843251458,0.003972038871405698,-7.75912531375885,-20.967938346862795,8.004000334739684,980.591259765625,0.0023520678565683755,23.74700129546699
2025-03-01T17:39:49Z,40.07646433722367,-75.70219170727823,104.58069157351149,-31.796539348758422,-0.3300783899217074,-0.9458259664414904,1.435854872665429,0.06670460516087985,0.5819332008895558,0.0009999999951308877,0.0010000000053467957,0.000999999999092072,0.0009999999898510456,0.0009999999878839488,0.0009999999914857075,8.000305369453016e-6,8.000308223463763e-6,0.75726761293816,1.2811410730774964,1.1386174222067678,0.015061146141002795,0.0002572228615715003,0.00023340366735970347,0.006494433738963939,0.004187999999999922,0.004187999999999902,0.004187999999999946,0.0010318799999995748,0.0010318799999995602,0.0010318799999995782,-0.12869696690289664,9.671467120483333,0.5828487262383897,-0.003229656470966534,-0.0037896158272429587,0.004212712790846189,-8.99831286907196,-19.539375677108765,9.587437891960144,980.4431616210937,-0.09058622076523666,23.5515053994178
2025-03-01T17:39:50Z,40.076063772315,-75.70219473762154,104.58031080626425,-31.56579290963931,0.4334898055124637,-1.0135993541166344,1.4348046929476326,0.06342646287583727,0.5818989732058679,0.000999999995172241,0.0010000000056544327,0.0009999999988113044,0.0009999999900621142,0.0009999999881767068,0.0009999999918385912,9.000302754266966e-6,9.000308628413121e-6,0.7727146237577486,1.65450547564691,1.459338462307198,0.01634182414181242,0.00026638370746016296,0.00024338869999817315,0.006503703121948132,0.0041889999999999246,0.004188999999999903,0.004188999999999945,0.001031889999999575,0.0010318899999995604,0.0010318899999995784,-0.049131041407113094,9.662629985241155,0.6266648368268025,-0.003235664365221675,-0.0016158715412695466,0.0035214009663253696,-7.416562824249268,-17.624625759124754,8.804250359535217,980.5188110351562,-0.09748334876566528,21.05102184863115
2025-03-01T17:39:51Z,40.07558444513534,-75.70219391231834,104.54599947401707,-31.70664335747747,1.1355026865881117,-1.0389574542093265,1.4372107084690622,0.06317764648289576,0.5933633583899094,0.000999999995569346,0.0010000000058186195,0.0009999999985571882,0.000999999990428046,0.0009999999879322663,0.0009999999915751249,0.000010000298049904263,0.000010000309202867011,0.7901694178939472,2.0860760347937894,1.8270217504801698,0.018051090148359483,0.0002751657406779301,0.00025331558637062084,0.006513568167651186,0.0041899999999999256,0.004189999999999905,0.004189999999999943,0.0010318999999995744,0.0010318999999995593,0.0010318999999995773,-0.3314089284686523,9.713381456369468,0.38914973119020124,-0.0012647083075679234,0.010097376828244265,0.0014943646125153102,-6.928687806129456,-18.218063220977783,8.588062815666198,980.5304052734375,-0.05379647946291218,21.299230012749057
2025-03-01T17:39:52Z,40.07475524008144,-75.70220349493599,105.12767188186457,-31.86783657714238,1.2997661563406346,-1.0065940141496619,1.443669284524091,0.06529931001270338,0.6094797039909077,0.000999999995397591,0.00100000000578784,0.0009999999984246133,0.0009999999904783028,0.0009999999881464725,0.0009999999915146574,0.000011000290219354228,0.000011000309986445893,0.8106519244347531,2.5521549809474844,2.2356464414281763,0.019446991472613244,0.0002832755937632364,0.0002631555395791648,0.006523938096424851,0.004190999999999925,0.004190999999999904,0.00419099999999994,0.0010319099999995746,0.00103190999999956,0.001031909999999578,-0.5631936784702439,9.67222479883248,0.46627838123671944,-0.0005723948019763366,0.014169808633741262,-0.0013563377553322572,-6.771375284194947,-18.460688333511353,8.565750312805175,980.0903344726562,-0.08081618090644008,21.448040336274175
2025-03-01T17:39:53Z,40.07400078959158,-75.70221513551918,105.29940180192142,-32.16676224814251,1.2788527894865396,-1.0144941312383953,1.4390900779860096,0.06588675774936446,0.6314363016947314,0.000999999995187536,0.0010000000057342347,0.000999999998190737,0.000999999990447041,0.0009999999883467763,0.0009999999916148216,0.000012000278014152305,0.000012000311017486993,0.8333757285463215,3.051566015178978,2.681612611460267,0.02041918136885219,0.0002903829706994798,0.0002728240677153196,0.006534038071155954,0.004191999999999927,0.004191999999999905,0.004191999999999941,0.001031919999999574,0.0010319199999995598,0.0010319199999995776,-0.7536015642312607,9.648194639231413,0.5523696526646734,-0.011247006287177595,0.02016496314823482,0.000737459714337797,-7.64568781375885,-19.556625747680663,7.243312778472901,980.3624462890625,-0.08730613436699247,22.212192011439058
2025-03-01T17:39:54Z,40.07325809364128,-75.7022330657872,105.34591160067536,-32.22874764041433,0.8695163297174758,-0.8534848560424553,1.4461917271543514,0.06459766946470107,0.6504134906017979,0.0009999999950410828,0.0010000000057647884,0.0009999999980046914,0.000999999990134621,0.000999999988233395,0.000999999991538463,0.000013000260014184743,0.00001300031233508657,0.8556194174916435,3.5735476985855215,3.1603266947040125,0.020074709579068817,0.00029638643365635203,0.0002823509330301185,0.006543751933887547,0.0041929999999999286,0.004192999999999908,0.004192999999999943,0.0010319299999995727,0.0010319299999995602,0.0010319299999995784,-0.775995372532711,9.779582865073511,1.004025395504456,0.0009954913565958109,0.01717322669183296,0.002135772537055278,-8.09981285572052,-20.349188385009764,6.835500292778015,980.5003125,0.08097258926205171,22.94380455074773
2025-03-01T17:39:55Z,40.072247984638416,-75.70227358922513,105.7139444011048,-32.165125727345966,0.6123571360091347,-0.8609403938929624,1.4577256888080061,0.06513567354164808,0.6648775407066039,0.0009999999952600535,0.0010000000056014436,0.0009999999979073955,0.0009999999900767295,0.0009999999882675274,0.0009999999918361487,0.000014000234668980914,0.000014000313975555087,0.8761075651900685,4.178915645141914,3.6498644513985803,0.020715811336213925,0.000301486372974383,0.00029175703138765036,0.006553785657163981,0.0041939999999999296,0.004193999999999908,0.004193999999999943,0.0010319399999995731,0.0010319399999995599,0.0010319399999995779,-0.47689711948244784,9.647527739472174,0.5923807868469367,0.003974542386374347,0.012514131281199579,-0.001055077792172553,-7.654875311851502,-20.223563232421874,7.14056282043457,980.3308129882812,-0.1031085408369607,22.772240722038866
2025-03-01T17:39:56Z,40.07114971792885,-75.70232776163307,106.06855947572453,-32.12651203841376,0.2646078792105633,-0.8084614106776911,1.4599292267741655,0.058579854945864575,0.6813433496844459,0.0009999999953987512,0.0010000000054755018,0.0009999999976324154,0.000999999990007528,0.000999999988059045,0.0009999999916020014,0.000015000200381702417,0.00001500031597000847,0.8958454837484867,4.84135582386683,4.160995041484903,0.02132717573262847,0.00030541791046907545,0.00030095867067709653,0.00656263173709328,0.004194999999999927,0.004194999999999905,0.004194999999999942,0.001031949999999573,0.0010319499999995587,0.0010319499999995767,-0.48785964675301424,9.715654523208102,0.5019314398165609,-0.005673115192923349,0.013721840778747715,0.005974039636567111,-8.092125353813172,-20.469375839233397,6.8043752813339236,980.328125,-0.039688449807679646,23.038555079646677
2025-03-01T17:39:57Z,40.069651705606546,-75.70242017182653,106.80840700980657,-31.945881414225653,-0.6176693676843521,-0.726217715216529,1.46508703614812,0.06327195470024961,0.7007569419112362,0.0009999999953173523,0.0010000000057103103,0.000999999997625226,0.000999999990106755,0.0009999999882781914,0.0009999999914223998,0.000016000155567314618,0.000016000318348740387,0.9138320196348557,5.538188017234763,4.682883661812651,0.021388753855918412,0.0003090221306379955,0.000309929672624407,0.006573395181052029,0.004195999999999925,0.004195999999999903,0.00419599999999994,0.0010319599999995726,0.0010319599999995582,0.0010319599999995765,-0.5733631685243232,9.689453139935422,0.6005954936296141,-0.005143699760800845,0.0173564865615419,-0.00581565060505663,-8.548875389099122,-20.613938274383546,5.930437734127045,980.0817260742188,-0.055458231733436204,23.090809107516556
2025-03-01T17:39:58Z,40.06763797979528,-75.70256712554395,108.05636929070839,-31.69439632031588,-2.0110072916598956,-0.5384957291990673,1.4849814695580608,0.06341002354934563,0.7260250317474264,0.000999999995533216,0.001000000005292321,0.0009999999978598743,0.0009999999899932385,0.000999999988105792,0.0009999999917393403,0.000017000098681846477,0.00001700032114344128,0.9290773396476086,6.2859668258184,5.2233911995715046,0.02140395385294799,0.00031196329412739123,0.00031859588627208607,0.006583555813488192,0.004196999999999922,0.004196999999999906,0.004196999999999939,0.0010319699999995727,0.0010319699999995584,0.0010319699999995764,-0.7194744223477975,9.752027415660713,0.45524458771741816,0.006548185899731417,0.021987542665151415,-0.001946339621547262,-8.112750353813171,-21.370688343048094,5.526562712192535,979.7502319335938,0.008856318875749706,23.51730304631877
2025-03-01T17:39:59Z,40.06581306361798,-75.70272049927325,109.120988245364,-31.3938536317827,-3.2084497394362055,-0.40966505701850475,1.489633276642333,0.049955907867858404,0.741164817549587,0.000999999995818937,0.001000000005516696,0.0009999999977370493,0.000999999989897809,0.0009999999879702127,0.000999999991987926,0.000018000028227405897,0.000018000324386508398,0.9412877612530417,7.081396225277873,5.766527379728623,0.02118095097835898,0.00031363717935971303,0.0003273594491127759,0.0065913836878950275,0.004197999999999921,0.0041979999999999075,0.004197999999999937,0.001031979999999572,0.0010319799999995575,0.0010319799999995755,-0.5793053527851936,9.74113801224497,0.40657745361790487,-0.00604981566306389,0.011359831193326637,0.01121729529838681,-8.07225037574768,-20.183250770568847,5.645625236034394,979.82453125,-0.01331634944838588,22.458754159303535
2025-03-01T17:40:00Z,40.06406597976238,-75.70288484966026,110.04332131254253,-30.95630766360121,-4.381600997864357,-0.43172363051512463,1.4984962440359912,0.0542614420065205,0.7590931425097287,0.0009999999958946431,0.0010000000055927995,0.0009999999976557602,0.0009999999900702859,0.000999999988090662,0.0009999999922098177,0.00001899994262424362,0.000019000328111454152,0.9495711545086738,7.904126280687538,6.301170001882135,0.02043871968721709,0.0003157179302490014,0.0003359438163324926,0.006601925854923211,0.004198999999999922,0.0041989999999999085,0.004198999999999937,0.0010319899999995722,0.0010319899999995576,0.0010319899999995759,-0.4738766714074046,9.610027123492618,0.5045916519461264,-0.0007721773683081731,0.015938979922682037,-0.005881910895397783,-8.060812826156615,-20.56706325531006,5.29650021314621,979.8294482421875,-0.14507153546236076,22.71632450488687
2025-03-01T17:40:01Z,40.06232090392373,-75.70306426846356,110.89977075307421,-30.268408106847815,-5.709636964279375,-0.3113584163457085,1.5033865409739327,0.05653091403293903,0.7734124310641144,0.000999999995845812,0.0010000000056803787,0.000999999997404362,0.0009999999901554482,0.0009999999881888503,0.000999999992188731,0.0000199998398598531,0.000020000332363299986,0.9519941132073433,8.763870615335609,6.848469912120847,0.01884806898590985,0.0003176881892516126,0.0003445826860617507,0.006612107641715439,0.004199999999999922,0.004199999999999907,0.0041999999999999356,0.0010319999999995728,0.001031999999999558,0.0010319999999995762,-0.48363233079319684,9.748675440782677,0.7886314672062643,-0.003809978338350904,0.012357576658285727,-0.003921970142022405,-9.992437858581543,-20.902125778198243,4.691812710762024,979.7933325195313,0.012627765130449217,23.63807055095022
2025-03-01T17:40:02Z,40.06095040863088,-75.7032275432434,111.41482744340583,-30.051665447338255,-6.7378623703228575,-0.3687058498857828,1.511141236178034,0.05360070601698315,0.7938606608228785,0.0009999999959264462,0.0010000000056589163,0.0009999999973896582,0.0009999999905518993,0.0009999999883575808,0.0009999999919259972,0.000020999717354985052,0.000021000337207530798,0.9484176739116178,9.653803655488751,7.425803023324299,0.017697779648864678,0.000320184476126977,0.00035287235512403554,0.006621432897546201,0.0042009999999999235,0.004200999999999909,0.0042009999999999366,0.0010320099999995727,0.0010320099999995584,0.0010320099999995766,-0.7581910700001663,9.616774119136945,0.5389149316159979,0.0012306582591939336,0.0187729918914711,0.002439869884517969,-10.730437889099122,-22.22625078201294,3.513000144958496,979.92740234375,-0.1180720572099308,24.929644126942506
2025-03-01T17:40:03Z,40.05902740553564,-75.70344177714772,112.24599708170383,-29.42440293511795,-8.208640978195241,-0.23303332524705703,1.5146339307903476,0.054583405039018526,0.813557047223285,0.000999999995668235,0.0010000000054560133,0.0009999999971439983,0.0009999999902784195,0.0009999999881141744,0.000999999991832914,0.00002199957178691138,0.000022000342728734694,0.9397001396417333,10.600281831383036,8.03904445928216,0.016260250093285106,0.0003234822586361088,0.00036119209948532843,0.006631469460124735,0.004201999999999924,0.0042019999999999115,0.004201999999999939,0.0010320199999995722,0.0010320199999995577,0.0010320199999995757,-0.6935227533985172,9.776591689422034,0.7522206871572908,-0.004532834717054079,0.017896084018828598,-0.0020893753571410347,-10.655250396728515,-20.92800075531006,3.9343126448988914,979.6790942382812,0.050419392602822216,23.81159321652839
2025-03-01T17:40:04Z,40.05691963582499,-75.70367707475218,113.12690155806752,-28.995400042754746,-9.145796514756194,-0.2764683951545018,1.528072555841149,0.05549225687195469,0.8296038946849672,0.0009999999958796245,0.001000000005627658,0.0009999999969804625,0.000999999990065696,0.0009999999883334098,0.0009999999920589056,0.00002299939958287286,0.000023000349008786955,0.9291867155461456,11.648817243342078,8.691784887220114,0.016132730621422082,0.000327273159475405,0.0003697240470218182,0.0066415173569341285,0.0042029999999999255,0.0042029999999999125,0.004202999999999942,0.001032029999999573,0.0010320299999995587,0.0010320299999995765,-0.4658855592546508,9.645146074925371,0.11437393283694976,0.0057704175773745465,0.014291981661238053,-0.0022115484681576357,-11.534062900543212,-22.15500078201294,2.9176876194402577,979.565986328125,-0.12238844865234684,25.14734599951768
2025-03-01T17:40:05Z,40.056390541287364,-75.70380925662842,113.1019543810586,-28.82443791090388,-9.404975735530646,-0.15370742827440115,1.5224842569683767,0.054587276597938335,0.8450943738660878,0.0009999999962658562,0.0010000000053594128,0.0009999999968989376,0.0009999999900848927,0.0009999999881520373,0.000999999991896903,0.000023999196808587675,0.000024000356133589755,0.9181916571021687,12.739759683198034,9.39794623907612,0.01519016140928402,0.00033165055709808545,0.0003782122113554286,0.006651088608975134,0.004203999999999924,0.004203999999999915,0.004203999999999944,0.001032039999999572,0.001032039999999558,0.001032039999999576,-0.5486033430444248,9.882808933314966,0.5289121527581091,-0.0075117182767250774,0.015087774966189078,0.0013182818753145298,-11.862187938690186,-23.709563484191893,2.714062598645687,980.0763354492187,0.13271809121770411,26.64992175335662
2025-03-01T17:40:06Z,40.05518183655686,-75.70398677695368,113.42289901180685,-28.795394832157633,-9.971427740650572,-0.20973946955786688,1.5228829221151494,0.05682544733302439,0.869713401273627,0.0009999999959346925,0.0010000000052002253,0.0009999999970537513,0.0009999999899566628,0.0009999999879309425,0.0009999999922147582,0.00002499895863578726,0.000025000364211197125,0.9060926744429294,13.868587474555266,10.159464281644803,0.014848806530155668,0.0003374423859709503,0.0003861108392427209,0.006661281743898356,0.004204999999999925,0.004204999999999917,0.0042049999999999475,0.0010320499999995712,0.0010320499999995568,0.0010320499999995746,-0.7572515952587039,9.674577799473807,0.26536104447456366,-0.003769253571536765,0.023933465112517573,-0.0018246677031734564,-10.625625381469726,-22.06893835067749,2.1716250904649494,979.8641528320312,-0.07156955558024974,24.58974196843166
2025-03-01T17:40:07Z,40.05336109838316,-75.7042036028341,113.96037098344708,-27.898906964783002,-11.00346606369867,-0.16474780498268482,1.5228803951766279,0.049045937062767796,0.8777960222997434,0.0009999999959877418,0.0010000000052995985,0.0009999999969651273,0.0009999999898443804,0.0009999999881016765,0.000999999992363598,0.000025998678559645743,0.000026000373360376153,0.892124331106727,15.040714156436447,10.948438693412548,0.013651981844896653,0.00034244261729685435,0.00039523349609988024,0.0066700555650725845,0.0042059999999999225,0.0042059999999999155,0.00420599999999995,0.0010320599999995715,0.0010320599999995572,0.0010320599999995754,-0.4711308063572445,9.738651148431298,0.969073838744083,-0.004297167438436288,0.006735951351940848,0.007156547143626641,-9.91631287574768,-21.348000755310057,2.355750092081726,979.6716040039063,0.01883548425066639,23.656237034206917
2025-03-01T17:40:08Z,40.05153315739995,-75.70442374799946,114.46994158110563,-27.272006876390027,-12.054633231690019,-0.1271449201283348,1.5159293880865856,0.04791364040420977,0.8954749528274979,0.0009999999959308709,0.0010000000050608248,0.0009999999972336625,0.0009999999902284883,0.0009999999879462319,0.0009999999924040304,0.000026998347137973374,0.000027000383727676698,0.875218207700943,16.27001573159711,11.824318352876883,0.012957797146681976,0.00034934952429477886,0.0004036695681818695,0.006679860073771032,0.004206999999999921,0.004206999999999913,0.0042069999999999495,0.0010320699999995702,0.0010320699999995567,0.0010320699999995745,-0.6747391002280873,9.732045371368194,0.9026494725724608,-0.011058906582738719,0.016806707877282265,0.0012601999108364636,-10.665750379562377,-21.358875770568847,2.2520625990629197,979.6429833984375,0.017952278351437517,23.979765496498857
2025-03-01T17:40:09Z,40.05048625221277,-75.7046091809502,114.70877590475322,-26.616805939735073,-12.954740916495611,-0.011282226939177843,1.5083084738955357,0.05129656274731595,0.9124551389469231,0.0009999999958221685,0.001000000004936012,0.0009999999972471491,0.0009999999899296679,0.0009999999876917941,0.000999999992379023,0.00002799795193037487,0.00002800039549583291,0.8562190316153795,17.572300087498547,12.783071370311859,0.012506396421390623,0.00035747950863335214,0.000412150026872387,0.006690301419998777,0.004207999999999923,0.004207999999999914,0.004207999999999952,0.00103207999999957,0.0010320799999995562,0.0010320799999995736,-0.7019773878339965,9.814398375188217,1.3186018074977246,-0.00980663410734036,0.016786345642937937,-0.0026595160163416414,-10.827000408172607,-22.79268831253052,1.58343755684793,979.8105419921875,0.14840745271081884,25.283102703956946
2025-03-01T17:40:10Z,40.04834491424825,-75.70483931268501,115.4040382844424,-25.872129852936865,-13.803601513901077,0.15957718339040106,1.5033259348036832,0.05287104351294695,0.9260687791485193,0.000999999995959358,0.001000000004981463,0.0009999999971620245,0.0009999999899311207,0.0009999999879076265,0.000999999992803803,0.000028997477937630258,0.00002900040885167893,0.8370970680455521,18.997016140319033,13.845107504199188,0.012515118932492552,0.00036637218447802005,0.0004209538228876356,0.0067005649908927975,0.004208999999999925,0.004208999999999912,0.00420899999999995,0.0010320899999995705,0.0010320899999995562,0.001032089999999574,-0.5823774534260878,9.857115508903195,1.1388857808775759,-0.00800241233146476,0.013135009881019935,-0.0011351914166402577,-10.84518786430359,-22.983188457489014,1.1178750408813358,979.5349365234375,0.16083933914113638,25.438005226234555
2025-03-01T17:40:11Z,40.04574483845455,-75.7050784807636,116.36862088305473,-25.385030648958633,-14.478941688691341,0.39896416785204397,1.496198843861523,0.04790349855231485,0.9399838117456126,0.0009999999960283328,0.001000000004998309,0.000999999996925339,0.0009999999898049703,0.0009999999878099173,0.0009999999924436124,0.000029996910890256772,0.00003000042397843353,0.8208924767214947,20.53789013379203,15.023091705437697,0.012638991581739338,0.00037595252560071327,0.0004297466337599252,0.006709909409573845,0.004209999999999925,0.004209999999999911,0.004209999999999946,0.0010320999999995709,0.0010320999999995565,0.0010320999999995743,-0.6181887225120589,9.932563899988914,0.9084321270812121,-0.009867720688791288,0.013060071479824763,0.0056380634160962395,-10.883437871932983,-22.149375915527344,0.7980000315606595,979.3734106445313,0.2143088535433416,24.691665945282566
2025-03-01T17:40:12Z,40.0442882440306,-75.70528056067681,117.09583408853315,-25.130874674767732,-14.777551329809764,0.4038120870881223,1.4897624997436594,0.047840896292188476,0.9511376250979097,0.0009999999962182228,0.0010000000047552262,0.0009999999971080202,0.0009999999893643482,0.0009999999879994478,0.00099999999216206,0.00003099623782949765,0.00003100044104571562,0.8085263281148454,22.145587484527862,16.268829230090322,0.012762537981392333,0.00038613302232009476,0.00043876110142890767,0.006719945221691888,0.004210999999999924,0.004210999999999909,0.004210999999999946,0.00103210999999957,0.0010321099999995556,0.0010321099999995738,-0.5180458270899442,9.73151192686488,0.9020355829470926,-0.007681959113583137,0.010921877313198073,0.0009077009718175034,-10.50731288909912,-20.885813312530516,0.4256250227987766,979.5073876953124,0.008132277606771208,23.383746519360535
2025-03-01T17:40:13Z,40.042941602475935,-75.70547476830279,117.69897533991983,-24.982733486412577,-14.619986467468093,0.2589236511614395,1.4852209498069295,0.050124754450538545,0.9611351083124919,0.0009999999963318058,0.0010000000049687693,0.0009999999969352448,0.0009999999896069495,0.0009999999882187895,0.000999999991844891,0.00003199544860594048,0.00003200046019513626,0.7999230748201911,23.854034168995565,17.58454851504669,0.01259647477516361,0.0003967053957025681,0.0004478611509267397,0.006730326984099902,0.004211999999999924,0.004211999999999909,0.004211999999999946,0.0010321199999995694,0.001032119999999555,0.001032119999999573,-0.23737099029739017,9.617907729779892,0.6697480670835562,-0.005438951215742521,0.010026108897805367,-0.0013868811447762326,-11.085750408172608,-20.695688333511352,0.3817500188574195,979.4687133789063,-0.13471174007977685,23.480816078206285
2025-03-01T17:40:14Z,40.040575332511416,-75.70567867723717,118.42637122077765,-24.737933255802453,-14.664453107742794,0.25740614306174586,1.488156483172941,0.057450830814691115,0.9719548701538337,0.0009999999964950285,0.0010000000047319449,0.000999999997286502,0.0009999999897534505,0.00099999998799212,0.000999999991577342,0.00003299453520015529,0.00003300048157626233,0.7941448951049411,25.66195280711286,18.99918012954477,0.012574614539750307,0.00040780559797367195,0.0004568680934211378,0.006741483000046516,0.0042129999999999225,0.004212999999999909,0.004212999999999945,0.001032129999999569,0.0010321299999995542,0.0010321299999995724,-0.4075444872479419,9.72362733064999,0.825975202099355,0.0018915937385846457,0.011292401541019077,-0.00625243601282134,-10.805437908172607,-21.803063335418702,-0.024937500357627887,979.2546606445312,-0.011673435280411853,24.33370517079955
2025-03-01T17:40:15Z,40.038757585331346,-75.70586819377472,118.95412094742603,-24.499951498300906,-14.266627897050805,0.14345963493424754,1.4934426865745385,0.06731382163354081,0.9703190033460133,0.000999999996384007,0.0010000000047731285,0.0009999999974765429,0.0009999999900487488,0.0009999999880339653,0.0009999999914405847,0.00003399349100603259,0.000034000505341438216,0.7902368368460777,27.57945461366403,20.47545661563879,0.012465020042172443,0.000418090954064463,0.00046698356683936583,0.006753073201550742,0.00421399999999992,0.004213999999999906,0.004213999999999943,0.0010321399999995687,0.0010321399999995533,0.001032139999999571,-0.1355563975438195,9.65691078408086,0.6307450562169902,0.0052308206849285875,-0.0008676464035548022,-0.009847358379782711,-11.578125410079956,-22.4521883392334,0.8441250314563513,979.2833325195312,-0.1004291615422437,25.27575373449081
2025-03-01T17:40:16Z,40.037836045876105,-75.70604157478465,119.21369225513108,-24.490490495701156,-13.891551712861087,0.09611018717775544,1.4913754817015838,0.07749667630176807,0.979047686325752,0.0009999999960635109,0.001000000005038847,0.0009999999972112835,0.0009999999899739979,0.0009999999880115568,0.0009999999918263863,0.00003499231238147875,0.00003500053164841105,0.7876278654067866,29.602763782961414,22.04934965147139,0.012432483473820269,0.0004294712949390185,0.00047616878361248215,0.00676485801941528,0.004214999999999921,0.004214999999999907,0.004214999999999942,0.0010321499999995682,0.0010321499999995537,0.0010321499999995714,-0.38604504327843964,9.735395359034534,0.5257799070751072,-0.002700240267132493,0.00945596846605816,-0.009419752888514408,-10.923375425338746,-21.963750858306884,1.0633125492930413,979.3744702148438,-0.02168332083197384,24.55309797268749
2025-03-01T17:40:17Z,40.03659946099369,-75.70621312867914,119.4369896372452,-24.321141045014283,-13.272374315170758,-0.025617226828999865,1.4875665557365927,0.07777941765095973,0.9758499451925066,0.0009999999960906445,0.0010000000048552852,0.0009999999970426365,0.0009999999902014015,0.0009999999881040262,0.0009999999920042467,0.00003599099728846734,0.0000360005606519261,0.7860273117360473,31.732090197814433,23.680373661581413,0.012752846638928667,0.00043918297602042804,0.00048641040851250285,0.006774943943114882,0.004215999999999923,0.004215999999999908,0.004215999999999943,0.0010321599999995683,0.001032159999999554,0.0010321599999995718,-0.12428921571041361,9.677379160453885,0.5497414730324159,-0.0035360897354157865,-0.0031380261530813865,-0.0005543690937799046,-12.51075050830841,-22.017375926971436,1.1883750524744392,979.3165063476563,-0.08519341642432762,25.351397972648364
2025-03-01T17:40:18Z,40.03489790915542,-75.70638660441747,119.67714556678848,-24.178621733004984,-12.74963033537314,-0.008413381452724397,1.4882224004014224,0.07998757039721896,0.9723562001111802,0.000999999996244917,0.0010000000048430535,0.0009999999971021226,0.0009999999900874512,0.000999999987955029,0.0009999999921212577,0.00003698954412442531,0.00003700059248598053,0.7857196854622155,33.98064337370539,25.410307240694927,0.01333990244785255,0.0004490184528576634,0.0004965651558665362,0.006785390295862781,0.004216999999999923,0.0042169999999999075,0.004216999999999944,0.0010321699999995678,0.0010321699999995533,0.0010321699999995713,-0.2031935168925074,9.800918792719754,0.6091298899108937,0.0009751296998101767,-0.0032092940826528994,-0.002679877730938251,-10.827375469207764,-21.55743827819824,1.2703125519677996,979.2430712890625,0.04290489631686991,24.157119923656
2025-03-01T17:40:19Z,40.03350366320195,-75.70655494754004,119.83600910842773,-23.951999699489416,-12.402633509781957,-0.06780231589676244,1.4800804419484044,0.07564146515896367,0.9719665102135222,0.0009999999966299336,0.0010000000049409736,0.0009999999969998942,0.000999999990086504,0.0009999999880471754,0.0009999999921847759,0.00003798795012095929,0.00003800062726182797,0.7872657637310838,36.28716809253056,27.19531130046822,0.014038191737337098,0.00045868051453567155,0.0005061592898420157,0.006794708942350824,0.004217999999999921,0.004217999999999907,0.004217999999999943,0.0010321799999995682,0.0010321799999995522,0.001032179999999572,-0.2644850763296563,9.705661568308505,0.8228762963714323,-0.008062498935830295,-0.0006845533714229103,0.004012095032016213,-10.062937955856324,-19.988063201904296,0.03993750028312202,979.2641235351563,-0.03498986089133832,22.37821956925803
2025-03-01T17:40:20Z,40.03019386084952,-75.70676570123096,120.22283544053111,-23.79839474594302,-12.44610793645148,-0.12797898270424063,1.478068214569434,0.07723256087303967,0.9731162079275539,0.000999999996631651,0.001000000004777801,0.000999999996741746,0.0009999999900017962,0.0009999999879347628,0.000999999992214797,0.00003898621073226268,0.00003900066506915445,0.7909177528827953,38.6458660978536,29.038794932183094,0.014585025557703317,0.00046897539100986967,0.0005151024558830981,0.006805217472609781,0.004218999999999922,0.004218999999999906,0.004218999999999943,0.0010321899999995686,0.0010321899999995515,0.001032189999999572,-0.39757047407675045,9.64714007281763,1.03900048370711,-0.0019875648943913464,0.00163944475088975,-0.002649334495056851,-11.516437931060791,-20.304750843048097,-0.16143750205636023,979.03228515625,-0.06798542901778873,23.343841556783552
2025-03-01T17:40:21Z,40.02758116251857,-75.70697181999877,120.42457965895592,-23.63745062254047,-12.431637097623577,-0.19826841810206414,1.4782863272682372,0.0752659859335271,0.9716964913448828,0.0009999999965075105,0.0010000000049876065,0.0009999999964826198,0.0009999999899586445,0.0009999999883950998,0.0009999999921508171,0.000039984322656734476,0.00004000070598843038,0.7967051580878788,41.08392628873634,30.940084918546503,0.015320879309827475,0.00047876786266019274,0.0005235558800772505,0.0068150763780265595,0.004219999999999921,0.004219999999999905,0.004219999999999942,0.0010321999999995683,0.0010321999999995503,0.001032199999999572,-0.33360234923075566,9.651287586525271,1.0485318886546093,0.0004762560238460859,-0.0012748895626313876,0.0006493348521422286,-12.432375478744508,-21.324938373565672,0.2475000102818012,979.0884619140625,-0.06524873926209,24.685536327247224
2025-03-01T17:40:22Z,40.02539349798856,-75.70717555393117,120.48883102273561,-23.403934300269395,-12.36240197286321,-0.2604419468682419,1.4738517008327239,0.07870869564020362,0.9678402514030063,0.0009999999966521275,0.0010000000046589057,0.00099999999667925,0.000999999990043475,0.000999999988492503,0.0009999999922219386,0.00004098228672663926,0.00004100075005731052,0.8050764442095478,43.5884677344272,32.89130803257031,0.016417231974699978,0.0004887114802202342,0.0005312139140965735,0.0068258696942390075,0.004220999999999918,0.004220999999999903,0.004220999999999939,0.001032209999999568,0.0010322099999995503,0.0010322099999995717,-0.240556850342893,9.66588581372372,1.1203708300117583,-0.0039466717442197385,-0.0032006151226685016,-0.004990649535548073,-12.002437906265259,-21.11287582397461,1.2783750457316636,979.1290747070312,-0.04548903618786627,24.31961784414927
2025-03-01T17:40:23Z,40.02401604883708,-75.70736051968359,120.33685712131496,-23.309351492092684,-12.282599009441482,-0.38943464701859914,1.478466531388551,0.07919750519040827,0.9682590940377687,0.0009999999966288197,0.0010000000044434023,0.0009999999965599196,0.0009999999900714074,0.0009999999886765288,0.0009999999923326534,0.00004198010992913246,0.00004200079728579302,0.8158705153460968,46.10492690802281,34.87170472514735,0.017021733558469126,0.0004987282909985904,0.0005372200652543217,0.0068360680261696114,0.004221999999999916,0.004221999999999902,0.0042219999999999385,0.0010322199999995671,0.0010322199999995493,0.0010322199999995708,-0.4107708775667212,9.609891818995585,0.989987498564862,0.004752309898053362,0.0006493350595913388,-0.0012850702051678939,-11.30531289100647,-20.25225086212158,0.14081249587237832,979.2254931640625,-0.1095908668196744,23.194422501563672
2025-03-01T17:40:24Z,40.021957453805605,-75.70757655084215,120.14925900452414,-23.407804647437228,-12.34054866138416,-0.5189353267771601,1.4819499352603682,0.0766315502401915,0.9686260637437651,0.0009999999963833889,0.0010000000045037847,0.00099999999632348,0.0009999999902553553,0.0009999999889428208,0.0009999999925507962,0.000042977805426786625,0.00004300084768908394,0.8280313217441073,48.632907867663754,36.876004220283406,0.0174688249768209,0.0005084870957718355,0.0005418070376814171,0.006845809676030866,0.004222999999999917,0.004222999999999903,0.0042229999999999395,0.0010322299999995675,0.0010322299999995497,0.001032229999999571,-0.4298251997228039,9.604456954138643,0.9181577023570856,0.003764244626815221,0.00048460128118127475,0.0010679277330056453,-11.799562978744508,-20.064563217163087,-0.43012501373887063,979.1912255859374,-0.12125129155572247,23.280872510490287
2025-03-01T17:40:25Z,40.01827140448144,-75.70787245442641,120.10144733113259,-23.799723557084256,-12.648313762042733,-0.5610562818483744,1.4823465881234064,0.07597659864930081,0.9676685675616333,0.0009999999962763927,0.0010000000042427318,0.0009999999965768236,0.0009999999905075652,0.000999999988756265,0.0009999999924884594,0.000043975391153577313,0.00004400090124665329,0.841381254593098,51.18658146726526,38.90834057962644,0.018251105479656634,0.0005183508234982576,0.0005449517506099375,0.006856181420283335,0.004223999999999916,0.004223999999999902,0.004223999999999939,0.0010322399999995674,0.0010322399999995496,0.001032239999999571,-0.31226634930674924,9.675933701828585,0.9274151847200601,0.001117664856675847,-0.00025678119820304695,-0.0026187917570364575,-11.784375467300414,-20.84062568664551,0.05737499788403508,979.0624975585938,-0.053742308956258394,23.94168003126779
2025-03-01T17:40:26Z,40.014112951743655,-75.7082124044386,120.0895511282507,-24.299164643337804,-13.205050846050751,-0.5793179645287658,1.4793311849655155,0.06929993566676211,0.961958789883998,0.00099999999619207,0.0010000000045304587,0.000999999996691893,0.000999999990361803,0.0009999999888932933,0.000999999992666112,0.00004497288801858119,0.00004500095792580028,0.8560808914240061,53.70740991950397,40.948271248954484,0.019065088144238962,0.0005273233975262454,0.0005468043924359503,0.006865549743082703,0.0042249999999999155,0.004224999999999905,0.004224999999999936,0.0010322499999995674,0.0010322499999995492,0.0010322499999995708,-0.292366034412603,9.678565827047555,1.0714631087888735,-0.0017535669970782128,-0.00534364922953182,0.00216948691021533,-11.636812925338745,-19.481250743865967,0.04687499850988387,979.0302709960938,-0.03689666588855922,22.692166856135074
2025-03-01T17:40:27Z,40.00639612694359,-75.70876730722284,120.55376773361145,-25.94903038570416,-14.615530496781062,-0.6176659956585917,1.4789565108745497,0.062391016979085626,0.9588821511750767,0.0009999999963089998,0.0010000000041532574,0.0009999999967109053,0.0009999999903231144,0.0009999999891237722,0.0009999999925195818,0.000045970318887961876,0.00004600101773538346,0.871302634283909,56.15628588193865,42.96821797580236,0.019476713243840604,0.0005367446067449297,0.0005467153946164543,0.006875643315333184,0.0042259999999999165,0.004225999999999904,0.004225999999999938,0.0010322599999995673,0.001032259999999549,0.0010322599999995706,-0.3077127919305572,9.606457489259284,0.9779390424757566,0.0016368994750227675,-0.0017635808455731521,-0.001559959229276168,-11.869687938690186,-18.102563238143922,-0.2191875155642629,978.6881982421875,-0.11783125988291236,21.648051431079633
2025-03-01T17:40:28Z,40.00243190621758,-75.70915635294453,120.44169290844789,-26.649582929060443,-15.367836672822651,-0.6834652434016882,1.474455499726611,0.06082857673659876,0.9562144599501478,0.0009999999963962503,0.0010000000043753744,0.0009999999966859728,0.0009999999903735944,0.0009999999890504322,0.0009999999926743417,0.00004696770573419546,0.000047001080771382515,0.886011094746949,58.533835203809105,44.99409831001311,0.019817518254340645,0.0005460912944623614,0.0005451057061298822,0.006885978621789145,0.0042269999999999175,0.004226999999999904,0.00422699999999994,0.0010322699999995662,0.0010322699999995482,0.0010322699999995699,-0.2845893598969127,9.621018416718464,1.1381431036748597,-0.003280561802545111,-0.0017941243770269065,-0.0030260346842786593,-11.161875419616699,-18.81618815422058,-0.09225000042468313,979.0136328125,-0.08648119490717132,21.87790406719736
2025-03-01T17:40:29Z,39.99982343429246,-75.70948531880276,120.08393297778863,-27.175849938351668,-15.842337884813492,-0.7304393996708242,1.4729073794118295,0.06451900151849714,0.9560869384248857,0.0009999999963450031,0.0010000000041405057,0.0009999999969181714,0.0009999999907167267,0.0009999999887820308,0.000999999992668278,0.000047965066491349704,0.00004800114727443225,0.8990156868832877,60.846837950919664,47.03885318312245,0.01958957583500193,0.0005556738017456047,0.0005421186585489161,0.00689702783242349,0.004227999999999917,0.004227999999999902,0.004227999999999939,0.0010322799999995663,0.0010322799999995485,0.0010322799999995702,-0.38628367018607984,9.662473129268086,1.0551369898777436,-0.0007621634153601421,0.0008951828199099336,-0.006572889639815555,-10.018875398635863,-18.91706320762634,0.5145000209659338,979.1674072265625,-0.05113289454006667,21.412512207809066
2025-03-01T17:40:30Z,39.99627295244135,-75.70988928567022,119.7868684836731,-28.368554375304463,-16.49553576628237,-0.8449277007408008,1.471664908235481,0.059588129106071884,0.959642735154874,0.000999999996272578,0.0010000000042605002,0.0009999999969900269,0.0009999999908237576,0.0009999999883369016,0.0009999999924083834,0.000048962414025538994,0.00004900121751107131,0.9081558823507724,63.09476496009515,49.078787952176484,0.018611652079826436,0.0005648125537546633,0.0005382164403047718,0.00690667636044086,0.004228999999999918,0.004228999999999904,0.00422899999999994,0.0010322899999995667,0.0010322899999995487,0.0010322899999995704,-0.48359244554621056,9.602593667344086,0.7578039345449232,-0.0003076864207307838,0.004019272292036124,0.0011278456295427974,-8.03006284236908,-19.19362582206726,0.9414375327154993,979.1262084960938,-0.13407830803156381,20.826938559939972
2025-03-01T17:40:31Z,39.99102806593071,-75.71042966874334,119.65816763670661,-30.25844278603074,-17.348310559056905,-0.9008064421290944,1.4736245930424179,0.05193731365793034,0.9597419458179032,0.00099999999635539,0.0010000000041013024,0.0009999999968496847,0.0009999999910095165,0.0009999999883878307,0.0009999999922367059,0.00004995975997303061,0.00005000129148295849,0.913235860018486,65.4015940537163,51.13854348778578,0.018226504921279058,0.0005737747464122087,0.0005341984785475832,0.00691623377550497,0.004229999999999916,0.004229999999999905,0.004229999999999938,0.0010322999999995666,0.0010322999999995489,0.0010322999999995705,-0.24090988886740883,9.672201310825777,0.5147513454220143,0.0036440749520928635,0.0008250836723806604,0.001308267670580315,-9.310500373840332,-19.73137574195862,0.8728125411272049,979.0034838867188,-0.08970070995058611,21.835113670105276
2025-03-01T17:40:32Z,39.98545852982854,-75.71103227565469,119.51810663280592,-32.605228041918124,-18.016863892429104,-0.9753557025043749,1.4747453517951552,0.040804082062857405,0.9581477137416154,0.0009999999964266679,0.001000000004104938,0.000999999996762417,0.0009999999907194114,0.0009999999887929688,0.0009999999923449817,0.00005095712139711212,0.00005100136858111908,0.9156238445300051,67.85562313405288,53.1667821390354,0.01863164330416837,0.0005828519282168164,0.0005300369172143586,0.006925270051375771,0.0042309999999999145,0.004230999999999908,0.004230999999999937,0.001032309999999567,0.001032309999999549,0.0010323099999995705,-0.05723133315262692,9.706801135376962,-0.027161531666247827,0.0026346453989170206,-0.001162897124178576,0.004110902094750149,-9.06468783378601,-19.781063289642333,1.625437563508749,978.991826171875,-0.07152942392991748,21.819689748707926
2025-03-01T17:40:33Z,39.980799870697226,-75.71161314804178,119.1492663454503,-34.537164175075844,-18.582110887937585,-1.0973832375863173,1.4733469779669621,0.03653857268743577,0.9551396935451808,0.000999999996655171,0.0010000000042554454,0.0009999999966737077,0.0009999999905261681,0.00099999998879706,0.0009999999924732322,0.00005195451374390378,0.00005200144763442599,0.9171171948998973,70.49953672447559,55.093582297116804,0.02004520972007414,0.0005926491255779597,0.0005257365294570285,0.006935444080395965,0.004231999999999912,0.004231999999999905,0.004231999999999938,0.0010323199999995665,0.0010323199999995487,0.0010323199999995702,0.0043040915049334764,9.671626614566513,-0.013083755057792804,-0.0006945678425580657,-0.0022726354766325558,-0.0017839430566035635,-9.685875387191773,-19.966875762939452,0.9671250464394688,979.1071997070312,-0.1068611297521384,22.2131804069641
2025-03-01T17:40:34Z,39.97476624145641,-75.71238314064225,118.95894364426995,-36.69635725273868,-19.938087894543905,-1.052984692447607,1.4771282509164143,0.034803974667702735,0.9533734991635285,0.000999999996593297,0.0010000000040664312,0.0009999999965339078,0.000999999990518934,0.0009999999888878944,0.0009999999924337076,0.000052951944557814676,0.00005300152727329858,0.9200994333920635,73.45546231500487,56.899703904953306,0.021966695179872278,0.0006028062412014291,0.0005213267620100153,0.006946546684906686,0.004232999999999911,0.0042329999999999035,0.00423299999999994,0.001032329999999566,0.0010323299999995495,0.0010323299999995695,-0.08478801656720394,9.804865662992631,0.028106140040805753,0.0034738335883015034,-0.0006169576286449322,-0.0060821943991154915,-9.105187859535217,-19.268063259124755,0.5595000290125608,979.0117651367187,0.026894418512565445,21.318386013623893
2025-03-01T17:40:35Z,39.96864956527823,-75.713254238982,118.77356912125869,-38.669656714892554,-21.61224188477534,-1.1406185154604622,1.4772957462614167,0.02806255885923673,0.9549027900544343,0.0009999999968883769,0.0010000000043934704,0.000999999996647387,0.0009999999906188971,0.0009999999889563891,0.0009999999923564686,0.000053949417327430644,0.0000540016059514111,0.9266200724262188,76.68448947951171,58.43745099810699,0.024783793155900898,0.0006121452887043746,0.0005170256013433642,0.00695677951404349,0.004233999999999912,0.004233999999999905,0.004233999999999941,0.0010323399999995649,0.0010323399999995504,0.0010323399999995686,-0.12259527379213095,9.674777141249086,-0.10472886367882135,-0.0016719517775995456,0.0019525132427363262,-0.0009287322010308645,-10.204500398635865,-19.299750690460204,0.6031875191256405,979.022255859375,-0.10210439111662477,21.839730348193406
2025-03-01T17:40:36Z,39.96158576754909,-75.71434312216253,118.73288065550643,-40.113359451964584,-24.393730406310652,-1.1013533754600424,1.4791942286778053,0.020660779734454432,0.9551964666807194,0.0009999999967672806,0.0010000000045520862,0.0009999999966476716,0.0009999999902332729,0.0009999999891526158,0.0009999999927289296,0.00005494692942361329,0.00005500168251077301,0.9372177826313692,80.18904883805672,59.71874017106478,0.025881215015596756,0.0006196429463119904,0.0005134834087316445,0.006967133796810709,0.004234999999999913,0.004234999999999906,0.004234999999999943,0.0010323499999995655,0.0010323499999995512,0.001032349999999569,-0.24008613299731402,9.73492458005372,0.32042276512641504,-0.001993907234466275,0.0005046301574791565,-0.001535758379188198,-10.567500333786011,-19.85643825531006,0.5173125217482447,978.942607421875,-0.034796775079747794,22.499233993584276
2025-03-01T17:40:37Z,39.95093418836422,-75.71603370341619,119.35360879613475,-41.17899979566622,-29.378212308658966,-1.0320302723424368,1.4863104031503136,0.007566405155165155,0.952504927514621,0.0009999999965391423,0.00100000000417425,0.0009999999968199388,0.0009999999900552677,0.0009999999889460465,0.0009999999924798113,0.00005594447134169449,0.00005600175673391541,0.9499705737999469,83.89399639030611,60.718191016007765,0.026406278034659354,0.0006241506701549875,0.0005114304525503575,0.006977178685590431,0.004235999999999911,0.004235999999999909,0.004235999999999942,0.0010323599999995656,0.001032359999999552,0.0010323599999995693,-0.22157836927771155,9.681197872793096,0.40322750600017565,-0.001488691782746199,-0.0030260350515004656,-0.0003585918040529345,-10.644562826156616,-19.493063259124757,0.5278125247731805,978.5586157226562,-0.08532492141586837,22.21626797169613
2025-03-01T17:40:38Z,39.94047041190234,-75.7178545581742,120.07705936563107,-41.32850898969992,-34.69021554627097,-0.8979994224318661,1.4946847227009212,6.276810541840217,0.9508512260283621,0.0009999999962889655,0.0010000000041203488,0.000999999996870543,0.0009999999897876185,0.0009999999887000024,0.0009999999924771607,0.000056942030170886546,0.000057001829137719134,0.9628594782302965,87.74103867155492,61.52103244435561,0.0262301194382187,0.0006253677209656259,0.0005111392149016278,0.00698678344762244,0.004236999999999909,0.004236999999999908,0.00423699999999994,0.001032369999999566,0.0010323699999995526,0.0010323699999995697,-0.17667306339084227,9.739184036886492,0.45323750055030104,-0.0024966192788648646,-0.0025678862949965898,0.0017183481392681014,-11.683687934875488,-20.829000816345214,0.44718751952052116,978.487919921875,-0.025585243343373164,23.88625943134912
2025-03-01T17:40:39Z,39.92897982330005,-75.71996283096733,121.11285646573953,-40.52013562658809,-40.68054131886729,-0.8056757258060542,1.5074698372634046,6.266763222044692,0.949326871799449,0.000999999996433212,0.0010000000041877582,0.0009999999968373216,0.0009999999900829198,0.0009999999882697533,0.0009999999923614637,0.000057939592892653154,0.00005800190066136212,0.9748678120740883,91.60368606287291,62.166726884435526,0.026374538861084047,0.0006230496084139573,0.0005129653357192717,0.006997081347333393,0.00423799999999991,0.004237999999999909,0.004237999999999939,0.0010323799999995662,0.0010323799999995516,0.0010323799999995696,-0.04105035604971558,9.680556514047973,0.3123813154372978,-0.0014731698439732314,-0.0026398213520916368,-0.0020464816836253527,-12.411562948226928,-21.36150077819824,0.04012501373887057,978.277939453125,-0.09061796684577694,24.705459145652828
2025-03-01T17:40:40Z,39.91731006983778,-75.72220278158332,122.30861411026629,-38.653162337705616,-47.12475968235999,-0.6639780889474498,1.5213115100922543,6.261265931452929,0.9494408412490554,0.00099999999625302,0.001000000003953584,0.0009999999969460662,0.0009999999902299355,0.000999999988121712,0.0009999999922444347,0.000058937132479608936,0.00005900197298933363,0.9833339577864357,95.35139714670893,62.785231504354684,0.024796617616544135,0.0006176230334838255,0.0005168530477234623,0.007007921171055206,0.004238999999999909,0.004238999999999909,0.004238999999999938,0.001032389999999567,0.0010323899999995527,0.0010323899999995704,-0.20829820127630314,9.717847926453535,0.5011338336822229,-0.0023540838367553597,-0.0012647079594399922,-0.004960439787504583,-11.827500467300416,-21.554250755310058,-0.6536250248551368,978.1284057617188,-0.04265434293270643,24.594719380348664
2025-03-01T17:40:41Z,40.07171620763904,-75.68388275812231,120.7310900614658,18.019348570233614,-19.100448262411682,-0.641543659041492,1.5879969476787448,0.10276279733634552,0.8849963174242431,0.0009999999957969812,0.001000000004707428,0.0009999999975812272,0.0009999999900313786,0.0009999999880996732,0.0009999999920433987,3.0831624276956926e-10,3.083163921719264e-10,0.5564187226494615,0.013911679687695173,0.013910442825419696,0.012347005374568681,0.00017278377199493134,0.00017841930413781755,0.006921781513911649,0.004239999999999906,0.004239999999999906,0.004239999999999941,0.0010323999999995663,0.0010323999999995517,0.00103239999999957,-0.31057632954239384,9.632817750895564,0.4712490497422027,0.002482429891075423,0.0022370825625411313,-0.005331131272380925,-11.289000387191772,-21.151500759124755,0.02868750475347036,978.1710888671874,-0.12897210800730638,23.97552708756177
2025-03-01T17:40:42Z,40.071711476489426,-75.68410665475169,121.43012818122271,18.87503098797731,-19.046185760111367,-0.5903803283080343,1.5876648653950423,0.10048405133179511,0.8925053397381271,0.0009999999959237698,0.0010000000046653048,0.0009999999974417623,0.0009999999902190841,0.0009999999880333412,0.0009999999917774663,1.0003083165446675e-6,1.0003083172078568e-6,0.5906862673885342,0.03267688706793249,0.03646629045566579,0.012190405572115516,0.00018244491514089842,0.00018825623921161702,0.006931473933437074,0.004240999999999904,0.004240999999999904,0.00424099999999994,0.0010324099999995664,0.0010324099999995519,0.001032409999999571,-0.4073012823265236,9.743610714907708,0.4496482641857712,-0.004217221414014954,0.006218385779091962,0.001300923979493485,-12.184688005447388,-20.16393831253052,-0.8628750295192004,978.0043676757813,-0.01583952152904558,23.575266406264863
2025-03-01T17:40:43Z,40.07170866435485,-75.68432971893925,122.08201795751016,19.814019041417676,-18.89391429891922,-0.5417343586302515,1.5905517885987932,0.09829619839291696,0.8923613802162066,0.0009999999958070637,0.0010000000045720244,0.000999999997374919,0.0009999999901374977,0.000999999987611921,0.0009999999914987803,2.000308318582752e-6,2.00030832269244e-6,0.6234761305022919,0.08586230435159216,0.10356670340829896,0.012283104850600383,0.00019188867652058372,0.00019826430819646284,0.006940831852424698,0.004241999999999906,0.004241999999999905,0.004241999999999941,0.0010324199999995655,0.001032419999999551,0.0010324199999995698,-0.2522463755124388,9.76481526583846,0.415586506931135,0.00009905620166646644,-0.001588332756324438,0.0013583388615554044,-9.093937892913818,-19.93593822479248,1.094812549687922,978.0832080078125,-0.0014325087055772575,21.93941026808394
2025-03-01T17:40:44Z,40.07170062797605,-75.6845525653189,122.7119764526197,20.96213234048603,-18.861988351269172,-0.631942821936226,1.5897277522449997,0.09747494974248443,0.8903485188312902,0.0009999999958578425,0.0010000000044571285,0.0009999999974529552,0.000999999989828602,0.0009999999878335605,0.0009999999918238172,3.0003083226060464e-6,3.00030834194111e-6,0.6533118098922044,0.1747516175026047,0.2238074886303083,0.012678694199867935,0.00020141626712562137,0.00020827157202358545,0.006950785908317652,0.004242999999999905,0.004242999999999905,0.004242999999999941,0.0010324299999995659,0.0010324299999995516,0.0010324299999995693,-0.17101004612895773,9.637568743065394,0.6259992906626488,-0.003117664510378194,-0.0032092941132048705,-0.00024659987371900883,-11.214937949180603,-20.759063291549683,-0.10706251058727505,978.06546875,-0.11896078452758946,23.594969910366956
2025-03-01T17:40:45Z,40.071683145372276,-75.68477594931167,123.12378200593623,21.922527050597893,-18.797854432675653,-0.6263539739089766,1.592281079809216,0.0928180350910761,0.8889988847723043,0.0009999999958061473,0.0010000000049122703,0.0009999999972934823,0.0009999999895518045,0.0009999999877851114,0.000999999991569746,4.000308318005568e-6,4.000308390152973e-6,0.6801657465110599,0.3025596171403758,0.3889318574030862,0.013409574388001952,0.00021097213653907806,0.00021815511436260976,0.0069594788797911694,0.004243999999999905,0.004243999999999905,0.004243999999999941,0.0010324399999995654,0.001032439999999551,0.0010324399999995682,-0.22823839312067168,9.740858975088114,0.4498476674737423,0.0009751292658083067,-0.0017228566207136528,0.00334732114898889,-12.26043791770935,-20.11800085067749,-0.296062513589859,978.198955078125,-0.02445438098752017,23.56135720484456
2025-03-01T17:40:46Z,40.07164023356258,-75.68500139514532,123.56415034793447,22.898279388790712,-18.85643012691984,-0.6780200053906371,1.5897931743541818,0.09322881706570263,0.8872376599069345,0.000999999995740488,0.0010000000050942339,0.000999999997007244,0.0009999999893165114,0.0009999999873861927,0.0009999999916687717,5.000308261588487e-6,5.000308488640517e-6,0.7049425578903072,0.47093296878677937,0.6064019055688682,0.014447541239520075,0.00022091131229079922,0.0002278610696730212,0.006970342098354827,0.004244999999999903,0.004244999999999904,0.004244999999999941,0.0010324499999995644,0.00103244999999955,0.001032449999999568,-0.24659774502814596,9.676084672641531,0.5427199124085804,-0.0035561186762200145,-0.0014080777119485736,-0.00230685022523081,-12.24187551498413,-19.863188257217406,-0.5351250249519945,978.1415673828125,-0.08393668951024105,23.338674972291496
2025-03-01T17:40:47Z,40.071565494011566,-75.68523190408096,123.85290871913979,24.139527115501135,-19.279296693876496,-0.8072942661494071,1.5873551298162685,0.09370403157268337,0.88498051714596,0.0009999999957718225,0.0010000000052125802,0.0009999999967111634,0.0009999999896482146,0.0009999999872234247,0.000999999991939989,6.00030804471268e-6,6.000308666200613e-6,0.7286148605213489,0.687571231794277,0.9025615976802804,0.016207246291752575,0.00023100663101672335,0.0002372873460668302,0.006981215010673386,0.004245999999999902,0.004245999999999902,0.004245999999999938,0.0010324599999995642,0.00103245999999955,0.0010324599999995679,-0.3126651500144598,9.60331148210652,1.0316226068690546,-0.0027002402106179094,-0.0009083705741192108,-0.0028122320872617365,-12.41643798828125,-19.808813400268555,-0.9930000387877226,978.181875,-0.11470870893708993,23.399587396595116
2025-03-01T17:40:48Z,40.07143520894446,-75.68547014719206,124.10500516333835,25.115748829009522,-19.536406951319186,-0.9230104557197287,1.5827621286591924,0.09304420383638862,0.8788589133871892,0.0009999999960588254,0.0010000000050120503,0.0009999999969395122,0.0009999999896794268,0.0009999999870183877,0.00099999999132737,7.000307451242382e-6,7.000308958873844e-6,0.7532338047886242,0.943590368187128,1.2442743538559875,0.01823562748681116,0.00024101258438476088,0.00024638809214431946,0.006991316731911128,0.004246999999999904,0.0042469999999999045,0.00424699999999994,0.0010324699999995641,0.0010324699999995496,0.0010324699999995674,-0.26868232381586693,9.600808845014518,0.7981243080864342,-0.003646246502658398,-0.0033508279639793436,-0.0024570626200754358,-12.845438032150268,-20.71893835067749,-0.7878750352934003,978.1199194335937,-0.1406393447576153,24.390529956037728
2025-03-01T17:40:49Z,40.071240581420895,-75.68571472874022,124.308406989658,25.92526100232154,-19.66824943573128,-0.9619545226608252,1.5778148093729167,0.08913584773606405,0.8731986517814847,0.0009999999958607063,0.0010000000046974141,0.0009999999967703925,0.0009999999900351612,0.0009999999873795667,0.0009999999913918377,8.000306112392187e-6,8.000309407639537e-6,0.7808500179751388,1.2374972666835318,1.6412677111086467,0.020473939296581336,0.00025070763317547513,0.0002549113494819898,0.006999509132828135,0.004247999999999902,0.004247999999999902,0.0042479999999999385,0.0010324799999995634,0.001032479999999549,0.0010324799999995662,-0.16941483392048148,9.671427241002474,0.700336317077856,-0.003087120882896743,-0.001447967251353993,0.00003846994989209376,-12.157312965393066,-21.30431324005127,-0.7108125263452529,978.1072534179688,-0.08007336774657178,24.53929054278348
2025-03-01T17:40:50Z,40.070887130061244,-75.68597098767303,124.86262572149941,26.25598164693199,-19.841143575231726,-0.9252692218354834,1.5717594076290486,0.0833877456917479,0.8659707401312274,0.0009999999961219407,0.0010000000047934218,0.000999999996770888,0.0009999999898234347,0.0009999999873593261,0.0009999999915444274,9.00030347550754e-6,9.000310057762617e-6,0.8118653526732784,1.5669191407579668,2.068012841974848,0.022156704927079003,0.0002599419077251265,0.0002627400455418156,0.007006367201855775,0.004248999999999901,0.004248999999999901,0.004248999999999938,0.0010324899999995631,0.0010324899999995488,0.0010324899999995668,-0.24897618405401906,9.685624606445701,0.5412136108888944,-0.002476256999476576,-0.00010406518998299361,-0.00011424602724028027,-12.706125469207764,-20.489063262939453,-0.49706251733005047,977.85095703125,-0.07436011511529278,24.11414433361935
2025-03-01T17:40:51Z,40.07038517534459,-75.68623724203226,125.62582071365654,26.00448306278049,-19.840190956684495,-0.8465865155849236,1.5689451002791919,0.07898885238067223,0.8607316437693753,0.0009999999961922165,0.0010000000050907657,0.0009999999968014095,0.000999999989514314,0.0009999999873432236,0.000999999991680264,0.000010000298794307529,0.000010000310952821473,0.8442761627496632,1.91784956569543,2.5007199426784434,0.022691139350833448,0.0002686998300122539,0.00026976398764621726,0.007012694357133976,0.004249999999999902,0.004249999999999902,0.004249999999999939,0.001032499999999562,0.0010324999999995494,0.0010324999999995674,-0.2602093759467672,9.69820854098982,0.16688984978986052,0.0019817205787582438,0.004029620298803808,-0.002757488211130982,-15.801750698089599,-21.73443822860718,-2.283750089406967,977.7121215820313,-0.07515245126773297,26.968387094040402
2025-03-01T17:40:52Z,40.06976421921836,-75.68651067723651,126.44360249492375,25.67238658694382,-19.835540338723252,-0.8198413866157129,1.5571947591582456,0.0706619043460206,0.8492735877879788,0.000999999996414543,0.0010000000051812556,0.000999999996845967,0.0009999999896311102,0.000999999987733459,0.000999999991365276,0.000011000291141898286,0.000011000312140950318,0.8758204148177049,2.287368911708075,2.9943952145036725,0.023355096875520523,0.00027652256227290566,0.0002761187700935093,0.007015930252378231,0.004250999999999903,0.004250999999999903,0.00425099999999994,0.0010325099999995624,0.0010325099999995487,0.0010325099999995667,-0.1135025443073779,9.648336512878414,0.28378577461723964,-0.005673115414520177,-0.001111991799304085,0.0005780673154473675,-16.782563285827635,-20.298750820159913,-2.32706258893013,977.6578979492188,-0.1251078596542911,26.440617372183752
2025-03-01T17:40:53Z,40.06899242795789,-75.68679508515835,127.31439582740109,25.2027633054646,-20.13126448821529,-0.8572408420785108,1.5469721232815894,0.06078614930494564,0.8309939005292919,0.0009999999967907041,0.0010000000055553203,0.000999999996494404,0.0009999999893508863,0.0009999999878296962,0.0009999999912517334,0.000012000279442942598,0.000012000313680695866,0.9055014253323546,2.6779260704064756,3.546699528937754,0.023957651696818023,0.0002836359157226702,0.00028173567084455154,0.0070172330450966455,0.004251999999999902,0.004251999999999901,0.004251999999999942,0.0010325199999995614,0.0010325199999995475,0.0010325199999995675,-0.17547992028752737,9.557345818123562,0.6029327429219192,-0.0029552678851060476,-0.006815733237889574,0.0012381684623102877,-18.37368824005127,-22.373438301086427,-7.162500319480896,977.5611010742188,-0.20029652053987068,29.82384179168972
2025-03-01T17:40:54Z,40.06809144335873,-75.68709160404119,128.2608917371461,24.567736452552463,-20.64943174055561,-0.6589702232612356,1.5244618277818158,0.0524359033102638,0.813989855414296,0.0009999999965699161,0.0010000000058965944,0.0009999999964996201,0.000999999989637292,0.0009999999879384317,0.000999999991671292,0.000013000262522147051,0.000013000315638328765,0.9322822017724511,3.097110792849082,4.165335036525182,0.024318386798860836,0.0002902518494271533,0.0002866329764216191,0.00701796439410184,0.004252999999999902,0.004252999999999902,0.00425299999999994,0.001032529999999562,0.0010325299999995477,0.0010325299999995664,-0.25515764736311575,9.768256782526182,0.8958698056139339,-0.014948078427369647,-0.005041888723397229,-0.0006436620106710631,-12.032437934875489,-27.98943857192993,-7.540312805175781,977.48640625,0.034380100376758295,31.385368567394902
2025-03-01T17:40:55Z,40.06714130613272,-75.68739586162079,129.186206238504,23.801966592204863,-21.220035478446142,-0.6224086581593744,1.5132173391835075,0.043691245674813174,0.8020582718840935,0.0009999999962968561,0.0010000000058542674,0.0009999999963051732,0.0009999999893668678,0.00099999998774862,0.0009999999920738425,0.00001400023914108929,0.000014000318086060082,0.9549429699976256,3.5152961081320067,4.8165537523741815,0.0242164402431781,0.0002962123005223213,0.0002911039798767896,0.007017481391145171,0.004253999999999903,0.004253999999999904,0.004253999999999939,0.001032539999999561,0.0010325399999995468,0.0010325399999995656,-0.28574589109795345,9.604692222464246,1.0383872374978538,-0.004126927169715599,-0.0007571561988498513,0.000507133169825138,-13.11825050354004,-33.19968887329102,-7.208437795639038,977.4782958984375,-0.11323856694184845,36.41793116044575
2025-03-01T17:40:56Z,40.06602279674603,-75.68771274226472,130.2948873678865,22.71373841390812,-21.42480799374391,-0.4122653877455007,1.5050230516546665,0.05281434213135187,0.7847106195342279,0.0009999999961127599,0.0010000000058309616,0.0009999999964093815,0.0009999999892709981,0.0009999999876626879,0.0009999999922088011,0.000015000208003975543,0.000015000321097257235,0.9722565976263162,3.9221500875932427,5.510167914651463,0.023517431802991,0.00030232574880264434,0.00029525929441540105,0.007022290777577772,0.0042549999999999056,0.004254999999999905,0.004254999999999942,0.0010325499999995615,0.001032549999999547,0.0010325499999995652,-0.13380165797350035,9.792025453879543,0.7764679607981512,-0.00028732423993589184,-0.004502290963051068,-0.01794131625489271,-7.6325628249719735,-32.56968885421753,4.383000164926052,977.3368481445312,0.04557925722551882,33.73792980198695
2025-03-01T17:40:57Z,40.0652480469726,-75.68800955039154,130.87384533203422,21.815852639259305,-21.521542785815928,-0.43584905492398995,1.4951764911206664,0.04228588723395502,0.7770978358303868,0.0009999999962687729,0.0010000000062088375,0.0009999999962499305,0.0009999999891785213,0.000999999987564784,0.0009999999921202814,0.000016000167673182433,0.00001600032474001875,0.9821435984055066,4.319280868466281,6.192941476455968,0.021774013316487303,0.00030740626605633254,0.0002994759605791388,0.007019543504672228,0.004255999999999905,0.004255999999999905,0.004255999999999942,0.001032559999999562,0.0010325599999995477,0.001032559999999566,-0.3557359562440087,9.633979502354196,0.6542346011038764,-0.005041888675362011,-0.000826921622329771,0.005312269420626008,-15.477563171386718,-21.088688230514528,0.451687517054379,977.5964477539062,-0.11535948146480988,26.162742486648458
2025-03-01T17:40:58Z,40.064812938537656,-75.68828785708797,130.95620232971356,21.691748628113515,-21.790851024336558,-0.40033188680681353,1.4874302444717276,0.03835373106928244,0.768825625820871,0.0009999999961260411,0.0010000000062372375,0.0009999999965575597,0.0009999999894830698,0.0009999999876740087,0.0009999999925432122,0.000017000116537634753,0.000017000329103640746,0.9854735406568675,4.739755788253611,7.000278417901437,0.021065036993842375,0.0003127194587814357,0.0003036933244536943,0.00701845989078831,0.004256999999999903,0.004256999999999904,0.0042569999999999405,0.0010325699999995626,0.0010325699999995483,0.0010325699999995663,-0.2546391992023552,9.71809646518274,1.170031716665125,-0.005138358491415062,-0.004903025322273364,0.0010378851525074412,-12.276187982559204,-20.102250843048097,-1.1255625503510238,977.842353515625,0.013539897958541963,23.581131730679864
2025-03-01T17:40:59Z,40.06457227473259,-75.68855586647229,130.79952374948027,21.42446831945704,-21.684361780625196,-0.40920985693614986,1.486685368511463,0.03764397113470942,0.769076551156254,0.0009999999963245347,0.0010000000061823203,0.0009999999964266225,0.0009999999892939535,0.0009999999878562574,0.000999999992469694,0.00001800005271839277,0.00001800033428325062,0.983143090528428,5.147254035341703,7.796844404222457,0.019326909952750302,0.0003178649498296462,0.0003085199386369816,0.007018705501326443,0.004257999999999902,0.004257999999999902,0.004257999999999939,0.0010325799999995624,0.001032579999999548,0.001032579999999566,-0.28072096539646424,9.739822060896675,0.7057201703821274,0.00039480807007520363,0.0019219701458889618,-0.0003178675575119676,-13.71750054359436,-20.883000831604004,-1.4049375616014004,977.9875170898438,-0.00866850164001346,25.024804693898503
2025-03-01T17:41:00Z,40.06449378087289,-75.68881468803012,130.40278673758573,21.501663711468645,-21.747492171305346,-0.5262966933757768,1.481933860957195,0.04396821901507599,0.7664244069239146,0.0009999999963242053,0.001000000005886717,0.000999999996211421,0.0009999999896035524,0.0009999999881603054,0.0009999999926920374,0.000018999973910255314,0.000019000340371236,0.97542245043188,5.572671509591976,8.679054064580901,0.018219489698460135,0.00032361354131602954,0.0003135500256553791,0.00702145634266045,0.0042589999999999035,0.0042589999999999035,0.004258999999999941,0.001032589999999563,0.001032589999999547,0.001032589999999565,-0.32709073487964296,9.626188494941907,0.9802142003790834,-0.004287153631300229,-0.0016484177966206077,-0.006793201380329573,-13.375125608444215,-20.113313264846802,-1.3974375558644534,978.1226733398438,-0.09655896731190518,24.19482852107878
2025-03-01T17:41:01Z,40.06439699269117,-75.68907403781044,129.90386361602353,21.46194391758207,-21.634478024259124,-0.6301690269086863,1.4832026074127806,0.050247344850047615,0.7636736877421182,0.0009999999960826473,0.0010000000057870878,0.0009999999964673794,0.0009999999895466888,0.000999999988422847,0.00099999999247492,0.000019999877386164057,0.000020000347477781478,0.9642017989925725,6.00832487699609,9.608267542373904,0.017029704465486246,0.0003297414521753242,0.00031899628035211993,0.0070250547803147115,0.004259999999999905,0.004259999999999905,0.004259999999999942,0.0010325999999995636,0.0010325999999995462,0.0010325999999995644,-0.34273495494392997,9.654757236474827,0.7972456333041823,0.0017794346955164178,-0.0017024944512966406,-0.0067828532686757745,-13.575563058853149,-20.48362585067749,-1.3950000627711416,978.1761938476562,-0.08438525755052766,24.613377721935773
2025-03-01T17:41:02Z,40.0637788353079,-75.68935658601858,129.6994910365253,20.93316847978483,-21.457612067892804,-0.6890895659458509,1.4787316088075482,0.0469237170770316,0.7620745197234449,0.0009999999962962856,0.0010000000059362094,0.0009999999963304928,0.0009999999893809891,0.0009999999883208315,0.0009999999924592581,0.000020999759781654018,0.000021000355706112293,0.9500216180316466,6.465686336530161,10.594120142131361,0.015941090867913663,0.00033582686602510916,0.0003251018374827794,0.007027560969822872,0.004260999999999905,0.004260999999999905,0.004260999999999941,0.0010326099999995635,0.0010326099999995453,0.0010326099999995635,-0.33280473868653837,9.67298254076061,0.6853811778095177,-0.00250679995347048,0.0009445863551747762,0.0014332781125915468,-14.203313112258911,-22.651500854492188,-1.2868125587329269,978.0028881835938,-0.07513615631966099,26.767102182833174
2025-03-01T17:41:03Z,40.06284771775135,-75.68965191166919,129.61753690451772,20.294022731229326,-21.387477327399075,-0.696020041807407,1.4724791788199791,0.042139012634238235,0.7557509365895253,0.0009999999962252227,0.0010000000060887177,0.0009999999964463828,0.0009999999895672581,0.000999999988005995,0.000999999992476364,0.000021999617106982364,0.000022000365170122808,0.934234005051179,6.964836656792903,11.665557544855094,0.015175299065113106,0.0003427303143121073,0.000331247128653887,0.007030839077433285,0.004261999999999906,0.004261999999999906,0.004261999999999943,0.0010326199999995632,0.0010326199999995452,0.001032619999999563,-0.3090857201885098,9.697541672497426,0.8481774575485611,-0.003576147516127872,-0.0031305157145639527,0.0019091184211681989,-12.02137544631958,-21.84543830871582,-1.5075000644475223,977.9250439453125,-0.03861322751662308,24.98012528117984
2025-03-01T17:41:04Z,40.06172562314471,-75.68995487444673,129.5521810445008,19.52296780193874,-21.303816925103014,-0.7464318786521298,1.4706632832657784,0.039497363437665994,0.7495687466071025,0.0009999999960835948,0.0010000000062283178,0.000999999996361657,0.000999999989410952,0.0009999999877008166,0.0009999999921665313,0.00002299944468804271,0.000023000375988311073,0.9177950840367858,7.499532802483383,12.786265402677612,0.014455678224426251,0.00035024439850003965,0.0003377040734314628,0.007035629527243969,0.004262999999999907,0.004262999999999907,0.004262999999999943,0.001032629999999562,0.0010326299999995443,0.001032629999999562,-0.31645378425712406,9.654916754398615,0.8069764480427675,0.0008427748279199599,-0.002751145784157827,-0.0003382298933232423,-12.270375490188599,-21.605625762939454,-1.2868125487491489,977.901298828125,-0.08433690667450647,24.880083121044763
2025-03-01T17:41:05Z,40.06014838539241,-75.69027881511056,129.61190563634534,18.57227200880348,-21.43607734602382,-0.7794753073843181,1.4696268227456806,0.03749746564011436,0.7461643412032707,0.0009999999959716043,0.0010000000065196078,0.0009999999963924552,0.0009999999893420316,0.0009999999876308693,0.0009999999920581528,0.000023999237054342686,0.000024000388284385527,0.9011416072320079,8.090520300247293,13.978829415367873,0.013844954113132763,0.00035797682119051053,0.00034479422700230925,0.007041590768799639,0.004263999999999904,0.004263999999999908,0.004263999999999941,0.0010326399999995622,0.0010326399999995442,0.0010326399999995622,-0.42480419837255157,9.639447131916759,0.9535401002041981,0.0018815792967941593,0.0007149273226827665,-0.001225319234420279,-12.347437982559205,-20.513625774383545,-1.9284375861659646,977.79400390625,-0.08226119764968017,24.02050158513464
2025-03-01T17:41:06Z,40.05867634870651,-75.6905986248211,129.5084939115211,17.844118795607066,-21.665273759525707,-0.7970636439745538,1.4672871164977002,0.030339346093339985,0.7419979937023595,0.000999999996439938,0.0010000000064067773,0.0009999999959938908,0.0009999999891425184,0.0009999999874349642,0.000999999991708711,0.00002499898813929413,0.00002500040220981579,0.885055037576556,8.741898183188779,15.259189576865557,0.013400111201515501,0.00036611200627311303,0.0003520821123822446,0.0070469594117973855,0.004264999999999905,0.004264999999999907,0.004264999999999943,0.001032649999999562,0.0010326499999995442,0.001032649999999562,-0.4158755628264893,9.655275574359731,1.0967871511866092,-0.000022615798956495715,-0.0015599593435666375,0.004416334841173746,-11.999625482559203,-20.7343133354187,-1.8474375762417912,977.8745141601562,-0.0517726258656357,24.02734575191934
2025-03-01T17:41:07Z,40.0572054283718,-75.6909185403347,129.3086102882279,17.242380418161904,-21.78413388776926,-0.8297011216440835,1.461146524410087,0.03149528374641386,0.7381452529826592,0.0009999999960981535,0.0010000000066905097,0.0009999999959524322,0.0009999999889871542,0.0009999999872250486,0.0009999999915822405,0.000025998691405083415,0.00002600041793317917,0.8701641571756028,9.44295625220048,16.620841870593374,0.013096944340764902,0.00037476563348884807,0.0003597043227093115,0.0070547703218869,0.004265999999999904,0.004265999999999904,0.004265999999999941,0.0010326599999995615,0.0010326599999995437,0.0010326599999995615,-0.29436005643352625,9.652085184090883,1.089688442815376,-0.004187012116895814,-0.0009674539207540053,-0.0034785086974514555,-13.564125604629517,-20.453438301086425,-1.540312563739717,977.93126953125,-0.06016159494354768,24.590622285477703
2025-03-01T17:41:08Z,40.05568199203455,-75.69124012242808,129.04506234939046,16.645032266453825,-21.916509936205404,-0.8423171559689838,1.4626407173264708,0.033131182010321,0.7323145925983024,0.0009999999959003402,0.0010000000069440558,0.0009999999958827202,0.0009999999888892668,0.0009999999871146807,0.0009999999912425974,0.000026998339690943514,0.000027000435624268323,0.8565312860183367,10.207082587160224,18.05399045557002,0.012820014559277114,0.00038392801080801265,0.0003674093634731867,0.007063154656907773,0.004266999999999904,0.004266999999999904,0.00426699999999994,0.0010326699999995612,0.0010326699999995432,0.001032669999999561,-0.3667488203950171,9.673574242256853,1.095932661830541,0.0032862345244812543,-0.003270380669342969,-0.003932150897029632,-14.337000589370728,-20.665875816345213,-1.3503750431910158,977.9796215820312,-0.035643513345947335,25.188270306339415
2025-03-01T17:41:09Z,40.054030131309275,-75.69156612138734,128.74191796642012,15.996154963793286,-22.02915227307558,-0.887315736909229,1.460539864271307,0.03189780630128713,0.7313428126615399,0.0009999999961569238,0.00100000000677075,0.000999999995742784,0.0009999999886787505,0.000999999986877005,0.0009999999911908168,0.000027997924880266624,0.000028000455457160284,0.8438498610161224,11.031480976224252,19.547512979198547,0.012564294899692307,0.00039271490227199557,0.0003759508777855069,0.007071370785163329,0.004267999999999903,0.004267999999999906,0.004267999999999938,0.0010326799999995607,0.0010326799999995427,0.0010326799999995598,-0.4241308025422177,9.647658498121311,1.0332975904585366,-0.0005927569791549852,0.0009853106712321908,-0.0003891352753396894,-13.223625497817993,-20.303063201904298,-2.0722500912845137,978.0155200195312,-0.0658890706959108,24.318108371057
2025-03-01T17:41:10Z,40.05224822972592,-75.69189548798984,128.35386848191393,15.332115285886104,-22.019813522968057,-0.9887440651943573,1.4629193111550365,0.03618308113588232,0.7297081199384111,0.0009999999962700533,0.0010000000068117365,0.0009999999960848334,0.0009999999885822734,0.0009999999873766651,0.0009999999914040427,0.000028997437716137272,0.00002900047760388705,0.8319760603810726,11.911654212552376,21.104125149018166,0.012359100977827442,0.0004019377221099246,0.0003847159660722469,0.007081184456003432,0.0042689999999999005,0.004268999999999909,0.004268999999999937,0.0010326899999995609,0.0010326899999995426,0.0010326899999995606,-0.40362182734400226,9.606732069290144,0.9083902870200276,0.0037742587075892745,0.00066485656685719,-0.0057717551816882815,-13.456313028335572,-21.25200083732605,-1.937812580242753,978.0623608398438,-0.1199659249525707,25.22840566936083
2025-03-01T17:41:11Z,40.05019640960959,-75.69223304077133,127.88094555447148,14.616125956164508,-22.022140106679085,-1.1111487582289132,1.457360018971505,0.03285852068109572,0.7312911559595999,0.0009999999964818084,0.0010000000068082753,0.000999999995972359,0.000999999988614773,0.0009999999876185183,0.0009999999911308609,0.000029996867748591568,0.00003000050223828372,0.8209205907496144,12.863828774996879,22.72853149474211,0.012227893043265617,0.00041079294148516055,0.00039412869577468173,0.00708968116968681,0.004269999999999898,0.00426999999999991,0.0042699999999999344,0.0010326999999995604,0.0010326999999995421,0.0010326999999995604,-0.467680178570246,9.583650468819481,0.892440089456306,-0.0043495751602271445,0.002878991225319175,0.0022477644008862185,-12.248063068389893,-21.46368829727173,-2.115937588363886,978.0954956054687,-0.14151524537273283,24.80281505315605
2025-03-01T17:41:12Z,40.04749098159688,-75.69259320834436,127.4601794985785,13.944997622061727,-22.05959219937316,-1.124153701753043,1.4631306320110964,0.02638095986405905,0.7254539159915343,0.0009999999965362094,0.0010000000066015093,0.0009999999958636948,0.000999999988848659,0.000999999987591399,0.0009999999911698544,0.00003099620406859983,0.00003100052956796551,0.8110653546634963,13.907752430451442,24.473325268147782,0.012188564298964468,0.00042061736842810343,0.0004029497459572073,0.007097790281039612,0.0042709999999998955,0.0042709999999999086,0.004270999999999932,0.0010327099999995599,0.0010327099999995417,0.0010327099999995599,-0.3773792348349187,9.675888669116606,0.9947280271100919,0.007279220806703264,-0.004792869342232012,0.00451280435765807,-12.348000497817994,-20.87643829345703,-1.7013750704750419,978.0641430664062,-0.04377335139172352,24.314419536509075
2025-03-01T17:41:13Z,40.04358966867722,-75.69299460101176,127.25958436743429,13.250582966557563,-22.180949511242694,-1.1288582979097515,1.4546599258527095,0.022694326175957406,0.7224356638302503,0.00099999999633467,0.0010000000066873827,0.0009999999958449635,0.0009999999889858733,0.0009999999874887088,0.0009999999914068664,0.00003199543646840848,0.00003200055984072093,0.8028783317060731,15.037324435084003,26.31840748166911,0.012193406348016675,0.0004303221427905574,0.0004123331911278504,0.0071068158388980784,0.004271999999999893,0.004271999999999909,0.00427199999999993,0.0010327199999995594,0.0010327199999995405,0.0010327199999995594,-0.32789945017572564,9.651367353432729,1.1291301316554734,-0.00686430246137052,-0.0015090541392655096,0.0019117889324960248,-13.912688083648682,-20.153250818252562,-1.7353125819936395,977.9364331054687,-0.05523806735508305,24.550462770929727
2025-03-01T17:41:14Z,40.04007592323775,-75.69337751458342,126.92006415270782,12.74739043684282,-22.21033952028209,-1.088578483441166,1.452484097114983,0.02575395463314897,0.7170093041466361,0.0009999999967446735,0.0010000000068086776,0.0009999999957846172,0.0009999999891345361,0.0009999999873089463,0.0009999999913716394,0.0000329945554640181,0.000033000593315760586,0.7963835364203624,16.251629794570153,28.266248763102777,0.012212242843648424,0.0004406123693501591,0.0004215381249859602,0.007117337224685435,0.004272999999999892,0.004272999999999906,0.004272999999999929,0.0010327299999995602,0.0010327299999995402,0.00103272999999956,-0.27565616121211184,9.709193936023382,1.1481131944312974,-0.000928732555802674,-0.00376925377460765,-0.004583739882880527,-13.760063037872314,-20.299500770568848,-2.5698750888556243,978.0709619140625,0.002769875617741287,24.657875369405318
2025-03-01T17:41:15Z,40.03760795562492,-75.69372027840724,126.32812448056377,12.441554741406774,-22.305177850639176,-1.0936806187717776,1.449764832204078,0.024515807663052204,0.7161379588845493,0.0009999999969420438,0.0010000000069085864,0.0009999999958040843,0.0009999999891653591,0.0009999999874532016,0.0009999999914523461,0.00003399355198541896,0.000034000630263434724,0.7913712880430104,17.55232266897711,30.29782551792607,0.012271846507364152,0.00045040180789257756,0.00043133888331946604,0.007126970193281723,0.004273999999999892,0.004273999999999906,0.004273999999999928,0.0010327399999995612,0.0010327399999995406,0.0010327399999995593,-0.3536863693914144,9.675888622214591,1.222948398334388,-0.0020439772107459972,-0.000406659556457471,0.0007174315137321752,-13.693313045501709,-22.0093132019043,-2.8740001003444196,978.3111401367188,-0.018666163105362208,26.08014408060069
2025-03-01T17:41:16Z,40.035017620608045,-75.69406282906762,125.67087644114666,11.91238948164994,-21.97857586834848,-1.1998578256750159,1.4465551277729154,0.01396444385913559,0.7163923519734278,0.0009999999967402857,0.001000000007134372,0.000999999995804525,0.0009999999888662557,0.0009999999871272089,0.0009999999913919706,0.0000349924150529419,0.000035000670884635094,0.7873669422689206,18.890414185969703,32.352147162254255,0.01237605889916493,0.00045999590817755246,0.0004413363195357308,0.007134709574602057,0.004274999999999894,0.004274999999999905,0.0042749999999999256,0.001032749999999561,0.0010327499999995392,0.0010327499999995583,-0.23741088343850944,9.635933660500292,0.750146911895994,-0.002690059613932913,-0.0006436620742964008,0.01027045547794439,-13.568063097000122,-21.83850076675415,-2.698687616288662,978.3921875,-0.10997275584130213,25.85135855275215
2025-03-01T17:41:17Z,40.03166729211347,-75.69442581937257,125.07852580565819,11.660013323689412,-22.017874080574366,-1.175156707135264,1.4385848257175022,0.012759076522945615,0.7167245518626507,0.0009999999964813927,0.0010000000073647338,0.0009999999956681726,0.0009999999885736746,0.000999999987054344,0.0009999999915941884,0.000035991133956425286,0.000036000715415036146,0.7844181443043363,20.360411696758877,34.57132493888861,0.012458818227042607,0.0004698327363389343,0.00045137346475931125,0.007144446086551231,0.004275999999999894,0.004275999999999902,0.004275999999999921,0.0010327599999995609,0.0010327599999995394,0.0010327599999995574,-0.24381266035155583,9.694521260864127,1.2707263974352387,-0.007531746760633014,0.00042451646483007656,0.0011380267581400183,-14.499000625610352,-22.631063365936278,-2.6844375956431032,978.3906762695312,0.0025157342251361636,27.010914606326313
2025-03-01T17:41:18Z,40.02736457316159,-75.6948151057522,124.64201760048174,11.458492827569598,-21.879147516498577,-1.1425727141989743,1.433883337146996,0.017223642800266833,0.7139901448228501,0.0009999999962105345,0.0010000000070391694,0.0009999999954496753,0.0009999999887942619,0.0009999999870681767,0.000999999991688681,0.00003698970130826711,0.00003700076417791264,0.7826657819631663,21.901110047888174,36.88748087887291,0.012526890901943533,0.0004801676374625958,0.000461036222383694,0.007155329549392718,0.004276999999999892,0.004276999999999905,0.004276999999999921,0.0010327699999995608,0.0010327699999995393,0.0010327699999995573,-0.15517753910914864,9.69934344195583,1.2182229025109217,-0.004339393774728359,-0.002069013569121515,-0.004695732418986494,-15.150938072204589,-22.55418825149536,-3.5163751220703126,978.3569677734375,-0.0012061213083118913,27.397161193468865
2025-03-01T17:41:19Z,40.022481598019496,-75.69521859040401,124.25007973514982,11.165049438757453,-21.606649599323774,-1.1951378794815308,1.433314816088306,0.018316120198558043,0.7132209629708964,0.0009999999963824363,0.0010000000071184408,0.0009999999952870092,0.0009999999889528945,0.0009999999873199045,0.0009999999916207477,0.000037988108928424836,0.0000380008173943566,0.781871612584308,23.497531736428787,39.250128123227455,0.012748312103580876,0.0004902683721986769,0.0004708812730974882,0.007165467962459245,0.004277999999999894,0.004277999999999908,0.004277999999999923,0.0010327799999995603,0.0010327799999995386,0.0010327799999995568,-0.23525733828538198,9.634777044289226,1.0173853126137695,-0.0004817662797645863,-0.0008472838458816999,-0.0008748228629405747,-14.982000560760499,-22.012500896453858,-2.9137501161545516,978.3661376953125,-0.08681312616331611,26.786148543745764
2025-03-01T17:41:20Z,40.01597483491142,-75.69567635458372,124.01416021153653,10.672188782237729,-20.710206076599228,-1.2469571525200838,1.43351090516657,0.013008058830394591,0.7146141888456524,0.000999999996436867,0.0010000000071553738,0.0009999999951925474,0.0009999999888336225,0.0009999999872631325,0.0009999999919350201,0.00003898634356416898,0.00003900087505806107,0.7822632663484426,25.11434785376696,41.65438551857649,0.01391937964073027,0.0005000024676872203,0.00048090453525303443,0.007174181591516324,0.004278999999999891,0.004278999999999907,0.004278999999999921,0.0010327899999995611,0.0010327899999995377,0.0010327899999995577,-0.03563708969295781,9.720803063244814,0.2830790433825756,-0.000399316627738629,-0.000012434400045173606,0.006004582886911291,-14.573813076019286,-22.28156339645386,-1.6813125549256802,978.2567016601563,-0.053115626795976006,26.677484807270357
2025-03-01T17:41:21Z,40.008890072772665,-75.69617970677355,123.8006707391473,10.535689952563914,-19.810279008343578,-1.2258219235654402,1.4314299544142612,0.016973398662898334,0.7120826340054441,0.0009999999966058962,0.0010000000068386998,0.0009999999954845573,0.0009999999886108988,0.0009999999874482771,0.0009999999920989754,0.00003998439066203814,0.000040000936856339715,0.7855825971925325,26.803386489335132,44.198302795473296,0.01630517620438763,0.000510005974362023,0.0004904124601520027,0.0071847215260273855,0.00427999999999989,0.00427999999999991,0.004279999999999918,0.001032799999999562,0.0010327999999995368,0.0010327999999995582,0.21646769482626196,9.800240857435066,0.22871097167751625,-0.0038303403295671546,-0.0030565777559832,-0.003769253328914723,-14.261250562667847,-21.778875827789307,-2.5884376025944946,978.2589453125,0.027099974905099952,26.161040701842005
2025-03-01T17:41:22Z,40.00123075071992,-75.69676497625474,123.60208959192656,10.607997034181523,-19.184772951105792,-1.3016752157995874,1.4345661199932904,0.01857088331180214,0.7095469380069743,0.0009999999966032731,0.001000000006710251,0.0009999999957994324,0.0009999999886595038,0.0009999999875249554,0.00099999999231725,0.000040982243123904765,0.00004100100202320644,0.795327458191741,28.52827806553322,46.77152478735761,0.020470306648077374,0.0005188718517048576,0.0004998937777657283,0.007194690559789252,0.00428099999999989,0.0042809999999999125,0.004280999999999919,0.0010328099999995625,0.0010328099999995374,0.001032809999999559,0.21662917610988125,9.712330034342948,0.07964989312469095,-0.00040165271607019593,-0.003841522533168053,-0.0017560705881733206,-15.085875577926636,-20.803313341140747,-2.216625076197088,978.2619848632812,-0.06319288134433514,25.79287292477052
2025-03-01T17:41:23Z,39.990505512052465,-75.69762202431251,123.7922225167333,11.280924502777955,-19.71464460835681,-1.247331584368747,1.4406200132043188,0.024385080091391214,0.7140736618797846,0.0009999999965803195,0.0010000000065288365,0.0009999999960457041,0.0009999999885979907,0.000999999987876755,0.0009999999919450536,0.000041979910123499554,0.00004200106921811956,0.8154972999954938,30.314525121455006,49.35948696814973,0.024934388058926636,0.0005247260312698325,0.000510078909642596,0.007205483922442957,0.004281999999999888,0.004281999999999911,0.004281999999999918,0.0010328199999995635,0.0010328199999995382,0.0010328199999995596,0.009448659851197664,9.759243765506392,0.232818652764438,-0.0017330377239950338,0.0026142831856066353,-0.0056731155715734095,-12.66581301689148,-17.84512565612793,-0.9669375401362776,978.0038525390624,-0.016186002274413365,21.90443041249708
2025-03-01T17:41:24Z,39.97864977437704,-75.69872233896041,124.21114225507893,12.490792828268592,-21.38318458060173,-1.1715887403195957,1.4544796238259077,0.026107651391945836,0.7208935911465536,0.0009999999968154734,0.0010000000065128484,0.000999999996184255,0.0009999999887360474,0.0009999999881491076,0.0009999999916087284,0.00004297742728908668,0.000043001136744074814,0.8477941784374573,32.10186260759558,51.828531431709926,0.02923833945124998,0.0005265140367133408,0.000520361114500194,0.007215343227752498,0.004282999999999891,0.004282999999999913,0.00428299999999992,0.001032829999999564,0.0010328299999995386,0.00103282999999956,-0.14539311656820017,9.728491468329231,0.24659830194386487,0.0021519620468902784,0.0035088829401140184,-0.0023168644018412487,-12.336375532150269,-19.45800073623657,-0.6054375224560499,977.8924365234375,-0.04533702960962961,23.04699909168568
2025-03-01T17:41:25Z,39.9677482578455,-75.69994061720259,124.617991843438,14.180254169323224,-23.74056025749574,-1.1076543351435442,1.4622113071815028,0.018064865153821375,0.7245501099031239,0.000999999997108006,0.00100000000621954,0.0009999999959559478,0.0009999999889263747,0.0009999999880625663,0.0009999999915921958,0.000043974860412682606,0.000044001202806680115,0.8904436404723071,33.854550479234945,54.09010344992944,0.03227954025521902,0.0005235128741066237,0.0005301039999959393,0.007223030917493032,0.004283999999999889,0.004283999999999911,0.004283999999999918,0.001032839999999563,0.0010328399999995378,0.0010328399999995595,-0.011209374204197875,9.68953285915995,0.3684916970445127,-0.005683296084005458,-0.0008778269815706914,0.006289653107145228,-12.689813070297241,-20.91506326675415,-1.5519375590234994,977.944619140625,-0.08125564729767064,24.512797624427378
2025-03-01T17:41:26Z,39.958660297326155,-75.70117101145041,124.91763879704503,16.11728354540908,-26.48101071054224,-1.014477030735011,1.476413387286329,0.024876174294196383,0.7233565712382247,0.0009999999969653158,0.0010000000060755429,0.0009999999960817031,0.0009999999886013133,0.0009999999878138137,0.0009999999911723917,0.000044972295133210963,0.00004500126609753129,0.9368588081832392,35.576723329018854,56.07921113218477,0.03260214257616227,0.0005162820725662026,0.0005391021142501374,0.007233499393957784,0.004284999999999887,0.004284999999999913,0.00428499999999992,0.0010328499999995638,0.0010328499999995387,0.0010328499999995603,0.0437457836814584,9.701776137981552,0.6414728778852233,0.0010871210148855036,-0.0038201589115342224,-0.009287399048114982,-12.285375547409057,-20.621063270568847,-1.4321250570565462,978.062138671875,-0.05446514033152869,24.04594025092841
2025-03-01T17:41:27Z,39.94967396179357,-75.70256655568173,125.38660496204292,18.11497150990054,-29.848806961227467,-0.9241793919343776,1.4904452840906073,0.02599673050691049,0.7287324414294037,0.00099999999701755,0.001000000006381924,0.000999999996231197,0.0009999999885337552,0.0009999999876919856,0.0009999999908344222,0.00004596981341302359,0.00004600132609478667,0.9804870112960826,37.25873260500036,57.68560535640672,0.0326497022156331,0.0005039547773469817,0.0005485097929457198,0.007242770406478947,0.004285999999999888,0.004285999999999912,0.004285999999999919,0.001032859999999563,0.0010328599999995377,0.0010328599999995594,-0.16888984893242895,9.695815693958647,0.43316001972157087,-0.0008122337541956068,0.0018365156775706599,-0.003598678887120296,-12.93150053024292,-21.432563276290892,-1.0830000466108323,978.007294921875,-0.07023098767952914,25.05491606496626
2025-03-01T17:41:28Z,39.94188085251358,-75.7039787064054,125.85198733524555,20.108140747474895,-33.26067833675119,-0.825879589464392,1.504779569301402,0.023523600686824537,0.7331404016600157,0.0009999999967942002,0.0010000000063643238,0.0009999999965569718,0.0009999999884438562,0.0009999999880021273,0.0009999999911150218,0.000046967477739591084,0.00004700138300670221,1.0175088977594455,38.92683970588855,58.97591064829823,0.03166702155214124,0.0004886013266823088,0.0005575585690106311,0.007251278659505924,0.004286999999999887,0.00428699999999991,0.004286999999999917,0.0010328699999995633,0.001032869999999538,0.0010328699999995598,-0.13631412424531855,9.716492024097418,0.40326738392938555,0.000221729601402876,0.0008733186928021775,-0.00023641913391203562,-14.408438005447387,-21.99393836975098,0.00768750507384534,978.0344921875,-0.051038510974568144,26.293227258609566
2025-03-01T17:41:29Z,39.93604675899956,-75.7052489386035,126.15255450095196,21.856937828780787,-36.12512788291659,-0.7229402264702187,1.5149968287120383,0.02182206927319418,0.7335797306535415,0.000999999996395558,0.0010000000062800162,0.0009999999964840395,0.0009999999883181236,0.0009999999878013853,0.0009999999914181998,0.00004796532085531728,0.00004800143771644166,1.0439628832398942,40.61950664837844,60.03354654164418,0.029569349296479645,0.00047215157199276687,0.0005660897053670467,0.007259860890494802,0.00428799999999989,0.0042879999999999125,0.004287999999999913,0.0010328799999995623,0.0010328799999995372,0.0010328799999995589,-0.03822604461548675,9.757440689956054,0.45799045328786003,-0.0009724609039615945,-0.002259282668772478,-0.0008347661178261307,-12.914813051223755,-21.333188381195068,-0.918937539048493,978.146943359375,-0.00831471437007192,24.954743732090208
2025-03-01T17:41:30Z,39.93006197185339,-75.7066567120509,126.60453940157426,23.876097828458697,-39.490572417938274,-0.7178584129436644,1.5235060172637525,0.02287574105898389,0.7330302114327442,0.000999999996330024,0.0010000000062541435,0.000999999996421772,0.0009999999882388377,0.000999999987666782,0.000999999991295631,0.000048963340866245906,0.00004900149154634441,1.0570017104031773,42.34457853442703,60.90577358044497,0.02652135962288228,0.00045615492636322296,0.0005743712725447752,0.007269037502103769,0.004288999999999891,0.004288999999999913,0.004288999999999913,0.0010328899999995634,0.001032889999999538,0.0010328899999995597,-0.021458627876636032,9.646023399664639,0.5846433398746345,-0.0033925538021609435,-0.0031889320937778564,-0.003993237517418993,-12.443625478744506,-20.30062578201294,-1.742812571823597,978.0585961914062,-0.11250187480369354,23.874551169969827
2025-03-01T17:41:31Z,39.92481095524152,-75.7080382816807,126.99042053676814,25.52513456950173,-42.637010880764954,-0.6555486008571314,1.5366775946960975,0.021914593065938348,0.7347438432945781,0.0009999999961686373,0.0010000000063316889,0.0009999999964725754,0.0009999999879810038,0.000999999987696622,0.000999999991511998,0.000049961509540577325,0.00005000154594644775,1.0574021447008153,44.17944441462744,61.71408938794061,0.02388382725936363,0.0004415674928202902,0.0005827127966451366,0.007278019134014184,0.004289999999999893,0.004289999999999915,0.0042899999999999145,0.0010328999999995618,0.0010328999999995368,0.0010328999999995594,-0.17846767586040563,9.728296620680595,0.4189403760369638,0.0026244639807878473,-0.0006742054075846867,-0.001712675293255203,-12.061500453948975,-20.80518838882446,-1.1218125527724625,978.0615502929687,-0.03700299737928278,24.074710299565872
2025-03-01T17:41:32Z,39.9201652178365,-75.70938075940937,127.28904748962573,27.199750827015535,-45.69259619424154,-0.6809240605347125,1.5417779416378232,0.024478225698856885,0.7393213425776515,0.0009999999959640785,0.001000000006491791,0.0009999999966094518,0.0009999999883889212,0.0009999999874713383,0.0009999999916378989,0.0000509597782118334,0.00005100160250711304,1.0459503451773002,46.11476296723649,62.574684648375886,0.02049120020023498,0.0004295413054103536,0.0005911285623602867,0.007287665287668351,0.004290999999999895,0.004290999999999917,0.004290999999999917,0.0010329099999995617,0.0010329099999995368,0.0010329099999995582,-0.16198596782376307,9.654039349534003,0.6750312353952596,-0.004016770415997057,0.0026476640820300877,-0.004950593040375134,-12.573937969207764,-21.114938316345214,-0.8615625346079469,978.0713208007812,-0.0966995323050766,24.590329998273884
2025-03-01T17:41:33Z,39.91619361550154,-75.71064098782345,127.39138279421685,28.50589206448474,-48.17767032361827,-0.7502222457607212,1.550196146164559,0.023726404034367515,0.7354202949259674,0.000999999996041485,0.0010000000064243522,0.0009999999962095225,0.0009999999882671108,0.0009999999872969375,0.0009999999918938126,0.00005195808683599256,0.00005200166252889454,1.0250714743869274,48.18118981957033,63.54046862222505,0.018221254185030525,0.00042092551188518165,0.0005992166463547804,0.007296896743931188,0.004291999999999896,0.004291999999999918,0.004291999999999918,0.0010329199999995623,0.0010329199999995372,0.0010329199999995586,-0.17104993489229414,9.64123778247184,0.4744937364443273,0.0013314664275857124,-0.005520399475669593,-0.001509053792125784,-12.457500495910644,-21.58968828201294,-1.3095000472292304,978.1203100585938,-0.12101300048981795,24.960292764551365
2025-03-01T17:41:34Z,39.911352144493556,-75.71207636893604,127.62096454028456,29.83654413513481,-51.36359098258297,-0.7244896546054216,1.5587861273092258,0.016975240466413893,0.743495101120804,0.0009999999961879174,0.001000000006576973,0.0009999999962947515,0.00099999998813475,0.0009999999869770915,0.0009999999916299835,0.00005295636934648131,0.00005300172737584121,0.9977011091225154,50.413517069772595,64.717555832466,0.015827818744556455,0.00041514328533362574,0.000607781708200368,0.007305632327564137,0.004292999999999897,0.004292999999999921,0.004292999999999921,0.0010329299999995622,0.0010329299999995369,0.0010329299999995586,-0.4464572843042786,9.722097504155974,0.5861045333294881,0.0004996223543829196,0.006212710596697803,0.00435257763207845,-12.312187986373901,-22.195688343048097,-0.9541875336319208,978.00837890625,-0.025164820839087693,25.399733250255924
2025-03-01T17:41:35Z,39.90701090259209,-75.71341328973608,127.67924893435794,31.1807876887394,-54.16047348708808,-0.7752695926315011,1.5646412326275647,0.010402125014433418,0.7440150122788373,0.0009999999961182349,0.001000000006692085,0.0009999999962098933,0.0009999999885956135,0.0009999999870593038,0.0009999999916482465,0.00005395453913616697,0.00005400179889679647,0.9639577782279797,52.77908521276414,66.20452715815945,0.013943955906604353,0.0004130077379383256,0.0006163983218408733,0.007314490421112802,0.004293999999999896,0.004293999999999922,0.004293999999999922,0.001032939999999561,0.001032939999999536,0.0010329399999995576,-0.29288448326901856,9.673381303780655,0.8237262079926628,-0.00019569439445757733,-0.0008880082145489395,0.0045792315146417645,-12.76237548828125,-21.91556339263916,-1.766812570951879,978.0640283203124,-0.062079608031007594,25.422218485140093
2025-03-01T17:41:36Z,39.902890442012584,-75.71468249452421,127.55637075547611,32.20136991223445,-56.39857075634831,-0.8612861627992592,1.5709163302477087,0.011618789794227511,0.7489196198824847,0.0009999999960201636,0.0010000000067488708,0.0009999999964370324,0.0009999999884330666,0.0009999999867926703,0.0009999999920211372,0.00005495249932921144,0.00005500187855315269,0.9275562726437869,55.282884352559726,67.99918843905216,0.013143706293550883,0.00041418913949852187,0.0006253679121541659,0.007324380482414095,0.0042949999999998935,0.004294999999999923,0.004294999999999923,0.001032949999999562,0.0010329499999995368,0.0010329499999995584,-0.2819409134081664,9.659178035979535,0.5806520388718792,0.001611196817417484,0.003819322782570053,-0.002757487974587261,-14.137875595092773,-21.96956340789795,-1.842937583103776,978.1196484375,-0.09396293153966781,26.190360876807617
2025-03-01T17:41:37Z,39.89785076483161,-75.7160335388601,127.42152986370334,33.555307747314274,-58.86914206495537,-0.9262376524616543,1.5731310292771903,0.008338310120780639,0.7465285066283379,0.0009999999959388202,0.0010000000066586435,0.000999999996718185,0.0009999999882972655,0.0009999999869636615,0.0009999999917280518,0.000055950133062686064,0.00005600196776501008,0.8911731757757937,57.9549754311983,70.21896854853753,0.013192038520762655,0.0004183897341860123,0.000634604385560524,0.007333802300885852,0.004295999999999892,0.0042959999999999205,0.0042959999999999205,0.0010329599999995614,0.0010329599999995363,0.0010329599999995577,-0.20845772219175474,9.682474055919256,0.9745936685907584,-0.0020079263283375257,-0.003484183525070924,0.0018201592351004816,-14.978813104629516,-22.19118839263916,-2.379187598004937,978.0823022460937,-0.04083412998387995,26.878829762735165
2025-03-01T17:41:38Z,39.89282846281655,-75.71731768706294,127.08100763298599,34.6608320451023,-60.439577779618936,-1.0811392853962811,1.5817317001431201,0.012657323166472141,0.7384777337737286,0.0009999999957985596,0.0010000000067865754,0.0009999999966443212,0.0009999999884792404,0.0009999999871340654,0.0009999999917627042,0.00005694731231388679,0.000057002067379778305,0.8586370069768181,60.74022363777415,72.75807013557028,0.013789066108521406,0.0004252097076367167,0.0006440617636132879,0.007344133859963379,0.00429699999999989,0.004296999999999918,0.004296999999999918,0.0010329699999995618,0.0010329699999995366,0.0010329699999995583,0.07860124146599384,9.60717993481288,0.5375047373084263,0.005811142491703595,-0.008951423060694403,-0.005337139366517987,-15.916500654220581,-22.3134383392334,-1.8723750883713364,978.1584790039062,-0.15180565126839435,27.472304662013485
2025-03-01T17:41:39Z,39.88608566740445,-75.71871479620124,126.82131705592258,36.00454307171335,-62.445935239913496,-1.0051709811615581,1.580714669935934,0.020233659390611322,0.7329592297710565,0.000999999995579415,0.0010000000068197893,0.000999999996583785,0.0009999999885745856,0.0009999999874587134,0.0009999999916537948,0.00005794388759619593,0.00005800217828161364,0.8324265989006838,63.78734407130535,75.75646694480663,0.016058857351369422,0.000434058604571369,0.0006536486738503568,0.007354954052223366,0.004297999999999888,0.004297999999999917,0.0042979999999999165,0.0010329799999995613,0.0010329799999995361,0.0010329799999995578,-0.08361122502592397,9.834834722043114,1.0962464801929859,-0.0031154947550056655,-0.006475250661072417,-0.008625795797162,-13.060500550270081,-20.220750708580017,-3.1876876140758394,978.1008813476562,0.12193682025464313,24.281975239785687
2025-03-01T17:41:40Z,39.87422903137442,-75.72046621453546,126.97526285077683,36.85230647478556,-64.24509967706582,-1.1277254380829664,1.573058235223852,0.023366082415283568,0.731315532907319,0.0009999999953201914,0.0010000000066942084,0.0009999999965614398,0.000999999988917121,0.0009999999876204885,0.0009999999915079022,0.00005893969254746294,0.0000590023018591252,0.8151956262445653,66.89531391177026,78.89625425500195,0.018072461109350686,0.0004439794613769319,0.0006633373677308546,0.007365408142629718,0.004298999999999885,0.004298999999999917,0.004298999999999915,0.0010329899999995617,0.0010329899999995365,0.0010329899999995582,-0.22768006799983495,9.585604666703079,0.6745337152043371,-0.00879870649588485,-0.002690057986292279,-0.004655006730111004,-15.838125700950622,-28.966688594818116,-1.9211250936985014,977.7967065429688,-0.16199672116967026,33.069663429171236
2025-03-01T17:41:41Z,40.06766317817501,-75.66592993836126,124.00539177831975,20.335175511693233,-21.54130679942755,-0.9369986450021134,1.489528554750996,0.050862207951500954,0.7695792229421914,0.000999999995230905,0.0010000000065450774,0.0009999999964118809,0.0009999999891181926,0.0009999999877553269,0.0009999999915069858,3.074253477590959e-10,3.0742511847002163e-10,0.5463019413393668,0.004754099768244268,0.004754150324967232,0.013131602017541363,0.00017532617655509358,0.00017112173905977355,0.0072432016451447175,0.004299999999999888,0.004299999999999917,0.004299999999999918,0.001032999999999562,0.0010329999999995371,0.0010329999999995586,-0.091103500529444,9.789175031436416,0.3913836874000792,0.008230567985533522,-0.004762826616481367,0.001388380989756274,-16.39950075149536,-20.517188158035278,-1.431187554858625,977.999111328125,0.019353122426917446,26.30483335948719
2025-03-01T17:41:42Z,40.06765941603119,-75.66618049814244,123.9209109262361,20.427015569554943,-21.15400494358113,-0.9774198127023397,1.484640124597335,0.056603699576369536,0.7661084315059645,0.000999999995522656,0.0010000000066082938,0.0009999999966547929,0.000999999989060763,0.0009999999875157858,0.0009999999918087284,1.0003074255093484e-6,1.0003074254962464e-6,0.5817535332627115,0.02227032804338575,0.022545284776620895,0.013250513270476577,0.00018514604490458254,0.000181051733248661,0.007255161193335902,0.004300999999999887,0.004300999999999917,0.004300999999999917,0.001033009999999563,0.001033009999999538,0.0010330099999995596,-0.18859729513654414,9.663610656095953,0.6017919081230828,-0.002669697165472812,-0.003076939914820144,-0.0063043429363804785,-15.52818811416626,-22.56281339645386,-3.3213751238584517,978.1031982421875,-0.0939404494108666,27.59046759134777
2025-03-01T17:41:43Z,40.067653419007094,-75.66642879864024,124.165608044131,20.363907594320956,-21.1726426276789,-0.8498092395680689,1.482573387705894,0.052818275477771605,0.7678989375834728,0.0009999999959289744,0.0010000000067351559,0.0009999999967937798,0.0009999999892268971,0.000999999987428322,0.0009999999915867553,2.0003074269497397e-6,2.0003074290248705e-6,0.6181882659037725,0.07125435909686749,0.0759236205723152,0.013461187968663794,0.00019447497568966367,0.0001910651920360696,0.0072640907041654846,0.004301999999999887,0.004301999999999916,0.004301999999999916,0.0010330199999995617,0.0010330199999995385,0.00103301999999956,-0.5944598822994398,9.757090305321762,0.8658398782954786,0.0009751300802707352,0.002207040683743386,0.003550942181418936,-14.292938079833984,-22.19643838882446,-1.1793750490248203,977.8795678710937,0.03534840930867384,26.42646769209441
2025-03-01T17:41:44Z,40.067639316464835,-75.66667408924349,124.56279571736682,20.199973065425844,-20.67577764458976,-0.8607343805683096,1.4716863776660198,0.04989859262861278,0.7682356158700131,0.0009999999957528618,0.0010000000063913673,0.0009999999968773768,0.0009999999895202694,0.000999999987762586,0.0009999999913482553,3.0003074295295837e-6,3.000307442898033e-6,0.6529187847576571,0.15585093391087587,0.16572895341350657,0.013223199338414024,0.00020364911720982025,0.00020106244351999927,0.007273242129093416,0.004302999999999888,0.004302999999999918,0.004302999999999918,0.001033029999999562,0.0010330299999995378,0.0010330299999995595,-0.26095467682190965,9.65796196833703,0.5194977687846747,-0.007261363899112057,0.001526075931739975,0.0025400116503338293,-14.555063076019287,-21.366188259124755,-1.7017500464245676,977.8175805664063,-0.10271300645611092,25.90863139602799
2025-03-01T17:41:45Z,40.067610040034786,-75.6669143392096,124.81263027114424,20.057646672797247,-20.321275925722958,-0.8630497756741227,1.4611972192225338,0.03738533741892265,0.7695458198469595,0.0009999999960283589,0.0010000000060912688,0.0009999999969633182,0.000999999989447919,0.0009999999879245199,0.000999999991224356,4.000307422473291e-6,4.000307479065006e-6,0.6837912876225616,0.2756448928818726,0.29382402893414555,0.01308601994566745,0.00021253859016653512,0.00021106666504718094,0.0072793584652930425,0.004303999999999885,0.00430399999999992,0.00430399999999992,0.0010330399999995627,0.0010330399999995373,0.001033039999999559,-0.264848572778925,9.659622596734332,0.7650621709531976,-0.007271544945967197,0.0016063558767920605,0.01219467958617621,-13.751063089370728,-21.158813285827637,-2.2083750915527345,977.9509228515625,-0.0847014765095607,25.331037498434362
2025-03-01T17:41:46Z,40.06755154206402,-75.66714960398842,125.1617099189446,20.02113343357187,-19.7912277205935,-0.7861433875870261,1.463280810496394,0.02659669272944723,0.7587881585337913,0.0009999999959177958,0.001000000006335031,0.000999999996763293,0.0009999999895277875,0.0009999999875848456,0.000999999991636583,5.0003073641134984e-6,5.0003075538576945e-6,0.7101070507373021,0.43668291389807207,0.4610760344781039,0.013009146918472034,0.00022166917125307202,0.0002208694098605463,0.007286150639077946,0.0043049999999998844,0.004304999999999921,0.004304999999999922,0.0010330499999995622,0.0010330499999995362,0.0010330499999995576,0.05591780125905706,9.741906945644605,0.7958099469227212,0.005787108695457315,-0.010030283584596516,0.009009169780081124,-13.440188007354736,-20.635688285827637,-2.0638125628232955,977.9018603515625,-0.003730930416224907,24.712893280596372
2025-03-01T17:41:47Z,40.06746393876123,-75.66738017880705,125.42657954682653,19.807256175013592,-19.404430327950674,-0.7794761684794855,1.4513498851948778,0.03216112126848644,0.7649874489062434,0.0009999999962342972,0.0010000000060180626,0.0009999999966383206,0.0009999999898853374,0.0009999999876890706,0.0009999999918937862,6.000307150626032e-6,6.000307689255803e-6,0.7315854357687397,0.6340918736108744,0.6720848382075424,0.012873506903866794,0.00023082094758051147,0.00023090135606460677,0.007297797316602873,0.0043059999999998854,0.004305999999999922,0.004305999999999922,0.0010330599999995613,0.0010330599999995365,0.0010330599999995578,-0.13400105960010558,9.677728278471651,0.8201768536472774,-0.009307761589536024,0.00842767971505473,-0.005479675436236286,-14.811000595092773,-21.619500789642334,-2.258437596075237,977.9913500976562,-0.06494283223337267,26.30335375930221
2025-03-01T17:41:48Z,40.06733294221024,-75.66760568268423,125.66681020324312,19.512852105523436,-18.708332180769226,-0.7846857328606609,1.4527739887525637,0.03212470140280158,0.7576757197108921,0.0009999999964133883,0.001000000005769429,0.0009999999967391724,0.000999999989523157,0.0009999999876581806,0.0009999999920319398,7.000306575591884e-6,7.0003079124521365e-6,0.7480808556720832,0.8809940011691313,0.9290292599912376,0.012838377391751475,0.00024026533316776665,0.0002406690078640536,0.007307922705920341,0.004306999999999883,0.004306999999999923,0.004306999999999919,0.0010330699999995612,0.001033069999999537,0.0010330699999995586,0.012479559996516188,9.703969533278487,0.5965276969717284,0.004084698168001571,-0.005754230237972901,-0.0016559283685436414,-15.03843807220459,-20.54156312942505,-2.5440000923722983,978.0010107421875,-0.05606424894619954,25.58475660577946
2025-03-01T17:41:49Z,40.06713272207047,-75.66782708764798,125.99398682246611,19.330775320046758,-18.275545004282108,-0.7072319837893717,1.4464230531148905,0.03070915809435357,0.755680033473085,0.0009999999966240757,0.0010000000056612816,0.0009999999967249184,0.0009999999896334476,0.0009999999876058648,0.0009999999923234525,8.000305285508171e-6,8.000308255796292e-6,0.7605239866967834,1.1673578879300583,1.2316060542361997,0.012913965193529803,0.0002498002646249057,0.00025045128822248695,0.007317745270588632,0.004307999999999882,0.004307999999999925,0.004307999999999919,0.0010330799999995603,0.0010330799999995377,0.0010330799999995594,-0.05579956515629703,9.746104152298459,0.8994073885042523,-0.004166316022010437,-0.0007760161866881592,0.000028289120308102374,-14.862000551223755,-19.83018835067749,-2.106562580764294,977.9422216796875,0.009271366853820911,24.870675655884398
2025-03-01T17:41:50Z,40.066826933636314,-75.66804747600614,126.48519031781555,19.014963925634,-17.76509560646439,-0.6891106833428445,1.4409777284233327,0.026548872555568297,0.754181691961398,0.0009999999966948106,0.0010000000055101494,0.0009999999966533886,0.0009999999893194169,0.0009999999877300864,0.0009999999920904416,9.000302730164223e-6,9.000308756726568e-6,0.7700470322189799,1.5014117295532092,1.5835814203312706,0.013102468364488602,0.0002594861536138726,0.00026014939522840555,0.0073269329623318925,0.004308999999999881,0.004308999999999923,0.004308999999999918,0.0010330899999995593,0.0010330899999995377,0.0010330899999995593,-0.026084751841030204,9.691167997354569,0.7989206131589753,-0.003585994243965494,-0.0007861968229449372,0.002359756777754644,-15.031125593185426,-19.842375736236573,-2.250187591686845,977.8178393554688,-0.054378463213361566,24.99430763905504
2025-03-01T17:41:51Z,40.0665071879648,-75.66826429564425,126.70943112372758,18.782156519209515,-17.192451833594976,-0.7526764781833778,1.4395142821750566,0.027312628203738098,0.7472032343132192,0.0009999999968904841,0.0010000000052945148,0.0009999999967697912,0.0009999999893719846,0.0009999999878096224,0.000999999992334743,0.000010000298114522635,0.000010000309457294744,0.7775859725442841,1.886869301538024,1.9816964289525578,0.013541925652026377,0.00026951989089507106,0.0002696173855653131,0.007337687839736292,0.004309999999999879,0.0043099999999999215,0.004309999999999916,0.0010330999999995586,0.0010330999999995372,0.0010330999999995586,0.09957701033366757,9.639839326571598,0.7754121090690865,-0.0003215393376714608,-0.006154797482080478,-0.003208126264398155,-15.586875638961793,-20.730188341140746,-2.20837509393692,977.962880859375,-0.10702770196932321,26.03009171697096
2025-03-01T17:41:52Z,40.06616943292734,-75.66847846038509,126.72985052666907,18.43722532227643,-16.78246147491552,-0.7710502571689981,1.4377831030870767,0.032163672993538686,0.7501696472661936,0.0009999999970062461,0.0010000000055286613,0.0009999999962896564,0.0009999999894822814,0.0009999999876053717,0.0009999999925308898,0.000011000290358812536,0.000011000310403096965,0.7841371845515008,2.31957426865927,2.4392203848302705,0.013952921591055193,0.0002795570651095903,0.0002791104608528273,0.007349673270301873,0.004310999999999878,0.004310999999999922,0.004310999999999915,0.0010331099999995575,0.001033109999999536,0.0010331099999995577,-0.1155763282943466,9.694278644556473,0.7883124276183562,-0.0014886920845647482,0.0038258317523536477,-0.005948004967784038,-15.053625583648682,-20.628188247680665,-2.075062584988773,978.073603515625,-0.051593126457656596,25.621027952079157
2025-03-01T17:41:53Z,40.065878068790006,-75.66868704829662,126.44481265879597,18.039880916173054,-16.202630805844304,-0.893056847225815,1.4407094753632899,0.03191536938075001,0.7498323493157674,0.0009999999971502702,0.0010000000055606566,0.0009999999959248694,0.0009999999895638023,0.0009999999874395868,0.0009999999922598816,0.00001200027806669459,0.000012000311642697351,0.7905473168387328,2.813258233468432,2.949617645982215,0.0147929261218662,0.00028957578015618676,0.0002883735330631895,0.007359994730749715,0.0043119999999998776,0.004311999999999919,0.004311999999999912,0.0010331199999995583,0.0010331199999995366,0.0010331199999995583,-0.07737418903966044,9.642389107745535,0.5652752091769041,0.0028128975334362257,-0.00044671632276471675,-0.001035049852442353,-14.294625616073608,-20.385000801086427,-1.864875076636672,978.2646850585937,-0.11936263797506123,24.967174443596146
2025-03-01T17:41:54Z,40.06560909263509,-75.66889052070846,125.9392473142901,17.8414642375974,-15.759465295036568,-0.9536219709244758,1.4396986851957725,0.034971243287285715,0.7505253488985557,0.0009999999971578805,0.0010000000050941987,0.0009999999961120074,0.0009999999890795217,0.0009999999875418136,0.000999999992158894,0.000013000259517637356,0.000013000313221565786,0.7980108876563177,3.359188628145136,3.505046946736771,0.0155671330287712,0.0002994935979335082,0.000297463549699425,0.007371199070553731,0.00431299999999988,0.004312999999999917,0.00431299999999991,0.0010331299999995587,0.0010331299999995374,0.0010331299999995589,-0.05049154822491743,9.690091219578585,0.767135945301232,-0.001427605686362415,0.0008122326650066684,-0.004013599729962439,-14.099625577926636,-20.648438186645507,-1.5909375712648035,978.4105712890625,-0.05812202702556803,25.053661928620734
2025-03-01T17:41:55Z,40.06529637978921,-75.66909491117842,125.36430741988895,17.706347425083223,-15.550544566687254,-1.0111585176890001,1.4398650396343775,0.04184338015324328,0.7498225945963897,0.0009999999968573843,0.00100000000512532,0.000999999996099084,0.0009999999892787526,0.0009999999878542534,0.0009999999920343647,0.000014000232693787356,0.00001400031518315582,0.8067789100998579,3.947843013699308,4.103390391919995,0.015973519888862406,0.0003092375670029269,0.0003063258806596919,0.007383500529386304,0.004313999999999881,0.0043139999999999195,0.004313999999999911,0.0010331399999995586,0.001033139999999537,0.0010331399999995586,-0.1940210282997678,9.66572433216857,0.9477940529400247,-0.0004807648479698398,-0.00025678123924512033,-0.008075850389972956,-14.247750568389893,-20.642813262939452,-1.906500072479248,978.4875830078125,-0.06466442679590287,25.154648091855346
2025-03-01T17:41:56Z,40.064924917359264,-75.66930218505958,124.77171185315433,17.29003988606242,-15.184466919688578,-1.0044398847030584,1.4534593752481197,0.040794265856786145,0.7516590435201546,0.0009999999969983516,0.001000000004858141,0.0009999999958874087,0.0009999999894204812,0.000999999987711458,0.0009999999923819614,0.000015000195332987761,0.000015000317568194259,0.81684273911318,4.6162102790580315,4.767388318708162,0.016955518494078843,0.000318285301480121,0.00031504075816730015,0.007393079224030377,0.004314999999999879,0.004314999999999917,0.004314999999999908,0.0010331499999995581,0.0010331499999995364,0.0010331499999995581,-0.2995536619745159,9.774151291826469,0.5382873070440255,0.012536663342598937,0.0010253670572948396,-0.00002361778119891434,-12.256500539779664,-22.048875732421877,-1.3762500534951687,978.5553637695313,0.014823536491845465,25.26393124757442
2025-03-01T17:41:57Z,40.06422552425752,-75.66953495003709,124.51682786634106,17.10018829132668,-15.271385015339616,-0.8510661155703191,1.4566815067402794,0.0382280329459372,0.7549074267936042,0.0009999999969857352,0.001000000005065374,0.0009999999957788865,0.000999999989279397,0.0009999999875789096,0.0009999999921329555,0.000016000145010500135,0.00001600032041185008,0.8281411852702458,5.333613340988057,5.462698284581174,0.017275253500443333,0.0003266699107867485,0.0003236069810090424,0.0074021498657552845,0.004315999999999879,0.004315999999999916,0.0043159999999999085,0.0010331599999995572,0.001033159999999536,0.0010331599999995572,-0.29683264641784474,9.858545946116358,0.8033473365175685,0.0010056726109326545,0.0015758131840527578,0.0007002400159764203,-12.93468807220459,-22.401000900268556,-1.0704375372827053,978.4298168945312,0.11696516017699313,25.889268068925606
2025-03-01T17:41:58Z,40.06344751930466,-75.66977896445827,124.3591452623523,17.204513382669944,-15.375314175349173,-0.7911157017607493,1.4495416943715895,0.03602886251393285,0.7508050031534728,0.000999999997026253,0.001000000005109651,0.000999999995526205,0.0009999999894916604,0.0009999999875020351,0.0009999999922638788,0.000017000079216582217,0.000017000323737155014,0.8398453628838886,6.1116404285419055,6.160745140610348,0.017494297593994606,0.0003344254399529727,0.00033196251263587536,0.007411088144944202,0.004316999999999877,0.004316999999999915,0.00431699999999991,0.001033169999999558,0.0010331699999995365,0.001033169999999558,-0.04120726442279891,9.756459984445979,0.9553445321547825,-0.009444454204868512,-0.005894428335631219,-0.0005844119500906578,-13.94700054168701,-22.07362594604492,-0.1560000249743462,978.4606640625,0.02450794030055364,26.111021959322297
2025-03-01T17:41:59Z,40.06241776566407,-75.67005058641037,124.37118127773955,17.077209078240898,-15.606931621803575,-0.7620015372762525,1.4660314992925012,0.0396728951471514,0.7518368230909983,0.000999999997011011,0.0010000000050435554,0.0009999999954332544,0.0009999999895471006,0.0009999999875297864,0.0009999999923690755,0.000017999995455156813,0.000018000327559858615,0.8517707811280292,6.954611404668554,6.899063739927701,0.017952519728977684,0.0003415468170451454,0.00034023456629958104,0.007421666914781651,0.004317999999999878,0.004317999999999915,0.004317999999999913,0.001033179999999559,0.0010331799999995376,0.001033179999999559,-0.20961425497271768,9.734358421002682,0.6890501703888212,0.013121157608879655,-0.0006742050465324332,-0.006314523433263018,-15.162938137054443,-21.694875831604005,0.6170625180006027,978.3907373046875,-0.017708653901963706,26.475656831102
2025-03-01T17:42:00Z,40.06145487848081,-75.67032329363498,124.28320475049183,16.87091083260434,-15.767954250998027,-0.7575844646323031,1.4717445061690817,0.033702089267725506,0.755479473082297,0.00099999999734878,0.001000000005423792,0.0009999999956883476,0.000999999989205418,0.0009999999874192851,0.0009999999923041437,0.000018999891382930073,0.000019000331892215995,0.8640729752440054,7.865733332168967,7.662529914868945,0.018572726792552598,0.00034759091948550894,0.00034840724336385935,0.007428782007742122,0.004318999999999877,0.004318999999999914,0.004318999999999912,0.0010331899999995592,0.0010331899999995377,0.0010331899999995592,-0.24287448628258326,9.737788191472413,0.47293840652726293,0.002432359131291985,0.001005339319669278,0.0038919256173473,-12.056625461578369,-20.8243132686615,0.44212501794099807,978.4775024414063,-0.026365709268088056,24.066725333829478
2025-03-01T17:42:01Z,40.06070177604157,-75.67058078244601,124.01376035890442,16.820921199010677,-15.663861566475818,-0.7521248732741646,1.4778641103167036,0.03624476939354357,0.7560173202819489,0.0009999999975020236,0.0010000000051479903,0.0009999999957687705,0.0009999999895459475,0.0009999999873378984,0.0009999999926444355,0.000019999764982525536,0.000020000336727614716,0.877267743953884,8.860505000466974,8.423431521501028,0.01941926187414284,0.0003529352333756563,0.00035649044171560734,0.007438033186209889,0.0043199999999998795,0.004319999999999916,0.004319999999999911,0.0010331999999995583,0.001033199999999537,0.0010331999999995583,-0.018377387241053485,9.768306448633991,0.41476274245126094,0.003622210681678041,-0.000806560132644654,-0.0042375824987608566,-11.892000494003296,-19.239938230514525,-0.18000000979751352,978.6236474609375,-0.0015422446511894523,22.619129054638325
2025-03-01T17:42:02Z,40.05970734226912,-75.67086720282983,123.8293547384932,16.73847615874011,-15.964169083106075,-0.8087054797759415,1.4750768089975748,0.03495336457017858,0.7615475899371762,0.0009999999970735478,0.0010000000050517986,0.0009999999957428089,0.0009999999893605404,0.0009999999870338502,0.000999999992060703,0.000020999614612911956,0.000021000342050896483,0.890593486090411,9.887794220376383,9.18560657258855,0.019629096051300126,0.000357343647917383,0.0003644386285217806,0.007445886478800632,0.004320999999999883,0.0043209999999999135,0.004320999999999912,0.001033209999999559,0.0010332099999995374,0.0010332099999995586,-0.23780968389907028,9.675853926971374,0.5057200736650669,-0.00626361783386678,0.0033269586196906465,-0.0003789540447740481,-12.924375534057617,-20.539125709533693,-0.4303125174343586,978.58724609375,-0.08665600655485545,24.27092641678129
2025-03-01T17:42:03Z,40.05820630037615,-75.67121656535139,123.84354833027551,16.766897062949074,-16.678239512579562,-0.8473877318976797,1.4758067762079585,0.0320941480720184,0.7669875283045855,0.0009999999970294864,0.0010000000052994929,0.0009999999956633945,0.0009999999893178806,0.0009999999867890124,0.0009999999920116379,0.000021999438873014665,0.00002200034785836733,0.9024479272298616,10.971340189048552,9.942998891965471,0.019599835570481797,0.00036092512675953224,0.0003723501145793192,0.007453289277375445,0.004321999999999883,0.004321999999999913,0.004321999999999914,0.0010332199999995594,0.001033219999999536,0.0010332199999995594,-0.24640161218995446,9.659766507753417,0.5738266080040002,-0.004367266894297311,0.002156969486533623,0.00026679324896136604,-13.959938049316406,-22.05956338882446,-1.1285625572875142,978.4531225585938,-0.09862718197521848,26.129967549433143
2025-03-01T17:42:04Z,40.05656758817065,-75.67159477580125,123.90037993241475,17.07858217476716,-17.582000877732273,-0.7699980815057927,1.4773367427738562,0.029109753449838027,0.7699397486511252,0.0009999999971853101,0.0010000000052840527,0.0009999999957625864,0.0009999999892332382,0.0009999999866105746,0.0009999999919571038,0.00002299923636179437,0.000023000354157214426,0.9115843418699527,12.120044281990186,10.686327869920532,0.018997819898646528,0.0003638341407482921,0.0003803302500496238,0.0074605421570809296,0.004322999999999884,0.004322999999999913,0.004322999999999914,0.0010332299999995585,0.0010332299999995368,0.0010332299999995585,-0.11960424431985597,9.75573441886372,0.8087710626243207,-0.0037997968737704946,-0.0004604023507002816,0.00010973749177292419,-15.31237564086914,-21.776438426971435,-1.335750053152442,978.43962890625,0.011467503475561665,26.65452375658719
2025-03-01T17:42:05Z,40.05444085143274,-75.67204325218755,124.23465348273982,17.455728526282055,-19.086696181825072,-0.6754267595872472,1.4855477542698998,0.026309324278983567,0.7709061090622632,0.0009999999972959979,0.0010000000052444163,0.000999999995963491,0.000999999989446405,0.0009999999869088041,0.0009999999922739526,0.000023999005000299347,0.00002400036099260119,0.9158593330449678,13.297194033253016,11.438924423816161,0.017702155117020196,0.00036638417280211353,0.0003884930263846687,0.0074679974505005966,0.004323999999999886,0.004323999999999914,0.004323999999999916,0.0010332399999995589,0.0010332399999995372,0.0010332399999995589,-0.3247371350931041,9.735199191353939,0.9522848390808228,0.0016812960757126465,-0.0030904583707301605,-0.0008447801360250283,-14.222813091278077,-20.84606330871582,-0.762187534943223,978.2991162109375,0.008745651045797958,25.247279671550576
2025-03-01T17:42:06Z,40.052740601747544,-75.67246024081774,124.35752524466324,17.88130577923089,-20.336971948796094,-0.6574408333010769,1.491940430293172,0.017045767486891975,0.7742323607499312,0.0009999999974807108,0.0010000000053647059,0.00099999999585615,0.0009999999894454074,0.0009999999865890046,0.0009999999924324486,0.000024998741379612605,0.000025000368456366103,0.9139690607039073,14.525243650187932,12.194045838197722,0.01628737148286604,0.00036907572826753055,0.00039668899330235337,0.007473604874952419,0.004324999999999887,0.004324999999999916,0.004324999999999916,0.0010332499999995597,0.001033249999999538,0.0010332499999995597,-0.23988346523086534,9.688575878773849,1.013796084666315,0.0015045457459817032,-0.00023641883506758795,0.006869974680908453,-13.317188034057617,-19.638563318252565,-0.003562498725950724,978.431435546875,-0.03375213680690121,23.728005959236345
2025-03-01T17:42:07Z,40.051171525225776,-75.67287353175519,124.40116531771619,18.374702224481815,-21.570256915986082,-0.6047776252929723,1.4933712515680984,0.00466773623212342,0.7732064175076535,0.000999999997323981,0.0010000000053183803,0.0009999999958529339,0.0009999999893032484,0.0009999999863427981,0.0009999999922541219,0.000025998440224190137,0.000026000376677729866,0.9059048204655412,15.814797644328015,12.98224318945481,0.014842441194753897,0.0003721801404069836,0.00040525784384832944,0.007478715578766409,0.004325999999999888,0.004325999999999918,0.004325999999999918,0.0010332599999995603,0.001033259999999537,0.0010332599999995603,-0.16040187863443198,9.730888802840909,1.1450822840573107,-0.002557705087054063,-0.004257946087907035,0.01013810088310912,-12.249375524520874,-18.80962562561035,-0.03449999850243332,978.4860864257812,0.021292956595650153,22.446561546131218
2025-03-01T17:42:08Z,40.0492635295343,-75.67333067102462,124.48979511272752,18.71171752737398,-23.0883360837438,-0.7256274356153686,1.4831942812278145,0.005561759201729676,0.7863963468934236,0.0009999999976191066,0.0010000000048518854,0.0009999999958111125,0.0009999999895159786,0.0009999999865408728,0.000999999992161733,0.00002699809386448968,0.00002700038584577336,0.8922703505416729,17.132381911358717,13.827659850602505,0.013649562392026898,0.0003770464683247922,0.0004133154551451578,0.007487524971229394,0.004326999999999889,0.00432699999999992,0.00432699999999992,0.00103326999999956,0.0010332699999995375,0.00103326999999956,-0.3814980316096264,9.548127531828019,1.172934476545838,-0.014471570267470002,0.010869302872851164,-0.002036467217560225,-12.143062982559204,-18.991313190460204,-0.05775000154972077,978.4252709960938,-0.15043029273188796,22.541628131416672
2025-03-01T17:42:09Z,40.04650451283081,-75.67387687014674,124.77349552017853,19.05909974021307,-24.38366931278447,-0.7021972335462902,1.4942730030706697,6.27376319982557,0.7898943850886715,0.0009999999973566275,0.0010000000045778973,0.0009999999959703645,0.000999999989330329,0.0009999999866508776,0.0009999999920099238,0.000027997694065905985,0.000028000396146408028,0.8769931660137609,18.60323474632884,14.771068249126415,0.013327810753711906,0.00038228530663735543,0.0004221873683699853,0.00749305631057388,0.00432799999999989,0.004327999999999922,0.004327999999999922,0.0010332799999995595,0.0010332799999995378,0.0010332799999995595,-0.022814567034545857,9.710230834320303,0.7461189873955812,0.005841685749829866,-0.0005927562181667497,0.012520474130520232,-11.437500438690186,-19.65393825531006,0.2435625072196126,978.243466796875,-0.0388801892834771,22.740948005288356
2025-03-01T17:42:10Z,40.0434223681387,-75.67445322351864,125.05072275171436,19.15456536324359,-25.759861547977714,-0.7829602306257633,1.5018664979032883,6.2749792622607865,0.8042689979256415,0.000999999997341344,0.0010000000045281743,0.0009999999960111567,0.0009999999893026588,0.0009999999869293754,0.0009999999923123908,0.000028997233518090932,0.0000290004077457234,0.8632174908466794,20.120159892896243,15.811904796289982,0.01319450934825051,0.0003889228277045065,0.00043062523493873645,0.0075026022530693,0.004328999999999888,0.004328999999999924,0.004328999999999924,0.0010332899999995592,0.001033289999999537,0.0010332899999995592,-0.2339275532309098,9.624109453665737,0.5151436108920225,0.002672699267399172,0.011730521803566726,-0.002567218566842609,-14.841750545501709,-21.696563243865967,1.1167500557377934,978.1872778320312,-0.13689352122851284,26.31088884796291
2025-03-01T17:42:11Z,40.04059984211995,-75.67500438634117,125.15649326178949,19.305075268493155,-26.83901431889641,-0.7168185680159985,1.5072917840841586,6.270953225103556,0.8167099141812921,0.000999999997047363,0.0010000000044713257,0.000999999995908116,0.0009999999893884272,0.0009999999871986144,0.0009999999924881172,0.000029996704712463384,0.000030000420834433325,0.8511180110054314,21.739774229204095,16.9534164943316,0.01316789423951002,0.0003960836171768062,0.00043938014620726934,0.007511057574838531,0.004329999999999889,0.004329999999999926,0.004329999999999922,0.0010332999999995596,0.0010332999999995373,0.0010332999999995596,-0.13424033878477784,9.786561813985747,0.49594938246792464,0.001545269429321563,0.010046471036847495,0.0032047860643402808,-12.697125549316405,-20.39850091934204,-1.2433125494793058,978.2624658203125,0.022532035267838202,24.05949329113104
2025-03-01T17:42:12Z,40.03799943868207,-75.67553420530865,125.0563213188711,19.38745451877835,-28.227017080719094,-0.9283878001177676,1.5107453475010506,6.272232738789469,0.8338025991742181,0.0009999999969388079,0.0010000000044845042,0.000999999996189031,0.0009999999896854674,0.0009999999872127702,0.0009999999921609097,0.00003099609753204419,0.00003100043568379785,0.8395138205604644,23.324880050920378,18.165040254070995,0.013288049290937963,0.0004040678680071546,0.00044800702211939897,0.007520771628462095,0.0043309999999998905,0.004330999999999928,0.004330999999999921,0.001033309999999559,0.0010333099999995374,0.001033309999999559,-0.5593252838472801,9.50967239443014,0.7559694429056039,0.0004558942706579547,0.015523892113468956,-0.0011730780745437468,-14.229375581741333,-20.446875801086424,-2.367187607772648,978.3466577148438,-0.22130920253003838,25.023007275805362
2025-03-01T17:42:13Z,40.03494199211384,-75.67609318037698,124.97734689709652,20.333838897187807,-29.81677523893339,-0.7825218490776316,1.497033797610897,6.274985864510253,0.8439731754936539,0.0009999999971812383,0.0010000000044059288,0.0009999999964979247,0.0009999999900783603,0.0009999999873175685,0.0009999999920837733,0.00003199539460506883,0.00003200045267895183,0.8265065373629348,25.02620071416323,19.449175374999506,0.01321887014652475,0.00041224012692123055,0.00045729468024165734,0.007530913007253048,0.004331999999999891,0.004331999999999927,0.00433199999999992,0.0010333199999995597,0.001033319999999538,0.0010333199999995597,-0.2550314683476844,9.805022534600448,1.575360185619163,-0.016704732782534395,0.0088364249640914,-0.002527161915489668,-13.564688119888306,-19.768688287734985,-2.7570001243054865,978.3151293945313,0.15683812212504283,24.132973234126695
2025-03-01T17:42:14Z,40.02974204414253,-75.67677659416552,125.34109085148458,21.12137170389104,-31.175978706692526,-0.909015987558438,1.49339791657421,6.274051193248654,0.8578127201307173,0.0009999999970912313,0.0010000000047020012,0.0009999999963228009,0.0009999999902196577,0.0009999999871037621,0.000999999991841785,0.00003299457657578477,0.000033000472216218353,0.814306979931136,26.78346785587668,20.871605194028767,0.013823393998972122,0.000421469462987383,0.00046634784549941054,0.007540340629201874,0.0043329999999998925,0.004332999999999925,0.004332999999999922,0.0010333299999995605,0.0010333299999995388,0.0010333299999995605,-0.32339297078640517,9.531287629440987,1.005899772494808,-0.007576977699076188,0.011868884769533128,0.00222740252610915,-13.231688079833985,-19.501500692367554,-1.9796250747144222,977.9929858398438,-0.1873991189105864,23.649579497692915
2025-03-01T17:42:15Z,40.02537569320039,-75.67737972309803,125.30662482151355,21.768002687315867,-32.01809118622354,-1.0181876037984392,1.4920964700261568,6.275801821755642,0.8675574804982673,0.0009999999974203183,0.0010000000047450733,0.0009999999961225513,0.0009999999900754462,0.0009999999873871019,0.0009999999921070843,0.00003399362879443546,0.000034000494651109095,0.8061478552477113,28.629510137492034,22.41603708003551,0.014502958269101309,0.00043106046961861557,0.0004754576078406144,0.007550342257227996,0.004333999999999894,0.004333999999999924,0.004333999999999924,0.001033339999999561,0.0010333399999995394,0.0010333399999995611,-0.26632872600312174,9.572565733232643,0.973035722680525,-0.00370633081348323,0.00876632598008412,0.00006650952218235939,-13.267313070297241,-19.092563257217407,-2.6236876045167445,978.164765625,-0.15141465516505728,23.397199117012843
2025-03-01T17:42:16Z,40.020781999347165,-75.67796210888967,125.11552554734784,22.299992819888246,-32.369418495639124,-1.1773441448921909,1.4904237973235,0.0020029596845214607,0.8817785397292087,0.000999999997290445,0.00100000000491387,0.0009999999964050317,0.000999999990014485,0.0009999999876722989,0.0009999999919698675,0.00003499254199132471,0.00003500052028638216,0.8027334446516456,30.55326521002545,24.074147220543537,0.014986404994360398,0.00044142721235890416,0.00048378287531007733,0.007561894946233654,0.0043349999999998945,0.004334999999999925,0.004334999999999925,0.0010333499999995604,0.001033349999999539,0.0010333499999995606,-0.23980369929959694,9.540938559209529,0.7075147802911979,-0.0034943649747194013,0.014190170725692366,-0.006345066892782586,-13.185375518798828,-19.441313314437867,-2.8355625976622103,978.197490234375,-0.2068193768308085,23.661293318705805
2025-03-01T17:42:17Z,40.01528808120151,-75.6785438431734,124.89830650078795,23.11135382578862,-32.5982051466495,-1.2959471695095495,1.4854872370661958,0.010493546163436725,0.8937378156272244,0.0009999999975414638,0.0010000000050449066,0.0009999999964290568,0.000999999990035374,0.0009999999873979452,0.000999999992152644,0.00003599131177071791,0.00003600054939194814,0.8036053899903259,32.541148197709546,25.80564437234498,0.015627794496983524,0.0004519680648342882,0.0004916085362682559,0.007573068482551283,0.004335999999999897,0.004335999999999926,0.004335999999999927,0.001033359999999561,0.0010333599999995395,0.0010333599999995608,-0.3560791882073557,9.548872875208708,0.9146665352254902,-0.006560371991887658,0.012141103627915064,-0.004409827337585645,-14.046563158035278,-20.35500087738037,-3.355312649048865,978.150869140625,-0.17775581379550107,24.957715919830516
2025-03-01T17:42:18Z,40.009068912719265,-75.67910443051528,124.7071185025936,24.107763272469175,-32.50939015831662,-1.2791287822363293,1.4789879857655313,0.00639396028677823,0.9029257672050154,0.0009999999973662587,0.001000000005312777,0.000999999996481322,0.0009999999899585946,0.0009999999872898528,0.000999999992321684,0.00003698993620272678,0.00003700058222735129,0.8079494690653463,34.62628356288698,27.616515102028128,0.016237872210281088,0.00046244513832632687,0.0004987515266499716,0.007581275445080593,0.004336999999999899,0.004336999999999923,0.004336999999999929,0.0010333699999995607,0.001033369999999539,0.0010333699999995607,-0.3497937793111058,9.664727289512676,1.0135169264983086,-0.007688969479222384,0.008621120499398581,0.009181079595436058,-12.701063032150268,-19.7808757686615,-3.936000154018402,978.1276611328125,-0.052940330476246564,23.834632858713228
2025-03-01T17:42:19Z,40.000754374399364,-75.67965974105736,124.82695695167078,25.42230738357402,-31.712989176170957,-1.2996861926128314,1.4723511926329955,0.018795054905817534,0.9135546173400906,0.0009999999975970866,0.001000000005134825,0.0009999999961355086,0.0009999999895649683,0.000999999987226799,0.000999999992435118,0.00003798842007214465,0.00003800061899312584,0.8149059059307112,36.775914053105026,29.462553827394295,0.01640647664606901,0.00047326967323428046,0.0005047474039332156,0.007592459050716396,0.0043379999999999,0.004337999999999924,0.0043379999999999305,0.00103337999999956,0.0010333799999995385,0.00103337999999956,-0.2617379062385349,9.604468018844377,0.8926793765088339,-0.007597339643873077,0.011929970991391758,-0.0046957318701366735,-13.029375534057618,-19.31943826675415,-3.8750626385211944,977.9231225585937,-0.12763510988264626,23.622426461817046
2025-03-01T17:42:20Z,39.99136795653504,-75.68016517141943,125.04503508048626,27.16454619502303,-30.391008978693037,-1.3471426091117062,1.4691831940628952,0.030822352327678004,0.9148538425709858,0.0009999999976016006,0.0010000000052197916,0.0009999999961371095,0.0009999999892574586,0.0009999999871646316,0.000999999992650553,0.000038986772442449904,0.00003900065981065114,0.8226017834900248,38.990377390080056,31.287035817138836,0.016118394060539457,0.0004835128559778189,0.0005104387517733855,0.0076031947811498295,0.004338999999999901,0.004338999999999925,0.004338999999999932,0.0010333899999995593,0.0010333899999995376,0.001033389999999559,-0.1847373946265518,9.544832540163002,1.0814972818659516,-0.0035260760516282953,0.0030282029194669225,-0.003588664411090233,-12.127500467300415,-18.402938222885133,-4.335750169754029,977.825087890625,-0.16951371690547595,22.461986782648193
2025-03-01T17:42:21Z,39.98177188529138,-75.68060527435988,125.19857308850995,28.50158280109821,-28.435507019408284,-1.4202622563778697,1.4749058134634054,0.038388159719296266,0.925727548170045,0.000999999997174984,0.0010000000055654763,0.000999999995942814,0.0009999999891283922,0.0009999999875526626,0.0009999999924409485,0.00003998500887076465,0.0000400007047935393,0.8294908447899236,41.289167775645325,33.185609671185446,0.015585955473355029,0.0004943891600865911,0.000514609284980886,0.007612715136114474,0.004339999999999899,0.004339999999999926,0.00433999999999993,0.0010333999999995584,0.0010333999999995384,0.0010333999999995582,-0.29073094063260724,9.574557764366016,0.4985814882567908,0.005342811757178008,0.012388120129074474,0.0024615668774502462,-12.59043794631958,-19.848375759124757,-4.045500160753727,977.8193237304688,-0.18547196673612185,23.85038357242651
2025-03-01T17:42:22Z,39.97042997774612,-75.68099674650644,125.60661038684519,30.450323255002452,-26.007014506543893,-1.3249990333691022,1.4747578826970345,0.05661900477144521,0.9365585363702558,0.0009999999968225,0.0010000000059939848,0.0009999999957093335,0.0009999999893470707,0.0009999999876645147,0.0009999999920737622,0.000040983147627082126,0.00004100075409117425,0.8343650256411381,43.69248678627191,35.10145926762682,0.014952144667027602,0.00050565949611222,0.0005182138669956975,0.007624101088370092,0.004340999999999896,0.004340999999999924,0.004340999999999931,0.0010334099999995574,0.0010334099999995392,0.0010334099999995572,-0.287707229176612,9.70130741187618,0.7076677700932419,-0.0007621632881573794,0.013703315046284257,-0.0063125205946703835,-12.454125490188598,-19.538250885009766,-4.410562691688537,977.6301708984375,-0.0463398556914874,23.58599492948824
2025-03-01T17:42:23Z,39.9603317533479,-75.68132788992756,125.89481223727309,32.322776719488836,-23.99157837790058,-1.2080683789272868,1.4724788028125328,0.06831922880616864,0.9512876999551705,0.0009999999967825893,0.0010000000063218244,0.0009999999958179412,0.0009999999894959736,0.000999999987670845,0.0009999999917683147,0.00004198119692369195,0.000042000807876924996,0.8371881231586769,46.16171352160031,37.04085631448919,0.014717270751801632,0.0005170254082391809,0.0005212669452555001,0.007634230022387056,0.0043419999999998946,0.004341999999999924,0.004341999999999932,0.0010334199999995578,0.0010334199999995379,0.0010334199999995578,-0.6065835349181867,9.703730327918098,0.9863583869430613,-0.0034740020143208174,0.016898337927875224,-0.000582575610673608,-13.185750541687012,-19.59693826675415,-5.811750226020813,977.7387036132812,-0.005329774242000728,24.324431687086857
2025-03-01T17:42:24Z,39.95123419620764,-75.68161226615844,126.12711052816192,34.32462019346766,-22.12513544062545,-1.0701960327138669,1.4653842059966937,0.07177840074950428,0.9629151817649572,0.0009999999968925517,0.0010000000063428067,0.000999999995878875,0.0009999999897660203,0.0009999999877293023,0.0009999999917995857,0.00004297915348734657,0.00004300086634133103,0.8379761058132823,48.730740286884235,38.97369966218404,0.014199603277248174,0.0005276807874812525,0.0005245582023644117,0.007642764693765459,0.004342999999999896,0.0043429999999999224,0.00434299999999993,0.0010334299999995569,0.001033429999999538,0.0010334299999995569,-0.5061647341933213,9.716731316878038,1.3273754881668436,-0.008167480119749021,0.012948079327343334,0.0062489284371696615,-20.10693828582764,-20.200688343048096,-4.932750187218189,977.82486328125,0.04190949580728758,28.92552270155723
2025-03-01T17:42:25Z,39.94768962604262,-75.68186695796133,125.48197652606052,35.3552413031367,-20.889136397847587,-1.2695181934220157,1.4537709670615868,0.0784163519027901,0.9660459646671459,0.0009999999968324151,0.001000000006104293,0.0009999999960582683,0.0009999999897629015,0.0009999999878656503,0.0009999999920257245,0.000043977001904294996,0.00004400092966282628,0.8344288743650284,51.38041594035806,40.89102562319644,0.013189515061923065,0.0005382177316422645,0.0005291037876052718,0.007653229011403274,0.004343999999999898,0.00434399999999992,0.004343999999999933,0.0010334399999995577,0.0010334399999995369,0.001033439999999556,-0.06948965047502106,9.51137227486148,1.1468487911721161,-0.011847857190734121,0.004229903687397923,-0.0031079842636772006,-18.762375793457032,-22.211438274383546,-8.564625399112701,978.4135668945313,-0.19774548482169363,30.31046792282944
2025-03-01T17:42:26Z,39.945942134329904,-75.68211160051582,124.52732359673502,36.07764212042659,-20.357755658363725,-1.147179584102993,1.456281097248804,0.07918350910002261,0.970263213476137,0.0009999999968918405,0.0010000000057820621,0.0009999999960701705,0.0009999999897389246,0.0009999999881387981,0.0009999999919141367,0.00004497471579257953,0.000045000998101442725,0.8270186089982396,54.25466806748553,42.973665104271724,0.012991017261505216,0.0005484641190498544,0.0005345926690978945,0.007662769881314995,0.0043449999999999,0.004344999999999923,0.004344999999999935,0.0010334499999995585,0.0010334499999995377,0.001033449999999556,-0.3756761438715571,9.80745910707499,1.431343639561502,0.0022681271604110156,0.004446877906320142,0.0011278459348054457,-18.091500816345214,-22.139625835418702,-8.943562836647034,978.6887255859375,0.14014840168377699,29.95746497746985
2025-03-01T17:42:27Z,39.94365574458829,-75.68235442908268,123.67057786887665,36.622373819220236,-19.497950415509365,-1.1960644285843658,1.4571205232095685,0.08058033100063974,0.9760750489152189,0.0009999999971332931,0.0010000000054967094,0.0009999999958152682,0.000999999989906892,0.0009999999881129527,0.000999999991795103,0.00004597226484061104,0.00004600107194792234,0.8181263231181786,57.25251696846165,45.145623026372455,0.012912263686785698,0.0005588403387562246,0.0005411215081598743,0.007672420295509119,0.004345999999999899,0.004345999999999922,0.004345999999999936,0.0010334599999995584,0.0010334599999995372,0.001033459999999555,-0.2589933585048885,9.67737923862317,1.1040525643276111,0.0005797357952356901,0.006182668956964408,0.0007675023275696199,-17.89575090408325,-21.426563243865967,-8.307375369071961,978.7487841796875,-0.034825941697205307,29.126706654928647
2025-03-01T17:42:28Z,39.93905828689902,-75.6826125948134,122.99600749006942,37.149001089519814,-18.4009369017576,-1.3395857334929049,1.454885301400544,0.08620769323511465,0.9829984892972976,0.000999999996919334,0.0010000000053790449,0.0009999999954519378,0.0009999999897979063,0.0009999999881972897,0.0009999999914937295,0.00004696962027269625,0.00004700115142163666,0.8092372971370955,60.35911901326171,47.43172289407053,0.013047586402065103,0.0005696016822669715,0.0005486679650384646,0.007682862401472909,0.004346999999999897,0.004346999999999925,0.004346999999999933,0.0010334699999995593,0.0010334699999995374,0.0010334699999995554,-0.4045894162924233,9.554019386603898,1.0452218123840418,-0.0023031779066621707,0.008081522891698665,-0.00256788613486419,-9.850312874317169,-17.58093816757202,-8.037750334739686,978.6494067382813,-0.15900910255884482,21.69611204508602
2025-03-01T17:42:29Z,39.93319922531945,-75.68289688046434,122.39070395815271,37.64907229177133,-17.17313358703394,-1.3037351683461587,1.4514602231831042,0.0911159331617065,0.9940507260539948,0.0009999999970755921,0.0010000000051825625,0.0009999999954881202,0.0009999999895242378,0.0009999999879107763,0.0009999999917917153,0.000047966752000682144,0.00004800123666866915,0.8015788141732834,63.67536326158131,49.90089961931502,0.013535661573492406,0.0005806258122887777,0.0005568324694114573,0.007693213609589935,0.0043479999999998945,0.004347999999999924,0.004347999999999932,0.0010334799999995594,0.001033479999999538,0.0010334799999995557,-0.34205698537394297,9.726182960504875,1.0998180542584044,-0.0036462464939815134,0.012251259602952582,-0.0016659425877959028,-23.029875993728638,6.115125284194947,6.256875235438347,978.6373071289063,0.0154620536752613,24.63566381784224
2025-03-01T17:42:30Z,39.92718440774258,-75.68320869073554,121.74381215504174,37.87094249113056,-16.046447024784435,-1.3891593295303502,1.451980879806111,0.09064573299150806,1.0024815215319935,0.0009999999969195158,0.0010000000051315625,0.0009999999955770196,0.00099999998973814,0.0009999999879595587,0.0009999999915175709,0.0000489636289907715,0.00004900132765414098,0.7959869546034483,67.09226997865044,52.50667580670944,0.014286508039921668,0.0005909411666361295,0.000565857115650225,0.007702645145814129,0.004348999999999896,0.004348999999999926,0.004348999999999933,0.0010334899999995587,0.001033489999999537,0.0010334899999995552,-0.3262669710209205,9.621363637700135,0.9795473433089231,0.0005984293178173373,0.009018182340680962,0.0024615671848694245,-25.10962604522705,9.162937865257263,6.162750258445739,978.7195678710938,-0.10220286035322093,27.430447610229287
2025-03-01T17:42:31Z,39.92061909100847,-75.68357220302777,121.05056467284949,37.772839460061356,-14.93508991441918,-1.4535758000537298,1.448956518723704,0.09279613950404314,1.0117961529017914,0.0009999999968501496,0.0010000000052495749,0.0009999999953829901,0.000999999989834782,0.0009999999880124517,0.0009999999913644323,0.0000499602267613859,0.00005000142399816551,0.7934193397855314,70.6553072881595,55.29123607729743,0.015548542637499115,0.0006017164570627171,0.0005750242854683065,0.007712944179382481,0.004349999999999897,0.004349999999999928,0.004349999999999935,0.0010334999999995582,0.0010334999999995365,0.0010334999999995547,-0.23334307275156088,9.672982540761266,0.7717620741396669,-0.0030158538822066777,0.010219549833342107,-0.001030543206236702,-24.812813720703126,8.627062835693359,6.196875252723694,978.77984375,-0.07239463301626252,26.99074768378909
2025-03-01T17:42:32Z,39.916008820338625,-75.68391849324603,120.06283106811694,37.66085994770987,-14.029063378550493,-1.5109642770252505,1.4495082885127035,0.08790277242680977,1.0137083625482242,0.0009999999969928848,0.0010000000051945583,0.0009999999954910877,0.0009999999898689866,0.0009999999879320236,0.0009999999914229866,0.00005095652691681067,0.00005100152469905737,0.7954366975118896,74.35087997367283,58.20673740360248,0.017784882330187813,0.0006112777254446862,0.0005843379422882485,0.007722009366124917,0.004350999999999896,0.004350999999999925,0.004350999999999932,0.0010335099999995577,0.0010335099999995362,0.0010335099999995542,-0.07921783980375569,9.712212482259535,0.7785110155614918,0.0008601327812513477,0.0017564019905275468,0.004282478145615525,-25.94493865966797,7.947000296115875,6.83025025844574,979.0466162109375,-0.03533046136706664,27.98113889133246
2025-03-01T17:42:33Z,39.91006347918915,-75.68437896530918,119.13072756278764,37.533288093753086,-13.521266132979285,-1.5850640223427417,1.4510165267363058,0.08737361349619893,1.013624853305082,0.0009999999972048748,0.0010000000050422863,0.0009999999955254903,0.0009999999896649972,0.0009999999880657168,0.0009999999916224256,0.00005195251940343244,0.000052001627936895785,0.8045769509152096,78.11871985714535,61.15347290588477,0.020665334356021116,0.0006213831144773811,0.0005924231828974371,0.0077324277567675575,0.004351999999999896,0.004351999999999925,0.004351999999999933,0.0010335199999995572,0.0010335199999995355,0.0010335199999995535,-0.014200403746935658,9.662055284812817,0.9512237760370362,0.0018710643920377774,0.00036426451736244216,-0.0016312268171642576,-25.95131362915039,9.132937808036804,6.129000225067139,979.0810009765624,-0.07029343375811294,28.185865509696438
2025-03-01T17:42:34Z,39.90274202963411,-75.68500105667864,118.2662828731764,36.87989754249153,-13.747061301443612,-1.6351906059345127,1.4494214506911691,0.09037617337725826,1.0316695512934448,0.0009999999968774204,0.0010000000052735158,0.0009999999957568113,0.0009999999896613547,0.0009999999882115392,0.000999999991875645,0.00005294822863608624,0.000053001731435034796,0.8216314809002059,81.93159416367287,64.09736796554589,0.02238205195372093,0.0006334910293996532,0.0005967876095563043,0.007743869129252685,0.004352999999999896,0.004352999999999926,0.004352999999999933,0.001033529999999558,0.0010335299999995366,0.0010335299999995537,-0.37781073066117277,9.65027361015691,0.8338989684606959,-0.003095466443560039,0.018730431815428775,-0.0047603235517473174,-24.84806356430054,10.826250438690186,6.569062795639038,979.1091577148437,-0.08543636854160665,27.888774023386723
2025-03-01T17:42:35Z,39.894039458563995,-75.68582698129045,117.57366323832929,36.16077043997588,-14.91706370480335,-1.5228974726539264,1.4474128476287726,0.08029440718720555,1.0475718831307248,0.000999999997076778,0.0010000000052897845,0.0009999999958991688,0.0009999999898129752,0.0009999999881081904,0.0009999999923110678,0.0000539437165164672,0.000054001833278697054,0.8441547572240224,85.82095136737182,66.91691817299353,0.022946628334573935,0.0006441459946795976,0.0005983369810667628,0.007752840137585399,0.004353999999999896,0.004353999999999926,0.0043539999999999334,0.0010335399999995584,0.0010335399999995367,0.0010335399999995545,-0.5251478017344888,9.734717423751643,1.2084920817805045,-0.0035554507110723927,0.015014838482710617,0.005923134010260423,-22.522125816345216,10.229250354766846,6.911812777519226,979.1182788085938,0.044586312653322704,25.68373538046882
2025-03-01T17:42:36Z,39.88289474281525,-75.68698417563455,117.25429245112333,35.05529892479623,-17.02484464711365,-1.4142347365338064,1.4441058059071075,0.07623459608928239,1.0610363528994013,0.0009999999971735088,0.001000000005335348,0.0009999999957458164,0.0009999999896482862,0.0009999999879292247,0.0009999999924831266,0.00005493905897562737,0.00005500193220311958,0.8692235720624879,89.75085713174138,69.49341464867918,0.02345566695626856,0.00065556217261612,0.0005968430962541195,0.007763897257738578,0.0043549999999998945,0.004354999999999924,0.004354999999999931,0.0010335499999995583,0.0010335499999995367,0.0010335499999995549,-0.42720159306581557,9.693800058995361,1.2791202366790453,-0.004838266996413865,0.013396046870638357,-0.0034638213741848348,-20.913375854492188,12.219937944412232,6.798375270366669,979.0187915039063,0.00848954550379072,25.157732928513823
2025-03-01T17:42:37Z,39.8725384517098,-75.68821296341257,116.9315461941231,33.725538650462624,-19.35371945052633,-1.42119088871289,1.4423672972997363,0.06565142997924611,1.0722839178981067,0.0009999999971988377,0.0010000000050798756,0.0009999999959520727,0.0009999999895260322,0.0009999999877537578,0.0009999999925880414,0.00005593434270000826,0.00005600202731673622,0.894689569150753,93.6924984774898,71.77222302196736,0.023781606728788107,0.0006661359077084751,0.0005923506535204779,0.007773583138304684,0.004355999999999894,0.004355999999999922,0.0043559999999999285,0.0010335599999995583,0.0010335599999995366,0.0010335599999995548,-0.3628261654695598,9.602534862638047,1.12790234193045,-0.0031154942788241802,0.010258438299839284,0.002239586105697559,-20.111063251495363,12.349125490188598,7.576312839984894,979.1098022460938,-0.10304938411709799,24.78616078554157
2025-03-01T17:42:38Z,39.86244183184648,-75.6895543543233,116.68048382757458,32.18417209504389,-21.97328291585125,-1.2860819700084383,1.444801096180343,0.06202470405450877,1.0853270913287367,0.0009999999969991377,0.0010000000051252097,0.0009999999960019657,0.000999999989755424,0.000999999987591134,0.0009999999925650587,0.00005692965920232874,0.0000570021179981478,0.9188134849953218,97.76923282988453,73.79988092223289,0.024006364398128432,0.0006775087467204531,0.0005849362738729465,0.007784981349201481,0.004356999999999895,0.004356999999999923,0.0043569999999999295,0.0010335699999995587,0.001033569999999537,0.0010335699999995552,-0.3079991453833185,9.76095861498007,1.005780131910319,0.000863137858450734,0.01282590624549709,-0.005174242654077824,-20.050500755310058,12.750375499725342,7.314750316143036,979.1544213867187,0.03936146839649859,24.861570856868063
2025-03-01T17:42:39Z,39.853326597964,-75.690918952948,116.41508075062684,30.563744149160918,-24.698892014894923,-1.312981986879683,1.4449088114030701,0.04468401221973947,1.0951966288213177,0.0009999999965924116,0.0010000000051816167,0.0009999999962624485,0.0009999999897150618,0.0009999999877435416,0.0009999999928486558,0.000057925093133766905,0.000058002203968423814,0.9397406159610786,101.87338516842276,75.46794162519097,0.023706563664265316,0.0006873557759764502,0.0005756470573392043,0.007793131613030506,0.004357999999999893,0.004357999999999921,0.004357999999999929,0.001033579999999559,0.0010335799999995374,0.0010335799999995553,-0.3116746764854123,9.624344823613278,0.8335067049187633,-0.0013730278000937594,0.007824993347653823,0.008308176828715878,-21.260813369750977,10.185187940597535,6.518812761306763,979.2387548828125,-0.11241332988968634,24.45920433617724
2025-03-01T17:42:40Z,39.84603141497828,-75.69217020133124,116.01444561073303,29.484303789883715,-27.335135796541145,-1.208574067360033,1.4440267506233497,0.04074113631851372,1.1052950579592822,0.0009999999966411317,0.0010000000053617944,0.0009999999962251854,0.0009999999897770905,0.000999999987860815,0.0009999999927954703,0.000058920697232827644,0.00005900228604152024,0.9549769181743251,106.13927756156262,76.86169675750978,0.02236808055196727,0.0006979723430514289,0.0005651773611581238,0.007803922774624869,0.004358999999999892,0.004358999999999919,0.004358999999999926,0.0010335899999995583,0.0010335899999995369,0.0010335899999995546,-0.3410998577596692,9.729931711191718,1.2071361449050528,-0.002354083445426043,0.00960868502791841,-0.003341648527002388,-20.23256332397461,11.861625471115111,5.65443772315979,979.388349609375,0.03293299504806172,24.12519421512552
2025-03-01T17:42:41Z,40.064646895856086,-75.64566916004989,113.49827654199977,-10.585435245603366,-25.478093212315034,-1.4632549251727975,1.355881339280185,0.016942798323179145,1.145581262507186,0.0009999999966772177,0.0010000000052148106,0.0009999999959786118,0.000999999989905007,0.000999999988038138,0.0009999999927070434,3.074250329951319e-10,3.07425609532469e-10,0.55815911708197,0.0021248486619475484,0.002124829086160721,0.012265533472576447,0.00017879434763381932,0.00016951589040936347,0.007694982163035944,0.004359999999999892,0.004359999999999921,0.004359999999999929,0.0010335999999995583,0.0010335999999995368,0.0010335999999995546,-0.30349266653218626,9.648017413451873,0.8803563391914466,-0.007006837269002485,0.01256119801107267,-0.0034841835378646296,-20.55750072479248,10.402875452041625,5.856562731266021,979.5569287109375,-0.0847568638270452,23.77241182283495
2025-03-01T17:42:42Z,40.06448579339492,-75.6459656036555,112.7351282487093,-12.038034435435046,-25.034549100226005,-1.5810622238662388,1.3538997356723277,0.017710676544607822,1.1571090187648736,0.0009999999968458666,0.0010000000050990358,0.000999999995905123,0.0009999999897024364,0.0009999999881139406,0.0009999999927245097,1.000307425241845e-6,1.0003074260139068e-6,0.593750177776977,0.019836815364897915,0.03315330986902251,0.013344583261264576,0.00018897131178137515,0.00017880131334165086,0.007705376609575223,0.004360999999999894,0.004360999999999923,0.00436099999999993,0.0010336099999995576,0.0010336099999995359,0.001033609999999554,-0.35043055115368954,9.709976514654729,0.5765332452739023,-0.002835097229036393,0.01403378301184808,0.0002467649335366178,-20.410313148498535,9.977625422477722,6.020062744617462,979.5315112304687,-0.04427205839362172,23.502609597641815
2025-03-01T17:42:43Z,40.0643181465402,-75.64625707548757,111.99115777544307,-13.367709331606935,-24.567851465755506,-1.7263815351405924,1.3538898642281305,0.012799509629333225,1.163586645969993,0.0009999999968211487,0.001000000005289162,0.0009999999958923962,0.0009999999895112027,0.0009999999877021105,0.0009999999925134945,2.000307427159106e-6,2.000307430576551e-6,0.6307203286208388,0.07161329854970505,0.11971535964493628,0.015045144283687827,0.00019891198137460137,0.00018808814232563326,0.007714089717597729,0.004361999999999895,0.004361999999999921,0.0043619999999999284,0.0010336199999995575,0.0010336199999995358,0.001033619999999555,-0.22305394318322333,9.648495999013251,0.660774984316649,-0.0014785107801681436,0.0078066340164631275,0.004294161392278336,-19.903500728607177,11.35293794631958,5.483812727928162,979.5346313476563,-0.10404555307892682,23.56073742379477
2025-03-01T17:42:44Z,40.064137559163036,-75.64654495154058,111.25753893710626,-14.442022033599232,-24.258932648001984,-1.7899118713999795,1.3500478219899053,0.015443596463884674,1.1705424841645296,0.000999999997206163,0.0010000000051933148,0.0009999999960917303,0.0009999999894934625,0.0009999999872751426,0.0009999999923845824,3.0003074301919914e-6,3.0003074489577645e-6,0.669417530270303,0.15879219792810104,0.25041499419285274,0.01681345707781086,0.0002085929613000316,0.00019734358345900805,0.007725834366883247,0.004362999999999897,0.004362999999999922,0.004362999999999929,0.0010336299999995568,0.0010336299999995353,0.001033629999999554,-0.22055128009571207,9.654863105268348,0.9478522464328406,-0.006300003177394785,0.009287063096955143,-0.003308267800544231,-18.198188247680665,12.333562965393066,6.368062756061554,979.5785888671875,-0.0739650418846177,22.887567089498297
2025-03-01T17:42:45Z,40.06393515134906,-75.64683252305446,110.54963221577603,-15.407014560792382,-24.191945208459504,-1.8058680036912884,1.351977080942668,0.01059390641991272,1.1782793880629603,0.000999999997204783,0.0010000000053793296,0.000999999996289048,0.000999999989251993,0.0009999999873145655,0.0009999999926570949,4.0003074224507415e-6,4.000307495950166e-6,0.7095495886797611,0.2817767254374706,0.42732806964580794,0.018500215906410836,0.00021769027782931642,0.00020661234333637382,0.007735033479802984,0.004363999999999897,0.004363999999999924,0.004363999999999926,0.001033639999999556,0.0010336399999995346,0.0010336399999995543,-0.35641392198173966,9.658027401601048,1.0973454773862503,-0.0015803216900384925,0.0073993910832375965,0.003998910044232537,-20.556375846862792,9.81393789768219,5.944687733650207,979.6642407226562,-0.05106185920069439,23.541768919310922
2025-03-01T17:42:46Z,40.063710721988876,-75.64712166612016,109.69722551149792,-16.23335548609581,-24.245068721070297,-1.7556204198243606,1.348197124527638,0.01498774013736738,1.1918355663142617,0.0009999999968609739,0.0010000000054865127,0.0009999999962432902,0.0009999999894449016,0.000999999987673015,0.0009999999922969316,5.000307360589714e-6,5.00030759171857e-6,0.7503298319073199,0.4434261972321912,0.6463751283927383,0.019998989533962182,0.00022614889743761577,0.00021585058928767854,0.007747362899725772,0.004364999999999895,0.004364999999999922,0.004364999999999928,0.0010336499999995569,0.0010336499999995352,0.0010336499999995534,-0.40134668793103184,9.707387562480612,1.2496617137924548,-0.007571803299924277,0.013943655295249761,-0.003348324564790211,-21.797438373565672,10.055250425338745,4.975500196218491,979.92740234375,0.017958461716701877,24.515086999626124
2025-03-01T17:42:47Z,40.063461455534714,-75.64741289973155,108.68848347261114,-17.281187971119497,-24.206417786811482,-1.9334068596081981,1.357022044336135,0.015805929698073307,1.2039864286253479,0.0009999999967892509,0.0010000000052127753,0.000999999996496639,0.0009999999891946772,0.0009999999873102035,0.0009999999920813248,6.000307144213896e-6,6.000307762519361e-6,0.7918760179945739,0.6383881850936146,0.9357337229881248,0.022334296192733392,0.00023351338292874947,0.0002252086563146653,0.00775787664298193,0.004365999999999893,0.004365999999999923,0.00436599999999993,0.0010336599999995573,0.0010336599999995356,0.0010336599999995536,-0.4077000916545554,9.5577282339677,0.8916026049185237,0.004782853235364615,0.010891501317059307,0.00007919432284956705,-20.193938274383544,11.286000490188599,4.214812659025192,980.1450805664062,-0.16989061338464664,23.514489261024295
2025-03-01T17:42:48Z,40.06313565909954,-75.64770919341068,107.96302056333568,-17.763392001468375,-23.899915162192464,-1.9082805092778223,1.3654446133786302,0.01823802579645485,1.200164464794528,0.000999999996737213,0.0010000000056170169,0.00099999999645199,0.000999999989033476,0.0009999999874966419,0.0009999999919396514,7.000306588075498e-6,7.000308038093472e-6,0.8346515612536096,0.8731034156101729,1.2363321293200942,0.024031419080564047,0.00023920437020354883,0.00023504386227705772,0.007768319780739125,0.004366999999999895,0.004366999999999925,0.004366999999999933,0.001033669999999558,0.0010336699999995349,0.0010336699999995529,0.08039585014753745,9.673421262735875,1.0814331988305117,0.0021866781191765042,-0.006059996841901697,-0.005520399139279703,-20.746500759124757,11.458500456809997,4.41562517285347,980.0391821289063,-0.04378979581802511,24.108293617183964
2025-03-01T17:42:49Z,40.062735915108995,-75.64801002595502,107.38606754046023,-18.09341132377024,-23.82868964361495,-1.9036196242665224,1.3765962973364545,0.030216088979293284,1.2012153720166991,0.0009999999964841778,0.001000000005360666,0.0009999999962660136,0.0009999999891638011,0.0009999999871444765,0.0009999999914753997,8.000305405114236e-6,8.000308448922731e-6,0.8769063036223592,1.1369170002853022,1.5792383022449827,0.025352317849130213,0.00024362167704536234,0.00024491391268387144,0.00778129630435085,0.004367999999999897,0.004367999999999927,0.004367999999999934,0.0010336799999995584,0.0010336799999995342,0.0010336799999995522,-0.13637100149511397,9.625757027667323,1.046546364492697,0.003453805479458282,-0.0008773261462403422,-0.01391328048735537,-19.76287567138672,12.640125484466553,4.327500182390213,980.0702294921875,-0.09437135401344386,23.855164213088837
2025-03-01T17:42:50Z,40.062155445835565,-75.6483281948532,107.46482750323395,-18.156540328067198,-23.980894073479885,-1.7319692962649025,1.3898596787212134,0.037345973542231035,1.208965182142376,0.0009999999966630881,0.0010000000052701656,0.000999999996011418,0.0009999999894696146,0.0009999999868042784,0.0009999999911363712,9.000303198804217e-6,9.000309032538985e-6,0.9171646890905972,1.4293730168613872,1.9821882069748071,0.026748353818717027,0.00024662965514004963,0.00025477463462482403,0.0077914464330827325,0.004368999999999896,0.004368999999999926,0.004368999999999933,0.001033689999999558,0.0010336899999995328,0.001033689999999551,-0.274818671404904,9.735196001365388,0.8822705987189052,0.00137219177353339,0.001494364465869509,-0.008645990498919755,-19.95881320953369,10.658812913894653,4.482750183343887,979.7864501953125,0.0011572203435946905,23.066365591860915
2025-03-01T17:42:51Z,40.06148832191477,-75.64865575473226,107.67692035309312,-17.976621534484654,-24.129255170408822,-1.5758825056011574,1.401464077129725,0.03734599677846292,1.2142206595605383,0.0009999999968732722,0.0010000000055357943,0.0009999999960708325,0.0009999999892888467,0.0009999999867745107,0.0009999999908252624,0.000010000299473461433,0.000010000309830153882,0.9542922283625587,1.74256514742149,2.4151867617659106,0.02760154686948449,0.00024802577871788696,0.0002647800454913098,0.007797677420156646,0.004369999999999898,0.004369999999999924,0.004369999999999931,0.0010336999999995575,0.0010336999999995323,0.0010336999999995503,-0.22082587311754948,9.717272646914356,0.8490404384515637,-0.0005218228148129034,-0.003120502262738147,-0.0017760991849165107,-18.35812571525574,10.073062906265259,4.071750180125236,979.8272241210938,-0.02098804714679326,21.332237502898852
2025-03-01T17:42:52Z,40.060749901645536,-75.64899301878579,107.95133023670414,-17.766631998918427,-24.648586047589383,-1.4338772279599534,1.4148143676786995,0.041254698611925635,1.2367319131728531,0.0009999999966989056,0.001000000005642617,0.0009999999963266574,0.000999999989025953,0.0009999999866221858,0.0009999999907787727,0.000011000293653468525,0.000011000310887185812,0.9865029584956082,2.0631362595000686,2.903215127784001,0.027995114407326167,0.0002488195790792851,0.0002743125383960845,0.007804388174935272,0.0043709999999999,0.004370999999999923,0.00437099999999993,0.0010337099999995565,0.001033709999999533,0.0010337099999995509,-0.5889165232150282,9.69806732240759,0.7957700619406243,0.0008020507957562965,0.014271619437536702,-0.0024864371575752256,-17.053875761032103,8.755312867164612,5.149312694966793,979.8788989257813,-0.029260801539195216,19.84952354890668
2025-03-01T17:42:53Z,40.05978333009461,-75.64935692069237,108.72518006403398,-16.809120194369957,-25.38866377286017,-1.2891204938132463,1.4259221450850006,0.035918597699181314,1.2507030864743416,0.0009999999970818053,0.0010000000055001782,0.0009999999963539437,0.000999999989028962,0.0009999999866322732,0.000999999990633352,0.000012000285085241108,0.00001200031224827122,1.0110116298335454,2.389582653869882,3.373164869726765,0.026837846895611903,0.0002483188452742153,0.0002841858411851866,0.007806976131454197,0.004371999999999902,0.004371999999999924,0.004371999999999931,0.0010337199999995554,0.001033719999999534,0.0010337199999995517,-0.5117878808520009,9.60969236595861,1.0697881297952907,-0.003575813140417488,0.0022579451777950356,0.005027199218811367,-20.73787582397461,11.599875473976136,3.943125182390213,979.641953125,-0.09505380714093939,24.086560405896883
2025-03-01T17:42:54Z,40.05873219869006,-75.64973336892908,109.60317438953531,-15.24818863546699,-25.931378808012052,-1.0210417678496722,1.4376779319386312,0.02429279432406869,1.2491526549307725,0.0009999999972726318,0.001000000005397156,0.0009999999965360474,0.0009999999887955358,0.0009999999868088953,0.0009999999903319448,0.000013000272982042078,0.000013000313944404853,1.0239511424992143,2.733428020304742,3.8033558794792626,0.02408108158320405,0.00024707028547822255,0.0002945612202604251,0.0078071536872693055,0.004372999999999904,0.0043729999999999256,0.00437299999999993,0.0010337299999995555,0.0010337299999995347,0.0010337299999995516,-0.0960460590270831,9.71487983896925,1.4522278643682662,-0.0016333967469482472,-0.013445117741744003,0.00958999167691884,-25.047938461303712,11.538937969207764,2.9553751133009794,979.6084423828125,0.04571246339248566,27.73585644954783
2025-03-01T17:42:55Z,40.058229813149616,-75.65006501555523,109.21926162299536,-14.831883365868716,-26.061820845194575,-1.028282482612766,1.4396182493791017,0.028174230858600678,1.2507057336108933,0.0009999999970079915,0.0010000000054818789,0.0009999999965642418,0.0009999999887770614,0.0009999999869217326,0.000999999990475714,0.000014000256360125123,0.000014000316018060532,1.0255077333958265,3.0822312472396014,4.304330169389765,0.022049069049263608,0.00024674066909522905,0.0003046125660780934,0.007812364273096911,0.004373999999999903,0.004373999999999926,0.004373999999999931,0.001033739999999555,0.001033739999999535,0.0010337399999995507,-0.18975383302917534,9.648575702343948,1.1978041472811123,-0.0022420920543086693,-0.0011934403421694048,-0.004023780531690612,-24.41400104522705,9.59175039768219,0.9240000409632921,980.3263720703125,-0.05307232742235147,26.246832770867016
2025-03-01T17:42:56Z,40.0578718714608,-75.65038331992766,108.47060289668042,-14.815094335774393,-25.79333828887605,-1.076691902380351,1.4408880114299094,0.03571986399468833,1.2490721081902998,0.0009999999970208928,0.001000000005506792,0.0009999999968627452,0.00099999998857982,0.0009999999866211542,0.0009999999900458993,0.000015000234027660902,0.0000150003185343024,1.0202277438886662,3.450436926979463,4.87988610029323,0.02084364662571908,0.0002470474373977008,0.00031470827590851904,0.007818822415306561,0.004374999999999902,0.004374999999999925,0.004374999999999933,0.001033749999999555,0.0010337499999995344,0.0010337499999995515,-0.02747795628640294,9.688205724679436,0.9413406219419067,-0.000571894333910343,-0.0021791688961602315,-0.007824660686064962,-24.91331359863281,8.747812786102294,1.9374375770241021,980.5750537109375,-0.04372343539044021,26.475430040603683
2025-03-01T17:42:57Z,40.05750877316889,-75.65069976787254,107.65872292433,-14.714871921981056,-25.763958610257465,-1.087298748512818,1.4417650538377833,0.03620955626876829,1.2472733154311113,0.0009999999968643746,0.0010000000053642256,0.000999999997032521,0.000999999988538176,0.0009999999868770244,0.0009999999901390494,0.000016000204536771027,0.000016000321558242913,1.0104216921700095,3.835211217385984,5.4934767978724475,0.019411147932649142,0.00024797177268139216,0.00032479939030412606,0.007823686727555961,0.004375999999999904,0.004375999999999926,0.004375999999999935,0.001033759999999555,0.0010337599999995335,0.0010337599999995515,-0.273861543465531,9.701377335225004,1.1098679076067188,-0.000684386820908952,-0.003056578091005397,-0.0008167410703796846,-25.410001163482665,7.964812836647034,1.684312576688826,980.6849609375,-0.00909831460846482,26.682215030934863
2025-03-01T17:42:58Z,40.057093926808705,-75.65101854891714,106.81068358751983,-14.64975770939417,-25.612362892616517,-1.2135688226834562,1.4396502870307115,0.03282365520617768,1.2456322054306272,0.0009999999972334663,0.0010000000052082347,0.000999999997201638,0.0009999999885961293,0.000999999987196888,0.0009999999897223192,0.000017000166123673635,0.00001700032515614387,0.9974146415648644,4.238904241291474,6.163769848422461,0.018435326630566063,0.0002495993257199166,0.00033488589113342924,0.007828118234249481,0.004376999999999903,0.004376999999999923,0.004376999999999932,0.001033769999999554,0.0010337699999995323,0.0010337699999995523,-0.14883655907645182,9.601596632634203,0.9936166100320589,-0.0038265014762562024,-0.003491026194038559,0.003030706260107139,-25.301813526153566,7.692375297546387,1.4647500619664788,980.7662451171875,-0.12359139790325648,26.485792523553076
2025-03-01T17:42:59Z,40.056185365388835,-75.65137181566229,106.43000777264628,-13.93657120583734,-25.70431667760332,-1.1869828781815575,1.4443029234749596,0.03965272372421943,1.2435262581060171,0.0009999999970186605,0.0010000000050002114,0.0009999999968099233,0.000999999988545876,0.000999999987193748,0.0009999999898498554,0.000018000116626438257,0.0000180003293952872,0.9822046592491774,4.6749551709226,6.864743748773864,0.017256246450478543,0.0002521002068348369,0.0003450482810290646,0.007835701229928103,0.004377999999999902,0.004377999999999922,0.00437799999999993,0.0010337799999995526,0.0010337799999995312,0.0010337799999995526,-0.15049257705145067,9.674672546756726,1.205178746998177,0.00006901351489070964,-0.004787361452901823,-0.007454804228663214,-25.22137607574463,7.248000273704529,1.870312578305602,980.5476586914062,-0.02698784318282195,26.308681337484245
2025-03-01T17:43:00Z,40.05491264182905,-75.65175090783931,106.31589089615213,-13.000256877743206,-25.95214981763162,-1.1848111965274526,1.4451980331017813,0.04773549975948291,1.2470587971920988,0.0009999999969466731,0.0010000000048772846,0.0009999999965088734,0.0009999999887351368,0.0009999999872580285,0.0009999999898244064,0.00001900005336397809,0.000019000334344322852,0.9651160537703317,5.139529691824575,7.61971952506324,0.016275274734984,0.00025558317507833685,0.000355065511439765,0.007844171427646552,0.004378999999999902,0.004378999999999922,0.004378999999999932,0.0010337899999995526,0.001033789999999531,0.0010337899999995526,-0.26779973036994426,9.62548495832579,1.1885120146405808,-0.005102975426157528,0.00010973781382256028,-0.008187842059683844,-25.375313606262207,7.482375326156617,1.9374375766515732,980.4229736328125,-0.07528798856413504,26.52627845864856
2025-03-01T17:43:01Z,40.05371653519419,-75.65212353569105,105.95859002331336,-11.939027847467846,-25.653197567918482,-1.274380415487438,1.4477247403065021,0.04871615603740984,1.224866382558434,0.0009999999968480684,0.0010000000052169948,0.0009999999964990431,0.0009999999889313547,0.000999999987092418,0.0009999999896419705,0.000019999972962814042,0.000020000340055897332,0.9468673941655187,5.653837926229058,8.378152337045284,0.015625312495816675,0.0002590484176434792,0.00036572956382775154,0.007851201539914424,0.004379999999999901,0.004379999999999923,0.004379999999999932,0.001033799999999552,0.0010337999999995304,0.001033799999999552,0.2571502593488843,9.570290571176622,1.2857894161710708,-0.0009424182195318987,-0.025191747750314762,-0.0043096852725084105,-25.169251079559327,7.605562777519226,2.4643125930801038,980.55732421875,-0.11789281511041061,26.40844442597506
2025-03-01T17:43:02Z,40.05231294445119,-75.65250718750029,105.59656372622925,-10.93480530684853,-25.087738956137596,-1.292082946891843,1.45350186504626,0.05891417738751158,1.196630784532438,0.0009999999973440033,0.0010000000054578096,0.000999999996216942,0.0009999999890020442,0.0009999999873830877,0.0009999999894780194,0.000020999871297842977,0.000021000346558837656,0.9293806026126755,6.241805429039653,9.207490494005011,0.016131934600872273,0.0002635158805413142,0.0003763322395477495,0.007860876546023009,0.004380999999999905,0.0043809999999999205,0.004380999999999931,0.0010338099999995507,0.001033809999999529,0.0010338099999995507,0.4947130915982503,9.685225748056917,1.0505657901798924,0.002726274831966977,-0.029863360708244677,-0.01437793890592779,-24.842625980377196,7.81368782043457,3.00318761408329,980.56291015625,-0.023059694536312535,26.215000550749735
2025-03-01T17:43:03Z,40.050577017049086,-75.65291402794719,105.35737543873617,-9.708543571151694,-24.594348139666852,-1.2478490569735141,1.4557845893469987,0.05781602934064081,1.160760563056328,0.000999999997113793,0.0010000000053291308,0.0009999999959510776,0.0009999999892002674,0.0009999999876151974,0.0009999999894987313,0.00002199974355960397,0.000022000353852561035,0.9150329018982188,6.910147493774745,10.060741656428352,0.01752774482082768,0.00026837667703886016,0.00038665064653570084,0.007868715660310572,0.004381999999999904,0.004381999999999923,0.004381999999999932,0.0010338199999995515,0.0010338199999995299,0.0010338199999995515,0.5935575909227065,9.737788159161722,1.1284907406544677,-0.0005218231356802357,-0.038530630726544536,-0.004580067960374858,-24.83625093460083,8.167875294685365,3.8895001566410063,980.5212084960938,0.04321543593154231,26.432538126141296
2025-03-01T17:43:04Z,40.04865355969705,-75.65334043127054,105.15586372305623,-8.660360029886263,-24.125747434765223,-1.2102191827406983,1.4580497160115649,0.05740776045885139,1.1244155805832685,0.0009999999973390702,0.0010000000050308605,0.0009999999959565777,0.0009999999894666981,0.0009999999874919444,0.000999999989325025,0.000022999584485945545,0.000023000361878529577,0.906536008494544,7.670925682364158,10.954503236752597,0.020214347290513354,0.0002739800238191805,0.00039619336129782963,0.007877526900057863,0.004382999999999906,0.004382999999999921,0.004382999999999933,0.0010338299999995506,0.0010338299999995309,0.0010338299999995506,0.681632419997608,9.754817031855023,0.93287879723467,-0.00036877325028541357,-0.03811003505666917,-0.0060599964075327625,-25.194563579559325,6.243562766313553,4.985812690258026,980.5389770507812,0.04525801317047988,26.431113320538977
2025-03-01T17:43:05Z,40.04618182704659,-75.65382672617397,105.16634994600113,-7.468041047970121,-23.930698337971506,-1.2021964259098064,1.457845706735484,0.0558620360994827,1.0804215276537485,0.0009999999973484524,0.0010000000053450378,0.0009999999964427644,0.000999999989547837,0.0009999999876532213,0.0009999999894530606,0.0000239993890451536,0.0000240003704892613,0.907240069912851,8.531723683417681,11.823459017459903,0.02429177654373792,0.0002800559217870515,0.0004044249887533779,0.007886794383108821,0.00438399999999991,0.004383999999999918,0.004383999999999932,0.0010338399999995493,0.0010338399999995306,0.0010338399999995493,0.8543942180420494,9.702095253303584,0.9700074222143816,-0.003209294209162039,-0.045063712426681286,-0.007475166879920597,-24.79668857574463,8.257125391960145,5.938687705993653,980.4311059570313,0.010067151646265891,26.80151434793986
2025-03-01T17:43:06Z,40.04304433699792,-75.65440464592807,105.44614219116976,-6.3863456866933195,-24.423827566306485,-1.1285779752307112,1.4688940743869798,0.05126487160652947,1.0385918866901005,0.0009999999976112073,0.0010000000051749466,0.0009999999963299796,0.0009999999895288698,0.0009999999878126662,0.0009999999892910283,0.000024999153326490314,0.000025000379431414254,0.9194530946980345,9.480043363149019,12.660062929313069,0.02861912398395095,0.00028639181303276567,0.0004105378836909265,0.00789631388276665,0.004384999999999911,0.004384999999999918,0.004384999999999933,0.00103384999999955,0.0010338499999995301,0.0010338499999995483,0.746502102962003,9.724137327532818,0.9266306511961442,0.006818568389786018,-0.04201556441351689,-0.006472747651908872,-24.765563526153564,8.478375334739685,6.580125293731689,980.280595703125,0.01896469193156058,26.99094830506651
2025-03-01T17:43:07Z,40.04051006896397,-75.65495678970227,105.42035712414808,-5.608191247761116,-25.050524245807402,-1.1080718142461146,1.463695366179334,0.05189759844973462,1.0042089239847847,0.0009999999973720399,0.0010000000050020257,0.0009999999960179269,0.0009999999897247697,0.0009999999880451714,0.000999999989286798,0.000025998875733816407,0.000026000388393494478,0.942585766250806,10.48224904772047,13.410541440194255,0.031873826485831556,0.0002929144968715385,0.00041387458145430013,0.007906773141870172,0.0043859999999999125,0.00438599999999992,0.004385999999999931,0.0010338599999995496,0.0010338599999995305,0.0010338599999995487,0.5363482125214285,9.677249732648125,1.0285518185359184,-0.008238746711136814,-0.032988951846566604,-0.01045822312735378,-24.723751106262206,8.515687847137452,7.470562806129456,980.4931225585938,-0.031114260671644505,27.195355350606434
2025-03-01T17:43:08Z,40.038512802817245,-75.65547698881471,105.1385891151332,-4.828231771295658,-25.217275926416185,-1.1001691129835647,1.469132959775611,0.03737788499517597,0.9531321795310513,0.00099999999763119,0.0010000000047879424,0.0009999999959476279,0.0009999999894121407,0.0009999999879599052,0.0009999999894911328,0.00002699855775822598,0.000027000396989036814,0.9759020600194147,11.598021046726046,14.01976223884482,0.036935523066146725,0.00029890599052819817,0.00041376216512924554,0.007914380326516637,0.004386999999999911,0.004386999999999918,0.004386999999999932,0.0010338699999995486,0.0010338699999995306,0.0010338699999995486,0.9471069412811023,9.702209658133086,1.0271684214411214,0.004174825471589407,-0.050677826994220534,0.003581485714380892,-24.707813510894777,6.8158127975463865,7.81893780708313,980.6870922851563,0.02467289552521577,26.796724003366737
2025-03-01T17:43:09Z,40.03671654294506,-75.65599673892092,104.79446099275775,-4.301126430666814,-25.683911205793972,-1.0481082053867812,1.4679263019450195,0.03492559364090718,0.9145486159011922,0.0009999999974051575,0.001000000004717383,0.0009999999963023823,0.0009999999891724138,0.0009999999879461644,0.0009999999892724755,0.00002799820491174569,0.0000280004048427496,1.0174802511190129,12.736636014697343,14.486691502641838,0.039768927870725,0.00030499627940857145,0.0004098816614763106,0.007923368289019463,0.0043879999999999085,0.004387999999999916,0.004387999999999931,0.001033879999999549,0.0010338799999995308,0.001033879999999549,0.7087111977970942,9.729532932276706,1.0593793517377705,-0.0028631376870191113,-0.03657269191523582,-0.007017018393969969,-25.940063552856444,6.264750264883041,9.512437901496888,980.7928442382813,0.03509217588770175,28.33050631897435
2025-03-01T17:43:10Z,40.035377516341605,-75.65647368319563,104.27839758151018,-3.794205053724509,-25.866831029066415,-1.0578086815791312,1.4700199811911538,0.0278731362221359,0.8682008811307519,0.0009999999976221673,0.001000000004871634,0.0009999999962714183,0.0009999999893024396,0.0009999999880972736,0.0009999999892061102,0.00002899782615280617,0.00002900041171528143,1.0621344124059993,13.908915566988288,14.774400727150066,0.042209593092500955,0.00031062235648975756,0.0004025185700637762,0.007930798802430996,0.0043889999999999095,0.004388999999999916,0.004388999999999932,0.001033889999999548,0.0010338899999995299,0.001033889999999548,0.7930980686055988,9.692085257207603,1.0376445485092423,0.0014129159468778975,-0.044982264125540176,-0.002038470240447722,-25.905751094818115,6.4297502541542055,10.261687889099122,980.96134765625,0.002132628242284602,28.596310250130834
2025-03-01T17:43:11Z,40.035032215930045,-75.65680806567156,103.25319161268175,-2.962022770165923,-25.47367374828593,-1.1880785471258115,1.4739453087086896,0.02780834814369406,0.8249476252870628,0.000999999998041854,0.0010000000049086542,0.0009999999962963363,0.000999999989374867,0.000999999987789584,0.0009999999894964463,0.00002999743138482906,0.00003000041752477155,1.1050069944744259,15.042807986249692,14.890080670996417,0.04312885749235829,0.00031601589075051193,0.00039233944130143594,0.007937858793816274,0.004389999999999912,0.004389999999999914,0.004389999999999934,0.001033899999999549,0.0010338999999995292,0.0010338999999995472,0.7564264379089324,9.612106203856053,1.2362069832768752,0.004795705101852343,-0.04271655650327549,-0.004990648935259167,-25.594876041412352,7.305000283718109,10.367812948226929,981.2887719726563,-0.05684195423200531,28.564827160810363
2025-03-01T17:43:12Z,40.03409983006612,-75.65724135902654,102.45413048995323,-2.23346495608135,-25.925068898766753,-1.169094140327244,1.4742418862853113,0.027647404428728824,0.7772904153907013,0.0009999999978089742,0.001000000004741116,0.0009999999963968005,0.0009999999896583868,0.0009999999879226277,0.0009999999891897053,0.0000309970278973223,0.00003100042243161031,1.1405755156354842,16.123123088927258,14.904149206753079,0.04276186808485873,0.00032116591644472327,0.000380505681147067,0.007944333242669422,0.004390999999999911,0.004390999999999917,0.0043909999999999305,0.0010339099999995484,0.0010339099999995293,0.0010339099999995473,0.6452615160989599,9.693082260126927,1.4754114558733782,0.000303178835419928,-0.04587819800018875,-0.007658425788601758,-24.663001117706298,6.74193775177002,10.959937891960145,981.2637353515624,0.048393130850277646,27.817885613307993
2025-03-01T17:43:13Z,40.0318984773175,-75.65790633510679,102.24296912323523,-2.256308004126568,-27.510992074915702,-1.2661411913040546,1.4744969585477061,0.018122695720149483,0.7304008201483196,0.0009999999976848084,0.001000000005002477,0.000999999996255717,0.0009999999897831353,0.000999999988181266,0.0009999999895681413,0.00003199662061359922,0.000032000426769551554,1.1674144824581214,17.149061135441443,14.846651810350847,0.042343804414019005,0.00032627874272677553,0.00036784404162270304,0.007949789935294554,0.00439199999999991,0.004391999999999918,0.004391999999999932,0.001033919999999548,0.0010339199999995288,0.0010339199999995468,0.68279811124454,9.496191483852462,1.2877115122435279,-0.0018837507445707514,-0.04309709542618657,-0.003598679226272666,-21.531188220977782,8.53725031375885,12.380437955856323,981.0338061523438,-0.1699838755813073,26.26307833839702
2025-03-01T17:43:14Z,40.03037990710044,-75.65847424142873,101.69493452389433,-1.9996791106824068,-28.789256152033495,-1.2025538828880389,1.4665313531980178,0.009739611529911298,0.6863546309908832,0.0009999999973659825,0.001000000004856216,0.000999999996098349,0.000999999989584967,0.0009999999878857419,0.0009999999893449214,0.00003299621103562126,0.00003300043098761575,1.18472676873382,18.074682795403746,14.822782751386796,0.04079423647781959,0.00033154726500225925,0.00035522372421242906,0.007954711075951538,0.004392999999999908,0.004392999999999915,0.004392999999999931,0.0010339299999995478,0.001033929999999529,0.001033929999999547,0.6155107601034945,9.664248775477176,1.6256807141440799,-0.009236493278400091,-0.04151051590923193,-0.0018144866352541073,-23.60456329345703,7.569187846183777,14.490750579833984,981.2363403320312,0.042089201698425435,28.713184201942482
2025-03-01T17:43:15Z,40.030470397656565,-75.65877140018286,100.3864707466347,-0.9424623378688866,-28.52211178968364,-1.1843791579951823,1.4671770870733525,0.0142093257227961,0.6464638571642045,0.00099999999766126,0.0010000000048924912,0.000999999995869046,0.0009999999896882525,0.0009999999880397877,0.0009999999896216686,0.00003399579689294839,0.00003400043559297131,1.1927001815891218,18.938734871286854,14.878342452530353,0.039304754578273766,0.0003371205310498603,0.00034331591948304994,0.007959967149124355,0.004393999999999906,0.004393999999999914,0.004393999999999928,0.0010339399999995487,0.001033939999999528,0.001033939999999546,0.6400803314263661,9.743868262864558,1.5392324723698985,0.001440956034654323,-0.03983247379672989,-0.007604349160824351,-23.672813358306886,8.160375299453735,14.396625537872314,981.7139477539063,0.10816360927855813,28.883450427757978
2025-03-01T17:43:16Z,40.030565000758095,-75.65906594760523,99.04158789980478,0.11260489515932001,-28.086509052292804,-1.2774947485390034,1.4768684463228425,0.014522593643665583,0.6011809900297708,0.0009999999978600612,0.0010000000045514341,0.000999999995826259,0.00099999998933286,0.0009999999879259636,0.0009999999897502723,0.000034995376387107773,0.000035000441018961656,1.1951959189899715,19.733141554489606,15.02996560343271,0.038506335204617416,0.0003423555461926867,0.000332950407593446,0.007964687914318414,0.004394999999999908,0.004394999999999915,0.004394999999999929,0.0010339499999995477,0.001033949999999529,0.0010339499999995451,0.7336763125023289,9.662174923256114,1.2878939179521387,0.010616611913030179,-0.04565421503377875,-0.0038201589528685568,-22.692750816345214,7.697625279426575,15.088125619888306,981.8708471679688,-0.0021181439458607164,28.317186146099303
2025-03-01T17:43:17Z,40.03051484693218,-75.65938317233778,97.70108295883698,1.2279157525589735,-28.051400818232704,-1.326951010094962,1.4686138788983252,0.023655170133041848,0.5620920100442205,0.0009999999980298384,0.001000000004296108,0.000999999996039761,0.0009999999891619367,0.0009999999882880518,0.000999999989971686,0.00003599494677315087,0.00003600044765844476,1.1945435011400263,20.38425137301714,15.324290153135802,0.03804597211246533,0.0003483043524203641,0.0003232246895219969,0.007970247288742339,0.0043959999999999095,0.0043959999999999165,0.004395999999999932,0.001033959999999548,0.0010339599999995282,0.0010339599999995455,0.6833472688868311,9.671985506053186,1.5592001249211047,-0.007403899004124489,-0.038252570416413716,-0.012586068645735369,-24.707813396453858,6.722250279188156,16.289250650405883,981.9975659179687,0.04333639536031958,30.348003129532206
2025-03-01T17:43:18Z,40.03035212570953,-75.65971791713704,96.3636811699974,2.0015091073606324,-27.952751731597488,-1.3895193801102301,1.4602114246688094,0.023192683038247282,0.5230891549300354,0.0009999999979297932,0.0010000000045950897,0.0009999999957558323,0.0009999999892613947,0.0009999999882096854,0.0009999999900536227,0.00003699450472042242,0.00003700045590348424,1.1913780896719066,20.95647316423418,15.765651118220271,0.03685745382421196,0.00035419775928161203,0.00031460197437793925,0.007975115300288497,0.004396999999999911,0.004396999999999919,0.004396999999999933,0.001033969999999549,0.0010339699999995272,0.0010339699999995452,0.5258916897419084,9.668788602918488,1.3436486540727957,-0.0074616479046784225,-0.0387909994975448,-0.003818990229203991,-24.89137590408325,7.503187798261642,18.4933132648468,982.1304614257813,-0.0014752225934508158,31.90419744217206
2025-03-01T17:43:19Z,40.02976840303456,-75.66011008518475,95.22131439823575,2.269518587635686,-27.926930104493408,-1.3537998628753147,1.4604400410238518,0.015120756469952245,0.4890680912375478,0.0009999999981126593,0.0010000000045118423,0.0009999999957428412,0.0009999999890348105,0.0009999999883793036,0.0009999999901341226,0.00003799404971873411,0.00003800046605416379,1.1861305730860667,21.47958642418369,16.36205910874104,0.03529598225718171,0.00036054484721977114,0.0003065585260053636,0.007979815800689533,0.004397999999999912,0.00439799999999992,0.004397999999999936,0.0010339799999995493,0.0010339799999995276,0.0010339799999995456,0.5328387344208448,9.75828672154285,1.1284521659034217,0.0007918703641715951,-0.03368126554500643,0.0025328351235294998,-24.019500999450685,6.443625252246857,16.176000604629518,982.1801635742188,0.06042050996092809,29.666761114337486
2025-03-01T17:43:20Z,40.02887160007532,-75.66053735050356,94.2540192437691,2.099777034223275,-27.976747065667357,-1.3381566064986592,1.4541660947389654,0.011739102038168085,0.45849308802793387,0.0009999999980404095,0.0010000000049389722,0.0009999999956303328,0.0009999999889369834,0.0009999999880520036,0.0009999999903835969,0.00003899358259325936,0.000039000478304005024,1.1783126646711288,21.93551222322246,17.08904545813611,0.0331511739791919,0.0003673149761180614,0.00029932544029807,0.007985360569293361,0.004398999999999914,0.004398999999999923,0.004398999999999937,0.0010339899999995488,0.001033989999999527,0.0010339899999995449,0.47595623701779716,9.727275416322794,1.0062606555152445,-0.0059094497326456,-0.029077247242042317,-0.0029377429267880544,-23.478750820159913,6.252187752723694,17.36981321334839,982.2321337890625,0.013427886451478696,29.867188807971687
2025-03-01T17:43:21Z,40.02650003093025,-75.66113314695487,94.03081603789072,0.18654094431320312,-28.767458305066985,-1.2498051469497522,1.4518449997335272,6.274970919075401,0.4432981700927187,0.0009999999983892531,0.00100000000506861,0.0009999999959331566,0.0009999999890291174,0.0009999999878600434,0.0009999999900701397,0.00003999310115469064,0.000040000492795576125,1.1645146369644692,22.33174915876076,17.91977191023331,0.02922012763164852,0.00037595850966072586,0.00029162916469790626,0.007990675661372614,0.004399999999999917,0.004399999999999925,0.004399999999999934,0.0010339999999995483,0.0010339999999995266,0.0010339999999995437,0.10711571382802981,9.714498026207117,0.9209545674553996,-0.0021708243377471207,-0.01271842263592804,0.01019918750474123,-22.92468837738037,6.739687750339508,18.014063234329225,981.9719067382813,-0.01860759624890027,29.92437403008759
2025-03-01T17:43:22Z,40.02445136840851,-75.6616789229611,93.69183373268481,-1.7865127406743846,-29.52398577578046,-1.178798037157037,1.4636752915862248,6.26163838489766,0.4328104854286704,0.0009999999984464285,0.0010000000051357061,0.0009999999962708268,0.0009999999893119543,0.0009999999879263604,0.000999999990088947,0.00004099259488734113,0.00004100050963826754,1.1404767120346186,22.687759708144107,18.850584076416446,0.024386379460454896,0.0003851135329720459,0.00028554883277151705,0.007996894932005963,0.004400999999999919,0.004400999999999926,0.004400999999999934,0.001034009999999549,0.0010340099999995274,0.0010340099999995426,-0.20375183959392562,9.731806102429726,0.9344740122994719,0.01203178106445188,-0.008289653569737588,0.005882409695376416,-23.667188415527345,6.305250236988067,18.119813270568848,982.0838232421875,0.001518556525617682,30.46664610133175
2025-03-01T17:43:23Z,40.02197486478998,-75.66225404995993,93.52756293636806,-4.037005604505249,-30.58691351992748,-1.129033792158096,1.4560410714014436,6.253200552277138,0.425641176650451,0.0009999999986133213,0.0010000000054867795,0.0009999999962681545,0.0009999999890149933,0.0009999999876801455,0.0009999999899969244,0.00004199204276808381,0.00004200052891572106,1.1062169569865032,23.034000147023256,19.885737537606012,0.02035312091469073,0.0003945973410620784,0.00028155631804506275,0.008003942412159373,0.00440199999999992,0.004401999999999927,0.004401999999999935,0.0010340199999995495,0.0010340199999995278,0.0010340199999995421,-0.29398348541475716,9.688048868705742,1.1569692534773237,-0.007221307144636991,-0.004171990596310615,0.0009277286085888946,-23.29481342315674,6.586125259399414,17.527875871658324,982.0404125976562,-0.01574987897994388,29.887267749620744
2025-03-01T17:43:24Z,40.018982941096105,-75.66285791229281,93.58669457951578,-6.428704181371005,-31.633270211510908,-0.918880241710778,1.455296852376368,6.252349079673556,0.4243315792961505,0.0009999999983117949,0.0010000000053963017,0.0009999999963080362,0.0009999999892579459,0.0009999999876481767,0.000999999990093532,0.00004299141658913046,0.00004300055070684361,1.0657618844612118,23.48876103100001,21.04768980130959,0.017469906425934996,0.00040454308942615717,0.00027948972439184957,0.008011878803957354,0.004402999999999917,0.004402999999999925,0.004402999999999932,0.0010340299999995488,0.0010340299999995269,0.0010340299999995416,-0.24036201773134783,9.841277844741422,1.2297483316746916,0.00006901389403429618,0.0026550080720909672,-0.006151626165208201,-23.45231336593628,7.7473128080368046,18.09637568473816,981.9718603515626,0.14376275818111803,30.61874522653217
2025-03-01T17:43:25Z,40.016341809283,-75.66341601873013,93.57852388525065,-8.298817671535277,-32.4671152354517,-0.7588178023579233,1.4558125661225527,6.247326911838448,0.4200298205378525,0.000999999998414142,0.0010000000053246108,0.0009999999962074701,0.000999999989198303,0.0009999999879885338,0.0009999999900724378,0.00004399068348609149,0.000044000575101751634,1.0233522372078925,24.039545757505977,22.310076132680223,0.015535324800947431,0.00041413869621886764,0.00028029830188155334,0.008019914128180686,0.004403999999999921,0.004403999999999923,0.00440399999999993,0.001034039999999548,0.0010340399999995264,0.0010340399999995407,-0.18748325471176086,9.817378901867082,1.2817882931383269,0.001190600915820905,-0.0019288150353933896,-0.00037411362305121417,-23.52300100326538,7.05243777513504,18.13256311416626,982.06896484375,0.12559478034810345,30.526303374285938
2025-03-01T17:43:26Z,40.01437310265035,-75.66391481063746,93.2598783528795,-9.924467724540081,-32.74728899816492,-0.9222715203947045,1.458961985049986,6.246160045600496,0.42312241104775167,0.0009999999984181178,0.001000000005383507,0.000999999995995353,0.0009999999893371182,0.000999999988248165,0.0009999999904219663,0.00004498980675934372,0.00004500060215500787,0.9807907601931687,24.742653490339638,23.625221694232966,0.01391825437048231,0.00042433932613967416,0.00028269582066876696,0.008028386534952522,0.0044049999999999185,0.00440499999999992,0.0044049999999999315,0.0010340499999995478,0.001034049999999526,0.0010340499999995393,-0.336035052300242,9.587319524123906,0.8004759405398792,0.0038563746862873066,0.004630137009217605,-0.001264708210565483,-23.249250831604005,6.691687772274017,18.481125679016113,982.240771484375,-0.15031335045299085,30.444297693752976
2025-03-01T17:43:27Z,40.01205762064756,-75.66442590425167,92.87326025078394,-11.354605287193305,-33.17026509339139,-0.9203700371226085,1.4556421792448773,6.243688006005652,0.42311399577338793,0.0009999999982609044,0.0010000000056228791,0.0009999999961234141,0.0009999999895776313,0.0009999999879773736,0.000999999990600336,0.0000459887435017365,0.000046000631893787505,0.9398668438316129,25.57972197440894,25.054672356448375,0.013203915980521331,0.00043425750719247613,0.00028747752062910267,0.008037097122988595,0.004405999999999916,0.004405999999999923,0.004405999999999932,0.0010340599999995488,0.0010340599999995271,0.0010340599999995388,-0.23035205284968777,9.724946633015653,1.0455408620464615,-0.002704913981332912,0.0013157782244957838,-0.00004364643311442057,-23.712563457489015,7.536187801361084,18.37968822479248,982.2657250976563,0.006880422456132857,30.933631990392048
2025-03-01T17:43:28Z,40.00855340121463,-75.66499465975711,92.6639293671733,-13.044506643544304,-33.437034401576106,-0.9314567415919915,1.4583392262902064,6.23660635036048,0.41908900456905995,0.0009999999981577376,0.0010000000053332618,0.0009999999962643376,0.000999999989689881,0.000999999987829174,0.0009999999906766285,0.00004698744505693265,0.000047000664356375255,0.9028770364573804,26.608494715514794,26.567788439397948,0.013004634460331304,0.0004439981267241259,0.0002943608845081525,0.008045863082786809,0.004406999999999914,0.004406999999999921,0.004406999999999931,0.0010340699999995483,0.0010340699999995266,0.0010340699999995392,-0.16159370167745937,9.721509157456575,0.8448431921518226,0.0032658724848717456,-0.002822412963138939,0.0037545640672994596,-25.080563449859618,6.815437757968903,19.80525089263916,982.1758129882812,-0.017311462894298003,32.67613039103407
2025-03-01T17:43:29Z,40.00530423995554,-75.66554257531708,92.27565690219099,-14.427635009211375,-33.55218865100048,-0.986343347427745,1.4552279915620665,6.230254077270738,0.41556789570716,0.0009999999984296785,0.001000000005463046,0.000999999996250036,0.0009999999896872405,0.0009999999880204097,0.0009999999905542245,0.000047985860882565134,0.00004800069953457802,0.8710049049843269,27.81122279456158,28.160653558812566,0.013313121718139363,0.00045386131073175154,0.0003026330942549772,0.008054851095738256,0.004407999999999915,0.0044079999999999215,0.0044079999999999285,0.0010340799999995478,0.0010340799999995253,0.0010340799999995398,-0.08024230875418385,9.698984518681597,0.772081115636985,-0.0028224132474011414,-0.0028224133289714,0.004151626301920092,-24.146063327789307,7.786500287055969,18.828375759124757,982.2880908203125,-0.046796568936296884,31.5937728734542
2025-03-01T17:43:30Z,40.00259034274516,-75.66606042523517,91.64077138600457,-15.61269022208843,-33.61743284214197,-1.1017995092963264,1.4486979317163435,6.222375988326006,0.4172705215452333,0.0009999999985735072,0.001000000005664178,0.0009999999965199726,0.0009999999899695474,0.0009999999882319322,0.0009999999905091171,0.0000489839357778544,0.000049000737379070765,0.8451069980286218,29.170124000414717,29.832842149929103,0.014232782378422935,0.0004644251047397879,0.00031148013897290105,0.008063916350078392,0.004408999999999916,0.0044089999999999225,0.0044089999999999295,0.0010340899999995475,0.001034089999999526,0.0010340899999995404,-0.11973891987665551,9.658589681463562,0.7789817261354115,-0.006249931396084915,0.0016061892720861716,0.0071765752773316855,-24.491438465118406,6.683437762260437,18.48243824005127,982.4469067382812,-0.08610112064710364,31.402169207939966
2025-03-01T17:43:31Z,39.999282714177696,-75.66660801818779,90.92712646639393,-16.745664916089346,-33.86396264919919,-1.2167698060204377,1.4434507382946469,6.197055358012427,0.4182262237936108,0.000999999998868146,0.0010000000054629465,0.0009999999967449775,0.0009999999901651154,0.000999999988386382,0.000999999990520464,0.000049981606670771875,0.00005000077783232268,0.8261853530217289,30.652497059799536,31.590723862162324,0.01569611857933334,0.00047623765333106277,0.0003210844329038327,0.008072682008915599,0.004409999999999913,0.00440999999999992,0.004409999999999929,0.0010340999999995486,0.0010340999999995269,0.0010340999999995403,-0.06987340972367827,9.642394239737886,0.9659396332189472,-0.0052149667450194625,-0.0014377860846284754,0.02483958024991746,-25.085813579559325,7.455750312805176,17.86931321144104,982.5009228515624,-0.08586588823866972,31.68904212080998
2025-03-01T17:43:32Z,39.995456237663895,-75.66718454945641,90.12686629514765,-17.99517251067253,-33.905531664253594,-1.313526255116552,1.439175561275162,6.193445858617871,0.43512762992634907,0.0009999999990906925,0.0010000000057594348,0.0009999999968841188,0.0009999999901757128,0.0009999999884549584,0.0009999999902598243,0.00005097881062046824,0.000051000820749763176,0.815812525233164,32.31756186937575,33.45757610457764,0.018505839880396044,0.00048806525018013186,0.000329369768948585,0.008082148246399861,0.004410999999999912,0.004410999999999919,0.004410999999999926,0.001034109999999549,0.0010341099999995275,0.0010341099999995394,-0.09106427342844461,9.710251055602567,0.6837395388609989,-0.003165565700130269,0.01683775253863655,0.005934817450928586,-25.62618860244751,7.211250286102295,18.170438261032103,982.5776977539062,-0.04205606734328106,32.23143224861276
2025-03-01T17:43:33Z,39.99090830569228,-75.66780595439134,89.26406216115026,-19.478567274946563,-33.975498565815066,-1.4289758179893466,1.4360786576202897,6.185062957716669,0.46498468807272786,0.000999999999155096,0.0010000000059119001,0.000999999997022342,0.0009999999899027929,0.000999999988607911,0.0009999999902477544,0.00005197549318212023,0.00005200086573194345,0.8173567863540403,34.07034133134575,35.45627448641912,0.02403413950363997,0.0005009753020203143,0.00033623177219931674,0.008091537350834465,0.00441199999999991,0.00441199999999992,0.004411999999999928,0.0010341199999995487,0.001034119999999527,0.0010341199999995387,-0.4352175490213778,9.752902832661272,0.46448376318068463,-0.0012545271416827244,0.028779657950373096,0.013222968398865075,-26.322563514709472,6.4771877694129945,18.237938241958616,982.65046875,-0.0031251898372108983,32.671859196062506
2025-03-01T17:43:34Z,39.98313756346555,-75.6686221761899,88.58277416008107,-20.80417135215317,-34.4168217599277,-1.6006610373873682,1.436568491267003,6.182215634115057,0.5105151131988527,0.0009999999987224558,0.0010000000056846197,0.0009999999968410113,0.000999999989936702,0.0009999999889804753,0.00099999999036556,0.000052971619730012864,0.00005300091211643722,0.8373573096835398,35.76286699929004,37.58875103445442,0.03319145080739341,0.0005130920527127005,0.0003410477416287391,0.008100942370571821,0.00441299999999991,0.004412999999999919,0.0044129999999999265,0.0010341299999995493,0.0010341299999995276,0.0010341299999995393,-0.772366262000451,9.712264735533843,0.3209941674451008,0.002186677938994761,0.044825039723172894,0.011838341564980535,-26.919751243591307,8.042812824249268,16.528688259124756,982.5359912109375,-0.028526682576305366,32.596841399287946
2025-03-01T17:43:35Z,39.97082368741209,-75.66974648465428,88.24961646123396,-20.55361118956879,-35.5161918550102,-1.6871997533911824,1.436621312170543,6.194033693303388,0.5491657225328724,0.000999999998879618,0.0010000000058083308,0.000999999996616546,0.000999999989558681,0.0009999999889809806,0.000999999990304639,0.000053967227609116837,0.0000540009593063679,0.8814278054157852,37.22159319625703,39.7728345261028,0.04165668104061566,0.0005203385978389528,0.000344824908397576,0.008110645497574101,0.004413999999999912,0.004413999999999915,0.004413999999999929,0.0010341399999995488,0.001034139999999527,0.0010341399999995388,-0.5757873769663324,9.654117793155677,0.5746503698127026,-0.00287515427466652,0.03947980591288176,0.00002645302673892039,-27.73631368637085,8.99662531375885,15.862688093185424,982.321162109375,-0.0882970584822863,33.19433484356703
2025-03-01T17:43:36Z,39.95852973820694,-75.67093498571812,87.97772432595988,-19.726908970341327,-36.87869417774012,-1.5556707001530061,1.4448721815530634,6.203431302588382,0.6012511769062618,0.0009999999986950012,0.0010000000053862275,0.0009999999963817305,0.0009999999896355685,0.000999999988931475,0.0009999999903995906,0.000054962468766787004,0.000055001007259719204,0.9505808495194633,38.2795905461719,42.1328285908658,0.052249785133006085,0.0005235136099970565,0.0003461855749877371,0.008120282247070239,0.004414999999999915,0.004414999999999915,0.004414999999999929,0.001034149999999548,0.0010341499999995262,0.0010341499999995383,-0.9152975329332647,9.869991667105907,0.4255605159797392,0.003927642941050801,0.05182962235831489,0.005729693765125212,-28.78218870162964,8.289750347137451,14.661563138961792,982.391884765625,0.14498741190125103,33.34804932789655
2025-03-01T17:43:37Z,39.947401475176456,-75.67210968760702,87.86224800398574,-18.07786123221059,-38.573535391293994,-1.3192123409342245,1.4505463374660081,6.210769483708995,0.6496547097030297,0.0009999999986182785,0.0010000000051150774,0.000999999996363466,0.000999999989373481,0.0009999999890936333,0.0009999999902933017,0.00005595760865906336,0.00005600105698120024,1.0395534900871346,38.67741400808595,44.54739559701029,0.059340660909806345,0.0005203606103632099,0.0003460620706755926,0.008129919963731103,0.004415999999999912,0.004415999999999912,0.004415999999999927,0.001034159999999547,0.0010341599999995252,0.0010341599999995387,-0.8861482463895928,9.898538806222001,0.7162976215024492,-0.0004717523691679319,0.04755123193625342,0.007587156375260303,-28.5382511138916,8.670375366210937,13.430250568389893,982.4907958984375,0.18760073171130445,32.71047988200497
2025-03-01T17:43:38Z,39.93498989356065,-75.67342572144338,88.37534188670402,-14.916424999755593,-40.62783602789092,-0.9791543166310737,1.468915536093882,6.219825313106268,0.6966530305610688,0.000999999998823724,0.0010000000048679964,0.000999999996369152,0.0009999999892239466,0.0009999999889337059,0.0009999999905069262,0.000056952965901503453,0.00005700111073740496,1.1331168258767113,38.367927694622715,47.02244327341498,0.06255835279605684,0.0005111570038173205,0.00034502429198491626,0.008139562086498296,0.004416999999999915,0.004416999999999911,0.004416999999999925,0.0010341699999995475,0.0010341699999995258,0.0010341699999995375,-0.8269624993958042,9.894079358413666,0.8197381618090328,0.008600757934535049,0.04583296651685395,0.007715004139236002,-27.60300115585327,8.689500360488891,13.206750478744507,982.3468481445312,0.18627802305642602,31.80956016008132
2025-03-01T17:43:39Z,39.92165314949541,-75.67484698606896,89.65751311228692,-10.336615736383521,-42.707406879381004,-0.5650237774118951,1.4881061248732796,6.233969732319994,0.7409087557571599,0.0009999999989850422,0.0010000000045849763,0.0009999999963901669,0.000999999989063518,0.000999999988869753,0.0009999999905571971,0.0000579488140607075,0.00005800117122342303,1.2162576899977464,37.473591848290496,49.59367052784319,0.06271343921091277,0.0004974817057870055,0.00034399615535764385,0.008149316171531798,0.004417999999999918,0.004417999999999911,0.004417999999999926,0.0010341799999995483,0.0010341799999995264,0.0010341799999995373,-0.7561349481555978,9.884029514625768,0.6573452692757348,0.005882409849502801,0.04314516095945827,0.003988729109061528,-27.618001098632813,8.448937849998474,12.988688011169433,982.1043505859375,0.15882189397548208,31.667670211293668
2025-03-01T17:43:40Z,39.91203226454485,-75.67601950760209,90.93570628338344,-6.325130874131866,-44.243799190261875,-0.2806103451883844,1.5007708087174019,6.25357387026999,0.7814437672841072,0.0009999999989481316,0.0010000000048551452,0.0009999999959451665,0.0009999999890146303,0.0009999999887950835,0.000999999990618404,0.0000589452984760202,0.000059001240600874774,1.2764352507096346,36.200224400994664,52.1766044953682,0.05812170052552375,0.00048181065980264904,0.00034383128531576343,0.008159420553473996,0.00441899999999992,0.004418999999999913,0.004418999999999927,0.0010341899999995493,0.0010341899999995268,0.0010341899999995376,-0.5501331878917249,9.790391005276957,0.735518650090298,0.0019016078509530886,0.040120712885495874,-0.0053010887381714205,-26.530313663482666,9.382687883377075,10.552500400543213,982.1401635742187,0.05768461095427465,30.054027828374124
2025-03-01T17:43:41Z,40.06131616319843,-75.62760200165674,89.2410428643184,-26.103950291093064,-8.898664295131544,-0.4334543084525886,1.4268630643956417,0.002819386234967247,0.7722745565748883,0.0009999999989971406,0.0010000000047971757,0.000999999995840454,0.0009999999888807933,0.0009999999883604418,0.0009999999911970744,3.0815403907890546e-10,3.0815383344399116e-10,0.6256679829278349,0.0085825538423433,0.008583660087222387,0.023275819815366198,0.0001539133822656628,0.00017035881595601416,0.007389176472062719,0.00441999999999992,0.004419999999999911,0.004419999999999927,0.001034199999999548,0.0010341999999995256,0.0010341999999995363,-0.8186673798694933,9.943172135984016,0.32454352096066547,0.018282965120824148,0.04635220139414491,0.007867720257132385,-27.434626026153566,0.8889375539124011,7.744687812030316,981.7974926757812,0.202635812708691,28.52062771185301
2025-03-01T17:43:42Z,40.06115891165466,-75.62770504266929,89.97718913358386,-27.48588751840087,-8.662095065042736,-0.21231073037567771,1.4233044534755057,0.00881610209998928,0.8416367704567744,0.0009999999990291952,0.0010000000048422148,0.000999999995996397,0.0009999999890654154,0.0009999999883535465,0.000999999991398081,1.0003081543009471e-6,1.0003081544478449e-6,0.6978004440115144,0.023456986142536298,0.03346308839740411,0.025601737659932622,0.00016127211914993843,0.00018008879413906268,0.007382386540933516,0.004420999999999921,0.0044209999999999085,0.004420999999999929,0.0010342099999995488,0.0010342099999995262,0.001034209999999537,-0.8615139323530736,9.94227642096368,0.26374032885062837,-0.006860796700502138,0.05515199289921869,0.007056405169978275,-26.921626071929932,11.537437980175019,14.100375499725342,982.0676538085937,0.20352049406169118,32.506979405874986
2025-03-01T17:43:43Z,40.06099519864058,-75.62780482728606,90.9136318161901,-28.591376761727297,-8.326054455394088,-0.18525714209077043,1.425990286324654,0.016341984182461116,0.9002206288040255,0.0009999999992696418,0.0010000000048784935,0.000999999996243392,0.0009999999894247324,0.0009999999881811637,0.0009999999909583602,2.000308155759982e-6,2.0003081586092775e-6,0.7729740904682709,0.06400000583861824,0.09882627157467921,0.02701425858873085,0.0001684963269215086,0.00018874501296857783,0.0073691489972153275,0.004421999999999918,0.00442199999999991,0.004421999999999928,0.001034219999999549,0.0010342199999995266,0.0010342199999995372,-0.6297540396510539,9.725744302109009,0.2855006302523416,-0.001509053741046925,0.04278882365418157,0.004263618204108971,-22.269188289642333,7.49137531042099,12.498188004493713,981.9969702148437,-0.029250242436736743,26.612768534717237
2025-03-01T17:43:44Z,40.060820077747294,-75.6279020665028,91.9721480814533,-29.588090961240017,-8.210847342034208,-0.19557191700514817,1.4317312300920666,0.025902411052174116,0.9617197569552505,0.000999999998971078,0.0010000000048567244,0.0009999999967002717,0.0009999999892143614,0.0009999999881013467,0.000999999991128101,3.0003081577092886e-6,3.0003081732548347e-6,0.8449416368476446,0.12850143773464234,0.2052305961883535,0.02812515025834511,0.00017492592511050294,0.00019704517132713116,0.007350979895874157,0.004422999999999917,0.004422999999999909,0.00442299999999993,0.001034229999999548,0.0010342299999995263,0.0010342299999995372,-0.7981688636881757,9.647219871516118,0.3621108363507008,0.00032938175466250817,0.04434669616296447,0.0027202671509703375,-22.949250869750976,12.735188026428222,12.507937965393067,981.8809692382813,-0.09261183409102104,29.07402080997055
2025-03-01T17:43:45Z,40.06062437543341,-75.62799738279946,93.41332705675711,-30.13810883914568,-7.956516103472003,0.07490789321705787,1.4470576377116628,0.03455675674837756,1.0215908820272588,0.0009999999992104408,0.0010000000044978672,0.000999999996502994,0.0009999999892620405,0.000999999988423708,0.0009999999905124977,4.000308150967507e-6,4.00030820989141e-6,0.9079889862361716,0.21862801454539788,0.3426036991848924,0.027877414889818538,0.00018063015860471393,0.0002051134101880667,0.00733049648214068,0.004423999999999915,0.004423999999999907,0.00442399999999993,0.0010342399999995482,0.0010342399999995263,0.0010342399999995371,-0.530206065154659,9.876924926940564,0.45881421216614127,0.008285144192707714,0.03975486225412171,0.0034185886350121524,-22.688063373565672,13.449750490188599,10.851562938690186,981.634765625,0.12218416139939421,28.520124943281868
2025-03-01T17:43:46Z,40.060421680487146,-75.62809100896018,94.46712312936955,-31.1098496203994,-7.922820939872682,0.175619166422474,1.4575704875068387,0.03825362368151667,1.0908827598459085,0.0009999999987754878,0.0010000000042413944,0.0009999999966420667,0.0009999999892787463,0.0009999999885976006,0.0009999999908515303,5.000308104455535e-6,5.0003082852353715e-6,0.9598389480788159,0.32852154796820754,0.5380476815324868,0.02843259043138044,0.00018453501292543174,0.00021426184893456505,0.007310436765671514,0.004424999999999914,0.0044249999999999064,0.004424999999999928,0.0010342499999995488,0.0010342499999995273,0.0010342499999995381,-0.9084381000664882,9.80757880909788,0.10045567812685686,0.0045486883920274005,0.05715432669180905,0.007032871681672633,-26.218501110076904,11.875875463485718,7.802812819480896,981.8705126953125,0.07046351859808833,29.821587395014813
2025-03-01T17:43:47Z,40.06020034109547,-75.62818431778143,95.49048240204498,-31.873477286482352,-7.877130796643849,0.20756456829029896,1.464530170356091,0.04767584605160047,1.1532323356053966,0.0009999999988814477,0.0010000000042962771,0.0009999999963574858,0.0009999999894319891,0.0009999999887068552,0.0009999999906936457,6.000307945869436e-6,6.000308422085032e-6,1.0008238494858392,0.4560165800617655,0.768239531478977,0.028230443073471626,0.00018770010109318833,0.00022375911279657741,0.007291142945665737,0.004425999999999915,0.004425999999999908,0.004425999999999931,0.0010342599999995494,0.001034259999999528,0.0010342599999995387,-0.804909963178827,9.741867704293433,0.1386466977469858,0.0010103463256445036,0.05289880289349333,-0.0004642413969532036,-24.870938453674317,10.262437853813172,6.951000275611878,981.8245727539063,-0.0035760613686997888,27.788393083798432
2025-03-01T17:43:48Z,40.05996068795845,-75.62827858928298,96.41431010060322,-32.096979113191345,-8.073166233157858,0.1872554514631698,1.4712488193359667,0.05061786301751564,1.2072867143021744,0.0009999999992695314,0.0010000000041083892,0.000999999996102092,0.000999999989201796,0.0009999999887373321,0.000999999990762308,7.00030754121981e-6,7.000308644387037e-6,1.02868405032251,0.5983016402124867,1.0064575692177504,0.02652215288155543,0.00019026749470261656,0.0002335748944976608,0.007274911640623205,0.004426999999999914,0.004426999999999906,0.004426999999999928,0.0010342699999995493,0.0010342699999995278,0.0010342699999995385,-0.8300332922700783,9.646182941432471,0.6342545289048719,0.0011074831901869216,0.04588387118089873,0.004273799576479279,-27.01012607574463,10.969312915802002,5.2957502257823945,981.7823803710937,-0.07702255080743191,29.629625290177902
2025-03-01T17:43:49Z,40.05973048655697,-75.6283743848606,97.05993891886978,-32.148956313730636,-8.175952769579098,0.26817504427010314,1.4812787690875677,0.05196482843155879,1.2526919224411848,0.0009999999993458469,0.0010000000041120586,0.000999999996299213,0.0009999999894663087,0.0009999999891376259,0.0009999999907320133,8.000306674339423e-6,8.000308977170248e-6,1.0421595242906605,0.7588933294642313,1.274082809838434,0.02422709820978767,0.00019264219375583896,0.00024372735469921862,0.007261880967284081,0.004427999999999917,0.004427999999999903,0.004427999999999926,0.0010342799999995484,0.0010342799999995286,0.0010342799999995395,-0.6706765280825218,9.784428594366249,0.764193296592672,0.005977377601887954,0.04095188996783112,0.00383184037690101,-28.82568862915039,10.388625383377075,3.152062636613846,981.8595239257812,0.05752256850796828,30.802211444636452
2025-03-01T17:43:50Z,40.0594089675848,-75.62847232836302,98.24008052128995,-31.96940370482449,-8.360811574131025,0.3287382200434167,1.4855818768392826,0.05232036101591635,1.3057099038858706,0.0009999999994407007,0.0010000000041562962,0.000999999996047973,0.00099999998965546,0.0009999999892118495,0.0009999999904184542,9.000305021145718e-6,9.00030945163966e-6,1.0434201228678497,0.9338455151255116,1.5850201952098566,0.022235809332957046,0.00019465843356607817,0.0002546069745293805,0.007252560939937166,0.004428999999999915,0.004428999999999906,0.004428999999999928,0.0010342899999995474,0.0010342899999995294,0.00103428999999954,-0.7461249661150366,9.708755245840411,0.7233074182457977,-0.0021504617426466423,0.044427977386082854,0.005923134334456561,-29.527501106262207,9.34125035762787,3.5028751378506424,981.5038427734376,-0.015360575869622419,31.167278445011426
2025-03-01T17:43:51Z,40.058977718254866,-75.62857250863782,99.82351490976922,-31.54567451411862,-8.55657739222765,0.4514594146140325,1.4937289939011968,0.06006342428752749,1.3650019739895265,0.000999999999112631,0.001000000004435202,0.0009999999960522538,0.000999999989471886,0.0009999999893077597,0.0009999999905843044,0.000010000302119922105,0.000010000310105214215,1.0358290872555584,1.1267818039047737,1.9406983914731792,0.020439760618692085,0.00019673744188528484,0.000266105806394216,0.007246198003351031,0.004429999999999912,0.004429999999999904,0.004429999999999926,0.0010342999999995478,0.0010342999999995298,0.0010342999999995407,-0.7881987688659995,9.735634659762995,0.7274150900824401,-0.00013460808683587403,0.04920290393258164,-0.0009287323843100127,-30.4050012588501,9.890625367164612,2.4305626007542016,981.1680786132813,0.0149924726089549,32.065447861926685
2025-03-01T17:43:52Z,40.05860658788137,-75.62867394400664,100.97093877450985,-31.484870455017536,-8.700933292786708,0.4368897154036985,1.5062052441826677,0.058056474720162496,1.4180584124123787,0.0009999999988779004,0.0010000000046302862,0.0009999999958634556,0.0009999999896506354,0.0009999999895029083,0.0009999999907642032,0.000011000297338793247,0.000011000310982004552,1.0227511727705871,1.3362465284472418,2.3500905460069546,0.019192539197777688,0.00019907954581880577,0.0002777261988311331,0.007243125078526114,0.004430999999999913,0.0044309999999999055,0.004430999999999927,0.0010343099999995482,0.00103430999999953,0.0010343099999995413,-0.7864342196036234,9.677418456526526,0.4407699769629161,0.006468072036274703,0.04698042380602636,0.006856121702664932,-28.548188591003417,10.00293788909912,0.9022500398382545,981.261357421875,-0.06020888669712254,30.263324617594698
2025-03-01T17:43:53Z,40.05817985838471,-75.62877459700896,102.17044994093249,-31.350926237962994,-8.492951960194354,0.5206036379806624,1.5112279121491605,0.05721522491400304,1.4634701959176721,0.000999999998993796,0.0010000000047561983,0.0009999999956520826,0.0009999999896351322,0.0009999999895867232,0.0009999999903821783,0.000012000289836736319,0.000012000312133304302,1.0064837932898292,1.5678381899232536,2.811528629248407,0.017936748216478757,0.00020227479306520762,0.00028907473410646735,0.007242247377601064,0.004431999999999913,0.004431999999999905,0.004431999999999927,0.0010343199999995481,0.00103431999999953,0.0010343199999995408,-0.4187868355830465,9.802274766599476,0.354015123639667,-0.000531670364213593,0.03978540541893288,0.004681042634649382,-27.37406364440918,7.902562808990479,-0.09600000526756049,981.1062109375,0.03805112058276593,28.49203711512284
2025-03-01T17:43:54Z,40.05762873255929,-75.62887215923016,103.62772907259361,-31.04675292765371,-8.243558710526385,0.6475619696503904,1.5183779035082952,0.06434753635927463,1.5112402654015773,0.000999999998754544,0.0010000000051115893,0.000999999995854668,0.0009999999895211502,0.000999999989881144,0.0009999999905057617,0.000013000278509338809,0.00001300031361496852,0.987964160710989,1.8244985754943366,3.324007920291601,0.01682542340965301,0.00020602826178108918,0.00030058639473040666,0.007243651105305509,0.004432999999999914,0.004432999999999907,0.004432999999999928,0.0010343299999995472,0.0010343299999995292,0.00103432999999954,-0.4046024929792864,9.831422053222903,0.372201875905961,0.0007299488763779934,0.042013392492366144,-0.0033983952308989634,-26.52787607192993,7.922812838554382,-1.0835625440254808,980.8518310546875,0.06720644161757724,27.70686671921645
2025-03-01T17:43:55Z,40.057256815111565,-75.62896865896958,104.65894764549459,-31.152651487117172,-8.265367102276437,0.6743626646958112,1.5202209378539904,0.06115938689091764,1.5622960019271168,0.000999999998784052,0.00100000000495665,0.0009999999954780098,0.0009999999893056306,0.0009999999899582884,0.000999999990919099,0.000014000261960195982,0.000014000315491127431,0.9690323068034714,2.104296837538997,3.8951193568109845,0.016185985541059073,0.00020978311681422814,0.0003123369110930162,0.007247600536812969,0.004433999999999915,0.004433999999999907,0.00443399999999993,0.001034339999999546,0.001034339999999529,0.0010343399999995398,-0.6658457731418275,9.776751302714004,0.19421444564478876,-0.002842775563707963,0.04840877960415715,0.006198023223984227,-25.69612621307373,7.5453753089904785,-1.9515000686049462,980.9782836914062,0.021749914093161248,26.851987147886824
2025-03-01T17:43:56Z,40.0569413499337,-75.62906530202469,105.60177316747236,-31.293731858696816,-8.243452135709763,0.779282966122864,1.5289696533021335,0.06179007073737392,1.6096491268564732,0.0009999999989402846,0.0010000000049531633,0.0009999999954474724,0.0009999999891204669,0.0009999999900598298,0.0009999999904920253,0.000015000238483943067,0.000015000317834067854,0.9509582467959817,2.414445677037691,4.526378680697195,0.015609997833313018,0.0002143657670724268,0.0003237532871486404,0.007253101700504299,0.004434999999999916,0.004434999999999909,0.004434999999999933,0.0010343499999995467,0.0010343499999995287,0.0010343499999995393,-0.5931837190076347,9.87437844180565,0.19194126907350073,0.004975959711089217,0.046009049009718216,0.0017488913553252842,-24.520313568115235,8.590125384330749,-2.351250098347664,980.9444018554688,0.11446451730572686,26.08757859017846
2025-03-01T17:43:57Z,40.0567232504716,-75.62916197571232,106.38824031771577,-31.501313534422003,-8.241478146121233,0.6902817519506002,1.5334715720398864,0.058825736260415304,1.6555551463595735,0.0009999999991098564,0.0010000000051496225,0.0009999999952169179,0.0009999999892617087,0.000999999990219375,0.0009999999905017161,0.000016000206015306996,0.000016000320719146617,0.9338709465745191,2.7455510219219934,5.203030724127746,0.015118427675638164,0.0002195162885034599,0.0003348408780813682,0.0072598520625552386,0.0044359999999999174,0.00443599999999991,0.004435999999999934,0.0010343599999995475,0.0010343599999995292,0.00103435999999954,-0.5715901334723396,9.697933921871547,0.14794340035090592,0.0015249078471723315,0.04538499847714773,0.0048541205767937395,-23.93625093460083,10.334625363349915,-2.4245625934004784,980.9377026367188,-0.0636889494182534,26.184431103452066
2025-03-01T17:43:58Z,40.05632614067001,-75.62925835954812,107.34361724569462,-31.433639344426382,-8.240290510902197,0.7373606175415914,1.5387031473302717,0.05730089203692912,1.7005562728820982,0.0009999999992816254,0.001000000005051139,0.0009999999951085005,0.0009999999890074583,0.0009999999901431967,0.0009999999901062762,0.00001700016207444929,0.000017000324227227812,0.9175544956740666,3.111456881493973,5.942555665658027,0.01454429073719447,0.00022541843384075853,0.00034551119253867685,0.007267623560960338,0.0044369999999999184,0.004436999999999911,0.004436999999999935,0.0010343699999995474,0.0010343699999995292,0.00103436999999954,-0.573442941335692,9.8113275438893,0.2597379057570073,0.0016572618440152003,0.04373566413418717,0.0031844236274393076,-23.27625087738037,8.224875359535217,-3.7410001492500307,980.721806640625,0.05192413943735915,24.96847960046433
2025-03-01T17:43:59Z,40.055866182558525,-75.62935556351819,108.33127413608544,-31.364553313867322,-8.403299738023467,0.7071866556562395,1.5450375780256649,0.053282573844804296,1.7508087462498203,0.0009999999991537549,0.0010000000046956174,0.0009999999952235476,0.0009999999887384294,0.0009999999899079045,0.000999999989955074,0.000018000103742280026,0.000018000328448398616,0.9020381389919446,3.5046135077727736,6.739695630186924,0.014126365422813298,0.0002319751819381163,0.00035574771600405266,0.007276158592102695,0.0044379999999999194,0.004437999999999912,0.004437999999999937,0.001034379999999546,0.001034379999999528,0.0010343799999995389,-0.6997826609671505,9.72778535848644,0.15684783604982913,0.0025124725388499143,0.0489632310709382,0.005524235989055222,-22.59431324005127,8.332125396728516,-4.584750163555145,980.59033203125,-0.025376302549712473,24.51417440030911
2025-03-01T17:44:00Z,40.05548302660155,-75.62945409518069,109.18038853780584,-31.060695633878762,-8.459127029861559,0.6594671611765864,1.548628826386928,0.05686103697715806,1.7961166112970488,0.0009999999992809656,0.0010000000044395432,0.0009999999953770853,0.0009999999885391304,0.000999999989889385,0.0009999999897908356,0.000019000027544512567,0.000019000333475319926,0.8868367647126274,3.9334457694430456,7.592717586921265,0.013488541033707023,0.00023956894058128263,0.00036543901289231017,0.007285805422669171,0.004438999999999921,0.004438999999999909,0.004438999999999939,0.0010343899999995464,0.0010343899999995284,0.0010343899999995393,-0.6417181533821157,9.716571798955671,0.41523149939979925,0.0004558947427900058,0.04469268568244573,-0.002466075326748517,-22.499250755310058,7.339312791824341,-5.520750217437744,980.5446215820313,-0.032962736940789744,24.301399331262974
2025-03-01T17:44:01Z,40.055231894814185,-75.62955421841023,109.8801350419318,-30.79782795005538,-8.639502586955512,0.6387874266567048,1.559736470083533,0.05813810801785175,1.8443861475401164,0.0009999999994507447,0.001000000004382139,0.0009999999956008972,0.0009999999883671196,0.0009999999898995659,0.0009999999899341632,0.000019999929273801707,0.000020000339408486764,0.8714950688642398,4.403217525178684,8.518714842421588,0.01302564425115571,0.000248057957839316,0.00037453050065673925,0.007295900707589958,0.004439999999999919,0.004439999999999911,0.004439999999999941,0.0010343999999995468,0.0010343999999995288,0.0010343999999995396,-0.7987905997266429,9.747869364374441,0.34309574076201693,0.0081404398296466,0.04802189851177011,-0.0004341986534409769,-21.834188251495362,7.407000303268433,-6.065625200271606,980.5275366210938,0.007030053700194576,23.840822462282887
2025-03-01T17:44:02Z,40.05521106546644,-75.62965445629042,110.37427098874188,-30.443119932276804,-8.345220027999416,0.5414508042815444,1.567826770770379,0.06547642513680697,1.876979740631293,0.0009999999993082608,0.0010000000041532242,0.0009999999954403975,0.0009999999879939814,0.000999999989853481,0.0009999999896954663,0.000020999803781168807,0.00002100034635872655,0.8559118938578041,4.918178682896052,9.510106943287555,0.012494695259166577,0.0002572228585642936,0.00038354843709979244,0.007306836908007099,0.004440999999999918,0.004440999999999911,0.004440999999999941,0.0010344099999995463,0.0010344099999995283,0.0010344099999995391,-0.4290360904206306,9.70680117511311,0.5584419346390201,0.006381282055809744,0.032821546577781975,-0.007037379921204604,-20.879625759124757,7.529625291824341,-6.6712502670288085,980.5557836914063,-0.0472445613441297,23.17665318872756
2025-03-01T17:44:03Z,40.056245413730615,-75.62975409628275,110.18339406435405,-30.230020071168102,-7.998133785701973,0.3709234184552487,1.5691433991635033,0.0733108592293521,1.9021282979360379,0.0009999999995361551,0.001000000004229725,0.0009999999954252382,0.0009999999881593192,0.0009999999898237086,0.0009999999895516454,0.000021999644470379072,0.000022000354441020356,0.839774948535238,5.485897743047893,10.579000468530063,0.01224869990893945,0.0002669824596484952,0.00039252167810846007,0.007318252504204486,0.004441999999999916,0.004441999999999912,0.004441999999999938,0.0010344199999995462,0.0010344199999995285,0.0010344199999995393,-0.4766532580895262,9.680878916418374,0.7294888694903153,0.001443459153074173,0.02670271789118505,-0.007526072020524258,-20.126063346862793,6.895687794685363,-6.713625288009643,980.91220703125,-0.059574533347145686,22.30872996701256
2025-03-01T17:44:04Z,40.05678228863376,-75.62984035324543,110.09381627814703,-29.95300103837154,-6.681460274035577,0.10797192396787456,1.5679138169870195,0.0906463274579132,1.8980772591824708,0.0009999999996368769,0.0010000000040486289,0.0009999999952918252,0.0009999999878981818,0.0009999999897020635,0.0009999999899171668,0.000022999443039525833,0.000023000363787022143,0.8241041399279568,6.133818297623213,11.715592884686512,0.013119288246080696,0.0002766642074962219,0.00040257493617195105,0.007330646333102564,0.004442999999999916,0.00444299999999991,0.004442999999999938,0.0010344299999995462,0.001034429999999528,0.0010344299999995388,0.3245023332164666,9.628895116457853,0.8919935644319623,-0.0001512989870010058,-0.0034209271699288677,-0.01709778894807182,-19.505063228607177,7.811437792778015,-7.301250305175781,980.7349829101563,-0.10416895459676023,22.243472004438306
2025-03-01T17:44:05Z,40.055434900286,-75.629920065588,110.69594749737938,-29.28050925886338,-5.737704296197442,0.12264542771002908,1.5749379056345503,0.09938418141328834,1.906059995944015,0.000999999999871623,0.0010000000038109668,0.0009999999949747017,0.000999999987947979,0.0009999999900462927,0.000999999990085155,0.000023999189791931315,0.000024000374534460605,0.8117016511552717,6.8644159274601835,12.95787310915981,0.014748145227678786,0.00028705561836587053,0.0004120115992836861,0.007342762232432109,0.004443999999999918,0.004443999999999912,0.004443999999999937,0.0010344399999995466,0.0010344399999995266,0.0010344399999995374,-0.13527722587524302,9.812404369350201,0.7352316521552597,0.005475166489908059,0.007419753099457032,-0.009297579810805904,-20.02406332015991,5.731875231266022,-6.911250314712524,980.155126953125,0.06100855999481639,21.944946016266204
2025-03-01T17:44:06Z,40.05438990154731,-75.62999391019156,111.07437211455655,-28.818885078440733,-4.778041745007255,-0.016035923582662436,1.572524997139922,0.11254629771772359,1.911568042237055,0.00099999999987117,0.0010000000038089532,0.0009999999950419428,0.0009999999881973385,0.000999999990240637,0.0009999999900467105,0.000024998874746302425,0.000025000386792430585,0.8057439792898938,7.666635190797075,14.24912573120383,0.01723982811504149,0.0002980711894576613,0.0004210734766273474,0.007355946287838359,0.0044449999999999195,0.004444999999999912,0.004444999999999936,0.001034449999999546,0.0010344499999995252,0.001034449999999536,-0.1364494469208489,9.681184172454525,0.6396096119300684,-0.003255693222720341,0.005461647467681236,-0.01383316721016549,-18.236438312530517,6.402562751770019,-6.852375268936157,980.2102758789063,-0.07668419427745221,20.506424710887806
2025-03-01T17:44:07Z,40.05412599573076,-75.63004501306213,111.02216042887329,-28.576900909177173,-3.461533987019121,-0.16640093452284818,1.5762727391078697,0.11891711123292119,1.9073538889283188,0.000999999999719676,0.0010000000041414257,0.0009999999951602401,0.0009999999883821826,0.000999999990091577,0.0009999999898949972,0.000025998488933444127,0.00002600040059467889,0.8096312000480315,8.574922234340608,15.582507313024507,0.02135581044907477,0.00030831455834735394,0.00042961180613349073,0.007366688530664877,0.004445999999999918,0.004445999999999914,0.004445999999999939,0.0010344599999995451,0.0010344599999995265,0.0010344599999995352,0.06727520647409527,9.72841632270432,0.6327390778713459,0.004222893626745492,-0.00419685912491222,-0.006436696468910879,-17.388375692367553,6.381000256538391,-6.631875283718109,980.3984912109376,-0.0308730254436207,19.67365099340556
2025-03-01T17:44:08Z,40.053017168153445,-75.63011441537441,111.08199357636286,-28.090956811161828,-2.5159915354157354,-0.31015917898332185,1.5747646801777686,0.12665552856122478,1.9081268106674112,0.0009999999998122051,0.0010000000043910338,0.0009999999949988807,0.000999999988563985,0.0009999999898283715,0.0009999999900057058,0.000026998026520178246,0.000027000415842780023,0.8265282448962309,9.558660493238445,16.92536505193067,0.026022891526801813,0.00031877150090265895,0.00043618299729449977,0.007377281659301195,0.004446999999999917,0.004446999999999917,0.00444699999999994,0.0010344699999995446,0.0010344699999995256,0.0010344699999995358,-0.1782283923343746,9.685824019745818,0.7599973535067681,-0.0013054324576557924,0.0016368993433556493,-0.009114320621422022,-18.668438186645506,7.768875296115875,-6.805875253677368,980.2304028320312,-0.06294741330228368,21.33503637083372
2025-03-01T17:44:09Z,40.050842788361464,-75.63024048747148,111.33244185003046,-27.61097420859929,-1.9484357791607838,-0.39591610544048295,1.5663661431376144,0.12467229568359324,1.9009545991156287,0.0010000000000715788,0.001000000004256622,0.000999999994995486,0.0009999999888287165,0.0009999999896723047,0.0009999999903527342,0.000027997487993650842,0.00002800043225695799,0.8585616302507385,10.645916940232489,18.20671828970171,0.0318188810087396,0.0003277130368998942,0.00044036825309773267,0.007383807253579857,0.004447999999999915,0.004447999999999915,0.004447999999999937,0.001034479999999545,0.001034479999999526,0.0010344799999995368,-0.09518306658483705,9.711898559253243,0.8317807341217928,-0.006340059942458392,-0.00429216028935865,-0.0016759569586360175,-17.98912582397461,6.216937773227691,-6.967500286102295,980.024912109375,-0.032318281701002635,20.26827479553494
2025-03-01T17:44:10Z,40.049437294362185,-75.63033973972448,111.23873071893425,-27.3140500099003,-0.8608612270300031,-0.5470435369777161,1.5691739628392933,0.12840795541625347,1.8745513527592677,0.0010000000002614686,0.0010000000039513482,0.0009999999951996587,0.0009999999890156533,0.0009999999894526308,0.000999999990188499,0.0000289968847663515,0.00002900044929737737,0.9086556538507655,11.874686509037133,19.31238306563729,0.040001328932234105,0.00033551526502817366,0.0004411789363675217,0.0073867914011307035,0.0044489999999999166,0.004448999999999916,0.004448999999999939,0.001034489999999544,0.001034489999999526,0.0010344899999995367,0.30516165627718267,9.71716998322379,0.8403563257754224,0.007124501106324671,-0.023917610260487488,-0.006589412488485361,-18.58912582397461,6.539062762260437,-6.190875260829926,980.184462890625,-0.02214131809622054,20.655260290286197
2025-03-01T17:44:11Z,40.048636578058506,-75.6303976992075,110.75352903188941,-26.869244306667465,0.7262351324859835,-0.8448573249668819,1.5602733559296955,0.13364361308604591,1.839414822758171,0.0010000000002668308,0.0010000000037762948,0.0009999999953067063,0.0009999999889523218,0.0009999999893720427,0.0009999999901063278,0.00002999624296902448,0.00003000046608257821,0.979740388422765,13.248985109636301,20.129079657448127,0.05062403033861665,0.0003426460989408021,0.0004361159855308617,0.007385062472223973,0.0044499999999999176,0.0044499999999999176,0.00444999999999994,0.0010344999999995445,0.0010344999999995265,0.001034499999999537,0.5395033275970987,9.622736553500866,1.0675325979196268,-0.0036963173729435373,-0.03334328726801479,-0.007223810651284074,-19.799250812530516,5.599125227928162,-5.878500258326531,980.3450537109375,-0.08373675235535004,21.398951521559905
2025-03-01T17:44:12Z,40.047429237796194,-75.63049929307344,110.21744456625422,-26.572438857838314,2.0102088574440526,-0.9741233093765448,1.5560807296891468,0.13162222532948403,1.7988482367097658,0.000999999999835422,0.0010000000038510534,0.000999999995294531,0.000999999989051497,0.000999999989556093,0.0009999999898837335,0.00003099560393280732,0.00003100048150971381,1.0705742393384803,14.78517645808209,20.548888834178335,0.06142428886175731,0.0003493142888098342,0.00042323529894996764,0.007377692633436835,0.004450999999999918,0.004450999999999918,0.00445099999999994,0.0010345099999995453,0.0010345099999995273,0.001034509999999538,0.6732575377339624,9.775196002956429,0.9726794213500861,0.002278307744173671,-0.037346454362544815,-0.001977383509163515,-19.511625804901122,5.037375221252441,-5.8316252279281615,980.3419946289063,0.06584520322178479,20.978188938583827
2025-03-01T17:44:13Z,40.04582910359914,-75.63067454501353,109.75391002279106,-26.21787776128646,2.6573492954485074,-1.1279157168267506,1.544012542221837,0.13094974220537323,1.7585768879477621,0.000999999999959205,0.0010000000036133176,0.0009999999955649106,0.0009999999892054013,0.0009999999897539501,0.0009999999900905418,0.00003199501600290106,0.00003200049460332715,1.1723581003274668,16.424571057477962,20.484962190619708,0.06987211555002677,0.0003569237059950744,0.00040222749145880904,0.0073671532052395185,0.00445199999999992,0.00445199999999992,0.004451999999999943,0.0010345199999995456,0.0010345199999995274,0.0010345199999995383,0.6237659966972129,9.686541890140498,1.046019426183979,-0.005188429606725633,-0.035215938310443326,-0.0058819111757438805,-19.984125785827636,5.849437737464905,-5.317500209808349,980.3245922851562,-0.017934970741347304,21.490808019996365
2025-03-01T17:44:14Z,40.04378979624824,-75.6309732917754,109.50849505094199,-26.122441764224927,2.4431411510185534,-1.1876663182666567,1.532676799454926,0.12178111106188066,1.7106747343070994,0.0009999999997139044,0.00100000000381648,0.0009999999957899367,0.000999999989257478,0.0009999999896600287,0.0009999999902532105,0.000032994519188596245,0.00003300050491304039,1.2712852595992448,18.17805456686051,19.94443877939133,0.07475629241312794,0.0003656943911212616,0.00037409567112476336,0.007353623282725181,0.00445299999999992,0.00445299999999992,0.004452999999999946,0.0010345299999995452,0.001034529999999527,0.0010345299999995378,0.665420721510069,9.705308544655612,0.8536299403119664,-0.0031583887097202733,-0.04056367516796884,-0.001203621662789777,-20.22056327819824,5.9636252498626705,-4.7647501921653745,980.25470703125,-0.015239708078633268,21.6133443269157
2025-03-01T17:44:15Z,40.04105885461315,-75.63150977156953,109.87069328436786,-26.159869315003256,0.6614932583343771,-1.1348801853597603,1.530662646743835,0.10696557889801141,1.6683901541164676,0.0009999999998511733,0.0010000000037790329,0.000999999995841059,0.000999999989447118,0.0009999999896791272,0.000999999990349808,0.00003399413219082924,0.00003400051268475752,1.3538510450818408,20.00706724708598,19.047656608215284,0.07537531601507877,0.00037540371229568425,0.0003427479243464868,0.0073406573820699395,0.004453999999999919,0.004453999999999919,0.004453999999999947,0.0010345399999995455,0.0010345399999995273,0.0010345399999995382,0.6297879294426868,9.670390318866728,0.737664348070684,0.005729694206367821,-0.031085090234780247,-0.001071267400880933,-20.585063171386718,5.373000197410583,-4.276500163078308,980.0282666015624,-0.061603274413271646,21.70023513593883
2025-03-01T17:44:16Z,40.03835370227806,-75.6321972164167,110.75479768230814,-26.31809323385138,-1.9042985726286217,-0.8676945709775847,1.5249577449658749,0.0881101493395309,1.6178575719066066,0.0010000000000235376,0.001000000003763197,0.0009999999956206984,0.000999999989367545,0.0009999999899689058,0.0009999999901611843,0.00003499385013875501,0.000035000518677938493,1.4119949349884067,21.947090278985325,17.966001886861587,0.07310252973842696,0.00038733310641865054,0.0003099890147926726,0.0073292421598728326,0.004454999999999918,0.004454999999999922,0.004454999999999946,0.001034549999999545,0.001034549999999527,0.0010345499999995379,0.7031567113007702,9.806238625694622,0.5629216118213156,0.0019917351556666277,-0.03792978009652559,-0.00004364596070141136,-20.79112575531006,5.811187734603882,-3.9669376516342165,979.8374877929688,0.06728922334965165,21.94937758907673
2025-03-01T17:44:17Z,40.03616384466763,-75.6329098911097,111.85459399065657,-26.28452089122078,-4.234704100090261,-0.7573716843323639,1.5163006177812133,0.08022913433120495,1.5593270517679543,0.0010000000002836577,0.0010000000037854943,0.0009999999956169408,0.0009999999892940428,0.0009999999900244794,0.0009999999899578684,0.00003599365409652621,0.00003600052373198862,1.4465155464017765,24.015835977148615,16.817146663725953,0.07045233366314674,0.00040244025815190497,0.0002778226043664615,0.007320562936947003,0.00445599999999992,0.004455999999999919,0.004455999999999948,0.0010345599999995443,0.0010345599999995263,0.0010345599999995372,0.9559695374617738,9.647379333810221,0.658820841940153,-0.0019672036210542252,-0.04642797754757341,-0.01100800185512656,-20.76731327056885,6.072562744617462,-2.948062628507614,979.7222900390625,-0.06298355807209546,21.836807749100036
2025-03-01T17:44:18Z,40.034550631251996,-75.63358151195654,112.90918955435262,-26.373234185430867,-6.237547080659716,-0.6699487817676335,1.5112527602873491,0.06650040667270321,1.5080035204677973,0.0010000000003164524,0.001000000003722487,0.0009999999956720653,0.000999999989281427,0.000999999990010704,0.0009999999902769185,0.000036993520589358456,0.00003700052856459085,1.460604134037307,26.13798651097495,15.696791218213608,0.06592561393630376,0.00041698393077282015,0.00024963880892767663,0.00731512221446732,0.004456999999999917,0.004456999999999917,0.004456999999999947,0.0010345699999995434,0.0010345699999995254,0.0010345699999995362,0.8905029549815711,9.651999533977788,0.419979879800888,-0.0006520070267318886,-0.04157494033328973,-0.0030078424975758127,-21.536813259124756,5.569125208854675,-2.173312577009201,979.6539038085938,-0.07766561140208916,22.351073730798866
2025-03-01T17:44:19Z,40.033670554254115,-75.63404290668224,113.4235190553488,-26.312495423215076,-7.083732635924752,-0.5840789495416088,1.505734026374266,0.05883930269114129,1.4652830099971024,0.001000000000451305,0.0010000000035324695,0.0009999999958595434,0.0009999999894315203,0.000999999989993477,0.000999999990294821,0.000037993427209340156,0.00003800053376217417,1.456372521397617,28.28602295807679,14.69444440077328,0.06003691477399181,0.0004309359466196648,0.00022637623980312552,0.00731280189955746,0.004457999999999918,0.004457999999999918,0.004457999999999947,0.0010345799999995444,0.0010345799999995245,0.001034579999999537,0.7498677526063536,9.745245781576884,0.5051218646786304,-0.00301585372458928,-0.037010478548223515,-0.0033111052325863876,-22.50450080871582,6.310500273704529,-1.2105000393465162,979.7882568359375,0.007438445540769876,23.403801019047062
2025-03-01T17:44:20Z,40.032694446863225,-75.63467064756567,114.47414248818622,-25.716871762098926,-8.845568053194645,-0.5877323447396481,1.5037066718730072,0.046567678452645825,1.4163818958830872,0.0010000000004920658,0.0010000000035177274,0.0009999999960509894,0.0009999999896373399,0.000999999990019366,0.0009999999903342453,0.000038993356741637964,0.00003900053974477373,1.4383215021423446,30.46359099991461,13.830585371549258,0.05425331232796165,0.0004445297911150334,0.00020752668419311834,0.007313123911521292,0.004458999999999916,0.0044589999999999205,0.00445899999999995,0.0010345899999995444,0.0010345899999995235,0.0010345899999995374,0.7905058488953071,9.54249392254794,0.9200373111421047,-0.00039931598623526394,-0.041693775624274794,-0.0021300999341338387,-21.82893823623657,6.0705002546310425,-0.7786875323578716,979.5048779296875,-0.16018065444788543,22.670632282953786
2025-03-01T17:44:21Z,40.03194085238005,-75.63524576925182,115.32971916886164,-25.388965791200867,-10.206397478743618,-0.6211509250690804,1.4955824549224779,0.04225184905600047,1.3743784339283096,0.0010000000004804974,0.0010000000033882825,0.0009999999957954683,0.0009999999897662795,0.0009999999901623437,0.0009999999902276797,0.000039993298108562725,0.000040000546750572,1.411351861875731,32.70989079927228,13.095922436123134,0.049116261163580754,0.00045689530573980584,0.0001938383111197715,0.00731559080660046,0.004459999999999915,0.004459999999999923,0.004459999999999953,0.0010345999999995432,0.0010345999999995226,0.001034599999999537,0.7743922228589619,9.562327593878058,0.6200747667872065,-0.007611859843032036,-0.03580677471665117,-0.007979881410676466,-22.272188243865966,6.614062786102295,0.02643749825656415,979.4498388671875,-0.16565969997816,23.233478720083536
2025-03-01T17:44:22Z,40.031584817719164,-75.63553551784365,115.22931502186974,-24.716742099018514,-10.188562360759143,-0.6826915221639575,1.4923241400168172,0.04139294092863897,1.3320443364068657,0.0010000000006276627,0.0010000000035290423,0.0009999999958912949,0.0009999999895376668,0.000999999989926237,0.0009999999900972738,0.000040993244142483674,0.000041000554927639926,1.3780722030552524,34.94963868986261,12.52938694299742,0.04368459436275103,0.00046813985086838585,0.00018430721027952714,0.007319849881427489,0.004460999999999916,0.004460999999999926,0.0044609999999999555,0.0010346099999995442,0.0010346099999995234,0.0010346099999995369,0.6388407807568871,9.638565761880665,1.1223903556948973,-0.00214028123736223,-0.040105526724461035,-0.0056527532045019015,-23.355938301086425,6.859312787055969,1.047750038653612,979.7485986328124,-0.05460539242539418,24.364837980006023
2025-03-01T17:44:23Z,40.03104578591765,-75.6359921429589,115.62047379400133,-24.15639337164961,-10.786841553861448,-0.7594953735716983,1.4920967028112622,0.03709612297595544,1.284029647007229,0.0010000000006966077,0.0010000000036833089,0.0009999999961678638,0.000999999989445833,0.0009999999899525586,0.000999999990329096,0.00004199319065950437,0.000042000564334483594,1.342325459554581,37.37856160590466,12.076858598802543,0.04030010480198375,0.000478015481207637,0.0001787716565647224,0.0073254673638798,0.004461999999999915,0.004461999999999928,0.004461999999999958,0.0010346199999995433,0.0010346199999995227,0.0010346199999995362,0.856179670594005,9.57131050240836,0.8373116840013763,0.00012909906193040496,-0.04419865470050093,-0.0057467196734498115,-22.452375774383544,7.918875360488892,1.619062569886446,979.5046020507813,-0.13330021044606571,23.862872906137518
2025-03-01T17:44:24Z,40.03063633955802,-75.63632478689902,115.54530907297215,-23.72832143878416,-10.860706721505569,-0.8008646294278566,1.4873008770087262,0.03524334453864293,1.2421757553488029,0.001000000000528317,0.0010000000034698676,0.0009999999958885753,0.0009999999894522997,0.0009999999902031123,0.0009999999906496078,0.00004299313501540858,0.000043000574954854216,1.3069799236204118,39.843708461821336,11.740441756863692,0.03697792883864306,0.00048643655632026007,0.00017677083516701934,0.007332150616503727,0.004462999999999916,0.004462999999999926,0.004462999999999956,0.0010346299999995437,0.0010346299999995229,0.0010346299999995363,0.7002166728413839,9.664368382132343,0.799718217657365,-0.0043393950503482935,-0.039576111061307546,-0.005296415808524578,-23.184188346862793,6.80006278514862,1.9906875720620156,979.6446606445312,-0.056579742102545426,24.242685833905224
2025-03-01T17:44:25Z,40.03025354060014,-75.63661193968174,115.29754353468056,-23.26220908440601,-10.65429999904976,-0.8290891224641126,1.5009542284308042,0.03218987600378246,1.1984288625482131,0.0010000000006714627,0.001000000003640152,0.0009999999957773092,0.0009999999894264359,0.0009999999903452475,0.0009999999908372012,0.000043993074640288854,0.00004400058676780779,1.2727568055551175,42.43398196228965,11.507787359065185,0.034491654431945025,0.0004933145040119878,0.0001779002358036439,0.00733963481812847,0.004463999999999913,0.004463999999999929,0.004463999999999953,0.001034639999999544,0.0010346399999995224,0.0010346399999995367,0.7780631776321052,9.702454200423267,0.764503845461099,0.014241076194673926,-0.042213010154413665,-0.0031991131190459684,-22.420875911712645,6.734062767028808,1.5669375659525395,979.7155297851563,-0.015667326015889365,23.46265515373703
2025-03-01T17:44:26Z,40.02976331182612,-75.63693242274013,115.12008345045955,-22.555401473257692,-10.893651017148375,-0.9358356945763011,1.497597433759634,0.031590584200438226,1.155800126114925,0.001000000000940952,0.0010000000032129807,0.000999999995890156,0.0009999999893554937,0.0009999999902442964,0.0009999999910822186,0.000044993006288149296,0.00004500059979378983,1.2397483480720577,44.96525826653029,11.374955430930635,0.03192032583726522,0.0004990670775465435,0.00018162150794410597,0.007347734410491124,0.004464999999999914,0.00446499999999993,0.0044649999999999525,0.0010346499999995449,0.0010346499999995232,0.0010346499999995366,0.6256841820861964,9.584372901350038,1.002298759678418,-0.0031154947872036975,-0.040713720796654675,-0.005947002866822265,-24.8010009765625,-1.8268126017972823,2.513062615096569,979.6772143554688,-0.12228535917417194,24.994796203564935
2025-03-01T17:44:27Z,40.02919371352756,-75.6372509168474,114.951804625566,-22.22766854536547,-11.150313992664032,-0.8222759684243081,1.4993361369515406,0.0231941637646678,1.1225202765454532,0.0010000000011813192,0.001000000003511394,0.000999999996089195,0.0009999999893570135,0.000999999990024286,0.0009999999913561646,0.000045992925277703844,0.00004600061407464277,1.2075511767851979,47.62092785986601,11.319160459823536,0.029557211751215562,0.0005045781043473164,0.00018648426167755094,0.007356265726155389,0.004465999999999913,0.0044659999999999275,0.00446599999999995,0.0010346599999995437,0.001034659999999524,0.0010346599999995357,0.48330730054681775,9.821098286943402,0.7037261495184274,0.0015961754930635126,-0.03209301734943086,0.002532834313414432,-23.169938488006594,7.9239377641677855,8.082375309467317,979.6857397460938,0.07894831472086546,25.7867603476591
2025-03-01T17:44:28Z,40.028563228352915,-75.63755169235304,114.75682619479065,-21.625795133737622,-11.020417385624508,-0.8975875015090783,1.5024809586416497,0.02006536090817765,1.074887108752709,0.0010000000011092965,0.00100000000345415,0.000999999996117838,0.000999999989387,0.000999999989798477,0.0009999999910953105,0.00004699282685547224,0.000047000629615459463,1.1784336190227171,50.48139554466453,11.351544347669895,0.02881008343627615,0.0005073516227489759,0.00019507713948013568,0.007365160053709507,0.004466999999999915,0.004466999999999929,0.004466999999999952,0.0010346699999995443,0.0010346699999995226,0.0010346699999995343,0.9465577696535343,9.638976407657301,0.7945154685617493,0.003273550246309321,-0.0463116461595949,-0.0033833741404733445,-24.423563537597655,6.349500248432159,4.783687689304352,979.7182373046875,-0.06131977588998178,25.684775002396066
2025-03-01T17:44:29Z,40.02683581400679,-75.63813203576201,115.76444359096575,-21.108824608046994,-12.34483018641674,-0.6968678620569972,1.5054236117559867,0.014971821454958541,1.0250670843116327,0.0010000000011714642,0.0010000000034039683,0.0009999999963450287,0.000999999989188821,0.0009999999896283067,0.0009999999910200732,0.000047992706325686074,0.000048000646446921134,1.1541201590121635,53.42501690496808,11.478041069055948,0.028543005433529584,0.0005087678641087886,0.0002056400058363352,0.007374358140600447,0.004467999999999916,0.00446799999999993,0.004467999999999952,0.0010346799999995451,0.0010346799999995237,0.0010346799999995343,0.957843910700774,9.76183601124736,0.90966841928987,0.001647080903930853,-0.046417796432820915,-0.006986474977128191,-23.98706340789795,5.54587522983551,5.832187747955322,979.1210766601563,0.07175914400541071,25.301141983974276
2025-03-01T17:44:30Z,40.02492845702231,-75.63867358187025,116.78763734817602,-20.89007652944074,-13.760838068981938,-0.604463138163339,1.5041697717345883,0.006418742644269603,0.9860825623787335,0.0010000000012553897,0.0010000000036585006,0.0009999999963162369,0.0009999999889540767,0.0009999999894214743,0.000999999990975661,0.000048992556514136065,0.00004900066466002561,1.1330287078515968,56.228958431216434,11.67160251764094,0.027762353713637077,0.0005110749307270898,0.0002155092506564423,0.00738372674303805,0.004468999999999917,0.004468999999999932,0.004468999999999955,0.0010346899999995446,0.001034689999999523,0.0010346899999995338,0.6847986605722102,9.65772671564731,0.9739379246837565,-0.002314360768311129,-0.03637758185681919,-0.002281814657897221,-24.77437604904175,6.235500273704528,6.592312779426575,979.03970703125,-0.048057257502453155,26.38384124517917
2025-03-01T17:44:31Z,40.02347294513713,-75.63906316319954,117.25229465304676,-20.662844489010734,-14.327745077573427,-0.5450910486655148,1.5074756981093742,0.00086119155950516,0.9429263700016857,0.0010000000012593733,0.0010000000034630847,0.0009999999964514037,0.00099999998932456,0.0009999999895300002,0.000999999991010684,0.00004999236769285872,0.00005000068434510472,1.114490673231087,59.120916148431476,11.946650160666106,0.02751984011635619,0.000511417571606276,0.00022737691836953282,0.007393245872647876,0.004469999999999918,0.004469999999999933,0.004469999999999956,0.0010346999999995454,0.0010346999999995238,0.0010346999999995346,0.8116823325318459,9.704049324031987,0.9142147774000546,0.0029909831358682928,-0.04170395666552524,-0.002516981068511356,-24.81993865966797,6.8769378042221065,7.3933128118515015,979.2450219726562,0.0019241418836677363,26.795148441314875
2025-03-01T17:44:32Z,40.022725816434566,-75.63931053916751,117.08073107047157,-20.195525251410977,-14.34133708092887,-0.5973965049344975,1.5058441612428841,0.0003837925840660056,0.903245241448851,0.001000000001435487,0.0010000000034260863,0.0009999999963324672,0.0009999999893636272,0.0009999999893853246,0.0009999999907412856,0.00005099212862216071,0.0000510007055878767,1.0989152683502774,61.93670240694246,12.30149096341832,0.027395439442202296,0.0005114756976744578,0.00023926690659185315,0.007402907296876418,0.0044709999999999195,0.004470999999999931,0.004470999999999953,0.0010347099999995463,0.0010347099999995228,0.0010347099999995335,0.7400970486998383,9.664129113193864,0.9844441265261827,-0.001580321895536657,-0.039067056437728835,-0.004145953970897125,-24.29043851852417,7.176000261306763,8.53837532043457,979.5388330078125,-0.03653488806064857,26.72866476436714
2025-03-01T17:44:33Z,40.02143069691779,-75.63959660320532,117.15817992567854,-19.90655017470403,-14.363653422536663,-0.576110263480386,1.5068683688004643,6.278714973896412,0.8565476595281081,0.0010000000014453669,0.0010000000037216146,0.0009999999962014246,0.0009999999893091959,0.000999999989417254,0.0009999999908503335,0.00005199182795312173,0.000052000728475452504,1.0876269211290603,64.85539771106394,12.760208455111648,0.02852435091883221,0.000508723540414085,0.00025328992406421417,0.007412619456048782,0.00447199999999992,0.004471999999999932,0.004471999999999951,0.001034719999999545,0.0010347199999995236,0.0010347199999995345,1.0286198145517864,9.703621752751161,0.9659749408111498,0.0013107711393182133,-0.046011220474945096,-0.0018311766225504072,-24.74212610244751,6.763312792778015,9.082687883377075,979.4091186523438,0.026860875636338752,27.210432890111893
2025-03-01T17:44:34Z,40.02004945223019,-75.63986340115477,117.24493621434257,-20.274002819404277,-14.788465487094047,-0.49385043615236046,1.507411506590547,6.273379244352839,0.83328906695682,0.0010000000015159157,0.0010000000039193432,0.000999999996231586,0.0009999999894370342,0.0009999999895238451,0.0009999999907208152,0.00005299145228038477,0.000053000753080146556,1.078696366961574,67.45176892596174,13.238478410217244,0.027112082463865074,0.0005117988274732613,0.0002605654453406688,0.007422393624755379,0.004472999999999917,0.004472999999999931,0.004472999999999954,0.0010347299999995453,0.0010347299999995245,0.0010347299999995353,0.35293834896241133,9.776910788850243,0.8604959247448284,0.0010973024269139054,-0.022746786067855403,0.00024209173026746656,-25.659751071929932,6.277312769889831,10.126687860488891,979.4153051757812,0.04226895110793963,28.29088921947443
2025-03-01T17:44:35Z,40.01839192385033,-75.64012608101686,117.38945110675219,-20.863564709912104,-15.188044820044492,-0.5441673224494403,1.4944561616266074,6.265573402835797,0.8091106945903274,0.0010000000014292573,0.0010000000037752612,0.0009999999963880167,0.0009999999891396885,0.0009999999897508927,0.0009999999908843942,0.000053990982807142516,0.00005400077943536046,1.0685740439754905,69.91404403235974,13.780831175672057,0.02585389574820555,0.0005140595363500377,0.0002678176603184635,0.0074321921546538,0.004473999999999919,0.0044739999999999286,0.004473999999999951,0.0010347399999995456,0.0010347399999995244,0.001034739999999535,0.4017395081828594,9.633523876373873,0.904075353864135,-0.012138267965813939,-0.023839833513546623,0.0021144091719421014,-25.86937602996826,7.247625284194946,9.974250411987304,979.3762084960938,-0.0945514016915879,28.657205859358477
2025-03-01T17:44:36Z,40.01654315469485,-75.64037906335318,117.48677518472233,-21.98736876073224,-15.886969872906242,-0.5619450950681326,1.4918336879443117,6.250315743630011,0.8011062994622348,0.0010000000013441481,0.0010000000037607554,0.0009999999966007833,0.0009999999892117855,0.0009999999901036075,0.0009999999909770596,0.00005499039483485707,0.0000550008075476901,1.0549034398744317,72.08600121947765,14.341338804686426,0.02298620341622878,0.0005208172516734672,0.0002702293248438431,0.007442024250235229,0.004474999999999921,0.004474999999999931,0.004474999999999953,0.0010347499999995462,0.0010347499999995248,0.0010347499999995356,-0.0449082974582302,9.675136080420215,0.9389406190997719,-0.0013461565636149618,-0.0083812827316921,0.01062679344551122,-25.478626194000245,7.35431282043457,10.356750421524048,979.3667919921875,-0.057980275656285093,28.46938173147595
2025-03-01T17:44:37Z,40.01487937981808,-75.64061267233853,117.40653337209208,-22.585596306980836,-16.532242555907878,-0.5967483162170006,1.494397619918653,6.254225180326481,0.7867840602261202,0.0010000000011482467,0.0010000000038479443,0.00099999999663012,0.0009999999894090988,0.0009999999901286701,0.0009999999913055243,0.00005598965417339826,0.00005600083744021922,1.0376994635606864,74.12015993967542,15.018426893421069,0.021974953877479456,0.000524588854091289,0.0002748363708051959,0.007451963648652513,0.00447599999999992,0.004475999999999934,0.0044759999999999505,0.0010347599999995457,0.0010347599999995243,0.001034759999999535,0.21690638427736555,9.645863849954024,1.2716227194104808,0.0035305807406552383,-0.013420916916064127,-0.00805548837402527,-26.120063648223876,7.314375300407409,9.980250396728515,979.4415942382813,-0.046869302031384646,28.90259974663068
2025-03-01T17:44:38Z,40.01323754890235,-75.64083812085842,117.22643922685225,-23.561426361935197,-17.19153941913671,-0.611943349175567,1.4921965223398417,6.246813504810811,0.7858399878377715,0.001000000000937359,0.001000000003948087,0.0009999999966020933,0.0009999999893510812,0.0009999999899565947,0.0009999999910502984,0.00005698871969352222,0.00005700086914162358,1.0181206045250255,76.02191534271999,15.705839009048525,0.019826899654378394,0.0005319708361380026,0.00027608571971397437,0.00746188445284125,0.004476999999999919,0.004476999999999935,0.004476999999999949,0.0010347699999995446,0.0010347699999995238,0.0010347699999995338,-0.1391168598931345,9.706289179813727,1.033483919259416,-0.000792205769909376,-0.001077609865612385,0.004768165956205104,-27.20062614440918,8.245687849521637,11.217000393867492,979.4935913085938,-0.016400215236806164,30.556233794849717
2025-03-01T17:44:39Z,40.01060428940375,-75.64107179008835,117.14816819203371,-25.413344152455224,-17.712312666957388,-0.7712181968146601,1.4860049788282799,6.240012056431222,0.7950228256800612,0.001000000000781065,0.0010000000039581403,0.0009999999966835748,0.0009999999893669288,0.000999999990011599,0.0009999999907309674,0.00005798754286708203,0.000058000902655334925,0.993517281730026,77.9169840709884,16.38941624027677,0.016994654700342844,0.0005415749069194501,0.00027560844683147725,0.007471849147394216,0.004477999999999919,0.004477999999999938,0.004477999999999946,0.0010347799999995437,0.0010347799999995248,0.0010347799999995346,-0.27705197190711256,9.583052300449237,0.6661588296725556,-0.0034740019997729138,0.00922180400551361,0.003988729065347451,-26.682563667297362,9.054562830924988,11.971500473022461,979.403544921875,-0.1683323495518843,30.614670090800633
2025-03-01T17:44:40Z,40.00801080122122,-75.64129956486391,116.86869771729083,-26.967064397905816,-18.007867103936626,-0.824649335412534,1.4847753921059805,6.230559916550704,0.793974176995015,0.0010000000007839563,0.0010000000041151084,0.0009999999964998136,0.0009999999893372572,0.0009999999899047397,0.0009999999910246936,0.00005898607119022798,0.00005900093800077338,0.964938100089388,79.985490582955,17.15688255714764,0.015210371461907329,0.0005482680754729518,0.0002794134198592273,0.007481851510614434,0.004478999999999916,0.004478999999999938,0.004478999999999946,0.0010347899999995434,0.0010347899999995254,0.0010347899999995354,0.006335374405834175,9.693383683747882,0.687034576626727,0.0008501188318737135,-0.0013479924198782388,0.006550689210216046,-22.42181329727173,9.60862539768219,12.456938037872314,979.474326171875,-0.0607836373999839,27.390434750249543
2025-03-01T17:44:41Z,40.06524510370729,-75.61020321261755,112.18329993891844,24.319608349180562,12.282618381912355,-1.111214899433603,1.4982607615641361,0.0769523585875323,0.5564087367613155,0.0009999999998784386,0.0010000000043933872,0.0009999999954302483,0.0009999999884724782,0.000999999990142687,0.0009999999904653893,3.075063848600876e-10,3.0750612341580997e-10,0.568257595270329,0.013774515757428845,0.013761710451697877,0.01106906354666032,0.0002073139962345701,0.0001696196670886784,0.006530996886518218,0.004479999999999916,0.004479999999999938,0.004479999999999947,0.0010347999999995427,0.001034799999999525,0.0010347999999995349,0.024802603984088543,9.700340452825882,0.745560664726817,-0.000725110959852397,0.002685550938249912,0.0034287699325666783,-22.496438407897948,7.985437808036804,11.820000543594361,979.4132373046875,-0.05283885133846484,26.637692523058664
2025-03-01T17:44:42Z,40.065413625247196,-75.61005507974151,112.03758707676899,24.858732567271364,12.959950509141503,-1.2509549690667956,1.5004103646220392,0.08143069892828936,0.5485458988945643,0.001000000000031796,0.0010000000041780182,0.0009999999952156865,0.0009999999888413822,0.0009999999904063452,0.0009999999904563032,1.0003075066576915e-6,1.0003075068791663e-6,0.5968300994980542,0.030100048143754433,0.03117502333764081,0.01146846469035736,0.00021750692050065784,0.00017937833680809143,0.006540386321477562,0.004480999999999918,0.004480999999999939,0.004480999999999949,0.0010348099999995415,0.0010348099999995238,0.0010348099999995344,0.06177171539853376,9.595694374080079,0.3954109496880075,0.003283563816065432,0.002347238031775326,-0.005997074084944204,-22.91118829727173,6.944437804222107,11.307937908172608,979.3698022460937,-0.17786632562910998,26.476679055061055
2025-03-01T17:44:43Z,40.06558366041541,-75.60990134013663,111.83907717066202,25.218925555278542,13.246618537335705,-1.187643314794745,1.4993980337912942,0.08291808649581862,0.5560557536468882,0.0009999999998540486,0.001000000004416311,0.0009999999951099201,0.0009999999887021383,0.000999999990355862,0.000999999990263465,2.000307507754023e-6,2.0003075116739616e-6,0.6259474567957148,0.07924092726334772,0.08178444436637873,0.011878775355524356,0.00022813010465336117,0.00018860649644748185,0.006547316921508298,0.0044819999999999175,0.004481999999999937,0.004481999999999952,0.0010348199999995417,0.0010348199999995235,0.0010348199999995343,-0.32681614873176723,9.751556691400072,0.6457289648020818,-0.001183259255813306,0.016918700095119664,-0.0018959350119523643,-22.01868818283081,6.506812767982483,11.241000471115113,979.4539526367188,-0.003563007214617611,25.56401248822995
2025-03-01T17:44:44Z,40.06574909580664,-75.6097447834282,111.59514294163571,25.63246361491141,13.437375733071324,-1.165041500450145,1.4936300788475456,0.07703688255893121,0.5605236253070084,0.0009999999998734545,0.0010000000046002909,0.0009999999950895382,0.000999999988831179,0.0009999999904893695,0.0009999999900771404,3.0003075095243463e-6,3.000307528014364e-6,0.6543125063073812,0.16465600850908768,0.1675111696782892,0.012289610709504753,0.0002383147111642439,0.00019796092775781793,0.0065465414813988074,0.004482999999999914,0.004482999999999937,0.004482999999999951,0.0010348299999995412,0.001034829999999523,0.0010348299999995338,-0.29392136952266407,9.708635670975402,0.7934968805309236,-0.005713839717785842,0.012276127858689971,0.005302088330302263,-22.94193832397461,7.969312844276428,11.089500432014466,979.5971166992188,-0.03652246858369182,26.698628934314865
2025-03-01T17:44:45Z,40.06590223657991,-75.6095860393443,111.36162960710126,26.08312928405455,13.632228124740923,-1.1996264049661267,1.4941772433820917,0.07298181355497543,0.5597210068222449,0.0009999999997647936,0.0010000000043555776,0.0009999999950379697,0.0009999999889738602,0.0009999999902053096,0.0009999999895851331,4.000307501055409e-6,4.000307567620159e-6,0.6812214941843973,0.2869507216173421,0.2896149629194164,0.012734281943471999,0.0002483806571787988,0.00020743192488441564,0.0065471624803083855,0.0044839999999999125,0.004483999999999935,0.00448399999999995,0.0010348399999995422,0.001034839999999522,0.0010348399999995331,-0.18658105124056387,9.65101892226963,0.8367625129127849,0.0010604171581251568,0.007144029205228787,0.0029455856173670235,-22.750500831604004,9.145875391960145,11.199000444412231,979.6457568359375,-0.09296823087901256,26.9563943321609
2025-03-01T17:44:46Z,40.0660284454,-75.60942350252849,111.26190223911863,26.51555444879786,14.11471058451229,-1.1886702813180294,1.4899353589899607,0.06905345331266713,0.5568971229040541,0.0009999999996164863,0.001000000004759044,0.000999999995084699,0.0009999999887204767,0.0009999999900873566,0.000999999989321921,5.000307440249038e-6,5.0003076468352035e-6,0.7063093811016383,0.4418050182871444,0.45084942274476103,0.013304914309212313,0.00025843242436615876,0.0002168153956292508,0.006548037968935556,0.004484999999999915,0.004484999999999934,0.004484999999999949,0.0010348499999995433,0.0010348499999995216,0.0010348499999995324,0.02524128634754495,9.71254395548067,0.609050130267933,-0.0035147267994512918,0.006279472138515635,0.0022375833395398555,-24.559125957489012,9.116062836647034,11.369437975883484,979.5788745117187,-0.050395911070140374,28.55721425925817
2025-03-01T17:44:47Z,40.066123783772646,-75.60925605062613,111.12337105560998,27.000722129722394,14.544973537082695,-1.1890988268176383,1.486137958382181,0.06903549738347696,0.5506646020342442,0.000999999999351383,0.0010000000045883397,0.0009999999949613914,0.0009999999884383619,0.000999999990294238,0.000999999989411585,6.000307222488622e-6,6.000307786904288e-6,0.7297081580747216,0.6349295998085068,0.6530726577747945,0.01404714997232317,0.0002685151212305801,0.00022612129925055814,0.006552583666098477,0.004485999999999913,0.004485999999999935,0.004485999999999949,0.0010348599999995443,0.001034859999999522,0.0010348599999995328,0.09514439690371274,9.69977756975042,0.7152777266789097,-0.002905197146153396,0.0027177633020730825,-0.0022317436638563705,-24.30412601470947,10.50900037765503,11.337375411987304,979.6567333984375,-0.05552386493103297,28.80386750691546
2025-03-01T17:44:48Z,40.066172455935934,-75.60908445388876,111.00964225353614,27.381638657899163,14.975096263828519,-1.1826230264228828,1.4845581119264024,0.07323790855003971,0.5475994685339692,0.000999999999159579,0.0010000000044880107,0.0009999999949090463,0.000999999988611632,0.000999999990011599,0.0009999999891876364,7.000306641494906e-6,7.0003080143968275e-6,0.7517553329687457,0.8660901642555079,0.8969905702063606,0.014842934238589421,0.0002788973462795693,0.00023502633814369,0.006561647879245148,0.0044869999999999095,0.004486999999999932,0.004486999999999948,0.0010348699999995449,0.0010348699999995217,0.0010348699999995323,0.03692623936573956,9.70388983789621,0.6802366059255571,-0.0010000000934546852,0.006320196261090674,-0.006660680212978373,-19.194000759124755,18.528188219070433,13.743563070297242,979.6803466796875,-0.05438438022494859,30.009763393735206
2025-03-01T17:44:49Z,40.06616731166185,-75.60890926567178,110.92189663359194,27.649557610474496,15.400189295523276,-1.1114293051137203,1.485633414396182,0.07212308082651853,0.5443626401792928,0.0009999999995041666,0.0010000000043767264,0.0009999999947145643,0.0009999999888525924,0.0009999999902896445,0.0009999999889428752,8.000305347098715e-6,8.000308361051142e-6,0.7726844741665406,1.1375527450355611,1.1854015549059396,0.015655431044153935,0.0002890955309338523,0.00024353465814622597,0.006565805833948431,0.004487999999999908,0.004487999999999934,0.0044879999999999495,0.0010348799999995444,0.0010348799999995218,0.0010348799999995327,-0.025965119112684343,9.770370347336414,0.6233273108627644,0.001535088480352271,0.005434442469904471,-0.0018552104902673982,-13.158750524520874,17.39681324005127,14.632125549316406,979.7224389648437,0.008059068557006646,26.265914303890092
2025-03-01T17:44:50Z,40.06597594175663,-75.60873391563344,111.38028222218031,27.588618393509325,15.789018777852037,-1.03886063844377,1.486390430085562,0.06668297706459875,0.5385968611814742,0.0009999999996926404,0.0010000000042746622,0.00099999999435857,0.0009999999887310715,0.0009999999899273266,0.0009999999886210783,9.000302805946035e-6,9.000308863132824e-6,0.7925512070496553,1.4446307398659364,1.5148272048226683,0.01638946059942681,0.0002992542082892458,0.00025150747227136057,0.006568156429808661,0.004488999999999909,0.004488999999999931,0.004488999999999949,0.0010348899999995439,0.001034889999999522,0.0010348899999995328,-0.08996592769294738,9.728687534390435,0.4503020398812244,0.0012406722683113848,0.006062498157721979,0.0002617864418793497,-15.070875587463378,15.314813203811646,14.50687560081482,979.3799096679687,-0.042734901016780305,25.925308071899263
2025-03-01T17:44:51Z,40.06563215441115,-75.60856083724676,112.01772585241694,27.401343836819176,15.951471016000207,-0.9928732869989281,1.4799611732181417,0.06433179920743967,0.5367051348371772,0.000999999999808306,0.0010000000044022095,0.0009999999944971074,0.0009999999888448997,0.000999999990193742,0.0009999999890242957,0.00001000029827137389,0.000010000309561464974,0.8113040411168565,1.7921158783690572,1.8868294854976904,0.01699377848486605,0.0003097182959224091,0.00025878769369578334,0.006575430541831088,0.00448999999999991,0.004489999999999932,0.004489999999999948,0.001034899999999543,0.0010348999999995215,0.0010348999999995321,-0.1290558908083507,9.673421199158525,0.5662983693015364,-0.0065181452241804575,0.010453714663495409,-0.003616537653638027,-14.32781307220459,16.17131314277649,14.692125587463378,979.2562329101562,-0.09142863234396024,26.127638515549414
2025-03-01T17:44:52Z,40.065287477282084,-75.6083880917841,112.37863532201602,27.11629559327538,16.16171145926259,-0.9340561163393402,1.479835662294699,0.05806297305151664,0.537237785296499,0.000999999999624139,0.0010000000042483337,0.000999999994636155,0.0009999999891347777,0.0009999999901394638,0.000999999989004477,0.00001100029076569296,0.000011000310500391574,0.8287369954214409,2.178740969934665,2.304031509747695,0.017474297191663032,0.00031996756346227705,0.00026547796958101033,0.006578776977764321,0.004490999999999907,0.004490999999999931,0.004490999999999951,0.0010349099999995418,0.0010349099999995212,0.0010349099999995312,-0.17347936358564583,9.723548887029528,0.48348774799277716,-0.0006019366255588894,0.009277048862406288,0.0011029771797067367,-16.02900071144104,17.712938175201415,13.330500535964966,979.4438012695313,-0.04518586326476427,27.35647101081989
2025-03-01T17:44:53Z,40.06484807284755,-75.60822076718458,112.75874399354697,26.89587145399993,15.923811145369934,-0.8521707604974765,1.471246359664947,0.05371360116934613,0.5397135946391066,0.0009999999996356539,0.0010000000041133624,0.0009999999950466446,0.0009999999892566212,0.0009999999902164975,0.000999999988895875,0.000012000279076819761,0.000012000311729449278,0.8443768650323167,2.6171036562557464,2.7668022544608606,0.017482516660865095,0.00033029913113238646,0.0002715583979317847,0.006585209935401529,0.004491999999999906,0.004491999999999929,0.00449199999999995,0.001034919999999542,0.0010349199999995203,0.0010349199999995311,-0.2289961131858606,9.707479070659204,0.9095886549742513,-0.009409572203333383,0.01025009306916439,-0.0008676460514406835,-21.844500923156737,9.090562887191773,8.990812854766846,979.4484497070313,-0.02957465832004377,25.31111804986915
2025-03-01T17:44:54Z,40.064243083052126,-75.60806315426912,113.24561377034496,26.489863123270084,15.928105681907324,-0.8655748991969393,1.4776914375763082,0.046927505333936845,0.5368907295301932,0.0009999999995377322,0.0010000000038059736,0.000999999995172281,0.0009999999896471684,0.000999999990153046,0.0009999999894097257,0.000013000261764357864,0.00001300031329958814,0.858179469821809,3.078668911798009,3.26658418891619,0.017882605323589255,0.00034038616203681596,0.0002772310559155923,0.006590768471314768,0.004492999999999904,0.004492999999999927,0.00449299999999995,0.0010349299999995417,0.0010349299999995202,0.001034929999999531,-0.07573582528339896,9.643909731542925,0.5556503039300305,0.005587158262918036,0.0043654291333172415,0.00031335938101600025,-23.890313415527345,5.9527502083778385,8.321437849998475,979.3631323242188,-0.1220599423801396,25.988959119133387
2025-03-01T17:44:55Z,40.063427635521016,-75.60791856131047,113.85358446887477,25.877164312445583,15.612981400554702,-0.8151515991929345,1.4806548570325946,0.04317738661042714,0.5410108212693919,0.000999999999526264,0.0010000000039111254,0.0009999999950851244,0.000999999989440282,0.0009999999899706602,0.0009999999891551435,0.000014000237176576234,0.000014000315264137475,0.8700174650619649,3.588756451668231,3.811187529013693,0.017796811466902113,0.00035069583814985333,0.0002822698827181064,0.006601440274305554,0.004493999999999905,0.004493999999999928,0.00449399999999995,0.0010349399999995408,0.0010349399999995193,0.0010349399999995301,-0.2180407819389094,9.68185100967777,0.6110526570050596,0.0013508275901515895,0.011099629261675337,-0.002952764308024434,-24.03300100326538,5.346000216007233,8.21362533569336,979.2453833007812,-0.07865431938784975,25.954303271394917
2025-03-01T17:44:56Z,40.062406027928105,-75.60779105983013,114.62108024591653,25.34053691937822,14.987536220349465,-0.6599504909908745,1.4734770231938887,0.0331204939503085,0.5389197453912763,0.0009999999999365506,0.001000000004015477,0.0009999999953795686,0.00099999998964621,0.0009999999899238889,0.0009999999890188602,0.000015000203457459128,0.000015000317681989663,0.8793254544686208,4.153738514290789,4.400867769671048,0.01755684241805783,0.0003605548236385523,0.0002871285362727732,0.006607008660787212,0.0044949999999999045,0.004494999999999928,0.0044949999999999496,0.0010349499999995418,0.00103494999999952,0.001034949999999531,-0.12287443425210627,9.760200857158564,0.8746534404907785,-0.008900517811373118,0.003561123649995389,0.0021968585595593245,-24.18337594985962,5.522625188827515,7.639312858581543,979.1340600585937,0.017941716496815394,25.95556826146612
2025-03-01T17:44:57Z,40.06127886153416,-75.60767913739274,115.47452276893182,24.798124709805734,14.0795503343357,-0.485948568721296,1.4801487520983856,0.025879210945536635,0.5385670045527552,0.0009999999998296168,0.001000000004063275,0.0009999999954007524,0.000999999989343828,0.0009999999902070339,0.0009999999886502373,0.000016000158542922913,0.000016000320617850543,0.8855422079831601,4.776746525538902,5.033479095182736,0.01687603964206157,0.0003704273391068519,0.00029174776998836855,0.006615799976788771,0.004495999999999902,0.004495999999999931,0.004495999999999947,0.0010349599999995413,0.0010349599999995196,0.0010349599999995305,-0.1646926053763023,9.766658905900785,1.0854983834983174,0.004785690493487101,0.004380116299626327,-0.0002188940232078372,-25.42631362915039,5.193375227451324,7.725187802314759,979.0874462890625,0.04614456071213099,27.07663836581474
2025-03-01T17:44:58Z,40.060153096122725,-75.60757687981736,116.30109209198714,24.14140557967808,13.481915109681694,-0.3653663841288824,1.4856169032562043,0.019010311183201487,0.541338863038148,0.0010000000002315372,0.0010000000037574555,0.000999999995380337,0.0009999999893726657,0.0009999999904429049,0.0009999999884826092,0.00001700010012898314,0.000017000324140459472,0.8884808725978277,5.432077499114773,5.7103756370864,0.01644239164619006,0.0003802917362210551,0.00029623275514947285,0.006624528912670084,0.0044969999999999,0.004496999999999931,0.004496999999999945,0.001034969999999542,0.0010349699999995187,0.0010349699999995295,-0.1028145989159281,9.769293704664618,0.7032475836397506,0.0036425732948742635,0.006228566786792856,0.0004966190479261585,-25.599188594818116,4.792687697410583,7.825875282287598,979.0937451171875,0.013154629918334493,27.194298514128896
2025-03-01T17:44:59Z,40.05916728593699,-75.60747484427283,116.95629883148847,23.271368342350055,13.028605062668241,-0.2984193755591535,1.4885437067265566,0.010952913208880345,0.5556047745865622,0.001000000000163476,0.0010000000034958963,0.0009999999951636224,0.0009999999891487084,0.000999999990747398,0.0009999999888017218,0.000018000025601776423,0.00001800032832317441,0.8880321812338169,6.134427669721791,6.442652570113211,0.01573032018267688,0.0003903641795331081,0.00030052256292669376,0.006631000818495927,0.004497999999999897,0.0044979999999999335,0.004497999999999942,0.001034979999999542,0.0010349799999995195,0.0010349799999995286,-0.31174790201405866,9.76123781903209,0.4604957255357507,0.0012306577637802637,0.016136759781217175,0.00403713080521137,-25.644563579559325,4.389562661647797,7.8459378480911255,979.1684033203124,-0.004833519047371875,27.174765499304034
2025-03-01T17:45:00Z,40.058115210887,-75.60738131594877,117.66169821279165,22.614896100006618,12.594496939270048,-0.1404385147912353,1.491485671419937,0.006072899448880049,0.560628110534632,0.0009999999999463014,0.001000000003317896,0.0009999999954033412,0.0009999999892211528,0.0009999999904801707,0.0009999999890188131,0.00001899993197366072,0.00001900033324382639,0.884754186798937,6.899010863067868,7.225155273886776,0.015376306001096251,0.0004000638503969603,0.00030540898786842905,0.006640633406260739,0.004498999999999897,0.0044989999999999345,0.004498999999999942,0.001034989999999543,0.0010349899999995186,0.0010349899999995296,-0.08521950628539315,9.859116067476373,0.5109463647916787,0.0013416490945823627,0.006381282858877978,0.0004864373482056448,-24.992813510894777,5.382937698364258,8.447625350952148,979.1194165039062,0.09087086917769306,26.92538546768893
2025-03-01T17:45:01Z,40.05678419363054,-75.6073069458962,118.53838013560014,22.03939136541553,12.072981663420954,-0.134530109871159,1.4925851936554484,0.0008389190828114197,0.567253004452624,0.000999999999945823,0.0010000000032543011,0.0009999999951606027,0.0009999999889939897,0.0009999999902379239,0.0009999999893351619,0.00001999981599817213,0.000020000338980405918,0.8805138731953074,7.706932580446331,8.03212235654195,0.01524002903723101,0.0004096439935655605,0.00031061179745988786,0.006650493991854505,0.004499999999999896,0.004499999999999934,0.004499999999999941,0.0010349999999995432,0.0010349999999995192,0.0010349999999995298,0.080036934489438,9.698984518683613,0.5109444042179755,-0.0008981890413068535,0.007379028529756241,0.0006086102592519496,-26.67037612915039,5.94018771648407,7.701000316143036,978.9628344726563,-0.06901643554122744,28.388330582168557
2025-03-01T17:45:02Z,40.055038779196536,-75.60726057481507,119.55142386422567,21.403166659872355,11.225535476370194,-0.1653345010761581,1.4974448230914632,6.280304414616785,0.5682026823886386,0.0010000000000870944,0.001000000003559579,0.0009999999948924459,0.0009999999888678686,0.0009999999903660228,0.0009999999893424343,0.00002099967414149088,0.00002100034561261895,0.8757428045258795,8.582427421758336,8.877153464913905,0.014901272023486983,0.00041881907169880094,0.0003164134947317242,0.006662581142495703,0.004500999999999895,0.004500999999999932,0.00450099999999994,0.0010350099999995423,0.001035009999999518,0.0010350099999995289,0.035088475110216184,9.641173094824367,0.5961857649398902,0.0022621185008386818,0.001175580429850648,-0.001941333086939355,-26.77275104522705,7.691250300407409,7.474687802791595,978.7551684570312,-0.12202518517900965,28.841004765745332
2025-03-01T17:45:03Z,40.0534799148914,-75.60721447217757,120.33642909623916,20.743669964535552,10.458747641490548,-0.15174759604635135,1.4984840176215937,6.276150192928254,0.58007507566223,0.0009999999999835269,0.001000000003148693,0.000999999994993144,0.0009999999885474283,0.0009999999905341028,0.0009999999890840047,0.000021999502366392023,0.000022000353232626315,0.8698180696022619,9.53717098577322,9.785559792101685,0.014488872834096797,0.00042819066182957476,0.00032225516966803187,0.006672790454060793,0.004501999999999894,0.004501999999999932,0.004501999999999939,0.0010350199999995418,0.0010350199999995167,0.0010350199999995295,-0.09974381069102654,9.713820082978822,0.5289703358878856,-0.0012545269376181974,0.011268201033711497,0.0005475240681414942,-23.93268844604492,7.426687779426575,8.150437836647034,978.7860571289062,-0.05286179157023257,26.35063995755434
2025-03-01T17:45:04Z,40.051879166073505,-75.60717859129024,121.07816063007216,20.272095287168835,9.569633606843471,-0.10766053246366919,1.5025790152013117,6.27207435348159,0.5837025414948558,0.0010000000003919697,0.001000000002997004,0.000999999995078661,0.0009999999883264041,0.0009999999903126215,0.0009999999890917294,0.000022999296011333668,0.0000230003619475903,0.8625220270539035,10.582471360633754,10.738921869649445,0.013950645433378754,0.00043704713733240264,0.00032893482152064043,0.006682262097319439,0.004502999999999892,0.004502999999999931,0.004502999999999937,0.0010350299999995409,0.0010350299999995155,0.001035029999999529,-0.046855893661847,9.741240077156295,0.6935069681017605,0.001751394792377811,0.0024974506314935463,0.00042201270137073323,-22.529063243865966,7.683187775611877,8.127937831878661,978.7365966796875,-0.015472477760637347,25.152552194085185
2025-03-01T17:45:05Z,40.05022641942212,-75.60715262137931,121.7480863705944,19.680772248965795,8.734825478905297,-0.17371178841213436,1.5032238882604605,6.2755028402404935,0.6006356336279536,0.0009999999999772886,0.0010000000033827158,0.0009999999952481611,0.0009999999881057135,0.0009999999902137295,0.0009999999891671838,0.000023999049683128798,0.00002400037187601348,0.8539939764914866,11.69255723515458,11.751071218128155,0.013598107456241014,0.000446277149450111,0.00033559282100042526,0.006698729742938315,0.00450399999999989,0.004503999999999927,0.004503999999999935,0.0010350399999995415,0.0010350399999995163,0.0010350399999995298,-0.19410079030731772,9.65037042998968,0.5351119104288061,-0.0015599597662677178,0.01583950564376395,-0.005642572312883409,-23.52000082015991,6.728250288963318,8.50612534046173,978.688779296875,-0.11423706297828663,25.90002560511306
2025-03-01T17:45:06Z,40.04850319709781,-75.60713517552753,122.33158861633959,19.135762738582994,8.221511463612055,-0.18622307061552654,1.5073071355139624,6.271512105986527,0.608928211733084,0.0010000000002600828,0.001000000003481406,0.0009999999953739418,0.0009999999882812749,0.000999999990405475,0.0009999999889843826,0.00002499875761550116,0.00002500038313519536,0.8457977545328663,12.859260198243534,12.83044612881188,0.013824625043125937,0.0004549695111532784,0.00034319067273791957,0.006706447762440509,0.004504999999999891,0.004504999999999928,0.004504999999999937,0.0010350499999995416,0.0010350499999995165,0.00103504999999953,-0.045666022931513346,9.726462116873854,0.2469761829802477,0.0017488914311208977,0.006269291255785712,0.0016368997556141728,-24.717375888824463,6.663750245571136,8.070187811851502,978.6432373046875,-0.051614489408680256,26.8417481048133
2025-03-01T17:45:07Z,40.04694534004952,-75.60711405471864,122.76480171845016,18.700592166489017,7.968354323558992,-0.21661609230827253,1.5119661474175932,6.271786979555563,0.618623932314758,0.0010000000006544774,0.0010000000037606216,0.0009999999952727085,0.0009999999881546249,0.000999999990220564,0.0009999999887688711,0.000025998414510459242,0.00002600039582501933,0.8400188772261588,14.0874732899495,13.961657443161986,0.01444316048296193,0.0004633134863168062,0.0003512240623226841,0.006717183365853804,0.004505999999999893,0.004505999999999929,0.00450599999999994,0.0010350599999995424,0.0010350599999995156,0.001035059999999529,0.0733344094235231,9.727706907049981,0.07482501835484423,0.002512472193192814,0.0077148369153049205,-0.0018211621263247084,-24.06112590789795,7.13587528705597,7.280437822341919,978.6665234375,-0.053016343738159444,26.131601845573247
2025-03-01T17:45:08Z,40.04546785497897,-75.60709437482575,123.15313579748937,18.512955038825027,7.2633949805413325,-0.11672508984927958,1.4989021325426892,6.275018767368327,0.6327544237859216,0.0010000000002970044,0.0010000000036998263,0.0009999999950453492,0.0009999999881981538,0.0009999999904122204,0.000999999989040566,0.000026998014866962467,0.00002700041006443472,0.8357921497058668,15.470341737943958,15.144100094847884,0.01417311495677794,0.0004714101999189829,0.0003594739717412404,0.006729640208085344,0.004506999999999892,0.004506999999999927,0.004506999999999942,0.001035069999999542,0.001035069999999516,0.0010350699999995285,-0.10185747381737711,9.832504017190352,0.6356902273311987,-0.015121157253287066,0.012133592637877208,-0.003952512963309261,-23.884313430786133,7.680187764167786,7.480125322341919,978.6674169921876,0.07235238855501332,26.180055885509173
2025-03-01T17:45:09Z,40.04400772472966,-75.60707913150519,123.44073575632339,18.18670935267501,6.987239500467839,-0.32307506244853634,1.5002360827385166,6.277574523045515,0.6415607568787003,0.0010000000000557853,0.0010000000034424458,0.000999999995216104,0.0009999999881136667,0.0009999999904043602,0.0009999999894458236,0.00002799755317878916,0.00002800042597743387,0.832900649484829,16.84129104511966,16.363114052243525,0.014828341230358213,0.0004787636141113263,0.00036836418484656344,0.0067400022037342805,0.004507999999999895,0.004507999999999924,0.004507999999999939,0.001035079999999541,0.0010350799999995159,0.0010350799999995293,-0.06544930834878072,9.558718749558548,0.22384686981893528,-0.0008122345629743607,0.006573220781554188,-0.0032231475798531585,-23.409938278198243,8.153812794685363,7.658062810897827,978.6612426757813,-0.21960922948571923,25.945195362230614
2025-03-01T17:45:10Z,40.04225280531049,-75.60708074322437,123.60667379911932,18.290324664792113,6.720397275448919,-0.46962886847069196,1.5012121540345464,6.280928395117069,0.6475051557661876,0.0009999999998435048,0.0010000000031893713,0.0009999999952157502,0.0009999999881318404,0.000999999990254841,0.0009999999890617005,0.00002899702607971323,0.00002900044364792092,0.8329985800665316,18.27577786439139,17.58827338499309,0.01520706886879317,0.0004852853525967006,0.0003777092523936607,0.006749846524125484,0.004508999999999894,0.0045089999999999245,0.004508999999999939,0.0010350899999995418,0.0010350899999995167,0.0010350899999995284,0.2431077845519782,9.602194888429379,0.34201112782843723,-0.0017126755039864002,0.0030622509879090214,-0.004145953577400666,-23.785500869750976,7.945687799453736,7.097812788486481,978.608037109375,-0.16978401284731415,26.06262273475776
2025-03-01T17:45:11Z,40.0398822130139,-75.60711729506392,123.76049221772925,18.428809282496477,6.089107557903319,-0.6320244225224803,1.503661340742105,0.003823755812143073,0.6573325179449931,0.0010000000000569493,0.0010000000031673937,0.0009999999953426233,0.0009999999878419403,0.0009999999907147168,0.0009999999888912231,0.000029996431531207485,0.000030000463165165432,0.835241987512151,19.78703696633531,18.861493289280524,0.015470248091466746,0.0004912367321331014,0.00038709494067998946,0.006761243049812032,0.004509999999999896,0.0045099999999999255,0.00450999999999994,0.0010350999999995407,0.001035099999999517,0.001035099999999529,0.022010978071796437,9.56869534555752,0.39030626416389863,-0.0012748889982141453,0.005821323164860205,-0.006691223547643441,-23.712000827789307,7.851000294685364,7.008000283241272,978.504013671875,-0.20439435654081536,25.942371139542175
2025-03-01T17:45:12Z,40.03680578573293,-75.60719848896566,123.95812461199863,18.812990052927933,5.252366885307206,-0.6911222033348596,1.53081391899843,0.009538587427673263,0.6577705830075583,0.0009999999998584928,0.001000000003146364,0.0009999999951851837,0.0009999999880506369,0.000999999991027668,0.0009999999889594852,0.000030995768206719866,0.00003100048462959517,0.8387580491008557,21.366442476225643,20.174947790157123,0.01567837442194296,0.0004958643716896009,0.00039720725141586323,0.006770793868483622,0.004510999999999895,0.004510999999999926,0.0045109999999999395,0.001035109999999541,0.0010351099999995166,0.0010351099999995285,0.037089027620611836,9.659805710023308,0.26840829510365494,0.02228045743198991,-0.005193436434810491,-0.006928392257104677,-23.497125968933105,7.581375336647033,7.721625304222107,978.3888842773438,-0.11737414720204134,25.86915246281752
2025-03-01T17:45:13Z,40.0337816929181,-75.60729144073166,124.16249198844567,19.702813811515668,3.6198886369212984,-0.5050269832823653,1.5264068812028038,0.018625497881652218,0.6633153356507243,0.0009999999997903476,0.0010000000029626466,0.0009999999954540236,0.0009999999879079472,0.0009999999907747514,0.0009999999892477442,0.00003199503137804293,0.00003200050824740207,0.8392286117469984,23.171769882478912,21.512829635731233,0.01387784330687542,0.0005005594349928581,0.00040711690153359085,0.006782777118110872,0.0045119999999998954,0.004511999999999925,0.0045119999999999405,0.0010351199999995414,0.001035119999999516,0.0010351199999995278,-0.20849759883605695,9.872663616177272,1.1207153795732527,-0.00911432052062464,0.00009955664326224598,-0.009704823174649217,-23.640938377380373,7.261312804222107,9.063750343322754,978.40107421875,0.15745729123998783,26.339505017798274
2025-03-01T17:45:14Z,40.030614973474634,-75.60740086260488,124.40649266937463,20.2353662311739,2.5717872629081637,-0.5910893736792656,1.5222076648906318,0.021158399960466468,0.6725832275803154,0.0009999999997929554,0.0010000000029799071,0.0009999999953949925,0.0009999999877970747,0.0009999999906097686,0.000999999989364908,0.00003299421287417935,0.000033000534290451795,0.8357291408467837,24.922777853565435,22.937278163301166,0.013628739979740671,0.0005056117375904017,0.00041685649062849487,0.006787718037819024,0.004512999999999895,0.004512999999999924,0.00451299999999994,0.0010351299999995412,0.0010351299999995158,0.0010351299999995275,-0.24671542338004407,9.630581884912749,0.45689210701846433,-0.008843603535875794,0.003599010666942831,-0.002762495003766554,-22.49006343841553,6.429750285148621,8.22000030040741,978.3766625976563,-0.1361156627377922,24.79335652211294
2025-03-01T17:45:15Z,40.02571320525896,-75.60759076471503,124.97080479742486,21.28265639657788,0.971446484996324,-0.5669660031938458,1.5319842269883754,0.02335274088359276,0.6825766719071943,0.000999999999472605,0.0010000000031961066,0.000999999995178917,0.0009999999878487198,0.0009999999908839549,0.0009999999894791428,0.00003399330511421389,0.000034000562997336325,0.8309116743491094,26.784346141526974,24.426722930610133,0.013110203352201403,0.0005109752145713417,0.0004267238651945025,0.00679257694985097,0.004513999999999892,0.004513999999999927,0.004513999999999938,0.00103513999999954,0.0010351399999995149,0.0010351399999995266,-0.21252552079078216,9.701377406753103,0.6740950274414177,0.0033473209783926525,0.0019016073343803592,-0.002425351034692169,-17.81006318092346,9.238312873840332,9.00056282043457,978.092802734375,-0.0534219025981234,21.989831101099682
2025-03-01T17:45:16Z,40.02004823278813,-75.60781184982379,125.69537341903404,22.613232628261155,-0.7432898492867601,-0.4610083275821815,1.5337764409753956,0.023081994802424424,0.6900280147551784,0.0009999999997773311,0.0010000000031587825,0.0009999999950107159,0.0009999999878445873,0.0009999999910031774,0.000999999989600867,0.000034992296768740224,0.00003500059465873181,0.8238025528591563,28.76297128141257,25.99682970006694,0.01260103098023552,0.0005168342034921158,0.0004367657161735538,0.006795545030326795,0.00451499999999989,0.004514999999999927,0.004514999999999939,0.0010351499999995406,0.0010351499999995155,0.0010351499999995272,-0.14046168422646235,9.775993592576963,0.8043842204360694,-0.004617621541513522,-0.0009774680000060308,0.00013160163834535213,-16.658625717163087,11.284875478744507,10.129125399589539,977.943134765625,0.029706144565917175,22.526764476821835
2025-03-01T17:45:17Z,40.01344996249168,-75.60805846802812,126.60738817985965,23.905099048528378,-2.4259501703234303,-0.4091166636174958,1.5362387931177277,0.025129489924228116,0.6972133137649512,0.000999999999471517,0.001000000003475233,0.0009999999948457573,0.0009999999880675944,0.0009999999907676271,0.0009999999899876647,0.00003599117323171187,0.000036000629590163336,0.8150987989255362,30.82663654309589,27.67906238358982,0.012424425980727885,0.0005236635459654987,0.00044682193775708354,0.006801906069246553,0.004515999999999888,0.0045159999999999255,0.00451599999999994,0.001035159999999541,0.0010351599999995158,0.0010351599999995267,-0.2203551446751709,9.717625647119583,0.705824121879609,-0.0037183485871940414,-0.0011221731787529473,-0.002007926740839468,-17.77368839263916,13.22568808555603,9.706312837600708,977.7596997070312,-0.03443593870909722,24.18745285931145
2025-03-01T17:45:18Z,40.00745522302179,-75.60827131748958,127.2998972974695,24.893632702916197,-3.586379840305689,-0.4983555025625238,1.5394274895356859,0.02101595101264553,0.7006304392441278,0.000999999999813449,0.001000000003717021,0.0009999999951476662,0.0009999999878871875,0.0009999999906663089,0.0009999999901662193,0.00003698992000343833,0.00003700066807686412,0.8066640678748823,32.940283931611795,29.463498099834315,0.012406787324103812,0.0005311477312099477,0.00045697708359428163,0.006803232428970205,0.004516999999999888,0.004516999999999926,0.00451699999999994,0.0010351699999995414,0.0010351699999995162,0.0010351699999995273,-0.17822839784445166,9.604029352502526,0.48912983696429774,-0.0012341645650450898,-0.0030565779632145008,0.0042228938791286155,-24.323063468933107,16.624313192367552,6.483750232011079,977.7955834960937,-0.1619031913020718,30.166457497005513
2025-03-01T17:45:19Z,40.00100011337437,-75.6084763002609,127.95593532768082,26.04600511687001,-4.808569612857245,-0.4956264468044059,1.5459190211967593,0.024456188900745114,0.7040162307250819,0.0009999999995608678,0.0010000000039364929,0.0009999999950493976,0.0009999999878783142,0.0009999999909121595,0.0009999999904203854,0.000037988519979934405,0.00003800071041137349,0.7987470443872839,35.235856767596424,31.343070414468222,0.012650574062583244,0.0005397274302126715,0.00046707460659947697,0.006813320760715326,0.00451799999999989,0.0045179999999999275,0.004517999999999943,0.0010351799999995422,0.001035179999999517,0.0010351799999995278,-0.13778316069656618,9.689539461663703,0.793966287427228,0.0029731246410604657,-0.0019188008034916272,-0.0032131330225769967,-20.363813247680664,14.064938068389893,11.716125416755677,977.7064721679687,-0.05691541597570409,27.38196826247187
2025-03-01T17:45:20Z,39.99425991697382,-75.60865873510147,128.6092087184241,26.971483534299235,-5.74587092402132,-0.447290935364749,1.5473284510847405,0.029516343594724277,0.7106938738099714,0.0009999999998047434,0.0010000000042228161,0.000999999995192102,0.0009999999880786852,0.000999999990852236,0.0009999999905217778,0.000038986951938135106,0.000039000756905413826,0.7917763943332974,37.66274245089599,33.3617354043332,0.01315747743337838,0.0005494094730889546,0.00047689337751051074,0.006826298735153702,0.004518999999999894,0.004518999999999925,0.0045189999999999415,0.0010351899999995428,0.0010351899999995174,0.0010351899999995284,-0.20323339143320468,9.740978557900625,0.6914828751372629,-0.0009796379003528864,0.0026957319354092004,-0.0047160938897921,-20.03175073623657,11.469562950134277,9.000750379562378,977.6406396484375,-0.012204824291742997,24.775651403335495
2025-03-01T17:45:21Z,39.98705839371993,-75.60881056846807,129.27080446065784,27.642239971169424,-6.399093502810434,-0.4805312562102265,1.5506090427759696,0.028029603828033184,0.7107932844716693,0.000999999999988393,0.0010000000040419359,0.000999999995219527,0.000999999988136743,0.0009999999908138462,0.0009999999901192554,0.000039985196194447825,0.000040000807825989895,0.7871532586699819,40.192962172263755,35.48538872733663,0.013813761342734708,0.0005590689451079574,0.0004870281752665041,0.006833721170763306,0.0045199999999998965,0.004519999999999926,0.004519999999999942,0.001035199999999542,0.0010351999999995169,0.0010351999999995273,-0.25114802532586916,9.659452655100116,0.6160736548546536,0.0023522463125898226,-0.0026999064899009603,0.0016837990591883794,-19.85025074005127,10.725375471115113,9.424500322341919,977.5573413085938,-0.09740727744502466,24.45168411578188
2025-03-01T17:45:22Z,39.98155317938475,-75.60891105624627,129.5732495916047,28.160162485736937,-6.692091265000991,-0.5430353059157398,1.5437741991516725,0.029421964038351574,0.7115356875485779,0.0009999999997535546,0.0010000000040890457,0.0009999999950343302,0.0009999999882415883,0.0009999999909309242,0.0009999999903074121,0.00004098323588686807,0.00004100086336444901,0.7857103538997825,42.83497244179223,37.68853519735916,0.014766593107775117,0.0005690713040647098,0.0004970164889138159,0.006844777430132018,0.004520999999999892,0.0045209999999999235,0.004520999999999944,0.0010352099999995422,0.0010352099999995177,0.0010352099999995277,-0.12283455576498141,9.65683099333041,0.6886114828578505,-0.006497783532842923,-0.00017533190021736043,-0.0012647078594260803,-21.244500885009767,11.898375477790832,9.178875365257262,977.7231127929688,-0.09758558998370655,26.022091899077374
2025-03-01T17:45:23Z,39.97590143485181,-75.60897443875197,129.82769193000368,28.336189755478415,-6.79399036822889,-0.5355317364240777,1.5453043644653481,0.02955463667622013,0.7111264116391675,0.0009999999996557637,0.0010000000043381575,0.0009999999950923862,0.00099999998842273,0.0009999999909928502,0.0009999999903558237,0.000041981059093769046,0.000042000923656875354,0.7880887090742099,45.61508480835474,40.01400913350721,0.01572797486278293,0.0005786557142952421,0.0005070077517120952,0.006854832835493668,0.004521999999999891,0.004521999999999926,0.004521999999999941,0.0010352199999995417,0.0010352199999995172,0.0010352199999995272,-0.25918555941780597,9.722155124978109,0.6585018022743351,0.0029400777431442373,-0.00023641924824106732,-0.00010406520164197945,-20.578313388824462,10.618687887191772,10.074375414848328,977.7078076171875,-0.03183002409349044,25.252999616071396
2025-03-01T17:45:24Z,39.969161454456675,-75.60898712757049,130.18322489587027,28.270920204588265,-6.3903151563231955,-0.5651835567583086,1.5406041134192816,0.03125258167491925,0.7092723215284589,0.000999999999351196,0.0010000000044850508,0.0009999999950234383,0.0009999999883425895,0.0009999999909211267,0.0009999999900042235,0.00004297866464917621,0.00004300098876798842,0.7942790443346853,48.41505238690662,42.38430065294871,0.016382009529699627,0.0005874248995035576,0.0005170051141306394,0.006866245281067088,0.004522999999999891,0.004522999999999928,0.004522999999999943,0.0010352299999995406,0.001035229999999518,0.001035229999999526,-0.10091015750330755,9.679575886706408,0.5255778833285927,-0.001893765674838484,-0.0003766171530995597,-0.0018211622651043992,-20.011500740051268,11.248125438690186,8.910937809944153,977.5977075195312,-0.08539104229795348,24.62484110838587
2025-03-01T17:45:25Z,39.96037057962949,-75.60891791304961,130.77036429283143,27.745456197471977,-5.626163786882874,-0.5441376003296002,1.5326473302095731,0.031051469719835377,0.7068900776081167,0.0009999999993247149,0.0010000000042322016,0.0009999999949146668,0.0009999999885671638,0.0009999999908796478,0.0009999999899568724,0.000043976061837919734,0.00004400105871702703,0.8037088781973627,51.300756164490814,44.80505695703254,0.017141083057240214,0.0005949388455405013,0.000526905835492321,0.00687524265321638,0.004523999999999888,0.0045239999999999265,0.004523999999999941,0.00103523999999954,0.0010352399999995175,0.0010352399999995255,-0.17455940391555116,9.697189942037548,0.6245636012852287,-0.0030769406500365908,0.000883499499292449,-0.00016515203338003355,-21.034125690460204,11.930250453948975,8.643000369071961,977.3855615234374,-0.06097981762940433,25.68003440653434
2025-03-01T17:45:26Z,39.949784386962136,-75.60874674915223,131.60243051797974,26.695397296214765,-4.204686573265655,-0.48035849714751677,1.5285585915003626,0.02827121006705773,0.6967673535359086,0.0009999999995659523,0.0010000000041952475,0.0009999999947806807,0.0009999999888679113,0.000999999990812685,0.000999999989365532,0.000044973269659647806,0.00004500113352708001,0.8155558414717952,54.17489087252419,47.251547571291425,0.01757853952464448,0.0006004709870027898,0.000537100455509393,0.006880941344236594,0.004524999999999888,0.004524999999999926,0.0045249999999999405,0.0010352499999995404,0.0010352499999995177,0.0010352499999995257,-0.033832663322383195,9.721116939352838,0.5620193973835418,0.0032735501545394586,-0.0048229128193573376,0.001733869830716016,-21.109688339233397,11.498062992095948,8.673187870979309,977.1728100585938,-0.04256885583640392,25.55476447720508
2025-03-01T17:45:27Z,39.93645710449541,-75.60842981128073,132.8062365581899,24.769793530007462,-2.135878634814893,-0.4500770455678237,1.5125566305785103,0.030515959469627495,0.6859667078692427,0.000999999999288545,0.001000000003889757,0.0009999999948214467,0.0009999999892494112,0.0009999999907063185,0.000999999989576232,0.00004597031575045806,0.00004600121327416782,0.828598827120419,57.02701620328107,49.704402829564906,0.017862576884801244,0.0006046835633771411,0.0005470641594051634,0.006891018634315498,0.004525999999999887,0.004525999999999925,0.00452599999999994,0.0010352599999995395,0.001035259999999518,0.0010352599999995254,-0.09340283037802882,9.644826991394934,0.6231677923180201,-0.005489856000412583,-0.002292996423367281,-0.004023780957095322,-22.08262575149536,11.448937978744507,9.197625379562378,976.8469067382813,-0.11480176854570061,26.52007091237563
2025-03-01T17:45:28Z,39.92498647272567,-75.60809066050054,133.81401177109456,22.624383749653497,-0.005709579016657029,-0.39563294667068305,1.5038959088345243,0.032314546188905946,0.6772238186270869,0.0009999999994822254,0.0010000000042635817,0.0009999999950884729,0.0009999999895011443,0.0009999999904822083,0.0009999999894027781,0.000046967232552055195,0.000047001298159958846,0.8408721347138616,59.82437435788195,52.21950607002926,0.017317489363281886,0.0006075311264318306,0.0005567782567322357,0.006899501737085385,0.004526999999999886,0.004526999999999924,0.004526999999999939,0.0010352699999995403,0.0010352699999995186,0.001035269999999526,-0.1540210014425554,9.69671138826617,0.5260989521768817,0.0012296562587935725,-0.0002975054371055722,-0.0037387108171196403,-20.546625804901122,10.123312907218933,7.988250312805175,976.8921557617188,-0.06821848608531367,24.258090956062375
2025-03-01T17:45:29Z,39.9142683246053,-75.60771975885966,134.8100128734541,20.34844564665796,2.1770980022023965,-0.27949672449064134,1.490051493255917,0.02840645182333074,0.6697925861066928,0.0009999999998871636,0.0010000000042606847,0.0009999999952672435,0.0009999999898162033,0.0009999999906475856,0.0009999999891558268,0.00004796405087384912,0.00004800138859871239,0.8502727671749442,62.59138197538991,54.79711786883143,0.01665469815342461,0.0006092435843910439,0.0005662469483463575,0.006901651182507109,0.004527999999999887,0.004527999999999927,0.004527999999999941,0.0010352799999995407,0.001035279999999519,0.0010352799999995264,-0.10738253660973476,9.768855624335357,0.5821034227827304,-0.004176997939587971,0.0007549845076791854,0.001743884114855443,-20.74725076675415,11.090625438690186,9.158250393867492,976.8461254882812,0.006130314492102387,25.245224794995774
2025-03-01T17:45:30Z,39.90567178441082,-75.60738510993727,135.58699371200356,18.1969941946604,4.0735495974575295,-0.301980051733663,1.4829357303919615,0.026924220022760556,0.6617237134933407,0.001000000000460355,0.0010000000044331173,0.0009999999954134263,0.0009999999899359612,0.0009999999907654728,0.0009999999887003689,0.00004896079196663233,0.000049001485169027824,0.855257401080779,65.27816991888164,57.44259207732695,0.015513219864025278,0.0006106194684874238,0.0005756259064873917,0.0069054563367908816,0.004528999999999888,0.004528999999999926,0.004528999999999942,0.0010352899999995398,0.0010352899999995183,0.0010352899999995272,-0.17424035705133545,9.666242765422375,0.5024897681373002,0.0007715075387943286,-0.0011221729814614332,-0.0007251106327379329,-19.888875617980958,10.424625406265259,8.831812877655029,976.9200903320312,-0.09998040148963758,24.12962200366808
2025-03-01T17:45:31Z,39.89755398413465,-75.60704929766817,136.29548675498552,16.082643987099132,5.819095072770797,-0.2800777025606263,1.474273841046494,0.02543628138744365,0.6586729567519942,0.0010000000003886034,0.0010000000042604115,0.0009999999952662547,0.0009999999897935426,0.0009999999908514754,0.0009999999888149033,0.00004995746231410195,0.00005000158855887379,0.8552344080800627,68.00250124017674,60.207829616165604,0.014620790641259925,0.0006125926234573145,0.0005846144876421845,0.00690935889406357,0.00452999999999989,0.004529999999999924,0.004529999999999943,0.001035299999999539,0.0010352999999995174,0.0010352999999995274,-0.17465615612674798,9.714958345127362,0.5968526197358662,-0.001573311021533524,0.0034487980010010164,-0.0004291919542719879,-18.526313247680665,11.658187942504883,9.161437821388244,976.8787817382813,-0.04618767789076677,23.72903629719157
2025-03-01T17:45:32Z,39.88898303045551,-75.60669587140784,137.05937990275288,13.77629449246293,7.633915466136104,-0.267907613196299,1.4698990979962803,0.027056236908695748,0.6516977873784802,0.0010000000002816178,0.001000000004115668,0.0009999999954755294,0.0009999999901185949,0.0009999999910297163,0.0009999999891236913,0.000050954053032568375,0.000051001699522372185,0.8506712108257242,70.75013167578538,63.11907106986927,0.013810622710467312,0.0006154999794149551,0.0005936105883654614,0.00691687991660831,0.004530999999999888,0.004530999999999927,0.0045309999999999405,0.0010353099999995384,0.0010353099999995167,0.0010353099999995266,-0.17599509565571067,9.71397958500754,0.527375123224764,0.0026550078439378224,-0.00007352173911424128,-0.004196859123486489,-18.511688270568847,12.568688011169433,9.557250394821168,976.764150390625,-0.05134953685786516,24.330908063377304
2025-03-01T17:45:33Z,39.879573084884036,-75.6063344643461,137.89457297794613,11.373098999297035,9.509601787880497,-0.2837611257346335,1.460690335482865,0.02165842854262527,0.6432197254389241,0.0010000000003892026,0.0010000000037186684,0.0009999999956106446,0.000999999989859111,0.000999999991040258,0.0009999999889293717,0.00005195054079196804,0.00005200181887798976,0.8423358611063541,73.54758565006928,66.18251954177512,0.013462948504485893,0.0006196414246313861,0.000602473786499605,0.006919242790818552,0.004531999999999887,0.004531999999999924,0.00453199999999994,0.001035319999999538,0.0010353199999995155,0.0010353199999995264,-0.054348176059457326,9.691814569000131,0.4966678838441354,-0.0024145028159508752,-0.0022392541571117546,0.0021744939160560596,-19.875000839233397,12.572437973022462,9.067500352859497,976.6163842773437,-0.07674715826278222,25.205135593141307
2025-03-01T17:45:34Z,39.87153363023552,-75.60604404968795,138.5144198091314,9.388203633584931,10.971096984791197,-0.318419289759835,1.4533109989936444,0.01758491100182145,0.6352290170996969,0.0010000000004790903,0.0010000000038714572,0.0009999999953511957,0.0009999999899861093,0.0009999999906361748,0.0009999999887937213,0.00005294689050773694,0.0000530019473798202,0.8319530079560428,76.47201255310308,69.44420610457725,0.01360788493816221,0.0006255752066130847,0.0006111401207083516,0.006923824153713378,0.004532999999999887,0.004532999999999924,0.004532999999999939,0.0010353299999995374,0.0010353299999995157,0.0010353299999995265,-0.014678966905379561,9.694238828655338,0.5228287556029046,-0.002608610752297537,-0.0033518295051708207,0.0009547674605191324,-19.694250774383544,12.868500547409058,9.21956286907196,976.6507348632813,-0.07325539244664629,25.267758031470503
2025-03-01T17:45:35Z,39.86353419625707,-75.60580843437823,139.0959294637088,7.495059650953836,12.093306526473764,-0.2827942868278008,1.445391513932875,0.016501739271527743,0.6318220906082566,0.0009999999999933417,0.0010000000038601253,0.0009999999954910955,0.0009999999901471111,0.0009999999905544571,0.0009999999887218324,0.00005394305785983644,0.00005400208554886182,0.8213608821860832,79.60703130751165,72.94877863444803,0.014214266057819596,0.0006334432047440438,0.000619483459884243,0.006932549762088917,0.0045339999999998845,0.004533999999999923,0.004533999999999937,0.0010353399999995377,0.001035339999999516,0.001035339999999527,-0.08837790990901591,9.769572861031794,0.5479533998118635,-0.0045226530450529715,0.0006187917069106618,-0.00172285635149325,-19.32225082397461,13.035563039779664,9.47006284236908,976.5984985351563,0.003608172290480943,25.158593337739898
2025-03-01T17:45:36Z,39.85365866268093,-75.60563964894341,139.8281082929909,5.526875539452617,12.881117721963678,-0.337664502513701,1.4388852864555979,0.016311029905848606,0.6274070954324944,0.0009999999996026412,0.0010000000035335656,0.000999999995443324,0.0009999999899094809,0.0009999999902232826,0.0009999999886851788,0.00005493899502530608,0.00005500223348230941,0.8126825054816604,82.91471583063773,76.59007226488387,0.015359255020098153,0.0006427191629134315,0.0006276822232638152,0.006944006363707872,0.004534999999999883,0.00453499999999992,0.004534999999999936,0.0010353499999995368,0.0010353499999995156,0.0010353499999995264,-0.10283225445387616,9.662002279934384,0.5954012401315174,-0.004076855694329727,-0.0005668869920767035,-0.003533586249386009,-19.27500078201294,12.831563062667847,9.085687847137452,976.40541015625,-0.10092966978178525,24.874120414162636
2025-03-01T17:45:37Z,39.84140144015238,-75.60560027635013,140.7613084525731,3.6179033553517312,13.093171731445475,-0.2771036590286114,1.435741537695903,0.01301785073320183,0.6226613989215545,0.000999999999700433,0.0010000000036074026,0.000999999995199003,0.000999999989825236,0.0009999999903121475,0.0009999999886265262,0.00005593466003306183,0.00005600239075096309,0.8082251782010279,86.49159805109942,80.38736414127871,0.01697874439829657,0.0006526298935618647,0.0006357790607500433,0.006954453406654943,0.004535999999999886,0.004535999999999918,0.0045359999999999385,0.0010353599999995376,0.001035359999999516,0.0010353599999995268,-0.10684252611694237,9.752464110688807,0.6574649187558262,-0.002466075784603179,-0.0020893756532675274,-0.0014988729995838142,-20.780813331604005,12.236625514030457,8.473500349521636,976.166044921875,-0.006643572379843858,25.561197594206313
2025-03-01T17:45:38Z,39.82983722751351,-75.6056996104068,141.62963826970486,2.1867629585490724,12.743583941260315,-0.2488115777720361,1.4418857973444967,0.00786795878980461,0.6214462757503022,0.0009999999997899515,0.0010000000035011573,0.0009999999950907525,0.0009999999894484486,0.0009999999903628322,0.0009999999888097002,0.00005693002256714134,0.000057002556313689363,0.8098584538018988,90.27607712843543,84.2355531092635,0.019314066379423105,0.0006622341994046735,0.0006438072241835972,0.006963451325582048,0.004536999999999883,0.004536999999999919,0.0045369999999999395,0.0010353699999995378,0.0010353699999995163,0.0010353699999995272,-0.13731243808317714,9.737945054222626,0.5468779308118424,0.004475250800528447,-0.0007371278804812772,0.0009227223179950777,-19.649813194274902,12.838875522613526,8.860125370025635,976.1337963867187,-0.027530735854528348,25.088865271707395
2025-03-01T17:45:39Z,39.81811638153339,-75.6059696637075,142.46143762013554,1.3239143129661244,11.849046783868308,-0.3278863435689935,1.4409304111883983,0.006024948739003564,0.6217178560438767,0.0010000000002293355,0.0010000000035908676,0.000999999995067344,0.0009999999892960623,0.0009999999902031934,0.0009999999888318201,0.00005792507455847099,0.00005800272822253604,0.8198955949487324,94.17573947180352,87.94759860850846,0.022701447440946737,0.0006702079867632681,0.0006518950185550584,0.006975193035317979,0.00453799999999988,0.004537999999999918,0.0045379999999999405,0.0010353799999995377,0.0010353799999995163,0.001035379999999527,-0.0181884485207881,9.63932355149237,0.41084466336180575,-0.005052069586394686,-0.0006436617609444108,-0.002262453649993527,-21.289688358306886,12.686625533103943,8.676000318527223,976.0514208984375,-0.13359035654940127,26.257791546840945
2025-03-01T17:45:40Z,39.80551159158184,-75.60647251959614,143.3518908566075,1.1910856019646183,9.997726284037826,-0.28748621066902524,1.449780238258967,0.0009563961625536025,0.6183635406983015,0.0009999999999721566,0.0010000000034521659,0.0009999999951276278,0.000999999989321612,0.0009999999903801745,0.000999999989030486,0.00005891985247140014,0.00005900290355544698,0.8402284695603407,98.27883228296741,91.42298416354579,0.025777322915376658,0.0006746866195338904,0.0006602603940889918,0.006983144056012386,0.004538999999999877,0.0045389999999999155,0.004538999999999938,0.0010353899999995379,0.0010353899999995162,0.001035389999999527,0.055909306052221996,9.722155045505747,0.5327988505499713,0.0018507025582886008,-0.00666067996347704,0.00017082429400962868,-20.7196883392334,12.877313022613526,8.66700038433075,975.9171655273437,-0.04456497519109234,25.889089333606286
2025-03-01T17:45:41Z,40.06490142298701,-75.5902690984558,143.43714643751966,28.861314723350453,1.0224743750433885,-0.17401791666391458,1.5080311295081195,0.04133271822614774,0.666127259334009,0.001000000000119257,0.0010000000033043542,0.000999999995100792,0.0009999999891265774,0.0009999999903146431,0.0009999999890551309,3.071821185154193e-10,3.0718201959422285e-10,0.5508218263421127,0.0021495915979850397,0.0021495868698022903,0.013921574372019338,0.00017358797774744093,0.00017146225953333023,0.006639902512464109,0.004539999999999877,0.004539999999999915,0.004539999999999937,0.001035399999999537,0.0010353999999995157,0.0010353999999995263,-0.10777480788471172,9.681184117735866,0.45693133493633686,0.004244924596379763,0.00009404903275589556,-0.002682381625157704,-21.61593828201294,12.50456301689148,8.75531286239624,975.7616381835937,-0.08801749486009582,26.462533844246433
2025-03-01T17:45:42Z,40.06503745848467,-75.59025583574768,144.18942624552744,29.046846226019344,1.238544050443152,-0.18091429560478534,1.5071900860843803,0.04420645837334253,0.6693166982995163,0.0009999999999542046,0.0010000000037244515,0.0009999999951911776,0.000999999988665948,0.0009999999902172928,0.000999999989119016,1.0003071822449282e-6,1.000307182280064e-6,0.5904663411638813,0.01973862738852803,0.01945444380848183,0.014311015892491435,0.00018301803955009705,0.00018141602893507818,0.006650117255709329,0.004540999999999878,0.0045409999999999175,0.00454099999999994,0.0010354099999995378,0.001035409999999516,0.001035409999999527,-0.1331635763472518,9.685305554704541,0.5441647564352122,-0.003728528683696412,0.003530580141953726,-0.003260199911657752,-21.049125766754152,13.055062990188599,8.623875346183777,975.6990625,-0.0791095040861952,26.22725538838718
2025-03-01T17:45:43Z,40.06517180282632,-75.5902423762461,144.9309435029174,29.44134934514906,1.1101298900339949,-0.13339896558602882,1.5036571007472865,0.0444242452574289,0.6672524139554522,0.0009999999998961465,0.0010000000034018624,0.0009999999950088523,0.0009999999886351268,0.000999999990383014,0.0009999999887785258,2.000307183197999e-6,2.000307185727967e-6,0.6305428970951492,0.07112752541751831,0.0716033236139494,0.014102832081487571,0.00019207878293468658,0.00019138975659600767,0.006660158646843228,0.004541999999999878,0.004541999999999915,0.004541999999999938,0.0010354199999995381,0.0010354199999995164,0.001035419999999527,-0.19336724591641458,9.71382067420462,0.9385163141116953,-0.006440201125697632,-0.001958858009904898,-0.0009899856072486293,-22.499813346862794,11.999437985420228,8.460375332832337,975.7000219726563,-0.019624032168888205,26.866397830904837
2025-03-01T17:45:44Z,40.06530062741505,-75.59022959608062,145.81786232730704,29.552038918719905,1.273645085691928,-0.1273986363996922,1.5133409525262504,0.04660085739680028,0.6681613668169842,0.0009999999998554824,0.0010000000030123408,0.0009999999953663615,0.0009999999888777025,0.0009999999906987306,0.0009999999891246432,3.0003071846460355e-6,3.0003071997164415e-6,0.6684923961613841,0.15787402452469007,0.15586936472491825,0.014326165059954021,0.00020094553361563395,0.00020132465812991408,0.006670345665570468,0.004542999999999876,0.004542999999999913,0.004542999999999935,0.0010354299999995383,0.0010354299999995164,0.0010354299999995272,-0.23386152711748626,9.689134064353086,0.4551517567113283,0.006045307176997516,0.0010973022114418732,-0.002934405222644757,-20.869875812530516,12.439500503540039,8.758687863349914,975.5517236328125,-0.07797493149588394,25.826437559855925
2025-03-01T17:45:45Z,40.06540565184552,-75.59021834411004,147.08772086311862,29.90289015130273,1.2478219923247804,-0.07101147162989005,1.5147788587323752,0.04332525844114383,0.6686060564268557,0.0010000000000598738,0.0010000000030425226,0.0009999999956373782,0.0009999999888954,0.0009999999907357132,0.0009999999888864594,4.00030717532844e-6,4.000307235854287e-6,0.7029978958327492,0.2819874965012957,0.2777798753370237,0.014258129912144186,0.00020952269814785796,0.0002112325925513004,0.006680246296586993,0.004543999999999875,0.004543999999999912,0.004543999999999934,0.0010354399999995384,0.0010354399999995168,0.0010354399999995276,-0.13439986416186342,9.697548873262573,0.6183023806484186,-0.0035461043242106874,0.00033438918478812234,0.0020242815669063666,-21.12881322860718,12.158813018798828,8.548500332832337,975.1863598632813,-0.062443408225168966,25.832880491672015
2025-03-01T17:45:46Z,40.065491815221634,-75.59020798238949,148.16972328156334,30.288487497649374,1.369632349444688,-0.025289651199394747,1.5152013387676615,0.042226909691047525,0.6651268281938126,0.0010000000001520006,0.0010000000033374753,0.0009999999953361578,0.0009999999890126234,0.0009999999906513343,0.0009999999889067756,5.000307112666244e-6,5.000307309812568e-6,0.7328826366973417,0.44607914646978725,0.4376130694912066,0.01432301590776532,0.0002179838588139157,0.00022112657565540215,0.0066902385694203705,0.004544999999999875,0.004544999999999912,0.004544999999999934,0.0010354499999995382,0.0010354499999995165,0.0010354499999995275,0.015435947391282064,9.725706317210673,0.5055723209090064,-0.003504545477911075,-0.0034332777695967424,-0.0003178675868395702,-21.136875705718992,12.56737551689148,9.138187885284424,975.2798876953125,-0.04177974030066484,26.233761703931247
2025-03-01T17:45:47Z,40.06555983498596,-75.59019799283487,149.07180158585555,30.75937744809074,1.3902917992867265,0.0021225573245692575,1.515545605342224,0.04624743764750168,0.6606492332146691,0.001000000000401046,0.0010000000035863441,0.0009999999954484404,0.0009999999890261053,0.000999999990751367,0.0009999999892432903,6.0003068930939905e-6,6.000307442243904e-6,0.7577907131529427,0.6512658575648443,0.6380517693243228,0.014270574685769193,0.00022648751104358718,0.00023096100699257578,0.006700513702870238,0.0045459999999998765,0.004545999999999914,0.004545999999999935,0.0010354599999995375,0.001035459999999516,0.0010354599999995266,0.015111684353714926,9.724507942832153,0.6392395794525194,-0.0026696969034327696,-0.004115409592635562,-0.005428770063838063,-21.794438400268554,12.271312942504883,8.924250311851502,975.354921875,-0.03512966717337388,26.55602023491546
2025-03-01T17:45:48Z,40.06555631362333,-75.59019386644673,150.2553473512742,31.13194689222519,1.2578533458239045,0.01203778265302248,1.5172279336022352,0.04764283996150782,0.6582156649290174,0.0010000000004852004,0.001000000003734576,0.0009999999951805128,0.0009999999890625696,0.0009999999906721464,0.0009999999893440504,7.0003063145840745e-6,7.0003076574662525e-6,0.7775800522494899,0.8982040292422611,0.8739306898595471,0.014176742060048058,0.0002350166190103477,0.00024067528717719374,0.006710693254062406,0.0045469999999998775,0.004546999999999915,0.004546999999999932,0.0010354699999995368,0.0010354699999995149,0.0010354699999995257,-0.13123231447271677,9.67816372955464,0.6057178334712268,-0.002184176781966383,-0.0020790275679936415,-0.0033132749548113838,-24.68306358337402,11.608312892913819,11.216437878608703,975.0617895507812,-0.08263773876786094,29.4925759614031
2025-03-01T17:45:49Z,40.06554025281325,-75.5901915363355,151.19826486381007,31.277857906758985,1.1287525425500082,0.07941373484621349,1.5140274560865103,0.04845346114466128,0.6654114630887663,0.001000000000535847,0.001000000003936613,0.0009999999951657197,0.0009999999890896475,0.0009999999906539826,0.0009999999890663747,8.000305035992823e-6,8.00030798348254e-6,0.792747964356321,1.1925509342227592,1.145032228280327,0.014001434972881687,0.0002437465348206612,0.00025014789776270846,0.006720901435627604,0.004547999999999876,0.0045479999999999176,0.004547999999999935,0.0010354799999995376,0.0010354799999995152,0.0010354799999995267,-0.32255547693109854,9.761516959504524,0.5182823921068027,-0.006406152865156556,0.007501201623211648,-0.0019875644978367985,-20.63756326675415,11.694187965393066,8.930812845230102,975.1514135742187,-0.000026115931301317914,25.34600346032004
2025-03-01T17:45:50Z,40.06550965352064,-75.59019046970862,152.02036340944338,31.6066883027621,1.0996804427077902,0.1263784978859931,1.5140859398195992,0.048289371743841125,0.6638722050827697,0.001000000000645731,0.001000000003957628,0.000999999995193511,0.0009999999895792919,0.0009999999904763454,0.0009999999892326057,9.000302536275381e-6,9.000308452763047e-6,0.8040063625963633,1.5350302074949045,1.4626298963287174,0.01398737911198284,0.00025247749575606736,0.00025958330881371334,0.0067309686986808505,0.004548999999999878,0.004548999999999915,0.004548999999999938,0.0010354899999995377,0.0010354899999995143,0.0010354899999995269,-0.11699305299637593,9.765364480624406,0.599833842932638,-0.002003920773897547,-0.0012578647301555589,-0.0013504961596812074,-21.167063255310058,11.259937963485719,8.780812878608703,975.1792211914062,0.0038562997849629485,25.532936556136693
2025-03-01T17:45:51Z,40.065434319266785,-75.5901915816846,152.82002218307457,31.82235628203413,1.1809423023606027,0.08873297900064668,1.5185094848537495,0.049795397825724265,0.6601378015479898,0.0010000000007140382,0.0010000000042806188,0.0009999999951653942,0.0009999999896787937,0.0009999999908049178,0.0009999999888798971,0.000010000298073237524,0.000010000309102247674,0.8125195245867326,1.9249245197192566,1.814687590709616,0.014096137164217055,0.000261352935550578,0.0002688843643159122,0.006741128251746113,0.00454999999999988,0.004549999999999918,0.004549999999999936,0.0010354999999995366,0.0010354999999995138,0.0010354999999995275,-0.11737094188546143,9.694198885595815,0.41483269685211366,0.0026855503283650423,-0.003300923994755037,-0.0032500184644994085,-20.203688259124757,11.962312994003296,8.56781286239624,975.1089672851563,-0.07684342946197056,24.993815796355264
2025-03-01T17:45:52Z,40.06518524827918,-75.59020350331308,153.88812485635148,31.951691349135263,1.011254250164098,0.11389451480345165,1.514798744198929,0.04371652956592225,0.6607041333313562,0.0010000000007668842,0.0010000000042239214,0.0009999999948289405,0.0009999999895554093,0.0009999999906911946,0.0009999999888947076,0.000011000290650504539,0.000011000309971415163,0.8189238629155393,2.365904126760513,2.206607581663919,0.014050473942604662,0.0002702597130775467,0.0002779176660508964,0.006750869558823049,0.004550999999999882,0.0045509999999999206,0.004550999999999935,0.0010355099999995359,0.0010355099999995133,0.001035509999999528,-0.2214188466350859,9.72179614607065,0.47760440505220664,-0.006263618610101772,0.0008325945968567117,0.0036934778467039063,-20.553938217163086,12.023625431060792,9.034125375747681,974.8176123046875,-0.044567274846233774,25.46850559378825
2025-03-01T17:45:53Z,40.06472564090092,-75.59023001434156,155.20905713953613,32.14401348646241,0.6956437428829606,0.14972905097165579,1.5204487072496216,0.04034767239381987,0.6567341916817373,0.0010000000010729196,0.0010000000044481923,0.0009999999949482305,0.0009999999890110886,0.000999999990672347,0.0009999999887885982,0.000012000278986769318,0.000012000311105124339,0.8234133867987872,2.858349749245246,2.6447871918416537,0.014077158954183964,0.00027930340630484383,0.0002868211180253094,0.006760798201807768,0.004551999999999885,0.004551999999999923,0.0045519999999999354,0.0010355199999995362,0.001035519999999514,0.001035519999999529,-0.10255766625339363,9.711584792586308,0.5563315456500231,0.0029230536766304853,-0.0032707148285657413,-0.00010873789603811136,-20.817563285827635,12.217312955856324,8.813625373840331,974.5303735351563,-0.05252556557556474,25.696518387150665
2025-03-01T17:45:54Z,40.06443638473888,-75.59024808320832,156.06262779044584,32.46087290833666,0.5595111877020837,0.1502861221153223,1.511393281080555,0.04011058030997257,0.6541964687698539,0.0010000000010176252,0.0010000000041714596,0.0009999999948858175,0.0009999999890862538,0.0009999999907498779,0.0009999999888777636,0.000013000261486908336,0.000013000312553596661,0.8266307012570644,3.4047161713622263,3.1332174724604664,0.014254071449985754,0.0002885509359697285,0.0002954556728650987,0.006770841135422652,0.004552999999999883,0.004552999999999926,0.004552999999999933,0.0010355299999995357,0.0010355299999995132,0.0010355299999995286,0.019578272499933803,9.722912763591134,0.6424300141808803,-0.01049894753738065,-0.001967202863719153,-0.0020079265712249915,-21.8049383354187,12.587250518798829,8.689312844276428,974.7336157226563,-0.03642751814739583,26.634482570093454
2025-03-01T17:45:55Z,40.06421281734634,-75.59026067498603,156.6100456265799,32.321371964241415,0.9440737482411421,-0.06553852792294057,1.5170282319633175,0.03843252937355729,0.6555017751419824,0.0010000000012314277,0.0010000000045665483,0.000999999994798399,0.0009999999888099219,0.00099999999042214,0.000999999988828621,0.000014000236253851152,0.00001400031436452046,0.8299308785281267,4.000627883338512,3.629737670830437,0.014566498739412573,0.00029793309694415643,0.00030371242484715635,0.006780766415460453,0.004553999999999881,0.004553999999999927,0.004553999999999934,0.0010355399999995366,0.0010355399999995123,0.0010355399999995274,-0.04709125425194272,9.557620398157669,0.009983445060774834,0.0045653784059908956,0.0016662744097849355,0.0001015594284750627,-23.533125820159913,11.558812937736512,8.069437818527222,974.7935034179687,-0.22286071416475714,27.432229323514406
2025-03-01T17:45:56Z,40.06406553469926,-75.59026481023864,156.7632947931753,32.280278056919684,1.2711528181265392,-0.31611001930639293,1.5349519842705994,0.03565486124950348,0.6502914680698628,0.0010000000010627502,0.0010000000047066687,0.000999999994640062,0.0009999999887445453,0.000999999990455559,0.0009999999889219679,0.000015000201122116274,0.000015000316583433765,0.8338818289994854,4.648559848564014,4.1685819022571,0.01487712429703758,0.0003071209631862397,0.0003118277319119306,0.0067905305086177455,0.004554999999999881,0.004554999999999927,0.004554999999999935,0.0010355499999995358,0.0010355499999995116,0.0010355499999995278,-0.02700200338567505,9.530769100820425,0.04258925136947246,0.017448116683948942,-0.0050113456284134605,0.0013314673293647493,-23.22075080871582,12.665438041687011,7.98881285905838,974.8755590820313,-0.24973603473745304,27.63032593416704
2025-03-01T17:45:57Z,40.06382508266091,-75.59027159397023,156.77351545444347,32.38880594720233,1.4548315542392078,-0.4466058519102948,1.5508570272107987,0.03990029107152949,0.6471233559761121,0.0010000000009758538,0.0010000000042929447,0.000999999994159694,0.0009999999885617577,0.0009999999903779265,0.0009999999886173444,0.00001600015366390846,0.000016000319263490244,0.8382103253510308,5.3580065596495725,4.76229851757245,0.015227620758326394,0.0003164931806998261,0.0003195621667072972,0.006800793328950786,0.004555999999999881,0.004555999999999927,0.004555999999999934,0.001035559999999536,0.0010355599999995117,0.0010355599999995288,0.0404357115193508,9.643112149869662,0.06847161940772879,0.0152388221628518,-0.0026798784938501857,-0.005825831876544644,-23.086875915527344,12.66562551498413,7.912500333786011,974.846826171875,-0.13722020708854518,27.49594107946632
2025-03-01T17:45:58Z,40.0633277264012,-75.59029579218502,156.86329944518928,32.59654195821141,0.8349531272227413,-0.5050807500091,1.5444043035482344,0.040927046148614483,0.6485968630092207,0.0010000000009572105,0.001000000004149226,0.0009999999945216195,0.0009999999887908254,0.0009999999905544296,0.0009999999887414257,0.000017000091129895195,0.000017000322469533694,0.8413082788304254,6.108070434467535,5.4104673776410435,0.01474163569756171,0.00032598745456280577,0.0003268206574698589,0.006810911404965432,0.004556999999999878,0.00455699999999993,0.004556999999999932,0.0010355699999995364,0.0010355699999995108,0.001035569999999529,-0.2642889440903641,9.672711260806935,0.6692649189278748,-0.00764190297993381,0.002066841951941324,-0.0033032607831985526,-21.60243829727173,13.586250495910644,10.865062956809998,974.7325024414063,-0.0811544237057669,27.73622751312706
2025-03-01T17:45:59Z,40.06253840549403,-75.5903452463136,157.083636714607,32.83025864993458,-0.30122396270369767,-0.49417953070715825,1.5360941903515113,0.03583722646593889,0.6506086549451479,0.0010000000011232948,0.0010000000045023519,0.0009999999943996977,0.0009999999890334492,0.0009999999903198345,0.000999999989023847,0.000018000010277282647,0.00001800032628809687,0.8409303048595975,6.912697922055197,6.119169795231351,0.014240952311538902,0.0003355450532795736,0.0003337999336588695,0.006820616873957181,0.0045579999999998755,0.004557999999999928,0.00455799999999993,0.0010355799999995365,0.0010355799999995112,0.0010355799999995294,-0.4027948058443403,9.705883915261252,1.1390603435988373,-0.00962337433543451,0.0026651887559724042,0.002074685868928646,-21.446813259124756,11.904750490188599,8.202937860488891,974.6140454101562,0.0003232065224407229,25.864540276226318
2025-03-01T17:46:00Z,40.06142784799995,-75.59042048816464,157.43620404181783,32.96590889647955,-1.3454371502939328,-0.5060315001742572,1.5385711438801155,0.03410684343484785,0.6470358371615366,0.0010000000009346404,0.0010000000043007033,0.0009999999943916026,0.0009999999889344195,0.000999999990420184,0.0009999999892856394,0.000018999907334365324,0.000019000330823979543,0.8379878993595984,7.776021333975813,6.885168511996623,0.014401091955027623,0.0003452639929917607,0.00034080736828243335,0.006830570753958576,0.004558999999999877,0.004558999999999929,0.004558999999999929,0.0010355899999995373,0.001035589999999512,0.0010355899999995302,-0.25283477504749235,9.678281398893763,1.0461933274051511,0.0015811535005624108,-0.0025797360863714664,-0.002141615903296336,-21.823875942230224,12.126188011169434,8.636437816619873,974.49119140625,-0.04240832346420066,26.418012220998932
2025-03-01T17:46:01Z,40.06035492587662,-75.5904988289168,157.62932925739378,33.012379474839015,-2.259866921824253,-0.5745274079693998,1.5315411692110434,0.030713923677483542,0.6479543731222037,0.0010000000006974998,0.0010000000043869127,0.000999999994120065,0.0009999999886943084,0.0009999999906133955,0.000999999989426178,0.000019999778111939894,0.00002000033619324572,0.8346596565028366,8.687816000253454,7.7079405401944605,0.014819552078766738,0.00035527483764356187,0.0003475598391410178,0.006840356119600688,0.004559999999999876,0.004559999999999929,0.004559999999999929,0.001035599999999538,0.0010355999999995128,0.0010355999999995306,-0.26429025095422154,9.632424186702243,1.0050622765156645,-0.0074140799693934835,0.001759072427943271,0.00014028084018528355,-18.882563171386717,14.22243805885315,10.107937898635864,974.5388110351563,-0.09192982600555376,25.709856700408118
2025-03-01T17:46:02Z,40.059114407788805,-75.59058792334737,157.81944760654343,33.09817674303334,-3.382493843554528,-0.5353993793915304,1.5248952144138073,0.01686863921890741,0.6440452460181477,0.0010000000009257749,0.0010000000044144278,0.0009999999945481035,0.0009999999888943344,0.0009999999905066779,0.0009999999890651704,0.00002099961801227317,0.000021000342536373613,0.8323049543641698,9.65952832447857,8.625985573179625,0.015985525673827532,0.0003649407253403103,0.00035445892931976214,0.006849322873958955,0.0045609999999998785,0.004560999999999927,0.004560999999999927,0.0010356099999995372,0.001035609999999512,0.00103560999999953,-0.23214666858136865,9.71972235742766,1.3643445921897082,-0.006239917702171289,-0.0034309413247679676,0.010316019474018273,-20.04600088119507,14.439000539779663,9.860437932014465,974.50779296875,0.03762688943967059,26.5998575265626
2025-03-01T17:46:03Z,40.0580818789131,-75.59067076827861,157.80881165613354,32.91425439183802,-4.179222430335014,-0.6256783618791019,1.5168089509748262,0.004293156924565217,0.6469304881920777,0.0010000000011282572,0.001000000004671244,0.0009999999947249076,0.0009999999888369172,0.0009999999903168642,0.000999999989234185,0.00002199942227910197,0.00002200035000366472,0.8321456647384466,10.65789346539753,9.584922007898165,0.016758712456110828,0.0003746576150912741,0.00036120768605817473,0.006858385858161397,0.0045619999999998795,0.004561999999999925,0.004561999999999925,0.001035619999999536,0.0010356199999995127,0.001035619999999529,-0.24608779895676083,9.612694503654694,1.1054255032437548,-0.007261363804565786,0.003102975006667009,0.010189006485580007,-19.8103133392334,13.893938083648681,9.417750415802002,974.6155615234375,-0.10086454048468602,25.96500363616111
2025-03-01T17:46:04Z,40.057283880455856,-75.59074689224036,157.53111087837271,32.65128722929933,-4.911882978162728,-0.7565386477596422,1.5124118217242113,6.278738299846068,0.6557721473242556,0.0010000000009186068,0.0010000000046157093,0.000999999994462716,0.0009999999886803976,0.000999999990283167,0.0009999999889954972,0.000022999186308064463,0.00002300035873797485,0.8342684909750435,11.688417701523422,10.604922433150007,0.01748942171910362,0.00038396700375126756,0.0003680639401546046,0.006867678976899645,0.0045629999999998805,0.004562999999999922,0.004562999999999926,0.0010356299999995352,0.0010356299999995126,0.0010356299999995278,-0.30233613042723834,9.584248692825732,1.1176844680200617,-0.003300924059326826,0.008946914962086685,0.007501201407341013,-18.25668830871582,14.361188077926636,9.355875334739686,974.7440844726563,-0.12602129658413896,25.04157041861688
2025-03-01T17:46:05Z,40.05649603044103,-75.59082167848727,157.07772179443577,32.098470216011485,-5.373612178914961,-0.9008086003005873,1.506866100504856,6.271676314424845,0.6711221364414319,0.0010000000007923204,0.0010000000047292322,0.0009999999944045616,0.000999999988354511,0.000999999990404551,0.0009999999887581796,0.000023998905820623993,0.000024000368873834653,0.837870772129253,12.743945594779115,11.67014409283271,0.017456014015546747,0.00039246030257812295,0.00037529525780313603,0.006877072229613326,0.0045639999999998815,0.00456399999999992,0.004563999999999927,0.0010356399999995347,0.001035639999999512,0.0010356399999995266,-0.33952556444888,9.592100532151907,0.8295840451997488,-0.004026784414968803,0.015415739090539683,0.006590745702191636,-19.961063327789308,13.754250564575194,9.857250394821166,974.8211865234375,-0.14600699249576188,26.168419580500288
2025-03-01T17:46:06Z,40.054383160810204,-75.59090239597067,156.98949537084857,30.507426953210896,-5.756288276185103,-0.9786747513488708,1.501104577491115,6.262455278868391,0.7044737065072295,0.001000000000882752,0.0010000000046043538,0.0009999999944777709,0.0009999999881631673,0.000999999990269294,0.0009999999887589004,0.000024998576403830306,0.00002500038051797511,0.8403204520351222,13.848898171640903,12.758633227626442,0.01698862501301898,0.00040023067986637707,0.0003829770250527528,0.006886409627985111,0.004564999999999879,0.004564999999999917,0.004564999999999925,0.0010356499999995342,0.0010356499999995116,0.0010356499999995264,-0.7084778926256275,9.636212800974885,0.5957699692795749,-0.0013563375445043225,0.03377856810097088,0.008865466321535228,-16.78668824195862,14.175188093185424,8.234437837600709,974.5447412109374,-0.09926926205903283,23.46342774031458
2025-03-01T17:46:07Z,40.051835368554244,-75.59096501184443,156.9116443291773,28.658159440549742,-5.736082719354069,-1.0577691427314317,1.4920291782084292,6.2561481197179045,0.7425961681220636,0.0010000000007121858,0.0010000000048421102,0.0009999999945085822,0.0009999999882820865,0.0009999999906025372,0.0009999999885710884,0.00002599819282014078,0.000026000393752362135,0.8398690956334544,15.011050831967651,13.89100693439311,0.016626635138071152,0.00040703908563711924,0.0003916312680027038,0.0068958714757882894,0.0045659999999998774,0.004565999999999915,0.0045659999999999226,0.0010356599999995345,0.0010356599999995111,0.0010356599999995274,-0.6381184467713275,9.65105811672063,0.36871070984411586,-0.003335806735634134,0.0385284590693014,0.007331794997650822,-15.698625602722167,15.63262565612793,8.263875303268433,974.5003198242188,-0.10067035476085366,23.64561402262224
2025-03-01T17:46:08Z,40.04852085665591,-75.59099614269307,156.94548674015718,26.825100499115695,-5.370597156181413,-1.1161661247401182,1.4818901148143546,6.253033849644741,0.775547704674372,0.0010000000009796897,0.0010000000045802732,0.0009999999946833022,0.0009999999883023036,0.0009999999906133295,0.0009999999882070504,0.00002699774930865561,0.000027000408651022244,0.837806267768525,16.262738416873802,15.07812934482976,0.016945189408309344,0.0004132587430925647,0.00040104414613998686,0.006905496635559307,0.004566999999999879,0.004566999999999911,0.004566999999999924,0.0010356699999995332,0.0010356699999995108,0.0010356699999995262,-0.4701128826396832,9.65052991612268,0.46851168295700385,-0.003188932371715066,0.03334078182975336,0.00522063953757444,-14.911500577926637,16.213875637054443,7.606687793731689,974.385576171875,-0.10652472687663468,23.304547696862556
2025-03-01T17:46:09Z,40.044538273896514,-75.59098375059507,157.07657854906077,24.95600679682076,-4.477270753957239,-1.1100565196696408,1.4723992210261068,6.255817195578848,0.808943298675363,0.0010000000012157812,0.0010000000045210131,0.0009999999945715982,0.0009999999884060713,0.0009999999904756367,0.00099999998800696,0.000027997239906199375,0.0000280004252791021,0.8357437647543531,17.620596334834705,16.29950533251512,0.017443608774214175,0.00041961629827985203,0.0004104449362442975,0.006915403620334973,0.00456799999999988,0.0045679999999999115,0.004567999999999927,0.0010356799999995336,0.0010356799999995101,0.001035679999999527,-0.38524743396948896,9.719602718984474,0.3149722275464256,-0.002058832406795997,0.03384983527225335,0.0014230969547411266,-15.626250667572021,15.871500654220581,9.935062885284424,974.2934057617188,-0.04760121401170763,24.3882602688907
2025-03-01T17:46:10Z,40.03924537440376,-75.59090221926408,157.53387126136187,23.153655487923977,-3.2348123742568027,-1.042083249123223,1.4629809767710333,6.264944253071057,0.8463544184330176,0.0010000000013305594,0.0010000000049090896,0.0009999999942702808,0.0009999999882581215,0.0009999999906416296,0.0009999999878164876,0.00002899665865578271,0.000029000443688967836,0.8355695921217341,19.116151243895057,17.548016882121125,0.01916511499573031,0.000426825832880827,0.000418977526781912,0.006925611637637291,0.004568999999999881,0.004568999999999912,0.004568999999999927,0.0010356899999995335,0.001035689999999509,0.0010356899999995261,-0.5758266059856378,9.744103554642956,0.4512827067695733,-0.0014331133115585118,0.03787753758089141,-0.0015808221562074991,-21.71250087738037,16.965188245773316,5.907562761306763,974.0632788085937,-0.008528140310322776,28.180609300684516
2025-03-01T17:46:11Z,40.03453088735556,-75.59079198806693,157.82201156589005,21.878229992921526,-1.9231539233283383,-0.9602732636360936,1.4586007825196212,6.268983881125445,0.8833575932939187,0.0010000000013164652,0.0010000000050093259,0.0009999999942951108,0.0009999999884386808,0.0009999999904710462,0.0009999999876509186,0.00002999600126228799,0.000030000463925701323,0.8401721167045368,20.729690661708005,18.818160865968636,0.021369075420307693,0.00043540821626349586,0.00042585630562674354,0.006935396180963876,0.004569999999999884,0.004569999999999914,0.004569999999999929,0.0010356999999995321,0.0010356999999995078,0.0010356999999995252,-0.5565336561765789,9.776472130452651,0.4397180494996584,0.0010463970005739635,0.03631365700237464,0.005108647810526763,-20.61112585067749,15.458250646591187,3.602812640070915,974.1815380859375,0.02197367095652875,26.014488987418478
2025-03-01T17:46:12Z,40.031569908888024,-75.59070492357051,157.65415088363562,20.989084189101064,-0.9142344618221019,-0.9396644001417065,1.458628940713448,6.2747313820465,0.919056149957843,0.0010000000011307494,0.0010000000052482068,0.0009999999941093718,0.0009999999884971306,0.0009999999905605642,0.0009999999878929063,0.000030995266803178424,0.0000310004860510443,0.850991051443702,22.420430091003652,20.100778379913706,0.023832195471352822,0.00044523216973357626,0.0004304275093969991,0.006945374096547584,0.004570999999999882,0.004570999999999912,0.004570999999999927,0.0010357099999995332,0.0010357099999995089,0.001035709999999526,-0.4746219756661903,9.773758964283422,0.31096915641707445,0.0023822880255508234,0.0351436671466571,0.0024749193343569418,-19.108500785827637,15.687563238143921,3.1254376125335694,974.5140698242187,0.009916017537363332,24.91987701980759
2025-03-01T17:46:13Z,40.02844317572013,-75.5905882779454,157.54554547741697,20.52261009787184,0.046301143695692826,-0.879186221263684,1.4573713558690475,6.281074262638784,0.9577711523424763,0.0010000000012571684,0.0010000000051867326,0.0009999999939714571,0.0009999999887366582,0.0009999999902272744,0.0009999999880628122,0.000031994460115842866,0.0000320005101549586,0.8695432378446666,24.16805806087086,21.408794167212783,0.026712510689377342,0.0004560087806944981,0.0004322455094820142,0.006955259929424422,0.00457199999999988,0.00457199999999991,0.004571999999999926,0.0010357199999995333,0.001035719999999509,0.0010357199999995262,-0.563672247428336,9.786761274968303,0.459777882154868,-0.00028732482769112445,0.03781027573926263,0.003296415551875918,-19.748250732421877,15.327750730514527,1.8997500805556775,974.5258984375,0.03335236667453114,25.070697085492025
2025-03-01T17:46:14Z,40.02528581506351,-75.5904480718462,157.4900568381077,20.569118293393093,0.9682548320107505,-0.8369802736603715,1.4580134774791977,0.008749748967154195,0.9937000855796505,0.0010000000011291847,0.0010000000053402177,0.0009999999938892848,0.0009999999889592772,0.0009999999901943056,0.000999999987878573,0.00003299359483875486,0.00003300053634231192,0.8964359108953168,25.88929128185087,22.734390590728943,0.029023835486912834,0.00046671439333648455,0.00043151138478558874,0.006965440637735901,0.004572999999999881,0.004572999999999911,0.004572999999999926,0.0010357299999995324,0.001035729999999508,0.0010357299999995252,-0.585726090420053,9.737189999257305,0.6327390798669988,7.926787725261002e-6,0.0352242816113805,-0.0007861972696606172,-19.096688270568848,15.540000648498536,1.4761875576898456,974.5465942382813,-0.005217205917073082,24.66478758531703
2025-03-01T17:46:15Z,40.021742670256565,-75.59026831910226,157.48827977808315,20.76802719552075,2.2961765511218912,-0.988082269092573,1.4642398788416475,0.026203309094148627,1.031510653511447,0.0010000000009715625,0.0010000000050789774,0.0009999999937691446,0.0009999999890396886,0.0009999999903022028,0.0009999999881069954,0.00003399269157589176,0.0000340005647595419,0.9301219065102498,27.4375990420245,24.06293849544758,0.03222869341117842,0.0004764300054264673,0.00042865027817394794,0.006976150403636371,0.004573999999999885,0.004573999999999914,0.004573999999999924,0.0010357399999995312,0.0010357399999995087,0.001035739999999524,-0.643845533728263,9.564838086795156,0.16057436713454545,0.0035339178116175,0.037296714839722175,-0.0059970746491664235,-17.674125690460205,14.482125558853149,1.0777500354126095,974.5063891601562,-0.1928297537207751,22.875006023393336
2025-03-01T17:46:16Z,40.01737394790477,-75.5900259919753,157.7681647281255,22.11351770799171,3.4213839093921843,-0.7657982847019115,1.4722113334127431,0.03816000368755509,1.0771968886838545,0.0010000000009541714,0.001000000005254175,0.0009999999937265103,0.0009999999890062008,0.0009999999903023888,0.0009999999882776766,0.00003499177878211337,0.00003500059559566706,0.9692669664848581,28.899913271904897,25.492983028442676,0.03396444004465919,0.0004836667865127058,0.0004245673730146622,0.006985964563531648,0.004574999999999884,0.004574999999999915,0.004574999999999922,0.00103574999999953,0.0010357499999995086,0.001035749999999523,-0.9838519008752982,9.81994168662517,0.7166473904812619,0.0022172213156181793,0.0436745775853404,0.002145953597907613,-17.662313261032104,13.0878754901886,-0.6547500248253345,974.3693237304688,0.11429616981834358,21.992640990403196
2025-03-01T17:46:17Z,40.012624241435354,-75.58973578498636,158.40176820576266,24.069268886494786,5.039799036439764,-0.6178508728063574,1.4805168450302213,0.046349760894194014,1.1188519434178907,0.0010000000010956145,0.0010000000051076665,0.0009999999939749244,0.0009999999891840152,0.0009999999902817198,0.0009999999881220162,0.000035990888372370004,0.00003600062907283406,1.009327033942798,30.071674450756756,26.966130698427534,0.034787130089699525,0.00048730355990153466,0.0004205018796053889,0.006995063335089493,0.004575999999999883,0.004575999999999913,0.00457599999999992,0.0010357599999995294,0.001035759999999508,0.0010357599999995222,-0.7746662394208756,9.74622183727302,0.40899643022791315,0.000048985211490881536,0.03872874264263616,0.006330377526341463,-16.145250701904295,11.718188018798829,-0.6256875311583281,974.2410546875,0.0045202480176731305,19.95932132626241
2025-03-01T17:46:18Z,40.00701480935524,-75.58937143623972,159.5392785126163,27.257638461767215,7.249329403697486,-0.4252450880103136,1.4927041640141052,0.058766407832545886,1.1503313989537618,0.001000000000907706,0.0010000000049588532,0.0009999999941827846,0.0009999999890478587,0.0009999999905499638,0.000999999988333208,0.00003699004341201415,0.000037000665547745054,1.0434557672053983,30.957234074507046,28.51624769164562,0.03346860417272823,0.00048765972567227757,0.00041730870131174996,0.0070042927821311555,0.004576999999999884,0.004576999999999914,0.004576999999999921,0.001035769999999529,0.0010357699999995074,0.0010357699999995217,-0.46728137189073155,9.754577802652973,0.3811337760175914,0.0009038616504006309,0.02811788781834912,0.0028382674327234025,-18.16387575149536,12.217500476837158,-1.5871875634789467,973.97841796875,-0.008069367592118942,21.947907301825904
2025-03-01T17:46:19Z,40.001414667894906,-75.5889845424763,160.9567829012492,30.9315900562321,9.355125807118458,-0.25488273621577695,1.5065954714167846,0.07490207810598681,1.1895370177866489,0.0010000000007427269,0.0010000000050476873,0.0009999999942062116,0.0009999999890858051,0.0009999999908139932,0.000999999988118794,0.00003798925535379303,0.00003800070546123881,1.0678419923436604,31.593119499319407,30.172151950342826,0.03209254131907395,0.00048420156256818986,0.00041691484515551073,0.007013984550038352,0.0045779999999998825,0.004577999999999913,0.00457799999999992,0.0010357799999995282,0.0010357799999995067,0.0010357799999995213,-0.5958557073880372,9.719403321579106,0.26045575314100167,-0.00014128407427787518,0.03588471679009252,-0.001030042563318437,-19.167563343048094,12.22387550354004,-3.021937620639801,973.791904296875,-0.04040837197817338,22.93356479434337
2025-03-01T17:46:20Z,39.997622973627315,-75.58867735858688,162.0650639032623,33.739590263723656,10.750637991680726,-0.07361293879223876,1.5216279670856465,0.08319895627885651,1.2320952955172524,0.0010000000005303642,0.0010000000051383203,0.0009999999941809113,0.0009999999891595983,0.0009999999908827377,0.000999999988130696,0.00003898852629208797,0.000039000749239569434,1.0822386383314573,32.041396523422165,31.96746231181039,0.03007418077991099,0.0004765911471760017,0.00042031725841798983,0.007023310169912773,0.004578999999999884,0.004578999999999914,0.0045789999999999225,0.0010357899999995277,0.001035789999999506,0.001035789999999522,-0.6771096845709008,9.792940716097426,0.23608557747273118,0.002705913475763387,0.039917760173973374,0.0020645047394471936,-19.024125862121583,11.36887544631958,-3.610875126123428,973.8961938476563,0.037429203173259686,22.454505828949976
2025-03-01T17:46:21Z,39.994495660608585,-75.58840104161436,163.1250604315247,36.43909660231107,11.613985168997225,-0.014171012557262358,1.5314466496212344,0.09224981425238638,1.2781533728851393,0.0010000000004109753,0.0010000000048347338,0.0009999999942555753,0.0009999999887075573,0.0009999999905132865,0.0009999999883168497,0.00003998785072772572,0.000040000797222557646,1.0861917487917792,32.34409470532784,33.86213734190899,0.02721897310528699,0.000465868492753207,0.0004278678826662993,0.007032984209358097,0.004579999999999884,0.004579999999999915,0.004579999999999922,0.001035799999999527,0.0010357999999995055,0.0010357999999995224,-0.8837122721515932,9.67118794822179,0.3965674786546716,-0.0024151697404312,0.04387819884321457,-0.0010407244154147545,-16.899188079833984,12.694125509262085,-3.720375145077705,973.8523608398438,-0.06228748328381605,21.4607174054557
2025-03-01T17:46:22Z,39.99278690794468,-75.58818674877291,163.76840194061828,38.33937404407325,12.34596758919192,0.004513576782829709,1.539343253090299,0.09907710267889601,1.3060517500011224,0.0010000000005443317,0.0010000000049207865,0.000999999994437162,0.0009999999883184634,0.0009999999905898709,0.0009999999885395695,0.000040987211935068764,0.00004100084971458681,1.0778024228647523,32.577560971430174,35.87222738725694,0.023393090031132043,0.0004563130529723962,0.0004361555238959038,0.007042692516461015,0.004580999999999883,0.004580999999999913,0.004580999999999921,0.0010358099999995258,0.0010358099999995061,0.0010358099999995215,-0.5701387456708469,9.719665423591657,0.5269115946623917,0.000339395648687398,0.026661659355891577,-0.00284260820183314,-15.785438194274903,12.174562978744508,-4.0449376547336575,973.9792626953125,-0.03134684817021087,20.341079057885562
2025-03-01T17:46:23Z,39.99244247031573,-75.58802004165196,163.874536761408,39.74829472744357,13.108121569993513,-0.1696969846981679,1.5427175136387175,0.11052172606914566,1.3135344095412946,0.001000000000701387,0.0010000000048893721,0.0009999999943673195,0.000999999988365709,0.0009999999907086225,0.000999999988500615,0.00004198657227281444,0.00004200090706509095,1.053067465560425,32.82284021659006,37.95269642952813,0.018658969951216853,0.0004512923983243495,0.0004435652650103137,0.007053129928446788,0.004581999999999884,0.004581999999999914,0.004581999999999922,0.0010358199999995262,0.0010358199999995056,0.0010358199999995219,-0.12502797515248054,9.62053991062944,1.025321514453093,0.0012092943400311815,0.0073790280407021866,-0.010458222791423204,-15.4503755569458,13.825125560760497,-4.368750159740448,974.1711572265625,-0.10624134431958904,21.18801612852788
2025-03-01T17:46:24Z,39.99077869049017,-75.58782365060915,164.20468379509285,42.02481313550395,14.033350077918238,-0.32275010307803986,1.5562813042392643,0.1247487405461466,1.3208985404768596,0.001000000000659915,0.0010000000050804094,0.000999999994233076,0.0009999999884101238,0.0009999999907528883,0.000999999988275107,0.00004298587821775077,0.00004300096957814696,1.0150160231953678,33.22015341719786,40.16978578846296,0.016251554684537102,0.0004486556750165575,0.00045253164191363476,0.007063926902956843,0.0045829999999998814,0.004582999999999917,0.004582999999999925,0.0010358299999995257,0.0010358299999995051,0.001035829999999522,-0.21929603087288219,9.616499507836627,0.8697913099310091,0.008601091802090066,0.006533164653622787,-0.012316019965317554,-15.352125587463378,12.875438013076781,-4.329187686443329,973.9437182617188,-0.12396413868575785,20.498888946054606
2025-03-01T17:46:25Z,39.989505650115795,-75.58764295442066,164.25410064801193,43.98702085968723,14.870172157924923,-0.3991620798976709,1.568357741263407,0.14089792091158618,1.3268708806478475,0.0010000000007024188,0.0010000000048987526,0.0009999999942155553,0.0009999999884821931,0.0009999999910947355,0.0009999999884714914,0.00004398506716553377,0.00004400103747411612,0.9715645801010302,33.85178105436165,42.53485171393627,0.015488954793153544,0.000449028114992567,0.00046261565698880596,0.0070752870074495015,0.004583999999999879,0.004583999999999917,0.004583999999999925,0.001035839999999526,0.0010358399999995044,0.0010358399999995224,-0.29739096721141467,9.727618637715665,0.864125034817363,0.00854985305428927,0.005322450075853318,-0.015243330471716356,-15.20156307220459,11.079375438690185,-4.56450020313263,974.0071240234375,-0.011881355950297063,19.356466000617186
2025-03-01T17:46:26Z,39.987354092921066,-75.58747616900544,164.36429381066105,46.43501265271448,15.658310437714217,-0.4975613703830754,1.5754317066145402,0.15052844620113448,1.3281807784523374,0.0010000000005047191,0.0010000000049092744,0.0009999999941346356,0.0009999999884280468,0.0009999999912096986,0.0009999999882716426,0.000044984058863297816,0.00004500111085517579,0.9279944406923263,34.744349636872656,45.00461828227716,0.01657070190048003,0.00045224194364525225,0.00047253895679205004,0.007086093889279753,0.004584999999999882,0.004584999999999919,0.004584999999999927,0.0010358499999995265,0.0010358499999995048,0.0010358499999995228,-0.2999831907099618,9.716691389714747,0.974553795204384,0.003489856659466232,0.00038462692768805604,-0.00915504476497542,-16.865250673294067,10.122187928408385,-3.928125159740448,973.9041821289062,-0.01241128380652456,20.05800335959228
2025-03-01T17:46:27Z,39.984658687157065,-75.587338886404,164.33894286672532,48.76495916027201,16.356795366685503,-0.7165824135307626,1.5727790726330244,0.1511139633286537,1.3239262032321095,0.00100000000083181,0.0010000000047941844,0.0009999999943637854,0.0009999999883171186,0.0009999999910002624,0.0009999999881607226,0.00004598275292851293,0.000046001189603787974,0.8907736582737211,35.91528725300347,47.52551018908896,0.01978273505119719,0.0004579468541730279,0.0004814489422934376,0.007095981615826251,0.004585999999999883,0.004585999999999917,0.004585999999999924,0.0010358599999995264,0.001035859999999505,0.001035859999999523,-0.24000767760859798,9.609830994898156,0.8988582213412325,-0.005068259138217859,-0.005003167058688543,-0.0009399148993715162,-19.035938291549684,7.587937812805176,-3.7852501605451105,973.8788598632813,-0.1278150575929834,20.83913983738709
2025-03-01T17:46:28Z,39.981746541547594,-75.5872346912719,164.044326619064,50.66704865957906,16.99751347915228,-0.939329773038626,1.5701848565207417,0.15015875966390915,1.3213729656526414,0.001000000000887011,0.0010000000044828984,0.0009999999943490657,0.0009999999887580298,0.0009999999911700689,0.000999999988109652,0.000046981038091526565,0.00004700127323481025,0.8677902733203688,37.395397113519564,50.065152908760936,0.02490135888054827,0.0004653112929206528,0.0004897503994009956,0.007105951663381028,0.00458699999999988,0.004586999999999917,0.004586999999999924,0.0010358699999995255,0.0010358699999995038,0.001035869999999522,-0.13786945323605074,9.6191440970055,0.7385018360323445,-0.00446156721833528,-0.0030769403934276392,-0.00034841093665083616,-15.69468812942505,8.395687794685363,-4.972687703371048,973.929248046875,-0.13424384476996143,18.4807076461493
2025-03-01T17:46:29Z,39.97783179401063,-75.5872011394463,163.61586499132434,52.29254903462933,17.068099660321028,-1.1454749145440126,1.5692846373703586,0.14951490055277064,1.324205444186988,0.0010000000008287646,0.0010000000041990693,0.000999999994323996,0.0009999999885179538,0.0009999999911652938,0.0009999999882179477,0.00004797881722851563,0.00004800136081169802,0.8647192697095679,39.15618240990819,52.53702678603228,0.029925850783900285,0.00047350379212404237,0.0004967695526891565,0.007116291282835394,0.004587999999999883,0.004587999999999916,0.004587999999999923,0.0010358799999995263,0.0010358799999995046,0.0010358799999995228,-0.3763201157764287,9.582176190731381,0.6751489163407861,-0.003175579856350935,0.0024073235843551197,-0.002101559609666388,-16.007625646591187,8.030625303983689,-4.261500171534717,973.9284301757813,-0.16941457730186144,18.409061240590987
2025-03-01T17:46:30Z,39.97195572777782,-75.58730874483642,163.2337161051701,53.91344871934681,16.5457286321133,-1.2581677988674285,1.569569179718955,0.14390122387971008,1.3233259809492515,0.0010000000007705267,0.0010000000042411008,0.0009999999944726571,0.0009999999884519916,0.000999999990958796,0.000999999988018862,0.00004897602850487136,0.000049001451054633064,0.8832873067089504,41.16864807294002,54.878426978822695,0.036231936475742174,0.000483113074317746,0.0004994573182908402,0.007126338970056247,0.004588999999999884,0.004588999999999915,0.004588999999999922,0.001035889999999527,0.0010358899999995037,0.001035889999999522,-0.2716282392152491,9.653520861303582,0.8389206293182707,-0.0009592758221982482,-0.0010509053749005698,0.0003439025808910027,-20.078250846862794,6.427125264704228,-1.7173125619441272,973.860673828125,-0.0889698419049836,21.151621940407768
2025-03-01T17:46:31Z,39.96469350452226,-75.58756303098112,162.82176865873853,55.02524748569738,15.328227068440931,-1.4789615123340987,1.5633941712779402,0.1412907104110793,1.3218297758680537,0.00100000000072701,0.0010000000042696639,0.0009999999946171776,0.0009999999886256014,0.000999999991217713,0.0009999999882966469,0.000049972672992478716,0.00005000154250813511,0.923191784823564,43.30836870985927,56.92523777784095,0.04202551731304447,0.0004940288728568407,0.0004972517786678241,0.007137116692744225,0.004589999999999887,0.004589999999999917,0.004589999999999925,0.0010358999999995266,0.001035899999999504,0.0010358999999995223,-0.3162942599736409,9.497708311712474,0.8161888099572947,-0.006243255346524916,-0.0012850704202432344,-0.005082612370887782,-20.997750883102416,5.424750188328326,-1.3130625510215759,973.854208984375,-0.24459854791041136,21.72683556814508
2025-03-01T17:46:32Z,39.95701823057631,-75.58792191410988,162.29838559790042,55.78660431125062,13.679893372912584,-1.5782883788548985,1.5600632340531395,0.13580764488946384,1.3209112316915057,0.0010000000005713,0.001000000004270237,0.0009999999945594393,0.000999999988681704,0.0009999999911604824,0.0009999999881216207,0.00005096884165230563,0.00005100163409091372,0.9806916073121142,45.520185327051905,58.71687739076948,0.04785208154135954,0.0005043486498073038,0.0004898696505879776,0.007147669034621562,0.004590999999999888,0.004590999999999918,0.004590999999999926,0.0010359099999995257,0.0010359099999995033,0.0010359099999995213,-0.3113608667979905,9.589276256932225,1.0532148899524025,-0.0021741617412809663,-0.00033656106075716046,-0.0036837996563439143,-19.063313293457032,5.766750247105956,-3.053625120818615,973.9241870117188,-0.1304146977033773,20.14914148709725
2025-03-01T17:46:33Z,39.94774345301595,-75.58848494764283,161.93731930991973,55.91319050403693,11.858252206243174,-1.6493581073860004,1.5513462722502218,0.13134862136459838,1.292730527036104,0.0010000000008404597,0.0010000000042255169,0.0009999999944789145,0.0009999999885986445,0.0009999999915089987,0.0009999999880612744,0.00005196471322984851,0.000052001724847648774,1.0544502715060033,47.69907846180294,60.17332447718289,0.056752945367492424,0.0005195132074243266,0.00047189116531024927,0.007158615117827957,0.004591999999999889,0.00459199999999992,0.004591999999999923,0.0010359199999995256,0.001035919999999504,0.0010359199999995222,0.3477937794682134,9.639323479966027,0.9970064476584163,-0.0024355325378547345,-0.026788674789644116,-0.008187842132170383,-16.186875686645507,8.379000310897828,-4.261875149011612,973.8897583007813,-0.08518494133395008,18.718554166273464
2025-03-01T17:46:34Z,39.938583835290025,-75.58915322267065,161.58296169177387,55.67426287039844,9.933062569889586,-1.7448116085836132,1.5441610871210283,0.12919513958957665,1.2507805695921381,0.0010000000010073288,0.0010000000041542334,0.0009999999942396098,0.0009999999887393576,0.0009999999916562243,0.0009999999877320753,0.0000529605513405162,0.00005300181373557531,1.1434432016344398,49.708044204643926,61.2791144096782,0.06669695784377724,0.000537304570052429,0.00044499586940771575,0.0071700538239706565,0.0045929999999998914,0.0045929999999999175,0.004592999999999923,0.0010359299999995247,0.001035929999999503,0.0010359299999995212,0.6678919879648003,9.605006075120047,1.1551256002262482,0.00162121097790488,-0.04000271464916117,-0.012336048011042577,-15.090188093185425,9.045562868118287,-3.8251876652240755,973.946455078125,-0.08470142228308337,18.00461655241592
2025-03-01T17:46:35Z,39.930392288228575,-75.58986376025334,161.22640270667432,54.74483688368584,8.015753938520916,-1.6942644968480978,1.538182416829256,0.12463550063801479,1.212757769095337,0.001000000001201569,0.0010000000042816707,0.0009999999940850574,0.000999999988439566,0.0009999999920329897,0.0009999999874893636,0.000053956672964399894,0.00005400190051785333,1.2376870032283964,51.52152322258237,62.043651394852056,0.0725277212096045,0.0005538382891612922,0.00041312383598231245,0.007181176593838198,0.004593999999999889,0.0045939999999999185,0.004593999999999925,0.001035939999999525,0.0010359399999995034,0.0010359399999995216,0.6295486504832144,9.72729953829032,0.8097281941163216,0.002349575401911836,-0.035972008126011056,-0.01025460147880398,-14.842688131332398,9.625687894821167,-3.723000143766403,974.0347583007813,-0.000485166946220452,18.07811255110515
2025-03-01T17:46:36Z,39.92314181245156,-75.59061532846523,160.948862774855,53.512111668910386,5.810149311784905,-1.6829446917651452,1.5299534480205468,0.11070626222449183,1.1765425992231546,0.0010000000012257977,0.0010000000044353865,0.0009999999938887327,0.0009999999888074098,0.000999999992252324,0.0009999999872999435,0.00005495334558379618,0.000055001986395977116,1.3209989889161513,53.08031385850508,62.54910937654694,0.07333950705871353,0.0005689078909006129,0.0003780995984859634,0.007190716839037299,0.0045949999999998865,0.004594999999999917,0.004594999999999925,0.0010359499999995257,0.0010359499999995042,0.0010359499999995224,0.4509643164538249,9.632264644936411,0.8419515415240866,-0.0005718939938691128,-0.03444484629385347,-0.0011201702950640832,-14.602313051223755,10.009312887191772,-3.1631251370906828,974.0942504882812,-0.10193435312738763,17.983810113129366
2025-03-01T17:46:37Z,39.91629942660994,-75.59146641182475,160.90736942425272,52.15225087117014,3.5012256822080867,-1.5634181326829866,1.524905565980376,0.09883227638564132,1.1329867757880934,0.0010000000009392934,0.0010000000044730875,0.0009999999938513076,0.0009999999887198927,0.000999999992242554,0.0009999999875912585,0.00005595069485508482,0.00005600207369695883,1.385251511715771,54.542641262021206,63.029264519065315,0.07380490631257677,0.0005864987435680989,0.0003406818484271027,0.007200787155241321,0.0045959999999998875,0.004595999999999919,0.0045959999999999265,0.0010359599999995263,0.0010359599999995048,0.0010359599999995228,0.7834535672460012,9.715899778017706,0.9781351769363824,0.0028382671419698306,-0.041571601983308934,-0.004665188681439893,-15.366375608444214,10.440750465393066,-2.332125086970627,974.073876953125,0.01523698045788987,18.723559403050984
2025-03-01T17:46:38Z,39.9113760653098,-75.59219263975368,160.78371438577236,51.46128369282575,1.5931943679355256,-1.4566002926179402,1.5139058050386403,0.09163066997914018,1.0832536114163436,0.0010000000008727023,0.0010000000047709814,0.000999999993958346,0.0009999999887300376,0.0009999999921467136,0.0009999999874994241,0.00005694870669626605,0.00005700216554961192,1.429955976344039,55.89620594719954,63.67671843913651,0.07254281359958033,0.0006059990771189543,0.00030357568223319793,0.007211278184910809,0.004596999999999885,0.004596999999999916,0.004596999999999924,0.001035969999999526,0.001035969999999504,0.0010359699999995223,0.8086115431428498,9.70444813473572,1.408452301269958,-0.003820159343898368,-0.04792459629247477,-0.007434442117663916,-16.408875751495362,10.569000444412232,-2.0595000717416405,974.1742919921875,0.05847885898402285,19.62637313700817
2025-03-01T17:46:39Z,39.907573882696845,-75.59285344802025,160.72036218782702,50.64916261146317,0.055519466717925514,-1.299846020563664,1.512153761119882,0.08358119130855769,1.0386191912136955,0.00100000000122934,0.0010000000047121892,0.000999999994081142,0.0009999999888689853,0.0009999999922606577,0.0009999999875444326,0.00005794728065049653,0.0000580022651097692,1.4545498481646946,57.235620511785164,64.54242197458422,0.06885281718730177,0.0006239311487642538,0.00027120850048859934,0.007221442505155306,0.004597999999999884,0.004597999999999914,0.004597999999999922,0.0010359799999995248,0.001035979999999505,0.0010359799999995214,0.773725364672949,9.766148940284836,1.182741124536105,0.004144782833665895,-0.04311712408250721,-0.0052259824245623745,-17.15643822669983,10.067062902450562,-1.7107500682026149,974.2155981445312,0.08714553394278124,19.96531411540181
2025-03-01T17:46:40Z,39.90574562355318,-75.59324038517518,160.19159767949247,50.45091635272206,-0.5316755328755802,-1.3857451659714108,1.5074947913950452,0.08278904833980306,1.0000750329757657,0.001000000001205033,0.0010000000045647859,0.0009999999940103659,0.000999999989063593,0.0009999999925507214,0.0009999999876453816,0.00005894628446823437,0.00005900237439979944,1.4591050446420906,58.52467419746212,65.63672922894298,0.06287649953379863,0.0006406071284644759,0.0002445794658372226,0.007232163309902977,0.004598999999999883,0.004598999999999913,0.004598999999999921,0.001035989999999524,0.0010359899999995053,0.0010359899999995204,0.5573651617001866,9.602912758822498,1.0590603144054196,-0.0003484112448895667,-0.037387178583169915,-0.007699150142144352,-16.851000652313232,8.590312867164611,-0.6416250253468752,974.4351416015625,-0.10347270099463672,18.925101326934413
2025-03-01T17:46:41Z,40.06941105941381,-75.57240712425738,162.26514151683145,-14.861098259329312,-24.532930650544703,-0.016954533300588923,1.4331749224065053,0.01166423634706592,0.9933405639501227,0.0010000000011800144,0.001000000003852579,0.0009999999939723436,0.0009999999888596278,0.0009999999934161372,0.00099999998727472,3.084780822546862e-10,3.0847763494937873e-10,0.665096147598124,0.010181240825523194,0.010181546468374776,0.026910517805584063,0.00019784840951239942,0.0001345418026546282,0.007050383608981844,0.004599999999999881,0.004599999999999911,0.004599999999999924,0.001035999999999523,0.0010359999999995052,0.0010359999999995195,0.675698088171435,9.767051194358388,1.1784262050947556,0.0022921611129690335,-0.040663650450618614,-0.007799625896051678,-15.896813106536865,9.024937829971314,-0.06918750941753389,974.5097534179688,0.08333812412898514,18.28007381129145
2025-03-01T17:46:42Z,40.06923505263752,-75.57269235346911,161.97266350589064,-14.459646377370277,-24.064239720208075,-0.09873430176740436,1.4339040201436823,0.009389312960410175,0.9505967645690393,0.001000000001272966,0.001000000003855313,0.0009999999938894453,0.000999999988808477,0.000999999993616424,0.0009999999871897736,1.000308478293398e-6,1.0003084782211997e-6,0.7433371098664008,0.026284947553936077,0.0260750749279246,0.02703391831292798,0.00020863057632094595,0.00014082186089288697,0.0070575660021807195,0.004600999999999883,0.004600999999999912,0.004600999999999922,0.001036009999999523,0.0010360099999995047,0.0010360099999995192,0.49953861134878014,9.66357079251222,1.3998381364306487,0.0009751290106635743,-0.04311912577953713,-0.0024151706116612368,-15.821250581741333,9.840375380516052,1.0616250431910157,974.6469311523438,-0.0005684719322756452,18.6619963660957
2025-03-01T17:46:43Z,40.06906477058106,-75.57297028011985,161.57389785967618,-14.251104048689314,-23.308471270780597,-0.19644722019633448,1.4290094874276351,0.01239039281085737,0.9154478045710946,0.0010000000010169051,0.0010000000037559216,0.0009999999935907033,0.0009999999885382635,0.0009999999932816517,0.0009999999874495534,2.0003084794745846e-6,2.000308481498635e-6,0.8168038431712948,0.0729205710168281,0.07127158360805881,0.026794359750236904,0.0002191519622249363,0.0001464362295737395,0.007068712093757524,0.004601999999999883,0.004601999999999914,0.004601999999999921,0.0010360199999995218,0.0010360199999995038,0.0010360199999995183,0.6009943046060389,9.697110183076182,1.069189926282715,-0.004685550574508051,-0.034923356979522556,-0.006548687994009936,-15.649500637054443,9.2686878824234,2.2640625770390033,974.686103515625,-0.0034787175136654263,18.328654111095556
2025-03-01T17:46:44Z,40.06890149049202,-75.57323868621926,160.97821080678932,-13.87437071435959,-22.51647947519512,-0.27545858541441215,1.431842716779787,0.008166092246440932,0.8695034197192683,0.0010000000006048237,0.0010000000034996852,0.0009999999937735963,0.0009999999885241364,0.000999999993213156,0.0009999999875797763,3.00030847908632e-6,3.0003084921359016e-6,0.8803530274333524,0.15164606668754685,0.1462683616979149,0.026483238706532672,0.00022963490540403407,0.0001513024985479615,0.007073646225018106,0.0046029999999998815,0.004602999999999912,0.004602999999999919,0.0010360299999995228,0.001036029999999504,0.0010360299999995193,0.7014307332037261,9.718410270937305,1.1611272719727768,0.00315338002161663,-0.04682236867611708,-0.0003691069146949101,-15.167813091278076,10.677375388145446,2.2895625948905947,974.8047021484375,0.03470096275190757,18.689812632495563
2025-03-01T17:46:45Z,40.06874533738885,-75.57349755043626,160.42584236567734,-13.314108143715499,-21.71300734187424,-0.35043209542271986,1.4295883348044889,0.009149668256293441,0.8238626126260529,0.0010000000006596395,0.001000000003172697,0.0009999999941033989,0.000999999988637002,0.00099999999338381,0.0009999999877010873,4.000308461289056e-6,4.000308518309829e-6,0.932044179090438,0.26288484064291084,0.2505944375931176,0.026237824715435336,0.00023987194478722587,0.00015588772205923007,0.007083227714177816,0.004603999999999884,0.004603999999999915,0.0046039999999999215,0.0010360399999995219,0.0010360399999995037,0.0010360399999995182,0.8414330949777277,9.69200545056311,1.2504063621622996,-0.0018653917545557166,-0.04554222340234183,-0.006090540002563237,-17.95068832397461,14.530125579833985,4.737375207729638,974.7892504882813,0.03047961145087352,23.57524311954462
2025-03-01T17:46:46Z,40.06860230357179,-75.57374721321858,159.70864810856733,-12.715688958418237,-21.13276623371472,-0.40721000862549056,1.4317139809442128,0.010081861708268625,0.7795374267987527,0.0010000000006875774,0.0010000000029013023,0.0009999999942452522,0.000999999988509188,0.0009999999931929963,0.0009999999874842171,5.0003083774924756e-6,5.000308570833253e-6,0.9710582426323715,0.4029377925336708,0.3853342171073854,0.025377771783351297,0.0002497615596025755,0.00016047075445041855,0.007092399551638837,0.004604999999999884,0.004604999999999916,0.0046049999999999225,0.0010360499999995212,0.0010360499999995032,0.0010360499999995177,0.6576146186572607,9.701072057564486,1.397389095354798,0.0026426561952409286,-0.04435888147791772,-0.005376194885556974,-18.092625751495362,11.62575047492981,4.569562671184539,974.9171142578125,0.04516554225644029,21.985901138355565
2025-03-01T17:46:47Z,40.06845434015766,-75.57399271317323,159.2358256489668,-12.082646245311777,-20.772389737245046,-0.4266631328542197,1.4276197009297336,0.007808999723029032,0.7387398017114359,0.001000000000772167,0.0010000000032727727,0.0009999999944336779,0.000999999988508298,0.0009999999930212775,0.0009999999873352634,6.000308122058103e-6,6.000308663949235e-6,0.9973200264350555,0.5721667670326162,0.5506802838381932,0.024297611218519477,0.00025928543912392797,0.0001652659856822001,0.007100209693790604,0.004605999999999882,0.004605999999999913,0.004605999999999921,0.0010360599999995209,0.0010360599999995027,0.0010360599999995172,0.5999972844265976,9.677489017483671,1.552619865582181,-0.003667443178900059,-0.04086910769500866,-0.003178751317453211,-21.55218828201294,10.763062915802003,6.072000255584717,974.8254565429687,0.04148844630200504,24.84365119833261
2025-03-01T17:46:48Z,40.06828345534386,-75.57423682380846,159.08844278685214,-11.691016309384727,-20.328035271037734,-0.3888283405015989,1.4331048047006358,0.0006097958750373204,0.697835850687344,0.0010000000004174534,0.001000000003247229,0.0009999999946481216,0.0009999999885079046,0.0009999999932722905,0.0009999999877068342,7.000307505031597e-6,7.000308814480231e-6,1.0125782550228521,0.7770595362935601,0.7459826295512199,0.023291222915554907,0.00026839847481620533,0.0001704731014666303,0.0071054135234734075,0.004606999999999881,0.004606999999999911,0.004606999999999919,0.0010360699999995204,0.0010360699999995017,0.001036069999999516,0.6224100548542765,9.729812072750633,1.2870564361866348,0.005546434096376521,-0.04122544629484415,0.00018100512875119735,-18.648188285827636,10.398000326156616,6.639937765598297,974.6879345703124,0.056134055112239706,22.359781703493837
2025-03-01T17:46:49Z,40.06813057147175,-75.57447474915855,158.76458143147596,-11.751359971742591,-20.031763005875817,-0.4010452364294528,1.4294407845075567,6.281342289288488,0.678732837776482,0.0010000000003319827,0.001000000002989756,0.0009999999946756148,0.000999999988891782,0.0009999999931331958,0.000999999987357312,8.000306224638659e-6,8.000309041909091e-6,1.0175022070920878,1.0118745579975004,0.9691938533748469,0.02142030127719976,0.0002777654335198979,0.00017560390679525394,0.0071136429419384785,0.004607999999999884,0.004607999999999913,0.004607999999999921,0.0010360799999995208,0.0010360799999995026,0.0010360799999995169,0.16610532322239951,9.728059985423359,1.0915000564050255,-0.003686303139662904,-0.019223298536031073,-0.0005293335944432353,-17.991750774383544,10.763625478744506,7.3893752813339235,974.8181884765625,0.012329600819081337,22.229694933092727
2025-03-01T17:46:50Z,40.06798268021336,-75.57470778183848,158.33009952261446,-12.067862786839001,-19.56306435516232,-0.5373623023460739,1.4271177814158715,6.272687862850894,0.6635133823709657,0.001000000000488192,0.0010000000028473452,0.000999999994419763,0.0009999999891901832,0.0009999999929418506,0.0009999999870196775,9.000303836673159e-6,9.000309367710938e-6,1.0130363929301485,1.2815388100075944,1.2241555688400068,0.0198523711049917,0.000287113973458112,0.00018110028735173286,0.007116988832424971,0.004608999999999884,0.004608999999999914,0.004608999999999921,0.0010360899999995194,0.0010360899999995016,0.001036089999999516,0.109907334740873,9.648057292935244,0.8102865132643379,-0.002404988948633873,-0.01631234383478465,0.006279472016217176,-18.891563205718995,11.24118791103363,6.743625264167786,974.8862670898437,-0.09558540350652592,22.994121214011493
2025-03-01T17:46:51Z,40.06787031716734,-75.57493269605416,157.61996471779344,-12.435762654915548,-19.252276142115825,-0.6392626962937049,1.423455767073526,6.2708418951539615,0.6545523494085945,0.0010000000005295803,0.0010000000026463356,0.0009999999944917024,0.0009999999892053222,0.000999999992714407,0.0009999999872538669,0.000010000299719133644,0.000010000309815855798,1.00145641364638,1.5871994770178097,1.5197977143384058,0.018314074619644693,0.0002964985708430493,0.00018696609762859352,0.007125118696756816,0.004609999999999884,0.0046099999999999145,0.004609999999999922,0.0010360999999995193,0.0010360999999995016,0.0010360999999995159,-0.04587522911390282,9.682713959863035,0.95448153979132,-0.0035761472506628212,-0.009279220341921631,0.0010929630927877273,-18.144375762939454,11.707687921524048,7.419562792778015,975.0454858398438,-0.04851385196438499,22.832781683903324
2025-03-01T17:46:52Z,40.06774657526677,-75.5751549775647,156.8414399401369,-13.233745699754332,-18.913385820865944,-0.8020654786927046,1.4183881777644314,6.273175667875478,0.6597129744140465,0.0010000000004021464,0.0010000000027039263,0.0009999999949035982,0.0009999999894182421,0.0009999999926005255,0.000999999987435246,0.000011000293027939004,0.000011000310413890703,0.9844416393920543,1.9330476331395516,1.8660935697157786,0.017270441565043974,0.00030623353308896896,0.00019293128438603596,0.007136648961668646,0.004610999999999882,0.004610999999999915,0.00461099999999992,0.0010361099999995193,0.0010361099999995013,0.0010361099999995156,-0.3494348588861233,9.657788140612181,0.6998976289902328,-0.004878991636518343,0.005383536561537701,-0.0012647083105804522,-19.73625068664551,10.941000413894653,6.852187786102295,975.1053076171875,-0.08888701704600412,23.58336620331119
2025-03-01T17:46:53Z,40.067663900183604,-75.5753693990798,155.82597867122806,-13.601981233324882,-18.563300748711125,-0.9200194785295304,1.4167308928858524,6.277777899178081,0.6527622516903567,0.0010000000000029731,0.0010000000025315585,0.000999999994961906,0.0009999999891353144,0.0009999999929048754,0.0009999999875456155,0.000012000282651879157,0.000012000311190936576,0.965232892556908,2.326094442596823,2.244138279092434,0.0167112130352738,0.0003151861825982906,0.0002001016482646103,0.007149492529462401,0.004611999999999883,0.004611999999999914,0.004611999999999921,0.0010361199999995184,0.0010361199999995006,0.0010361199999995151,-0.07677271616747461,9.663530865348656,1.0128788382263285,-0.0013730285116076383,-0.006154797451167517,-0.004965614198310555,-20.22693826675415,10.349437918663025,6.6232502865791325,975.2736254882813,-0.06157280265125717,23.666536197401836
2025-03-01T17:46:54Z,40.067470467838476,-75.57559139792431,155.0097370655025,-14.29473877543118,-18.541468923175476,-0.9071853220326674,1.413241705366529,6.2779233154797245,0.6596894324768127,0.0009999999997505147,0.0010000000023515669,0.0009999999948873267,0.0009999999889901449,0.0009999999924956192,0.0009999999873746448,0.00001300026716926757,0.000013000312180518131,0.9457473537639105,2.771613130502178,2.6820018229250864,0.01628524305810911,0.00032441510241863004,0.00020734373861339473,0.007159213428639794,0.00461299999999988,0.004612999999999917,0.004612999999999918,0.0010361299999995194,0.0010361299999994994,0.0010361299999995157,-0.44951694988911567,9.76579594008396,1.0625900495349443,-0.003636899710633604,0.006696896307668645,0.0005984295797901843,-19.924313335418702,10.865250396728516,6.885000321865082,975.2387475585938,0.05536458935717631,23.71566458814396
2025-03-01T17:46:55Z,40.06732540071925,-75.5758076016186,154.01774292518505,-14.834146852559789,-18.329388886846676,-1.0687515251902104,1.411593353832115,6.279336852339481,0.6556008729321765,0.000999999999962065,0.0010000000021647278,0.0009999999946899846,0.000999999988835091,0.000999999992529799,0.0009999999871688273,0.00001400024481090236,0.000014000313417711,0.9274603670841985,3.2632329296275135,3.1470326074484025,0.016373733779818475,0.00033265574862835885,0.0002157617791794633,0.007169032160953134,0.004613999999999881,0.004613999999999918,0.004613999999999919,0.00103613999999952,0.0010361399999994983,0.0010361399999995163,-0.26233611087351927,9.604507906275623,1.0301470425428416,-0.0016108645006811715,-0.0038608836954076844,-0.0019977459587252567,-20.503875732421875,9.335625386238098,6.287437751293182,975.4074072265626,-0.11521784672599028,23.390004645945204
2025-03-01T17:46:56Z,40.066888065254375,-75.57604757897033,153.34769509395176,-15.414082894147406,-18.427589218274527,-1.054747264548895,1.4149161126939733,6.281518490586941,0.6573015982127708,0.0009999999997859334,0.0010000000025019915,0.0009999999949810952,0.0009999999888875768,0.0009999999929841893,0.0009999999871616715,0.000015000213461011547,0.00001500031493729474,0.912046136747081,3.815806133403275,3.661302153404327,0.016624864045862064,0.00034053109240827215,0.00022453858219235285,0.007179360131632699,0.004614999999999881,0.004614999999999919,0.0046149999999999195,0.0010361499999995204,0.0010361499999994987,0.0010361499999995169,-0.34705706513657064,9.732257152992961,1.0986000715050144,0.00203179135166356,0.0008250833494769685,-0.0030529059087793455,-20.20068820953369,9.178125367164611,6.144187755584717,975.2689233398437,0.02184750449109174,23.022912334220084
2025-03-01T17:46:57Z,40.066543430181696,-75.57628012892458,152.4426410612782,-16.08760524171013,-18.481621310802765,-1.195442043474395,1.4165290191121473,6.281633863157869,0.6593288396404394,0.0009999999999389614,0.0010000000022419584,0.0009999999949270235,0.0009999999891309678,0.0009999999928743662,0.0009999999871762465,0.000016000170667467134,0.000016000316778059024,0.9000330708289128,4.414235087996729,4.2200398854216825,0.01724854843260966,0.0003477491849018267,0.00023376443947271174,0.0071865551576005444,0.00461599999999988,0.004615999999999916,0.004615999999999918,0.0010361599999995212,0.0010361599999994995,0.0010361599999995175,-0.4813591434531257,9.60498649183659,1.0097681630229476,0.0007816889521341836,0.001117664583523908,-0.0003484110268437631,-20.48381326675415,8.802375345230102,6.222562754154206,975.4662963867188,-0.10845724923618395,23.14705925297564
2025-03-01T17:46:58Z,40.066116052587276,-75.57651997227703,151.48418817604102,-16.561391206606537,-18.60058830712358,-1.2543318303044309,1.4119723634341879,6.2776468731109505,0.6630063748944233,0.000999999999968648,0.0010000000022720985,0.0009999999946703406,0.0009999999892720487,0.0009999999930592727,0.0009999999870560653,0.000017000113710126032,0.000017000318978803596,0.8919090893849777,5.06880466561121,4.807001312760523,0.01772469121878632,0.0003542500912316066,0.0002432903736961163,0.007189286514233441,0.004616999999999877,0.004616999999999914,0.004616999999999919,0.0010361699999995215,0.0010361699999994999,0.0010361699999995178,-0.3418007054268459,9.661649287549888,1.1527720124120024,-0.005719180580367459,0.0016863028078418886,0.003967031677359406,-20.388938236236573,9.523125438690185,6.2090627741813655,975.5503564453124,-0.04217538480900607,23.344138626175233
2025-03-01T17:46:59Z,40.06568408078899,-75.57676016114138,150.44690624164707,-17.063890431009384,-18.53843920975803,-1.2893770222215137,1.4069557835808029,6.263850642319603,0.6620982446463458,0.0009999999996981252,0.0010000000022571812,0.000999999994557768,0.0009999999892577965,0.0009999999932000993,0.0009999999874220724,0.00001800003976725393,0.00001800032158020368,0.8883166790578982,5.769617810207866,5.440191845852745,0.018699871807313494,0.00035968099499322006,0.0002533313561198003,0.007183245863437593,0.004617999999999875,0.004617999999999913,0.00461799999999992,0.0010361799999995206,0.001036179999999499,0.0010361799999995167,-0.19130916445575002,9.711148094174975,1.0358898072022844,-0.006202531956157294,-0.004481928981729587,0.013110976383228262,-18.860438289642335,10.597312932014466,7.185375285148621,975.6882763671875,-0.010248744858618306,22.7957556298521
2025-03-01T17:47:00Z,40.06486039215563,-75.57703033423832,149.60183387903027,-17.61754395290644,-18.253186519450608,-1.414969877848214,1.4176858047295688,6.262816345286805,0.6644260022887483,0.000999999999734205,0.001000000002024451,0.0009999999942563495,0.0009999999891536757,0.0009999999933922076,0.0009999999872420584,0.00001899994633791941,0.000019000324614555147,0.891727893477187,6.492905008773007,6.127792244712206,0.021160452237819188,0.00036388286934695857,0.0002633935972320016,0.007184962192895576,0.004618999999999873,0.0046189999999999105,0.0046189999999999174,0.0010361899999995214,0.0010361899999994997,0.001036189999999517,-0.0021166489680072855,9.67086887264026,0.5092295495779349,0.00783717693390691,-0.001203621433068684,0.0008325943664387991,-18.188625812530518,10.724437952041626,8.13768780708313,975.632724609375,-0.09412976630931633,22.628728224657873
2025-03-01T17:47:01Z,40.06371880471911,-75.57732842205026,148.84386266616104,-17.942286003058612,-18.730632782578496,-1.4601906926866772,1.4061979552859032,6.256835571217168,0.6770285709309463,0.000999999999738989,0.0010000000020306914,0.0009999999939454332,0.0009999999892641226,0.0009999999931557559,0.0009999999873496368,0.00001999983147832459,0.000020000328112177214,0.9018821549788151,7.248113696060111,6.848623208824777,0.0225547685684821,0.000367229073329676,0.0002728857903019013,0.007180846469762301,0.004619999999999874,0.0046199999999999115,0.00461999999999992,0.0010361999999995224,0.0010361999999995008,0.0010361999999995162,-0.28860944587747384,9.65874656089205,1.0032794373127067,-0.015603173563128372,0.006473079781510595,0.007471993841469392,-18.324563255310057,10.98506293296814,7.550625305175782,975.6278881835938,-0.0633465507785039,22.659895528862016
2025-03-01T17:47:02Z,40.06196794732433,-75.57768703946073,148.41336715348774,-18.10114269358447,-19.790095062977425,-1.437353660837241,1.4096817855462105,6.256253364467112,0.7031859666140365,0.0009999999996486062,0.0010000000022683604,0.0009999999941899145,0.000999999989031281,0.0009999999928701846,0.0009999999874009246,0.000020999693786217648,0.000021000332128088163,0.9162264649429841,8.014760961666092,7.6426296923951025,0.024352933705671424,0.00036952159317767185,0.0002816456454396388,0.007178058567441742,0.004620999999999877,0.004620999999999909,0.004620999999999923,0.001036209999999522,0.0010362099999995003,0.0010362099999995157,-0.5658656670350766,9.68259367052511,1.092280664589102,-0.0030362162127601316,0.017509202666905657,0.004619955820574638,-19.293375854492187,11.528250417709351,6.521625247001648,975.4983374023437,-0.017811574312674397,23.40222482467878
2025-03-01T17:47:03Z,40.060131320640465,-75.57806621374586,147.9701295067763,-18.223647351630728,-20.984513662744337,-1.4655728510411654,1.4176446168288088,6.259886549735969,0.7346829281410028,0.0009999999997187315,0.0010000000024072639,0.0009999999945047278,0.0009999999887500208,0.000999999993046438,0.000999999987623815,0.00002199953286014934,0.000022000336744119856,0.9349247425022182,8.763366868976535,8.502342082480824,0.02670380754966514,0.0003702900500925037,0.0002899681183066875,0.007175789024632303,0.004621999999999879,0.004621999999999909,0.004621999999999924,0.001036219999999523,0.0010362199999995013,0.0010362199999995167,-0.751287185926555,9.641879126499598,1.004495455182914,0.0011605586025196955,0.022976441894031793,0.0017138418014209685,-17.30568826675415,11.209875421524048,7.093125286102295,975.5676586914062,-0.054980769378610087,21.805007759434844
2025-03-01T17:47:04Z,40.05821793052961,-75.57846425613995,147.50390069047143,-18.228218379858937,-21.879429027648623,-1.4899345786049545,1.4232297806474337,6.262595600460604,0.7675888359322457,0.000999999999773783,0.0010000000025027088,0.0009999999947316626,0.0009999999887676805,0.000999999993397687,0.0009999999878207947,0.000022999350125475102,0.000023000342056432376,0.9596244628681255,9.461137029751931,9.429773869830349,0.029933393688412455,0.0003692339281309511,0.0002979716317656291,0.00717060488754384,0.004622999999999878,0.004622999999999909,0.004622999999999924,0.001036229999999522,0.001036229999999502,0.0010362299999995173,-0.6065037679147889,9.684986495015599,0.6366473500913945,-0.001671951073458191,0.023780748282178604,0.003225148128420577,-17.325750751495363,10.824187955856324,6.219375250339508,975.6354833984375,-0.05319754695718692,21.354698359669637
2025-03-01T17:47:05Z,40.05628882787771,-75.5788745149134,147.004063665336,-18.01884445905786,-22.684182548998724,-1.5147574270285091,1.429330084052108,6.268199781230449,0.8005841654113892,0.0009999999997143214,0.0010000000026679653,0.0009999999948155462,0.0009999999890253043,0.0009999999933149844,0.000999999987928508,0.000023999149407480737,0.000024000348169634007,0.9908417362012891,10.079892337859631,10.40556766318208,0.032904152283051234,0.00036604835639609265,0.0003056275520586653,0.00716520342683737,0.004623999999999877,0.004623999999999907,0.0046239999999999224,0.0010362399999995226,0.001036239999999502,0.0010362399999995164,-0.5326453085589133,9.683152022995037,0.5406951626902354,-0.0014886922188081918,0.0241269042771364,0.0007104214120910667,-18.69618829727173,11.004187965393067,5.381437723636627,975.7170263671875,-0.06508031413639535,22.35167129837448
2025-03-01T17:47:06Z,40.054085670034986,-75.57932019674317,146.68350675116014,-17.313812783189125,-23.649338996580973,-1.4541120482812513,1.4425585932828602,6.271492286364355,0.8301099352618376,0.0009999999998140513,0.0010000000024529042,0.000999999995096682,0.0009999999892931811,0.0009999999933378637,0.000999999988099619,0.00002499893632865564,0.00002500035521036209,1.0257765224318693,10.602128820505586,11.42717949242693,0.03495620155474862,0.0003608028269342366,0.00031297538687912623,0.0071565060238296205,0.00462499999999988,0.004624999999999905,0.0046249999999999234,0.0010362499999995228,0.0010362499999995022,0.0010362499999995167,-0.5028651330626965,9.72880519591518,0.5469171582412092,0.003964528081951205,0.01883057317366513,0.0030357134017247834,-18.06487575531006,11.603062963485717,4.5967501401901245,975.6965673828125,-0.020694775025026733,21.956745807598892
2025-03-01T17:47:07Z,40.05207886190926,-75.57976210393143,146.36706498993667,-16.279110231458755,-24.98589193676579,-1.3107246818376872,1.4461496311846869,6.278456864654477,0.8638992723118984,0.0009999999998652391,0.001000000002519024,0.000999999995151034,0.00099999998910877,0.0009999999935203945,0.000999999988288737,0.000025998716054618727,0.000026000363358591888,1.0577209513366832,11.028251801448935,12.449522920522675,0.03438378474223947,0.0003541694986223225,0.00031991850782498826,0.007149564918921738,0.004625999999999879,0.004625999999999904,0.0046259999999999244,0.0010362599999995236,0.0010362599999995028,0.001036259999999517,-0.6854270393871394,9.751706448234648,1.0582627066857475,-0.004909535408178628,0.02465632091414812,-0.00006334067125686091,-19.140938262939454,11.001000428199768,3.888375162482262,975.8005493164062,0.05519584773075854,22.41683990019973
2025-03-01T17:47:08Z,40.05059979703229,-75.58016888895759,145.829107076102,-15.841773010022553,-25.77356756275727,-1.3055590492649378,1.435874700181997,0.007406024266211238,0.9032402454345773,0.0009999999997588424,0.0010000000024705609,0.0009999999954351136,0.000999999989126319,0.000999999993395612,0.0009999999883454295,0.000026998492798949737,0.00002700037283951236,1.0837833649878883,11.327982810772294,13.59237267286042,0.03473863259449471,0.0003466152924923269,0.0003268547205674168,0.007146254957383368,0.004626999999999879,0.004626999999999901,0.004626999999999924,0.001036269999999524,0.0010362699999995032,0.0010362699999995175,-0.7130020308026642,9.689500243762891,0.7399904886574165,-0.016504449282065087,0.03377172501514075,-0.004895514701675253,-20.613750915527344,9.151312835216523,4.315875175744295,976.0116381835937,-0.033761509108661464,22.96296361921309
2025-03-01T17:47:09Z,40.04899380660897,-75.58059161325858,145.33028997449537,-15.297703743245444,-26.543125935600106,-1.421618257205606,1.4505695444860562,0.007248292506541477,0.9336408083260151,0.0009999999996163256,0.001000000002596988,0.0009999999955451002,0.0009999999891967695,0.000999999993491765,0.0009999999879432718,0.000027998271181943307,0.000028000383885875575,1.106366224085332,11.505164723089557,14.844924865057846,0.035377193724666745,0.00033883890012089074,0.0003335381927175099,0.0071373117269060565,0.004627999999999878,0.0046279999999999,0.004627999999999923,0.0010362799999995241,0.0010362799999995027,0.001036279999999517,-0.8055467261300184,9.567419170377168,0.58424454083983,0.007745547806231486,0.02285427009509075,0.006523817875590796,-17.80931324005127,9.801187858581542,2.5363125917315483,976.0369873046875,-0.15848589576016558,20.48574433867812
2025-03-01T17:47:10Z,40.04769174428784,-75.58099455380555,144.58725720981172,-14.705578234612673,-27.53771112977125,-1.4521824482356513,1.4566939170426498,0.015179558973884458,0.9714438139066506,0.0009999999993017014,0.0010000000028632305,0.0009999999956309073,0.000999999989226826,0.0009999999936929054,0.0009999999881517027,0.000028998053814153572,0.00002900039674850814,1.1232011625210174,11.607523429093527,16.129575256445218,0.034413617943183886,0.0003308231048342083,0.0003406227747966929,0.007134352239116873,0.004628999999999877,0.004628999999999898,0.0046289999999999205,0.0010362899999995247,0.001036289999999503,0.0010362899999995156,-0.9775906746805845,9.623012406664477,0.9647033432940487,0.0005196509492506063,0.03302066224554336,-0.0012403402910614386,-17.356125774383546,9.112500371932983,2.2417500878125427,976.2050390625,-0.05688139838042117,19.730590543005952
2025-03-01T17:47:11Z,40.04669558895168,-75.58137807196567,143.67470412513853,-14.051618452588079,-28.33346053267289,-1.3872083844377663,1.454112898073855,0.016687734223753484,0.9976360794237995,0.0009999999990872714,0.0010000000030451687,0.000999999995519567,0.0009999999894271532,0.0009999999935898782,0.0009999999879087512,0.00002999783930988426,0.000030000411677372036,1.1300810646252928,11.660345783733698,17.42782332007084,0.031949391209481225,0.0003242371285322979,0.0003471110964336217,0.007130916850553559,0.004629999999999875,0.004629999999999899,0.0046299999999999215,0.0010362999999995247,0.001036299999999503,0.0010362999999995164,-0.7845121184091932,9.715389796770078,1.234167210712268,-0.006569050834693768,0.022497932915053205,0.0032760541373603224,-17.56237572669983,10.53262544631958,1.9672500786185265,976.39412109375,0.047510691455088336,20.572827274041373
2025-03-01T17:47:12Z,40.045577532993875,-75.58176782373951,142.85443380337918,-13.134372262858331,-28.72397481113203,-1.4123892273903624,1.4587667369466963,0.01827465809414513,1.0135014336730146,0.000999999999316012,0.0010000000031987182,0.0009999999955465702,0.0009999999893692065,0.0009999999933961439,0.000999999987874377,0.00003099762376605353,0.0000310004288686187,1.1265595592734534,11.670726013453661,18.77553611973241,0.0290027479148408,0.00032010639700000884,0.00035260041915362414,0.007129868028831433,0.004630999999999876,0.004630999999999898,0.004630999999999922,0.0010363099999995242,0.0010363099999995025,0.0010363099999995168,-0.42636411190624657,9.63629264735871,1.1220713111703697,0.0005678863767713039,0.012103049203450305,0.0024004803829046194,-17.60643835067749,12.318375482559205,1.2442500465735793,976.4585864257813,-0.0665169959610212,21.523824397543155
2025-03-01T17:47:13Z,40.044363969993896,-75.58215658767504,142.06690456309218,-12.377087352785107,-29.009142661919892,-1.412048558355903,1.4626162549926878,0.024533341177808827,1.037265077133867,0.0009999999990753302,0.0010000000034086137,0.0009999999953898759,0.0009999999895246097,0.0009999999935869585,0.0009999999875603019,0.00003199740332225748,0.00003200044850199136,1.116520056376179,11.68540492914871,20.285069854642046,0.027236474750096582,0.0003169606719100998,0.00035878284717324956,0.00713279005781058,0.004631999999999877,0.004631999999999899,0.004631999999999922,0.0010363199999995237,0.001036319999999502,0.0010363199999995165,-0.5564878933531583,9.684165374002228,0.8605730611010728,-0.0004717527181475171,0.020563026335465088,-0.0011201704462164472,-15.950625667572021,11.775000438690185,1.340062551163137,976.5284594726562,-0.0390098597688001,19.871256696994045
2025-03-01T17:47:14Z,40.043354173173974,-75.58253065793821,141.12427838106493,-12.05780173169597,-29.44430690142097,-1.441773803676883,1.4694607390500358,0.027000608735034064,1.0692444105365215,0.000999999999244117,0.001000000003407997,0.0009999999953220458,0.0009999999898802807,0.0009999999935903447,0.0009999999878033579,0.00003299717536982319,0.00003300047078744825,1.1048224394299102,11.72217070232692,21.9304804390519,0.02663451993529829,0.00031401460250300543,0.00036615186483590086,0.007136288845047306,0.004632999999999879,0.004632999999999902,0.0046329999999999245,0.0010363299999995232,0.0010363299999995015,0.0010363299999995158,-0.88905624567035,9.67262360953944,0.7577640581698623,0.003265871699848942,0.029441427803802555,0.00292989687662606,-16.01025065422058,10.671562914848328,0.5968125215917826,976.6962109375,-0.0342953175038368,19.250054803801802
2025-03-01T17:47:15Z,40.04177214113463,-75.58291432670525,140.51019712950955,-11.278427122929113,-29.48655545791844,-1.3741855535913539,1.4722529580307258,0.03216018322859324,1.1022215515109832,0.000999999999063583,0.0010000000034998875,0.0009999999954182633,0.0009999999903273047,0.0009999999937382713,0.0009999999877177742,0.00003399693881415701,0.00003400049592464098,1.0938254116046053,11.780056442890821,23.68935643725162,0.02589938801734429,0.000311955731403295,0.00037376773719612766,0.007141744478290031,0.004633999999999877,0.0046339999999998995,0.004633999999999922,0.0010363399999995227,0.0010363399999995014,0.0010363399999995158,-0.687818549439288,9.761324114311437,0.4992176145474319,-0.0024645734502212646,0.029525714001533518,0.0016036861100533106,-16.21143810272217,10.470375423431397,0.6776250241324305,976.6282373046874,0.021055943823259433,19.310533398366882
2025-03-01T17:47:16Z,40.04022357587257,-75.5832838735695,139.9030259998212,-10.145597019923304,-29.388973578018113,-1.332027248718853,1.4762489895633073,0.037061604095187724,1.1226153519451052,0.0009999999987797036,0.001000000003342662,0.000999999995278288,0.0009999999901401382,0.0009999999936468275,0.0009999999877297933,0.00003499669074620485,0.00003500052405562841,1.0810029421727763,11.868868733542211,25.36927151355957,0.023843025817001137,0.0003122763871851872,0.00038004747498219214,0.007148409583569825,0.004634999999999879,0.004634999999999902,0.004634999999999925,0.0010363499999995213,0.0010363499999995005,0.0010363499999995153,-0.4700331208044612,9.714737271305399,0.8413134479717534,-0.000501127155991905,0.017590651808049036,0.00042535114395085127,-16.790813179016112,11.56331298828125,-0.2896875006332994,976.715927734375,-0.014782338118239632,20.38929771517754
2025-03-01T17:47:17Z,40.03798527689331,-75.58364664589692,139.64541138046462,-8.552596386669938,-29.30308812400878,-1.3160254922045742,1.486119664083629,0.036207704543413544,1.1462070696383093,0.0009999999989281946,0.0010000000036035509,0.000999999995319571,0.0009999999901445149,0.0009999999936809556,0.0009999999877735874,0.000035996425009694544,0.0000360005553194166,1.0652622977984954,12.00566630170226,27.117669568812946,0.02260214261383978,0.0003129282878156008,0.00038689722992241686,0.007153636985788832,0.004635999999999878,0.0046359999999999015,0.004635999999999924,0.0010363599999995206,0.0010363599999995018,0.001036359999999516,-0.6961548636878745,9.647459132509068,0.8081728558190197,0.0038970992967112573,0.01947415131096573,0.00786772050643343,-16.21575066566467,10.245750389099122,-0.7471875321492553,976.594072265625,-0.070959539630601,19.1958930296535
2025-03-01T17:47:18Z,40.03508194438889,-75.58398985625931,139.69340915013768,-6.514897943700554,-29.04200089484918,-1.2426996413015043,1.4912795750990662,0.04607541860878389,1.1788622901981152,0.000999999999060195,0.0010000000037070998,0.000999999994994574,0.0009999999903051746,0.0009999999938012523,0.000999999987997263,0.00003699613491730883,0.00003700058989182255,1.0486349517181635,12.205424381541368,28.904842278055977,0.02164526878336987,0.0003131572277158503,0.00039530776831333165,0.007162662433541615,0.004636999999999875,0.004636999999999904,0.004636999999999922,0.0010363699999995195,0.0010363699999995015,0.001036369999999516,-0.786865722131439,9.671926668257315,0.8177376126449519,-0.002164148101407278,0.02915518924242596,-0.0008798295924102881,-16.102688188552857,8.311312837600708,-1.3837500502169133,976.458115234375,-0.03895303856486014,18.173810976587248
2025-03-01T17:47:19Z,40.03286488203202,-75.58431262472655,139.40128730332503,-4.973323026864242,-28.899132154650548,-1.1967184167810185,1.4884370460148308,0.053141577901769946,1.2115239453817739,0.0009999999991379385,0.0010000000039983561,0.0009999999950148896,0.0009999999904834983,0.000999999994150863,0.0009999999881905315,0.00003799581140694904,0.000038000627913386395,1.0312761299184823,12.478422105731521,30.663532190152324,0.020663959401768548,0.0003138022696811939,0.0004041100693116103,0.007171920238250825,0.004637999999999877,0.004637999999999907,0.004637999999999924,0.001036379999999519,0.0010363799999995008,0.0010363799999995153,-0.8513692865983188,9.67102843029923,1.006577735687334,-0.008350739349695158,0.03061225216598018,0.00013009988696268066,-16.519875717163085,8.970375366210938,-2.4577500985562803,976.669326171875,-0.016768445198044882,18.958178631772267
2025-03-01T17:47:20Z,40.03096819819208,-75.58462107702283,138.95979306734506,-3.9809792919309537,-28.480874684037577,-1.1374123241917398,1.4884238882098664,0.05249794581231225,1.2385785104596256,0.0009999999992614,0.0010000000037747973,0.0009999999951026764,0.0009999999905723068,0.000999999994041011,0.0009999999882757467,0.00003899544504244546,0.00003900066953143835,1.0136583404118087,12.8191121370429,32.521850560015984,0.019606292178995816,0.0003156704722248395,0.00041219753424385103,0.007179638719637466,0.004638999999999874,0.0046389999999999045,0.004638999999999925,0.0010363899999995185,0.0010363899999995005,0.001036389999999515,-0.6769527800748756,9.738768786504531,0.7374015277848948,-0.004257111300831652,0.02526968906788686,0.00654067528223404,-16.863188219070434,9.480000348091126,-2.8779376175999642,976.8093774414062,0.012796638493989708,19.55806895088733
2025-03-01T17:47:21Z,40.02914013190067,-75.58491515172055,138.45815585587414,-2.831548430734695,-27.89776710024016,-1.1481101920946946,1.492571125794455,0.05801932304197601,1.2556866388784476,0.0009999999994147308,0.0010000000038050917,0.0009999999951038946,0.0009999999906581882,0.0009999999943259802,0.0009999999882984543,0.00003999502443652142,0.00004000071489604337,0.9947910562548262,13.229657403812075,34.284118257076514,0.017964821664925773,0.00031997491857441043,0.000418807212452288,0.007189718813491802,0.004639999999999872,0.004639999999999907,0.004639999999999925,0.001036399999999518,0.0010363999999994998,0.001036399999999514,-0.45304407456257095,9.672503986990652,0.9755906866688826,0.0009242249581710529,0.01633837885757138,-0.0007963784746774533,-17.03081320762634,9.801000399589539,-3.2548126327991485,976.9020239257812,-0.045210578954321845,19.91732885696142
2025-03-01T17:47:22Z,40.0271758425414,-75.58519277724236,137.88903616538994,-1.574237267085609,-27.190612886511662,-1.2490352717493551,1.491009838085162,0.06480643483437075,1.2709705723362723,0.0009999999995260812,0.0010000000035495886,0.000999999994949043,0.0009999999904156303,0.0009999999940618607,0.0009999999881730084,0.00004099453072068301,0.00004100076413412873,0.9731261990571375,13.719631797246786,35.99875398386236,0.016386240669028482,0.0003252362265165599,0.00042541568191129225,0.007200366440359491,0.004640999999999868,0.004640999999999907,0.004640999999999922,0.001036409999999517,0.001036409999999499,0.0010364099999995136,-0.39788951414951274,9.57986187044399,1.1053614303915984,-0.004502290838873916,0.014892665538411742,-0.002242091729788947,-17.219438228607178,10.26881290435791,-3.800812646150589,976.9662719726563,-0.1257862854594449,20.405922540101805
2025-03-01T17:47:23Z,40.02509205541825,-75.58545654886753,137.19339422838428,-0.7135702066911105,-25.968891906614374,-1.3509606520275723,1.4964243472943062,0.07249125792187883,1.276253126933533,0.0009999999994813296,0.0010000000033243222,0.000999999994681238,0.000999999990543625,0.0009999999941047559,0.0009999999880731746,0.000041993943462399056,0.000042000817528506607,0.9490237550605143,14.281892146798794,37.86799342495326,0.014674384745751164,0.00033283857490816606,0.0004308554764688582,0.0072115735303474185,0.004641999999999869,0.0046419999999999075,0.004641999999999923,0.0010364199999995164,0.0010364199999994984,0.0010364199999995127,-0.0890244899437161,9.643252011029805,0.6467488604898035,0.0033436494583807368,0.005241335608201584,-0.004114408897012359,-17.203125686645507,9.708562903404236,-4.146937665939331,977.0512280273438,-0.11221301545367432,20.18412168491869
2025-03-01T17:47:24Z,40.02180480505996,-75.5856883234522,136.70302517511635,0.8747520303754746,-24.327280085110434,-1.3671848734594954,1.5030230170964387,0.08836651322320294,1.2716465029377715,0.0009999999996358165,0.0010000000031055649,0.000999999994517784,0.0009999999903326138,0.0009999999942135655,0.0009999999879501133,0.000042993234969973986,0.00004300087543335868,0.9217783403879821,14.942394878064919,39.67815589667054,0.013303605257833665,0.0003431154003787084,0.0004354511084190233,0.007225129251552137,0.004642999999999869,0.004642999999999907,0.004642999999999922,0.001036429999999517,0.0010364299999994987,0.001036429999999513,0.053117668994910626,9.702374338146699,0.9942546964607925,0.004793034501400507,-0.0040543237041014745,-0.011944660813844439,-18.842625732421876,10.175437874794007,-4.382437674999237,976.9555639648438,-0.024379643944546954,21.858353540864794
2025-03-01T17:47:25Z,40.017098332185064,-75.58590520708992,136.44230752298893,2.8605753015756563,-22.732058342890873,-1.358312646078878,1.5037467981445565,0.10729964075094038,1.2759083700337717,0.000999999999759427,0.0010000000032440485,0.0009999999945552388,0.0009999999899263522,0.0009999999938621472,0.0009999999875773692,0.00004399235962668778,0.00004400093809398129,0.8924662796221028,15.713087429306661,41.52376101312927,0.012852097824591508,0.00035241847809580113,0.0004429136371971467,0.007239402610120379,0.004643999999999868,0.004643999999999906,0.004643999999999922,0.0010364399999995178,0.001036439999999498,0.0010364399999995123,-0.28931551598012667,9.67839909950321,1.2448368360318225,-0.002053992694988898,0.0050110096514958,-0.013858203042951272,-18.79781332015991,11.420062923431397,-4.092187649607658,976.8377612304688,-0.015462068073355945,22.372289769961682
2025-03-01T17:47:26Z,40.0126927435906,-75.58614393595052,135.93776675939026,3.9709332804021473,-21.215066380884416,-1.4507102463723576,1.5071724256419743,0.11613068366724666,1.2818315431684861,0.0009999999996151317,0.0010000000031656527,0.0009999999948095437,0.0009999999900220575,0.000999999993906782,0.0009999999876964915,0.00004499126991584946,0.0000450010058196404,0.8648684417599185,16.571838583885405,43.65452407925299,0.01295171701866497,0.00036115867005051555,0.00045193437847227216,0.007251062420734479,0.004644999999999869,0.004644999999999907,0.004644999999999922,0.0010364499999995177,0.0010364499999994969,0.0010364499999995134,-0.36734114344269814,9.638765167233084,0.6315825513278565,0.00114820793905901,0.006208204432950242,-0.005214967081201854,-16.784250650405884,11.472187929153442,-3.823875153660774,976.99041015625,-0.11161866561349137,20.68676111202489
2025-03-01T17:47:27Z,40.009225152852444,-75.5864040876805,135.09704166319136,4.983828257740562,-20.063292462373152,-1.4670301193414104,1.5048022009162227,0.11841566233999756,1.2841104214833285,0.000999999999559224,0.0010000000033009398,0.0009999999947895386,0.0009999999899911675,0.0009999999936990583,0.0009999999878329841,0.000045989917419064114,0.000046001078818135756,0.8410999977424067,17.54150908905913,45.863578823605394,0.013722409228136674,0.0003704069343974839,0.00046134483408228597,0.007261296778413846,0.004645999999999868,0.004645999999999905,0.004645999999999922,0.0010364599999995176,0.001036459999999496,0.0010364599999995142,-0.35345101075184016,9.72888367080372,0.8825791817872367,-0.003556118448630731,0.0023071817030904168,-0.000529333767147426,-15.24712555885315,11.249250469207764,-3.040875134766102,977.239892578125,-0.0029324151180194786,19.19024350953446
2025-03-01T17:47:28Z,40.00604526481509,-75.58668260513682,134.090214861184,6.009171841725412,-19.066562298355908,-1.5436034295983299,1.5073055527708996,0.11900254943677707,1.27983718553647,0.0009999999998290003,0.0010000000028501765,0.0009999999945603712,0.0009999999900668877,0.0009999999936626178,0.000999999987966143,0.00004698823783677564,0.000047001156961484174,0.8224311131302748,18.606136462644702,48.14169486301879,0.015342760811123837,0.0003810237937798912,0.00047024988693069843,0.007271500358775315,0.004646999999999865,0.004646999999999904,0.004646999999999925,0.0010364699999995176,0.0010364699999994961,0.0010364699999995141,-0.24682264733767137,9.68083902899094,1.0422307911312778,0.002441205460032049,-0.004237583443119888,-0.00018551385000885193,-14.820563068389893,12.24262547492981,-3.0901876217126847,977.4207421875,-0.038357556145742384,19.46993194167501
2025-03-01T17:47:29Z,40.00085858295058,-75.58703684561397,133.2034925061006,7.161504293630182,-18.17659115832032,-1.6851329232297394,1.504454553408637,0.1224687861713489,1.275795362565681,0.000999999999909009,0.0010000000026644535,0.0009999999948226111,0.0009999999898456572,0.0009999999938613952,0.0009999999880974948,0.00004798615696059243,0.000048001239792618064,0.8111586004231683,19.761307264863557,50.49819410947455,0.017818996053555042,0.000392060583119239,0.0004794127645904555,0.0072828800744046815,0.0046479999999998675,0.004647999999999906,0.004647999999999922,0.001036479999999517,0.0010364799999994958,0.0010364799999995136,-0.20239590358965384,9.59565450254791,1.1100673178973055,-0.002914042783281206,-0.0037692535127837844,-0.0038710643291275494,-14.762625598907471,13.354313039779663,-2.7978751170635223,977.3742724609375,-0.1165921851935803,20.102210188806726
2025-03-01T17:47:30Z,39.9961761656832,-75.58741834969399,132.07573791981028,8.220073530296863,-17.602364798711474,-1.7541774836830262,1.5019025522106322,0.12679294684608586,1.2713831081156817,0.001000000000064669,0.0010000000029672573,0.0009999999945491317,0.0009999999900498905,0.0009999999937106733,0.000999999987832097,0.00004898360121300468,0.00004900132647234506,0.8099155555616644,21.022938678407392,52.935074636883435,0.020971581730615464,0.0004034603934590782,0.00048792566253741594,0.007294901988587617,0.004648999999999869,0.004648999999999907,0.004648999999999924,0.0010364899999995166,0.001036489999999495,0.0010364899999995131,-0.2664071815127788,9.660943185522198,1.2596644953889482,-0.0021641481271110286,-0.004041806040428012,-0.005746719785002709,-15.305250577926635,13.034438028335572,-2.7491251135990025,977.5890966796875,-0.032064606120222765,20.29046322285413
2025-03-01T17:47:31Z,39.98786484873762,-75.58801459432098,131.28829124073766,8.815068354938326,-17.70385350812855,-1.7704462563610708,1.4993200201234878,0.11876867188622933,1.2733692547424809,0.0010000000000535607,0.0010000000032170805,0.0009999999944755224,0.000999999990246876,0.0009999999940532155,0.000999999988026822,0.000049980528233591524,0.00005000141592541327,0.8202134311289976,22.36775188238524,55.51561443291926,0.02336153783323842,0.0004126309951711843,0.0004961856082666666,0.00730350974106654,0.004649999999999867,0.004649999999999905,0.004649999999999922,0.0010364999999995159,0.001036499999999494,0.0010364999999995122,-0.4935226643682173,9.656591668761783,0.9839655603423586,-0.002608610541000484,0.001545269882813823,0.00452832650286783,-14.276438093185424,13.109062986373901,-2.354812586903572,977.4451684570313,-0.059284650373394816,19.52453267649382
2025-03-01T17:47:32Z,39.97989350451501,-75.58867362461922,130.3842078036982,9.160835402458284,-18.11399591305818,-1.8152391303027278,1.5003626667195167,0.119149642056726,1.2755802665902278,0.0010000000001099173,0.001000000003625502,0.000999999994615176,0.0009999999898380862,0.0009999999939489007,0.0009999999879457136,0.000050976948623562557,0.00005100150686527678,0.8412430056063323,23.778026890624606,58.056770655258234,0.025784967516101407,0.00042266945454307904,0.0005021264164438063,0.007315209972240045,0.004650999999999869,0.0046509999999999035,0.004650999999999924,0.001036509999999517,0.0010365099999994944,0.0010365099999995126,-0.4401810237659585,9.63379849549269,0.961385417105139,0.0014008986668205114,0.002367266864126575,-0.004955599632866516,-15.65100064277649,12.288187932968139,-1.3076250552013517,977.6186645507812,-0.0867225031546642,19.941445328874263
2025-03-01T17:47:33Z,39.97034328932599,-75.5895238816173,129.64369787799637,8.973835025665357,-18.897165115880263,-1.7529470307120665,1.496890822944648,0.10845180855624881,1.2757279482143349,0.0010000000002593392,0.0010000000035305654,0.000999999994814929,0.000999999989863859,0.0009999999939940528,0.0009999999877456174,0.000051972932243074216,0.000052001597559305286,0.8718317501016584,25.26538072738287,60.57593283037877,0.02863498497503485,0.000432192290135264,0.0005044293844071924,0.007324118220887771,0.004651999999999866,0.004651999999999905,0.004651999999999923,0.0010365199999995173,0.001036519999999494,0.001036519999999512,-0.2386072934208916,9.75788787110284,0.6315825484523381,-0.0024355324339947995,-0.0004705836916910622,0.003601848167586002,-14.688000640869141,12.914812984466552,-2.2908750914409755,977.6346166992188,0.002927514889624463,19.69202544642087
2025-03-01T17:47:34Z,39.96114818306889,-75.59046572896057,128.85024242834737,8.352093148979339,-20.03692028000409,-1.861585058795782,1.4998354640551357,0.10300861127583731,1.2770635875979202,0.0010000000004272733,0.0010000000034426817,0.0009999999950493854,0.0009999999899809398,0.0009999999937989148,0.0009999999879190685,0.0000529686212031683,0.00005300168571774151,0.9098356743173064,26.777142248570907,62.87873307225386,0.031022726138284988,0.00044211667509789105,0.0005029267053458543,0.0073350251088417275,0.004652999999999869,0.004652999999999906,0.004652999999999922,0.0010365299999995166,0.0010365299999994942,0.0010365299999995122,-0.19784954569700963,9.600360400514251,0.33271899662048937,0.0038665555867756973,0.0009445861487871342,-0.0026289726165203567,-16.956750640869142,11.675062942504884,-3.1053751051425933,977.77259765625,-0.1700056043895974,20.82017597015491
2025-03-01T17:47:35Z,39.94576125184191,-75.59211476010776,128.79111279624686,7.315517420721753,-23.432865508289794,-1.7784836951834344,1.4936616481434626,0.0873321219881173,1.27879296779786,0.0010000000002021359,0.0010000000037278054,0.000999999995022758,0.000999999989833014,0.0009999999935798175,0.0009999999879524199,0.00005396419894665584,0.000054001768893589396,0.9521680216835701,28.351014078116226,64.79846116577164,0.033328340910433914,0.0004519593119813998,0.0004968596887140529,0.0073450605095176326,0.004653999999999869,0.004653999999999907,0.004653999999999923,0.0010365399999995159,0.0010365399999994942,0.001036539999999512,-0.13986216702745807,9.671338298106269,0.48325237926554143,-0.004857961433584957,0.0002843182494613511,-0.00020887970035376817,-14.397000598907471,13.783688049316407,-2.189625091589987,977.4121240234375,-0.09339320994570088,20.051336733181262
2025-03-01T17:47:36Z,39.92503674560395,-75.59459776534817,129.52723061506973,5.6317330346052055,-29.641271257318003,-1.7728605441395597,1.4974347228808538,0.06461632604066127,1.2801800848519784,0.0010000000004318818,0.0010000000035543701,0.0009999999952704831,0.0009999999898327836,0.0009999999932897357,0.0009999999881822425,0.0000549598543859529,0.00005500184520997763,0.9947687476685275,29.940799489082444,66.23337183958918,0.0342201762986151,0.00046233434839749847,0.00048611661566893866,0.0073554853919475666,0.004654999999999872,0.004654999999999909,0.004654999999999924,0.0010365499999995167,0.0010365499999994933,0.001036549999999511,-0.16419050726811438,9.471825924551732,0.4029084646590156,0.004854121123634628,-0.0012443464738531467,-0.001794124315707632,-14.450250606536866,14.390250549316406,-2.199000087864697,976.9963256835938,-0.29534737631312896,20.51152292787177
2025-03-01T17:47:37Z,39.911786961419246,-75.59654487511483,129.44576436903438,4.7003269902420275,-34.460222759624905,-1.815690449533903,1.4978334381543825,0.04602964928703381,1.2834734045032794,0.0010000000006255732,0.0010000000034404168,0.000999999995241684,0.0009999999896761725,0.0009999999928804106,0.0009999999882317721,0.00005595573605207731,0.00005600191454300757,1.031014131240444,31.577840167168908,67.1579345719239,0.032499232150154565,0.0004720273234085615,0.0004726048102108341,0.007364672646394661,0.0046559999999998694,0.004655999999999911,0.004655999999999927,0.0010365599999995168,0.0010365599999994923,0.0010365599999995105,-0.2745270859647403,9.497368357045106,0.7285755515624659,0.00036943804315329944,0.0009051970629954447,0.0014735016874120475,-22.373250827789306,11.790937919616699,0.45281251981854437,977.446630859375,-0.24743933998721424,25.294091042355817
2025-03-01T17:47:38Z,39.90566234967525,-75.59775255159306,128.52163016240306,4.966493153253962,-37.04337432768419,-1.6994968226158285,1.5024068212839066,0.03977559203269606,1.2766762213851306,0.0010000000007402857,0.0010000000037974346,0.000999999995380506,0.0009999999896007634,0.0009999999930502253,0.0009999999882997826,0.00005695189668676779,0.000057001979335192394,1.0555868394428298,33.31005114442604,67.64180429372229,0.02978505598123711,0.00048374472425322226,0.00045582414889263186,0.007375028484491554,0.004656999999999869,0.004656999999999909,0.004656999999999929,0.0010365699999995166,0.0010365699999994914,0.00103656999999951,-0.23110977540072525,9.733600694970823,1.4416726516694227,0.0047828533411197836,-0.007831504476975707,-0.002639153874197316,-14.574938068389892,13.32768804550171,-2.1093750781938434,977.9899438476563,0.06609268045732172,19.862113075684338
2025-03-01T17:47:39Z,39.90213847789229,-75.59866919867798,127.27988490671292,5.016523464564604,-38.66636902875429,-1.7747530860161829,1.502761847182673,0.03622434699191187,1.2801235890235323,0.0010000000008232631,0.0010000000036243003,0.0009999999954086783,0.000999999989169726,0.0009999999929885838,0.0009999999886189184,0.00005794832164444872,0.00005800204343077751,1.0662857932081542,35.06788757211729,68.07312200925448,0.026580350043137815,0.0004932134451707977,0.0004416983413287378,0.0073850034629769,0.00465799999999987,0.004657999999999911,0.004657999999999927,0.001036579999999516,0.001036579999999491,0.0010365799999995087,-0.36175789022023,9.614478030836759,1.0390004778103532,0.00021154833538405537,0.0028077239322241085,-0.0010712677719415921,-14.235188055038453,11.765812931060792,-3.093000114560127,978.2961962890626,-0.09902570475092355,18.72537535807483
2025-03-01T17:47:40Z,39.89410861762025,-75.6002880448725,126.72159262694436,4.355236464387245,-42.3509170273938,-1.7371071485643004,1.4960492587751226,0.02646181162710181,1.284932150398211,0.001000000001103921,0.001000000003796325,0.0009999999954235588,0.000999999989522167,0.0009999999931340907,0.0009999999884360694,0.000058944973421845445,0.00005900211006901512,1.0643549896571303,36.89242547238962,68.58924407718558,0.023885249137063493,0.0005025791738965919,0.0004294216216371176,0.007395126838570471,0.004658999999999871,0.004658999999999911,0.004658999999999926,0.0010365899999995154,0.0010365899999994902,0.0010365899999995082,-0.3155188850084094,9.657334427188937,0.8696736271544546,-0.006690556023981907,0.003358670315808072,-0.0012803967037308315,-15.893438205718994,9.52987533569336,-3.3080626146867873,978.0398217773437,-0.07433242611502205,18.824485915089966
2025-03-01T17:47:41Z,40.074285669653804,-75.5535647444897,122.37907360816105,26.081776073820716,12.633419878827418,-2.410664969741242,1.5168966185975734,0.15224382710368392,1.0974679293417133,0.0010000000006159257,0.0010000000039379455,0.0009999999958294576,0.0009999999901286697,0.0009999999933382735,0.0009999999886768044,3.0872096921322057e-10,3.087212101492926e-10,0.572371526439248,0.013940299264481832,0.013942656021194558,0.012335331098983217,0.00016249326990609085,0.0001616485413995687,0.006961409065198665,0.004659999999999868,0.004659999999999913,0.004659999999999924,0.001036599999999515,0.0010365999999994897,0.0010365999999995077,-0.2636122863974285,9.696831090287546,0.8744141599606542,0.00447742079827049,-0.0008472834791005131,-0.0024253506631745497,-15.611063079833984,9.884437913894653,-3.3414376409351827,977.9050170898438,-0.04213001152863893,18.77686609073562
2025-03-01T17:47:42Z,40.074464166389824,-75.55341192020717,121.2207453387333,27.006231426579895,13.407283053707683,-2.4094526625737296,1.513574767432425,0.14557436286195968,1.08329573426939,0.001000000000444458,0.0010000000038944239,0.0009999999960236645,0.0009999999899406053,0.000999999993418699,0.0009999999888881605,1.0003087212903277e-6,1.000308722057105e-6,0.6096066494941988,0.032072589656061044,0.03944889420159198,0.013759345463940784,0.00017235157754477245,0.00017087809437511247,0.0069632432534004855,0.0046609999999998675,0.004660999999999913,0.00466099999999992,0.0010366099999995157,0.0010366099999994903,0.0010366099999995068,-0.3070851641402434,9.695148825469536,1.002926387641047,-0.002164147897187517,-0.0019788853816912286,0.0026551744282711388,-15.550688142776488,10.491187901496888,-3.0885001242905856,978.1235083007813,-0.030250259476233277,19.011202639951353
2025-03-01T17:47:43Z,40.074645454277814,-75.55325162368582,120.71361577403127,27.920506382911505,14.032715931460151,-2.3157280200721715,1.5141219727330584,0.14419911823143383,1.0608621811592234,0.001000000000114076,0.001000000003986185,0.000999999996329526,0.0009999999901453447,0.0009999999937923304,0.0009999999890179208,2.0003087225901116e-6,2.0003087282307017e-6,0.6499570189640217,0.08292867775015601,0.11453441249748456,0.015387460617075637,0.00018258839779058313,0.0001797969635043965,0.006964972982345355,0.004661999999999865,0.00466199999999991,0.004661999999999919,0.0010366199999995154,0.00103661999999949,0.0010366199999995072,-0.31162826176684094,9.7079975198071,1.050725308973593,0.0026753696179649504,-0.0028936808776110837,-0.0052149671397501655,-15.059063062667846,10.724062910079956,-3.7620001530647276,977.760908203125,-0.012387307345920799,18.866150455714255
2025-03-01T17:47:44Z,40.07482005764462,-75.5530863876296,120.11585422543948,28.677947743176997,14.497553005286317,-2.339105294490986,1.5106386277296366,0.13241968314369798,1.0456078079167892,0.0009999999998426263,0.0010000000037214813,0.000999999996067954,0.0009999999897906578,0.0009999999939630541,0.0009999999890623582,3.0003087244035585e-6,3.000308749948769e-6,0.6922710913015295,0.16492067959026174,0.23339444623470895,0.01692532623001674,0.00019216987639638437,0.00018836370350676677,0.0069624294984972565,0.004662999999999864,0.004662999999999908,0.0046629999999999155,0.0010366299999995164,0.0010366299999994895,0.0010366299999995067,-0.36447368454617846,9.584333699081688,0.9819793876592805,-0.0019939074055144762,0.002998160200507914,0.0053389736303159855,-15.367125616073608,11.517562918663025,-2.9951251170039175,978.0316552734375,-0.1407137285584387,19.436347497154113
2025-03-01T17:47:45Z,40.07497592746755,-75.55291815307024,119.42739703628652,29.356940597958342,14.916218714229025,-2.379082459095836,1.5041486661654355,0.1333283758675455,1.0293306599298708,0.0009999999994160227,0.0010000000036147984,0.0009999999963629226,0.0009999999897936523,0.0009999999938158821,0.0009999999887543966,4.0003087140612165e-6,4.000308802729541e-6,0.7353709240808427,0.28075993117878223,0.3968813821820383,0.018498047592243237,0.00020236789517659966,0.00019637248155510932,0.006960803941867739,0.004663999999999867,0.004663999999999907,0.004663999999999914,0.001036639999999516,0.00103663999999949,0.001036639999999507,-0.29958438385013897,9.569732267693931,0.9783424296697807,-0.004492110910860639,0.002573558978651842,-0.0077907805406387184,-13.810125570297242,11.566125411987304,-2.2085626024007796,978.2424389648437,-0.1578921021602621,18.148573752809956
2025-03-01T17:47:46Z,40.07510144697137,-75.55274928185882,118.72226020805012,30.091444620375665,15.071581050254464,-2.2271797139689085,1.50379274350703,0.12244434667628655,1.009818998861852,0.0009999999993790742,0.0010000000035959666,0.000999999996361299,0.00099999999002168,0.0009999999935867065,0.0009999999886744228,5.0003086458521475e-6,5.0003089081638025e-6,0.7782661605643897,0.4274937793172677,0.6181255291838396,0.020016962367928826,0.00021189519438133864,0.00020367229191297663,0.006954163659483535,0.004664999999999868,0.004664999999999905,0.004664999999999913,0.0010366499999995156,0.0010366499999994896,0.0010366499999995074,-0.37970406278661106,9.735475086208544,1.2070165167685958,0.0024106614189616567,-0.0020079270077165553,0.003469494065261954,-13.934250631332397,12.712313013076782,-2.941125122308731,978.4491918945313,0.03516648303531244,19.089644294744737
2025-03-01T17:47:47Z,40.07520575350565,-75.55258020666149,117.7842092183173,30.81968114610141,15.243685154111466,-2.255255379135277,1.5017131940284794,0.11727241437524075,0.9905954320896758,0.0009999999990509387,0.001000000003417381,0.0009999999962277335,0.0009999999898338205,0.0009999999933733908,0.000999999988384575,6.0003084120082615e-6,6.0003090940462185e-6,0.8201234040425345,0.6055684266563702,0.8874919361635651,0.021569846107813397,0.00022158666316714218,0.00021017374143105928,0.006946816645570231,0.004665999999999867,0.0046659999999999055,0.004665999999999914,0.0010366599999995158,0.0010366599999994907,0.0010366599999995078,-0.24216514668905786,9.595238675661086,1.1973726450934996,0.0008601333497819232,-0.004712755865798201,-0.0015007085876385814,-14.382188062667847,13.548188018798829,-2.7453751039505003,978.8085693359375,-0.10952860648471506,19.94832796881815
2025-03-01T17:47:48Z,40.07530924352332,-75.55240877795185,116.44853093720909,31.406024627558505,15.471718587683803,-2.2673348799679616,1.5045922304270922,0.11449327651026533,0.9765184599891517,0.000999999999094434,0.0010000000034670194,0.0009999999959286782,0.000999999989716177,0.0009999999931107567,0.0009999999883897033,7.000307810586961e-6,7.000309392275945e-6,0.859860451626943,0.8168317515771234,1.1905199659290076,0.02268636094980385,0.00023115443608686306,0.00021588253958388317,0.006938437976476537,0.004666999999999867,0.004666999999999905,0.004666999999999913,0.0010366699999995164,0.0010366699999994912,0.0010366699999995069,-0.28092036913737123,9.657987498279969,1.0461789455699892,0.005210458358671375,-0.0038710644800539493,-0.0022319107132759202,-14.653125562667846,13.023188009262086,-2.7894376171007753,979.235146484375,-0.0637062036863664,19.801425808698383
2025-03-01T17:47:49Z,40.07534574702845,-75.55223976748294,115.31024708723577,31.508239581086887,15.744209923632432,-2.2496486842331516,1.4995599121490863,0.11065005954652767,0.9724984406202044,0.0009999999990910025,0.0010000000037208813,0.000999999995898872,0.0009999999896923163,0.0009999999929867001,0.0009999999886352354,8.000306519306886e-6,8.00030983464437e-6,0.8953766112875533,1.0658593448079725,1.4959722786396286,0.022991277078398632,0.00024032134261245104,0.0002210859571011635,0.006929965929353793,0.004667999999999866,0.004667999999999904,0.004667999999999911,0.0010366799999995155,0.0010366799999994903,0.0010366799999995074,-0.3425852390052703,9.680281918381523,0.6493378118383265,-0.0034960336180194264,0.007855035441915908,-0.0015908366033478508,-14.084438056945801,11.453062953948974,-2.2758751058578492,979.2838452148437,-0.07420226785888359,18.295403634538467
2025-03-01T17:47:50Z,40.0753348163719,-75.55207102906274,114.16509495706627,31.766729348216405,16.002859531809868,-2.2217982838273724,1.5007965951719229,0.10332049459152887,0.9557279818602592,0.0009999999991462927,0.0010000000040517397,0.0009999999954503163,0.0009999999900043945,0.0009999999928965264,0.0009999999884753045,9.000304078274555e-6,9.000310456635851e-6,0.925960023632251,1.3478824659107937,1.8615564077795117,0.02367158191505133,0.0002495305492378719,0.00022525149008534897,0.006920401402997912,0.004668999999999867,0.004668999999999905,0.004668999999999912,0.0010366899999995165,0.0010366899999994911,0.0010366899999995065,-0.15940485816109673,9.69810717010126,0.8157102496180717,0.004253436531469029,-0.005795288396194747,0.0009344046592738731,-14.859563064575195,12.026625490188598,-2.608500112071633,979.45931640625,-0.04866044466506026,19.293746311903753
2025-03-01T17:47:51Z,40.075203089560176,-75.55190920536144,113.32196026630879,31.817805527372204,16.118279744949437,-2.1288149701987313,1.4929619088170023,0.10159527004889184,0.9413713852374662,0.000999999999073768,0.0010000000037928259,0.0009999999951279864,0.0009999999897662604,0.0009999999928659198,0.0009999999880063938,0.000010000299883513425,0.000010000311299988885,0.952092063229678,1.6618290983275146,2.259433861755565,0.024102169378597316,0.0002589863935231152,0.00022882368200594089,0.006913150555033267,0.004669999999999869,0.004669999999999907,0.004669999999999913,0.001036699999999516,0.0010366999999994906,0.001036699999999506,-0.15960425798757935,9.731526938116472,0.7803762358745733,-0.004797542400519013,-0.001091629148109535,-0.0058970991213189335,-14.509875602722168,12.463125524520875,-2.478937584608793,979.4502612304688,-0.018260550312788667,19.28753895113468
2025-03-01T17:47:52Z,40.0748797404444,-75.55176104127536,112.8969591072283,31.40623799641627,16.12820252729593,-2.0903462438881015,1.4902354432509046,0.09029775771719299,0.9242300784815611,0.0009999999992413152,0.0010000000037902826,0.000999999994922744,0.0009999999893904863,0.0009999999926460403,0.0009999999879884026,0.000011000293189072832,0.000011000312402685585,0.9730456448346654,2.0101801726222384,2.656275036136846,0.024069224294287102,0.0002681172579012113,0.00023175526297412297,0.006905564994406975,0.004670999999999867,0.004670999999999905,0.004670999999999913,0.001036709999999517,0.0010367099999994908,0.0010367099999995062,-0.16182906527504773,9.647527770742158,0.5321287308812738,0.0009001902076536661,-0.0019388289348730744,0.0014134163009699124,-15.587250623703003,11.702813029289246,-2.9553751118481157,979.3378686523438,-0.11878130517458847,19.71421956071198
2025-03-01T17:47:53Z,40.0745025141317,-75.55161838502018,112.4513540979983,31.25776832216303,15.786543723070382,-1.8704388377952137,1.4705571240662447,0.08641554209495847,0.9113274418621244,0.0009999999992298596,0.0010000000037003066,0.000999999994537543,0.00099999998927783,0.0009999999928518113,0.0009999999879385744,0.000012000283110506898,0.0000120003138091168,0.9887720255867706,2.3700642002319117,3.1297462988325258,0.023895310674497187,0.000277602541553158,0.00023425811495296356,0.00690085807921786,0.004671999999999866,0.004671999999999905,0.004671999999999913,0.0010367199999995178,0.00103671999999949,0.0010367199999995053,-0.23362224358741074,9.793501018520379,1.0649227249573776,-0.016770492626144363,0.0006289727059778918,-0.005092794113111956,-15.244125604629517,11.229562950134277,-3.043687614277005,979.4828735351563,0.07171221334313041,19.176770699631803
2025-03-01T17:47:54Z,40.07404684126834,-75.55148543714645,112.09931284588623,30.8076152986292,15.349096450947652,-1.7675062004921918,1.4594215085194118,0.08229685741655285,0.9012868045949349,0.000999999998986864,0.0010000000035658642,0.0009999999943501657,0.0009999999892086288,0.0009999999931407533,0.0009999999876220704,0.000013000268621212526,0.00001300031556781829,0.9987719220648029,2.747058761086677,3.596036992457527,0.022932400931260845,0.00028707902761488085,0.00023653219735637475,0.006897761878351942,0.004672999999999869,0.0046729999999999055,0.004672999999999914,0.001036729999999517,0.0010367299999994892,0.001036729999999506,-0.413624613823912,9.672750431807524,1.018263998072591,-0.008673362642873455,0.0020668413234965254,-0.004354748962294336,-15.07912558555603,11.20275047302246,-3.3390001344680784,979.5683837890625,-0.047240851286343095,19.079534298523598
2025-03-01T17:47:55Z,40.07344916795134,-75.55136583919894,111.89923474753648,30.090505773231104,15.156315076021361,-1.6692466440626468,1.4610446595611202,0.07210879113097184,0.8885075018607993,0.0009999999991094422,0.0010000000035715944,0.0009999999945590904,0.0009999999889719964,0.0009999999931244652,0.000999999987399984,0.000014000248533742643,0.000014000317717019423,1.0029701357521756,3.1798364514056763,4.067505002186388,0.022273686672262278,0.0002965684168188707,0.00023851705564766372,0.006895383803793934,0.0046739999999998675,0.004673999999999906,0.0046739999999999135,0.0010367399999995173,0.0010367399999994895,0.0010367399999995064,-0.21495821273225563,9.714737311041763,0.695391148575954,0.0041312644566968626,-0.0017432191864835177,0.0010056723934822106,-16.383938207626343,10.299562935829163,-2.5882501113414764,979.571064453125,-0.04023671932866357,19.524637815667184
2025-03-01T17:47:56Z,40.07269735050147,-75.5512600366949,111.76603784881642,29.379241034085247,14.824433062862404,-1.7090335896534758,1.4632645771989232,0.06105107778564609,0.8701772920425931,0.0009999999989336583,0.0010000000032517327,0.0009999999945096857,0.000999999989075655,0.0009999999928467355,0.000999999987585047,0.000015000221494293496,0.000015000320298468638,1.0030896149977426,3.636113221478675,4.568851919035816,0.02177270256563521,0.0003065641321167908,0.00024008963569446793,0.006894706842698688,0.004674999999999869,0.0046749999999999075,0.004674999999999915,0.001036749999999518,0.001036749999999489,0.0010367499999995072,-0.11808878469564371,9.572244722680653,0.720834833774103,0.004695562940965962,-0.007967363501015942,0.0009427503730197798,-16.55100064277649,10.228875436782836,-2.076562579013407,979.568935546875,-0.18208347437494246,19.567208235834407
2025-03-01T17:47:57Z,40.071705465438136,-75.55117716014728,111.64778289835566,28.39149433526929,14.12803137752313,-1.900993799700817,1.4674745981285544,0.051382126628649875,0.852826753002785,0.0009999999989137628,0.0010000000033868687,0.0009999999942638324,0.0009999999891941295,0.0009999999926012192,0.0009999999875674622,0.000016000185934519252,0.000016000323352025703,0.9992748964996238,4.099927481581162,5.06235102630671,0.02068970998817517,0.00031679719771700006,0.0002417363278864062,0.00689623758551323,0.004675999999999867,0.004675999999999905,0.004675999999999912,0.0010367599999995185,0.0010367599999994898,0.0010367599999995078,-0.3062614064968108,9.399851007364491,0.6427869759209272,0.006065669431914506,-0.006894844521755268,-0.0011018105105834192,-15.42000060081482,12.418500452041625,-3.3813751232624054,979.5156127929688,-0.35528804887128435,20.085497954731373
2025-03-01T17:47:58Z,40.07062848245882,-75.55110849921306,111.32084783129925,27.781260799029088,13.184343074620218,-1.8939870798627718,1.4786034130240646,0.048399035466663326,0.8370754720075694,0.000999999999191251,0.001000000003264985,0.0009999999940553596,0.0009999999894171963,0.000999999992319419,0.0009999999874661372,0.0000170001400218107,0.0000170003269326459,0.991969689706201,4.586356837095522,5.6426444267456475,0.019659808572318905,0.00032734981095810617,0.00024358832768214836,0.006900429391350293,0.004676999999999867,0.004676999999999904,0.004676999999999913,0.0010367699999995184,0.0010367699999994894,0.0010367699999995076,-0.24068106675396397,9.583291505810212,0.9909845071989042,0.012255765505541154,-0.006345066927958776,-0.00695593172104625,-14.766000537872314,12.373687963485718,-2.8620001200214027,979.6051220703125,-0.1445540466733957,19.476447075332626
2025-03-01T17:47:59Z,40.0693041217538,-75.55106643895246,111.12880513064441,27.697968709447444,12.22254293975934,-1.78489780109278,1.4660412924514357,0.03474409109945787,0.8033866738132764,0.0009999999991675654,0.0010000000032998836,0.0009999999942490907,0.0009999999897417483,0.0009999999922758167,0.0009999999873769262,0.000018000081822564295,0.00001800033113249957,0.9846711351574864,5.126759590518068,6.343584802417005,0.019727532503279254,0.0003385721582927746,0.0002446845452419907,0.006904012802480887,0.004677999999999864,0.004677999999999903,0.0046779999999999105,0.0010367799999995173,0.0010367799999994884,0.0010367799999995066,0.3085763267377143,9.664826672410046,1.3513370553111774,-0.011226978146676725,-0.025612342877663664,0.00145347332897834,-15.276188125610352,13.01456301689148,-2.5201875990629197,979.5814453125,-0.01812202601124489,20.225974978602405
2025-03-01T17:48:00Z,40.067478889242224,-75.5510682980933,111.3696375168431,27.628888170470766,11.66607386483372,-1.6584001592527569,1.4816058195414001,0.03957628466342321,0.7523114056187709,0.0009999999987372595,0.0010000000034640964,0.0009999999939964543,0.000999999989431854,0.0009999999920954432,0.0009999999871577049,0.000019000009719291037,0.00001900033604063335,0.9825563479783792,5.785068447250056,7.112219306463207,0.02180668429823059,0.0003510113049586124,0.0002450757572876776,0.006912114671154114,0.004678999999999863,0.004678999999999901,0.00467899999999991,0.0010367899999995166,0.001036789999999488,0.001036789999999506,1.0288708685371655,9.70719993018774,0.9281729202202289,0.016776165222141932,-0.040258242914402664,-0.02051712980225004,-16.136438159942628,12.846937980651855,-1.4435625652223825,979.3898779296875,0.023824866398940093,20.676320350663268
2025-03-01T17:48:01Z,40.06526559371454,-75.5511108567409,111.98035053164789,27.846122412844828,10.306431704172859,-1.392921440113259,1.4799104059124495,0.04099508338268089,0.6961761951119145,0.0009999999986537685,0.0010000000035274054,0.0009999999937986828,0.0009999999898840397,0.0009999999921112262,0.0009999999871596133,0.00001999992267283793,0.0000200003417481401,0.9874268383186614,6.424388725691963,8.005593376850403,0.023809923319330694,0.0003631438686794845,0.0002452806439489684,0.006920656692004168,0.004679999999999862,0.0046799999999999,0.004679999999999908,0.0010367999999995165,0.0010367999999994879,0.0010367999999995059,0.9465185420437839,9.76673740424138,1.5090672287834903,-0.0008723192198905128,-0.04570078116274827,-0.018644979394191397,-18.883875789642335,11.516437964439392,-1.6134375627338886,979.2349462890625,0.14623519545775074,22.177241372327583
2025-03-01T17:48:02Z,40.06255338044522,-75.55120948708766,113.18644142546385,27.745481036600417,8.297514408847166,-0.9901796425572398,1.475427256388912,0.023347661226078075,0.6335171668005215,0.0009999999985604276,0.0010000000037606045,0.0009999999938603626,0.000999999990019474,0.0009999999921696831,0.0009999999871321374,0.000020999820029445155,0.000021000348373460842,0.9966742846720249,7.051534926558842,8.962034307064307,0.025480605916996635,0.00037419459303727315,0.0002453590941958808,0.006926639981224891,0.004680999999999863,0.004680999999999901,0.00468099999999991,0.0010368099999995156,0.0010368099999994867,0.0010368099999995047,0.8050621879232229,9.827359508510877,1.730765517101926,-0.004308851230707708,-0.053452922795655035,-0.002374445687556703,-16.882688255310057,12.925125541687011,-0.41662501886487013,978.9747314453125,0.22963670054443944,21.26629840707897
2025-03-01T17:48:03Z,40.06054083801264,-75.55127466272047,113.94524309388714,27.670177654995175,7.153156421790862,-0.9073121848479544,1.4834448071468462,0.012174874189093058,0.5751120679056235,0.0009999999988965765,0.001000000004020189,0.0009999999939315366,0.0009999999900305557,0.0009999999918561837,0.0009999999872407892,0.0000219997014999014,0.000022000356018682243,1.0087668313439573,7.705937707368544,9.903873227908836,0.02710039401958524,0.0003844735098551507,0.00024555081171183943,0.006933556464540867,0.004681999999999864,0.004681999999999902,0.004681999999999911,0.0010368199999995157,0.0010368199999994865,0.0010368199999995049,0.9345537806651981,9.61818690998973,1.2373654858008267,0.007847357850791341,-0.05213956319782159,-0.004614283306267952,-17.646375732421873,11.704500465393066,0.05737500037997958,979.2414208984375,-0.038878753880950585,21.175246099217745
2025-03-01T17:48:04Z,40.05926007981302,-75.55129718098473,114.13047428939969,28.120707040958365,6.190105819993782,-0.8776090492727657,1.496702665959655,0.009189018158019112,0.5116719773021073,0.0009999999985442595,0.001000000003968314,0.0009999999938456942,0.0009999999902187094,0.0009999999916786028,0.0009999999870966183,0.000022999567227090853,0.00002300036481301379,1.0229232907205945,8.312607995881828,10.951176311868256,0.028794235423080773,0.00039382642016655206,0.0002459491049644274,0.006941543400577977,0.004682999999999865,0.004682999999999904,0.004682999999999912,0.0010368299999995159,0.001036829999999487,0.001036829999999505,0.9817832542981567,9.616421072033475,1.4941611109993598,0.013307754808418214,-0.05940017479320092,-0.008961270844659941,-18.37837579727173,10.565062923431396,1.2069375531375408,979.5380883789062,0.00005094777450219434,21.232988291256262
2025-03-01T17:48:05Z,40.058496807101285,-75.55129051641813,113.92772774327568,28.50341453840012,5.293937372724728,-0.8509135354000799,1.502805802945389,0.00960139030553215,0.46626101813404297,0.0009999999984781844,0.001000000004246579,0.0009999999937974002,0.0009999999902138752,0.000999999991426978,0.0009999999870417581,0.000023999417225050914,0.000024000374933253522,1.0364498664016217,8.86868999830705,12.013516334573422,0.02922097740577266,0.0004026701736628344,0.00024618668327557665,0.006949906442959418,0.004683999999999863,0.004683999999999907,0.0046839999999999105,0.0010368399999995158,0.0010368399999994868,0.001036839999999505,0.5917420461875353,9.669552786187337,1.4761293026767126,0.006330377853051053,-0.04292568588130946,-0.007933315258065022,-18.394500789642333,9.71137544631958,2.2078125884756448,979.768515625,0.018401762928475784,20.917475537580874
2025-03-01T17:48:06Z,40.058139870880446,-75.55126124251699,113.46493842615446,29.023989661190036,4.905712023358286,-0.7838632973850079,1.50211009390423,0.007248509475561466,0.4212481900537349,0.0009999999985824681,0.0010000000045689945,0.0009999999935413257,0.0009999999900564599,0.0009999999915178174,0.0009999999871432442,0.000024999251287563497,0.00002500038656233034,1.0479517676824166,9.431568439527014,13.152819175088851,0.029592757939727453,0.0004108571907481967,0.00024648572907069125,0.0069576463423265105,0.004684999999999862,0.004684999999999907,0.004684999999999909,0.0010368499999995155,0.0010368499999994858,0.0010368499999995047,0.6495731711614461,9.772464460837698,1.170698564639197,-0.00026145440687419237,-0.043908243769145906,-0.003062920424114022,-19.764938411712645,10.131375436782838,3.243562635630369,979.9710229492188,0.08273239873586233,22.44584540591738
2025-03-01T17:48:07Z,40.057920159059876,-75.55122560872684,112.9222962093123,30.02884046266621,4.457375724121937,-0.8040957651738829,1.4949892402729863,0.009641756725672392,0.3643582638928537,0.0009999999986925272,0.0010000000044963241,0.0009999999936073458,0.0009999999901983139,0.0009999999914151192,0.0009999999869684422,0.00002599906997095115,0.00002600039993258074,1.0601023617948127,9.925589140507224,14.488738426485687,0.031758219761365794,0.00041764641917865016,0.00024756186754355976,0.006966174894200596,0.004685999999999864,0.00468599999999991,0.00468599999999991,0.0010368599999995153,0.0010368599999994864,0.0010368599999995044,0.9926594824631283,9.677090174988312,1.4716626894501363,-0.006487601068792737,-0.05582511367227476,-0.008177660859449301,-19.374563179016114,12.042375478744507,4.718625204563141,980.0844897460937,0.05758365702712524,23.294968594769973
2025-03-01T17:48:08Z,40.05771147869875,-75.55119119298006,112.38053042460297,30.963859804432715,3.9733495898813063,-0.7608039403642567,1.5033165926032799,0.01095136053843728,0.3065722396322347,0.0009999999987487002,0.001000000004623561,0.000999999993904448,0.000999999990254725,0.0009999999912725839,0.0009999999873794006,0.000026998874762321164,0.000027000415299824436,1.0750486250820965,10.35195214080286,15.938387738475678,0.033970347763456386,0.00042325687687165374,0.0002488836910683114,0.006974595840201539,0.004686999999999866,0.004686999999999913,0.004686999999999913,0.0010368699999995143,0.0010368699999994855,0.0010368699999995052,0.9411340381739698,9.74377028846291,1.4617324838565637,0.009191260215267057,-0.05686358405528469,-0.007088285550326868,-19.88962577819824,13.680000591278077,5.68743775844574,980.1545776367187,0.1167195805897231,24.800888239066794
2025-03-01T17:48:09Z,40.057638568045746,-75.55115384041908,111.70784179382497,31.822664904705963,3.503849972698286,-0.8851727417281683,1.5094836158289042,0.013632957196740812,0.25538180991264003,0.0009999999989155316,0.0010000000043532734,0.0009999999940844123,0.0009999999902692493,0.0009999999911062857,0.0009999999874537148,0.000027998667421012193,0.000028000432866773424,1.091766432812523,10.676142020371408,17.438154331671956,0.035540483799705314,0.0004282947802757897,0.0002496346899145541,0.006983187990422752,0.0046879999999998685,0.004687999999999915,0.004687999999999915,0.0010368799999995147,0.001036879999999486,0.0010368799999995047,0.7844734504088814,9.602220994350626,1.3260359022878605,0.007058908189559843,-0.05052761445817008,-0.00701852007406248,-21.259500751495363,13.051875524520874,6.193687744140625,980.2757080078125,-0.05584409385606221,25.70363753343885
2025-03-01T17:48:10Z,40.05796707020927,-75.55111378604693,110.66965911771521,33.02400492949786,2.9383461247050384,-0.9669829830857825,1.5074785876717842,0.019491112017608198,0.20616649510678875,0.0009999999987792998,0.0010000000045380882,0.0009999999942886754,0.000999999990043766,0.0009999999911338938,0.0009999999875890972,0.0000289984497227819,0.000029000452800116392,1.1091735427220681,10.896658813855666,19.044462920452307,0.037261616520694915,0.00043240308106985253,0.00025002310920932213,0.006991997457868086,0.004688999999999866,0.004688999999999914,0.004688999999999918,0.0010368899999995138,0.0010368899999994852,0.0010368899999995042,0.7181229622201042,9.680639607743043,1.4092499043007243,-0.001346156598698985,-0.049176868813444546,-0.008116574715539056,-21.016875743865967,11.661750469207764,8.032312822341918,980.5137915039063,0.02816602044331996,25.34207891471038
2025-03-01T17:48:11Z,40.057987499258864,-75.55108224977218,109.76269255291024,34.00038076708758,2.31255558975773,-1.029869023927667,1.5036564140868427,0.021973253667314206,0.15242197339890132,0.000999999998998155,0.0010000000042254033,0.0009999999943366665,0.0009999999902271144,0.000999999991004727,0.0009999999879233895,0.0000299982239659145,0.000030000475231434728,1.1279796865826073,11.00698644388858,20.765243065096996,0.03957336415067048,0.00043488053673730256,0.0002504922350342651,0.0070005318925423655,0.0046899999999998635,0.004689999999999917,0.0046899999999999165,0.0010368999999995142,0.0010368999999994862,0.0010368999999995042,0.7860032870047337,9.670318429410806,1.460269329979498,-0.0024345313048003006,-0.05328151320013054,-0.00663798144317899,-27.007876148223875,9.65175042629242,13.085625524520873,980.5311596679687,0.030712159861746,31.524784721445506
2025-03-01T17:48:12Z,40.05738024854871,-75.55103712774111,109.32575209197356,34.13726000716909,2.1092988532589634,-0.8676712634530839,1.5068820808442227,0.01566040548866018,0.10486835148001442,0.0009999999992050031,0.0010000000045241799,0.0009999999943707879,0.0009999999901110412,0.00099999999111442,0.0009999999879580326,0.00003099799319297729,0.000031000500217500845,1.1474989083416853,11.048610632767929,22.533100433440385,0.04023929462454263,0.0004369167727885596,0.00024969636990835003,0.007008386845406883,0.004690999999999862,0.004690999999999915,0.004690999999999915,0.0010369099999995145,0.0010369099999994855,0.0010369099999995037,0.7253811935991133,9.852843084966885,1.125899813431701,0.005648244252888065,-0.046458520481991304,-0.0005113082691401605,-21.592125797271727,9.509437870979308,10.604812927246094,980.405634765625,0.16270550512488793,25.86713616438021
2025-03-01T17:48:13Z,40.05662532339745,-75.55097063521451,109.10883892745476,34.158500836667805,2.0858538276927288,-0.8101438504230728,1.5048857583144928,0.010932164321495137,0.051815523036242754,0.000999999999302891,0.0010000000042404602,0.0009999999943686548,0.0009999999898701562,0.0009999999910935743,0.0009999999876539325,0.000031997760825634575,0.00003200052777129554,1.1659972498698652,10.984452217043136,24.354076772236272,0.040927115885354914,0.00043741631102931086,0.0002490634796911942,0.007016704737528258,0.004691999999999864,0.004691999999999916,0.004691999999999916,0.001036919999999515,0.001036919999999486,0.001036919999999504,0.8981031099118792,9.733879922862297,1.044663499278989,0.0007700057774127119,-0.051619159781908536,-0.003243176194606682,-19.939875717163087,10.299187927246093,10.743188004493714,980.3896875,0.05013700500973409,24.88142832179352
2025-03-01T17:48:14Z,40.05563255479656,-75.55086810033588,109.20073614361402,33.67821508868074,2.183295036374975,-0.610632110677564,1.5008172954934038,0.00030114569104333633,0.006056573673746313,0.0009999999994143665,0.001000000004355433,0.000999999994422937,0.000999999989829181,0.0009999999913636484,0.0009999999873900967,0.000032997529630477254,0.0000330005578720068,1.1820791847426402,10.840745196427816,26.151130424783357,0.040826902679527294,0.0004380884784911452,0.00024712259180353924,0.007024703706031633,0.004692999999999861,0.004692999999999915,0.004692999999999916,0.0010369299999995153,0.001036929999999487,0.0010369299999995042,0.8055773624872706,9.833618818560254,1.1330410266982855,-0.0009694567305251666,-0.044330675114042546,0.0016776243347812693,-20.021063175201416,10.917937922477723,11.92481300354004,980.3101928710937,0.1506491971621718,25.734080301058643
2025-03-01T17:48:15Z,40.05466527638286,-75.55073921840906,109.44935916447623,32.45050126231051,3.475763121786591,-0.4894073470326685,1.5053206540214024,6.271568829272694,6.276060158596691,0.000999999999226171,0.001000000004285083,0.0009999999942210316,0.000999999989916066,0.0009999999914586685,0.0009999999874144164,0.00003399729859254091,0.00003400059053438206,1.1862829199662523,10.73672022413754,27.679008907911342,0.03391630603454112,0.00044250791284512156,0.0002415771930081578,0.007032865114567563,0.004693999999999862,0.004693999999999916,0.004693999999999918,0.0010369399999995144,0.001036939999999488,0.0010369399999995035,0.16621842243239485,9.8315070381121,0.0034267220594811493,0.007379028623539489,-0.012046471655424796,0.005322450669053742,-20.433000717163086,11.682937984466554,12.645375576019287,980.2856884765625,0.052024604648691034,26.718932730911646
2025-03-01T17:48:16Z,40.05355427255436,-75.55057270026958,109.81681022695592,30.72207790471092,4.927281440887005,-0.5374989983575819,1.4945760363949108,6.25496908241975,6.274768554947427,0.0009999999992952072,0.001000000003875392,0.000999999994219044,0.0009999999900446636,0.0009999999916395891,0.0009999999871587546,0.00003499706066104401,0.00003500062597078542,1.1702173543074235,10.651732153123561,29.07777128173529,0.027161239591074235,0.0004486088971590942,0.0002363608929350508,0.007040982754978267,0.00469499999999986,0.004694999999999914,0.004694999999999915,0.0010369499999995134,0.0010369499999994883,0.0010369499999995026,-0.09467311971764884,9.668553272055421,-0.017082900646852417,-0.007531746874281254,-0.0005368439160738936,0.010476246675573134,-24.25725101470947,13.027500524520875,11.977312994003295,980.205458984375,-0.11200300565615404,30.026371271455556
2025-03-01T17:48:17Z,40.05284223724777,-75.55043031359637,109.79744020277779,29.650742629179934,5.917785916638712,-0.6352985680243706,1.4891309324882644,6.248188079633294,6.264196601139368,0.0009999999991518183,0.001000000004159104,0.000999999993963389,0.0009999999897461979,0.000999999991436458,0.0009999999874640262,0.000035996805169706176,0.000036000664537900484,1.1393088173818176,10.613936080041265,30.584139016037252,0.022808588661272396,0.00045441388935660786,0.00023418657703339055,0.007050066817447274,0.0046959999999998565,0.00469599999999991,0.004695999999999916,0.001036959999999513,0.0010369599999994876,0.001036959999999502,0.1343540014909488,9.647060345645844,0.26077479439061807,-0.003799796792036415,-0.0099491687476229,0.00225794572441049,-26.64506364822388,11.474812984466553,10.520250406265259,980.3285620117188,-0.12961753815048757,30.859411567443377
2025-03-01T17:48:18Z,40.05216413604977,-75.55028648993442,109.66080858948017,29.043957432764483,6.81650039324638,-0.6331737728523942,1.4940745022211488,6.247708668640106,6.248504817605687,0.0009999999992366707,0.0010000000043008533,0.0009999999941054144,0.0009999999896901416,0.0009999999914420412,0.0009999999873037233,0.000036996521811082356,0.00003700070667692932,1.1029058102151952,10.659776812359741,32.32070523023585,0.020412166781192637,0.00046061988099887634,0.00023433996079225686,0.007059799162640482,0.004696999999999857,0.0046969999999999104,0.004696999999999917,0.001036969999999512,0.0010369699999994866,0.0010369699999995012,0.500198280924161,9.745594202318879,0.28335362859270896,0.005927306571547571,-0.014797032212687437,-0.0038440263569494825,-26.325001068115235,10.023187913894652,10.142437915802002,980.365390625,-0.018698317783974242,29.93887074483008
2025-03-01T17:48:19Z,40.05094888069005,-75.55010321694071,109.75662013997236,27.884138953477066,7.798967356879313,-0.6412045423928031,1.4880843337447962,6.243630715750441,6.2361590610468856,0.0009999999992356427,0.0010000000041753845,0.0009999999943729313,0.000999999989508409,0.0009999999918153487,0.000999999987310704,0.00003799619943628425,0.00003800075277413204,1.0655007489738693,10.77695588492666,34.09011051180791,0.01836563150423902,0.00046812884441053786,0.00023588719441778948,0.007069499867956374,0.004697999999999855,0.00469799999999991,0.004697999999999917,0.0010369799999995124,0.0010369799999994872,0.0010369799999995015,0.29766415128809054,9.714657424922457,0.3622304731039292,-0.004604102102081795,-0.011455968722748145,-0.0012443456313269987,-25.998376274108885,8.905687861442566,10.357125377655029,980.2381616210937,-0.0553707202908565,29.368246571766853
2025-03-01T17:48:20Z,40.04986857183249,-75.54993645957201,109.66481718467824,26.58841769665453,8.49020429788214,-0.7066921724959473,1.490122535304485,6.2453685937455115,6.2333166315404105,0.0009999999994057224,0.0010000000041177862,0.0009999999945280002,0.0009999999898633364,0.0009999999920118068,0.0009999999872645612,0.00003899582108930978,0.00003900080306920358,1.0270016568787077,10.963943159173004,35.83614463394943,0.01635129279760082,0.00047691177182121626,0.00023836639590601452,0.007079648061582346,0.004698999999999855,0.004698999999999909,0.004698999999999917,0.0010369899999995132,0.0010369899999994876,0.0010369899999995024,-0.08650353369909583,9.679203882849015,0.5227489954314275,0.0030826129754371236,-0.0018857540393979015,-0.005204785452185481,-26.895751113891603,9.302625370025634,12.634875507354737,980.3057275390624,-0.08770727014864291,31.137713170546714
2025-03-01T17:48:21Z,40.04895708857047,-75.54978764531602,109.39112134310618,25.641184150133476,8.793423212554803,-0.7103283097549823,1.4894500938908348,6.244917157492743,6.224418470470441,0.0009999999995756715,0.0010000000037479664,0.000999999994414354,0.0009999999897626034,0.0009999999921103137,0.0009999999870555448,0.00003999536491430543,0.00004000085777671979,0.9890586671751865,11.217053948703644,37.75612820675491,0.01501262016028481,0.0004857651973577627,0.00024291171202335464,0.0070896748235411075,0.004699999999999858,0.004699999999999912,0.0046999999999999195,0.001036999999999513,0.0010369999999994876,0.0010369999999995023,0.028066911578528426,9.734061676771706,0.7627419167227921,-0.00037161043242148965,-0.008407987673152957,-0.002522154899052229,-25.375313663482665,10.244250373840332,10.947000427246094,980.3982006835937,-0.01749017918485028,29.47346318984266
2025-03-01T17:48:22Z,40.04814594615849,-75.54965061516714,108.94784442579305,24.581652858255907,9.210310041137404,-0.852452181160635,1.4838947465725996,6.247758599599843,6.225819346629781,0.0009999999993056726,0.0010000000038473717,0.0009999999945283652,0.0009999999895348728,0.0009999999921314496,0.000999999986854012,0.00004099480390784427,0.00004100091711348623,0.9527084938940206,11.57912327921149,39.67838019575659,0.014061361285662814,0.000495562964272054,0.0002481423278238909,0.007099950938955263,0.004700999999999859,0.004700999999999909,0.0047009999999999205,0.0010370099999995122,0.001037009999999487,0.001037009999999503,-0.27465914989841267,9.630908766424882,0.5924598942614758,-0.005174242375736129,0.0019321508544018176,-0.004308851008630355,-24.162563514709472,10.884187860488892,10.453125371932984,980.4905102539062,-0.12844648534184136,28.487891392914214
2025-03-01T17:48:23Z,40.0476847975952,-75.54952767602711,108.27346827429874,23.748218883903018,9.492918292552737,-0.8632330775314574,1.4837605183807758,6.241377175945727,6.22276442888763,0.0009999999993920922,0.0010000000039730053,0.000999999994288901,0.0009999999894627232,0.0009999999917578747,0.0009999999867192097,0.000041994103454415395,0.000042000981294744285,0.9184383174055367,12.046738555687512,41.75646655370715,0.013673101212503123,0.0005054987094497647,0.00025507442389617564,0.007109510217266173,0.004701999999999858,0.004701999999999907,0.00470199999999992,0.0010370199999995113,0.001037019999999486,0.001037019999999504,-0.2462054916889349,9.771758413529849,0.6681273580222586,-0.00015129891847966582,-0.003501041264626273,0.005328959386109323,-39.05568924903869,-2.4554999759793277,-0.5583749867603179,980.6453686523438,0.01617135154943375,39.13673655687541
2025-03-01T17:48:24Z,40.04712897436634,-75.54940616585186,107.5520778077585,22.915127433054156,9.866302765740027,-0.9403737635966231,1.4791830031289803,6.251779602049917,6.226022814212491,0.0009999999995339325,0.0010000000037317348,0.0009999999944451503,0.0009999999893069982,0.0009999999918502618,0.0009999999870075513,0.00004299322306766082,0.00004300105056157446,0.8879281240070068,12.628284564309022,43.92908516789891,0.01392695557903717,0.0005152779779371138,0.0002627134039949977,0.0071203896974026525,0.004702999999999861,0.004702999999999906,0.004702999999999922,0.0010370299999995119,0.0010370299999994865,0.0010370299999995047,-0.30161829270113316,9.716093173658848,0.565580523742486,-0.004471748410703007,0.004212714081179897,-0.010702567812744394,-53.538564643859864,-1.2277500885725021,0.7706250335648656,980.7273681640625,-0.044318904461846234,53.558133786478955
2025-03-01T17:48:25Z,40.04545129187936,-75.54928539566633,106.98822820786827,21.925057947148975,10.291969903817652,-0.9885924690910372,1.474093847612005,6.249725076088005,6.231792711559604,0.0009999999992047082,0.0010000000036807413,0.0009999999944975049,0.0009999999890853008,0.0009999999918445489,0.0009999999867980431,0.000043992117201539985,0.00004400112510672713,0.86276188754783,13.329522939548545,46.22000554856631,0.01480521992547268,0.0005254973153734111,0.0002711371832212443,0.00713030339343328,0.004703999999999859,0.004703999999999904,0.004703999999999919,0.0010370399999995125,0.0010370399999994873,0.0010370399999995055,-0.32590544250809234,9.731287597652518,0.5138955477379553,-0.005286234274795416,0.005566796377495912,0.0015249078728108378,-37.78856393814087,-11.459812904596328,-2.4800625950843096,980.6609887695313,-0.031278623060048395,39.56576254958321
2025-03-01T17:48:26Z,40.04351320877684,-75.54917992871393,106.27985709542344,21.193741563695593,10.373360384641927,-1.224228207381159,1.4772668418928514,6.255104519943793,6.224021338974972,0.000999999999460702,0.0010000000036676404,0.0009999999944544451,0.000999999989186664,0.0009999999916107756,0.0009999999869376344,0.000044990741580132515,0.000045001205059949305,0.8444022464713894,14.08369172303129,48.603263112053966,0.015398482623669961,0.0005341012823919308,0.0002812664826770321,0.007140847083002425,0.0047049999999998595,0.0047049999999999054,0.00470499999999992,0.0010370499999995128,0.0010370499999994877,0.0010370499999995055,-0.15386605852408594,9.514549565921293,0.7431678390145119,0.0022320755965548646,-0.007346485015918376,-0.00679820830795265,-30.46687635421753,10.79812548160553,20.355938272476195,980.73896484375,-0.23680891237574728,38.1993509097215
2025-03-01T17:48:27Z,40.042037607474704,-75.54908241979253,105.33064246178635,20.526731198850662,10.320351715716122,-1.2217704509916447,1.4780269334089817,6.251509399344939,6.220890623855542,0.0009999999995893595,0.0010000000034095606,0.0009999999943575545,0.000999999989155897,0.0009999999914373843,0.0009999999873508418,0.000045989056093212726,0.00004600129051255662,0.8326801009791713,14.938701498143807,51.100503767129844,0.01602449849205345,0.0005428575461604877,0.0002914389526347635,0.007150512166255722,0.0047059999999998605,0.0047059999999999064,0.004705999999999922,0.0010370599999995123,0.0010370599999994872,0.0010370599999995043,-0.23653350825429673,9.755335528687942,0.856388229673686,-2.254479616826217e-6,-0.0036470808080460194,0.00306225082257353,-25.262626113891603,11.498812828063965,11.854687976837159,980.921630859375,0.01414119466784634,30.182006803294
2025-03-01T17:48:28Z,40.04156349778779,-75.54897496330021,104.22019504548366,19.78954797891015,10.060236710542085,-1.1854857833265662,1.4760332190337602,6.245216810526591,6.217830292251341,0.0009999999998611638,0.0010000000032766043,0.0009999999941198853,0.0009999999891649404,0.0009999999913846412,0.000999999987223349,0.00004698702031026792,0.00004700138156607034,0.8263337399460365,15.843897784711096,53.62737966061477,0.01656856881618564,0.000551306115047831,0.000301672489173286,0.007159910216422128,0.004706999999999861,0.004706999999999907,0.004706999999999922,0.001037069999999512,0.0010370699999994867,0.001037069999999505,-0.35635377645671346,9.783800998496726,1.159989695157941,-0.002344403194404498,-0.0037614091084302564,0.005989895432217967,-24.407813568115234,10.617562856674194,10.982812881469727,981.16146484375,0.07723544140129593,28.793979528028576
2025-03-01T17:48:29Z,40.0395476998207,-75.54890797903381,103.25061446352211,19.18956544301342,9.916550278841774,-1.3507115497027664,1.4736572250587467,6.2581416303174,6.21857614157906,0.0009999999999272383,0.0010000000030157504,0.000999999994188677,0.000999999989285634,0.0009999999917029048,0.000999999987112207,0.00004798460028700796,0.0000480014783636563,0.8252413303102225,16.838530634174308,56.18203227732045,0.017643730008071103,0.0005590127743616216,0.0003113522722672412,0.007170805024743075,0.004707999999999861,0.004707999999999908,0.004707999999999923,0.0010370799999995124,0.001037079999999487,0.0010370799999995053,-0.2959951488523287,9.587638496395648,0.837165897416243,-0.0033620105055852494,0.001575813203905168,-0.012433352519166184,-24.672938442230226,10.563937940597533,10.856625394821167,981.1473510742187,-0.15284416035498014,28.951926520371615
2025-03-01T17:48:30Z,40.03752775641348,-75.5488492476821,102.18044733799816,18.72668808259085,9.888993358327388,-1.3446455343080115,1.4674263039465623,6.261571129722105,6.2249096975339935,0.001000000000125002,0.0010000000030732546,0.0009999999946296203,0.000999999989327302,0.000999999991902232,0.0009999999872999028,0.000048981780542195443,0.00004900158101522147,0.8302050035572694,17.919404663489992,58.85044501211983,0.01890971592757064,0.0005671148568673484,0.00032001339131101496,0.007180805113345336,0.0047089999999998635,0.0047089999999999094,0.004708999999999921,0.0010370899999995113,0.0010370899999994861,0.0010370899999995044,-0.3175978876659377,9.766619750535794,0.7445407705093968,-0.007111151070047406,0.0061726546688607754,-0.0021616435925777295,-6.014625272154808,10.480312971733511,15.240375599861146,981.28642578125,0.01859810637021134,19.4494151400269
2025-03-01T17:48:31Z,40.035078526006,-75.54881202297588,101.2529105296693,18.313192197767556,9.606079560995434,-1.1396909008407055,1.4735316814034574,6.245170703378131,6.221280185459302,0.001000000000249836,0.0010000000027923397,0.0009999999947277517,0.0009999999891152631,0.0009999999919656766,0.0009999999874910307,0.00004997856555781815,0.000050001689641891795,0.840555377631734,19.026078378048762,61.60711710388612,0.01997697889961257,0.0005747256225023303,0.00032852950276016573,0.007189090972275816,0.0047099999999998645,0.00470999999999991,0.00470999999999992,0.0010370999999995117,0.0010370999999994863,0.0010370999999995052,-0.28311380016692067,9.94524590873411,0.931323461900558,0.004731947893704956,-0.0058563751912567965,0.016969605751656888,-23.36381344795227,3.856875175982714,13.254562895745039,981.3744995117188,0.21129631202591148,27.137132220168763
2025-03-01T17:48:32Z,40.03039264601633,-75.54885938696108,100.47742107426804,18.03777463970789,8.749549206394976,-1.5399817343352113,1.455810981472986,6.229667147497527,6.224100239911109,0.0010000000000259168,0.001000000002581387,0.0009999999946377009,0.000999999989194437,0.0009999999918429516,0.0009999999872853849,0.000050974975307379235,0.000051001804405410786,0.8548316451351217,20.029254892305836,64.16895122590388,0.021078402172174666,0.0005828984532487848,0.00033539871417986985,0.0071976772292645635,0.004710999999999867,0.004710999999999907,0.004710999999999921,0.001037109999999512,0.0010371099999994871,0.0010371099999995051,-0.28024239980081866,9.29635223451971,1.133676503767875,-0.019987713617175742,0.0000181080436273092,0.018058981325258253,-23.214375801086426,10.011187868118286,12.829125566482544,981.319248046875,-0.41195887629366973,28.34986258701887
2025-03-01T17:48:33Z,40.02568816575175,-75.5489220519694,99.54631419021536,18.308798312713055,7.765069921727455,-1.4257513544283846,1.4607637670572247,6.232873351088484,6.214987538186153,0.0010000000003088938,0.00100000000249839,0.0009999999948076845,0.0009999999890801872,0.0009999999920068808,0.0009999999870902415,0.000051971054541927006,0.00005200192589575174,0.8703663838020285,21.050426097252792,67.05680668473359,0.020742840940287017,0.0005893796955982772,0.0003416571804776767,0.007207362468637391,0.004711999999999866,0.00471199999999991,0.004711999999999923,0.0010371199999995129,0.001037119999999486,0.0010371199999995057,0.23404579355021576,9.769247897161184,1.3458453378516024,0.002212047123743273,-0.009890085316839145,-0.001490694558396254,-24.413063373565674,9.980437898635865,13.381688079833985,981.4427075195313,0.083031038438171,29.574877430179395
2025-03-01T17:48:34Z,40.020855560428565,-75.54899884567766,98.61429236593254,18.46473587052142,7.092760020893326,-1.5539480126958594,1.4626582534496448,6.237150130273157,6.21668442156861,0.0010000000002074454,0.001000000002189268,0.000999999994863273,0.0009999999890662244,0.0009999999917307484,0.0009999999868789276,0.000052966866614489995,0.00005300205474513619,0.8861972603313786,22.038196943468943,69.89193338395573,0.02151669620357621,0.0005967713651176844,0.00034581177252043425,0.007216994478463277,0.0047129999999998675,0.004712999999999913,0.004712999999999921,0.0010371299999995128,0.0010371299999994848,0.0010371299999995056,-0.07808876918411349,9.577708283103988,0.9877940811666118,-0.0001651514513495156,0.0008733185427256026,-0.0009490946402198146,-23.622375869750975,9.561750364303588,13.765500564575195,981.554853515625,-0.15235840889946223,28.964284471530643
2025-03-01T17:48:35Z,40.015060734995956,-75.54911663678804,97.73318910558265,18.86159228503928,6.260252497132712,-1.5359519757784261,1.465507082912705,6.240610920064402,6.219987740473576,0.0009999999999616594,0.001000000002383761,0.000999999994577258,0.0009999999890551775,0.0009999999916618773,0.000999999987292826,0.00005396248246697587,0.00005400219128809636,0.9033780962827038,22.972995117670173,72.8607011631222,0.022240196148840014,0.0006045634794260925,0.0003484928607092293,0.00722651491689018,0.0047139999999998685,0.004713999999999915,0.004713999999999922,0.001037139999999512,0.0010371399999994841,0.001037139999999505,-0.12825109240580027,9.709348832800504,1.007241314751454,0.0006097788594562764,0.0020968838900605777,0.0009828070250447831,-23.625375823974608,10.593000421524048,12.495750579833985,981.6054370117188,-0.018797417714430276,28.749102642246545
2025-03-01T17:48:36Z,40.008123320551036,-75.54927924437747,97.09851040236725,19.84003428429376,4.986937544971531,-1.3259240656815638,1.470487808675949,6.245660179136395,6.216940977715717,0.0009999999997320965,0.0010000000025348049,0.0009999999948313509,0.000999999989228324,0.000999999991452948,0.000999999987321087,0.000054957977156863145,0.00005500233631449434,0.919059342653376,23.813122760503173,76.06342650747732,0.021734092681800574,0.0006124083947290271,0.00035018773608646393,0.0072360623984076755,0.0047149999999998695,0.004714999999999918,0.004714999999999923,0.0010371499999995112,0.001037149999999485,0.001037149999999504,0.11688639722706239,9.846621599830787,1.2795987893347527,0.0022884888547723197,-0.004369937305886919,-0.00011424632097044903,-23.90250082015991,10.421625418663025,12.603188066482543,981.614794921875,0.1491496530423102,28.96165101142552
2025-03-01T17:48:37Z,39.997413081937374,-75.54956053199943,97.05068789790444,21.72830843047589,3.440652955169133,-1.2358813297021265,1.4790395166081918,6.254651276063155,6.214736706675432,0.000999999999200149,0.0010000000022951055,0.0009999999948229,0.0009999999895618484,0.0009999999914339034,0.0009999999873685594,0.00005595341880262068,0.000056002490707193084,0.9310913100277377,24.57983812344171,79.35359376310589,0.02125033396110628,0.000620749538618964,0.0003508609603752929,0.007245638153668127,0.004715999999999869,0.004715999999999916,0.0047159999999999225,0.0010371599999995098,0.0010371599999994838,0.0010371599999995046,0.07764410456607211,9.701776145932524,1.033377350290818,0.005088285764275117,-0.004125591342482726,-0.0007047486365100268,-23.656688385009765,10.684500398635864,12.94031304359436,981.3911767578124,-0.023828715959432797,29.00424468623603
2025-03-01T17:48:38Z,39.98613691845174,-75.54984905469587,97.15279686279506,23.898270983186457,1.9682554022712835,-1.1841085133498865,1.4864170728941073,6.268330866029419,6.218054783844323,0.0009999999996060899,0.0010000000024700927,0.0009999999949624411,0.0009999999894990327,0.0009999999917304173,0.0009999999873561904,0.00005694886383818693,0.00005700265508265308,0.9397831902428297,25.274629920228993,82.7812303075395,0.02073937226520411,0.0006296046197147914,0.0003506943171493863,0.007255372816873856,0.00471699999999987,0.004716999999999917,0.00471699999999992,0.0010371699999995087,0.0010371699999994835,0.0010371699999995052,-0.02634038561972821,9.664238255357793,0.9500097073778737,0.0045052933433334386,0.001646246338126729,-0.00410439457731631,-24.183375873565673,10.188562850952149,13.117875547409058,981.3448608398437,-0.06978765744594442,29.337998584971707
2025-03-01T17:48:39Z,39.976589880877235,-75.55007413212581,97.122520825796,25.661573914912818,0.7848533779487303,-1.1296791639152612,1.4858909921130583,6.27648961605417,6.226299419095487,0.0009999999995862828,0.0010000000024967808,0.0009999999950916871,0.000999999989391747,0.0009999999915104249,0.0009999999872729035,0.00005794435210974466,0.000058002830037300846,0.9460201974603516,25.904492566873525,86.3508843676126,0.020721153212661027,0.0006390791985356443,0.0003500260809297982,0.007264957218533671,0.004717999999999869,0.004717999999999914,0.004717999999999923,0.0010371799999995097,0.0010371799999994843,0.001037179999999506,-0.2892154958318705,9.685584726966932,1.0031480196379832,-0.002394808348826755,0.006523818637636554,0.0005984301358627645,-24.38868839263916,10.476750388145447,13.360875597000122,981.4525170898437,-0.0388351335841604,29.71666871050124
2025-03-01T17:48:40Z,39.9639503197353,-75.55033155114754,97.55598198217015,28.83748194493633,-0.6873021478273456,-1.0081304755242657,1.486921296761557,0.000236642987721334,6.216491954243499,0.0009999999996967216,0.0010000000024619636,0.000999999995108256,0.0009999999894922866,0.0009999999916905531,0.000999999986996955,0.00005893989786881259,0.00005900301644542528,0.9474599385287281,26.472699798161067,90.22842466933463,0.01914142088847947,0.0006485539055621895,0.000349743210925632,0.007274443764126165,0.004718999999999872,0.004718999999999912,0.00471899999999992,0.00103718999999951,0.0010371899999994847,0.0010371899999995066,0.26491712470039813,9.693069831095215,1.2042765369586508,-0.0006620217235938766,-0.012233402922901393,0.0029555998197848656,-24.923063430786133,10.480125379562377,13.614563064575195,981.2059423828125,-0.009201138246300065,30.271197079030923
2025-03-01T17:48:41Z,40.07535384983033,-75.53271630806307,93.01051055241979,-33.724883439678386,-11.46001037356143,-1.9460575818292571,1.5451886831395534,6.118554111228378,0.057323989714463716,0.0009999999992444727,0.0010000000036213433,0.0009999999943335397,0.0009999999892358006,0.000999999990335959,0.0009999999871475127,3.0766829329777814e-10,3.0766855978468316e-10,0.5521261383460245,0.008478453639217563,0.00848055460962019,0.011187817218453801,0.00017519895679538955,0.00015245755298885593,0.007054992354854767,0.00471999999999987,0.004719999999999909,0.004719999999999918,0.0010371999999995091,0.001037199999999484,0.0010371999999995074,0.027554348275368692,9.605624635058167,0.9658598723957182,-0.0005113081749089447,0.0003948080116003088,-0.0061007208876123166,-23.520375900268554,11.196000394821167,13.131563034057617,981.5747021484375,-0.12515187996012292,29.1717927084416
2025-03-01T17:48:42Z,40.07514653276208,-75.53285471156369,91.80487460136257,-35.31568232366784,-12.118046004811129,-2.118634040915476,1.5457943357639299,6.115847444477307,0.06459289435902656,0.0009999999993009247,0.001000000003964761,0.0009999999944825199,0.0009999999891538178,0.0009999999902002398,0.0009999999872410455,1.000307668659393e-6,1.0003076693530208e-6,0.5848005662854716,0.029571337683671792,0.05117788610557263,0.012720269425029613,0.0001855240761753176,0.0001621098464327793,0.007059769693861494,0.004720999999999872,0.00472099999999991,0.00472099999999992,0.0010372099999995084,0.0010372099999994833,0.0010372099999995076,-0.04510769808961895,9.677927652037496,0.8035467394615998,0.0007700058276690351,0.0015861615509051008,0.004487768870241193,-24.129000968933106,11.03775037765503,13.120500621795655,981.9058764648438,-0.0678653725945037,29.6004248100456
2025-03-01T17:48:43Z,40.0749260208426,-75.53300172528124,90.72856992565154,-36.77002881613117,-12.906941670506415,-2.3032816757334644,1.5471500046528575,6.119935144004026,0.07131764866647904,0.0009999999995774175,0.001000000004083322,0.0009999999940327505,0.0009999999890089753,0.0009999999904264578,0.0009999999874883742,2.000307670592662e-6,2.0003076760821156e-6,0.6214241695813651,0.09350189441936624,0.17196200098358788,0.01486192399964345,0.0001954243306578927,0.0001716367868486853,0.007066828208237927,0.004721999999999872,0.00472199999999991,0.004721999999999918,0.001037219999999508,0.0010372199999994828,0.001037219999999507,0.024222706090075503,9.614028240637646,0.9096063092274222,0.001382372724416349,-0.0007861972688876714,-0.0011934404861804403,-23.76000087738037,11.174625434875487,13.259438085556031,981.813515625,-0.12213796892292812,29.41461547853831
2025-03-01T17:48:44Z,40.074681111722576,-75.53315750271828,90.15296725448667,-38.051376765128765,-13.575489076339553,-2.395273819715048,1.5433606702654499,6.125872904677149,0.08442872468144766,0.0009999999992485495,0.0010000000038794393,0.0009999999941315307,0.000999999988762349,0.0009999999902991913,0.0009999999874434416,3.000307672776661e-6,3.000307702231337e-6,0.6623607558845613,0.19662046463497954,0.3682451051060423,0.017407582448012816,0.0002054419161858785,0.00018069080995556486,0.007072930490327096,0.004722999999999872,0.004722999999999912,0.004722999999999916,0.0010372299999995074,0.0010372299999994823,0.0010372299999995068,0.05008676624216179,9.619941607153306,0.7869166133140592,-0.002710421755871637,0.00141291599413024,-0.00025678112883965583,-25.5135009765625,11.449875450134277,12.535500550270081,981.4299291992188,-0.12687092299516395,30.645946532901924
2025-03-01T17:48:45Z,40.07440754635557,-75.53332144677485,89.25717328113167,-39.127946372941835,-14.338160743459435,-2.414980919456377,1.542906572034605,6.132924079619336,0.0926796576738125,0.0009999999992574065,0.0010000000039571456,0.0009999999938527346,0.000999999988983627,0.0009999999901641415,0.0009999999876730455,4.000307663810887e-6,4.000307769954606e-6,0.7079011785759011,0.3489269642569793,0.6295548738909148,0.020177894593439116,0.0002152386283561816,0.00018922778170469035,0.007079207865737482,0.004723999999999871,0.004723999999999911,0.004723999999999917,0.001037239999999507,0.0010372399999994818,0.001037239999999507,0.1294284488201999,9.685185305231936,0.9206682048054071,0.0006097791679744995,-0.0014781769399976098,-0.0012803969392028893,-26.63287603378296,9.50531285762787,12.136125476360322,981.8354077148438,-0.049298294951686555,30.772446636959717
2025-03-01T17:48:46Z,40.07410144908618,-75.53349363455604,88.1438028300664,-39.941310022113775,-15.069747231642193,-2.460688503214196,1.541447288382372,6.142485602033921,0.09557949454427288,0.0009999999993608934,0.0010000000040845472,0.0009999999935583828,0.0009999999892026917,0.0009999999899364404,0.0009999999874256637,5.000307605278649e-6,5.00030790866686e-6,0.7574214956088261,0.5458523878889682,0.9387109378513149,0.02270572788579931,0.00022462674518758678,0.00019706716571017224,0.007086475868327085,0.004724999999999871,0.004724999999999911,0.004724999999999918,0.0010372499999995073,0.001037249999999482,0.0010372499999995073,0.24649762307305884,9.642753274277862,0.9388608490187681,-0.0005622136122201886,-0.005204786176086326,-0.0037997970865238785,-23.05143835067749,11.961937952041627,13.441875581741334,982.1779077148437,-0.08745043782195218,29.242739549293912
2025-03-01T17:48:47Z,40.07373707920964,-75.53367165347076,87.21043520183117,-40.668211603734164,-15.570117142412796,-2.4578818844659636,1.538184245440591,6.156952213699724,0.1039401174667232,0.0009999999996662431,0.0010000000042745924,0.0009999999933434174,0.0009999999890060306,0.0009999999903281692,0.00099999998720902,6.000307409834307e-6,6.000308155380524e-6,0.8095596072941078,0.7710297811311706,1.3235057889836215,0.025154195780774484,0.00023383359378755943,0.0002037093316053675,0.007094835026339084,0.004725999999999871,0.00472599999999991,0.004725999999999917,0.0010372599999995066,0.0010372599999994812,0.0010372599999995066,0.08992726277587265,9.66957314074999,0.7701949697225723,-0.0008723193103126207,-0.0004066597277440383,-0.006888335934296654,-23.561250915527342,8.001750285029411,9.546000381410122,982.22474609375,-0.07827769639412335,26.651153195149895
2025-03-01T17:48:48Z,40.07328008961031,-75.53385159324498,86.68152268545013,-41.234304268608625,-15.867585603545988,-2.3430193326124176,1.5360446898092492,6.1640093223817445,0.1176348653560582,0.0009999999995607533,0.0010000000041443073,0.0009999999934090262,0.0009999999892514584,0.0009999999904392693,0.0009999999874155119,7.000306921413736e-6,7.000308557488756e-6,0.8628141862597307,1.0214945725771416,1.7918422456123528,0.02749832280900659,0.00024362917378621733,0.000209000012386284,0.007098528511993269,0.004726999999999871,0.00472699999999991,0.004726999999999918,0.0010372699999995072,0.001037269999999482,0.0010372699999995072,-0.05914558615253769,9.737349469498492,0.6559095810476201,0.001769253650410966,0.00325569171296438,0.0031640612541085113,-37.116938762664795,1.5140625654906035,10.1844378516078,982.1496240234375,-0.019273470951897388,38.518546022454224
2025-03-01T17:48:49Z,40.072695837770425,-75.53403093174323,86.63587875882058,-41.315794375439175,-16.230765220224207,-2.236787694167885,1.5282019520445462,6.175367885981353,0.12796964704774894,0.0009999999994142177,0.0010000000040959836,0.0009999999934199226,0.0009999999894634423,0.0009999999908713894,0.000999999987577893,8.000305903249733e-6,8.00030916821934e-6,0.9149466747864998,1.3173589893343964,2.2948671702042054,0.029321248595337253,0.00025293616642028304,0.00021323635029181555,0.007103238527680024,0.00472799999999987,0.004727999999999909,0.004727999999999917,0.0010372799999995071,0.001037279999999482,0.0010372799999995071,0.02440379521325694,9.639403270717292,0.8855806664561328,-0.003382372644856491,-0.0011730781377359899,0.0014230969322495965,-24.52537607192993,12.73237548828125,13.651688108444214,982.0220092773437,-0.09880248319405542,30.821630592718716
2025-03-01T17:48:50Z,40.07205433078662,-75.53421025960799,86.62535304535885,-40.999912031381946,-16.44230028305987,-1.909775236238867,1.5288829676932154,6.191939261919932,0.1333740983756065,0.0009999999998494304,0.0010000000045035935,0.0009999999936080007,0.000999999989181662,0.0009999999911565619,0.0009999999872707828,9.00030403707856e-6,9.000310039121245e-6,0.9620222282791113,1.6385239264521592,2.801272688292539,0.02963072415271293,0.00026153547818759675,0.00021655818105528277,0.0071111048049615115,0.00472899999999987,0.004728999999999908,0.0047289999999999156,0.001037289999999507,0.001037289999999482,0.001037289999999507,0.2656624237895984,9.84519057764363,0.8697520856786303,0.004825747565986586,-0.003971706887525304,-0.004615117753021877,-25.010063571929933,11.810250453948974,13.176375598907471,982.193916015625,0.10829989165850813,30.63656402973864
2025-03-01T17:48:51Z,40.07143300851192,-75.53439077736287,86.27733514595712,-40.77811964447745,-16.59178261848521,-1.9615214652744033,1.532918608137908,6.231585590010723,0.13675452823686662,0.0009999999997653741,0.0010000000043466708,0.000999999993744132,0.0009999999890705651,0.0009999999910222527,0.000999999987700304,0.000010000300928560819,0.000010000311222768743,1.000533726607666,1.9634973948035617,3.335158669714715,0.02932976962501824,0.0002689861949639265,0.00021909887099542607,0.007131654543970582,0.004729999999999869,0.004729999999999907,0.004729999999999916,0.001037299999999507,0.0010372999999994819,0.001037299999999507,0.021013969998957292,9.53850592676348,0.7613931769966428,0.007541925964674697,-0.001967202427645928,-0.030362233569922018,-24.117000885009766,10.98543788433075,12.149062957763672,982.5251391601563,-0.20991606572579338,29.153153255113793
2025-03-01T17:48:52Z,40.070617355211034,-75.53456314628825,86.40725298970486,-40.20198839480975,-16.64717418594245,-1.840694777709221,1.5259208241437527,6.247694872621913,0.14283081965348426,0.0010000000000111413,0.0010000000044655944,0.000999999993707731,0.0009999999889882317,0.0009999999907490003,0.0009999999878080924,0.000011000296110494558,0.000011000312779544255,1.029826350768871,2.323878255379529,3.9182764972142174,0.028899955877132996,0.00027743132064369326,0.0002211202558281436,0.007140650176626626,0.004730999999999872,0.0047309999999999046,0.004730999999999918,0.001037309999999506,0.001037309999999481,0.001037309999999506,-0.21231369520382792,9.646821645263328,0.8526885096601432,-0.002084034556861003,-0.001057581706788959,-0.004214550652211297,-23.931000862121582,10.777875409126281,13.266938018798829,982.3248779296875,-0.09201179360826843,29.408571128496966
2025-03-01T17:48:53Z,40.06966504433194,-75.53472669523644,86.79133553972018,-39.528545364838344,-16.41981907049004,-1.6889657361056387,1.5202393693873222,6.259007872343636,0.1534447413518444,0.000999999999908842,0.0010000000046802616,0.000999999993738943,0.00099999998871844,0.0009999999910195259,0.0009999999878901517,0.00001200028904538432,0.000012000314778080551,1.0504171276719003,2.6829620660291873,4.563122720195468,0.02816258963306089,0.0002862173991423876,0.00022262712306862157,0.007147637440975107,0.004731999999999874,0.0047319999999999056,0.004731999999999916,0.0010373199999995067,0.0010373199999994813,0.0010373199999995065,-0.3657858127330852,9.666800998683279,0.7286115093151322,-0.0001855135795283486,0.0038258317135195364,0.001341648608918881,-24.378000888824463,10.891875457763671,12.929438037872314,982.2497583007812,-0.07766842421772113,29.66626418955901
2025-03-01T17:48:54Z,40.068694460748844,-75.53488510540346,87.02576565527173,-38.878526097480474,-16.17065152483866,-1.6361829625541522,1.5140597571720145,6.2695133938674035,0.15918447316649226,0.001000000000170661,0.0010000000047707244,0.0009999999933828557,0.000999999988404561,0.0009999999910536483,0.0009999999879971202,0.00001300027911281496,0.000013000317290795838,1.0628749207153723,3.055969982848705,5.235640166583422,0.027135949159936695,0.0002946903232690548,0.0002243881776953421,0.007155601938949551,0.004732999999999875,0.0047329999999999066,0.004732999999999914,0.0010373299999995066,0.0010373299999994817,0.0010373299999995068,-0.40147875177106085,9.597249737416991,0.7614330560584144,-0.0013767001562626324,0.0005577052763614729,0.0003540836725177581,-22.425750789642333,11.106562910079957,13.18743805885315,982.3551953125,-0.14303081245227434,28.287376788161342
2025-03-01T17:48:55Z,40.067838736974345,-75.53504661922895,86.80669336568087,-38.246985666383516,-16.239922711194506,-1.5621306457081345,1.514507470624549,6.279457663779427,0.16031643932100312,0.0010000000001888537,0.0010000000050596222,0.0009999999933718172,0.0009999999885978068,0.0009999999912437662,0.0009999999878534216,0.00001400026558210405,0.000014000320380382614,1.0677751226149028,3.4892255674205677,5.887061742482451,0.02584205478120387,0.00030284357468791896,0.00022663875676968856,0.007165341257080644,0.004733999999999873,0.004733999999999904,0.004733999999999918,0.0010373399999995068,0.0010373399999994816,0.0010373399999995068,-0.26381821950676465,9.667141052366395,1.0414861484197044,0.003994570559272099,-0.0019488430064782923,-0.0023619279311638906,-24.000375995635988,9.928875393867493,12.380062999725341,982.6248461914063,-0.052131462507993484,28.77261979633061
2025-03-01T17:48:56Z,40.066928459129315,-75.53520428943257,86.60178660005171,-37.61207494236851,-16.191652093887523,-1.4665715193745408,1.5098086642708421,0.009873632277401019,0.16303084592174835,0.0009999999999304816,0.0010000000051762277,0.0009999999936608733,0.0009999999884832236,0.000999999991305445,0.000999999987680212,0.000015000247576269187,0.00001500032410843239,1.0661018795146722,3.94062921270148,6.5751529208771196,0.02449387152257171,0.0003110929491324065,0.0002291732857505334,0.0071776653488295795,0.004734999999999876,0.004734999999999906,0.0047349999999999155,0.001037349999999507,0.0010373499999994816,0.0010373499999995072,-0.3361546922157234,9.701217896774319,0.9790203890916428,-0.0012036225324716875,0.0006086105694081015,-0.006497783157120185,-24.45150104522705,10.006687936782837,12.857625541687012,982.6811376953125,-0.022503117356780653,29.38239702603649
2025-03-01T17:48:57Z,40.06583521870991,-75.53534914362741,86.59967885454081,-36.762565026725426,-15.83539673997309,-1.4555206325324772,1.5034366601383362,0.014339710372859898,0.16401788415553942,0.001000000000044329,0.0010000000054508947,0.0009999999935192602,0.0009999999884712247,0.0009999999910226551,0.000999999987870427,0.000016000224002051594,0.00001600032854395173,1.0586546673143147,4.387969602720289,7.27008776387601,0.022810771035014412,0.00031908574519319853,0.00023245222901697684,0.007185521616338995,0.004735999999999872,0.004735999999999903,0.0047359999999999165,0.0010373599999995067,0.0010373599999994815,0.0010373599999995067,-0.2897077820868315,9.607908872130174,0.8534338123753057,-0.002334389251997239,-0.0013780352022696792,0.0030557420235344736,-24.19200090408325,10.47131293296814,12.447750568389893,982.6081396484375,-0.12872909231323415,29.152098269814164
2025-03-01T17:48:58Z,40.06474014162789,-75.5354894783488,86.44847265346566,-35.86031073022493,-15.672298103375603,-1.4032829101119964,1.4955696145108013,0.019382414722236743,0.1630502159864362,0.000999999999886091,0.0010000000054274643,0.0009999999935527124,0.00099999998836971,0.0009999999908144855,0.0009999999876215175,0.00001700019348006725,0.000017000333745244406,1.0464496758600115,4.908814906923841,7.959151086761952,0.02142520041054033,0.0003268190695025228,0.0002365883172187958,0.007194538935031924,0.004736999999999874,0.004736999999999905,0.004736999999999916,0.0010373699999995057,0.0010373699999994823,0.0010373699999995057,-0.19266509453211686,9.655833918883912,1.127534913814588,-0.004135772131030525,-0.002445713002366852,0.0011583888315974712,-24.02118848800659,10.893000392913818,12.660375518798828,982.7018359375,-0.055471413898200185,29.256744327515186
2025-03-01T17:48:59Z,40.06375668173964,-75.535631326973,86.02814548723875,-35.4484867702961,-15.272190235837293,-1.3894815873920687,1.496910655012427,0.021672646223483277,0.16717529175203105,0.0009999999997140434,0.0010000000054233463,0.0009999999936143788,0.000999999988705847,0.0009999999906175922,0.0009999999873760916,0.000018000154332629223,0.00001800033979618735,1.0313316832243469,5.408852212122316,8.765368990722681,0.020080650954815097,0.0003350660134374161,0.0002408026912866062,0.007203228965805433,0.004737999999999872,0.004737999999999907,0.004737999999999918,0.0010373799999995048,0.0010373799999994831,0.0010373799999995048,-0.4534428867112948,9.674498000775314,0.7836464251853427,0.00421488252426824,0.003238500473206082,0.0026051033558746666,-24.444563636779787,10.94662543296814,13.458000535964965,982.8849169921875,-0.06209175158481919,29.974656489835073
2025-03-01T17:49:00Z,40.0627316588534,-75.53576542742428,85.50066204635968,-35.12928036983393,-14.643051176118457,-1.4735386501727297,1.485779576175368,0.0014460931801084775,0.17611659984058517,0.000999999999629456,0.0010000000054765864,0.000999999993871049,0.0009999999886606636,0.0009999999908903352,0.0009999999874908097,0.000019000104497536696,0.00001900034681041676,1.0140866433145084,5.89908775800325,9.620733539412978,0.018640690925116096,0.00034386223678700066,0.00024496501522561367,0.007201094434756074,0.004738999999999869,0.004738999999999908,0.004738999999999916,0.0010373899999995056,0.0010373899999994842,0.0010373899999995056,-0.3665526928990113,9.60610437961724,0.584574699419478,-0.008493274375988482,0.006554361134603889,0.024982114912294594,-25.226251068115236,10.740375456809998,12.659062957763672,982.9726171875,-0.1480726822347283,30.198811460335254
2025-03-01T17:49:01Z,40.06153185898045,-75.53588575947731,85.0333246820982,-34.806102285256614,-14.08961432201607,-1.395526121128859,1.4802980333486881,0.004154020129750712,0.18947848921552035,0.0009999999996738384,0.0010000000055848306,0.0009999999936433188,0.000999999988461679,0.0009999999911228824,0.000999999987223181,0.000020000041510151407,0.000020000354903783704,0.9957596441616413,6.467048809521804,10.553510943896896,0.017709587476790786,0.000353604019930488,0.0002489492182741506,0.007210238892462408,0.004739999999999872,0.00473999999999991,0.004739999999999917,0.001037399999999506,0.0010373999999994843,0.001037399999999506,-0.34425040876828333,9.751467123661923,0.7979236036920122,-0.002690059609547703,0.012866630604403479,0.002756818396402497,-25.947001094818116,11.695312967300415,12.122813024520873,982.9865112304688,0.011131028130579857,30.935201030258785
2025-03-01T17:49:02Z,40.059991437460695,-75.53598660645974,84.85085874979008,-34.70731762344168,-13.373309333652745,-1.271039489739446,1.4780298806389622,0.020667851614440368,0.21435820592279395,0.0009999999997190713,0.0010000000054204237,0.0009999999935723703,0.0009999999882229823,0.000999999990735226,0.0009999999874448493,0.0000209999627551373,0.00002100036423728746,0.9786224486801101,7.0685778940523,11.662940015370038,0.01745925670144666,0.00036519491280714666,0.00025167371649128996,0.007225909276806588,0.004740999999999874,0.004740999999999913,0.004740999999999914,0.0010374099999995066,0.0010374099999994847,0.0010374099999995064,-0.7836099087496187,9.780741298607417,0.7105313091691882,0.0005296654158277966,0.02559014292132224,-0.009081440821101327,-26.06456367492676,11.452687997817993,11.037750415802002,982.9045336914063,0.058716951381425464,30.53447842840054
2025-03-01T17:49:03Z,40.05790917360778,-75.53606245908503,85.04586284403919,-34.46327261406138,-12.33998811526966,-1.224079422415614,1.4700742734171195,0.023779646059779624,0.2403158031213328,0.0009999999997648429,0.0010000000056354804,0.0009999999936435018,0.000999999988397793,0.000999999990547489,0.0009999999876289672,0.000021999865539328056,0.00002200037500440486,0.9638437378845786,7.662983185610928,12.871094991880566,0.017567316201531104,0.0003771914588406246,0.00025423396899186415,0.007234187070654119,0.004741999999999876,0.004741999999999914,0.004741999999999914,0.001037419999999507,0.0010374199999994855,0.0010374199999995072,-0.9323264515248112,9.681636555030488,0.5404558792551063,-0.005204785695629684,0.025155193884963765,0.005943496418478266,-26.300438652038576,12.241313018798827,11.375625438690186,982.7201611328124,-0.03773805974335119,31.160303352369116
2025-03-01T17:49:04Z,40.05602341058518,-75.53614645442785,84.95785114089743,-34.118903022077994,-11.347287111149422,-1.2647939772015009,1.4707001300773117,0.03589055978578726,0.26286605268099184,0.0010000000000442546,0.0010000000056241908,0.000999999993759989,0.0009999999885352221,0.0009999999904786124,0.0009999999879683466,0.00002299974666376789,0.00002300038736612844,0.9506606124803847,8.24427752992039,14.072009546686925,0.017520945448864688,0.0003893663612822924,0.00025706683133188074,0.0072476504457589346,0.004742999999999877,0.004742999999999914,0.004742999999999915,0.0010374299999995073,0.0010374299999994867,0.001037429999999508,-0.7164147381754531,9.636583498089268,0.4419075501418923,0.002001749331519752,0.022575875186653323,-0.004374777713320585,-25.953376121520996,11.951062994003296,10.120125412940979,982.868291015625,-0.10599276509018454,30.312035507544337
2025-03-01T17:49:05Z,40.05419784608667,-75.53623667033568,84.79719892794753,-33.85268279601289,-10.727995688280929,-1.0642397598628253,1.4784604292089436,0.04072746459742089,0.2827685458266046,0.0009999999998704142,0.0010000000058375906,0.0009999999935915577,0.0009999999883620954,0.00099999999025065,0.0009999999881414375,0.000023999602585664203,0.000024000401485904266,0.939431285467968,8.911644463422498,15.398805560045147,0.017873367780248395,0.0004013784278760528,0.0002600452797193352,0.007257595023676029,0.004743999999999874,0.004743999999999917,0.004743999999999916,0.0010374399999995068,0.0010374399999994862,0.0010374399999995068,-0.8880193538101212,9.866003575955173,0.6172654901198423,0.008132428497170921,0.019026183345485642,0.001972875035292367,-25.068001041412355,9.287437850609422,9.61837535828352,982.9593383789063,0.14576742771360865,28.41076266655943
2025-03-01T17:49:06Z,40.05256199285926,-75.53633757614887,84.45482265812919,-33.52055775140161,-10.218809683673983,-1.229062727461265,1.4712954937806142,0.04092426678791096,0.30446739521111116,0.001000000000137189,0.0010000000055294706,0.0009999999940471496,0.0009999999884448443,0.00099999999026383,0.000999999987855012,0.00002499942968299603,0.000025000417519496838,0.9306897845006115,9.553054890115671,16.70901474640419,0.018011807515214424,0.00041357071464330405,0.00026266290415781143,0.007265431819244093,0.004744999999999877,0.004744999999999915,0.004744999999999914,0.0010374499999995061,0.001037449999999487,0.0010374499999995061,-0.7151379161270902,9.529333463345093,0.5666572924078265,-0.007709331805666185,0.020298818736540415,0.005912952941128081,-25.299563579559326,11.956500482559203,9.587625365257264,983.10087890625,-0.2064688821979147,29.57947557426509
2025-03-01T17:49:07Z,40.04980842546907,-75.53643865703359,84.58832365318281,-32.65636969045415,-9.55001850026824,-1.1142144657505473,1.4730444315292768,0.05173394315025769,0.33102253437999785,0.0010000000002631686,0.0010000000054798091,0.0009999999936473243,0.0009999999883069431,0.000999999989925597,0.000999999988121385,0.000025999224022923635,0.000026000435618343272,0.924200694421962,10.193589051685457,18.155930488012096,0.018566669255356834,0.000426247088309453,0.0002648174484867791,0.0072772686055231055,0.0047459999999998745,0.004745999999999917,0.004745999999999911,0.0010374599999995056,0.0010374599999994866,0.0010374599999995056,-0.7679584986862007,9.767090404442433,0.4474384989761351,-0.000011100140213702193,0.02480903702793706,-0.0014806801217505038,-25.665751152038574,11.192250366210937,9.310875363349915,982.8089453125,0.027998621639789376,29.507399951489557
2025-03-01T17:49:08Z,40.04667190438389,-75.53656026282972,84.93658131063822,-31.43347244515544,-9.262671111800017,-0.9493542462145872,1.4761715614284106,0.062215087293759214,0.353354681715904,0.0010000000002300805,0.0010000000055888274,0.0009999999935369976,0.000999999988448932,0.0009999999898276748,0.0009999999881394296,0.000026998981829562705,0.00002700045593188744,0.9201115006972249,10.879776753328377,19.63516567718395,0.01868803028945414,0.0004379174839085193,0.00026754782366356187,0.007288396422417278,0.004746999999999877,0.004746999999999917,0.004746999999999909,0.001037469999999506,0.001037469999999487,0.0010374699999995058,-0.7871219959646611,9.782573818201307,0.660455944799962,0.0001504619557460001,0.019799945537762063,-0.0011730787769150207,-25.80000102996826,11.064937930107117,9.33543788433075,982.723056640625,0.05691996173357996,29.584122409540598
2025-03-01T17:49:09Z,40.04387609877811,-75.53670279148992,85.10952314929683,-30.56368404716548,-9.14601559111967,-0.9705538101217834,1.4785087063201554,0.07075035412022325,0.385087119530383,0.001000000000170707,0.0010000000054279027,0.0009999999932579565,0.000999999988925788,0.0009999999896707352,0.0009999999882973271,0.000027998700148682783,0.000028000478595467388,0.9187110003366653,11.54187309650808,21.237690746239352,0.01936320803223254,0.00044956104997117185,0.00026968237651142895,0.007298966935807513,0.004747999999999875,0.00474799999999992,0.004747999999999911,0.0010374799999995053,0.0010374799999994873,0.0010374799999995053,-1.0310905419378475,9.613243710621731,0.5258524672717485,-0.002094048693828422,0.029055048454373775,0.0003018431695704291,-25.108313522338868,11.642813014984132,8.164687852859497,982.8361962890625,-0.09680016813009548,28.855531504402617
2025-03-01T17:49:10Z,40.0421390442782,-75.53684444951027,84.79202482361465,-30.02175295630104,-9.029152752898911,-0.9275299222966114,1.4811519493055259,0.06957445761683728,0.408928049394205,0.0009999999998315764,0.0010000000055911758,0.000999999993486275,0.0009999999885090712,0.0009999999895277652,0.0009999999884426518,0.00002899837653247365,0.000029000503714650554,0.9195698016507381,12.194251741816037,22.8327320398684,0.019509945396259755,0.0004590175755308443,0.00027280864927852193,0.007305262817182487,0.004748999999999874,0.004748999999999921,0.004748999999999914,0.001037489999999506,0.0010374899999994881,0.0010374899999995059,-0.8400831443987321,9.740938694312707,0.5308048290665316,-0.0008167404233970786,0.021490005170545487,0.0065543607692457465,-25.077938709259033,11.31768798828125,7.54256281375885,983.1486254882813,0.012016303720645004,28.528589628761985
2025-03-01T17:49:11Z,40.04095226692606,-75.5369814046158,84.24348031845672,-29.71038562362819,-8.891791979693227,-0.9398396550679639,1.4848174675486674,0.07665406509063873,0.4315693150007346,0.0009999999996204826,0.0010000000057291498,0.0009999999932300684,0.0009999999888488048,0.0009999999896606801,0.0009999999882372716,0.000029998008200807925,0.000030000531338271403,0.9211907900250074,12.827202168720033,24.45328990329943,0.019537707324349368,0.0004676749888008475,0.0002765391920164495,0.007316360703216884,0.0047499999999998715,0.004749999999999919,0.004749999999999916,0.0010374999999995063,0.0010374999999994885,0.0010374999999995063,-0.7966534098676895,9.716332537963362,0.4951517753299891,0.0006493350450228587,0.021693626626079075,-0.0031583887807469643,-24.975376148223877,11.27081298828125,6.948375253677368,983.3484008789062,-0.01798754123249917,28.26796217354518
2025-03-01T17:49:12Z,40.03771700121169,-75.53721056760435,84.40044050986793,-28.31880341547886,-9.293835854025644,-0.9481536230414708,1.492318853872103,0.08309178143664647,0.4588205507680585,0.0009999999996086416,0.0010000000055837848,0.0009999999935383665,0.0009999999889851944,0.0009999999896447341,0.0009999999881661577,0.00003099759278116778,0.000031000561517542805,0.923189244267744,13.451155042053065,26.11120067309297,0.019499680369288654,0.00047460087969051216,0.00028093761368393335,0.007324816273364553,0.0047509999999998725,0.004750999999999921,0.004750999999999914,0.0010375099999995053,0.0010375099999994893,0.0010375099999995053,-0.8672410283182602,9.634465293628404,0.49800158947308376,0.0005797359430762942,0.02330691033014464,0.0010028353513468562,-26.918251209259033,11.17575041770935,5.927437725067139,982.9398559570312,-0.09320545700484063,29.74258128383236
2025-03-01T17:49:13Z,40.034006249219665,-75.53749281551819,84.67879854762147,-26.655073478893534,-10.134209010084149,-0.9113833678051236,1.5002836067760672,0.09055422962225951,0.4898984417770336,0.000999999999597947,0.001000000005678813,0.0009999999938649943,0.0009999999894029638,0.0009999999897637247,0.0009999999878688055,0.00003199712870093844,0.00003200059431696016,0.9248488030175761,14.106449083138738,27.792489452535214,0.0189803816682122,0.00048004742350561414,0.00028620683621991694,0.007333387927672893,0.004751999999999875,0.00475199999999992,0.004751999999999913,0.0010375199999995044,0.00103751999999949,0.0010375199999995046,-0.9778698445905433,9.647499043776968,0.6159095552940277,-0.0006436620486648346,0.0264889151843906,0.00022172947759413757,-25.130063629150392,11.136937885284423,5.643750219345093,982.850341796875,-0.06285771155556737,28.060658383002433
2025-03-01T17:49:14Z,40.03076301806125,-75.53778166683604,84.77316774744477,-25.215641624223785,-10.98183225462335,-0.8971877984548043,1.5083609316509872,0.0926537461469138,0.5191959891004793,0.000999999999754729,0.0010000000055748336,0.0009999999939730119,0.0009999999895818072,0.0009999999899002437,0.0009999999880389622,0.00003299661439011328,0.00003300062983026783,0.925000783757689,14.76828523760749,29.48212436013374,0.01827220382595823,0.00048365255795201396,0.0002925405314095229,0.007339499212180868,0.004752999999999876,0.004752999999999923,0.004752999999999916,0.001037529999999504,0.0010375299999994896,0.001037529999999504,-0.9930799615865248,9.648116133074476,0.5846923735074856,0.0000790273139770442,0.02505939135368329,0.003977045861012855,-24.561563549041747,11.164500360488892,5.669062712192535,982.9537670898437,-0.06252737045960037,27.569039577651424
2025-03-01T17:49:15Z,40.02758828108365,-75.53809080034661,84.82242846323813,-23.754299594192144,-11.933091162615188,-0.8627728170460669,1.5112437422120184,0.09330388567927661,0.5473448820383927,0.000999999999740481,0.001000000005423406,0.000999999993941217,0.0009999999895760271,0.000999999990130948,0.0009999999879991318,0.00003399604689596469,0.000034000668186184917,0.922581864503485,15.458361129489832,31.167125786598934,0.01725639933233975,0.0004860671358071263,0.0002998855200815447,0.00734508606860161,0.004753999999999874,0.004753999999999921,0.004753999999999914,0.0010375399999995028,0.0010375399999994882,0.0010375399999995028,-0.9525458069196002,9.677648567194131,0.6435865408189638,-0.004950258893757329,0.024106542348328833,0.00460977487604574,-24.3135009765625,10.58437539100647,5.151375195980072,982.9846752929687,-0.03342345687437436,27.01313114134469
2025-03-01T17:49:16Z,40.024053179692686,-75.53844077396387,85.01208260734056,-21.923570308345376,-12.988208958123534,-0.7278195493806215,1.521934292997504,0.09682957483802099,0.5700680690666272,0.0009999999999249227,0.0010000000052257795,0.0009999999939674029,0.0009999999895965127,0.0009999999901082882,0.00099999998819812,0.000034995419107416374,0.00003500070954112822,0.9160525063631837,16.18688574388405,32.799599507866226,0.015868614457923903,0.0004883295554570471,0.00030799665569931407,0.007352300540400968,0.004754999999999871,0.004754999999999918,0.004754999999999913,0.001037549999999503,0.0010375499999994886,0.001037549999999503,-0.7404606507548634,9.79329377883619,0.7133556317069742,0.0028829968027717394,0.01872041744604508,0.0011430336471163938,-23.828813457489012,10.661062860488892,4.891312716007232,982.928505859375,0.06813517078160732,26.559232931305154
2025-03-01T17:49:17Z,40.02197153048007,-75.53871375655362,84.85901708698394,-20.86282054156712,-13.653351696874603,-0.6312561986092038,1.5289961485185277,0.10017627102706722,0.5955905111913287,0.0010000000000066553,0.0010000000047917393,0.0009999999939934948,0.000999999989666273,0.0009999999898061458,0.0009999999883661386,0.0000359947193458617,0.0000360007541290363,0.9051887938014104,16.98020399262263,34.5004036901352,0.014710943061347284,0.0004904729256618812,0.00031716947483421504,0.007360599144230687,0.004755999999999872,0.004755999999999919,0.004755999999999911,0.0010375599999995033,0.0010375599999994888,0.0010375599999995033,-0.8372915162617212,9.798964634572208,0.6613333111465699,0.0015758135682785166,0.023424410419496205,-0.0005214895052628884,-23.802375926971436,10.03725037574768,4.097625172138214,983.194345703125,0.07797660213614581,26.155063940819463
2025-03-01T17:49:18Z,40.01976350959989,-75.5389992680746,84.78144030370316,-19.853474752810218,-14.351674065898036,-0.5689586704427531,1.5341449502657514,0.10215978813480925,0.6207265858975075,0.000999999999863871,0.0010000000049660877,0.0009999999940773197,0.0009999999897629236,0.0009999999898279636,0.0009999999882232939,0.0000369939336073658,0.000037000802281443196,0.8913884677808568,17.84432293288148,36.28023310365006,0.013827087346760615,0.0004927642021323578,0.00032716054313338024,0.007368605678507079,0.004756999999999874,0.004756999999999917,0.00475699999999991,0.0010375699999995028,0.0010375699999994883,0.0010375699999995028,-0.9048887466886147,9.763630603785492,0.6142744656100709,-0.00025678074587687325,0.023098614737893743,0.0004660762118409332,-23.76900094985962,10.602937870025634,4.2352501797676085,983.2006298828124,0.0458712040966424,26.36896590437141
2025-03-01T17:49:19Z,40.016834383559356,-75.53932785271404,84.90196599289546,-18.680359820338733,-15.192282458689016,-0.49762615661350906,1.5407272681946127,0.10205591428546189,0.6479751767118824,0.0009999999998357289,0.0010000000049803955,0.0009999999937918842,0.0009999999895127039,0.0009999999898103807,0.0009999999883165767,0.00003799304554370275,0.000038000854362275536,0.8759914554605381,18.79365876858941,38.15050809378039,0.013183001062268163,0.0004952133834955874,0.00033800034751206104,0.007375873564497683,0.004757999999999877,0.004757999999999915,0.004757999999999908,0.0010375799999995032,0.0010375799999994889,0.0010375799999995034,-0.9289052405540432,9.762971625776483,0.5688056025642463,0.0003894671199493856,0.024829064848386217,0.0026051035518430262,-23.70543842315674,10.471312885284425,3.259125139713287,983.104892578125,0.044817130863541436,26.11925434708536
2025-03-01T17:49:20Z,40.014253906718906,-75.53963456242946,84.85768564270752,-17.364920352411097,-15.59880565182671,-0.6428688399383194,1.5457947550539832,0.10462588281946376,0.6636194746947676,0.0009999999998638724,0.0010000000051266667,0.0009999999939060559,0.0009999999897589758,0.0009999999896803077,0.0009999999884416702,0.00003899203094430694,0.000039000910607327626,0.8593810286701484,19.76052742250206,39.91207982331617,0.012708071922737539,0.0004996580037838227,0.000348485592246174,0.007385113564060099,0.004758999999999878,0.004758999999999916,0.004758999999999908,0.0010375899999995036,0.0010375899999994893,0.0010375899999995036,-0.4569523576868918,9.610370372767237,0.5172853817380958,0.0009242240907238494,0.01397636860634605,-0.0010509052275028256,-24.256313495635986,10.44131290435791,2.9276251232624055,983.1771801757812,-0.14355239731090685,26.56987108205805
2025-03-01T17:49:21Z,40.01131222151661,-75.5399520652898,84.73483635060693,-15.836742334531646,-15.97183106133664,-0.7041211523964211,1.5551926719096243,0.11494586920640777,0.6695836865620923,0.0010000000000904546,0.0010000000049714942,0.0009999999934805237,0.0009999999899677429,0.000999999989816924,0.000999999988343712,0.00003999085224281732,0.00004000097115877524,0.8416985111812003,20.84946515132353,41.6921464479035,0.012717377418286054,0.0005068442684697091,0.0003584926596313694,0.0073986969342666195,0.0047599999999998754,0.0047599999999999145,0.004759999999999906,0.0010375999999995037,0.0010375999999994894,0.0010375999999995037,-0.31292992809291326,9.714409075622436,0.5843393363720438,0.0063879588999689145,0.004620456787153315,-0.0093317950588231,-28.27106372833252,9.131250331401825,4.449937685728073,983.1693139648437,-0.04163067381887445,30.040500507907076
2025-03-01T17:49:22Z,40.0067452578972,-75.54032884249021,84.82403040087355,-13.999372452493098,-16.76462748599218,-0.6895277922731219,1.562625138538422,0.12841058149894585,0.6813011779632916,0.0009999999996786622,0.0010000000046459258,0.000999999993355662,0.0009999999902175509,0.0009999999895629118,0.000999999988463961,0.0000409894594680256,0.00004100103631095702,0.8239321009609649,22.130033001151357,43.535733175503665,0.01344591102926853,0.0005151470640150347,0.00036931032535108605,0.007414417993443535,0.004760999999999879,0.004760999999999917,0.004760999999999903,0.0010376099999995037,0.0010376099999994896,0.0010376099999995039,-0.46173799977708957,9.764587759012972,0.8059794315095061,0.0032047857154986975,0.010015928014236489,-0.012626792877587317,-25.144688663482665,10.026000347137451,2.111250081062317,983.0050415039062,0.030133547680568844,27.1519920045013
2025-03-01T17:49:23Z,40.00143058246162,-75.54071078205894,84.85467885825395,-12.134988497846997,-17.390088963744198,-0.8980545009625645,1.5640069286632579,0.12685556741304513,0.6810950518772109,0.0009999999994551995,0.0010000000045524084,0.0009999999932463772,0.0009999999899534381,0.000999999989568027,0.0009999999881765535,0.000041987789525207286,0.00004200110638770732,0.8085807858779827,23.501269372168025,45.363514466297914,0.01547118447245213,0.0005239029170759891,0.0003791362888566085,0.007423290927075342,0.00476199999999988,0.004761999999999918,0.004761999999999903,0.0010376199999995034,0.001037619999999489,0.0010376199999995034,-0.25400111298727646,9.57048994604282,0.8175846242538042,-0.0007251110907297983,-0.0015497779956606772,0.0015758133152376217,-24.648938579559328,9.88106291770935,2.3630625939369203,982.965830078125,-0.16975428242529295,26.66058765911045
2025-03-01T17:49:24Z,39.99556804164883,-75.54107735516432,84.71859538220573,-10.49055018491073,-17.875806902052663,-1.0138118587009912,1.5616341023828944,0.12241136146063032,0.6767798737547163,0.000999999999403479,0.0010000000047417671,0.000999999993829534,0.000999999990049415,0.0009999999896986775,0.0009999999885605792,0.00004298577006316236,0.00004300118168643303,0.7998598351972376,25.018507865605397,47.30927614504326,0.01887904046409314,0.0005335818887707129,0.00038845548156893686,0.007431446004565161,0.004762999999999878,0.004762999999999916,0.0047629999999999,0.001037629999999504,0.0010376299999994877,0.0010376299999995042,-0.146020743953588,9.670592978175879,0.872772530090405,-0.002945253599457508,-0.004983138567168388,0.003526407590898015,-23.84137586593628,9.771937894821168,2.576062600016594,982.976572265625,-0.06740818447904463,25.89469910798864
2025-03-01T17:49:25Z,39.988998269917744,-75.54142207852196,84.50163319573255,-9.289082518234451,-18.182482918240403,-1.1003781995085897,1.5611909057835245,0.12415960567202086,0.6762333642447687,0.0009999999994933554,0.0010000000052389278,0.0009999999939108407,0.000999999989861215,0.0009999999897719399,0.0009999999885541605,0.000043983335182945075,0.00004400126253488095,0.8024922226758133,26.624090423426097,49.410168154592604,0.023202779158612866,0.0005441060864875834,0.0003975523991626264,0.0074433880505658054,0.004763999999999878,0.004763999999999917,0.004763999999999901,0.0010376399999995046,0.0010376399999994868,0.0010376399999995046,-0.14109976702061747,9.689054329231606,0.8245636954198519,-0.0002975062283153869,-0.00044004087823509494,-0.003769253351733723,-23.43187587738037,10.065375356674194,2.99325012922287,982.988408203125,-0.053265721319338266,25.677256994673826
2025-03-01T17:49:26Z,39.9814501155203,-75.54173726327643,84.28240898631482,-8.50690814721816,-18.429063957039453,-1.1490311354417442,1.559743863543648,0.12471300831238699,0.6738510968573423,0.0009999999995399832,0.0010000000055601563,0.0009999999934828024,0.0009999999895326107,0.0009999999899302243,0.000999999988422933,0.00004498044340851328,0.000045001349205924355,0.8203937261381757,28.264149925623453,51.616585525117685,0.028804399500549766,0.0005543327117757435,0.00040524273105333375,0.007455305794829191,0.00476499999999988,0.004764999999999918,0.004764999999999902,0.001037649999999505,0.0010376499999994872,0.001037649999999505,-0.1448047228162225,9.707426756931756,0.9667986905772488,0.00035942421184169404,-0.0013780354089955563,-0.004024281089420344,-23.773313331604005,9.683625349998474,3.240750117301941,982.9832055664062,-0.02181196570600824,25.87359388447487
2025-03-01T17:49:27Z,39.97412584122508,-75.54200110612427,83.95562703417008,-8.572617898886808,-18.411847087425084,-1.2073699559075748,1.5532580609212876,0.12212958634866498,0.6782368961261266,0.0009999999993850087,0.0010000000058503257,0.0009999999932575143,0.000999999989656668,0.0009999999897564121,0.000999999988892931,0.00004597711082740263,0.000046001441960334516,0.8546148385286052,29.784248453827598,54.07202027586812,0.03263515522236064,0.0005621381044677978,0.00041172786744619254,0.007465588411749361,0.004765999999999881,0.0047659999999999205,0.004765999999999904,0.0010376599999995057,0.0010376599999994878,0.0010376599999995053,-0.4110899213299522,9.65770834985813,0.7017720155880456,-0.00429866954339891,0.006035126104776128,-0.0016617701535447359,-23.351250915527345,9.459937887191773,2.4031875944137577,983.0778491210938,-0.08644587708608735,25.30897241665294
2025-03-01T17:49:28Z,39.96403245764738,-75.54221644267231,83.9233971258318,-9.409776076104066,-18.210538797107823,-1.2255796161033816,1.54543112374953,0.11455577089470086,0.6714183792640738,0.0009999999993109963,0.0010000000056810284,0.0009999999931774698,0.0009999999898962634,0.0009999999897398902,0.0009999999890700749,0.000046973423585120104,0.00004700154091054616,0.903082531263693,31.073871607955997,56.55298624094509,0.03765846443667721,0.0005684915639282079,0.00041478471255450614,0.007474135167736196,0.004766999999999878,0.004766999999999919,0.004766999999999902,0.0010376699999995057,0.001037669999999488,0.0010376699999995057,-0.21412073481518126,9.651128132178496,0.948392266516176,-0.0016934817334198892,-0.0035711404534341283,0.0002718005155853333,-23.209313259124755,9.42431287765503,2.2205625987052917,982.921953125,-0.07838545891627699,25.14792715261918
2025-03-01T17:49:29Z,39.95644138340487,-75.54237885068486,83.64314258578297,-10.20518417896321,-17.9107002190504,-1.1801216092484967,1.5353794841793396,0.11050030039583837,0.6669729177711892,0.000999999999432876,0.0010000000059083032,0.0009999999933190526,0.0009999999897063125,0.0009999999898765452,0.000999999989225083,0.00004796952928659359,0.000048001645978132574,0.9631630162550675,32.02075923884409,59.16957709777489,0.04204462135531955,0.000572157628213694,0.0004153466024989712,0.007483106542842285,0.004767999999999877,0.004767999999999917,0.0047679999999999,0.0010376799999995045,0.0010376799999994874,0.0010376799999995045,-0.20215400516343884,9.727824615472835,1.0392894516039892,-0.004451386130555716,-0.0013461570745023205,-0.0022522730886446445,-23.772938385009766,9.423000340461732,3.3369376373291018,983.1410864257813,0.006875312821872935,25.78910757306793
2025-03-01T17:49:30Z,39.94658283026005,-75.54245573510073,83.77970066960621,-12.212731700282987,-17.159632881826575,-1.1263422879924667,1.527703823840909,0.10025414538345992,0.6570003165989211,0.0009999999993282544,0.0010000000054428387,0.000999999993222482,0.0009999999900921401,0.0009999999899052317,0.0009999999894032758,0.00004896562581034403,0.000049001757124590555,1.029019448261902,32.47380456600533,61.86376039375567,0.04524944460718684,0.0005730278385887108,0.0004126979159793913,0.007489628228739484,0.004768999999999876,0.00476899999999992,0.0047689999999998975,0.001037689999999505,0.001037689999999487,0.0010376899999995051,-0.07713164106482427,9.673142058684482,0.9807352478304011,0.0013518301494290098,-0.005296415686563528,0.0007613266324107417,-22.898625717163085,10.145062894821168,2.466375107765198,982.9823364257812,-0.05544592010648562,25.166442185345495
2025-03-01T17:49:31Z,39.940693041827416,-75.54254013286203,83.50781352184705,-13.510182101057207,-16.689791276385535,-1.0917998322730282,1.517777002405762,0.09820786954703736,0.6556055299301484,0.0009999999996266997,0.0010000000053152706,0.0009999999932469323,0.0009999999900340668,0.0009999999897390237,0.000999999989294389,0.000049961918280296595,0.000050001874447197166,1.092077419217881,32.494661010138955,64.72537089830799,0.045802993382392354,0.0005708690866189926,0.0004090262979661368,0.007497833189415328,0.004769999999999874,0.004769999999999921,0.0047699999999998985,0.0010376999999995038,0.0010376999999994858,0.0010376999999995057,-0.2896293293046536,9.688754970732703,1.0315618101137938,-0.004297167799268411,0.0019366571012279727,-0.003954182225431163,-22.57068826675415,9.641250333786012,2.4909376060962676,983.265009765625,-0.030719911678112333,24.669656316917013
2025-03-01T17:49:32Z,39.93108017260115,-75.54247268329955,84.04398579437412,-16.732716718299375,-15.902293069910957,-0.8991004044718082,1.4964190775499648,0.09279836293643658,0.6514339101016499,0.0009999999997069356,0.0010000000050099259,0.0009999999930535646,0.0009999999898294158,0.000999999989761049,0.000999999988960044,0.000050958565975110103,0.00005100199802833049,1.145788023706379,32.153004635294764,67.656596092371,0.0461400374353867,0.0005666577540749763,0.0004045114858475755,0.007506123000032227,0.004770999999999877,0.0047709999999999185,0.004770999999999896,0.0010377099999995046,0.0010377099999994868,0.0010377099999995048,-0.37958442225999434,9.693002437586237,1.3882329467838486,-0.010661844781878548,0.0020543238609262255,-0.005377864177964257,-21.734438304901122,10.050750370025634,2.607562596797943,982.928291015625,0.020625711993951572,24.08734790889617
2025-03-01T17:49:33Z,39.924298510413585,-75.54241209513866,84.39485423667587,-19.266187849804012,-15.343104136047302,-0.8014915130137393,1.4808753764410525,0.08684010705514832,0.647656478841873,0.0009999999995401385,0.0010000000048672236,0.00099999999288206,0.000999999990048437,0.0009999999895589317,0.0009999999886282935,0.000051955656738009684,0.00005200212777241259,1.1869093785111384,31.5032039441275,70.67863804722634,0.04488301325762885,0.0005604787281132171,0.0004001647356977767,0.007512413562309763,0.004771999999999876,0.004771999999999916,0.004771999999999897,0.001037719999999505,0.0010377199999994872,0.0010377199999995054,-0.5211839519447968,9.611400101828645,1.5566490796561212,-0.006970952943957429,0.000995324751402418,-0.0020715168179684974,-22.063313217163085,10.364625396728515,2.383500093221665,983.0519482421874,-0.028132506286018707,24.492730280929393
2025-03-01T17:49:34Z,39.922070847931316,-75.5424907592227,84.06081087075462,-19.50440297396376,-15.811448354598465,-0.707892607878631,1.4768077470386032,0.08599769642514923,0.647904688111017,0.000999999999569699,0.0010000000049624818,0.000999999993045553,0.000999999990003649,0.0009999999893633342,0.000999999988503972,0.0000529532113531158,0.00005300226312633793,1.215953833046245,30.74541135689302,73.7331396707791,0.045319848877734104,0.0005522532171830216,0.0003975904855094951,0.00751822210596371,0.004772999999999874,0.004772999999999918,0.004772999999999896,0.0010377299999995053,0.0010377299999994873,0.0010377299999995062,-0.6493751735334964,9.66161663436403,2.1348733654093395,-0.0011018108276107132,0.0019728752939385356,-0.0015701403378801364,-22.965188255310057,9.873375387191773,2.694000104665756,983.4146118164062,0.1372939382946971,25.1423646066642
2025-03-01T17:49:35Z,39.9255015880645,-75.5429276941126,82.41338145220833,-16.50389404938402,-17.056401315234126,-0.9398034901864825,1.481432387365933,0.0832037107610689,0.6462230223232585,0.0009999999994699616,0.001000000004822359,0.0009999999929629795,0.0009999999902313922,0.0009999999889569904,0.0009999999889001338,0.000053951203695670925,0.00005400240339900985,1.2343362682251362,29.72495048521158,76.76040940464303,0.04325089182153448,0.000543549836203097,0.0003952551079950032,0.007520036518472355,0.004773999999999871,0.004773999999999918,0.0047739999999998955,0.0010377399999995048,0.0010377399999994866,0.0010377399999995055,-0.39653358312653186,9.5966515134126,1.6326198950876798,-0.0010712674893980586,-0.005510218298951135,0.006981966265991416,-22.891313209533692,11.05762538909912,2.462062596082687,984.091904296875,-0.03590584083959679,25.540995667515727
2025-03-01T17:49:36Z,39.929654609233175,-75.54351750343046,80.20388162563903,-12.860542215397956,-18.77245425818787,-1.2630858530445657,1.4916194116333132,0.0919966252352993,0.6512011527810342,0.0009999999994542684,0.0010000000048894983,0.0009999999927041592,0.000999999990519677,0.0009999999889477918,0.0009999999888397695,0.00005494957541734964,0.000055002548542128434,1.2413436825347068,28.667945580051406,79.74537267937015,0.04082469166946395,0.0005334422340450016,0.00039661397306327116,0.0075264454157130765,0.004774999999999873,0.004774999999999919,0.0047749999999998965,0.0010377499999995041,0.0010377499999994861,0.001037749999999505,-0.45622470243573315,9.55581596036335,1.5171479063260767,0.0018014660368601168,0.0010654240703011437,-0.0031330199940737403,-23.20743824005127,10.975125389099121,2.650312601327896,984.4569189453125,-0.09206170058526193,25.808140273593402
2025-03-01T17:49:37Z,39.930451435124596,-75.54384603575329,78.59424465493561,-11.283614147767882,-19.476173255247804,-1.4153124206623007,1.4959981806559166,0.09652804577651782,0.649960477771104,0.0009999999994768452,0.0010000000050624793,0.0009999999928968126,0.000999999990758814,0.0009999999890339282,0.0009999999887739133,0.000055948261216262854,0.0000560026985338853,1.2407242944141856,27.659260409358488,82.66737193942103,0.039430649997559436,0.0005240534517191792,0.0003988982473589234,0.007533020655362539,0.004775999999999874,0.00477599999999992,0.0047759999999998975,0.001037759999999504,0.001037759999999486,0.001037759999999504,-0.40801913405155205,9.61072931988545,1.543367611601794,0.0025837397219654334,-0.0020079271282374698,-0.0034638210971375313,-23.17218822479248,10.926937885284424,2.171812582015991,984.3251879882813,-0.03582281708431013,25.71113453175528
2025-03-01T17:49:38Z,39.9307782395469,-75.54414042923109,76.95481648199814,-10.104030457972053,-19.94157564155507,-1.5650958881368848,1.4957673461014245,0.09734511903050723,0.6489042783676183,0.0009999999994780495,0.0010000000050203854,0.0009999999928270679,0.0009999999907279627,0.0009999999890302421,0.0009999999883968504,0.000056947200308914985,0.00005700285356319844,1.2352195139476203,26.70882109614051,85.56462432483286,0.03750599698527128,0.0005142557133370232,0.0004029313953058572,0.007538623488135466,0.0047769999999998725,0.004776999999999919,0.004776999999999895,0.0010377699999995038,0.0010377699999994856,0.0010377699999995036,-0.439200358484089,9.605084573459253,1.4053520867631761,-0.001162729900249676,-0.0016083610403754855,-0.00031903588837029644,-22.929000778198244,11.056875419616699,1.9891875791549682,984.4714208984375,-0.06089960075911742,25.53326940173975
2025-03-01T17:49:39Z,39.92917099647949,-75.5441325221593,75.84760330101503,-10.581434475774454,-19.167054101025204,-1.686283472016791,1.4948824961409664,0.09731223055703654,0.6481437570734859,0.0009999999991835958,0.001000000004910896,0.0009999999928319804,0.0009999999907867464,0.0009999999894288209,0.0009999999882773355,0.00005794633571396155,0.00005800301443546622,1.2248420239310867,25.82351919623993,88.43308957267458,0.03509731300989924,0.0005041818270895981,0.0004091430046910554,0.007545086581187214,0.00477799999999987,0.00477799999999992,0.0047779999999998934,0.0010377799999995033,0.001037779999999485,0.001037779999999503,-0.37763028497817575,9.5573693663229,1.2325798364204372,0.0029909835308766317,0.0011176641218165679,-0.001641407744880965,-23.55412582397461,10.508625383377074,2.0803125858306886,984.3430419921875,-0.13434588908638148,25.87572462565888
2025-03-01T17:49:40Z,39.92854549609254,-75.54426481388042,74.32277014287239,-10.158167949071471,-18.814446804226936,-1.7408185205563422,1.490357196472367,0.09866151815677278,0.6441742040918906,0.0009999999990256202,0.0010000000050225499,0.0009999999926021891,0.0009999999906652325,0.0009999999893852357,0.0009999999881958527,0.00005894561957293775,0.0000590031824892761,1.210613058072365,25.046882444308228,91.37524587623324,0.032989914708732915,0.0004968934967550636,0.00041447687341966975,0.007552073099166258,0.004778999999999871,0.004778999999999918,0.004778999999999895,0.0010377899999995028,0.0010377899999994848,0.0010377899999995028,-0.2521666183662198,9.682394304906385,1.246857012793139,-0.0027409644870621578,-0.003209294420369468,-0.002160643042061672,-22.681688232421877,10.06800036430359,2.330812583565712,984.6488037109375,-0.012697581762997045,24.92496278612263
2025-03-01T17:49:41Z,40.07527943024453,-75.50775363383744,67.75027235111016,25.406888913313587,17.44963968717525,-2.5939680813432413,1.4614516027369302,0.2209213199176106,0.7498273383149839,0.000999999998989533,0.0010000000049403338,0.0009999999933568058,0.000999999989790662,0.0009999999895106517,0.0009999999882591354,3.080733121154056e-10,3.0807347326666285e-10,0.5960095733792589,0.0055599421455829875,0.005561016528624567,0.015638776318906696,0.00016774936273939066,0.00015207127618013731,0.0070313313986809815,0.00477999999999987,0.004779999999999917,0.004779999999999893,0.0010377999999995036,0.0010377999999994856,0.0010377999999995036,-0.36871015630036746,9.644978036468986,1.0773000260543344,-0.002074020395102575,0.0012156372024394952,0.0009627785061768702,-23.392125816345214,9.3052503824234,2.8181251108646395,984.8629565429687,-0.07047156167000478,25.332163137835217
2025-03-01T17:49:42Z,40.075480549006976,-75.50753920408955,65.89684117197828,26.48921160627791,19.08034280047443,-2.8751572096372513,1.4568871154628678,0.22141086796858864,0.7577289903265797,0.0009999999992468059,0.0010000000048520734,0.000999999993532587,0.000999999989615962,0.0009999999893131148,0.0009999999884387207,1.0003080735336387e-6,1.000308073956699e-6,0.6427913605005219,0.04351870462522383,0.03048145026373448,0.01737312168010163,0.00017704404360567848,0.00016157765417170898,0.007033176184259005,0.004780999999999869,0.004780999999999915,0.004780999999999892,0.0010378099999995031,0.0010378099999994851,0.0010378099999995031,-0.1865633993312546,9.600161019002426,0.6452216350277573,-0.001509053571272226,-0.0003280486254057034,-0.002588248418699959,-22.306688251495363,9.604875383377076,2.8288126182556153,984.9706176757812,-0.15900184904043768,24.45080095821793
2025-03-01T17:49:43Z,40.07569209457826,-75.50730397694119,64.41295026830959,27.450554672014558,20.951930088938084,-2.9030508102077524,1.453519182319225,0.21589705255743588,0.7673599467358545,0.000999999999546582,0.0010000000052068786,0.0009999999935615155,0.0009999999890678186,0.0009999999897373072,0.0009999999886057286,2.000308074299537e-6,2.000308079044277e-6,0.6920469993378401,0.16777583591359702,0.10452743153492189,0.020201709984456244,0.000186031679517847,0.0001705540656442476,0.007034164471991982,0.004781999999999867,0.004781999999999912,0.00478199999999989,0.0010378199999995022,0.0010378199999994844,0.0010378199999995026,-0.06403714485916366,9.827774014452475,0.5526050203580531,0.002041806071502574,-0.004242089185810715,0.0007424670629332087,-22.785938205718995,9.595687894821166,2.821687606573105,984.797470703125,0.06064804266881994,24.884444895299378
2025-03-01T17:49:44Z,40.075903246668204,-75.50704740870559,63.11373140061546,28.108485898464167,22.649889378524815,-3.049381085093687,1.4463015503423626,0.21399965420646425,0.7838218950062522,0.000999999999523829,0.001000000005373701,0.0009999999932242488,0.000999999988997489,0.0009999999895258084,0.00099999998882794,3.0003080748479466e-6,3.0003080986384704e-6,0.7442249830673329,0.3622672458243642,0.22050093056984293,0.02351467681754523,0.00019548429802551884,0.00017879949409554347,0.007032409436692218,0.004782999999999865,0.0047829999999999115,0.004782999999999887,0.001037829999999503,0.0010378299999994848,0.001037829999999503,-0.2169123669684366,9.616392285659668,0.612120923741019,-0.00240498945521655,0.00044571369608816685,-0.004573558953217073,-25.106063442230223,9.661687898635865,3.4878751480579377,984.8414331054687,-0.1447693413704231,27.126097222447953
2025-03-01T17:49:45Z,40.07609658186346,-75.50677187471297,62.009840746455716,28.79224598819881,24.215469749685838,-2.9957741663591286,1.4382957575737707,0.20762089085337876,0.7976170143772254,0.0009999999995691968,0.0010000000052559756,0.0009999999930150629,0.0009999999887766334,0.0009999999894629136,0.0009999999887889237,4.000308063204688e-6,4.00030814909029e-6,0.8006452979770126,0.623087013215143,0.3977325698801292,0.02775271608244111,0.00020508016866186056,0.00018571756561671824,0.007029850492598104,0.004783999999999865,0.004783999999999912,0.004783999999999888,0.0010378399999995025,0.0010378399999994843,0.0010378399999995025,-0.12754043740234838,9.751148087814045,0.9345936619831331,-0.0024445449833155773,-0.004352245290167616,-0.003193104617240393,-23.274563312530518,10.077750377655029,3.161812620162964,984.9066796875,0.013406432079472456,25.558967335304647
2025-03-01T17:49:46Z,40.076257012052835,-75.50648039070737,61.07708006000492,29.006929967442495,25.61098812464571,-2.9240257550139956,1.4305100076081152,0.1987517209307105,0.8206218143962566,0.0009999999995805348,0.0010000000054229466,0.0009999999929436877,0.0009999999889316188,0.0009999999894130171,0.0009999999887510128,5.000307994849484e-6,5.000308253086247e-6,0.8612400676074345,0.941532253434216,0.6058277524808358,0.03143527203258035,0.00021463385351848437,0.0001912552794961014,0.007025994095293351,0.004784999999999865,0.004784999999999911,0.004784999999999887,0.0010378499999995035,0.0010378499999994847,0.0010378499999995038,-0.31489125741853,9.697894688335229,0.8657902002394673,-0.004929896920871916,0.004263617590983185,-0.0014886916183204097,-21.990375766754152,9.769500360488891,2.9351251125335693,985.052255859375,-0.04187005001314393,24.24112743180926
2025-03-01T17:49:47Z,40.07633093241845,-75.50617909350952,60.89345943400183,28.82078400587503,26.6210923383173,-2.7186315601037605,1.4249023067825737,0.18238373224814414,0.8439564990714805,0.0009999999995154705,0.0010000000051763752,0.0009999999929558297,0.0009999999888041062,0.0009999999889699505,0.0009999999892099914,6.0003077665092984e-6,6.000308436725215e-6,0.9232361625632725,1.2936347549705012,0.8541042682241549,0.0343847298311051,0.0002242774245917384,0.00019487751742261881,0.007022413528152976,0.004785999999999868,0.004785999999999909,0.0047859999999998884,0.0010378599999995024,0.0010378599999994835,0.0010378599999995024,-0.38536707551549154,9.676452103291494,1.038242754231744,-0.002364264905560221,0.00016064260259054637,0.000781689084208113,-21.925688285827636,9.747750434875488,2.919000109434128,984.8300952148437,-0.04392606942279183,24.171730391584983
2025-03-01T17:49:48Z,40.076337761985585,-75.50587129624488,60.84501782892976,28.335068805442557,27.74311149876923,-2.526764206638594,1.4268042584417306,0.1651329117040111,0.8613867670411909,0.000999999999450837,0.0010000000051774308,0.0009999999927502814,0.0009999999886940512,0.0009999999889819203,0.000999999989477066,7.000307192738382e-6,7.000308729027527e-6,0.9839714964410785,1.7476719190993433,1.121993449117432,0.03755065553119019,0.00023420057867021922,0.00019652457443563028,0.007019423747904714,0.004786999999999869,0.004786999999999907,0.0047869999999998894,0.0010378699999995032,0.0010378699999994824,0.0010378699999995032,-0.14056824998460257,9.724647222795157,0.7369308095058545,0.004154797780362787,-0.0033207857896062473,0.0006022683792156296,-21.011250705718993,9.734625358581543,4.064062669277191,984.9766748046875,-0.030133203538610927,23.510631697260763
2025-03-01T17:49:49Z,40.07621544505353,-75.50556433323347,61.35896793202445,27.38802954874753,28.420767870421848,-2.317394390111913,1.4234268068556968,0.1479920153744254,0.8829772816736231,0.0009999999991679271,0.0010000000050355564,0.0009999999930645426,0.0009999999887318248,0.0009999999890999542,0.0009999999896657008,8.000305994685095e-6,8.000309157798115e-6,1.0404684389230883,2.2389358665918717,1.394342363543188,0.03948739443776136,0.00024432803253730156,0.00019659969874087134,0.007017070510080049,0.004787999999999868,0.004787999999999905,0.004787999999999889,0.001037879999999504,0.0010378799999994823,0.001037879999999504,-0.22584556417857327,9.650490100219635,0.6646832615218911,-0.003280561673101736,0.0006493350688031902,-0.0018246675998603457,-20.45587579727173,11.2578754901886,5.2078127193450925,984.8305151367188,-0.10775964759755782,23.92282376619874
2025-03-01T17:49:50Z,40.07595182881766,-75.50526704772251,62.3273985919034,26.30943094741114,28.62890965366568,-2.059664288516669,1.4216462212697352,0.1335763163444017,0.9029030074561916,0.0009999999988717955,0.001000000004868275,0.0009999999930028777,0.0009999999887555847,0.0009999999888633034,0.0009999999895467392,9.000303805477578e-6,9.00030974954483e-6,1.0894516252418867,2.7596496259131262,1.6839656696347043,0.04044478544372983,0.0002547185465827862,0.00019538179997867757,0.007015860900981261,0.004788999999999871,0.004788999999999903,0.004788999999999888,0.0010378899999995035,0.001037889999999482,0.0010378899999995035,-0.19607388526215752,9.62964045202033,0.7978497217362023,-0.0033658492615683704,0.0007149275829795483,-0.0061973572195236,-23.04562576293945,12.73912558555603,3.5846251344680784,984.6963159179687,-0.11913957031271279,26.575045131160884
2025-03-01T17:49:51Z,40.07547576666837,-75.50499359796211,64.05860290501296,24.878992257188308,28.229303446567858,-1.6893400851002909,1.425278273786907,0.10871205735177018,0.9224640428408414,0.0009999999991175065,0.0010000000048578574,0.0009999999931430276,0.0009999999885509775,0.000999999988982635,0.0009999999895650884,0.000010000300185172656,0.000010000310527095027,1.128424252924761,3.306312415155022,1.964315824209512,0.0401687182036438,0.00026431207384271477,0.0001934359872270117,0.0070174978907688625,0.004789999999999868,0.004789999999999901,0.004789999999999889,0.0010378999999995037,0.0010378999999994826,0.0010378999999995035,-0.2574707097896579,9.653800113037327,0.7621907828144541,-0.000032797200594932366,-0.0006334811811009216,0.0014230969330287677,-24.298313522338866,12.899625568389892,3.2551876282691956,984.3627758789063,-0.0964414304854918,27.702018169783063
2025-03-01T17:49:52Z,40.07501300460031,-75.50472863331244,65.4294369911483,23.519564466208447,27.97984146396828,-1.4297615011928848,1.4293100683590383,0.08952553924723977,0.9346191670163907,0.000999999999372008,0.0010000000050883718,0.000999999993095419,0.0009999999886322018,0.0009999999888681218,0.0009999999894322827,0.000011000294634462406,0.000011000311503645821,1.1565113623951337,3.9345491657542992,2.2141723584557367,0.03985628313699925,0.000273593602006733,0.00019131052553149032,0.007020995776100093,0.004790999999999867,0.0047909999999999,0.00479099999999989,0.0010379099999995025,0.0010379099999994837,0.0010379099999995025,-0.12590534658145072,9.687259712850164,0.4677539566842491,-0.000277143666839342,-0.0017941240237592966,0.0003846267807881675,-25.433813705444337,13.096688098907471,3.1209376192092897,984.535986328125,-0.08430182455629347,28.777412070057906
2025-03-01T17:49:53Z,40.0744586124188,-75.50448132757052,66.8279328279732,22.356951192875783,27.607919404919368,-1.3657679221113095,1.4322810331195992,0.07048507222121436,0.9351839375669028,0.0009999999991941887,0.0010000000050742453,0.0009999999930311613,0.0009999999884248302,0.0009999999886706674,0.0009999999891416348,0.000012000286610785075,0.000012000312686323996,1.1756997221901573,4.63125632854961,2.453460187741454,0.03966850215817792,0.0002823234109405511,0.00018938825942591814,0.007026523285486552,0.004791999999999869,0.0047919999999999,0.004791999999999892,0.0010379199999995016,0.0010379199999994827,0.0010379199999995016,0.11511073958887692,9.520982724544252,0.4369257705803447,-0.0019338222683442468,-0.010681205443028446,0.00044204117467913444,-25.33181369781494,12.672750520706177,1.9381875856220723,984.4539282226563,-0.25191395374551884,28.39107388691112
2025-03-01T17:49:54Z,40.07382767722346,-75.50425051222852,68.11666103698487,21.62086804822481,27.429881959529755,-1.3425073476810634,1.4369041673527116,0.049201662722035855,0.9178774229680172,0.0009999999991182219,0.001000000004777965,0.00099999999356165,0.0009999999885143107,0.000999999988630133,0.000999999988857602,0.000013000275562644527,0.00001300031408470743,1.1902788339004582,5.488027103768013,2.7022564306506394,0.04069911050191622,0.00028994760729911294,0.00018820365836634564,0.0070341524403253405,0.004792999999999868,0.004792999999999899,0.004792999999999892,0.001037929999999502,0.001037929999999483,0.001037929999999502,0.6807949277046433,9.52115796311189,0.4155904197911571,-0.0007760159080580442,-0.026422156468578813,0.0022274022438337586,-22.732125873565675,12.625875520706177,1.3576875682547689,984.382587890625,-0.22907629308979252,26.03848974916124
2025-03-01T17:49:55Z,40.07310691231166,-75.50404047101962,69.47984098495665,21.55722647391443,26.364929300783547,-1.0314060097328444,1.4395798379954348,0.03650477705520565,0.9009032196132991,0.0009999999992697996,0.0010000000051342823,0.0009999999932687879,0.0009999999886719632,0.0009999999884406816,0.0009999999888526598,0.000014000260929048486,0.000014000315723262289,1.1993284852398287,6.201951326925814,3.003672981935603,0.037990922786057854,0.0002965025791533251,0.000188298499498708,0.0070419019010649914,0.004793999999999867,0.004793999999999898,0.0047939999999998895,0.0010379399999995017,0.0010379399999994837,0.0010379399999995017,0.5022772906744113,9.682949384528213,1.2870054206850237,-0.004237082626727205,-0.02321895451450855,-0.004585075425506122,-21.806625804901124,12.183937978744506,3.5006251406669615,984.27220703125,-0.002446363385702404,25.223581949770722
2025-03-01T17:49:56Z,40.07278612232739,-75.50379370910802,69.81533983322275,21.61234419330812,26.12708198670488,-0.8782518210188122,1.4451596998480571,0.034421161002494954,0.8875720977735575,0.000999999999470868,0.0010000000051054848,0.0009999999931035416,0.0009999999884842735,0.0009999999885747326,0.0009999999890510645,0.000015000242064590615,0.000015000317627042156,1.199281736204367,6.974272387916341,3.2675810464828596,0.03537488354455503,0.0003023166183709004,0.0001895455853109985,0.0070499548843675685,0.004794999999999868,0.004794999999999896,0.004794999999999889,0.0010379499999995023,0.001037949999999484,0.0010379499999995023,0.4234069720004847,9.738147059117587,1.0410343854299071,0.0017794346884444504,-0.015294235846886039,-0.006711585517574373,-22.196813278198242,11.649187955856323,4.241812682151794,984.7373291015625,0.019352814744815483,25.424250048343392
2025-03-01T17:49:57Z,40.07258619722864,-75.50353353912728,69.80752096323805,21.448197815946443,26.28017125714225,-0.9134470586039439,1.447824474299217,0.027214951368801976,0.871558831000252,0.000999999999608487,0.0010000000052331785,0.0009999999933138013,0.0009999999886395356,0.0009999999888008768,0.000999999989435785,0.00001600021822063295,0.00001600031979788335,1.1924156070104293,7.843627969439018,3.47530217502848,0.03351450463143626,0.000307202275126975,0.00019211291422433912,0.007059625057898591,0.004795999999999869,0.0047959999999998984,0.004795999999999886,0.0010379599999995018,0.001037959999999484,0.0010379599999995018,0.3519413354588376,9.653959599171937,0.6335366869190755,0.000018107329214224303,-0.017676608415071113,0.0006086105754813189,-23.660625877380372,10.876500368118286,4.188375165462494,984.8967114257813,-0.10232210811096414,26.37542953163221
2025-03-01T17:49:58Z,40.072476293671116,-75.50326024637302,69.51424377519238,21.59899510848065,26.516460267907373,-0.9112927949811771,1.4512316469811661,0.029076838696210083,0.8547943908499879,0.0009999999997623566,0.0010000000054458942,0.0009999999933545712,0.0009999999883830055,0.0009999999889061867,0.0009999999894081137,0.000017000188532898698,0.00001700032224902695,1.180953314945216,8.747824634235927,3.708897093233306,0.031420264486384034,0.0003116049713059529,0.00019594315540883846,0.007068593225959876,0.004796999999999869,0.004796999999999901,0.004796999999999885,0.0010379699999995009,0.0010379699999994837,0.0010379699999995009,0.44602633912332545,9.703072561415146,0.8593570388055656,0.0015811537710017042,-0.01682990987938564,-0.006848279165524841,-23.458313388824465,10.938750410079956,4.493812649250031,985.0363500976563,-0.032216788180399546,26.270523589372637
2025-03-01T17:49:59Z,40.072322812037825,-75.50298787949217,69.24568524722825,22.112013606210507,26.767051997983973,-0.8812529225739847,1.44954999371648,0.026158772796702954,0.8283648513761956,0.0009999999996894618,0.0010000000056861382,0.0009999999932541325,0.0009999999884971432,0.0009999999886285906,0.0009999999894774825,0.000018000152010690812,0.00001800032502339867,1.1663973607913631,9.73657368331047,3.986738998649066,0.029690529582524567,0.00031475139703884526,0.00020163805188774155,0.007078500329606527,0.004797999999999866,0.004797999999999902,0.004797999999999883,0.0010379799999995004,0.001037979999999484,0.0010379799999995002,0.7029285415785902,9.713620685571946,1.0670363844874957,-0.003362011093913351,-0.026819217670325274,-0.0031176642205507712,-23.421750946044924,11.075437870025635,4.9783127093315125,985.0606518554688,0.013791427654625281,26.38227923098444
2025-03-01T17:50:00Z,40.07247003560927,-75.5026778292112,68.42730077626781,22.326214208418143,27.409548697520933,-0.9864422144050392,1.4504836301559125,0.029289355744826304,0.8083051178915189,0.0009999999998618664,0.0010000000057735537,0.0009999999929702777,0.0009999999884377643,0.000999999988195611,0.0009999999895287008,0.00001900010751410639,0.000019000328151826866,1.1500340272358522,10.76709589478478,4.219429543741022,0.028110453704984065,0.00031815423317361406,0.0002078436376210709,0.007087995544944056,0.004798999999999867,0.004798999999999901,0.004798999999999885,0.0010379899999995003,0.0010379899999994847,0.0010379899999995003,0.4324539406035208,9.667533278287612,0.8218564046268617,0.001070430250218787,-0.01958380836892029,-0.005997074173653369,-24.129188346862794,10.53375036239624,5.372250204086304,985.3667822265625,-0.07155090180762605,26.870726975316025
2025-03-01T17:50:01Z,40.07192004710359,-75.50243392454144,68.4701245916578,22.329449688276515,27.15309886007202,-1.0105178937417971,1.4515776147434525,0.02497947099169296,0.795402328733043,0.00099999999955517,0.0010000000057081113,0.0009999999928564074,0.000999999988173844,0.0009999999879643034,0.0009999999893275026,0.000020000053708915233,0.000020000331644388745,1.1325815891431779,11.853330145671334,4.428887845226408,0.02672168377922638,0.0003220304552026337,0.00021416137736426173,0.007098060714851926,0.004799999999999868,0.004799999999999899,0.004799999999999883,0.0010379999999994992,0.0010379999999994846,0.0010379999999994992,0.26819255036641687,9.642474094067204,0.7014529706291371,-0.002679878049454163,-0.013176571138195498,-0.001570140551238496,-24.38118850708008,10.854562873840331,5.483812701702118,984.9661181640626,-0.11188360697942133,27.24579455246948
2025-03-01T17:50:02Z,40.07118418819857,-75.50220634444447,68.6464927847592,22.39019515950762,26.90833932948536,-0.951807593377377,1.4575420588008043,0.016579302449457663,0.7794176425836421,0.0009999999993410196,0.001000000006031516,0.0009999999926307778,0.000999999988077138,0.0009999999880243552,0.000999999989015102,0.0000209999891752285,0.00002100033552013529,1.1156067932203864,13.074446849787503,4.650653924906866,0.02599691458557283,0.000325403527186836,0.0002214592074340417,0.007108679964670465,0.004800999999999867,0.004800999999999898,0.004800999999999883,0.0010380099999994993,0.0010380099999994848,0.0010380099999994993,0.4495286233814535,9.725784197483712,0.5901867146762123,0.0016512530094072502,-0.01644937119568923,0.0018840829868133739,-24.98193857192993,10.704937858581543,5.557687706947327,984.8865795898438,-0.029489384918317423,27.741269302777866
2025-03-01T17:50:03Z,40.06976695713619,-75.50204151392064,69.54190489301614,22.997829235511563,25.717566301644162,-0.8141933810203249,1.4608116683528534,0.013392837342241407,0.7557549680820483,0.0009999999995205064,0.0010000000062322704,0.0009999999927900224,0.0009999999884101726,0.0009999999878609193,0.0009999999887612603,0.00002199991228802542,0.00002200033983866021,1.0988598718121123,14.244175004000565,4.957632757723134,0.024602140458111314,0.0003278071752317687,0.00023032275159787555,0.007118261591240146,0.004801999999999868,0.004801999999999899,0.004801999999999884,0.0010380199999994995,0.0010380199999994852,0.0010380199999994997,0.6479648822984058,9.668278598216544,1.13668910580731,-0.003565631537882533,-0.022960588733447935,-0.0063348858187643005,-25.18331359863281,10.623562860488892,6.031687717437745,984.497939453125,-0.026980159413074432,27.9899586220008
2025-03-01T17:50:04Z,40.06837589698757,-75.50187669313769,70.3508393358992,23.426037656263816,24.81608496481682,-0.7223543531769777,1.4658824812126194,0.0031148425911626627,0.7296405502582273,0.0009999999997332885,0.0010000000063152563,0.0009999999929314332,0.0009999999882662567,0.0009999999881168844,0.0009999999886849194,0.000022999821112469753,0.000023000344664422064,1.0820458798711243,15.5294410018506,5.254135901388075,0.023809588391707708,0.0003297529638903538,0.00024007514046884028,0.007128912869146096,0.00480299999999987,0.0048029999999999,0.004802999999999885,0.0010380299999994996,0.0010380299999994853,0.0010380299999994996,0.6690700961989489,9.674458153082655,0.8703862431618152,-0.0010101813852993653,-0.026086180405426526,0.0014434592027535258,-25.06387607574463,10.646437892913818,6.687375268936157,984.4787426757813,-0.04673731970324332,28.040375566991493
2025-03-01T17:50:05Z,40.06712748891644,-75.50170071717096,70.91191017540477,23.958333050905782,23.970780234083662,-0.7509338936473908,1.4717817853707489,0.0014817441277019438,0.704749462779166,0.00099999999979029,0.0010000000058919675,0.000999999993198701,0.0009999999886040997,0.000999999987859551,0.0009999999886459558,0.000023999713413462588,0.000024000350050188523,1.0655307377155505,16.788458685717885,5.587155122468025,0.022827023837516596,0.0003319815638766567,0.0002500734708109475,0.007138512909440743,0.0048039999999998665,0.004803999999999898,0.004803999999999882,0.0010380399999994985,0.001038039999999485,0.0010380399999994987,0.6873483900668353,9.56805470519138,1.0297573890231515,0.0009302316218941233,-0.02403010279071007,-0.005816819028301095,-24.860813579559327,11.341687908172608,7.014375286102295,984.5279418945313,-0.13536397376798978,28.21156730742092
2025-03-01T17:50:06Z,40.0665730247146,-75.50147413820716,70.82030551071095,24.42211258120308,23.569087521474504,-0.6653674051077003,1.4766537035918492,0.0005125250494187042,0.6818948536050412,0.000999999999853954,0.001000000006004371,0.00099999999339527,0.0009999999884416058,0.0009999999876198478,0.0009999999886470253,0.000024999586181405643,0.000025000356068498065,1.0481962780752252,18.03713043768917,5.947655110194548,0.021595335599814438,0.000334748736287853,0.00026004437352233846,0.007148359494053795,0.004804999999999864,0.004804999999999895,0.00480499999999988,0.001038049999999499,0.0010380499999994848,0.0010380499999994995,0.5124997421567252,9.755136115386158,1.114214869138446,0.002655007632669289,-0.022420991592929637,-0.0035961753090536473,-24.675188484191896,11.03100037574768,8.22731282711029,984.84576171875,0.04878390724533696,28.25302994410275
2025-03-01T17:50:07Z,40.06582451310451,-75.50125861433496,70.8120842363009,24.87765087063971,23.029944633136783,-0.7418042597094842,1.4817955856114584,0.0012555682870331797,0.6595930396008894,0.0010000000001207671,0.001000000006130407,0.0009999999932368364,0.00099999998852713,0.0009999999878206286,0.0009999999882979904,0.000025999435595697594,0.000026000362798415582,1.0300211158956603,19.304576023939752,6.340763521593876,0.020660558848206573,0.00033801067787971126,0.0002700525941366302,0.007157949368120584,0.004805999999999865,0.004805999999999897,0.004805999999999881,0.0010380599999994986,0.0010380599999994843,0.0010380599999995003,0.5083181810694389,9.586138160324348,1.1170757944706127,0.0028329263001261205,-0.021656743068768976,-0.005526407891203507,-25.82906358718872,11.317312965393066,8.684437875747681,984.8030322265626,-0.11870111614239807,29.506585045363337
2025-03-01T17:50:08Z,40.06480632615207,-75.50105662521848,70.9482549333398,25.105204724574726,22.233899758027782,-0.5845198497326727,1.4810416053305495,0.0022842247108309267,0.645019403510748,0.0010000000001729706,0.0010000000060711451,0.000999999993149865,0.0009999999888108096,0.000999999987715794,0.0009999999881144172,0.000026999256920831815,0.00002700037031979766,1.011343383432889,20.591920807239816,6.761112769814263,0.019578363007866494,0.0003432035860862567,0.00027863370782039114,0.007167459439697276,0.004806999999999863,0.004806999999999894,0.004806999999999878,0.0010380699999994975,0.0010380699999994849,0.0010380699999995,0.2811137907292728,9.808854968382745,1.155251783675758,-0.0031074831885187287,-0.01386888452736272,-0.0056222100421802375,-24.466126098632813,11.613937940597534,8.72006284236908,984.7291015625,0.09766015402957386,28.451915317384632
2025-03-01T17:50:09Z,40.06448127644776,-75.50081911198548,70.5984399807355,25.607771878337847,22.201964133389595,-0.7446222373901694,1.4781604105051018,6.28165573554807,0.6200123105699983,0.0009999999999548911,0.0010000000057684808,0.000999999993365672,0.000999999988708212,0.0009999999875747612,0.00099999998829124,0.000027999045140328,0.00002800037872140272,0.9939334321510579,22.026152791924165,7.250772227889012,0.019578184003436368,0.0003468148509154848,0.00028914982801133744,0.007177782586230147,0.004807999999999864,0.004807999999999895,0.004807999999999879,0.0010380799999994978,0.0010380799999994842,0.0010380799999994998,0.6401568318491935,9.554178928369174,1.0248030671073949,-0.0036470806085526627,-0.025068072375266648,0.0001708241996545225,-23.83893844604492,12.508875484466552,9.221625370979309,985.0032568359375,-0.1527078976280676,28.457027859271456
2025-03-01T17:50:10Z,40.063127567529676,-75.50061671081417,70.68875396083153,25.668867120194676,21.70950373431566,-0.7322943201071702,1.482262334950166,6.278077525491611,0.6005998105538802,0.0010000000002963788,0.0010000000055908759,0.0009999999933877376,0.0009999999884824724,0.0009999999875546538,0.0009999999883535066,0.000028998795614119328,0.00002900038808923109,0.979557949803381,23.524770947435268,7.765716155908299,0.019426019973807808,0.00035190362868458923,0.0002983311940801494,0.007187794861900117,0.004808999999999862,0.004808999999999892,0.0048089999999998785,0.0010380899999994971,0.0010380899999994848,0.0010380899999995002,0.5226358938158986,9.679340540207894,0.9340052561799421,0.002292160452047223,-0.0191131423727528,-0.0020014176013069805,-23.088563327789306,8.760937855243682,7.3876877427101135,984.728955078125,-0.04459950077722638,25.77617309254102
2025-03-01T17:50:11Z,40.06091388827654,-75.50043480092417,71.18202297535468,25.46379070500842,20.697726754272765,-0.6119990209835706,1.4869292481297502,6.272169088585023,0.5807771213633334,0.001000000000453753,0.0010000000056886466,0.0009999999936078521,0.000999999988767564,0.0009999999877515825,0.0009999999887335565,0.000029998502950958313,0.000030000398507521182,0.9672088352471553,24.955858848238794,8.350350318106074,0.01922956778379495,0.00035720871799799713,0.0003072758512425822,0.0071978580310038485,0.00480999999999986,0.004809999999999892,0.004809999999999882,0.001038099999999496,0.0010380999999994854,0.0010380999999994994,0.44845185134778587,9.733042406076562,1.1467173869874636,0.0025939213197679984,-0.019549927820928313,-0.001519234880140373,-28.2030012512207,12.04631300225854,13.518375539779663,984.491142578125,0.027803715694165104,33.51516086527382
2025-03-01T17:50:12Z,40.06025523847923,-75.50021228931571,70.93481790462701,25.442775391927793,20.172285533458492,-0.6404219221923112,1.491900191445729,6.276382565935544,0.5697707383535388,0.0010000000001490583,0.0010000000057135536,0.000999999993447224,0.0009999999890200715,0.0009999999878597318,0.000999999988487905,0.00003099816008886349,0.00003100041005727105,0.9553446496223428,26.318646458976247,8.942574941206532,0.018499145169645403,0.0003645458142639115,0.0003140580083959268,0.007207235850972016,0.004810999999999863,0.004810999999999894,0.0048109999999998805,0.001038109999999497,0.0010381099999994862,0.0010381099999994996,0.175284348568807,9.672671964733501,1.1279415690562196,0.004485265156738224,-0.01046089368210876,-0.007038548699840706,-28.04737615585327,13.185938091278077,9.733500361442566,984.9225170898437,-0.042957427213203336,32.484796454045515
2025-03-01T17:50:13Z,40.059065472687834,-75.49999757984952,70.80286066012107,24.48276321681768,19.509270180311752,-0.7332334085606285,1.4873786647299863,6.279244502867743,0.5775032161867729,0.0009999999998455598,0.0010000000054574735,0.0009999999933584347,0.0009999999891603178,0.0009999999876981246,0.0009999999886227877,0.000031997757924717045,0.000032000422738751934,0.9410597913083789,27.682575451565253,9.433727989645805,0.016259686318692238,0.0003760929678483558,0.0003167372162179358,0.007216692118097447,0.004811999999999865,0.004811999999999892,0.004811999999999882,0.0010381199999994974,0.0010381199999994868,0.0010381199999994982,-0.5072415124849976,9.626561759943016,0.7513034372122052,-0.004766999632044439,0.008173152862072146,-0.005153880616779411,-26.508751125335692,13.181250562667847,8.192812871932983,984.8413500976562,-0.11351542152602265,30.71771986640604
2025-03-01T17:50:14Z,40.05721917568538,-75.49978693289022,70.84981315655752,23.78263280975973,18.80257480497803,-0.6442275424138487,1.4839235269567148,6.273085439978836,0.5704616827084334,0.0009999999996009343,0.0010000000055577726,0.0009999999928876715,0.0009999999889446344,0.0009999999877924404,0.0009999999887956564,0.0000329972855831723,0.0000330004366025188,0.9242603035740687,29.12901125453485,10.100097820244102,0.015431351190283674,0.0003845527665814728,0.00032285269528284876,0.007226980118234328,0.004812999999999865,0.004812999999999894,0.00481299999999988,0.0010381299999994962,0.0010381299999994863,0.001038129999999497,-0.06440980139390333,9.767259716028477,1.0401171279293155,-0.00355545119757544,-0.007230821008715737,0.0016674427118535996,-24.83475101470947,12.582000513076782,10.060500421524047,984.7315258789063,0.04011985808120895,29.602065053880647
2025-03-01T17:50:15Z,40.05402497111954,-75.4995763086166,71.30555845564926,22.431253895998406,17.93547308603559,-0.6472284056415454,1.4813082175740504,6.268311409033155,0.5703661638221466,0.0009999999992845326,0.0010000000056430499,0.000999999992956912,0.000999999988573728,0.0009999999876052676,0.000999999988474828,0.000033996730944386396,0.00003400045174584933,0.90683564198075,30.594814265656858,10.776517689324423,0.014449463582109584,0.0003944763233432529,0.00032791401608528003,0.0072369419761070765,0.0048139999999998635,0.004813999999999894,0.00481399999999988,0.0010381399999994968,0.001038139999999486,0.0010381399999994968,-0.20211478224249926,9.652391759898148,0.951971041301263,-0.0022642899513014565,-0.000056163743205891493,-0.0009299008300563873,-26.514188652038573,12.37012550354004,10.32581286430359,984.4664526367187,-0.08113649834974333,31.026463919799923
2025-03-01T17:50:16Z,40.0512381225218,-75.49936120943781,71.5559837233119,20.916523512392068,17.13648737219058,-0.5917758447191084,1.478944644137105,6.25053181982013,0.5766977304064216,0.000999999999111221,0.001000000005545441,0.0009999999928773033,0.0009999999883504532,0.000999999987660236,0.000999999988185098,0.0000349960782456056,0.00003500046818646756,0.8874874623999719,32.082908353870934,11.449421138699597,0.013320918975919877,0.0004059583400529155,0.00033232751990854443,0.007248454582572335,0.004814999999999865,0.004814999999999897,0.004814999999999881,0.001038149999999496,0.001038149999999485,0.001038149999999496,-0.4682385011870089,9.752504069640556,0.887973490900884,-0.0016210459747641715,0.005027199369444272,0.014057816846218619,-26.869313678741456,12.41962550163269,9.002437906265259,984.5537158203125,0.021673112396576443,30.93942241814423
2025-03-01T17:50:17Z,40.05038694658311,-75.49915482719368,71.16327142941863,20.35384946704791,16.83775512461954,-0.7319187997108029,1.473684596176288,6.238252384841038,0.5721539078905091,0.000999999999065034,0.0010000000054476087,0.0009999999929403538,0.0009999999881396314,0.0009999999879574527,0.0009999999883901225,0.00003599530922989977,0.00003600048599071887,0.8674337060310765,33.70343821430568,12.232978907549406,0.012887064260649027,0.00041517052351866583,0.0003399582994484231,0.007259778644873048,0.004815999999999866,0.004815999999999898,0.004815999999999881,0.0010381599999994965,0.0010381599999994854,0.0010381599999994963,0.040266385031623025,9.60045584481107,0.9176477609599609,-0.005158387193257427,-0.0056140317026638934,0.01062645927204942,-23.983875923156738,12.300375490188598,9.642750377655029,984.9369140625,-0.13802587895109572,28.62700241879534
2025-03-01T17:50:18Z,40.053268629457804,-75.4989828439802,69.70434242730997,20.2818712234181,16.905513247065855,-0.9015700921836254,1.4742307511231987,6.240984930344865,0.5861447487113914,0.000999999999109525,0.001000000005132114,0.0009999999925877465,0.0009999999880475907,0.000999999987740092,0.0009999999884893363,0.000036994404103017154,0.00003700050522405507,0.8477814639703409,35.44587772411355,12.998858701047736,0.012603701950257395,0.000427925551425782,0.0003446415457038934,0.007269841127612356,0.004816999999999868,0.0048169999999998995,0.004816999999999878,0.0010381699999994966,0.0010381699999994858,0.0010381699999994966,-0.26221647390443464,9.688097181950527,0.6736164637765973,0.0005780672860036648,0.013864376482644346,0.0011074836568900751,-25.201501064300537,11.349937915802002,9.462937870025634,985.649921875,-0.0673028778647776,29.21439664081281
2025-03-01T17:50:19Z,40.05362247930469,-75.49878850870583,68.69481614140355,19.432685122022622,16.567846866214733,-1.0379537743624094,1.4736712936533878,6.248477904012677,0.6020262704550864,0.000999999999237193,0.0010000000050918727,0.0009999999925154614,0.0009999999878965268,0.0009999999879961353,0.0009999999881945528,0.000037993336916211185,0.00003800052592372998,0.8284693810172953,37.22910679384554,13.804999622051186,0.013181649154013127,0.0004408221031155375,0.0003500055914774223,0.007279055810806819,0.004817999999999865,0.004817999999999902,0.004817999999999879,0.0010381799999994962,0.0010381799999994844,0.0010381799999994962,-0.556453894193325,9.672464123402868,0.732320377681366,0.00005899930924546724,0.016457213809188926,-0.005786776895880203,-25.132313652038576,11.91881296157837,9.145125398635864,985.4081787109375,-0.06619010137927693,29.280055245173855
2025-03-01T17:50:20Z,40.0527583031678,-75.49858428871511,67.8058459694469,18.150419969610954,16.1646243965006,-1.1308017705652738,1.4749604176153643,6.247309178971293,0.6251610790253276,0.0009999999992248796,0.0010000000049815469,0.0009999999926455882,0.0009999999880998727,0.0009999999874734733,0.0009999999881478152,0.000038992075614362145,0.00003900054815262893,0.8116024409727428,39.15910060078391,14.643120756360506,0.015126599438115812,0.00045548714167809094,0.00035483751087853505,0.007289250592307837,0.004818999999999864,0.004818999999999904,0.004818999999999881,0.0010381899999994959,0.001038189999999485,0.0010381899999994959,-0.8144420229816723,9.720018478513534,0.5569591678438712,0.00225794514256623,0.0229458996808617,0.0030826129816016084,-24.67481357574463,10.890562877655029,8.840250368118285,985.3648388671875,-0.012261992869261978,28.38305704505656
2025-03-01T17:50:21Z,40.050047497168016,-75.49836385109174,67.05998075421176,16.947881783755644,15.720872751892806,-1.347873069853114,1.4693930943722344,6.258264390984717,0.6510477689096403,0.0009999999992575345,0.0010000000054419672,0.000999999992636601,0.0009999999881490091,0.0009999999874306831,0.0009999999880231333,0.000039990587731742724,0.000040000572007273114,0.8011471341768336,41.19842098253607,15.554560279728964,0.01808031377472132,0.00047032130221548105,0.0003596353650820632,0.007298057624506662,0.004819999999999865,0.004819999999999905,0.004819999999999882,0.0010381999999994952,0.0010381999999994843,0.0010381999999994952,-0.785207742815683,9.562194815312807,0.5624698583818011,-0.004787361259779278,0.027038693148518818,-0.008401645132905929,-25.092938499450682,10.299000368118286,8.0527503490448,985.2587744140625,-0.17131899502855183,28.294326008272954
2025-03-01T17:50:22Z,40.046333971343195,-75.49814020431485,66.31320330262339,16.00183872449546,15.30370979187225,-1.3688320037686386,1.4771041594005387,6.253819980677979,0.6677505864091737,0.0009999999989775239,0.0010000000052308457,0.0009999999924566842,0.0009999999879957964,0.0009999999875992527,0.0009999999880184515,0.000040988849296921135,0.000041000597629620156,0.8014011805014036,43.385326731822786,16.5631638241537,0.022033669408691236,0.00048357784337137876,0.0003659570666875118,0.007308676548820476,0.004820999999999867,0.004820999999999906,0.0048209999999998835,0.001038209999999496,0.0010382099999994851,0.001038209999999496,-0.7914944704746517,9.746261148978872,0.503532539980124,0.00756963127746474,0.01648725612087919,0.007081440617795483,-25.366126251220702,9.469875364303588,7.611937799453735,985.2690087890625,0.009184538184047552,28.125746917539278
2025-03-01T17:50:23Z,40.04297540491656,-75.49792954017398,65.44673571003693,15.568593066953333,14.9046170500348,-1.411243351411659,1.4723237605511093,6.2563178821355585,0.6865834501037208,0.0009999999994745325,0.001000000005314657,0.000999999992330163,0.0009999999879801685,0.000999999987471146,0.0009999999881403826,0.00004198685585309126,0.00004200062519387328,0.8151394147059177,45.56690033890031,17.676774508450343,0.025573650400806034,0.0004964650715922826,0.0003706734297066323,0.007318537693430846,0.004821999999999864,0.004821999999999909,0.004821999999999881,0.0010382199999994968,0.001038219999999486,0.0010382199999994966,-0.5893552086839782,9.710390352243914,0.6258397681180073,-0.00533713983766323,0.01927052953978281,0.001158389065250219,-27.181313648223878,8.616187872886657,7.920937857627869,985.4324169921875,-0.03370109670539308,29.593931046289153
2025-03-01T17:50:24Z,40.03384796885608,-75.4976804815814,65.4301704855707,16.75857057095667,14.329738131120923,-1.3224228620958247,1.474318368865067,6.259592710297513,0.6971379841444327,0.0009999999995435889,0.0010000000056376442,0.0009999999924990195,0.0009999999882663675,0.0009999999878788977,0.0009999999882332915,0.000042984631672249094,0.000043000654892456564,0.841885413277305,47.62392982959648,18.887633066548656,0.02837573692268695,0.0005071089142111896,0.00037466229275892555,0.007328793875572908,0.004822999999999866,0.004822999999999906,0.004822999999999884,0.0010382299999994959,0.0010382299999994846,0.0010382299999994956,-0.4903910729427926,9.717939499771557,0.7913773254848401,-0.002043977611319916,0.011710494299774077,0.004678038263995504,-25.283251094818116,9.2452503490448,6.809250302314759,984.9370776367188,-0.019575805468570066,27.768336437373147
2025-03-01T17:50:25Z,40.02233322152032,-75.49742687914558,65.98406914200706,19.728519377362396,13.891520488346995,-0.9750629972505325,1.4848873835018204,6.268959792115618,0.698289805537753,0.0009999999996009611,0.001000000005634269,0.0009999999924839467,0.0009999999882950006,0.0009999999878358451,0.0009999999880804138,0.00004398223277669022,0.0000440006869559246,0.8764282417430962,49.58189169925218,20.248802337600097,0.028262730983627405,0.0005149974581296504,0.0003775945253744996,0.007338701068289817,0.0048239999999998675,0.004823999999999906,0.004823999999999883,0.0010382399999994969,0.001038239999999485,0.0010382399999994958,-0.07043173893914552,9.894597791666115,0.9605557762015494,0.003805469943525725,0.003255691363257302,0.001626718688532157,-27.564563751220703,9.42206289768219,7.930125322341919,984.7022509765625,0.15938698741232024,30.19046645619527
2025-03-01T17:50:26Z,40.01534857325587,-75.49721373124427,66.16725006954663,21.901050683416795,13.15546165529257,-0.7838664660143165,1.4908632773245312,0.0031520198886804468,0.7083673322326826,0.0009999999992789457,0.001000000005948564,0.0009999999922530218,0.0009999999883227861,0.0009999999878526923,0.0009999999880155814,0.000044979728468981356,0.00004500072159362369,0.9117077200299277,51.09447415483686,21.679003820227667,0.028056153745656003,0.0005231559696839181,0.0003766457202310817,0.0073473192617696725,0.00482499999999987,0.0048249999999999075,0.004824999999999886,0.0010382499999994968,0.001038249999999485,0.0010382499999994968,-0.47884667964984806,9.793341532383689,1.2275549080384929,0.0013620106532717855,0.012286308869077967,-0.008798707271492826,-26.31000108718872,12.312188024520873,7.2123752784729005,985.0848754882812,0.09968030262634217,29.93027644610749
2025-03-01T17:50:27Z,40.01129563500867,-75.49702695050654,66.0659228908012,22.93872675457192,12.138904315156386,-0.7102735398733214,1.4938920140986682,0.027157991278585196,0.7363424001965116,0.000999999999147015,0.0010000000057870187,0.0009999999924811855,0.0009999999880321575,0.000999999987784644,0.0009999999878878407,0.00004597718307439219,0.000046000758881523946,0.9468240540861439,52.20098479063749,23.1414394161339,0.030103582579170098,0.0005333596952028997,0.0003710184294190042,0.007355218710189426,0.004825999999999869,0.004825999999999906,0.0048259999999998885,0.0010382599999994957,0.001038259999999484,0.0010382599999994957,-1.2236539206546466,9.709976538105003,1.203492010027436,-0.00032153887459187896,0.030206678536837017,-0.016692214626040876,-23.911126022338866,15.686438217163087,7.761562795639038,985.34603515625,0.07870066864777611,29.631826452209726
2025-03-01T17:50:28Z,40.00600246783729,-75.49682418336747,66.25840587797978,24.509964051313812,11.388198184341565,-0.6523170630602161,1.4984707177947505,0.03275131313261004,0.7666247957570244,0.000999999999406146,0.0010000000055428418,0.0009999999926007712,0.0009999999879073814,0.0009999999876621813,0.0009999999876981532,0.000046974665209274194,0.00004700079884717342,0.9838028577425784,53.116266023762414,24.654132669544758,0.03265231630430225,0.0005425685642256702,0.0003634247893295986,0.007365039650669486,0.004826999999999866,0.004826999999999905,0.0048269999999998895,0.0010382699999994948,0.001038269999999483,0.0010382699999994948,-1.3912299567427648,9.662613605493481,0.9321210765441941,-0.0002975060068067394,0.031141668708055386,0.0038767371670547822,-16.818375682830812,15.65793809890747,9.53737536907196,985.2216259765624,0.02493475640917655,24.87946519030191
2025-03-01T17:50:29Z,39.996499903731895,-75.4965431923289,67.34464123091823,27.943506454269862,10.984319682959528,-0.4697766261310059,1.5061179848212773,0.05060630255365278,0.8069856307618881,0.0009999999995550137,0.001000000005327205,0.0009999999928454078,0.0009999999875652274,0.0009999999877585736,0.000999999987809053,0.00004797225355148156,0.00004800084151419227,1.0242740907706098,53.79026401195979,26.207874290866062,0.03656366767795985,0.000551732365241626,0.00035351166546727144,0.007374408531358028,0.004827999999999868,0.004827999999999903,0.004827999999999887,0.0010382799999994938,0.0010382799999994821,0.001038279999999494,-1.7230477715861525,9.664512882289658,0.6728345466444946,-0.0014831838386954652,0.04245401651009342,-0.0010500709304212123,-14.083125610351562,10.213500394821168,8.48437532901764,984.7360131835937,0.05823789208824587,19.35543015147156
2025-03-01T17:50:30Z,39.99473900793069,-75.49637882622316,67.21064745853137,28.66887665184847,10.374113014075002,-0.5103466750399824,1.5064061958764172,0.04541188527570507,0.8299744804607437,0.0009999999993970418,0.001000000005361326,0.000999999992836137,0.0009999999878033212,0.00099999998774891,0.0009999999876472427,0.000048970015844721647,0.00004900088698572469,1.0626195386263824,54.35105056475982,27.85107926791762,0.03595195646567267,0.0005580362672782685,0.00034402949474025005,0.00738481422602123,0.0048289999999998655,0.0048289999999999045,0.004828999999999889,0.001038289999999493,0.0010382899999994812,0.0010382899999994946,-1.1868031415686529,9.620898778274295,0.9968868054918468,-0.002313359679559485,0.0227422778645786,0.00976140123241575,-13.953750553131103,11.700187940597534,7.9766253471374515,985.3916845703125,-0.03669155190742691,19.880293895227712
2025-03-01T17:50:31Z,39.99809893930977,-75.4963471007084,65.95955651284302,27.261250097915656,9.443970699957672,-0.7298264168306468,1.5034778729185547,0.03442301760568834,0.8372449742279063,0.0009999999991889862,0.0010000000050783412,0.0009999999931025135,0.0009999999879303388,0.0009999999878911878,0.000999999987786038,0.00004996797605740701,0.0000500009353904697,1.0875574729203472,54.982391230370816,29.536522357556844,0.032638007147813154,0.0005642872062034816,0.00033458362388090837,0.007395081782466452,0.004829999999999865,0.004829999999999903,0.004829999999999888,0.0010382999999994933,0.0010382999999994816,0.0010382999999994933,-0.6321867312832604,9.599602690373464,1.1496685255167003,-0.0008065593608070588,0.006187842464800468,0.006065669109320271,-15.504188060760498,14.187563095092774,7.266562781333923,985.9903515625,-0.09267094527742872,22.23662452736468
2025-03-01T17:50:32Z,40.00414608016021,-75.49644050400467,63.85582608055064,24.523325944468798,8.371917249610103,-1.0157997944872177,1.5050842240131663,0.036110565571016565,0.8400460581187768,0.0009999999993400427,0.0010000000052179314,0.0009999999928291868,0.000999999987866125,0.0009999999874961206,0.000999999987628423,0.00005096611831831941,0.000051000986768288445,1.0952386691859548,55.896885180302874,31.229552256689622,0.02838643809076545,0.0005723895969173055,0.00032549323522182937,0.007403971733955957,0.004830999999999865,0.004830999999999904,0.004830999999999888,0.0010383099999994928,0.001038309999999482,0.0010383099999994928,-0.24310658072428137,9.638584009759546,0.8977991056916742,0.00526637065867941,0.002427352022167502,-0.011845353371906564,-16.569188241958617,13.945313034057618,7.3633127784729,986.5015600585938,-0.09801433744805249,22.874129634000266
2025-03-01T17:50:33Z,40.00803473751519,-75.49649904967507,61.932196277995054,22.932962580472672,7.568895636070738,-1.2150048767586399,1.5027583462764034,0.03417066958071413,0.8399517417239616,0.0009999999991164555,0.0010000000051037057,0.0009999999928360375,0.0009999999879011646,0.0009999999873754634,0.0009999999876579182,0.00005196440378300456,0.00005200104116521646,1.088184295530214,57.049168427103375,32.922534011752326,0.024912230283819222,0.0005811737262597105,0.0003176690275155315,0.007413551964997699,0.004831999999999865,0.004831999999999904,0.004831999999999888,0.0010383199999994936,0.0010383199999994827,0.0010383199999994936,-0.21838793651196925,9.666641544336823,0.8616923249019617,-0.0004400403214895003,-0.00047058352613734236,-0.004644826312905901,-16.68112564086914,12.852375469207765,7.2795003271102905,986.5405493164062,-0.0738415817415592,22.28076232663021
2025-03-01T17:50:34Z,40.011491101598914,-75.49657215022793,59.94173612864277,21.552141230448008,6.669006070900606,-1.3170896286357954,1.5079030797904607,0.03348238199905485,0.8418020124556117,0.000999999999273409,0.001000000005116974,0.0009999999928527168,0.0009999999879743513,0.000999999987133793,0.0009999999875085405,0.0000529627858003167,0.00005300109862332489,1.0720569031946183,58.45157275163922,34.62046456201453,0.02256185112935382,0.000590701800993661,0.0003116227686213884,0.007423183039949309,0.004832999999999864,0.0048329999999999025,0.004832999999999887,0.0010383299999994935,0.001038329999999483,0.0010383299999994937,-0.3439581729808506,9.747281056758593,0.825465248351172,0.006257774629377507,0.001616203738573229,-0.00485545816213893,-18.060000734329222,11.622562956809997,6.345937757492066,986.742265625,0.007059041776312569,22.39455843692023
2025-03-01T17:50:35Z,40.0142396385446,-75.49663830463666,58.0109179096984,20.775057353130777,5.845083031701827,-1.4118739150998723,1.5034096209550951,0.03081330483344044,0.8388132395725962,0.000999999999289591,0.0010000000050030807,0.000999999992683753,0.0009999999879057718,0.0009999999874351854,0.00099999998758497,0.00005396121385938981,0.00005400115916213903,1.050730148067451,60.11539137728908,36.32387704491524,0.020634029358321853,0.0006005681515923628,0.0003074882184138528,0.007433056656364625,0.004833999999999862,0.004833999999999901,0.004833999999999886,0.0010383399999994928,0.0010383399999994818,0.0010383399999994946,-0.2337817586553778,9.728376427327444,0.9553314441818195,-0.0038812461412395874,-0.003280562740379649,-0.0017534001518544394,-17.28337577819824,11.31675045967102,6.366562762260437,986.9031591796875,-0.0030928775798433773,21.61746619936901
2025-03-01T17:50:36Z,40.01373400138404,-75.49653297558477,56.70367448482468,20.946841343425216,5.882582261409119,-1.4657363435128377,1.4990724818202539,0.03011150302422768,0.8440738910750255,0.0009999999995649888,0.0010000000047667484,0.0009999999925021112,0.0009999999876285184,0.0009999999874384872,0.000999999987389519,0.00005495964544218678,0.00005500122278837422,1.0279055691711714,62.032197901790326,37.98470117710006,0.019389154618817135,0.0006103867440786854,0.00030531313715431035,0.007443133341673713,0.004834999999999862,0.004834999999999901,0.004834999999999885,0.0010383499999994917,0.0010383499999994808,0.0010383499999994951,-0.4296290638630243,9.700365971169393,0.728967804327595,-0.004477423408257261,0.005161222617410587,0.0020443095630823,-16.405125646591188,10.007250418663025,6.678375272750855,986.729658203125,-0.04386372767009628,20.343840303700823
2025-03-01T17:50:37Z,40.009670518213184,-75.49619578398774,56.06548929355121,22.30100442342273,6.993850808825892,-1.5089698426668077,1.5015660858323217,0.042513346699365316,0.8455848639102893,0.0009999999994811562,0.0010000000047207835,0.0009999999922101865,0.0009999999878218424,0.0009999999873916063,0.0009999999873163052,0.00005595804772173681,0.00005600128957460264,1.0056635264912415,64.1732281479387,39.64236154616511,0.01825729373190873,0.0006205222257299734,0.0003047717424217775,0.007452789960832185,0.00483599999999986,0.004835999999999902,0.004835999999999887,0.0010383599999994925,0.00103835999999948,0.0010383599999994942,-0.3513491177219273,9.631626612976394,0.8198578100192523,0.0028586289512773757,0.0023597558862416277,-0.006446877744787308,-15.3294380569458,10.712062921524048,7.341375336647034,986.4504150390625,-0.10835936164169241,20.090637481464743
2025-03-01T17:50:38Z,40.00475687736091,-75.49577486896129,55.5212319942311,23.679820863618698,8.534372924269748,-1.5337567010653568,1.4992188285371868,0.04912516431835045,0.8422800228982922,0.000999999999309739,0.001000000004853448,0.0009999999920177675,0.0009999999876536333,0.0009999999871824622,0.0009999999871909693,0.000056956382144211296,0.00005700135967979216,0.983339679560684,66.5754589843657,41.31176241132257,0.017024983821496295,0.0006302670333269859,0.0003057305974998524,0.007462793447146715,0.004836999999999861,0.0048369999999998995,0.004836999999999885,0.0010383699999994926,0.001038369999999479,0.0010383699999994937,-0.30397123640723794,9.647339462275552,0.7487510920046185,-0.0011527162224586433,-0.0028631385377408014,-0.0005011269628358904,-16.535250625610352,11.11481297492981,6.283687732219696,986.4387158203125,-0.10026053794643733,20.89105527369088
2025-03-01T17:50:39Z,39.99843291550941,-75.49522970807176,55.18230443312499,25.19819997862998,10.429611207159757,-1.5065043470767046,1.4912502907295009,0.05260757449471539,0.8392217555975783,0.0009999999993522807,0.001000000004972027,0.0009999999919147883,0.00099999998789836,0.0009999999874793011,0.00099999998707057,0.000057954603332101165,0.000058001433244987977,0.9610658189751874,69.16022673555993,43.01536954535465,0.016248666244545944,0.0006394506962842901,0.0003081808544028689,0.007473004899100607,0.004837999999999862,0.0048379999999999005,0.004837999999999885,0.0010383799999994926,0.001038379999999478,0.0010383799999994926,-0.3090072646312475,9.667533309556454,0.9457340129446364,-0.0058794084711997876,-0.0028701470313574366,0.0034563084732217335,-15.244688148498534,10.503937892913818,6.905062780380249,986.35923828125,-0.06301934836878101,19.758823683214032
2025-03-01T17:50:40Z,39.98882261580628,-75.49442685544594,55.391399054211774,26.74526250319898,13.353317343680288,-1.4098256646441423,1.4828881549354556,0.063218023118601,0.8395136800986681,0.0009999999992956821,0.0010000000050096615,0.0009999999921887059,0.000999999987832848,0.0009999999876722104,0.0009999999873556715,0.00005895266420793151,0.0000590015103759788,0.9396487317370301,71.95960974465451,44.73467410214861,0.015482931825447518,0.0006485344344154992,0.0003119994051912549,0.007482983274556497,0.004838999999999865,0.004838999999999903,0.004838999999999886,0.0010383899999994923,0.0010383899999994778,0.0010383899999994923,-0.3659852168895036,9.695116081868605,0.8820712013182678,-0.004746637660782749,0.0009853099219289908,-0.0011934410263710889,-14.611875553131103,10.092750396728515,8.02593783378601,986.0595532226563,-0.03992894520658587,19.48805318403604
2025-03-01T17:50:41Z,40.076586769935474,-75.48405491553133,50.76984296252627,-3.6973529772829816,-33.31053244256364,-1.834337948229066,1.5185495438920271,6.2012215700681015,0.96032122627274,0.000999999999105296,0.0010000000056077762,0.000999999992246999,0.0009999999883907591,0.0009999999870057366,0.0009999999877157632,3.0726317907060626e-10,3.0726337796939954e-10,0.5445617161157272,0.0021438092903241146,0.002143745753917483,0.010862462420077844,0.0001843357967350388,0.000148203249771228,0.007147804234282946,0.004839999999999863,0.004839999999999902,0.004839999999999884,0.0010383999999994914,0.0010383999999994766,0.0010383999999994914,-0.26311214685726886,9.667454826850259,1.0435651582932561,-0.0018036377737156999,0.00013410653527289756,-0.00788975296230312,-14.004938068389892,11.897250499725342,7.560937781333923,986.2087036132813,-0.04961653416390624,19.870798179456195
2025-03-01T17:50:42Z,40.07641417907073,-75.48445266678,50.391485998294534,-4.168139468176755,-34.454138100639504,-1.8586160050067404,1.5202542811855952,6.201644885024879,0.9609105289010852,0.0009999999994949925,0.0010000000054903504,0.0009999999925175487,0.000999999988298434,0.0009999999869283681,0.0009999999876114224,1.0003072633063201e-6,1.0003072636316195e-6,0.5742575808849878,0.037891273716465675,0.018722235885147535,0.011385626662814976,0.00019422964839393024,0.00015830919741380205,0.007157508710183159,0.004840999999999861,0.0048409999999999,0.004840999999999883,0.0010384099999994922,0.001038409999999477,0.0010384099999994922,-0.42975394218822255,9.68690076573129,0.7712436243745728,0.0025430156819510005,-0.002812231383136632,-0.00024660064603814055,-14.458688097000122,10.989187941551208,7.570687780380249,986.1428247070312,-0.04962435511326052,19.67559978277652
2025-03-01T17:50:43Z,40.07623269709532,-75.48486161091493,49.96676655797546,-4.7068072176358715,-35.21198245462892,-1.9361870866374988,1.5147401534464857,6.198181539602956,0.9612824493684711,0.000999999999596781,0.0010000000052780699,0.0009999999928595536,0.000999999988124201,0.0009999999871182282,0.000999999987331105,2.000307264579593e-6,2.0003072661919656e-6,0.6047550234883572,0.12720695702064816,0.06748158211145648,0.012012836198086182,0.00020424823504144724,0.00016838961567431672,0.007164916657474235,0.0048419999999998594,0.0048419999999998985,0.004841999999999882,0.0010384199999994908,0.0010384199999994765,0.0010384199999994908,-0.14991332682792508,9.620779123936567,0.519239524612856,-0.004359756515844604,-0.002567886700432538,0.003968366834771635,-14.881875629425048,12.041625518798828,7.663687829971313,986.2663916015625,-0.14065436285726765,20.620402099773962
2025-03-01T17:50:44Z,40.076031494453005,-75.48528132560567,49.551142557479615,-5.182165544985845,-36.2719650507848,-1.9470148311025475,1.5085798460989674,6.204741556812229,0.9649990562427905,0.000999999999894843,0.0010000000052107763,0.0009999999932828261,0.0009999999883908797,0.00099999998699413,0.0009999999871148323,3.0003072659270436e-6,3.0003072766062973e-6,0.6353768484276902,0.2942226836337769,0.14919975093177054,0.01310193678998137,0.00021405136851757996,0.00017830186552290979,0.007177596135814566,0.004842999999999858,0.004842999999999897,0.0048429999999998795,0.0010384299999994903,0.0010384299999994756,0.0010384299999994903,-0.39303065413880284,9.680242755196717,0.8196204881382844,-0.0044473802905370344,0.0015360914549337396,-0.005195940357055961,-18.155625734329224,11.60587544441223,8.412937870025635,986.3407153320312,-0.05366941260398095,23.132191058596586
2025-03-01T17:50:45Z,40.07578978476529,-75.48571263642229,49.500566643072105,-5.594590620232564,-37.18286693769942,-1.9272346397151863,1.507399783833634,6.208225970548602,0.9672252230384972,0.0009999999996415866,0.0010000000052691994,0.00099999999294817,0.0009999999888839696,0.0009999999868221697,0.000999999987494978,4.0003072559759296e-6,4.000307304353893e-6,0.6663457481848812,0.5268786220300029,0.26391348658390584,0.0144100802833115,0.0002238998727112017,0.000188160142381351,0.0071877985748154865,0.00484399999999986,0.004843999999999898,0.004843999999999877,0.0010384399999994896,0.0010384399999994753,0.0010384399999994898,-0.341817697594458,9.658027433390174,0.8483323961650449,0.000995491533274944,-0.0006538425391614098,-0.0008778272601757052,-21.479438285827637,11.75831298828125,6.224437758922577,986.1240551757812,-0.075168108844351,25.26589105675265
2025-03-01T17:50:46Z,40.07550109123556,-75.4861541054116,49.37127706037957,-5.850229246061239,-38.06750601940167,-1.857149811950129,1.5080850083479553,6.206096648896138,0.9651060971528295,0.0010000000001341481,0.0010000000052218846,0.000999999992728145,0.0009999999889278054,0.0009999999870177578,0.0009999999873662201,5.000307193934307e-6,5.0003073629880915e-6,0.6981240807880693,0.836635420870092,0.4096526413318479,0.01597310608888948,0.00023377640499158857,0.0001979211009435623,0.007194310737202561,0.004844999999999857,0.004844999999999897,0.004844999999999879,0.0010384499999994893,0.0010384499999994748,0.0010384499999994891,-0.2993575184810681,9.702131144158768,0.9905307857105643,0.0026526707658006844,-0.005243507525362613,0.00544912959094108,-19.18593826293945,12.638438005447387,4.397250168323517,986.310419921875,-0.019160243187813803,23.39153209750974
2025-03-01T17:50:47Z,40.0751890842777,-75.48660410535429,48.76854720346876,-6.1375220565309405,-38.75368904417236,-1.9135872295208576,1.5039170718464856,6.206209609804138,0.9651503890403784,0.0009999999999131563,0.0010000000050323483,0.0009999999925417128,0.000999999989102512,0.0009999999870088613,0.0009999999871905178,6.000306982033534e-6,6.000307470328459e-6,0.7309534458054601,1.196449738641059,0.5900515590951579,0.017421705317110188,0.00024361277163589335,0.0002071733694644297,0.007202038583380857,0.0048459999999998565,0.0048459999999998955,0.004845999999999879,0.001038459999999489,0.0010384599999994745,0.001038459999999489,-0.17774983075522882,9.619901743565741,0.8624500502060554,-0.0024253509527643307,-0.002292997570143786,0.003286234235063893,-19.445250759124757,10.66350043296814,5.355000202655792,986.7968383789063,-0.11612924078604457,22.814506941173153
2025-03-01T17:50:48Z,40.07484661911026,-75.48706048756598,47.91632657401236,-6.595257801592034,-39.32637282961592,-1.9205996055043588,1.5067205230638587,6.211524752294312,0.9674999098703975,0.0010000000000799398,0.0010000000051935249,0.000999999992859719,0.0009999999889980815,0.0009999999869014593,0.0009999999875138614,7.0003064355139545e-6,7.00030764880783e-6,0.7645427124664126,1.615628995732362,0.8148803276886091,0.01890033136103088,0.0002532978704025641,0.00021573459677220712,0.007212499717086937,0.004846999999999859,0.004846999999999893,0.004846999999999882,0.001038469999999488,0.0010384699999994732,0.001038469999999488,-0.24171796095610915,9.704288600916598,0.6702266271232393,0.0045153077561983284,0.000534673253271197,-0.0016108647370558418,-22.336688346862793,11.8228129196167,5.76018773317337,987.0931005859375,-0.045785108087104946,25.92071912371753
2025-03-01T17:50:49Z,40.07440538167822,-75.48752030711829,47.310361195126845,-6.751075846689286,-39.771310063593056,-1.8914587581281874,1.4989648075011546,6.214895793620892,0.968336175145714,0.0009999999998655108,0.0010000000052013333,0.0009999999929186391,0.000999999989147512,0.0009999999871100282,0.0009999999876587591,8.000305257666554e-6,8.000307924741066e-6,0.7985659344938579,2.1062550769059114,1.061247519734348,0.020248631191799444,0.000262982189340376,0.00022359955645840534,0.007220851522649349,0.00484799999999986,0.004847999999999891,0.004847999999999883,0.0010384799999994874,0.0010384799999994731,0.0010384799999994874,-0.1523754546520962,9.683616237385044,0.9056052025896677,-0.005774926739297923,-0.0018450289203495603,0.0018099775400387326,-20.324250755310057,16.6614381980896,6.493312728404999,987.0460131835938,-0.04908631077347562,27.07100017387139
2025-03-01T17:50:50Z,40.07385702847593,-75.48798051581431,46.880710214952806,-6.982833757294826,-40.0225097551751,-1.8564886686814535,1.4912964917815286,6.228273032673184,0.9736056025412958,0.000999999999779974,0.0010000000054727971,0.0009999999930298692,0.000999999989310554,0.0009999999869806633,0.0009999999881163584,9.000303025034498e-6,9.000308327538006e-6,0.8324763476871584,2.6583235369032674,1.3449223163382271,0.021570889969979017,0.0002724891738899527,0.00023037246759757956,0.007233894638104351,0.004848999999999863,0.004848999999999887,0.00484899999999988,0.001038489999999487,0.0010384899999994726,0.001038489999999487,-0.2744597488615559,9.673181914324328,0.834733188556138,-0.005184424059168031,0.0026855501406892867,-0.0064876020151799175,-20.999813404083252,13.132875580787658,5.400750238895416,987.0465600585937,-0.06311566207313829,25.350150112170734
2025-03-01T17:50:51Z,40.07322502220396,-75.48843832954539,46.4064144873685,-7.095065309625456,-40.015588058314634,-1.9611738852274085,1.482670418542641,6.231877958647381,0.9727823716786792,0.0009999999995818649,0.0010000000057635247,0.0009999999931930967,0.0009999999891926608,0.0009999999872521263,0.0009999999879541633,0.000010000299188440472,0.000010000308889442672,0.8650899972042889,3.2405190049657,1.6469681455494891,0.022337389862970188,0.00028204594273755884,0.00023639939399213756,0.007240914152973626,0.004849999999999862,0.004849999999999886,0.004849999999999878,0.001038499999999486,0.0010384999999994717,0.001038499999999486,-0.19658383356452458,9.516903210681383,0.8618675334347401,-0.006550357675154801,-0.004422344724040901,0.0033862094042083424,-20.98706325531006,13.851750612258911,6.717937784194946,987.1481469726563,-0.21825468198556694,26.027982285242913
2025-03-01T17:50:52Z,40.07251536157213,-75.48889283233311,45.869549590252255,-6.9598452146513505,-40.149990526684725,-1.9092120341566245,1.482003975514945,6.243560949972421,0.9751864277717939,0.0009999999994135702,0.0010000000057687618,0.0009999999931714603,0.0009999999888942006,0.0009999999873936335,0.0009999999879393132,0.000011000293089751489,0.000011000309642739407,0.8957067764424036,3.943175675254166,1.9625247350208894,0.023348497551924974,0.0002914880685481402,0.00024126416803525163,0.007252152922749023,0.004850999999999865,0.004850999999999884,0.004850999999999877,0.0010385099999994864,0.001038509999999472,0.0010385099999994864,-0.33675290131030394,9.64666144751926,1.2094891032203803,0.0015045460392140036,-0.0006436615269433143,-0.0040543240714500575,-17.80200074195862,17.582813205718995,6.831562807559967,987.2665161132812,-0.048094047703035436,25.93711944203085
2025-03-01T17:50:53Z,40.07175717728922,-75.48934418364891,45.21901626129905,-6.61087967655388,-40.10238208010377,-1.9947119010233014,1.4761776861153317,6.255974808191739,0.9774235587114957,0.0009999999996418382,0.0010000000058589353,0.0009999999933204809,0.0009999999891519575,0.000999999987541732,0.0009999999879281097,0.000012000283986779952,0.000012000310617912775,0.923541730552994,4.677797914853314,2.2754512711872215,0.023643574541526664,0.0003008874518319455,0.00024518530859132863,0.007263841677566364,0.0048519999999998625,0.004851999999999887,0.004851999999999878,0.0010385199999994868,0.0010385199999994725,0.0010385199999994868,-0.2353789420435906,9.496936811597715,1.3054419333356946,-0.0037564018367055247,-0.0005068020946774433,-0.004945585818671878,-21.973125915527344,14.207063035964966,4.931062734127044,987.4255786132812,-0.18698766988778692,26.62652016611676
2025-03-01T17:50:54Z,40.07081571527823,-75.48978245924945,44.74689779939163,-6.434099453177979,-39.40402348266123,-1.965123596590306,1.4721730738145011,6.271216510436077,0.9779437873208303,0.0009999999995859983,0.001000000006181386,0.0009999999935697466,0.0009999999892180403,0.0009999999877543546,0.000999999988009436,0.000013000271044607703,0.000013000311849915358,0.9458470914428634,5.379415249321544,2.623343508447513,0.02287123029777831,0.00031013490046305855,0.0002485118365158337,0.007276364917077379,0.004852999999999862,0.004852999999999885,0.004852999999999877,0.0010385299999994871,0.0010385299999994726,0.0010385299999994871,-0.14648361501620658,9.617588709825379,0.8992197691927094,-0.0015905029856929003,-0.0024966185536062025,-0.00654868826056325,-21.872063484191894,13.615687999725342,4.840500192642212,987.3921069335937,-0.11554002875583297,26.214536017861274
2025-03-01T17:50:55Z,40.06966013710313,-75.49020255009675,44.49961422668034,-6.209582619715519,-38.660975746871564,-1.9387903283525825,1.4613927464763352,6.2820721979119485,0.983515555572371,0.00099999999945992,0.0010000000059201821,0.0009999999932788666,0.000999999989481638,0.0009999999873635335,0.000999999987841786,0.000014000253338431049,0.00001400031337908825,0.9620891330345661,6.182760732921437,2.9865558965505596,0.022582574172641433,0.000319722123369036,0.00025108287380431213,0.007285501315833321,0.004853999999999859,0.004853999999999889,0.00485399999999988,0.0010385399999994875,0.0010385399999994732,0.0010385399999994875,-0.44307398431955103,9.579144055678226,1.0220114375615845,-0.00802494525771281,0.0015452696588498806,-0.0004094974125039145,-17.712188243865967,14.147250595092773,6.278062758445739,987.33529296875,-0.1325651522420817,23.5218620272465
2025-03-01T17:50:56Z,40.06836056528078,-75.49060591938655,44.28575440619093,-5.92841702635223,-37.619876139837416,-1.9594437784964243,1.4629266569441801,0.013327765360408968,0.9880842376209483,0.0009999999997719947,0.0010000000057738463,0.000999999993288822,0.0009999999891105913,0.0009999999873600857,0.000999999988260092,0.000015000229856131772,0.000015000315246879996,0.9728795959393001,6.992089937682787,3.360405504440687,0.021765839634041814,0.00032929516166567787,0.00025339660075345016,0.007296584340682004,0.0048549999999998586,0.00485499999999989,0.004854999999999883,0.0010385499999994875,0.0010385499999994731,0.0010385499999994875,-0.4004444806550832,9.53416287881228,0.9475776608907576,0.004174825465152961,0.0008250836723998102,-0.0038239978664945224,-13.334813041687012,14.192250576019287,5.742000229358673,987.35794921875,-0.1868611380235413,20.30285000989232
2025-03-01T17:50:57Z,40.067279423634844,-75.49100723598315,43.5056161036799,-5.691749795061937,-36.6592564359517,-2.0736744010318673,1.4562629295729264,0.023976641710902052,0.9884607005260727,0.000999999999739286,0.0010000000056830775,0.0009999999931615813,0.0009999999889669816,0.0009999999875310933,0.0009999999881536215,0.00001600019938151756,0.000016000317496924086,0.9769987017272499,7.787256343945959,3.740818716694555,0.020332229917759907,0.0003387686251018891,0.00025585283179787823,0.007307188416728383,0.00485599999999986,0.004855999999999891,0.004855999999999884,0.0010385599999994865,0.0010385599999994722,0.0010385599999994865,-0.2779293401232814,9.508037359549787,0.8965876467059113,-0.004878991364787877,-0.0022726347796181235,-0.0034129163783301565,-17.920688314437868,14.845875539779662,1.555312570631504,987.711689453125,-0.22219699803124376,23.323115509960758
2025-03-01T17:50:58Z,40.06588679383315,-75.49138742771612,43.006643446664334,-4.935499429501521,-35.64649591805467,-1.8880887460848292,1.4533424532680186,0.0356446430189898,0.9885257402639723,0.0009999999991310246,0.0010000000059520759,0.0009999999928198564,0.000999999988625946,0.000999999987603141,0.0009999999882547574,0.00001700016040543082,0.00001700032017142757,0.9748272077106649,8.717105700491256,4.1180733301464905,0.019054048617944807,0.0003482407061798653,0.0002586087024155599,0.0073176101282231825,0.0048569999999998606,0.004856999999999892,0.004856999999999885,0.0010385699999994873,0.0010385699999994728,0.0010385699999994873,-0.3234034308163193,9.72707928772655,1.4051167334870223,-0.0008823331186972554,-0.0031705726994951007,-0.003193104467707137,-15.637125701904298,12.701813049316407,12.066750497817994,987.643857421875,0.05680486755004205,23.48318198179978
2025-03-01T17:50:59Z,40.06449813231953,-75.49175871204187,42.452635262460774,-4.382945665553287,-34.54869002589941,-1.8466252695103529,1.4514225943585457,0.050197345351438855,0.9888550033331005,0.0009999999989649129,0.0010000000061741957,0.0009999999926817997,0.0009999999888602054,0.0009999999873049655,0.0009999999882180355,0.000018000111041302337,0.0000180003233183957,0.9675712255737143,9.645105901220365,4.5238723175033,0.017728170955095407,0.00035792299513583175,0.0002617716957932982,0.007330603777048618,0.00485799999999986,0.004857999999999891,0.004857999999999882,0.0010385799999994864,0.0010385799999994738,0.0010385799999994881,-0.38042190921468066,9.629831988646595,1.1780234764488815,-0.00014478970994795512,-0.0019162972460242981,-0.0071595532188396685,-16.914750814437866,9.902437891960144,6.030750234127044,987.7904907226563,-0.06759267555010402,20.50694847255564
2025-03-01T17:51:00Z,40.06288509333748,-75.49211456888528,42.02411205805262,-3.861967151779646,-33.46048264476177,-1.7728357031401154,1.450504949855174,0.05189241730135176,0.9960830321544947,0.000999999999083987,0.0010000000061409474,0.0009999999929110155,0.0009999999887060978,0.0009999999870428295,0.0009999999880935357,0.00001900004898475961,0.000019000326998796223,0.9567706953913132,10.667220729697906,4.963003249407655,0.016816254724944163,0.0003677622324555343,0.00026496814442097315,0.007335903921504686,0.004858999999999859,0.004858999999999894,0.004858999999999882,0.0010385899999994868,0.0010385899999994731,0.0010385899999994876,-0.5777500188424146,9.649333436323985,1.1843245774978068,0.0005271616842392128,0.003337140596749121,0.00658490406747516,-18.59643814086914,10.36837543964386,5.2053752136230464,987.7969506835938,-0.03788213687693348,21.918586277974207
2025-03-01T17:51:01Z,40.06128457779344,-75.49246315085934,41.46697522164443,-3.271749595270694,-32.28300594760263,-1.7717643643467798,1.4533360114791374,0.05550160964789634,0.9901842670565405,0.0009999999993534961,0.0010000000057279065,0.0009999999927421007,0.000999999988908978,0.0009999999869905788,0.0009999999879655467,0.00001999997138018025,0.000020000331273830472,0.9431987167530265,11.686355823612107,5.41684383452481,0.015642412164774768,0.00037673279989024677,0.0002697870761378107,0.0073430342498659795,0.00485999999999986,0.004859999999999891,0.004859999999999884,0.0010385999999994856,0.0010385999999994722,0.0010385999999994885,-0.35188194014993124,9.612380721351862,1.1601073757363682,0.004695563305506855,-0.008828582370612953,0.002004253145808892,-20.811938247680665,11.016000452041625,4.773187675476074,987.939306640625,-0.08836879112965784,24.0264420695966
2025-03-01T17:51:02Z,40.060040849181355,-75.49281430525802,40.53653221151836,-2.9470465158348116,-31.501380981865484,-1.7091062360093394,1.4568156396210867,0.07076045454377089,0.9961130991965488,0.0009999999996311083,0.0010000000058431192,0.000999999992630411,0.000999999989111462,0.0009999999868969304,0.0009999999879721105,0.000020999874638272588,0.00002100033621227038,0.9274299761615904,12.799120395893857,5.921804937346365,0.014806353513825232,0.00038737675163465354,0.00027427303915562233,0.007359012187274851,0.0048609999999998585,0.004860999999999894,0.004860999999999885,0.0010386099999994864,0.0010386099999994721,0.0010386099999994875,-0.5532634663302195,9.716492016150786,1.0820712836618782,0.004121082938113773,0.005475167335796878,-0.010448042212747744,-21.82481336593628,11.39587547302246,4.449562665224075,988.2558227539063,0.015227075957018627,25.01968268407143
2025-03-01T17:51:03Z,40.05864047287061,-75.4931576499405,39.60470016270853,-2.54836339091628,-30.475584141309703,-1.795985007325335,1.4565229616427335,0.07148973297635153,0.9959864717232687,0.0009999999993178354,0.0010000000056730367,0.0009999999926323052,0.0009999999891670305,0.0009999999867291466,0.000999999988028479,0.00002199975428272923,0.000022000341889361266,0.9100450249834142,13.891892070783726,6.451560967702557,0.013869992042276609,0.00039688009651259166,0.0002799732589842659,0.007366237514955581,0.004861999999999856,0.004861999999999895,0.004861999999999887,0.0010386199999994855,0.0010386199999994712,0.0010386199999994883,-0.38138034034764423,9.59206135333368,0.9803318659365589,0.0006798782271253616,-0.002119083178401722,0.0031258408251020786,-24.387188472747802,9.802687892913818,4.629750172831118,988.3500390625,-0.1275108486378142,26.688190761377037
2025-03-01T17:51:04Z,40.05712703075,-75.49349509844517,38.57170650006134,-2.1665792243703135,-29.54238252638658,-1.8521093010106675,1.449789445000026,0.07568915085432681,1.0006233915310903,0.0009999999994171624,0.001000000005999756,0.0009999999925771198,0.0009999999890387406,0.0009999999865410569,0.0009999999880637442,0.000022999604678397036,0.000023000348382802465,0.8915339427835979,15.076107352087663,7.031577060908395,0.013232007580017571,0.0004070518587709977,0.00028601133147056483,0.007376030813274719,0.004862999999999854,0.0048629999999998934,0.004862999999999886,0.0010386299999994861,0.0010386299999994714,0.0010386299999994885,-0.45320360075986715,9.616551827425052,1.0454212291287983,-0.00623307550570797,0.0031742426417763056,-0.00016515150074444015,-23.21681327819824,7.338375291824341,2.725687604546547,988.4775805664062,-0.09335292842938232,24.501001078700547
2025-03-01T17:51:05Z,40.05511833089829,-75.4938256661278,37.66091328423702,-1.823523849020766,-28.384032949646127,-1.8738621899659924,1.4577209493935475,0.0828328959684006,1.0002797618766506,0.0009999999995885143,0.0010000000063936532,0.0009999999922691127,0.0009999999889234803,0.0009999999868289693,0.0009999999877646113,0.000023999419112512892,0.0000240003557811133,0.8729864670612328,16.300482121953383,7.6772178693240045,0.012779562957961906,0.0004169894580733752,0.0002932263100862445,0.007387395665602184,0.004863999999999857,0.004863999999999895,0.004863999999999884,0.0010386399999994867,0.0010386399999994722,0.0010386399999994895,-0.4606213504666222,9.657548879617414,0.8937162651841561,0.008821404266391665,-0.0016784604638045769,-0.0033333028614337223,-21.95868824005127,6.703125290870666,4.00031264424324,988.4801635742188,-0.0675461516373925,23.304849515933352
2025-03-01T17:51:06Z,40.05205376257174,-75.4941534896415,37.11060505270921,-1.259471916322465,-26.85814386362256,-1.8598472176764917,1.4532417492572747,0.08789036958596873,1.0018117634816908,0.000999999999618301,0.0010000000064972995,0.0009999999919264643,0.0009999999890756243,0.0009999999870800888,0.0009999999879411836,0.00002499918931355205,0.000025000364171021048,0.8547429858470705,17.558121377487684,8.378270922795323,0.012523445260718304,0.00042689603653104074,0.00030104548325591754,0.007396979130406033,0.004864999999999855,0.004864999999999895,0.004864999999999886,0.0010386499999994873,0.0010386499999994725,0.00103864999999949,-0.3544708964313677,9.677967554054744,0.8663001444807912,-0.003708167315560091,-0.0007454728721868045,-0.0001956954272734077,-20.103750782012938,8.166375260353089,3.7665001463890078,988.3143408203125,-0.05432190808567092,22.0235048492882
2025-03-01T17:51:07Z,40.04874713075763,-75.49448514104655,36.52529094226481,-0.5206532308728571,-25.4497399821307,-1.8318574489750523,1.4461806810531381,0.09247592026553307,1.0004549654114592,0.0009999999994605964,0.0010000000064625623,0.0009999999920062175,0.0009999999894419176,0.0009999999873611474,0.0009999999874554515,0.00002599890504458699,0.00002600037362475728,0.8372858669596931,18.889584964262507,9.130042911272895,0.012508790841088484,0.00043662545325453915,0.000309808950488885,0.007406837961983751,0.004865999999999854,0.004865999999999893,0.004865999999999885,0.0010386599999994868,0.0010386599999994725,0.0010386599999994903,-0.27238596838690043,9.683670448296725,1.0870164563736588,-0.006375610715650678,-0.0033721922195615955,-0.0009796376132579607,-17.654063272476197,9.40406286239624,5.0868752002716064,988.3983666992187,-0.029297496611586975,20.639199366266364
2025-03-01T17:51:08Z,40.045235079364254,-75.49482493377943,35.862827227640324,0.04352243632774122,-23.977706398359032,-1.8715654199301004,1.4434084226610797,0.09638840625814951,0.9952634155578054,0.000999999999644036,0.001000000006331217,0.0009999999922946927,0.000999999989197193,0.000999999987484173,0.0009999999872898383,0.00002699855380112119,0.0000270003842054724,0.8214016020931665,20.22057163063386,9.962103055769399,0.013005638442476045,0.000446068862840513,0.000319559896094739,0.0074169161910433885,0.004866999999999855,0.004866999999999893,0.004866999999999886,0.0010386699999994876,0.0010386699999994713,0.0010386699999994893,-0.17308709903618152,9.659727203862968,0.8910521184149149,-0.002074020259810786,-0.006885831910317993,-0.0018512050060868921,-19.279313297271727,9.046125354766845,4.603312695026398,988.503271484375,-0.07546479810770898,21.787899832297434
2025-03-01T17:51:09Z,40.04135726278164,-75.49518190908562,35.136304970344206,0.20097455898120492,-22.422027839009075,-1.9252610461458597,1.4484893475847558,0.10043524185388256,0.9988171852740847,0.000999999999712752,0.0010000000062014222,0.0009999999926645678,0.0009999999888848643,0.000999999987282162,0.0009999999873726427,0.00002799812098308273,0.000028000395957788912,0.8086294258982858,21.55102686783294,10.908318745869163,0.014453475104985175,0.0004563800443551532,0.00032904979417379296,0.007427973356536038,0.004867999999999854,0.004867999999999892,0.0048679999999998854,0.001038679999999488,0.0010386799999994706,0.0010386799999994888,-0.18843777225379316,9.709552835458148,0.3932574136346642,0.004375609940903037,0.0019219697374124965,-0.0019366593274156517,-20.818875751495362,7.757437825202942,4.514625174999237,988.585322265625,-0.05856801290837754,22.671192429256095
2025-03-01T17:51:10Z,40.036576944051276,-75.49558470039786,34.52487510450324,0.2908618085446041,-21.391996268054005,-1.9057473651532526,1.4508148488946147,0.10433541443906849,1.0118434377089554,0.0010000000001478197,0.001000000006309811,0.0009999999926385294,0.000999999988476192,0.0009999999871538713,0.0009999999872515354,0.00002899759263540615,0.00002900040886660399,0.8016449867554671,23.05451695171585,11.955674556043455,0.01617224395602905,0.0004673929721957897,0.00033803942699435436,0.007439765853800146,0.004868999999999852,0.00486899999999989,0.004868999999999883,0.001038689999999488,0.00103868999999947,0.001038689999999488,-0.561901166168594,9.730452808999287,0.3829499622229251,-0.00041166681767271045,0.010939402389439282,-0.001721020939667241,-20.582063274383543,8.148750343322753,3.945750153064728,988.5628784179687,-0.023832626431864217,22.48533123123226
2025-03-01T17:51:11Z,40.031426774233154,-75.49603506064729,33.92993831590823,0.4278038559734133,-20.786209979016686,-1.8552581884131583,1.448127160669357,0.10476934474449057,1.028345116682771,0.0010000000005337601,0.0010000000065472356,0.0009999999927778804,0.0009999999882169598,0.0009999999872539376,0.000999999987045353,0.00002999695847324836,0.000030000422830841962,0.8023446008284689,24.658307651979754,13.080568371465827,0.01824429612811386,0.0004779145873553099,0.0003468411135807795,0.0074500545990168745,0.004869999999999849,0.004869999999999889,0.004869999999999884,0.0010386999999994879,0.0010386999999994699,0.0010386999999994879,-0.6747390859054017,9.744846947027892,0.3867569130229804,-0.007067922505823037,0.013691297934275825,0.0008936809357459493,-20.562375717163086,8.448187804222107,3.744562641978264,988.6432983398438,-0.0022473579252161742,22.543350049012147
2025-03-01T17:51:12Z,40.02393615811479,-75.49664537277638,33.76568652259498,0.92333654666627,-20.329929698899065,-1.9808634279245654,1.4466553103582425,0.10636491576691126,1.0401749350934355,0.0010000000007087068,0.0010000000061889096,0.0009999999927864465,0.0009999999884681842,0.0009999999873580325,0.0009999999872233767,0.000030996212045687405,0.00003100043760341536,0.8126112583219077,26.162839244314437,14.236642053997349,0.022337187640052086,0.0004870940648700407,0.00035601259245467755,0.00746169015400862,0.00487099999999985,0.00487099999999989,0.004870999999999882,0.0010387099999994874,0.0010387099999994692,0.0010387099999994872,-0.3387070348016667,9.584288635883143,0.06978766472738986,-0.00846273151608973,0.007603012305818783,-0.0027816890988095816,-21.938438262939453,8.67637535095215,3.5885626351833344,988.3723876953125,-0.18760184327616453,23.863149839807146
2025-03-01T17:51:13Z,40.01577102256691,-75.49737427964165,33.67912454247496,2.2747803618186553,-20.522312350655575,-1.851981576606292,1.456708079577424,0.09456931432404463,1.0357815803067851,0.0010000000006748517,0.001000000006174243,0.0009999999925457204,0.000999999988363244,0.000999999987539001,0.000999999987109047,0.00003199535235690194,0.00003200045273353724,0.8344369900077299,27.763329279432806,15.358161252544924,0.026111226066780863,0.0004918515140381913,0.00036616945382736497,0.007465021934511569,0.004871999999999848,0.004871999999999893,0.004871999999999884,0.0010387199999994877,0.0010387199999994697,0.001038719999999486,-0.034577965970142226,9.78505619023439,0.505807682707058,0.0021419475296499076,-0.010911531737776151,0.006640816955855364,-19.850063343048095,6.575625286102295,3.3988126015663145,988.3646337890625,0.0200739527089015,21.185222155667823
2025-03-01T17:51:14Z,40.00657475201383,-75.49827438917606,33.90092001858206,4.334399553513493,-21.755315554570597,-1.7517005909088421,1.4630172323844373,0.088554311526575,1.0367575690623594,0.001000000000360668,0.0010000000060591283,0.0009999999925804192,0.0009999999884568954,0.0009999999874564568,0.00099999998710636,0.00003299438741820201,0.00003300046766037541,0.8661054987075769,29.451736368299013,16.377461441741065,0.028534187912376482,0.0004955855972304744,0.0003751717990467533,0.0074731488269529954,0.0048729999999998505,0.0048729999999998904,0.004872999999999882,0.0010387299999994877,0.00103872999999947,0.0010387299999994868,0.042270214475637335,9.674577767683848,0.8099674671118495,-0.005194604011722951,-0.005836012879149147,-0.0008371026359499536,-17.40975079536438,11.166187915802002,5.130937693119049,988.2680541992188,-0.06946353754889487,21.30979897939123
2025-03-01T17:51:15Z,39.99692213695648,-75.49933148071891,34.34078088694416,6.55111020895521,-23.803517630992864,-1.628863783654578,1.4689336184894246,0.07891554390686571,1.037530849635252,0.001000000000410858,0.0010000000061465028,0.0009999999928500842,0.0009999999886020012,0.0009999999875184135,0.000999999986929733,0.000033993336179298115,0.00003400048183319081,0.9042456287394383,31.208428644991436,17.294088784666233,0.030711904486814406,0.00049698177265986,0.00038307295975798514,0.007480119160064798,0.0048739999999998515,0.00487399999999989,0.004873999999999883,0.0010387399999994876,0.0010387399999994698,0.0010387399999994878,0.048033243483579444,9.66721958197316,0.7441092861361615,-0.007701987820630848,-0.006715591264854963,0.0005421829918385859,-19.928625736236572,13.913813085556031,5.2370627093315125,988.2131640625,-0.08183486845206932,24.862996985352936
2025-03-01T17:51:16Z,39.988580468408266,-75.50039546926516,34.66792632779992,8.596948253606769,-26.05583878167584,-1.4711801201688717,1.4826686624353551,0.0660636086941947,1.029898826093159,0.0010000000004191858,0.0010000000059736378,0.0009999999926702148,0.0009999999886685074,0.0009999999876530053,0.0009999999871113242,0.00003499222658313403,0.00003500049478208311,0.9453395061041275,33.07141858662358,18.056737664574314,0.03208797216989178,0.0004955134498974952,0.0003904000998218361,0.007485207444861562,0.004874999999999851,0.004874999999999889,0.004874999999999882,0.001038749999999488,0.0010387499999994698,0.001038749999999488,0.12665708745726587,9.717848005924438,0.7668567856000834,0.0015758132954544965,-0.014215041458542764,0.0027466378547568817,-21.77362581253052,14.015625562667847,4.6998751878738405,988.372626953125,-0.02865852211214002,26.317573884664263
2025-03-01T17:51:17Z,39.98041457016292,-75.50155777891861,35.167671085232534,10.578103146705196,-28.878325297680284,-1.327723047301352,1.4949880816196492,0.06015105654365184,1.0314377172155598,0.0009999999999696248,0.0010000000060642672,0.0009999999928946052,0.0009999999887222444,0.000999999987580211,0.0009999999871310192,0.000035991090035304815,0.00003600050621625895,0.9847346019365721,35.059945159460185,18.63843691771925,0.03230846875914016,0.0004946562983239581,0.0003950302204875481,0.007495535850862142,0.004875999999999852,0.004875999999999891,0.004875999999999883,0.0010387599999994873,0.0010387599999994693,0.0010387599999994875,0.089807620808063,9.686462155018237,0.7502665557748361,-0.0008065599689721568,-0.003952513065997057,-0.004441204703718015,-23.19600080490112,12.766313047409058,4.864125211238861,988.3516235351562,-0.06136425001163317,26.920070258638223
2025-03-01T17:51:18Z,39.973904521112935,-75.50264103782624,35.480955344934166,12.281057457520804,-31.74866379208255,-1.177050556395561,1.4988195949930367,0.05792083405769376,1.0357100344865362,0.0010000000000033166,0.001000000006243258,0.0009999999930810218,0.000999999988928017,0.0009999999874075525,0.000999999987411979,0.00003698995230782393,0.0000370005161879182,1.0156412102670282,37.28076145753522,19.04673680002767,0.030012278891652137,0.0004946537212993772,0.0003974026122544191,0.007507835333670369,0.004876999999999853,0.004876999999999892,0.004876999999999884,0.0010387699999994864,0.0010387699999994684,0.0010387699999994883,-0.17057659562893962,9.701425081215719,1.0683955937257767,-0.0067406269118667215,0.0005146444297971847,-0.006768165555814738,-21.826500701904298,13.347000541687011,5.336812705993652,988.5180078125,-0.015398096382975353,26.13460297447442
2025-03-01T17:51:19Z,39.96681828639446,-75.50387800641786,36.171229359829375,13.726654786718528,-35.260084443210815,-0.9502148727761106,1.50552645609258,0.04665836447129286,1.0399755531748625,0.0009999999998926029,0.001000000005930283,0.0009999999931618042,0.0009999999890495798,0.0009999999875076246,0.0009999999877217424,0.000037988826609399605,0.00003800052506468587,1.0336543525016855,39.68101996082501,19.36018729096983,0.027414839568871193,0.0004954064884090286,0.0003983377027700867,0.00751635468422109,0.004877999999999854,0.004877999999999895,0.004877999999999885,0.0010387799999994852,0.0010387799999994672,0.0010387799999994887,-0.31035208938705755,9.761078301105615,0.9664181956440172,-0.004227402431450984,0.00026245365922435496,0.0005373430990687946,-22.242000827789308,12.422625532150269,4.522500195503235,988.36505859375,0.03709519348528125,25.874284666309173
2025-03-01T17:51:20Z,39.96120189997031,-75.50500411669184,36.68560809921464,14.547318314218366,-38.17306350182441,-0.8349871026743352,1.5035133826002212,0.04201795007486749,1.0516654012260818,0.001000000000118419,0.0010000000059544362,0.0009999999929550388,0.0009999999888603984,0.0009999999872570056,0.000999999987451109,0.00003898771572047805,0.00003900053328484122,1.0397879810903223,42.21805993382922,19.614222542830728,0.024822381764706726,0.0004996808965203671,0.00039671870212188126,0.0075282292255098,0.004878999999999851,0.004878999999999893,0.0048789999999998826,0.0010387899999994856,0.0010387899999994678,0.0010387899999994893,-0.3765947042896758,9.710486472452205,0.7942016489954007,-0.01027563104446865,0.009407233501100945,-0.0037038276370461457,-23.73243839263916,10.473000416755676,3.894000165462494,988.4782202148438,-0.026141450300476262,26.23114454295237
2025-03-01T17:51:21Z,39.95731106291233,-75.50595343240256,36.8458260544117,15.09501404811189,-40.20651307120217,-0.780750046413242,1.5061362870077974,0.03056441901077026,1.0506062574900008,0.0009999999998882344,0.001000000006033149,0.0009999999928086516,0.0009999999888883717,0.000999999987021804,0.000999999987498142,0.00003998661250923246,0.00004000054123839132,1.0360311188346012,44.89478191696796,19.838690378416295,0.02254175586919628,0.0005030808170381264,0.0003968820461281108,0.007534791552724135,0.004879999999999853,0.004879999999999892,0.004879999999999884,0.0010387999999994855,0.0010387999999994686,0.0010387999999994903,-0.2729841745372804,9.708715414041288,0.8677541398290214,-0.0020486509151498612,-0.0027206020836258787,0.005017018093005063,-24.579750900268554,8.426625375747681,4.844250223636627,988.6675122070312,-0.024887894706748872,26.431728026453076
2025-03-01T17:51:22Z,39.955178670113376,-75.50669535136072,36.50181804101658,15.170404881695076,-41.168966962769545,-0.930701546554026,1.511772970944515,0.03115999561517173,1.0493989982111613,0.0009999999999121835,0.0010000000062090318,0.0009999999928048259,0.0009999999890735623,0.000999999986819261,0.0009999999873692746,0.00004098550505150163,0.00004100054919927001,1.0256548477344167,47.62575778613635,20.07986697666637,0.020740314817603085,0.0005083332498995966,0.0003970751665674478,0.007546769423041629,0.004880999999999852,0.004880999999999891,0.004880999999999883,0.0010388099999994863,0.001038809999999469,0.0010388099999994907,-0.23501804979258525,9.583251666062997,0.535151796089847,0.0034938616666388223,-0.0014781770958370722,-0.003994238581129007,-23.452313404083252,9.22500039100647,4.5746251749992375,988.9231811523438,-0.17497336181269235,25.613204242107653
2025-03-01T17:51:23Z,39.95384022923835,-75.5073415638533,35.864191730375815,15.567457058025814,-41.71182158686415,-0.9504300971594513,1.5153547914475773,0.031551304397625685,1.0471583209533912,0.0010000000000862448,0.0010000000060267794,0.0009999999926894557,0.0009999999887760228,0.0009999999869123324,0.0009999999874959083,0.00004198437665671715,0.00004200055735364888,1.0112717000216431,50.521680127761066,20.347240642404497,0.019542494974960457,0.0005145871152467328,0.00039777178721203834,0.007557977740044465,0.004881999999999853,0.004881999999999892,0.004881999999999884,0.0010388199999994863,0.001038819999999468,0.0010388199999994898,-0.05791779768238314,9.725863298253588,0.8577487427681328,0.002553196534885875,-0.002313359088005771,-0.002455893960257869,-23.08256332397461,10.100437812805175,4.664250180721283,989.096689453125,-0.01219517843408918,25.623742938214267
2025-03-01T17:51:24Z,39.95204141890352,-75.50805341736803,35.25806142445241,15.792648342023428,-42.53540811966013,-1.0673753504322843,1.5151720995967923,0.03183819210352,1.0470781911617288,0.0010000000001844683,0.0010000000058985959,0.0009999999923508756,0.0009999999889882722,0.0009999999870281676,0.0009999999871086582,0.000042983204020790854,0.000043000565903030614,0.9941516648157341,53.51317493709412,20.673692024090073,0.01836409208897,0.0005225097885278049,0.0003982907740897264,0.007569594103584003,0.00488299999999985,0.0048829999999998935,0.004882999999999885,0.001038829999999487,0.0010388299999994689,0.0010388299999994906,-0.19210676767313165,9.61910413805041,0.7902665753387998,-0.0013868814843303282,-0.0000226160351782139,-0.0028733185911074535,-22.51950071334839,10.465500383377075,4.41750018119812,989.1152685546875,-0.1224765294994213,25.222338473922022
2025-03-01T17:51:25Z,39.948664103723594,-75.50897313991389,34.95420586253486,15.762373295926881,-44.05168275981463,-1.0308824840446236,1.5120854158701884,0.023957452762759478,1.046629988824439,0.0010000000001373678,0.0010000000056001926,0.0009999999924725903,0.0009999999891117702,0.0009999999867507346,0.0009999999871188577,0.00004398196256917283,0.00004400057507393803,0.9753797307336161,56.64627367602965,21.10248230366012,0.017318172543969827,0.0005311176019069648,0.00039925904317183975,0.0075777858054871285,0.004883999999999848,0.004883999999999893,0.004883999999999885,0.0010388399999994881,0.0010388399999994684,0.00103883999999949,-0.23820325739523063,9.73786664186732,0.7781971879950343,-0.004817904920405043,-0.00046674545235027244,0.003055741865704855,-24.232688426971436,9.774000420570374,4.696125180721283,988.9716430664063,-0.003935470504782978,26.54816696912993
2025-03-01T17:51:26Z,39.943768630493174,-75.51008389122993,34.96487175458778,15.446930811678278,-46.09672537211426,-1.0114542349774311,1.5153662986433412,0.016733254977615904,1.041165790693795,0.0009999999999218505,0.0010000000055195996,0.000999999992650191,0.000999999989134297,0.0009999999867599109,0.0009999999873749339,0.000044980625929226005,0.00004500058508316151,0.9559907908627933,59.85669515120583,21.62133117440305,0.016501952499863057,0.0005393008920268403,0.00040189055171158464,0.007587275295974518,0.004884999999999845,0.004884999999999892,0.004884999999999884,0.0010388499999994876,0.0010388499999994688,0.0010388499999994904,-0.19928523642707693,9.69407926304575,0.802031282149953,0.001687805222593304,-0.004838266868690223,0.0003337213442018412,-23.781750831604004,10.16681287765503,3.3438751459121705,988.8114697265624,-0.04630775617375191,26.079007084880345
2025-03-01T17:51:27Z,39.93819396417996,-75.51127110745291,35.00653402204364,14.809872213587456,-48.329081360216485,-1.1104196378484814,1.5134315805024656,0.011131853036520294,1.0427680047433334,0.000999999999853033,0.0010000000054973474,0.0009999999927933186,0.0009999999892574985,0.000999999986991267,0.0009999999871397587,0.000045979163422086046,0.00004600059617384163,0.9362081656667509,63.136722366331355,22.23913367652874,0.015620719138708298,0.0005498351190129719,0.0004032381664181293,0.007597812798043256,0.004885999999999846,0.0048859999999998896,0.004885999999999881,0.001038859999999487,0.0010388599999994678,0.0010388599999994895,-0.30312327708161757,9.570643633915118,0.8038121664044279,-0.002975295962740097,0.002797876572386454,-0.0012002837439538,-23.420813388824463,10.004437837600708,3.2548126196861267,988.7554296875,-0.16620773880167677,25.675172353837628
2025-03-01T17:51:28Z,39.93467502639019,-75.51221593265103,34.54177425474438,14.505396378994636,-49.50673666043661,-1.0902898816087152,1.5204880806675216,0.006484802992484773,1.0349934918281067,0.000999999999504975,0.0010000000056246791,0.0009999999925286572,0.0009999999893618007,0.0009999999870801358,0.0009999999872151953,0.00004697754190002419,0.0000470006085871394,0.9172510793151879,66.4875543609958,22.989979895564396,0.015401468247081454,0.0005580217048881102,0.000407734417501594,0.007606931412402232,0.004886999999999847,0.004886999999999889,0.004886999999999884,0.0010388699999994869,0.0010388699999994686,0.0010388699999994903,-0.0539611377199263,9.739702358876135,0.8206554159991488,0.007032871989487977,-0.006935569614512203,0.0003744456210952047,-22.04306314468384,10.614187870025635,3.017437617778778,989.0519116210937,-0.0008501223607158036,24.65076154498011
2025-03-01T17:51:29Z,39.93224132541758,-75.51303706932613,33.77396190986422,14.259786877233248,-50.38064427864105,-1.2418116842487124,1.5172286655300418,0.0022168301075424584,1.0337696908509957,0.0009999999996218208,0.0010000000055806447,0.0009999999928365503,0.000999999989450011,0.0009999999869752443,0.0009999999870147613,0.000047975726614144166,0.000048000622587401394,0.900073606379347,69.86617050806124,23.852558773029898,0.015107373568768671,0.0005677866131814829,0.0004112514401160897,0.007615195721132646,0.00488799999999985,0.00488799999999989,0.004887999999999882,0.001038879999999486,0.0010388799999994677,0.0010388799999994896,-0.17013267963050724,9.591786041889923,0.8050223128876546,-0.002985310426519552,-0.0006436619740001899,0.0018812458245650928,-20.30456323623657,11.475375356674194,3.9166876769065855,989.2677661132813,-0.14811636291747318,23.649472929909557
2025-03-01T17:51:30Z,39.93017956778633,-75.51381487782615,32.80639078292473,14.182115807737675,-51.06613560140614,-1.3080109527995507,1.5169590795091146,0.005021582096864726,1.0306708574070624,0.0009999999992824902,0.0010000000054667289,0.0009999999927915073,0.0009999999894083657,0.0009999999870442266,0.00099999998672475,0.000048973678064112996,0.000049000638528624274,0.8850135617573968,73.29469332845822,24.852195439540008,0.01535935930334704,0.0005767898969536876,0.000415926470744352,0.0076269046515376245,0.0048889999999998475,0.004888999999999887,0.004888999999999879,0.0010388899999994863,0.001038889999999468,0.0010388899999994898,-0.09149576389580766,9.678516714121757,0.9440080418023234,0.00021922594630244046,-0.0022192255524888065,-0.004675203021707186,-19.207313327789308,11.21943787574768,4.191375181674958,989.4292456054687,-0.05018661722136583,22.635414732454862
2025-03-01T17:51:31Z,39.92786157627798,-75.514609652582,31.75914287261661,13.81330048656106,-51.67065773751521,-1.4319399830416528,1.516574368699933,0.005773222920452976,1.0294073080332113,0.0009999999996820107,0.00100000000529789,0.00099999999272054,0.0009999999895628118,0.0009999999870655425,0.0009999999866387927,0.00004997135981810514,0.00005000065679665733,0.8726960680430338,76.6785842051872,25.989513256674044,0.015288670899763216,0.0005857494627751935,0.00042074844119656136,0.007637170317573529,0.004889999999999846,0.004889999999999885,0.004889999999999876,0.001038899999999487,0.001038899999999469,0.0010388999999994906,-0.16750057428755138,9.62899445596784,0.7543742256242845,0.0004049893079381612,-0.00033822993445723284,-0.002527162158469802,-20.234625816345215,9.407812876701355,4.794000179767608,989.5406396484375,-0.11505076463704593,22.82382847766329
2025-03-01T17:51:32Z,39.92521601950999,-75.51542400640732,30.63095112823211,13.26070639035971,-52.28787662340342,-1.5143965997239726,1.5183130029652059,0.004346743336978083,1.0261587994894135,0.0009999999994557609,0.0010000000049172604,0.0009999999925791815,0.0009999999897164155,0.0009999999872923712,0.0009999999863231053,0.000050968740025475974,0.000051000677783685086,0.862447206668759,80.08099795590869,27.267961849420654,0.015154777117003219,0.0005935242167484574,0.00042674221334171867,0.007645923533437239,0.004890999999999843,0.004890999999999886,0.004890999999999879,0.0010389099999994875,0.0010389099999994693,0.001038909999999491,-0.24651929319703633,9.67059302507715,0.7145716508913479,0.0028729828827589662,-0.002269297485786627,-0.0004592343687944777,-19.832063255310057,8.802937884330749,4.148625168800354,989.6577392578125,-0.0748507409816825,22.090977732640013
2025-03-01T17:51:33Z,39.919428691994106,-75.51647074773426,29.865908363024374,12.113049192342594,-53.27784816592159,-1.473710610331818,1.5108636060211094,0.007309353743422809,1.0233071893153256,0.0009999999993226742,0.0010000000052454538,0.0009999999927009402,0.0009999999898805273,0.0009999999869286906,0.0009999999866712884,0.000051965781402809253,0.000052000701997736434,0.8549026844742535,83.53451693003295,28.671883526674005,0.015956320892184232,0.0006008635537301168,0.0004330273643237286,0.007657925147663737,0.004891999999999845,0.004891999999999883,0.0048919999999998765,0.001038919999999487,0.001038919999999469,0.0010389199999994905,-0.23330319777449185,9.73862564467892,1.044224810616394,-0.004502291259937691,-0.00018551313545426152,-0.0064876019003393265,-20.405438289642333,8.844937872886657,4.241437685489655,989.51580078125,0.022385690391957935,22.640722907622447
2025-03-01T17:51:34Z,39.915332796846734,-75.51737048164276,28.81627285427102,11.222865122388901,-53.744314128696125,-1.5786994623479693,1.5072073715864858,0.00018956404611815327,1.0166963152550332,0.0009999999993623445,0.0010000000053087183,0.0009999999928656492,0.0009999999897759607,0.0009999999867764142,0.000999999986549224,0.00005296245525336968,0.00005300072998313614,0.8509641564142154,86.81396493075968,30.18567124011516,0.01625984050985356,0.0006058966230450821,0.00044103291931638447,0.007663027457325221,0.0048929999999998445,0.004892999999999883,0.004892999999999876,0.0010389299999994858,0.0010389299999994696,0.0010389299999994913,-0.11549656495756723,9.625684435203393,0.8539555304222777,-0.0012952513804668278,-0.005286234430547911,0.004731947675171863,-20.216438274383545,8.93437539100647,3.9294376611709594,989.7887084960937,-0.11061349854798608,22.449179102208593
2025-03-01T17:51:35Z,39.90849697210897,-75.5184254650997,28.005082380175697,9.534471240138766,-54.42146282242949,-1.573641633992815,1.4965760776108534,6.279797343795595,1.015223530693206,0.0009999999992723351,0.001000000005192745,0.0009999999930385003,0.0009999999899130618,0.0009999999866428227,0.0009999999863959039,0.00005395874142719494,0.00005400076230871532,0.849988098598396,90.14706273637364,31.818125229159342,0.01695481584675431,0.0006111238660842687,0.00044818466790427195,0.007670433178325271,0.004893999999999844,0.004893999999999882,0.004893999999999875,0.0010389399999994851,0.00103893999999947,0.0010389399999994914,-0.2642889430658225,9.691932261789985,1.0640414312787734,-0.006269960703822049,0.001295750103465266,0.0006723674967213644,-20.74650079727173,8.623312849998474,4.203562660217285,989.709599609375,-0.020976238752423652,22.85708729346592
2025-03-01T17:51:36Z,39.90243272740025,-75.51940065096117,27.07785701204149,7.842644427631264,-54.739801856399765,-1.5648130815676795,1.4953244178184697,6.278594662322452,1.013327286353001,0.000999999999384059,0.0010000000053023608,0.000999999992807488,0.0009999999898182086,0.0009999999870031137,0.0009999999864851322,0.00005495462569264093,0.000055000799539431646,0.8510092578710436,93.37804744936156,33.553469355169135,0.01693945842473105,0.0006147731450646869,0.00045619201819899706,0.007678480970403755,0.004894999999999841,0.00489499999999988,0.004894999999999876,0.0010389499999994842,0.0010389499999994695,0.0010389499999994916,-0.22297418552750597,9.719682477945856,0.8746135688853838,0.002878991486657509,0.0006289729137676679,-0.0008880080509862989,-20.265000762939454,8.038500370979309,4.0085626578330995,989.8934838867187,-0.013187492182343738,22.166507834748774
2025-03-01T17:51:37Z,39.89559285069538,-75.52038421351197,26.201442345414,6.081797493816499,-54.86567373403508,-1.5782436996545814,1.4872198004761967,6.2796651570852,1.0102710002123096,0.0009999999993293926,0.0010000000049508516,0.0009999999929773099,0.0009999999900819278,0.0009999999868403487,0.0009999999868478956,0.000055950110869881484,0.00005600084213301532,0.8536525957253702,96.55800286872214,35.34252464243889,0.017369444298840162,0.0006169209065462608,0.0004649956682154934,0.0076874981854977015,0.004895999999999844,0.004895999999999882,0.004895999999999874,0.001038959999999484,0.0010389599999994698,0.001038959999999491,-0.1359002788539496,9.676790782485412,1.0460364234924913,-0.0032256513163693226,-0.00008620656550001283,-0.0029727925631019055,-20.992313289642333,8.39437530040741,3.8030626511573793,989.9659423828125,-0.040559475963627606,22.926048796579217
2025-03-01T17:51:38Z,39.88704362112512,-75.52141074542482,25.45013579157145,3.6726905760880375,-54.63032640658143,-1.6104382834679327,1.4851940625156344,6.274625648127308,0.999260081118658,0.0009999999991509936,0.0010000000052006375,0.0009999999929198196,0.0009999999902513563,0.0009999999868016858,0.0009999999870118409,0.00005694521425592257,0.00005700089046050939,0.8573957157307333,99.67384536742337,37.178358854229586,0.017147984242798984,0.0006164319665835506,0.0004758445635201092,0.007693112309049379,0.004896999999999845,0.004896999999999884,0.004896999999999876,0.0010389699999994832,0.0010389699999994696,0.0010389699999994902,-0.12407084377322342,9.655156039233026,0.8845836704909248,0.004212712251254776,-0.007923134431354645,0.002593920448287669,-20.850375804901123,8.922937903404236,3.781500165462494,989.9681176757813,-0.078302594733829,22.99248579327799
2025-03-01T17:51:39Z,39.88077415278384,-75.52230050293002,24.433581802053205,1.77666572647484,-54.37564473968278,-1.6072397085839425,1.4821463936024426,6.281704215497643,1.003639164811441,0.0009999999989183928,0.001000000005528825,0.0009999999928887392,0.000999999990166864,0.0009999999868738976,0.0009999999869756218,0.000057939956495264695,0.00005800094475367474,0.8597673768702317,102.87916594170319,39.0618455491301,0.016550568673786594,0.0006183121371782822,0.0004840521883877803,0.007704760670632042,0.004897999999999843,0.0048979999999998825,0.004897999999999874,0.0010389799999994834,0.0010389799999994697,0.0010389799999994905,-0.2431137722278216,9.728735318814481,0.750306432616837,0.0015410971732309187,0.007324284291690175,-0.007308931073346367,-20.84887575149536,8.022000312805176,4.112437694072724,990.23943359375,-0.014058110647090396,22.71426751392709
2025-03-01T17:51:40Z,39.875206991226676,-75.52313622034893,23.374037671116334,0.21010910478229028,-54.02190157634213,-1.5255669332389443,1.4824089612198792,6.272168421414647,1.001155978024338,0.0009999999988755705,0.001000000005239545,0.0009999999929726643,0.000999999990355707,0.000999999987189924,0.0009999999873920788,0.00005893435244754371,0.000059001005165526704,0.8600093746042667,106.25232943644525,40.971197149241746,0.0161032622990556,0.0006187624093396082,0.0004940683839631518,0.007707611870202161,0.004898999999999841,0.00489899999999988,0.004898999999999872,0.0010389899999994833,0.0010389899999994688,0.0010389899999994905,-0.1670462031588135,9.814044715750747,0.7836104691456359,0.0041618070051927,-0.0014581485976520483,0.009119993002372621,-21.272250785827637,8.217000341415405,4.326562659740448,990.4155615234375,0.07195195426012743,23.210871118803677
2025-03-01T17:51:41Z,40.079523937322705,-75.46083524023206,20.992150253132262,-4.04944334113004,-36.47008515009026,-1.2886573327104465,1.4687869936991418,0.028072420920664736,0.9789762779399381,0.000999999998631154,0.001000000005014736,0.0009999999928119784,0.0009999999905346132,0.0009999999873469155,0.0009999999871311042,3.0831609915918546e-10,3.0831604473223656e-10,0.543467594431039,0.009573836545105494,0.009572514978701542,0.011102376756601811,0.00017578408538334377,0.00016294080657065874,0.007341873956431151,0.0048999999999998385,0.0048999999999998775,0.00489999999999987,0.001038999999999483,0.0010389999999994687,0.0010389999999994904,-0.17635402255486013,9.985086432133839,0.906757155480061,0.016419826800024268,-0.0060905401690353415,-0.006955931716990344,-22.712063312530518,8.193937795162201,3.474562640115619,990.0842553710937,0.2512501820885029,24.393616845678075
2025-03-01T17:51:42Z,40.07934165041116,-75.46126208297053,21.054433843293637,-4.128506368783045,-36.240620549474166,-1.3124631915515863,1.4621921662295467,0.025707999078919234,0.9809675710956397,0.0009999999986259986,0.0010000000050664553,0.0009999999927756142,0.000999999990471032,0.0009999999874954228,0.000999999987039986,1.0003083163195932e-6,1.0003083166134262e-6,0.5745681246662043,0.028449349805704297,0.025974386318761568,0.011413691052410578,0.00018558892131645998,0.00017289410948470368,0.007352597872367626,0.00490099999999984,0.00490099999999988,0.004900999999999872,0.0010390099999994828,0.0010390099999994685,0.00103900999999949,-0.12275936992219638,9.621363598615291,0.8286426086773699,-0.004577565005293912,-0.0008272549132834848,0.003516393829364424,-22.257563304901122,6.10518774997443,5.159250242188573,989.6952465820312,-0.11873604799650825,23.649268513404472
2025-03-01T17:51:43Z,40.07915680792535,-75.46168619267395,21.255934283037096,-4.393505992885815,-36.022397173158616,-1.1303174804570582,1.4693737177341515,0.03154266504377322,0.9862167202626633,0.0009999999984298318,0.0010000000049315276,0.000999999992495378,0.0009999999904402443,0.000999999987558244,0.0009999999867742102,2.000308318103036e-6,2.0003083200721264e-6,0.6054414291919343,0.08429253953753164,0.07474789048248637,0.011670824201996834,0.00019552387706423219,0.0001827818669804982,0.007361283785427806,0.004901999999999838,0.004901999999999878,0.004901999999999871,0.001039019999999482,0.0010390199999994675,0.001039019999999489,-0.27063123169900666,9.828555845255554,0.7171259505057308,0.009058906721749025,0.0032964153213830205,-0.004125591497170699,-21.269625816345215,9.05718783378601,4.608562664985657,989.6914575195312,0.08187879019225228,23.572570667661726
2025-03-01T17:51:44Z,40.07895944278744,-75.46210674352102,21.859673862940554,-4.258428750061029,-35.624972034120084,-0.8037211987991127,1.4716746953102884,0.028055733975270437,0.9801245973955689,0.000999999998142197,0.0010000000052964107,0.0009999999924023475,0.0009999999903595798,0.0009999999875506063,0.0009999999868866112,3.0003083205393495e-6,3.0003083320993176e-6,0.6347556300223637,0.18318849165853845,0.15777098346469617,0.01182576588264385,0.00020520408167121757,0.00019283077965143291,0.007372401190972641,0.00490299999999984,0.004902999999999879,0.00490299999999987,0.0010390299999994824,0.0010390299999994681,0.0010390299999994898,0.06956864480965635,9.94576758812583,0.9366726685563856,0.004485265052009366,-0.008978794845280445,0.004127258639702751,-20.438250942230226,8.829562859535217,4.814250190258026,989.5615283203125,0.21346004426552304,22.778454111185816
2025-03-01T17:51:45Z,40.07874532744801,-75.46252476045107,22.447967059868226,-4.334133773212129,-35.51151526831089,-0.5629952656562397,1.4768105079829204,0.026940715123456128,0.9821589828663975,0.000999999998180835,0.0010000000055179342,0.0009999999922762634,0.000999999990210471,0.000999999987651312,0.0009999999865007985,4.000308311942349e-6,4.000308362701897e-6,0.6617008633686621,0.3182806255022262,0.27699740324622885,0.011984793232029571,0.0002150656940323337,0.00020275365176662964,0.007382823523317304,0.004903999999999842,0.004903999999999881,0.004903999999999873,0.0010390399999994828,0.0010390399999994683,0.0010390399999994897,-0.2628146729016104,9.884189008707471,0.8749326142024478,0.006503457012292615,7.92670159981395e-6,0.002278307257295022,-20.615063247680663,8.089500341415405,5.298187718391419,989.7964868164063,0.14974621094504967,22.770360720435647
2025-03-01T17:51:46Z,40.07851136638866,-75.46294219022138,23.015516789934633,-4.138312939402044,-35.40897122929682,-0.3320561540885528,1.4739977812945466,0.030446818167462468,0.9813831557203847,0.0009999999983869895,0.0010000000052459072,0.000999999992120639,0.0009999999900452228,0.000999999987423702,0.0009999999865598066,5.000308248321708e-6,5.000308426203938e-6,0.685848504024234,0.4958565591142623,0.4347924050923079,0.012083368390487669,0.00022496656130182246,0.0002127199942769037,0.007392031015381652,0.004904999999999844,0.004904999999999883,0.004904999999999876,0.001039049999999483,0.0010390499999994684,0.0010390499999994901,-0.130332061513681,9.882514006927059,1.0920014990968256,-0.001783942223554697,-0.0018348486670206217,-0.0028529564084845385,-21.82425073623657,7.593187832832337,5.246250219345093,989.9708032226563,0.16693641712082244,23.695466966640172
2025-03-01T17:51:47Z,40.07825280587244,-75.46335892912766,23.61031096965188,-4.394055279799159,-35.22305559737248,-0.2499926548179785,1.4796252157109369,0.03022326651545246,0.9851813430438484,0.0009999999984458144,0.0010000000055212473,0.000999999992277438,0.0009999999897948673,0.0009999999872259107,0.0009999999864787642,6.000308021485142e-6,6.0003085420066135e-6,0.7067296015413379,0.7171006205730002,0.6292483890948295,0.012136470236174802,0.0002349166993548231,0.0002226223396593645,0.007402138759241364,0.004905999999999842,0.00490599999999988,0.004905999999999877,0.0010390599999994836,0.001039059999999469,0.0010390599999994905,-0.32210895510204673,9.783251760258667,0.6392173529717412,0.00626778809304885,0.0026576783420327187,0.0011330194098189265,-22.986375846862792,8.551125359535217,5.152500219345093,990.0249584960937,0.03280209676760548,25.060744821008697
2025-03-01T17:51:48Z,40.07795245440504,-75.46377478207745,24.207959640802002,-4.365424026919634,-34.969929180229016,-0.2994433753731626,1.4780358545308536,0.029654330736649758,0.9820002792624203,0.000999999998755535,0.0010000000055884646,0.0009999999924768161,0.0009999999895037898,0.000999999987239681,0.0009999999863890402,7.00030741664272e-6,7.00030873353294e-6,0.7241775618633489,0.9828607702225228,0.8616340904923566,0.012164391592289232,0.00024478086386376546,0.00023264191540605785,0.007412351427568442,0.004906999999999843,0.004906999999999883,0.004906999999999874,0.0010390699999994835,0.001039069999999469,0.0010390699999994907,-0.09950452939513872,9.644228759442214,0.8041848234375555,-0.000908369779082931,-0.004166315718973603,0.0007409645243485589,-21.486188316345213,8.463375372886658,6.051000251770019,989.9832446289063,-0.09841460856147367,23.872519533338913
2025-03-01T17:51:49Z,40.07754904765922,-75.46418919303231,25.107691749927888,-3.986755035293552,-34.20579733076651,-0.16794399701647478,1.4732146401784998,0.028469331971965686,0.9648377447006531,0.0009999999991169065,0.0010000000059503737,0.0009999999926514618,0.0009999999891997608,0.0009999999876485713,0.0009999999865201545,8.000306064377403e-6,8.000309029416775e-6,0.7382694335892722,1.3242314552699388,1.1425445476295943,0.012361591132416982,0.00025443236812671674,0.00024290787940305065,0.0074227452684409055,0.0049079999999998404,0.0049079999999998855,0.004907999999999872,0.001039079999999483,0.0010390799999994683,0.0010390799999994904,0.5263624076902119,9.816084437505419,0.8558266428792202,-0.0037664165961039556,-0.018251923588344574,-0.00011875286797590411,-21.994688358306885,8.434125342369079,5.61975022315979,989.7057934570313,0.09066919834229081,24.217347450902192
2025-03-01T17:51:50Z,40.07712281310615,-75.46459812180254,25.87178373480588,-3.70873472956492,-33.62187285660124,-0.15380420469863296,1.4722953795608849,0.034883231370767445,0.9533055842543737,0.0009999999993039012,0.001000000006105988,0.0009999999925325031,0.0009999999891589333,0.0009999999876091343,0.0009999999865313103,9.00030338573959e-6,9.000309462534046e-6,0.7496551633412717,1.7132163040476789,1.466837748864948,0.012712744040685531,0.0002643115434858126,0.000253097055005202,0.007431177889241775,0.004908999999999842,0.004908999999999883,0.004908999999999874,0.0010390899999994825,0.0010390899999994682,0.0010390899999994899,0.3258994454303274,9.712862935696055,0.8683922211334331,-0.00024660050491337167,-0.011608685175023123,-0.0075973393872313085,-23.09418836593628,7.066125292778015,5.5224377012252805,989.7760083007812,-0.019710531473874467,24.774310549841275
2025-03-01T17:51:51Z,40.07655564390767,-75.46501034979828,26.77665616480714,-3.8052377527139263,-33.356070804372415,-0.22701560238559926,1.4764722668132524,0.05533553940803618,0.9532815272784493,0.0009999999992260024,0.0010000000060909461,0.0009999999923650613,0.0009999999889538772,0.0009999999872537658,0.0009999999863172086,0.000010000298544292998,0.000010000310069095085,0.7592577028004335,2.1360353889786303,1.8294876174006678,0.012864915522397264,0.0002747825618422176,0.0002630698921438391,0.007436229111822323,0.004909999999999844,0.004909999999999886,0.004909999999999875,0.0010390999999994829,0.0010390999999994686,0.0010390999999994903,-0.23864716777880915,9.608136986726377,0.7061987366688917,0.004334885530149411,0.001178750907015067,-0.020944734960752314,-25.50693838119507,8.027062859535217,6.4800002479553225,989.5616967773437,-0.13977714732479274,27.51409185548546
2025-03-01T17:51:52Z,40.07593668316342,-75.46542613781344,27.557422811340263,-4.249265539390926,-33.475060759341446,-0.14801592431499022,1.475635813534181,0.05506624405645486,0.9678241773209926,0.00099999999932344,0.0010000000060962206,0.0009999999923917145,0.0009999999885773295,0.0009999999869124748,0.000999999986552888,0.000011000290413452067,0.000011000310888715872,0.7672519299625968,2.595795746834688,2.242884720228154,0.012709300995590438,0.0002850003765746609,0.0002727462345513858,0.007446044518560012,0.0049109999999998434,0.004910999999999883,0.004910999999999875,0.0010391099999994822,0.0010391099999994676,0.0010391099999994893,-0.8284851415039041,9.751831255797253,0.6176819502274654,-0.0017235247010811408,0.01388357026748078,0.0008225797306410175,-23.30606340408325,11.434875473976135,7.121250295639038,989.5655249023438,0.029657331140287943,26.919109168793213
2025-03-01T17:51:53Z,40.07518915308831,-75.46585245395919,28.326443233000564,-4.39283624089003,-33.73674671877609,-0.30667167840192305,1.468907348439423,0.05377845821913541,0.97824372610562,0.00099999999931954,0.0010000000058942278,0.0009999999926753275,0.0009999999882042182,0.000999999987035542,0.000999999986902152,0.000012000277546779413,0.000012000311964809242,0.7734595556637732,3.089310181144961,2.6967306123196586,0.012525798106728728,0.00029510877756260624,0.0002824397952409287,0.007456086226579706,0.004911999999999843,0.004911999999999883,0.004911999999999874,0.0010391199999994825,0.0010391199999994665,0.0010391199999994897,-0.7222765089695096,9.48710008366293,0.929808004899729,-0.007627882749526761,0.00982248750389216,0.001280561670448683,-20.453438339233397,12.354938001632691,5.440125259757042,989.4624145507812,-0.21687013618363224,24.506735913249944
2025-03-01T17:51:54Z,40.0746763992202,-75.46626754012317,28.598749868725434,-4.545605616477524,-33.6415335420126,-0.11812239037444497,1.4748711377512878,0.05201100493229313,0.980085145833396,0.0009999999997357574,0.0010000000062229287,0.0009999999927786621,0.0009999999881997975,0.0009999999867615226,0.000999999986856957,0.000013000258146084374,0.000013000313345922076,0.778172404841054,3.6831979670401296,3.2208173971593537,0.012586555118371933,0.0003050235087015205,0.0002922270637291167,0.007466409053624081,0.004912999999999844,0.004912999999999884,0.004912999999999876,0.0010391299999994831,0.0010391299999994658,0.00103912999999949,-0.47603412736236916,9.913641020722046,0.7685082294919536,0.00560685248531894,0.0015060474362903714,0.001413416334517762,-15.141750597953797,9.765937863439321,8.934937838315964,989.7772412109375,0.17801295792926303,20.111619122910348
2025-03-01T17:51:55Z,40.07399823958736,-75.4666922455291,29.061361143656956,-4.711169736285347,-33.57169855832987,-0.16083796468600525,1.4680726195111848,0.040568835754322484,0.9846573979147504,0.0010000000000209871,0.0010000000065194237,0.0009999999929061205,0.0009999999883848107,0.000999999986591162,0.0009999999873258661,0.000014000230043510779,0.000014000315083290667,0.7819310592395541,4.323440168890104,3.783895168533959,0.012682865271252836,0.00031466269302930745,0.00030193500018079925,0.0074789438621497605,0.004913999999999842,0.004913999999999881,0.004913999999999879,0.0010391399999994824,0.0010391399999994653,0.0010391399999994896,-0.39788951950493856,9.678286607100302,0.723147888652751,-0.007505710480110373,0.003337140007454939,0.011125666080147248,-16.229813175201414,11.824312963485717,8.64918785572052,989.6465649414063,-0.06334853975882089,21.863838668120792
2025-03-01T17:51:56Z,40.07304727928509,-75.4671336808836,29.704360102833967,-4.940492181195123,-33.43652162594722,-0.1288617572619839,1.4607233291566533,0.035815175280156195,0.9885827680243949,0.0010000000000080877,0.0010000000066290884,0.0009999999928628326,0.0009999999882137646,0.0009999999867897002,0.0009999999868680663,0.000015000190701558254,0.000015000317227303618,0.7852354685852178,5.040053105419642,4.402924315016443,0.012960292163721061,0.00032441859293530056,0.000311616391068136,0.007489861259345866,0.004914999999999844,0.004914999999999882,0.004914999999999881,0.0010391499999994822,0.0010391499999994642,0.0010391499999994895,-0.2549922357002697,9.751242916913627,0.6542019080248621,-0.008412995102834038,0.0034688261181353647,0.004137272840673162,-18.586125802993774,11.018625454902649,8.23087532043457,989.4498754882812,-0.0002914446156386183,23.121400001213054
2025-03-01T17:51:57Z,40.07217680607439,-75.46756962400569,30.141219618664238,-5.217528319482337,-33.17538110385168,-0.21652632416857615,1.4692002446291454,0.03264196730828279,0.9902284902890401,0.0010000000001655152,0.0010000000067236314,0.0009999999930014431,0.0009999999882668365,0.0009999999870423572,0.0009999999868242856,0.00001600013724110939,0.000016000319826958133,0.7888168737873449,5.823995611997803,5.067932174240595,0.013476355293490712,0.0003340223833549294,0.0003212911373794015,0.007500452420808898,0.004915999999999843,0.004915999999999882,0.004915999999999882,0.0010391599999994825,0.0010391599999994643,0.0010391599999994897,-0.14783955463892035,9.664488060308821,0.51716574776638,0.007470658142953138,0.0014740021458682095,0.0025124720671217075,-20.621625843048097,12.237187976837157,7.838250317573547,989.518330078125,-0.0973628488740673,25.227679762304
2025-03-01T17:51:58Z,40.0715650570928,-75.46798789411004,30.179001562282973,-5.560039912738047,-33.06918570935915,-0.3780610221805604,1.4617326681355678,0.03937307415238645,0.9997819414260801,0.0010000000000122181,0.001000000006708597,0.0009999999928572004,0.0009999999884313948,0.0009999999873799132,0.0009999999866274266,0.000017000066508710065,0.000017000322928839312,0.7930465923894006,6.647444319999587,5.781829380973516,0.01389182207652808,0.0003437440034230476,0.0003307876353657027,0.007508729408099068,0.004916999999999842,0.004916999999999881,0.004916999999999881,0.0010391699999994823,0.0010391699999994643,0.0010391699999994894,-0.37336308378649663,9.601875812841685,0.566856698397095,-0.008483093173898466,0.010351904348078951,-0.0061414451808460835,-21.092813320159912,12.147750477790833,6.534750273227692,989.695810546875,-0.1509812740807429,25.202678732140004
2025-03-01T17:51:59Z,40.07093805044731,-75.46840713459687,30.082284149298452,-6.060489365119461,-32.97155797330678,-0.428484573923129,1.4664047080451041,0.0419118015687114,1.0107046921138003,0.001000000000137303,0.0010000000064803681,0.000999999992885026,0.0009999999885750045,0.0009999999873582242,0.0009999999869569384,0.0000179999751925439,0.00001800032658180773,0.7981616200269572,7.543225039979553,6.5600884977158875,0.014598701649489948,0.00035303773026425266,0.00034023322134869204,0.007517980365471531,0.004917999999999842,0.004917999999999881,0.004917999999999881,0.0010391799999994813,0.0010391799999994633,0.0010391799999994885,-0.511965698322324,9.724647207159618,0.4412014673449319,0.0034437905948368425,0.01132995540135087,-0.0017710920782151997,-24.83493843078613,10.810125427246094,9.310500340461731,989.727236328125,-0.028725470570778018,28.64115019490372
2025-03-01T17:52:00Z,40.07038360492017,-75.46882082692478,29.84392814673708,-6.64802912752796,-32.84334877001798,-0.5085853966992495,1.4684189132815582,0.039357323449941826,1.0244856146730936,0.0010000000000494357,0.0010000000067224113,0.0009999999927995404,0.0009999999887468389,0.0009999999876218496,0.0009999999872850186,0.00001899986001329383,0.00001900033083686031,0.8049586398029132,8.498736014823674,7.3935957839991815,0.015638343047752423,0.0003616888257970271,0.0003496249859270378,0.007528372985162778,0.004918999999999843,0.004918999999999881,0.004918999999999883,0.0010391899999994815,0.0010391899999994641,0.0010391899999994893,-0.541498757331459,9.711507009499746,0.31592935818896906,0.0007206026044992452,0.013640393002415685,0.0036832966593450013,-21.610125846862793,12.924000515937806,8.451562838554382,989.8062890625,-0.04512220063971374,26.560375442110264
2025-03-01T17:52:01Z,40.06905465909531,-75.46929219564835,29.891239506151482,-6.877938348243579,-32.723779194220846,-0.671790776492768,1.4748582179524043,0.03326125340736597,1.0266459240073411,0.0009999999999225127,0.0010000000065855733,0.0009999999930819221,0.0009999999889257758,0.0009999999874331777,0.0009999999875300017,0.00001999971796229752,0.000020000335734447586,0.8144625797592627,9.524346255006327,8.263599365527796,0.016902860037215955,0.00036925041885064254,0.0003592452446403756,0.00753939249005829,0.0049199999999998455,0.004919999999999879,0.004919999999999885,0.001039199999999481,0.001039199999999463,0.0010391999999994884,-0.211529153311644,9.60002431499872,0.2795878717646433,0.003794287300455857,0.002407323375349951,0.005489186216890943,-19.68075080871582,13.397250537872315,6.994687781333924,989.5434301757813,-0.17043215901078823,24.814137296724606
2025-03-01T17:52:02Z,40.06637632770654,-75.46987473390155,30.517322315647696,-6.3079165026875055,-33.27530118938564,-0.6301263161187107,1.4748104356225828,0.03758421123552268,1.0323882221436065,0.0009999999996963683,0.0010000000064019326,0.0009999999932875027,0.0009999999889995293,0.000999999987140632,0.0009999999874525857,0.000020999546397451623,0.000021000341313163444,0.8259692664820099,10.587581796472735,9.180895347244434,0.01711657836910498,0.00037625370257152716,0.0003687663752630663,0.007547637279052889,0.004920999999999847,0.004920999999999881,0.004920999999999883,0.0010392099999994803,0.0010392099999994623,0.0010392099999994874,-0.2136820500318428,9.69619292322136,0.6976244514653722,-0.0063247044916349806,0.008254601873499905,-0.005296415548641635,-19.713188343048095,13.714313058853149,7.614562778472901,989.075712890625,-0.05319377145809786,25.192681149167967
2025-03-01T17:52:03Z,40.06295154329307,-75.47053285444275,31.498877347734236,-5.655347773429181,-34.222657206931565,-0.49912635932796773,1.486358027103845,0.027988637277502317,1.038869816120551,0.0009999999997396716,0.0010000000062573725,0.0009999999933207268,0.0009999999893019148,0.0009999999871447042,0.0009999999875214042,0.000021999343128380554,0.0000220003476285136,0.8380176282639026,11.684130054141011,10.161166979194654,0.017638720710717808,0.0003819486359506009,0.00037824399644472253,0.007558874654118271,0.004921999999999845,0.004921999999999882,0.004921999999999882,0.0010392199999994794,0.0010392199999994614,0.0010392199999994867,-0.4317878146565897,9.766063339544889,0.48920959962209765,0.0030520700037587976,0.008539672118510085,0.00835641166767044,-21.422063255310057,12.864000492095947,5.577750229835511,988.8074877929688,0.011135553214563203,25.602656086387768
2025-03-01T17:52:04Z,40.059855239331796,-75.47118156083788,32.33058582285769,-4.801222367637765,-35.28929229240095,-0.4489760493068635,1.4829151071895064,0.030031689569780563,1.0485849242539953,0.0009999999997948824,0.0010000000063638496,0.0009999999933749002,0.0009999999893427316,0.000999999987011664,0.0009999999877782577,0.00002299910638434613,0.000023000354761378812,0.849369705817741,12.77818704869904,11.175225277602904,0.01732656267972401,0.00038705555205837224,0.0003876546632296787,0.007567395334814086,0.004922999999999845,0.004922999999999883,0.004922999999999883,0.0010392299999994786,0.0010392299999994606,0.0010392299999994878,-0.47893690420539026,9.686048255413864,0.7282617419725053,-0.011337134280048027,0.012601755583536664,-0.0025521978130437876,-19.454813117980958,13.903500537872315,4.699125175476074,988.8705078125,-0.05140504330985737,24.369579022505324
2025-03-01T17:52:05Z,40.057145719393375,-75.47181176359436,32.96242193601193,-4.029479771883361,-36.06707726290417,-0.426211294639002,1.4901354406696432,0.02967963337459069,1.054712235668142,0.001000000000132363,0.0010000000063124558,0.0009999999935302766,0.0009999999890615706,0.000999999986942009,0.0009999999878843343,0.00002399883453908925,0.000024000362813041265,0.8588991473170136,13.919207252669963,12.24129913609063,0.017239198762187394,0.0003912064392192619,0.00039719833342011007,0.007576468958294508,0.0049239999999998426,0.004923999999999885,0.004923999999999886,0.0010392399999994782,0.0010392399999994604,0.0010392399999994881,-0.3650679557805692,9.696192915274295,0.6180232237246326,0.00042535087166027294,0.008458222951689836,-0.00006334056228119258,-18.100125732421876,13.813125514984131,5.187562719583512,988.9477734375,-0.0537882827204173,23.352203795219673
2025-03-01T17:52:06Z,40.05521590773891,-75.47238463580858,33.21448329934413,-3.3294036319366036,-36.340528155780305,-0.4731628267756811,1.492430040549845,0.03585210682318973,1.0576525233269811,0.0010000000003559685,0.0010000000059936004,0.0009999999936057718,0.0009999999890997196,0.0009999999867450786,0.0009999999878987412,0.000024998526179517983,0.00002500037187070452,0.8668572914841088,15.114930290667017,13.34586208000545,0.0169769016144952,0.00039476308681246126,0.0004068821329887423,0.007584189409411331,0.00492499999999984,0.004924999999999887,0.004924999999999887,0.0010392499999994777,0.0010392499999994594,0.0010392499999994874,-0.08388581040319407,9.673103447642033,0.6176034918873243,-0.0023143609800215952,0.005021024000560342,-0.006427683313613009,-18.405938243865968,13.07081295967102,5.679187731742859,989.1425317382813,-0.08332248925697518,23.278219906549733
2025-03-01T17:52:07Z,40.051976158904374,-75.47307789494937,33.903803043755616,-2.155612668243473,-37.41857558594511,-0.47944169739239084,1.5028533916172746,0.03710060536951341,1.0599824684759789,0.0010000000007277842,0.0010000000062195835,0.000999999993617209,0.0009999999891710139,0.0009999999867596203,0.0009999999878095385,0.00002599817955080101,0.000026000382043270546,0.8722768195612554,16.278515881055398,14.51083130197465,0.0164148261191481,0.00039782291087833493,0.0004165732010057414,0.007592871269980433,0.004925999999999838,0.004925999999999885,0.0049259999999998845,0.0010392599999994785,0.0010392599999994603,0.0010392599999994863,-0.5325256619208637,9.646302587821054,0.675450955315368,0.002644826028647295,0.005139191009825122,-0.001824667586640486,-19.586813354492186,13.013437986373901,6.277687754631042,988.7929150390624,-0.09180212742819263,24.33926284996997
2025-03-01T17:52:08Z,40.04781043828923,-75.47386232674285,34.90199900193855,-0.5225465144348131,-38.51232446523717,-0.4085271028679219,1.5083359377591845,0.03480993445930054,1.0642134088159076,0.0010000000005989883,0.0010000000065436198,0.0009999999939138296,0.0009999999890627812,0.0009999999865873393,0.0009999999882894823,0.000026997792441252184,0.000027000393476238634,0.8750637362466238,17.508233325945767,15.741601807347479,0.016060264167482796,0.0004006992290085524,0.0004261966490436741,0.0076022121829704935,0.004926999999999835,0.004926999999999884,0.004926999999999882,0.0010392699999994782,0.0010392699999994602,0.0010392699999994853,-0.31860732798599467,9.71397950553272,0.5381029423787446,-0.004278307619463463,0.0074910211440952605,0.0017896157277338986,-17.702250747680665,13.59825047492981,5.290500202178955,988.5170141601562,-0.04217827992896097,22.9405570779149
2025-03-01T17:52:09Z,40.04404996776395,-75.47462335076366,35.68503757398452,0.8798206065822305,-39.379725599945196,-0.48967260089932985,1.523978257456575,0.04124719709439889,1.0706801298093274,0.0010000000005683013,0.0010000000061758092,0.0009999999940830272,0.0009999999888998556,0.0009999999866786504,0.000999999988764197,0.000027997362747560166,0.000028000406293541087,0.8763753778083173,18.75592095795525,17.02073835872363,0.015890293873966205,0.00040385053349878685,0.0004357624769405461,0.007609918274893964,0.004927999999999833,0.004927999999999882,0.004927999999999881,0.0010392799999994777,0.0010392799999994597,0.0010392799999994849,-0.3131260640324266,9.594258087401803,0.3441548601088257,0.0071690645229555185,0.009707659000912616,-0.0066479959631580154,-17.33512575149536,13.640250558853149,5.90568775177002,988.5488110351563,-0.17064580635366036,22.835013639212587
2025-03-01T17:52:10Z,40.040872686103704,-75.47534360657768,36.18438715740027,1.9319998082936252,-40.11876039190927,-0.4774561912050868,1.5317040461412532,0.04161161002738845,1.080331357081606,0.0010000000004578944,0.0010000000058693172,0.0009999999942566077,0.0009999999889512526,0.000999999987020203,0.0009999999885568634,0.000028996888602780877,0.000029000420637077267,0.8769375633612009,20.040156737692264,18.389931507871836,0.01583325781560445,0.0004069172410522413,0.00044522297861765897,0.007618845060259439,0.004928999999999834,0.004928999999999881,0.004928999999999882,0.0010392899999994774,0.0010392899999994592,0.0010392899999994844,-0.46548674378973454,9.712902775440398,0.1846830362328514,0.0007613271051881444,0.011929970875587642,-0.000348411091504594,-17.54062578201294,13.831688060760499,5.231437723636628,988.6356079101563,-0.05030238170550927,22.942422653283867
2025-03-01T17:52:11Z,40.03693472200799,-75.47613589455072,36.91598735956205,3.580714814355942,-40.99319043565919,-0.4069853703621957,1.5345888153514993,0.03642581373125132,1.0830620870242054,0.0010000000008022515,0.001000000006072208,0.0009999999941961875,0.0009999999890181548,0.0009999999869703326,0.000999999988858689,0.000029996367087828697,0.00003000043666465227,0.8760079487794508,21.367581714038923,19.818528301218926,0.015255260731517938,0.0004096717501507642,0.00045493489304179106,0.007628783150385749,0.004929999999999832,0.00492999999999988,0.004929999999999885,0.001039299999999477,0.0010392999999994578,0.001039299999999483,-0.2971216129245022,9.751439045509349,0.38459748697073526,-0.005008174295076492,0.005261364539293635,0.004878321444760847,-19.092375812530516,12.489187984466552,6.109875249862671,988.438173828125,-0.012478775146440857,23.61835741067394
2025-03-01T17:52:12Z,40.03344681170151,-75.47689799649241,37.47727477547091,4.850029859759111,-41.68212664776922,-0.4378893341736817,1.539838797980014,0.03826790343573406,1.0973498614872734,0.0010000000006055061,0.0010000000058907655,0.0009999999942159022,0.0009999999891785773,0.000999999987188326,0.000999999988841433,0.000030995794257816415,0.000031000454524856685,0.8734937003669068,22.72543382773653,21.316920647200114,0.015025191457636238,0.00041335880947281686,0.0004641703710600442,0.00763748507690425,0.004930999999999834,0.004930999999999877,0.0049309999999998825,0.0010393099999994764,0.0010393099999994574,0.001039309999999483,-0.33093036848573143,9.675495083167043,0.18883060252501796,-0.0017126756756333664,0.016592904931546342,-0.0016719511249836242,-17.63943832397461,14.194500532150268,5.141812692880631,988.4809228515625,-0.09296038658560424,23.217870462424507
2025-03-01T17:52:13Z,40.02846202281693,-75.47779217031321,38.41570930848309,7.123515687310812,-42.7502639934683,-0.392036400226814,1.5497444612632032,0.03706849695396605,1.0941048557810635,0.0010000000006440545,0.0010000000056152327,0.0009999999940877545,0.0009999999890397836,0.0009999999871851913,0.0009999999885919669,0.000031995163253280267,0.00003200047436282876,0.8684692381854234,24.131081085145443,22.8685730961485,0.014048166021929792,0.00041669848294293837,0.00047411652990563707,0.007646788747442128,0.004931999999999837,0.004931999999999878,0.00493199999999988,0.001039319999999476,0.0010393199999994573,0.0010393199999994824,-0.20744960216627717,9.712761650142093,0.5826133679097008,0.001420927016542155,-0.00022640480849575552,0.0006523396142997602,-17.98368829727173,13.934625625610352,4.111500164270401,988.1505981445313,-0.04342241826713,23.119016440094
2025-03-01T17:52:14Z,40.02485576189866,-75.47858021621228,38.87257399316057,9.012659911220437,-43.27108187664202,-0.5100483323895968,1.5489952822682875,0.04971965210590493,1.0887092988871117,0.0010000000004904623,0.0010000000054620358,0.0009999999940721051,0.0009999999889105267,0.0009999999871128696,0.0009999999888648976,0.00003299446068731466,0.000033000496243842164,0.8592557237844428,25.629082101768038,24.459674009982393,0.013283150645776235,0.0004212289591042696,0.0004841982262933042,0.007654040879598224,0.004932999999999835,0.004932999999999881,0.004932999999999883,0.0010393299999994754,0.0010393299999994564,0.0010393299999994815,0.04833202415640322,9.606103149090556,0.6882924418460407,-0.005958185977207706,-0.0032092942282233384,-0.013146028125659284,-18.588938226699828,12.521437993049622,4.155000165700913,988.3522705078125,-0.14495529391431372,22.7946648291724
2025-03-01T17:52:15Z,40.02104549974495,-75.47939215189768,39.27302425315419,10.614787259576937,-43.7402314787823,-0.48028173048748485,1.5560262799111595,0.06231696156302845,1.0875933111947094,0.0010000000005324222,0.0010000000054543648,0.0009999999942679975,0.0009999999891381602,0.0009999999869775727,0.0009999999885802974,0.00003399367038065331,0.00003400052015110118,0.8478518448844139,27.279019941139698,26.16351808412151,0.013162103162931532,0.00042717108904538864,0.0004940356520925503,0.007661618092617676,0.0049339999999998335,0.004933999999999881,0.00493399999999988,0.0010393399999994758,0.0010393399999994572,0.0010393399999994823,-0.1090758248460727,9.761237826977672,0.4617320206472945,0.0021663151006126374,0.0008224133307463055,-0.013258019745080203,-16.954313344955445,13.091813011169434,4.694062682390213,988.3042749023438,-0.0030044154540608877,21.92889203544945
2025-03-01T17:52:16Z,40.01583598269031,-75.48033091974214,39.99524469218349,12.228720043458761,-44.669666026338064,-0.37280531349439955,1.5670239297163124,0.059179010110289684,1.0881179179162546,0.0010000000003216165,0.0010000000054255183,0.0009999999944824678,0.0009999999893831348,0.0009999999869069278,0.0009999999882637594,0.000034992776150182014,0.000035000546109060754,0.8366629356486867,29.03542108553369,27.958482307635748,0.013073479221021029,0.0004335639867519068,0.0005036537557408411,0.007671439848288939,0.004934999999999836,0.004934999999999883,0.004934999999999883,0.0010393499999994755,0.0010393499999994575,0.0010393499999994827,-0.41986163484663735,9.80537561297262,0.32838577020808685,0.00532645694296855,0.002497451027236116,0.0018239978080091762,-15.60356309890747,12.641625480651856,4.616625165939331,988.0560424804687,0.0441730387670075,20.605654833887098
2025-03-01T17:52:17Z,40.01163692679425,-75.48119739622523,40.396326396472396,13.748254190161955,-45.48172979771337,-0.5243047197761771,1.5708839133481676,0.05985033272425576,1.0877266472415323,0.00100000000056202,0.001000000005336906,0.0009999999943019473,0.000999999989500847,0.0009999999866898035,0.0009999999881900453,0.00003599175580172028,0.00003600057415693923,0.8255156602144992,30.86647763647698,29.765059380522644,0.013314849663107378,0.00044119120062701485,0.0005131559835861066,0.007680856298258769,0.004935999999999834,0.0049359999999998815,0.004935999999999882,0.0010393599999994761,0.0010393599999994584,0.0010393599999994835,-0.30197720709971954,9.581696342462836,0.6618517552644553,0.0003744449252105384,0.0009344044359325615,-0.0020282890152325656,-18.64518832206726,12.175312995910645,5.626500201225281,988.183798828125,-0.16633276845999392,22.968162002956234
2025-03-01T17:52:18Z,40.00844801487785,-75.4819880824806,40.45986245524288,15.086536987520324,-46.10253139734841,-0.5204891706698458,1.570685202676402,0.05277588270111343,1.0833095141098625,0.00100000000075649,0.001000000005246057,0.00099999999436441,0.0009999999893934935,0.0009999999869324532,0.000999999987910934,0.0000369905765375454,0.00003700060430077446,0.8147875126956953,32.88122209477211,31.684670629746517,0.014444589479257435,0.00044932587404292965,0.000522597697954518,0.007691411716664737,0.004936999999999831,0.00493699999999988,0.004936999999999884,0.0010393699999994772,0.0010393699999994592,0.0010393699999994843,-0.1947794165660858,9.767168871514658,0.8570034403950773,-0.001743552818166483,-0.0036312250220782542,0.005839681991552033,-17.93137580871582,12.515437994003296,3.751312652826309,988.3343872070312,0.03107753894509442,22.186494085870574
2025-03-01T17:52:19Z,40.00328132671208,-75.48295028381193,40.80780485926561,16.071437216691617,-47.09810455566728,-0.5572541535141557,1.5738534855975905,0.05289371813560991,1.0882434932829645,0.001000000000948091,0.0010000000054203736,0.00099999999430244,0.000999999989321341,0.000999999986601536,0.0009999999877421787,0.00003798920340860963,0.000038000636622916596,0.8071248642261242,35.010915065308524,33.68339879855294,0.015642836314706518,0.000459296084868962,0.0005311224720781633,0.007700940179892396,0.004937999999999834,0.004937999999999881,0.004937999999999881,0.0010393799999994778,0.0010393799999994595,0.0010393799999994851,-0.35138899261347234,9.69056982103459,0.6509644162053098,0.0013416482503264943,0.005902771712309835,-0.0025577049096839376,-16.79118821144104,12.66900050163269,4.167562670707703,988.09677734375,-0.056695752875488906,21.443273446474137
2025-03-01T17:52:20Z,39.99560077586438,-75.48412775491332,41.41232994104827,16.555396705862996,-48.177992720051904,-0.6943949086010809,1.5749115830890474,0.05251282818954971,1.0873209991699517,0.0010000000010314356,0.0010000000054691868,0.0009999999941216313,0.000999999989472248,0.0009999999869255538,0.0009999999873460473,0.00003898761018580551,0.0000390006712104011,0.8050327520352737,37.260056709864266,35.73928843065857,0.01694865972596157,0.00046943743499998136,0.0005394357643569308,0.007710427915820601,0.004938999999999837,0.004938999999999882,0.004938999999999878,0.0010393899999994773,0.001039389999999459,0.0010393899999994846,-0.19138892101280827,9.564069278075838,0.3952514302866698,0.0006798786101159296,0.00009955664647571887,-0.0037590724458808657,-17.794688243865966,13.285875463485718,3.7715626507997513,987.802236328125,-0.20121088929227987,22.525270561474326
2025-03-01T17:52:21Z,39.985659038057115,-75.48550114183004,42.21641133083078,16.58572447613986,-49.64480443142172,-0.6920953829186273,1.5653972879624944,0.05008948352211601,1.0857009564376003,0.001000000000917577,0.0010000000055278631,0.0009999999941475513,0.0009999999892286047,0.0009999999868208237,0.0009999999870868772,0.00003998577701674941,0.00004000070813520767,0.8096233665292794,39.57073067337759,37.909176316307374,0.019067960351173852,0.0004793486281785918,0.0005471299072262271,0.007720016366740658,0.004939999999999838,0.004939999999999883,0.004939999999999878,0.0010393999999994776,0.0010393999999994596,0.001039399999999485,-0.2054490407246601,9.668278582583103,0.6915456375247787,-0.00772201625140858,-0.0007771841877021231,-0.003553615225497145,-21.06768835067749,13.497563047409058,3.04031263589859,987.5402270507813,-0.08005871524476574,25.20461549509443
2025-03-01T17:52:22Z,39.97488879325748,-75.48695394089704,43.07524402633399,15.821039164860444,-51.1111053208821,-0.6761697564499267,1.5573514540895337,0.04275227951111533,1.080828441368811,0.0010000000008361669,0.0010000000054327695,0.000999999993999021,0.0009999999891280795,0.0009999999867098828,0.0009999999869082573,0.00004098369128610951,0.00004100074759466643,0.8216608907679347,41.87043833533253,40.17475671395316,0.021349776183463665,0.000488021541477874,0.000554194506951818,0.0077301120746028065,0.004940999999999839,0.00494099999999988,0.0049409999999998795,0.0010394099999994776,0.0010394099999994596,0.0010394099999994847,-0.1611595964757588,9.662214842472906,0.7361488978834363,-0.003677623881897231,-0.004461566402901876,0.00021154886758765101,-19.293000717163086,12.30393798828125,3.6804376512765886,987.4239794921875,-0.08351220535611911,23.1764974674748
2025-03-01T17:52:23Z,39.96394568850678,-75.4884296095618,43.84037177047631,14.112335719757123,-52.59444081880024,-0.8262298416091528,1.547053516917009,0.03861862003995904,1.0810338370355863,0.0010000000005391252,0.001000000005798476,0.0009999999938483477,0.0009999999889775352,0.0009999999866283438,0.0009999999866989787,0.00004198135994745385,0.000042000790019319756,0.8402159913293583,44.00843234105847,42.49140266232384,0.02252746070378972,0.0004955566836094334,0.0005601871346174009,0.007739758888412681,0.004941999999999838,0.004941999999999883,0.004941999999999881,0.0010394199999994769,0.0010394199999994589,0.001039419999999484,-0.3205398877398457,9.477833472137021,0.6425516106833972,-0.004026784230297036,0.0002442618817713809,-0.0035335863639877558,-18.072563266754152,12.73162546157837,3.4411876410245896,987.3734130859375,-0.2699230686620212,22.373004514325295
2025-03-01T17:52:24Z,39.954161455261506,-75.4898144828679,44.31425246341393,12.278541107652693,-53.88271106171306,-0.8834385738890522,1.5340529524725537,0.03505114125457623,1.0778409369273596,0.0010000000005990217,0.00100000000582466,0.000999999993632933,0.0009999999889209199,0.00099999998698822,0.0009999999867962312,0.00004297880609103878,0.000043000836149457854,0.8636776307606643,45.977927699737016,44.950820745859914,0.024455603929167014,0.0005007748561514646,0.000565638677073091,0.0077494200529365795,0.004942999999999839,0.00494299999999988,0.004942999999999878,0.001039429999999476,0.001039429999999458,0.0010394299999994833,-0.273263336092928,9.571885783507588,0.9544939608306363,-0.005622210234945067,-0.0034332780526471823,-0.003616537709923584,-17.88206329345703,12.865875511169433,3.558750143647194,987.4572973632812,-0.15154893943307335,22.315048233910765
2025-03-01T17:52:25Z,39.94537191499749,-75.4911169025513,44.59435891456662,10.010142498599318,-54.8178698266077,-0.9325790641472702,1.5175585073011468,0.033571148915790765,1.0776356422951658,0.0010000000009782394,0.0010000000059388824,0.0009999999936264137,0.0009999999888051585,0.0009999999869687668,0.000999999987028208,0.00004397607098212785,0.00004400088689036477,0.8903469588206672,47.716567781401444,47.52565905770775,0.025035584298962733,0.0005035629023743751,0.0005705013128381596,0.007758916497903044,0.0049439999999998365,0.004943999999999882,0.00494399999999988,0.001039439999999475,0.001039439999999457,0.001039439999999484,-0.2727847671210547,9.588117105796076,0.8245238138202918,-0.008666352807020081,-0.0005316701723762857,-0.004980801761295547,-20.211938362121582,11.417437953948975,4.443375210762024,987.5326196289062,-0.1473212667757249,23.635175608587684
2025-03-01T17:52:26Z,39.935623488099566,-75.49248288638857,44.97932839034165,6.7665780679056375,-55.62743472529619,-0.9626249309562598,1.5041993220900802,0.019097642966431433,1.0769339622330896,0.0010000000010059317,0.0010000000059372238,0.0009999999933398044,0.000999999988637949,0.00099999998724821,0.000999999986958948,0.00004497321333339599,0.00004500094316576315,0.9154433535534959,49.18894035483722,50.21021481599053,0.024116750693011193,0.0005034551871528257,0.0005752043785376028,0.007769676225176605,0.004944999999999838,0.0049449999999998835,0.0049449999999998774,0.0010394499999994743,0.001039449999999456,0.0010394499999994843,-0.2755077530634219,9.59115916179626,0.7012738324267188,-0.0035060475946263876,-0.0019888998096744184,0.007261695906483693,-17.69043825149536,11.271187858581543,3.1083751106262207,987.429697265625,-0.15389664001645367,21.204978778061285
2025-03-01T17:52:27Z,39.92745585171737,-75.49372054057282,45.0981997882154,3.7187061944998043,-55.98484348391755,-1.0530357089987075,1.4882852496383177,0.01461869800053359,1.0742876851015033,0.0010000000009499064,0.0010000000060793267,0.000999999993268838,0.0009999999884259545,0.000999999987058062,0.000999999986966741,0.00004597029343774726,0.000046001005669597715,0.9348530022590751,50.44030152955926,52.99845402551805,0.022554616761044147,0.0005018011427070639,0.0005799396370789586,0.007779468156835803,0.004945999999999841,0.00494599999999988,0.0049459999999998784,0.0010394599999994747,0.0010394599999994567,0.0010394599999994838,-0.04670291047085088,9.565544818872237,0.65056560432211,-0.007037380166563367,-0.0034230970145974937,-0.0016006838933849783,-16.15931314468384,13.05581304550171,3.8038126611709595,987.5468969726562,-0.1868092605744598,21.11976569582681
2025-03-01T17:52:28Z,39.919248387226965,-75.49495137696402,45.174138170301,0.5332266375351615,-56.4158435716047,-1.0894433764945703,1.4742287948245476,0.016076563740288284,1.0728662171611072,0.0010000000008633522,0.0010000000060874862,0.000999999993206611,0.000999999988702407,0.0009999999870488137,0.0009999999871176286,0.000046967355628202945,0.00004700107497120609,0.9474385546945058,51.48915575708217,55.92258723835128,0.021348793155322964,0.0004992336019403567,0.0005848747750601877,0.007788682595334864,0.004946999999999843,0.004946999999999882,0.004946999999999881,0.0010394699999994742,0.001039469999999456,0.0010394699999994842,-0.1612406629416514,9.595003344795526,0.940046153553088,-0.004797876797340442,-0.0017285314041819802,-0.007338973976539539,-16.43793815612793,14.345063066482544,3.837000162601471,987.5378662109375,-0.13223079857367373,22.15190663554141
2025-03-01T17:52:29Z,39.91186020627836,-75.49611050007013,45.05832116298902,-2.360598279415075,-56.92266343969457,-1.219330423357881,1.4622199455365774,0.017287673398841213,1.070757341813136,0.0010000000008168544,0.0010000000062208292,0.0009999999931371156,0.0009999999883967508,0.000999999987202862,0.0009999999868864644,0.00004796441947351861,0.00004800115188875856,0.9542156600125364,52.34943573144763,58.94237299867897,0.020548762878789286,0.000496123053187138,0.0005902654423292148,0.007798066498189395,0.004947999999999841,0.0049479999999998804,0.004947999999999881,0.0010394799999994752,0.0010394799999994553,0.0010394799999994832,-0.34716167595075476,9.484109090798967,1.2246835156498734,-0.0034943645464901867,-0.0023439019828123044,-0.006314523704118098,-14.741063079833985,15.389438076019287,3.8475001645088196,987.6147631835937,-0.20532082332577326,21.65490256883697
2025-03-01T17:52:30Z,39.90505010395867,-75.49720946219462,44.762880380009754,-5.1756068125468255,-57.26114574649651,-1.287379840775914,1.4545980588477694,0.01629449766115311,1.0660965524690322,0.0010000000008108135,0.0010000000060021506,0.000999999993035678,0.000999999988234103,0.0009999999870239113,0.0009999999866219759,0.00004896148656232416,0.000049001237336452575,0.955671378684325,53.16537094122775,62.09495445742061,0.019464866395510032,0.0004928994177975322,0.0005962452410901596,0.0078077416358573945,0.004948999999999842,0.0049489999999998814,0.004948999999999883,0.0010394899999994745,0.0010394899999994554,0.0010394899999994834,-0.3993853563033274,9.557071152102393,1.2138085981676066,0.0003193673967214739,-0.005083280209784897,-0.0036337279593279736,-14.605125560760499,12.302062978744507,3.590437636375427,987.6938208007813,-0.13232658380602494,19.430381292702076
2025-03-01T17:52:31Z,39.89667630078738,-75.4983766072432,44.65615865174917,-8.92917616057001,-57.23538655590506,-1.2888184753885574,1.4447671477137798,0.016873604084495626,1.0669714828372296,0.0010000000010062225,0.001000000006200858,0.0009999999930465904,0.000999999988227225,0.0009999999866629387,0.0009999999867151056,0.000049958543946234285,0.00005000133194861916,0.950394041568692,54.041239482766855,65.35868046252361,0.017586104718955584,0.0004897550989507014,0.0006033896937855628,0.00781730812559169,0.004949999999999842,0.004949999999999882,0.004949999999999881,0.001039499999999474,0.001039499999999455,0.001039499999999484,-0.37507793731820205,9.636491957340597,0.9511440052807435,-0.00023641888126130868,0.0005271616065250437,-0.004899353422661111,-12.747000541687012,8.509500370025634,3.5872501635551455,987.5864331054687,-0.08387527300414484,15.740533224136534
2025-03-01T17:52:32Z,39.88902359504667,-75.49946638913035,44.3603602689856,-12.646128470264111,-56.8147390998128,-1.4101597080048571,1.4377489430830594,0.009094834315834025,1.0650868824324993,0.001000000000815946,0.0010000000058005473,0.0009999999927752692,0.000999999987936758,0.0009999999869362798,0.0009999999866804924,0.00005095555604678996,0.00005100143585851236,0.9356716733080515,55.06312814426161,68.67429996603421,0.015068495197068614,0.0004879027789356392,0.0006111966145569591,0.007827546846715825,0.00495099999999984,0.004950999999999879,0.00495099999999988,0.001039509999999474,0.0010395099999994553,0.001039509999999485,-0.3257060320039718,9.5964521001118,0.525301344588057,0.0012703809584930378,-0.0032703800275264627,0.004141445058877157,-11.373750467300415,4.8691877222061155,3.295875129699707,987.6802685546875,-0.15817037489486385,12.803619909210633
2025-03-01T17:52:33Z,39.88154823714876,-75.50051852728518,43.93058660930776,-15.911768005288783,-56.28914282260988,-1.4211732070758687,1.4297941977222302,0.013568727145570688,1.065907989706593,0.001000000000932748,0.0010000000056474647,0.0009999999926577855,0.000999999988128212,0.0009999999867604209,0.0009999999868677482,0.00005195246361837774,0.000052001548973643785,0.9129452423649378,56.3594348665323,72.14372101911584,0.013694627750902978,0.00048803517556059015,0.0006199292411785917,0.007837045004176528,0.0049519999999998385,0.004951999999999881,0.0049519999999998775,0.0010395199999994735,0.0010395199999994544,0.001039519999999486,-0.2554629602838589,9.704170944082994,0.7062556126385379,-0.0007521490685062104,0.0010453953620176196,-0.006858293026496324,-13.749188079833985,3.808687665462494,2.275312592983246,987.7526977539062,-0.041379614032197455,14.447209298046516
2025-03-01T17:52:34Z,39.87343162604057,-75.50158409461892,43.502211615966125,-19.205042411099104,-55.602911898551376,-1.459234972900083,1.4181476844202938,0.01101333381728857,1.0669713478359373,0.0010000000007988855,0.0010000000058364821,0.0009999999931294733,0.0009999999882467471,0.0009999999868198295,0.0009999999870490114,0.000052949189233284286,0.00005300167119409108,0.8858909369877457,57.97065254768977,75.71046943251862,0.01305801735669391,0.0004905055139909848,0.0006292346934115006,0.007847051055336323,0.004952999999999837,0.004952999999999884,0.004952999999999876,0.0010395299999994743,0.0010395299999994552,0.001039529999999485,-0.3015784071059912,9.701656602853848,0.6049823298900237,-0.005041888615041447,0.00031335890245318436,0.0006900593507420017,-15.349875602722168,2.6278126096725463,1.1066250455006956,987.7697802734375,-0.049473643855062165,15.61240262017648
2025-03-01T17:52:35Z,39.86549340791281,-75.5026247861985,42.943518499811745,-22.10393313454342,-55.03143323018591,-1.4878236028531748,1.4117597551294614,0.005520408196554078,1.0746094231262855,0.001000000000464538,0.0010000000055832704,0.0009999999931726866,0.0009999999884448823,0.000999999986983456,0.0009999999872735137,0.00005394563059920961,0.00005400180250760555,0.857238330954774,59.932565982861824,79.40134527315499,0.013640449283849472,0.0004949170230482958,0.0006395644144303573,0.007857295337941194,0.004953999999999838,0.004953999999999885,0.004953999999999878,0.0010395399999994746,0.0010395399999994547,0.0010395399999994855,-0.45324349377909406,9.726961634020363,0.6328626404560065,-0.0014431268418632621,0.006342895055697803,0.005459143892148396,-20.047500801086425,7.569937795512378,1.0706250426545738,987.8706201171875,-0.01666449527973613,21.45577564476826
2025-03-01T17:52:36Z,39.85719350076851,-75.50367420895547,42.2651100937824,-24.552559437180285,-54.22572965622254,-1.6223168150750071,1.406189738679295,0.0021591952794279977,1.0722873996265048,0.0010000000006362365,0.0010000000057440116,0.0009999999932839682,0.0009999999881336059,0.000999999987271848,0.000999999987104558,0.00005494167086542264,0.00005500194282194284,0.83102895869303,62.27995525132199,83.17693365988912,0.015338700913295472,0.0005026444312021784,0.0006492164217290395,0.007867479659848364,0.004954999999999837,0.004954999999999884,0.004954999999999876,0.001039549999999475,0.0010395499999994533,0.0010395499999994859,-0.24072095431185525,9.646462034219882,0.5455206934828287,-0.002018108473206982,-0.0031787510327050397,0.002532834497666874,-21.14737575531006,10.364437866210938,0.7755000270903111,987.9534814453125,-0.10994472105041733,23.563363178778648
2025-03-01T17:52:37Z,39.8445948446605,-75.50494966181951,41.863205034216996,-26.76637470929134,-53.128077738382075,-1.650595481323712,1.4057280170203241,0.00584690245181766,1.0732912322434145,0.0010000000005549554,0.0010000000059715664,0.0009999999932102505,0.0009999999880793162,0.0009999999872232232,0.0009999999870204772,0.00005593720067039236,0.0000560020916747748,0.8118574520167277,65.00656972825442,87.11557158335727,0.01784057517391205,0.0005118559864361548,0.000659199598276895,0.0078773004299344,0.004955999999999838,0.004955999999999886,0.004955999999999878,0.0010395599999994756,0.0010395599999994522,0.0010395599999994845,-0.10795917159382548,9.711187925968783,0.6303861420134809,0.002257945752539461,0.0011787513504581593,-0.0031176647925627967,-21.088875732421876,10.40006287574768,0.5175000197067857,987.7583569335937,-0.04271332109260973,23.51951123815725
2025-03-01T17:52:38Z,39.82824939556927,-75.50644436722136,41.689638452493085,-28.172876595340192,-52.19576242087199,-1.674765028319466,1.40369028064645,0.010516440708455942,1.0719957767592356,0.0010000000002705546,0.0010000000059256786,0.0009999999933633695,0.0009999999878860244,0.0009999999872515675,0.0009999999866458806,0.0000569321310590548,0.00005700224870925612,0.8038229488772133,67.9321191968938,91.18417400278655,0.021035013208146002,0.000521961256373315,0.000668843037778274,0.007887159832225682,0.004956999999999839,0.004956999999999886,0.004956999999999878,0.0010395699999994753,0.0010395699999994528,0.0010395699999994849,-0.3370935161239292,9.660511765145756,0.7605844525128835,-0.0019137936865459236,-0.0009073691019260704,-0.0032331611953700773,-20.694188251495362,10.375687894821167,0.7155000321939587,987.6028857421875,-0.07877076842927867,23.160611366944856
2025-03-01T17:52:39Z,39.808051763412706,-75.50818288045352,41.77084080416892,-28.241934697548537,-51.23654794097785,-1.6460678077005677,1.4110716310555251,0.01447330674059628,1.073042275068932,0.000999999999978464,0.0010000000060367176,0.0009999999933833605,0.0009999999880085698,0.0009999999874948967,0.0009999999867650014,0.000057926413900931175,0.00005800241385713019,0.8095749096685999,70.95625835377783,95.40176447985027,0.0247143455159081,0.0005311073330822324,0.0006784114566167412,0.007897153251290536,0.004957999999999842,0.0049579999999998835,0.004957999999999875,0.0010395799999994748,0.0010395799999994523,0.0010395799999994848,-0.32335308815364155,9.672583745950496,0.7410541870784567,0.0035305803461688863,0.0013314672640029938,-0.0004909458883287937,-21.355500793457033,10.213687825202943,0.7413750322535634,987.4345703125,-0.06881204918652488,23.683835614827725
2025-03-01T17:52:40Z,39.78775034324724,-75.50996679867978,41.82909528162234,-26.876166611608827,-50.45771711032045,-1.6301710188893608,1.4171527983774377,0.01805076149761769,1.0731774645874579,0.0009999999995689273,0.001000000006036139,0.0009999999930814102,0.0009999999880982188,0.0009999999876168948,0.000999999986736399,0.000058920074733985397,0.000059002587063365424,0.8301319437626163,73.85677541489385,99.75110935896004,0.028544843217673536,0.0005380323069186993,0.0006874608108557353,0.0079072127175807,0.004958999999999843,0.004958999999999883,0.004958999999999874,0.001039589999999475,0.0010395899999994533,0.0010395899999994839,-0.2985729895969179,9.644664183813843,0.693114700974032,-0.0014831841400928672,0.0005146443249178755,0.0008526227880157763,-21.001313247680663,10.189687910079956,0.6228750238195062,987.48208984375,-0.1010446611254759,23.351027915499856
2025-03-01T17:52:41Z,40.08424677252163,-75.4374593433479,41.45158906527497,-10.779526427716803,33.16728631375395,-1.6042882308473725,1.3566115336808324,0.19560952838910015,1.030800749796672,0.0009999999996249777,0.0010000000060399145,0.000999999992764133,0.0009999999881258122,0.0009999999877744628,0.0009999999864839305,3.0791129739281204e-10,3.0791126466133295e-10,0.5550755781474498,0.006832208139265559,0.006832382421186201,0.015132851724554109,0.00017174852626838767,0.00017992298930828086,0.007802623621135565,0.004959999999999844,0.004959999999999884,0.004959999999999877,0.0010395999999994756,0.0010395999999994522,0.0010395999999994838,-0.22197717290313027,9.70285305086168,0.8667970057422563,-0.0026391541689825835,-0.0021402809247719748,0.002899353342588699,-29.178001136779784,7.487062795162201,4.668000192604959,987.3551831054688,-0.04020248917598869,30.482765416301167
2025-03-01T17:52:42Z,40.08435722430186,-75.43705788200681,41.17976196152209,-10.887075317838583,35.223661421800465,-1.7454900529164754,1.3580389929671026,0.20429322548411497,1.03120306228108,0.000999999999617807,0.0010000000059465998,0.0009999999928419023,0.0009999999881412224,0.0009999999876994824,0.0009999999865506677,1.0003079114811393e-6,1.0003079117239571e-6,0.5993179491640152,0.052066444939913664,0.023846590549053314,0.017144349436116032,0.00018133946702103906,0.00018991123805748065,0.007813578814696551,0.004960999999999843,0.004960999999999882,0.004960999999999874,0.0010396099999994755,0.001039609999999451,0.0010396099999994825,-0.20454944913765785,9.686382316583316,0.9019316223919728,-0.002885168685261178,-0.0016584322232577314,-0.008240249438352098,-29.6563134765625,7.199437777996064,5.296312708258629,987.3391723632812,-0.054043684230317864,30.973805283299384
2025-03-01T17:52:43Z,40.08447428623995,-75.43663285370997,40.25245808529433,-11.082934164163234,37.19551880606312,-1.9660842863042494,1.3590445408600318,0.2030630643614833,1.034545840064802,0.000999999999442599,0.0010000000057474557,0.0009999999927382014,0.0009999999880430412,0.000999999987771086,0.0009999999868527901,2.0003079120002673e-6,2.0003079150492577e-6,0.649441759484164,0.18177407537609308,0.07280664064004586,0.020348617925074673,0.00018958910083544347,0.00019991383891411075,0.007822676209979099,0.004961999999999844,0.004961999999999884,0.004961999999999872,0.0010396199999994752,0.0010396199999994499,0.0010396199999994824,-0.34266369247441053,9.644271926623793,0.8194635808651815,-0.0031380265250880255,0.00018100500421063285,0.0014943645246709787,-22.768125820159913,9.57750036239624,1.4118750530481339,987.9521484375,-0.09963211846473227,24.74079512211543
2025-03-01T17:52:44Z,40.08459258224856,-75.43618481916116,39.204177430979655,-11.103741541094994,39.211316718207875,-2.0997903706120726,1.3630266750128304,0.19758364333087747,1.0332412329636282,0.0009999999996183264,0.0010000000056075446,0.0009999999929496152,0.000999999987886513,0.0009999999875787203,0.0009999999870315282,3.000307912991693e-6,3.0003079274708643e-6,0.7061868017415618,0.406169750378577,0.15514200339476739,0.024549734361372248,0.0001965846785951125,0.00020989488992609467,0.007830716977345815,0.0049629999999998425,0.004962999999999882,0.004962999999999874,0.0010396299999994754,0.00103962999999945,0.0010396299999994828,-0.17914564784001696,9.729333503081614,0.8888907338264063,-0.0001346088370724074,-0.005062250663162106,0.003927642732268848,-22.368563213348388,9.810375337600709,1.3166250562295319,988.1010668945313,-0.01347193598100118,24.460725664814685
2025-03-01T17:52:45Z,40.08470697394967,-75.4357157799296,37.96660458595553,-10.864241166916878,40.92571383257977,-2.216287357236579,1.3624876608902439,0.19961712165500267,1.0321664540729196,0.000999999999656473,0.0010000000054347829,0.0009999999928696874,0.0009999999882623562,0.0009999999874767177,0.000999999986796514,4.000307904751175e-6,4.000307958959588e-6,0.7693445241434191,0.6944621908907481,0.27068317266627695,0.02855293748633832,0.00020309998966166727,0.00021961414427286365,0.007840543750558693,0.004963999999999839,0.004963999999999879,0.00496399999999987,0.001039639999999475,0.0010396399999994498,0.0010396399999994823,-0.25820882037097254,9.66172782497158,1.1926262424678251,-0.004928060875542758,-0.002589750460729609,-0.004064337958873174,-20.93643814086914,10.48200038909912,0.6553125266730785,988.3601342773437,-0.046699695480274084,23.422933808124828
2025-03-01T17:52:46Z,40.08481583591151,-75.43522871853064,36.510217992960996,-10.59221907859653,42.48077728352585,-2.3397101507934797,1.3689862807010564,0.20149764564582096,1.033869191678467,0.000999999999311601,0.0010000000055866796,0.0009999999931468758,0.0009999999881533097,0.0009999999868906663,0.0009999999871227196,5.000307848797869e-6,5.0003080236706335e-6,0.8371846108355152,1.0470197614229715,0.4179694791627292,0.03250770384736992,0.00020857836875120452,0.00022867914594251805,0.0078508920731447,0.00496499999999984,0.004964999999999879,0.0049649999999998706,0.001039649999999474,0.0010396499999994482,0.0010396499999994818,-0.35796925738171165,9.633341398869483,1.2350923056872465,0.001779434520536903,0.0008427753461184308,-0.003830340155817441,-20.961750793457032,10.52850040435791,0.4595625138655305,988.6525415039063,-0.06658461025979667,23.46173758139265
2025-03-01T17:52:47Z,40.0849093743654,-75.43472482503297,34.96399098168628,-10.766416070361947,44.20691664237489,-2.5309770081572163,1.37883491084488,0.200218803377196,1.0373218087147458,0.0009999999992885325,0.0010000000052741431,0.000999999992764175,0.00099999998788077,0.0009999999865825822,0.00099999998702028,6.000307655030292e-6,6.00030813798395e-6,0.909782709863088,1.5181857177948483,0.5866603904683776,0.03791200491909355,0.00021289807861347946,0.0002366173110441237,0.007861210255988437,0.004965999999999842,0.004965999999999881,0.004965999999999873,0.0010396599999994744,0.0010396599999994488,0.0010396599999994815,-0.3574128946414448,9.663728399177343,0.6130139850810546,0.004264953828620007,0.0024774227550075903,-0.0012603684995775432,-21.80175085067749,9.350625391006469,1.6093125670030712,988.8433178710937,-0.09584439681794484,23.776837590711526
2025-03-01T17:52:48Z,40.08497153231547,-75.43420546033256,33.396411383573835,-10.835317641419202,45.815479632187895,-2.6770181658559573,1.3795927934977517,0.19563190367923067,1.0394667490802172,0.0009999999992076427,0.0010000000055734293,0.0009999999925664475,0.0009999999879223003,0.0009999999864161138,0.000999999986592733,7.000307162948227e-6,7.00030831954671e-6,0.9864762059051169,2.084533574800813,0.7720004562398662,0.04305855886503265,0.00021617034823092273,0.0002430261615715559,0.007871289793124132,0.00496699999999984,0.00496699999999988,0.004966999999999872,0.0010396699999994752,0.0010396699999994478,0.0010396699999994804,-0.27964419009154917,9.68067948722312,0.6244838390348195,-0.005408407532908404,0.0012703809390373867,0.000578067585922345,-21.016875705718995,9.786562910079956,0.9847500333189965,988.9978173828125,-0.0809622109129666,23.204595500182243
2025-03-01T17:52:49Z,40.08498399591097,-75.4336733602132,31.874147371706165,-10.79771430892925,47.549379193667306,-2.9011892423220242,1.3849280354384212,0.18143733466968065,1.029209501015997,0.0009999999990421683,0.0010000000054460384,0.0009999999923694686,0.000999999988176003,0.0009999999861158965,0.0009999999863197506,8.000306138703095e-6,8.000308584113721e-6,1.0647682429609842,2.8172693669625986,0.9586004895476955,0.0491463081303272,0.0002177166791306221,0.00024799725622206507,0.007879264574872872,0.004967999999999841,0.0049679999999998805,0.004967999999999873,0.0010396799999994745,0.0010396799999994482,0.0010396799999994807,0.1304856041075514,9.640998497639487,0.4732175706581353,0.0003133589774463256,-0.011578141271008473,0.006228566149152761,-21.305250854492186,10.268062887191773,0.7635000284016132,989.1153295898438,-0.13252439172041566,23.662784215559153
2025-03-01T17:52:50Z,40.08488045195155,-75.43313828140731,30.835049920486984,-10.289602175509899,48.943289391388106,-2.8895058086487846,1.388354596730522,0.17210589503042317,1.014496552979422,0.0009999999988212658,0.0010000000054368712,0.0009999999921414108,0.0009999999882034348,0.0009999999857866206,0.000999999986226118,9.000304296505877e-6,9.00030894342506e-6,1.1418615489421138,3.6944045799260916,1.1401360210091984,0.05480093573221787,0.00021922297958721723,0.0002513118957526931,0.007888565934831726,0.004968999999999842,0.004968999999999882,0.004968999999999875,0.0010396899999994737,0.0010396899999994473,0.0010396899999994798,0.4607363213891673,9.754616438187954,0.7258296830493497,-0.003876572014980352,-0.013365004621669275,-0.0025421829767153835,-21.438188228607178,10.424812831878661,1.1499375462532044,989.0315209960937,0.006241666891296308,23.866138521242405
2025-03-01T17:52:51Z,40.08463481304139,-75.43261262332867,30.43901256233373,-9.87228650169229,49.313155673157965,-2.731038085068494,1.4045803519227822,0.1668432458092675,1.0047362800311597,0.0009999999988462554,0.0010000000052816159,0.000999999992261082,0.000999999988027623,0.0009999999861888753,0.0009999999862667964,0.00001000030133614219,0.00001000030940539748,1.2105035433140874,4.529067953248307,1.3039847662451471,0.056315572287905846,0.00022153242216413818,0.0002525806546016484,0.007899393543900964,0.004969999999999839,0.004969999999999885,0.004969999999999876,0.0010396999999994737,0.0010396999999994474,0.0010396999999994802,-0.047580283342613244,9.675175991688695,0.7800173159388559,0.00567878836020808,-0.005948004985489104,-0.008707077563393003,-21.916313285827638,10.168312883377075,1.0449375450611114,988.91255859375,-0.07954776023955934,24.1828205898852
2025-03-01T17:52:52Z,40.08434433471158,-75.43209278852157,30.139080078309803,-9.697313874594695,49.24808576456641,-2.536431986734742,1.415850460234058,0.1649605078524032,1.006526941319481,0.0009999999986417692,0.0010000000053870266,0.0009999999922167572,0.0009999999884429454,0.0009999999862656016,0.0009999999864916292,0.00001100029695875071,0.000011000309976010453,1.2624606523029247,5.336465289060739,1.444867639133551,0.05467388469966979,0.00022553610140080136,0.00025157167368064937,0.007911275180343007,0.004970999999999842,0.004970999999999883,0.004970999999999879,0.0010397099999994728,0.0010397099999994476,0.0010397099999994801,-0.4359837766063206,9.663963698772713,0.6873876158887442,0.00005899869760788161,0.00636292353761923,-0.009892589128110542,-20.94806318283081,10.216500368118286,1.1848125457763672,989.0327368164062,-0.08803908471879103,23.33665871398051
2025-03-01T17:52:53Z,40.084014921430395,-75.43158017341754,29.957002702964317,-9.780268276204817,48.907048101745005,-2.2692075497231894,1.426372193361113,0.1512872339360074,1.0131546331865842,0.0009999999985059866,0.0010000000054923093,0.0009999999924525757,0.0009999999882208074,0.0009999999861824175,0.0009999999863289737,0.00001200029086215511,0.000012000310662753133,1.2941130407563444,6.130911015669101,1.566371700282074,0.05099788282262422,0.0002301640402214518,0.0002492024942231533,0.007920701538978248,0.00497199999999984,0.00497199999999988,0.00497199999999988,0.0010397199999994727,0.0010397199999994484,0.001039719999999481,-0.7080392104628263,9.72598357899445,0.5757101325327753,7.926747273613111e-6,0.009517055772804992,0.00304188880922381,-21.075188331604004,10.115812873840332,0.9151875354349613,989.1272094726562,-0.01747937195274455,23.395051269313267
2025-03-01T17:52:54Z,40.0838732693169,-75.43104281191816,28.933903008908917,-9.86269710540953,49.28144917307958,-2.252746475831351,1.4301015810024393,0.14291949002945603,1.0152757318256702,0.000999999998300835,0.0010000000057223911,0.00099999999234456,0.0009999999884599748,0.0009999999864252352,0.0009999999860649984,0.000013000282706498093,0.000013000311475336242,1.307352105313642,7.00888693826652,1.6687387740436572,0.047595476729513045,0.00023525356864064663,0.00024727430154897326,0.007929515986574317,0.004972999999999841,0.00497299999999988,0.00497299999999988,0.0010397299999994722,0.0010397299999994488,0.0010397299999994813,-0.4518077856681581,9.671746229166262,0.5677340643604013,-0.001386880877445313,0.0038563748328820932,0.002308850988679702,-20.529375705718994,10.291687860488892,0.8563125367835164,989.6155224609375,-0.08730409779078033,22.980536145507347
2025-03-01T17:52:55Z,40.08348973898398,-75.43053047650113,28.651161729403363,-9.64278449133244,49.02338622920229,-2.133534283103216,1.4379123103247398,0.13189588577285882,1.010647375053109,0.000999999998143741,0.0010000000057752505,0.0009999999924050077,0.0009999999884231553,0.0009999999868205926,0.000999999986154568,0.000014000272077039502,0.000014000312425828386,1.3064895359589845,7.921025845371056,1.7584482419573424,0.04411061047350695,0.00024061218218549645,0.00024638163282115176,0.007938070948509774,0.0049739999999998405,0.004973999999999879,0.004973999999999879,0.0010397399999994726,0.001039739999999448,0.0010397399999994804,-0.31516584970259626,9.647920012296364,0.8178160621927748,0.0016111967638780262,-0.0012879075098870812,0.0008125660608739164,-20.950125732421874,10.167187900543214,0.8263125312328339,989.40783203125,-0.0985472598966393,23.30150000088493
2025-03-01T17:52:56Z,40.08280247226196,-75.43005206651364,29.277992497276934,-9.482484228696842,48.20927596201632,-1.7816156927100342,1.4427432242650655,0.12207795551401023,1.0070351230237498,0.0009999999984275161,0.0010000000056551565,0.0009999999923109768,0.0009999999885542642,0.0009999999870357688,0.0009999999860519544,0.000015000258453777266,0.000015000313529795898,1.2956102641249023,8.909448885756737,1.8453408349882037,0.04101836550534296,0.0002473685373359636,0.00024572988732469314,0.007947585697792374,0.0049749999999998415,0.004974999999999881,0.004974999999999881,0.001039749999999473,0.0010397499999994476,0.0010397499999994801,-0.28207689810575937,9.79278320375501,0.7454410248598907,-0.0032194753828484433,0.0017488913470347872,-0.0033212865244599413,-20.81906312942505,10.19100037574768,0.7126875250041484,989.0835009765625,0.03907321899153121,23.190417092997855
2025-03-01T17:52:57Z,40.082007177267144,-75.42958595182306,30.063993070729992,-9.48188945074526,47.29178566097286,-1.743219354494376,1.4453416163866566,0.10856241451110145,0.9987340102329061,0.0009999999986250953,0.0010000000055232065,0.0009999999921310846,0.000999999988280585,0.0009999999873089261,0.000999999985684444,0.000016000241206286857,0.00001600031480301617,1.2781490953035912,9.913074771349306,1.9203026843903452,0.03797155967454081,0.0002538041493645161,0.00024640394472548867,0.007955960756679505,0.004975999999999841,0.004975999999999881,0.004975999999999881,0.0010397599999994727,0.0010397599999994473,0.0010397599999994787,-0.27119282335594125,9.497054496571874,0.6293714749587062,-0.004187012067880685,-0.0033007572205014427,0.00019168725645006763,-21.17906322479248,9.960375318527221,0.8750625362992287,988.98943359375,-0.2642262845933905,23.420613779963535
2025-03-01T17:52:58Z,40.08118806661443,-75.42912253821343,30.748880022787702,-9.438429878829293,46.34953903153363,-1.4516357351509883,1.4543801265759937,0.10345908246604354,0.9966458743350526,0.000999999998519942,0.0010000000056065409,0.0009999999923180306,0.0009999999884235495,0.0009999999872972879,0.0009999999854925503,0.000017000219514395627,0.00001700031626428891,1.2557307065380097,10.923521237230984,2.005440443139055,0.03482121450436308,0.0002620694245979288,0.0002468447068642568,0.007966086079755514,0.004976999999999841,0.00497699999999988,0.004976999999999881,0.001039769999999472,0.0010397699999994466,0.0010397699999994793,-0.3300529990865449,9.768416300450205,0.7935367623354456,0.002838266866737867,0.0032353291967513603,-0.005907280122515551,-21.43875072479248,9.74887535572052,0.40218751404434444,988.9890161132812,0.020294823364945747,23.554616625310533
2025-03-01T17:52:59Z,40.080196088037425,-75.4286738249326,31.658648999497704,-9.322552309940821,45.18431689160761,-1.4034153280689432,1.4566836388952713,0.09842107450696003,0.9890557017929507,0.000999999998435077,0.001000000005744625,0.0009999999920516447,0.0009999999885194051,0.0009999999872098708,0.0009999999853765222,0.000018000192309912817,0.000018000317934917658,1.22954176489061,11.920010470136303,2.0879945003288203,0.031864634473951235,0.00026989816751789986,0.00024880328502345674,0.00797616457563458,0.004977999999999839,0.0049779999999998775,0.004977999999999883,0.0010397799999994721,0.001039779999999447,0.0010397799999994801,-0.3164139082864027,9.510868794753508,0.898422153046586,-0.0030260346299785202,-0.002028289408137928,-0.006711586337852671,-21.232125720977784,10.141312894821167,1.0959375440329313,988.8386645507812,-0.22726210607186006,23.555213332909904
2025-03-01T17:53:00Z,40.07952289791617,-75.42820143397911,31.913742684479743,-9.292636100203554,44.68684630099547,-1.0343500177281482,1.468821394013861,0.08981608548448204,0.9839376820387011,0.0009999999982375678,0.0010000000061160148,0.000999999991806568,0.0009999999886565521,0.000999999987088227,0.0009999999857213,0.00001900015825618219,0.000019000319838830172,1.2014134090506259,13.015954820793198,2.192122912900287,0.029413980759059762,0.00027778912459735795,0.00025122254384834993,0.007984387291997554,0.004978999999999838,0.004978999999999878,0.004978999999999885,0.0010397899999994714,0.0010397899999994463,0.0010397899999994805,-0.31877468592260555,9.964243331715828,0.8073033356589708,0.00907175828394279,-0.0021891834996987034,0.0012331618384475262,-21.869625720977783,10.741875371932984,0.602625019736588,989.1254370117188,0.21632851097820763,24.37271211281321
2025-03-01T17:53:01Z,40.07830283765069,-75.42776157387638,32.97604174300999,-9.390365157225192,43.305817366240326,-1.0790483832763724,1.462992588691826,0.08227906224103063,0.9871830221293009,0.0009999999981785215,0.0010000000057925524,0.0009999999917764,0.000999999988827281,0.0009999999872024256,0.0009999999861766376,0.000020000115679771153,0.00002000032200074652,1.1716632433872325,13.992558731386236,2.291862518806753,0.02653470223723776,0.0002880726465167524,0.0002523519664806965,0.007993866369871329,0.004979999999999837,0.004979999999999876,0.004979999999999885,0.001039799999999471,0.0010397999999994458,0.001039799999999481,-0.5101527778172005,9.442274537716154,0.8883722965696804,-0.0107738375977567,0.007969531570434488,-0.0018450299213112835,-16.252688170671462,17.51850060880184,4.7656876489520075,988.71873046875,-0.2877891231693664,24.36713029599092
2025-03-01T17:53:02Z,40.076830272192694,-75.42733568317087,34.16853114396355,-9.5453289628591,41.80785870733785,-0.875517919560344,1.4627422606925904,0.06486398998100126,0.9821586301760674,0.000999999998449289,0.0010000000057191548,0.0009999999920080635,0.0009999999889629806,0.0009999999872231705,0.000999999986079458,0.00002100006238127831,0.00002100032444772571,1.1403511220471754,15.032037740118506,2.4139494649370166,0.024090585711040138,0.0002966834835725411,0.00025551487882946816,0.00800075336879793,0.004980999999999835,0.004980999999999875,0.004980999999999882,0.00103980999999947,0.0010398099999994448,0.0010398099999994808,-0.45355729824611,9.689147188837481,0.984215300213769,-0.004187011549771538,-0.0010675953672630977,0.006981298886871695,-22.115438385009767,13.223438053131103,0.22050000280141838,988.5280810546875,-0.03572455368874205,25.76815729861309
2025-03-01T17:53:03Z,40.07656732864398,-75.42685966208961,33.75631326220577,-9.3969760036108,41.78807919090434,-0.9001009542376525,1.4621427149443247,0.0641206516589965,0.9767081140077108,0.0009999999979382246,0.0010000000057824347,0.000999999991784382,0.0009999999889099265,0.0009999999873286218,0.0009999999861422984,0.000021999995752472065,0.00002200032720918755,1.1093814263870052,16.168513634165766,2.5530850828998473,0.0223965935355768,0.00030507658352266486,0.00025999318682218834,0.008009738946335904,0.004981999999999838,0.004981999999999874,0.004981999999999885,0.0010398199999994708,0.0010398199999994456,0.0010398199999994816,-0.19366210568060008,9.675215807591123,1.0309446426391737,-0.0010814490096654463,-0.004237583749025112,-0.0019468401720619498,-22.235813331604003,9.938250389099121,2.6844376051425933,989.2855810546876,-0.05336993841946719,24.503141238249842
2025-03-01T17:53:04Z,40.076243865011556,-75.4263823321739,33.318183585283585,-9.428307289919069,41.723237603426924,-0.9273337513823873,1.4582783278331723,0.06523463830737193,0.9768508453373208,0.000999999998151947,0.0010000000054699873,0.0009999999917851487,0.0009999999892639818,0.0009999999871296206,0.0009999999859640909,0.00002299991279699367,0.000023000330316148078,1.0798730793177482,17.35459297854301,2.7103954637351046,0.020827618560989896,0.0003148475877016885,0.0002637820064148252,0.008019319387342835,0.0049829999999998365,0.004982999999999874,0.0049829999999998825,0.0010398299999994714,0.0010398299999994462,0.0010398299999994805,-0.32132442122461113,9.67639852529479,0.93824172708945,-0.004627635619332017,0.0015360903172884077,-0.003173076364186467,-20.911875801086424,11.600812959671021,2.4778126102685927,989.3302807617188,-0.05818839459478218,24.04209897262547
2025-03-01T17:53:05Z,40.075617154182126,-75.42590955381925,33.081563514076414,-9.592718225548108,41.3952563095544,-0.9092586278260946,1.4564320151347632,0.06554942021900381,0.9782255473940735,0.0009999999984393645,0.0010000000057093796,0.0009999999921866233,0.0009999999893986853,0.0009999999875057353,0.000999999986119584,0.000023999809995530337,0.00002400033380186582,1.0516434789983156,18.57564755475878,2.88953112301787,0.019347289844094527,0.0003251340147486749,0.00026761948515813575,0.008029031580486993,0.004983999999999835,0.004983999999999875,0.004983999999999883,0.0010398399999994707,0.001039839999999445,0.0010398399999994813,-0.44582573022260236,9.691885780329002,0.95533145248718,-0.0029242237573619476,0.0032658723243383144,-0.003127845685785374,-21.652688331604004,10.560750370025636,2.8331251275539397,989.2551098632813,-0.03618100071715165,24.256803033094965
2025-03-01T17:53:06Z,40.07497094636141,-75.42543346508388,32.79206606703808,-9.727413874458124,41.422267722148995,-0.8948452191210092,1.4539879696013371,0.06334942546301124,0.9737603533198326,0.000999999998451153,0.0010000000054689578,0.0009999999920142718,0.0009999999892568172,0.0009999999877387084,0.0009999999865584123,0.000024999683588485163,0.000025000337699814165,1.025878386972629,20.001161106535182,3.0919752479017113,0.0186878214956824,0.000334148471251558,0.0002730584307133082,0.008037969964202049,0.004984999999999838,0.0049849999999998775,0.004984999999999886,0.001039849999999471,0.0010398499999994457,0.001039849999999482,-0.16857734604023794,9.729333534870797,0.8361688861012362,-0.0029751291499630784,-0.002995491130579236,-0.0009694566976707605,-20.718563327789308,11.115937871932983,1.710750070810318,989.3125830078125,-0.018585712025142608,23.574291322430273
2025-03-01T17:53:07Z,40.07438379782769,-75.4249526872169,32.36572358960031,-9.742609843018592,41.34524295854914,-0.9582972752008871,1.450036873014721,0.06414197805920613,0.9706334546926887,0.0009999999987179548,0.001000000005215633,0.000999999991927087,0.000999999988990023,0.0009999999877872824,0.0009999999868476293,0.00002599952960496319,0.000026000342044682246,1.0031346012319176,21.404690867806764,3.316120629887356,0.017947672754914983,0.0003435469392524048,0.0002785639923553239,0.008047633102054854,0.004985999999999839,0.004985999999999875,0.004985999999999889,0.0010398599999994719,0.0010398599999994458,0.0010398599999994827,-0.2593463961609464,9.632464688154911,1.0536463911089229,-0.004377280630054353,-0.001628388921118094,-0.0032932464450719837,-21.05437578201294,11.321250324249268,1.4640000587701798,989.410185546875,-0.09184019616563002,23.949912544819984
2025-03-01T17:53:08Z,40.07431614535099,-75.42446672392728,31.484833809989677,-9.953237287642843,41.50146589785584,-1.0606554072660286,1.4490576488407585,0.0635929597037621,0.973678426797123,0.0009999999984997045,0.001000000005020522,0.0009999999920345802,0.000999999988845441,0.0009999999878461839,0.0009999999871098547,0.00002699934336153106,0.00002700034687402933,0.9820376643858002,22.843105425893338,3.5628447807014494,0.017013042719019475,0.0003539808341890376,0.0002832285821483447,0.008056611509476256,0.004986999999999836,0.0049869999999998735,0.004986999999999889,0.0010398699999994727,0.001039869999999445,0.0010398699999994835,-0.4906512790880695,9.638964564636101,0.8816723953944956,-0.0013054324534129856,0.003265873373358795,0.00039480779137362077,-20.98143825531006,11.520562906265258,1.5035625553131104,989.6960278320313,-0.09361860408255457,23.983377246688292
2025-03-01T17:53:09Z,40.073936641266506,-75.42397746255428,30.68965707350232,-10.099100456201555,41.568307425451586,-1.0971750389195372,1.451919201090643,0.06339368441318785,0.9710133677800978,0.0009999999981601302,0.001000000004978238,0.0009999999920652478,0.000999999988628526,0.0009999999876949956,0.0009999999867861037,0.000027999119684867205,0.000028000352228418598,0.9623583399316399,24.38793521285377,3.839421397178074,0.01640451788789949,0.00036331977854704196,0.00028935900919334134,0.008065886341176078,0.0049879999999998354,0.004987999999999875,0.004987999999999891,0.001039879999999473,0.001039879999999444,0.0010398799999994837,-0.3906770590870738,9.688441110261993,0.9457732362284542,0.002702741074719006,-0.0019188009065903623,-0.0012904107367546222,-20.531438159942628,11.444625368118286,2.14050008893013,989.7075537109375,-0.04292834111514867,23.60293932740535
2025-03-01T17:53:10Z,40.072662776209285,-75.42348089544284,30.276419626374526,-10.335043873771662,41.248681768235876,-1.10780546449577,1.4495301387618886,0.06341703919626362,0.9704407314644308,0.0009999999979947531,0.0010000000047393543,0.000999999992297364,0.0009999999885494618,0.00099999998734284,0.0009999999866372748,0.000028998853082653545,0.000029000358150122654,0.9444983559835644,26.000025587407183,4.1435322625564055,0.01590064909849562,0.0003733912601715189,0.0002951533194922532,0.008075843233936869,0.004988999999999833,0.004988999999999873,0.0049889999999998885,0.0010398899999994726,0.0010398899999994435,0.0010398899999994834,-0.4015585096137205,9.669353428517768,0.9837661602079744,-0.0032194753849940673,0.0012805615868457228,-0.0029344050033437265,-20.459438285827638,12.547125511169433,2.430562586784363,989.5375561523438,-0.05765913620968072,24.123104210739086
2025-03-01T17:53:11Z,40.06938508768613,-75.42296483038321,30.715104347240345,-10.79812471775971,40.135489071629934,-1.0127295257790934,1.4502772569550055,0.0564086533094641,0.9676426382171996,0.0009999999980495832,0.0010000000046648336,0.000999999992402515,0.0009999999883534216,0.000999999987140339,0.0009999999865387473,0.000029998537506142707,0.00003000036468368536,0.9282191862323235,27.669087816279852,4.478407827315838,0.015406806869214706,0.0003831718932178632,0.00030134442782913035,0.008084902430542988,0.004989999999999831,0.00498999999999987,0.004989999999999886,0.0010398999999994716,0.0010398999999994426,0.0010398999999994825,-0.43920558354678896,9.687578828171123,1.043148043861244,-0.0010712669960891324,0.0003642641473628433,0.0005169811782099205,-20.602688274383546,14.669250612258912,2.760000104904175,989.0393286132812,-0.03160995382167056,25.44155445446383
2025-03-01T17:53:12Z,40.069319668867344,-75.42248956059107,29.780210462006643,-10.958522788639732,40.34103404987976,-1.0154304184454246,1.4499812289776575,0.054827707916931166,0.9676818506282787,0.0009999999976470831,0.0010000000045249434,0.000999999992246224,0.0009999999884360798,0.0009999999872502207,0.0009999999868221497,0.00003099816654534031,0.000031000371875290586,0.9133963196681506,29.456568041230902,4.846295181124815,0.015060872546013725,0.0003928269070439254,0.000307887933934934,0.008093809969122389,0.004990999999999829,0.004990999999999869,0.0049909999999998836,0.0010399099999994707,0.0010399099999994419,0.0010399099999994833,-0.3905201404391536,9.74653569774474,0.9126659868565009,-0.00038162414005406525,3.921649789550988e-6,0.0012932465387705007,-19.299000635147095,15.125438146591186,2.195437584668398,989.918427734375,0.011850482838469012,24.618037073217042
2025-03-01T17:53:13Z,40.073626327670375,-75.42207759170466,27.09008691206722,-10.701357074117176,42.29867552822384,-1.3399958136376888,1.448759304353555,0.06036149665536259,0.9653144805768704,0.000999999997614354,0.0010000000044234699,0.0009999999922370095,0.0009999999881513259,0.0009999999875104778,0.0009999999868384654,0.00003199773497660644,0.000032000379778014204,0.9011063790007632,31.44780663579115,5.236157207638777,0.015266096888717093,0.00040115684104419295,0.0003159566491469925,0.00810287744937325,0.004991999999999829,0.004991999999999869,0.0049919999999998846,0.0010399199999994698,0.0010399199999994407,0.001039919999999484,-0.09806883268816417,9.615594711934968,0.7307251625237914,0.001362010772456407,-0.005530580380482927,0.00016064276622261326,-20.678063173294067,8.553750386238098,0.9470625296980143,991.13005859375,-0.14153343875761448,22.397401495574176
2025-03-01T17:53:14Z,40.07595236600402,-75.42161735379553,25.056410516279346,-10.81420352065764,43.45144300383068,-1.269897689486341,1.4532918561441501,0.0682986795795443,0.9697453995511747,0.0009999999976284823,0.0010000000047065965,0.0009999999924422587,0.000999999988012126,0.0009999999875012352,0.0009999999868422153,0.00003299723889580918,0.00003300038845953253,0.8917278121364314,33.54388857729442,5.6751299888435165,0.015436818212728472,0.000411541088490644,0.00032234482953486573,0.008113769638646864,0.004992999999999826,0.004992999999999872,0.004992999999999882,0.00103992999999947,0.001039929999999441,0.0010399299999994845,-0.3660427413164431,9.927056498038448,0.7024506299381567,0.005636895892440349,0.00355895389179137,-0.004535004250795967,-21.039938316345214,12.692625560760497,2.3120626008510587,990.9343090820313,0.1731116117346005,24.68045529252468
2025-03-01T17:53:15Z,40.07629259794496,-75.42110877021689,23.720784100501284,-10.794960381889638,43.89316025567814,-1.2829134052065438,1.4530664780840776,0.06629469014464813,0.9651400260232602,0.0009999999975447572,0.0010000000044513566,0.0009999999924872529,0.0009999999879963274,0.0009999999873785378,0.000999999986470613,0.00003399667422463385,0.00003400039798864485,0.8845231752687606,35.664084956546205,6.133504045312772,0.015449972366339302,0.00041958772588732244,0.0003306965484819207,0.00812262490800601,0.004993999999999828,0.004993999999999874,0.004993999999999885,0.0010399399999994688,0.0010399399999994402,0.0010399399999994833,-0.3261447137925963,9.75198552512652,0.9440453092652513,0.00024209205421794585,-0.0049808018025033814,0.0017081675959081041,-20.77912576675415,12.520875520706177,2.3396250951290134,990.7106201171875,0.017448512022484944,24.372438538415853
2025-03-01T17:53:16Z,40.073762798011806,-75.42053273053301,23.279634019066435,-10.977803891759034,43.63824672885494,-1.1555798820029903,1.4552124673555291,0.06604973011476903,0.9670261013116073,0.0009999999975537233,0.0010000000042892263,0.0009999999925269008,0.0009999999880751374,0.0009999999873994813,0.0009999999861736398,0.00003499603778694459,0.000035000408436914597,0.8794063955722053,37.944446438139856,6.625029109830543,0.0157268652755529,0.00042951479286723875,0.00033738402867461843,0.00813310531794777,0.004994999999999827,0.004994999999999875,0.004994999999999882,0.0010399499999994696,0.0010399499999994405,0.0010399499999994822,-0.3277000538582886,9.830509971614202,0.77419477249564,0.0001391125617307596,0.0033987269147144035,-0.002361927912461358,-20.445000801086426,12.37406307220459,2.374312595129013,990.27740234375,0.08087142304613,24.01562854860938
2025-03-01T17:53:17Z,40.06980505215777,-75.41992392266899,23.30304526357817,-11.147838263233787,43.01154075701187,-1.044807850837609,1.4608151963397271,0.05554220241251715,0.9642366087101661,0.0009999999976210855,0.0010000000041327966,0.0009999999927057025,0.0009999999883367162,0.0009999999877539291,0.0009999999860273976,0.00003599532805170449,0.00003600041988491917,0.8764517088106609,40.30827124397233,7.14080940063087,0.016068109836452408,0.00043766273756127807,0.00034518829514687674,0.00814101747377295,0.004995999999999826,0.004995999999999873,0.004995999999999881,0.00103995999999947,0.001039959999999441,0.0010399599999994817,-0.31661723284056587,9.785173883027337,0.6968019992666636,0.002675369914749226,-0.0018653920590212829,0.00609621226148458,-21.432188301086427,11.606250448226929,2.4645000779628754,990.0714013671875,0.02961724269717784,24.49724507478486
2025-03-01T17:53:18Z,40.06699383393597,-75.41934631314906,23.029638869844003,-11.14138504755254,42.66595082354602,-1.0384731862200782,1.4637685685129076,0.062444320020278485,0.9655388812911397,0.0009999999979362563,0.001000000003940868,0.0009999999928182513,0.000999999988417666,0.000999999987985901,0.000999999985896734,0.000036994544350094845,0.00003700043241941048,0.8753043964766786,42.73103316358626,7.675286579257299,0.016280358010466914,0.00044713120614765437,0.0003522859760845441,0.008153690436842232,0.004996999999999828,0.004996999999999874,0.004996999999999877,0.00103996999999947,0.0010399699999994409,0.0010399699999994808,-0.26277479750238886,9.708356411293982,0.7629883901453566,0.0004966188095882743,0.003306596741296777,-0.009429933804627852,-20.97356330871582,12.086438026428223,2.454375106096268,990.3096948242187,-0.04356305743773083,24.330923265417315
2025-03-01T17:53:19Z,40.06463958454586,-75.41878126651791,22.635840377913333,-11.249364515795278,42.6539767900446,-0.9923478569998875,1.4647608918005044,0.05350153677581141,0.9604495224584082,0.0009999999982273377,0.001000000003669479,0.0009999999930154614,0.0009999999881606264,0.0009999999881468169,0.0009999999858491691,0.000037993688806621374,0.00003800044614414517,0.87634655701923,45.36281660987315,8.238682385853158,0.01705047239995848,0.0004536719269074161,0.0003610818596513822,0.008161542219952439,0.004997999999999831,0.0049979999999998715,0.00499799999999988,0.00103997999999947,0.0010399799999994412,0.0010399799999994807,-0.17595063686017906,9.794823613147233,0.4987468897686629,-0.0008723187379474484,-0.005103309241014307,0.006200193300167472,-11.904375463724136,15.138188064098358,6.949875204563141,990.4418408203124,0.023692534409637988,20.473826660586294
2025-03-01T17:53:20Z,40.061473973808965,-75.41819879005637,22.54714525069921,-11.001766218229337,41.93896858240327,-0.7704128383581997,1.4743824781981116,0.05058026806340455,0.9582111821850124,0.000999999998211516,0.0010000000035544384,0.0009999999929793028,0.0009999999881643575,0.0009999999883393113,0.0009999999858923325,0.00003899276238471832,0.000039000461165805724,0.8782639742057902,47.884819205287954,8.831974193938239,0.01661250489503988,0.0004607857323302366,0.0003692727604722571,0.008171420404450208,0.004998999999999832,0.004998999999999873,0.004998999999999881,0.0010399899999994707,0.001039989999999442,0.0010399899999994815,-0.3986472466002187,9.891965730027662,0.9457601588647808,0.0066867151076089835,-0.0014988726003229737,-0.000022616163142019467,-22.96912568092346,13.869750452041625,1.3488750632107258,990.3538598632813,0.15975845576948552,26.865729962979813
2025-03-01T17:53:21Z,40.05956793424459,-75.41765402200768,22.21697725572086,-10.832302751667438,41.707296150746096,-0.8357672191613224,1.4777312977252879,0.051101317527271206,0.9572102824399786,0.0009999999982893,0.0010000000037255366,0.0009999999929001706,0.0009999999883021707,0.000999999988617914,0.0009999999857977476,0.00003999176300796751,0.00004000047757471964,0.8793983215053359,50.5087404024643,9.428340696486073,0.016487776929467807,0.00046782577364106945,0.0003773504577661031,0.00818201577093185,0.004999999999999829,0.004999999999999875,0.004999999999999883,0.0010399999999994715,0.0010399999999994428,0.0010399999999994823,-0.2592287078125259,9.661649279731574,0.7473650869225723,0.0014609840135351812,-0.00043670310196459756,-0.002181672718657956,-21.56906322479248,10.537687911987305,1.595812552087009,990.5792309570312,-0.09130112229770432,24.058502203171223
2025-03-01T17:53:22Z,40.05651040360465,-75.41708286136495,22.167258533633174,-10.507466760741671,41.13521060255014,-0.6907329268348055,1.479478074031475,0.04828229922728247,0.9580015385665503,0.0009999999982166408,0.001000000003924261,0.000999999992948348,0.0009999999884328405,0.0009999999888686537,0.0009999999856756118,0.0000409906896802871,0.000041000495472004374,0.8800445673423436,53.248135223373474,10.064486239433803,0.01625528956102802,0.00047493010125261755,0.0003850149930356672,0.008191903472368516,0.005000999999999831,0.005000999999999876,0.005000999999999885,0.0010400099999994716,0.0010400099999994428,0.0010400099999994825,-0.3006212817090531,9.843191996252784,0.7811738502275727,-0.001376700155846354,0.0012296562962899199,0.0005373426107685548,-23.151000804901123,13.601438102722168,3.833437647819519,990.4457934570313,0.09350869264158133,27.123061134253785
2025-03-01T17:53:23Z,40.05283669500802,-75.41650298528747,22.348302648815373,-9.84355695844231,40.130522489390486,-0.5864675842990006,1.483232767480482,0.04345760781736486,0.9530908369030503,0.0009999999983410746,0.001000000004000354,0.0009999999925756392,0.0009999999887154965,0.0009999999884832535,0.0009999999858578891,0.000041989535991113933,0.00004200051494984587,0.878580012643114,55.92619203243444,10.720363358776561,0.015336535235356824,0.00048035877898226147,0.00039424245914624435,0.008201244570836631,0.00500199999999983,0.005001999999999879,0.005001999999999886,0.001040019999999471,0.0010400199999994419,0.0010400199999994818,-0.3607210041074254,9.758087276454816,1.1266575555474543,0.00037444551502833416,-0.004563378095981798,0.0017183484691248158,-22.273875885009765,16.011188135147094,3.0894376212358474,990.3625146484375,0.04445357361360847,27.604809595178747
2025-03-01T17:53:24Z,40.049250473338454,-75.41593376969246,22.52322339723192,-9.172429732010459,39.29239222003685,-0.5975503589482702,1.4866467552355258,0.04023562419488939,0.9497243145028904,0.0009999999985497094,0.00100000000410957,0.000999999992579143,0.0009999999885840596,0.0009999999886386008,0.0009999999859364279,0.00004298829049026626,0.00004300053608408774,0.8743327962690026,58.73472185560122,11.400757573209296,0.0147652575388097,0.00048640604579285713,0.00040313144689690624,0.008211017445794166,0.005002999999999832,0.00500299999999988,0.005002999999999883,0.00104002999999947,0.0010400299999994411,0.0010400299999994808,-0.2046645125741436,9.663845998165947,1.0415253618643892,0.0002592828342342227,-0.0029302321826286974,0.0004620697129805297,-21.3536256980896,15.656625747680664,2.90962511792779,990.37033203125,-0.06301103131102553,26.637764028956866
2025-03-01T17:53:25Z,40.044913677210495,-75.41535085246535,22.803934207350895,-8.61110809303788,38.395089645611655,-0.6007442462910707,1.4928996159200254,0.04215108048223968,0.9445949304630318,0.000999999998670475,0.0010000000039860745,0.0009999999925071664,0.000999999988568562,0.0009999999885311694,0.000999999986062979,0.00004398694297989379,0.00004400055896902217,0.8687952192105182,61.692730344562015,12.121079764958804,0.014459116916415366,0.0004925372108252966,0.0004124888815559149,0.00822243382569826,0.005003999999999834,0.005003999999999881,0.005003999999999882,0.0010400399999994708,0.001040039999999442,0.0010400399999994816,-0.21966411238298075,9.679243762330078,0.8349724699904224,0.0028586291220344317,-0.004125591674119883,-0.00517424243011762,-24.12825096130371,10.509187936782837,2.912437607049942,990.2676293945312,-0.06718836946044028,26.478201007085637
2025-03-01T17:53:26Z,40.03975337026567,-75.41475245504981,23.16115684370171,-7.692132159105034,37.655611502989956,-0.6761662584856428,1.4946719452322488,0.0376992742648506,0.9252336762063861,0.0009999999988030838,0.0010000000040193927,0.0009999999926621184,0.0009999999886661152,0.0009999999883471681,0.0009999999859974756,0.00004498548821737957,0.0000450005837383565,0.8636422462516073,64.89380603242073,12.867484492926282,0.014810797027540266,0.0004948758368474217,0.00042569799512709835,0.00823194418542606,0.005004999999999836,0.005004999999999883,0.005004999999999884,0.0010400499999994716,0.0010400499999994428,0.0010400499999994824,0.2671530438621129,9.609242577845857,0.9171770483320543,-0.0012428436877215227,-0.018602419556046964,-0.0003991493308466091,-24.348376026153563,9.530437874794007,2.355937594771385,990.1531713867188,-0.12815856647681573,26.25300813971987
2025-03-01T17:53:27Z,40.03460869613808,-75.41416566464389,23.412389104561406,-7.040101036139648,36.42218263798048,-0.7182526067635118,1.497379721518564,0.03355597945442391,0.9185908432213643,0.0009999999987546175,0.0010000000039031474,0.0009999999926495866,0.0009999999887767264,0.0009999999881450887,0.000999999985721542,0.00004598391477503492,0.000046000610516396444,0.8583972949367389,67.9708655865853,13.659594114584808,0.014582734531944771,0.0005013931740686588,0.0004350574685067621,0.008241632067845955,0.005005999999999838,0.0050059999999998855,0.005005999999999886,0.001040059999999472,0.001040059999999443,0.0010400599999994828,-0.18688243648290154,9.613361373579457,1.1308848657805586,-0.00020587596747124277,-0.005774925644342973,0.00021154781123787427,-24.564938430786132,10.702312943935395,3.582750163078308,990.1478759765625,-0.10316233933697792,27.033480266108114
2025-03-01T17:53:28Z,40.02856666331721,-75.41356535377653,23.781910085503416,-6.81479335867653,34.76883920928419,-0.6449991656755936,1.505199391538272,0.036738135892171155,0.9224980693484613,0.000999999999027662,0.0010000000041913387,0.0009999999929297065,0.0009999999887307077,0.000999999988248921,0.0009999999854563076,0.0000469821925248176,0.000047000639347291916,0.8511740563585586,71.0616335008748,14.513907499525063,0.013942560909113912,0.0005119966743243319,0.00044102141166819025,0.008253770242496045,0.005006999999999838,0.005006999999999886,0.005006999999999886,0.0010400699999994706,0.001040069999999442,0.0010400699999994815,-0.594459889788177,9.71378020349748,1.06831256292502,0.004874482978415581,0.005607520831040598,-0.006955931640619978,-23.519063339233398,11.743125429153443,2.3356875967979436,990.0375366210938,0.006001036594050301,26.391288169790382
2025-03-01T17:53:29Z,40.021340325253874,-75.41293742295105,24.31231036243137,-6.940993166086024,32.67034897353238,-0.6371102722189017,1.50402414598428,0.030619234796838427,0.9363058824549121,0.0009999999989568373,0.001000000004166565,0.0009999999930210902,0.0009999999887556161,0.0009999999885397526,0.0009999999855207036,0.00004798027335140747,0.00004800067016427081,0.8409293534648539,74.08182882301497,15.428222135057345,0.013240518035058574,0.0005258624476664916,0.0004439603594569436,0.008263205700246143,0.00500799999999984,0.005007999999999887,0.005007999999999887,0.0010400799999994712,0.0010400799999994424,0.001040079999999482,-0.970093174474166,9.626266915113916,1.1255879747391095,-0.0038665576687323968,0.015265526389408101,0.002444876536369483,-23.35387577056885,11.539312906265259,1.981500083208084,989.8937060546875,-0.04387731548457912,26.12437454293669
2025-03-01T17:53:30Z,40.01517898167386,-75.41234488000988,24.613075058219362,-7.181078611672929,31.56151290476897,-0.6195633837704682,1.4961775785444575,0.024411409294948852,0.9395173413241906,0.0009999999987924102,0.001000000004084063,0.0009999999930238408,0.0009999999884587598,0.0009999999886806392,0.000999999985419083,0.00004897811273774038,0.00004900070289058994,0.8298983125554971,77.52114139106878,16.427756158059985,0.013087308269611752,0.0005369282396341711,0.00045025700998965436,0.008272092401576947,0.005008999999999837,0.005008999999999885,0.005008999999999885,0.0010400899999994718,0.001040089999999441,0.0010400899999994826,-0.3920669788863012,9.701217849091496,0.7914230998917422,-0.008971785904771119,0.004457058824262279,0.0029400779437711785,-23.01431327819824,11.260687875747681,2.3718751096725468,989.9968212890625,-0.04268312750359382,25.731010193566046
2025-03-01T17:53:31Z,40.009673412958875,-75.4117709539873,24.73936611852587,-7.714287465708407,30.961073417460252,-0.6795070044620762,1.5054667759599252,0.02087318095213659,0.9364820238681801,0.0009999999988964162,0.0010000000043740615,0.0009999999927574439,0.0009999999883202057,0.0009999999886767654,0.0009999999855803627,0.00004997569377584814,0.00005000073757130832,0.8208278249375213,81.16985371041677,17.50278539982716,0.012754010351290007,0.0005463350364625493,0.00045872883001618544,0.00828147622532563,0.005009999999999835,0.005009999999999883,0.005009999999999882,0.0010400999999994707,0.0010400999999994418,0.0010400999999994813,-0.2620530313397667,9.667258690439112,0.415939534498179,0.008951587390535226,-0.0017685879914670487,0.0006022684583902131,-22.876125736236574,10.898250389099122,2.5198125946521763,990.0702612304688,-0.10420075867931312,25.464403781103055
2025-03-01T17:53:32Z,40.00071831233465,-75.41105993826658,25.223486241191154,-8.21228420501537,30.02371447294601,-0.7039028954310429,1.4939897581695671,0.020296085166124744,0.936176892280424,0.0009999999986301101,0.0010000000044159193,0.000999999992982579,0.0009999999886607508,0.0009999999885916908,0.0009999999855245757,0.00005097300808665897,0.00005100077430187156,0.8136244493070344,84.89816955015594,18.659869870171935,0.012710955175748299,0.0005569213316187087,0.0004664709534325565,0.008292123522027755,0.005010999999999832,0.005010999999999881,0.00501099999999988,0.0010401099999994708,0.001040109999999443,0.0010401099999994817,-0.1386271842812638,9.650848936076558,0.6924001210838959,-0.01160868534837747,0.002064505150223361,-0.003260199260137698,-22.67212568283081,12.663375558853149,2.2400625956058504,989.7547216796875,-0.10719096940117545,26.06533324845012
2025-03-01T17:53:33Z,39.99194643783921,-75.41035050986926,25.586033788973438,-8.877823448085785,29.27637469230658,-0.7460552482281853,1.5001030011852985,0.019681577374058283,0.9281929487168675,0.0009999999988461207,0.0010000000044507646,0.0009999999928977758,0.0009999999888280523,0.0009999999883326817,0.0009999999853553898,0.00005197004701060217,0.000052000813185026305,0.8078219251038956,88.74375132594771,19.897647509102505,0.012571879197535472,0.0005652084099144356,0.0004767690735578701,0.00830252246363473,0.00501199999999983,0.0050119999999998785,0.0050119999999998785,0.0010401199999994716,0.0010401199999994428,0.0010401199999994825,-0.2077797549055229,9.647618570959127,0.5839653772303849,0.006488100819672532,-0.005714173497674524,-0.003193105270443109,-22.957313289642332,12.156000509262086,2.153062576651573,989.761923828125,-0.11624184538198029,26.066062492988774
2025-03-01T17:53:34Z,39.9850082300559,-75.40971275936856,25.603232328610105,-9.353948071393011,28.62451184500934,-0.8534292809411345,1.5005291578770583,0.019753481116059145,0.9277681554209619,0.0009999999990002299,0.0010000000046073397,0.0009999999927237698,0.0009999999887980806,0.0009999999884632389,0.0009999999855503777,0.00005296679729368436,0.000053000854282992376,0.8027592839368936,92.61041557807994,21.211459332225505,0.012516350532549826,0.0005755380639722679,0.0004852785228106702,0.008312799209110763,0.005012999999999829,0.005012999999999876,0.005012999999999876,0.0010401299999994707,0.0010401299999994416,0.0010401299999994815,-0.3096348943034343,9.594924830823105,0.7138655755363708,0.0007816888435394169,0.00130092378917867,-0.00225227257755319,-22.430438232421874,12.291375479698182,1.7638125720620155,989.9288598632812,-0.1572487618423681,25.638075249207155
2025-03-01T17:53:35Z,39.97695462348482,-75.40902137062761,25.629714701087828,-9.736160373438357,27.677737512099814,-0.885639968234428,1.5033390417398216,0.01600822477184946,0.927747084110367,0.000999999998990243,0.001000000004563139,0.0009999999925381418,0.0009999999888367411,0.0009999999882309106,0.000999999985701639,0.00005396322347923208,0.00005400089748824787,0.7981166983386672,96.48016778189188,22.620192378168873,0.01271070734210836,0.0005859080561918972,0.0004939154358907344,0.008321781326970708,0.0050139999999998285,0.005013999999999874,0.005013999999999874,0.0010401399999994715,0.0010401399999994411,0.0010401399999994806,-0.481757953039302,9.639044355387849,1.0312636789404597,0.0034389509019159027,0.0016267180645101157,0.0017285292035420362,-22.541813316345216,12.800625562667847,2.1778125858306883,989.8709814453125,-0.07754393007076435,26.014026780103098
2025-03-01T17:53:36Z,39.969023966820686,-75.40832597330541,25.593720455975998,-9.995327737398403,26.774927739850416,-0.8533460525369728,1.5045270216979878,0.014584321898236764,0.9263447865945985,0.0009999999991318217,0.0010000000045166685,0.0009999999923741745,0.0009999999889335474,0.000999999988179642,0.0009999999861457988,0.00005495927007983778,0.000055000942474897315,0.7944093107564694,100.45636461954406,24.12954294815236,0.013320294739208956,0.0005957763454235853,0.000503268234565634,0.00833128590103112,0.005014999999999828,0.0050149999999998755,0.005014999999999875,0.001040149999999472,0.0010401499999994407,0.0010401499999994801,-0.4771717060540217,9.700012970966716,1.191802467513047,0.0021820048544674026,0.00031436027942735915,-0.00013878055371042888,-22.11112579345703,12.434062967300415,1.6091250652074813,989.912568359375,0.0011431982465967363,25.418389192828688
2025-03-01T17:53:37Z,39.961727048674966,-75.40764685107092,25.40452102004812,-10.439521029483622,26.498468019007976,-0.9796713291053396,1.4951020598747096,0.015271807266798157,0.9256357506566488,0.0009999999990788619,0.0010000000047106228,0.0009999999923111739,0.0009999999886216348,0.0009999999882791836,0.0009999999863465594,0.00005595490274199121,0.00005600098896094118,0.7925102625220308,104.67362907894668,25.702571330566254,0.013470471737095835,0.000605616898919629,0.000512699660345249,0.008341229365751565,0.0050159999999998305,0.005015999999999877,0.005015999999999877,0.0010401599999994714,0.0010401599999994415,0.0010401599999994794,-0.22867708270413287,9.58002138836727,0.7871957782974356,-0.008167479797104202,0.000964948931887759,-0.0016312268259539274,-22.265250701904296,12.833063097000123,-2.5243126090615986,990.00244140625,-0.16839341303671043,25.822440445508015
2025-03-01T17:53:38Z,39.953817432890716,-75.40691880174346,25.200311658888392,-11.064608756236764,26.338844464516026,-0.9310722685755861,1.509002187379301,0.01701944995680281,0.9223090737503206,0.0009999999987774651,0.0010000000047927164,0.0009999999924418998,0.0009999999886785842,0.0009999999881435179,0.0009999999867851895,0.00005695011679036107,0.00005700103682781039,0.7920922847125131,109.08588554112413,27.385399555697354,0.013552699263891452,0.0006145101797692091,0.0005230319649684122,0.008351361984290645,0.005016999999999828,0.005016999999999876,0.005016999999999876,0.0010401699999994705,0.0010401699999994405,0.0010401699999994802,-0.3424675592756245,9.758617461528132,0.6756196394141276,0.015570959610364695,-0.0014982050795643628,-0.0025021260294288174,-20.747438339591028,-11.56893800266087,-9.264562857747078,990.0103930664062,0.004564638529706226,25.497569716385687
2025-03-01T17:53:39Z,39.941887460459,-75.40594937063453,25.23692932867606,-11.697648775833699,26.14486396262436,-1.1594660685293736,1.5026962934887758,0.01291177671698961,0.9182811108361096,0.0009999999988647066,0.0010000000048918875,0.0009999999922262524,0.0009999999886301579,0.0009999999877600024,0.0009999999865368042,0.00005794490088409131,0.00005800108577366919,0.7932287681602886,113.3827004773804,29.08351642371026,0.014149293730402817,0.0006230404178876575,0.0005334310479940209,0.008359456187860671,0.0050179999999998256,0.005017999999999873,0.005017999999999873,0.0010401799999994695,0.0010401799999994405,0.0010401799999994804,-0.3770320797550374,9.431506815587657,0.957365346188454,-0.0034740019098486678,-0.0018043053868250255,0.0036629340840171045,-23.876438455581663,-12.95906305372715,-4.261500202007592,989.7903051757812,-0.2959184499464608,27.498713099355253
2025-03-01T17:53:40Z,39.92790143593432,-75.40482526055291,25.234900664627187,-12.373765668632439,26.22594892406807,-1.2849304601222362,1.4999679829876693,0.01840080997032487,0.9130709028260079,0.0009999999985160957,0.0010000000047889544,0.0009999999923711326,0.000999999988684903,0.0009999999876279253,0.0009999999865433168,0.00005893924052132102,0.00005900113529350508,0.796797631407438,117.83362405257851,30.854162908045193,0.014987129199816734,0.000631084074853984,0.0005440604142566959,0.008370400504721183,0.005018999999999823,0.005018999999999871,0.005018999999999871,0.00104018999999947,0.0010401899999994409,0.0010401899999994807,-0.32534711288547236,9.50787784162668,1.1135369167206934,0.0011380269848741062,-0.0019672024378311554,-0.005357502553342536,-20.199563455581664,-11.898187921643258,1.1591249918937683,989.7034155273437,-0.2050078579632035,23.471907228102975
2025-03-01T17:53:41Z,40.09027481675293,-75.41407673158712,22.977566775552155,-8.715801325745954,26.829707506721977,-1.4232175218973333,1.5034829230744478,0.022203912177358648,0.9029062449326924,0.0009999999985014836,0.0010000000049204805,0.00099999999223666,0.0009999999885738839,0.0009999999876811282,0.0009999999863903194,3.0750626217528415e-10,3.075064190911538e-10,0.5388470920628141,0.004583118814555988,0.004582645259381594,0.01115365047881207,0.0001886191581612208,0.00016751534043571006,0.008104348420636042,0.005019999999999822,0.005019999999999869,0.005019999999999869,0.001040199999999469,0.00104019999999944,0.0010401999999994798,-0.22200266972866348,9.689421714152566,1.146691885673543,-0.0012228155252581802,-0.00903887993997559,0.0018139835798973965,-29.452313690185548,-7.0035003176704045,-8.208375341668726,989.7875854492188,-0.023887761363012655,31.366575144685452
2025-03-01T17:53:42Z,40.09035637877431,-75.41376202196373,22.636819720606674,-8.690597538549705,26.771841460847412,-1.5418803720177896,1.4958470447620058,0.029601313174040873,0.900560906114659,0.0009999999983353093,0.0010000000050902009,0.0009999999920326523,0.000999999988363107,0.0009999999876689576,0.0009999999864090533,1.0003075064048334e-6,1.000307506750106e-6,0.570313310326411,0.02653305477095401,0.018554041302497673,0.011609804885682196,0.00019881480453702542,0.00017731260482531694,0.00811974402021893,0.005020999999999821,0.0050209999999998685,0.0050209999999998685,0.0010402099999994696,0.0010402099999994407,0.0010402099999994806,-0.27800910347674446,9.542135046954003,0.7488707377739895,-0.006070178154683334,0.003357501902945599,-0.006955931224133859,-31.546876277923584,-4.665562634579837,5.513250226974487,989.7094091796876,-0.20793189428096062,32.36302699898992
2025-03-01T17:53:43Z,40.090433326332224,-75.41345001225604,22.290650624489892,-8.517526451473845,26.32248798190035,-1.617071208144593,1.4802783137169544,0.03727254855631387,0.8957544165881902,0.0009999999980978363,0.0010000000049369847,0.0009999999923524718,0.000999999988635082,0.0009999999878629521,0.000999999986578673,2.000307506723027e-6,2.0003075093757774e-6,0.6027424216723704,0.10216634796808406,0.05901626346235389,0.012230390749822616,0.000208853980871974,0.00018721500612569518,0.008134782872829061,0.005021999999999819,0.005021999999999866,0.005021999999999866,0.0010402199999994702,0.0010402199999994413,0.001040219999999481,-0.5668829452789185,9.522944065213975,1.2440130840873658,-0.013530238404645657,0.0020568273590337452,-0.007218803397407561,-24.469126052856446,12.421688022613525,7.329000284671784,989.7327197265626,-0.16281883510637563,28.40330652600236
2025-03-01T17:53:44Z,40.090497377511504,-75.41314509030285,21.892035900540066,-7.712933365595973,25.43396234619825,-1.6160290373449637,1.480031501694242,0.031478802618367385,0.8781267163388002,0.0009999999979819064,0.001000000004831484,0.0009999999926958362,0.0009999999883821692,0.000999999988097561,0.0009999999866638302,3.000307506843435e-6,3.0003075194115536e-6,0.6360617151942567,0.2596031484166856,0.13506474700555052,0.013617738063979966,0.00021763003120000782,0.00019803884495264286,0.008135868582818652,0.005022999999999821,0.005022999999999868,0.005022999999999869,0.00104022999999947,0.0010402299999994413,0.0010402299999994812,-0.5116682289372735,9.515694378847906,2.1282133559859773,0.0026753699566323713,-0.011018182447421926,0.005169734518659328,-24.247313499450684,13.257563104629517,2.5477500963211064,989.8570361328125,-0.01908491143712126,27.752178319136945
2025-03-01T17:53:45Z,40.09054516272193,-75.41284452863115,21.433274706336157,-6.610116343628301,25.31365489571575,-1.7432307347445082,1.4755258700579463,0.04080877474103028,0.8301181062876326,0.000999999997822702,0.001000000004883795,0.0009999999924417537,0.0009999999884847438,0.000999999988371228,0.0009999999864419556,4.000307497646891e-6,4.000307546316303e-6,0.6705409911538921,0.4366258426297801,0.2608471744958996,0.015161055130105683,0.0002240577942623324,0.00021112687827663218,0.008148714873907309,0.005023999999999823,0.005023999999999865,0.0050239999999998715,0.0010402399999994705,0.0010402399999994419,0.0010402399999994815,0.3090300496309067,9.428795002932485,1.9128593127403186,0.00023191019226754205,-0.03828311343752142,-0.012789689864238767,-24.280126037597658,12.760875511169434,2.537812594175339,989.9679638671874,-0.15742937397996803,27.546363777904894
2025-03-01T17:53:46Z,40.09056329802729,-75.41254051933463,21.019512790610495,-5.663881286710914,25.60034047822803,-1.7455349968268106,1.4695665548178045,0.05545665620506892,0.7765068965153432,0.0009999999976043554,0.001000000004651033,0.0009999999923608074,0.0009999999886980474,0.0009999999884718863,0.0009999999864753494,5.000307440078548e-6,5.000307605545532e-6,0.7056771903230451,0.6343283817750333,0.4364816526437787,0.016721242981712174,0.00022991795052674713,0.0002244433327085057,0.00816291836032275,0.005024999999999822,0.005024999999999863,0.005024999999999869,0.0010402499999994709,0.0010402499999994418,0.0010402499999994817,0.4627760992992885,9.578331992097567,1.6156458862802388,0.000569722140783917,-0.04019298404530316,-0.019155702518398023,-24.417188358306884,12.510750522613526,3.431812629699707,989.9885229492188,-0.05864202860052272,27.64945738744985
2025-03-01T17:53:47Z,40.09054782859835,-75.4122267820473,20.530665945744353,-4.897469830862295,26.58182992856775,-1.8206776210431261,1.4657954647825486,0.05003880586839321,0.7057868863369983,0.0009999999974910502,0.0010000000046105435,0.0009999999923631716,0.000999999988669782,0.0009999999884652325,0.0009999999863891987,6.000307232326595e-6,6.000307718560671e-6,0.7403748039740597,0.8170743207964137,0.6554696303707557,0.01804426960023171,0.0002335782406470384,0.00023881276618424846,0.008154549887593784,0.005025999999999824,0.005025999999999866,0.0050259999999998665,0.0010402599999994719,0.0010402599999994413,0.001040259999999481,0.8555507483692582,9.589473063782172,1.0192198155300713,0.004334885947522671,-0.05717919770895666,-0.001946840386856048,-27.043876075744627,10.617375445365905,6.345750241279602,990.1260815429688,-0.10205143501130841,29.738282033690915
2025-03-01T17:53:48Z,40.09046774434498,-75.41189835518817,20.18076514564366,-4.074361248065397,27.583543462894884,-1.7285647531454518,1.4585713398621483,0.04625168144004162,0.6263124038691099,0.0009999999976433348,0.001000000004354615,0.000999999992720568,0.0009999999887396476,0.0009999999884369628,0.0009999999867351813,7.00030667019694e-6,7.000307913777066e-6,0.7747584497977063,1.0394412335793564,0.9436611214781103,0.02049166787518077,0.00023659949399155194,0.0002529403828222607,0.008142894147182564,0.005026999999999828,0.005026999999999862,0.0050269999999998675,0.0010402699999994725,0.0010402699999994408,0.0010402699999994803,1.0617270667976217,9.7364937026181,1.077339256995101,0.00178143749606092,-0.06182360617155348,-0.006137272588237149,-24.756938419342042,10.928625435829163,6.784687757492065,990.1251708984375,0.06975290365336805,27.899283258355638
2025-03-01T17:53:49Z,40.09028194559307,-75.41155435006254,20.171400678239333,-3.781134256377341,28.7000207468273,-1.6062689049149466,1.4546425828721326,0.042603321534405866,0.550960129804552,0.0009999999973560538,0.0010000000040864087,0.0009999999930744735,0.0009999999884832786,0.0009999999881191953,0.0009999999869303086,8.000305407369163e-6,8.000308226139307e-6,0.8097925141075704,1.2875618591402034,1.2577002302195424,0.022609119407548454,0.00024046292572988553,0.00026504034785905994,0.008126601084011356,0.005027999999999825,0.0050279999999998624,0.005027999999999864,0.001040279999999472,0.0010402799999994403,0.0010402799999994793,0.9144540625734848,9.764747292832151,0.6979434881208615,0.005383536677804741,-0.05217010656014792,-0.008106393393601294,-23.895375862121583,11.89331298828125,6.680250287055969,990.023466796875,0.04860887511703741,27.514774739441133
2025-03-01T17:53:50Z,40.08999995817773,-75.4112002748589,20.32017185060459,-3.8062479447618665,29.293859265855943,-1.4575250845089545,1.4538730492984586,0.03569537834780348,0.4804100231955619,0.0009999999972990167,0.0010000000037002942,0.0009999999931815326,0.0009999999885280998,0.0009999999883199113,0.0009999999870989624,9.000302927191957e-6,9.000308694109701e-6,0.8453846014366286,1.592661074461401,1.6043630305512413,0.024303760134501952,0.00024523474342683457,0.00027473413898505426,0.00810269503796973,0.005028999999999823,0.005028999999999863,0.005028999999999863,0.0010402899999994723,0.0010402899999994398,0.0010402899999994797,0.5754309770842135,9.735634564395632,0.9290103996018285,0.007609688150014361,-0.04548046968428184,-0.006197357424809036,-24.40406349182129,12.131250476837158,8.014125337600708,990.04380859375,0.013034713732099258,28.406845494609247
2025-03-01T17:53:51Z,40.08964657011139,-75.41084499815227,20.52806675451468,-3.762705325854886,29.29014442614239,-1.2765884332236899,1.4424825814415623,0.0199232329195487,0.4055939039687799,0.0009999999974363483,0.0010000000035445254,0.0009999999932034864,0.0009999999887279523,0.0009999999882348888,0.0009999999867921292,0.000010000298543579817,0.000010000309363906399,0.8823536807941981,1.9497684696014441,2.019670565374679,0.026235353700349823,0.0002503343339395472,0.0002822882689722314,0.0080676132111774,0.005029999999999824,0.005029999999999859,0.005029999999999859,0.0010402999999994727,0.0010402999999994402,0.00104029999999948,0.6052471165470917,9.70048361705973,1.4607792706943712,-0.004502291545179572,-0.05116217908895753,0.0006798782941364078,-24.409125995635986,12.954000568389892,8.388750367164612,990.1307641601562,0.044770846202354005,28.87870773355973
2025-03-01T17:53:52Z,40.08926942237196,-75.4104937793225,20.718347085624245,-3.7548696615920196,29.222331840971385,-1.078995183112681,1.4402447903365938,0.012386683880643254,0.3297281936323895,0.0009999999972137874,0.001000000003414611,0.0009999999933968042,0.000999999988558654,0.00099999998860264,0.0009999999867480159,0.000011000291423711963,0.000011000310289487536,0.9204887157734327,2.3219061052892047,2.4834081617216612,0.027897305241451734,0.0002563188533591284,0.00028723878277786324,0.008032359775227831,0.005030999999999821,0.005030999999999861,0.005030999999999861,0.0010403099999994722,0.0010403099999994397,0.0010403099999994794,0.7221110028637753,9.727658501303624,1.4658002802248091,0.002685550505779629,-0.05384998443857824,-0.008269291069810105,-25.15181369781494,11.854312944412232,9.911437845230102,990.2681860351563,0.08021250907168916,29.519011972201845
2025-03-01T17:53:53Z,40.088792476999046,-75.41014506944764,21.123440923599233,-4.080602271425148,29.349170281844913,-0.9202613178880545,1.4419288214107024,0.0028767146650335185,0.2568832700145218,0.0009999999971359297,0.0010000000031832863,0.0009999999931658815,0.0009999999889979344,0.0009999999883947377,0.0009999999868206947,0.000012000280631256779,0.000012000311525866137,0.9570321606114466,2.6771842026899724,2.9669437444373976,0.0287183343884013,0.00026345667822091196,0.0002892722179650653,0.007992821293583986,0.005031999999999819,0.005031999999999859,0.0050319999999998595,0.001040319999999472,0.0010403199999994394,0.0010403199999994791,0.7201025975000677,9.723038968317338,1.0811834617039784,0.0053564988629814375,-0.05036738750620228,-0.006918378363562204,-24.90018865585327,12.032250471115113,11.05106294631958,990.2359692382812,0.02568845946942943,29.781158676241883
2025-03-01T17:53:54Z,40.088128018017485,-75.40979868516204,21.90018262044217,-5.063765054170073,29.47286260481692,-0.7416729311463652,1.444868242500959,6.272848791675655,0.19441203824980513,0.0009999999970049264,0.00100000000310999,0.0009999999932203995,0.0009999999890077564,0.0009999999883728438,0.0009999999869945426,0.000013000265159619878,0.000013000313122931791,0.98745636724956,3.0228353383374005,3.436577493116032,0.027859168747215467,0.0002718340942470061,0.00028875277772620747,0.00795150590569201,0.005032999999999816,0.005032999999999856,0.005032999999999861,0.0010403299999994712,0.001040329999999439,0.0010403299999994786,0.4562285253893664,9.74464760525703,0.8046235014917373,0.005485348143751466,-0.03767224880195122,-0.003433278224794653,-24.89587614059448,11.845125455856323,12.414563026428223,990.0697583007812,0.004686552795424553,30.23623568080038
2025-03-01T17:53:55Z,40.087427858999256,-75.40945565760074,22.69910504903295,-5.921531225655401,29.606450124009868,-0.6065974339405231,1.4487513236258738,6.262480865957363,0.12497070325780328,0.0009999999971053125,0.0010000000030733964,0.0009999999931487368,0.000999999989331869,0.0009999999880685158,0.0009999999868621349,0.000014000243929706083,0.000014000315133860382,1.0097998455025217,3.3615752769698197,3.9580026733235094,0.027350478446461306,0.0002805795991173246,0.00028712340727861553,0.007912942915463237,0.005033999999999819,0.005033999999999859,0.005033999999999859,0.0010403399999994712,0.00104033999999944,0.0010403399999994796,0.6465527195259344,9.724647175895207,0.7121395992875473,0.004545350014475969,-0.04729303517229916,-0.006597924659397594,-24.659251155853273,12.47925048828125,13.0344380569458,990.0657299804687,-0.01167954247078144,30.55656771273867
2025-03-01T17:53:56Z,40.086632327312024,-75.40911680007568,23.643425277228637,-6.919209761264,29.687873712220448,-0.41664922932643544,1.4500538843927893,6.252377571318923,0.06293320161959637,0.0009999999969093323,0.001000000003022521,0.0009999999931060918,0.0009999999896388718,0.0009999999878796302,0.0009999999869647854,0.000015000215784409979,0.000015000317618810859,1.0248927135697101,3.7023300139238,4.508075544802673,0.026541697347830306,0.0002897334374064438,0.0002848105581024748,0.007878108488575708,0.00503499999999982,0.005034999999999861,0.00503499999999986,0.0010403499999994707,0.0010403499999994392,0.001040349999999479,0.6227689801210303,9.789313625332621,0.6384020900742057,0.00047625651831100565,-0.04130689452357774,-0.005876737103969773,-25.03350093841553,12.607875490188599,14.941500625610352,989.9771020507812,0.046064222755409216,31.762869936436893
2025-03-01T17:53:57Z,40.08602737755841,-75.40877747427362,24.274230231423786,-7.447914178262512,29.987045241865403,-0.36454856893375764,1.4493478982175414,6.237724960020945,0.0014653170245836223,0.0009999999967281608,0.0010000000029451652,0.0009999999927682538,0.0009999999900091002,0.0009999999881567566,0.0009999999867367688,0.000016000179465066434,0.000016000320640745945,1.0341416103451775,4.037416848970442,5.105065223458112,0.026321541860292477,0.0002987336125341226,0.00028286148508203457,0.007845724109597134,0.005035999999999819,0.005035999999999859,0.005035999999999859,0.0010403599999994693,0.0010403599999994396,0.0010403599999994795,0.8196584014960737,9.715495068864978,0.48215077722373945,-0.0031889323517290498,-0.048647452509172726,0.0012500186823275427,-24.961126079559325,12.653813018798829,15.18562560081482,990.1200341796875,-0.0219050377709832,31.839861623564296
2025-03-01T17:53:58Z,40.08542963168232,-75.4084391558045,24.87703186324067,-7.876684736504256,30.108221861036114,-0.243133172030415,1.4564476446182117,6.224560025385349,6.222112391380468,0.0009999999965705285,0.0010000000027887608,0.000999999992416508,0.0009999999902759668,0.000999999988262376,0.0009999999865192475,0.00001700013364230099,0.00001700032426835768,1.0396365455991203,4.391606393483968,5.745504256621817,0.02597453680596113,0.0003069718429801436,0.00028193866072983827,0.007819556414226799,0.005036999999999822,0.005036999999999862,0.005036999999999862,0.0010403699999994686,0.001040369999999439,0.0010403699999994786,0.932985369374858,9.773445142899368,0.6005791452111717,0.003073266156054211,-0.05198968409496934,0.0005822398517329364,-24.452813472747803,12.72937554359436,16.102688188552857,990.1073095703125,0.05238386175129515,31.926014641252365
2025-03-01T17:53:59Z,40.08478709225292,-75.40810506999635,25.529331534308035,-8.43422283121277,29.968320971058336,-0.18992008315338132,1.4604605515371294,6.220740636854321,6.164168184749043,0.0009999999966277184,0.0010000000026625137,0.0009999999922073836,0.0009999999904424521,0.0009999999883676155,0.0009999999863254169,0.00001800007687282092,0.000018000328566500752,1.041273705857472,4.758527757916485,6.395527935672514,0.024833877451690106,0.0003138455322543138,0.00028246434153696766,0.007801742889462353,0.005037999999999823,0.005037999999999863,0.005037999999999863,0.0010403799999994683,0.0010403799999994395,0.0010403799999994792,0.8475746689175091,9.692922742205056,0.7530182984199463,-0.0008880082052361622,-0.04772097425975848,-0.007485347749649976,-24.397501087188722,12.640688066482545,16.892625722885132,990.04978515625,-0.024824363198751292,32.254962099133614
2025-03-01T17:54:00Z,40.08390985028108,-75.40778278616446,26.407774379846437,-9.186478976932278,29.60213808164206,-0.11556918600177095,1.4695045367965762,6.215057955777157,6.104700520213827,0.000999999996436704,0.0010000000027838244,0.000999999991957859,0.0009999999904043548,0.0009999999881467785,0.000999999986314186,0.00001900000751282298,0.00001900033360196077,1.0386397874901687,5.142086119044524,7.078702253972451,0.023585882528649238,0.0003192859340772656,0.00028497045140983676,0.007788831380982155,0.0050389999999998205,0.00503899999999986,0.005038999999999864,0.0010403899999994672,0.0010403899999994384,0.0010403899999994778,0.8589647711232805,9.69216762392372,0.762349653248544,0.0027828548553888673,-0.048604893139366515,-0.006057159160162133,-24.064500885009764,12.494438076019287,18.209438247680666,989.8680834960937,-0.02381186313187282,32.66177441257948
2025-03-01T17:54:01Z,40.083055446544925,-75.40746714330218,27.304024397657386,-10.148907543476104,28.916824984814262,0.09860756736276735,1.4735082909122232,6.214034187381768,6.052025880121313,0.0009999999963196617,0.0010000000031059623,0.0009999999920602372,0.0009999999906750955,0.0009999999880759374,0.000999999986308479,0.00001999992350096281,0.00002000033944505114,1.030241537853406,5.563697437637791,7.768576421496342,0.021102825960273755,0.00032343203721642766,0.00028937809357093645,0.007781472904008742,0.005039999999999818,0.005039999999999859,0.005039999999999867,0.001040399999999467,0.0010403999999994383,0.001040399999999478,0.6356104633272558,9.830430276232162,1.114852961697276,-0.0022013672330638764,-0.04366890504298672,-0.008676533912204484,-23.254688377380372,12.543563022613526,18.85143823623657,989.8194750976562,0.1301347002229217,32.45758663227338
2025-03-01T17:54:02Z,40.08219211962799,-75.40715756064127,28.191001408905727,-11.484688970593778,28.440676372349863,0.04925040907456839,1.4767079245182622,6.204177921737534,6.01412914816182,0.0009999999963882244,0.0010000000029740234,0.0009999999922741065,0.0009999999911002857,0.0009999999878141576,0.0009999999859114151,0.000020999821710907654,0.00002100034615249957,1.0134905463521302,5.997680556721187,8.42790404994181,0.01842365042771173,0.0003279126520309596,0.00029503449009326286,0.0077753246513765535,0.005040999999999816,0.005040999999999857,0.0050409999999998685,0.0010404099999994673,0.0010404099999994387,0.0010404099999994781,0.1777438531054976,9.626920738852892,1.003626593374205,-0.002221729455707778,-0.031512695971710254,0.002512472677891595,-23.02312578201294,12.821250514984131,19.761750755310057,989.7523315429687,-0.10292783228827754,32.93891666650374
2025-03-01T17:54:03Z,40.08131065891846,-75.40685174956096,28.982015109377876,-13.052337405996319,27.85010035561378,0.08233016270590487,1.4760132066407508,6.183108103426344,5.988876021626856,0.0009999999963711491,0.0010000000031409769,0.0009999999924010742,0.0009999999912552189,0.0009999999880564777,0.000999999986046333,0.000021999697374503763,0.000022000353783210423,0.9879518659450865,6.489323430596792,9.124117451632868,0.01591401441738021,0.0003335972940241326,0.0003017812101246826,0.007769644865187716,0.005041999999999817,0.0050419999999998565,0.00504199999999987,0.0010404199999994675,0.0010404199999994386,0.0010404199999994783,0.05748685951623403,9.721587554178234,1.2603705692157217,-0.0053786989634442015,-0.02144644533772911,0.0156936326153298,-23.275125675201416,13.275938072204589,19.657313232421874,989.692109375,0.01952790623947778,33.23234257969163
2025-03-01T17:54:04Z,40.08062435461444,-75.4065430449877,29.604969548568736,-14.283433824990173,27.47215986751713,0.17041331942453214,1.4835350810885855,6.181152736557138,5.96410618165358,0.000999999996205624,0.001000000003161247,0.000999999992297714,0.0009999999913202742,0.0009999999880982162,0.000999999986114147,0.00002299954393427117,0.0000230003624317668,0.9567985848988418,7.047926282229336,9.914444270280876,0.014568807890134771,0.00033804730616200483,0.0003104635365726091,0.007772308385628996,0.005042999999999819,0.005042999999999859,0.005042999999999873,0.0010404299999994665,0.0010404299999994377,0.0010404299999994774,0.257384966993608,9.804707359310823,1.159638631763706,0.0033371399580928354,-0.021423245793488546,-0.0019977457565805217,-22.789688262939453,12.21243797302246,20.328750743865967,989.7241430664062,0.09285195472321198,32.89024622722531
2025-03-01T17:54:05Z,40.08027964018412,-75.40622783980503,30.028227632186248,-15.440971278264916,27.34629365534954,0.21544291206109584,1.4948168584802382,6.181357798341761,5.94501194485151,0.000999999996222085,0.001000000003209354,0.0009999999921651453,0.0009999999911217148,0.0009999999881254603,0.0009999999861195668,0.000023999353014174172,0.000024000372205150304,0.9240825652000892,7.678904370525918,10.770310016349903,0.01413171265747911,0.0003429251336648998,0.00032033854820981607,0.007778021432984033,0.005043999999999822,0.005043999999999862,0.005043999999999876,0.0010404399999994676,0.0010404399999994385,0.0010404399999994784,0.0733344073053835,9.816868983156139,1.076397812593064,0.008561035168624477,-0.01768111494597984,-0.00239197074473057,-23.27456329345703,13.696688070297242,20.93175079345703,989.8079711914063,0.09243800829263008,34.167810579260035
2025-03-01T17:54:06Z,40.07994189277225,-75.40591018311089,30.412967774667994,-16.463239130368073,27.54352502498809,0.1685728081159432,1.5014969489186112,6.18707649862762,5.9336148453612925,0.000999999995922538,0.0010000000031228488,0.0009999999922641499,0.00099999999115163,0.0009999999882033498,0.0009999999862259547,0.000024999114413109228,0.000025000383210690632,0.8938013972058236,8.379099112045903,11.703554317948308,0.014885141644250496,0.0003484394004752756,0.00033064741796702714,0.007787086224411301,0.005044999999999821,0.00504499999999986,0.005044999999999875,0.0010404499999994668,0.0010404499999994382,0.001040449999999478,0.014074783190982269,9.76283303006169,0.6832675153865286,0.004894845254711171,-0.010122247501858323,-0.006894845184416193,-23.696625862121582,13.224938039779664,21.360750846862793,989.7787426757812,0.0031556439657631813,34.53559367802904
2025-03-01T17:54:07Z,40.0797640981985,-75.40558845309563,30.59817877432738,-17.452007787711455,27.55738727085946,0.00803025555153972,1.4973077635628025,6.1777529432508,5.91424705695775,0.0009999999957189423,0.001000000003361404,0.0009999999921768662,0.000999999990845611,0.000999999988025366,0.0009999999863314112,0.00002599881663774858,0.00002600039556728494,0.869089505093555,9.165724496144527,12.700358081330322,0.01602073885575225,0.00035439875571967745,0.00034254130043637985,0.007794563294043592,0.005045999999999821,0.0050459999999998605,0.005045999999999876,0.0010404599999994661,0.0010404599999994373,0.001040459999999477,0.06292824873735955,9.635534865694103,0.931762151964294,-0.006450215532955071,-0.01966392178911105,0.007842518135602583,-23.516625843048097,13.19118803024292,21.57993824005127,989.8090771484375,-0.10288946356666104,34.535914026699864
2025-03-01T17:54:08Z,40.079555395224595,-75.40526607400332,30.565994122065348,-18.36999450392541,27.530335513858546,-0.2615265241647646,1.4937865024092811,6.186514351467872,5.897993454548656,0.0009999999955204902,0.0010000000033327226,0.000999999992460999,0.0009999999906468305,0.000999999988181682,0.0009999999863277002,0.000026998447339220413,0.000027000409400416053,0.8515090094007225,10.028027874168133,13.760264133603902,0.017575616724024714,0.0003597873963174417,0.0003542257764748866,0.00780734861006301,0.005046999999999821,0.005046999999999861,0.005046999999999876,0.001040469999999467,0.0010404699999994379,0.001040469999999476,0.1191510797144876,9.514784888967686,0.9939042680369844,-0.005459312714911579,-0.015396046547972591,-0.00991862597191407,-24.607688369750978,12.76800051689148,21.926250877380372,989.8127661132812,-0.2162798132253334,35.345679366628275
2025-03-01T17:54:09Z,40.07916887098944,-75.40494370448793,30.292165851964004,-19.5924757524329,27.397356431662825,-0.5683525220870613,1.4851448019702311,6.184568854987319,5.888923570361667,0.0009999999952120702,0.001000000003163363,0.000999999992262989,0.0009999999904304942,0.0009999999880894413,0.0009999999863988922,0.000027997993944523573,0.00002800042483195435,0.8426401979329988,10.96047275897557,14.89613618091194,0.02039836792165379,0.00036719972688979707,0.0003645737400602326,0.007817343881653688,0.005047999999999817,0.005047999999999861,0.005047999999999874,0.001040479999999466,0.001040479999999437,0.0010404799999994769,-0.19298413737213566,9.47864549064303,1.241513040988484,-0.00995935051895875,-0.009256855550588576,0.0014638214401719303,-24.564750804901124,12.631875524520874,21.952875785827636,989.8158862304688,-0.22201408689777413,35.2833732973302
2025-03-01T17:54:10Z,40.07855302736708,-75.4046204273145,29.843813322244394,-20.7775192293548,27.318555111269113,-0.7178689067923858,1.4785073730456486,6.1865059750156695,5.882955545065555,0.0009999999953735836,0.0010000000032783871,0.0009999999921647604,0.0009999999904699724,0.0009999999882742143,0.0009999999866010345,0.000028997445571331493,0.000029000441995206728,0.8450602494308654,11.952288338953943,16.14196886895404,0.024149594191034667,0.00037518519500330717,0.0003732176551448843,0.007827500670282131,0.005048999999999819,0.005048999999999859,0.005048999999999876,0.0010404899999994664,0.0010404899999994373,0.0010404899999994772,-0.23565352463744213,9.631562480985886,1.244993743185057,-0.007762072755250388,-0.006204868370533568,-0.0018111482647835695,-23.084250850677492,13.575563039779663,21.354750804901123,989.8358984375,-0.06901341125123416,34.25201381744908
2025-03-01T17:54:11Z,40.077307610358275,-75.40429229542316,29.422093420160053,-21.688054840835417,27.314255747256187,-0.8375969138142745,1.4798498228934749,6.191989752566266,5.883146631463825,0.0009999999953447043,0.0010000000032962435,0.0009999999919130815,0.0009999999903186406,0.0009999999884371387,0.0009999999863410589,0.00002999679827496157,0.00003000046106032014,0.8615232056909943,12.943596475602755,17.46909188181952,0.028308030324480152,0.00038397840448167953,0.00037898293328926665,0.007836552580747896,0.005049999999999821,0.005049999999999861,0.0050499999999998775,0.001040499999999467,0.0010404999999994364,0.0010404999999994778,-0.25966412710867115,9.65890479786863,1.0193394539732608,0.00048643755390218686,-0.0007251108714778607,-0.003728529224199836,-23.83181339263916,11.217375478744508,19.727438259124757,989.7910473632812,-0.06755830147485975,32.908256084136475
2025-03-01T17:54:12Z,40.075886935213234,-75.40396068507695,28.914011550774532,-22.71140606674999,27.354918407428187,-0.9589304206314813,1.4807373416751097,6.198826364050271,5.892799689468114,0.0009999999956164362,0.0010000000035657647,0.000999999991900261,0.0009999999900781897,0.0009999999886345285,0.0009999999866240727,0.00003099605898733166,0.00003100048220101813,0.8938021689564966,13.880687013007764,18.897131869217638,0.03413511143173768,0.0003938748941731963,0.0003805413695898149,0.007843069847655657,0.00505099999999982,0.00505099999999986,0.005050999999999876,0.0010405099999994667,0.0010405099999994368,0.0010405099999994775,-0.6057957284848571,9.670789153674223,1.030659599157412,0.0009302326129503181,0.008025276554707906,-0.0035235725808028034,-24.234188499450685,12.840000562667846,21.39937582015991,989.8390283203125,-0.03917991292629437,34.78636596998033
2025-03-01T17:54:13Z,40.074354119477164,-75.40362698330974,28.31769727949767,-23.78054658280842,27.402788238759626,-1.0764269195579188,1.475089976102148,6.203394012904038,5.9145551766734465,0.0009999999955590964,0.0010000000034368745,0.000999999991929351,0.0009999999901940378,0.0009999999885406405,0.000999999986459245,0.000031995248770911824,0.00003200050559490452,0.9434027728873181,14.690596379905124,20.43332358791182,0.04141145318603084,0.0004051519495391976,0.0003766120239220297,0.007845341769963352,0.005051999999999818,0.0050519999999998596,0.005051999999999873,0.0010405199999994662,0.0010405199999994363,0.001040519999999477,-0.8839116719420625,9.674697453813165,1.0727791607858275,-0.00460410229964829,0.01909745121052199,0.0005678862544279107,-24.283313598632812,12.441000509262086,20.320500755310057,989.9049951171875,-0.009554118308525079,34.02024554704536
2025-03-01T17:54:14Z,40.071359606619794,-75.40328520918511,28.085232145322372,-24.095966903575608,26.86337494607583,-1.0980922854990693,1.4726099670628543,6.211285010438977,5.942097349074585,0.000999999995582992,0.0010000000035551592,0.0009999999916837344,0.0009999999901527845,0.000999999988564492,0.0009999999862394476,0.00003299440483436031,0.00003300053144529647,1.0089347250756566,15.29866701121932,22.074779140214464,0.04856259099599219,0.0004166870853015325,0.00036723118974213014,0.007843820233622602,0.005052999999999815,0.005052999999999857,0.005052999999999871,0.001040529999999467,0.001040529999999437,0.0010405299999994779,-0.9450881773086559,9.672583722111126,1.250047434045001,-0.0017330374965794386,0.0213780130851686,0.001850702119717318,-24.7933136177063,12.569063053131103,20.075063228607178,989.7304345703125,0.0151730892893078,34.28840074731245
2025-03-01T17:54:15Z,40.06869797680275,-75.40295415268217,27.75709346896135,-24.219627082297123,26.004211734854206,-1.2079297872541856,1.4672015297530576,6.214663583116426,5.963862728679624,0.0009999999956434799,0.0010000000034245152,0.0009999999916538418,0.0009999999902736121,0.0009999999882881953,0.0009999999860030682,0.00003399357477088642,0.0000340005599627166,1.0833878570228928,15.628608987747139,23.793622484407422,0.05359804316648018,0.00042801622520616684,0.000353085456752135,0.007838152893255384,0.005053999999999811,0.00505399999999986,0.0050539999999998685,0.001040539999999467,0.0010405399999994375,0.001040539999999478,-0.8282105460850719,9.527180575758083,1.579832006509686,-0.004918047077061042,0.015025186393234476,0.0059999096090873625,-25.04512617111206,13.105688123703002,19.62300079345703,989.81822265625,-0.09070557228064734,34.410406419584106
2025-03-01T17:54:16Z,40.06638354556467,-75.40263315010117,27.342063292238013,-24.311305424405933,25.090249056440474,-1.2218863519196557,1.4676111466546473,6.22717886128562,5.9876022633656545,0.0009999999955629755,0.0010000000032812674,0.0009999999917366406,0.0009999999904347092,0.0009999999880564508,0.000999999986196024,0.00003499280524403245,0.00003500059136389414,1.1577941002033283,15.668296085159913,25.66161363973198,0.05739551751060565,0.0004389731162960887,0.0003345415803316399,0.007832566316444075,0.005054999999999808,0.005054999999999861,0.0050549999999998695,0.0010405499999994665,0.0010405499999994365,0.001040549999999477,-0.8965936316667642,9.598326467510613,1.7308452725891286,0.001229656701845316,0.0180997054878704,-0.0029649484151858625,-25.116938571929932,12.555938024520874,19.387313327789307,989.9080981445312,0.01093762209445898,34.122963440499014
2025-03-01T17:54:17Z,40.06458445947094,-75.40232093476715,26.846191205785463,-24.34273713114224,24.381289574892648,-1.1838577489860747,1.4665168268860636,6.235916795452714,6.010897414858124,0.0009999999954958415,0.0010000000033224515,0.000999999991902492,0.0009999999906948954,0.0009999999881231758,0.0009999999862459182,0.00003599213175862828,0.0000360006258906023,1.2241555722288506,15.43020394252363,27.650971324541448,0.05850159913466938,0.00045009356625498256,0.00031348831715729143,0.007825579866145755,0.005055999999999811,0.005055999999999858,0.005055999999999869,0.001040559999999467,0.0010405599999994354,0.001040559999999476,-0.837468031625483,9.659256510871982,1.609879576116758,-0.00013126979971320456,0.018269779421401032,-0.00016882316735899127,-25.680751228332518,12.517875499725342,18.60993824005127,990.0272924804688,0.04499950307505857,34.09581393354492
2025-03-01T17:54:18Z,40.062527197503,-75.40200408419194,26.60846663466201,-23.560771370808126,23.44679395837275,-1.142889251631609,1.4557973817885268,6.241235447848029,6.014750269369428,0.0009999999953547469,0.0010000000035077674,0.0009999999917040762,0.0009999999905641118,0.000999999988231038,0.0009999999860534092,0.00003699156921362748,0.00003700066378571898,1.2737569757120561,14.975327094366115,29.710098979284187,0.05607750968322442,0.00045996540676550095,0.0002934868238137731,0.007818375570810013,0.0050569999999998125,0.005056999999999861,0.005056999999999868,0.0010405699999994672,0.0010405699999994347,0.0010405699999994772,-0.5094748054343868,9.58408925437595,1.737305882729616,-0.010376774371687375,-0.002710421211229278,0.0027873618587789424,-24.6639386177063,12.814125528335572,18.99393835067749,989.9881787109375,-0.029531058913824917,33.6641939604189
2025-03-01T17:54:19Z,40.060699774542634,-75.40168531828894,26.438979326739073,-22.829839709263965,22.25950181835038,-1.0681410519047667,1.4584872489862026,6.2460006347543455,6.011028227863982,0.0009999999952932275,0.001000000003661851,0.0009999999915887164,0.0009999999904529123,0.0009999999880549897,0.000999999986149656,0.000037991111612804986,0.00003800070522855747,1.3037261122102735,14.401163121245766,31.95235144940116,0.05403799980409945,0.00046890227077353667,0.0002757296655590645,0.007813146461838219,0.005057999999999814,0.005057999999999862,0.005057999999999871,0.0010405799999994667,0.0010405799999994342,0.0010405799999994765,-0.4991856719699492,9.562673353191682,2.1816131800272576,0.0033676835152305425,-0.009786271950878679,0.0021357724688869915,-25.781438579559325,13.191938037872314,18.410438346862794,990.015888671875,0.03808924589506397,34.31691358565897
2025-03-01T17:54:20Z,40.05950678297755,-75.40137597653809,26.08466222806808,-22.120180553428572,21.787385013360286,-1.0129602297023053,1.460571791020366,6.256487321288857,6.002393778246793,0.0009999999952705829,0.0010000000038432916,0.0009999999912445236,0.000999999990374034,0.0009999999882827815,0.000999999986231903,0.00003899074186467225,0.00003900075035976688,1.314969186401556,13.774835741469088,34.21349356759649,0.04879352822205081,0.00047639086329010367,0.0002614925715536393,0.00781269508288527,0.005058999999999816,0.005058999999999865,0.005058999999999872,0.0010405899999994667,0.0010405899999994341,0.0010405899999994775,-0.20823412850339937,9.646664750204957,1.5581789227612763,0.0029330672026186997,-0.011792778673675255,-0.006387627669943314,-26.297063598632814,10.767375411987304,17.932500696182252,990.1522607421875,-0.009000695521578622,33.60123650465667
2025-03-01T17:54:21Z,40.05866663817027,-75.40107092363584,25.64700578813807,-21.836739482251815,21.507297106081264,-0.9250387105154408,1.4485301886465025,6.256575515723911,5.999902672546432,0.0009999999953794047,0.0010000000039407703,0.0009999999911862898,0.0009999999906472655,0.0009999999883675303,0.0009999999862356725,0.00003999044004036922,0.000040000799335546846,1.3102996950292474,13.17208447057507,36.63396266814642,0.044526475054825515,0.0004838145388761545,0.00025038001505009244,0.007812311999539645,0.005059999999999817,0.005059999999999866,0.005059999999999873,0.0010405999999994657,0.0010405999999994332,0.0010405999999994766,-0.3637120420910311,9.705604639685284,1.5796587507414954,-0.010906190789069547,-0.005520400283627268,0.003194605802760195,-24.263438625335695,11.841750450134278,19.46718826293945,990.2589990234375,0.05715802236731865,33.285275196332634
2025-03-01T17:54:22Z,40.057882407129746,-75.4007564953245,25.247163149916698,-21.7425190877431,21.157957480905832,-0.9408892944175566,1.4393261424729011,6.267281184668704,6.006322765356709,0.0009999999952355343,0.0010000000040528995,0.0009999999911722767,0.0009999999907326703,0.000999999988204214,0.000999999986061595,0.00004099018887715664,0.00004100085225992175,1.2969249240414098,12.618287899808543,39.18128105570548,0.041859058810908574,0.0004911511178324558,0.0002416854238404808,0.007817257823840788,0.005060999999999815,0.005060999999999863,0.005060999999999872,0.001040609999999466,0.0010406099999994332,0.0010406099999994767,-0.5300491695118451,9.563386680474014,1.8645386813928064,-0.007601845256059201,0.00497095285507051,-0.006507797683703062,-25.6801886177063,11.99868800163269,18.82237575531006,990.3032495117187,-0.024979667100250083,34.025269631676416
2025-03-01T17:54:23Z,40.05692128553936,-75.40040741345818,25.019734126137863,-20.925251978678855,21.43062991943578,-0.8894530302057566,1.443327394225518,6.269342638377668,5.999249455439409,0.0009999999955048195,0.0010000000038380122,0.0009999999913300813,0.0009999999908726703,0.0009999999882193316,0.0009999999858451285,0.00004198997306908217,0.000042000909300489835,1.2761851252532606,12.13664437136161,41.676497426224664,0.03670328825866125,0.0004961437672540779,0.00023789834305122746,0.007821465667986235,0.005061999999999815,0.005061999999999863,0.005061999999999871,0.0010406199999994663,0.0010406199999994337,0.001040619999999477,-0.26173790223947807,9.67784794870607,1.2826297109811369,0.006055488162395282,-0.009867720223343346,0.0009954915297834635,-25.69312620162964,12.507563047409057,19.430625801086425,990.269541015625,-0.016884871638389077,34.55606424007905
2025-03-01T17:54:24Z,40.055778247874045,-75.40001564780854,24.975385982960724,-19.797836291732263,21.908321567095363,-0.8668393809545043,1.4370198338974693,6.27264494908287,5.994160035733355,0.0009999999957576971,0.001000000003893478,0.000999999991585784,0.0009999999906295338,0.0009999999880997929,0.0009999999854529372,0.0000429897778925784,0.0000430009707923649,1.2471943619322559,11.744546137743267,44.19904200378027,0.03198242112159136,0.0005007791579639941,0.00023677983040527498,0.0078272595971233,0.005062999999999817,0.005062999999999864,0.005062999999999874,0.0010406299999994662,0.0010406299999994337,0.0010406299999994768,-0.20442914952034794,9.643879645984752,1.1947052348909541,-0.0035360905779399827,-0.007957349134279115,0.0005121406948395328,-24.684751110076903,16.54312569618225,20.493000717163085,990.212548828125,-0.06316606972056642,36.0966945361378
2025-03-01T17:54:25Z,40.054535514485295,-75.39959236521767,25.01795638806252,-18.559422577307856,22.411662597904318,-0.829499888243126,1.4318394165415853,0.0046903801965717815,5.98130807234375,0.0009999999954702055,0.001000000003835913,0.0009999999911587947,0.0009999999906157974,0.0009999999882001275,0.0009999999856582177,0.000043989589748437946,0.00004400103709314281,1.2127881260290776,11.451109023687268,46.77559852822659,0.028096413709333593,0.0005037290740227135,0.00023946314111510393,0.007837824621040709,0.005063999999999819,0.005063999999999861,0.005063999999999875,0.001040639999999465,0.0010406399999994325,0.001040639999999476,-0.20662322785032744,9.640200860337497,1.3053615198020836,-0.0020282892892340854,-0.013838341204268472,-0.012433352336952034,-21.581625785827637,15.51956316947937,19.614938220977784,990.1743920898438,-0.05259590044761409,33.03582688270962
2025-03-01T17:54:26Z,40.05334053653015,-75.39916376878648,25.00438272994094,-17.311860063228792,23.473107280744674,-0.8291686419659074,1.4387731396172165,0.0017406898950463436,5.982256094051789,0.0009999999956526512,0.0010000000036946303,0.0009999999913992883,0.000999999990447736,0.000999999988178577,0.0009999999858896528,0.00004498939597153021,0.000045001108760705626,1.1740766280753938,11.251653411135996,49.37262805077555,0.024002394540832004,0.0005095391907218265,0.00024147129723312932,0.00784361074423562,0.005064999999999817,0.005064999999999864,0.005064999999999878,0.0010406499999994659,0.0010406499999994333,0.0010406499999994767,-0.26161827080492195,9.698386390046416,0.7108248561407997,0.009842849736871395,-0.0020690131659665966,0.006849613090883347,-23.604563426971435,17.81193814277649,23.517375888824464,990.192880859375,-0.05516747292205792,37.78231974630687
2025-03-01T17:54:27Z,40.05200029776658,-75.39871782658427,24.937562236469606,-15.913197003697324,24.824020076374058,-0.9881520527936462,1.4440575811811693,0.007329440164233908,5.98543158136818,0.000999999995422988,0.0010000000039784615,0.0009999999911573774,0.000999999990393057,0.000999999988433737,0.0009999999857126885,0.000045989183364559244,0.00004600118668152368,1.1313014563847865,11.145948063892341,51.9878277213826,0.020982192118643887,0.0005168379527934018,0.0002442034396563686,0.00785249864774108,0.005065999999999816,0.005065999999999865,0.005065999999999881,0.0010406599999994667,0.0010406599999994342,0.0010406599999994775,-0.21941371236086954,9.59268898047406,0.2882569518566152,0.007960184398819565,0.001365849185418676,-0.0013404822240735766,-17.21850061416626,22.70718846321106,18.243188228607178,990.1746704101563,-0.18371373781326786,33.836424910078485
2025-03-01T17:54:28Z,40.05046654295321,-75.39826937774093,24.853700963124062,-14.594065481121547,25.74580482971481,-0.9012190856454709,1.4316265940374833,0.013442478172346763,6.002021402915801,0.0009999999956905301,0.0010000000040054338,0.0009999999909312653,0.0009999999903530286,0.0009999999881985233,0.0009999999860113003,0.00004698893666788169,0.00004700127168199433,1.0881229549785163,11.141604942960944,54.830838751712044,0.01940726999309,0.0005281404476513193,0.00024494025358320757,0.007861780463914092,0.005066999999999818,0.005066999999999866,0.0050669999999998815,0.0010406699999994662,0.0010406699999994337,0.001040669999999477,-0.24411078704125447,9.792823083237803,0.6888507665310316,-0.010417498640538772,0.014750129821557401,-0.00004297899461890714,-22.74243839263916,13.757625560760498,19.546500759124754,990.1586596679688,0.03671088199514286,32.99322817490243
2025-03-01T17:54:29Z,40.048817706388185,-75.39784173474769,24.79018327208806,-13.54283700677587,26.310367736446825,-0.8576955068461123,1.423684301483799,0.025325779266567545,6.015843717441053,0.0009999999958718623,0.0010000000036365386,0.0009999999909608376,0.000999999990553896,0.0009999999881701342,0.0009999999858756239,0.000047988640196845374,0.00004800136429942038,1.0490055750779268,11.208320467762084,57.85008822898929,0.018636580126170112,0.0005399783350762272,0.0002467596869739233,0.007873224967569809,0.00506799999999982,0.005067999999999863,0.005067999999999879,0.0010406799999994657,0.001040679999999433,0.0010406799999994763,-0.434022443994723,9.71189865305766,1.0145374604505408,-0.006790697783699536,0.012972279609371461,-0.006207371984200292,-24.359251041412353,11.670750436782837,20.073000774383544,990.1693774414063,-0.0090208605769684,33.6526591605711
2025-03-01T17:54:30Z,40.04699385970555,-75.3974406123715,24.766515596486084,-12.719080006162795,26.866647296790354,-0.7802148943577221,1.4231954193001712,0.02908761799148089,6.046746731403423,0.0009999999958679956,0.0010000000035391302,0.0009999999905651207,0.0009999999908096545,0.0009999999877950618,0.000999999986233142,0.00004898828065724,0.00004900146495716605,1.016360157743776,11.35559416027337,61.05338592438574,0.018929926797082643,0.000555410126200342,0.00024571846151156087,0.007882093506597448,0.005068999999999823,0.005068999999999863,0.005068999999999878,0.0010406899999994656,0.0010406899999994331,0.0010406899999994765,-0.7125058119677946,9.755215842561263,0.924862837653954,-0.0007047482895267405,0.02871857150957815,0.004324704466386938,-24.53587610244751,11.53593789100647,19.73493824005127,990.1668188476563,0.04135827529526394,33.534332556366856
2025-03-01T17:54:31Z,40.0448992239907,-75.39708024427523,24.77817969380325,-11.632656933359353,27.865915252180713,-0.8172685196342429,1.4251653202080474,0.035651431144398824,6.10501876524061,0.000999999995750487,0.0010000000037533891,0.0009999999907384322,0.0009999999911062553,0.0009999999878685525,0.0009999999860432973,0.000049987845597092985,0.00005000157399026602,0.9911460306325168,11.610843133911937,64.19560603949779,0.021680730542374183,0.000574635468135216,0.00024110995609084927,0.007891935692006417,0.005069999999999822,0.005069999999999862,0.0050699999999998776,0.0010406999999994651,0.0010406999999994326,0.0010406999999994762,-0.6184678855999962,9.75561473273877,0.12542079480935878,-0.00040949745435177266,0.05605477039017397,0.005638064288020795,-24.354000949859618,11.685187902450561,19.003125801086426,990.1453198242187,-0.007583296489231034,33.02690439532062
2025-03-01T17:54:32Z,40.04238558869418,-75.3967961252197,24.757264755769896,-10.151674316712917,28.509658306962265,-0.9596764660665292,1.4283533633480676,0.03880629910152317,6.130009273764853,0.0009999999955762366,0.0010000000039231056,0.0009999999905425491,0.0009999999909056513,0.0009999999880190454,0.0009999999858837617,0.00005098731678895385,0.00005100169091370718,0.9755682655992259,11.960405571745934,67.13178077418435,0.026329297663767518,0.0005861402260953176,0.00024299336812739285,0.007900046715734427,0.005070999999999823,0.005070999999999865,0.005070999999999879,0.001040709999999466,0.0010407099999994334,0.0010407099999994768,-0.26640718343233577,9.678477543123588,-0.08714161240201664,0.00011908470497114677,0.022155279826818874,0.004287485459241402,-24.15037586212158,13.115062999725343,18.787125835418703,990.109462890625,-0.1011242748073679,33.28961170505315
2025-03-01T17:54:33Z,40.038993807486996,-75.39665873236356,24.873543465867822,-8.021154883446846,28.039748431108364,-0.8997473798469413,1.430521118278905,0.053136763546782415,6.126981859496506,0.0009999999957397525,0.0010000000038923387,0.0009999999907182608,0.000999999990650774,0.0009999999881049326,0.0009999999860727242,0.00005198666430584866,0.00005200181383426135,0.971528241032944,12.393630892941404,69.7335120728022,0.030549774323893875,0.0005912270986566376,0.00024910806471387917,0.007911309124276972,0.005071999999999822,0.005071999999999867,0.005071999999999881,0.0010407199999994663,0.001040719999999434,0.0010407199999994772,0.2060190466053318,9.842633715307763,0.14276876316358167,-0.0023642639956142266,-0.0049604402202046965,-0.010203695600395522,-30.349313697814942,12.437250514030456,15.61143814086914,989.9997998046875,0.06222752039565216,36.32463838079532
2025-03-01T17:54:34Z,40.034975276049764,-75.39670990711086,25.04289369854448,-5.507581742892014,26.771553143969836,-0.9945050649958999,1.4361669071106247,0.05452386701210846,6.095744929150698,0.0009999999959613838,0.0010000000036505202,0.000999999990917809,0.0009999999906822885,0.0009999999881459894,0.00099999998587828,0.00005298584511828189,0.00005300193953083313,0.9798562502462445,12.936543744786398,71.67851353670284,0.036288513327226456,0.0005871538572409759,0.00025928214868175544,0.007917200754673661,0.00507299999999982,0.005072999999999868,0.005072999999999884,0.001040729999999465,0.0010407299999994333,0.0010407299999994758,0.5568807181354893,9.713859954642484,-0.04614981562595482,0.00016915447564700694,-0.03530606552630071,-0.0012303257250637337,-26.264438610076905,4.503000181913376,17.41537568092346,989.9467846679687,-0.05352071298217534,31.833784301015044
2025-03-01T17:54:35Z,40.0300697330656,-75.39700932699576,25.313641584226197,-3.3138519336711396,24.056944642306014,-0.9544751204601746,1.4437859556888089,0.05253780062524591,6.0708994899003015,0.0009999999960103713,0.001000000003270203,0.0009999999908615804,0.0009999999910806421,0.0009999999880452204,0.0009999999861032456,0.00005398481882669717,0.000054002064112963815,1.0013384415555127,13.559905481639916,73.05839042618403,0.040017107290859735,0.0005771881370153171,0.0002693692123351845,0.007921655349768773,0.005073999999999819,0.005073999999999866,0.005073999999999882,0.0010407399999994653,0.0010407399999994328,0.0010407399999994764,0.37850166976483207,9.755853946046358,0.3059193856221797,-0.0012239837683692392,-0.03010770697032273,0.0032760535721090356,-22.14375072479248,9.897375378608704,19.274438285827635,989.8627954101562,-0.015126698517002308,30.980712713867028
2025-03-01T17:54:36Z,40.02492890170435,-75.39748830006639,25.55738010253995,-1.082850597999994,20.94255714050125,-0.9981763863176638,1.4445581737432145,0.05154145521513739,6.040118524864877,0.000999999995896926,0.00100000000334605,0.000999999990972738,0.000999999990965727,0.0009999999879165365,0.0009999999861769501,0.00005498355770647004,0.00005500218383827816,1.034640709073606,14.326885844926988,73.4672031950045,0.045557871921148484,0.0005593960248106023,0.0002809217337882476,0.007926537546944237,0.005074999999999817,0.005074999999999864,0.005074999999999881,0.0010407499999994644,0.0010407499999994319,0.0010407499999994753,0.6768467820376317,9.710230826374598,0.008890330529907377,-0.009324284517432167,-0.035696618373169606,0.0010428921891500386,-23.5087509727478,10.94568790435791,19.207875785827635,989.8681201171875,-0.04894491241907602,32.27086411636363
2025-03-01T17:54:37Z,40.01962545608249,-75.39812554110479,25.805873839988553,0.7229725815226158,17.46433502934644,-0.9209046920516255,1.4628693856812733,0.05419439815479672,6.024758307985189,0.000999999995899632,0.0010000000035888879,0.0009999999906875239,0.0009999999911918236,0.0009999999881140842,0.0009999999863916477,0.000055982055933326825,0.00005600229528028864,1.0798883190756092,15.234267083027438,73.01022712054568,0.051384196185569976,0.0005365939262119159,0.00029105908359950935,0.007932827898119024,0.005075999999999818,0.005075999999999862,0.005075999999999878,0.0010407599999994648,0.0010407599999994323,0.0010407599999994756,0.5303243075986735,9.816986660312995,-0.11542399187805483,0.006299834025434348,-0.01968228097377816,-0.0011832596538116015,-24.416063480377197,11.672062921524049,19.264313316345216,989.872353515625,0.049646617087508796,33.21884409173113
2025-03-01T17:54:38Z,40.01386851648795,-75.39896291824842,26.229447014583656,2.1589226513052493,13.241105169614812,-0.8205340277225778,1.4738851157454034,0.059793542481346974,6.010287455378326,0.0009999999957454445,0.0010000000036305453,0.0009999999911131884,0.0009999999912037969,0.0009999999877514168,0.0009999999865695631,0.000056980344892812396,0.00005700239665456805,1.1330231977082033,16.21231893428377,71.67500212571127,0.05514606674385715,0.0005074917724957236,0.0003018368608914351,0.007940082127468938,0.005076999999999819,0.00507699999999986,0.005076999999999877,0.0010407699999994652,0.0010407699999994326,0.001040769999999476,0.4626891487871633,9.796292693452424,-0.09822835985633309,-0.0026289727208598556,-0.018491094785265234,-0.004420842483535539,-25.00687602996826,11.008125467300415,19.690875778198244,989.8160205078125,0.025864918555237475,33.67862592233829
2025-03-01T17:54:39Z,40.008330226788594,-75.39986977132075,26.669017516927706,3.1709549154086263,9.027268535459212,-0.8197263184979422,1.486253546526387,0.07873047888173963,6.0086979522554245,0.0009999999956116078,0.0010000000037421587,0.00099999999124994,0.0009999999914289501,0.0009999999876676242,0.0009999999866445936,0.000057978486281013625,0.000058002488695509256,1.1866344190994336,17.22755303094293,69.64582383970684,0.05701569403887026,0.00047633858091193187,0.00031172485603008616,0.007950856063430012,0.005077999999999816,0.005077999999999858,0.005077999999999874,0.0010407799999994647,0.0010407799999994321,0.0010407799999994755,0.2641718218441177,9.68502840235613,-0.12934943545337843,-0.0017135101399195674,-0.004071848927298394,-0.017393207449616064,-23.70787588119507,11.286937975883484,19.719750747680663,989.81015625,-0.09186181801854944,32.83783766943943
2025-03-01T17:54:40Z,40.00157773671529,-75.4011071839584,27.49292043866371,3.525690332120655,3.5761193569847416,-0.6863998223475554,1.503793755001773,0.08200118485800317,6.013610521192558,0.0009999999955566789,0.0010000000037393676,0.0009999999913608518,0.000999999991297253,0.0009999999877409018,0.0009999999866194314,0.000058976561376933646,0.000059002574412354225,1.233336863432786,18.246750678363618,67.31645168622808,0.056030249864838275,0.00044298575464698045,0.00032149923314182366,0.00795836131853544,0.0050789999999998146,0.005078999999999857,0.005078999999999873,0.0010407899999994644,0.0010407899999994316,0.0010407899999994752,-0.07382156926761815,9.727738339738282,-0.061857459234326485,-0.00021605692765542747,0.00038462655858613405,-0.002079194379886374,-24.27693853378296,11.047687902450562,19.832438278198243,989.6145776367188,-0.05252136935125087,33.2376802113307
2025-03-01T17:54:41Z,40.08673156080838,-75.4012661594245,25.58764141371751,-17.61787121886397,-9.125817711592784,-0.49966183904294037,1.5308258544459568,0.04555534773335573,6.179485730983475,0.0009999999955777274,0.0010000000038973371,0.0009999999916793486,0.0009999999913322003,0.0009999999876089186,0.0009999999865735088,3.073442853457708e-10,3.073444023559461e-10,0.6116611534483688,0.006820276830855165,0.006821927232649754,0.021932265389261824,0.00015435145871513077,0.00017221131689806657,0.007191587647678714,0.005079999999999813,0.005079999999999859,0.005079999999999875,0.0010407999999994637,0.0010407999999994312,0.0010407999999994745,-0.058349290587450316,9.688598020956334,0.07631562911740229,-0.005518897252731551,0.002597593042647581,-0.005045727264809307,-22.447875785827637,12.397875566482544,20.346563301086427,989.4266577148437,-0.09030222865891313,32.7352066944024
2025-03-01T17:54:42Z,40.0866113376658,-75.40137237428276,26.413091647901684,-17.35149771933192,-8.960913798004443,-0.2816279324773165,1.5333845561647153,0.04055048967667156,6.171671270368095,0.000999999995702341,0.0010000000039801194,0.000999999991681237,0.000999999991325247,0.0009999999876342946,0.0009999999866502198,1.000307344468741e-6,1.0003073448652661e-6,0.6757856434788396,0.02384235709279124,0.02440597217553215,0.02218156653018312,0.00016239430765217002,0.00018168645093160252,0.007193521635319043,0.005080999999999811,0.005080999999999859,0.005080999999999875,0.0010408099999994645,0.001040809999999432,0.0010408099999994753,-0.16287445555837046,9.867359533941823,0.16139289511051114,-0.0031583891745979734,0.0038665560268007597,0.002298669655574411,-23.494688358306885,10.143562970161438,18.693375644683837,989.3813598632812,0.09063032461020136,31.6911868376998
2025-03-01T17:54:43Z,40.086490090469205,-75.40147809213963,27.185959383592262,-16.961097735119424,-8.945914324960944,-0.29004007062702825,1.5298229338657074,0.03655192849529722,6.153655554346406,0.0009999999958357677,0.001000000003892304,0.0009999999918002922,0.0009999999911329731,0.0009999999877722135,0.000999999986880261,2.000307345439614e-6,2.0003073479507515e-6,0.7387675810163391,0.07193758692518538,0.075551937122192,0.022155414673848742,0.0001697537374202864,0.00019097166479107558,0.007189290457481893,0.005081999999999808,0.00508199999999986,0.0050819999999998765,0.0010408199999994653,0.001040819999999431,0.0010408199999994744,0.053317074246190435,9.665086196895434,0.23856142627534663,-0.008299834620846016,-0.006131264057372769,0.0008834992367782416,-23.327813320159912,11.15512547492981,19.99687572479248,989.5005200195312,-0.11121555796658139,32.68784813257059
2025-03-01T17:54:44Z,40.086363259080464,-75.40158457251923,27.99517218349595,-16.730201860000918,-8.871216741521977,-0.27688957909752043,1.5346857223184571,0.029359450890419088,6.1372679929227125,0.00099999999600851,0.0010000000038055126,0.0009999999918220103,0.0009999999911913808,0.0009999999878917514,0.0009999999863156469,3.0003073449129794e-6,3.0003073590512468e-6,0.7957364309696096,0.15118845949166024,0.15779943646608363,0.02183259315890878,0.00017668072112064017,0.00019990965558086123,0.007180599117481216,0.005082999999999809,0.005082999999999858,0.005082999999999875,0.0010408299999994646,0.001040829999999432,0.0010408299999994743,-0.030419957236115847,9.68345931105928,0.12997761628717347,-0.00015129882847227832,-0.0032607003082765753,0.003856875565877379,-23.35575086593628,10.46568796157837,19.37100076675415,989.4476586914062,-0.09502003826255588,32.09757205525893
2025-03-01T17:54:45Z,40.08621983186869,-75.40169415307732,28.92005981316837,-16.583642203260137,-9.11450693880766,-0.25337022517815067,1.5400445600358643,0.030536621767359638,6.120343273678548,0.0009999999957123228,0.001000000004002597,0.0009999999919575603,0.0009999999910921041,0.0009999999881814862,0.000999999986348669,4.000307327005615e-6,4.000307387166854e-6,0.8428295878415359,0.26558133066790346,0.2712133687709807,0.020907989725211393,0.0001834898904948499,0.00020854904935573278,0.0071653308556267736,0.005083999999999812,0.0050839999999998595,0.005083999999999878,0.0010408399999994652,0.0010408399999994327,0.0010408399999994734,0.0023499510998705687,9.677768165902464,0.33674691369271004,-2.2544631891145955e-6,-0.0018450294372052529,-0.0049095344525357165,-23.423625888824464,11.857500472068786,19.832625818252563,989.3280932617188,-0.09574679105386139,32.90283073474311
2025-03-01T17:54:46Z,40.086048673726275,-75.40180966505642,29.90338123555372,-16.614590294149775,-9.420802017461186,-0.29943501529079564,1.5382754801667073,0.02701591532940342,6.102872892857023,0.000999999995389582,0.0010000000041564482,0.000999999991767774,0.0009999999911077674,0.0009999999881430597,0.0009999999861730474,5.000307242024313e-6,5.000307444608063e-6,0.8777607906552417,0.4129010933681928,0.411565760692704,0.019734791236566587,0.00019024605362491254,0.00021695687946453058,0.007148704596796057,0.005084999999999811,0.00508499999999986,0.005084999999999875,0.0010408499999994656,0.001040849999999433,0.0010408499999994738,-0.101302411452778,9.602064138377203,0.3432526486568942,-0.007201279317815836,-0.0016083599154472178,-0.0005193196186683114,-22.806563243865966,11.55731291770935,19.950188293457032,989.2081640625,-0.17060759195173553,32.430194667050735
2025-03-01T17:54:47Z,40.08584855750753,-75.40193119121405,30.795647973182476,-16.641333106364133,-9.823313836439025,-0.19760956181712064,1.5440404561986902,0.023452046601703313,6.088534517351094,0.0009999999957614031,0.0010000000042693473,0.0009999999914706806,0.000999999991028081,0.0009999999882092231,0.0009999999859870894,6.0003069787277585e-6,6.000307546995411e-6,0.900665167105429,0.5995758142317883,0.5877775898397346,0.01857456504004554,0.00019721742806577845,0.00022516330062465536,0.007131185687610961,0.00508599999999981,0.005085999999999857,0.0050859999999998745,0.0010408599999994646,0.001040859999999432,0.0010408599999994729,-0.024210378390162192,9.770011559164342,0.40992740859262583,0.001107483367014641,-0.00016515171525724643,-0.00011424593665024566,-22.67475082397461,12.462562961578369,19.70156322479248,989.1951123046875,-0.000657932481483312,32.52088696694132
2025-03-01T17:54:48Z,40.08561418275835,-75.40205979594423,31.676855704325835,-16.77312620951068,-10.34760778263878,-0.12947225278454422,1.539986103447812,0.022031280241992447,6.076912100811219,0.000999999996045029,0.0010000000038013078,0.000999999991444539,0.0009999999908908415,0.0009999999880425285,0.0009999999859741412,7.000306332250118e-6,7.000307714033525e-6,0.9126766923278472,0.8257725730212707,0.795243530621312,0.017343728122423543,0.00020458461280595304,0.00023321397919037092,0.0071136016711203275,0.005086999999999813,0.005086999999999855,0.005086999999999877,0.0010408699999994644,0.0010408699999994316,0.0010408699999994724,-0.05376173694256275,9.748037392929893,0.5376243750892191,-0.008024944561030922,0.001107483690055322,-0.0019570211439428288,-22.197375774383545,12.94612548828125,20.469000663757324,989.1567553710937,-0.016239625275129604,32.852736659227226
2025-03-01T17:54:49Z,40.08535548041941,-75.40219402320434,32.43022401476425,-16.795754634900437,-10.745682046415101,-0.1039906043283689,1.545743725914002,0.02520180409609424,6.0628907229585405,0.0009999999961141982,0.001000000003889538,0.0009999999914766312,0.000999999990853824,0.0009999999881956192,0.0009999999857304397,8.000304968981276e-6,8.000307969903925e-6,0.9162059905899047,1.085160549994123,1.0427828357611317,0.01650375876880235,0.00021222058599622073,0.0002413774725027354,0.007096482050008527,0.005087999999999816,0.005087999999999856,0.005087999999999879,0.001040879999999464,0.0010408799999994315,0.0010408799999994714,0.022143697869873004,9.734336194269101,0.4139389814014496,0.0028529544335382916,-0.0036212106778211036,-0.006147286794115258,-21.990375766754152,13.610625600814819,20.48568820953369,989.16849609375,-0.036037877253828184,32.99220853871452
2025-03-01T17:54:50Z,40.08509964621135,-75.40233072267476,32.93213296347048,-16.91413174295625,-11.08380607654299,-0.11664829866320728,1.5511965025264642,0.026285765239211282,6.055493415365899,0.000999999996140888,0.0010000000036657225,0.000999999991467356,0.000999999990901887,0.0009999999883341703,0.0009999999853764464,9.000302389718065e-6,9.000308343353973e-6,0.9136646596383986,1.3809419571487689,1.323665266654117,0.015625299075828415,0.00022037810627873464,0.0002493794570849177,0.007081874960849053,0.0050889999999998185,0.005088999999999858,0.005088999999999883,0.0010408899999994636,0.001040889999999431,0.0010408899999994707,-0.13667304446283818,9.723989596998775,0.3904657848506718,0.0035814861925976627,-0.00039931623699001966,-0.0031380262132065084,-22.58118839263916,12.16837550163269,20.63831335067749,989.25146484375,-0.04637473524452346,32.92288055171836
2025-03-01T17:54:51Z,40.08477745615375,-75.40247380198973,33.505632683981055,-17.15360869831143,-11.440200638470355,-0.11379997113303547,1.5429806449077839,0.018766408359292486,6.049843086564287,0.0009999999958991456,0.0010000000037798241,0.0009999999915514125,0.0009999999910581862,0.0009999999880352065,0.0009999999850145921,0.000010000297889068024,0.000010000308868101406,0.9064549040186383,1.7147363114304814,1.644022588834757,0.014837221875259302,0.00022896848101848827,0.00025727634413230655,0.007070907145318022,0.005089999999999821,0.005089999999999861,0.005089999999999885,0.001040899999999463,0.0010408999999994306,0.00104089999999947,-0.1744600285731872,9.73182568571631,0.42578541881045834,-0.010135432507701008,0.0017163455180959834,0.005248846504437526,-17.628750831112267,28.3104385471344,23.891625924110414,989.1384912109374,-0.03642534678165644,41.02510703004791
2025-03-01T17:54:52Z,40.08438242816612,-75.40262199857665,34.118183244697704,-17.340768994813132,-11.682933295459124,-0.11357360131016185,1.5499867510093739,0.016657368245155867,6.041777820154941,0.0009999999955309655,0.0010000000039362066,0.0009999999917350152,0.0009999999908598142,0.0009999999879217868,0.0009999999852886093,0.00001100029051412159,0.00001100030958438612,0.8965462850680584,2.0805210685702242,2.0128140951163207,0.01430936461116079,0.00023787205939901143,0.00026531777409527767,0.0070612732646844764,0.005090999999999821,0.005090999999999862,0.005090999999999886,0.0010409099999994626,0.00104090999999943,0.0010409099999994695,-0.06604489828732803,9.732444182074264,0.3018117020698931,0.005291908624521023,-0.0005011266977398038,-0.0003484110149954226,-20.522250726222993,9.239250346161425,16.62168821811676,989.0403759765625,-0.04175119760058552,27.978638240708673
2025-03-01T17:54:53Z,40.08400889147711,-75.40277068698789,34.56166988856124,-17.534185034925844,-12.038722874321579,-0.0440552826714885,1.5379354001672854,0.02402770359685768,6.041887667784064,0.0009999999954890294,0.0010000000039233692,0.0009999999920502205,0.000999999990947973,0.0009999999877225317,0.0009999999850369356,0.000012000279022068415,0.000012000310539459916,0.8852220917074005,2.4997926830358854,2.430341281215743,0.013859479210917977,0.0002474823854010272,0.00027310556550375824,0.007052707302020753,0.005091999999999819,0.005091999999999865,0.005091999999999888,0.0010409199999994632,0.0010409199999994304,0.0010409199999994686,-0.1190060318083205,9.815993649796683,0.5092295439773001,-0.013189756291099105,0.005501704764218074,-0.008991313396700045,-30.752813720703124,15.42093812674284,18.554063178300858,989.09916015625,0.05085332766945804,39.08695655580081
2025-03-01T17:54:54Z,40.083614833754595,-75.40291945528092,34.906328243615995,-17.487373810152082,-11.848224518605685,-0.18074824398973086,1.5398118961070908,0.024210767469772406,6.046175452187016,0.000999999995319487,0.0010000000040515373,0.0009999999920786062,0.0009999999908922857,0.0009999999877867711,0.0009999999851906872,0.00001300026184280571,0.000013000311786112464,0.874072228042914,2.917428664339733,2.8982820653902035,0.013603576777390679,0.00025745821653028395,0.00028074235873067294,0.007047476665462996,0.005092999999999817,0.005092999999999864,0.005092999999999887,0.0010409299999994625,0.00104092999999943,0.0010409299999994685,-0.056231056873923865,9.634073059891076,-0.009590625331527994,0.0009344055327439025,0.008600758068123365,-0.0014581485647710082,-30.88762644767761,4.461375238448381,6.719250257760287,989.0920043945313,-0.1448389787978714,31.923258238099834
2025-03-01T17:54:55Z,40.083103997162354,-75.4030698299194,35.238461120204775,-17.67579399298903,-12.00276131221723,-0.24043415243221078,1.5364867913607667,0.0100669397936387,6.036936567546458,0.0009999999956623194,0.0010000000043058112,0.000999999992075268,0.0009999999909208034,0.000999999987858787,0.0009999999849631882,0.000014000237056701114,0.000014000313382919819,0.8636110027739662,3.40064292621881,3.4126652848569186,0.01330678457149701,0.00026673720518285564,0.0002891552839843674,0.007045925500081544,0.005093999999999818,0.005093999999999867,0.005093999999999884,0.0010409399999994615,0.001040939999999429,0.0010409399999994678,-0.0888564695198781,9.689572770432553,0.37870107595917973,-0.003983056391639627,-0.004838267006029199,0.012164135569498302,-45.35568922042847,3.894937623590231,20.12175088882446,988.9985571289062,-0.0816877712029266,49.771366113315416
2025-03-01T17:54:56Z,40.08223331326867,-75.40322924810215,35.841584945082076,-17.97903005040046,-12.307807340966054,-0.31609765909396925,1.5347400545452972,0.010299096078059271,6.025077113504914,0.0009999999954963523,0.001000000004498936,0.0009999999924612958,0.0009999999906506248,0.0009999999876987486,0.0009999999852637958,0.000015000202342288804,0.000015000315394698331,0.8535403536511474,3.9331721819864054,3.9808256974996987,0.0131896556319646,0.0002762630284779278,0.00029763577911306067,0.007044044522827579,0.005094999999999816,0.005094999999999864,0.005094999999999885,0.0010409499999994617,0.0010409499999994294,0.0010409499999994689,0.07200070355331968,9.640153147958921,0.5107894594377282,-0.002694899444314931,-0.004372273991171025,-0.003343317332763271,-26.930626106262206,11.941687936782836,19.896000747680663,988.7205541992188,-0.12508966542478892,35.54869570824619
2025-03-01T17:54:57Z,40.08155997690052,-75.40338483804675,36.016448588024616,-18.365093612428925,-12.534983551258662,-0.4191398636001921,1.5335662929071892,0.009410950538244438,6.022090731214904,0.0009999999953369948,0.0010000000047421921,0.000999999992440511,0.0009999999907527523,0.000999999987987148,0.0009999999852421733,0.000016000154954253163,0.000016000317892645824,0.843819668158232,4.510143988104728,4.592487306972037,0.012934490807226355,0.0002862103831393888,0.00030584818896316494,0.007044158938762129,0.005095999999999813,0.005095999999999862,0.005095999999999886,0.001040959999999461,0.0010409599999994287,0.0010409599999994684,-0.15661323112668243,9.639682474767637,0.5670162139157094,-0.0016108650771423086,0.001270380852549998,-0.0008778269653461089,-25.604063625335694,11.305500450134277,19.057875804901123,988.8984106445313,-0.1213975315650532,33.86121090285754
2025-03-01T17:54:58Z,40.081577321689416,-75.40353182327794,35.46656054700612,-18.297311437514555,-12.873620367358983,-0.4059234493691912,1.5350549379495673,0.016591733523944108,6.022079274685178,0.0009999999951565378,0.0010000000045124007,0.0009999999922932809,0.0009999999907250386,0.0009999999880453373,0.0009999999850905201,0.000017000091693691763,0.000017000320956155936,0.8345731739877681,5.160540897233645,5.277912185363517,0.012949591707211229,0.0002961452718677461,0.00031427704529189644,0.007045066758125498,0.005096999999999814,0.005096999999999862,0.005096999999999886,0.001040969999999462,0.0010409699999994295,0.0010409699999994692,-0.042619427314281304,9.814005474398513,0.6937030950046822,0.0016312249566085332,-0.0008172409251935956,-0.006778179985415922,-25.580438709259035,11.241937923431397,19.010813217163086,989.3763671875,0.059609474180807975,33.795674245713776
2025-03-01T17:54:59Z,40.081323854919816,-75.4036845838445,35.09046500692809,-18.47021004211401,-12.971734853583042,-0.5140221998649681,1.532994157643304,0.018445058477662635,6.026914480397269,0.0009999999948622446,0.0010000000042378547,0.000999999992711299,0.0009999999904695574,0.0009999999879971005,0.0009999999851992973,0.000018000008918542524,0.00001800032467117867,0.8261729271589074,5.833950990128116,6.005542555582765,0.012790617066827688,0.0003064759591426153,0.00032242384842923465,0.007048032047081344,0.005097999999999817,0.00509799999999986,0.005097999999999883,0.0010409799999994626,0.00104097999999943,0.0010409799999994696,-0.2688366112163905,9.676930688853519,0.49000720751249077,-0.0021097373580942712,0.005424261278708351,-0.0019366590429091802,-25.285501079559324,11.494312915802002,18.880875759124756,989.284169921875,-0.08590770107588415,33.58511352959817
2025-03-01T17:55:00Z,40.08096762033286,-75.40383936404153,34.6941797935566,-18.643120132413642,-13.196930696559264,-0.5568413210731719,1.533683375401135,0.020627623878533664,6.024055868800026,0.0009999999950487382,0.0010000000043930432,0.0009999999927653332,0.0009999999902714,0.0009999999876919654,0.0009999999852824352,0.000018999902549548864,0.000019000329128068167,0.8186616831217938,6.579712737394751,6.797710274888269,0.01282762776521508,0.00031636423984558797,0.00033115043736217474,0.0070521736553716165,0.00509899999999982,0.00509899999999986,0.005098999999999884,0.0010409899999994621,0.0010409899999994296,0.0010409899999994686,-0.22652353577795442,9.733042374288772,0.6252415627090504,0.0008224129194509312,-0.00195702171929831,-0.002700240347169227,-25.79700117111206,11.52918791770935,19.096500759124755,989.2955810546875,-0.023207797721462132,34.103963392945715
2025-03-01T17:55:01Z,40.08051836748957,-75.40399587978067,34.28872655189853,-18.68469938318176,-13.391575723059615,-0.6046136086652972,1.5317732649971052,0.018407767036924587,6.021514878552748,0.0009999999948512703,0.0010000000045058079,0.0009999999926921244,0.0009999999901731107,0.00099999998804039,0.0009999999852619134,0.00001999976816900171,0.00002000033442653626,0.812673535655677,7.382595107005038,7.654649168897936,0.012965941778609298,0.00032616966705346315,0.00033997514862606665,0.007057965224117968,0.005099999999999821,0.005099999999999861,0.005099999999999885,0.001040999999999462,0.0010409999999994293,0.0010409999999994692,-0.08478801643963997,9.729354387247664,0.5786514822883724,-0.0017034958811659082,-0.00168847436875968,0.0016237143142771048,-26.028751182556153,11.524875473976135,19.385063343048095,989.3196459960938,-0.032005946647788275,34.43974192586831
2025-03-01T17:55:02Z,40.0788321094011,-75.40414941279583,34.45102249979895,-19.10631719073765,-13.323203955066283,-0.6518666211230766,1.5273586541696003,0.02461790224338324,6.017834790819251,0.00099999999482917,0.0010000000045622597,0.000999999992930521,0.0009999999900714904,0.0009999999882341424,0.0009999999853581958,0.000020999601121273533,0.000021000340669735554,0.8082644282415258,8.232025010792261,8.561586116393116,0.013006321270318293,0.00033612393372003485,0.00034880298549531887,0.00706344067408267,0.00510099999999982,0.00510099999999986,0.005100999999999884,0.0010410099999994611,0.0010410099999994286,0.0010410099999994685,-0.19737097635101986,9.67405932648526,0.5310042306009495,-0.003504545677094834,0.0004966193395743114,-0.00847291214144021,-25.805251083374024,11.240812950134277,18.732563304901124,988.9071704101563,-0.08829953326260806,33.81083186624706
2025-03-01T17:55:03Z,40.07769722413485,-75.4043004320842,34.267962746415,-19.48028352034484,-13.323654802089829,-0.6249453910743258,1.5182875628829584,0.020577380467939867,6.022878079710055,0.0009999999947629644,0.0010000000043283725,0.0009999999926055228,0.0009999999901952434,0.000999999988550255,0.0009999999853244732,0.000021999396471273727,0.000022000347961874893,0.8049100064044228,9.156576665947318,9.530342476461175,0.013054808281322916,0.0003461539596794338,0.0003573683933314792,0.007071174652882277,0.005101999999999817,0.005101999999999859,0.005101999999999883,0.001041019999999462,0.0010410199999994294,0.0010410199999994693,-0.33148410878045453,9.768581075569967,0.6564770534695513,-0.008493107470480694,0.006813561162234131,0.003125840596793816,-25.151251163482666,12.379500494003295,19.133625793457032,989.1411499023437,0.017291266051084338,33.940089197560454
2025-03-01T17:55:04Z,40.07619449487449,-75.40444333830123,34.16981836545146,-19.774251453382167,-12.894916032963836,-0.7026534500581093,1.5200462219694355,0.014112770914333364,6.0248464241700015,0.0009999999950092585,0.0010000000045106276,0.0009999999923592953,0.0009999999904117068,0.000999999988709648,0.000999999985602415,0.000022999148987245516,0.000023000356415497186,0.8020202195068731,10.096212843885063,10.550434048374948,0.012765016176391654,0.00035583728481269005,0.0003662686592296311,0.007079860140790306,0.005102999999999815,0.00510299999999986,0.0051029999999998845,0.0010410299999994608,0.0010410299999994302,0.00104102999999947,-0.2577498700019998,9.673181906377915,0.3140151009590114,0.0027771804201054424,0.003754564389006611,0.005241001187908536,-25.665938606262205,13.369313077926636,18.126375818252562,989.0804663085937,-0.09727240492756704,34.147342022105526
2025-03-01T17:55:05Z,40.07324530918978,-75.40456484532685,34.565705074518306,-20.651446048005322,-12.743080371063742,-0.6336478331947715,1.5088403559506982,0.007240019242584818,6.024328130888425,0.000999999995267309,0.0010000000049217653,0.0009999999921117763,0.0009999999902680085,0.0009999999886420332,0.0009999999856289354,0.000023998853144670056,0.000024000366142654462,0.7995296041885247,11.180555104790562,11.622730215574698,0.013124637476615507,0.0003653015202987765,0.00037544171009687584,0.007089077632226307,0.0051039999999998135,0.005103999999999861,0.0051039999999998855,0.0010410399999994618,0.001041039999999429,0.001041039999999469,-0.4510500561309121,9.736631638840297,0.9998379548864478,-0.00891069847969771,0.0024717478009775107,0.00466067978006412,-24.124875869750976,15.018188076019287,18.007313232421875,988.7102783203125,0.019216921002305026,33.64246602480078
2025-03-01T17:55:06Z,40.07127365348403,-75.40468942092835,34.50026729365813,-21.158775038608624,-12.364461349350226,-0.765416889010099,1.5059640732120687,6.279723426109937,6.0301438213421115,0.0009999999952785236,0.0010000000052979372,0.000999999992233938,0.0009999999903998996,0.000999999988928377,0.000999999985811164,0.000024998503181932275,0.000025000377258595668,0.7977358673293844,12.274527837786923,12.740565117020349,0.013149213422575516,0.0003748237380015285,0.0003845987677370893,0.007099510242780421,0.005104999999999815,0.005104999999999864,0.005104999999999887,0.0010410499999994626,0.0010410499999994295,0.0010410499999994691,-0.3172840812984612,9.596886249662386,0.6480825636421783,-0.0012728858636321442,0.006693391663433452,0.009995566393649962,-19.819875764846802,17.128875608444215,16.945875778198243,988.9947973632812,-0.15507168447861766,31.19912483913173
2025-03-01T17:55:07Z,40.06918945432621,-75.40480562414956,34.320477691511826,-21.604665514010758,-12.15541291623993,-0.8343756435513823,1.5023947018091566,6.274695380179883,6.035160042311815,0.000999999995162923,0.001000000005165761,0.0009999999922933375,0.0009999999902010248,0.00099999998867661,0.0009999999859104769,0.00002599809345544741,0.00002600038989037112,0.7967657540974555,13.476726234015363,13.92441610318173,0.013461926664407299,0.0003840913773589615,0.0003940401607739091,0.007109613826948714,0.005105999999999813,0.0051059999999998615,0.005105999999999886,0.0010410599999994626,0.00104105999999943,0.00104105999999947,-0.19190736694161814,9.647578715319103,0.8766474636125738,-0.001763580966647996,0.005770418167834615,0.004599593913091179,-24.9075009727478,20.645438413619996,19.296563262939454,989.0242651367188,-0.08984602277701619,37.66923490481592
2025-03-01T17:55:08Z,40.06648486726061,-75.4049048966132,34.27917486979676,-22.047795561407934,-11.758631792761117,-0.7684438895172104,1.4893753989983396,6.271970259069424,6.041595019854901,0.0009999999951799813,0.0010000000053819633,0.0009999999922617828,0.0009999999903896448,0.000999999988953711,0.0009999999861756484,0.000026997618732183926,0.000027000404173137032,0.7971189099531288,14.765364121246986,15.182289453897901,0.013822178415558058,0.00039317300574263756,0.0004035818743580675,0.007119680970079919,0.005106999999999816,0.005106999999999863,0.005106999999999887,0.0010410699999994616,0.0010410699999994309,0.0010410699999994686,-0.21615790549707187,9.765913664140383,0.9198836745944785,-0.010566042012827922,0.007043887924187858,0.002675203088859341,-29.36062635421753,18.226313257217406,17.211563215255737,988.9382177734375,0.032404301792859705,38.60672040697056
2025-03-01T17:55:09Z,40.06324135304627,-75.40498417008419,34.279093840201945,-22.10613781900757,-10.452676589405426,-0.9506152379233022,1.4926823694295763,6.278904604473792,6.054394371613608,0.0009999999949693518,0.001000000005385105,0.000999999992076803,0.000999999990631635,0.0009999999885997657,0.000999999986119305,0.000027997073065587512,0.000028000420269001244,0.797078279221841,15.984133177514781,16.477622547618424,0.013257953733474274,0.0004024216203323032,0.0004128888596529192,0.007128618490017444,0.005107999999999813,0.005107999999999862,0.005107999999999886,0.0010410799999994603,0.0010410799999994304,0.0010410799999994677,-0.15031213201783397,9.573800054226897,0.0758893690391526,0.006177660788784144,0.01370147899855163,-0.005988729090109663,-33.09787630081177,21.43856339454651,22.30125082015991,988.8741650390625,-0.20397937529345567,45.30367094747447
2025-03-01T17:55:10Z,40.05910127845299,-75.40504076006292,34.30301788910703,-22.57433688346397,-9.594402861924882,-1.0723375459945885,1.4894605227279314,6.2795754041072,6.077005867352998,0.0009999999952013405,0.0010000000053123027,0.0009999999921180434,0.0009999999906460247,0.000999999988741598,0.0009999999862987388,0.000028996449471891914,0.000029000438355879556,0.796578492376635,17.35009048365315,17.839617138396385,0.01399285060804554,0.0004123212586715411,0.0004216438298308404,0.007138545566174096,0.005108999999999816,0.0051089999999998645,0.005108999999999887,0.0010410899999994596,0.0010410899999994297,0.0010410899999994685,-0.6084579067477941,9.567379306787828,0.7310043296787647,0.00005899885340504649,0.022415648538690953,0.0017639129477211312,-28.100438632965087,16.714688148498535,20.763938369750978,988.75634765625,-0.1648186876379003,38.731804152219965
2025-03-01T17:55:11Z,40.05579193463039,-75.40510718370145,34.06015145219299,-22.86361260223149,-9.28297516180984,-0.9548247484802588,1.4940579522803534,0.0059061308628321875,6.0928987808870065,0.0009999999953482549,0.0010000000050141792,0.000999999992325534,0.00099999999068061,0.0009999999885305063,0.0009999999859692738,0.00002999574291429127,0.00003000045861272555,0.7986156027982088,18.863999337389657,19.326744865255957,0.014935596373226365,0.0004219671949643214,0.0004304862742448731,0.0071474805840720124,0.0051099999999998135,0.005109999999999862,0.005109999999999886,0.0010410999999994602,0.0010410999999994285,0.0010410999999994682,-0.5143977506994606,9.800511514376971,1.0605110435128617,0.0068699752335688955,0.0159209538625292,-0.0071086477691199345,-26.37862609863281,14.307750597000123,17.75775068283081,988.95775390625,0.09174319254990636,34.86943946824775
2025-03-01T17:55:12Z,40.053307558987385,-75.40518376088892,33.5999182630508,-23.22248348586008,-8.916369406710924,-1.047597799551848,1.4881772985559671,0.010729253768480242,6.114077728411109,0.0009999999955105697,0.0010000000052698432,0.0009999999923031488,0.000999999990717426,0.0009999999888581819,0.000999999985941661,0.000030994950996228965,0.00003100048122817642,0.8040863692152367,20.36718929239415,20.868625538532037,0.016229969130072974,0.0004320260729407666,0.00043843976841378014,0.007156892943867761,0.0051109999999998145,0.005110999999999863,0.005110999999999887,0.0010411099999994597,0.0010411099999994287,0.0010411099999994688,-0.737789958391654,9.621018353139315,0.8466574209905916,-0.004492109933861879,0.020624613313492017,-0.0018246674692658292,-26.708626194000246,13.392563047409057,16.14581311225891,989.1632690429688,-0.09309599406321968,33.9616738255492
2025-03-01T17:55:13Z,40.05058734101264,-75.40525658292734,33.13205155347526,-23.260339054173052,-8.650028310116348,-1.0305364665521455,1.4883299157922867,0.014195021709852916,6.131660602595751,0.0009999999956072105,0.001000000005224181,0.0009999999924019043,0.0009999999905316536,0.0009999999889621738,0.0009999999858276323,0.00003199407431173909,0.00003200050640263142,0.8131013688988921,21.926867670343523,22.517685329421116,0.017266658883474513,0.00044199256384357675,0.00044563923883635245,0.007166242305018288,0.005111999999999812,0.005111999999999864,0.00511199999999989,0.0010411199999994587,0.0010411199999994293,0.001041119999999469,-0.6013631212871636,9.717900234967574,0.9360842695191034,0.0015010409735630593,0.016477241998322997,-0.00006868162517913927,-27.249376010894775,12.853125534057618,15.656063222885132,989.2031274414062,0.0019202665322966095,33.95350048771668
2025-03-01T17:55:14Z,40.0488693683153,-75.40534093889507,32.35895080953413,-23.469627954267143,-8.661498428842828,-1.1931352764462781,1.4852438644498762,0.016569473377271656,6.146121200492773,0.0009999999955453132,0.0010000000054524786,0.0009999999921382697,0.0009999999903872756,0.0009999999890626218,0.0009999999854930055,0.00003299311839414292,0.00003300053433821918,0.8257821444465769,23.47864715761628,24.227916991143854,0.018564155429038418,0.00045189771351025884,0.00045169725092931203,0.007175246692707661,0.005112999999999812,0.005112999999999862,0.005112999999999891,0.0010411299999994587,0.0010411299999994298,0.0010411299999994693,-0.6809205583476305,9.545165927245955,1.072978559494166,-0.002394808014195196,0.013569124896057676,0.00031335936274143154,-27.234563674926758,12.829313039779663,15.661313133239746,989.445859375,-0.1500753804644486,33.9350263500926
2025-03-01T17:55:15Z,40.047035435940735,-75.4054245716844,31.5022690323036,-23.595333188304448,-8.624066589296724,-1.2353111531905232,1.4709525574426936,0.008893489815907268,6.169315596148798,0.0009999999957282278,0.0010000000050395088,0.0009999999921958037,0.0009999999900049048,0.0009999999888415296,0.0009999999856401133,0.00003399209399257322,0.000034000565243822166,0.842200952170465,25.01116258317155,26.050356551695973,0.019967709299555908,0.00046234443232043336,0.00045553742788691085,0.007184606430385913,0.005113999999999816,0.005113999999999863,0.005113999999999889,0.0010411399999994595,0.0010411399999994307,0.0010411399999994695,-0.6949970166454218,9.658432692600488,1.1092696973603728,-0.013670436665940712,0.021053720641818298,0.011657919250904761,-28.258313674926757,14.186813049316406,15.459750623703004,989.5397241210937,-0.03273521977406975,35.19656617048362
2025-03-01T17:55:16Z,40.04573822713852,-75.40551442168326,30.431205557739116,-23.496774907791906,-8.780744631287634,-1.3919081596199114,1.4705341057387982,0.008418943104165496,6.179930880456228,0.0009999999955278896,0.0010000000049351229,0.0009999999920284948,0.000999999990118069,0.0009999999890880874,0.0009999999854508777,0.00003499101611252815,0.00003500059934202213,0.8606132249212435,26.48618643628802,27.93438342980546,0.020237438237264926,0.00047213299978333457,0.0004583949895588104,0.007192730164685251,0.005114999999999813,0.00511499999999986,0.005114999999999891,0.0010411499999994603,0.0010411499999994315,0.0010411499999994703,-0.3265833986172576,9.544727300638883,1.2591800446166157,0.00010973762377676694,0.00945596900585424,0.0029706207344250817,-27.497063694000243,14.186438083648682,15.056438055038452,989.7401782226563,-0.14648655816460313,34.40982953695212
2025-03-01T17:55:17Z,40.04389257940086,-75.40559773204862,29.438393354975375,-23.233440183022594,-8.678395510698568,-1.3125947355130607,1.4731757155303051,0.013687300998450771,6.193207832403963,0.0009999999955410397,0.001000000004873625,0.0009999999921841344,0.00099999999024828,0.0009999999889416062,0.0009999999856715434,0.00003598990095078757,0.000036000636872705195,0.8788454705207454,27.89385473079205,29.95412468860905,0.020618211216128075,0.0004821515187111317,0.00045940462729949296,0.007200021545399976,0.005115999999999812,0.00511599999999986,0.005115999999999892,0.0010411599999994602,0.0010411599999994312,0.0010411599999994709,-0.4622963244895123,9.785604738230537,1.0680732768661274,0.00337786496301241,0.012052144222939296,-0.0015905025124500218,-27.613688678741454,12.917250518798829,14.839875621795654,989.7924047851562,0.07510991467367373,33.90559876673237
2025-03-01T17:55:18Z,40.041257046419304,-75.4056693801271,28.65573635630377,-22.74825133919008,-8.693629422130808,-1.3172604704870476,1.4685678561220732,0.014787964184634255,6.214629770535097,0.000999999995638359,0.0010000000051229056,0.0009999999925652669,0.0009999999903218054,0.0009999999887947007,0.0009999999857813941,0.00003698876665761353,0.000037000678078308046,0.8974106541345312,29.21803277549925,32.048243546348466,0.02167330217434925,0.0004927520410940631,0.0004581364489517574,0.0072072709958749355,0.00511699999999981,0.005116999999999859,0.005116999999999891,0.0010411699999994608,0.0010411699999994303,0.0010411699999994697,-0.6520046655114915,9.65662832516042,1.2669998648782235,-0.003656260415650669,0.018800530907450718,0.004768165894089171,-27.62250108718872,13.460438089370728,13.814438095092774,989.7910375976562,-0.018263322264517615,33.690076247802125
2025-03-01T17:55:19Z,40.03880411183056,-75.40573967112078,27.822334401581205,-21.993088856677335,-8.672434087338216,-1.3554531585385126,1.4665381214995774,0.015829100083691823,6.232086395644808,0.0009999999955664222,0.001000000004545488,0.000999999992606801,0.000999999990547073,0.000999999988699104,0.0009999999855230708,0.00003798763201738424,0.00003800072318836557,0.915397814125912,30.424404273725177,34.21473875090004,0.021659505435967983,0.0005031034504874765,0.0004556136283925197,0.007214101203342999,0.00511799999999981,0.005117999999999858,0.005117999999999891,0.0010411799999994612,0.0010411799999994295,0.0010411799999994692,-0.419265392006049,9.631786115005458,1.226996583317546,-0.00112217270755965,0.014872302968200846,0.004457058224571351,-29.17912612915039,14.15081307411194,15.321938152313232,989.9127880859374,-0.06077914957709694,35.86676815494361
2025-03-01T17:55:20Z,40.03549231432279,-75.40579038359192,27.240212241025173,-20.632152676280377,-8.649727922627584,-1.2189714169320383,1.4713681460241708,0.024737285104051238,6.246548239147912,0.0009999999955920581,0.0010000000045727352,0.0009999999927575067,0.000999999990702249,0.0009999999888102012,0.0009999999853693947,0.00003898651136395269,0.00003900077244927083,0.9302683065895462,31.588671390684375,36.497530883458914,0.021324858379752065,0.0005132126434395427,0.0004523315642579225,0.007220371328178719,0.005118999999999813,0.005118999999999861,0.005118999999999893,0.0010411899999994614,0.0010411899999994286,0.0010411899999994683,-0.35894272786326353,9.773602100492841,1.3320767987766875,0.006207704083828375,0.011610352097967569,-0.0020715172305731553,-36.19987655639648,11.618625460863113,3.130500127673149,989.876650390625,0.09104404676411544,38.14734167205325
2025-03-01T17:55:21Z,40.033308187710595,-75.40585214121388,26.50391001516547,-19.874136210904314,-8.65104104743684,-1.1846888359852492,1.476902715490011,0.02936197447320018,6.265321221070339,0.0009999999954098272,0.001000000004697516,0.0009999999925340713,0.000999999990456921,0.0009999999888604869,0.0009999999853105796,0.00003998541565632347,0.00004000082608846296,0.9420341395691364,32.65199018192047,38.849217171643105,0.02128212607074551,0.0005237387808453863,0.000447874742379734,0.007226725490809758,0.0051199999999998105,0.0051199999999998625,0.005119999999999895,0.0010411999999994609,0.0010411999999994286,0.0010411999999994682,-0.5501926756953824,9.70700054867605,1.2053415344256069,0.006208204115725483,0.01669471619000188,0.0007715079652466765,-35.26593879699707,-7.657125338762999,6.949687799885869,990.0981274414063,0.01757011797489406,36.7506793875074
2025-03-01T17:55:22Z,40.030044187084485,-75.4058792048399,26.05743044767716,-18.217389678622876,-8.436907228595276,-1.158600128251961,1.4748214988533026,0.03010761956819812,6.2768064959256265,0.0009999999957050875,0.0010000000046672397,0.000999999992415695,0.000999999990272832,0.0009999999889701153,0.000999999985322431,0.00004098434920305355,0.00004100088432173995,0.949775819243812,33.65742418307515,41.25632845291444,0.020309277338943884,0.0005332099695787377,0.0004440178208034679,0.007233210931004631,0.005120999999999811,0.005120999999999865,0.005120999999999897,0.00104120999999946,0.0010412099999994274,0.0010412099999994673,-0.2976701332433814,9.682394376432171,1.14911020409069,-0.0005113079478935822,0.007786272125127063,0.005882409693345098,-45.079689254760744,-0.6202500312775373,9.990562887787819,990.015576171875,-0.024566924155408763,46.17758926287496
2025-03-01T17:55:23Z,40.02594125456999,-75.40586364461764,25.85682138219504,-15.996532536713328,-8.15087110959531,-1.1054609573769527,1.4723467915001793,0.04184921152855957,0.008976749240096855,0.000999999995502772,0.0010000000048096846,0.000999999992526324,0.0009999999902317112,0.000999999988663608,0.0009999999854864105,0.00004198330831629654,0.00004200094732995093,0.9522740388703537,34.6892292161628,43.729641194650014,0.019484492737004058,0.0005431184232857664,0.0004402396063015072,0.007239627107900134,0.005121999999999813,0.005121999999999863,0.005121999999999895,0.0010412199999994603,0.0010412199999994278,0.0010412199999994683,-0.2777044357668225,9.673378090212797,1.3068540884889166,-0.00036159668265685677,0.011760566146318143,-0.003253189981268393,-35.97056392669678,11.44162546813488,18.760875769779087,989.9318774414063,-0.014268147240917992,42.15161255755324
2025-03-01T17:55:24Z,40.02400881978663,-75.40589611261933,25.086985462923472,-14.853380918414922,-8.250398590508569,-1.2881578972096843,1.4737985765846318,0.06141802069928667,0.018788784080946683,0.000999999995211458,0.0010000000047042483,0.000999999992677862,0.0009999999902157502,0.0009999999883903697,0.000999999985292211,0.00004298228460424494,0.000043001015181148104,0.9502442634044344,35.752199119454836,46.200316110986286,0.01881510526067616,0.0005530762546639951,0.00043774820817327756,0.007246386733636124,0.005122999999999813,0.00512299999999986,0.005122999999999892,0.0010412299999994603,0.0010412299999994277,0.0010412299999994672,-0.3263441221346189,9.484906712209343,1.3869966555858884,0.002369936996090177,0.00959850358645341,-0.015467313974978858,-26.334376068115233,17.825813245773315,11.878687977790833,990.2891967773437,-0.1881214104158212,33.94641013774728
2025-03-01T17:55:25Z,40.02170767849925,-75.40589622142431,24.381382278728946,-13.738949555655228,-9.019871533538707,-1.149613460640386,1.4809831158497386,0.08530244525919305,0.027099095835254494,0.0009999999952407439,0.0010000000046486773,0.000999999992675705,0.0009999999900324533,0.0009999999883012719,0.0009999999850539162,0.000043981278426730176,0.000044001087585439716,0.9483970864729009,37.15558181753102,48.77346837818593,0.021432943431733256,0.0005626891459303601,0.0004367474431812804,0.007254128514202064,0.005123999999999811,0.005123999999999859,0.005123999999999892,0.0010412399999994598,0.0010412399999994272,0.0010412399999994671,-0.7654872275728666,9.695894207934067,2.2227952302787086,0.008671190916039215,0.008185503649571681,-0.019536240966084688,-23.712188453674315,17.29950078010559,13.841625604629517,990.3256860351562,0.1974628828945194,32.45193233287359
2025-03-01T17:55:26Z,40.01934422582933,-75.4058591768212,23.8339829656287,-12.636504737590167,-9.720018810692698,-1.0152002851835193,1.4823378637044327,0.08378445846688179,0.033923363280275495,0.0009999999951426444,0.001000000004268479,0.0009999999927602066,0.000999999989977198,0.0009999999879936813,0.0009999999845539567,0.00004498030625345978,0.00004500116344771248,0.9535794572517509,38.76012034384915,51.251538542024655,0.02618154439111765,0.0005680676249360484,0.00043739419549803445,0.007261645525575078,0.0051249999999998085,0.0051249999999998614,0.005124999999999889,0.0010412499999994597,0.0010412499999994272,0.0010412499999994666,-0.8748588263543537,9.674458017980378,2.323308155981077,0.003601848343032628,0.004457058495627462,0.005464985309291235,-20.532750797271728,11.712000517845153,14.41387559890747,990.3796337890625,0.20861929163473,27.686130273822002
2025-03-01T17:55:27Z,40.017324274207915,-75.4057983575824,23.357837695360764,-11.754801709354366,-10.8790910447116,-0.8804111406932659,1.4821293387797612,0.08439906496205994,0.03644537359645329,0.0009999999951015928,0.001000000004399884,0.0009999999928748662,0.0009999999900057127,0.0009999999883519488,0.0009999999847971075,0.00004597939846260589,0.0000460012401996347,0.9730081813814947,40.74411714580569,53.444989703668554,0.03633595876420946,0.0005691609634042623,0.0004402422761880525,0.007269564971091093,0.005125999999999812,0.005125999999999859,0.005125999999999892,0.0010412599999994588,0.0010412599999994263,0.001041259999999466,-0.8856775267041403,9.623050343618658,2.9230292721179754,0.00284294006498646,0.0008250839952515809,0.002214550892748981,-26.075063591003417,16.47862561225891,13.131750574111939,990.4737744140625,0.31696108263304595,33.524521054929316
2025-03-01T17:55:28Z,40.01575152843036,-75.40572799208338,22.901912651267942,-11.123239419570133,-12.18090512763006,-0.8198137057703082,1.481870724992659,0.0939804799774711,0.034714970271689224,0.0009999999949748266,0.0010000000043020006,0.000999999992734942,0.0009999999900473257,0.0009999999885221078,0.000999999984699528,0.00004697860359547105,0.00004700131290935449,1.0167144306251745,43.084365591223374,55.00371373638648,0.050990490177757496,0.0005633040281086194,0.0004455803852923045,0.0072783845784439765,0.0051269999999998105,0.0051269999999998565,0.005126999999999891,0.0010412699999994592,0.0010412699999994266,0.0010412699999994665,-0.9193254501422933,9.525903597509435,3.1512247791361534,0.003398226344397244,-0.002089375227450386,-0.007912953288535907,-29.438251209259032,12.900375485420227,16.428563108444212,990.5766455078125,0.29660974200508144,36.096043302907105
2025-03-01T17:55:29Z,40.0143435285619,-75.40560972011382,22.49100334683466,-10.519928119052825,-12.593979053160565,-0.8127844779102495,1.4811096873122276,0.10108703717664554,0.03445744579832237,0.0009999999946921384,0.0010000000045731787,0.0009999999924809844,0.0009999999901885138,0.0009999999884512344,0.000999999984884042,0.00004797796609622806,0.000048001375433731524,1.084908499535892,45.55066481422087,55.571702339361394,0.060844096176249335,0.000547337186604502,0.00045257699392340256,0.007287758430782924,0.005127999999999812,0.005127999999999859,0.005127999999999892,0.0010412799999994595,0.001041279999999427,0.0010412799999994667,-0.8511300067435369,9.524388209020763,2.5129393587979805,0.0035305806932535667,-0.0005723948211706852,-0.0057443829343231155,-24.254251041412353,19.476938228607178,14.358000583648682,990.633837890625,0.10805618914743423,34.26030528125426
2025-03-01T17:55:30Z,40.01299818360919,-75.40541013082989,22.124026340736187,-9.739581185091819,-11.678579119983027,-0.8470954510784018,1.4756152035308179,0.10222291227609757,0.030082457615071077,0.0009999999945380813,0.0010000000046305314,0.0009999999924403943,0.0009999999898473021,0.000999999988650354,0.0009999999850539964,0.00004897749264162492,0.000049001424281494893,1.158123104000053,47.96482984314612,55.02421650220278,0.06008372697399273,0.0005201275080791092,0.0004620498232202245,0.007297072279464738,0.0051289999999998125,0.00512899999999986,0.005128999999999892,0.0010412899999994595,0.001041289999999427,0.0010412899999994668,-0.5411895172901993,9.585196664899412,1.5529617890292455,0.00020921186809101243,-0.00497312470900438,-0.0005493619918018942,-24.925688591003418,12.742688074111939,14.86668809890747,990.6674926757812,-0.05381044639841559,31.696707200657933
2025-03-01T17:55:31Z,40.011537266336575,-75.40506276544544,21.89091730748668,-9.14571849558291,-9.97785050213548,-0.8224238483563904,1.465935468673734,0.10648682202059505,0.036136060225979066,0.000999999994342823,0.0010000000046884176,0.0009999999923996602,0.0009999999897209414,0.0009999999884876649,0.0009999999850471661,0.00004997715822497595,0.00005000146032119435,1.2163379471608875,50.51526279336798,53.5857885492117,0.05634384260977571,0.000489204613487002,0.0004704504379015527,0.007307291024408283,0.005129999999999809,0.005129999999999858,0.005129999999999891,0.0010412999999994598,0.0010412999999994275,0.0010412999999994672,-0.6123661915164459,9.625644547775725,1.402111311800887,-0.003382372540436024,0.005841685512044083,-0.003015853716481335,-22.672688293457032,12.261750507354737,15.833625650405883,990.6522387695312,-0.03276363433258841,30.250652048052764
2025-03-01T17:55:32Z,40.0101275331997,-75.40462240725219,21.765299530888175,-8.766585538249725,-8.102368391807811,-0.7721606062098192,1.456259182407034,0.10270824791550126,0.0424534170350984,0.0009999999944590523,0.001000000004503735,0.0009999999923454442,0.0009999999897645812,0.000999999988579713,0.000999999984850444,0.00005097693309059675,0.00005100148657999652,1.2552932868063207,53.22824505259149,51.54145025231744,0.053138480367953704,0.00045539695757981227,0.00047912552765327237,0.007316962123103551,0.005130999999999807,0.005130999999999854,0.005130999999999893,0.00104130999999946,0.0010413099999994275,0.0010413099999994672,-0.6301162185925054,9.615283494913383,1.5981116127105797,-0.0027349560705248596,0.0055417611088502605,0.00455786831543955,-22.883063278198243,12.339938077926636,16.057875671386718,990.6505981445313,-0.011918144952082073,30.557501940864114
2025-03-01T17:55:33Z,40.00873631128529,-75.4040984759533,21.71193204492223,-8.381682869108896,-5.469908837794586,-0.8054920236983737,1.4444341158692442,0.09544042619844048,0.038981744560723786,0.0009999999947012867,0.0010000000043908475,0.0009999999923762065,0.0009999999896943322,0.000999999988515005,0.0009999999847113963,0.00005197677923240009,0.000052001507218627206,1.272259547586276,55.775276303338785,49.18306655536375,0.04665392974717785,0.00042061116922369315,0.0004896967529317657,0.007326166221112625,0.005131999999999805,0.005131999999999858,0.005131999999999891,0.0010413199999994597,0.0010413199999994263,0.0010413199999994658,-0.3138216818540516,9.604268685018486,1.149110200551853,-0.0034740026511420876,-0.004319031823026837,0.006320196487723573,-23.836688270568846,12.576000518798828,14.875125494003296,990.6389379882812,-0.10188072499992495,30.7832702838572
2025-03-01T17:55:34Z,40.007332885948856,-75.40351840111956,21.680565042522367,-8.222402778787846,-2.715183484324774,-0.7913997520541498,1.4348356372679436,0.09123998317064266,0.032385750686735576,0.0009999999948138059,0.0010000000045047278,0.000999999992533626,0.0009999999900066386,0.0009999999881033087,0.0009999999850756405,0.000052976653217084524,0.000053001526484678414,1.2675850206454742,58.2952059265454,46.84339416958403,0.04116318833529153,0.000389547670865466,0.000500114053438379,0.00733566766900735,0.005132999999999807,0.005132999999999857,0.005132999999999889,0.001041329999999459,0.0010413299999994267,0.0010413299999994664,-0.2569921427964952,9.6521251748359,1.1876745303945486,-0.0010407243034734536,-0.00678285312722568,0.0021663158013634468,-24.00075090408325,14.632875547409057,14.985938043594361,990.630751953125,-0.05172524526050618,31.854861405763256
2025-03-01T17:55:35Z,40.005884801487106,-75.40291403707849,21.65135495212489,-8.28535382381062,0.14365116277427248,-0.7937738424158413,1.4303543624876711,0.08933537391018877,0.028820235214952215,0.0009999999945995194,0.0010000000047731127,0.0009999999924628954,0.0009999999900051912,0.000999999988083242,0.0009999999851080573,0.00005397651469453519,0.000054001547550263566,1.247441992696654,60.67811039686139,44.700673276471164,0.036085088183129686,0.0003646207884508164,0.0005086752126388172,0.007345443853413939,0.005133999999999808,0.0051339999999998566,0.005133999999999889,0.001041339999999458,0.0010413399999994273,0.001041339999999467,-0.23651651397506712,9.661453182403562,1.0601187771770222,0.0032935782894384976,-0.0032106295004301977,-0.00033906423523382887,-24.477188568115235,14.50912558555603,14.790000534057617,990.63080078125,-0.058041705262474444,32.06849458585419
2025-03-01T17:55:36Z,40.00424922911188,-75.40226992532543,21.61294815015808,-8.537301698147564,3.2517949908292136,-0.8445269773433082,1.420090081380451,0.09185358746885787,0.02604997526716747,0.0009999999946421051,0.0010000000047002374,0.0009999999922083096,0.0009999999899760227,0.0009999999879142967,0.0009999999851695324,0.00005497631691529862,0.00005500157283393591,1.215866776973254,62.84342487782776,42.87491890672731,0.031613383062125536,0.0003459348765782922,0.0005155651220767455,0.007355542185520484,0.005134999999999807,0.005134999999999856,0.005134999999999888,0.001041349999999459,0.0010413499999994266,0.001041349999999466,-0.1898734634756433,9.6554750671339,0.8440253129080802,-0.0028936809789713693,-0.0014683299741652383,-0.005255691331393604,-25.338188648223877,14.506125602722168,14.996063089370727,990.6199487304688,-0.08655496730988561,32.82270646038932
2025-03-01T17:55:37Z,40.00230159681354,-75.40158602289351,21.558625668573985,-9.03940600701433,6.345977930111,-0.8655368161833931,1.4135328998938113,0.08957121763824512,0.020617447949424765,0.0009999999944438121,0.0010000000048830497,0.0009999999924224688,0.0009999999898766094,0.0009999999879160735,0.0009999999854081673,0.00005597600266237003,0.00005600160395079456,1.178122574282023,64.86658861221639,41.450045120301496,0.028784622095980424,0.0003322929060556475,0.0005210513978644158,0.007365120919520044,0.005135999999999805,0.005135999999999853,0.0051359999999998854,0.0010413599999994578,0.001041359999999427,0.0010413599999994651,-0.1979959904981604,9.685224468414109,0.8990543497702861,0.0006798781117539358,-0.004452387267516149,-0.0016208787676592735,-25.166063690185545,14.849625606536865,14.6638130569458,990.606494140625,-0.052182728008494786,32.693519787609375
2025-03-01T17:55:38Z,39.99988940804574,-75.40085889523301,21.49441674534638,-9.880997463657675,9.527110613223794,-0.9255247626060948,1.4059263909906345,0.09133873786653667,0.019763331822892978,0.000999999994303848,0.0010000000052629598,0.0009999999923657485,0.0009999999896367266,0.0009999999879813188,0.0009999999852032355,0.00005697550318919783,0.000057001641931959187,1.1391758858521301,66.66011373396525,40.442399984886094,0.02686646891249731,0.00032482642056381593,0.000523925156070038,0.0073750253844475375,0.005136999999999803,0.005136999999999851,0.005136999999999884,0.0010413699999994573,0.0010413699999994273,0.0010413699999994646,-0.2449083915613909,9.656910728449708,0.8350123515204865,-0.0011628974479922787,0.0010667593147237156,-0.005703658798786008,-24.96656373977661,15.347625608444213,14.408813066482544,990.587529296875,-0.08538904840001882,32.6571507480051
2025-03-01T17:55:39Z,39.99695305951876,-75.40011159161833,21.413724028449614,-11.056326347897956,12.512908108770473,-0.9180418462866149,1.3979278496898755,0.08437743465877573,0.022848500057262112,0.0009999999942921015,0.001000000005413807,0.00099999999237987,0.0009999999898233256,0.000999999988031346,0.000999999984766933,0.000057974739061521506,0.00005800168748614553,1.1026885257918115,68.28870504473903,39.87495588168033,0.025951707759863992,0.0003218004192795492,0.0005244204044318694,0.0073843238646450005,0.005137999999999803,0.005137999999999852,0.005137999999999883,0.0010413799999994563,0.0010413799999994273,0.0010413799999994641,-0.29384161072586085,9.702055318191352,0.9850423286832222,-0.002514644135060304,0.0038193224219056025,0.002865472271521835,-25.29750114440918,14.922938051223754,14.202563066482544,990.5782666015625,-0.025416371022878026,32.624639913748005
2025-03-01T17:55:40Z,39.993324092831365,-75.39933955106137,21.350040863707953,-12.61806191730999,15.307559428860285,-0.9514871351833711,1.3919407780590827,0.08114479049472718,0.020682341178132273,0.0009999999940824894,0.0010000000054932318,0.0009999999925777547,0.0009999999898246694,0.0009999999876847444,0.0009999999849500912,0.000058973629247428874,0.00005900174101903833,1.0716790936921805,69.69536074586827,39.71602848794778,0.02559214361739486,0.0003223358361799483,0.0005233741466706323,0.007393721663338939,0.005138999999999804,0.005138999999999852,0.005138999999999884,0.001041389999999456,0.0010413899999994272,0.0010413899999994632,-0.3131260586595643,9.634386873458702,1.1216653153855278,-0.0006233000711168892,-0.0003585919354157494,-0.0025271618062958886,-26.00850112915039,14.874750595092774,13.600688095092773,990.5585815429688,-0.07759108522825098,32.90403793284222
2025-03-01T17:55:41Z,40.081265187163375,-75.38754275359408,17.113054685576664,3.9884896405738237,-4.224537488836879,-1.4099757708171565,1.430569528321984,0.11762116875173668,0.027470314502214092,0.0009999999939884095,0.0010000000052922127,0.0009999999922910292,0.0009999999898774002,0.0009999999878823058,0.0009999999853288072,3.0702025799015833e-10,3.0701987511967215e-10,0.570172719495316,0.00035094108702761744,0.00035093960572111436,0.01442554085810112,0.00017013045851860012,0.00017440883183360203,0.007043792044968861,0.005139999999999802,0.0051399999999998496,0.005139999999999882,0.0010413999999994566,0.0010413999999994278,0.0010413999999994638,-0.12801900085075396,9.739024320279032,0.7109444929758425,-0.0023642646600408514,-0.0049706209590130125,-0.0034740020943249367,-26.149876136779785,15.117375631332397,13.642688093185425,990.5351000976563,-0.014088622523618102,33.143183892090136
2025-03-01T17:55:42Z,40.081269141608296,-75.38758571356092,16.774572037043892,4.98968050222911,-3.0959707642556893,-1.4776221560054614,1.4338530680483235,0.11430569546058243,0.030130672455242563,0.0009999999941504838,0.0010000000054449512,0.0009999999921650022,0.0009999999898572826,0.0009999999877363399,0.000999999985103263,1.0003070204054527e-6,1.0003070201235264e-6,0.6092852916937987,0.03128224727750734,0.02379447613759926,0.01711066829953133,0.00018014033584230575,0.0001836277123623201,0.007052658213555656,0.005140999999999799,0.005140999999999852,0.005140999999999884,0.001041409999999457,0.001041409999999428,0.0010414099999994644,-0.06497858059928814,9.736179928133314,0.24365630827173781,0.0033035922701869303,-0.0018587156629035365,-0.00040916320147302006,-26.515501174926758,15.983625621795655,13.845000610351562,990.5058154296875,-0.04054789711831313,33.91502154199561
2025-03-01T17:55:43Z,40.08128098697428,-75.38761413062475,16.518930895555116,5.959115311304326,-1.7276203064572067,-1.5391243556004515,1.4352755254506515,0.11050749456425661,0.03715210603181358,0.0009999999940354285,0.0010000000052089065,0.0009999999921549792,0.0009999999895891245,0.0009999999882007015,0.0009999999851119058,2.0003070212469915e-6,2.0003070237866042e-6,0.6557920503326612,0.13295078194458176,0.09376615606087474,0.020714528760080824,0.00019006430443739995,0.00019233095460897097,0.007060037507118676,0.005141999999999802,0.005141999999999851,0.005141999999999882,0.0010414199999994565,0.0010414199999994275,0.0010414199999994637,0.015071793241067057,9.754019442234952,-0.02572583416376316,0.00004865118405726794,0.00010973747858591173,-0.0009490944471176843,-27.40350118637085,16.13925066947937,14.553563079833985,990.4893359375,-0.026081273513352706,34.97470419887024
2025-03-01T17:55:44Z,40.0812893506982,-75.3876309085351,16.389483523824357,6.6580804938369464,-1.008095293034351,-1.5323566922900416,1.4322686521952368,0.10728254794218398,0.04243783811707832,0.0009999999943421953,0.0010000000050898663,0.0009999999918616483,0.0009999999899584682,0.0009999999883616964,0.000999999985059951,3.000307021504229e-6,3.0003070395386538e-6,0.7097820780720417,0.2677889346753818,0.20497189837625354,0.02327369520732291,0.00019977165416252144,0.0002003183202486536,0.007065773915145131,0.005142999999999803,0.005142999999999851,0.005142999999999883,0.001041429999999457,0.0010414299999994261,0.001041429999999464,-0.14923732419167465,9.685930609525881,0.5924984658495728,-0.005328627764432181,-0.0038815794211177345,-0.0034735015719633794,-28.385813751220702,16.923750782012938,15.417000598907471,990.4748999023437,-0.07504460299577907,36.46708056185816
2025-03-01T17:55:45Z,40.08127817230918,-75.38764287800927,16.478581100322092,7.078523023916399,-0.642060431373404,-1.4432131845208032,1.4357546218991295,0.10041102346423682,0.05554712125351799,0.0009999999945864578,0.0010000000045917432,0.000999999992107617,0.0009999999898707048,0.0009999999884984419,0.0009999999850578407,4.000307007381999e-6,4.000307081158163e-6,0.7678274334975612,0.42992710534694556,0.3538453375539103,0.02477318446029648,0.00020889280212012476,0.0002074976145768713,0.007068624861237051,0.005143999999999806,0.005143999999999853,0.005143999999999886,0.001041439999999457,0.0010414399999994254,0.0010414399999994642,-0.27418058339313134,9.6804800421346,0.8844640146177931,-0.000847283646667363,0.0010463971459895418,-0.0005214893100394328,-28.198126201629638,16.55606333732605,17.199375715255737,990.4375073242187,-0.05560245202251266,36.94661452917042
2025-03-01T17:55:46Z,40.08123254257301,-75.3876543381583,16.751770106425894,7.281750607579425,-0.49175519848476995,-1.3229538240956915,1.4397131426053142,0.09053388171045507,0.07138670391612582,0.0009999999946505578,0.0010000000043709988,0.0009999999921510836,0.000999999990064777,0.0009999999884659505,0.0009999999850337376,5.000306930514221e-6,5.000307166846569e-6,0.8249936351403815,0.6197939181575308,0.5394735156350986,0.025430684866237827,0.00021739188553203452,0.00021382760692386147,0.0070689077672678215,0.005144999999999809,0.0051449999999998546,0.005144999999999887,0.0010414499999994568,0.0010414499999994243,0.0010414499999994642,-0.3010200788281118,9.672543866470832,0.9942945768912084,-0.0014683295338170214,0.0020645049718981895,0.001820158959756626,-27.873376140594484,16.276313190460204,19.39912576675415,990.4431640625,-0.05211403786338958,37.65854116110586
2025-03-01T17:55:47Z,40.08113931821987,-75.38766538938052,17.207745014034728,7.427669959381575,0.06002368639411565,-1.220975958851334,1.4428295236534014,0.08332189463724463,0.0860087520950702,0.0009999999950520571,0.001000000004222971,0.000999999992023695,0.0009999999897056231,0.00099999998870159,0.0009999999849181086,6.000306680348573e-6,6.00030731906785e-6,0.8786505311131433,0.8866742572868244,0.7694995619395225,0.026947281999583086,0.00022544618305983026,0.00021938534554654347,0.007067632603760493,0.005145999999999808,0.005145999999999853,0.005145999999999886,0.0010414599999994567,0.0010414599999994242,0.001041459999999464,-0.11287426816732578,9.717900336589507,0.4900778138620762,-0.0028951828209723067,0.00035441745838211513,-0.0017210207493462176,-25.694063701629638,14.45681308746338,20.545313415527342,990.4229370117188,-0.04944380780227166,35.93453222181571
2025-03-01T17:55:48Z,40.08098732304185,-75.3876748643747,17.807615122186395,7.463633200085031,0.6077597102057124,-1.1182018595939096,1.4470014413665178,0.0739024216372869,0.09587948312440878,0.0009999999947979711,0.0010000000044010206,0.0009999999916846453,0.000999999989519731,0.0009999999887573793,0.0009999999845070081,7.000306055097125e-6,7.000307565212988e-6,0.9283821228144896,1.2051592128518471,1.0399921462840402,0.028421805203335093,0.0002326983467415556,0.0002243674732466015,0.007064839546373631,0.005146999999999807,0.005146999999999856,0.005146999999999889,0.0010414699999994558,0.0010414699999994233,0.001041469999999463,-0.01432004800875409,9.723271678920337,0.3782623894097263,-0.00208937570416662,-0.004960439956527444,-0.00047058385922351385,-23.669250926971436,14.189063053131104,18.75150074005127,990.3946435546875,-0.04977247858525193,33.3643273491609
2025-03-01T17:55:49Z,40.08076956678385,-75.38769064273643,18.504653154876074,7.080520247217149,-0.2110783875740821,-0.945651519225712,1.4531128086609073,0.06902232715841601,0.1024624129964734,0.00099999999502579,0.0010000000047747913,0.0009999999918277353,0.0009999999892216817,0.0009999999887337515,0.0009999999841909155,8.000304741478977e-6,8.000307933998551e-6,0.9675658658958772,1.4186183449669623,1.320902479788986,0.025737110013494865,0.00023949270274156763,0.00022905705284630197,0.007061640547480149,0.00514799999999981,0.005147999999999858,0.0051479999999998905,0.0010414799999994562,0.0010414799999994236,0.0010414799999994633,-0.4300997853114724,9.61791171189165,1.5920707024829408,-0.00009121358528306023,-0.007086115787571072,-0.0049555995892693085,-24.300938453674316,16.024313201904295,19.22775074005127,990.3852807617187,-0.022043899754734118,34.885771840942375
2025-03-01T17:55:50Z,40.08048167071619,-75.38771988975653,19.292607126430735,6.617900231996573,-0.9721516149423861,-0.7940008059537413,1.4579145922389571,0.060872234101919484,0.11103083973255659,0.0009999999952395072,0.0010000000046494206,0.0009999999915439792,0.0009999999891094839,0.0009999999889448998,0.0009999999839257197,9.00030229980993e-6,9.000308454376404e-6,0.990551454719822,1.6692324576167508,1.6320850589111444,0.023381268829335188,0.00024606392966239083,0.0002336115534663151,0.007058144798393761,0.005148999999999813,0.005148999999999861,0.005148999999999893,0.0010414899999994565,0.001041489999999424,0.0010414899999994635,-0.41101015933664425,9.638206822708442,1.4378441334249839,-0.0012952511656522852,-0.004573558916480226,-0.0007861973414586818,-22.746000823974608,15.571688070297242,18.785250740051268,990.3574389648437,-0.026701134309499035,33.357761894096484
2025-03-01T17:55:51Z,40.08013180795518,-75.3877616756181,20.07038670876388,6.053167117822532,-1.9282029024512573,-0.6900002882065784,1.4633131984325805,0.05780599676224415,0.12107718940406237,0.0009999999951844489,0.0010000000043837462,0.0009999999914451381,0.00099999998963326,0.0009999999890137105,0.0009999999840634897,0.000010000298136039627,0.000010000309161034859,0.9987136473367991,1.92689698477095,1.9675885741054704,0.02083232368700944,0.0002530793464226248,0.00023818846363444138,0.007055507746952103,0.005149999999999814,0.005149999999999862,0.005149999999999893,0.0010414999999994563,0.001041499999999424,0.0010414999999994636,-0.4966333304397344,9.600081212357004,1.5682928463305157,-0.00008370299553317928,-0.0010916296491093765,-0.004614283263286299,-22.296750793457033,15.615000581741333,17.32387580871582,990.3464672851562,-0.04011667533363307,32.26587568137263
2025-03-01T17:55:52Z,40.079728862286174,-75.38781684695512,20.780915163519577,5.4471129261486215,-3.197870215327569,-0.581719085492784,1.4655678257579858,0.05393681493651866,0.1291428473099201,0.0009999999949347159,0.0010000000046570788,0.0009999999916853579,0.000999999989643207,0.0009999999887230007,0.0009999999837945668,0.000011000291462287326,0.000011000310092558801,0.993249235900116,2.184403814623914,2.3344840581443873,0.018360587369192386,0.00026054145917263474,0.0002430633112666948,0.00705388300520942,0.005150999999999816,0.005150999999999865,0.005150999999999895,0.0010415099999994566,0.0010415099999994241,0.0010415099999994638,-0.5990487541537516,9.599710540516957,1.8728154837428108,-0.0021341055115974487,-0.0015182336682238846,-0.002822580148552749,-22.702125854492188,14.675625534057618,14.709563150405884,990.3476391601563,0.019034849386165557,30.775454895162845
2025-03-01T17:55:53Z,40.07927275571986,-75.38788488881124,21.4236811534682,4.868196316701046,-4.292333554475135,-0.5146018713235405,1.4688357517911834,0.04909618887625119,0.13616670278669318,0.0009999999952132064,0.0010000000049698622,0.0009999999919093898,0.0009999999901071856,0.0009999999891370484,0.000999999983558431,0.000012000281240256942,0.00001200031129448029,0.9777819160848658,2.489902801606904,2.7415173675980955,0.016757376647443426,0.00026865228535797236,0.0002483029122986984,0.007053510114995547,0.005151999999999814,0.005151999999999864,0.005151999999999894,0.0010415199999994562,0.0010415199999994236,0.0010415199999994633,-0.564509734963279,9.604428139364035,1.724105484334995,-0.00008370284593965172,-0.001234164835638511,-0.00091855139892196,-24.217688541412354,14.826563081741334,14.065500574111939,990.3399780273437,-0.005595925098137146,31.688460005924405
2025-03-01T17:55:54Z,40.078780402227196,-75.38796017175078,21.945381722827076,4.390875404432987,-4.872171565647193,-0.4899114220217158,1.4715223925687295,0.04510449370275059,0.14181617931677842,0.0009999999951939272,0.0010000000052383558,0.0009999999920471308,0.0009999999901588081,0.000999999989386748,0.0009999999836759511,0.000013000266132750009,0.000013000312821011408,0.9581754602767607,2.8671737376880135,3.1981566369935557,0.015837895848609986,0.0002774017824326585,0.0002539491851909387,0.0070544735675031655,0.005152999999999813,0.005152999999999867,0.005152999999999893,0.0010415299999994554,0.001041529999999423,0.0010415299999994628,-0.4202146837938283,9.640231568128275,1.2623711324444364,0.00033939609481879133,-0.0011176665819661632,-0.0008497872708503702,-24.54131362915039,14.99456301689148,13.744125528335571,990.3513305664062,-0.048186449925360836,31.874923409497903
2025-03-01T17:55:55Z,40.07823762536068,-75.38803634660805,22.373087065264322,4.027339256504427,-4.7463534973320405,-0.4947601755397374,1.474387227520566,0.041256178754652255,0.14674455105007658,0.00099999999493567,0.0010000000054065496,0.000999999992128854,0.0009999999901976774,0.0009999999890632706,0.0009999999837005192,0.000014000244496693473,0.000014000314732195758,0.9394845424784126,3.332859780507654,3.7109952432280093,0.015260701139442317,0.00028659101492748204,0.00025995838727743865,0.00705662785038676,0.005153999999999811,0.005153999999999866,0.0051539999999998904,0.0010415399999994545,0.001041539999999422,0.0010415399999994619,-0.2049083698289526,9.697907788589326,0.601233573864406,0.0011685698987801854,-0.0008981892946757665,-0.0003891351469921479,-24.889126052856444,15.18187554359436,13.77375060081482,990.3434716796875,-0.06112204655633553,32.243927644483264
2025-03-01T17:55:56Z,40.077615750229555,-75.38811034277124,22.749879965555955,3.636981717303204,-4.554464681613755,-0.5022728301025977,1.4748561430238545,0.0388510027730324,0.15132300894190065,0.0009999999946371768,0.001000000005531506,0.0009999999918571128,0.0009999999899255605,0.000999999989153628,0.000999999983403429,0.000015000214376641608,0.000015000317092372932,0.9231980790866068,3.843136699131269,4.271709111423555,0.01478403299572567,0.00029606330624310856,0.00026628503097869926,0.007059843024487293,0.005154999999999808,0.0051549999999998646,0.005154999999999889,0.0010415499999994545,0.001041549999999423,0.0010415499999994627,-0.19517167206353297,9.705190844045767,0.5444851054344563,-0.0008723192924616938,-0.0005769010277424954,-0.0015107230790419256,-24.799688663482666,15.360188055038453,14.242313089370727,990.3131030273438,-0.05741860586637591,32.46228763494398
2025-03-01T17:55:57Z,40.07692776390554,-75.38818168815267,23.05285062599758,3.2462302356084427,-4.3332844234968935,-0.5234389727206485,1.4752673251348618,0.03619786984407317,0.15481742288774664,0.0009999999944677658,0.00100000000524621,0.0009999999919554424,0.0009999999900807378,0.0009999999892439323,0.0009999999836912386,0.00001600017347720908,0.00001600031997008866,0.9087014262001778,4.397365958654378,4.881566058067231,0.01442726173072137,0.00030560782706425644,0.00027294377574486254,0.007063958111927417,0.0051559999999998074,0.005155999999999864,0.005155999999999887,0.001041559999999454,0.0010415599999994232,0.001041559999999463,-0.18452949746813782,9.699144100183679,0.531163755603827,-0.0006640244259861287,-0.0011018107845153398,-0.0009592757666370839,-24.806438694000246,15.714938163757324,14.360063066482544,990.3013452148438,-0.06442393459418974,32.688327763361784
2025-03-01T17:55:58Z,40.0761847888243,-75.38825018486979,23.272728887367386,2.8654673483978272,-4.038486728449798,-0.540742218185555,1.4755107376871013,0.034128551319521944,0.15760197936454845,0.0009999999942845986,0.0010000000052893788,0.0009999999918122895,0.0009999999899095368,0.0009999999890793415,0.0009999999834310706,0.00001700011914407846,0.000017000323436923562,0.8957652130815943,5.005117435564476,5.542472070547697,0.014224623846463112,0.00031518610788522133,0.000279886578683682,0.007068869214318908,0.005156999999999805,0.005156999999999866,0.00515699999999989,0.0010415699999994541,0.0010415699999994222,0.0010415699999994639,-0.16706189063196983,9.71597355905644,0.46803311747620296,-0.0006945676803931378,-0.0011934404891534671,-0.0011934406436718318,-25.45762613296509,15.40575059890747,14.410313091278077,990.3037182617187,-0.05121172563645871,33.061785248675285
2025-03-01T17:55:59Z,40.07536599630357,-75.38831525272697,23.436818846616497,2.528980711248607,-3.395749788970746,-0.5661963635567557,1.4776261544295783,0.03177308637572866,0.1612086638374573,0.0009999999941587123,0.0010000000053462718,0.0009999999918686533,0.0009999999901361088,0.0009999999892984798,0.000999999983314508,0.000018000048415382706,0.000018000327569413567,0.8850081242293544,5.70511870430764,6.258186171145905,0.014540497589927011,0.00032479285644472456,0.000286983081697379,0.00707444516079699,0.005157999999999806,0.005157999999999864,0.005157999999999888,0.0010415799999994538,0.0010415799999994213,0.0010415799999994647,-0.055681881119079575,9.747673188876506,0.11114885088960594,0.001100473555442837,-0.000026121206722295358,-0.0005693902216327134,-25.154438705444335,15.280500621795655,14.687625579833984,990.2977709960937,-0.03149099460913012,32.893198214385606
2025-03-01T17:56:00Z,40.07448739124587,-75.3883761272903,23.526361997410334,2.204141258848859,-2.751402858241702,-0.6055454482860323,1.4757748227130787,0.0311714757627318,0.16365162219499213,0.000999999994046748,0.0010000000051058455,0.0009999999920378665,0.0009999999901207357,0.0009999999894671513,0.000999999983821011,0.000018999958091672268,0.000019000332442368384,0.8772061790415836,6.468729251019288,7.021819823123846,0.015227542123759829,0.00033420078527186955,0.0002943480289126504,0.007080622408974997,0.005158999999999807,0.0051589999999998625,0.005158999999999887,0.0010415899999994547,0.0010415899999994204,0.001041589999999465,-0.04598506634067243,9.739542936319728,0.08334699864629434,-0.002995491589412159,-0.0006334810828256115,-0.0021402808981566446,-27.513001194000243,14.058188037872315,15.86362566947937,990.3070385742187,-0.04001981381183167,34.73109523227662
2025-03-01T17:56:01Z,40.07348493757825,-75.38843834074716,23.58555512359937,1.8089129058333469,-2.4476064496954755,-0.6424203092396762,1.4761874012100584,0.029798754426264416,0.16674923460519223,0.000999999994091339,0.0010000000048235845,0.0009999999916398116,0.0009999999903885963,0.0009999999896985108,0.0009999999839327227,0.000019999844723945377,0.000020000338124564617,0.8720840772985697,7.255882093101188,7.825075237035518,0.015667227755316843,0.00034334914297486226,0.00030185111640917446,0.007087293663542146,0.0051599999999998045,0.005159999999999861,0.005159999999999885,0.0010415999999994544,0.0010415999999994195,0.0010415999999994654,-0.14853124465356823,9.711231714212282,0.36235600107238775,-0.0010826169849728522,0.00010406303981362066,-0.0012403401905625585,-25.80731372833252,14.532188062667847,14.459063034057618,990.2925317382812,-0.06093663175388685,32.958505529984535
2025-03-01T17:56:02Z,40.07242925234353,-75.38850362254779,23.57454853214926,1.4310034122954591,-2.2868156258065513,-0.6674155490531235,1.4765280513860661,0.028378038717055184,0.16966367804267787,0.000999999994233387,0.0010000000048411603,0.0009999999920229216,0.0009999999903584187,0.0009999999897527972,0.0009999999836740703,0.000020999704645538736,0.000021000344682718703,0.8690151629550795,8.091759825250346,8.67037926937168,0.016016530377154666,0.00035208834782007257,0.00030954641804096616,0.0070944235077983805,0.005160999999999807,0.005160999999999863,0.005160999999999887,0.001041609999999454,0.001041609999999419,0.001041609999999465,-0.16809878092118438,9.716571814850116,0.4562684067074613,-0.0013970620732605397,0.0002624539205655892,-0.0009287324117787394,-25.12500120162964,14.56162561416626,15.158063068389893,990.3150170898438,-0.051348004371532016,32.75774982372995
2025-03-01T17:56:03Z,40.07120281733052,-75.38857699493586,23.57302423995312,1.0942629353983921,-1.7645649066365268,-0.6923490931763674,1.4814096894031221,0.027175336412290852,0.1723945500089192,0.000999999994432128,0.0010000000049422916,0.0009999999925456324,0.000999999990143539,0.0009999999896430844,0.0009999999836281847,0.000021999534382353252,0.000022000352171742756,0.8692027703007237,9.066941671290254,9.555777419846759,0.01749734203011572,0.0003602131535360923,0.0003174543812595742,0.007101968804225883,0.005161999999999806,0.005161999999999862,0.005161999999999886,0.0010416199999994534,0.001041619999999418,0.0010416199999994642,-0.029953154099926483,9.757090257639812,-0.00801894509817289,0.00264482655586563,0.00016064317656635618,-0.001173078309716807,-24.745313625335694,14.922563076019287,15.012000503540039,990.2944287109375,-0.022997240679002783,32.56332731323555
2025-03-01T17:56:04Z,40.06978406752567,-75.38865943475433,23.596128795859954,0.846338060733252,-0.7017898211973868,-0.7126591256966245,1.4817634300484817,0.024695883021454944,0.17541350677373804,0.000999999994034434,0.0010000000049153704,0.000999999992512495,0.0009999999904116116,0.0009999999897608604,0.0009999999837381722,0.000022999331682866053,0.000023000360600881556,0.8767644626302044,10.249079594332711,10.468842157699841,0.021442535092104587,0.00036726343136940574,0.0003254993020200953,0.007109863699307978,0.005162999999999802,0.0051629999999998595,0.005162999999999889,0.0010416299999994527,0.0010416299999994184,0.0010416299999994635,0.19972251613823921,9.816594309317226,-0.6875439654299188,-0.002654842778913144,0.00037444577747016,0.00008153107457480719,-25.004813537597656,14.857500524520875,14.835000591278076,990.2667260742187,0.06241393384523109,32.65057345633093
2025-03-01T17:56:05Z,40.068218752028194,-75.38875540064615,23.643039675655043,0.5732744552092923,-0.22163496957929496,-0.7079712134718245,1.4839097111417383,0.022040164436424828,0.17633980178932865,0.0009999999938510352,0.0010000000050023046,0.0009999999926498444,0.0009999999901828894,0.000999999989624018,0.000999999983818017,0.000023999096142546166,0.00002400036991056814,0.8938403820496711,11.456413359486525,11.368259794024562,0.024674859303204854,0.00037239148057424904,0.0003338732534975697,0.007118088576493541,0.005163999999999804,0.0051639999999998605,0.0051639999999998866,0.0010416399999994522,0.0010416399999994188,0.001041639999999463,0.10891032039955145,9.792424272532317,-0.29854749635106603,-0.0017024944307499484,-0.001590502597765657,0.00011991878731115431,-24.740438690185545,14.2531880569458,14.571000595092773,990.2512963867188,0.01727120847406965,32.05547500545612
2025-03-01T17:56:06Z,40.06653421609303,-75.38887301738215,23.718108031201755,0.30569868774689096,0.09003706818146628,-0.7183868031730251,1.4883631872275807,0.021422276648309226,0.17620382866069637,0.0009999999939088317,0.0010000000052019235,0.000999999992390515,0.0009999999899281025,0.0009999999898359392,0.0009999999838118852,0.00002499882947452562,0.000025000379975708766,0.9193239228842355,12.764212686576572,12.217388211163621,0.028207458638531538,0.00037511961172421115,0.00034250461391110277,0.0071265886505990006,0.005164999999999803,0.00516499999999986,0.005164999999999886,0.0010416499999994513,0.0010416499999994174,0.0010416499999994617,0.09855711291236874,9.767835865078286,-0.35917809469385004,-0.0003215395045699041,-0.0023093536224211165,-0.0019012758173064972,-24.389251003265382,14.676750555038453,14.624813060760498,990.2381030273438,-0.005408826185230148,32.001944894415175
2025-03-01T17:56:07Z,40.0648001597311,-75.3890140607325,23.792754126384693,0.10028237131158169,0.23257446860911601,-0.7393718894252477,1.493122480744703,0.01906883333749132,0.17596637327220374,0.000999999993695955,0.0010000000053154276,0.000999999992020928,0.0009999999896615726,0.0009999999897502445,0.0009999999836495983,0.000025998536240154668,0.00002600039059882335,0.9527494547921385,14.174407709247532,12.982080047872481,0.031794857026445925,0.00037495246910720405,0.00035131142513848126,0.007135387599373013,0.005165999999999805,0.005165999999999861,0.005165999999999885,0.0010416599999994516,0.001041659999999416,0.0010416599999994623,0.11971790363627827,9.74755885505156,-0.41296429790788897,-0.0008371025885648953,-0.0023235402723007573,0.000018107937306024958,-23.529375896453857,14.733000593185425,15.877688188552856,990.23822265625,-0.023321764171291188,31.981097066111886
2025-03-01T17:56:08Z,40.06307556774315,-75.38917988337302,23.874163077361644,-0.11037393271643875,-0.3224256737135174,-0.7092098080852538,1.4917784558213538,0.014722171554235292,0.17519099143756883,0.0009999999935685116,0.001000000005343538,0.0009999999919518734,0.0009999999896657512,0.0009999999898151447,0.0009999999836015753,0.000026998222639608228,0.000027000401574983497,0.9891485272962819,15.547967862506226,13.631448695420904,0.03229888677778187,0.0003717855945358605,0.00036036384511262717,0.00714451927996496,0.005166999999999806,0.005166999999999862,0.005166999999999886,0.0010416699999994507,0.0010416699999994156,0.0010416699999994618,-0.02014257971560373,9.747877890899428,0.11162218693758746,-0.007491690002097066,-0.00272994890204323,0.002224564908147499,-23.69212598800659,14.342813062667847,15.817875604629517,990.2464404296875,-0.031759286843956507,31.894122792487615
2025-03-01T17:56:09Z,40.06129097301896,-75.38938175219202,24.042272564282946,-0.21916447754835475,-1.1339257660155881,-0.6474159062574794,1.501091881152154,0.01583901696975593,0.17650379833254892,0.0009999999935269195,0.0010000000057538187,0.0009999999919535131,0.0009999999899378985,0.0009999999896879433,0.0009999999837808787,0.000027997894628373725,0.000028000412773296188,1.0218925607698206,16.990709255325626,14.168902114569274,0.031969536351331346,0.0003665688119908551,0.00036935845026670925,0.007153745002532269,0.005167999999999809,0.005167999999999859,0.005167999999999887,0.0010416799999994513,0.001041679999999416,0.0010416799999994621,0.022653638975439074,9.767090420076624,0.168341236055617,0.0024819295830214166,-0.00003279741896310476,-0.002893680747498121,-24.098063430786134,14.327063093185425,15.35156304359436,990.2229663085938,-0.01163935621405699,31.963238862543935
2025-03-01T17:56:10Z,40.059422451320735,-75.38962419392809,24.30827611587974,-0.3175438787368344,-1.9344851565188457,-0.6278602287726224,1.5090915769931306,0.017780563090473225,0.18168887949958418,0.0009999999934003187,0.0010000000056234887,0.0009999999921246798,0.0009999999898820432,0.0009999999898660731,0.000999999983654562,0.000028997558015630302,0.000029000424092836773,1.0498380409597348,18.568102870479592,14.575739993694317,0.03226781424739284,0.0003601644306605191,0.0003779983746346872,0.007163113828224497,0.005168999999999808,0.005168999999999858,0.005168999999999888,0.001041689999999452,0.001041689999999416,0.001041689999999463,-0.0035922222851926923,9.730769212081242,-0.11545668368804593,0.0004558943067307997,0.004019272393963753,-0.0033416484670029103,-24.042188415527345,15.136125583648681,14.761500606536865,990.1781103515625,-0.0486628862549298,32.01605486400993
2025-03-01T17:56:11Z,40.05764377981736,-75.3898855982033,24.577542533145,-0.289850004220059,-2.8593173477304337,-0.5918334251562827,1.5139746452612206,0.01625945675991701,0.18091521012636028,0.000999999993456303,0.0010000000057646475,0.0009999999920827939,0.0009999999897702108,0.000999999989882202,0.0009999999841128165,0.00002999721788493748,0.000030000435468959883,1.0725783845258072,20.207143969442413,14.882630526095085,0.03172636039432463,0.00035182255675657867,0.000387576031165301,0.0071727983706708865,0.005169999999999807,0.005169999999999855,0.005169999999999887,0.0010416999999994527,0.0010416999999994165,0.001041699999999463,0.034029354618713675,9.743750601340752,-0.05983989983107254,-0.002414502640137098,-0.001888758271361903,0.000011431767904459753,-23.017500782012938,14.33418803215027,14.871938066482544,990.1694067382813,-0.03602137013429031,30.926456130686915
2025-03-01T17:56:12Z,40.05596928377274,-75.39016118555949,24.83783311698757,-0.25552741300952153,-4.201577148406111,-0.5676116329345784,1.5174833619241752,0.018691268611853815,0.18047478450076407,0.0009999999933837723,0.0010000000055232945,0.0009999999918429714,0.0009999999900552592,0.0009999999899977141,0.0009999999839314445,0.00003099687561673908,0.00003100044696532275,1.0859221932068723,21.794028524186864,15.100908417584716,0.02902672268037735,0.00034334098855936444,0.00039724258529479426,0.007182452760341652,0.00517099999999981,0.005170999999999858,0.005170999999999888,0.0010417099999994518,0.0010417099999994158,0.0010417099999994628,-0.10173783365976105,9.71342122458835,0.34001710551201153,-0.0034027347850450504,-0.0011018105553236566,-0.003636899383528719,-21.35025077819824,15.18168809890747,16.33350058555603,990.1638354492187,-0.05996378984370399,30.872268574210963
2025-03-01T17:56:13Z,40.05428364781713,-75.39046317208755,25.128671459834763,-0.14243135151346312,-5.706027032305281,-0.5376117545897818,1.5249183378078093,0.020642905798421728,0.17743508008155046,0.0009999999932699603,0.0010000000058498013,0.0009999999920857483,0.0009999999902389346,0.0009999999899061925,0.000999999983709727,0.00003199652781672971,0.000032000458766448074,1.087129799471008,23.418353570743363,15.283175545804657,0.026005277920644505,0.00033516656384710493,0.00040742016504045236,0.007192230941909581,0.0051719999999998096,0.005171999999999857,0.005171999999999889,0.0010417199999994513,0.0010417199999994153,0.0010417199999994621,-0.11522786057158219,9.718292531242476,0.4362196901426921,0.0007099204395159149,-0.00359116822120638,-0.0031029770877752383,-26.025563468933104,16.095563173294067,18.6708757686615,990.1297192382813,-0.05094096187073333,35.84682786695647
2025-03-01T17:56:14Z,40.05270499789827,-75.3907675901812,25.377079268216796,-0.05029987294236217,-6.997073047757797,-0.5097378914681288,1.5310298940125122,0.021536920796798354,0.1804270185668755,0.0009999999929996266,0.0010000000061752734,0.000999999992142848,0.0009999999903086707,0.0009999999900573507,0.000999999983578584,0.00003299616869624516,0.00003300047106598895,1.0787074468530506,25.14800319722104,15.453222760391244,0.023682736460698475,0.00032922813647196983,0.00041673614771336196,0.007202102443275035,0.0051729999999998106,0.00517299999999986,0.005172999999999887,0.001041729999999452,0.0010417299999994157,0.001041729999999463,-0.16482859038913034,9.735554861062877,0.28294828947121076,0.00003846993497342828,0.0025430157987911314,-0.0015497781746168205,-26.386126079559325,15.065063066482544,14.386125526428224,990.1300830078125,-0.03849923170178234,33.61756932436643
2025-03-01T17:56:15Z,40.05118311450823,-75.39107541051227,25.58331297296851,0.036354347225182854,-8.404729461546722,-0.5042324657342552,1.5364608744602515,0.021647543865975102,0.18748577770564764,0.0009999999931982477,0.0010000000061310688,0.0009999999919445665,0.0009999999903218396,0.0009999999899523034,0.000999999983841298,0.00003399578997075112,0.00003400048405408359,1.0626763956259047,26.88317211772384,15.640498370079616,0.021035128311031052,0.00032561731929686325,0.0004254199312814222,0.007212041996946255,0.005173999999999813,0.005173999999999862,0.005173999999999885,0.001041739999999452,0.001041739999999416,0.001041739999999463,-0.23804896441271226,9.71621286773064,0.45431426724056084,-0.00005315984216116556,0.006707077214580498,-0.0004909460657052406,-23.751188354492186,14.608125581741334,14.857688083648682,990.1274145507813,-0.04966474223888188,31.595315584192253
2025-03-01T17:56:16Z,40.04971580384449,-75.39138229514812,25.704329495617337,0.1528908005731765,-9.930078815084102,-0.5383923845747287,1.5362115938031098,0.02275183242198746,0.18994624311285774,0.0009999999932394266,0.0010000000060173093,0.0009999999920023764,0.000999999990378006,0.0009999999899895178,0.0009999999837095148,0.00003499537872280942,0.00003500049797798948,1.0390113036041937,28.61220370979415,15.879568112098887,0.018277967726963967,0.00032324792608480084,0.00043486387163091253,0.007221981762746865,0.005174999999999814,0.005174999999999863,0.005174999999999886,0.001041749999999451,0.001041749999999415,0.001041749999999464,-0.27413481905718223,9.680556576581983,0.6946445370255376,-0.004867975472514174,0.0022571110026392838,-0.0015307511043541424,-23.84587585449219,14.217000617980958,15.155250616073609,990.1384838867187,-0.06992186000681948,31.629532245306642
2025-03-01T17:56:17Z,40.04814701363314,-75.3917051979188,25.766366808528243,0.28276364311279417,-11.847988229735918,-0.5847227589975181,1.5341854502894536,0.023038107145319696,0.18754399297709518,0.0009999999936076377,0.001000000005676602,0.0009999999922578708,0.0009999999902636258,0.0009999999899474035,0.0009999999836883984,0.00003599491459601867,0.000036000513173136324,1.0072893680821873,30.28751793424656,16.205053600241268,0.015501373968549961,0.0003223182547460578,0.00044514998383938235,0.007231998398173162,0.0051759999999998136,0.005175999999999862,0.005175999999999886,0.0010417599999994504,0.0010417599999994142,0.001041759999999464,-0.3625555018895065,9.656910712554,1.158083294876467,-0.00611090193984925,-0.002557705300783733,-0.0007963783245920807,-23.76150079727173,14.299875574111939,14.903063039779664,990.1297631835937,-0.04617414091579272,31.48322492115085
2025-03-01T17:56:18Z,40.04634637613096,-75.39205231558083,25.786732098549425,0.4550065078237354,-13.54107738414707,-0.6425414824267766,1.5421022841811356,0.022570958480031936,0.18379809023155425,0.0009999999936913854,0.0010000000058329307,0.0009999999920725826,0.0009999999904329944,0.0009999999898834446,0.0009999999834831676,0.00003699437136832608,0.000037000529982616066,0.9706149182217445,32.11137407688515,16.64840978713647,0.013995592257623765,0.0003235148057369275,0.00045569078826262604,0.007242069902231474,0.005176999999999815,0.005176999999999864,0.005176999999999889,0.0010417699999994497,0.0010417699999994137,0.0010417699999994631,-0.28660888146739316,9.660629457937098,0.9436550043621497,0.004154797377174989,-0.0038715652253978328,-0.000018610474090454245,-24.492563552856446,14.072438097000122,15.438375682830811,990.1086157226563,-0.06801115851133309,32.19098254427259
2025-03-01T17:56:19Z,40.044245927365914,-75.3924200452504,25.77204632349045,0.6360435437845336,-15.047018358316489,-0.680721781338581,1.5449208027650518,0.026450986198444645,0.1813491878286838,0.00099999999360512,0.0010000000059170642,0.00099999999191686,0.0009999999905020921,0.0009999999897062862,0.000999999983406812,0.000037993721410184615,0.000038000548672919085,0.9343015411271198,34.07453645153468,17.22240830655551,0.013233537971703027,0.0003271539782717078,0.0004660282447885293,0.007251938788265781,0.005177999999999814,0.005177999999999862,0.005177999999999887,0.0010417799999994505,0.0010417799999994125,0.0010417799999994622,-0.2644896532414104,9.691646598810085,0.7509046381195188,-0.000623300009395856,-0.0024151700147310527,-0.004268126684487962,-24.351563625335693,15.1578755569458,15.113250637054444,990.0884741210938,-0.054398061619068225,32.421704056171656
2025-03-01T17:56:20Z,40.04180397972238,-75.39280269860076,25.709713420083258,0.8158118383138294,-16.33392866257815,-0.7565335011786362,1.545491639712625,0.027717538152040228,0.18396288376411674,0.0009999999935905906,0.0010000000058873137,0.0009999999922294656,0.000999999990684071,0.0009999999898559141,0.0009999999830087617,0.00003899293627503287,0.000039000569456914904,0.9014274918151212,36.16708672569471,17.924131100350774,0.012900084240355917,0.00033342587975744543,0.00047550854888531554,0.0072619082792664885,0.005178999999999815,0.005178999999999863,0.005178999999999888,0.00104178999999945,0.001041789999999413,0.0010417899999994626,-0.2507708029360202,9.660579720173324,0.5826094446561105,-0.0025780673422556057,0.002604102239100682,-0.0015090540846342884,-24.9348761177063,14.142938079833984,15.333563108444213,990.07541015625,-0.09717113580497398,32.50977699027271
2025-03-01T17:56:21Z,40.03894660844437,-75.39319818458688,25.597298125867823,1.002634829833432,-17.65820958072334,-0.8120477137350628,1.545696477393511,0.026791062320844754,0.18105778740681594,0.0009999999934915843,0.0010000000058717332,0.0009999999923272949,0.000999999990411731,0.0009999999898342295,0.0009999999829639827,0.00003999198468407262,0.00004000059255706458,0.8728388682540702,38.32782579839605,18.763338820390313,0.012856880997835003,0.00034019416924919885,0.00048592182088113536,0.007271997861937275,0.005179999999999816,0.005179999999999864,0.005179999999999889,0.0010417999999994495,0.0010417999999994122,0.001041799999999463,-0.24640161430866558,9.678124488199318,0.6960959239884991,-0.002334388923082369,-0.0029302325513775726,0.0005321691159875955,-24.700876064300537,14.470687999725342,15.375375518798828,990.0652880859375,-0.07215689066291008,32.495122115098965
2025-03-01T17:56:22Z,40.03562845353143,-75.39360164010921,25.442088934792707,1.1475186972583344,-19.05715402237749,-0.8668703757817577,1.5484749980538863,0.030675964577538132,0.17835463108453825,0.0009999999936201,0.001000000005912758,0.0009999999923254303,0.000999999990141745,0.0009999999896568364,0.000999999983389826,0.000040990827842856405,0.00004100061824885468,0.8482928532930778,40.53652813174994,19.735348642328127,0.013233835450987238,0.0003482875957681638,0.0004962922671602301,0.007281885070167202,0.0051809999999998186,0.005180999999999867,0.005180999999999891,0.001041809999999449,0.001041809999999413,0.0010418099999994633,-0.29962426697246575,9.673740250899483,0.8618917279419538,0.0008122323106057722,-0.002588248497885258,-0.004298669933612498,-26.188876190185546,15.447750616073609,14.986125602722169,990.0626708984375,-0.061581547989857904,33.89794614443279
2025-03-01T17:56:23Z,40.0316285279578,-75.39401469252715,25.26953618391457,1.1996763592353026,-20.497108256501473,-0.9311878349363976,1.547248982529617,0.03340494840484064,0.1792964662814033,0.0009999999935503018,0.0010000000060938167,0.000999999992337517,0.0009999999901280808,0.0009999999896571183,0.0009999999831333413,0.000041989417909732055,0.0000420006468363032,0.8282115208262958,42.80029719249749,20.833549592081535,0.014177992442333084,0.0003579007777588686,0.0005060286876196038,0.007291805978520235,0.005181999999999821,0.005181999999999869,0.005181999999999892,0.0010418199999994498,0.0010418199999994138,0.0010418199999994637,-0.4027196183990951,9.654510105064608,1.0061429732469793,-0.0026448286000521036,0.0010453957524373403,-0.0031230053948553375,-25.359001121520997,15.896813097000122,12.906000452041626,990.0447631835938,-0.06296367106038127,32.59369788505085
2025-03-01T17:56:24Z,40.026803464520086,-75.39442820072136,25.08372468434752,1.197695562752826,-21.720007323613604,-0.9960650545580119,1.549874407376426,0.03716345264938398,0.17969680851347636,0.0009999999933970993,0.0010000000062864577,0.0009999999924483608,0.000999999989987079,0.0009999999898406284,0.0009999999832474534,0.00004298770315431063,0.000043000678604557924,0.8139834716562034,45.17544339692884,22.058941320025323,0.01550164064988677,0.00036798373531728444,0.0005158420952814906,0.0073016987281470285,0.0051829999999998206,0.005182999999999869,0.0051829999999998926,0.0010418299999994506,0.0010418299999994146,0.0010418299999994643,-0.4123660960704163,9.649054311746225,0.9617521932201717,0.002095048334387339,0.000547524305750613,-0.004247764456914322,-22.632563343048094,14.78681308746338,12.92868803024292,990.0241870117187,-0.07235112552932578,29.96716028400294
2025-03-01T17:56:25Z,40.02121723251891,-75.39482347364019,24.887795134684865,1.1618778441662416,-22.370291218667116,-1.0184165820492692,1.5495235781475338,0.03668074546546744,0.17962923859872781,0.0009999999934999248,0.001000000006491676,0.0009999999926430592,0.0009999999899749543,0.0009999999895063847,0.0009999999833739974,0.00004398564324503468,0.00004400071374691436,0.8069401736333606,47.741935510378354,23.402839261460112,0.016422066119760784,0.00037791172780841703,0.0005257152015030215,0.007311741009771084,0.005183999999999818,0.005183999999999867,0.005183999999999891,0.0010418399999994501,0.0010418399999994141,0.0010418399999994649,-0.3172115117779407,9.696910785668763,0.6358497427938895,0.00018918356902017808,3.921279713037067e-6,-0.00010873823391147812,-19.464188232421876,14.384625597000122,16.04887568473816,990.0196508789063,-0.05500177870319581,29.040239990470017
2025-03-01T17:56:26Z,40.01494563856018,-75.3951862817919,24.70384885088147,1.0222482428401753,-22.774874774180645,-1.0216913354899329,1.54718504769137,0.0377891576358072,0.17997987055734913,0.0009999999931916731,0.00100000000634234,0.0009999999928360808,0.0009999999901042335,0.0009999999892537324,0.0009999999832196616,0.00004498321482260058,0.000045000752359464784,0.8068952888367132,50.39799307782062,24.825862497920692,0.017477218926169914,0.0003874969109517843,0.0005354885836563459,0.0073217227690811236,0.005184999999999816,0.005184999999999864,0.0051849999999998885,0.001041849999999451,0.001041849999999415,0.0010418499999994655,-0.32771835855694237,9.708093609787749,0.6831119122383332,-0.0007047487148338543,0.0004660755820579555,-0.0018043053054154156,-21.37181324005127,14.03587555885315,17.10862581253052,990.024189453125,-0.04025679790200064,30.764625091010622
2025-03-01T17:56:27Z,40.00795672139171,-75.39550754459184,24.56120654510999,0.8459059580859116,-22.125571399718332,-1.0124683346551309,1.5471348283847277,0.03727352060272149,0.18097784109941567,0.0009999999930707362,0.001000000006025645,0.000999999992462108,0.0009999999901044872,0.0009999999896109669,0.0009999999829755028,0.00004598042771133823,0.000046000794430113124,0.8117629598435994,53.33391737312125,26.308575880228926,0.01665602457539405,0.0003963615760887685,0.0005451071487613883,0.007331750696259949,0.005185999999999815,0.0051859999999998635,0.005185999999999888,0.0010418599999994509,0.0010418599999994149,0.0010418599999994654,-0.10987343176580618,9.739223868681604,-0.05053142751533644,0.0026041021523613692,0.0010769402773557692,-0.0003382297336967531,-22.030125789642334,14.320875616073609,16.965563287734984,990.019736328125,-0.037963556035815194,31.276845789290228
2025-03-01T17:56:28Z,40.00020348490014,-75.39578315665692,24.48032057808691,0.5250790329987044,-21.118429682218903,-1.0035266005092907,1.5413755364049293,0.036485163241047974,0.18119946613576635,0.0009999999930496721,0.0010000000057555393,0.0009999999920932597,0.0009999999902880904,0.000999999989772864,0.0009999999827803557,0.000046977326217604525,0.000047000839924016464,0.8175779181040556,56.38138095978643,27.816888613979934,0.015710927133838037,0.00040432223078671367,0.0005547817500322605,0.007341783174802445,0.005186999999999812,0.005186999999999861,0.0051869999999998905,0.0010418699999994508,0.0010418699999994148,0.0010418699999994651,-0.09027974408776646,9.736611348505718,-0.12115108193936959,-0.002214219050769878,0.00028431819925853695,-0.0003490786321800897,-22.26037567138672,14.230688047409057,16.4640007686615,990.0006372070312,-0.04026003866480495,31.130322322638282
2025-03-01T17:56:29Z,39.99158242898424,-75.3960145166365,24.483385956145504,0.020268906374165452,-19.9584960259094,-0.9826315525679632,1.5362068383681053,0.03495228179369887,0.18227616994264137,0.000999999993169829,0.0010000000057004339,0.0009999999923217357,0.0009999999902855715,0.0009999999899959,0.0009999999830536707,0.00004797395707822722,0.00004800088886631643,0.8222219228228109,59.49326065241117,29.344048054293122,0.015059326108870093,0.00041184511034843784,0.0005642000418151938,0.007351825696306999,0.005187999999999813,0.005187999999999862,0.0051879999999998915,0.0010418799999994503,0.0010418799999994143,0.0010418799999994649,-0.11449955170962073,9.739263668690331,0.0124795667527459,-0.0009389134725682308,0.0010973021257106507,0.00005883226472832605,-22.2855006980896,13.47806303024292,15.994875583648682,989.961025390625,-0.03822068777301974,30.56361671055485
2025-03-01T17:56:30Z,39.982536843952616,-75.39620636560187,24.53657314170404,-0.634908888385231,-18.473862209527855,-0.9437871815184515,1.531212253603681,0.0319939295096841,0.18321827725045495,0.000999999993313657,0.001000000005803245,0.0009999999927027374,0.0009999999901851438,0.0009999999899698835,0.0009999999829289037,0.00004897036415821276,0.00004900094135810884,0.8245673740298808,62.738220550567405,30.89912723846522,0.014315712551396022,0.0004190442531944415,0.0005734900837194022,0.007361906227191287,0.005188999999999816,0.005188999999999865,0.005188999999999894,0.0010418899999994492,0.0010418899999994138,0.0010418899999994646,-0.07305926557533558,9.76387383294708,-0.11040298914416354,-0.00048176641389302403,0.0008751546621101345,0.001133019609895185,-22.654875774383544,13.134000568389892,16.469063234329223,989.9447436523437,-0.013550802359546766,30.934968413945025
2025-03-01T17:56:31Z,39.97317626354748,-75.3963660176746,24.63212423543565,-1.4795696607148918,-17.34096149856607,-0.9156002678823033,1.526703235129081,0.030754212103275395,0.18436131951492904,0.000999999993369773,0.0010000000057069358,0.0009999999929514306,0.0009999999899877713,0.0009999999898816466,0.0009999999829885854,0.000049966575926603075,0.00005000099755004634,0.8251991598297397,65.93579200081439,32.47887252905475,0.01416748573484725,0.0004262926989126631,0.0005825635538252899,0.007371919418220321,0.005189999999999814,0.005189999999999862,0.005189999999999894,0.0010418999999994498,0.0010418999999994138,0.0010418999999994645,-0.19453947222805948,9.731447179152726,0.36785361237172226,0.000058832235738204546,0.0011074835806104849,-0.000918551502830087,-22.808250656127928,13.765688066482545,15.98962574005127,989.9286474609376,-0.03810221930449428,31.07049152268218
2025-03-01T17:56:32Z,39.96383759221651,-75.3965002385709,24.760142954320056,-2.3712940987929114,-16.118593797545234,-0.8267682455813371,1.518135701220414,0.02824059149976711,0.17675118252285146,0.0009999999933531902,0.0010000000056974996,0.00099999999271908,0.0009999999896667235,0.000999999989690118,0.0009999999829043353,0.000050962606121322456,0.00005100105762076049,0.8253435833612603,69.24307184416276,34.120323703583416,0.014050146887637699,0.0004321786268004855,0.0005928135284433037,0.00738200440111576,0.005190999999999815,0.005190999999999862,0.0051909999999998945,0.0010419099999994493,0.0010419099999994133,0.0010419099999994638,-0.12478869622205153,9.796332572931306,0.38910985413650206,-0.0039117886992554324,-0.007719512738413644,-0.00033822999637028023,-22.976438293457033,13.781625556945801,15.717938137054443,989.9300317382813,0.026278523677837576,31.062845108326737
2025-03-01T17:56:33Z,39.954207053320616,-75.39660930238962,24.913191250112206,-3.558095490784916,-15.083812717547321,-0.8835462487500392,1.509283278179941,0.029450494476892977,0.17927284353613487,0.0009999999932681811,0.001000000005587547,0.0009999999924477205,0.0009999999896314596,0.0009999999893740674,0.0009999999831681468,0.00005195846113164221,0.0000520011217317797,0.8252332682876019,72.50336172399022,35.75303912262836,0.013906798361360162,0.00043987771342099565,0.0006012482271160126,0.007391923069036189,0.005191999999999813,0.005191999999999861,0.005191999999999894,0.0010419199999994488,0.0010419199999994126,0.001041919999999463,-0.3388979460743095,9.628189061331131,0.6749920045195558,-0.004537508101006945,0.0025875796397702,-0.0038440262798687605,-23.49862579345703,14.090438089370728,16.083375635147096,989.90630859375,-0.1209159161670268,31.771018354712936
2025-03-01T17:56:34Z,39.94424223355041,-75.39669286595971,25.069635679706494,-4.791512803148175,-13.99597716734073,-0.8465219013703814,1.5013371148338457,0.027818522674284297,0.1794641573475452,0.0009999999930581616,0.0010000000058591391,0.0009999999923358009,0.000999999989525309,0.0009999999890342535,0.0009999999831601266,0.00005295414071828182,0.00005300119003942068,0.8251134146748436,75.8728757633623,37.46026255518298,0.013850941967169107,0.00044720293206584985,0.0006099154701645124,0.007401933014351455,0.005192999999999814,0.005192999999999863,0.005192999999999895,0.0010419299999994498,0.0010419299999994136,0.0010419299999994624,-0.29432017339868943,9.714976587925728,0.7786214958107495,-0.003555450977100006,0.00009955665049408567,-0.0013359755691779735,-23.93756338119507,14.431125583648681,16.054875679016114,989.8794311523437,-0.028230795513391825,32.233834528635214
2025-03-01T17:56:35Z,39.93376504555937,-75.39674671420903,25.27085501410281,-6.189194909880505,-12.903637254020653,-0.8561467273961436,1.4949514133804602,0.025437394636578133,0.17686269011078218,0.0009999999930920503,0.0010000000057588465,0.0009999999923093967,0.0009999999898006513,0.000999999989163898,0.0009999999831041364,0.00005394964359836528,0.000054001262708516847,0.8250324035594989,79.28690307627483,39.194975226714845,0.013814303348818302,0.0004541133829840261,0.0006189330764232446,0.0074119711086993775,0.005193999999999816,0.0051939999999998645,0.005193999999999897,0.0010419399999994495,0.0010419399999994131,0.0010419399999994612,-0.35776593436608123,9.65301940267008,0.9144704066650239,-0.0018036375437703058,-0.0027399634387361323,-0.0009599430969170755,-24.00581340789795,13.80262559890747,14.63231309890747,989.83626953125,-0.07608557382639557,31.319210713050783
2025-03-01T17:56:36Z,39.92286865152252,-75.39676255697654,25.492563573301332,-7.762564984611025,-12.47225295906248,-0.8461032393685255,1.4864775246133732,0.024221096409823877,0.17548182271217688,0.0009999999930968872,0.0010000000054770288,0.0009999999923398482,0.000999999989718177,0.0009999999892475377,0.000999999982929289,0.00005494495851418898,0.000055001339754468975,0.8266110372673505,82.59813746021452,40.940704203521875,0.014932666559865986,0.0004609740512637933,0.0006278382959267156,0.007421976994436028,0.0051949999999998135,0.005194999999999863,0.005194999999999895,0.0010419499999994503,0.0010419499999994141,0.0010419499999994612,-0.608976351865489,9.59557473563572,1.7424903373397804,-0.0036267184017212493,-0.0014276055052762267,-0.002007926817773709,-24.425063667297362,13.979250545501708,13.749750509262086,989.7981274414062,-0.007473503449111077,31.321807776564302
2025-03-01T17:56:37Z,39.911523547005444,-75.39672251797361,25.74743661570013,-9.312610718451621,-11.377952097450144,-0.843286765108485,1.480769576599656,0.021582817275107764,0.17212569448469514,0.000999999993341601,0.0010000000052979448,0.000999999992144146,0.000999999989805816,0.0009999999890468896,0.0009999999830324023,0.0000559400814728151,0.00005600142104169612,0.8307205991349155,86.14678875849337,42.684280617810124,0.015717600857190872,0.0004669002936088771,0.0006372268955667207,0.007432028754683303,0.005195999999999812,0.0051959999999998605,0.0051959999999998925,0.001041959999999449,0.001041959999999413,0.0010419599999994598,-0.4823960383266718,9.613281606668716,1.3650624464429528,-0.00022623796970737203,-0.003504545618931721,-0.0005418513789420356,-24.53643840789795,14.64131308555603,15.474375581741333,989.754921875,-0.057402603002032516,32.49396654903726
2025-03-01T17:56:38Z,39.900546211493754,-75.3966306329051,25.965930718402955,-10.699120817770066,-9.742894343912342,-0.8213087305837179,1.476928984096112,0.01952113609594141,0.1692409869306686,0.0009999999929865624,0.0010000000052770878,0.0009999999922068762,0.000999999989833905,0.0009999999891787338,0.0009999999827880611,0.00005693502792098789,0.000057001506500583186,0.8352880314470303,89.95459357892518,44.42011376160632,0.01560378914825839,0.0004722276534485021,0.0006468046926236612,0.007442077307108402,0.005196999999999814,0.0051969999999998615,0.0051969999999998935,0.0010419699999994487,0.0010419699999994125,0.0010419699999994596,-0.355608469101675,9.67337812929718,0.9743694211928959,0.0018214943086469117,-0.0029903175726729895,-0.0005493620863268696,-22.897125835418702,16.331438121795653,17.618250761032105,989.7637377929688,-0.050447547694194426,33.18725111272391
2025-03-01T17:56:39Z,39.88965312327782,-75.39648606215115,26.171215153870506,-11.97375158749719,-7.789569760869764,-0.8301479759423357,1.470491220846952,0.020776261008167537,0.16860247096946765,0.0009999999929347799,0.0010000000052123091,0.0009999999923935951,0.000999999989861931,0.0009999999892513537,0.0009999999830209003,0.000057929815689805536,0.00005800159623698692,0.8381782335064989,93.96082204632391,46.137931784540186,0.015030113551796433,0.0004774572432399206,0.0006563504858640779,0.007452066676325136,0.005197999999999813,0.005197999999999862,0.005197999999999894,0.0010419799999994487,0.0010419799999994124,0.0010419799999994595,-0.3418974654281537,9.663171981806247,0.7907850088406054,-0.0006640244649421236,-0.00042985955358552735,-0.0031176645612364245,-28.297876167297364,23.24775098800659,20.64900079727173,989.7547778320312,-0.07799197976892945,42.04289109555958
2025-03-01T17:56:40Z,39.878666910298996,-75.39629306555379,26.387389773610195,-13.076706396580676,-5.793193403295767,-0.7904042105200622,1.4655632333390791,0.020095289670266754,0.17077501731721687,0.0009999999929263888,0.0010000000052600825,0.0009999999921255136,0.0009999999896081948,0.0009999999892804526,0.0009999999832080884,0.00005892445343305464,0.00005900169050210372,0.8387927920414301,98.14884241643148,47.882112865702084,0.014622446974950538,0.00048284210899248803,0.0006657748501925898,0.007462096116749597,0.005198999999999816,0.0051989999999998635,0.0051989999999998955,0.001041989999999448,0.001041989999999412,0.0010419899999994588,-0.34207529224701533,9.70593619524325,0.8781465764239034,0.0008501189551892577,0.002187011703375815,-0.0003390643486401888,-22.037438201904298,19.566750831604004,12.601875581741332,989.7330908203126,-0.028134509471034172,32.05168386522024
2025-03-01T17:56:41Z,40.08045390416595,-75.3840118357659,24.49156038606749,2.6358446721790445,-2.7924765410907026,-0.936823164877463,1.4616333666615682,0.0593052787431116,0.16058838467257014,0.0009999999929613719,0.0010000000052078888,0.000999999992305354,0.0009999999894837045,0.000999999989108715,0.000999999983118948,3.3852412600517934e-10,3.3852409712096464e-10,0.54632925627766,0.0019708738850133987,0.0019708301086202875,0.010782934365908178,0.00016985803724926674,0.00017265203897659035,0.007261772980074034,0.005199999999999815,0.00519999999999986,0.005199999999999893,0.001041999999999447,0.0010419999999994128,0.0010419999999994579,-0.32714172760000276,9.686302605305817,0.7578837032595542,-0.0005927567848782564,0.0012296565051749528,-0.001152716118891875,-23.244000701904298,14.955938081741333,14.244188060760498,989.7158666992187,-0.05861089295038871,31.094330455217133
2025-03-01T17:56:42Z,40.080458891651325,-75.38403712111285,24.475538217854954,2.980077361178384,-1.5186218870049903,-0.985850697889424,1.4595564774986054,0.05898941884554939,0.15702963187548188,0.0009999999930406412,0.0010000000053483327,0.0009999999923260366,0.0009999999893838475,0.0009999999891275716,0.0009999999831133274,1.0003385242527095e-6,1.0003385243415766e-6,0.5751613185908497,0.026387600107594836,0.018446865331599113,0.011261631222262357,0.00017980579894429137,0.0001826994069417936,0.007271163053941963,0.005200999999999816,0.005200999999999859,0.005200999999999895,0.0010420099999994459,0.0010420099999994133,0.0010420099999994567,-0.03249896024663706,9.756185451314753,-0.13178148683649127,-0.0014230990653113472,-0.0011076523400998068,0.00013160200540219928,-23.16168836593628,14.759813137054444,15.770813121795655,989.6908935546875,-0.023035770569877767,31.670668135890452
2025-03-01T17:56:43Z,40.080466828842056,-75.38405019579467,24.50309195904185,3.2648470333258923,-0.7115777101633285,-0.9980525444613573,1.4560124446368439,0.0607167844782845,0.15501774285995457,0.000999999992967034,0.0010000000051676322,0.000999999992226183,0.0009999999896626352,0.0009999999892245902,0.0009999999833549017,2.0003385251040826e-6,2.000338527087281e-6,0.6041556156336437,0.08656389168935955,0.06650572935094609,0.011931436255169719,0.00018985072448654566,0.0001927124593073805,0.007281452874926752,0.005201999999999819,0.00520199999999986,0.005201999999999893,0.001042019999999447,0.0010420199999994144,0.0010420199999994577,-0.17639389885576515,9.725225837066388,0.3459194020531822,-0.0033314673201888727,0.0003948080398716719,-0.0018043051887394342,-23.221313304901123,14.548688077926636,14.79637559890747,989.66869140625,-0.04728087743130079,31.141985852333967
2025-03-01T17:56:44Z,40.08046911397663,-75.3840561940681,24.57965662157793,3.504661166107809,-0.28073966329627226,-1.0054748320963254,1.4541299746454892,0.06007829296477939,0.15282956785861315,0.0009999999930189643,0.00100000000510057,0.0009999999919296054,0.0009999999894561727,0.0009999999890574216,0.0009999999834125904,3.0003385259185676e-6,3.0003385383587618e-6,0.6329543511646246,0.17589005127986623,0.14782749405940326,0.012468472993638761,0.00019982622837700918,0.00020273609153983408,0.007291040494252834,0.005202999999999815,0.005202999999999858,0.005202999999999896,0.001042029999999447,0.0010420299999994145,0.0010420299999994588,-0.28167809642210134,9.674458161031007,0.7236663346964373,-0.0021300999133714916,-0.00040949728735992686,0.00035408345489378,-24.416813526153565,14.532750558853149,15.026063098907471,989.6560986328125,-0.07472915017393772,32.14282078009413
2025-03-01T17:56:45Z,40.08045486736787,-75.38405887998502,24.70796586337584,3.755014292090303,-0.06777135833936576,-0.9630596313710582,1.4519316943012606,0.06051546658781697,0.14804893577867106,0.0009999999929536502,0.001000000005301554,0.000999999992074433,0.0009999999896027738,0.0009999999895194435,0.0009999999835849259,4.000338514767394e-6,4.0003385686901326e-6,0.6609011007687023,0.2980428286172587,0.26503751898112327,0.012838717901064733,0.00020971011528298533,0.0002128278605122043,0.0073011112759981366,0.005203999999999812,0.005203999999999859,0.005203999999999894,0.0010420399999994479,0.0010420399999994151,0.0010420399999994596,-0.2983376344819592,9.693697442596838,0.944086490920586,-0.002764998726354352,-0.0032306580015206998,-0.0012503545710703132,-23.531625747680664,14.366063032150269,15.560438108444213,989.6570825195313,-0.036197408949021244,31.658256341903517
2025-03-01T17:56:46Z,40.08041130167801,-75.38405957833474,24.929415605978516,3.9910555432240953,0.23166378682740152,-0.9223750886567308,1.453034914223748,0.06050671405627581,0.14213397325047028,0.0009999999932146274,0.0010000000056135422,0.0009999999921893028,0.0009999999897337731,0.0009999999896590803,0.0009999999837918261,5.0003384474278935e-6,5.000338632518592e-6,0.6873186061573628,0.46217880364942615,0.4192941004645164,0.01326468223439795,0.00021947041109696228,0.00022293843034986436,0.007311141038883184,0.005204999999999813,0.005204999999999862,0.005204999999999895,0.0010420499999994485,0.001042049999999416,0.0010420499999994593,-0.288019077064408,9.700260741546415,0.8303862313906134,0.00011991884062433436,-0.004716094236196877,-0.0012239837069447294,-23.90381332397461,13.673813009262085,15.703500595092773,989.6305590820313,-0.040363712760961526,31.70113820253113
2025-03-01T17:56:47Z,40.080325033306956,-75.38405877950204,25.204682115815217,4.214105936578181,0.4797415193277838,-0.9035226564957703,1.4509937510825215,0.060246769604311065,0.13606301482070499,0.0009999999930879223,0.001000000005653119,0.0009999999922467536,0.0009999999896916259,0.0009999999898883658,0.0009999999840064463,6.000338214505611e-6,6.000338749616002e-6,0.7118491146795785,0.6665018518222902,0.6116159728189575,0.013659872973189935,0.00022909789700643378,0.00023302836848900155,0.007321207667290344,0.005205999999999814,0.005205999999999864,0.005205999999999897,0.0010420599999994493,0.001042059999999415,0.0010420599999994584,-0.28656965128985173,9.673888001108029,0.8420581063598821,-0.0034760052820271437,-0.005203450720202838,-0.001300425306151764,-25.307813510894775,14.443688087463379,16.14581310272217,989.6159521484375,-0.06569468870625579,33.313502456818846
2025-03-01T17:56:48Z,40.080180853389166,-75.38405763085623,25.516972881661676,4.38556318410843,0.7082325251628013,-0.8991894537605113,1.4530847677478165,0.05983545246405877,0.13326919442281246,0.000999999993188127,0.001000000005890467,0.0009999999924168558,0.0009999999896071012,0.0009999999896845397,0.000999999983834404,7.000337601503654e-6,7.000338943328274e-6,0.734313381340723,0.9138084555675097,0.8427624749147189,0.014054325825655651,0.00023864806359169335,0.00024298877743095362,0.007331420949972517,0.005206999999999815,0.005206999999999864,0.005206999999999896,0.0010420699999994496,0.001042069999999414,0.0010420699999994594,-0.31039196918710277,9.658944677347252,0.8053413550533898,-2.2542164895872525e-6,-0.0022420915931356577,-0.0010916296524170078,-25.287001113891602,15.376688117980956,15.2904381275177,989.5921655273437,-0.08298610942530178,33.31169578472054
2025-03-01T17:56:49Z,40.07996867539999,-75.3840550614302,25.843468489173382,4.633605879673379,1.2963106355206326,-0.8824080482059472,1.4593137589653817,0.0606989716516913,0.13266145848089939,0.000999999993073047,0.0010000000061395988,0.0009999999919210897,0.0009999999897479755,0.0009999999898925855,0.000999999984346315,8.00033624354567e-6,8.00033924184758e-6,0.7553802720575642,1.2200053642454793,1.115109656372481,0.015054642657703236,0.00024806619689402606,0.00025282145681893925,0.007342263727757889,0.005207999999999813,0.005207999999999862,0.005207999999999894,0.0010420799999994491,0.0010420799999994131,0.00104207999999946,-0.15681263393103376,9.728137070967824,0.3676940878084634,0.003530580411386619,-0.00021605678912300994,-0.0024457132825789073,-23.462438259124756,14.946938104629517,15.049875583648681,989.5789086914062,-0.04413497975870452,31.628982104283583
2025-03-01T17:56:50Z,40.07968169726915,-75.38404574681866,26.14892176645974,4.974136489260385,2.731215736971012,-0.9398062384664043,1.4630773379583388,0.05861510454821331,0.1347400324951595,0.0009999999934391746,0.0010000000062170865,0.0009999999917695123,0.000999999989716918,0.000999999989624934,0.0009999999847943265,9.000333582800944e-6,9.000339676631678e-6,0.7780704596358639,1.6220442434073523,1.425739201679535,0.01813535630074719,0.0002570375793029744,0.0002624615049611177,0.007352230801880713,0.00520899999999981,0.005208999999999865,0.005208999999999897,0.0010420899999994486,0.0010420899999994127,0.0010420899999994595,0.1029897185537125,9.765639037204293,-0.5899089615537808,0.0002092120660558965,0.0017363738721090489,0.00035191388325596547,-23.43656328201294,14.725875577926637,15.694125633239747,989.5702978515625,0.003339216003525905,31.818646360914446
2025-03-01T17:56:51Z,40.07930652229006,-75.38403129618307,26.454895676374022,5.203952391626229,3.4585963609394232,-0.8984282097838797,1.4641592365630307,0.056318455035430266,0.13479387548770638,0.0009999999934624964,0.0010000000063513294,0.000999999991675216,0.0009999999897423737,0.000999999989508498,0.0009999999847663664,0.00001000032884338468,0.000010000340280093913,0.8048705833658846,2.060602819648105,1.774775460043981,0.02055798485409282,0.00026518729873697093,0.00027197826426013475,0.007362176454947248,0.005209999999999808,0.005209999999999863,0.005209999999999895,0.0010420999999994482,0.0010420999999994122,0.001042099999999459,-0.028038895242961156,9.782813063297413,-0.025247270635791044,-0.003270380734893145,-0.0007556540261871242,-0.0001549702674830581,-23.016750831604003,13.9991255569458,15.15825059890747,989.5588891601562,0.00216071919082367,30.91141788177973
2025-03-01T17:56:52Z,40.07882920179868,-75.38401887819924,26.809090319587096,5.36722242760492,4.1288035037223825,-0.8997409578495253,1.4659704926950128,0.056528443201854926,0.1383417939770707,0.0009999999933451955,0.0010000000061599612,0.0009999999915243096,0.0009999999899373542,0.000999999989697145,0.0009999999844758965,0.000011000321040110728,0.000011000341083093779,0.8359153497189613,2.5635800153403316,2.1515897998060027,0.0234468496617478,0.00027245139913134364,0.0002811410767032132,0.007373157237679558,0.005210999999999808,0.005210999999999864,0.005210999999999897,0.001042109999999448,0.0010421099999994119,0.001042109999999459,-0.018220478330415235,9.738141245350974,-0.12836877092839297,-0.0037764303667939276,0.0024874370469486493,-0.0028225801454387278,-23.168625869750976,14.382563066482543,15.521438064575195,989.5323120117188,-0.04179662973008318,31.377622541111094
2025-03-01T17:56:53Z,40.07826015349499,-75.38401489021986,27.182080303227817,5.346448893086575,3.8268712361482815,-0.8392725276717061,1.4679579538202767,0.054977166322476186,0.14180202038700357,0.000999999992999301,0.0010000000059298656,0.000999999991472618,0.0009999999900438164,0.0009999999898198614,0.000999999984146851,0.00001200030902264791,0.000012000342113118285,0.8686000743436839,3.0514359576212167,2.550814969705803,0.023542376221296738,0.00027844290572609927,0.0002900138740509911,0.00738346002239585,0.0052119999999998105,0.005211999999999863,0.005211999999999895,0.0010421199999994472,0.0010421199999994112,0.0010421199999994597,-0.26851757261143483,9.696073300673365,0.6774848590776641,-0.004308851062201329,0.0018201591035468504,-0.0014683298834889385,-23.61187578201294,14.793938064575196,14.596688079833985,989.5292797851563,-0.0573454041693089,31.455387266810224
2025-03-01T17:56:54Z,40.077606661220756,-75.38402621382322,27.594649509884036,5.279789039024581,3.193163326131881,-0.7643879260965032,1.4736473689730691,0.05238179417156771,0.14145996481294987,0.0009999999930652326,0.0010000000061838798,0.0009999999917026658,0.0009999999905029463,0.0009999999897865475,0.0009999999840936858,0.000013000291512420933,0.000013000343396817755,0.8972498612243647,3.569099321785814,2.9679878058030615,0.022720726671044522,0.000283207252047181,0.000298764198905193,0.007393220847322739,0.005212999999999812,0.005212999999999861,0.005212999999999894,0.0010421299999994462,0.0010421299999994102,0.0010421299999994601,-0.2918874748049457,9.69160671932899,0.8743742838984568,-0.0007321208152353165,-0.0022793109235826024,-0.0010200284072296626,-23.61618827819824,14.093063077926637,14.452688102722169,989.5255395507812,-0.04534894225145996,31.067922561686213
2025-03-01T17:56:55Z,40.076873529132556,-75.38405266971789,28.031053027242162,5.212218311125603,2.822433504569421,-0.727218102711961,1.4843555083087496,0.050262464056240214,0.1404453082977654,0.0009999999931158015,0.0010000000059552925,0.0009999999919295703,0.000999999990407883,0.000999999990157644,0.000999999984065565,0.000014000267135734782,0.000014000344959981029,0.9210062206130083,4.1647884752653,3.3972056288642865,0.022801679206484616,0.0002871210110867659,0.00030732593673201417,0.007403055193193326,0.00521399999999981,0.005213999999999858,0.005213999999999892,0.0010421399999994455,0.0010421399999994093,0.0010421399999994598,-0.1894838178470759,9.70067976128632,0.46289378073355736,0.004202531686314119,-0.0030056727965343455,-0.0016312267821863226,-23.82037588119507,13.885500555038453,14.440125598907471,989.5136499023438,-0.06708760553325864,31.124451763383874
2025-03-01T17:56:56Z,40.076048534771125,-75.38409182742728,28.500065108826792,5.207540385638268,2.9075789349773444,-0.6889051621695296,1.4901966750670037,0.04788213080299873,0.14001290031082816,0.0009999999930684403,0.0010000000060968039,0.00099999999208382,0.0009999999903300516,0.000999999989918212,0.0009999999843242392,0.00001500023452776485,0.000015000346821183641,0.9435614392099588,4.864672285482588,3.835956221877332,0.024525129518371973,0.00029024125883341575,0.00031565435084830837,0.007412748068827147,0.005214999999999812,0.005214999999999854,0.005214999999999895,0.0010421499999994466,0.0010421499999994101,0.00104214999999946,0.007414759229923146,9.756691478723292,-0.1406610840375856,-0.0009185512318824212,-0.0025577051631937315,-0.0014377864529911402,-24.54731367111206,13.769813051223755,14.766188106536866,989.4791943359374,-0.02295489491521845,31.783886509178384
2025-03-01T17:56:57Z,40.0752015254062,-75.38413628734236,28.927648340485273,5.155471642456968,2.9646127166444147,-0.6451846000451851,1.4950040467282733,0.04372199968257745,0.13964313338369555,0.000999999993327984,0.0010000000057716145,0.0009999999919676858,0.0009999999905360832,0.0009999999897529702,0.0009999999842372198,0.00001600019248033584,0.000016000348989603884,0.9671715324552042,5.624139690268034,4.273869424765026,0.026114562855711055,0.00029240916884158393,0.000323767703689713,0.007421677103571724,0.005215999999999812,0.005215999999999852,0.0052159999999998935,0.001042159999999447,0.001042159999999411,0.0010421599999994604,-0.0009607739076322934,9.76544289297526,-0.18826779014363007,-0.0017135099424756954,-0.002589750586879656,0.0005021264795707853,-24.553126201629638,13.72162558555603,14.814750556945802,989.49001953125,-0.013411844658094895,31.790133987431297
2025-03-01T17:56:58Z,40.074280395361725,-75.38419230710069,29.39528234701476,5.021947088110615,2.892372737785783,-0.6047495339841293,1.5005560244684384,0.03991634858158562,0.14515114718948977,0.0009999999934342423,0.0010000000059434053,0.0009999999914288079,0.0009999999906717034,0.0009999999899076197,0.0009999999844525443,0.000017000140016932496,0.00001700035146638857,0.9907926838441172,6.437778719299309,4.70142438681,0.02734736253513088,0.00029407792413809375,0.000331285999906668,0.0074307697000070925,0.00521699999999981,0.005216999999999851,0.005216999999999891,0.001042169999999446,0.00104216999999941,0.0010421699999994599,-0.020022943332793794,9.75270340346713,-0.19541684016465088,-0.0014072435774963251,0.003235329250574727,0.0005067997177521,-24.989626159667967,13.73700057029724,14.763375577926636,989.4522021484376,-0.025979524666847928,32.111377983612606
2025-03-01T17:56:59Z,40.073280307293494,-75.38426319017802,29.918634990987215,4.881406087951505,2.5409682820170776,-0.5508449953346246,1.5069692279181297,0.03612361783992652,0.1478384531962029,0.0009999999931441471,0.0010000000058162921,0.000999999991559174,0.0009999999907225202,0.0009999999897639764,0.0009999999839766284,0.000018000076386385807,0.00001800035425004048,1.0124763543764046,7.2873872385486305,5.116331112888496,0.027721824492907284,0.00029478436814053165,0.00033881529551692697,0.007439767188700503,0.005217999999999812,0.005217999999999853,0.005217999999999894,0.0010421799999994455,0.0010421799999994095,0.001042179999999459,0.010218807742946909,9.748536217230185,-0.05168076897669953,-0.0006119505304742062,0.00037444566913976264,0.00020170114372338355,-24.04275094985962,14.429625597000122,15.593625555038452,989.4009204101562,-0.031942792045038984,32.08466714939456
2025-03-01T17:57:00Z,40.0722998245483,-75.38434091961628,30.402112528161297,4.723038330524924,2.052701051777472,-0.5063154047131001,1.511617527151566,0.03502835810336808,0.1482392257278371,0.0009999999929804157,0.0010000000060311337,0.0009999999915027578,0.000999999990774826,0.0009999999897572123,0.0009999999835816921,0.000019000000927287257,0.000019000357344026556,1.0298363794184728,8.173150341785856,5.515076684066896,0.027275547202952048,0.00029482312951553777,0.00034642169545959515,0.0074494818648316455,0.0052189999999998115,0.005218999999999851,0.005218999999999892,0.0010421899999994446,0.0010421899999994105,0.0010421899999994582,-0.02389133749527104,9.73850594265674,0.05886044698773255,-0.0017839431915265772,-0.0015803213155971812,-0.0023337212978350322,-24.201750926971435,13.966500558853149,15.444000587463378,989.3988208007812,-0.04185314966618884,31.92650616760698
2025-03-01T17:57:01Z,40.071253200212176,-75.38443467119981,30.93813679870598,4.558473059083608,1.4376332824132447,-0.4458077370101935,1.5136468994126744,0.032425364013288376,0.1485423797499027,0.0009999999931896942,0.001000000006129927,0.0009999999916027824,0.000999999990799255,0.0009999999900541844,0.0009999999838193135,0.0000199999129212938,0.000020000360760253846,1.041600646236583,9.10849206432909,5.902574944720984,0.026469174457614205,0.0002945717301172527,0.0003540113894907667,0.0074586914990353555,0.005219999999999812,0.005219999999999852,0.005219999999999892,0.0010421999999994454,0.0010421999999994103,0.001042199999999457,-0.009973084740150821,9.75142726007494,0.11010673151828707,-0.004390299746864438,-0.0017432187647324119,-0.0008065594574787074,-25.101938610076903,14.247563076019286,15.799500560760498,989.3431079101563,-0.028443091274906622,32.90472990826509
2025-03-01T17:57:02Z,40.07016873442269,-75.38454108532638,31.508502830605753,4.379229567836216,0.8436456086465789,-0.38121082812681084,1.516597494411281,0.028290353421462338,0.14921893980445025,0.0009999999931277564,0.0010000000060021784,0.000999999991361659,0.000999999990711655,0.0009999999903567399,0.0009999999835549318,0.00002099981153809877,0.000021000364518873892,1.0481405897186917,10.108916306692123,6.281763312639783,0.025704781298460492,0.0002943618998730934,0.0003615628800700068,0.007467437746768259,0.005220999999999809,0.00522099999999985,0.00522099999999989,0.0010422099999994447,0.001042209999999411,0.0010422099999994583,0.013435388643203941,9.762540142866165,0.06015427180117031,-0.003245679305307056,-0.0013379787301013519,0.0008726511835091058,-25.22287618637085,14.08237557411194,14.775750541687012,989.2934765625,-0.01769558952149003,32.44728482147671
2025-03-01T17:57:03Z,40.069102527327644,-75.38465350651012,32.07289689806239,4.184619567682635,0.04142532288912526,-0.30188466053803853,1.5262229436426935,0.026682614290782895,0.1480728919834589,0.0009999999932921034,0.0010000000061736436,0.000999999991078766,0.0009999999906121037,0.0009999999906518387,0.0009999999839705345,0.00002199969555366821,0.000022000368653144107,1.048957035683463,11.13583790899346,6.6598269878333465,0.024079317184436618,0.0002942917690625115,0.00036935386609581773,0.007476955453329436,0.005221999999999811,0.005221999999999853,0.0052219999999998925,0.001042219999999444,0.0010422199999994104,0.0010422199999994574,-0.03681258060965158,9.774597763055521,0.2660390070191976,0.004070178028908511,-0.002802051135319248,-0.0014377864912856202,-24.710063610076904,14.17818811416626,14.92125051498413,989.2650341796875,-0.002053565865575276,32.159737425664616
2025-03-01T17:57:04Z,40.06804645411552,-75.38477181164119,32.59286429405332,3.9458979478251393,-0.6603476899880789,-0.32922047503719526,1.5294281629555753,0.025331488174669008,0.14776056734136114,0.000999999993470747,0.0010000000060748926,0.0009999999910518386,0.000999999990527743,0.0009999999907553596,0.0009999999843264364,0.00002299956313179947,0.0000230003732080364,1.0439483225332438,12.220786685914955,7.035067840425857,0.022635285985710008,0.0002948565943311667,0.000377119794953517,0.007486577410798249,0.005222999999999809,0.00522299999999985,0.005222999999999894,0.001042229999999443,0.0010422299999994105,0.0010422299999994574,-0.07972778941496482,9.681654881080332,0.15688706794479348,-0.0018136520801189764,-0.0017585740676869075,-0.0013705246206082494,-24.604126167297363,14.197500562667846,14.879625616073609,989.2352221679688,-0.09700766581629437,32.06761679786267
2025-03-01T17:57:05Z,40.066924461079225,-75.38490232166205,33.10670914630939,3.7660404707691617,-1.4310338078491602,-0.2849838509013328,1.5357407645055074,0.02681019278074318,0.1478884451448788,0.0009999999934945933,0.0010000000062452892,0.0009999999910818146,0.000999999990613264,0.0009999999904617466,0.0009999999841075783,0.000023999411893135042,0.000024000378237215136,1.0345359196021253,13.369584205550256,7.433437206422336,0.02123115827801162,0.00029619758693093733,0.0003849195502630299,0.007497133822460148,0.005223999999999808,0.005223999999999848,0.005223999999999896,0.0010422399999994434,0.001042239999999411,0.0010422399999994582,-0.032306098639489404,9.75653192901004,0.20031614496274047,0.0015147268313487003,-0.0011018108646974173,-0.00409504839906373,-24.5478759765625,13.614000577926635,15.219563093185425,989.1778393554688,-0.021534268993027114,31.930723188275362
2025-03-01T17:57:06Z,40.065743978690826,-75.3850432285345,33.63183751158636,3.5246204490721693,-2.2789265591226444,-0.2533229872842694,1.5372448182648426,0.027277566402258882,0.14891517750622008,0.0009999999933630868,0.0010000000063724764,0.0009999999910824346,0.000999999990811798,0.000999999990199465,0.0009999999837522937,0.000024999238650260797,0.00002500038380943632,1.0213326939971834,14.571064608062542,7.8523040006306335,0.019724477294394267,0.000298450479957486,0.0003926658855389622,0.007507468798832657,0.005224999999999809,0.00522499999999985,0.005224999999999899,0.0010422499999994436,0.0010422499999994113,0.001042249999999458,-0.1198036449498946,9.745365388228212,0.25870101776881377,-0.0029954915180998532,-0.00011424613593460822,-0.0029445860745018725,-24.5388761138916,13.387313051223755,14.774438133239746,989.1233178710937,-0.030546789006026684,31.61735918093956
2025-03-01T17:57:07Z,40.06454510995896,-75.38518917453592,34.11375186953154,3.291966966657557,-3.0746091864602794,-0.25730042530899355,1.5374335675948674,0.02521502574813717,0.15037943821273525,0.0009999999934453701,0.0010000000063580122,0.0009999999913087628,0.000999999990627333,0.0009999999900743206,0.0009999999839088178,0.000025999039314943807,0.000026000389999853357,1.0051414058203196,15.836573877148851,8.300569953716753,0.018412620044954697,0.0003016023822032182,0.00040040291790362383,0.0075171155497445645,0.00522599999999981,0.0052259999999998506,0.0052259999999999,0.0010422599999994424,0.001042259999999411,0.001042259999999457,-0.12091571956490173,9.718449434117682,0.26738840055026125,-0.0038265011204572912,0.0004245167444466697,-0.00020887987844377055,-24.86100107192993,13.992188081741332,15.163313102722167,989.0875732421875,-0.05711400464958724,32.307483398563825
2025-03-01T17:57:08Z,40.06328551767687,-75.3853427687737,34.57281077831144,3.0766911099152376,-3.9369798814358212,-0.2320145522205822,1.539405157961063,0.02336759894726254,0.14947551647613738,0.0009999999936696478,0.0010000000062586414,0.0009999999914207388,0.0009999999908405746,0.000999999990253669,0.0009999999838164388,0.000026998808754113347,0.00002700039689647142,0.986787168819938,17.16374909093864,8.7921834737418,0.01714532021363472,0.00030527560076974085,0.00040857499119459725,0.007526878544195451,0.00522699999999981,0.005226999999999851,0.0052269999999999,0.0010422699999994432,0.0010422699999994107,0.001042269999999458,-0.1061246778973956,9.750669494304656,0.37415470715487886,-0.0016210456896599713,-0.0017737612252518398,-0.0003891349997656013,-23.909250984191896,15.108563089370728,15.863250722885132,989.0426342773437,-0.021474997004274913,32.427771897776644
2025-03-01T17:57:09Z,40.06187025349376,-75.38551075702425,35.05619400136399,2.8055499508701085,-4.785087658689942,-0.2315979229274287,1.5385711261056834,0.022096103579701185,0.14853212310456446,0.000999999993864839,0.001000000006470868,0.0009999999917313296,0.000999999991264255,0.0009999999904589999,0.0009999999835905654,0.000027998540704997464,0.000028000404597377343,0.967088650793722,18.56304847017488,9.327874782435314,0.01611460306603786,0.0003098186984846502,0.00041682681933059233,0.007536914308582461,0.005227999999999808,0.005227999999999848,0.005227999999999904,0.0010422799999994427,0.0010422799999994098,0.0010422799999994588,-0.12236710355127586,9.727393132563101,0.3492150925694969,-0.00428715354887514,-0.0016784604202831213,-0.0009999999227461114,-24.248251056671144,14.50556308746338,15.396188106536865,988.9713818359374,-0.04537503928763187,32.178072952305484
2025-03-01T17:57:10Z,40.06057754178584,-75.38566911569481,35.41352337764324,2.5751890518693337,-5.619208912904838,-0.22890887987284725,1.542747190776795,0.020909007758150265,0.14725198526072,0.0009999999935075721,0.0010000000062314021,0.00099999999189692,0.00099999999113657,0.0009999999906525718,0.0009999999835867946,0.000028998227457723957,0.000029000413211144294,0.9465313207412986,20.021575924803802,9.919442920518467,0.015103151528752051,0.00031517738696476506,0.0004251778631185313,0.007546942337215509,0.005228999999999812,0.005228999999999846,0.005228999999999903,0.0010422899999994431,0.0010422899999994106,0.0010422899999994583,-0.1442901978431385,9.740101217263426,0.481512687775814,0.0015452699036926632,-0.001783943164827077,-0.0006945675094663217,-23.512500896453858,13.699125547409057,14.973375597000121,988.9874829101562,-0.02664837608735318,31.05966130728174
2025-03-01T17:57:11Z,40.05922453473227,-75.38583012700835,35.69733077868343,2.355019248089175,-6.035386551915645,-0.3112216747676285,1.543898191201,0.024628276928368283,0.14902452750125716,0.0009999999937337655,0.001000000006289126,0.0009999999917236844,0.0009999999910933056,0.000999999990928267,0.0009999999836477194,0.000029997861007468052,0.000030000422841530928,0.9268193556642599,21.58459678727107,10.563284144315615,0.014679308745251137,0.00032191887045627404,0.00043303026884390975,0.007558443764000489,0.005229999999999812,0.005229999999999843,0.0052299999999999005,0.0010422999999994426,0.00104229999999941,0.001042299999999458,-0.0945194845906106,9.671945690148798,0.09658728342941089,-0.0012128010086697848,0.0015260763436031372,-0.005416252179910463,-23.259563217163088,13.204875545501709,15.72375060081482,988.9643603515625,-0.10677613802898951,31.02594398620115
2025-03-01T17:57:12Z,40.05798696976497,-75.38597967077621,35.811014779841344,2.169556350948981,-6.268626169423648,-0.3775591801300338,1.546396529750674,0.025873516834252555,0.15085518113930574,0.000999999993662096,0.001000000006362042,0.0009999999914240422,0.0009999999907407213,0.0009999999906100477,0.0009999999834550781,0.000030997434415553715,0.00003100043357344065,0.9096784769948476,23.234480515039966,11.267809621208942,0.014394891258716543,0.00032924617346687617,0.00044088793966832194,0.0075691959315375736,0.005230999999999815,0.005230999999999844,0.005230999999999903,0.0010423099999994428,0.0010423099999994105,0.0010423099999994582,-0.11864057513203613,9.699110638721617,0.015945891273774136,0.0006696971076511095,0.0016368995607976785,-0.002649334909495463,-23.416500759124755,13.69818811416626,15.118500528335572,988.9973193359375,-0.07979084544894617,31.057024464252287
2025-03-01T17:57:13Z,40.05666990628451,-75.38613114417205,35.87820425747296,2.0729275790459405,-6.6948486236081735,-0.3748679119978104,1.547062652244746,0.022800103305465245,0.1460488156599417,0.0009999999938172506,0.0010000000061636967,0.0009999999909705549,0.0009999999905435778,0.0009999999908228909,0.0009999999833709423,0.0000319969398178382,0.00003200044551420721,0.8944746127461831,24.948961265243955,12.0439300156908,0.01406054935590678,0.0003357452221663759,0.0004500057526492142,0.007578636141650725,0.005231999999999816,0.005231999999999842,0.005231999999999905,0.0010423199999994434,0.0010423199999994109,0.0010423199999994577,-0.05364209925028936,9.76586390240351,0.2387209439124369,-0.0008269215759312977,-0.005021526266850712,0.0015452698513539283,-23.667375755310058,14.40412558555603,14.797313032150269,988.9925659179687,-0.010664942526480578,31.40988365355545
2025-03-01T17:57:14Z,40.05517732381752,-75.38629070483543,35.91776446088276,1.8009116412763457,-7.228820088238195,-0.4624888131346754,1.5459712855598828,0.024868784173261542,0.1454065144596173,0.0009999999937163582,0.0010000000062209261,0.0009999999907036486,0.0009999999902473805,0.0009999999907432473,0.0009999999830785724,0.00003299636697486137,0.00003300045879464329,0.8800766982370672,26.713275274307346,12.869410263241548,0.013587127362172022,0.00034355816754700014,0.00045836387207018895,0.00758963803236371,0.005232999999999815,0.005232999999999839,0.005232999999999905,0.0010423299999994442,0.0010423299999994117,0.0010423299999994578,-0.21388276434502032,9.668749369380603,0.32811118161317104,-0.002614785906906391,-0.000657014442484327,-0.003553615114648955,-23.59818838119507,13.153500566482544,15.136125574111938,988.9745581054688,-0.10285572583376769,30.967534992900948
2025-03-01T17:57:15Z,40.053237560422424,-75.38646936868172,36.006910759335135,1.5307096089892012,-7.418465889824481,-0.45202765552797447,1.5463054499433984,0.01999348711286174,0.14846880498690893,0.0009999999935440809,0.0010000000061632602,0.0009999999909354703,0.0009999999900792908,0.000999999990604749,0.0009999999833674562,0.00003399570677881215,0.00003400047352863053,0.8673579097098584,28.618344975606707,13.773391590111165,0.013545969363639363,0.00035235750270618915,0.0004660151044142847,0.007598760946091373,0.005233999999999816,0.00523399999999984,0.0052339999999999045,0.001042339999999443,0.0010423399999994125,0.0010423399999994567,-0.0678793929988391,9.77208529217416,-0.058387863489971284,-0.0014377864875491815,0.0029604398951068164,0.0031844238589619316,-23.660813312530518,13.902375555038452,14.949000568389893,988.9076025390625,-0.007018390751319864,31.25027321692212
2025-03-01T17:57:16Z,40.05048307498716,-75.38668099939575,36.30881214096645,1.1074519843302166,-7.841322805362447,-0.3791785450113962,1.5444072406031346,0.01816688331867721,0.15523126792850717,0.0009999999933718155,0.0010000000063173293,0.0009999999907715602,0.000999999990139346,0.0009999999905634844,0.0009999999831051339,0.000034994952482829585,0.000035000489822784225,0.8570451060231074,30.605932609167553,14.746693456196747,0.013463862966431255,0.0003622366752387453,0.00047291100302130186,0.007608957413189782,0.005234999999999818,0.005234999999999842,0.005234999999999907,0.0010423499999994436,0.001042349999999412,0.001042349999999457,-0.06788135360928144,9.816045211785829,0.047052584761505,-0.004136941285799496,0.0068536180575572495,-0.00033906431654311196,-23.814938411712646,14.499750509262086,15.095438108444213,988.7655395507812,0.03692523334786612,31.705884112146386
2025-03-01T17:57:17Z,40.04706884127723,-75.38691808967909,36.73052841080918,0.5097453305231124,-8.815453440653636,-0.42195081581723065,1.5398002649333322,0.014735845510939694,0.15366938568643843,0.000999999993259112,0.0010000000061741157,0.000999999991060633,0.0009999999900164047,0.0009999999904899822,0.0009999999834550256,0.0000359940924978599,0.00003600050781993694,0.8472406643649778,32.60317783281599,15.770397248331882,0.013031387990363207,0.00037070057487716596,0.00048148491995762854,0.007618701073340132,0.00523599999999982,0.005235999999999844,0.005235999999999909,0.0010423599999994444,0.001042359999999412,0.0010423599999994579,-0.19780966287188514,9.67545508447651,0.5516223933261282,-0.0068235777365778325,-0.0013767000572143845,0.0007104214071054482,-24.116438465118406,14.380313100814819,14.772375526428222,988.6471069335937,-0.08617544950010599,31.72721016763773
2025-03-01T17:57:18Z,40.043345198376386,-75.38716343510275,37.16934755070817,0.055092211242406375,-9.469114620032821,-0.3574377779082842,1.5448677888152273,0.01158283666732231,0.147014069170874,0.0009999999931488129,0.001000000005934915,0.0009999999909199614,0.0009999999905304859,0.000999999990590301,0.0009999999834618925,0.00003699311299451224,0.00003700052769825936,0.8378545041517147,34.73770142004639,16.88641918156523,0.012986982368129257,0.0003783945337110095,0.0004911211955780095,0.0076284869016023426,0.005236999999999817,0.005236999999999846,0.005236999999999906,0.0010423699999994435,0.001042369999999411,0.001042369999999458,0.04454338760106326,9.793820086155122,0.3014129002599653,0.0031131558675658623,-0.006334885603658185,0.00027263479522121907,-24.231563510894777,14.916750545501708,14.952188119888305,988.5849926757812,0.019268506189180273,32.14409403882569
2025-03-01T17:57:19Z,40.039067478458435,-75.38742185366138,37.72596493888519,-0.5049128111820741,-10.14829039103622,-0.297063203904664,1.535097307587556,0.010335205234780967,0.1438331345952482,0.0009999999931521867,0.001000000005824957,0.0009999999906127746,0.0009999999906995713,0.0009999999906806702,0.0009999999832867906,0.000037992002748976195,0.00003800054963528863,0.8298788027298661,36.9516008521762,18.076414584020945,0.012947148163119773,0.0003870756537099744,0.0005000083067245796,0.007638880818313781,0.00523799999999982,0.005237999999999844,0.005237999999999903,0.0010423799999994443,0.0010423799999994118,0.0010423799999994586,0.031401170122769106,9.782584946485745,0.3569035072266006,-0.011667601866590556,-0.002629807534149461,-0.001751063655783756,-24.654938678741456,13.986000604629517,14.903625631332398,988.479443359375,0.009927631389576232,32.02481878739094
2025-03-01T17:57:20Z,40.03443211039699,-75.38768431642873,38.32570884807621,-1.2595717197659937,-10.357033236085424,-0.2927714172397344,1.5381427996311685,0.009302999432358378,0.14465467328954215,0.000999999993423671,0.0010000000055751166,0.0009999999903639724,0.0009999999906123531,0.0009999999904254655,0.0009999999835675459,0.000038990754594524694,0.00003900057376062157,0.8235225214252051,39.27460231849307,19.32754669891858,0.012918303395998533,0.00039676391248478577,0.0005080425293979704,0.007649361307328881,0.005238999999999823,0.005238999999999847,0.0052389999999999035,0.0010423899999994447,0.0010423899999994122,0.0010423899999994592,-0.052684969656772176,9.738825042083002,-0.06157829299856648,0.0012805612549678712,0.0015045455992282956,-0.0018959349344485955,-24.610688610076906,14.103750553131103,14.964938125610352,988.3969091796876,-0.04003133822963453,32.07098204512396
2025-03-01T17:57:21Z,40.029387392666536,-75.38795354107602,38.944747759355856,-1.9833772872903603,-10.681650586812664,-0.30138873927680754,1.539854343363832,0.007993868114403122,0.1418176659136631,0.0009999999935643299,0.0010000000056666573,0.0009999999906261483,0.0009999999906253987,0.0009999999901803447,0.0009999999835202734,0.00003998936545615122,0.00004000060017718689,0.8187362195739876,41.67306616461651,20.649903758052137,0.01294503660616029,0.0004057584178730717,0.0005168701761601121,0.007659747127035979,0.005239999999999824,0.005239999999999848,0.0052399999999999045,0.0010423999999994438,0.001042399999999411,0.001042399999999458,-0.0016276246659406106,9.719626174420894,0.053171936275515995,0.00001894246528618554,-0.002089041684263869,-0.0017861129389724986,-25.11450101852417,13.879875602722167,16.023750619888304,988.3065869140624,-0.059386910636358495,32.865580084043785
2025-03-01T17:57:22Z,40.024931586853626,-75.38820400136555,39.40732007385222,-2.6183318338835155,-11.227561573494755,-0.29768587746844566,1.5376303507246771,0.007042868108420553,0.13972007286075022,0.0009999999932379657,0.0010000000056696455,0.000999999990494164,0.000999999990539762,0.0009999999898781264,0.0009999999836445535,0.000040987826709423,0.00004100062904490973,0.814520304789319,44.14396374567248,22.046951624500537,0.012773359977686062,0.0004149252716136247,0.0005256340748781073,0.00767007018021354,0.005240999999999821,0.005240999999999846,0.005240999999999902,0.0010424099999994446,0.0010424099999994112,0.0010424099999994589,-0.07832804747586115,9.734677528375682,0.39102410977029406,-0.003575813488352518,-0.001447967236083513,-0.001570140327921475,-24.888563499450683,13.998750591278077,15.395063123703004,988.3460668945313,-0.03625735754870385,32.44087368160039
2025-03-01T17:57:23Z,40.02117313174494,-75.38843537765374,39.670923034652446,-3.251741344728476,-12.109029494879353,-0.38085432157693905,1.538855001762609,0.005661629882639765,0.13616466300812768,0.0009999999928439005,0.0010000000057411081,0.000999999990389728,0.0009999999907804636,0.0009999999900281976,0.0009999999836765876,0.00004198611615645361,0.00004200066059700362,0.8093499699516004,46.66163411598129,23.50751528309688,0.012470922679748902,0.00042385794290484657,0.0005348533575727225,0.007680078569661123,0.005241999999999819,0.005241999999999843,0.005241999999999899,0.0010424199999994443,0.0010424199999994118,0.0010424199999994588,-0.265367020697711,9.647179976139757,0.8390402674080868,0.0002993393977951833,-0.0030403883206113836,-0.0006044400316609171,-24.30243835449219,14.75812554359436,15.041813068389892,988.41314453125,-0.09177189947771569,32.16618804579384
2025-03-01T17:57:24Z,40.01633261469291,-75.38868924263376,39.98701930241998,-4.003059211107411,-13.20100895703218,-0.4431455366380265,1.5352963053911062,0.005924404420179812,0.1355208338412303,0.0009999999927086537,0.0010000000058155865,0.0009999999904151497,0.0009999999908342563,0.0009999999900163576,0.0009999999837525108,0.00004298419751140849,0.000043000695140592774,0.8027605547933926,49.28199075114888,25.05721652293443,0.012607133243565365,0.00043364701053659786,0.0005435984397373672,0.007690634752115114,0.005242999999999822,0.0052429999999998415,0.005242999999999896,0.0010424299999994447,0.0010424299999994122,0.0010424299999994592,-0.3079089216978837,9.649920570868083,1.0659635380485362,-0.004380118731968671,0.00010973748987585098,-0.002404989189831111,-23.92800094604492,14.892563047409057,14.84625060081482,988.2920922851563,-0.06538985358926674,31.855071582584937
2025-03-01T17:57:25Z,40.010200391666956,-75.38895432484229,40.38926634730526,-4.892711398521854,-14.482490177586893,-0.47001104831938656,1.5344706255662577,0.006825647565402307,0.13033355873477834,0.0009999999924781837,0.0010000000062562757,0.0009999999908371063,0.0009999999907173106,0.000999999990350827,0.0009999999834358019,0.00004398202299942921,0.00004400073302130241,0.7959242709196735,52.02021961151291,26.70467831215636,0.013664232322737774,0.00044270566191460765,0.0005534837702460858,0.0077013799943861485,0.0052439999999998235,0.00524399999999984,0.005243999999999897,0.001042439999999444,0.0010424399999994114,0.0010424399999994587,-0.387799780768812,9.66153682771737,1.3704064240551477,-0.0011018108999434379,-0.004145953768116245,-0.0033620104075256342,-24.456563606262208,15.294938116073608,14.518500566482544,988.155283203125,-0.012806132722513573,32.2930676006956
2025-03-01T17:57:26Z,40.00505680467642,-75.38918252398267,40.55381599010161,-5.669644365841141,-15.342862911579049,-0.5321639122766463,1.5329261714913713,0.003939207151914816,0.12804797607445903,0.000999999992707925,0.001000000006108172,0.0009999999912198574,0.00099999999049182,0.000999999990308411,0.0009999999831391776,0.000044979542336715485,0.00004500077451319722,0.7913442901763637,54.88962949598767,28.43669663894385,0.015185179825554637,0.00045229793606024033,0.0005630245667512463,0.007710724330896904,0.005244999999999822,0.0052449999999998375,0.005244999999999895,0.001042449999999443,0.0010424499999994105,0.0010424499999994576,-0.4082505658203482,9.648116133073898,1.1818389182534155,-0.0010325460161280907,-0.0015082195236224847,0.0012782253431236625,-24.56193859100342,15.344625577926635,15.174938068389892,988.257763671875,-0.049860578129877535,32.69589862794822
2025-03-01T17:57:27Z,39.99951838047634,-75.38938475255976,40.668146606101864,-6.3892760471196,-15.915969962242054,-0.5779335311186132,1.5262677683961496,0.0068920673294821915,0.12733557191782802,0.0009999999928822962,0.001000000006431234,0.000999999991300531,0.0009999999905637193,0.000999999990413746,0.0009999999830165261,0.00004597671653464391,0.00004600081974686687,0.7916342366879696,57.89624980588567,30.238434591221136,0.017074080476983357,0.0004618251284100426,0.0005724663867190568,0.007721647255530971,0.005245999999999824,0.005245999999999839,0.0052459999999998974,0.0010424599999994425,0.00104245999999941,0.0010424599999994569,-0.3657459340519305,9.65974225107218,1.1555309455085183,-0.005296415343996136,0.0004151702423890542,-0.004196858937852078,-23.794500827789307,15.730313148498535,15.797813148498536,988.2410864257813,-0.04311728322024979,32.606573128110824
2025-03-01T17:57:28Z,39.9936394401071,-75.38955089829861,40.72064460694422,-7.121575999908825,-15.860323702386195,-0.6622287904355204,1.5215040578022458,0.009394603435688527,0.13198640612383764,0.0009999999931247518,0.0010000000061576291,0.0009999999912961577,0.0009999999905639908,0.0009999999902776757,0.0009999999828483389,0.000046973530023001575,0.00004700086869583613,0.7978013864894626,61.020852945095946,32.06503623810728,0.018094395579890885,0.0004715853730569915,0.0005809967044752415,0.007732285839956894,0.005246999999999824,0.00524699999999984,0.005246999999999897,0.0010424699999994425,0.00104246999999941,0.0010424699999994568,-0.4031511130024817,9.62889508518764,0.8060873111329149,-0.002574729620890363,0.005862214303688169,-0.0031079840349455285,-23.819813327789305,15.29325065612793,15.090750560760497,988.2358642578125,-0.10762446092374003,32.07794442367203
2025-03-01T17:57:29Z,39.98722970430641,-75.38967204041978,40.74932336148099,-7.5672554594094645,-15.404475995938922,-0.6917747256222709,1.520338169289294,0.010885249449991925,0.12508825555756864,0.0009999999934500287,0.0010000000062548888,0.0009999999914630303,0.0009999999908748194,0.00099999999019956,0.0009999999828908801,0.00004797000002000343,0.00004800092125298778,0.8088166380312677,64.29105192828288,33.89904680134043,0.018581693774673887,0.00047768617017993867,0.0005921041837464516,0.007742410833729017,0.005247999999999823,0.0052479999999998405,0.005247999999999896,0.0010424799999994416,0.001042479999999409,0.0010424799999994559,-0.16686248759113664,9.682673508955837,0.7209145953742281,0.002023780961643756,-0.005612029057634743,-0.0022726350593537895,-23.754938278198242,14.396813087463379,14.255063037872315,988.2174462890625,-0.06775020447753687,31.221290370939013
2025-03-01T17:57:30Z,39.98084116855917,-75.38975083632938,40.72819192821677,-8.05620818513346,-14.587388526890924,-0.722724795603777,1.5159949993921222,0.004808342857729542,0.12349388888650253,0.0009999999933743235,0.0010000000062102758,0.000999999991654796,0.000999999990744921,0.0009999999902993654,0.000999999983204274,0.000048966168983522974,0.00004900097730787404,0.8223562885934989,67.68870612783452,35.70527821493786,0.01844771236703592,0.0004835156414705468,0.0006021697938060795,0.007750162763341055,0.005248999999999821,0.005248999999999843,0.0052489999999998935,0.001042489999999442,0.0010424899999994092,0.0010424899999994562,-0.2553969284988012,9.689492995573781,0.546118900119482,-0.0006945678165200249,-0.0007556538967646383,0.005943496343481763,-23.683313159942628,14.349563093185425,14.831250610351562,988.240615234375,-0.07051541155438676,31.412928694347233
2025-03-01T17:57:31Z,39.97380550053963,-75.38977689974985,40.75572371328004,-8.447830027781073,-13.295695699994083,-0.7139140882109954,1.513973040608994,0.008318566982191532,0.12695629963530217,0.0009999999937117632,0.0010000000063072893,0.0009999999916777535,0.0009999999909408009,0.0009999999900089027,0.0009999999832387477,0.00004996209332683909,0.00005000103686768008,0.8351170658678487,71.22469159709097,37.48550990053054,0.017599247749548134,0.0004894326664882845,0.0006111342016284321,0.0077606568777087905,0.005249999999999818,0.0052499999999998425,0.005249999999999892,0.0010424999999994425,0.0010424999999994098,0.0010424999999994568,-0.19842748292538642,9.734728420188823,0.344154860904999,0.0023121890286318296,0.004830754174963469,-0.0029177150263696725,-23.942250938415526,13.80056305885315,14.589750604629517,988.2084399414063,-0.036055036681861885,31.249713143247934
2025-03-01T17:57:32Z,39.96392374287901,-75.38969840238154,41.09159343367824,-8.629954832884565,-11.212948675086201,-0.6982100780354252,1.5041956264466783,0.010328918330489083,0.12267143832924085,0.0009999999935119909,0.0010000000061745804,0.0009999999916186423,0.0009999999908897733,0.0009999999900319307,0.0009999999836270666,0.00005095783349495829,0.00005100110014885821,0.8440632298793175,74.8764160427214,39.2451004789465,0.01626594053445133,0.0004932748239732554,0.0006215336907150693,0.007770538431312169,0.00525099999999982,0.005250999999999841,0.00525099999999989,0.0010425099999994427,0.0010425099999994102,0.0010425099999994572,-0.06783951311426367,9.723271726601968,0.2087309083062559,-0.003463821190430549,-0.0026595158703676134,-0.001152716124258226,-23.915625915527343,14.26125057220459,14.736563053131103,987.9950610351563,-0.053362488713328333,31.504023934076393
2025-03-01T17:57:33Z,39.950616081567524,-75.38949042653756,41.80640878964248,-8.704973520774807,-8.901221734758824,-0.6600642356426634,1.4920712093151731,0.014108633180383528,0.11624915580714926,0.0009999999931744744,0.0010000000062400558,0.0009999999919097133,0.0009999999910057418,0.0009999999901750018,0.000999999983775964,0.000051953433621016015,0.00005200116740565835,0.849857605856395,78.66098828152039,41.00851204126623,0.01615071065620887,0.0004966129431622256,0.0006321437267671403,0.007780704237885948,0.0052519999999998184,0.005251999999999841,0.00525199999999989,0.0010425199999994422,0.0010425199999994097,0.0010425199999994565,-0.22435626251468904,9.674084114068533,0.765527003815504,-0.0036462461372394,-0.004402316486027578,-0.0020965522577558833,-23.271563320159913,14.77162558555603,13.959375562667846,987.7036474609375,-0.07244340193659154,30.89704860578051
2025-03-01T17:57:34Z,39.938840598298526,-75.38927701920574,42.42480706505363,-8.48210320363104,-6.472659882345164,-0.5508998820400177,1.4872285296341123,0.011269810381724352,0.10971287971074188,0.0009999999928931543,0.0010000000059590204,0.0009999999921790422,0.000999999990906085,0.00099999999041476,0.0009999999840441993,0.00005294892478625384,0.000053001238923649504,0.8530456200066003,82.58655183936578,42.81795025319263,0.01526932368662208,0.0004998789404437138,0.0006426839874368475,0.0077889850720727115,0.005252999999999818,0.005252999999999842,0.005252999999999891,0.0010425299999994426,0.00104252999999941,0.0010425299999994573,-0.08873682872703095,9.785764224364081,0.5190002438624889,0.002492110337316225,-0.005520399298657095,0.00465049924065397,-21.72112575531006,14.433375577926636,12.021562986373901,987.7377294921876,0.02029218732137063,28.716627544893825
2025-03-01T17:57:35Z,39.93066081245665,-75.38913333337347,42.684877076440905,-8.133169488093552,-4.11991855560211,-0.6066118600720625,1.4804470327178194,0.006842260748847607,0.10757408579951182,0.0009999999927077178,0.0010000000060366254,0.0009999999924118108,0.000999999991083647,0.0009999999906038454,0.0009999999838675778,0.000053944324201013173,0.00005400131535337438,0.8498125857436252,86.5507235178665,44.67767849468375,0.013866171447332137,0.0005047178619860609,0.000652220287950084,0.0077970939580841725,0.005253999999999819,0.0052539999999998395,0.005253999999999892,0.0010425399999994425,0.00104253999999941,0.001042539999999457,0.07166204655881125,9.715694394741456,-0.05747060596766166,-0.002119918441813266,-0.0019366591753201545,0.006096212056976814,-11.475937986150385,4.47787517644465,16.394250667095186,987.93751953125,-0.06375660896556727,20.506532938853187
2025-03-01T17:57:36Z,39.92373658254037,-75.38901823574366,42.72156667186456,-7.652681169610145,-1.9913566384322106,-0.7075669301987628,1.461357317369895,0.021117693007052307,0.11276183592599096,0.0009999999928366151,0.0010000000062084277,0.0009999999923201246,0.0009999999907314536,0.0009999999906576485,0.0009999999836623299,0.00005493961691776495,0.00005500139758881086,0.8393159788910552,90.60496997315121,46.68071316168645,0.01347057363142717,0.0005127561062421759,0.0006600122628230545,0.007810518429434921,0.005254999999999819,0.005254999999999837,0.005254999999999894,0.001042549999999442,0.0010425499999994095,0.0010425499999994568,0.10028308495961058,9.70126817833969,-0.05870233431530211,-0.015903599199449527,0.006833589820787567,-0.011960516129656316,-29.26200137138367,33.3065638256073,19.332188247144224,988.0152587890625,-0.07815597420092318,48.36652265577121
2025-03-01T17:57:37Z,39.917546382109734,-75.3889336516829,42.538509871221976,-7.235121041778723,-0.3100496803670716,-0.8588657128896297,1.462912482603427,0.023226257874289842,0.11523879815925257,0.0009999999926667696,0.0010000000063355684,0.000999999992061952,0.0009999999906503715,0.0009999999906344433,0.0009999999836030724,0.000055934758721778706,0.000056001486350201155,0.8258567427237021,94.7370361958702,48.87528561699421,0.014262402360064456,0.0005215851873018883,0.0006682864853403862,0.007820639989240949,0.005255999999999816,0.00525599999999984,0.005255999999999895,0.0010425599999994417,0.001042559999999409,0.001042559999999456,-0.12056137828588645,9.64562461280202,0.1450419434898032,0.003591666998801465,0.0026753700441040727,-0.00019569488378014623,-12.172687981128693,35.53968914031982,26.503688564300536,988.0869360351562,-0.13283811881560145,45.97482659655535
2025-03-01T17:57:38Z,39.910612642700606,-75.38887531449033,42.358582871238305,-6.622064994453961,1.2527384782832882,-0.7979200736709097,1.47553663004741,0.015034441776679442,0.11580251684311858,0.0009999999927859664,0.0010000000064316658,0.0009999999918296524,0.0009999999907210045,0.000999999990397495,0.0009999999838546545,0.000056929694191290955,0.000057001581994945725,0.8141681430757082,99.03901779295242,51.33854727463264,0.016068252998265743,0.0005309768389524261,0.00067688865087237,0.007827778640525558,0.005256999999999817,0.005256999999999842,0.005256999999999896,0.0010425699999994415,0.001042569999999409,0.0010425699999994558,-0.06952887052553612,9.860645792345059,0.028459178638872443,0.013848520457847796,-0.0005668870131496199,0.010100714739213125,-41.18250143051147,43.73606412887573,23.79093846797943,988.0710986328126,0.0804517561847574,64.61303218938818
2025-03-01T17:57:39Z,39.90248182934288,-75.38887494196929,42.172554231139564,-5.656811077857853,2.5912073097741355,-1.0436004273811255,1.4646131584681403,0.026659045477645225,0.12089228353951345,0.0009999999929615852,0.0010000000064410116,0.0009999999914005364,0.0009999999904509666,0.0009999999902124907,0.0009999999835953004,0.00005792437400268509,0.00005800168426521158,0.8079618351217939,103.25878654802698,53.90134312568942,0.01886792373256249,0.0005421908311927984,0.0006843980762190431,0.00784038508134252,0.005257999999999816,0.005257999999999841,0.005257999999999897,0.0010425799999994414,0.0010425799999994087,0.0010425799999994557,0.03202095157117211,9.55397949917468,-0.07605486923384215,-0.011058906913458752,0.00554643425552852,-0.008819069141364419,-25.647938537597657,21.91518850326538,10.34325041115284,988.0332666015624,-0.22629306893085097,35.285570542739386
2025-03-01T17:57:40Z,39.892289692115774,-75.38899026917534,41.987799272877865,-4.323529801949004,3.2897794087965226,-1.1224683781888505,1.4606492635930166,0.03681334200627423,0.12125292947545306,0.0009999999931937667,0.0010000000063496383,0.0009999999911019998,0.000999999990184029,0.0009999999904663692,0.000999999983837838,0.00005891877476247878,0.000059001792061531895,0.8108900421952692,107.59109744340157,56.60970293826008,0.02195605811763113,0.0005514870874642441,0.0006930653611489319,0.007852326079365781,0.005258999999999817,0.00525899999999984,0.0052589999999998974,0.001042589999999441,0.0010425899999994084,0.0010425899999994552,-0.10752049133471142,9.682155059808013,0.15433407247553915,-0.005949506960008528,0.00015413389090150284,-0.007323952349788653,-21.038625774383544,14.850750579833985,12.886125555038452,987.9508471679687,-0.09672376395937864,28.79614346898754
2025-03-01T17:57:41Z,40.078836832278924,-75.37681391724809,39.81307419996111,-4.111461184563399,-16.556164855070747,-1.1749023745473304,1.505317439337777,0.02124309266826854,0.1248819945697172,0.0009999999933530492,0.0010000000064034214,0.0009999999907098112,0.0009999999901851402,0.0009999999908582174,0.0009999999840129663,3.0710116203342026e-10,3.071017274980154e-10,0.5522929125038516,0.002275400803315045,0.002275355178539426,0.01457875746227443,0.00016116963252361645,0.0001835199783491579,0.007850662637676118,0.0052599999999998195,0.005259999999999839,0.005259999999999901,0.00104259999999944,0.0010425999999994075,0.0010425999999994547,0.045326617991915084,9.66553275098322,0.08886813804932922,-0.006049815564301645,-0.002384626750148224,0.005393718060435711,-23.206688346862794,13.702313089370728,13.818563060760498,987.8278344726563,-0.11248355632304696,30.28619117289073
2025-03-01T17:57:42Z,40.07874555500787,-75.3770053420031,39.82299690348032,-3.93153137579179,-16.06012526773112,-1.2043367565782517,1.5045685676137996,0.02235607857034588,0.12330229224656555,0.000999999993314271,0.00100000000643655,0.000999999990864866,0.0009999999901341835,0.000999999991067628,0.0009999999842615947,1.000307101284108e-6,1.0003071019806238e-6,0.5925483302602754,0.020010632533925713,0.01805327767486002,0.015575156023589616,0.00017049314317641397,0.00019365759464429167,0.007860593157000278,0.005260999999999817,0.00526099999999984,0.005260999999999899,0.0010426099999994386,0.001042609999999407,0.001042609999999454,0.028511479341552695,9.662852802905991,0.15174184493035256,-0.004013599662889141,-0.00385070252364842,-0.0015395971762682831,-24.34275104522705,14.175938062667846,14.312625541687012,987.6728344726563,-0.11449746700284223,31.597069290966484
2025-03-01T17:57:43Z,40.07865420618808,-75.37719141171489,40.04290928779745,-3.685232634130944,-15.52772859602517,-1.224059844610646,1.5086314023105039,0.018470797995541632,0.12144687326373706,0.0009999999931670405,0.0010000000063569727,0.000999999990805259,0.0009999999902471641,0.000999999991018512,0.0009999999840114445,2.0003071022706083e-6,2.000307104430009e-6,0.6365010210293409,0.07243418889774006,0.06379877363675336,0.016601798831102237,0.00017931978913852286,0.00020381327509623085,0.007869406726200174,0.005261999999999815,0.005261999999999839,0.005261999999999898,0.0010426199999994377,0.001042619999999406,0.0010426199999994529,0.12001406383340207,9.647841576491626,0.05066143529480988,-0.0007922058546061578,-0.005113322891452509,0.003110819589508306,-24.45375108718872,14.685188064575195,13.794563055038452,987.5311791992187,-0.12991917603235223,31.68481404658135
2025-03-01T17:57:44Z,40.07855340880324,-75.37737479557552,40.320773671515084,-3.464692835590243,-15.331839046069772,-1.121049112744199,1.5066956552993274,0.02371356249655954,0.12126702017868143,0.0009999999933428762,0.0010000000064412406,0.0009999999908256142,0.0009999999902275058,0.0009999999909320334,0.0009999999842587922,3.0003071024592655e-6,3.0003071145131047e-6,0.681408062403271,0.16024755378637343,0.14139778005595713,0.01702373303777378,0.00018775457291786803,0.00021390974870146918,0.007880161340926659,0.005262999999999816,0.00526299999999984,0.005262999999999897,0.0010426299999994385,0.001042629999999406,0.0010426299999994532,0.05674678613432077,9.746601763401033,0.3131776105325726,-0.0075769772985822504,-0.0029038615299524133,-0.006161807407682364,-24.768188514709472,14.353875560760498,13.715063076019288,987.576572265625,-0.02686376074762344,31.742662707764875
2025-03-01T17:57:45Z,40.07842689632272,-75.37756037349388,40.895577750664664,-3.283596188896783,-15.343186696759208,-0.9931983245484934,1.5103086657187716,0.02290867871607168,0.12370590167524415,0.000999999993124059,0.0010000000062097812,0.0009999999906777526,0.000999999990124654,0.0009999999912084802,0.0009999999843395364,4.000307087702886e-6,4.0003071411873485e-6,0.7239797597998887,0.2856779130675047,0.2506589650082627,0.01709520060611912,0.0001957217130869562,0.00022391360276185818,0.007889734388277376,0.005263999999999817,0.00526399999999984,0.005263999999999896,0.0010426399999994376,0.0010426399999994053,0.0010426399999994523,-0.007393934585764303,9.743044522763675,0.4104478173620038,-0.0032957501272261585,-0.0008873404029644517,-0.0003640995297241761,-24.314813480377197,14.463750591278076,13.834500541687012,987.45328125,-0.026970421717575917,31.492863335366696
2025-03-01T17:57:46Z,40.07825456703458,-75.37775296883045,41.74923890017465,-3.1100280716682143,-15.671471026576203,-0.8434334062019873,1.521746577313506,0.028074607091238796,0.12366193891454774,0.0009999999929785849,0.001000000006209116,0.0009999999908952787,0.0009999999905436045,0.0009999999912521675,0.000999999984064927,5.000307010132001e-6,5.000307196507208e-6,0.7613545815228873,0.45110228619885323,0.3918756323532395,0.016697407156209782,0.00020328924678424777,0.00023394982311475214,0.007900617881745266,0.005264999999999814,0.005264999999999838,0.005264999999999896,0.0010426499999994375,0.001042649999999405,0.0010426499999994523,-0.04618446938688899,9.742294620507707,0.547714112949877,0.0037342018012611567,-0.0030056727176782103,-0.006854120972660697,-24.59662601470947,14.49918815612793,13.504875583648682,987.3257934570313,-0.020836140080721224,31.58478943664256
2025-03-01T17:57:47Z,40.078025221728765,-75.37795400233034,42.72784868599357,-2.950702601129127,-15.810570885697727,-0.7391726729211188,1.5287438679254146,0.024492207697979478,0.12381986313805565,0.000999999992990434,0.001000000006423929,0.0009999999909877852,0.000999999990444375,0.0009999999909165874,0.0009999999842043954,6.000306756971293e-6,6.000307296233045e-6,0.7925363577581486,0.6585547897717765,0.5639325031853765,0.016659398885209047,0.00021050260232810934,0.00024392088317973733,0.007909822263920546,0.005265999999999812,0.005265999999999836,0.005265999999999898,0.0010426599999994379,0.0010426599999994054,0.0010426599999994526,-0.01352244057518196,9.718366399440914,0.18659729627188554,-0.0007963782382938981,-0.002852956657465556,0.0016572617070882707,-23.79393838882446,14.66606303215027,13.797750549316406,987.2696362304688,-0.05844220810458384,31.170814264939644
2025-03-01T17:57:48Z,40.07772293760691,-75.37816327989327,43.83565260585244,-2.823164446529662,-15.903978632789757,-0.5822798937148691,1.532568896250174,0.02247374337613487,0.12739663212840982,0.0009999999927062053,0.0010000000063254996,0.0009999999909074265,0.0009999999905152407,0.0009999999908476462,0.0009999999838420262,7.0003061149239085e-6,7.0003074580040584e-6,0.8183898656768549,0.9111311063404426,0.7682290161700676,0.016756653348502758,0.0002176340218523355,0.00025371226354878096,0.007919551916603873,0.005266999999999811,0.005266999999999835,0.005266999999999899,0.0010426699999994378,0.0010426699999994053,0.0010426699999994521,0.02233982594890054,9.779368320271056,0.010611074981604624,-0.0040868699581736116,0.0011054806587751625,-0.000033631911435116836,-22.9496258354187,14.401500558853149,13.900313119888306,987.184423828125,0.0008004487485943927,30.451669166864544
2025-03-01T17:57:49Z,40.07737367316479,-75.3783774296835,44.81573081928451,-2.6859952390339568,-15.999211202112608,-0.5042917412591555,1.5398940653383266,0.022400279766897537,0.12956363500991566,0.0009999999926927235,0.0010000000063617703,0.0009999999910386289,0.0009999999906209567,0.000999999990559923,0.0009999999840770006,8.000304733296683e-6,8.000307702387192e-6,0.8394319703160652,1.2078794014501129,1.0025930149192204,0.016812839036281214,0.00022459169796744204,0.00026344175438687876,0.007929744175073515,0.005267999999999808,0.005267999999999838,0.005267999999999897,0.0010426799999994371,0.0010426799999994048,0.0010426799999994519,0.0595782902251603,9.729134153359764,-0.03788934916342011,0.0005271619289966085,0.0004966185693960606,-0.0019875646262123795,-23.06231325149536,14.424188117980957,14.686500539779663,987.254033203125,-0.049198517467937394,30.913066048084087
2025-03-01T17:57:50Z,40.07688234874371,-75.37860646871609,46.100853210884665,-2.6642574423801904,-16.250639224005205,-0.4033044781051242,1.54633340100478,0.017404419020358046,0.1325247084791939,0.0009999999924269855,0.001000000006033218,0.0009999999914893502,0.0009999999905956631,0.0009999999905127535,0.0009999999841772622,9.00030209038432e-6,9.000308051269247e-6,0.8560255164714734,1.5516373460174027,1.2660773965444787,0.016803213802978504,0.0002314069278093029,0.00027304040104620124,0.00793915273725397,0.005268999999999805,0.005268999999999838,0.005268999999999894,0.0010426899999994368,0.0010426899999994043,0.0010426899999994512,0.016142024753502484,9.728530725316423,-0.1049504920974167,-0.0013429852068895794,0.0013758636204912603,0.002359756286178592,-23.727750797271728,15.323250608444214,14.428500633239747,986.99580078125,-0.04945184955337765,31.717291418833966
2025-03-01T17:57:51Z,40.07595204205817,-75.37888296195187,48.5927442547458,-2.7633648870984744,-17.331451843298765,-0.16207506615529338,1.5553384360869804,0.012565173002030333,0.13396157655487634,0.0009999999923417677,0.0010000000061726132,0.0009999999917078499,0.0009999999907293886,0.0009999999905779668,0.0009999999843383572,0.000010000297462163463,0.00001000030852909136,0.8677615706021158,1.9444966843000935,1.561417110565939,0.016309963566251726,0.00023812462642632302,0.0002825972047101687,0.007949040509305746,0.005269999999999803,0.005269999999999835,0.005269999999999892,0.0010426999999994374,0.0010426999999994047,0.001042699999999452,0.04290829560560933,9.754059369399076,0.14795321083485297,-0.0033111051708169612,-0.00022623800057589526,0.00010973787456164245,-24.16350088119507,15.217313175201417,14.473500595092773,986.1107250976562,-0.023171406466132843,32.01437742244337
2025-03-01T17:57:52Z,40.07558311770871,-75.3791151855911,49.16552999493412,-2.221476916204776,-18.001759669820398,-0.12859781784571692,1.5570494617091757,0.012712809882882535,0.11377186048354818,0.000999999992041729,0.0010000000063571871,0.0009999999919386867,0.0009999999908671992,0.000999999990445954,0.0009999999838734574,0.00001100028988466634,0.000011000309164892678,0.8734411958044396,2.392028826105063,1.9006951867205282,0.015610996202095759,0.00024418604591064234,0.0002928214744180646,0.00795912691944855,0.005270999999999803,0.005270999999999836,0.005270999999999893,0.0010427099999994365,0.001042709999999404,0.0010427099999994508,0.46388556086541116,9.764986601505464,0.5716822227943412,-0.0010926312195471573,-0.020384942572019945,-0.0017861126496592405,-25.31681356430054,15.044625568389893,15.290063123703003,987.2597314453125,0.014324364774632675,33.18229145761208
2025-03-01T17:57:53Z,40.07523255179184,-75.379351067427,49.52636207660109,-1.7489572977702452,-18.46024011525614,-0.23006051911556402,1.5598030196644344,0.015278366173314753,0.0934680123028951,0.0009999999922402614,0.001000000006474126,0.0009999999922821968,0.000999999990692142,0.0009999999906182243,0.0009999999837058378,0.000012000278106929145,0.00001200030999309161,0.8740516638057894,2.888738676878218,2.272137534402287,0.01537053138559258,0.0002505426105930195,0.0003028938632275705,0.007969591198216372,0.0052719999999998,0.005271999999999833,0.0052719999999998905,0.001042719999999437,0.0010427199999994046,0.0010427199999994516,0.4066428336216725,9.653176383715667,0.38624500369934034,0.0008631377773165576,-0.020181154105561788,-0.003952512888564668,-22.36368829727173,14.12531307220459,15.017813053131103,987.3218505859375,-0.10887191605457458,30.41694662579195
2025-03-01T17:57:54Z,40.074711263410045,-75.3796061421512,50.02891015615791,-1.6576933525603685,-19.245161756794847,-0.23043011495966323,1.5537083957278617,0.023127941382066343,0.09047833765535332,0.000999999992344107,0.0010000000062855656,0.0009999999924269307,0.0009999999908507525,0.0009999999906329495,0.000999999983894731,0.00001300026055103774,0.000013000311053957618,0.8708973312875911,3.4514703281240813,2.675815554928192,0.014799913720645388,0.000258108455864481,0.0003120316497212419,0.0079811744426951,0.005272999999999801,0.005272999999999833,0.0052729999999998915,0.001042729999999436,0.0010427299999994052,0.0010427299999994522,0.029309086735359036,9.729134129517757,0.5986812359041412,-0.008778345248667293,-0.0023642638381661148,-0.009664098470960836,-22.12800079345703,12.132187967300416,15.252563095092773,987.1492065429687,-0.030663104090213493,29.486879946247466
2025-03-01T17:57:55Z,40.07391342931899,-75.37988996963657,50.76818344617294,-2.2455700194069848,-20.531061829747784,-0.27351934718391757,1.555672778638732,0.034227439354275684,0.103930141288776,0.0009999999922222264,0.0010000000063519134,0.0009999999921035928,0.0009999999908105771,0.0009999999904825405,0.0009999999839751044,0.00001400023524074655,0.00001400031239414524,0.862824827356861,4.088755093917696,3.0988975751665264,0.01368419023727422,0.0002671718040055923,0.0003201791876518772,0.007993813622202691,0.005273999999999799,0.005273999999999832,0.005273999999999888,0.0010427399999994365,0.0010427399999994049,0.001042739999999452,-0.6668715512832314,9.641094580847286,0.9524025313255732,-0.0016734535243230972,0.014774831925648959,-0.013562784796781174,-21.126750717163088,10.073812899589539,14.127375564575196,986.9060961914063,-0.06716156472347304,27.338640508281237
2025-03-01T17:57:56Z,40.072998773405246,-75.38018820304372,51.46304091833891,-2.786827442385234,-21.39858118237228,-0.249038489560295,1.5595021888572427,0.024865561038056812,0.11244425765724997,0.0009999999919401632,0.0010000000060977213,0.0009999999925383437,0.0009999999906957584,0.000999999990478414,0.0009999999842519394,0.00001500019973531417,0.000015000314070284598,0.8510989347856268,4.780199342957553,3.5797791396222145,0.013191222676123222,0.00027638736925207977,0.000328389695212759,0.00800225462664049,0.005274999999999801,0.005274999999999833,0.00527499999999989,0.001042749999999437,0.0010427499999994053,0.001042749999999452,-0.5663442326234486,9.726063353850053,0.5600770304766286,0.0010260346679641633,0.009822487932756507,0.006747801785704925,-22.7311883354187,10.712437982559203,14.473313093185425,986.8365112304688,-0.019394014828568094,28.998915431378688
2025-03-01T17:57:57Z,40.07236265148067,-75.3804741983402,51.69899241928386,-3.1583310319000493,-22.28656030200043,-0.3195368787709556,1.5606511769047564,0.01799085699650988,0.11483208290833032,0.0009999999920032676,0.0010000000060926013,0.0009999999927942,0.0009999999906188791,0.0009999999905510528,0.0009999999839982246,0.00001600015107391627,0.0000160003161521833,0.8382064361816988,5.55097974348828,4.114620769897396,0.013152130423086168,0.0002858661601820447,0.000336946656984067,0.008010661420918571,0.005275999999999802,0.005275999999999834,0.005275999999999891,0.0010427599999994375,0.0010427599999994056,0.001042759999999453,-0.4709739012481262,9.67498638377596,0.7761966410112052,0.00009905605734053156,0.003218471960046614,0.0054140801627192035,-23.416313304901124,9.870187873840331,14.243063106536866,987.0642358398437,-0.06043278811746388,29.130846612476066
2025-03-01T17:57:58Z,40.072055674108114,-75.38074814428292,51.481467821943006,-3.274739487186641,-22.824205664579328,-0.43571543026257153,1.5633863387858333,0.022224752910153196,0.11828025534009849,0.00099999999223578,0.0010000000059426372,0.0009999999930284766,0.0009999999905996424,0.0009999999905633812,0.0009999999836730156,0.000017000085752746775,0.000017000318721071087,0.82604923629742,6.375047340746652,4.710446991255759,0.01339739045979919,0.00029588692602074395,0.0003455797743433889,0.00802101877831259,0.005276999999999802,0.005276999999999835,0.005276999999999891,0.001042769999999438,0.0010427699999994062,0.0010427699999994533,-0.30907591809401935,9.667917735411592,0.5710042470914658,0.0025226538948772835,0.0037647455083787353,-0.00464482606431847,-23.19000076293945,10.48837540626526,14.429063100814819,987.3075,-0.08817320128844995,29.25708535451097
2025-03-01T17:57:59Z,40.071786464273295,-75.38102517143984,51.11756198251719,-3.4672531727568967,-23.35561588006586,-0.5081807817200269,1.5623382182015821,0.024455172598022754,0.1250143194209143,0.0009999999921065112,0.001000000005844254,0.0009999999928141014,0.0009999999909114,0.0009999999907356102,0.0009999999835466624,0.00001799999979227301,0.000018000321867613576,0.8161623374114162,7.275454802613798,5.368150128772647,0.013799084597728958,0.0003062705207318567,0.00035418373580590047,0.00803090549693381,0.005277999999999799,0.005277999999999832,0.005277999999999893,0.0010427799999994385,0.001042779999999406,0.0010427799999994532,-0.44064127630460687,9.713341529204465,0.5713631788114883,-0.001193440565209003,0.006941242251862599,-0.0024558944508416523,-23.15531328201294,11.182500381469726,13.873125581741332,987.3816064453125,-0.037709944296047,29.217759886810537
2025-03-01T17:58:00Z,40.071650944532955,-75.38130446592176,50.58189529538092,-3.484591463061634,-24.170205735419305,-0.5764767643847439,1.5556729370055011,0.025740374674398738,0.1257347694828967,0.0009999999918763618,0.001000000005774333,0.000999999992856679,0.000999999990867279,0.0009999999909735334,0.0009999999835449585,0.00001899988878144455,0.000019000325696101295,0.8094171595096127,8.288177489205706,6.090361284979759,0.01495335031839515,0.0003162775105851632,0.000363308783693947,0.008040378660049525,0.005278999999999799,0.005278999999999831,0.005278999999999896,0.0010427899999994397,0.0010427899999994052,0.0010427899999994523,-0.3656897036564367,9.7219406090975,0.928317396034451,-0.006620457185695112,0.0007049134695188938,-0.0012854041238557332,-22.938188228607178,11.560687894821166,13.61681303024292,987.5083447265625,-0.004723795039544339,29.072747153912225
2025-03-01T17:58:01Z,40.07117045241167,-75.38160038591153,50.13162895488021,-3.6098262048650636,-24.862447143051664,-0.7174475619128502,1.5523783893604504,0.02324126537755407,0.1251406203441382,0.0009999999919675718,0.0010000000056032644,0.0009999999928973044,0.0009999999908267816,0.0009999999911718383,0.00099999998329806,0.000019999748143618836,0.000020000330314375568,0.8072046215789606,9.362102961842334,6.862000605635246,0.016206391210584464,0.00032587851368716137,0.00037265739622800313,0.008049039336266852,0.0052799999999998,0.005279999999999833,0.005279999999999893,0.00104279999999944,0.001042799999999405,0.0010427999999994518,-0.3693750455574542,9.629034367237674,0.8675547421757784,-0.0029242239869452487,-0.0001956947019164481,0.002074686202998396,-23.09925079345703,11.06025040626526,13.37625057220459,987.4398388671875,-0.10256589860781908,28.893349927603104
2025-03-01T17:58:02Z,40.07033145394862,-75.38190589451419,49.73826075060257,-3.7594626445827295,-25.49040819482665,-0.7789135524129546,1.5542829207568847,0.022099389200611337,0.12153648951663458,0.0009999999922137947,0.0010000000053206931,0.0009999999928232742,0.0009999999910410078,0.0009999999908235479,0.0009999999832558427,0.000020999573607608426,0.000021000335828817665,0.8104411404781855,10.529374826214184,7.687916632125443,0.017713012715406144,0.0003347179339414546,0.0003823054346251837,0.00805794299143023,0.005280999999999802,0.005280999999999835,0.0052809999999998926,0.0010428099999994405,0.001042809999999404,0.0010428099999994513,-0.309360314950498,9.693383589942206,0.8964261731591078,0.002963110435644575,-0.002759991800262089,0.00042702013855628186,-23.209313373565674,10.732312879562379,14.273813066482544,987.3855981445313,-0.03793262840744815,29.28469790069993
2025-03-01T17:58:03Z,40.069151031464166,-75.38221219727062,49.39715422075845,-3.9302567555276378,-25.800150990506864,-0.8641294639718677,1.5501462739539835,0.021601134445797674,0.12048104998845988,0.000999999992032095,0.0010000000051256794,0.0009999999926219455,0.0009999999907714598,0.0009999999905988032,0.0009999999834914195,0.00002199936176209546,0.000022000342333506245,0.8192486366849059,11.746609744012577,8.54630514408707,0.018825711545410354,0.00034272647002366133,0.0003919346105909791,0.008066968579728384,0.0052819999999998,0.005281999999999833,0.0052819999999998936,0.0010428199999994408,0.0010428199999994046,0.0010428199999994517,-0.24554647361220755,9.65930356088742,0.7237062144251906,-0.002303178192043687,0.0001504618892009756,-0.0002669623973199811,-23.095313358306885,11.282062931060791,13.818938045501708,987.3488720703125,-0.08807172006198993,29.182846448677505
2025-03-01T17:58:04Z,40.06769426260466,-75.38251159729573,49.06534920789942,-4.198833170743871,-26.11873850472727,-0.928987710415389,1.5452947923864964,0.018125916865290453,0.11854957019872284,0.0009999999918215035,0.0010000000053003416,0.0009999999922526291,0.0009999999908006387,0.0009999999909301386,0.000999999984076394,0.000022999110544548807,0.000023000349901818304,0.83316660905923,13.080392366214868,9.42284013243595,0.020417509622845335,0.0003493403045561192,0.0004017131132346029,0.008075319153472383,0.005282999999999801,0.005282999999999834,0.005282999999999891,0.0010428299999994406,0.0010428299999994044,0.0010428299999994512,-0.31410084481547695,9.660260716115276,0.9247830798699727,-0.0021300994963552927,-0.0005622136785913869,0.0027262751536685477,-22.72293840408325,11.121187934875488,13.716938104629516,987.3409350585938,-0.06802092952056263,28.777842483326342
2025-03-01T17:58:05Z,40.06612527831118,-75.3828002575479,48.76009968146272,-4.405181740503706,-26.32196043819438,-0.8423585918023021,1.5462348945728028,0.018319559642844038,0.11461625211971428,0.0009999999916948618,0.0010000000050191225,0.0009999999920850607,0.0009999999905174113,0.0009999999907524355,0.0009999999842257132,0.000023998819820860927,0.00002400035858032248,0.8521526042260469,14.529910656172731,10.312153264266481,0.0220983629167314,0.00035426804774787047,0.00041167884917541733,0.008084334933954166,0.005283999999999804,0.005283999999999835,0.005283999999999892,0.0010428399999994399,0.0010428399999994036,0.0010428399999994507,-0.2434203893851355,9.806199321804062,0.9721727404459981,0.00430500988418789,-0.0024495520559512005,-0.0008447802669839203,-23.625750885009765,11.197875337600708,13.34381308555603,987.3757641601562,0.07977061642835391,29.353413471331056
2025-03-01T17:58:06Z,40.064646497051186,-75.3830788535743,48.388836948987056,-4.560113638302122,-26.373975081469116,-0.9493921483301032,1.5362400712116608,0.024570164024002517,0.1113778594928196,0.000999999991523684,0.0010000000050345537,0.0009999999920883322,0.0009999999903199171,0.000999999990883428,0.0009999999842339863,0.00002499849180919485,0.000025000368375102762,0.8751514229638768,16.0265611150537,11.154898890301506,0.023356327011768478,0.0003574480232798602,0.00042168120314117503,0.00809444764309714,0.0052849999999998055,0.005284999999999832,0.005284999999999895,0.001042849999999439,0.0010428499999994027,0.0010428499999994498,-0.2404417855184672,9.614318441385972,0.9181629396209791,-0.006528326206671211,-0.0017330376950438835,-0.006701404295046794,-23.554875888824462,11.483062896728516,14.145750541687011,987.4625561523437,-0.11644810817670587,29.779055468825206
2025-03-01T17:58:07Z,40.062897393005464,-75.3833349204279,47.98470463790672,-4.921581314103204,-26.10223319440052,-1.0942460791685986,1.5349025311487972,0.02302528645521942,0.1102370971037208,0.0009999999916126738,0.0010000000050385714,0.0009999999919775326,0.0009999999902809823,0.0009999999907888575,0.00099999998429385,0.00002599813073916738,0.00002600037925119186,0.8997643588647595,17.583280894572944,11.941295862363175,0.024010645577794067,0.00035871934865400374,0.00043163341300742986,0.008103055670998114,0.005285999999999802,0.0052859999999998325,0.0052859999999998976,0.0010428599999994397,0.0010428599999994037,0.0010428599999994506,-0.4391611287951838,9.558326531452083,0.8391161129436502,0.003063252705195596,0.0003143606899538131,0.00125819688775326,-23.61656324386597,11.327437925338746,13.258313064575196,987.466953125,-0.17239692114136315,29.356988814454187
2025-03-01T17:58:08Z,40.0610916446894,-75.38357104678472,47.547396321914874,-5.242359379497696,-25.976682158066218,-1.0465957601341036,1.5246043510555858,0.02248487028537769,0.11316143203707855,0.000999999991867785,0.0010000000048839392,0.000999999991725467,0.0009999999906230292,0.0009999999904784509,0.0009999999844755114,0.000026997742763501254,0.000027000391148275894,0.925340001795126,19.332934164281582,12.682212167543561,0.02558191369238282,0.0003583374250447642,0.00044144639615729747,0.008111946561594504,0.005286999999999801,0.005286999999999834,0.0052869999999998986,0.0010428699999994401,0.0010428699999994048,0.001042869999999451,-0.44614476881920745,9.730928761795091,1.1716824994589643,-0.005571304372300032,0.004334885806946128,0.0006187918301533734,-22.984875793457032,8.125125256180763,13.241438055038453,987.5210546875,0.033820222489000275,27.742657389296337
2025-03-01T17:58:09Z,40.05859142505018,-75.38374933158069,47.39686608464755,-5.465568029446191,-25.025244634884956,-1.0547732458074752,1.5158332565545138,0.024062999910613884,0.1105183278479562,0.0009999999917597255,0.0010000000050063701,0.0009999999919591406,0.00099999999096621,0.0009999999903269378,0.0009999999842361,0.000027997335414440146,0.000028000403985726734,0.9506007738002231,21.090073388042658,13.332369589933426,0.025695080834902847,0.0003560976365270904,0.0004514839562560241,0.008121218795861388,0.005287999999999798,0.005287999999999837,0.005287999999999901,0.0010428799999994405,0.0010428799999994054,0.0010428799999994513,-0.2810001303894459,9.647937638595783,0.9563284590078686,-0.0016133684361494729,-0.0006770427695617545,-0.001485687323619554,-23.978625888824464,11.435625429153442,12.82125054359436,987.4076147460937,-0.07835247310491424,29.49795751084257
2025-03-01T17:58:10Z,40.05566053521567,-75.38386635594495,47.380986032004145,-5.6181392961342,-23.54533615929417,-1.1238078099805038,1.5145995227478357,0.024496418447545826,0.09658475121597579,0.000999999991818523,0.0010000000049543562,0.0009999999923169154,0.0009999999906532557,0.000999999990513064,0.0009999999839061867,0.00002899691541518303,0.000029000417699258127,0.9718572868491314,22.890942561220236,13.891695640275925,0.025064238815156896,0.0003521463694138439,0.00046198888559645986,0.008130208729357984,0.005288999999999795,0.005288999999999836,0.005288999999999901,0.0010428899999994409,0.0010428899999994049,0.0010428899999994517,-0.20466450399481426,9.570172894019452,0.8639073234099203,0.00774554764141012,-0.011832668774944691,-0.0007556537120551531,-24.3256884765625,11.97206298828125,13.224563064575195,987.3328247070312,-0.16653059390627523,30.165467275022312
2025-03-01T17:58:11Z,40.05301776164955,-75.38396411675208,47.21168732943396,-5.8527117716242945,-22.29491824779381,-1.1582864158424355,1.5072600402410334,0.02514997080457414,0.0979752555415111,0.0009999999917281875,0.0010000000048656864,0.0009999999921582055,0.000999999990283622,0.000999999990723258,0.0009999999839822578,0.000029996488311918094,0.00003000043224566743,0.9884765379098426,24.834448532970256,14.380269631058251,0.024856737343370038,0.00034810898686487874,0.0004718144155218178,0.008139522023912191,0.0052899999999997975,0.005289999999999837,0.005289999999999903,0.0010428999999994412,0.001042899999999405,0.001042899999999452,-0.36578581002405713,9.603032389317963,1.0299476333436708,0.0005169807085326564,0.003092793928215838,-0.00002261635231418698,-25.86075105667114,11.353500480651855,12.018000526428223,987.4159814453125,-0.1128965305541637,30.69380453875042
2025-03-01T17:58:12Z,40.050591833587156,-75.38404509180648,46.96798685487276,-6.07556422926284,-21.253533154002447,-1.1236625843122987,1.5026534703540098,0.02191301246657175,0.09446941524762115,0.0009999999919934307,0.00100000000480638,0.0009999999918175618,0.0009999999905537012,0.000999999990527232,0.0009999999839821051,0.00003099605935632035,0.00003100044757542639,1.0020598928482232,26.935321974216475,14.808138527501377,0.025073864937604138,0.00034333973004918757,0.0004818258815424507,0.008148275789985305,0.005290999999999795,0.00529099999999984,0.005290999999999904,0.0010429099999994405,0.0010429099999994043,0.0010429099999994516,-0.4101726745411358,9.66533673182767,1.224203640583622,0.0027728410433490117,-0.0023794530430013136,0.0036716131507401255,-25.450126113891603,11.80762544631958,12.556688022613525,987.490068359375,-0.026849790862687597,30.737537794280158
2025-03-01T17:58:13Z,40.0483575903325,-75.38411189015211,46.686647245302964,-6.153758958769036,-20.042542727529653,-1.1030751123342988,1.4968974617479873,0.016839834632908116,0.0911008678684667,0.000999999992186537,0.0010000000047756179,0.0009999999914367913,0.0009999999906229505,0.0009999999907781031,0.0009999999838292526,0.000031995632115547935,0.000032000463667950075,1.011929083485527,29.059815103186896,15.176811670937498,0.024225962526288742,0.00033842468882970116,0.000491795016706441,0.008156931999427434,0.005291999999999796,0.005291999999999839,0.005291999999999902,0.0010429199999994396,0.0010429199999994034,0.0010429199999994504,-0.24750061562788023,9.67461761537707,1.0349725646135577,0.0010362162926051597,-0.0027002401410093045,0.005566796464429469,-24.116813468933106,12.341438026428223,12.780375566482544,987.5611450195313,-0.04519712947837157,29.954411050104717
2025-03-01T17:58:14Z,40.04627064267317,-75.38416500314166,46.34885831652347,-6.243498262265629,-18.94712156579005,-1.1316020145668289,1.4854361979218913,0.00879653557904396,0.0905515606357898,0.0009999999923229698,0.0010000000047450715,0.0009999999914258146,0.000999999990918434,0.0009999999908000682,0.000999999983655601,0.00003299520755147715,0.000033000480545574174,1.0171390199572496,31.289222105451003,15.49684874313835,0.023538856542040878,0.00033386058867130913,0.0005015791551923099,0.008165387535132808,0.005292999999999798,0.005292999999999839,0.005292999999999904,0.001042929999999439,0.001042929999999403,0.00104292999999945,-0.2382032564635439,9.621834330694707,1.152340514269289,-0.005228486080645472,-0.00044671673816219825,0.008778843445415668,-24.25781354904175,13.008563089370728,13.127250566482545,987.6294897460938,-0.08476029000713721,30.49566922752046
2025-03-01T17:58:15Z,40.04433775295577,-75.38420947177077,45.918490726135985,-6.387372908767933,-17.64938015273351,-1.166318668251231,1.4806617855848854,0.014326081138932047,0.09890284496193756,0.0009999999924315552,0.0010000000046293765,0.0009999999915121568,0.0009999999906459677,0.000999999990708821,0.0009999999834930245,0.00003399478328702229,0.00003400049828779143,1.0169008085481872,33.51341610154977,15.795093598478227,0.021921391015704395,0.0003305185483970218,0.0005107722545598211,0.00817582041636465,0.0052939999999997945,0.005293999999999838,0.0052939999999999,0.0010429399999994395,0.0010429399999994033,0.0010429399999994503,-0.29192735330737835,9.642872880930923,0.9146534671869189,0.0007409644122247144,0.009303252473369944,-0.003901607752964211,-24.64968870162964,12.170062961578369,12.882938070297241,987.71056640625,-0.08786510648890652,30.359258804939024
2025-03-01T17:58:16Z,40.0419625170062,-75.38419031518552,45.61609708906192,-6.193157607562286,-15.15401854660539,-1.1849089412352651,1.47920718992631,0.01395009119707858,0.10014642002888995,0.0009999999924268966,0.0010000000045349987,0.0009999999917447275,0.0009999999904911222,0.0009999999904105137,0.0009999999833580188,0.000034994346116822354,0.000035000517189906106,1.0053843939625389,35.52128159272921,16.118502785240192,0.01803297339009477,0.0003281216010785678,0.0005202640687556674,0.008185447972900337,0.0052949999999997955,0.005294999999999836,0.005294999999999901,0.0010429499999994392,0.0010429499999994028,0.0010429499999994498,0.060415781957525665,9.72969248199,0.06073482117082963,0.005037380291810708,0.0016368993572903018,0.001687805127561314,-24.858751087188722,10.035750408172607,12.844688053131103,987.6668310546875,-0.048613438412736736,29.726365127551844
2025-03-01T17:58:17Z,40.03820480547439,-75.38403091720109,45.79633798990878,-6.017529904616556,-12.030849513158225,-1.0993396194599543,1.4536988156173387,0.02217475115254503,0.10670200674015824,0.0009999999924897745,0.0010000000044095153,0.0009999999914894644,0.0009999999904964287,0.000999999990615008,0.000999999983247292,0.00003599387359232392,0.000036000537665517666,0.9822496105066849,37.70227059098634,16.52216370826956,0.015720906076547858,0.0003282274003845822,0.0005293218298141934,0.00819624923705532,0.0052959999999997965,0.00529599999999984,0.005295999999999898,0.00104295999999944,0.0010429599999994036,0.0010429599999994509,-0.11259968070050694,9.775720312770623,0.3514510009510581,-0.01643434980504314,0.00778493684982323,-0.005551443399738995,-24.499876041412353,11.489625368118286,12.674625539779663,987.407939453125,0.003665858237144311,29.88140750929487
2025-03-01T17:58:18Z,40.0339886776349,-75.38383597366926,46.12259395194494,-5.789212077243573,-8.620241529586192,-0.9665429181786409,1.437162779892429,0.02400297434593275,0.11813908745797622,0.0009999999923143345,0.0010000000041904278,0.0009999999912127697,0.0009999999904136347,0.0009999999906086133,0.0009999999833431874,0.00003699333761785206,0.000037000560118109004,0.9518771387016334,39.88871725946783,17.044363504487347,0.013961240007594064,0.00033102674399562596,0.0005379148311409234,0.008206251769982176,0.005296999999999796,0.005296999999999837,0.0052969999999999,0.0010429699999994404,0.0010429699999994022,0.0010429699999994512,-0.14181761159493522,9.860500151947697,0.24143281830642818,-0.00821838556754305,0.01167544434587662,0.001769253716560148,-24.52200117111206,11.553937959671021,12.525563068389893,987.3267041015625,0.08508758003511976,29.861492279606193
2025-03-01T17:58:19Z,40.03000440176713,-75.38367613197478,46.24481470953168,-5.53620191498587,-5.418877490546357,-1.0619613602054794,1.4294653055814388,0.025301994962300484,0.12565666768376785,0.0009999999924985787,0.0010000000041058825,0.0009999999913114911,0.0009999999905547258,0.0009999999906107587,0.000999999983437521,0.00003799269712460587,0.000038000584988587324,0.9161225720173076,42.018762225015294,17.693505400660836,0.01337722510997801,0.00033609010328629276,0.000546740265270128,0.008216186362875562,0.005297999999999795,0.005297999999999836,0.005297999999999901,0.0010429799999994395,0.0010429799999994026,0.0010429799999994503,-0.1049112634177671,9.705583163773145,0.007943663521861382,-0.0016834679079033594,0.007384369333604735,0.0016387357143989294,-24.659626140594483,11.61337540626526,12.132562971115112,987.4025341796874,-0.07358387204108645,29.83561133773369
2025-03-01T17:58:20Z,40.02568562813969,-75.38353112717355,46.22276774344281,-5.220996615946238,-2.787497169715743,-1.1175282961234498,1.4187575755134414,0.033637781428772204,0.13511885127878512,0.000999999992495817,0.0010000000039292528,0.0009999999913712177,0.00099999999061101,0.0009999999904914702,0.0009999999832382876,0.00003899190163904297,0.00003900061263546186,0.8803446787171275,44.343420374268035,18.524324200273945,0.014021815465799737,0.0003438420849305786,0.0005553514726578737,0.00822726042607545,0.005298999999999796,0.005298999999999837,0.005298999999999902,0.001042989999999439,0.001042989999999403,0.00104298999999945,-0.17220645830899362,9.715893784201013,0.35876088408007833,-0.006355248054318643,0.010036290515212617,-0.005031707359465778,-25.16137613296509,11.61787546157837,12.600563049316406,987.414580078125,-0.05598706586078405,30.44406307606771
2025-03-01T17:58:21Z,40.020273922119735,-75.38339394836983,46.22669046444085,-4.8673449685909045,-0.3303899112945856,-1.1836982265754807,1.4159969945372781,0.03617245876798742,0.14598526549489454,0.000999999992518976,0.0010000000040606763,0.0009999999914094423,0.0009999999906264018,0.000999999990133022,0.0009999999835836673,0.00003999089619692399,0.000040000643271644485,0.8501867548298221,46.7636179306064,19.53505743863089,0.015644759403678314,0.000353474125384235,0.000563794840681409,0.008237409516065003,0.005299999999999795,0.005299999999999837,0.005299999999999901,0.001042999999999438,0.0010429999999994025,0.0010429999999994484,-0.30429026924471914,9.69304238064691,0.4149922179231405,0.00027931096056632836,0.010148282264699639,0.0011780833686551291,-25.338750972747803,11.099062895774841,13.110375566482544,987.3357836914063,-0.07360721550745813,30.612421284000977
2025-03-01T17:58:22Z,40.013628959191465,-75.38329452643043,46.24576818674017,-4.253135649953944,1.5475527818836439,-1.2430302424096404,1.4185497280994652,0.043927676555438305,0.1522821658771564,0.0009999999924293211,0.001000000004515306,0.0009999999916305584,0.000999999990698023,0.0009999999899850112,0.0009999999836096056,0.00004098962577120081,0.00004100067694193084,0.829264735675744,49.353175189893285,20.716390682333458,0.017287017498041124,0.00036386859535934716,0.0005727041262590887,0.008248269348179404,0.005300999999999797,0.005300999999999834,0.005300999999999904,0.001043009999999438,0.001043009999999402,0.001043009999999449,-0.27958731814018906,9.64650790204752,0.6991163689505533,0.004009091409167958,0.005923134292854997,-0.004543015729595386,-24.562688522338867,11.779125490188598,11.67825041770935,987.263076171875,-0.10466040949473274,29.638690727125432
2025-03-01T17:58:23Z,40.00700785345774,-75.38326442907761,46.10590892429511,-3.7714603576643366,2.921337363866436,-1.2107970864481912,1.4151107963785645,0.04543435853678557,0.16850812884271413,0.0009999999922201983,0.0010000000046918945,0.0009999999914690734,0.0009999999907376786,0.0009999999901681008,0.0009999999836629104,0.00004198804174712591,0.00004200071352305235,0.8194047796507092,52.048323216663704,22.056182122068726,0.019571632533796013,0.00037537288658914163,0.0005805635536454115,0.008258229351519143,0.005301999999999796,0.005301999999999834,0.005301999999999901,0.0010430199999994381,0.0010430199999994028,0.0010430199999994496,-0.4900131865241916,9.744089276627157,0.6485317061204959,-0.004502291346290526,0.014515965324519358,0.002878991419231241,-23.918625946044923,11.89481294631958,11.84962540626526,987.3571655273438,-0.0027294870493230513,29.22324241543011
2025-03-01T17:58:24Z,39.99775290536737,-75.3833328010767,46.239033722646404,-2.818066373897142,4.166686618402004,-1.2726303378513124,1.412851866326476,0.049048144701755926,0.18136084509104564,0.000999999992568555,0.0010000000049544841,0.0009999999912083926,0.000999999990570611,0.0009999999900560882,0.000999999983402207,0.00004298609735463829,0.00004300075267430598,0.8216104128570187,54.69709198587105,23.478825567132887,0.023271972810218724,0.00038578293333232683,0.0005888336474345419,0.008268212990762268,0.005302999999999797,0.005302999999999835,0.005302999999999902,0.001043029999999437,0.0010430299999994038,0.0010430299999994498,-0.30708516534180363,9.66941619097131,0.3440371777632497,-0.005839350933443168,0.01051880666811442,0.000717431267617339,-24.580313453674318,11.341312856674195,10.988437929153442,987.15986328125,-0.10039587086716967,29.215748985546032
2025-03-01T17:58:25Z,39.99038872988028,-75.38345504383875,45.99083389211375,-2.059713586680706,4.368791193674293,-1.2603863093711634,1.412633349471315,0.05278509900805655,0.19505524950567946,0.000999999992377477,0.0010000000052774588,0.000999999991121539,0.0009999999908356628,0.0009999999899773363,0.0009999999832289743,0.00004398377151100816,0.0000440007937875092,0.8363003079101523,57.59693625413922,24.955551789533796,0.025215863983288126,0.0003946077297965899,0.0005969849889062618,0.008278223360952972,0.005303999999999794,0.005303999999999834,0.0053039999999999,0.0010430399999994365,0.001043039999999404,0.0010430399999994502,-0.4743401967759125,9.676093219752126,0.89232044547682,-0.00492989653776774,0.011716168664095156,7.92671350924182e-6,-24.999938583374025,11.219437923431396,10.467187900543212,987.4234228515625,-0.052103704627388656,29.333117141143973
2025-03-01T17:58:26Z,39.9857944458638,-75.38355829164355,45.35785195772603,-1.524680749873816,4.220266025634733,-1.2261024554122588,1.4133842903478062,0.05216710751084016,0.20449527543921903,0.0009999999921195026,0.0010000000054564266,0.0009999999910254812,0.0009999999910700842,0.0009999999901768241,0.0009999999833852028,0.000044981094318091926,0.00004500083619694057,0.8598305128824355,60.6592764490546,26.41117311622791,0.025753708488896864,0.0004004273817816428,0.0006055808005005042,0.00828724589996515,0.0053049999999997925,0.0053049999999998316,0.005304999999999903,0.0010430499999994356,0.001043049999999403,0.00104304999999945,-0.46771809549978915,9.696247161234597,1.1622648414608752,-0.0030353816525942245,0.007624709595368328,0.002910536203246724,-25.0470011138916,11.096812915802001,10.454625415802003,987.761259765625,-0.0039560651318607965,29.32213733181487
2025-03-01T17:58:27Z,39.98617468713864,-75.38348920038602,43.98060892294003,-1.5496670367758192,4.933335801766665,-1.4333372535794715,1.414322564442089,0.05535314153888681,0.21015202366428706,0.0009999999919052237,0.0010000000054450908,0.0009999999913468923,0.0009999999911371718,0.0009999999900134919,0.0009999999837145934,0.000045978124939359076,0.000046000879233615656,0.8883823027300612,63.68367946095538,27.744062043064634,0.02702885700278916,0.00040339509546818644,0.0006145162676350661,0.008296978946402663,0.005305999999999794,0.005305999999999833,0.0053059999999999,0.001043059999999436,0.0010430599999994034,0.0010430599999994503,-0.36008291804747505,9.580659491851437,0.8724600281277388,0.0010056727790553918,0.006157298676248218,-0.0023133590913626,-24.78712604522705,10.76212537765503,10.72950038909912,988.316923828125,-0.1538493254955289,29.074803307236948
2025-03-01T17:58:28Z,39.98310074637475,-75.3835884180699,42.91769205520397,-1.1014177105504745,4.744231445120388,-1.498879776528318,1.415659662972928,0.05954743012792564,0.21977823077047898,0.0009999999919021898,0.0010000000054079781,0.0009999999914062365,0.0009999999913197465,0.0009999999902221854,0.0009999999837397029,0.00004697494251744343,0.00004700092230017759,0.9188427353996875,66.87556895242676,28.943430746035148,0.027126222708966533,0.0004039116368000944,0.0006232412712412091,0.008306761528447367,0.005306999999999796,0.005306999999999832,0.005306999999999903,0.0010430699999994363,0.0010430699999994038,0.001043069999999449,-0.41148872311721396,9.630709353123624,1.085700408976486,-0.0021708241721152036,0.009018182540607336,-0.0023133590761699515,-24.703876113891603,11.531437931060792,9.777562847137451,988.19037109375,-0.08042199231252405,28.962965162619504
2025-03-01T17:58:29Z,39.97432008658137,-75.38405292242524,42.59536737500788,0.04524707432093211,3.232555982329062,-1.477451409286962,1.4277547655404068,0.05982225700542059,0.23062152648513745,0.0009999999921302268,0.0010000000055030655,0.000999999991733112,0.0009999999912243386,0.0009999999900665475,0.0009999999837746786,0.00004797163747545672,0.00004800096494896785,0.948682947549451,70.11644436836795,29.95785336967807,0.027927783391835444,0.00040161848456687395,0.0006321554705622835,0.008315596229933426,0.005307999999999798,0.005307999999999829,0.005307999999999904,0.0010430799999994352,0.0010430799999994027,0.0010430799999994497,-0.41691964269651755,9.653725590684829,0.838566937244129,0.0021319335130198557,0.0076547517101727604,0.0019591894203220064,-23.971500835418702,11.67956295967102,10.441500396728516,987.8282934570312,-0.08165295556361742,28.636813145077436
2025-03-01T17:58:30Z,39.96210768097513,-75.38483129603942,42.794848025452545,1.7861220863578704,0.2177364043821517,-1.4501956486899426,1.4376426980721646,0.057714554122422615,0.23711709355685562,0.000999999992414107,0.0010000000053128897,0.0009999999918882713,0.0009999999913264917,0.000999999990307804,0.0009999999836365384,0.00004896829709516177,0.00004900100691861463,0.9754683137821182,73.5084857340777,30.763907092607337,0.02728518022953638,0.0003966171091004078,0.0006417798922618195,0.00832387990456213,0.005308999999999796,0.005308999999999828,0.0053089999999999015,0.0010430899999994362,0.0010430899999994028,0.0010430899999994496,-0.2543201581564576,9.572723268503408,1.017504963388862,-0.0043699369591138045,0.002044142925732814,0.0033473210930096064,-25.195501174926758,9.785062866210938,8.898000392913819,987.5689599609375,-0.1503512982524509,28.45579480204771
2025-03-01T17:58:31Z,39.949526695885496,-75.38575126037829,43.17952661744271,3.658099139772517,-3.527383104111948,-1.3043694503702459,1.45272259978847,0.06811545745158157,0.23754992138918807,0.000999999992369123,0.0010000000051704843,0.0009999999921444043,0.0009999999911223308,0.0009999999907185024,0.0009999999836838608,0.00004996499013337272,0.00005000104842042611,0.9941531712318301,77.1535048939589,31.4168024867963,0.0254261305555175,0.0003905749177716246,0.0006521496670776317,0.00833450623575154,0.005309999999999798,0.005309999999999825,0.005309999999999904,0.0010430999999994361,0.0010430999999994034,0.0010430999999994505,-0.12248478253917275,9.663492982327512,1.2392666620991284,0.00021922602553500412,-0.0021591408245166767,-0.010568546134665109,-24.095063514709473,11.346375379562378,10.160437870025635,987.4957836914062,-0.036540733030217584,28.505156115586477
2025-03-01T17:58:32Z,39.94338053235485,-75.38627419807843,42.74793836783558,4.467540778566891,-5.370799573890859,-1.3209611052177919,1.4642032983140323,0.0793290757448479,0.24365116456642394,0.0009999999925827394,0.0010000000054703306,0.0009999999922849472,0.0009999999907690878,0.0009999999909556375,0.0009999999835816006,0.000050961755882034,0.000051001089916907485,1.0037632387303486,80.93875950193733,31.928764165707705,0.023935770591871935,0.0003855802047580017,0.0006615912759328614,0.008345877940236694,0.005310999999999795,0.005310999999999826,0.005310999999999902,0.0010431099999994365,0.0010431099999994023,0.0010431099999994513,-0.4232933136742932,9.627758239740924,0.9900672633676805,0.0037443829099948686,0.0055667963737770255,-0.011048725490614926,-24.02887590408325,11.474250373840333,9.860062923431396,987.9964135742188,-0.09195711589010896,28.394775197592065
2025-03-01T17:58:33Z,39.93801225386916,-75.38677912915169,42.25528020214082,5.176818006396158,-7.221793423349942,-1.2292306878296333,1.474016888646546,0.0752361451134006,0.24571404863315244,0.0009999999927505843,0.0010000000057475476,0.0009999999920625373,0.0009999999909998387,0.0009999999910689141,0.0009999999835916093,0.00005195860598254105,0.00005200113199688581,1.0051202632644505,84.98910945938825,32.384362883954395,0.022096075179344206,0.0003801661981973481,0.0006712205141703834,0.008354631805133378,0.005311999999999799,0.005311999999999825,0.005311999999999899,0.0010431199999994365,0.001043119999999403,0.0010431199999994512,-0.39984365617797624,9.742852980926129,1.1125797806161306,0.003377864201781283,0.000364264774333048,0.003326958801465371,-24.51281354904175,10.57893783569336,9.313125381469726,988.1050390625,0.03478301428192961,28.27584462446939
2025-03-01T17:58:34Z,39.93353495809372,-75.38724218271749,41.60271691757486,5.739109366916466,-8.62219348235882,-1.389836907895508,1.474527915860351,0.07460719440015603,0.24798672054790183,0.0009999999925790273,0.0010000000053728766,0.0009999999920849987,0.0009999999906337045,0.0009999999913544613,0.00099999998374654,0.000052955525820722884,0.00005300117522103855,1.0002661059680649,89.05900189714502,32.77043557415037,0.02131203126760588,0.00037646994198818883,0.000680328349378101,0.008364362748451955,0.005312999999999796,0.0053129999999998265,0.005312999999999902,0.001043129999999436,0.0010431299999994034,0.0010431299999994505,-0.2530309098328292,9.538791654362168,0.8872863790364767,-0.004707748853817251,0.001425934364226748,-0.0003741137697022282,-24.252938499450682,11.107875442504882,9.468750386238098,988.2424658203125,-0.19607466412222394,28.306258754137115
2025-03-01T17:58:35Z,39.92814567886447,-75.38780571032615,41.067580859792685,6.187656462483642,-10.578983456790313,-1.259459385893486,1.4824988949331912,0.07607640284082477,0.24497895584596444,0.0009999999921382072,0.001000000005840794,0.0009999999923945597,0.000999999990819868,0.000999999991401337,0.0009999999838480372,0.000053952483307809926,0.00005400122014987162,0.9913466951055525,93.44208432951396,33.219856724207894,0.02045696740799135,0.0003740362497464884,0.0006893560471453677,0.008374590178544285,0.0053139999999997954,0.005313999999999828,0.005313999999999902,0.001043139999999435,0.0010431399999994025,0.0010431399999994494,-0.24351257025205075,9.797648651435566,1.1333973368485446,0.002451386678745339,-0.0033721915602686362,-0.0037896159626796292,-22.754813346862793,8.683687829077243,10.607812938690186,988.2358618164062,0.08681906863803777,26.565220965957867
2025-03-01T17:58:36Z,39.92184526381342,-75.38846646027916,40.772620018955976,6.105064000274064,-12.719853092533683,-1.1555728738032498,1.4928239463735222,0.07174066555070835,0.24781220824712608,0.0009999999924656612,0.001000000006048251,0.0009999999924879277,0.0009999999907922906,0.0009999999912069367,0.0009999999837186453,0.00005494943998628792,0.000055001267383808736,0.9799155299149402,97.87994537345112,33.706168324551335,0.019799375797620422,0.0003741112281179357,0.0006964978914515248,0.00838440790374714,0.005314999999999798,0.005314999999999831,0.005314999999999905,0.0010431499999994356,0.0010431499999994014,0.0010431499999994484,-0.4091920048173863,9.768110288770496,0.9095670841822697,0.003924471217530633,0.002337224328053734,0.0014484663950077162,-23.10881326675415,11.26556290626526,9.73406286239624,988.20263671875,0.03995505103103794,27.489622573989674
2025-03-01T17:58:37Z,39.915706726952,-75.38912694188126,40.53097126796651,5.863193848199101,-14.861899429824945,-1.070645999663837,1.5015713127985293,0.06945517061802096,0.24373476982298342,0.0009999999924796407,0.0010000000062672242,0.0009999999928349205,0.0009999999909774142,0.0009999999911196773,0.0009999999836087644,0.00005594635491155346,0.000056001317479018255,0.9676569779572963,102.383156144237,34.282295423374975,0.019557226735295002,0.00037535746354774694,0.000703213045923762,0.008394430374556167,0.005315999999999801,0.005315999999999834,0.005315999999999907,0.0010431599999994367,0.0010431599999994004,0.0010431599999994475,-0.2712693145957248,9.759403299325617,0.993018403448226,0.0036323908390974305,-0.003871064731818412,-0.0017228565787637683,-23.320313453674316,11.63006296157837,10.3800004196167,988.245439453125,0.034832409166755327,28.0506140271788
2025-03-01T17:58:38Z,39.90839090954107,-75.38988505880558,40.53152626680755,5.001302082073661,-17.416640036280953,-0.9492775071750602,1.5099585559788682,0.06601090824293633,0.24420505462483724,0.0009999999924634989,0.001000000006228786,0.0009999999926119426,0.000999999990975682,0.000999999990985193,0.000999999984071885,0.000056943177883643986,0.00005700137115975187,0.9547120687985388,106.91063220286148,34.980921231780165,0.019123360848876822,0.0003793696959429094,0.0007075049186228687,0.00840464364287597,0.005316999999999802,0.005316999999999835,0.005316999999999908,0.0010431699999994377,0.0010431699999994015,0.0010431699999994474,-0.3860483130283078,9.772150694168579,1.0709453141653467,0.0027828551649766832,0.0012056225511748587,-0.001716013491144596,-23.25525068283081,12.463875551223754,9.812812867164611,988.1654248046875,0.059799911529253694,28.15036978543158
2025-03-01T17:58:39Z,39.899013228013665,-75.39078996021883,40.88836240994923,3.2763728058261643,-20.20259215400641,-0.8412801309746518,1.523299847433676,0.05105301610086473,0.23836161679991794,0.0009999999922352617,0.001000000006258157,0.0009999999923477167,0.0009999999910294541,0.0009999999908278162,0.0009999999839804539,0.00005793986111744533,0.00005800142908979038,0.9424364445130443,111.27075181931654,35.82356444596828,0.019129400063888954,0.00038385510353328286,0.0007108681683587002,0.008412891255777025,0.005317999999999799,0.005317999999999834,0.005317999999999905,0.0010431799999994365,0.0010431799999994005,0.0010431799999994465,-0.2996641446674004,9.756970635090003,0.8202167363842945,0.007755727908818704,-0.004766999388324724,0.007104139439255788,-14.116875481605529,16.76493815422058,11.343562912940978,987.986298828125,0.01783185478040203,24.678396245751212
2025-03-01T17:58:40Z,39.88896660018782,-75.3917174304365,41.39437454645812,0.9575883688694282,-23.012886068769735,-0.7277715203438068,1.5262029167574196,0.04246221332805025,0.23594135594220958,0.0009999999920832347,0.0010000000063470108,0.000999999992036308,0.0009999999911957714,0.0009999999910399445,0.0009999999840361955,0.00005893635996733239,0.00005900149187549036,0.9321305853306767,115.48633954450314,36.841858095991505,0.01939294501480788,0.0003909800591155998,0.0007115452187621195,0.008422307901036234,0.0053189999999998005,0.005318999999999833,0.005318999999999906,0.0010431899999994373,0.0010431899999994011,0.0010431899999994454,-0.19681265063800785,9.760480108890635,0.9005358130873335,-0.001957021589423161,-0.00021605683101166102,-0.0003687730335777714,-20.25975069999695,15.567375602722167,18.242813205718996,987.8969702148438,0.02607012678508549,31.394230862448353
2025-03-01T17:58:41Z,40.075818467223684,-75.36077070573971,39.0881991466338,-20.05704559097376,8.229193298404844,-0.7919121050780097,1.4482709981591362,0.016755258498430216,0.2350229283742182,0.000999999991852776,0.0010000000064050156,0.0009999999922978213,0.0009999999915355682,0.000999999991477805,0.000999999984368079,3.071821955452907e-10,3.0718233500219464e-10,0.5572166795839358,0.0009022805859447856,0.000902265540447465,0.01190594930653418,0.00016478480194518348,0.00017411730951061936,0.008208400350770929,0.0053199999999998015,0.005319999999999836,0.005319999999999909,0.0010431999999994377,0.0010431999999994017,0.001043199999999445,-0.1859142000854972,9.711270955564062,0.6360792223495051,0.004385123140997902,-0.0003766175434242522,-0.0033783671025278267,-22.918500785827636,12.761625537872314,13.108500490188598,987.8904125976562,-0.04746950349284916,29.324845614553155
2025-03-01T17:58:42Z,40.07576940227182,-75.36066828230241,39.35432133235731,-20.2204662422544,9.22295892165451,-0.7974535909397678,1.446550819914691,0.014576105289219552,0.23692359759897025,0.0009999999915448988,0.001000000006278621,0.000999999992158948,0.000999999991324741,0.0009999999914575475,0.0009999999844482375,1.0003071822997393e-6,1.000307182538698e-6,0.5892687578469593,0.027261393663583978,0.017717460598248448,0.012123837452271803,0.00017477597319524892,0.00018381790896993547,0.008217843800091324,0.005320999999999801,0.0053209999999998345,0.005320999999999908,0.001043209999999437,0.0010432099999994008,0.0010432099999994442,-0.06401099706092103,9.74719991587952,0.1917817432286871,-0.0015803214427577723,-0.0011221727698336936,-0.00013460854817990125,-24.53662603378296,11.815312910079957,11.511187887191772,987.8544189453125,-0.03214315472595815,29.566062959607816
2025-03-01T17:58:43Z,40.07572174482415,-75.36055369692414,39.723251052870644,-20.491487945711942,10.303729376356394,-0.8613493578957887,1.444886401444955,0.013585349938054908,0.24185937968864496,0.0009999999918796749,0.0010000000063228188,0.0009999999922534414,0.0009999999914776247,0.0009999999911823908,0.0009999999845768306,2.0003071829522104e-6,2.0003071848186713e-6,0.6214829202477253,0.10787700204225394,0.0671012494078667,0.01258231096028174,0.00018480273982822385,0.00019338648943058098,0.008227538166612003,0.005321999999999799,0.005321999999999833,0.0053219999999999075,0.0010432199999994374,0.0010432199999994014,0.0010432199999994445,-0.0956537860752588,9.68695047821918,0.08863278254331586,-0.0017135101476743176,0.001766416050242038,-0.0014957015470614845,-24.531001110076904,11.740687971115113,11.220937900543213,987.748125,-0.0937372008679776,29.419725148419182
2025-03-01T17:58:44Z,40.075668666717384,-75.36042869576947,39.84720249985031,-20.759416415957148,11.007463432944933,-0.831924449377492,1.4404323093859261,0.013944211947004483,0.24260465680147644,0.0009999999916282057,0.001000000006464252,0.0009999999925138553,0.0009999999914665758,0.0009999999908127289,0.0009999999849467564,3.0003071831297093e-6,3.0003071946732925e-6,0.6525419484262075,0.22686952913144942,0.15178173308165138,0.013082940053810815,0.00019478427055126584,0.00020290396527335126,0.008237327720024959,0.0053229999999997975,0.005322999999999832,0.005322999999999905,0.0010432299999994378,0.0010432299999994015,0.001043229999999445,-0.16076079021699807,9.753341427478825,0.4901667327008376,-0.0047669992767674025,-0.0016617699875019739,-0.002873318333044798,-24.36356351852417,11.97993797302246,11.225250415802002,987.9770043945313,-0.014674247055299025,29.378655571275228
2025-03-01T17:58:45Z,40.07559936613248,-75.36029734294449,40.05707838587012,-21.11218248361355,11.436229249693872,-0.7800532277906423,1.4422783242374329,0.010964501326087447,0.2464883539365183,0.0009999999919165525,0.0010000000061409942,0.0009999999925667054,0.0009999999910197271,0.0009999999904340177,0.000999999985028037,4.000307170200892e-6,4.0003072221529816e-6,0.6815612663150856,0.3783997255747588,0.2746588519626981,0.01343106301280268,0.00020472585737726573,0.0002123402811653056,0.008246459301955587,0.005323999999999795,0.00532399999999983,0.0053239999999999035,0.001043239999999437,0.001043239999999401,0.0010432399999994444,-0.2672015162790295,9.739263708426051,0.7317620577141998,0.0010463967819971554,0.0008834996536511534,0.000710421277692039,-24.51393867492676,11.644875431060791,11.17593786239624,987.95583984375,-0.011329683814746775,29.350211554248578
2025-03-01T17:58:46Z,40.07550970718979,-75.36015878871343,40.19322092324559,-21.51243949576005,12.315522125977036,-0.8500726729735852,1.443284610453193,0.009260460936750044,0.2509333219035659,0.000999999992115486,0.0010000000059340387,0.0009999999927652026,0.000999999991136407,0.0009999999905698062,0.0009999999850118604,5.000307097957083e-6,5.000307281812627e-6,0.7084414604087491,0.6045947025822742,0.4355050620956958,0.014377074523637045,0.00021455734893283433,0.00022175770867352253,0.008255685393947904,0.005324999999999794,0.005324999999999829,0.005324999999999906,0.0010432499999994368,0.0010432499999994006,0.001043249999999444,-0.1602599962199893,9.687538879638534,0.22992699520361454,-0.0002314121258801268,0.001716345351392517,-0.00024392958886361384,-24.62962606430054,10.879500384330749,10.585875396728516,988.0227172851562,-0.09021156986719407,28.93164058842974
2025-03-01T17:58:47Z,40.0753600216401,-75.36001170443645,40.63230492656412,-21.809148888657063,13.188507297000891,-0.8110519342875049,1.4437742976723975,0.00467780788849158,0.2520356999739333,0.0009999999923876472,0.0010000000057854173,0.0009999999929057484,0.0009999999914138277,0.0009999999906563962,0.0009999999852893006,6.000306854390495e-6,6.000307392938316e-6,0.7344374709491557,0.8967423745715566,0.6324363064126285,0.01574202022661281,0.00022407042185911005,0.00023123747269989845,0.008264389143600124,0.005325999999999791,0.0053259999999998265,0.005325999999999906,0.0010432599999994358,0.0010432599999993998,0.001043259999999443,0.032938201059089914,9.768695425027635,0.1901466479994682,-0.001957021153215197,-0.002893680794241596,0.0014740027219616362,-22.098188228607178,12.561000499725342,11.825625476837159,987.770703125,-0.011305333629688169,28.034821671001577
2025-03-01T17:58:48Z,40.07512230092364,-75.35985957061246,41.341756511794046,-22.24558462687766,13.747369503955726,-0.7748330887110744,1.4466699032838104,0.004392659307460527,0.2546241512189071,0.000999999992104015,0.001000000005650321,0.0009999999926237917,0.0009999999912565407,0.0009999999905455264,0.0009999999851813888,7.000306221886021e-6,7.000307578877513e-6,0.7603751431741217,1.23032033212768,0.8708659503695708,0.01700973045223332,0.00023315409904889431,0.00024074603134758597,0.008273759447462567,0.00532699999999979,0.005326999999999825,0.005326999999999905,0.0010432699999994369,0.0010432699999994004,0.0010432699999994438,-0.10087092298289736,9.718253344608213,0.3247769248595593,-0.001102645216834071,-0.00165843176811216,-0.002987814037857926,-25.154813404083253,11.011500387191772,13.68375060081482,987.5618310546874,-0.05777251997343372,30.679955860592653
2025-03-01T17:58:49Z,40.07482843885654,-75.35970297193981,41.88152552490577,-22.726405815722377,14.560489355967958,-0.8922985632362069,1.4648161224737628,6.282272263166874,0.25255564090620874,0.0009999999919751985,0.0010000000052610128,0.0009999999926715649,0.000999999991054177,0.0009999999906589291,0.0009999999852317192,8.000304837487551e-6,8.000307867432612e-6,0.7873273781639052,1.6586342979886055,1.1453680747152148,0.019220996439490174,0.00024145524414732357,0.0002503833370804152,0.008282005392815853,0.005327999999999789,0.005327999999999823,0.005327999999999903,0.0010432799999994375,0.001043279999999401,0.0010432799999994446,-0.05667300959942405,9.616432117456508,-0.13503794940133876,0.013426589925048452,-0.006691223630375465,0.002044142963359783,-23.793000793457033,11.526562910079956,12.04500044822693,987.6237890625,-0.16452501443626563,29.052497713053203
2025-03-01T17:58:50Z,40.07444141281821,-75.35954617967398,42.39146779938426,-23.17602202610728,14.778820551345532,-0.8917672172052746,1.4666601807019537,0.0005879838004632463,0.2599086961570869,0.0009999999920889849,0.0010000000052550456,0.0009999999928827308,0.0009999999910574459,0.0009999999908461776,0.000999999985194307,9.000302166055325e-6,9.000308288867267e-6,0.8157855827222726,2.0958231041321724,1.4568718987619305,0.020484218913839933,0.0002489266154109939,0.00025996532222931617,0.00829121030189736,0.00532899999999979,0.005328999999999822,0.005328999999999903,0.0010432899999994363,0.0010432899999994003,0.0010432899999994437,-0.14672289911227623,9.676173010502959,0.23078476328763076,-0.004066841458169895,0.003198443541554402,-0.0034084098256590544,-23.868375873565675,11.805937976837159,11.855250415802002,987.5818627929688,-0.10206396274748714,29.14830251228909
2025-03-01T17:58:51Z,40.07390258979513,-75.35939797137205,43.12749740911577,-23.577567974675127,14.761478559407093,-0.7888883686385377,1.4746349699886754,6.279615218823426,0.266411678284104,0.000999999991778701,0.0010000000048833678,0.0009999999925353836,0.0009999999909266189,0.0009999999913205971,0.0009999999854695201,0.000010000297486655636,0.000010000308875593797,0.8445006693706618,2.5913372425496735,1.8000792792103164,0.021651755951262522,0.00025523460004856944,0.00026965689268510445,0.008299303134068398,0.005329999999999791,0.005329999999999824,0.005329999999999905,0.0010432999999994367,0.0010432999999994003,0.0010432999999994438,-0.12158257167276182,9.75190972287012,0.2229446609550655,0.0002624536516939496,0.0011685703438664944,0.0021968589612725116,-23.38237581253052,11.128687915802002,12.142125453948974,987.4234545898438,-0.02688622749212921,28.6009003024515
2025-03-01T17:58:52Z,40.07316983710528,-75.359264815493,44.17180803192983,-23.859210900333355,14.549392591612744,-0.6840234592590235,1.4800580958828442,6.278706763436174,0.27059465179130715,0.00099999999141602,0.0010000000044177084,0.0009999999924749049,0.0009999999906283427,0.000999999991210206,0.0009999999853884485,0.000011000289908829729,0.000011000309659723996,0.8732607546912454,3.1571226535287646,2.161958724412448,0.02289089368597335,0.0002602148262862168,0.00027949480058728107,0.008307806965619917,0.00533099999999979,0.005330999999999826,0.005330999999999908,0.0010433099999994375,0.0010433099999994006,0.001043309999999444,-0.014918247542970308,9.730370417272136,0.1138554878694456,-0.004339394205877741,-0.0014479675328701854,-0.0010916295374647652,-24.156938591003417,10.640062866210938,11.623312978744506,987.2169677734375,-0.051031274396309785,28.842106272111728
2025-03-01T17:58:53Z,40.07226851723584,-75.35915232210002,45.3983446345012,-24.07144191197119,13.44080261189491,-0.5598207469574091,1.4881112027015762,6.2776343870404805,0.27505264735246227,0.0009999999911544167,0.0010000000040818538,0.000999999992195227,0.0009999999907221854,0.0009999999914637842,0.000999999984830701,0.000012000278395088776,0.0000120003106730207,0.8988655174647289,3.6653167545296985,2.5433478660648587,0.021966633777736982,0.00026403292436414456,0.0002894133407190389,0.0083161853718964,0.005331999999999793,0.005331999999999827,0.005331999999999909,0.0010433199999994366,0.0010433199999993997,0.001043319999999443,-0.20238936687058973,9.683733922359865,0.7274379764955137,-0.0028451116299989124,-0.0012979214776381207,-0.0004141704993409356,-24.50737606048584,10.687500419616699,11.32725040435791,987.0712060546875,-0.06882555405403622,29.036835197443633
2025-03-01T17:58:54Z,40.07137909237557,-75.35905323642197,46.448704473781106,-24.047866995992567,12.389107298453798,-0.4312440852222922,1.4943074312013587,6.279577525710967,0.27210104223645765,0.0009999999907880715,0.0010000000042182545,0.0009999999922549678,0.0009999999907135417,0.0009999999916230496,0.0009999999845160012,0.00001300026174975711,0.000013000311948950423,0.9174251931510737,4.223807804312839,2.930361880569605,0.020763302512424815,0.00026690823483692725,0.0002995408063108979,0.008324969175491493,0.005332999999999792,0.005332999999999825,0.0053329999999999125,0.0010433299999994359,0.0010433299999993988,0.0010433299999994424,-0.045386862551019334,9.726581771210721,0.7327191849869803,-0.003280561704233694,-0.007363174809376687,-0.0031889321587161047,-24.788626155853272,10.248187918663024,11.236500368118286,987.1424658203125,-0.027583670234522607,29.08190723205971
2025-03-01T17:58:55Z,40.070435768409425,-75.35897052482933,47.44375938950016,-24.027597607761013,11.181520395580892,-0.3985464545389422,1.5037381071400886,6.2795430985535505,0.27096335232746116,0.00099999999097644,0.0010000000042801993,0.0009999999920800291,0.0009999999903283448,0.0009999999915880264,0.0009999999843268667,0.00001400023860133276,0.000014000313523786299,0.928089932080975,4.8016661422081235,3.3345767676971496,0.019274262078168094,0.0002694932498733866,0.00030964419640284313,0.008333519601263124,0.005333999999999793,0.005333999999999826,0.005333999999999916,0.0010433399999994345,0.0010433399999993985,0.0010433399999994419,-0.16002463756496535,9.646860894433479,0.803537584982374,0.0007199349991679053,-0.005113323152511086,-0.0004742553984322695,-24.734438591003418,10.32843789100647,11.264625358581544,987.113232421875,-0.10010001260294564,29.075039334426076
2025-03-01T17:58:56Z,40.06951941211195,-75.35889686129072,48.24229604351768,-24.078900946407124,10.289272234424683,-0.36398799413074784,1.5040483520437555,0.0019498753953786268,0.2788912107430446,0.0009999999911434092,0.001000000004029308,0.0009999999922889083,0.0009999999901866776,0.000999999991842109,0.0009999999840055835,0.000015000207369170799,0.000015000315441966795,0.9321207538833569,5.466392024572092,3.7683996311689114,0.018465200297749024,0.00027230550909872794,0.0003195146772804752,0.008342989977879904,0.005334999999999795,0.005334999999999828,0.005334999999999917,0.0010433499999994338,0.0010433499999993976,0.0010433499999994412,-0.23378176504216253,9.696392304734083,0.5442046361986275,-0.006905026168359261,0.0051391913755709576,-0.005031707697959555,-23.58993844985962,7.027875208742916,11.377312956601381,987.1489697265625,-0.06712358706581421,27.11672401416963
2025-03-01T17:58:57Z,40.068513799662014,-75.3588349012886,49.05637101641349,-24.073332256795762,9.778698298209436,-0.2800750654240399,1.521333275072087,0.004063632275878897,0.2818010988488833,0.0009999999913978277,0.0010000000037849164,0.000999999992476082,0.0009999999899825483,0.000999999992013214,0.0009999999838161734,0.00001600016632272662,0.000016000317750692755,0.9334451097385923,6.256212096937131,4.228003217064612,0.018498932811393583,0.00027510956685737614,0.0003294585567401342,0.008352092908340051,0.005335999999999795,0.005335999999999829,0.005335999999999918,0.0010433599999994348,0.0010433599999993986,0.0010433599999994402,-0.16004294402073788,9.777588755921466,0.08769396296790465,0.010392628139695426,0.00018100547349030093,-0.0015701401266202258,-25.149376068115235,9.475312881469726,10.508250389099121,987.0780419921875,-0.0022385988679930547,28.856421563991233
2025-03-01T17:58:58Z,40.067373425010345,-75.35878638918237,49.952350008043375,-23.95982393164502,8.954783915781785,-0.21329565529178493,1.5174098041508173,0.0050597430828293825,0.29029963893597877,0.000999999991184079,0.001000000003850805,0.0009999999926603163,0.0009999999901175308,0.0009999999916364638,0.0009999999832959576,0.000017000113582473647,0.000017000320499424787,0.9331749755586244,7.052672360801034,4.707918754151927,0.017973768173986375,0.00027816483258198,0.00033921720689565285,0.00836116489514664,0.005336999999999794,0.005336999999999825,0.005336999999999921,0.0010433699999994358,0.0010433699999993996,0.0010433699999994393,-0.20976396753438326,9.746810301229726,0.29551387580888444,-0.01081639671954516,0.005882242721354616,0.00014662334849680565,-25.169063663482667,10.257187852859497,11.135062913894654,986.9694189453126,-0.02789005005173967,29.371385915260902
2025-03-01T17:58:59Z,40.06600641556363,-75.35875872232546,50.992778387781414,-23.720511010601385,7.770098638853167,-0.152223460338831,1.5203445215615643,0.003919023407192395,0.2921843062947693,0.0009999999909463112,0.001000000003843104,0.000999999992982621,0.000999999990249587,0.0009999999916835546,0.0009999999834988957,0.000018000046938685452,0.000018000323745541545,0.929545414010694,7.853690986271312,5.214005582888614,0.01703706246022803,0.0002813728945385016,0.0003490270674062054,0.008370096401244488,0.005337999999999792,0.005337999999999828,0.00533799999999992,0.0010433799999994362,0.0010433799999993998,0.001043379999999438,-0.25659334052465915,9.721556924816095,0.5650620774060621,-0.0042783079531637696,-0.000776016462302198,0.0023292132208767944,-24.94781364440918,10.213312921524048,10.639875354766845,986.801435546875,-0.03995286594511861,28.98118648122673
2025-03-01T17:59:00Z,40.06467169158544,-75.35873677879431,51.89011961256319,-23.237482725699856,6.885904296383898,-0.16761346742231875,1.526910920826062,0.003792655347566539,0.28567764462817585,0.0009999999907311108,0.001000000003992002,0.0009999999930683573,0.000999999990253497,0.0009999999916382955,0.0009999999837502626,0.000018999963769321032,0.000019000327549155802,0.9226437513473191,8.731539470176735,5.727297364842315,0.016153529198645763,0.000284927413454081,0.00035885013525669145,0.008379317772281795,0.005338999999999793,0.005338999999999826,0.005338999999999918,0.0010433899999994353,0.0010433899999993993,0.0010433899999994388,0.03006746995261276,9.67365269369773,0.42606000140317923,0.0005496938361684795,-0.008538171390869799,0.0010779416256048858,-24.788813610076904,9.47512535572052,11.576250467300415,986.7813159179688,-0.09811631937425869,28.95289129475647
2025-03-01T17:59:01Z,40.06321922951325,-75.35872754209466,52.76335194489671,-22.834439375947333,5.517191565298866,-0.13472735910802028,1.5252355591612954,0.007786617518619072,0.28728174087346553,0.0009999999907616428,0.001000000004023828,0.0009999999930376496,0.0009999999905387512,0.0009999999916700695,0.0009999999837305,0.000019999860797899072,0.000020000331985645536,0.9119981852560466,9.575793679229154,6.297994799604895,0.014965826723545822,0.0002892996706324261,0.0003684137884869945,0.008389157490116013,0.005339999999999795,0.0053399999999998275,0.005339999999999917,0.0010433999999994344,0.0010433999999993999,0.0010433999999994378,-0.25276482794189914,9.707678420380732,0.8692297175644054,-0.007271545034254458,0.000018108134176571082,-0.0024355322819027535,-25.82681360244751,10.502437868118285,10.948875389099122,986.689853515625,-0.03124200645883362,29.9533025136753
2025-03-01T17:59:02Z,40.06191189486537,-75.35871869687097,53.37119746689189,-22.46951275413129,4.42050622669115,-0.26836892093997106,1.5342840442687253,0.00931137579532447,0.28426607361333806,0.0009999999911243145,0.001000000004125379,0.000999999993169753,0.0009999999905102462,0.0009999999915338916,0.000999999983978439,0.00002099973385070409,0.0000210003371499279,0.8977840000219981,10.471698257136506,6.907835923010397,0.014173450475509441,0.0002944914891764871,0.000377882197288695,0.008398857283040096,0.005340999999999797,0.005340999999999829,0.005340999999999914,0.0010434099999994343,0.0010434099999994007,0.0010434099999994378,-0.24407090094320513,9.570649471914717,0.7711638651944781,0.004966112801254664,-0.004176496776881743,-0.0002567807365456544,-24.59456350326538,11.370187883377076,11.205187902450561,986.7293212890625,-0.17613924922367996,29.321101339706516
2025-03-01T17:59:03Z,40.06035398908396,-75.3587222391129,53.943136047887506,-22.024106945054527,3.5035533789498468,-0.3123130588163311,1.5386979636032456,0.015712507061036492,0.2877510608675948,0.0009999999910831456,0.0010000000044941865,0.0009999999930801306,0.0009999999901134347,0.000999999991128988,0.000999999983728046,0.00002199957811782527,0.00002200034313961954,0.8825242820226017,11.46427469743679,7.583131353366678,0.013725955773100805,0.00030066424543093514,0.00038715280401031144,0.008409201718493704,0.005341999999999796,0.005341999999999828,0.005341999999999915,0.0010434199999994334,0.0010434199999994009,0.001043419999999437,-0.22294410221465938,9.668514007251554,0.5296182299793647,0.0003594247264735995,0.0025975932239740342,-0.0045700541417223696,-24.709501152038573,9.570187892913818,11.783812942504882,986.6226147460937,-0.09522710331825687,29.00005594886704
2025-03-01T17:59:04Z,40.05866879871545,-75.35872929089385,54.450014503987674,-21.43242606448899,2.867530933297578,-0.3387025360228401,1.5462267626544235,0.022585702232807377,0.28446773881872317,0.000999999991011105,0.0010000000043364724,0.0009999999930371361,0.00099999999005941,0.0009999999910354754,0.0009999999836703603,0.00002299938835872245,0.0000230003500540818,0.8680389278499032,12.551554744709845,8.311637994899497,0.013323056032363901,0.0003076276326622528,0.0003963305793335275,0.008419687917334209,0.005342999999999793,0.005342999999999826,0.005342999999999916,0.0010434299999994342,0.0010434299999994017,0.0010434299999994377,-0.10764013294232289,9.699702333445824,0.300814696106529,0.004090539751294023,-0.0039728756537038504,-0.005133518340654935,-24.013875999450683,11.1684379196167,11.389687910079957,986.5707788085938,-0.07576371498421489,28.829191946078144
2025-03-01T17:59:05Z,40.05688456335794,-75.35873803496465,54.88784254867525,-20.879213837962155,1.914578107652837,-0.36122859371190186,1.5479658004341237,0.02393691864949559,0.2842269864351331,0.0009999999912363414,0.0010000000044209482,0.0009999999927972584,0.0009999999903730823,0.0009999999906238613,0.000999999983944895,0.00002399915840434052,0.000024000358000127675,0.854062765127299,13.633739278257082,9.113889930933352,0.013042222524982239,0.0003152790439803362,0.0004053978608599348,0.008429572943917652,0.005343999999999791,0.005343999999999824,0.005343999999999914,0.0010434399999994346,0.001043439999999402,0.0010434399999994382,-0.3013580829985324,9.697227835478902,0.630509044451243,-0.001182758833142896,-0.0008673120973546209,0.0005171478631396662,-24.189938449859618,10.684875421524048,11.796375455856323,986.5367504882812,-0.05824013804233619,28.9563674777521
2025-03-01T17:59:06Z,40.055065097036355,-75.3587480064218,55.22493850731473,-20.275538081308373,0.7270511807758159,-0.397372083976023,1.5471216637132412,0.021193711534798116,0.28182122748763333,0.0009999999912752029,0.0010000000042643677,0.000999999992701796,0.0009999999899617394,0.0009999999908090207,0.000999999983954643,0.00002499888023534421,0.000025000367100639578,0.8398157194465474,14.726286581887322,9.984215435906089,0.013116191479739798,0.00032365509842577177,0.0004143564906314619,0.008439033414715141,0.005344999999999788,0.00534499999999982,0.0053449999999999115,0.001043449999999434,0.0010434499999994015,0.0010434499999994378,-0.32263524383113107,9.682833003039708,0.9858798143612847,-0.0029954914499507306,-0.0028834999782704103,0.004518145487245517,-24.354375972747803,11.465250425338745,11.400187892913818,986.5313745117187,-0.04223928093881979,29.232668556779
2025-03-01T17:59:07Z,40.05306467555496,-75.35875842615197,55.491088931601865,-19.31171449167868,-0.24915295327033132,-0.48084957923285027,1.5448033496016456,0.024832878135053735,0.2679123856226707,0.00099999999120321,0.0010000000040662664,0.0009999999928874102,0.0009999999902329617,0.0009999999907626112,0.000999999983706214,0.000025998543724371002,0.000026000377461191208,0.8257086191761391,15.90478313473486,10.896307023900192,0.013345050356073874,0.0003329634019251964,0.00042316732710236246,0.008449280947875441,0.005345999999999786,0.005345999999999819,0.005345999999999909,0.001043459999999434,0.0010434599999994015,0.0010434599999994377,0.05674155917274322,9.644978020835739,0.9906876993199782,-0.0035761471044838795,-0.014025940194901661,-0.002096552436046218,-24.7745636177063,10.198125391006469,10.59881290435791,986.4983959960938,-0.08447370032422703,28.81167597284276
2025-03-01T17:59:08Z,40.05091769907912,-75.35876441761476,55.68068195860123,-18.15635928591939,-1.2882455001481097,-0.4946820008060466,1.534130325378435,0.02923968400397983,0.2494009992198505,0.000999999990848666,0.0010000000041101482,0.00099999999287372,0.000999999990600478,0.0009999999909635594,0.0009999999834662864,0.000026998136226301572,0.000027000389162363788,0.8127190368261097,17.15546034145042,11.880825039825284,0.014421187840329626,0.0003429905167749331,0.00043195884884938306,0.008459649260353332,0.0053469999999997886,0.005346999999999821,0.005346999999999911,0.001043469999999433,0.0010434699999994008,0.001043469999999437,0.20366609729247057,9.708316507971196,1.2967872410239376,-0.010957095852764139,-0.01837910275355114,-0.003219475310707629,-24.582376022338867,9.77287534713745,11.560125379562377,986.4854418945313,0.01641881241599497,28.869289390304218
2025-03-01T17:59:09Z,40.04811717594004,-75.3587562821177,55.96362332076854,-17.087270755405648,-2.0428098187790207,-0.540431553803995,1.5309166337263989,0.03204359749190891,0.22764649952529747,0.0009999999907861438,0.0010000000043510512,0.0009999999925574185,0.0009999999906396783,0.0009999999906135115,0.0009999999835725664,0.000027997643707084702,0.000028000402265798515,0.8034245754833647,18.51837252145518,12.951317613798725,0.01596251707355085,0.00035333154423294015,0.00044087104853566086,0.008469805844877918,0.005347999999999786,0.005347999999999818,0.005347999999999908,0.0010434799999994343,0.0010434799999994016,0.0010434799999994378,0.12593924370826487,9.661696385379496,1.180894869830135,-0.00245589451064108,-0.021392702383770473,-0.0017941239595502263,-24.768938484191896,10.37906289100647,11.380500373840333,986.3668872070313,-0.045740752922653775,29.16741480401783
2025-03-01T17:59:10Z,40.04527907144488,-75.35873134665633,56.12565203596704,-16.04837075451057,-2.5351886676467967,-0.6075700615449003,1.5286862851704708,0.03284775697234065,0.20158177355758272,0.0009999999906174924,0.0010000000042648981,0.0009999999925760282,0.0009999999905230005,0.000999999990468545,0.000999999983466477,0.000028997052896609944,0.00002900041678752518,0.8003491313865722,19.991858328204508,14.080781799151787,0.017961986694379938,0.000363505160333723,0.0004499497198030613,0.008479743717700399,0.005348999999999784,0.005348999999999817,0.005348999999999907,0.001043489999999435,0.0010434899999994026,0.0010434899999994386,0.25307069032696505,9.647057015211413,1.1438675677498997,-0.00027146835690692326,-0.025552257568540338,-0.0005944257389384842,-25.147501106262208,10.614000434875487,11.993437995910645,986.3858471679688,-0.06216015948202409,29.814314413148107
2025-03-01T17:59:11Z,40.042803253108595,-75.3586979797538,56.02855007085915,-15.407927689481358,-2.8567946100194863,-0.7655615156544263,1.5212512022925575,0.03690487800524554,0.18580463703433436,0.0009999999904019019,0.001000000004293379,0.000999999992469142,0.0009999999904652976,0.0009999999904664713,0.0009999999830618293,0.000029996353631424804,0.0000300004326954189,0.8051608033602112,21.560178682117833,15.262959209612951,0.019945312471207323,0.0003727667345906166,0.0004594683305411946,0.008490089395272654,0.005349999999999781,0.005349999999999814,0.005349999999999904,0.0010434999999994342,0.0010434999999994017,0.0010434999999994379,0.036926237329444285,9.558446096416024,1.093317550964627,-0.005164061911414983,-0.015029527782671151,-0.004207040004740087,-25.34981357574463,10.254750366210937,12.071062984466552,986.49322265625,-0.15921066941151837,29.891143823743867
2025-03-01T17:59:12Z,40.03918440146218,-75.35860623664631,56.016901366063145,-14.779720589073051,-2.500713888013074,-0.8979301222947149,1.5158903372590409,0.038557994330539504,0.1646710530676245,0.0009999999900242923,0.0010000000044751353,0.0009999999924085517,0.0009999999900523872,0.0009999999905354376,0.000999999982483712,0.00003099554183086896,0.000031000449927553725,0.8175230331422548,23.25644039911174,16.464806334676563,0.02120414732465517,0.00038087244549448606,0.0004689348225668343,0.008500131754473249,0.005350999999999783,0.005350999999999815,0.005350999999999905,0.0010435099999994346,0.001043509999999402,0.001043509999999438,0.19862417191762688,9.575036984798954,0.7995364609377376,-0.0011827587934713827,-0.020004403990434905,-0.002717431460970264,-25.624313583374022,10.638375358581543,12.793875513076783,986.3544189453125,-0.16967574540890742,30.552587854220867
2025-03-01T17:59:13Z,40.035128238951266,-75.35846740865748,55.925611456114375,-14.407442492287272,-1.9411005541914275,-1.0520238118918994,1.5092384917262212,0.037967260784704054,0.1403069011106818,0.0009999999900223177,0.0010000000042744777,0.000999999992636403,0.0009999999903517998,0.000999999990691011,0.0009999999826818223,0.00003199461990250592,0.000032000468423783,0.8357457097883474,25.01981826791281,17.67218218114996,0.022553428016569683,0.0003876693698408199,0.0004780313622346395,0.008509931963653487,0.005351999999999785,0.005351999999999814,0.005351999999999904,0.001043519999999435,0.0010435199999994024,0.0010435199999994386,0.1637857204179385,9.534717272754008,0.8731379994974949,-0.0012239838133353434,-0.023052218595484727,-0.0017228565595814667,-24.983438701629638,9.314062867164612,13.368563070297242,986.33791015625,-0.20413618005954892,29.82682393265855
2025-03-01T17:59:14Z,40.030663379585214,-75.35827789465942,55.77172307442063,-14.206513707372773,-1.2864216623619014,-1.1576410451705519,1.5008515982694353,0.04132482348635899,0.10998774374914982,0.000999999989849522,0.0010000000046272238,0.0009999999922683173,0.0009999999900683443,0.0009999999904136115,0.000999999982431309,0.0000329935967192557,0.00003300048811929465,0.8594235305031594,26.82978257047205,18.87474994843757,0.024630810749709738,0.000393552378789278,0.00048609993387558936,0.008520335221506607,0.005352999999999782,0.005352999999999815,0.005352999999999906,0.001043529999999434,0.0010435299999994017,0.001043529999999438,0.24322743147615974,9.557728289599911,1.091602703479342,-0.0016719513108009948,-0.028427828488875678,-0.007393718009008012,-25.29093864440918,10.330312867164611,13.421625576019288,986.33201171875,-0.15728376220272647,30.438197770242578
2025-03-01T17:59:15Z,40.02606498549622,-75.3580470968679,55.531197819476816,-14.555395993823783,0.09867935947555484,-1.2690528455875725,1.4985435757458179,0.04045346917834958,0.09639050324597945,0.0009999999899411149,0.0010000000045105853,0.0009999999920750958,0.0009999999899296128,0.0009999999905638648,0.0009999999825542863,0.000033992488614881644,0.000034000509051319096,0.8852223168012551,28.70346390195486,20.071914228949847,0.02415497713957184,0.00039767164215603234,0.0004935770026008139,0.008530243970966167,0.005353999999999785,0.005353999999999818,0.0053539999999999074,0.0010435399999994335,0.001043539999999401,0.001043539999999437,0.027635416159510717,9.575625417485847,0.5288729180855526,0.004264953295440792,-0.011842850087996563,-0.0032481826428771496,-25.593938636779786,9.74137538433075,14.202188091278076,986.3672534179688,-0.19011800507178148,30.84871315486691
2025-03-01T17:59:16Z,40.021019881625946,-75.35775912037691,55.26622865503985,-14.972030820247197,2.1922496911645846,-1.3956601542157203,1.4880371884127028,0.033958316035421085,0.0743295018367957,0.000999999989781817,0.001000000004225785,0.0009999999917980303,0.0009999999902019904,0.000999999990690376,0.00099999998258633,0.00003499131273281543,0.00003500053151660422,0.9070650527917938,30.60114559719767,21.273814440033465,0.023734266034435368,0.00040201076982853263,0.0004988351965554504,0.008539623000372554,0.005354999999999784,0.005354999999999821,0.005354999999999904,0.0010435499999994333,0.0010435499999994007,0.001043549999999437,0.40362631031634966,9.598844964340785,0.07349654490548121,-0.0031278455519927703,-0.020476405094875662,0.0001911862141597367,-24.898876094818114,9.48375039100647,13.500938053131103,986.3620385742188,-0.17300528263845238,29.869178890888374
2025-03-01T17:59:17Z,40.01436785738678,-75.35735830772023,55.26653390672281,-16.245766357412766,4.724675561675221,-1.4210216163931486,1.473668946602578,0.03208190952076237,0.056158161289937954,0.0009999999899138689,0.0010000000041546005,0.0009999999918633828,0.0009999999902597359,0.000999999990565819,0.0009999999827256976,0.000035990080564035416,0.00003600055603884237,0.9235317804153145,32.45771906995564,22.54734153717957,0.02380175287279071,0.0004073557725832511,0.0005019017639382155,0.0085500260608616,0.005355999999999787,0.005355999999999822,0.005355999999999903,0.0010435599999994328,0.0010435599999994,0.0010435599999994364,0.3380747351887845,9.661257116344792,0.12146544731333873,-0.005809308306394166,-0.015538081046989446,-0.007343980714609057,-24.66337610244751,9.068062872886658,13.506188097000122,986.1880859375,-0.11297216334230746,29.54532115381383
2025-03-01T17:59:18Z,40.007499114711514,-75.3569392131647,55.284924809956266,-17.932200852332482,7.003616715532409,-1.4429472184187593,1.451252102045209,0.0249216226508099,0.03366101949623636,0.0009999999902417789,0.00100000000376425,0.0009999999914489378,0.0009999999902175795,0.0009999999908351439,0.0009999999830024885,0.00003698879969954034,0.000037000583200991845,0.9372501304453476,34.1820100452579,23.923127142981592,0.025106540139352294,0.00041471645022385964,0.0005015604148975837,0.008560066613336526,0.005356999999999785,0.005356999999999819,0.005356999999999906,0.001043569999999432,0.0010435699999993995,0.0010435699999994355,0.43971804775002404,9.641237766579605,0.4287110661014324,-0.014764819378615183,-0.020252421400621647,-0.004675369716747836,-24.28781349182129,9.516562838554382,13.752000570297241,986.1767504882813,-0.12039655878396043,29.488597427941354
2025-03-01T17:59:19Z,40.0007664078687,-75.35653929863221,55.230762430527406,-19.947131986937343,9.03800560261612,-1.508687818415182,1.442835888659953,0.011244196432511833,0.0016231262868649646,0.000999999990190796,0.0010000000034078697,0.0009999999916584232,0.0009999999904298513,0.0009999999905871788,0.0009999999832537765,0.000037987476934383406,0.000038000613554215106,0.9518842111794908,35.71847104918624,25.426534997275255,0.027331378835065503,0.00042512381916666117,0.0004965032489434886,0.008569545971253997,0.005357999999999786,0.005357999999999819,0.005357999999999909,0.0010435799999994313,0.001043579999999399,0.001043579999999435,0.5855207073065867,9.593660488760682,0.5063182817944465,-0.00256471491805459,-0.030659487842768687,-0.0010751062954622163,-23.902125911712645,9.196500387191772,13.759313125610351,986.2118969726563,-0.1565795238674525,29.0723750101987
2025-03-01T17:59:20Z,39.99285075986939,-75.3561240532331,55.39881306646384,-23.15316530397705,10.88356601062819,-1.5224327734351233,1.434886661803512,0.0027018366680398066,6.258880233000711,0.0009999999905014212,0.0010000000036640463,0.0009999999914592592,0.0009999999903014106,0.0009999999905596273,0.0009999999832212088,0.000038986120846476823,0.00003900064758906075,0.9688449598074627,37.00997088169585,27.076355479995854,0.029062238462720505,0.0004369716547107431,0.00048819579326866535,0.008580230515437774,0.0053589999999997875,0.0053589999999998205,0.00535899999999991,0.001043589999999432,0.0010435899999993994,0.0010435899999994356,0.47772143285566554,9.593551977560669,0.5964995864440177,-0.0038303404863838045,-0.023601996829129182,-0.009175406933624486,-22.904438419342043,6.1192502918839455,14.275500602722168,986.0711352539063,-0.15770919114981385,27.673916088563285
2025-03-01T17:59:21Z,39.98439110676952,-75.35574611677426,55.71295536161064,-27.57263155602974,11.956691864818552,-1.4894376861851313,1.4252383885092939,6.272579643522047,6.241734677204489,0.000999999990653521,0.0010000000035901345,0.0009999999914721564,0.0009999999899367063,0.0009999999902884197,0.0009999999831559617,0.00003998474277404092,0.00004000068560379179,0.9853576436145014,37.99177570727849,28.852435077048217,0.02777445440985435,0.0004487954521405847,0.00047797981730508376,0.008590650149305958,0.0053599999999997885,0.005359999999999821,0.005359999999999911,0.0010435999999994312,0.0010435999999993987,0.001043599999999435,0.08928917593900024,9.555654453273924,1.0779237213018387,-0.007892590637049847,-0.015528400707319503,-0.00567311573710036,-24.53456356048584,9.123375310897828,13.724063062667847,985.9830200195313,-0.16513646583306293,29.555501910077016
2025-03-01T17:59:22Z,39.97649224850269,-75.35544680317537,56.00501005494023,-31.88629393935909,12.679888612046126,-1.3582487315992144,1.42306776337418,6.259036477482036,6.21610677989672,0.0009999999908442362,0.0010000000034552229,0.0009999999914479265,0.000999999990323389,0.000999999990044079,0.0009999999830282492,0.00004098335208580567,0.00004100072774048748,0.9985919431927213,38.7904355085273,30.767618926216706,0.027393684062067124,0.00046195671277927,0.00046497984386698456,0.008601008220292618,0.005360999999999787,0.005360999999999818,0.005360999999999914,0.0010436099999994322,0.001043609999999398,0.0010436099999994357,0.3402322011549114,9.67816365138461,1.0037893769070896,-0.0030453955068340203,-0.02446071262720098,-0.006322534769731424,-23.97881343841553,9.37143783569336,14.266688070297242,986.0161328125,-0.04590870432377266,29.433700789576815
2025-03-01T17:59:23Z,39.96999006349569,-75.35523070309128,56.120306575997375,-35.896052438180185,12.8779509616214,-1.249728612707871,1.4235669246491405,6.240234356129582,6.195166413278703,0.0009999999907720641,0.0010000000038498436,0.0009999999912880327,0.0009999999901516001,0.0009999999902012015,0.0009999999831828666,0.00004198195139322178,0.00004200077406691961,1.0066573254513709,39.40332262439742,32.76651078784155,0.02526556351606234,0.00047418393283148847,0.0004523316828119712,0.008610249488054033,0.00536199999999979,0.005361999999999819,0.005361999999999912,0.0010436199999994313,0.001043619999999398,0.001043619999999435,0.16522141217176267,9.67924373054159,1.1490304453160454,-0.002221729685033819,-0.021392702619562127,0.0023190319421258192,-24.33787593841553,8.233875293731689,14.753438081741333,986.15931640625,-0.03339392831950255,29.627518221493045
2025-03-01T17:59:24Z,39.96452721985952,-75.35507161599583,56.102141437757204,-39.48929271995048,12.519044665298779,-1.1538288520262636,1.4314866903525163,6.232296695194583,6.171554624992031,0.0009999999905126187,0.0010000000041540868,0.0009999999913692832,0.0009999999902080279,0.0009999999904582277,0.0009999999831657154,0.000042980533956317155,0.000043000824614191934,1.005778945501684,39.89511061723242,34.834001396658884,0.02203822456224492,0.00048545532336185973,0.00044074440055271195,0.008620629551764545,0.005362999999999791,0.005362999999999818,0.005362999999999914,0.0010436299999994308,0.0010436299999993974,0.0010436299999994343,0.13625387312051113,9.663296900635919,1.4424604486079646,0.003984556261534831,-0.023048713034144,-0.0062023646830864625,-23.3568759727478,9.581062927246094,15.2182506275177,986.2790942382812,-0.0106881115568319,29.47766243697868
2025-03-01T17:59:25Z,39.959770762785325,-75.35494992480001,55.96765959870137,-42.51198358679132,12.168374756467413,-1.128585268352038,1.4343661530201255,6.220828390278771,6.147131188393511,0.0009999999905022062,0.0010000000044150057,0.0009999999916899338,0.0009999999902496445,0.0009999999903865216,0.000999999982834069,0.000043979083309640945,0.000044000879453148664,0.9963324670743465,40.42478454224171,36.94704218579305,0.01985658149925791,0.0004957882977363984,0.0004316395963217934,0.008630217077222703,0.005363999999999788,0.005363999999999821,0.005363999999999911,0.0010436399999994308,0.0010436399999993982,0.0010436399999994345,0.2773650325395666,9.643431209560054,1.2384422446153442,-0.001702494571942468,-0.02476263994390262,-0.0006131186903680925,-24.23962589263916,9.250125379562379,15.892500658035278,986.37759765625,-0.055415859795115034,30.42519963250686
2025-03-01T17:59:26Z,39.95588054940878,-75.35484917286207,55.65848239431292,-44.9758259336202,11.851162710030117,-1.0685829693735331,1.4390577121920536,6.214611486235359,6.1240208194269465,0.0009999999904204845,0.001000000004279309,0.0009999999914256977,0.0009999999899367698,0.000999999990357175,0.0009999999825890521,0.00004497757318537613,0.000045000938713798156,0.9807887005060554,41.07968575421003,39.118874154171756,0.0180580950644593,0.0005045177345573844,0.00042581431803898767,0.008640202394864425,0.005364999999999791,0.005364999999999818,0.005364999999999912,0.0010436499999994294,0.001043649999999399,0.001043649999999435,0.2739353221557397,9.720240806575175,1.1641849801269573,0.0001504618742528283,-0.02310312371907687,-0.0031991130995889174,-23.220000743865967,8.808750395774842,16.24593812942505,986.515498046875,0.011544102264886398,29.676421826943688
2025-03-01T17:59:27Z,39.95059118477015,-75.35479214326668,55.59896641844178,-48.04481893940534,11.186737925251087,-1.1105780525817734,1.4440403767484145,6.209540128549171,6.10015281699385,0.0009999999904178778,0.0010000000041525594,0.0009999999915511807,0.0009999999898013738,0.0009999999902131085,0.0009999999828327521,0.00004597596884937893,0.000046001002568377676,0.9608890307718301,41.86725778304481,41.30101718397897,0.016646526605555528,0.0005119081208141443,0.00042329458798825905,0.008650498379817366,0.005365999999999791,0.005365999999999816,0.005365999999999914,0.0010436599999994302,0.001043659999999398,0.0010436599999994341,0.26358342374329075,9.602142636716973,1.1430438129948544,-0.0012728862268602276,-0.02370964940915847,-0.00546131578279588,-22.71112573623657,9.279937858581542,17.01431321144104,986.388427734375,-0.10843596857879292,29.85626070869519
2025-03-01T17:59:28Z,39.94684134736168,-75.3547294550733,55.15651156729504,-50.220253626814696,10.581111216736659,-1.1221645889321705,1.4500360899560216,6.204113317915558,6.0767743415333015,0.0009999999908266177,0.0010000000040060722,0.000999999991890512,0.0009999999899552505,0.0009999999904298862,0.00099999998274611,0.00004697422763030718,0.0000470010712462088,0.9377220147709279,42.86159485537137,43.54113780222923,0.015327796207237232,0.0005184870124424683,0.00042414889827331343,0.008660312261664018,0.0053669999999997895,0.005366999999999814,0.005366999999999913,0.0010436699999994306,0.0010436699999993987,0.001043669999999435,0.22037597613994844,9.663132134115518,1.2613734725102832,0.0009445860499037459,-0.02360199668323594,-0.0017533999764361703,-22.85962579727173,9.479625339508056,16.93143822669983,986.6153295898438,-0.03432671211644757,29.984935321533328
2025-03-01T17:59:29Z,39.942065582572056,-75.3547000920353,54.82121059838911,-52.56092483057993,9.983545815709004,-1.1485662134465537,1.4597053562725213,6.201925775882427,6.0555529406074875,0.0009999999903774416,0.0010000000037822046,0.0009999999920353652,0.0009999999901006513,0.0009999999905241502,0.0009999999829172518,0.00004797229743421588,0.000048001145011334846,0.9134385279119527,44.150752640240405,45.8154281630615,0.015090666860229716,0.0005239785523560922,0.00042812607865016903,0.00867057738242577,0.005367999999999787,0.005367999999999816,0.0053679999999999145,0.001043679999999431,0.0010436799999993984,0.0010436799999994344,0.1952899090966613,9.679262018418605,0.9603263055030433,0.003804301276526872,-0.02118607671266748,-0.004509968654155644,-22.156125755310057,9.323812880516051,17.55318820953369,986.5742114257813,-0.05315316965967556,29.7647239458189
2025-03-01T17:59:30Z,39.93694419092167,-75.35468918226924,54.42110832369343,-54.659200121729796,8.910078963664565,-1.225557542537166,1.4645565927526467,6.201347387534248,6.03069214148873,0.000999999990591761,0.0010000000041666675,0.0009999999920040918,0.000999999990030006,0.0009999999904529372,0.0009999999829960824,0.00004897012291643516,0.00004900122415596926,0.8900439852740372,45.63163876766547,48.1196172657046,0.014581437835158407,0.0005290902828063482,0.00043454033599156126,0.008680936147175225,0.005368999999999788,0.005368999999999812,0.005368999999999916,0.0010436899999994311,0.0010436899999993995,0.0010436899999994348,0.3125395244791472,9.587997443513267,1.2713435541073654,-0.001437786358132951,-0.024783001870210236,-0.005357501855596622,-22.256438369750978,10.116937866210938,17.943375806808472,986.6151733398438,-0.10484323775294552,30.32594828520251
2025-03-01T17:59:31Z,39.93225434329226,-75.35467426594835,53.814206744886114,-56.40162110602179,7.8585518407327095,-1.2934552212435415,1.4714112365989906,6.198488507526271,6.003919063676723,0.0009999999906994998,0.0010000000040221925,0.0009999999922527668,0.0009999999902686888,0.0009999999904371445,0.0009999999828492502,0.00004996764325719736,0.00005000130911342189,0.8675776691791525,47.38352290154084,50.49909328592635,0.01454860509283974,0.0005346044156749138,0.00044287913466985505,0.008690802426965008,0.005369999999999787,0.0053699999999998116,0.005369999999999919,0.0010436999999994304,0.0010436999999993988,0.0010436999999994339,0.24885056222425964,9.610848878856308,1.3478341306726624,0.0011278457369548627,-0.02702283968702632,-0.0017330376421765843,-21.774375801086425,9.513937888145447,18.40668830871582,986.7514208984375,-0.07363089855008481,30.057304951059557
2025-03-01T17:59:32Z,39.92810893418453,-75.35464670923697,52.999188670684006,-57.79467783809426,6.9843565165136265,-1.3743725730623364,1.4776894307787047,6.202511451818305,5.981274612256998,0.0009999999907359832,0.0010000000040771661,0.0009999999923878647,0.000999999990236754,0.0009999999903929297,0.0009999999830923596,0.00005096478616399236,0.000051001400367904535,0.8474023481690155,49.414229631056884,52.97370300994192,0.01529302332619473,0.0005401778263043676,0.0004524568929072924,0.008701492269464069,0.0053709999999997865,0.005370999999999811,0.005370999999999918,0.00104370999999943,0.0010437099999993991,0.0010437099999994334,0.1724600286855861,9.622854215023834,1.3052458089706631,0.0018114799845213104,-0.022307664421427453,-0.006893342869217422,-21.89493824005127,9.869625387191773,19.278563213348388,986.9166381835937,-0.06914156405111392,30.797040462335357
2025-03-01T17:59:33Z,39.92352772372522,-75.35461513665962,52.139305009040115,-59.05559991163602,6.163631616301655,-1.390290158321146,1.4819164734851094,6.201446322433674,5.9641865001297285,0.000999999990694314,0.0010000000038932195,0.0009999999925411885,0.000999999990448409,0.0009999999905635681,0.0009999999830327187,0.0000519614706892878,0.000052001498371972284,0.8319460837293208,51.7157285745881,55.591101118237084,0.01699153849977831,0.0005472465531346273,0.00046240422842717884,0.00871136385114992,0.005371999999999789,0.0053719999999998075,0.00537199999999992,0.0010437199999994307,0.0010437199999993982,0.0010437199999994342,0.05052544811673509,9.70237436993509,1.2651621039188532,0.0005577053377772293,-0.017340632869684573,-0.0003891353991268112,-21.584438247680666,10.452750425338746,19.211063346862794,987.0082983398438,0.003068761002344361,30.727997068439084
2025-03-01T17:59:34Z,39.91794115248955,-75.35457419510645,51.31748264723075,-59.94802653418254,5.152705671730432,-1.4283572108179527,1.4875319007538181,6.205062959931205,5.939543350851567,0.000999999991010194,0.0010000000042070455,0.0009999999924826734,0.000999999990687262,0.0009999999906488268,0.0009999999830796395,0.00005295762234733085,0.000053001603500324194,0.8235175571729213,54.164951770392086,58.331663431651265,0.018975336362292972,0.000555123689898636,0.00047186371848007626,0.0087217867707226,0.00537299999999979,0.005372999999999806,0.00537299999999992,0.001043729999999431,0.0010437299999993986,0.0010437299999994346,0.18265894600946742,9.65533382953192,1.349846448279437,0.0016312254266296151,-0.024510783617910377,-0.004620124887883789,-21.847125663757325,9.665250396728515,18.749813232421875,987.0597143554687,-0.03053235514046299,30.36883897782265
2025-03-01T17:59:35Z,39.913537809694205,-75.3545105179361,50.26251399493776,-60.47946118208312,4.469381548042134,-1.5295001127187506,1.489983879909206,6.205937458967384,5.914746114661047,0.0009999999911286404,0.0010000000038916004,0.000999999992237746,0.0009999999905695404,0.000999999990878914,0.0009999999828303023,0.000053953193516314074,0.000054001715953047804,0.8238808094015729,56.69246473096913,61.20927398696986,0.021265091322479293,0.0005642975454041201,0.0004800259480817346,0.00873179222038048,0.005373999999999793,0.005373999999999809,0.005373999999999918,0.0010437399999994306,0.001043739999999398,0.0010437399999994343,0.19788344095987523,9.61232448323147,1.249528996693658,-0.00037895396763197716,-0.0248440887634942,-0.001407243238256223,-21.51262565612793,9.534562883377076,19.63818826675415,987.2850146484375,-0.08619104088929691,30.64891974832208
2025-03-01T17:59:36Z,39.906258376483734,-75.35440115470718,49.37014769877044,-60.61771544832824,3.6487532792801445,-1.6130386769871832,1.4900330621476954,6.2105839234345614,5.896129268501673,0.0009999999911100932,0.001000000004010535,0.0009999999923836539,0.0009999999906659166,0.0009999999910050405,0.0009999999828827,0.00005494816934614802,0.000055001835722869865,0.8345617816252533,59.159675541947216,64.27019479330279,0.02455278935842347,0.0005739539155962745,0.00048614650074014864,0.008742047363148271,0.0053749999999997905,0.005374999999999808,0.005374999999999921,0.0010437499999994301,0.001043749999999397,0.0010437499999994332,0.056153156906321444,9.60288780812359,1.3283894954011763,-0.0018136518052599198,-0.018522305556894873,-0.002687388905315095,-21.463875732421876,6.993000295832753,19.294125757217408,987.23517578125,-0.08682477667024685,29.696132602372824
2025-03-01T17:59:37Z,39.89891440094215,-75.35424621879473,48.401364374743046,-60.282851787398485,2.98464554647228,-1.6530169761994935,1.4967679625479036,6.221691481781056,5.876278098801141,0.0009999999911503793,0.0010000000039536011,0.0009999999920437413,0.000999999990422431,0.0009999999911915682,0.0009999999827521031,0.00005594258617424952,0.00005600196251882993,0.8564714667832609,61.411924449907424,67.50889970017275,0.027952669313794972,0.0005830569563121406,0.0004897213925034441,0.00875312196107964,0.005375999999999789,0.005375999999999805,0.00537599999999992,0.0010437599999994294,0.0010437599999993969,0.001043759999999433,0.05782355661709991,9.63764852586981,1.3396586530384091,0.006035125972103083,-0.019234313668147717,-0.008350739238954083,-21.464438285827637,9.002625374794006,19.552313251495363,987.3687817382812,-0.05075517536716877,30.39834280470194
2025-03-01T17:59:38Z,39.890130212537464,-75.35400657413787,47.560981860022636,-58.860550042182695,2.589782825518983,-1.620783933955223,1.501778996013124,6.228176617215626,5.8483797318860455,0.0009999999907582152,0.0010000000040833437,0.0009999999923035923,0.0009999999906049148,0.0009999999910649516,0.000999999983058312,0.000056936568215034146,0.00005700209579387756,0.8870541171885296,63.32052389072178,70.856175199525,0.02908835661171309,0.0005914176873806829,0.0004909319733778722,0.008763329856905215,0.005376999999999789,0.005376999999999805,0.005376999999999919,0.0010437699999994291,0.0010437699999993966,0.0010437699999994326,0.3242244752493397,9.691486977573256,1.0617322995649119,0.005434443047689738,-0.027623523146962117,-0.002598429326958529,-19.2123756980896,13.85906301498413,21.952875957489013,987.4062744140625,-0.026305850765938017,32.29728309580177
2025-03-01T17:59:39Z,39.88219290723091,-75.3537325645987,46.676698446631015,-57.19020369191308,2.780980296414363,-1.6112132611076042,1.5015945923212493,6.231886577018982,5.829898268327245,0.000999999991068393,0.001000000004349169,0.0009999999921325117,0.0009999999909428498,0.0009999999912677778,0.000999999983157197,0.00005793031202058143,0.00005800223523074064,0.9209642595021783,64.81761358672354,74.30504596017634,0.029037825381958624,0.0005982418961612104,0.0004900211580176063,0.00877311083394345,0.005377999999999791,0.005377999999999802,0.005377999999999922,0.0010437799999994286,0.0010437799999993961,0.0010437799999994312,0.18195286897516946,9.706485324042568,0.6908787868526154,0.00170132436860356,-0.01836207864380502,0.0007875305352656257,-20.173500804901124,7.3771877861022945,22.014000759124755,987.5659765625,-0.048415677784770704,30.75721289635172
2025-03-01T17:59:40Z,39.875663813659585,-75.35345975911186,45.64406870743321,-55.409209412336104,2.8616520257777904,-1.692259405004992,1.4979845645384569,6.240216053407844,5.803617474356452,0.0009999999913449776,0.0010000000042169929,0.0009999999923859149,0.000999999990827509,0.00099999999127349,0.0009999999833559025,0.000058924030763724135,0.000059002380869423526,0.9523342679633404,65.78170201281685,77.78147298176052,0.027833922934764298,0.0006021013993678835,0.0004884552974874679,0.008783667243713947,0.005378999999999794,0.0053789999999998015,0.005378999999999925,0.0010437899999994286,0.0010437899999993958,0.001043789999999432,0.4273152584075837,9.605704354281844,0.8346534269484204,-0.00179412418093995,-0.025740023279445082,-0.0052047855833647835,-18.746250801086425,7.572562835216522,21.519938278198243,987.7638696289063,-0.12977327902156013,29.52745124039976
2025-03-01T17:59:41Z,40.07144514122652,-75.34520174125461,44.96800679089637,18.606479817733668,18.038047035456106,-0.8816995764339826,1.4041342774237937,0.08381000080583585,5.698106178162548,0.0009999999918273788,0.0010000000042480253,0.0009999999929545934,0.0009999999912620576,0.0009999999915133219,0.0009999999839016202,3.0912598897078246e-10,3.091258833043193e-10,0.5656299892953227,0.005597365801219977,0.005597480368337886,0.01335351837565658,0.00017247493661555192,0.00016748023496772834,0.008651868752130894,0.0053799999999997955,0.005379999999999803,0.0053799999999999265,0.0010437999999994277,0.001043799999999395,0.0010437999999994311,-0.016416051809738753,9.775641783162888,1.1335117507486971,-0.0006119506382187643,-0.01284426742109177,-0.004329713892849533,-18.89156318664551,8.294437832832337,21.525375747680663,987.8277465820313,0.058701453201002965,29.81656637800431
2025-03-01T17:59:42Z,40.07161181655299,-75.34498870181154,44.50169889590752,19.08018043329506,18.256670522722768,-0.9348114861083088,1.395401610319702,0.0775943463359235,5.706783474943893,0.000999999991960866,0.0010000000042691612,0.000999999993220704,0.0009999999912319916,0.0009999999912952812,0.0009999999841684981,1.000309126172935e-6,1.0003091263160562e-6,0.6031896366262646,0.022649532074512622,0.02532081948280944,0.013050973490708126,0.00018191690979876203,0.0001770246189639217,0.00866290415829711,0.0053809999999997965,0.005380999999999804,0.005380999999999928,0.001043809999999428,0.0010438099999993955,0.0010438099999994317,-0.508677204588327,9.626282611524784,1.2151919949025831,-0.008320196016607212,0.0054242617168909985,0.008376774476156264,-19.70775074005127,9.184125342369079,22.26093822479248,987.8297290039062,-0.06647449372668246,31.11735539742475
2025-03-01T17:59:43Z,40.07178108346366,-75.34477264006671,43.992150640598275,19.689224878431325,18.544142187659194,-0.9804158176638028,1.3938006628819037,0.08244739549557997,5.712860019851376,0.0009999999923551762,0.0010000000041402875,0.0009999999932181261,0.0009999999910011194,0.0009999999910742375,0.0009999999839504007,2.0003091270464245e-6,2.0003091304920834e-6,0.637907594427088,0.07210074537061034,0.08552891974363541,0.012694478509037486,0.0001916446705048858,0.00018647188497217766,0.008670094219577052,0.005381999999999795,0.005381999999999803,0.005381999999999931,0.0010438199999994275,0.001043819999999395,0.0010438199999994312,-0.43350269614287473,9.654119132991335,1.1491101990608616,-0.0009490943601141611,0.004630136670246671,-0.002944585937289723,-20.00475082397461,7.179562796503306,21.50400079727173,987.9094116210938,-0.050590750527440775,30.23499886136992
2025-03-01T17:59:44Z,40.07195144514054,-75.34455355892652,43.37206459410139,20.425978634842696,18.760511067659255,-1.0288280576208573,1.3893891490062436,0.07802503676854618,5.7148718493317245,0.000999999992523177,0.001000000004310072,0.0009999999929906948,0.0009999999910452336,0.0009999999906586796,0.000999999983801854,3.000309129232207e-6,3.0003091469666427e-6,0.6676302455722265,0.15517751397576818,0.1925932155195362,0.012429555549776702,0.00020114594336776171,0.00019590147864469845,0.008679931195037615,0.005382999999999792,0.0053829999999998,0.005382999999999932,0.001043829999999428,0.0010438299999993954,0.0010438299999994318,-0.2930028131195524,9.666748779542878,1.1783085286675326,-0.003656260641361793,-0.000667028399022171,0.005313938424525114,-18.6680633354187,11.33456295967102,22.72987581253052,988.052939453125,-0.03984274356812713,31.52162683460306
2025-03-01T17:59:45Z,40.07211904931702,-75.34433160713246,42.72339128349162,21.253788778757052,18.99790244700821,-1.163496116114464,1.3913526040111237,0.08840912229159356,5.714512102632046,0.0009999999925191143,0.0010000000043232343,0.00099999999322995,0.0009999999908276156,0.000999999991083131,0.0009999999837813933,4.000309124026733e-6,4.000309190272921e-6,0.6916263809604719,0.272376712389842,0.35004708066647466,0.01239438537577522,0.0002112160862211879,0.00020540637758745592,0.008685239544944767,0.005383999999999794,0.005383999999999801,0.005383999999999933,0.0010438399999994287,0.0010438399999993962,0.0010438399999994324,-0.25774986791980625,9.590031344727338,1.1166076946229297,0.0029095342947310816,-0.0004909466276983779,-0.00967427986746097,-19.245563440322876,10.97268789768219,21.73050073623657,988.0936352539062,-0.12432261337361254,31.032291269830694
2025-03-01T17:59:46Z,40.072284888760095,-75.34410751676587,41.8719458029493,22.120563255800082,19.112018464596584,-1.234045404208409,1.3897570370975014,0.08601369597944528,5.707460723693729,0.000999999992718507,0.0010000000041242901,0.0009999999932173405,0.0009999999907195493,0.0009999999910305843,0.0009999999837457868,5.0003090748832494e-6,5.0003092812775264e-6,0.7104525591667066,0.4270469813473902,0.5634780516221484,0.012647042854394762,0.00022098677300622235,0.00021503991143877839,0.00869458575180366,0.005384999999999795,0.005384999999999802,0.005384999999999934,0.001043849999999429,0.0010438499999993966,0.0010438499999994328,-0.19976118548626684,9.657765871012382,1.202982062278154,-0.00041166679671407426,-0.008718426619755016,0.0014484659203479419,-18.689813251495362,11.090062961578369,22.258313293457032,988.2792260742187,-0.04815023702904183,31.108326315990162
2025-03-01T17:59:47Z,40.07244470048923,-75.34388064691763,40.9231240616943,22.87865970817037,19.442526326341824,-1.3403721454664432,1.3897954648600874,0.08891074616866772,5.70951155577535,0.0009999999923339137,0.0010000000041384984,0.0009999999934442326,0.0009999999909757707,0.0009999999910028751,0.0009999999840004932,6.000308886590821e-6,6.000309447375528e-6,0.7256346741015754,0.6211965043421022,0.8228433265993529,0.013194296696906343,0.00023103653998156936,0.00022485724749851928,0.008702739440275584,0.005385999999999793,0.005385999999999801,0.005385999999999936,0.0010438599999994286,0.001043859999999396,0.001043859999999432,-0.40622451530413844,9.628436198866217,1.073058322801518,0.00022172973115444248,0.0014129153961699983,-0.002272635097116082,-19.586813259124757,9.854250395298005,22.12162582397461,988.403798828125,-0.08608523228048483,31.146631749610425
2025-03-01T17:59:48Z,40.07257362949959,-75.3436495472069,40.04660028298242,23.47074678529959,19.757294540349157,-1.394954861668886,1.384144604845315,0.09171470862532397,5.718557983389261,0.0009999999925128656,0.0010000000039391108,0.0009999999932970899,0.00099999999119366,0.000999999991302285,0.0009999999841589248,7.00030836353816e-6,7.000309721167386e-6,0.7390150580345035,0.8579333302669283,1.1212271141642904,0.013821745712987506,0.00024112364527805678,0.00023481135194822734,0.00871139039916718,0.005386999999999796,0.005386999999999799,0.005386999999999938,0.0010438699999994277,0.001043869999999395,0.0010438699999994314,-0.565666262618361,9.631427167888317,1.200755294210314,-0.006289988888594467,0.008135432588536471,-0.0009849787547155434,-20.97018829345703,10.344750390052795,22.7844384765625,988.4035888671875,-0.06022802635521195,32.6479704975346
2025-03-01T17:59:49Z,40.07267642453487,-75.34341609819171,39.12493268102437,24.290672381870994,19.836193463915205,-1.4331539667029602,1.3811050567758327,0.07960228596033586,5.7133027860277705,0.0009999999929092285,0.0010000000036986456,0.0009999999935521857,0.0009999999911644844,0.0009999999915003893,0.0009999999838627464,8.000307164356502e-6,8.00031014338305e-6,0.7518504759374605,1.1369858280468264,1.4994603721695514,0.01479861152609967,0.00025059821821414954,0.0002447930697514954,0.00872472986928299,0.005387999999999793,0.005387999999999802,0.005387999999999935,0.001043879999999428,0.0010438799999993957,0.0010438799999994317,-0.1870517613270611,9.661727754620225,1.3057165188191953,-0.0027715080436731274,-0.008238747048574397,0.010830414811584676,-22.070250759124757,10.038000378608704,20.94806327819824,988.5179638671875,-0.03134894239897493,32.04177772972612
2025-03-01T17:59:50Z,40.072793836819116,-75.34318426741842,38.013042148485354,24.669924574437793,19.540440395774645,-1.4137917083056164,1.3792866642341566,0.09388898415196861,5.709515178072365,0.0009999999928439948,0.0010000000037282883,0.0009999999936565922,0.0009999999910901326,0.0009999999912023332,0.000999999984016317,9.000304755094026e-6,9.000310759061623e-6,0.7649190650956628,1.4626354406323379,1.888536139214498,0.015121418024413696,0.00026106476786651303,0.0002547608111273418,0.008730007394552533,0.005388999999999791,0.0053889999999998045,0.005388999999999938,0.0010438899999994282,0.0010438899999993957,0.0010438899999994319,-0.35808889799492405,9.615116134321966,1.8724206040764755,-0.0017941245042140982,-0.0012748893942418785,-0.014968441471773578,-21.432000732421876,10.164750366210937,20.88037570953369,988.7790600585937,0.019608446689103432,31.601260809111455
2025-03-01T17:59:51Z,40.07293874418578,-75.34295310815124,36.77871328198635,25.32486318767888,19.77674746393878,-1.3844847639661353,1.3862606740834007,0.09066689347956547,5.709367356715583,0.000999999993034346,0.001000000003359293,0.000999999993817355,0.0009999999912411563,0.0009999999914785801,0.000999999983803546,0.000010000300374083366,0.000010000311619980644,0.7786533537399583,1.8355664027094218,2.3678823753899723,0.016160086624514233,0.0002705252645919859,0.00026461243590727437,0.008740882082386443,0.00538999999999979,0.0053899999999998055,0.005389999999999937,0.0010438999999994288,0.0010438999999993963,0.0010438999999994325,-0.46665897788014715,9.748418540075358,1.2632733434003807,0.006748469305126709,-0.0007771843885490515,0.0029205500542583704,-20.759438247680663,9.134437918663025,21.116625843048094,989.0269677734375,0.058298623330403546,30.98872329121932
2025-03-01T17:59:52Z,40.07307933504926,-75.34271863582947,35.51690168860215,26.007094112784333,20.125674456038933,-1.441022406291735,1.398073690006761,0.07781302845359879,5.713571974086873,0.0009999999928216635,0.0010000000036723368,0.0009999999937892088,0.0009999999913131458,0.000999999991592754,0.0009999999837011844,0.00001100029299233895,0.000011000312790998245,0.7941575115337077,2.248576602217081,2.909523092928872,0.017452592351768235,0.0002792066347762106,0.00027423031744603054,0.008754806540207534,0.005390999999999788,0.005390999999999805,0.005390999999999937,0.0010439099999994285,0.0010439099999993962,0.0010439099999994322,-0.40897626286979827,9.698346399303892,1.0402367709042863,0.01114602789553323,0.0019321509714488613,0.013121157087788422,-21.221625785827637,8.277750329971314,21.324188270568847,989.1870556640625,-0.020204059869862536,31.202506100791993
2025-03-01T17:59:53Z,40.07303861044124,-75.34248016158145,34.68829370280057,26.302285840973408,20.45529047772735,-1.1697739317441056,1.401361794096654,0.05796939193079508,5.731102076000322,0.000999999992623677,0.0010000000036327406,0.0009999999935505525,0.0009999999910963763,0.00099999999145151,0.000999999983354012,0.000012000281318860355,0.000012000314338272032,0.8115249579207788,2.716637082935181,3.4871407281821227,0.018262965612452824,0.0002872819394431151,0.00028350088428469436,0.008770734515310448,0.005391999999999786,0.005391999999999802,0.005391999999999934,0.0010439199999994276,0.001043919999999395,0.0010439199999994313,-0.4996485566978974,9.96424330826689,1.129589099088024,0.0007099208142222761,0.014614605069620925,0.021536905141830428,-20.47106327056885,9.846000380516053,22.29225076675415,989.078486328125,0.25771624601719617,31.826865472326155
2025-03-01T17:59:54Z,40.07282371898109,-75.34224250641165,34.25706508699953,26.057954781718262,20.144529771534074,-1.0486233105026113,1.4025804589899724,0.048246046946323326,5.737554665042462,0.0009999999927310067,0.001000000003210119,0.0009999999939418979,0.0009999999911586678,0.0009999999916639895,0.0009999999831374015,0.000013000263827798386,0.000013000316322601307,0.8283818040119437,3.2112207971226177,4.047874309078175,0.017628871987529052,0.0002953798682190797,0.0002923570333187759,0.008782757834569147,0.005392999999999786,0.0053929999999998025,0.005392999999999934,0.001043929999999427,0.0010439299999993946,0.0010439299999994308,-0.3719273956642297,9.6820354372624,1.78631887564708,-0.0014276050728340378,0.006279472173164156,0.00900800158281204,-21.90093826293945,11.997750415802003,21.60431329727173,989.0110302734375,0.06971414024079357,33.02029845828597
2025-03-01T17:59:55Z,40.072740334701095,-75.34200827078351,33.637533290976016,25.307329119885924,19.890837112832582,-0.9832989575111493,1.4002234339722994,0.029008858870865555,5.763021483264145,0.0009999999923172881,0.001000000003165875,0.000999999993468971,0.0009999999912456016,0.0009999999919024344,0.0009999999827857012,0.000014000238770647424,0.000014000318791372608,0.8402562540603109,3.7421010389279963,4.563708277573793,0.015798179029571865,0.00030317134455357315,0.000300754231227246,0.008797934958290283,0.00539399999999979,0.0053939999999998035,0.005393999999999936,0.001043939999999427,0.0010439399999993947,0.0010439399999994307,-0.7563343520427076,9.59094858868596,2.0738962834538004,-0.004736456174021609,0.02293571863997949,0.022172137199320735,-23.04656322479248,12.049312953948975,20.085000705718993,989.2644873046875,0.05900107387077444,32.85930513925582
2025-03-01T17:59:56Z,40.07262334327489,-75.34177664856439,33.069653552102324,24.500739320276153,19.703185016609694,-0.9027031360337917,1.4111909747267133,0.003916509057889992,5.791448891914239,0.0009999999926463374,0.0010000000031952156,0.0009999999933858483,0.0009999999912050335,0.0009999999915694421,0.0009999999827958665,0.000015000204103154246,0.000015000321796946271,0.844682480330361,4.313900740820117,5.132945635583135,0.01431951122417767,0.00031129324009571233,0.000308852056331047,0.008814869046375857,0.00539499999999979,0.005394999999999805,0.005394999999999937,0.0010439499999994263,0.0010439499999993938,0.0010439499999994298,-0.623369249450513,9.638858714866599,1.992103572586212,0.009231984765091726,0.025049377414342558,0.028356559354957032,-18.349313108921052,-6.6736878483742474,0.2572499829530715,989.3463916015625,0.07959793426771637,19.526894142218783
2025-03-01T17:59:57Z,40.07261678665248,-75.34154467741995,32.34992168241981,24.534068247326438,19.891916967357414,-0.9562582429625078,1.4109336595507715,0.011207177003272653,5.818644691739127,0.000999999992694364,0.0010000000032777522,0.0009999999935333785,0.0009999999908015735,0.0009999999915766512,0.0009999999827579615,0.000016000157444119712,0.00001600032543436255,0.8449919289936756,4.916505837506407,5.864404560784965,0.014205002456195165,0.0003199152785679715,0.00031681355842789566,0.008821121384187662,0.005395999999999792,0.005395999999999808,0.00539599999999994,0.0010439599999994265,0.001043959999999394,0.0010439599999994302,-0.03374177891087783,9.649413250919961,1.2643246181384677,-0.0011221726221015233,0.028647303613882735,-0.0035045453165911196,-12.249562993869185,-42.252939335107804,17.23125079214573,989.5318383789063,-0.050760444031348224,47.24694572083737
2025-03-01T17:59:58Z,40.072283700882885,-75.34131061142008,31.881238896477868,24.520764444233915,20.236692435479426,-0.928313674858481,1.4173467011866956,0.01250613913511722,5.8454317286372675,0.000999999992758464,0.001000000003567469,0.0009999999932723434,0.000999999990878551,0.0009999999917516364,0.000999999982883042,0.000017000096124844077,0.000017000329822051933,0.8451953510758954,5.56393898936403,6.68151773105863,0.014457715194460282,0.0003286539856089331,0.00032465792408613227,0.008829044244097441,0.005396999999999788,0.005396999999999811,0.005396999999999943,0.001043969999999427,0.0010439699999993945,0.0010439699999994308,-0.04501225027981678,9.749909187751369,0.9839407158734544,0.004565378152360456,0.028173800081315623,0.0015085514792725699,-11.914875411987305,-37.1743140411377,22.937626008987426,989.4268017578125,0.016785428317282622,45.27719036840812
2025-03-01T17:59:59Z,40.07196050727001,-75.3410729678107,31.331864835573953,24.43146671190241,20.654542565194912,-0.994863367132904,1.420542827129374,0.013660134121287772,5.882756170724154,0.0009999999929166624,0.0010000000037922747,0.000999999993403166,0.000999999990797662,0.000999999991718657,0.0009999999831920093,0.00001800001722702204,0.000018000335061952237,0.8459127296538417,6.249093957543237,7.53437186544945,0.014751547091353887,0.00033759348720965794,0.000332222198304729,0.008837041918731693,0.0053979999999997875,0.005397999999999812,0.005397999999999944,0.0010439799999994274,0.001043979999999395,0.001043979999999431,-0.16243576193187179,9.669114183422336,0.8989804771262132,0.0013518287148931143,0.03843132217440127,0.0032964156650550323,-12.706312999725341,-29.07881364822388,18.8671882006526,989.5290063476563,-0.07062481470689855,36.918759908890756
2025-03-01T18:00:00Z,40.07182961576266,-75.3408335898148,30.548097317506873,24.07468960645287,20.49072409453578,-1.037814226846437,1.4170700523723248,0.01864836557507223,5.911468169477612,0.000999999992637601,0.001000000003589427,0.0009999999932084563,0.0009999999910456877,0.0009999999916049337,0.000999999983320681,0.000018999917492899603,0.00001900034123962151,0.8452243229638207,6.981462378929146,8.384692426834464,0.014013473027374324,0.0003464374571045791,0.0003399119828950311,0.008844064813356506,0.005398999999999783,0.005398999999999811,0.00539899999999994,0.0010439899999994265,0.0010439899999993942,0.0010439899999994302,-0.29794928866878867,9.597768154776277,1.6227295657462284,-0.004697735334124582,0.02989623873713522,-0.0012653759842998977,-15.635438146591186,-27.824251079559325,14.511000628471374,989.73046875,-0.044235703556640874,35.06025458554863
2025-03-01T18:00:01Z,40.071625536208856,-75.34059755408639,29.771988355687,23.716824502358502,20.202770080912646,-1.0174035982477614,1.4178443535765173,0.01949984898522741,5.93837113165992,0.0009999999925100588,0.001000000003929959,0.0009999999934078917,0.00099999999087543,0.0009999999914841679,0.000999999983629196,0.000019999793176833515,0.000020000348450444424,0.8414758222669131,7.771563592696534,9.304115451379724,0.013346593071417454,0.000355355486798563,0.0003476803736413143,0.008852367142567917,0.005399999999999784,0.005399999999999809,0.0053999999999999404,0.001043999999999427,0.0010439999999993944,0.0010439999999994306,-0.2785674236589917,9.642899034277656,1.7378367548530713,-0.0005520323784342473,0.027527385309429334,0.002563377954990248,-20.95162586212158,-31.778626403808595,8.950687828063964,989.8097631835938,0.019462781152510118,39.10195087940418
2025-03-01T18:00:02Z,40.07131305899767,-75.34036595552753,28.989922127457465,23.31683560227646,19.809403570281784,-1.1139852179383531,1.4068172840965874,0.01813669200251894,5.966308292280761,0.0009999999929076744,0.0010000000041418904,0.0009999999933086282,0.0009999999905493523,0.0009999999912925054,0.000999999983500574,0.00002099963997341487,0.000021000356810692197,0.8351415918803856,8.610230709592374,10.272118751379962,0.012791045337758046,0.0003645640186066967,0.00035550173529877405,0.008861385544603575,0.005400999999999785,0.005400999999999806,0.005400999999999942,0.0010440099999994266,0.0010440099999993943,0.0010440099999994303,-0.2697937398055795,9.502135029470963,1.856149416463212,-0.012423170648868801,0.028260422639372257,0.005006837237388523,-21.298125801086425,-29.233501186370848,12.100125458985566,989.8810327148437,-0.09720409476646096,38.13944042289878
2025-03-01T18:00:03Z,40.07062259169943,-75.34014081214616,28.38260245804665,22.86933104553798,19.180351199182052,-0.9821919929691303,1.420382144941776,0.021704173117511785,5.989460862564429,0.0009999999929890652,0.0010000000046080566,0.0009999999934215,0.0009999999901524077,0.0009999999911130004,0.0009999999836528758,0.00002199945295214312,0.000022000366453130176,0.8268974576105068,9.539458439647406,11.34325188592919,0.012452136821113487,0.0003741292655616428,0.00036355416529884653,0.008869169600939163,0.005401999999999784,0.005401999999999809,0.00540199999999994,0.0010440199999994261,0.0010440199999993938,0.0010440199999994298,-0.1806970598359251,9.694835066619234,2.029015793253992,0.011885742074504628,0.024728923292591267,-0.0009949931990647814,-16.881000633239747,-30.00881368637085,13.078687977790832,989.85310546875,0.12391900403116503,36.831310304944445
2025-03-01T18:00:04Z,40.06972559777165,-75.33992283900314,27.850754703675314,22.176599215586403,17.821361811455564,-1.050259942667006,1.4146035556020145,0.018105653871325584,6.001144109301758,0.0009999999932140066,0.001000000004518161,0.0009999999931948281,0.00099999999005752,0.000999999991278089,0.0009999999834955143,0.000022999226224565537,0.000023000377504675384,0.8165868712581956,10.552712071167306,12.432493492222534,0.012832737275429235,0.0003837803451366436,0.00037208239796077553,0.008878999725341497,0.005402999999999782,0.00540299999999981,0.005402999999999938,0.0010440299999994254,0.001044029999999393,0.0010440299999994289,-0.19210676928420742,9.382573635414602,2.7361099511848113,-0.007037380008734355,0.012265946601712145,0.004192350889993141,-16.704000720977785,-36.5173140335083,5.037187689393758,989.884609375,-0.007179595868844145,40.471063894112056
2025-03-01T18:00:05Z,40.06865663768347,-75.33970860374008,27.28442547435666,21.66925291597994,16.831875256271918,-1.0848757329384897,1.4201656359162673,0.016230738088463224,6.011086388294813,0.000999999993027312,0.001000000004882686,0.0009999999928279651,0.0009999999902889367,0.0009999999910956772,0.000999999983303915,0.000023998953091262247,0.000024000390079676582,0.806443765108399,11.654864571760536,13.63435786074234,0.014004564338498266,0.00039391170560097835,0.0003808050348801174,0.008888662535200074,0.005403999999999778,0.005403999999999812,0.005403999999999935,0.001044039999999425,0.0010440399999993924,0.0010440399999994284,-0.09588914408576796,9.46814453975038,2.4057088717387978,0.004845776027598505,0.010628962814804377,0.0022295721068705788,-19.435688247680662,-40.14956407546997,9.151687908917665,989.9359326171875,-0.012867506306047664,45.53550525525892
2025-03-01T18:00:06Z,40.0673502619441,-75.33948926967186,26.793434210558228,21.064053605166343,15.767242873223996,-0.9722517937061318,1.4213141920206669,0.01819017584363441,6.039129103983602,0.0009999999929688023,0.0010000000047915574,0.0009999999930299182,0.0009999999901647348,0.0009999999914878691,0.0009999999835209879,0.000024998626823913985,0.000025000404260103824,0.8001377405910676,12.888993174371144,14.91674490896661,0.0163401938401336,0.00040484306380711785,0.00038909116962408056,0.008897699992200246,0.0054049999999997754,0.005404999999999814,0.005404999999999937,0.0010440499999994244,0.001044049999999392,0.0010440499999994281,-0.17655342331452273,9.585046282445475,2.6012743808798193,0.0008122327766323814,0.028891649609565983,0.001066759135739209,-19.873875761032103,-41.36006422042847,5.717437780350447,989.9668359375,0.15112191697388305,46.2418668234751
2025-03-01T18:00:07Z,40.06575367762531,-75.33925251116453,26.43125791565182,20.826567207392884,15.435535175842618,-0.9302897570123042,1.419647510653603,0.018560464827899633,6.066404490512884,0.0009999999930661568,0.0010000000046159387,0.0009999999930605482,0.0009999999900132785,0.000999999991565788,0.0009999999835773798,0.00002599824209880471,0.000026000420067013524,0.8005818308435861,14.16361084703197,16.303917223509128,0.017630196544211392,0.0004152639060726224,0.00039757826337402126,0.00890732413919949,0.005405999999999778,0.005405999999999813,0.005405999999999936,0.0010440599999994257,0.001044059999999391,0.0010440599999994274,-0.007660023852360412,9.606302554443653,1.958681871540364,-0.0011018107549674405,0.0276190149061675,0.002481929304433709,-19.543313255310057,-37.04981410980225,12.858937923908234,989.9754614257813,0.021794216071873634,43.817549588205196
2025-03-01T18:00:08Z,40.06406075231694,-75.33899510665445,26.139387317269218,20.727831858413104,15.014694891180065,-0.8136553718279782,1.4115904685093743,0.01782359601579259,6.0829045746993495,0.00099999999286763,0.0010000000044587548,0.000999999993231825,0.000999999990130103,0.0009999999916579672,0.0009999999841360623,0.000026997796586355224,0.000027000437453595035,0.8087944545319106,15.568399833581282,17.751812206149353,0.0198242976090425,0.0004242156046415042,0.00040652515624560193,0.008917262807166296,0.00540699999999978,0.005406999999999816,0.005406999999999939,0.0010440699999994256,0.0010440699999993903,0.0010440699999994263,0.12342677648912313,9.633210054987059,2.2527251134457176,-0.006420173101873528,0.01643718543834107,0.002109401596918539,-18.658125782012938,-37.15500131607055,9.47062537431717,990.0189282226562,0.11176225805051976,42.641625131165746
2025-03-01T18:00:09Z,40.062223816582176,-75.33870755958169,25.889552035471482,21.01509891206056,15.540587849917546,-0.8802541001596937,1.409663175900693,0.016666760579100316,6.092437067315247,0.0009999999930383325,0.001000000004302506,0.000999999993571725,0.0009999999899344238,0.000999999991799015,0.0009999999843371091,0.00002799729179960516,0.000028000456326815967,0.8230602359500029,16.945892566136518,19.235560096954963,0.019390854999206585,0.0004314002386570244,0.0004157036164339568,0.008927255655376288,0.005407999999999781,0.005407999999999814,0.005407999999999938,0.0010440799999994247,0.0010440799999993893,0.0010440799999994256,0.33220055381176833,9.570170949931455,1.4629288929669193,0.0006798784880412019,0.009211623072584323,0.0014434588775353117,-18.06056324005127,-35.11968900680542,9.11043788909912,990.0446997070312,-0.09513755391526546,40.52866222915047
2025-03-01T18:00:10Z,40.06012084475837,-75.33837533405821,25.656281783896105,21.37726830820596,16.22637932109644,-0.8975213793825851,1.4026899589071977,0.01929208960406806,6.095947096912635,0.000999999992853092,0.0010000000043586452,0.0009999999934705943,0.0009999999897977666,0.0009999999916062553,0.0009999999839599746,0.000028996732251155664,0.000029000476638706982,0.8390441429754825,18.413227729437118,20.73075018016113,0.019253754552154424,0.0004369639433854782,0.0004249299170391477,0.008936273849016142,0.005408999999999783,0.005408999999999816,0.005408999999999939,0.0010440899999994242,0.0010440899999993897,0.001044089999999426,0.421431261087172,9.600220443596212,1.5517849893653772,-0.0033958920290780977,0.0037191810040284393,-0.003478508826056774,-19.985438175201416,-35.94562631607056,9.741375448703765,990.044306640625,-0.04830253295212408,42.26577684905406
2025-03-01T18:00:11Z,40.057678982719,-75.33798822343459,25.500328254952233,21.682986838107666,17.259661167803653,-0.8887031780627243,1.406175863667496,0.014720496323372174,6.100972382399532,0.0009999999928107682,0.0010000000043995831,0.0009999999935686723,0.0009999999894223918,0.0009999999916910749,0.0009999999842404666,0.00002999612362196794,0.00003000049836739511,0.8544126905573235,19.94407720443264,22.207912000972765,0.01893560984010533,0.0004411834154081907,0.0004338843528770251,0.008946804980243743,0.005409999999999786,0.005409999999999813,0.005409999999999942,0.001044099999999424,0.0010440999999993903,0.0010440999999994267,0.4060191295229276,9.630031401947749,1.4703865240480232,0.007918625872578683,0.003948004470645485,0.0034491316798511045,-21.325875797271728,-32.02612642288208,15.280313148498536,990.02212890625,-0.0322830296076369,41.39987339194459
2025-03-01T18:00:12Z,40.05486502269182,-75.33753846802712,25.386142823699704,22.121605178431594,18.988310628394157,-0.9933155853437918,1.4109599822986985,0.01714987675081265,6.103655328007352,0.0009999999928681873,0.0010000000045672646,0.000999999993284184,0.0009999999893055582,0.0009999999915913413,0.0009999999844614441,0.00003099547044088587,0.00003100052166291299,0.8658698589707172,21.462750962256937,23.702452662269117,0.01796263959225893,0.0004448791351007959,0.00044243677398594304,0.00895563381786085,0.005410999999999788,0.005410999999999815,0.005410999999999938,0.0010441099999994228,0.0010441099999993902,0.0010441099999994265,0.5668168091063568,9.59812710984108,0.9188010327358782,0.009965022381330409,0.0028382671546082,-0.004471748352123725,-21.037125806808472,-41.29106414794922,8.195625332593918,989.9901684570312,-0.12393594472432011,47.06034567689827
2025-03-01T18:00:13Z,40.05165469750623,-75.33702552883452,25.21535496102799,22.61073476560605,21.468219909353934,-1.176839756206656,1.4041676325105235,0.016463266663242073,6.109585243707716,0.0009999999926710525,0.001000000004676413,0.0009999999933140295,0.0009999999892889863,0.0009999999917612058,0.0009999999845385365,0.00003199477215628288,0.00003200054703446405,0.869876476500132,22.951694586424196,25.276103399712266,0.01748718045010821,0.00044908717086955606,0.0004502207669176294,0.008965030365555174,0.005411999999999791,0.005411999999999817,0.00541199999999994,0.0010441199999994225,0.00104411999999939,0.0010441199999994262,0.6848771117246408,9.61736247365526,0.3022216256566815,-0.0014130850983502382,0.005842186602013841,-0.0017059992837956466,-40.26131381988525,1.6818750742077828,63.64894020080566,989.96283203125,-0.13642909603709633,75.33247660539554
2025-03-01T18:00:14Z,40.04847883009062,-75.33649753662995,24.944401365053015,22.694593927649795,23.377331116217523,-1.1155002780854335,1.4084223131136584,0.015261804611976447,6.114439103276754,0.0009999999926053567,0.0010000000045908642,0.0009999999932584806,0.0009999999892643429,0.0009999999919867806,0.0009999999846687887,0.000032994023222752934,0.00003300057513536317,0.8695734924788444,24.56648322167566,26.942974898779536,0.01860880968321857,0.00045461929812799177,0.00045689604829199024,0.008974451178685519,0.005412999999999789,0.005412999999999816,0.0054129999999999396,0.0010441299999994224,0.0010441299999993897,0.001044129999999426,0.5397779163443819,9.778944674169315,0.8493294078389608,0.008773836321537793,0.005159553002112544,-0.0019061154910037658,-20.650875911712646,31.63575143814087,19.70700078010559,990.0175927734375,0.04747960838631009,42.61033908543364
2025-03-01T18:00:15Z,40.044992564391826,-75.3359442370045,24.70188030155725,22.629112585563238,25.787150258408392,-1.2116675166925006,1.4056850069270685,0.018166556352362206,6.125141323316132,0.0009999999924543285,0.0010000000043761986,0.0009999999932322164,0.0009999999897389953,0.0009999999919970217,0.000999999984544291,0.00003399321461125885,0.00003400060670853178,0.8693532841450384,26.08993362971298,28.764874926690403,0.021348516009547503,0.0004618861002795874,0.00046209490392508883,0.008982816401892536,0.005413999999999786,0.005413999999999819,0.005413999999999942,0.001044139999999422,0.0010441399999993892,0.0010441399999994256,0.5833194438768144,9.716684229861812,0.2299269949128387,0.0008701471617837298,0.01226127337200004,-0.006002081317793997,-22.122563362121582,11.804625453948974,17.33250082015991,990.0189013671875,-0.04650391150417123,30.48228142153154
2025-03-01T18:00:16Z,40.04108967811603,-75.3353801847745,24.448077740779965,21.869631941313557,27.519722023741267,-1.2711080347751262,1.406790387419332,0.02087258138544073,6.136507975673777,0.0009999999923616042,0.0010000000046152865,0.00099999999323463,0.0009999999895308254,0.0009999999920563879,0.000999999984734982,0.000034992336474450285,0.00003500064249182183,0.873666924095223,27.604476994854913,30.69310465179779,0.02386635126429334,0.00047070470255684626,0.00046541916826232325,0.008990893622579882,0.0054149999999997854,0.005414999999999818,0.005414999999999942,0.001044149999999421,0.0010441499999993883,0.0010441499999994247,0.3314428288962401,9.647578723267312,0.7917022588817405,0.003500037139055551,0.01374220342497515,-0.006894845009673121,-25.94981372833252,12.309187984466552,16.173563251495363,990.0115942382813,-0.09791816693791457,32.96194384565369
2025-03-01T18:00:17Z,40.036536125784856,-75.33482006519502,24.27351769494643,20.747628127966923,29.395274227357277,-1.302148221842108,1.4058396649034128,0.013537592456144545,6.146005465182848,0.000999999992270584,0.0010000000045809448,0.0009999999929271952,0.0009999999894135304,0.0009999999919799657,0.0009999999845501752,0.0000359913828953078,0.000036000683101898134,0.8864573411461392,28.98233139473449,32.857065785187864,0.028542563953185152,0.0004803092915003697,0.00046645394160102315,0.009000268287001885,0.005415999999999788,0.00541599999999982,0.005415999999999944,0.0010441599999994203,0.0010441599999993878,0.0010441599999994238,0.4603440539382566,9.724451094200647,0.3770267505867303,-0.000041142588180346855,0.011359997411530163,0.0010478990412726573,-24.8735636138916,11.137687902450562,15.96712574005127,989.967978515625,-0.04117931626121528,31.586201978085885
2025-03-01T18:00:18Z,40.0317652041469,-75.33431094403716,24.178861984606225,18.767637628219006,30.05888567971184,-1.1840603225153452,1.4061801278254091,0.01179529804258161,6.155224764155614,0.0009999999922641742,0.0010000000044806463,0.0009999999926793915,0.0009999999896847167,0.0009999999919848184,0.0009999999846034815,0.000036990356404959666,0.00003700072886441775,0.9086410857311964,30.27100361756665,35.0719356541648,0.02941770871726697,0.000490064196233019,0.00046509832643014116,0.009008021232490863,0.005416999999999791,0.005416999999999817,0.005416999999999947,0.0010441699999994205,0.001044169999999389,0.0010441699999994242,0.13491232990532437,9.713221843079118,1.231542950294534,-0.0006029376994193202,0.012846268536161113,-0.005469493980358861,-25.75256359100342,13.177875576019288,15.02850061416626,989.9754370117188,0.008027327168934248,32.599132757678305
2025-03-01T18:00:19Z,40.02670081945173,-75.33386687684572,24.24299633894445,16.45199471013057,30.44604509876958,-1.125440725342017,1.4112025137870874,0.010601637034633387,6.164741424464066,0.0009999999919891804,0.0010000000043814618,0.0009999999930549884,0.0009999999902485948,0.0009999999921798792,0.0009999999847861132,0.00003798926952994551,0.00003800077976878899,0.9364782446575172,31.357502906474288,37.39201308800224,0.030807830683714697,0.0004990591738921271,0.00046164844644331645,0.009015186735496008,0.005417999999999792,0.005417999999999817,0.00541799999999995,0.0010441799999994193,0.0010441799999993894,0.0010441799999994232,0.18125332815585624,9.672464012141514,1.0116425424043032,0.0022681264513258565,0.01399673060147516,-0.006966112695391226,-25.68581367492676,12.799500532150269,15.570938110351562,989.9511547851563,-0.05700810514195858,32.650253234452315
2025-03-01T18:00:20Z,40.02176633061388,-75.33350451204825,24.36220362586271,13.964415441737914,30.52377698353036,-1.0480180797037932,1.4207580548928629,0.005860891260829155,6.168363020539125,0.0009999999923914372,0.0010000000047523422,0.000999999993139608,0.000999999990121813,0.0009999999920365786,0.0009999999849407068,0.000038988137801918687,0.000039000835682707204,0.9674235209656418,32.272181913672114,39.74836595825257,0.03231002422257089,0.000506583841106397,0.00045653747960883157,0.009022623378589929,0.005418999999999793,0.005418999999999818,0.005418999999999951,0.0010441899999994197,0.001044189999999389,0.0010441899999994234,0.1544942489605442,9.715428999036567,0.8020077392518594,0.00535649845002097,0.007835007467294994,-0.004509969332740425,-25.340063667297365,11.561812915802001,14.504250631332397,989.9685229492187,-0.03421898806613412,31.403255282726025
2025-03-01T18:00:21Z,40.016951180913466,-75.33322775603342,24.534294078153952,11.27935473742023,30.031728295475553,-1.0170823813177718,1.426074971955404,6.279178135354803,6.171275359936987,0.0009999999922079455,0.00100000000445491,0.0009999999929405188,0.000999999990366038,0.000999999992185175,0.0009999999847875836,0.000039986978348751825,0.00004000089623503567,0.9982668885490236,33.04527040324438,42.030872703207756,0.032506861416378416,0.0005119805253939525,0.00045064803054697337,0.009030588313418063,0.0054199999999997904,0.005419999999999815,0.0054199999999999535,0.00104419999999942,0.0010441999999993884,0.0010441999999994238,0.11584950407734418,9.648216842646614,0.8739754791527051,-0.00017533261184158135,0.0064729124377177275,0.0005577053830910462,-24.786001110076903,11.24418791770935,13.817063045501708,989.9724487304687,-0.09543593876501084,30.523527729508753
2025-03-01T18:00:22Z,40.012221976227984,-75.33303781907907,24.765207673486046,8.478744382955018,28.94042463768404,-0.9495685575336303,1.4317894299243286,6.269158794381157,6.171593489173461,0.0009999999921674499,0.0010000000045003907,0.0009999999931108764,0.0009999999905242743,0.0009999999924097608,0.0009999999847750266,0.00004098580790183683,0.00004100096095414399,1.0246197583283223,33.750090498934654,44.21482582450372,0.031228005465504863,0.0005151072290392724,0.000444934027951701,0.009038443158135488,0.005420999999999793,0.0054209999999998175,0.005420999999999955,0.0010442099999994196,0.001044209999999388,0.0010442099999994233,0.14194173391780718,9.655530005028444,1.0478408525529697,-0.0008422768758074327,0.00390945015506235,0.0006072753999502342,-25.517438621520995,10.651125364303589,13.483313074111939,989.9602758789063,-0.07045047127996175,30.76333456380746
2025-03-01T18:00:23Z,40.00771247114282,-75.33292742658766,25.056599660435264,5.854729554618298,27.930064043807107,-0.8423460914832581,1.4406497435267627,6.263324168281633,6.1757189843513745,0.0009999999923793327,0.0010000000043908362,0.0009999999928259865,0.0009999999903711964,0.0009999999923934733,0.0009999999845887427,0.00004198463758822353,0.00004200102936023821,1.0457587944537177,34.45048725312951,46.30255357707949,0.031653517823578114,0.0005161308386899127,0.00043993466189128923,0.009045815712696508,0.0054219999999997924,0.0054219999999998185,0.005421999999999958,0.0010442199999994195,0.001044219999999387,0.0010442199999994232,0.2340549418402309,9.756771205897598,0.6015925058474738,0.0017081670120896947,0.008010255909936145,-0.00234390300159791,-24.51712598800659,8.927437858581543,13.948688039779663,989.9536059570313,-0.0054786893902148285,29.58633988514192
2025-03-01T18:00:24Z,40.00320400451257,-75.33291126358475,25.47893315519295,3.3670165896976036,26.939381656757615,-0.7458152659333144,1.450586659952601,6.250733345931395,6.184597806345862,0.000999999992278892,0.0010000000041114744,0.000999999993053723,0.000999999990519917,0.000999999992129934,0.000999999984264452,0.00004298347408516637,0.00004300110066849032,1.0663128793471541,35.2085809847488,48.220821373573,0.034360209928682134,0.0005151913421902395,0.0004358047808012568,0.009054041116971343,0.005422999999999789,0.0054229999999998195,0.00542299999999996,0.0010442299999994203,0.0010442299999993876,0.0010442299999994238,0.3792195166158639,9.792583798404118,0.09618847652683317,0.0019830564023725914,0.011797616864400083,0.005281726364866876,-26.704126205444336,11.06156286239624,14.290688028335572,989.9030249023438,0.016937619125155894,32.244209097720876
2025-03-01T18:00:25Z,39.998945074887125,-75.3329837987594,25.9202530139913,1.0678814487227353,25.948226767349325,-0.7460042307070274,1.4638190649998981,6.241898087132583,6.198246135911053,0.0009999999925164123,0.0010000000040339186,0.000999999993389446,0.0009999999907519042,0.0009999999920981386,0.0009999999840842042,0.00004398232450635238,0.0000440011734653301,1.090860006984418,36.08558827119279,49.79634587065538,0.03890560712045216,0.000511654828824146,0.0004325885581773699,0.009061924802620218,0.00542399999999979,0.005423999999999817,0.0054239999999999575,0.0010442399999994207,0.001044239999999388,0.0010442399999994242,0.4181754510795013,9.726765536695027,-0.3306211266393213,0.004935903239673524,0.016707568028658915,0.0028604649632016556,-29.126063613891603,8.964187846183776,14.094563064575196,989.878681640625,-0.041974995224136724,33.57584764362483
2025-03-01T18:00:26Z,39.99490500831646,-75.33314973258058,26.37421001614177,-1.2356061565830792,23.98573412159472,-0.6860476411653659,1.473000569627993,6.235966045180998,6.2117024234372735,0.000999999992581759,0.001000000003997872,0.000999999993382913,0.0009999999906163109,0.0009999999920735619,0.0009999999840346633,0.00004498119557741885,0.00004500124622679373,1.1156759715394062,37.121661830937654,50.922188090441615,0.03872189168143856,0.0005049318196444308,0.0004309127940800527,0.009069756322594567,0.0054249999999997885,0.005424999999999815,0.00542499999999996,0.0010442499999994202,0.0010442499999993877,0.0010442499999994237,0.2939951500551484,9.715016435619136,0.26579972524950096,0.00040498928112877447,0.01649109471192076,0.0006900592734900141,-23.584125900268553,11.456812963485717,13.76043807029724,989.848115234375,-0.06000577029171353,29.611082517698325
2025-03-01T18:00:27Z,39.99121908851987,-75.33337438107195,26.83217803457746,-3.4702681335433883,21.08397060940186,-0.5912676942592332,1.4814500619106563,6.232932983612708,6.217748840974879,0.0009999999925898418,0.0010000000038338332,0.0009999999932924974,0.0009999999906681182,0.0009999999920146418,0.0009999999836418265,0.000045980082419630355,0.000046001318755982996,1.1275061709717693,38.32268858531787,51.63478495424405,0.03277237882991967,0.0004951548687619077,0.00043213151178769706,0.009077837279806067,0.005425999999999791,0.005425999999999817,0.005425999999999958,0.0010442599999994193,0.0010442599999993885,0.0010442599999994245,0.0932615183968934,9.693893664997043,1.0960895754575455,-0.00041166735877924243,0.008816396568591412,-0.001776098731238004,-23.976750946044923,10.254375410079955,13.534125566482544,989.83521484375,-0.026650318213903935,29.380373952404906
2025-03-01T18:00:28Z,39.98781222043244,-75.33363895962569,27.281056666619094,-5.049767914526436,19.003347156042036,-0.5487667538762733,1.4876864976777453,6.226730007373809,6.225343786206902,0.0009999999925003051,0.0010000000035987181,0.0009999999932891951,0.0009999999906363743,0.0009999999919695184,0.000999999983797487,0.00004697897203957076,0.000047001391394812264,1.1278508081951257,39.80708780185731,52.16196401101624,0.032207570466600326,0.00048481726409678417,0.000435112160880728,0.009086500055949624,0.005426999999999793,0.005426999999999818,0.005426999999999957,0.0010442699999994188,0.0010442699999993889,0.0010442699999994253,0.3817319832592799,9.722354434963206,0.21499212568924028,-0.0020893754150609414,0.009537417449553066,0.0026142835033260746,-25.22212608337402,9.161812877655029,14.297063035964966,989.8163671875,-0.05029654111326614,30.405548582884457
2025-03-01T18:00:29Z,39.98455621949855,-75.33394295674555,27.733553848003368,-6.513987869416319,16.64284872321696,-0.48362691487910286,1.4960309767796225,6.227908010334229,6.236929979352015,0.0009999999925965003,0.0010000000037032072,0.0009999999934847735,0.0009999999908890742,0.0009999999921780117,0.0009999999840473908,0.00004797785104475051,0.00004800146414551654,1.1236586383368254,41.5121971734249,52.41318637377049,0.030176652814158617,0.00047438793914575427,0.0004390463385913612,0.009095119611109481,0.005427999999999795,0.005427999999999819,0.00542799999999996,0.0010442799999994183,0.0010442799999993892,0.0010442799999994257,0.2360090819504603,9.740898822780826,0.44534118701691955,0.0005496941077355144,0.013673272469267741,-0.003558622222038981,-25.068188667297363,9.428250398635864,12.795375499725342,989.783583984375,-0.028313456214744143,29.682058724983378
2025-03-01T18:00:30Z,39.98136849897128,-75.33428714518662,28.199232230263867,-7.609378394646242,14.551523611896467,-0.44796250400293985,1.509774520265,6.22547033079692,6.249593628905509,0.000999999992876392,0.0010000000038757897,0.0009999999934247289,0.0009999999909001307,0.0009999999921364655,0.0009999999839115663,0.000048976703579760886,0.00004900153701961537,1.116406717917112,43.45937711633303,52.48303291357264,0.029933049519104908,0.00046430197083719007,0.00044404714728745706,0.009104223005711135,0.005428999999999793,0.005428999999999818,0.005428999999999958,0.0010442899999994187,0.0010442899999993898,0.001044289999999426,0.32010895159188535,9.737435119875347,0.05705536834258549,0.006228566696859072,0.014078179116305378,0.0007918701515919441,-24.06693838119507,8.53106285572052,12.893250541687012,989.7415991210937,-0.03913903709442966,28.60471224819305
2025-03-01T18:00:31Z,39.97819147462553,-75.33467414894406,28.656532235805397,-8.417862609174206,12.40873658913443,-0.45357319149609215,1.5132579980714524,6.224177329761509,6.261296145965211,0.0009999999930839058,0.0010000000036924223,0.0009999999934083965,0.0009999999910961193,0.00099999999251242,0.0009999999838185495,0.000049975519730356966,0.000050001609784967466,1.109822314142895,45.59503902629855,52.358249306983396,0.029707193028424655,0.0004538708135311976,0.0004501925708991733,0.009113548647470718,0.0054299999999997935,0.005429999999999818,0.005429999999999958,0.0010442999999994186,0.0010442999999993893,0.0010442999999994258,0.36526138706472605,9.696312561667064,-0.004150549959024909,-0.003962694138230217,0.012876811550877429,0.0002115485714785704,-24.270000953674316,7.7505002784729005,13.427438058853149,989.695,-0.07856428105024527,28.799242538822018
2025-03-01T18:00:32Z,39.97505751497783,-75.33509146993777,29.094294130856525,-9.097225313676018,10.084452618196881,-0.4141080987012209,1.5174520308388129,6.226096809927041,6.277479153646635,0.000999999992866516,0.0010000000033541989,0.0009999999931946297,0.0009999999910937094,0.0009999999923975924,0.000999999983852797,0.000050974287243513314,0.0000510016825042394,1.1024836042416266,47.883926840497764,52.04879481898956,0.028636569486312793,0.0004443143972724807,0.00045601681459574774,0.009122999699543699,0.005430999999999791,0.005430999999999817,0.005430999999999961,0.0010443099999994181,0.0010443099999993882,0.001044309999999425,0.23883143528347794,9.742338491092179,0.1847771822851661,-0.0027349560463745524,0.017198262700535018,-0.0020965523381021737,-25.946813735961914,9.86212537765503,12.937313070297241,989.6565942382813,-0.03447187759139274,30.62465708301904
2025-03-01T18:00:33Z,39.97190506618977,-75.33554333110733,29.53890950628106,-9.451903910509076,8.031380585401074,-0.3941864959506032,1.5273851385607655,6.228665667766839,0.013327091951189243,0.0009999999930340262,0.0010000000031593422,0.0009999999931243275,0.0009999999912904732,0.00099999999222747,0.0009999999839601765,0.000051972994955714446,0.000052001755205144954,1.0955388218773887,50.325949816084005,51.6167317244955,0.02895954600513779,0.00043551573233463947,0.00046154293904883257,0.009132614586195409,0.005431999999999794,0.005431999999999818,0.005431999999999964,0.0010443199999994172,0.0010443199999993881,0.0010443199999994246,0.2976242679407132,9.736192948655907,-0.14712170224328786,0.0032760534097329257,0.019769402482582264,-0.002119918725313212,-22.78575086593628,7.005375287532806,11.589750452041626,989.6111352539062,-0.03940287637703493,26.506326622001207
2025-03-01T18:00:34Z,39.968799318957615,-75.33600951696214,29.94094338479882,-9.626592728367354,5.398270143400106,-0.4126566628295429,1.5348085687246862,6.236351007579811,0.01857011975413446,0.0009999999934984698,0.001000000003303861,0.000999999993054486,0.0009999999910484253,0.0009999999924414737,0.0009999999842537377,0.00005297162875660149,0.000053001828513292596,1.0863752430002211,52.76286308280014,51.08425003356791,0.026211516363756446,0.00042391346044138185,0.0004702654817330918,0.00914257321867396,0.005432999999999796,0.005432999999999821,0.005432999999999967,0.0010443299999994171,0.0010443299999993885,0.0010443299999994254,0.19242636839862637,9.680478125146927,0.45995178643409995,0.00037945271365006457,0.005902271129194148,-0.007364009071315821,-24.443813457489014,11.050687952041626,13.643438053131103,989.5802368164062,-0.08764642099856394,30.095814796948023
2025-03-01T18:00:35Z,39.965620547525106,-75.33650088867043,30.30936610663297,-9.449278259200275,3.1592867658300374,-0.4222176271585371,1.5497320918468427,6.241011093258311,0.01928952853985613,0.000999999993606425,0.0010000000034749768,0.000999999992829128,0.0009999999909216415,0.000999999992164991,0.0009999999844141636,0.000053970171099776654,0.00005400190348829832,1.0734487479254513,55.29177242989113,50.58430365798822,0.025022188723342744,0.0004125006197185644,0.0004798655222223929,0.009152629610497174,0.005433999999999792,0.0054339999999998174,0.005433999999999966,0.0010443399999994169,0.001044339999999388,0.0010443399999994257,0.2880529729801363,9.703012441631829,0.018461623155472506,0.007898263692610598,0.0009751290905127097,-0.0039728752481061076,-26.106938514709473,12.771375503540039,12.070875434875488,989.5405419921875,-0.07339692709389979,31.470352890672434
2025-03-01T18:00:36Z,39.96241384652216,-75.3370039056217,30.653759222665297,-9.08444560512032,1.1386842854681585,-0.40122067210016243,1.561866029592484,6.255511279837103,0.0285554502769958,0.0009999999937011959,0.0010000000037430619,0.000999999993114556,0.0009999999910793296,0.0009999999922094599,0.0009999999840609348,0.00005496861649762688,0.000055001980497259235,1.061213986771182,57.86485775630892,50.11401166933152,0.024403893976631168,0.00040378818922884546,0.00048730264240812393,0.009162934184814415,0.00543499999999979,0.005434999999999816,0.005434999999999963,0.0010443499999994168,0.001044349999999388,0.0010443499999994248,0.21236002300822338,9.741018397645654,-0.22764018496153907,0.005760236700800691,0.00938470135179645,-0.013247838710448538,-24.642563648223877,11.033062987327575,10.882500419616699,989.508603515625,-0.03448161092618963,29.11031232133434
2025-03-01T18:00:37Z,39.959255441160536,-75.33750475609853,30.943261514607528,-8.581274720674998,-0.671006939301753,-0.4456007066231702,1.5718677602080877,6.265673812010249,0.0376123349878448,0.0009999999937832843,0.0010000000036266587,0.0009999999931000934,0.0009999999909672693,0.0009999999921757974,0.0009999999838948713,0.00005596696495402135,0.00005600205961808841,1.0508655644747829,60.4267507390805,49.6607186561845,0.02406893914483281,0.0003961742107352373,0.0004944270611418509,0.009173198496634305,0.005435999999999792,0.005435999999999817,0.005435999999999964,0.0010443599999994165,0.001044359999999388,0.0010443599999994239,0.09608583606349885,9.680242723930244,-0.3946781671180499,0.003984556595301148,0.00881639692461959,-0.008695894834646837,-25.718626155853272,10.20112536430359,11.978437967300415,989.4904467773438,-0.09150792971364644,30.14947108739827
2025-03-01T18:00:38Z,39.95599716526151,-75.33802633003208,31.21523101450678,-7.919471780530354,-2.613525069574355,-0.4232018710772961,1.5846373777853864,6.272119381039888,0.047283738200701954,0.0009999999934259681,0.001000000003370336,0.0009999999930716274,0.0009999999908697134,0.000999999992063773,0.0009999999840020603,0.0000569652153697951,0.000057002141100703686,1.0411971821326198,62.96450324307025,49.27231147484657,0.023099075275213477,0.000389693008007496,0.0005010356264519677,0.009183309989016364,0.005436999999999792,0.005436999999999816,0.005436999999999965,0.0010443699999994173,0.0010443699999993883,0.0010443699999994225,0.024802602462167984,9.745285692847123,-0.3247489041803323,0.006849612307531887,0.00921162292751747,-0.004766999507593527,-24.974250965118408,10.107187857627869,11.717812948226928,989.4578466796875,-0.029325060882415144,29.37979946857348
2025-03-01T18:00:39Z,39.95222120375,-75.33862889305999,31.599854748878485,-6.993408597376414,-4.947782668028003,-0.3776489102263747,1.5970233028210394,6.27870652657799,0.05385596185590555,0.0009999999934085183,0.0010000000037117612,0.0009999999927746694,0.000999999990715,0.000999999991972438,0.000999999983983851,0.00005796335697841359,0.00005800222563414912,1.029675040622931,65.45512853109946,48.97701962873777,0.021573661965840266,0.00038373202764819457,0.0005078846134409887,0.009193384770142492,0.005437999999999792,0.005437999999999817,0.005437999999999966,0.0010443799999994173,0.0010443799999993882,0.0010443799999994218,-0.021044792406404667,9.760343502604131,-0.2535016279577568,0.0058572074052437705,0.005882242874456994,-0.004449883738748901,-23.90456340789795,10.9312504529953,11.333062868118287,989.3705493164063,-0.01613365071762116,28.624391657914746
2025-03-01T18:00:40Z,39.94845610905037,-75.33922440734152,31.98326670136509,-5.899945640954455,-7.270491884838448,-0.3418942967259981,1.6032451646106025,6.282261235483073,0.054028411914661095,0.000999999993481013,0.0010000000040061208,0.0009999999928050412,0.000999999990874163,0.0009999999922016157,0.0009999999840054534,0.00005896136785461646,0.00005900231423794264,1.0144048322563,67.90394734492016,48.837270908301456,0.019560438824287246,0.0003781432029586284,0.0005155345050264979,0.009203280336928391,0.005438999999999795,0.00543899999999982,0.005438999999999964,0.0010443899999994168,0.001044389999999388,0.0010443899999994213,0.021572295191925238,9.760639642711743,-0.16323337893272613,0.00021154833426980757,-0.0005316701434060312,-0.0011425351321723274,-25.245188694000245,10.863750395774842,11.39887541770935,989.3396044921875,-0.01750553247475585,29.75352024246327
2025-03-01T18:00:41Z,40.067379770622786,-75.33768654554909,29.97660304818887,-11.723556327333215,-8.202804255836691,-0.6044301953237757,1.6036785098131392,6.267861341005427,0.03858687679898907,0.000999999993806031,0.0010000000042506478,0.0009999999924815589,0.0009999999909311265,0.0009999999923672855,0.0009999999840788528,3.0815418248640874e-10,3.081541828823355e-10,0.5640604298203653,0.010977611642736276,0.010976671308294841,0.01136824819701333,0.00017838408676478862,0.00017970272588223267,0.008885437171495057,0.0054399999999997966,0.005439999999999821,0.005439999999999961,0.001044399999999416,0.0010443999999993872,0.0010443999999994206,-0.017071792250809834,9.707558885252443,-0.1546989809485225,0.0038143153948282174,-0.001207794074293096,-0.0002639581268620451,-25.46606363296509,9.14287537097931,10.447312879562379,989.2912963867187,-0.07064314868375174,29.004412888040296
2025-03-01T18:00:42Z,40.067289037433625,-75.33778361549646,30.162897627667157,-11.830246703436835,-8.335812745249694,-0.5559378838248726,1.6098835839506467,6.271342255371935,0.04617969837387673,0.0009999999939012824,0.0010000000041394885,0.0009999999923388015,0.0009999999910244766,0.0009999999923245076,0.0009999999842701917,1.0003081544256221e-6,1.00030815483752e-6,0.594996383903906,0.030337760903150428,0.030081791832488897,0.011693771130600526,0.0001879932412008168,0.00018966080614445503,0.008889605339363775,0.005440999999999794,0.005440999999999818,0.005440999999999959,0.0010444099999994154,0.0010444099999993882,0.0010444099999994208,0.012886215751619585,9.77936832027323,-0.23016180108395323,0.004518145314367454,-0.00016515184947858013,-0.0027409647519900148,-25.798126125335692,8.575500373840333,10.505625381469727,989.216533203125,0.002649419836241028,29.145286448346802
2025-03-01T18:00:43Z,40.06719320802534,-75.3378851967065,30.44809990118623,-11.981797003290575,-8.930106729196739,-0.5927556261564538,1.604713530688401,6.277535842483898,0.05882493555533804,0.000999999993918332,0.0010000000041330828,0.0009999999926172587,0.0009999999909790522,0.000999999992415174,0.0009999999842985534,2.0003081557202272e-6,2.0003081587947137e-6,0.6247932934354106,0.09308614301132305,0.08557419744497496,0.01184123159723922,0.00019763981238373073,0.00019955748812413093,0.008894606768202164,0.005441999999999793,0.005441999999999816,0.005441999999999956,0.0010444199999994149,0.0010444199999993884,0.0010444199999994211,-0.11800902549560949,9.701257696783376,0.20689640266826329,-0.0069253881906121304,0.00404981521702511,-0.00544913161897743,-25.279313621520995,8.587875332832336,10.997625451087952,989.1403125,-0.07519011676848227,28.874558563491284
2025-03-01T18:00:44Z,40.06708578633059,-75.33799404831187,30.895146575421446,-12.085088778166964,-9.485054383958955,-0.5497852252583698,1.6005033291766435,6.277091481203183,0.06870342078544936,0.0009999999939028776,0.0010000000038153532,0.0009999999926692785,0.0009999999912860059,0.0009999999924473618,0.0009999999847159645,3.000308156907857e-6,3.000308172507184e-6,0.6520709814933732,0.20146906543721188,0.179256137280993,0.012057655715702269,0.0002073362729285598,0.00020946208312229783,0.008896170278089675,0.005442999999999794,0.005442999999999819,0.005442999999999959,0.0010444299999994155,0.0010444299999993875,0.00104442999999942,-0.12119030514450563,9.762696998842202,0.18971973328163444,-0.006059662815628353,0.0004846021858638384,0.0015886646342664892,-24.922688636779785,10.165125422477722,10.941187925338745,988.9925366210938,-0.014019106302125632,29.05472122436569
2025-03-01T18:00:45Z,40.066961051386066,-75.3381073328353,31.37832886532463,-11.969929827989079,-9.578612119297716,-0.5330987362074779,1.6109929619272678,0.003628914348111835,0.07122631355069782,0.000999999994069736,0.001000000003740735,0.0009999999925305093,0.0009999999915112031,0.0009999999926378572,0.000999999984655557,4.000308145945085e-6,4.0003082069492215e-6,0.6767404829954482,0.3369312638073858,0.306721832746332,0.01217233574789149,0.0002170466606641203,0.0002193968720155589,0.00890332277569729,0.005443999999999797,0.005443999999999821,0.005443999999999962,0.0010444399999994152,0.001044439999999387,0.0010444399999994195,0.06575975619804122,9.719642598466237,-0.29607491028289806,0.00895709587100263,-0.006630137173977754,-0.00824892881286149,-24.88950107574463,9.789000353813172,11.103375368118286,988.9657373046875,-0.05492744539964035,28.95848398206508
2025-03-01T18:00:46Z,40.066811051000556,-75.33822353802407,31.83610982921484,-11.64870751067478,-9.899993143479003,-0.5265355129225736,1.6107406116739622,0.010872390795890707,0.062294009604177185,0.0009999999939993395,0.0010000000037523912,0.000999999992616398,0.0009999999913832389,0.0009999999927289868,0.0009999999845115366,5.000308079713938e-6,5.000308276862767e-6,0.6983478616819229,0.523813430651241,0.46796325470131495,0.012224435564827184,0.00022678008454997834,0.00022940080278966403,0.0089099008375483,0.005444999999999798,0.005444999999999823,0.005444999999999964,0.0010444499999994145,0.0010444499999993874,0.0010444499999994199,0.16422244636379216,9.723548933932207,-0.10079247123966026,-0.001252858022914901,-0.01697010834383476,-0.005351159862974961,-24.749626007080078,9.575437932014465,11.10037540435791,988.9691577148437,-0.0538067762995209,28.765403022775118
2025-03-01T18:00:47Z,40.06662367516864,-75.33834432480745,32.31423273080215,-11.147386067314175,-10.294652524548614,-0.5161235141095243,1.6107130724270633,0.020659536328197232,0.04607840755408886,0.0009999999935871103,0.0010000000035804012,0.0009999999929294003,0.0009999999914813713,0.000999999992910597,0.0009999999843617576,6.0003078539696515e-6,6.0003084014293824e-6,0.7163538846367739,0.7617295085017232,0.665577588048678,0.012340429165515428,0.00023658915253624044,0.0002394657870085375,0.008918752062791743,0.0054459999999998,0.005445999999999822,0.005445999999999966,0.001044459999999415,0.0010444599999993869,0.0010444599999994185,0.2529183638739491,9.734717344280305,-0.00909571559113007,-0.0003891350344035991,-0.023530729495828157,-0.0077195125923750114,-24.280126056671143,9.389062871932984,12.28800051689148,988.92640625,-0.04121353224213012,28.78664717114944
2025-03-01T18:00:48Z,40.066380081294554,-75.3384694032094,32.90662761550163,-10.700244533274521,-10.609920236918649,-0.42842130927951344,1.6146764640051774,0.030809829782269503,0.037128191385873664,0.0009999999938111303,0.0010000000032683507,0.0009999999929589227,0.000999999991336455,0.0009999999928420084,0.0009999999848884777,7.0003072633435095e-6,7.000308605585288e-6,0.7311595317450323,1.0474480262885977,0.9093950071229383,0.012542432106288963,0.0002465667889656086,0.00024950846349518777,0.008929111949211962,0.005446999999999798,0.005446999999999823,0.005446999999999963,0.001044469999999415,0.001044469999999386,0.0010444699999994185,0.10416455138433021,9.80454788907011,-0.09934501152771961,0.004049815547711659,-0.01563021121399388,-0.008523817939975038,-24.35812602996826,8.980687900781632,11.879062972068787,988.8273510742188,0.026420044230947817,28.549611131427294
2025-03-01T18:00:49Z,40.06605339185434,-75.33859852042595,33.69485319776762,-10.180676350323537,-11.051333608967997,-0.3160969448055076,1.6093951841110452,0.033711401753253704,0.02162370644256643,0.0009999999939178062,0.0010000000030582171,0.0009999999929045825,0.00099999999100807,0.0009999999925754343,0.0009999999850243886,8.000305958123352e-6,8.000308919179802e-6,0.7435272506417637,1.3980192129436522,1.1974747841466888,0.01298604022976313,0.00025643796899940907,0.00025964628235361205,0.008937222849636137,0.005447999999999795,0.00544799999999982,0.005447999999999961,0.0010444799999994156,0.0010444799999993867,0.001044479999999417,0.11958257009903304,9.830362919725996,0.06380234037628517,-0.004387294975835415,-0.021075920797009075,-0.0013354749648644328,-25.328626174926757,8.759812941551209,12.064687995910644,988.6819458007812,0.052162313530847125,29.390939717233092
2025-03-01T18:00:50Z,40.06563766317962,-75.33873014291144,34.57862645903367,-9.527269342584317,-11.277683734195987,-0.28137267043152575,1.6139220263236562,0.04301024463171333,6.280445788159656,0.000999999994100053,0.0010000000029066563,0.0009999999927770432,0.0009999999910959595,0.0009999999926174287,0.0009999999851812824,9.000303397982393e-6,9.00030937726624e-6,0.7543701994400929,1.7875054898561744,1.527800468471933,0.013562077877697977,0.0002663522031260765,0.00026987663470904005,0.008949646387296551,0.005448999999999797,0.005448999999999822,0.005448999999999963,0.001044489999999415,0.0010444899999993863,0.001044489999999416,0.24011675552390271,9.75058977508239,-0.10460922407580664,0.006432188032805,-0.028773985204933756,-0.007953677489037367,-25.126313667297364,8.163937816619873,13.12650058746338,988.5762329101562,-0.025001617804362136,29.500568470329892
2025-03-01T18:00:51Z,40.06505045404155,-75.33886328680904,35.6892606710588,-8.898288383529938,-11.810930976007308,-0.26842104031662534,1.6084597619132597,0.04231322014242754,6.247894921871924,0.0009999999940828322,0.001000000002728881,0.0009999999926301282,0.0009999999907812117,0.000999999992660721,0.0009999999852342114,0.0000100002988089096,0.000010000310020016526,0.7650172392092045,2.2706878916758013,1.9055637227791011,0.014822591104210052,0.00027592045593632453,0.00028012518727108166,0.008958367042956373,0.005449999999999798,0.005449999999999822,0.005449999999999963,0.0010444999999994146,0.0010444999999993858,0.0010444999999994166,0.2500894722379505,9.726412520859109,0.27374310940670626,-0.0022743041253938945,-0.03527602315215956,0.0014985372319099982,-25.91643865585327,8.145375324487686,13.084500532150269,988.319619140625,-0.04557172364452291,30.153109672242334
2025-03-01T18:00:52Z,40.064321301321485,-75.33899737617106,36.78465269960586,-8.465300614357567,-12.322178949005593,-0.3630730171108968,1.5972843294734917,0.04776082029476696,6.219493963756209,0.0009999999940521294,0.001000000002806174,0.0009999999923644457,0.0009999999907161806,0.0009999999925246943,0.000999999985484512,0.000011000291163565053,0.000011000310892863208,0.7773607156787691,2.823728853478548,2.3272399548917413,0.016427406118899292,0.00028549638888401174,0.00029015770632094355,0.00897088589144515,0.005450999999999797,0.0054509999999998214,0.005450999999999962,0.0010445099999994145,0.0010445099999993866,0.0010445099999994156,0.1530977787596051,9.60869541867301,0.42085463168774423,-0.007312269517120972,-0.029191409687312472,-0.006171988458973682,-25.290751094818116,8.099812851063907,13.29581304550171,988.1896826171875,-0.15986670194982755,29.6985637169959
2025-03-01T18:00:53Z,40.063560423059684,-75.33913163583748,37.57100007200601,-8.093501382796134,-12.76444113147205,-0.4832749918452403,1.594850994883252,0.05420680376107141,6.183467216567322,0.0009999999942668146,0.0010000000031042296,0.0009999999919774146,0.0009999999905291,0.0009999999924178856,0.0009999999858185048,0.000012000279189593062,0.000012000312044031385,0.7929985805911598,3.4429281984491444,2.794213880956446,0.018364644739380005,0.0002947856119969625,0.00029983702469568534,0.00898363867443939,0.005451999999999795,0.005451999999999819,0.0054519999999999595,0.0010445199999994154,0.0010445199999993872,0.001044519999999416,0.14229019608570867,9.597130114870444,0.4652016080768766,0.0022986704622159496,-0.034719736110937566,-0.007963858427031225,-26.265563564300535,7.999687833786011,15.365063066482543,988.2494775390625,-0.1694922242451275,31.4635789716383
2025-03-01T18:00:54Z,40.062778359101245,-75.33926637245777,38.14657780091222,-7.975216359019633,-13.443213287328705,-0.46526509573408015,1.5876539051784084,0.0529890992993772,6.153184168881823,0.000999999994307872,0.0010000000029745369,0.000999999992158528,0.0009999999902695765,0.0009999999921054736,0.0009999999855090493,0.000013000261438104375,0.000013000313525072814,0.8134655628228477,4.186653562593966,3.3095048217284773,0.02094143600468925,0.00030339989525136733,0.00030883341363416983,0.008992334089378369,0.005452999999999792,0.0054529999999998165,0.005452999999999957,0.0010445299999994146,0.0010445299999993867,0.0010445299999994146,-0.011904996150134864,9.74312300547305,0.8117359416660328,-0.0024445447751564762,-0.02724465377250753,-0.001165233962640705,-25.82193862915039,7.787437830753625,16.474500665664674,988.3051098632812,-0.0019846633148129372,31.604155808093367
2025-03-01T18:00:55Z,40.061874090071996,-75.3393957898637,38.77075960468597,-7.680955989577048,-13.67188679008018,-0.43703267564635245,1.569027832456397,0.05206081000200792,6.112889462926239,0.0009999999940530253,0.0010000000029046776,0.000999999992457988,0.0009999999901209985,0.0009999999920594469,0.000999999985749319,0.00001400023641405552,0.000014000315384086073,0.8397187105928803,4.945818859856987,3.8648744352502957,0.023496068676311318,0.00031141448899919756,0.0003168480872134909,0.008999404319128828,0.005453999999999793,0.005453999999999818,0.005453999999999959,0.0010445399999994141,0.0010445399999993862,0.0010445399999994141,0.27848168522937083,9.743849952058996,0.5605555985443478,-0.01270824179738212,-0.03547313581478118,-0.0027104214077338677,-23.83781337738037,6.911250270009041,16.431750707626342,988.2387963867187,-0.01491257920271327,29.765855180324795
2025-03-01T18:00:56Z,40.06079683715962,-75.3395125074726,39.49932641584579,-7.825775914092089,-13.900671406293359,-0.44490544537038146,1.55733092522005,0.05882041214727639,6.07698608610547,0.000999999994122589,0.0010000000029490015,0.0009999999924879387,0.0009999999902130222,0.0009999999922099745,0.00099999998583358,0.000015000202746689682,0.000015000317661175798,0.8714793249185896,5.7955428288963695,4.439046567110858,0.026052728222060548,0.0003190599963621121,0.0003235122999028576,0.009007374150045213,0.00545499999999979,0.005454999999999817,0.005454999999999961,0.001044549999999414,0.001044549999999385,0.001044549999999414,0.03548073805067867,9.666631133655082,0.9119206770495738,-0.005058244712237676,-0.02887696413443755,-0.012160799879051791,-23.739938468933104,3.276937630176544,15.568500641696154,988.1241040039063,-0.0692067016052483,28.577933936201102
2025-03-01T18:00:57Z,40.059545396081575,-75.33960983066316,40.25384359412806,-8.262074426155587,-13.528721206437362,-0.5771718052871776,1.553643773161933,0.04976865890682666,6.038261853787258,0.0009999999940520365,0.0010000000030204693,0.000999999992699968,0.0009999999901054725,0.0009999999920620795,0.0009999999855405679,0.00001600015937704557,0.000016000320388660886,0.9059404517247449,6.601997720784296,5.014861762771648,0.026856989144630444,0.000325530321800538,0.00032860346617744925,0.00900665344351506,0.005455999999999787,0.005455999999999819,0.005455999999999959,0.0010445599999994134,0.0010445599999993845,0.0010445599999994134,-0.1280588799359797,9.513500967658592,0.5999574070027093,0.0038767371171933495,-0.029853179632734664,0.0021866778610881727,-22.199813232421874,9.849375386238098,17.953313188552855,988.0116918945313,-0.24560216609619157,30.201991485005436
2025-03-01T18:00:58Z,40.05809716354224,-75.33967871019316,41.081422358176326,-8.664067004560184,-12.747080945099043,-0.5343956803203985,1.536752944858787,0.039603492883022354,5.999017988345984,0.0009999999938269859,0.0010000000031192377,0.000999999993064903,0.0009999999897725602,0.0009999999922121778,0.0009999999852304529,0.000017000105555889435,0.000017000323595778455,0.9390311086695238,7.415421488730082,5.614682367204849,0.027231264493776112,0.00033162708845956056,0.00033204496899238696,0.009003430649762152,0.005456999999999786,0.005456999999999819,0.005456999999999959,0.0010445699999994127,0.0010445699999993838,0.0010445699999994127,0.13052678960338204,9.679105185896557,0.44441805152763203,-0.00887364638405814,-0.02854649631724982,0.0017288632253195256,-23.180063362121583,9.182812871932983,16.514625635147095,987.8805981445313,-0.08876563360579469,29.906006283920398
2025-03-01T18:00:59Z,40.05665969859061,-75.33973114269706,41.84474426139772,-9.24289300585626,-12.227878607141639,-0.531756221255509,1.5253308202320333,0.03400146634395463,5.951131013473884,0.0009999999938281974,0.0010000000034689504,0.000999999993263598,0.0009999999899481917,0.000999999992023924,0.0009999999853360553,0.00001800004092664039,0.000018000327311431865,0.9697099770725635,8.328365582196724,6.209459636934133,0.028035043810368344,0.00033813219918885095,0.0003334481446000384,0.008999181074099208,0.005457999999999783,0.005457999999999816,0.005457999999999957,0.0010445799999994122,0.0010445799999993831,0.0010445799999994122,0.17315760807378983,9.626242771781346,0.883506892047307,-0.0037183481302516296,-0.037071564786807815,-0.003647080671911108,-22.347000846862795,9.5574378824234,17.05181324005127,987.8645239257812,-0.11075178334147469,29.68997111419151
2025-03-01T18:01:00Z,40.05542687527405,-75.33978462706169,42.37386695356683,-9.751259360012728,-11.746744062996957,-0.5058807476002314,1.5205374887293874,0.036293532701304164,5.907394083040995,0.0009999999937352789,0.0010000000036603852,0.0009999999933611933,0.0009999999898480847,0.0009999999917180353,0.0009999999854173824,0.00001899996553198767,0.000019000331558799897,0.9969769968917621,9.25370905041154,6.802424409359608,0.02806431042890195,0.00034505684883232506,0.0003331923884101535,0.008994811383387041,0.005458999999999784,0.005458999999999817,0.005458999999999958,0.0010445899999994126,0.0010445899999993835,0.0010445899999994126,0.12721541291036978,9.676212874091176,0.8536364846396258,0.0014536399356160621,-0.03432267358179117,-0.010570214872543887,-23.146688365936278,6.900375261902809,16.93743815422058,987.9502856445313,-0.06443142930436124,29.50013857382454
2025-03-01T18:01:01Z,40.05422553726059,-75.33982722558265,42.840082105888236,-10.02781178098741,-10.948395135340025,-0.5163287697582617,1.516815677064435,0.02772717193108441,5.861339218735961,0.0009999999935473827,0.0010000000037403214,0.0009999999936356006,0.0009999999901461772,0.0009999999918358425,0.0009999999854974485,0.00001999987941688089,0.000020000336374381567,1.0182925900975897,10.122157567815567,7.401646112530093,0.02725718120172366,0.00035254774641463814,0.00033120361157898734,0.0089863564180649,0.005459999999999787,0.00545999999999982,0.0054599999999999605,0.0010445999999994116,0.0010445999999993826,0.0010445999999994116,0.2524038447455904,9.670946025281904,0.4761523688848822,0.001941664287926303,-0.037689439849598536,0.00019669397567895664,-23.102063331604004,9.292875399589539,18.544688234329225,987.9442724609376,-0.0931954646504507,31.047788512233158
2025-03-01T18:01:02Z,40.05266696337633,-75.33982312182859,43.59174983358828,-10.762657424508262,-9.418545421511837,-0.4556506810827856,1.5021863318856552,0.015841821482392483,5.833797568345236,0.0009999999935194897,0.001000000003635576,0.000999999993742055,0.0009999999899096015,0.0009999999915687571,0.000999999985700153,0.000020999781960335106,0.000021000341828584656,1.0299222011667934,10.913921600230074,8.004808934450415,0.0247848484318203,0.00035958490861572056,0.00032951524924921887,0.008977992115088573,0.005460999999999786,0.005460999999999819,0.00546099999999996,0.0010446099999994107,0.0010446099999993816,0.0010446099999994124,-0.008816551370923308,9.718167057669396,0.22994726546993516,-0.009063415195252314,-0.017177735551012496,0.0025735589053841844,-22.43606330871582,9.99000042092055,19.242938203811647,987.7384423828125,-0.05842251512380255,31.20039337722127
2025-03-01T18:01:03Z,40.05065628114553,-75.33976322091985,44.6649381372863,-11.94355358406592,-7.768016649960553,-0.4561561534616852,1.4845411562095798,6.278593594473464,5.79831327423337,0.000999999993676798,0.0010000000038418205,0.0009999999939441012,0.0009999999896763588,0.0009999999915810028,0.0009999999855045563,0.000021999671649590803,0.00002200034801241038,1.0313229176617502,11.779443675985226,8.613818328175634,0.02289067057686155,0.00036800614304811604,0.0003269738872181857,0.008969484434189278,0.005461999999999787,0.00546199999999982,0.005461999999999961,0.0010446199999994102,0.0010446199999993811,0.0010446199999994128,0.10632397340031159,9.604496172041463,0.6066984976587769,-0.011727686378518514,-0.023509365454358395,0.008388291388622064,-22.444125881195067,9.661125326156617,19.09912578582764,987.4746997070313,-0.1552711964496751,31.013699955419323
2025-03-01T18:01:04Z,40.04909039754092,-75.33972690838611,45.25571165854829,-13.014108018003048,-6.397728619494789,-0.5561562062583566,1.47640935104146,6.270770236540435,5.778824965844798,0.0009999999933649566,0.0010000000036297105,0.0009999999938957896,0.000999999989684329,0.000999999991795477,0.000999999985619378,0.000022999546004251653,0.000023000355021942996,1.0238234166626046,12.63184535282822,9.233652369336014,0.020359518709188087,0.0003763494487356799,0.0003256302820098324,0.008964157440429193,0.00546299999999979,0.005462999999999817,0.00546299999999996,0.0010446299999994093,0.0010446299999993807,0.0010446299999994132,-0.06456931829503165,9.558964561458561,0.6850621292049399,-0.004512472649025802,-0.010733111914898964,-0.0004400405723312584,-23.629313278198243,8.488312851190567,18.725813226699827,987.6094848632813,-0.19595293668177743,31.321698562384555
2025-03-01T18:01:05Z,40.04778735609959,-75.33970327850857,45.44738508572695,-14.216244022973784,-5.3593002030572485,-0.7166761346594009,1.4701177353760586,6.270842525184047,5.768296855384349,0.0009999999930905637,0.0010000000034618775,0.0009999999935687315,0.000999999989863923,0.0009999999917949867,0.0009999999859713444,0.000023999401016245914,0.0000240003629556373,1.0074219570643794,13.543152221971948,9.86941925453605,0.017785938159003638,0.00038463656432527514,0.0003257837593870474,0.008961365146404018,0.0054639999999997885,0.005463999999999814,0.005463999999999962,0.0010446399999994099,0.001044639999999381,0.0010446399999994133,-0.3359154073989103,9.51194560432071,0.9755507981242187,-0.00379979649675727,-0.003677623337312099,-0.005795288543562798,-21.495375785827637,9.388687887191772,19.16868829727173,987.7100219726562,-0.2120309333251232,30.2924771982178
2025-03-01T18:01:06Z,40.046486886563585,-75.33967455424319,45.40752112377465,-15.288968556284047,-4.296532780308981,-0.8547821648393873,1.4631589074752722,6.2647137913057165,5.756624397993453,0.0009999999925863143,0.0010000000035764458,0.0009999999936677573,0.0009999999896497399,0.0009999999916039247,0.0009999999857171883,0.00002499923097468996,0.000025000371912828924,0.984016763244139,14.497946378613603,10.56252505702177,0.015764206713408137,0.00039364951641981494,0.00032702871985313526,0.00895965881779009,0.00546499999999979,0.005464999999999815,0.00546499999999996,0.00104464999999941,0.0010446499999993818,0.0010446499999994137,-0.32654155872962887,9.55514912314147,0.9243947365421563,-0.0049480889964441084,-0.006445208420909609,0.0009077005946917527,-21.31500076293945,11.0705628824234,18.877688188552856,987.7454248046874,-0.1745813356091803,30.549151031151688
2025-03-01T18:01:07Z,40.045390877187515,-75.33965509829375,45.06991659313376,-16.35851332352533,-3.3498761563976553,-0.9240406940455068,1.4616548233774163,6.265009198562523,5.75632185411982,0.0009999999925066187,0.0010000000036635337,0.000999999993712367,0.0009999999893626006,0.0009999999914267704,0.0009999999858578534,0.000025999027988802475,0.000026000382007572495,0.9556415400199967,15.526587810397187,11.316271282518313,0.014169220290100561,0.0004018251878682725,0.0003309552601768864,0.008960573871406214,0.005465999999999788,0.005465999999999814,0.005465999999999963,0.0010446599999994095,0.0010446599999993822,0.001044659999999413,-0.5161348334042103,9.644946653680403,0.9995986696793381,0.000028289551486728815,0.0037240211013846256,-0.0030260348390025137,-22.64737579345703,12.324000520706177,18.29756332397461,987.8736669921875,-0.0696686170371475,31.61617041558621
2025-03-01T18:01:08Z,40.043479670509626,-75.33958343024507,45.03784089575498,-17.32313131968762,-1.8967297801863197,-0.8924981006687325,1.4625141148468954,6.252476395435437,5.751451366130103,0.0009999999924888826,0.0010000000033889625,0.0009999999935479868,0.0009999999893054697,0.0009999999912422104,0.0009999999855699786,0.000026998781547305536,0.000027000393381902898,0.9248656208804347,16.6163670458867,12.163043264725221,0.013238869789602538,0.00041078685021806843,0.0003361841024746797,0.008962257474059189,0.005466999999999791,0.005466999999999815,0.005466999999999964,0.001044669999999409,0.0010446699999993826,0.0010446699999994125,-0.25750273919211175,9.755714773956138,0.6587521990966941,0.0030131815105605094,-0.0003766170387880624,0.008127922390786654,-22.44731327056885,9.3015003824234,17.83875063896179,987.6908227539062,0.0011517458439634063,30.143286904890164
2025-03-01T18:01:09Z,40.04172506652963,-75.33951804567884,44.79563529569433,-17.949681375097622,-0.422948493324534,-0.9895019774659138,1.459320206102235,6.249406837062714,5.748734604772291,0.0009999999924909077,0.0010000000032931414,0.0009999999932398978,0.0009999999891898111,0.0009999999916611311,0.0009999999855194622,0.000027998477964051366,0.000028000406220285928,0.8941597472347114,17.7389208176252,13.084135228136052,0.012897055439121025,0.0004198736847447395,0.00034291198526700985,0.00896664213117439,0.005467999999999793,0.005467999999999812,0.005467999999999961,0.0010446799999994077,0.0010446799999993825,0.0010446799999994114,-0.18281463780372248,9.678127089179148,0.3796581984183389,-0.0016821325921687925,0.001117664362136519,0.00011991858320771617,-21.784688205718993,8.887687864303588,18.41700071334839,987.8001733398437,-0.09304025183359302,29.878864044949285
2025-03-01T18:01:10Z,40.039891423301434,-75.33945022280811,44.40988434789531,-18.498034540222942,0.8031150534446992,-1.0540557996695576,1.4562095966336797,6.240677336283342,5.73928722468559,0.00099999999269153,0.0010000000033942886,0.0009999999936250949,0.0009999999893045481,0.000999999991540167,0.0009999999854899346,0.0000289981005942471,0.00002900042071765398,0.8658099770632994,18.99386068016385,14.102358322135123,0.013138568253749943,0.00043048169418420553,0.0003498561430961935,0.008972111376919998,0.005468999999999793,0.00546899999999981,0.005468999999999959,0.0010446899999994083,0.001044689999999383,0.001044689999999412,-0.07342276431862622,9.702175020214602,0.5251817027183796,-0.0023544172948127265,-0.0070660876145360145,0.005614363623652445,-21.63768835067749,7.831687860488891,18.44118829727173,987.8669213867188,-0.06382028680850489,29.48896951272407
2025-03-01T18:01:11Z,40.03798502839527,-75.33938492294614,43.945467592135714,-19.344936472003948,1.549705411291487,-1.0298854225966227,1.444655065964937,6.227787817721558,5.734574296933071,0.0009999999929039655,0.001000000003508602,0.0009999999939509497,0.0009999999890354682,0.000999999991561522,0.0009999999851096277,0.00002999763176828227,0.000030000437036726145,0.842017448185581,20.43361358653103,15.220148977382713,0.013483852144713667,0.0004410938620626432,0.0003582673382671988,0.008978531721760667,0.005469999999999793,0.005469999999999809,0.005469999999999958,0.0010446999999994089,0.0010446999999993833,0.0010446999999994123,-0.11424719194981325,9.737395901973645,1.1120547986475409,-0.011099631131719025,-0.003708166624535482,0.010850776372940032,-23.44837594985962,10.11056287765503,18.551813230514526,987.9441796875,0.0207917997659353,31.56289570322201
2025-03-01T18:01:12Z,40.035624593514434,-75.33931553231562,43.507334310344305,-20.005375591718998,2.6485834089758735,-1.1129034850891188,1.4320649739393194,6.221851385350277,5.737931715114187,0.0009999999927216652,0.0010000000037624335,0.0009999999937197555,0.0009999999891703165,0.0009999999916912683,0.0009999999847745639,0.00003099705148537134,0.00003100045533386573,0.8234525901321975,21.880903732527692,16.426471642107977,0.014627093036953573,0.000450598334330109,0.00036841857863855544,0.008986432355958219,0.0054709999999997955,0.005470999999999807,0.005470999999999956,0.0010447099999994084,0.0010447099999993823,0.001044709999999412,-0.11605488999409666,9.676212937669424,0.7771459270416092,-0.01202610932328179,0.004711585755438922,0.005383537088645845,-23.449875812530518,13.450125541687012,18.805875797271728,987.9514282226562,-0.07262785857235628,32.931142904347524
2025-03-01T18:01:13Z,40.033320363461485,-75.33925352057109,42.93183466488302,-20.77164175402487,3.842034161524451,-1.1327327267041658,1.419670419935988,6.220333227563278,5.755793762511037,0.0009999999926203773,0.0010000000037616533,0.0009999999935654887,0.000999999989253002,0.0009999999919586204,0.000999999985021094,0.000031996335088682154,0.00003200047577385618,0.8111410045029755,23.408294701095695,17.73819188906071,0.016989885167963424,0.00045811687376267815,0.00038081636256772847,0.008995135563363413,0.005471999999999797,0.005471999999999808,0.005471999999999958,0.0010447199999994083,0.0010447199999993832,0.001044719999999412,-0.3996599434277574,9.77042469999844,0.7982812163091363,-0.011377190723638107,0.0187003889181072,0.003831839948239737,-25.480313606262207,11.206687908172608,18.291188220977784,988.0658276367187,0.03029329823770659,33.30766307469118
2025-03-01T18:01:14Z,40.03060374150997,-75.33919750282699,42.30812373157389,-21.760705821623137,4.953575043470119,-1.2782491016661661,1.408372477811711,6.2050564413871205,5.784712535151481,0.0009999999924382719,0.001000000003589561,0.0009999999937065232,0.0009999999892428711,0.0009999999918444739,0.0009999999849547403,0.00003299545572719845,0.00003300049846442692,0.8078185779663142,25.018109236305815,19.125715901177813,0.020826722348541642,0.00046491040927065173,0.00039469888071577225,0.009002998551605133,0.005472999999999796,0.0054729999999998105,0.00547299999999996,0.0010447299999994083,0.0010447299999993829,0.0010447299999994117,-0.6271618057192081,9.642115123109235,0.968452099818962,-0.009877901260393812,0.026723080064644415,0.020074835033932183,-25.576125965118408,11.628937983512879,17.094563293457032,988.11423828125,-0.07006239485351017,32.887553459858125
2025-03-01T18:01:15Z,40.02683613506934,-75.33916101616659,41.69456990801849,-22.75371395615626,5.936040693022165,-1.4388313147079366,1.403664727468642,6.207445368103,5.821392986220308,0.00099999999207802,0.001000000003614992,0.0009999999937297427,0.0009999999890290391,0.0009999999916631404,0.0009999999850425693,0.000033994390492344135,0.000034000523422703495,0.817753702401617,26.71447318266558,20.58533195116431,0.026511006547289794,0.00046904886594196984,0.0004089918413324081,0.00901207927911958,0.005473999999999796,0.005473999999999812,0.0054739999999999615,0.0010447399999994086,0.0010447399999993835,0.001044739999999412,-0.7493258660746024,9.625521634270251,0.9738987091432252,-0.003435948417956018,0.03616511351917749,0.005333966897654573,-23.098313426971437,12.202500462532043,13.556813054084778,988.0860766601562,-0.07744235849181608,29.431569654427744
2025-03-01T18:01:16Z,40.02470953433566,-75.33911999681393,40.58828781953806,-23.58590671679732,6.839528750642125,-1.5584183207938576,1.4004289752819314,6.215591590726432,5.857921501674465,0.0009999999924330588,0.0010000000037774398,0.0009999999940806437,0.0009999999891331644,0.0009999999919049726,0.0009999999855853613,0.00003499313176128602,0.00003500055056564169,0.8451699966802445,28.51956115316701,22.088244313035013,0.03281649745671329,0.00047183624801036995,0.0004216959640381252,0.00902158795760197,0.005474999999999798,0.005474999999999814,0.005474999999999963,0.0010447499999994086,0.001044749999999383,0.001044749999999412,-0.6961947359444206,9.685305586493374,0.9979236863392709,-0.0018246677759755593,0.036496916488544036,-0.00045022148563487443,-22.25175086975098,10.824000420570373,18.60281319618225,988.4476708984375,-0.01975284007232805,30.95740488555415
2025-03-01T18:01:17Z,40.022798398389185,-75.33908218978206,39.28239184119248,-24.117972427962876,7.6792925901034295,-1.7466029374794052,1.4039353701076898,6.2222526809079195,5.885531710834236,0.0009999999922168984,0.0010000000038489555,0.0009999999940388592,0.0009999999892000963,0.0009999999921089435,0.000999999985700919,0.00003599169995537866,0.000036000579678868736,0.8912696140506617,30.354048346056498,23.540086978516964,0.038877928322823434,0.0004746660094506668,0.000430500660844842,0.009030526393855045,0.005475999999999796,0.005475999999999817,0.005475999999999962,0.0010447599999994076,0.0010447599999993823,0.0010447599999994113,-0.5698935881404905,9.624288589791652,0.8362885300526606,0.0038869182811190864,0.027079418050856976,-0.00019569470186396934,-24.173063621520996,12.254250438213349,16.46043815612793,988.6410986328125,-0.10394189070682051,31.708775808503987
2025-03-01T18:01:18Z,40.020059032294434,-75.33908377385873,38.031519890439014,-24.52765378530083,7.993308863517554,-1.789218606321443,1.4014714874290481,6.22467272553851,5.921029253100784,0.0009999999921508833,0.001000000003590488,0.000999999994175369,0.000999999989123962,0.0009999999919323142,0.0009999999857156546,0.0000369901501431193,0.000037000610462052136,0.9529777434310277,32.22479771111182,24.93604260936953,0.0441311888244059,0.00047472619484759766,0.00043729233270618773,0.009037572476731027,0.005476999999999797,0.0054769999999998145,0.005476999999999964,0.0010447699999994074,0.001044769999999382,0.0010447699999994102,-0.6347449644675481,9.702091926258179,1.0553723523168297,-0.0028451123821690368,0.03301064776295382,0.0066758666278758485,-24.57375099182129,11.833875408172608,16.180875692367554,988.7111303710938,-0.0013863718327104548,31.713204869969037
2025-03-01T18:01:19Z,40.016886816363126,-75.33912696974487,36.8736114706441,-24.909059074926343,7.856457158814916,-1.8088225531778352,1.402135486503907,6.239741916382224,5.959138298294256,0.000999999992053185,0.0010000000038595039,0.000999999994370412,0.0009999999893826135,0.0009999999920036035,0.0009999999856537343,0.00003798856743307238,0.00003800064271629603,1.0242667610613232,34.03783703253696,26.243654748464596,0.048868848873742876,0.00047162380378085075,0.0004411625577946186,0.009044689420569449,0.0054779999999998,0.0054779999999998155,0.005477999999999965,0.001044779999999408,0.0010447799999993826,0.0010447799999994106,-0.8767730875240999,9.666801149682586,1.261493103748424,-0.0007861972590802431,0.03669035647134889,-0.004166315472991167,-24.5347509765625,12.726000490188598,15.39262565612793,988.8085595703125,0.006794705045256999,31.635973297192827
2025-03-01T18:01:20Z,40.01275005480009,-75.33925058037055,36.00186149376419,-24.81630604888463,7.094507997451107,-1.7838208090001322,1.395377672919877,6.230566954645765,5.9996139164574185,0.0009999999921426611,0.0010000000037567016,0.0009999999941925836,0.0009999999894743127,0.0009999999918913814,0.0009999999854469433,0.00003898704964283217,0.0000390006765134337,1.097976433678638,35.718880049365346,27.46096300719346,0.05249138551867617,0.0004675516707833853,0.00044222936375800054,0.00904732506621855,0.005478999999999802,0.005478999999999818,0.005478999999999967,0.0010447899999994075,0.0010447899999993823,0.0010447899999994114,-0.917333382437456,9.638034927864593,1.3743630774854259,-0.009845021436633385,0.033050704944157405,0.02249826496013783,-25.066313667297365,11.072625436782836,10.227750353813171,988.8080322265625,-0.002575021977565474,29.249393542158654
2025-03-01T18:01:21Z,40.00848103553894,-75.33942253968874,35.50876185837124,-24.03813238460257,6.001914267156943,-1.3503029772662,1.4065507863663305,6.22444502375772,6.038453104558257,0.0009999999918716797,0.0010000000036721188,0.0009999999940227778,0.0009999999894425317,0.0009999999919484436,0.000999999985035422,0.00003998568181053494,0.00004000071222868174,1.1652338660542285,37.31181048678254,28.65254555911714,0.053078790811553686,0.0004624295089119338,0.0004405884537442704,0.009049665927192392,0.005479999999999802,0.0054799999999998175,0.0054799999999999675,0.0010447999999994083,0.0010447999999993831,0.0010447999999994117,-0.5038516886560835,10.011606859203397,1.3767075219336609,0.007582650228684651,0.031100943954582204,0.020349724125079394,-25.930876044034957,-12.949125471040606,4.460250174403191,988.833935546875,0.33727278385338616,29.3254332833519
2025-03-01T18:01:22Z,40.005241814200474,-75.33956557147631,34.969478717159404,-23.37522692191841,5.432843393011726,-1.5764242067678522,1.3991553126113976,6.23859187816119,6.085965393665845,0.0009999999919641442,0.0010000000033652614,0.0009999999941733087,0.000999999989274045,0.000999999991847105,0.0009999999849738199,0.00004098451648031098,0.000041000750294238895,1.220495082037894,38.56793422334624,29.72093112161355,0.05341775639933452,0.00045250382514179554,0.0004405248042890124,0.009053706039940324,0.005480999999999799,0.005480999999999817,0.005480999999999965,0.0010448099999994089,0.0010448099999993835,0.0010448099999994106,-0.600202678123277,9.437528807954294,0.9682526906788517,-0.009704823110133716,0.04401055302321472,0.0005984294692804887,-8.762625222057103,-26.179501056671143,12.550313009023666,988.9836572265625,-0.27499495588538797,30.325849605226836
2025-03-01T18:01:23Z,40.00308066088051,-75.33965753573617,34.0751192589703,-22.771682624940375,4.89511684072985,-1.610684028453643,1.4060347847495493,6.251722023853142,6.114412264126885,0.0009999999922970229,0.0010000000034978633,0.0009999999941523916,0.0009999999890651973,0.0009999999921429293,0.0009999999849673678,0.00004198356770843572,0.00004200079118682569,1.2590071559495326,39.73395049116301,30.830265372382353,0.049948103302172295,0.0004468295851533988,0.00043606073899197975,0.009058081787603643,0.0054819999999997995,0.005481999999999816,0.005481999999999965,0.0010448199999994084,0.001044819999999383,0.001044819999999411,-0.3537648272217796,9.598769131078637,1.2726877288239054,0.004595421464579872,0.026421318892084177,-0.0033282959465191107,-26.278500938415526,25.025438620448114,21.681938234567642,989.1902685546875,-0.09173109035095937,42.27214619483287
2025-03-01T18:01:24Z,40.00189141871872,-75.33968800125402,32.94166029783723,-22.566678212120628,4.935450809106629,-1.5088697570926812,1.4013202222403423,6.255366568777824,6.147794007987914,0.0009999999924753063,0.0010000000035000354,0.000999999994428071,0.0009999999891989434,0.0009999999920411071,0.0009999999846748426,0.00004298281703260777,0.0000430008354155344,1.2784506362154606,40.85581114783389,32.044781576475046,0.04636880621973791,0.00043945269782978615,0.0004348999533219548,0.009062135765683417,0.005482999999999798,0.005482999999999814,0.005482999999999964,0.0010448299999994077,0.0010448299999993825,0.0010448299999994113,-0.368178633553034,9.80642233593909,1.1173255399946238,-0.005622210357268819,0.031284203521072036,0.004813396529018564,-23.069813480377196,14.817750616073608,10.459875378608704,989.4311962890625,0.0957667778161345,29.34600553988415
2025-03-01T18:01:25Z,40.00035871549734,-75.3397547977051,32.028546352987085,-21.89553607761294,4.826786964762445,-1.5821200545576788,1.4021596919074626,6.2666198797576405,6.180727086821744,0.0009999999925289894,0.0010000000035860865,0.000999999994411913,0.0009999999891437327,0.000999999992310526,0.0009999999845523109,0.00004398223128410302,0.000044000883294829564,1.2827676342762477,41.913543197357534,33.30781529723336,0.042770474460778335,0.0004320951410692441,0.0004358193195613463,0.009067374945458569,0.005483999999999797,0.0054839999999998145,0.005483999999999964,0.0010448399999994065,0.0010448399999993811,0.0010448399999994102,-0.35066591656310553,9.616264200425947,0.99131531801351,-0.0011226733941363388,0.03123813829792835,-0.0015157300252387916,-24.701063556671144,14.616563100814819,10.629375381469726,989.4640551757813,-0.10736798765974141,30.60664914117743
2025-03-01T18:01:26Z,39.998825639105476,-75.33983236469743,31.17137621647251,-20.756080888112674,4.87063734472591,-1.5455755092201142,1.4023828096279616,6.272605462336087,6.202808558722099,0.0009999999923972795,0.0010000000034451372,0.000999999994327197,0.0009999999891425412,0.0009999999924009246,0.0009999999843179799,0.000044981772285263905,0.00004500093490656236,1.274755966098093,43.07513578641948,34.61544929223879,0.0387313792607347,0.0004285096178770596,0.0004358330772638555,0.009072873750353885,0.005484999999999794,0.005484999999999817,0.0054849999999999665,0.0010448499999994069,0.0010448499999993815,0.0010448499999994106,-0.07613463060245358,9.752982591625443,0.7498278645010046,-0.0023948078178116284,0.019504694503738075,0.002054323963125686,-24.374251079559325,13.172250537872314,10.972687902450561,989.5363647460938,0.0011120702135643556,29.79948245612528
2025-03-01T18:01:27Z,39.99747039475077,-75.33990480555005,30.299142895091038,-19.95195109464669,4.78438450695124,-1.5580094442402062,1.4011960440789777,6.272471278142885,6.2322324218606635,0.0009999999923097746,0.001000000003488891,0.0009999999943149905,0.0009999999891118425,0.0009999999921795886,0.0009999999844205072,0.000045981405333449374,0.00004600099029026647,1.258063101989323,44.35216088756622,36.03426490046964,0.03572983656339474,0.00042186000641565997,0.00044181387322329575,0.009078679424545247,0.005485999999999796,0.005485999999999818,0.005485999999999969,0.0010448599999994075,0.0010448599999993823,0.0010448599999994114,-0.31202771848657024,9.681654912351071,0.9379671434201232,-0.003676288823075826,0.026060808930663985,0.008878985312719913,-25.00762596130371,13.052438068389893,10.016625370979309,989.64537109375,-0.04894579940477565,29.934549283868847
2025-03-01T18:01:28Z,39.9957795928163,-75.34002797996638,29.679753488837072,-18.599021678225323,4.530976135423513,-1.5122788435546577,1.4018367586075593,6.282234766386098,6.260664328659044,0.0009999999926588302,0.001000000003377543,0.0009999999940888261,0.0009999999889137513,0.0009999999922919599,0.0009999999844355462,0.000046981102296266655,0.000047001049486787714,1.2362599290183325,45.81947813458009,37.47823555724917,0.03302989445574958,0.0004151608353691157,0.0004504061133141159,0.009085778307194268,0.005486999999999795,0.005486999999999819,0.005486999999999969,0.0010448699999994079,0.0010448699999993831,0.0010448699999994122,-0.11673285123650856,9.72977219326942,0.8135567040947306,-0.0030769403954197297,0.0260409476633467,-0.00016515125702988077,-25.944750995635985,11.694000396728516,8.930812845230102,989.6223974609375,-0.01647310975494623,29.826768846602103
2025-03-01T18:01:29Z,39.99448396866877,-75.34012332647016,28.90028658386315,-17.610108703413783,4.4536086211814405,-1.489935785082312,1.402015123479198,0.0038963556959051775,0.0015195429092114232,0.0009999999927571572,0.0010000000035053189,0.0009999999940075927,0.000999999988883229,0.0009999999922990794,0.0009999999846509954,0.00004798083945010791,0.00004800111242670235,1.2113706765125032,47.49437677727165,38.95355658158708,0.030841293899082127,0.0004092806660287814,0.0004605534548632474,0.009093218031559762,0.005487999999999798,0.005487999999999817,0.005487999999999966,0.001044879999999409,0.0010448799999993837,0.0010448799999994126,-0.12355240330359354,9.73076922797819,0.8394390761687859,-0.003036215965027207,0.021866705931126867,0.002543016487231674,-26.185313568115234,12.542438049316406,8.045437812805176,989.781884765625,-0.013191059576589463,30.128216179662097
2025-03-01T18:01:30Z,39.99342952120367,-75.34020131236997,28.014139043582748,-16.999571638308193,4.151445384434158,-1.4539046850183375,1.3976366144374976,0.019844524544077653,0.026757260910497297,0.0009999999929837446,0.0010000000035046818,0.0009999999939249698,0.000999999988938494,0.0009999999922993236,0.0009999999849185386,0.00004898059694521934,0.00004900117916418216,1.1845890254898752,49.346800903960464,40.482047363723595,0.028273194543813246,0.0004021912951938763,0.00047399091666888536,0.009101871188552857,0.005488999999999797,0.0054889999999998135,0.005488999999999963,0.0010448899999994086,0.0010448899999993826,0.0010448899999994116,-0.3038293576813014,9.698287047148153,1.2223207606327657,-0.00736150473075126,0.025590143181841975,-0.00910647580657623,-25.78875108718872,12.355125484466553,8.710312838554382,989.9334838867187,-0.0011131717227322083,29.89273028246419
2025-03-01T18:01:31Z,39.99207057680659,-75.34033052846837,27.333440602842817,-16.33397033398655,3.7876164474540035,-1.4080200142787471,1.4045716557683372,0.03280564296231275,0.05267783217548687,0.0009999999931450867,0.0010000000032511448,0.0009999999938296047,0.0009999999891369211,0.0009999999921636307,0.0009999999846915155,0.00004998035964778091,0.0000500012498486282,1.1577820197131137,51.41431971889466,42.0504071948573,0.02681487243325706,0.0003945128864240073,0.0004896559324375933,0.00911071913438893,0.005489999999999794,0.005489999999999811,0.00548999999999996,0.0010448999999994083,0.001044899999999383,0.001044899999999412,-0.4950779861458264,9.717608657515518,1.0179037613088169,0.002665188793483061,0.025379177121695618,-0.005846193669028333,-24.887438430786133,11.699062919616699,7.64737533569336,989.938515625,0.002509391777198654,28.543512695298617
2025-03-01T18:01:32Z,39.99053075892702,-75.34049681261129,26.69563730409398,-15.720311975447668,3.555522354073262,-1.5210564014745738,1.4080955173391492,0.03289865582793307,0.08500968838535514,0.0009999999931092575,0.0010000000032537033,0.0009999999941028895,0.000999999988993183,0.0009999999921923351,0.0009999999849995575,0.00005098011841804533,0.000051001324421411225,1.1342925084406887,53.66979590572488,43.600596514280355,0.02660644303493189,0.00038318598888348874,0.0005097665777820232,0.009119099439769228,0.005490999999999797,0.005490999999999813,0.005490999999999962,0.0010449099999994087,0.0010449099999993833,0.0010449099999994124,-0.537580669824202,9.603790085648583,0.6469449879256574,-0.001713510263810261,0.02955575646892536,0.007547099877846268,-25.747501068115234,10.85625039100647,7.2916877698898315,989.9727880859375,-0.14021528140837142,28.878326873535425
2025-03-01T18:01:33Z,39.98870021310804,-75.34072188574015,26.100044158589483,-15.03551825492003,2.954970251940781,-1.565441108179207,1.408738713231571,0.017853012872247755,0.11498830903607066,0.0009999999931002384,0.0010000000033558059,0.0009999999940632736,0.0009999999893031935,0.0009999999920864099,0.0009999999847566483,0.000051979865736731474,0.00005200140268388206,1.1147930200226974,56.111025667041595,45.13252758080787,0.026261829994868924,0.0003719475996223611,0.0005301405634667468,0.009127127332365323,0.0054919999999997965,0.005491999999999814,0.005491999999999963,0.0010449199999994076,0.0010449199999993824,0.0010449199999994121,-0.34704204133395206,9.645584653851117,0.7570063307716809,-0.005235328800524461,0.024809036998833058,0.02179543718659001,-24.127501049041747,12.361688060760498,7.009312801361084,989.9824829101562,-0.09923316614293184,28.001343936958353
2025-03-01T18:01:34Z,39.98703031943284,-75.34094001023387,25.31124663760431,-14.354400289646753,2.0435220978292854,-1.6329667718261007,1.4178458477547047,0.02868156439206157,0.13109862201888178,0.000999999993046657,0.0010000000033403874,0.0009999999940627311,0.0009999999893848342,0.0009999999924348946,0.0009999999851340933,0.00005297958779395893,0.000053001484520679386,1.0960529171539626,58.65065559587653,46.585805474251615,0.024630062455596978,0.00036653678168728775,0.0005455183548635613,0.009136657001373888,0.0054929999999997975,0.005492999999999815,0.005492999999999964,0.001044929999999408,0.0010449299999993823,0.0010449299999994123,-0.08698209707307762,9.578426209128521,1.1688908690422535,0.004141444891367356,0.015870048882902728,-0.0068948451088385095,-23.83087589263916,12.847875518798828,5.706750221252442,990.1281909179687,-0.13071760414837716,27.668443050281095
2025-03-01T18:01:35Z,39.98517029023563,-75.34119828113121,24.53764022547773,-14.32214161102485,0.9230759227408851,-1.5904333062008527,1.4212366376512098,0.022123544076596592,0.16943622041400436,0.0009999999931284717,0.0010000000036240874,0.0009999999940925497,0.000999999989140592,0.000999999992249359,0.0009999999854667682,0.00005397927100012345,0.00005400157023657019,1.0768577431052369,61.346469842470206,48.1592924468163,0.023000951432299122,0.000350960202715129,0.0005710870841933179,0.009145751517244304,0.005493999999999799,0.005493999999999816,0.005493999999999965,0.0010449399999994085,0.0010449399999993832,0.0010449399999994122,-0.6414527162483323,9.676712362317357,1.1457112199019959,-0.002494615620120099,0.03536397979860424,0.01309495411759351,-24.958500957489015,5.711625198125839,-4.715812696963549,990.1989892578125,-0.01507659438291856,26.034317339614645
2025-03-01T18:01:36Z,39.98377311936762,-75.3413865109636,23.55068339517295,-14.24785846803398,-0.45861395578351805,-1.5149628850603656,1.4201514874433483,0.024092822657348384,0.19687294785259898,0.0009999999930129495,0.0010000000034637382,0.0009999999942019047,0.000999999989496414,0.0009999999924135748,0.0009999999856130752,0.00005497889949032688,0.00005500166082227726,1.0544264018690777,64.05286710468188,49.74682321343371,0.019789090874851513,0.00034074940707781926,0.0005921168635125598,0.009155348828963732,0.005494999999999797,0.005494999999999813,0.005494999999999967,0.0010449499999994074,0.0010449499999993822,0.001044949999999413,-0.4904518633614808,9.641158015565427,1.8610148308944667,-0.0050113452014884,0.026509277008347057,0.0024921102991994504,-39.930189018249514,-0.4173750132322309,5.560500244162977,990.4332373046875,0.05105695285658256,40.31760493493681
2025-03-01T18:01:37Z,39.98211536969679,-75.34160041090074,22.649573905315602,-13.907211979886007,-1.4142065576857052,-1.4901218209722473,1.4206333525119286,0.029648682213923052,0.21708415318725297,0.0009999999931665834,0.0010000000032372464,0.0009999999939614545,0.0009999999896774052,0.000999999992270952,0.0009999999859201401,0.00005597844642708009,0.000056001757047668106,1.028254998582325,66.93066064107686,51.35010614555925,0.01818130991090871,0.0003346998161553549,0.0006100109097111211,0.009165188252156979,0.005495999999999797,0.0054959999999998135,0.005495999999999969,0.0010449599999994069,0.0010449599999993813,0.001044959999999413,-0.15720032533854186,9.660354877906213,1.4458339430073577,-0.0034760052214351193,0.019962175496588942,-0.0022467649982140098,-26.058750991821288,13.930688037872315,6.034687736034393,990.5144165039062,-0.010988425641532431,30.158530592712
2025-03-01T18:01:38Z,39.98020883584762,-75.34182848168895,21.853141169121308,-13.670864940211233,-2.412795356228399,-1.3267455704423634,1.4180926307624608,0.02543283743140292,0.2441284274933743,0.000999999993249744,0.0010000000029978706,0.0009999999936655547,0.0009999999898011728,0.0009999999923630926,0.0009999999858365948,0.00005697788289426168,0.000057001859226087996,1.0018366978046023,69.94871126056641,53.093540979444235,0.01685445508290467,0.0003267945022424441,0.0006305198586678353,0.00917484950634891,0.005496999999999796,0.005496999999999814,0.0054969999999999715,0.0010449699999994064,0.0010449699999993808,0.0010449699999994125,-0.24913570561135437,9.791507060365618,1.4981831414461917,-0.006660680942052612,0.025358815156677178,0.008336049905700105,-25.181813583374023,13.043063020706176,3.2681251138448717,990.5940991210938,0.128500266976785,28.546855740722954
2025-03-01T18:01:39Z,39.977780997656794,-75.34208992511184,21.191011163606614,-13.599148355489177,-3.6850077842974738,-1.3748239165466392,1.4254275688310913,0.031234483290910803,0.271417315827278,0.000999999993470263,0.0010000000031151965,0.0009999999938970917,0.0009999999897243252,0.0009999999925814898,0.0009999999856423341,0.000057977179464096284,0.00005800196792815664,0.9755317562222813,72.96871586544772,54.93137662104628,0.015610957125130095,0.0003203438309673339,0.0006507315036173925,0.009184909481441496,0.005497999999999797,0.005497999999999814,0.005497999999999972,0.0010449799999994055,0.00104497999999938,0.0010449799999994118,-0.465913669768383,9.555149107507928,1.5711629262033864,0.002923053338589444,0.02715235454659096,-0.001685970906459403,-24.512625980377198,13.621500530242919,2.4275625915825367,990.6235034179688,-0.08528865696684818,28.147900675876286
2025-03-01T18:01:40Z,39.97433178959114,-75.34240541350192,20.720434153272425,-13.259922793619856,-5.6353294304621,-1.284907644923245,1.4329888871903935,0.028089094491916294,0.2960838460396976,0.0009999999934419952,0.001000000003417132,0.0009999999939310762,0.0009999999900405722,0.0009999999920474697,0.0009999999853614358,0.00005897629419183155,0.000059002084051934055,0.9477665984432474,76.04367390893927,56.91388200792326,0.014261801656047481,0.00031631269047133117,0.0006695305559476089,0.009194763027997708,0.005498999999999795,0.005498999999999811,0.005498999999999969,0.0010449899999994063,0.0010449899999993807,0.0010449899999994128,-0.45120958824051116,9.616830936110878,2.038801543460432,0.002604101850061444,0.023251331533156845,0.006656171971078124,-23.307750911712645,14.138625526428223,1.4090625536441803,990.5772021484376,0.06118594384360903,27.297155002547413
2025-03-01T18:01:41Z,40.06386075634082,-75.32368795555018,17.540011730287052,-17.638199147444936,10.291399099981223,-1.4726847315632037,1.3771762504676959,0.016961669449292463,0.27091603674835,0.0009999999935213317,0.001000000003150521,0.0009999999935977452,0.000999999990276148,0.000999999991612266,0.0009999999853999085,3.088018223693778e-10,3.088017222301092e-10,0.55999292079971,0.33854925432449734,0.337256317176965,0.011005697367822717,0.00016731144484502332,0.0001842338587018463,0.009019377376885835,0.005499999999999792,0.005499999999999813,0.005499999999999971,0.0010449999999994064,0.001044999999999381,0.0010449999999994136,-0.39007295654182483,9.439642476078431,2.656867634550839,-0.015151701084468028,0.015096286548609488,0.012001238639203868,-19.302750749588014,22.61550087928772,7.7505003013089295,990.63359375,0.03262390084228256,30.726604112413018
2025-03-01T18:01:42Z,40.06382460315317,-75.32357107439283,16.848142137331426,-17.608965587226542,9.639927983561199,-1.0913984228455487,1.3885651580483322,0.024324161407607067,0.29826484194002234,0.00099999999334444,0.0010000000032452934,0.0009999999938339805,0.0009999999900106918,0.0009999999916805499,0.0009999999855142944,1.0003088062677604e-6,1.0003088163749982e-6,0.5873248810064883,0.3798315400263678,0.3707984026894304,0.01165008945351266,0.00017690168432103902,0.00019464214833857737,0.009027080309041745,0.005500999999999795,0.005500999999999812,0.005500999999999969,0.0010450099999994053,0.0010450099999993819,0.0010450099999994122,-0.36714108800270734,9.831382749335468,2.5008333736565778,0.010293487056706522,0.029565770634261173,-0.001705999425482144,-24.345563430786132,11.930437994003295,2.2860000893473624,990.9403173828125,0.36963842728312024,27.207808477943246
2025-03-01T18:01:43Z,40.063785859142236,-75.32346011885812,16.311365605242106,-17.516786893883054,9.289054536156922,-1.0151028028460949,1.3921290619441549,0.025160633759433303,0.313238365817397,0.0009999999934181482,0.0010000000035707177,0.0009999999939334088,0.0009999999900383142,0.0009999999918702534,0.0009999999856364755,2.0003088203518117e-6,2.0003088635156446e-6,0.6151898428237506,0.45973194396054073,0.43875567248434466,0.012142325861079037,0.00018668339488419017,0.00020485366585114398,0.009036850838538125,0.005501999999999798,0.005501999999999814,0.005501999999999966,0.001045019999999406,0.001045019999999381,0.0010450199999994126,-0.26476880409772224,9.605584699945384,2.1096689824473924,0.0030011634606799077,0.015635884407224382,0.0022375824724360366,-25.06537601470947,12.88781301498413,1.686562559530139,991.0959790039062,0.05666097056791057,28.234914986208
2025-03-01T18:01:44Z,40.06374276232349,-75.32335467011798,15.686957179212772,-17.33890730393737,8.68432773618252,-0.8630635090388925,1.3921787693571688,0.03131366992158792,0.33549287193877,0.0009999999931189427,0.0010000000034091222,0.000999999993830211,0.000999999990063437,0.0009999999921769154,0.0009999999857083016,3.000308844114105e-6,3.000308951143508e-6,0.6428746112594307,0.5927686070158331,0.5462391138274582,0.012789298024876434,0.00019646470623596983,0.0002151215466564346,0.009045418920578573,0.005502999999999801,0.005502999999999816,0.005502999999999966,0.0010450299999994054,0.0010450299999993822,0.0010450299999994119,-0.3074774297966958,9.651411226362818,2.383075114967597,-0.0005017948710806521,0.023196754026982194,-0.0018662264177180966,-24.989251079559327,13.830375537872314,0.9945000478252769,991.3606689453125,0.1646594023177937,28.578454899245145
2025-03-01T18:01:45Z,40.06369337324114,-75.32325987019246,15.10983616428031,-16.969250452471524,7.441532805860472,-0.6514753251154914,1.3971432521217144,0.033364692965817656,0.34893378022274585,0.000999999992702529,0.0010000000037039035,0.0009999999937421785,0.0009999999903704453,0.0009999999920273406,0.0009999999854805757,4.000308868463373e-6,4.0003090922505405e-6,0.67023167564675,0.8170625492712972,0.7005992917354387,0.014264865092744978,0.00020627057726220325,0.00022524892225967978,0.009055103595732548,0.005503999999999803,0.005503999999999814,0.005503999999999963,0.0010450399999994055,0.001045039999999383,0.001045039999999412,-0.3944597985750172,9.607379284537403,3.035771081890872,0.004721766845325608,0.013538581806180663,0.00047625628425329494,-24.852188529968263,11.244937944412232,0.4080000099539757,991.5484301757813,0.3020975327242288,27.280828377645957
2025-03-01T18:01:46Z,40.06364401942794,-75.3231747595102,14.547744039480166,-16.5833140703802,7.019217140819523,-0.6456870054273187,1.4024098404690877,0.03277571511138103,0.36058380713777555,0.0009999999928512976,0.0010000000039287276,0.0009999999937542019,0.000999999990334598,0.0009999999918419381,0.000999999985355044,5.000308857532486e-6,5.0003093054166805e-6,0.697689289152844,1.0476002190321119,0.8977439328194475,0.01491316446957432,0.00021588733492487717,0.00023532652049612518,0.00906540158888933,0.0055049999999998035,0.005504999999999813,0.005504999999999961,0.0010450499999994053,0.0010450499999993834,0.0010450499999994124,-0.10835797910842213,9.56841617329545,2.2002373189193998,0.005067923421434113,0.011258019924259026,0.0026346456991222502,-26.021438484191894,12.838125514984132,0.9800625409185887,991.6927758789062,0.037558331450789115,29.03257310383922
2025-03-01T18:01:47Z,40.06359549901788,-75.32309378488488,13.978056248273633,-16.205967232017493,6.730059425279321,-0.5867566760034869,1.4127466197298293,0.02660690545691771,0.37510064724361564,0.0009999999927119132,0.0010000000042687128,0.0009999999933553744,0.0009999999904655866,0.0009999999919054476,0.000999999985086067,6.000308718090112e-6,6.000309613772361e-6,0.7244273342481142,1.3175744579961013,1.141734941606251,0.015347208457076622,0.00022511049244710885,0.0002454127277747512,0.009076985029112805,0.005505999999999805,0.005505999999999813,0.005505999999999963,0.0010450599999994063,0.0010450599999993835,0.0010450599999994124,-0.042619422349831064,9.66317914530877,2.0117953379553772,0.010063160967456868,0.01320260583852995,0.00848843257449001,-26.037563495635986,12.22781301021576,1.2508125454187393,991.792060546875,0.08933699672296702,28.79298058704076
2025-03-01T18:01:48Z,40.063548226083554,-75.32301449799516,13.387064770592417,-15.841891423651028,6.724148672877763,-0.6631342306718842,1.4120820919784647,0.021205800151340205,0.3927073440605872,0.0009999999927554526,0.0010000000042399034,0.0009999999936250868,0.0009999999904666001,0.0009999999920118547,0.0009999999848590943,7.000308265656336e-6,7.000310045122764e-6,0.7492047264803834,1.6064196320790463,1.4272881571044196,0.015311071592557794,0.0002339690346956833,0.0002555139512638489,0.00908816038186441,0.005506999999999804,0.005506999999999813,0.0055069999999999624,0.0010450699999994054,0.0010450699999993828,0.0010450699999994117,0.10564013489878318,9.584488033290409,1.683347745751777,-0.0009389135649078577,0.016419827828750132,0.008142609009842434,-24.138750762939452,14.425313158035278,1.7040000688284636,991.8720166015624,-0.04936601040646524,28.172144090604192
2025-03-01T18:01:49Z,40.063482584719885,-75.32293115740896,12.812635898925594,-15.431762812444374,7.1395191601970005,-0.7711974311207096,1.420268609443512,0.03529320361929002,0.4063555197193337,0.0009999999929208787,0.0010000000044105887,0.0009999999934861726,0.00099999999040143,0.000999999992433091,0.0009999999846666188,8.000307183648877e-6,8.000310631747022e-6,0.7701135213670622,1.9046698315800537,1.760188815199746,0.014797032004360049,0.0002427742677958203,0.00026558661069415513,0.009094611003471717,0.005507999999999801,0.005507999999999816,0.005507999999999961,0.0010450799999994062,0.0010450799999993817,0.0010450799999994127,0.26272043057840294,9.606496722795594,1.3063833781495684,0.008310680445127852,0.01532561066154649,-0.01176023337886679,-19.857188205718995,13.996688060760498,2.965312617197633,991.8665014648437,-0.0826991451474032,24.47459484737978
2025-03-01T18:01:50Z,40.06336495139129,-75.32283892859999,12.33563150068824,-15.191727093185152,7.539238020988878,-0.8391252890406985,1.4202489278301373,0.03336671559286695,0.4270802482523596,0.0009999999927853937,0.0010000000045371988,0.0009999999932930452,0.0009999999900759057,0.000999999992109251,0.0009999999846706036,9.000304978117074e-6,9.000311410074946e-6,0.786141944323733,2.2573420422962065,2.1285678116146722,0.01438845688813825,0.00025108886677999945,0.00027571622584886464,0.009104952547610928,0.0055089999999998,0.0055089999999998135,0.005508999999999964,0.0010450899999994065,0.001045089999999382,0.001045089999999412,0.037125655558830586,9.627279638285994,1.2843445718750923,0.00044571328506002586,0.019535238222801034,0.005057741824581674,-23.762063550949097,14.468813071250915,-1.8926250858604907,991.80205078125,-0.06857671703214326,27.88478820300491
2025-03-01T18:01:51Z,40.063213465841535,-75.3227373300475,11.809124655581877,-14.680315120561842,8.342992671556765,-0.9506780444902272,1.422675112776625,0.03395401181330583,0.43308103856656854,0.0009999999929697562,0.001000000004180479,0.0009999999934083416,0.0009999999899047627,0.0009999999922020836,0.0009999999844948705,0.000010000300935319366,0.000010000312424108918,0.7971469508117228,2.625513995392182,2.5680881675996283,0.014173383740859212,0.0002594480203710453,0.00028576395966164493,0.009114558152454903,0.005509999999999797,0.0055099999999998145,0.005509999999999964,0.0010450999999994074,0.0010450999999993822,0.001045099999999411,0.47457350267446285,9.630111160909566,1.0468170385185644,0.0035539473252158907,0.005391548509890162,0.00023675095618272456,-26.338688678741455,12.620625581741333,2.563687600120902,991.8418017578125,-0.08285099585144298,29.318530443892513
2025-03-01T18:01:52Z,40.06299736067724,-75.32262197113302,11.285303788888,-14.228317255099432,9.266372332377008,-1.0139592443834975,1.4190250420007298,0.033820861547297576,0.4321535583514145,0.0009999999928539715,0.0010000000041083044,0.0009999999936240417,0.000999999989944213,0.0009999999918839974,0.0009999999848876403,0.00001100029405004082,0.000011000313728904132,0.8037656069973926,3.041474386685247,3.063888603478089,0.0144112754050229,0.0002679192084604575,0.0002957208938047651,0.009124316192026135,0.005510999999999795,0.005510999999999817,0.005510999999999961,0.0010451099999994064,0.0010451099999993826,0.0010451099999994116,0.4927452261452253,9.683812389432134,0.9687600229419118,-0.002038469853028944,-0.0014479674515333538,-0.0003382299163858341,-25.44281370162964,10.71975046634674,0.9926250346004963,991.848037109375,-0.03679780058577183,27.626659539780835
2025-03-01T18:01:53Z,40.06265298837122,-75.32248848180355,10.853252431127052,-13.941160124693774,10.508967082871802,-1.1032570746973338,1.4217298728389132,0.035596228369962235,0.4374065117069079,0.0009999999928359425,0.0010000000038657482,0.0009999999937132704,0.0009999999901357188,0.0009999999918877686,0.000999999984946359,0.000012000282965435978,0.000012000315388522888,0.807513478244618,3.4933959739095513,3.608305746304797,0.015200832403934404,0.00027666471718512295,0.0003055116271551596,0.00913382641592601,0.005511999999999793,0.005511999999999818,0.005511999999999959,0.0010451199999994053,0.0010451199999993825,0.0010451199999994116,0.5305655516687219,9.689054353074098,0.6718218441000328,0.0044468779110324605,0.005281726196530417,-0.0018246676035170075,-23.735438385009765,11.403937911987304,-0.7558125248551368,991.7929272460938,-0.054754824404580696,26.3436787841936
2025-03-01T18:01:54Z,40.06218127733703,-75.32233808139806,10.473928505972008,-13.672650831475549,11.866823635236972,-1.096855172748865,1.4222461517222262,0.04382551691070057,0.43372334966928444,0.000999999992934702,0.0010000000037811232,0.0009999999936436558,0.0009999999902599523,0.0009999999916777446,0.0009999999847990601,0.000013000265904155712,0.000013000317480078775,0.8108773234330289,4.004419190804698,4.230870711979684,0.017086500859463793,0.0002860597798063805,0.00031477362557851305,0.009141703619528886,0.005512999999999795,0.00551299999999982,0.0055129999999999615,0.0010451299999994063,0.0010451299999993816,0.0010451299999994106,0.603521149429252,9.797608701733335,0.5696685894063838,0.002442373345345993,-0.0018487014789846205,-0.010218049691974939,-22.74037582397461,12.770625495910645,0.5270625292137265,991.7792822265625,0.05098628340437024,26.086178588178065
2025-03-01T18:01:55Z,40.06169387180893,-75.32217856994036,9.966574633491538,-13.476367084366034,13.030901754387955,-1.176130612342133,1.4174434466988775,0.052058844301304134,0.4301575250401814,0.0009999999925141888,0.0010000000039386374,0.0009999999938953858,0.0009999999899967284,0.0009999999917268464,0.0009999999848809133,0.000014000240662793445,0.000014000320091790652,0.8175604192645484,4.572202084689239,4.910305579344571,0.019573662505185354,0.0002959663840010628,0.0003231955366149194,0.009149187333558606,0.005513999999999793,0.0055139999999998185,0.00551399999999996,0.0010451399999994058,0.0010451399999993804,0.0010451399999994102,0.44314776328415884,9.70799748801807,0.6482924221272814,-0.003596175532826874,-0.0010000000479451548,-0.0105498528819793,-22.63912586212158,13.912500524520874,2.2473751047253607,991.90076171875,-0.042136373673367276,26.667127268659645
2025-03-01T18:01:56Z,40.0609682124072,-75.32201136194162,9.54744537927581,-13.467036546720685,13.787548767036583,-1.2760129078000682,1.4205071432151992,0.059102029226334285,0.424156217721941,0.0009999999927416436,0.001000000003527493,0.0009999999940385064,0.0009999999897222166,0.0009999999912431651,0.000999999985311944,0.000015000204740924949,0.000015000323313502751,0.8304168217463417,5.188480473431219,5.646461024216288,0.021855009327447054,0.0003062684037808255,0.0003303703364955483,0.009155865065240062,0.005514999999999792,0.005514999999999818,0.005514999999999958,0.0010451499999994062,0.0010451499999993806,0.0010451499999994105,0.22023802907475298,9.621206703557311,0.9000742466774607,0.003924471230997244,-0.0021591409502233786,-0.010969112936739028,-20.801438217163085,12.553500537872315,3.3502501344680784,991.8453637695312,-0.11620437553153305,24.525739385581424
2025-03-01T18:01:57Z,40.06000171628375,-75.32184710015294,9.211744857129139,-13.64659274913831,14.243298850013502,-1.2869074446536672,1.4176420550441131,0.06156235473921706,0.42079478611756826,0.0009999999925870947,0.001000000003714582,0.0009999999937967336,0.0009999999898212292,0.0009999999914416316,0.000999999985215077,0.000016000155576091397,0.00001600032723073434,0.8501299423683126,5.847225591342948,6.438869267220253,0.02389309230799075,0.0003165326949822931,0.0003360393667543882,0.009162159749081668,0.0055159999999997945,0.00551599999999982,0.005515999999999961,0.0010451599999994063,0.001045159999999381,0.00104515999999941,0.09654740093629212,9.669951652523329,1.0077741484769942,-0.002985310795528492,0.0013416485104113076,-0.007312269291432717,-20.447813243865966,9.635625414848327,0.5184375220164656,991.8127978515626,-0.05918107857456413,22.610281387697032
2025-03-01T18:01:58Z,40.05891916386273,-75.32169304154392,8.887439597954618,-14.005276019932944,14.519425108831724,-1.2717822457005568,1.4290112798414203,0.0657045657817119,0.4193276359351475,0.0009999999926765559,0.0010000000038713377,0.0009999999940073934,0.0009999999897409373,0.000999999991025355,0.0009999999850332463,0.000017000090809347797,0.000017000331917994097,0.875600013675682,6.539983587546967,7.257521578975554,0.025640303549439927,0.0003267344208119461,0.0003399921155010671,0.009166757120125747,0.005516999999999792,0.0055169999999998215,0.005516999999999963,0.001045169999999407,0.0010451699999993814,0.0010451699999994106,-0.023133609734358067,9.693122123714549,0.9321210754873797,0.010260274268465768,0.0044163341107990636,-0.009368847360310425,-21.219188232421875,11.15568796157837,0.10406250786036257,991.8640966796875,-0.044153255670282096,23.973145749273492
2025-03-01T18:01:59Z,40.057590845692204,-75.32155732803201,8.660087172019391,-14.51434674300818,14.609074683129366,-1.3412510011571415,1.4378028451258027,0.0652369236420618,0.41046427936781593,0.0009999999925235723,0.0010000000039276427,0.0009999999942035321,0.000999999990039679,0.0009999999913225845,0.0009999999849141727,0.000018000008571676863,0.000018000337428615936,0.9053685853278247,7.255906792410173,8.091963491202206,0.02750654199541149,0.0003364636444579404,0.0003421018843948034,0.009170296682244445,0.0055179999999997896,0.0055179999999998225,0.005517999999999965,0.001045179999999407,0.0010451799999993817,0.0010451799999994116,0.0008436500234632075,9.608144320249593,0.764114850813378,0.0070889511467484385,-0.0021090700659607223,-0.007063584015303198,-22.719000816345215,10.199437873363495,0.4211250200495124,991.8413525390625,-0.1435496292657665,24.906953797385665
2025-03-01T18:02:00Z,40.05605473288483,-75.32144802174705,8.506715901833436,-15.166329689900254,14.110285435861353,-1.305936926691835,1.443568609328414,0.061453968616533294,0.40245490997300215,0.0009999999925844995,0.0010000000041105422,0.0009999999939448619,0.000999999990181267,0.0009999999916850502,0.0009999999844318853,0.000018999907744278662,0.00001900034379885891,0.9368058062012721,7.995014332920135,8.937265061990772,0.027929226965806228,0.0003454675235629794,0.00034260148058360145,0.009172899135317934,0.005518999999999791,0.005518999999999825,0.005518999999999966,0.0010451899999994077,0.0010451899999993825,0.0010451899999994122,-0.13340285045883826,9.653281568523294,1.0031878991197396,0.00297062074166705,-0.0005622134758308773,-0.004573558759380485,-23.06606325149536,11.160187950134278,0.904875031709671,991.8340405273437,-0.07579043347189178,25.63999343933628
2025-03-01T18:02:01Z,40.05439279045708,-75.32136678189684,8.394618521436255,-16.020533131641265,13.946166182177205,-1.3293813463158486,1.449840359330347,0.06281124715735643,0.3965641887679287,0.000999999992630393,0.0010000000039242102,0.000999999993703174,0.0009999999903374775,0.0009999999920837074,0.0009999999843810401,0.00001999978799509914,0.000020000351036723837,0.968133206960726,8.782990227748913,9.73458621835632,0.029753174034612483,0.0003539874172159819,0.0003417500799151281,0.009173549821259508,0.005519999999999793,0.005519999999999828,0.005519999999999963,0.0010451999999994085,0.0010451999999993831,0.0010451999999994122,-0.0314398415688715,9.667886341028325,0.38008642613662746,0.002512472351602446,0.002767834114378199,-0.009857539014926135,-21.340875759124756,10.189500422477723,0.9502500340342521,991.8528930664063,-0.10655465047136313,23.667688274628627
2025-03-01T18:02:02Z,40.05252841916657,-75.32132121378736,8.36237404537084,-17.020814061655265,13.736066431248855,-1.3494717117860577,1.4606690576710388,0.05727349320153635,0.3863532272161435,0.0009999999926190496,0.0010000000034151,0.0009999999938602223,0.0009999999901939749,0.000999999991836501,0.0009999999841432828,0.000020999649932458374,0.000021000359099022472,1.000721748401455,9.634889029277726,10.47980039988855,0.03236674041013436,0.00036113578214527965,0.0003399382819538245,0.009174128423906332,0.005520999999999796,0.005520999999999829,0.005520999999999963,0.0010452099999994076,0.0010452099999993841,0.0010452099999994115,0.025759731590666857,9.686821038560122,0.045460637115030074,0.006167479953651052,-0.0014785107185209942,-0.0042579454577839305,-22.762313289642336,11.442937984466553,1.4861250662058592,991.8294580078125,-0.09497950364049317,25.51998651549085
2025-03-01T18:02:03Z,40.05051299051516,-75.32131753281426,8.403746999143424,-17.954875652319526,12.714973150767655,-1.3321681162852048,1.469984786530896,0.06140976719467683,0.36717603714002045,0.0009999999924238758,0.0010000000035754754,0.0009999999939445095,0.000999999990194812,0.000999999991436316,0.0009999999841394942,0.00002199949509678718,0.000022000367928403323,1.0323548553136408,10.500694374322995,11.191369029686822,0.032650049890956996,0.00036714089860161815,0.00033793520484363694,0.009172708011748508,0.005521999999999799,0.005521999999999832,0.005521999999999965,0.001045219999999407,0.0010452199999993845,0.0010452199999994108,-0.08809874675491958,9.646143093741498,0.4863382143116797,0.00405999677999641,-0.008910698621791007,-0.015161881823534106,-20.317688217163084,10.47787540435791,0.6215625243261457,991.8129833984375,-0.12303123140538554,22.868719789394092
2025-03-01T18:02:04Z,40.04826844758137,-75.32137129567346,8.645443788841765,-19.083102972911853,10.986990936436124,-1.2075618723675283,1.479689088388136,0.062097029028971705,0.35623712075846786,0.000999999992696889,0.0010000000033379283,0.0009999999937738663,0.0009999999899687679,0.0009999999915359006,0.0009999999841638358,0.000022999325017804626,0.00002300037749728748,1.0567606122033433,11.390420895704999,11.828207256652323,0.030727842982733903,0.0003721002214960802,0.0003358208363402252,0.009172122887721615,0.005522999999999796,0.005522999999999829,0.005522999999999963,0.0010452299999994066,0.0010452299999993847,0.00104522999999941,-0.38369471464928695,9.694717326926737,0.7189650332697564,0.0027427988825858007,-0.0005969291748035203,-0.011379694269942026,-21.727313270568846,9.887062873840332,0.22800001107156276,991.7440625,-0.05272635210152424,23.87215352102773
2025-03-01T18:02:05Z,40.04594652136272,-75.32147128687906,9.01639800992334,-20.264398207428613,9.433490284883945,-1.1089934848648708,1.4898746959648814,0.059989238829466364,0.34583220420991323,0.0009999999928242535,0.001000000003610605,0.0009999999938589852,0.0009999999898747261,0.000999999991357043,0.0009999999839968793,0.00002399914059981989,0.000024000387787758428,1.0724658292497358,12.36792385392992,12.389200271269424,0.029891433075491414,0.0003759974452522917,0.00033432320949378314,0.009172499789364066,0.005523999999999793,0.005523999999999832,0.005523999999999961,0.0010452399999994065,0.0010452399999993848,0.0010452399999994102,-0.35765021545765147,9.707997503913086,0.28486254577619824,0.0026957321750040036,-0.000725110878620055,-0.008238747598289256,-21.145125675201417,9.324187889099122,1.530562557838857,991.7059545898437,-0.06270560789528615,23.160248038622928
2025-03-01T18:02:06Z,40.04359167623189,-75.32161066131029,9.449779087762622,-21.445691162251393,7.686158198425167,-1.0450752683758886,1.5000408721617406,0.05770098721199215,0.34102139837977746,0.0009999999926815699,0.001000000003483355,0.0009999999938581532,0.0009999999899085522,0.0009999999916104497,0.0009999999839884783,0.00002499894208540008,0.00002500039878098725,1.0809159291866595,13.39867668126466,12.88214846591489,0.02843174690043475,0.00037950181798205836,0.0003334136373675057,0.009173961018458606,0.005524999999999793,0.005524999999999835,0.00552499999999996,0.001045249999999406,0.0010452499999993841,0.0010452499999994095,-0.46779654852609287,9.669494704946441,0.26574087935542945,0.0021419478459999306,0.004119747815319298,-0.007013512982323848,-19.18275079727173,9.404812889099121,1.021500033661723,991.6715405273437,-0.09682215023023844,21.38854188087233
2025-03-01T18:02:07Z,40.041239712490544,-75.32178297956892,9.94377644942526,-22.42713862665876,5.450220728530724,-0.8735047849778378,1.5001894712815167,0.05383289204420376,0.33092073026404517,0.000999999992286005,0.0010000000034276835,0.0009999999935888355,0.0009999999902380056,0.0009999999914228998,0.0009999999841545043,0.000025998728065404265,0.000026000410532230676,1.0799612811124553,14.457372692005652,13.378004791353064,0.02535195066313577,0.0003819501144946191,0.00033428035335283414,0.00917649312646454,0.00552599999999979,0.005525999999999834,0.005525999999999962,0.0010452599999994064,0.0010452599999993847,0.0010452599999994103,-0.541817796804143,9.753301643368099,0.7283722223551895,-0.007414080040216805,-0.0021810051850645867,-0.00495025880036744,-17.567813167572023,10.243687925338746,1.9085625755414366,991.6406420898437,0.014432314802593523,20.425516850276058
2025-03-01T18:02:08Z,40.03894742044541,-75.32197571641946,10.48120557963198,-23.283912233275416,3.4063641401254445,-0.7379831081004654,1.5097831145208773,0.041762929051406904,0.31331974010387237,0.0009999999919784416,0.0010000000033575107,0.0009999999935198414,0.000999999990380271,0.0009999999912727495,0.0009999999840765187,0.00002699849526416754,0.000027000423161086374,1.0696803442403782,15.596064619291552,13.866105550841377,0.022888267940042253,0.00038291441863481696,0.00033759494953634336,0.009180200065005141,0.0055269999999997925,0.005526999999999837,0.005526999999999962,0.0010452699999994068,0.001045269999999385,0.0010452699999994107,-0.4599120000485506,9.751635142838849,0.6138377449514302,0.002913039305528195,-0.01131209841146476,0.003921968231559378,-18.286688299179076,9.271875357627868,1.6183125564828515,991.6215576171875,0.0009534260933407721,20.566659634907662
2025-03-01T18:02:09Z,40.0367632168995,-75.32217512124997,10.975115473965888,-23.872469662159506,1.6067951599758865,-0.6689422899869193,1.5146432931250886,0.03813496836593517,0.2892617744925906,0.0009999999920954237,0.0010000000032728022,0.0009999999937754726,0.0009999999900837983,0.0009999999914346693,0.000999999984348017,0.000027998239496308563,0.000028000436790336183,1.0537004810544686,16.808900933669754,14.38970172129503,0.021000746080395205,0.0003830846632394629,0.0003435035741311634,0.009184578917040161,0.005527999999999791,0.005527999999999838,0.005527999999999963,0.0010452799999994072,0.0010452799999993855,0.001045279999999411,-0.25535704569461465,9.721596724824728,0.5394987573416823,-0.0008676459111778298,-0.01839946504919403,-0.00352490776046393,-17.55075080871582,9.944812932014464,2.975250116996467,991.6209106445312,-0.04069926871950897,20.390640028955893
2025-03-01T18:02:10Z,40.034738640657956,-75.3223693097308,11.338204375546633,-24.351743406516388,0.08525319636315598,-0.6594530464201918,1.5208322974564752,0.034395189813629004,0.2638131267496358,0.000999999991869265,0.0010000000030886136,0.000999999993745333,0.0009999999902005842,0.0009999999913895728,0.0009999999846415164,0.000028997955832201918,0.000029000451543361628,1.0345914476886562,18.09415291275054,14.934056001376346,0.01942621781912986,0.0003828268578821537,0.00035131899222561264,0.009189862005963544,0.005528999999999788,0.005528999999999839,0.005528999999999964,0.0010452899999994075,0.0010452899999993858,0.0010452899999994112,-0.24582564081733974,9.690490030285423,0.4525994120470095,0.0014027347353418433,-0.020985459325030792,-0.002130099685655109,-18.964125652313232,9.343687896728516,2.4180001084506513,991.6473510742187,-0.07626767521144555,21.278795289592317
2025-03-01T18:02:11Z,40.03292859443388,-75.32254800159646,11.518287045707249,-24.751583202409137,-1.0776604262751412,-0.6635068176427469,1.5229621192084635,0.03763912234502384,0.24200687768875284,0.0009999999919397035,0.001000000003541434,0.0009999999938853975,0.000999999990457981,0.0009999999914156576,0.0009999999849162821,0.000029997638481690032,0.000030000467526369053,1.014018781694044,19.46498940316005,15.50981617446824,0.01822192343906134,0.0003832228953501837,0.0003600669667059389,0.009195939975576743,0.005529999999999791,0.0055299999999998415,0.005529999999999966,0.0010452999999994075,0.0010452999999993858,0.0010452999999994112,-0.2826077699101156,9.705033956806034,0.3300332814385667,-0.001723524563726818,-0.018131753143694616,-0.007684463249226267,-18.352875747680663,8.640750374794006,2.8128751131519674,991.7051440429688,-0.065553477859042,20.47927738132154
2025-03-01T18:02:12Z,40.03072315618088,-75.32277028001795,11.803450424304074,-25.24327072261335,-2.9126953798917263,-0.6613628853149204,1.5217612956563862,0.03591264030081186,0.22273117116278598,0.000999999992114844,0.0010000000034284637,0.0009999999936160056,0.0009999999900302335,0.0009999999915718985,0.000999999984870588,0.00003099727882319193,0.00003100048489745754,0.9907166569046518,20.854046817597037,16.128808703153922,0.016220703563808975,0.0003842972142965362,0.0003694509969685374,0.009202772176979257,0.005530999999999792,0.0055309999999998425,0.005530999999999967,0.0010453099999994068,0.0010453099999993853,0.0010453099999994107,-0.4839513673900428,9.673740274743672,0.8134370657763432,-0.005612029380867565,-0.015711660091562787,-0.00265951598751109,-17.341125659942627,8.90362542629242,3.8120626544952394,991.607431640625,-0.060173823739181856,19.862502099498876
2025-03-01T18:02:13Z,40.028368399100735,-75.32300753455527,12.0721071475585,-25.73615281851478,-4.634701701525171,-0.6295087691067098,1.5290070218586627,0.028482416790089615,0.2111767592551888,0.0009999999918319455,0.0010000000036967677,0.000999999993829185,0.0009999999897919627,0.0009999999913508626,0.0009999999847387973,0.0000319968642653336,0.000032000503874791214,0.9640440705139759,22.334265606623912,16.820799768739445,0.014766105728636042,0.00038721392041757963,0.0003783918823579171,0.00921022324553278,0.005531999999999793,0.0055319999999998435,0.005531999999999968,0.0010453199999994065,0.0010453199999993844,0.00104531999999941,-0.4721507007278676,9.717351067086216,0.7471689601589748,0.002913039679791756,-0.008658341730776469,0.0038718969269464693,-18.545813274383544,9.818812928199769,3.065062613487244,991.5779052734375,-0.022458868499089315,21.20728018240359
2025-03-01T18:02:14Z,40.02586989499036,-75.32325265901562,12.34795878438018,-26.22476617741089,-5.7940301985283345,-0.5613290365856177,1.544837033714787,0.03044451334863249,0.20241209765028123,0.0009999999920177896,0.0010000000035243113,0.0009999999941394451,0.0009999999895410727,0.0009999999914997422,0.000999999984831723,0.00003299638220981231,0.00003300052461449874,0.9379840982659642,23.952598313648313,17.592746905996716,0.014215690583653422,0.00039153524595277023,0.0003875480909921848,0.00921828698775822,0.005532999999999791,0.005532999999999841,0.005532999999999968,0.0010453299999994069,0.0010453299999993852,0.0010453299999994103,-0.393383033898252,9.787199925418973,0.17188143772007203,0.011838340998396719,-0.005907280521083679,-0.004889172580742034,-16.778063163757324,7.970625300407409,4.348125169277191,991.5524169921875,0.01681138870800465,19.077172920032467
2025-03-01T18:02:15Z,40.02332224097856,-75.32349554851886,12.581188948148494,-26.702804247171006,-7.171817312875602,-0.5623031829813372,1.5435359843686276,0.01807435443711546,0.1936684770895715,0.000999999992002255,0.0010000000039051917,0.0009999999942210006,0.0009999999896591414,0.0009999999917956956,0.0009999999848428996,0.000033995818703026965,0.000034000547252911816,0.9135456092819894,25.60783634157294,18.43262204596289,0.013441318749462633,0.0003961223607516981,0.00039733893462149533,0.009226554511024795,0.005533999999999788,0.005533999999999838,0.005533999999999965,0.0010453399999994057,0.001045339999999385,0.0010453399999994092,-0.4733830825258939,9.717728335694922,0.4494488572226459,-0.004746637505507301,-0.006772671708097914,0.010015927975565948,-18.301313190460206,10.612500457763671,4.305187650918961,991.5523803710937,-0.04002460937156747,21.58924915507647
2025-03-01T18:02:16Z,40.02080304149201,-75.32373086579824,12.638975094211176,-27.076464827497475,-8.427742518866966,-0.7209450015961938,1.5405586916561609,0.01077780955920545,0.1842893899529554,0.0009999999920708475,0.0010000000039864848,0.0009999999939491438,0.0009999999898598357,0.000999999991693663,0.0009999999850140477,0.0000349951551470286,0.000035000571985674133,0.8897405520008124,27.31800098767902,19.352816306689547,0.012894491151445992,0.00040129468981245505,0.00040782423658062856,0.00923524973855395,0.0055349999999997875,0.005534999999999838,0.005534999999999963,0.0010453499999994059,0.001045349999999385,0.0010453499999994098,-0.3541963090469749,9.572644153403457,0.5318149264888825,-0.00581932283276373,-0.007757065824990757,0.005454136444347522,-19.655813217163086,11.97056300163269,4.165500158071518,991.586259765625,-0.18557190874237425,23.387911166046333
2025-03-01T18:02:17Z,40.01812939684789,-75.3239680413511,12.553745468574286,-27.543598049971635,-10.118486786301272,-0.767507846972077,1.5363862515362996,0.007015876380450726,0.18120989786066471,0.0009999999922822708,0.0010000000037853503,0.0009999999940620465,0.0009999999897612275,0.000999999991777403,0.0009999999851637346,0.00003599436502009609,0.000036000599085722736,0.8656799145088658,29.095322897385767,20.37481560596381,0.012579048395786,0.00040847870065808124,0.00041753183337973394,0.009244317494106322,0.005535999999999785,0.005535999999999835,0.00553599999999996,0.0010453599999994062,0.0010453599999993854,0.0010453599999994106,-0.5443302654727854,9.671467072800782,1.092320537612926,-0.0066301367619963445,-0.0016821328846251679,0.0024819290696249437,-16.95750066757202,13.33650053024292,3.9931876593083144,991.6074291992187,-0.031172139405308167,21.939972547405997
2025-03-01T18:02:18Z,40.01512163166768,-75.32420990726858,12.41562000269214,-27.870048474432235,-11.693250098131523,-0.8202141722846441,1.5413125771593872,6.28276319179917,0.16958528633915473,0.0009999999919273923,0.0010000000038694822,0.0009999999939900534,0.0009999999900170875,0.000999999991938938,0.0009999999854013951,0.00003699341265642894,0.00003700062889046413,0.8420236206123888,30.97663603861726,21.543511201713343,0.012971926808566039,0.0004148381659880213,0.0004292692655592547,0.009253627301614966,0.0055369999999997825,0.005536999999999832,0.0055369999999999595,0.0010453699999994055,0.0010453699999993847,0.00104536999999941,-0.37918365860493003,9.670906791745763,1.0979332133200101,0.002963109352711735,-0.010571049491606683,0.006215214413770112,-19.34887578010559,13.56131308078766,-0.8565000369399786,991.6129760742188,-0.038755577836315336,23.643591061004418
2025-03-01T18:02:19Z,40.0114027330745,-75.32445743493363,12.15994003891438,-28.375810023249063,-13.982144950340954,-1.1234989216644649,1.5304892976538909,6.276702350073676,0.16070622351449756,0.0009999999918327929,0.0010000000041794001,0.0009999999941589376,0.0009999999904121545,0.0009999999918306717,0.0009999999850851525,0.00003799224865534165,0.00003800066174111307,0.8203983463454778,32.88386789967471,22.789273130739822,0.01549160941714857,0.0004226702771797854,0.00044069723871097426,0.009263213848163934,0.0055379999999997835,0.005537999999999834,0.005537999999999959,0.0010453799999994053,0.0010453799999993836,0.0010453799999994087,-0.6392056782717495,9.38887471262227,1.9010945916633306,-0.012250093143423327,-0.007953677402819662,0.005220639624175131,-11.231250486969948,17.84456325173378,-7.115250308811665,991.593017578125,-0.17821387410512846,22.25295380154302
2025-03-01T18:02:20Z,40.00680371753714,-75.32468956794422,11.757739148307143,-28.886311617700592,-15.928053484586643,-1.2434359604249339,1.5310280732849935,6.274605355426816,0.16513873191914927,0.0009999999917539,0.001000000004345014,0.0009999999940150247,0.0009999999906190047,0.0009999999916040186,0.0009999999852531602,0.000038990809628974484,0.000039000697848447376,0.8054817677135364,34.97156552777139,24.208336369294283,0.01975987208318343,0.000433682870845856,0.00044962537686602563,0.009272996313607255,0.005538999999999783,0.005538999999999833,0.005538999999999959,0.0010453899999994054,0.0010453899999993837,0.001045389999999409,-0.5990487639216532,9.56138612190204,1.844376208186128,0.00030935380675000865,0.005211293037355983,0.00218951496235166,-4.656187677383423,-59.810439586639404,-29.730563635081054,991.58763671875,-0.02266526640008576,66.9542260365387
2025-03-01T18:02:21Z,40.00201284442165,-75.32487528592766,11.129839462434433,-29.517518599628396,-17.877561919653964,-1.4590769301622315,1.5291030749999976,6.276020453776005,0.17276809899755438,0.000999999991867885,0.0010000000042850864,0.00099999999395874,0.0009999999908112019,0.0009999999915502266,0.0009999999853161886,0.000039989030804181105,0.00004000073704936495,0.8049857760867708,37.19516981104663,25.703735860374177,0.02754363626295713,0.0004448515262935473,0.00045795830810337995,0.009282907499711902,0.0055399999999997855,0.005539999999999836,0.0055399999999999625,0.0010453999999994054,0.0010453999999993839,0.001045399999999409,-0.8218578117730213,9.448216763174162,2.2145144739179807,-0.0005927572942359652,0.00806116098694669,-0.0006334814590703444,-33.91237634658813,-41.83050178527832,14.67375051498413,991.6954125976563,-0.0395120231493843,55.81355961934597
2025-03-01T18:02:22Z,39.996263396814726,-75.32498694202481,10.438894607433895,-30.014867158769466,-19.429016455395207,-1.5312176274683817,1.5254235289273694,6.276670858671667,0.17772628632935106,0.000999999991901077,0.001000000004027278,0.0009999999939728492,0.0009999999910141808,0.0009999999916389926,0.0009999999854763961,0.00004098686371951887,0.000041000778509294655,0.8281525052768229,39.627224248123674,27.25418518489005,0.03812607010086073,0.0004533202467782528,0.0004666386477703525,0.00929287282380573,0.0055409999999997865,0.005540999999999836,0.005540999999999961,0.0010454099999994044,0.0010454099999993827,0.0010454099999994081,-0.7420172930526872,9.554218744273669,2.370087845172565,-0.0002669621693768352,0.0048948453386837565,0.0007613268371360613,-25.191188621520997,-21.61256339073181,15.33712558746338,991.7364184570313,0.09336471660964019,36.56395205968695
2025-03-01T18:02:23Z,39.989380745924734,-75.32497492906255,9.821587832772796,-30.453086019482086,-20.114066604441355,-1.5891086482192576,1.5190729867082071,6.277550779975961,0.17864859545762646,0.0009999999917086287,0.0010000000039285114,0.0009999999938738611,0.0009999999911010542,0.0009999999914170263,0.00099999998532817,0.000041984321176733175,0.000042000820475327,0.8820638255110294,42.21723595853507,28.654471020002713,0.049219372188387546,0.0004563955077616795,0.00047574185509107044,0.009302787903603293,0.005541999999999784,0.0055419999999998335,0.005541999999999959,0.0010454199999994048,0.0010454199999993831,0.0010454199999994085,-0.6700489041278465,9.521296545931433,2.2733190917872683,-0.00013126985086653938,0.0002843182365922497,0.0012481826444342796,-19.331250743865965,-13.212000494003297,14.718750648498535,991.757900390625,0.03353696586187491,27.65669947482958
2025-03-01T18:02:24Z,39.98151974348299,-75.324796223345,9.367519657748145,-30.73637658994991,-18.924048662430632,-1.5632651190881541,1.515947348222099,6.280010138020364,0.17848255151299025,0.0009999999918420337,0.0010000000036626219,0.000999999994185726,0.000999999990750365,0.000999999991318425,0.0009999999855995333,0.000042981522259670576,0.0000430008607769208,0.9601783675304842,44.8299422764075,29.740286175784853,0.05213648147197222,0.0004528785922544893,0.0004845855818134228,0.009312559753390334,0.005542999999999785,0.005542999999999835,0.00554299999999996,0.0010454299999994045,0.0010454299999993828,0.0010454299999994084,-0.3458855030383889,9.597249785101459,1.318522048539089,0.006177661453580323,-0.001376699996949883,0.0005169809622104222,-21.643125743865966,-7.193625304698944,22.488563385009765,991.766328125,-0.08485034841672859,32.02975755948568
2025-03-01T18:02:25Z,39.973033485590975,-75.32443464433084,9.174317142490942,-31.01232373135231,-17.024669778741227,-1.4544533955447045,1.4996845972716903,0.002412265394554297,0.17736457874338354,0.0009999999919567887,0.0010000000040077072,0.0009999999943241832,0.0009999999906612391,0.0009999999915732299,0.0009999999854770068,0.000043978664209481515,0.00004400089778889689,1.045716613531462,47.59033216428616,30.376917397820662,0.05433778927317163,0.00044273914365649533,0.0004932110001720047,0.009322158437912943,0.005543999999999783,0.005543999999999833,0.005543999999999958,0.0010454399999994043,0.0010454399999993826,0.001045439999999408,-0.40020911708885876,9.615911200222667,1.5182070222349933,-0.004187011895453803,-0.002739963209620992,-0.0019162970707972415,-19.607438411712646,5.325375234931707,31.47018880844116,991.7538134765625,-0.03537915399992297,37.45904756678659
2025-03-01T18:02:26Z,39.96488906559205,-75.3239465034546,9.196143845325137,-31.237551009339242,-14.404542851894583,-1.3137668150781776,1.4837427594607584,0.004694692539247161,0.17643321097205727,0.0009999999918807393,0.0010000000041645752,0.0009999999945187997,0.0009999999906639408,0.0009999999915109713,0.0009999999854158163,0.00004497594935129477,0.0000450009308282877,1.1249786720939914,50.43371535046715,30.54727603340227,0.053109784434527366,0.0004276300399311244,0.0005015303086219182,0.009331528126668308,0.005544999999999781,0.0055449999999998304,0.0055449999999999606,0.001045449999999404,0.0010454499999993823,0.0010454499999994077,-0.35453954560871265,9.622015499110983,1.4303865055697296,-0.002649334916508991,-0.0031278455662480413,0.0016063565833903369,-19.53450071334839,27.66225122451782,36.62681404113769,991.7681127929687,-0.044696247951172545,49.88301620636369
2025-03-01T18:02:27Z,39.95746676694145,-75.32337851378138,9.39503151538367,-31.33049254320093,-10.84595378043772,-1.163544341435064,1.4744358986165207,0.01821863121624427,0.1732373662213433,0.0009999999916628973,0.001000000004347691,0.0009999999947269901,0.0009999999902736577,0.0009999999914054205,0.000999999985705479,0.00004597352117064637,0.00004600096075979898,1.180989800564298,53.25181216400134,30.37196090187952,0.045846629666273335,0.00040987316409422345,0.0005103327764024531,0.009341074319726294,0.005545999999999778,0.005545999999999828,0.0055459999999999616,0.001045459999999403,0.0010454599999993814,0.0010454599999994065,-0.1883978928581644,9.685185963944402,0.8157102478499388,0.004070177578816985,-0.0044412051184816595,-0.009898263640941143,-6.6187502691149716,53.51118965148926,32.668501472473146,991.7727783203125,-0.057991292760795184,63.04347598805499
2025-03-01T18:02:28Z,39.95081206185201,-75.32276474690362,9.728205071112669,-31.326756292513533,-7.223723647847414,-1.0221403465625847,1.4583199140360708,0.028037394502848312,0.17084205885621753,0.000999999991419334,0.0010000000044443876,0.0009999999948216195,0.0009999999904102667,0.0009999999912575928,0.0009999999860797464,0.00004697142456287771,0.00004700098943652589,1.2057253303076494,56.159648937088036,30.023614902051698,0.03872379047187153,0.0003930902120231198,0.0005190791610410277,0.009350612124484944,0.005546999999999775,0.0055469999999998255,0.005546999999999959,0.0010454699999994034,0.0010454699999993817,0.0010454699999994069,-0.223218690966087,9.69259916936721,0.8541791197993681,-0.0033858775108543777,-0.003781437739501934,-0.006402648368235569,32.2698762512207,40.09706398010254,15.496500601768494,991.7574731445312,-0.04696285920563996,53.751795601055086
2025-03-01T18:02:29Z,39.94519953284178,-75.32217407146734,10.048837492241578,-31.307660976086193,-3.8522573886977973,-0.9342483695975141,1.443529601157504,0.025666471735523833,0.16834168033605437,0.0009999999917690728,0.0010000000047393996,0.0009999999944244797,0.0009999999902623785,0.0009999999913486949,0.0009999999859400732,0.00004796962769662244,0.00004800101860654418,1.2038782842468694,59.145993707051474,29.64459000450913,0.03229121155416226,0.00037869581823904446,0.0005280844730216473,0.009359642794780706,0.0055479999999997745,0.005547999999999824,0.005547999999999957,0.0010454799999994034,0.0010454799999993817,0.0010454799999994073,-0.26157838343855605,9.673022452032097,0.8886115756334988,-0.003820159074195535,-0.005001164196464998,0.005149372142534776,10.8037504196167,53.39793920516968,50.41818950653076,991.772607421875,-0.0627841063824265,74.22969241961307
2025-03-01T18:02:30Z,39.94014917278275,-75.32158378036728,10.411234741884218,-31.227562327182223,-0.7140638531424375,-0.8002111882374371,1.4361631028316095,0.022941204258048242,0.16717136275035938,0.0009999999914531842,0.0010000000044950784,0.000999999994483397,0.0009999999902543994,0.000999999991255879,0.0009999999856677383,0.00004896806257139413,0.000049001049577700534,1.183025297532214,62.259971161374416,29.358850598363947,0.027175915265533247,0.0003681370695820827,0.0005369582306003236,0.009368652930800948,0.005548999999999776,0.005548999999999826,0.005548999999999953,0.0010454899999994037,0.001045489999999382,0.0010454899999994072,-0.22137503931260513,9.732924068383653,1.0030832967171472,0.0023222030049624576,-0.0037013239275973915,0.005333966676720618,31.369126396179198,91.10437877655029,16.076250726729633,991.7486865234375,0.006574724457908403,97.68554576038538
2025-03-01T18:02:31Z,39.93536775003573,-75.3209841521929,10.821298951203927,-31.03467192188395,2.8421797736653223,-0.7506520212818584,1.4401347451736477,0.017445807488952525,0.16662267335177128,0.0009999999916792002,0.001000000004720196,0.0009999999947385972,0.0009999999900465475,0.0009999999911786714,0.0009999999858216432,0.000049966643258442927,0.000050001083483205515,1.146806307706288,65.35254701310858,29.230245578746533,0.021674661143822518,0.0003615602996876589,0.0005458621596223899,0.009377530360459673,0.005549999999999774,0.0055499999999998285,0.005549999999999955,0.001045499999999404,0.0010454999999993822,0.0010454999999994076,-0.02397109903223463,9.750470088954245,0.4149124541772437,0.012581560174784854,-0.0034332776423025933,0.007989893118049146,16.098563092947007,38.32218906402588,-27.549001197814942,991.7016943359375,-0.021479660112573008,49.86678570619779
2025-03-01T18:02:32Z,39.930740381623714,-75.32038961909197,11.158346228872512,-30.65823326741153,6.517600166315838,-0.8045460142368203,1.4262953131867773,0.019804387580955166,0.1652826754289543,0.0009999999915356248,0.0010000000048161293,0.000999999994736765,0.0009999999899666726,0.0009999999913771639,0.0009999999858779386,0.00005096526766880217,0.00005100112146067676,1.0970537544219854,68.47086735935086,29.330570757817412,0.017472537142906648,0.0003588811255056566,0.0005551545401277111,0.00938682723097488,0.005550999999999771,0.0055509999999998295,0.005550999999999954,0.0010455099999994036,0.001045509999999382,0.0010455099999994075,0.16566009807239074,9.72375021679724,0.07832207293868941,-0.006520315101144116,-0.0030904594974656154,-0.00008370304757442527,-8.685562841445208,18.35906328201294,-15.613313093185425,991.6674829101562,-0.055739267115847015,25.617711716638166
2025-03-01T18:02:33Z,39.925699303696035,-75.31976641288809,11.451935867453455,-30.17424752802148,10.127392546858136,-0.8600130777843146,1.4230260113422248,0.023587485976047082,0.16831594358659438,0.0009999999918350153,0.0010000000049092933,0.0009999999947752313,0.0009999999899988523,0.000999999991462619,0.000999999985616983,0.000051963826448988763,0.00005200116439529756,1.040174442942029,71.70560543147455,29.702137967308115,0.015481257473920745,0.0003614097901405772,0.00056320360465275,0.009396278812951494,0.00555199999999977,0.005551999999999829,0.005551999999999954,0.0010455199999994033,0.0010455199999993806,0.001045519999999407,0.13456713149507882,9.743868309766611,0.08902505026932885,0.0030622510831766975,0.0013925539085644881,-0.0008065595000352586,-18.081375694274904,13.072125568389893,-8.452875323295594,991.5959643554687,-0.03642037156194619,23.85928110805157
2025-03-01T18:02:34Z,39.92054489731875,-75.31917707416764,11.622157907709655,-29.594876672810408,13.168125403178244,-0.8526574235621912,1.4154313888888226,0.04184505069427298,0.16791630339188202,0.0009999999919171091,0.0010000000049616552,0.0009999999945473155,0.0009999999898882808,0.0009999999913966448,0.0009999999861088921,0.000052962210058777676,0.00005300121283439441,0.9843808455771198,75.10442414496951,30.36606715676256,0.01526038883011416,0.0003664949937291997,0.0005723540734010504,0.009406777171743864,0.005552999999999767,0.005552999999999826,0.005552999999999951,0.0010455299999994026,0.001045529999999381,0.0010455299999994065,-0.018347962637804062,9.795375433599013,0.319957278465489,-0.0028122324115547152,0.00036426458756154607,-0.01575238413663861,-19.575188293457032,8.282062799930573,3.1760626519471407,991.5894897460937,0.018646409751954918,21.491062215224435
2025-03-01T18:02:35Z,39.91499257069853,-75.31861762920705,11.656243410441915,-28.840330322590823,16.070098585632987,-1.0092370181231871,1.411877082423402,0.04671128851018422,0.17139203024607852,0.0009999999920992926,0.0010000000047445314,0.000999999994561059,0.0009999999897778449,0.0009999999915163498,0.0009999999859935885,0.00005396030006595928,0.000054001267200620015,0.934857956464287,78.52612817877939,31.29005768276903,0.0166524189840557,0.0003750824711502192,0.0005802658909043337,0.009416475924410873,0.005553999999999765,0.005553999999999829,0.005553999999999949,0.0010455399999994017,0.0010455399999993818,0.0010455399999994071,-0.05101391542908392,9.67675161930276,0.134135635303931,-0.000461738359697582,0.0022571107082481846,-0.0019463396066915252,-10.505812973976136,18.69712574005127,3.118500129133463,991.5852172851562,-0.10448579253231999,21.672043333183076
2025-03-01T18:02:36Z,39.908775305139876,-75.31809035659585,11.585896791357307,-27.952411742674528,17.926685793686552,-1.0089169492936612,1.4068909013672777,0.04961761847305739,0.1736621102978567,0.0009999999923234544,0.0010000000047691547,0.0009999999943897627,0.0009999999893854888,0.0009999999914097,0.0009999999856248499,0.00005495798440281536,0.00005500132765254688,0.896691644824209,82.14550557577712,32.48449377309896,0.01781001808790986,0.00038476016713960033,0.00058859475488108,0.009426022064495033,0.005554999999999767,0.005554999999999827,0.00555499999999995,0.0010455499999994025,0.0010455499999993808,0.0010455499999994062,-0.24829822045178154,9.71505637867771,0.8680333095744004,-0.0033518292752008033,0.0007409646456701105,-0.00016515150938096676,-12.93037552833557,7.704562814235687,1.504500073119998,991.5805322265625,-0.025593061893009608,15.126694479171116
2025-03-01T18:02:37Z,39.901532869765,-75.31759675687455,11.509849060869605,-26.842963051601075,19.528342829658158,-1.0693140404367487,1.4024419164082182,0.05336137289323681,0.1700171920932652,0.0009999999925041183,0.0010000000049609525,0.0009999999946989893,0.000999999989308481,0.0009999999915315313,0.0009999999853898987,0.00005595517285432004,0.00005600139411567204,0.8720113990951934,85.79678717642008,33.874188558896584,0.019534857126648455,0.00039301948321693526,0.0005989326132494278,0.009435560646414034,0.00555599999999977,0.005555999999999828,0.005555999999999951,0.0010455599999994016,0.00104555999999938,0.0010455599999994068,-0.2548745591920358,9.660119570492837,0.8107945008646676,-0.004016770642836936,-0.005043223771462821,-0.0018562121656105516,-14.203313131332397,12.111000504493713,4.226250178813935,991.5557421875,-0.08525493463078711,19.138173553422135
2025-03-01T18:02:38Z,39.89374008635547,-75.31716653790396,11.383873563653927,-25.63231155815177,20.163086926283277,-1.0462661423609927,1.401295821519964,0.05835078609638066,0.17226374060208421,0.0009999999924281441,0.0010000000047725342,0.000999999994695796,0.000999999989187688,0.0009999999915018805,0.0009999999856536777,0.00005695180729007622,0.00005700146637100286,0.859928873654743,89.56477035669857,35.42042616155288,0.019894960703312627,0.00040294943032968697,0.0006073658273498599,0.009445297459117305,0.005556999999999768,0.005556999999999827,0.005556999999999952,0.001045569999999401,0.0010455699999993794,0.0010455699999994056,-0.4305116651689491,9.639084139501062,1.3764283578051488,-0.002496618729025808,0.0010260348811563468,-0.0021911863931066986,-16.988063240051268,10.439625377655029,1.7098125708475709,991.577919921875,-0.03638022710090647,20.01253358429403
2025-03-01T18:02:39Z,39.88530983278889,-75.31680063666566,11.23729852252171,-24.20336467364249,20.87630595527889,-1.1015826102947326,1.4024026562893939,0.06480827751031874,0.1713327019351305,0.000999999992269888,0.001000000004614742,0.0009999999950311982,0.0009999999889121363,0.0009999999916426368,0.0009999999855318845,0.000057947857537944774,0.000058001544158933465,0.8581373036686111,93.33325271091786,37.049216692255875,0.021612056903914344,0.0004108882413162357,0.0006169167839848073,0.009455135065301563,0.005557999999999767,0.005557999999999824,0.00555799999999995,0.0010455799999994002,0.0010455799999993785,0.0010455799999994045,-0.31075089320776655,9.642513933812774,0.9074749981814021,-0.001417424233072233,-0.0018144862508345009,-0.004257945415885869,-20.507063236236572,11.78850043296814,0.7895625356212258,991.594794921875,-0.09272351408811033,23.667052931082193
2025-03-01T18:02:40Z,39.87645629631525,-75.31650646884383,11.039848667803003,-22.66293477999099,21.284742750889187,-1.121149871105866,1.4056077041762454,0.06763041815586893,0.1730913913127718,0.0009999999924389879,0.0010000000041778879,0.000999999995250834,0.0009999999891597993,0.0009999999919081683,0.0009999999852674153,0.00005894330041722751,0.00005900162719200365,0.8657784613468225,97.17980776842029,38.70820857084862,0.023780429357215912,0.0004178627134150408,0.000625712366004354,0.009464758096076624,0.0055589999999997655,0.005558999999999824,0.0055589999999999485,0.0010455899999994003,0.0010455899999993786,0.001045589999999404,-0.3062614075436103,9.692599153732939,0.7969082802329739,-0.0007421350158642527,0.00032437488689976467,-0.0004141707323150173,-22.013625812530517,10.953937864303589,-2.219812589883804,991.6299877929688,-0.052741544371498625,24.68832803532652
2025-03-01T18:02:41Z,40.06548260613894,-75.31709983178835,9.90032839856382,2.8571761042681545,-1.2010440688794957,-1.0089273835575325,1.4613114727188272,0.11233868144439917,0.14526625424541723,0.0009999999927283634,0.0010000000039642662,0.0009999999948319465,0.000999999989093406,0.0009999999916163016,0.000999999984868629,3.0718242210504556e-10,3.071823610839965e-10,0.5772142552393015,0.0021602415333399068,0.002160154947559731,0.015811443948804647,0.00016668017419065167,0.0001744295211810337,0.009383422158764372,0.005559999999999764,0.005559999999999821,0.005559999999999947,0.0010455999999994013,0.0010455999999993797,0.0010455999999994048,-0.25699214284856003,9.67593368593434,0.8215726609476216,-0.0028529566442167045,-0.0014276053535276683,-0.0009490946820527369,-23.576063365936278,8.277562847137451,-3.179250141978264,991.6703564453124,-0.06605001148218519,25.188368017541755
2025-03-01T18:02:42Z,40.06549173351738,-75.31711173784102,9.603888773078815,3.6371253840703006,-0.8314597261784292,-1.0354703513712802,1.4628238730750636,0.11305919668116159,0.14311899727709151,0.0009999999926376983,0.0010000000039211768,0.000999999994703084,0.0009999999895303811,0.0009999999915177805,0.0009999999850516365,1.0003071825659423e-6,1.0003071826524396e-6,0.622264169363649,0.020624765187593447,0.02231242284500281,0.016747531893778436,0.00017555783138343647,0.00018444813126681638,0.009393026045833407,0.0055609999999997614,0.005560999999999824,0.0055609999999999505,0.0010456099999994017,0.00104560999999938,0.0010456099999994056,-0.2646419833282607,9.699463795267112,0.7909066138006517,-0.0006219647836159599,-0.004232075584413151,-0.0019062829820969275,-25.145063438415526,8.158312830924988,1.2011250473558903,991.705966796875,-0.044988604937673066,26.462658538148684
2025-03-01T18:02:43Z,40.06550395973607,-75.31712016720105,9.312615927565536,4.391648315936816,-0.5511515269018289,-1.070596227373599,1.46724725191584,0.11382426394464591,0.14589514255827762,0.0009999999927602602,0.001000000004000225,0.0009999999945466563,0.0009999999898857948,0.0009999999917310873,0.0009999999848509513,2.0003071834068465e-6,2.0003071860109375e-6,0.6692617915161506,0.0740245446595518,0.08046640745529479,0.01756217751712695,0.00018408740336990848,0.00019428111614047704,0.009402417553289376,0.005561999999999762,0.005561999999999821,0.005561999999999953,0.0010456199999994017,0.00104561999999938,0.0010456199999994053,-0.29555646617222714,9.677768189744206,0.8151918073945562,0.0013620104856595058,0.00021154849669101773,-0.0017941241794142966,-24.695251064300535,8.65237536907196,0.463125021494925,991.761318359375,-0.06373772698575228,26.171183599654512
2025-03-01T18:02:44Z,40.06551625084689,-75.3171243742428,9.003851424248644,5.1581769607087,0.031333932389338584,-1.1317689164322908,1.4721368692047123,0.11466913750545166,0.15250030048725427,0.0009999999926283345,0.0010000000039645136,0.0009999999943356849,0.000999999989557676,0.0009999999919643508,0.0009999999852344829,3.0003071837368155e-6,3.0003071997198788e-6,0.7165851768406631,0.16982672704890592,0.17811326805529623,0.018956963482594496,0.00019228015409614824,0.00020385383635150784,0.009411671671866002,0.005562999999999759,0.005562999999999823,0.005562999999999951,0.001045629999999401,0.0010456299999993795,0.0010456299999994046,-0.22137896491484066,9.6919656346599,0.4401168534828867,0.0011205019034042577,0.003759237549681442,-0.0019162971525890217,-23.41518829345703,6.889687767028809,0.3740625146776438,991.8207153320312,-0.07586186584090604,24.410577287600127
2025-03-01T18:02:45Z,40.065522616683374,-75.31712186624777,8.708649373940558,5.945789914612729,0.8464613075697686,-1.1882925369488435,1.47844534819884,0.11306507314836545,0.15737705510064295,0.0009999999924975174,0.0010000000038714808,0.0009999999944080502,0.0009999999895866783,0.0009999999917717913,0.0009999999849883484,4.000307169549683e-6,4.000307235908e-6,0.7643684109363137,0.31848480514495126,0.3175968889114119,0.02095236451407129,0.0001998964137146489,0.0002131683935191295,0.009420028040111042,0.005563999999999761,0.005563999999999822,0.005563999999999948,0.0010456399999994002,0.0010456399999993783,0.0010456399999994037,-0.12283782140002461,9.723548887029967,0.12068091460178441,0.002329213164168434,0.001535088886635964,-0.00024660005662960794,-23.314500732421877,5.928562734127045,5.796750214099884,991.8473120117187,-0.05535958734898048,24.744971205779997
2025-03-01T18:02:46Z,40.06551309883432,-75.31711272964596,8.453536890119919,6.723243496378159,1.5628334261163426,-1.2256631806251461,1.478966006238739,0.11195258899133965,0.16075264043876095,0.000999999992566266,0.0010000000039345719,0.0009999999946078944,0.0009999999893598461,0.00099999999149556,0.0009999999853134878,5.00030709306178e-6,5.000307311412602e-6,0.812332639977859,0.5171361671139899,0.4994578234725961,0.02296203660337356,0.00020704665354478167,0.00022208620334259323,0.009428502125201294,0.005564999999999762,0.005564999999999821,0.005564999999999946,0.0010456499999994006,0.001045649999999379,0.0010456499999994045,-0.08243572992050176,9.727698364889724,0.13499208622643502,-0.0037488915856190635,-0.00012442704421936968,-0.0015701404860651584,-23.25787576675415,7.1536877775192265,9.71850043296814,991.8619311523438,-0.05153070941991257,26.202111042571698
2025-03-01T18:02:47Z,40.06548325837055,-75.31710086915186,8.134884510527804,7.332753324450829,1.7043304459979207,-1.2407352964841545,1.4821215859507144,0.11283277069684633,0.16172515467509324,0.0009999999926097339,0.0010000000038392271,0.000999999994953789,0.000999999989709002,0.0009999999915453913,0.0009999999854806976,6.0003068437511525e-6,6.000307446713103e-6,0.857414500829524,0.7334979754292911,0.711493705858069,0.023535501840960753,0.00021384764967912888,0.00023050577987110768,0.009437550525037017,0.005565999999999763,0.005565999999999822,0.005565999999999947,0.0010456599999994014,0.0010456599999993797,0.0010456599999994053,-0.298651443592488,9.682596298338911,0.6296460585315876,-0.0007221065858339116,-0.0020089283114749453,-0.0040493168552590665,-22.13250066757202,10.470375385284424,9.715687866210937,991.9607666015625,-0.07288989725319504,26.341379263402647
2025-03-01T18:02:48Z,40.065400816861676,-75.3170916393003,8.040254242086931,7.920463240311513,2.0174274437458832,-1.2219609961426967,1.4869182043868008,0.10869698465259815,0.16750084411906496,0.0009999999930304572,0.0010000000041578256,0.000999999995118499,0.0009999999893851286,0.0009999999915337263,0.0009999999853015354,7.000306219366889e-6,7.00030766615173e-6,0.8977163602574623,1.0083392726872917,0.9657867532119864,0.02471758208838334,0.00022037615738089019,0.00023810423228884926,0.00944565191697829,0.005566999999999761,0.0055669999999998195,0.005566999999999944,0.0010456699999994016,0.00104566999999938,0.0010456699999994053,-0.17304394880331253,9.725265700654322,0.3313231828992736,-0.0005011271340308003,0.0018914266554201605,0.0001300999321648625,-21.328500785827636,10.078312921524049,7.865437822341919,991.8739916992188,-0.0481223121162136,24.866441710715492
2025-03-01T18:02:49Z,40.06520307409938,-75.31708773592308,8.47356615690062,8.30306205922122,2.7197197365341825,-1.1706225401884798,1.4986290920006193,0.1011413021704409,0.1757148552320547,0.0009999999931165767,0.001000000004266016,0.0009999999949353484,0.0009999999893669416,0.000999999991539225,0.0009999999853597939,8.000304899925831e-6,8.000307997115823e-6,0.9361825669446526,1.3774481507865297,1.2538449779136323,0.02715474414073245,0.00022670969358163978,0.0002448445302572029,0.009453668998909887,0.005567999999999763,0.005567999999999821,0.005567999999999947,0.0010456799999994004,0.0010456799999993788,0.0010456799999994043,-0.0289293408028584,9.749242342710245,-0.3473708843078628,0.004174825779189149,0.003048231011898218,0.0011780834763276205,-19.84312574386597,10.416375379562378,5.091937716007233,991.5846069335937,-0.025176774589227187,22.982080205100637
2025-03-01T18:02:50Z,40.06491598617254,-75.31708546775573,9.06946451646001,8.53737684266722,3.1747179792779967,-1.0972770147749602,1.5021221529420978,0.09310710618097924,0.18430907966897797,0.0009999999932264645,0.0010000000041827763,0.0009999999947554936,0.000999999989504004,0.0009999999913066569,0.0009999999856372145,9.000302438646925e-6,9.000308469372184e-6,0.9739996084918326,1.7930286947593272,1.5720079542029448,0.029146694693676287,0.0002328562097972911,0.00025067217985810504,0.009462016246890437,0.005568999999999764,0.005568999999999822,0.005568999999999948,0.001045689999999401,0.0010456899999993793,0.0010456899999994047,0.002349952515268404,9.734996580119635,-0.28522744959319185,-0.004451386154279579,0.0036425723264316852,0.000690059246020981,-20.502188262939452,10.5365629196167,4.375500166416169,991.5032348632812,-0.04152594915524311,23.46276838161906
2025-03-01T18:02:51Z,40.06456179482866,-75.31708830087865,9.722979748126505,8.598093738580705,2.816998090295636,-0.9151801287713002,1.5068853746237956,0.08268646280954758,0.1891502489408679,0.0009999999930724545,0.0010000000043515786,0.0009999999946949673,0.000999999989423398,0.0009999999915121917,0.0009999999855084844,0.000010000298266113585,0.000010000309113270243,1.0065655282731902,2.172422905477882,1.910590524885355,0.028712664295582366,0.00023861009820972436,0.00025582819223016304,0.009469909907358189,0.0055699999999997635,0.0055699999999998225,0.005569999999999947,0.0010456999999994016,0.00104569999999938,0.001045699999999405,-0.1617976828013177,9.779223846431364,0.4275545365471684,-0.002425350991175514,0.0004660755358743328,0.0027466372298319674,-21.216563320159914,9.28837541103363,2.4024375933408737,991.4981079101562,0.009242699089566752,23.284883896185598
2025-03-01T18:02:52Z,40.06414421881641,-75.317097898301,10.413928245102626,8.6266187634297,2.8701201623629036,-0.8671064733035768,1.5123049816323393,0.07697994722844567,0.18812653398163462,0.0009999999931612651,0.0010000000044619612,0.0009999999949448408,0.0009999999893872315,0.0009999999917011642,0.0009999999852290107,0.000011000291702647419,0.000011000309961791312,1.032222905265092,2.633714181032233,2.276217488953338,0.029240751446603663,0.00024417903002417295,0.0002606447181564552,0.009479241884373225,0.005570999999999763,0.005570999999999822,0.0055709999999999475,0.0010457099999994007,0.001045709999999379,0.0010457099999994044,0.029361390572678565,9.694756583912985,-0.051759220063022686,-0.0008422766575402854,-0.004392302246146929,-0.0022067082631108763,-20.823000717163087,9.44512538433075,3.240375123023987,991.479912109375,-0.08572712682437743,23.093406798621785
2025-03-01T18:02:53Z,40.06365517740878,-75.31711510243737,11.145206188026604,8.558809624128369,2.353535075436327,-0.7266738432025283,1.5135625780686588,0.06950326188355521,0.1804879643325271,0.0009999999927824302,0.001000000004685164,0.0009999999947666012,0.0009999999892960744,0.0009999999916202452,0.0009999999854686393,0.00001200028195913006,0.000012000311051598716,1.0510067657803075,3.0640511787209737,2.6676127486472163,0.02821988964839258,0.00024922359769193546,0.0002654570719669219,0.009488228267762185,0.005571999999999762,0.005571999999999821,0.005571999999999946,0.001045719999999401,0.0010457199999993794,0.0010457199999994048,-0.060940204514181515,9.754139144257216,0.4522006088073936,-0.004176497044294411,-0.010509128465235322,-0.0006843864527901338,-22.487438259124755,9.595125408172608,2.5963126015663147,991.4374365234376,-0.015802417125943928,24.586371281231187
2025-03-01T18:02:54Z,40.06310158311589,-75.31713980160876,11.91306311093387,8.387294504790171,2.2423207306743995,-0.6552871512896553,1.5166129972410094,0.06612412708073492,0.17454524441193592,0.0009999999930293566,0.0010000000044825745,0.0009999999948013965,0.0009999999894751623,0.0009999999918658688,0.0009999999857800265,0.000013000268148882604,0.000013000312421915628,1.062985258391076,3.5762515621177955,3.0756091257642955,0.02792347344333796,0.0002546614679038193,0.0002698145729720958,0.009498505614133037,0.00557299999999976,0.005572999999999818,0.0055729999999999435,0.0010457299999994014,0.0010457299999993798,0.001045729999999405,0.0023734875162107426,9.722332842837792,0.010846432742384542,-0.0021140772628004184,-0.008047476793931587,-0.004399813025551949,-21.78450080871582,9.55537537097931,3.0603751266002654,991.3898754882813,-0.058255945117949494,23.984018297151486
2025-03-01T18:02:55Z,40.06243528583074,-75.31717516317498,12.802031442052755,7.870058658407268,1.7272773560080683,-0.546431891179025,1.523593623781321,0.052384536709251556,0.18567036353874647,0.000999999992790933,0.0010000000041419143,0.0009999999948056284,0.0009999999895975848,0.0009999999916932292,0.0009999999851996592,0.000014000249266432858,0.000014000314108536991,1.0684996474927058,4.072488277595014,3.4703094318523386,0.026205098828297663,0.0002616954834140097,0.0002722908593614947,0.00950663355481587,0.005573999999999757,0.005573999999999816,0.005573999999999941,0.001045739999999401,0.001045739999999379,0.0010457399999994044,-0.24307388861959986,9.724388320282586,0.270665130254268,0.000863137457838859,0.008804379855034822,0.006625628666484481,-21.393375816345216,9.291187868118286,3.1711876296997072,991.2763916015625,-0.049345287178465404,23.538409905536486
2025-03-01T18:02:56Z,40.06166745914954,-75.31722305426601,13.752330195097,7.280426048623224,0.8392578425901503,-0.48266113898061436,1.5250586052884114,0.03948854816066995,0.19782363768012107,0.0009999999930361421,0.001000000004284489,0.0009999999951208758,0.0009999999892526935,0.0009999999917201475,0.000999999985281474,0.000015000224103104972,0.00001500031615195521,1.065398200565194,4.545066107963267,3.888398660838519,0.02392883278590157,0.00026953504482196667,0.00027440047016288855,0.009515136644540552,0.005574999999999755,0.005574999999999818,0.005574999999999944,0.0010457499999994002,0.0010457499999993788,0.001045749999999404,-0.20817855995420925,9.672025385534596,0.5885117398403374,-0.004115410469789896,0.010351903872916145,0.005872228803458541,-21.672000808715822,9.386437854766847,3.154312615394592,991.17513671875,-0.08828575311863492,23.827045610173116
2025-03-01T18:02:57Z,40.06086854996122,-75.31727711958368,14.611184172254612,6.807417149614736,0.2912599342414327,-0.4255748407708958,1.5275681770188052,0.034995809041268255,0.19775217606140405,0.0009999999930114265,0.0010000000041693556,0.0009999999950092925,0.0009999999891941512,0.000999999991654649,0.0009999999850630263,0.00001600019121026328,0.000016000318605012415,1.055975938003015,5.086787763791584,4.354424365312256,0.022560572761305193,0.000276786047444165,0.0002778537363378716,0.009525568567865461,0.005575999999999753,0.00557599999999982,0.005575999999999945,0.0010457599999994006,0.0010457599999993787,0.0010457599999994043,0.0049624433464954005,9.708132804240961,0.32634598323702163,-0.0016634391017314723,-0.001007510607316837,-0.002306850114932134,-21.260625743865965,9.53362534046173,3.0960001266002655,991.1382250976562,-0.0667551122107791,23.505043042808467
2025-03-01T18:02:58Z,40.06007741583944,-75.31733282202953,15.328186991683461,6.41306374368468,-0.3788293111768314,-0.3928653133471388,1.5308111466592718,0.03445259485000428,0.19063322382382664,0.000999999992774392,0.001000000004266832,0.000999999994884278,0.0009999999887681129,0.0009999999919012,0.0009999999853619523,0.000017000148873390774,0.000017000321530785608,1.0428392586396544,5.628736282652572,4.860089642152036,0.021114334406959187,0.0002836856781393697,0.0002823385240624381,0.00953677350235299,0.00557699999999975,0.005576999999999817,0.005576999999999942,0.0010457699999994003,0.0010457699999993787,0.001045769999999404,-0.007500501504629924,9.700300621028546,0.5208347418327121,0.00017082409962174746,-0.007526072047949296,-0.005550942502200942,-20.40450077056885,9.487312898635864,3.43031263589859,991.1334619140625,-0.06602125941679987,22.76219432508113
2025-03-01T18:02:59Z,40.05922471905823,-75.31739318329159,16.006591687189466,6.014896890927154,-0.6726318318729261,-0.3597594283008917,1.5378356427120388,0.03151956845181769,0.18231968527983344,0.000999999992664571,0.001000000004308188,0.0009999999949856558,0.0009999999885573513,0.000999999991608847,0.0009999999856144784,0.00001800009511094172,0.000018000324995447922,1.0279116648699413,6.249450018048637,5.407361735940652,0.020273848407388273,0.00029071713806643986,0.00028722539847336737,0.009547315829356369,0.005577999999999749,0.005577999999999817,0.0055779999999999415,0.0010457799999993994,0.0010457799999993777,0.001045779999999403,0.0634493035578713,9.728452226978476,0.14037267046661575,0.004415165963646336,-0.00857822805308786,-0.0027775163160000905,-20.612063312530516,8.57493782043457,3.712125141620636,991.0786694335937,-0.05059190057156623,22.631046971211642
2025-03-01T18:03:00Z,40.05866059326687,-75.3174348020651,16.28273707727352,5.876731273992528,-0.7575668733978057,-0.3292069754959169,1.5381169604490241,0.033307975731092385,0.1769133545372942,0.00099999999268368,0.0010000000046716609,0.0009999999947179789,0.0009999999887122853,0.0009999999916788732,0.0009999999853829956,0.000019000027719407476,0.000019000329067467002,1.0129454064818133,6.902006147226142,5.9975961901643,0.019478200168962578,0.0002984744904990587,0.00029194218952148407,0.009558538691426963,0.0055789999999997465,0.005578999999999813,0.005578999999999939,0.0010457899999993996,0.0010457899999993788,0.0010457899999994041,0.042030929960816185,9.77431860669023,0.132200458733257,-0.0011018110589502703,-0.005347320999514065,-0.005133518254259749,-20.850750827789305,7.654500322341919,4.256437692642212,991.2499145507812,-0.004951013608528282,22.615484739761097
2025-03-01T18:03:01Z,40.05815549516848,-75.31746973779853,16.410261890732727,5.75340590153579,-0.4835021838982358,-0.4051675479951741,1.5387375290569938,0.03193779982094285,0.17353692037643506,0.0009999999928557216,0.0010000000045271734,0.0009999999949038623,0.0009999999888534897,0.0009999999913521687,0.0009999999858525711,0.000019999944309802302,0.000020000333814945654,0.9987331150553782,7.625041801069201,6.616030279224989,0.018994837983888544,0.00030664040745797774,0.0002965946433477352,0.009568814056531495,0.005579999999999744,0.005579999999999812,0.005579999999999937,0.0010457999999993993,0.0010457999999993774,0.0010457999999994028,0.03304869113971229,9.691893012620602,-0.17351859105534176,-0.0004316956633041542,-0.003350828038093145,-0.0012553614805713893,-20.97712572097778,8.73600040435791,3.7820626592636106,991.2923876953125,-0.08678175954333356,23.03604056144829
2025-03-01T18:03:02Z,40.057530334972206,-75.31750616693445,16.545617399283156,5.571022647977927,-0.29220696965330517,-0.4069189975922245,1.5411121306148918,0.031244729416368557,0.1727058877798096,0.0009999999926293703,0.0010000000045975335,0.0009999999946493873,0.0009999999883571792,0.0009999999916795496,0.0009999999862515218,0.000020999842357154214,0.000021000339306424553,0.9857800434755211,8.386429145814395,7.283510347658737,0.018572296548742623,0.00031530692116969,0.0003011022335748677,0.009579337637582851,0.005580999999999745,0.005580999999999812,0.005580999999999937,0.0010458099999993984,0.001045809999999377,0.0010458099999994023,0.02268894443630344,9.759124079381866,-0.13280464538235967,0.0011583889179258983,-0.0007149297296572974,-0.0020690133353316376,-21.336000709533693,8.131125388145447,3.7158751463890076,991.248828125,-0.02025125498367421,23.133212159475978
2025-03-01T18:03:03Z,40.05660771598757,-75.31755389526445,16.85976212219209,5.067615035262071,-0.290097271958561,-0.3789900633615697,1.5438741942723937,0.029252545419941565,0.1823080043788565,0.0009999999926313136,0.0010000000046962907,0.000999999994567099,0.0009999999883039423,0.0009999999919419354,0.0009999999861062933,0.000021999718989036775,0.000022000345608794248,0.9731865325277294,9.179354007620027,7.964410121802725,0.01787234742244692,0.00032565396918279177,0.0003042454954854127,0.009589816352544269,0.005581999999999744,0.005581999999999811,0.005581999999999937,0.001045819999999398,0.0010458199999993762,0.0010458199999994016,-0.15146866569551873,9.764428209300213,-0.0961147005529343,0.0008529563919110609,0.009771582404245312,-0.0012748892636039969,-20.390438270568847,7.891875305175781,3.6873751628398894,991.1224536132812,-0.014228750472817065,22.17309523245519
2025-03-01T18:03:04Z,40.05597978642555,-75.31758617999769,16.922996506059967,4.888574973687215,-0.2305313310028248,-0.36832897965929645,1.5434010430791467,0.02362066863091854,0.1829631459871927,0.000999999992603233,0.0010000000050350397,0.000999999994169377,0.0009999999881454853,0.0009999999917344351,0.0009999999860584852,0.00002299957092108613,0.000023000352796705204,0.9606193568093218,10.007060421484868,8.7119983216695,0.017353532528217606,0.000334539140056045,0.0003090881104726636,0.00959891236599498,0.005582999999999742,0.0055829999999998095,0.005582999999999935,0.0010458299999993976,0.001045829999999375,0.0010458299999994004,-0.021358604783854346,9.776426328810702,-0.0031574624652891048,-0.0014731698472606814,0.000644828269438137,0.0035013723181768815,-19.994063205718994,7.362562789916992,3.6466876578330996,991.2504370117188,-0.0038608739305921957,21.616337100560713
2025-03-01T18:03:05Z,40.05524448286402,-75.3176218202261,17.002887524564507,4.725992274718699,-0.2445900217960169,-0.39098045513185076,1.540292469188161,0.018405948537799234,0.17838693403668196,0.0009999999928171333,0.0010000000049478765,0.0009999999942289838,0.0009999999880052545,0.000999999991542736,0.0009999999858158633,0.000023999394587416027,0.00002400036096508716,0.9485976457932253,10.87301453956267,9.511383180130522,0.016919201324826518,0.00034256472024141394,0.00031511331070182386,0.009608104816557288,0.005583999999999741,0.005583999999999809,0.005583999999999934,0.0010458399999993978,0.001045839999999376,0.0010458399999994012,0.06113362683350429,9.740300678248138,0.07186144899942656,-0.004074685830293511,-0.004553197103591245,0.0028688102585445914,-20.20068826675415,7.294312782287598,3.576750156879425,991.225556640625,-0.03955162617495073,21.773050674213422
2025-03-01T18:03:06Z,40.05422296512422,-75.31766915713743,17.18920111550865,4.4103831272968765,-0.3754936909864684,-0.38446455299802296,1.540972372730174,0.020476271928463734,0.17385424462699367,0.0009999999930447902,0.0010000000046337706,0.0009999999943184246,0.00099999998799494,0.0009999999918340369,0.000999999985977748,0.00002499918606858003,0.000025000370205460828,0.9370927064949336,11.786983100657471,10.350360177134503,0.01644639126266507,0.00035065977320056625,0.0003214654955350741,0.009619301848572997,0.005584999999999739,0.0055849999999998115,0.005584999999999931,0.0010458499999993973,0.0010458499999993758,0.0010458499999994,0.015279040644502072,9.756303120655051,0.11256101220775931,-0.0006119507193682213,-0.004232075353655937,-0.004910536075437826,-20.43468832015991,7.752937779426575,3.8910001587867735,991.138515625,-0.023329791222704975,22.199598159629055
2025-03-01T18:03:07Z,40.05356296554102,-75.31770272618469,17.11584914157315,4.257468121370119,-0.7220512955573166,-0.4405252613444823,1.53686899996748,0.019818407506518088,0.16976142031056238,0.0009999999929435515,0.0010000000049617068,0.0009999999942433607,0.0009999999882176216,0.0009999999918474825,0.000999999986103117,0.000025998940551200113,0.000026000380620298915,0.9250893417509418,12.691329610136151,11.22919290839211,0.015600005854540355,0.0003587610455681936,0.0003280790806292764,0.009629499824645284,0.005585999999999741,0.005585999999999809,0.005585999999999929,0.0010458599999993963,0.0010458599999993753,0.0010458599999993998,-0.08630412390520663,9.70516604486638,0.4710640260162147,-0.004817904516108954,-0.003983056070498992,-0.0010305433399101958,-19.14956329345703,7.89750030040741,4.0408126783370975,991.2707568359375,-0.06328062155160054,21.104556591423552
2025-03-01T18:03:08Z,40.05257009556428,-75.31775308186687,17.113660718945198,3.939235569880878,-1.5181436841645999,-0.47762902680252384,1.5392732048329019,0.02448530584639901,0.16414674309002206,0.000999999992887092,0.0010000000050020951,0.0009999999942048499,0.0009999999884756404,0.0009999999916907901,0.0009999999867389123,0.000026998651422121287,0.000027000392336727456,0.9110681382496765,13.593175573114856,12.155714039679482,0.014597028099682222,0.0003668353940201077,0.0003352588565620931,0.00964120584796471,0.005586999999999744,0.00558699999999981,0.005586999999999928,0.001045869999999396,0.0010458699999993742,0.0010458699999993995,-0.22783959138494905,9.698585707977418,0.8476145519864259,0.0014943645230040192,-0.005245510437949215,-0.006905026622034298,-19.429688262939454,7.9567503738403325,3.7792501425743104,991.2024877929688,-0.04194647661521678,21.333148559134525
2025-03-01T18:03:09Z,40.05121122785317,-75.31782110354087,17.15304114000807,3.380705978604405,-2.606277887658185,-0.5620847861193806,1.53591256056065,0.02079283479047029,0.1639519036078316,0.0009999999926465014,0.0010000000047018858,0.0009999999944072027,0.0009999999886752087,0.0009999999917616324,0.000999999986846465,0.000027998309487088255,0.00002800040550222705,0.8942889858506603,14.51509835951954,13.117547679292025,0.013826986177820754,0.00037607928017891135,0.00034173003945902594,0.009650845178312637,0.005587999999999743,0.005587999999999811,0.005587999999999927,0.0010458799999993953,0.0010458799999993737,0.0010458799999993988,-0.40981962799442895,9.63148406081403,1.081301137394525,-0.0044373664042603195,0.000013935374420303431,0.0012181404288831904,-18.6751881980896,7.339125323295593,4.5975001692771915,991.1346215820313,-0.07939290475333208,20.585439801475832
2025-03-01T18:03:10Z,40.04989639883879,-75.31789037890404,17.04878290594796,2.8935408237881717,-3.402163033117192,-0.6128998472872423,1.5330050263364772,0.021517423603234772,0.16888112429099314,0.0009999999924910432,0.0010000000046179573,0.0009999999942348536,0.0009999999887431315,0.0009999999919599785,0.000999999986458372,0.000028997903591959127,0.000029000420274212364,0.8763211967308835,15.53550614350561,14.16385096838201,0.013592959732122144,0.0003867107093912662,0.00034752649479214787,0.009661547156552715,0.005588999999999746,0.005588999999999813,0.005588999999999928,0.0010458899999993944,0.0010458899999993745,0.0010458899999993996,-0.3446492096559184,9.679443175629046,0.907754161875079,-0.003667442744448872,0.005312269388331371,-0.0026289730497533427,-19.531125755310057,7.5721878337860105,4.091062657833099,991.183447265625,-0.05193387517984898,21.343325135858244
2025-03-01T18:03:11Z,40.04827792907353,-75.31796455113339,16.94036021986118,2.3210706787214184,-3.902909659859658,-0.6691455660660781,1.537417016457003,0.020458728755911315,0.16963815846887012,0.0009999999923654458,0.0010000000044763056,0.0009999999942369032,0.0009999999888697265,0.0009999999916539732,0.0009999999863529016,0.0000299974221985099,0.00003000043680950298,0.8596363867605273,16.64710391969838,15.284465071700009,0.013467592027822828,0.0003968236675142046,0.0003543703791411097,0.009671761494194239,0.005589999999999744,0.005589999999999811,0.0055899999999999275,0.0010458999999993935,0.0010458999999993753,0.0010458999999993996,-0.3235211125387547,9.680988012590637,0.637020658474379,0.004014598484865668,0.0012056226214242347,-0.00114520572197741,-19.982438220977784,7.9436253690719605,3.5630626487731933,991.1604931640625,-0.07258420177401971,21.796610356270815
2025-03-01T18:03:12Z,40.04666167197516,-75.31803404214051,16.691567764006653,1.8361357815035249,-4.3678188620696226,-0.7849249951187761,1.5299515633698597,0.018170472027051188,0.17239854522347256,0.0009999999927492078,0.0010000000043504421,0.0009999999941222595,0.0009999999889239647,0.0009999999917893493,0.0009999999863222735,0.00003099685359688103,0.00003100045525789894,0.8453536246068074,17.806539561168353,16.486497676276162,0.01358551122232831,0.0004073944078827372,0.0003611429407419989,0.009681522608164562,0.0055909999999997455,0.005590999999999812,0.005590999999999929,0.0010459099999993943,0.001045909999999376,0.0010459099999993986,-0.26596522750252466,9.62492671711792,0.7021309324995193,-0.007526072498456542,0.0031844236437493356,0.0004660757249098219,-21.016125774383546,9.442500371932983,3.233062620162964,991.2163305664062,-0.1256819340453388,23.265611681508528
2025-03-01T18:03:13Z,40.044832287759796,-75.3181004616563,16.394439803060614,1.360251055799786,-4.942811861241546,-0.7894160370858218,1.531915437712518,0.022539730898699192,0.1693077278990564,0.0009999999930322282,0.001000000004493744,0.0009999999939958066,0.0009999999888372466,0.0009999999915978233,0.0009999999864669978,0.000031996185514652695,0.000032000475775898766,0.834027093277801,19.026374871386984,17.786398910942264,0.014129134388516755,0.0004169406399422821,0.00036927566333566956,0.009692999418524459,0.005591999999999747,0.005591999999999815,0.005591999999999931,0.0010459199999993947,0.0010459199999993767,0.0010459199999993994,-0.27513771306215584,9.725385378833236,0.9197980364542249,0.0023923030605793264,-0.002299339527313338,-0.006372605753789749,-20.349563274383545,10.198312911987305,2.794125113487244,991.2392944335937,-0.007126997439280188,22.93283928929498
2025-03-01T18:03:14Z,40.0427152521786,-75.31816041809353,16.078178763158586,0.7267387582813687,-5.385523540639396,-0.8782680926304828,1.5250342634545533,0.01837087245000575,0.16793537598417385,0.0009999999928744572,0.0010000000042534852,0.000999999993686211,0.000999999988836381,0.0009999999914570678,0.0009999999861997106,0.0000329954053475335,0.00003300049848518805,0.8260137877650104,20.302621743008213,19.12440949582587,0.014698389208810666,0.0004264065850207468,0.0003773394571764095,0.009702092861756252,0.005592999999999748,0.005592999999999815,0.005592999999999932,0.0010459299999993938,0.0010459299999993775,0.0010459299999994003,-0.38130190316675666,9.636112781645236,0.8817946504912852,-0.006029453085438114,-0.0007963782859142599,0.00222740200349141,-19.180688247680663,9.776625385284424,0.6193125211447478,991.2557666015625,-0.09585166502234797,21.53746889361561
2025-03-01T18:03:15Z,40.04000987213173,-75.31820688678079,15.813338259328866,-0.16436592143102857,-5.863447742592058,-0.8686402485797501,1.5404800181777647,0.009217441536074827,0.16391108688168116,0.000999999992463233,0.0010000000044538863,0.000999999993508552,0.0009999999889916482,0.0009999999913599144,0.000999999986481071,0.000033994499921788645,0.00003400052344897222,0.8213819101505512,21.651330604304594,20.508818954510026,0.015688875209587595,0.00043484245656097274,0.0003861674403287885,0.009709845354124471,0.005593999999999748,0.005593999999999815,0.005593999999999932,0.0010459399999993928,0.0010459399999993783,0.0010459399999994002,-0.49882675337886034,9.722992522553323,0.9913035569241699,0.017030691786656924,-0.0033925535867786382,0.006951423339764229,-12.933938066959382,-24.692063282728196,-21.270188307762147,991.227353515625,0.006433714810229764,35.06283064764824
2025-03-01T18:03:16Z,40.0367749031798,-75.3182307416294,15.567918318974137,-1.0656654642120147,-6.224687442385083,-0.9729463247201843,1.529267440213826,0.016099913391585504,0.17486217880147828,0.0009999999922956355,0.0010000000046808649,0.000999999993769796,0.000999999989018503,0.000999999991737695,0.00099999998674694,0.00003499345720629192,0.00003500055068496674,0.8211487247845769,23.056008379110846,21.9273950246038,0.017204862837215947,0.00044532600275637674,0.0003926144668351152,0.00972183105110146,0.00559499999999975,0.005594999999999816,0.005594999999999934,0.001045949999999392,0.0010459499999993776,0.0010459499999993993,-0.4408478814401703,9.601593445382589,1.0456049340481086,-0.008963773676590786,0.012381443408247787,-0.00849561188108202,-19.236000853776932,-33.83925146639347,8.139937776327134,991.2134790039063,-0.11123000639153746,39.766483593910536
2025-03-01T18:03:17Z,40.033016396319375,-75.31822076545954,15.287642281215136,-1.970796003206042,-6.843005189047639,-1.0631182713046439,1.527440723538419,0.019027299489582237,0.1711770378691077,0.0009999999922565494,0.001000000004891477,0.0009999999940277153,0.000999999989017253,0.0009999999917017137,0.000999999986498141,0.00003599226968678031,0.00003600058009278601,0.8281420641898767,24.53119239269406,23.362830630158232,0.020809520917767485,0.00045170742164202124,0.0004020038055494933,0.009732577858791043,0.00559599999999975,0.005595999999999817,0.005595999999999934,0.0010459599999993908,0.001045959999999377,0.0010459599999993988,-0.5211198724952782,9.573800070122171,1.623846220519415,0.0017285296201392107,-0.0020893754382009327,-0.0049298964007940425,-15.038438091278076,-24.990938502550126,21.847688562870026,991.210283203125,-0.055067053316276635,36.442000802838855
2025-03-01T18:03:18Z,40.02890234239793,-75.31816645542192,15.025446696324735,-3.0222278863923435,-7.626443805503424,-1.0119429083478375,1.521917537085989,0.012647756285525114,0.1639553468095538,0.000999999992244946,0.001000000004859747,0.0009999999936867623,0.000999999988663555,0.0009999999914538434,0.0009999999866883405,0.00003699093858827453,0.000037000611263299104,0.8475489188979043,26.139083354996963,24.742339020899145,0.027439609836802045,0.0004548091402666154,0.00041225468164280446,0.00974053909853274,0.005596999999999747,0.005596999999999815,0.005596999999999932,0.0010459699999993907,0.0010459699999993762,0.0010459699999993979,-0.689936779344131,9.673064237558444,2.1285337115214613,-0.0006119504360214711,-0.0057842732003302475,0.004472747317169474,-2.7116251020878552,32.340563745498656,9.261187856122852,991.2279541015625,0.14899441733268148,33.749535517361856
2025-03-01T18:03:19Z,40.024317003098155,-75.31804108413752,14.868537425855816,-4.144873218992517,-7.891538612674058,-1.0181233316459268,1.5120356364425296,0.012859562650080435,0.15568243770462278,0.0009999999924734033,0.0010000000050968748,0.0009999999937736397,0.0009999999887242718,0.0009999999913713033,0.0009999999868832445,0.000037989485023255986,0.00003800064333716784,0.884336416595229,27.863019017879783,25.94303175273156,0.03508820542720851,0.00045382030178186893,0.0004228552690306022,0.009749954166705576,0.0055979999999997455,0.005597999999999812,0.005597999999999929,0.0010459799999993904,0.001045979999999376,0.0010459799999993978,-0.6358158451340532,9.581616599395979,2.141573267227764,-0.0031278457806469687,-0.006151626100211366,-0.0019366591948767936,-20.313375873565676,11.256187896728516,-0.8075625343993306,991.218037109375,0.05913203861591309,23.237573090865528
2025-03-01T18:03:20Z,40.019634349104315,-75.31783877610853,14.740038901030568,-5.383142784792732,-7.585936389260246,-1.0489947093004914,1.5040053142274348,0.014068606500536056,0.1508380207811628,0.0009999999922735963,0.0010000000049086009,0.0009999999936296828,0.0009999999886431854,0.0009999999911120166,0.0009999999867012803,0.0000389879583323871,0.00003900067507500739,0.9390886631724036,29.700813881977524,26.828853720197646,0.0422682876142997,0.0004479874799713979,0.0004330432976988142,0.009759225134136568,0.005598999999999746,0.005598999999999813,0.0055989999999999296,0.00104598999999939,0.0010459899999993752,0.0010459899999993969,-0.7207211725096389,9.524986496602365,2.0650029431246395,0.0002624538577539379,-0.0024049891526574186,-0.0023337213725311045,-22.937063274383544,10.082812900543212,1.407562555000186,991.2392529296875,-0.0066264460551287,25.094833573712037
2025-03-01T18:03:21Z,40.01515536231636,-75.31756656108391,14.647387137610579,-6.584865758181859,-7.154067752429956,-0.9967788950769311,1.4903211062965438,0.012989878624104223,0.1458523335365032,0.000999999992314942,0.0010000000052610867,0.0009999999936684241,0.000999999988604803,0.0009999999909952918,0.0009999999866972138,0.00003998643479543611,0.000040000705024386226,1.010060034263416,31.715133248313435,27.314508369835682,0.0506513642793862,0.0004357345354381881,0.0004433920564403031,0.009767522076383374,0.005599999999999747,0.005599999999999814,0.005599999999999931,0.0010459999999993907,0.0010459999999993756,0.0010459999999993972,-0.7639573879472474,9.550834168976424,2.379740851658797,-0.004277139350881038,-0.002609778972271658,0.000427020358441477,-22.82925079345703,10.54556287765503,2.216062595844269,991.27671875,0.09289931852890905,25.244642176948748
2025-03-01T18:03:22Z,40.01120525065168,-75.31725099126511,14.610020759374109,-7.705726341447463,-6.4519595444660025,-0.9127774217301662,1.4779170189362383,0.01328834772397731,0.1415608034663825,0.0009999999924677678,0.0010000000055560441,0.0009999999937044435,0.0009999999887349573,0.0009999999909335703,0.0009999999861968387,0.00004098500711388863,0.00004100073185870538,1.092253151670997,33.88286327469213,27.310773843064027,0.05709986494762022,0.0004172376812713233,0.00045369522308655655,0.009775849073136653,0.005600999999999749,0.005600999999999815,0.005600999999999933,0.00104600999999939,0.0010460099999993755,0.0010460099999993972,-0.7703323582333962,9.551825959518258,2.384045977439854,-0.002710421281802622,-0.001946840535925022,-0.0004298595860286037,-23.44950090408325,10.268625440597534,2.3053126072883607,991.3289184570312,0.0953131956440709,25.702832877233472
2025-03-01T18:03:23Z,40.007687233896824,-75.3168887419567,14.66874214010792,-8.516118646275967,-4.27335852158018,-0.8449453675595441,1.4715674642666068,0.012958688817262691,0.13773965785982242,0.000999999992520795,0.0010000000053548446,0.0009999999937270988,0.0009999999886652626,0.0009999999907296375,0.0009999999861448942,0.00004198374761923856,0.000042000755481906605,1.1645790471582373,35.97685323390285,26.903742422253753,0.05155901196119736,0.0003948264794869752,0.00046387623091558814,0.009783941348484005,0.005601999999999752,0.005601999999999813,0.005601999999999936,0.0010460199999993897,0.0010460199999993754,0.0010460199999993971,-0.3729858550162261,9.642702944765633,1.1444559652594688,0.0034437908493110715,-0.001698488761266898,0.0006273037753439237,-23.616000938415528,11.004562854766846,2.376375095844269,991.348271484375,-0.062328099154868366,26.16219422401089
2025-03-01T18:03:24Z,40.004691503919325,-75.31650857792847,14.7437875694284,-9.167739277465333,-1.8639131856095785,-0.8137451567587559,1.4600737301606135,0.015072757942549189,0.13860651821203349,0.0009999999926591939,0.0010000000054549056,0.0009999999938348923,0.0009999999887786123,0.0009999999909144088,0.0009999999864350466,0.00004298267407400893,0.000043000777242882964,1.206531885000852,38.13622320265456,26.26142537194937,0.04384836838420793,0.00037311721180135734,0.0004731564442710798,0.009792665678632965,0.00560299999999975,0.005602999999999816,0.005602999999999934,0.0010460299999993897,0.0010460299999993752,0.001046029999999397,-0.31896624951558433,9.647459132507056,0.8907651216251795,-0.0025271619227290243,0.0028891724796420637,-0.0010407242063066792,-23.76262586593628,10.263000411987305,3.6337501466274262,991.372978515625,-0.08639465817057815,26.13796189921516
2025-03-01T18:03:25Z,40.00165793958943,-75.31605046880588,14.974282913997772,-9.715976377016288,0.818875772232802,-0.7483734932512889,1.4510099480315053,0.016688075949597182,0.13605369590064614,0.0009999999927124473,0.0010000000054381079,0.0009999999937749262,0.0009999999889920594,0.000999999990774603,0.0009999999863769657,0.00004398176225155085,0.000044000798748380255,1.2181428175272997,40.41819484230498,25.579945396457113,0.03690477377620816,0.00035364501071674166,0.0004827930372567585,0.009801476486276604,0.005603999999999746,0.0056039999999998175,0.005603999999999938,0.0010460399999993888,0.0010460399999993744,0.0010460399999993961,-0.30409086982978933,9.674737253819416,0.9272556663018524,0.0003994811485484237,-0.0006169576849144825,-0.0005042982134154171,-22.912875804901123,10.923937892913818,2.372250099182129,991.3103100585937,-0.05661220045862091,25.494259732695866
2025-03-01T18:03:26Z,39.99921390230513,-75.31563409629952,15.113680457383037,-10.078837669100913,3.171736366775564,-0.7045987379908938,1.4418216692348065,0.01940794171371428,0.13364116463759926,0.0009999999929225529,0.0010000000054983024,0.0009999999939125813,0.000999999988747432,0.000999999991041089,0.0009999999864794566,0.000044980968705269984,0.0000450008213245754,1.2062330444757465,42.80418589067924,24.98678106956336,0.030824507118901064,0.0003383392803521692,0.0004922708441132681,0.009810773188712388,0.0056049999999997465,0.005604999999999819,0.005604999999999939,0.0010460499999993878,0.001046049999999375,0.001046049999999397,-0.29088458058205474,9.689225648092865,0.9130974820699562,-0.0016312267912077358,-0.000826921568689223,-0.0015905026016577238,-21.456375732421876,9.835500373840333,3.6129376423358917,991.3488110351562,-0.04420371861914237,23.878107583105546
2025-03-01T18:03:27Z,39.99700741376746,-75.31522708525159,15.202448438578621,-10.299992324249729,5.347911601794563,-0.7163863884159515,1.4348578279967044,0.022392376271816162,0.12724658380979265,0.0009999999925374887,0.0010000000055704584,0.0009999999942070456,0.000999999988916663,0.0009999999909747277,0.0009999999860559074,0.000045980245221706226,0.000046000845910812026,1.1781856476846349,45.28174929095661,24.552420251306078,0.0259305547483224,0.0003267743451472774,0.0005023615607810193,0.009820340298028434,0.005605999999999749,0.005605999999999822,0.00560599999999994,0.0010460599999993873,0.0010460599999993756,0.0010460599999993973,-0.2878994354510065,9.65132744216369,0.9303663358550547,-0.00040949743070421013,-0.005031707508950516,-0.002333721413357733,-22.315125904083253,10.084875364303588,4.182937700748443,991.3565258789063,-0.08061198952440471,24.842785700138826
2025-03-01T18:03:28Z,39.99504229325038,-75.31484696286714,15.209482837410102,-10.496815684688814,6.900743267632573,-0.6732912273319375,1.427984595455724,0.025134151736256466,0.12434582570894394,0.0009999999923681775,0.0010000000055722076,0.0009999999940760733,0.0009999999890846927,0.0009999999911211536,0.0009999999857401925,0.00004697955086425138,0.00004700087298084335,1.1430888413687197,47.93343875313383,24.30527592262063,0.023197516263581148,0.0003199348682479246,0.0005116547384448338,0.009830091810017325,0.005606999999999752,0.00560699999999982,0.0056069999999999376,0.0010460699999993868,0.001046069999999376,0.0010460699999993977,-0.439200353225101,9.668435532361073,1.3237999783480057,-0.0015933399855962466,-0.0018887582249979178,-0.001675956963751342,-22.439438247680663,9.288937826156616,2.683500111103058,991.3847509765625,-0.012608454478030481,24.433817702677953
2025-03-01T18:03:29Z,39.99303184839678,-75.31445916543274,15.230505450165234,-10.529794487955217,8.684999156086375,-0.6629027928123287,1.419434484419891,0.027993268355805092,0.12396683537046498,0.0009999999928083062,0.0010000000056287165,0.000999999994045773,0.0009999999891821833,0.0009999999910630406,0.0009999999857300812,0.00004797884860421001,0.00004800090283402638,1.1052606557380815,50.616549656780734,24.256780912904674,0.020350336587703837,0.00031714495031017923,0.0005202333416596158,0.009840014355613292,0.005607999999999752,0.005607999999999819,0.005607999999999936,0.0010460799999993877,0.0010460799999993768,0.0010460799999993985,-0.35633416351161157,9.680480042134118,1.0754910300631952,-0.0038507023484645794,0.0004355323375903545,-0.001295251328790231,-21.274313259124757,8.10787537097931,2.2591875910758974,991.3759252929688,-0.034776870002548754,22.878716179463606
2025-03-01T18:03:30Z,39.99121096753024,-75.31410493939245,15.12540907509786,-10.450709168368034,10.317200488217765,-0.7071265384909446,1.418063360517931,0.028367275989061448,0.12309695699050247,0.0009999999929777448,0.0010000000056024825,0.000999999994158738,0.0009999999889104378,0.0009999999910537205,0.000999999985455501,0.00004897809568342969,0.00004900093582268217,1.0649326557905,53.348152117570734,24.409534565645103,0.018055464442604977,0.0003173096739962707,0.0005287017637694496,0.009849674717781389,0.005608999999999752,0.005608999999999819,0.005608999999999936,0.001046089999999388,0.0010460899999993772,0.0010460899999993989,-0.3103017459752214,9.659217316418632,0.9797826945098634,0.002232075571648161,-0.0006570143826083769,0.0009878140935568028,-21.800438194274903,8.978062891960144,2.84175011575222,991.4247998046875,-0.06777983856660992,23.74737568919026
2025-03-01T18:03:31Z,39.989008685137506,-75.313717310736,15.026428488629284,-10.18258841975569,12.394547108748409,-0.7538167838330756,1.4132114364413233,0.030388058635746274,0.12185964326495241,0.000999999993272295,0.0010000000058978454,0.0009999999944684508,0.0009999999891375827,0.0009999999912101618,0.0009999999849540503,0.000049977237236573234,0.00005000097236855046,1.0224372296219646,56.09045583986172,24.780077066223658,0.016165512722092237,0.00032019893369843275,0.0005370209199102709,0.009859627154237435,0.005609999999999753,0.005609999999999821,0.005609999999999937,0.0010460999999993873,0.0010460999999993763,0.001046099999999398,-0.19892631393527602,9.721237777704358,0.5923003750998576,-0.0013868811381291695,-0.0009490944831421056,-0.0003993164035371858,-21.92756326675415,8.010187811851502,1.938187581896782,991.3987744140625,-0.040461915588342924,23.42510049319735
2025-03-01T18:03:32Z,39.9862141346019,-75.31329317582883,14.876935363331809,-9.528094099044996,15.642388386108353,-0.925678804852641,1.4177138612456626,0.031026692831428296,0.123705414030728,0.0009999999934937746,0.00100000000568033,0.0009999999944364016,0.0009999999890090067,0.0009999999913165053,0.0009999999853166901,0.000050976174875406536,0.0000510010132356818,0.9748805906776007,58.7303582738745,25.39950527992561,0.015655520407838713,0.0003264551181818634,0.0005444595875170823,0.009869376201713449,0.0056109999999997525,0.005610999999999819,0.005610999999999936,0.0010461099999993883,0.0010461099999993766,0.001046109999999398,0.17000705669623845,9.789752283726198,-0.5777101349253772,0.007501201531613936,0.0016368996403087845,0.0017896157805509546,-21.1571258354187,8.164875345230103,2.296875085234642,991.3697778320312,0.026123242692319647,22.79391332627522
2025-03-01T18:03:33Z,39.98278425027697,-75.31285979197243,14.553736366695132,-8.679236683993894,18.854512292598617,-1.1146742077741332,1.4129794353708616,0.03596849624591242,0.12455344895175396,0.0009999999930920926,0.0010000000056066527,0.0009999999942648266,0.0009999999887961315,0.0009999999913231981,0.0009999999857063222,0.00005197475242202439,0.00005200105926379002,0.9259299972691257,61.473811054649836,26.283547211774,0.018657627201286463,0.00033498290062998335,0.0005520096950750924,0.009879750438698084,0.00561199999999975,0.005611999999999817,0.005611999999999934,0.0010461199999993879,0.001046119999999376,0.0010461199999993976,0.2041158923049037,9.802551298667355,-0.7289672522469682,-0.0026748711426537574,0.0010253673973531993,-0.0024270203018327227,-22.111125774383545,8.215312857627868,4.170750176906585,991.3821997070313,0.04923028269966024,23.953830055138944
2025-03-01T18:03:34Z,39.97828817639135,-75.31242846119918,14.075898749450864,-7.609688760064461,21.744464331677555,-1.3210603805384484,1.412411278943256,0.04076002924874498,0.12627597381340983,0.000999999993174312,0.0010000000058848952,0.000999999994236619,0.0009999999887830519,0.0009999999911826493,0.0009999999855487324,0.000052972774394112813,0.00005300111089945299,0.8871465758321491,64.32292673393498,27.412221404691575,0.02466448804238687,0.00034512369279462155,0.0005593365097408766,0.009889996651961018,0.005612999999999749,0.005612999999999817,0.005612999999999935,0.001046129999999387,0.0010461299999993752,0.001046129999999397,0.15477275426196926,9.771845999394214,-0.6394449619121618,0.00015046217523327719,0.0014841832462154751,-0.0018653916954705055,-21.642563247680663,8.235375380516052,3.195187636613846,991.3930346679688,0.01112217576403286,23.3758166340947
2025-03-01T18:03:35Z,39.972332274619234,-75.31202901687945,13.534680532343913,-6.362139903527224,23.366859940597283,-1.3892572202680724,1.4056853051132006,0.046601348238321225,0.12882040906131814,0.0009999999934107331,0.0010000000057483849,0.0009999999939832825,0.0009999999888407136,0.0009999999910729536,0.000999999985545151,0.000053970059647983764,0.000054001167961281,0.8693555183321326,67.2895720902083,28.725990143952146,0.029294908182453866,0.0003552523954758933,0.000566550320233147,0.009900223290834748,0.00561399999999975,0.005613999999999817,0.005613999999999934,0.0010461399999993873,0.0010461399999993747,0.0010461399999993964,-0.10922618984102667,9.744025228275605,0.2860602662137281,-0.007822157789782189,0.0019767141231247266,-0.002467076982195434,-22.2348756980896,8.664375395774842,3.0249376142024995,991.4000659179687,-0.03420135502234077,24.054290778632815
2025-03-01T18:03:36Z,39.96416902003191,-75.31169528794263,13.077331767364331,-4.660266068190979,24.473146228253285,-1.4715160604470179,1.4119189601131406,0.052077086661855294,0.12545500479725868,0.0009999999934726547,0.0010000000057645766,0.0009999999936207888,0.0009999999886437327,0.000999999991270151,0.000999999985508228,0.0000549664928813317,0.000055001229737225125,0.8756032575453657,70.273313599795,30.11590135831787,0.03432752887209777,0.0003619626307732529,0.0005753515952876559,0.00991002876886495,0.005614999999999753,0.005614999999999814,0.005614999999999932,0.0010461499999993864,0.0010461499999993753,0.0010461499999993972,-0.10141878970146627,9.701098162963206,0.2862184754564679,0.0030113449159766123,-0.004593921139009825,-0.0026187916040265845,-22.031063175201417,7.8540003204345705,2.8171876096725463,991.3608276367188,-0.0773165307214252,23.558166762861717
2025-03-01T18:03:37Z,39.95455711316389,-75.31147106588024,12.622791338636782,-2.65809487874109,25.205847832537483,-1.5450153112907097,1.4194957998343534,0.05696452059653026,0.12410873506136896,0.0009999999936372735,0.0010000000054894134,0.000999999993688345,0.0009999999887587393,0.0009999999914350024,0.0009999999853151404,0.00005596202662843868,0.00005600129511668281,0.9052948311725507,73.31286822583257,31.45522694168853,0.041007885575901334,0.00036548135048928367,0.0005839806677438181,0.00991951764584642,0.00561599999999975,0.005615999999999816,0.005615999999999933,0.001046159999999386,0.0010461599999993755,0.001046159999999397,-0.041039900202606464,9.73064958953281,-0.047979081717459834,0.0017997967434988358,-0.0031889322078411664,-0.0017533998122496925,-22.464375762939454,7.887937836647033,2.7138751125335694,991.3861328125,-0.052397205439121235,23.963105569789374
2025-03-01T18:03:38Z,39.943238290157275,-75.31138889827868,12.286995173243058,-0.39339059903133866,24.937080196402377,-1.530953770141032,1.42874877849473,0.06033565543706342,0.12565051060225757,0.0009999999937291154,0.0010000000055271736,0.0009999999938543483,0.0009999999888434788,0.0009999999914786274,0.0009999999852517234,0.000056956739759568416,0.000057001362549043736,0.9558268814630064,76.44398685552869,32.60189815588803,0.04613499030388094,0.00036456860508773736,0.0005924578190563002,0.00992859476263534,0.0056169999999997515,0.005616999999999812,0.00561699999999993,0.0010461699999993863,0.0010461699999993754,0.001046169999999397,-0.07211782493715972,9.743083732849634,0.11134498577304495,0.0004896089720476118,-0.0010675956873438118,0.000036467354497829625,-22.92300075531006,9.010875396728515,2.767875099182129,991.3801635742187,-0.0392320079787928,24.785448496180123
2025-03-01T18:03:39Z,39.930582334623324,-75.31147151286467,12.155264393339108,2.022960797135063,23.831163355988128,-1.4615598862236365,1.4371921500654916,0.062478731884611574,0.1265779859767512,0.0009999999938221774,0.0010000000053262054,0.0009999999938764864,0.0009999999887711942,0.0009999999915356668,0.0009999999849580547,0.00005795087321602102,0.00005800143035815047,1.0199445363865507,79.71391386312347,33.42743586965699,0.050195017003570284,0.00035800689427891786,0.0006016560489365502,0.009937388609647688,0.005617999999999754,0.005617999999999812,0.0056179999999999295,0.0010461799999993855,0.0010461799999993747,0.0010461799999993962,-0.05041178863861911,9.753540952041185,0.07955835977656038,-0.0029547671744172546,-0.002160643180595779,0.0007104215247696298,-22.57143829345703,8.140875358581543,2.576625095009804,991.3614111328125,-0.029092134323439628,24.13255533969677
2025-03-01T18:03:40Z,39.917593229436626,-75.31170340350465,12.240836372941326,4.272418783906769,21.525112163526064,-1.3165176064138042,1.4472810111050662,0.06677889813776251,0.1278504674380725,0.0009999999940742035,0.0010000000053723135,0.0009999999942063202,0.000999999988967172,0.000999999991618929,0.0009999999852671317,0.000058944795986337956,0.00005900149735717336,1.0853176809266416,83.11814695460473,33.86945049635274,0.04924644283588527,0.00034703382532312165,0.0006113286930544383,0.009946553310297403,0.005618999999999757,0.005618999999999809,0.005618999999999931,0.0010461899999993866,0.001046189999999374,0.0010461899999993957,-0.204154565134305,9.719900801356257,0.5849277338827896,-0.002985310454937346,-0.001528247762532136,-0.002176665909909391,-23.506125812530517,9.335250382423402,3.25481262922287,991.351103515625,-0.04319140807466877,25.50051115881192
2025-03-01T18:03:41Z,40.06661892057367,-75.3115480155837,12.436466591904953,8.582430597621936,-3.6055066329353895,-0.7973993629999427,1.504398270204292,0.06101020483547523,0.06375191427055547,0.0009999999945713484,0.0010000000051988917,0.000999999994713106,0.000999999988464303,0.0009999999918896172,0.0009999999851904166,3.07587248775991e-10,3.075868653812914e-10,0.6282491573268182,0.005203954776659319,0.005203331169768344,0.021176462182894262,0.0001513148188680325,0.0001728344684141328,0.009753757164786749,0.005619999999999757,0.005619999999999807,0.005619999999999933,0.0010461999999993856,0.001046199999999374,0.001046199999999396,-0.1307707471665652,9.702334554031085,0.5578038506354711,0.00018100503107663988,-0.006793034176760156,-0.000022616406547091607,-23.059688262939453,9.534000387191773,3.1408126187324523,991.319833984375,-0.06070852860898443,25.1497223724349
2025-03-01T18:03:42Z,40.066643690617575,-75.31158736388777,12.561253091718463,9.146911256138921,-3.0960948672945268,-0.7639284578055504,1.5057056811700769,0.06502034262346316,0.0651908306420703,0.0009999999944042448,0.0010000000053722302,0.0009999999949131617,0.0009999999886272741,0.0009999999915825386,0.0009999999853355084,1.0003075873993947e-6,1.000307587243047e-6,0.6913150835366623,0.023039047941084273,0.021223248598253985,0.021874560736222327,0.00015875199023169327,0.00018307098837387427,0.00975851831639237,0.0056209999999997555,0.005620999999999806,0.0056209999999999325,0.0010462099999993847,0.0010462099999993739,0.0010462099999993956,-0.01202267275403197,9.74853621723093,0.14931633437300135,-0.002724942097714139,-0.005974542246019356,-0.0050407202723550155,-23.386313285827637,10.069687871932983,2.9341876244544984,991.2834936523437,-0.030314998165225104,25.6305504516187
2025-03-01T18:03:43Z,40.066668998374624,-75.31162435045049,12.769619851170027,9.598532877443194,-3.11452146596596,-0.7351369657481394,1.51205843567825,0.06338481794885345,0.06644133320683934,0.0009999999943817086,0.001000000005163072,0.0009999999949200822,0.000999999988503396,0.0009999999917562844,0.000999999985138369,2.000307588224764e-6,2.0003075904174385e-6,0.7514705059330815,0.07198273581781742,0.06529580330862189,0.02129157383265702,0.00016540756198082137,0.00019328627364999481,0.009759423725925516,0.0056219999999997565,0.005621999999999803,0.005621999999999935,0.001046219999999385,0.0010462199999993742,0.001046219999999396,-0.15733107659157827,9.699941665961932,0.587434968206996,0.0019728755934269784,-0.00696611255879139,0.0003337214041928629,-23.59256326675415,9.00225037097931,2.6435625982284545,991.2880908203125,-0.06101473775719066,25.389671077276358
2025-03-01T18:03:44Z,40.06668961089468,-75.31166240940055,13.091607304114314,10.045782880498274,-3.081054219337351,-0.6757509790699436,1.5181415065304464,0.06560656802346922,0.06923708398912659,0.0009999999941623394,0.0010000000050820062,0.0009999999947157446,0.0009999999888472815,0.0009999999920359186,0.0009999999848186636,3.0003075881886472e-6,3.000307601854125e-6,0.8033556183271081,0.15626309798994162,0.13795635640884268,0.020762457014342102,0.00017177441638361257,0.00020337619918237937,0.009761615568819396,0.005622999999999756,0.005622999999999801,0.005622999999999933,0.0010462299999993844,0.0010462299999993735,0.001046229999999395,-0.14540684976115273,9.734996580118738,0.42655753033293525,0.0013111048735160273,-0.0053982263608413185,-0.003687804803214142,-23.89706344604492,9.712875390052796,3.570562627315521,991.2571557617188,-0.03458430381298913,26.04142588108164
2025-03-01T18:03:45Z,40.06669733424252,-75.31170406671741,13.492907423179577,10.403667243580564,-3.438874979627639,-0.602117684003769,1.5177268580006926,0.06696990610827935,0.0734939390294872,0.0009999999938800094,0.0010000000052562928,0.0009999999948130688,0.000999999989144579,0.0009999999919192099,0.0009999999849164907,4.0003075735715455e-6,4.000307630455451e-6,0.8439960694907976,0.2795647465368187,0.2374172749360062,0.019542429392489995,0.0001780606145604766,0.00021328215280199924,0.009763938589770637,0.005623999999999758,0.005623999999999799,0.005623999999999934,0.001046239999999384,0.0010462399999993728,0.0010462399999993947,-0.26111159090260566,9.728726807010759,0.7430109326266929,-0.00518842973629587,-0.003460983947932696,-0.0029577717233823147,-22.869563350677492,8.223750352859497,3.0438751339912415,991.242197265625,-0.019416314845913586,24.493053823240984
2025-03-01T18:03:46Z,40.06668519409916,-75.3117530326621,13.888115089079783,10.671430608744712,-4.015143932800657,-0.6017996701702742,1.5229377996482554,0.06602173566157415,0.0766412071081782,0.0009999999936323,0.0010000000051455411,0.0009999999946858668,0.0009999999894390091,0.000999999992074481,0.000999999984983765,5.000307499348643e-6,5.000307688045556e-6,0.8714201291700052,0.44797663319893877,0.36189590597155813,0.018138447605981316,0.00018444545325826945,0.00022306592483198304,0.009766470696253039,0.005624999999999758,0.0056249999999998,0.005624999999999935,0.0010462499999993845,0.0010462499999993736,0.0010462499999993958,-0.3479194045539592,9.653321527475823,0.9024899504286263,0.0009344045763036723,-0.003606356343235412,-0.0008065593559799727,-23.332313327789308,9.228750343322753,3.0033751237392425,991.2471362304688,-0.0782480643421616,25.27022701434292
2025-03-01T18:03:47Z,40.066645680835634,-75.31181100407777,14.276962886274722,10.924098835092193,-4.645018547220945,-0.5462257023132314,1.5250483140628024,0.06252932270883654,0.07965899852548877,0.000999999993455296,0.001000000004836082,0.0009999999943895706,0.0009999999894067355,0.0009999999921514843,0.0009999999848211885,6.0003072624888806e-6,6.000307788870481e-6,0.8866069944222056,0.6667705730659205,0.5155577647330398,0.01697964363175702,0.0001912084356640568,0.00023266393238011184,0.009769636611389253,0.005625999999999754,0.005625999999999799,0.005625999999999933,0.0010462599999993853,0.0010462599999993744,0.0010462599999993961,-0.33003272792304467,9.720449992690646,0.9058013294118725,-0.0017235244847188876,-0.0028000482000378793,0.0016287213833702902,-24.135375957489014,9.188625392913819,2.915812611579895,991.2348901367187,-0.011697361935131604,25.989354213936867
2025-03-01T18:03:48Z,40.06657288264777,-75.31187779143777,14.645787857527814,11.104964399263102,-5.207392414083168,-0.5601041547548445,1.5264153374989664,0.05854966146064512,0.08893355753160045,0.0009999999930943742,0.0010000000048817038,0.000999999994137586,0.0009999999895878185,0.0009999999920659803,0.000999999984815551,7.000306668178903e-6,7.000307951310081e-6,0.8923654375719139,0.9307369880370364,0.6963674395676669,0.01611851197636727,0.00019886925765014724,0.00024172429423642563,0.009774563801154492,0.005626999999999755,0.005626999999999796,0.0056269999999999315,0.0010462699999993848,0.0010462699999993737,0.0010462699999993956,-0.33567612747069386,9.6636904468488,0.8084919070036686,-0.0023540834975046094,0.004497783023835104,0.0022986697543395003,-23.791500949859618,9.341437888145446,2.5248751008510593,991.2202758789062,-0.07651560695337266,25.68404883587904
2025-03-01T18:03:49Z,40.06645829802438,-75.3119530215904,14.969799860112952,11.425035584325808,-5.79928628856932,-0.5758486522639872,1.5274986421369894,0.06118528226043128,0.08054439998682636,0.0009999999932436682,0.0010000000045153063,0.000999999994283006,0.0009999999897687703,0.0009999999917826008,0.000999999984505855,8.000305393655165e-6,8.000308197359556e-6,0.8917601186215822,1.245826741201346,0.9155529386422198,0.015705184649138275,0.00020639080607636745,0.0002514637600924886,0.009782921431278783,0.005627999999999754,0.005627999999999794,0.00562799999999993,0.0010462799999993843,0.0010462799999993735,0.0010462799999993951,-0.16502799165117102,9.677449122106122,0.8411140472152843,-0.0011119917816610602,-0.011832668675547917,-0.005204785874606255,-23.50143825531006,9.738562870025635,3.267187639474869,991.1996337890625,-0.06437677846453359,25.648179596678965
2025-03-01T18:03:50Z,40.06628443096612,-75.31203604017963,15.313322325240955,11.694149207576622,-6.167559870621909,-0.5746532289572386,1.528400261024889,0.06655495152263013,0.07556920656304723,0.0009999999930478916,0.0010000000045332844,0.0009999999943691937,0.000999999989553121,0.0009999999919246667,0.0009999999842773832,9.00030294717582e-6,9.000308554534884e-6,0.887960312120189,1.5953880084275638,1.1708966893105612,0.015588955172440553,0.00021473435339706146,0.0002607742005028133,0.009793713355942533,0.005628999999999755,0.005628999999999791,0.005628999999999932,0.0010462899999993834,0.0010462899999993725,0.0010462899999993942,-0.19117055968948612,9.704602426993436,0.5997553895908614,-0.001172744788777147,-0.0075167252899830716,-0.008054987549841493,-23.329875774383545,9.278250370025635,3.4068751406669615,991.1414770507813,-0.05467534402340224,25.33719120396355
2025-03-01T18:03:51Z,40.066058488245005,-75.31212429897596,15.58857162312266,11.822662799599573,-6.551771540334408,-0.6132214167434918,1.5240940439211705,0.06314371800395972,0.07321435007265417,0.0009999999930126759,0.0010000000046062694,0.0009999999945273959,0.000999999989381169,0.0009999999921669642,0.000999999984419341,0.000010000298627105541,0.00001000030905442191,0.8829177744672553,1.992129845377302,1.4584928313282075,0.0154548347145399,0.00022348512393743005,0.00026962239535371945,0.00980241488586186,0.005629999999999757,0.0056299999999997906,0.005629999999999933,0.001046299999999383,0.0010462999999993725,0.0010462999999993942,-0.30596524657048463,9.661656513845362,0.6412734794263225,-0.006049815545238309,-0.0042579454260373885,0.0007307834890930519,-23.077313327789305,8.91450035572052,3.102750129699707,991.13423828125,-0.09188283586466482,24.933014915049036
2025-03-01T18:03:52Z,40.06576626659869,-75.31221962552178,15.829080562905064,11.863239672993457,-7.266142872320952,-0.5940686139012126,1.522008417458231,0.063155132975447,0.07173778380658931,0.0009999999932163257,0.0010000000044800518,0.0009999999941458079,0.000999999989139717,0.000999999992194981,0.0009999999842137531,0.000011000291484111751,0.000011000309733862542,0.8768489432115967,2.4701465055274707,1.7861930293575943,0.01545174246438872,0.0002328272724250606,0.00027807458505258863,0.00981303469900037,0.005630999999999753,0.005630999999999788,0.005630999999999931,0.001046309999999382,0.001046309999999372,0.0010463099999993937,-0.364159869882146,9.700052196685688,1.0246579235006559,-0.003445962880119516,-0.0023093536955766246,-0.002807559060371686,-21.963000812530517,8.092875356674194,3.3945001435279845,991.1166430664063,-0.018735348632134986,23.65139033992737
2025-03-01T18:03:53Z,40.06539337831758,-75.31232246938666,16.060643758595386,11.851027784543538,-7.8135227382478885,-0.6179076433949582,1.521517658782532,0.059899772350586834,0.06721473395479279,0.0009999999931339792,0.0010000000047651297,0.0009999999937518494,0.0009999999891973032,0.000999999992194298,0.0009999999837937436,0.000012000280289393793,0.00001200031063599934,0.8706657681633155,2.9851214755330124,2.1557563449337316,0.015609871375418473,0.00024225927923923697,0.0002863444064706556,0.009822701274383023,0.005631999999999756,0.005631999999999789,0.005631999999999934,0.0010463199999993823,0.0010463199999993715,0.0010463199999993932,-0.33595528821465503,9.665166003540646,0.8969066940703919,-0.0012239838075720373,-0.004634645531521176,0.00010973776538578464,-22.398938159942627,6.459375238418579,3.350625123977661,991.0890673828125,-0.0669881307786242,23.551226202153188
2025-03-01T18:03:54Z,40.06495297675567,-75.31242954616364,16.201628441636633,11.786988911795579,-8.20224361448645,-0.6887287899154595,1.517255596207064,0.05943847578917374,0.06323229342086344,0.0009999999928832133,0.0010000000046366069,0.0009999999937427497,0.0009999999890981741,0.000999999992379186,0.0009999999838841201,0.00001300026351302671,0.000013000311809070682,0.8656742970511447,3.5320419440002584,2.568273177742847,0.01579254012510261,0.0002520492616361088,0.0002942094513421171,0.009833294294761657,0.005632999999999754,0.0056329999999997875,0.005632999999999936,0.0010463299999993834,0.0010463299999993706,0.0010463299999993922,-0.31916564926501456,9.626641518905961,0.8006753492318487,-0.004557536125708952,-0.0031605587113727254,-0.0027074172701994827,-22.412625751495362,7.80412531375885,3.9048751640319823,991.0943994140625,-0.11429726891351316,24.051523277486186
2025-03-01T18:03:55Z,40.064444367180954,-75.31253862219691,16.244639221988464,11.684410097460566,-8.467009878432307,-0.7350413783314536,1.5173891382395592,0.05523151820078626,0.05625210722827787,0.000999999992916493,0.0010000000044945235,0.0009999999934492724,0.0009999999892969546,0.0009999999921383263,0.0009999999839199797,0.000014000239326774036,0.000014000313307830519,0.8623849700488123,4.113981673538454,3.0289569108918895,0.015966646816850078,0.00026166346610503026,0.00030188310310561825,0.009842097704211548,0.0056339999999997555,0.005633999999999789,0.005633999999999934,0.001046339999999383,0.0010463399999993694,0.001046339999999393,-0.2935519864690759,9.658079692398188,0.742775579779269,0.00042535103755412585,-0.005673115551262661,0.0008427753016897117,-22.241063117980957,6.159562740325928,3.201562626361847,991.1103833007812,-0.0883736324013424,23.299200380756535
2025-03-01T18:03:56Z,40.06383962495559,-75.31264616839584,16.25290141757586,11.630474640990663,-8.205637743891705,-0.7610679534377649,1.5128600725877264,0.053666968165968526,0.0517056917890947,0.00099999999255115,0.0010000000045662328,0.0009999999931706608,0.0009999999893956708,0.0009999999922451377,0.0009999999842399262,0.000015000205636406005,0.000015000315193416992,0.8610939087997773,4.671665884605065,3.545964774160343,0.01592932005176371,0.0002715294793592481,0.00030901685454726277,0.00985138420272753,0.005634999999999755,0.005634999999999789,0.005634999999999932,0.0010463499999993826,0.0010463499999993698,0.0010463499999993926,-0.1344397398485437,9.710709388092631,0.28398517514551097,-0.004054323510118781,-0.0024558942880794346,-0.0018450295348543463,-22.2620631980896,5.99418771982193,3.2433751249313354,991.107451171875,-0.06365771267880743,23.28189987071551
2025-03-01T18:03:57Z,40.06311274611268,-75.31274889060057,16.259866788498606,11.487570820956227,-7.848387849185205,-0.785523124548487,1.5124674139434613,0.05298151865561686,0.04459513076160618,0.0009999999928530785,0.0010000000043402938,0.000999999992992345,0.0009999999891541554,0.0009999999923013306,0.0009999999839880945,0.000016000160110215768,0.000016000317532113233,0.861323341376486,5.254704529793111,4.112018556864334,0.01585887606951093,0.0002812608966913649,0.0003158859294318067,0.00986031913792392,0.005635999999999753,0.005635999999999787,0.00563599999999993,0.001046359999999383,0.0010463599999993686,0.001046359999999393,-0.1402544345458773,9.711623940134954,0.24397012209188912,0.0004495519200868861,-0.004322203142531369,-0.0031480408265124487,-22.90200082778931,4.6936876940727235,3.5698126435279844,991.0923876953125,-0.0637870527271391,23.64896416889836
2025-03-01T18:03:58Z,40.06225341811631,-75.31284609978653,16.27415485520513,11.283647579599617,-7.396216528870744,-0.7930844245662936,1.5079226294023684,0.04674553734916884,0.03713463347097473,0.0009999999925156577,0.0010000000040307467,0.000999999992786074,0.0009999999890134405,0.0009999999923290908,0.0009999999839711143,0.000017000100201810197,0.00001700032039523694,0.862307513506556,5.861383521206277,4.731664320142476,0.015850132465817554,0.0002908109861403344,0.0003223424390410938,0.009866764718229741,0.005636999999999754,0.005636999999999787,0.005636999999999929,0.001046369999999383,0.0010463699999993686,0.0010463699999993937,-0.09428020540282694,9.730529935196667,0.1988804512115733,-0.003575813281214196,-0.004441204860247936,0.002084867178409032,-24.157688465118408,6.21825026512146,2.6715001010894777,991.0773559570313,-0.04651719918182398,25.087744276274815
2025-03-01T18:03:59Z,40.06120864340255,-75.3129385205888,16.31015084121682,10.880524848637384,-6.990214591887018,-0.8560208591656556,1.5014945072706607,0.044381955835927196,0.03358300745085008,0.0009999999922651068,0.0010000000038230892,0.0009999999927936345,0.0009999999887466593,0.0009999999919595728,0.0009999999841533358,0.00001800002314884297,0.000018000323858365303,0.8633959663585173,6.5007087719849945,5.393157127749742,0.015749755084083206,0.00030073286189255955,0.0003281592170350413,0.009874213524607798,0.005637999999999753,0.005637999999999786,0.005637999999999929,0.0010463799999993833,0.0010463799999993687,0.0010463799999993941,-0.15170859869941747,9.660041056519528,0.30826251975533203,-0.005599010586614912,0.0003343890552917619,-0.001976382021137801,-24.606563358306886,4.3606876790523526,2.8477501066029074,991.0401049804688,-0.11343009368638249,25.151653688999495
2025-03-01T18:04:00Z,40.06004185391437,-75.31302745832757,16.300466802731084,10.246492848669263,-6.756207662584251,-0.8721598677324062,1.49573495139459,0.03942321451048689,0.03586658935218632,0.0009999999923281616,0.001000000003444811,0.0009999999928552192,0.0009999999885799246,0.0009999999917362605,0.000999999984557636,0.000018999925924794433,0.000019000327999794572,0.8636319241618897,7.194785769155998,6.098081691687492,0.015366469445037483,0.00031092376404941874,0.0003333619911753637,0.00988049782380541,0.00563899999999975,0.005638999999999784,0.005638999999999926,0.0010463899999993828,0.0010463899999993683,0.0010463899999993936,-0.3060450083450676,9.685943689978272,0.5430082310460549,-0.00520478598767672,0.006218385450239297,0.0009445863560488363,-26.07918863296509,5.928562734127045,2.6906251157447696,991.0452392578125,-0.07362357996218125,26.87952137164045
2025-03-01T18:04:01Z,40.058700921033335,-75.31311547586489,16.302443316334944,9.709144673081264,-6.682857465736503,-0.8798425651452628,1.4917275494000746,0.034583319399648135,0.019765705126997355,0.0009999999925312285,0.0010000000037489088,0.0009999999930294804,0.0009999999884567857,0.000999999991803767,0.0009999999850096072,0.000019999805282896016,0.00002000033290983784,0.8632431148444359,7.939391342107203,6.873819282779977,0.015356702233985881,0.00032016778686244385,0.0003393277299179933,0.00988614549245081,0.005639999999999747,0.005639999999999781,0.005639999999999924,0.0010463999999993823,0.0010463999999993678,0.0010463999999993931,-0.09400103899255621,9.684029411312473,0.7626693499277702,-0.0027918698579191964,-0.011771582365348194,-0.0007658351728092472,-24.304876022338867,7.2571877670288085,2.756062614917755,991.0307495117188,-0.0651388809722448,25.514448110439016
2025-03-01T18:04:02Z,40.057321790066496,-75.31320079712143,16.199235257728134,9.073462979020686,-6.168355426720197,-0.9589563922291922,1.4870434479610803,0.03534240888653018,0.015961716641021806,0.000999999992604488,0.001000000003493983,0.0009999999932835458,0.000999999988204401,0.0009999999919919013,0.000999999984869214,0.00002099965777875074,0.00002100033868477352,0.8624122040294204,8.649772119838643,7.693656935132707,0.0151358966712179,0.00033021951884320134,0.0003444927121977281,0.009893641128893309,0.005640999999999746,0.005640999999999781,0.005640999999999924,0.0010464099999993829,0.0010464099999993683,0.001046409999999394,-0.1750092020483475,9.649724450092005,0.34262502097559144,-0.0040868702135879315,0.000714927732713015,-0.005160890324971131,-24.72993844985962,8.51231285095215,2.7862501096725465,991.0791967773438,-0.12227227717192993,26.301898107000277
2025-03-01T18:04:03Z,40.055707186228354,-75.31328402894725,16.098366814707912,8.403213869597606,-5.6434710389571885,-0.9765078947354674,1.485743678544846,0.0327186847750196,0.008586789072125579,0.000999999992818874,0.0010000000032878281,0.0009999999930579942,0.0009999999879987307,0.000999999991667131,0.0009999999846979015,0.000021999479671695803,0.000022000345423183583,0.8609518031618769,9.39406834024427,8.583837896826662,0.015163908911554029,0.00034007488259795907,0.0003497519313851202,0.009900052282196687,0.005641999999999746,0.00564199999999978,0.005641999999999922,0.001046419999999383,0.0010464199999993687,0.0010464199999993939,-0.11549656515263561,9.7100314210221,0.34723545512716447,-0.0007760163521561008,-0.0028224131391086016,-0.0023846266805226356,-23.548313446044922,8.20500033378601,3.0789376270771025,991.0600390625,-0.0627945853268161,25.126129856315384
2025-03-01T18:04:04Z,40.053884737383456,-75.31336763595691,16.02256209540131,7.70407830606203,-5.156506025059752,-0.9614805479535795,1.4801415858643547,0.02662663398789922,6.280670219650021,0.0009999999925646194,0.0010000000033081248,0.0009999999931446363,0.0009999999879349165,0.0009999999918688038,0.0009999999847117302,0.000022999267064676493,0.000023000353233307476,0.8596718622173929,10.17484444069152,9.543078060232686,0.015393615633856422,0.00034969734095562327,0.00035515623865454955,0.009905469553829756,0.005642999999999745,0.0056429999999997775,0.005642999999999921,0.0010464299999993823,0.0010464299999993678,0.0010464299999993934,-0.04395312991166777,9.740455625311894,0.3780858680238045,-0.005318613588992235,-0.006765661934348092,0.000567218592520349,-23.848125839233397,8.571187863349914,2.904000127315521,991.0522729492187,-0.03188100521610991,25.507430162745628
2025-03-01T18:04:05Z,40.05195295312516,-75.31345293336294,15.874324450974537,6.975348890905833,-4.595414700434071,-1.0755285461589574,1.4720000208514021,0.023510538227153505,6.270680412147551,0.000999999992623463,0.0010000000034093848,0.0009999999935113065,0.0009999999881089186,0.0009999999920263115,0.0009999999850011222,0.00002399901595040866,0.000024000362217551414,0.859108735028498,10.96273132642212,10.55086245624285,0.015849144643699353,0.00035937840992685227,0.00036052177281741004,0.009912172150104951,0.005643999999999748,0.005643999999999775,0.005643999999999919,0.0010464399999993833,0.0010464399999993669,0.0010464399999993942,-0.026084757750869096,9.623610646562446,0.29259933987634956,-0.008360920615429646,-0.005673115456649899,-0.0022420916408309776,-24.136876029968263,8.607937893867494,2.401312600374222,991.0829223632812,-0.15173784846399255,25.738085931854872
2025-03-01T18:04:06Z,40.04991214242272,-75.3135440871214,15.615959639816175,6.1643076724401205,-4.497114396544453,-1.1399614935941107,1.4662117684211586,0.019740805683139778,6.254851882996977,0.000999999992709851,0.0010000000035937876,0.000999999993761793,0.0009999999881670745,0.0009999999917295504,0.0009999999850234943,0.000024998722265284765,0.000025000372474438006,0.8592398818837684,11.834045658862026,11.618857298366196,0.015822764259604487,0.0003685650607580551,0.0003662912562793958,0.009918944064589227,0.00564499999999975,0.005644999999999774,0.005644999999999918,0.0010464499999993837,0.0010464499999993664,0.0010464499999993946,-0.07717152068259148,9.631187938686775,0.7516623658279893,-0.0063801161316628646,-0.011872892057946605,-0.002106566669627035,-23.532750778198242,8.965312867164611,2.1703125780820844,991.1258764648437,-0.11905684856045158,25.275974434761594
2025-03-01T18:04:07Z,40.04742022240776,-75.3136532204094,15.438826846858293,5.080131458549908,-4.759418533897783,-1.1367510067724944,1.4675763896055873,0.020322997586280984,6.239603445591977,0.0009999999923725276,0.0010000000035433599,0.0009999999935894834,0.0009999999882449428,0.0009999999916541797,0.0009999999850173853,0.000025998381747188108,0.000026000384110797973,0.8589173970930782,12.779645695172523,12.74417750818876,0.01527518005025007,0.00037762245281537817,0.00037223979939463925,0.009927743652239278,0.005645999999999749,0.0056459999999997745,0.005645999999999918,0.0010464599999993828,0.0010464599999993654,0.0010464599999993936,-0.18901309575254233,9.656549858089669,1.0419568618109816,0.00011991886922361051,-0.010570214609726953,-0.006884664172541742,-23.637563362121583,9.967875366210938,0.9048750354722143,991.080068359375,-0.06536870589536559,25.66922540547354
2025-03-01T18:04:08Z,40.04438493205649,-75.31378627365751,15.418141987517812,3.65146580212529,-5.183840924644857,-1.0772506566957762,1.4737396627921788,0.014317151735683804,6.232843094802245,0.0009999999923644301,0.0010000000037625261,0.0009999999934757573,0.0009999999882235446,0.0009999999914104053,0.0009999999852758094,0.00002699798922572505,0.000027000397242893882,0.8564822123662102,13.786684664592899,13.92297092574988,0.014453750283517353,0.00038683367568524577,0.00037807513720157645,0.009935091596577147,0.005646999999999749,0.005646999999999773,0.005646999999999916,0.0010464699999993814,0.0010464699999993663,0.0010464699999993942,-0.3617180115224887,9.697110167181922,1.0725000037341843,0.004141444547060158,-0.002588248494854576,0.00011991866864648161,-23.90418842315674,19.36406332015991,3.0345001312717796,991.0063525390625,-0.016818280948766334,30.912493011011502
2025-03-01T18:04:09Z,40.041386100955215,-75.31392904029617,15.382422799806099,2.1787295135969895,-5.77488058863602,-0.9793040840174755,1.4747513365254963,0.012876597510436096,6.228780582581879,0.0009999999922671204,0.0010000000038114945,0.0009999999931331759,0.0009999999880074182,0.0009999999916202127,0.00099999998493882,0.0000279975377202372,0.000028000412000151338,0.8506487663869067,14.880176974284408,15.164777888708569,0.013496397752523023,0.00039607905543338935,0.0003843398801159258,0.009944153807085345,0.00564799999999975,0.005647999999999775,0.005647999999999918,0.0010464799999993803,0.0010464799999993658,0.0010464799999993948,-0.49027338826698913,9.7355914407286,1.1945875617013377,-0.0010625887355700566,-0.00025644733068817675,-0.0034384515452266016,-32.86350128173828,14.574375610351563,6.3500627967342735,991.0627270507813,0.0411585175762497,36.50673542115522
2025-03-01T18:04:10Z,40.03875069958595,-75.31407101898867,15.226110172566838,0.7393767391562563,-6.873953886198234,-0.9331740119993488,1.4738030310560462,0.007522775003186219,6.227602745573181,0.0009999999922658289,0.0010000000037001591,0.000999999992890779,0.000999999988013702,0.000999999991464991,0.0009999999850192405,0.000028997017343087257,0.000029000428554423055,0.8401503963982752,16.126118663142258,16.46881391125401,0.012541964893184676,0.00040544345737696005,0.00039121357959699427,0.009951926009588545,0.005648999999999747,0.005648999999999773,0.005648999999999916,0.0010464899999993813,0.0010464899999993668,0.0010464899999993956,-0.6467031876586348,9.648934689200086,1.7725202580759052,-0.0025780674096101174,0.0011482079819910194,0.0019321508656963587,-25.360688552856445,8.07431278705597,-4.055250153541565,991.1911059570313,0.05211018115705075,26.92213533018475
2025-03-01T18:04:11Z,40.03645414063191,-75.31421182638687,14.820324462355263,-0.8534909082009735,-8.748944985598873,-1.1385228604131943,1.4594433910871512,0.003915879339643377,6.224012969191765,0.0009999999924471261,0.0010000000039457506,0.0009999999929607474,0.0009999999882324996,0.000999999991578651,0.0009999999852451237,0.000029996413009511897,0.00003000044714179743,0.8239683489584646,17.602526590037066,17.822506669094782,0.013451068788058195,0.0004149533599217157,0.0003991921474855948,0.009960183427445224,0.005649999999999748,0.005649999999999772,0.005649999999999916,0.0010464999999993817,0.0010464999999993674,0.0010464999999993945,-0.9400063776297743,9.308296092045321,2.7372520925874353,-0.015242662780489438,-0.0019188001687771524,0.001027870535365214,-14.823938071727753,-23.988000934384765,-32.42287628173828,991.3346166992187,-0.03152038486969415,42.96989494629275
2025-03-01T18:04:12Z,40.0337942271253,-75.31435690356139,14.376302933236493,-1.954372891560748,-9.480379987709464,-1.067107392132661,1.4635469590577128,6.2779536342938265,6.226972210881061,0.0009999999925465258,0.0010000000039880072,0.0009999999927946012,0.0009999999883760278,0.0009999999916861714,0.0009999999849594286,0.000030995706933631436,0.00003100046801944684,0.8079575345717899,19.084686692521153,19.33346619876096,0.014846536727834111,0.00042521078651045364,0.00040762498365531506,0.009966722394284398,0.005650999999999746,0.00565099999999977,0.005650999999999914,0.001046509999999381,0.0010465099999993665,0.0010465099999993946,-0.5050480935560138,9.689572778379944,1.7587615481269467,0.0038563746620298017,0.003866555908113424,0.007664099285387989,-31.515376182794572,-50.058189319372175,-6.551437829434872,991.35916015625,0.08154945795084285,59.514339013081944
2025-03-01T18:04:13Z,40.030837957572494,-75.31449041343747,13.965839840284499,-2.911988807345066,-9.927973762452813,-1.0873286929819104,1.4734565755018398,6.2746844666928405,6.2250085428451305,0.0009999999925452046,0.0010000000039299447,0.0009999999926856053,0.0009999999883047964,0.0009999999915446946,0.0009999999850628044,0.00003199488374525825,0.00003200049138696647,0.7981131726220445,20.650825434996097,20.919877185445884,0.016477850555865,0.0004350958860765492,0.00041710018831613303,0.009975236292269624,0.005651999999999747,0.005651999999999773,0.005651999999999915,0.0010465199999993805,0.001046519999999366,0.001046519999999395,-0.42189750391927566,9.624607633586711,1.544165210969501,0.010443533249725098,-0.0006029382139193747,0.00188124563085507,-28.560188674926756,-46.438126716613766,-0.3697500158473849,991.3954077148437,-0.02242218929955437,54.518943214667665
2025-03-01T18:04:14Z,40.02821026847179,-75.31460549462119,13.384905770732688,-3.66018622947827,-10.318018902614638,-1.1640080446821663,1.4676114364905353,6.274942676703306,6.220173645325353,0.0009999999926825604,0.0010000000041778768,0.0009999999925422705,0.0009999999883681453,0.0009999999915719531,0.0009999999852928717,0.00003299393144066545,0.000033000517364805595,0.7962667499135457,22.345323703470534,22.569965047225022,0.01862309933033783,0.00044426938339642486,0.000427232248848124,0.009984847180970386,0.005652999999999747,0.005652999999999772,0.005652999999999916,0.0010465299999993798,0.0010465299999993655,0.0010465299999993943,-0.3932660084191179,9.572448040442367,1.5928944720171374,-0.0047377913867456935,-0.003651252979345,-0.0011452055621806703,-26.40262613296509,-41.50950164794922,-0.9217500168457627,991.54103515625,-0.0671589441262536,49.20347569853967
2025-03-01T18:04:15Z,40.02554407393697,-75.31470219369974,12.753554893340416,-4.318241854518726,-10.77617016007809,-1.1366585475402096,1.4606674106562274,6.277084030779476,6.215658468256313,0.0009999999930052448,0.0010000000040181645,0.0009999999924026998,0.0009999999885352865,0.0009999999913947483,0.0009999999852150989,0.0000339928443642467,0.000034000545992879685,0.8041109720667314,24.22441600193058,24.284132137335103,0.021854133365856548,0.0004524165878714324,0.0004374747701921266,0.009995036318208285,0.005653999999999749,0.005653999999999773,0.005653999999999917,0.0010465399999993789,0.0010465399999993645,0.0010465399999993934,-0.44100020233648174,9.64016094906707,1.88526210094244,-0.0051742426944838115,-0.003412915845889008,-0.002435532162179404,-22.485375785827635,-38.67318895339966,-0.2668125066906214,991.6348217773437,0.05351924532527172,44.73560455273199
2025-03-01T18:04:16Z,40.022545751254924,-75.31477002854604,12.185072892230705,-4.757114865955643,-10.731933139654236,-1.1264419777048196,1.4557931382576879,6.27840422516926,6.211307301354699,0.0009999999932131566,0.0010000000041595406,0.000999999992436633,0.0009999999886336137,0.0009999999912408718,0.0009999999853137279,0.00003499162769570433,0.00003500057719072762,0.8224173255482847,26.128786068139437,25.99775127874834,0.02422618747054537,0.000458937768568615,0.00044748992487606253,0.010004892396397897,0.00565499999999975,0.005654999999999775,0.005654999999999918,0.0010465499999993797,0.0010465499999993651,0.001046549999999394,-0.40322956114665187,9.634896698369245,1.6428691557506805,-0.0021941909171561682,-0.003511054777416158,-0.0010150215427530973,-22.874813270568847,-33.251813869476315,0.7258125346526504,991.6814770507813,0.003116081550983596,40.36660641015687
2025-03-01T18:04:17Z,40.01946356197618,-75.31480553909381,11.618164791564345,-5.003424170715531,-10.34588254824094,-1.149215064245985,1.4537272631727818,6.282938444626423,6.212557132065726,0.0009999999930943118,0.001000000004255906,0.0009999999923394466,0.0009999999886726228,0.0009999999910231638,0.0009999999852539575,0.00003599029979553417,0.00003600061079214523,0.8490043358363012,28.052284632761815,27.670380464823342,0.025823563030917096,0.00046380747315701324,0.0004565566799908351,0.010015689325479523,0.005655999999999751,0.005655999999999777,0.005655999999999919,0.00104655999999938,0.0010465599999993657,0.0010465599999993948,-0.4112095625605863,9.609851883884085,1.5004164491593415,0.0013111052769589151,0.002166315835579343,-0.0030056727501035045,-23.72643846511841,-33.782813968658445,-1.6207500572502613,991.7556469726562,-0.04423049014536346,41.31398114479702
2025-03-01T18:04:18Z,40.01594440609246,-75.31479143804422,11.150156814274307,-5.254274476442154,-10.346389588899696,-1.1048497800090367,1.4486293105531207,0.0017592099606722192,6.212987279142925,0.0009999999929337852,0.0010000000045657,0.000999999992558078,0.000999999988883778,0.0009999999909216814,0.0009999999850520403,0.00003698889288099896,0.00003700064648038178,0.884463752112449,30.22324298351207,29.290348267001693,0.03059930345097214,0.00046617402518851655,0.0004647655887600192,0.010025503389507164,0.0056569999999997525,0.005656999999999778,0.005656999999999921,0.0010465699999993802,0.0010465699999993657,0.0010465699999993947,-0.611967377938875,9.570848917003191,2.2270768076655383,-0.0005819079904660751,0.0008350980248465118,0.00020670876612062473,-21.026438255310058,-34.3498138999939,-3.7663126489520073,991.77427734375,0.0663855190367773,40.44999165527266
2025-03-01T18:04:19Z,40.012192781302616,-75.31472263297447,10.776613303005371,-4.967450824776527,-9.313975722688316,-1.1004177687767505,1.4438039353573715,0.004839762213936956,6.212651873195762,0.0009999999929873337,0.0010000000044334135,0.000999999992559665,0.0009999999890492686,0.0009999999911873669,0.0009999999848461965,0.00003798745254926652,0.00003800068387492735,0.926116417521609,32.17454855328921,30.75985382656838,0.030929031385286448,0.00046582286584775424,0.0004718942481616143,0.010035470664870906,0.005657999999999751,0.005657999999999776,0.005657999999999919,0.0010465799999993795,0.001046579999999365,0.0010465799999993957,-0.3719659604437706,9.603476272078153,1.483962194676884,0.0006798781747236293,-0.0000633406643776544,-0.00021605695717322876,-20.52450080871582,-36.86118881225586,0.3706875167787075,991.79984375,-0.05474022862615097,42.191652017345056
2025-03-01T18:04:20Z,40.00820477225372,-75.31458877874253,10.489848597093781,-4.384451958962187,-7.87081441039895,-1.1020702623368672,1.4393891496497981,0.009835660494319498,6.211110306611846,0.0009999999930970513,0.0010000000041615034,0.000999999992363055,0.0009999999888176078,0.0009999999912945169,0.0009999999848084753,0.00003898602451408466,0.00003900072286821871,0.9645939613280492,34.05870644377579,32.10484925048708,0.0300902199627197,0.0004633207245245317,0.00047799557648452623,0.010045828308139456,0.00565899999999975,0.005658999999999775,0.0056589999999999184,0.0010465899999993786,0.0010465899999993642,0.0010465899999993968,-0.36072100140136065,9.596531859075563,1.3757503887489335,0.002013599628357454,-0.0013105227320493963,-0.0015395970024785382,-20.946938343048096,-32.44481395721436,3.4335001538693906,991.808388671875,-0.07811440050553421,38.7714478189739
2025-03-01T18:04:21Z,40.00408849780935,-75.31439372048936,10.297162566192275,-3.473440548392714,-6.10121189493921,-1.0550294250968528,1.4307935120849091,0.013542802162062622,6.206669887188312,0.00099999999314994,0.001000000004019627,0.0009999999925909499,0.0009999999889700915,0.0009999999915128294,0.0009999999844705653,0.00003998464383294177,0.00004000076361795154,0.9947938243882082,35.88008157747719,33.36624312662391,0.028214309570438363,0.0004593416934655473,0.000483496168911455,0.010055558163036838,0.005659999999999751,0.0056599999999997755,0.0056599999999999194,0.0010465999999993794,0.001046599999999365,0.0010465999999993976,-0.3005343233435471,9.645919524079211,1.3085016144903132,-0.001523240600606849,-0.0046601815743678035,-0.00008370266439456709,-21.169688301086424,-25.841251068115234,5.2708127045631405,991.8116821289062,-0.04075463614569656,33.81869295292016
2025-03-01T18:04:22Z,39.99993169957957,-75.3141476638403,10.180913259429358,-2.199016348930157,-3.6734680204666486,-1.0467969381598488,1.4231443198861187,0.020961091185319178,6.210443615741725,0.0009999999931185669,0.0010000000038933104,0.0009999999926454302,0.0009999999887538597,0.0009999999916719374,0.0009999999842660646,0.000040983322779728954,0.00004100080670972726,1.0106567365208199,37.48182425439336,34.58912592617806,0.02420646003578252,0.00045664289750635103,0.0004872981526377509,0.01006633192778795,0.005660999999999753,0.005660999999999778,0.005660999999999922,0.0010466099999993797,0.001046609999999366,0.001046609999999398,-0.20945473433237355,9.679682404831999,0.8091299811228695,-0.0005418517090054773,0.003683296297782129,-0.0022115484801978357,-22.204688358306885,-22.745626010894775,3.9393751683831213,991.8119775390625,-0.06422610770110579,32.03009698843118
2025-03-01T18:04:23Z,39.995676159474925,-75.31385924388444,10.103158434086911,-0.6585584096592092,-1.2341961455742179,-1.0633021629798851,1.4154489365504257,0.02551145471090962,6.207307580029692,0.0009999999929609091,0.0010000000038107829,0.0009999999926008382,0.000999999988667736,0.0009999999918158008,0.0009999999843733778,0.00004198204824721704,0.00004200085303846049,1.0100147295860253,39.065454564059095,35.87069482911967,0.02086168775011488,0.00045443465612147603,0.0004916786180720236,0.010075937020976932,0.005661999999999751,0.005661999999999777,0.00566199999999992,0.0010466199999993801,0.0010466199999993667,0.0010466199999993983,-0.1621036511954787,9.652274192180805,0.884697422525948,-0.0005919222302383365,-0.0039091184711408395,-0.00006367472456088265,-23.71818841934204,-21.448875846862794,7.323562804460526,991.8017700195312,-0.08610627352893617,32.806066194775525
2025-03-01T18:04:24Z,39.99102636807154,-75.3135280304533,10.061295560493761,1.4025028341827128,2.0056902933395584,-1.1335997492804173,1.4100778177182027,0.030617525499675235,6.207769666539108,0.0009999999926208866,0.0010000000038569879,0.0009999999928137979,0.000999999988780806,0.000999999991761397,0.0009999999845462235,0.000042980778893650497,0.00004300090376484703,0.992072122990988,40.406658502448956,37.27672893147259,0.0171776402155773,0.00045526693979016373,0.0004955272258484665,0.010085456335948548,0.005662999999999751,0.005662999999999776,0.005662999999999919,0.0010466299999993805,0.001046629999999366,0.0010466299999993987,0.03784348696568811,9.730490103399916,0.1323599792556944,0.0014230968718195757,-0.0007556542279817536,0.00037444551520728086,-24.567000923156737,-11.728125460147858,10.935000438690185,991.7594677734374,-0.0490941807991519,29.336968454023694
2025-03-01T18:04:25Z,39.98614863427333,-75.31320171779767,9.862701171920135,3.752765631227377,5.299310808848942,-1.3547952192700699,1.4140050115317453,0.045410316318268355,6.204133256270594,0.0009999999930493436,0.0010000000035628996,0.0009999999930648102,0.0009999999887797524,0.000999999991955442,0.0009999999848023075,0.00004397943850305079,0.00004400096022494614,0.9579095104795603,41.678869637469525,38.88973025928975,0.01605952147959919,0.0004589674954631489,0.0005003870640215747,0.010097872836267792,0.005663999999999749,0.005663999999999774,0.005663999999999918,0.0010466399999993804,0.0010466399999993661,0.0010466399999993997,0.13172190361711192,9.656153058048206,-0.22078076062377905,0.00961886574759135,-0.003677624159946294,-0.009877901434190548,-33.67612656593323,-25.208813660293817,7.36725044310093,991.7685864257812,-0.12135690444174352,42.70641440433903
2025-03-01T18:04:26Z,39.980739541407196,-75.31290677516436,9.553472255445554,6.195983158259054,7.903906544447646,-1.3626487653276658,1.4245901313769802,0.06293494055585831,6.200538405647786,0.0009999999932456562,0.0010000000037532516,0.0009999999932307217,0.0009999999886239357,0.0009999999917106595,0.000999999984733922,0.00004497793491377663,0.000045001023265937196,0.9181465419816437,43.169036965823715,40.845573972331124,0.017393977343265647,0.00046590996405280474,0.0005058337166837841,0.010110964306939325,0.0056649999999997475,0.0056649999999997735,0.005664999999999916,0.00104664999999938,0.0010466499999993656,0.001046649999999399,-0.011355823299935237,9.825812681601041,0.05666310406107154,0.014769825080803276,-0.003798962545242921,-0.012571381141436626,-9.02606285020709,35.19712655067444,11.07918795544654,991.7753881835938,0.044750528106894435,37.98752530044786
2025-03-01T18:04:27Z,39.97489253439876,-75.31268712793225,9.125435851023243,8.599197032349704,10.092297514954147,-1.5055184082990705,1.4206675924204522,0.06928221678512274,6.204582086013266,0.0009999999931302997,0.0010000000039115413,0.000999999993154931,0.0009999999883716663,0.0009999999917807891,0.0009999999846331655,0.00004597616836594396,0.000046001093040977174,0.8837001476607578,44.69914638024283,43.03286783675842,0.02132851367523188,0.00047574925270535244,0.0005105167748438532,0.010120171645123778,0.005665999999999747,0.005665999999999772,0.005665999999999915,0.001046659999999379,0.0010466599999993645,0.001046659999999398,-0.14305390794769013,9.713301617936514,-0.12327324068179808,-0.0023337211550229406,0.0015961754698506055,-0.0007352916769293772,-19.691063232421875,12.858750505447388,-2.4133125868067147,991.8230639648438,-0.06635139113462887,23.64121642930925
2025-03-01T18:04:28Z,39.96826902199175,-75.31257433113845,8.563186035714276,10.944851292597246,11.480986723797063,-1.6379754523568333,1.416899443108539,0.07241491440899868,6.211506676862508,0.0009999999931008623,0.0010000000039700877,0.000999999993167742,0.000999999988362785,0.0009999999920832462,0.0009999999845235277,0.00004697403716612141,0.00004700116884661806,0.8633323282377505,46.38616553306569,45.39286692805872,0.026591402112279876,0.00048616457944881036,0.0005154197911690245,0.010127878933684097,0.0056669999999997495,0.0056669999999997755,0.005666999999999918,0.0010466699999993785,0.001046669999999364,0.0010466699999993985,-0.22945572632142094,9.687028898391565,0.07910071806423885,-0.004837933464057698,0.003331131626150982,0.002600096476142169,-23.752688426971435,11.798812923431397,2.1828750839829443,991.868203125,-0.09158678757702517,26.61135917502262
2025-03-01T18:04:29Z,39.96052347159083,-75.3126150275939,7.928412338778759,13.407674772009251,12.137153324191786,-1.7652524197437487,1.4260722811298374,0.07917717188097996,6.218231455402038,0.0009999999929162335,0.0010000000041983455,0.0009999999932248395,0.0009999999883402427,0.0009999999922195386,0.000999999984422591,0.0000479714557924991,0.000048001248892480034,0.8635194134256339,48.208522281116245,47.748135561859826,0.03356870259038104,0.0004946628370761221,0.0005213160823019847,0.01013626211367852,0.0056679999999997505,0.0056679999999997765,0.00566799999999992,0.0010466799999993789,0.0010466799999993641,0.0010466799999993975,-0.16415062269654632,9.688855019247535,-0.013681959931270452,0.00519009653649171,0.0029197157099848103,-0.0013359756452331912,-24.725251178741456,11.388375434875488,2.8815001249313354,991.9045483398437,-0.09148592172136556,27.37395488971126
2025-03-01T18:04:30Z,39.9515840014568,-75.31285724041801,7.333706638764049,15.766783660558712,11.36769071073043,-1.7343401608035864,1.428632435721662,0.08232731859769032,6.223862110314588,0.0009999999926786887,0.0010000000045921127,0.0009999999932819097,0.000999999988388427,0.000999999992129084,0.000999999984505562,0.0000489683908881755,0.000049001330391825674,0.8865383961183457,50.31900769497017,49.93367818167778,0.038205564837429415,0.0004982024620343259,0.000528517064163078,0.010142901742960486,0.0056689999999997515,0.0056689999999997775,0.0056689999999999215,0.0010466899999993782,0.0010466899999993637,0.0010466899999993973,-0.21348265147121673,9.744089260732903,0.4418317093979022,-0.004593921292710204,0.0006289726797258778,0.0015045456210084158,-24.972376136779786,11.40787540435791,3.29043762922287,991.9381103515625,-0.025226002810476815,27.65110062046905
2025-03-01T18:04:31Z,39.94106215796982,-75.31336118824477,6.926827344430548,17.96063527532465,9.2801736014922,-1.7397857876232934,1.4347561023622848,0.08417312927837961,6.228112697941075,0.0009999999928249693,0.001000000004627941,0.0009999999934664754,0.0009999999882674864,0.0009999999921459792,0.000999999984333772,0.00004996489586578114,0.00005000141037082895,0.9278818757228243,52.63545911022732,51.69656240673189,0.04118979057002157,0.0004953658930008995,0.0005370968388081216,0.01014887118865627,0.005669999999999754,0.00566999999999978,0.005669999999999923,0.0010466999999993792,0.0010466999999993645,0.0010466999999993972,-0.26664253841512253,9.635642112101982,0.6072084420982935,-0.004607607168055202,-0.0016258860552510756,0.0018991043034606522,-24.75018865585327,11.113687891960144,3.398437634445727,991.9210913085938,-0.12299806579876213,27.342869299993684
2025-03-01T18:04:32Z,39.92950275029513,-75.31412863763457,6.720986240434621,20.005169786639286,6.223590861075621,-1.6376535561625483,1.4450614676860911,0.09018156027355234,6.230538764147929,0.000999999992518961,0.0010000000044936834,0.0009999999934779237,0.000999999988090999,0.0009999999919111705,0.0009999999842194589,0.000050961093454372545,0.00005100148637965836,0.9806572063092162,55.17954247016805,52.937806116022756,0.04425469201793237,0.0004862501188860973,0.000546914335762621,0.010156341273426068,0.005670999999999758,0.005670999999999779,0.005670999999999922,0.0010467099999993796,0.0010467099999993648,0.0010467099999993976,-0.1375105292998526,9.73176619910731,0.48314778152823634,-0.003453639812210858,-0.0030871210900602366,-0.00362671881146901,-24.61275108337402,11.335125455856323,4.491375167369842,991.9109423828126,-0.03637544511171191,27.46711214799544
2025-03-01T18:04:33Z,39.91751739880114,-75.31513082606449,6.73033447826109,21.594990194747314,2.534102664391666,-1.5558557280713312,1.4651232832777008,0.09316349269618213,6.235412610346125,0.0009999999925425615,0.001000000004573453,0.0009999999937567138,0.0009999999881685458,0.000999999991886689,0.0009999999839921787,0.00005195714828577397,0.000052001556757237934,1.0402224636418365,57.897331103966884,53.572686686427396,0.04809816827682109,0.00047151850755229005,0.0005569128512848279,0.01016363804275902,0.005671999999999756,0.005671999999999775,0.005671999999999919,0.001046719999999379,0.0010467199999993643,0.001046719999999397,-0.1420196301963975,9.70942734677225,0.151356117237469,0.003714173359727991,-0.0008147378663455442,-0.0018261696030561743,-23.32950075149536,10.38993787765503,4.09181268453598,991.9016064453125,-0.06904508778168168,25.864197691724506
2025-03-01T18:04:34Z,39.90625527972595,-75.3162559435599,6.849483983747078,22.45844145504744,-1.9215384876336508,-1.4352020555602005,1.4795581988945057,0.0925720521708418,6.2388827131162365,0.000999999992718738,0.00100000000430045,0.000999999993931943,0.0009999999883518022,0.000999999991969556,0.0009999999842360832,0.00005295325116349471,0.000053001621542089155,1.0980664605709254,60.837364018701045,53.685254806974555,0.04732201673657238,0.000452279817529866,0.0005671301045632564,0.010170846755535957,0.0056729999999997555,0.005672999999999778,0.005672999999999922,0.0010467299999993782,0.0010467299999993638,0.0010467299999993964,-0.2581486717946759,9.681836039856469,0.5015326327017543,-0.0022522724105939968,-0.0016515890555231913,-0.00002261623016409529,-23.524688262939453,10.432500400543212,4.108687651157379,991.9350805664062,-0.08194395797984028,26.0600593610604
2025-03-01T18:04:35Z,39.89552840927758,-75.31748895387602,7.167103173048355,22.734414983673794,-6.74640171320949,-1.2461668151693797,1.4945830884788323,0.09176669423975188,6.246306101055208,0.00099999999289017,0.001000000004371009,0.0009999999940647419,0.0009999999885177656,0.0009999999923600387,0.0009999999840388401,0.00005394956483981242,0.00005400168305919082,1.1430988511423266,63.91352035617752,53.475727175082675,0.04474736333953882,0.00043245646200865405,0.000576146087066501,0.010179343868538622,0.005673999999999755,0.005673999999999781,0.005673999999999923,0.0010467399999993774,0.001046739999999363,0.0010467399999993954,-0.25985633996829954,9.73512069301488,0.5874774618377122,-0.0021641478412584405,0.003180918955239993,-0.0010350497487251616,-22.734563274383547,10.507875385284423,4.123875162601471,991.916943359375,-0.023374451412517913,25.38266307796562
2025-03-01T18:04:36Z,39.88673273560606,-75.3186240845095,7.457559786440015,22.50701647565656,-11.188225089908883,-1.097480612004431,1.5070216984117488,0.0941779064991332,6.248583958206036,0.0009999999926346235,0.001000000004200081,0.0009999999941284446,0.0009999999885922908,0.0009999999922391401,0.0009999999838050425,0.00005494617530719939,0.00005500174497593342,1.1694931817450305,67.0457787244635,53.174516931563815,0.04030364786432721,0.0004136978743940201,0.0005847968803044239,0.010189402371722592,0.005674999999999756,0.0056749999999997835,0.0056749999999999206,0.001046749999999378,0.0010467499999993633,0.0010467499999993958,-0.3220370376479805,9.713341513311466,0.7999973802973575,-0.00162104581657739,-0.00032804881645985486,-0.005632391073922782,-24.20100082397461,9.4777503490448,5.322375242710113,991.987724609375,-0.027631019626512557,26.530005293368397
2025-03-01T18:04:37Z,39.879238299607046,-75.31967454151808,7.710247370004388,21.7677434761555,-15.391136943391286,-1.0331891344869146,1.5172546888856668,0.08912489625677698,6.250115895781613,0.000999999992664397,0.0010000000038619433,0.0009999999940108772,0.0009999999886270677,0.0009999999920567977,0.0009999999839066485,0.00005594308410240068,0.00005600181143291171,1.1741160670422472,70.16186800196309,53.00913143938129,0.034553941392420316,0.00039814306867544033,0.0005920151138566189,0.010198399375870805,0.005675999999999753,0.005675999999999785,0.00567599999999992,0.001046759999999379,0.0010467599999993637,0.0010467599999993962,-0.4727051046399941,9.634178883866243,1.0930383868971572,-0.0014988728483935356,-0.00048076481038409875,0.0010667593622479623,-24.639751052856447,10.508812923431396,4.545000171661377,992.0237109375,-0.07122031063994959,27.169960488847646
2025-03-01T18:04:38Z,39.873312368050044,-75.32055825433912,7.752583822481169,20.68551374913771,-19.50714410837127,-1.0184823794314226,1.5239976578956331,0.09064393578652202,6.249603253636296,0.0009999999927062535,0.001000000003723058,0.0009999999939963172,0.0009999999887331354,0.0009999999918129012,0.000999999983651509,0.000056940210466879785,0.00005700188673196559,1.1540269951288904,73.30317367388832,53.20872474731493,0.027736558828023086,0.0003882707577705459,0.0005978513052806659,0.01020937873072235,0.0056769999999997526,0.005676999999999784,0.005676999999999919,0.0010467699999993792,0.001046769999999363,0.0010467699999993957,-0.6578102011475335,9.583392258374465,1.8788956118706106,-0.001663439134503677,-0.0011852623141925648,-0.005651585094411843,-24.10893846511841,10.413750381469727,3.3588751435279844,992.1152880859376,0.009694385746691684,26.475771359684888
2025-03-01T18:04:39Z,39.86838097498712,-75.32130912372476,7.614693127253665,19.5640999564366,-22.589386368102684,-1.0027948204225403,1.5329182767548113,0.0824257638139513,6.249611881998664,0.000999999992945511,0.0010000000039933877,0.0009999999939397871,0.000999999988572539,0.0009999999919508857,0.0009999999835871467,0.0000579374231429235,0.000058001973950466794,1.1164824991429858,76.3124045515413,53.9210440754464,0.024650980950009897,0.00038396062226117177,0.0006016422881703661,0.010218314096530552,0.005677999999999752,0.005677999999999785,0.00567799999999992,0.0010467799999993783,0.0010467799999993627,0.0010467799999993954,-0.6184280026233772,9.649971555706117,1.5255012105366028,0.0029298965921759315,-0.0004094976510782742,0.004141445127909426,-24.417188549041747,10.482562885284423,3.666000144481659,992.199208984375,0.01141504275457906,26.823871068958105
2025-03-01T18:04:40Z,39.86387455600403,-75.3219709734271,7.3408124836869515,18.43997318878067,-24.801994394084208,-1.0668349085929067,1.535287509953644,0.06711220450673924,6.248167986883303,0.000999999993155262,0.0010000000040064365,0.0009999999936426188,0.0009999999887830807,0.0009999999917607177,0.000999999983403995,0.0000589345986282978,0.00005900207405904108,1.0765336432281245,79.06165383577728,55.13059309583614,0.02398965024839066,0.00038427868797167875,0.0006036475631854309,0.010225601448735177,0.005678999999999749,0.005678999999999782,0.005678999999999918,0.0010467899999993793,0.0010467899999993622,0.0010467899999993947,-0.40942736510953737,9.623011196069946,1.1160951284406635,-0.0018436944097375324,-0.0015257442669576204,0.011032033370514059,-25.572751178741456,11.67450041770935,3.893250151872635,992.2650146484375,-0.08153984229233878,28.37981823016047
2025-03-01T18:04:41Z,40.067680466843655,-75.30367037031543,4.832570616053431,10.027924821999196,-8.137825453876918,-1.211839375596276,1.491094806748124,0.04129836680465793,6.254950726096015,0.0009999999927575965,0.0010000000037029637,0.000999999993666471,0.0009999999885666844,0.000999999991865303,0.0009999999839040475,3.086399841858975e-10,3.0864017868140887e-10,0.5862772215554537,0.0208656305930196,0.02086287611270418,0.013439161861578668,0.00016492185500293467,0.00016784699312039352,0.01001922250762466,0.005679999999999752,0.005679999999999785,0.005679999999999916,0.0010467999999993786,0.0010467999999993621,0.0010467999999993947,-0.4603023056678013,9.596731240586406,1.4807953080002463,-0.008157299141242094,0.004823577408827246,0.004752310114725478,-24.911626110076906,10.127625389099121,3.455437651872635,992.3294091796874,-0.05824298631864257,27.11263924459631
2025-03-01T18:04:42Z,40.06768596068593,-75.3037698479913,4.305682724946385,10.062781715253918,-8.80872584077278,-1.2444509690063255,1.485102982033492,0.03779302206869267,6.257546307972743,0.0009999999931779228,0.0010000000038294246,0.0009999999934550098,0.0009999999885179562,0.000999999991749184,0.0009999999841330534,1.0003086403395026e-6,1.0003086412341145e-6,0.6180347549598553,0.043258486749621655,0.03812584356189497,0.014292961135721618,0.00017487799993847185,0.00017738951000132385,0.010027284065398781,0.005680999999999754,0.005680999999999788,0.005680999999999914,0.0010468099999993796,0.0010468099999993616,0.0010468099999993942,-0.3256262808723594,9.607658520376953,1.471104373083885,-0.006202531952541536,-0.0004604020608577555,0.0017692537178436599,-25.69031364440918,11.553000392913818,2.976937611103058,992.35224609375,-0.05429268769400399,28.325312241093002
2025-03-01T18:04:43Z,40.067688736504564,-75.30387481910412,3.8101484826887164,10.097364858715336,-9.080489251061405,-1.269669699953789,1.486359323394181,0.03532218614825719,6.264294945017342,0.0009999999929216582,0.001000000003877253,0.0009999999932995723,0.0009999999888591453,0.00099999999188438,0.0009999999842958333,2.0003086420140175e-6,2.000308646591511e-6,0.6512305742064997,0.09801195544711026,0.08703666360160163,0.014726779616162039,0.00018494295532719835,0.000186703530888885,0.01003629553038256,0.005681999999999754,0.005681999999999789,0.005681999999999915,0.0010468199999993794,0.0010468199999993611,0.0010468199999993937,-0.28911938131736753,9.638113332400636,1.1004437289577023,0.0014409555519297914,0.004312520696837506,0.0008476155276686218,-24.972938575744628,10.581937866210938,3.6868126344680787,992.3956811523437,-0.0743087894197077,27.371789805510012
2025-03-01T18:04:44Z,40.06768480853636,-75.30398193314997,3.360773569778212,10.230379635726594,-9.201641034266675,-1.2780372391384842,1.4882687412655902,0.039955085474665225,6.265169936069732,0.0009999999932053323,0.0010000000037825654,0.0009999999929186367,0.0009999999889857144,0.0009999999923306164,0.0009999999840812196,3.000308644536926e-6,3.000308662532937e-6,0.6844094100794124,0.18504443709499208,0.1689138126480929,0.0149992547912665,0.00019491838635735941,0.00019599524181680624,0.010048172551027931,0.005682999999999756,0.00568299999999979,0.005682999999999916,0.0010468299999993802,0.001046829999999361,0.0010468299999993947,-0.17926528832539887,9.66420886420816,0.9506255642043997,0.0028484481876210614,-0.0003484110024626517,-0.0069355692397727944,-25.451438598632812,11.748187913894654,3.0333751118183137,992.4340307617188,-0.06683047330366568,28.19564055890254
2025-03-01T18:04:45Z,40.06767108640032,-75.30408688156695,2.9078757413954426,10.52306851424022,-8.779016992928454,-1.2832760417998907,1.4878200704347728,0.03358190447484577,6.263620451070235,0.0009999999930913092,0.0010000000038556695,0.0009999999928672074,0.0009999999890543958,0.0009999999924072754,0.0009999999843409,4.000308636799865e-6,4.000308699701858e-6,0.7158208940847802,0.2964623496069525,0.28568103174299514,0.014783840993046273,0.00020457050722056029,0.00020519106555685657,0.010056587359919603,0.005683999999999758,0.0056839999999997925,0.005683999999999914,0.0010468399999993812,0.0010468399999993602,0.0010468399999993955,0.004491723771299234,9.717508001229927,0.4181754558461645,0.0009302325553599117,-0.0030478991008786455,0.003801797627771433,-25.917001190185548,10.518187947273255,2.6940001142024994,992.5177587890626,-0.052880050005515905,28.099430790159374
2025-03-01T18:04:46Z,40.06763609286269,-75.30418617055898,2.5493999854194787,10.61850798706865,-8.346854585624365,-1.3044120417661715,1.4838217258594415,0.036512753240006,6.269620017540183,0.0009999999929347883,0.0010000000040585736,0.000999999992969404,0.0009999999892226267,0.0009999999922552065,0.0009999999845698674,5.000308577915717e-6,5.000308772600794e-6,0.7433659405975539,0.44627389207137025,0.43879603695768166,0.0144461766456589,0.00021439589841977825,0.0002141219123393539,0.010068427441292237,0.0056849999999997545,0.005684999999999795,0.005684999999999913,0.00104684999999938,0.0010468499999993592,0.0010468499999993946,-0.13587543279855993,9.682793067928273,0.4607350124592509,-0.002516980992860401,0.005658426078818847,-0.005174242510012814,-23.689688301086427,10.347000408172608,4.1034376692771914,992.5104663085938,-0.08472939078978856,26.17436324397264
2025-03-01T18:04:47Z,40.06756713912011,-75.30427920382601,2.257073203389582,10.638115022385161,-7.8459938810312595,-1.2945613284789104,1.481914588154586,0.03276480302027489,6.276059522900167,0.0009999999932753132,0.001000000003876105,0.0009999999927175378,0.0009999999889223025,0.0009999999918504274,0.0009999999847129508,6.000308367967615e-6,6.000308901044326e-6,0.7657263644167859,0.6357991013769486,0.6302542777687541,0.01408086063464483,0.0002240693834478901,0.00022294964908385498,0.010078137296791195,0.0056859999999997555,0.005685999999999798,0.005685999999999916,0.0010468599999993802,0.0010468599999993585,0.0010468599999993947,-0.16763460005284272,9.709113478484552,0.4516357472807122,-0.00024142585994379995,0.005884746562770003,0.0013182820278456002,-23.29781328201294,11.549250440597534,4.271812674999237,992.5191455078125,-0.058427130183847514,26.3518309845995
2025-03-01T18:04:48Z,40.06744931579756,-75.30436636342871,2.006435751124492,10.592287596701304,-7.475785619276939,-1.3333438175739114,1.476982751289718,0.031600741319461424,6.280056935527213,0.0009999999933727197,0.0010000000040480497,0.0009999999928495783,0.0009999999887517243,0.000999999991880808,0.0009999999847088911,7.000307811491637e-6,7.000309108849016e-6,0.7828298448756554,0.8645322828131818,0.8600290155290755,0.013818776911884668,0.00023373975703589248,0.00023174494639836303,0.010088809169128106,0.005686999999999752,0.005686999999999795,0.005686999999999913,0.0010468699999993812,0.0010468699999993591,0.0010468699999993955,-0.16466906762226743,9.641078224814036,0.6341348888201821,-0.0031176645324460794,0.003958185749905061,-0.0016210456488209874,-23.747625827789307,11.733938026428223,3.7449376511573793,992.529619140625,-0.11621126739736516,26.751763954936628
2025-03-01T18:04:49Z,40.06728617919214,-75.30445032839235,1.6889668404164566,10.509142210250399,-7.354956220963448,-1.2925682499346052,1.4735851772423854,0.028651819710714854,6.279843831982896,0.0009999999935982862,0.0010000000038745934,0.000999999992909891,0.0009999999885538322,0.000999999991657663,0.0009999999845652177,8.000306577962242e-6,8.000309425746594e-6,0.7954867640287399,1.1349830274755972,1.1335035821314952,0.01364560343586959,0.00024334618780716148,0.0002405459551737128,0.01009880476149528,0.005687999999999755,0.0056879999999997965,0.0056879999999999145,0.0010468799999993816,0.0010468799999993597,0.0010468799999993961,-0.16746069511108475,9.701417246496604,0.9361888720812378,-0.0016617703161273794,-0.00020587585427060467,-0.00002261646759196931,-23.783250846862792,11.096437854766846,3.9082501554489135,992.6254565429688,-0.03161562212026189,26.533859085145455
2025-03-01T18:04:50Z,40.0670368457042,-75.30453003240825,1.500373233918334,10.427808767205041,-6.836903895222665,-1.2608157554068384,1.476868331333667,0.03054871298918204,6.27699603086891,0.0009999999933536933,0.0010000000037502087,0.0009999999931667445,0.000999999988853168,0.0009999999918018448,0.0009999999848794685,9.000304158767403e-6,9.00030988602874e-6,0.8042245012497978,1.4475452279571213,1.4504143686221274,0.01343610244045275,0.0002530567929820411,0.00024933468014222627,0.01011056139030083,0.005688999999999752,0.005688999999999794,0.005688999999999912,0.0010468899999993811,0.0010468899999993594,0.0010468899999993956,-0.1110306223678036,9.72307819403589,0.5557431407975184,0.0050861160650376635,-0.0021866800479955944,-0.005371188117546909,-24.46837594985962,9.863437929153442,2.5035000935941936,992.5969165039063,-0.0400138520442825,26.500068873966704
2025-03-01T18:04:51Z,40.066681080988616,-75.30460520888212,1.4216657164306123,10.061104637154495,-6.577738496146963,-1.211004478976342,1.4667584158476432,0.02079306276421726,0.0028206368557509515,0.0009999999933521472,0.0010000000037956632,0.000999999993223366,0.0009999999890081975,0.0009999999918811927,0.0009999999849566203,0.000010000299822371975,0.000010000310530320486,0.8093185747099065,1.8018851218419125,1.8133733917927126,0.013120084297698408,0.0002628080983831633,0.0002579836755618161,0.01011838087110237,0.005689999999999755,0.005689999999999796,0.005689999999999915,0.001046899999999382,0.0010468999999993585,0.0010468999999993945,-0.3108306500596897,9.702174948688572,0.8572257217175053,-0.008737621164909727,0.00858039584458126,0.0072161313772532544,-23.1615008354187,10.609687943458557,3.688687634468079,992.5678393554688,-0.03469205507372535,25.741491816410974
2025-03-01T18:04:52Z,40.066184042199346,-75.30467580652522,1.4810205416496687,9.790488879350525,-5.914666102815401,-1.164582461556505,1.4633220408108336,0.015608692065171566,0.012023580330064119,0.0009999999936473544,0.0010000000039966758,0.0009999999931944346,0.0009999999887233611,0.000999999991669789,0.0009999999849984369,0.000011000292570737797,0.000011000311404873365,0.8113621256180024,2.2060059928480498,2.2244768335202307,0.013017478786993197,0.0002727037553241129,0.00026667518554108956,0.010127843354649287,0.005690999999999753,0.005690999999999796,0.005690999999999914,0.0010469099999993823,0.0010469099999993578,0.001046909999999394,-0.08392503061909805,9.734336256805127,0.5179679290739585,-0.00217416222259243,0.00923949598407659,0.00255002556124527,-24.794251098632813,9.89850037574768,3.2602501201629637,992.5062231445313,-0.031224965050549603,26.895384290720145
2025-03-01T18:04:53Z,40.06555537909786,-75.30474220051649,1.5605645635492202,9.465172285780532,-5.4539440252772655,-1.1782091085826347,1.4597033579623406,0.013648637916201998,0.009762356781511754,0.0009999999933896495,0.0010000000039100253,0.0009999999934770056,0.0009999999884273201,0.0009999999918284717,0.0009999999851510951,0.000012000281089404935,0.000012000312561364213,0.8114077788211904,2.652537767502724,2.683298999842747,0.012984179319363427,0.00028260815231417495,0.0002755176804622297,0.010138388105821865,0.005691999999999753,0.005691999999999795,0.005691999999999913,0.0010469199999993825,0.001046919999999357,0.0010469199999993935,-0.07517750643163817,9.654717325206574,0.7191997389464088,-0.002578067198838232,-0.0019162970909900041,-0.0018348486682482636,-25.503938655853272,9.864187841415406,2.8981876027584077,992.4948461914063,-0.09798352298946876,27.49817788453943
2025-03-01T18:04:54Z,40.064736694274465,-75.30480851327697,1.7244236234563235,8.86733172936397,-5.259699689994538,-1.1266876539269883,1.4572502444289601,0.012545953496297094,0.0181180000641226,0.000999999993303498,0.001000000003755808,0.0009999999931063989,0.000999999988445367,0.0009999999914268001,0.0009999999854948109,0.000013000263718532383,0.00001300031405788281,0.8100423781510382,3.1442397409851535,3.1994097269796433,0.012757888847152224,0.0002926706899764901,0.0002843400604698518,0.010149265553111103,0.005692999999999755,0.005692999999999796,0.005692999999999914,0.0010469299999993826,0.001046929999999357,0.0010469299999993932,-0.2950380224348687,9.684029443101153,0.9828489065632883,-0.001977383631175774,0.008610939150465754,-0.0015905021590237552,-25.694813652038576,10.18218789100647,1.7958750802278518,992.4326684570312,-0.04151506100931136,27.6969809338549
2025-03-01T18:04:55Z,40.06385724046383,-75.30487674823206,1.7690751020919526,8.303536012888134,-5.1462629342433885,-1.1164039205770524,1.4576322556529213,0.008202719309496342,0.02289382420007918,0.0009999999933631904,0.0010000000036104214,0.0009999999929669959,0.0009999999881784645,0.0009999999918558228,0.000999999985448806,0.000014000238421800547,0.000014000315958432086,0.8074789926722166,3.6836612190279245,3.7703888680899653,0.012577582033330571,0.00030269096766228644,0.0002933190891858542,0.010158825185016039,0.005693999999999757,0.005693999999999793,0.005693999999999912,0.0010469399999993821,0.0010469399999993565,0.001046939999999393,-0.2748016748459092,9.654431653628736,1.0181463211192754,0.000479594694023894,0.004482761685046072,0.0018089767421193446,-24.610876083374023,9.99656283378601,2.866500116586685,992.5208154296874,-0.06791544225411002,26.717795552243658
2025-03-01T18:04:56Z,40.062909890355655,-75.30494581531703,1.7146770785099659,7.913251161955299,-4.655328418460403,-1.099945206004117,1.462622403472877,0.004791601943292104,0.026185322093330358,0.000999999993506433,0.0010000000033539877,0.0009999999929410992,0.0009999999884927392,0.0009999999920958676,0.0009999999853499571,0.000015000202739606802,0.000015000318332724628,0.8044864269405393,4.291078596559487,4.3971412647655335,0.012800339622717791,0.000312690004286713,0.00030245244497598817,0.010168531961717757,0.005694999999999755,0.005694999999999797,0.005694999999999909,0.0010469499999993827,0.0010469499999993556,0.0010469499999993918,-0.09009276375504252,9.723271726604665,0.5680929879039076,0.004711585841282843,0.0029095345461536953,0.0011787509719911626,-24.593251037597657,9.288750386238098,2.5518751165270803,992.5963623046875,-0.039556633161055337,26.412464181851096
2025-03-01T18:04:57Z,40.061788112448745,-75.30501586911194,1.6504100052595352,7.639067969253573,-3.985300614868507,-1.1515069057894418,1.459831817785022,6.281633828823773,0.0286529910705484,0.0009999999937169485,0.0010000000030045992,0.0009999999928865986,0.0009999999883662967,0.0009999999919733547,0.00099999998573066,0.00001600015375363823,0.000016000321251876107,0.8023634853127006,4.965964619262332,5.073178486883023,0.013513848740291936,0.0003225932629860922,0.00031171590839292415,0.010177152881643822,0.005695999999999756,0.005695999999999798,0.005695999999999909,0.0010469599999993833,0.0010469599999993553,0.0010469599999993907,0.08133663532005529,9.683027843784668,0.30033874274228967,-0.0036162036915400493,0.0014985372793861788,0.004142279831288783,-25.720876197814942,9.980437850952148,2.5275000995397567,992.5965673828125,-0.09187385169250545,27.704838111881827
2025-03-01T18:04:58Z,40.06046516830656,-75.30509136029468,1.6133867234682377,7.233452528686553,-3.695053220070048,-1.0814989058888878,1.4611583301452495,6.2818211983356225,0.03238229559282942,0.0009999999932610527,0.001000000002771431,0.0009999999929735713,0.0009999999885660885,0.000999999991760539,0.0009999999859419538,0.000017000088139016647,0.00001700032478880247,0.8019538477972703,5.699177113427986,5.816786807831161,0.01403832058047306,0.00033230326908909713,0.00032107643906201076,0.01018790572749283,0.005696999999999759,0.0056969999999998,0.005696999999999906,0.001046969999999384,0.001046969999999355,0.001046969999999391,-0.02915554094803858,9.77033056322433,0.5942545101204619,-0.0002058759943350002,0.0031131566902174437,-0.002099556874436553,-25.283438682556152,10.7062504196167,2.3338126032426953,992.5884716796875,0.008498363460706447,27.555760778477072
2025-03-01T18:04:59Z,40.05898770501342,-75.30517796344992,1.619078987974335,6.6854076179358914,-3.9453415011468707,-1.0120675007976554,1.462380135361614,6.281731128584275,0.03856816665762759,0.0009999999930091555,0.0010000000030317593,0.0009999999930449864,0.0009999999883671276,0.0009999999916489814,0.000999999986043591,0.00001800000225931282,0.000018000329020436097,0.8026255910626732,6.467771479998956,6.621327727170008,0.013908257173274194,0.0003417305723395561,0.0003305323125482597,0.010198391452778212,0.0056979999999997605,0.005697999999999803,0.0056979999999999045,0.0010469799999993847,0.0010469799999993556,0.0010469799999993919,-0.2138415721711679,9.725066335039546,1.0151121359630904,-0.0009123759888524574,0.0051937682413003,-0.0013054321977023233,-25.32806360244751,9.457125339508057,1.359562550187111,992.6058422851562,0.00033801029911103577,27.070162289525577
2025-03-01T18:05:00Z,40.05755037706674,-75.30527337480788,1.513333800961704,6.09324052354448,-4.396470056127629,-1.006871681801005,1.4656518921612731,6.280615454638359,0.049424603891004226,0.0009999999929163018,0.0010000000032670026,0.0009999999928888155,0.0009999999881964896,0.0009999999917004235,0.000999999985796216,0.000018999892197691746,0.00001900033402815148,0.8030837015765805,7.28605631893769,7.482791959367574,0.013612151647450643,0.00035090642164033924,0.0003400744361291298,0.010208260397088675,0.005698999999999758,0.005698999999999801,0.005698999999999902,0.001046989999999385,0.0010469899999993558,0.0010469899999993922,-0.3365835691543588,9.661492392490045,1.1398272316924485,0.0010362159353594286,0.009608684964835173,0.0007409646872801193,-25.09818862915039,9.449062852859496,2.4705000948905944,992.7149462890625,-0.04553398457764344,26.93147780240726
2025-03-01T18:05:01Z,40.05599112959098,-75.30538189017956,1.3667838898413642,5.679744995846262,-4.701621428663129,-1.03114808745417,1.47043524599891,6.279716938362603,0.05930131158242285,0.0009999999924679046,0.0010000000034492082,0.0009999999927201944,0.000999999988155891,0.000999999991503547,0.0009999999856383998,0.000019999753758129364,0.000020000339896323504,0.8033198411646246,8.180837027538173,8.391886532774798,0.013655839085663365,0.000359798046005136,0.00034976192116294044,0.010218003147445288,0.005699999999999758,0.0056999999999998,0.005699999999999902,0.001046999999999384,0.001046999999999355,0.0010469999999993913,-0.19079071409043602,9.66069939040811,0.8950721931180938,0.0023190319427783507,0.008498947215669257,0.0007409648092785177,-25.09575101852417,9.912562894821168,2.3707501044869423,992.7525439453125,-0.07586554847029774,27.086404843288157
2025-03-01T18:05:02Z,40.05444824146242,-75.30549814561793,1.1313267779850942,5.28586701112656,-5.2148173188498985,-0.989994135100117,1.4677791335661285,6.278139259109943,0.06620396838582447,0.0009999999923191605,0.0010000000032442805,0.0009999999926085725,0.000999999987915539,0.0009999999913993972,0.0009999999858386324,0.00002099958252162731,0.000021000346718434727,0.8034780257041254,9.139603683791211,9.366855356496421,0.01351433778054766,0.00036842668750330254,0.0003595948955914938,0.01022729688398619,0.005700999999999756,0.005700999999999798,0.0057009999999999,0.0010470099999993839,0.001047009999999356,0.001047009999999392,-0.24267508434239624,9.716919615445049,1.082517165281685,-0.0050482310882030085,0.005464151070995271,0.001548608125510511,-24.855938663482664,9.038437829017639,0.6309375211596489,992.843447265625,0.00028451649835637023,26.455744941903472
2025-03-01T18:05:03Z,40.05285325903542,-75.30562308007349,0.8625823050402471,5.128141445423085,-5.309028297600193,-0.9990254597117378,1.4805582399388244,6.277535838715188,0.06852401783459505,0.00099999999243825,0.0010000000033691123,0.0009999999923841433,0.0009999999877195855,0.0009999999912743062,0.0009999999859726617,0.000021999373964576615,0.00002200035458821912,0.8042210612262549,10.19091707033541,10.38080689437021,0.013860926390231756,0.0003767695282819658,0.00036955370365035706,0.0102367522622791,0.005701999999999753,0.005701999999999797,0.005701999999999897,0.0010470199999993834,0.0010470199999993552,0.0010470199999993916,-0.028238300613518272,9.717568849560354,0.5965276961220458,0.010351904075570025,0.0009649478983923981,0.0004660755813601259,-24.79312604904175,8.961000380516053,3.1241251263022423,992.9072412109375,-0.04384692649193191,26.547242581907838
2025-03-01T18:05:04Z,40.05092946051835,-75.30576808491917,0.6680684189449733,4.975479409748814,-5.802001240042768,-0.9896864223458088,1.4839668051145931,6.280076131147598,0.07238984197175061,0.0009999999922597042,0.0010000000033859179,0.0009999999925448305,0.0009999999877829389,0.0009999999912291783,0.0009999999860094795,0.000022999123614052196,0.00002300036359819806,0.8058583461412319,11.295356060029329,11.452360100523512,0.01385299509770109,0.00038488461335857476,0.0003795065689837637,0.010247099538960492,0.005702999999999754,0.005702999999999796,0.005702999999999897,0.0010470299999993829,0.0010470299999993558,0.001047029999999392,-0.11138365483016384,9.70726985405757,0.8144425742028133,0.0005496936306776557,0.002540011526597169,-0.002236750890565485,-24.294376068115234,10.263750438690186,2.109750084131956,992.8836083984374,-0.03768177533442442,26.457695288226688
2025-03-01T18:05:05Z,40.04865281258827,-75.3059368467359,0.5221682864021343,4.911714557302732,-6.195610306269064,-1.0451187279767604,1.488894112276768,6.276524631261923,0.07706403551588095,0.0009999999923373604,0.0010000000032324929,0.00099999999264719,0.0009999999876898846,0.0009999999908451686,0.0009999999861699913,0.00002399882710663761,0.000024000373845556184,0.808042203200312,12.47503260365462,12.566578363181065,0.014110446841191799,0.0003928074320400817,0.0003894140971676722,0.010255222789769437,0.005703999999999756,0.005703999999999798,0.005703999999999899,0.0010470399999993833,0.001047039999999355,0.0010470399999993913,-0.0774506851245546,9.65603342755297,0.5651019610626048,0.0016368996005653256,0.002583740182066586,0.0042432563761455955,-23.815875854492187,10.301437854766846,2.0441250789165495,992.8562524414062,-0.10678597120793526,26.02866436265814
2025-03-01T18:05:06Z,40.04598804473126,-75.3061328165746,0.43837379763635453,5.183907983943156,-6.782840082667786,-1.0148712686582957,1.4911668200724646,0.006411432645827611,0.07322576738160153,0.0009999999922868132,0.0010000000033632678,0.00099999999272002,0.0009999999879509226,0.0009999999909882681,0.0009999999858412943,0.000024998480367621332,0.000025000385424629157,0.8107905468427521,13.729236441179104,13.720913236712622,0.014019585928746593,0.0004003713957776089,0.00039935830657665105,0.010268750577855573,0.005704999999999754,0.005704999999999795,0.005704999999999897,0.0010470499999993828,0.0010470499999993554,0.0010470499999993914,0.12438390601199216,9.727459167477237,0.6339753692198808,-0.0014988729578431564,-0.004807723534859325,-0.012667517318219697,-22.640438385009766,6.5161877587065105,0.467812514193356,992.82060546875,-0.03069707653682888,23.564095752983633
2025-03-01T18:05:07Z,40.043140586102574,-75.30634874890309,0.38891473959493683,5.41586144693807,-7.318594598295109,-0.9718636937436782,1.4995409360861307,0.010795511019934893,0.07377019014208867,0.000999999992050616,0.001000000003276565,0.0009999999928185135,0.0009999999882052012,0.0009999999912467482,0.0009999999856617578,0.000025998079597006426,0.000026000398431617714,0.8137907834768736,15.064669859868486,14.934303420708574,0.014180155440771256,0.00040778217643731136,0.00040916621218920575,0.010279221176349983,0.005705999999999752,0.005705999999999795,0.005705999999999896,0.001047059999999382,0.0010470599999993558,0.001047059999999392,-0.05870232900205816,9.752341174513157,0.4639921238235644,0.004455222878379076,-0.001265375526911981,-0.0033983952559390167,-22.457625846862793,12.107250452041626,4.693125198855996,992.8303393554687,-0.015979683023046223,25.941342715947343
2025-03-01T18:05:08Z,40.0396175730126,-75.30661106556053,0.5571208776425192,5.770959588069242,-8.37900226103724,-0.8827919405825562,1.504586318559406,0.02589223602989239,0.07533845410463509,0.000999999992344691,0.0010000000034241757,0.0009999999931302615,0.0009999999882504035,0.000999999991344274,0.0009999999859011508,0.000026997620958294996,0.00002700041297959603,0.8162924388280117,16.45108610454944,16.200899587094227,0.01383878712161506,0.0004151889712720884,0.000418890746800229,0.010293207810065402,0.00570699999999975,0.005706999999999793,0.005706999999999894,0.0010470699999993818,0.0010470699999993566,0.0010470699999993928,-0.15892629280263967,9.762912773129047,0.7335965570221137,0.000343902344192599,0.000038470238585713336,-0.01364490107153954,-24.015563468933106,9.669937901496887,2.226750096231699,992.7167456054688,0.012311776620814145,25.98481797143188
2025-03-01T18:05:09Z,40.03612359513806,-75.30688667449448,0.7208099226529834,6.056312013921549,-9.810791153383617,-0.8271439977508191,1.512735552161977,0.032238340220076746,0.07674341862211188,0.0009999999922729833,0.0010000000037005592,0.0009999999930111424,0.0009999999883575695,0.0009999999914752826,0.000999999985660359,0.000027997099402061692,0.000028000429251782634,0.8162312920185166,17.876266701612398,17.533539724699523,0.013180989560532892,0.0004225841914505821,0.0004285368939749103,0.010304181856662011,0.005707999999999747,0.0057079999999997905,0.005707999999999891,0.0010470799999993808,0.001047079999999357,0.0010470799999993932,-0.4016604986860522,9.711780874280164,1.0774177066918578,0.00385437223717658,-0.0005844116310682969,-0.004830422498175839,-23.97206346511841,9.499875411987304,1.188375047557056,992.7469165039063,0.00035552935374649265,25.81311824764837
2025-03-01T18:05:10Z,40.03192365238469,-75.3072058883856,1.0410389467370127,6.348567523246839,-11.343275744789066,-0.8245713973977403,1.515400615034992,0.03633272414927355,0.08723980326570098,0.0009999999920131276,0.0010000000037003564,0.000999999993150659,0.0009999999886397735,0.0009999999914983328,0.0009999999852200838,0.000028996508291062958,0.000029000447500623214,0.8132770032584182,19.36728077765158,18.94386634750148,0.012937949651288652,0.00043035200370431225,0.00043803256496552687,0.010314325608256663,0.005708999999999746,0.005708999999999789,0.00570899999999989,0.0010470899999993812,0.0010470899999993556,0.0010470899999993918,-0.5682186051728544,9.649134086605185,1.021293595604137,-0.0021402809720787843,0.008183333971098362,-0.0016414080496749508,-26.60681348800659,8.416125329732894,4.153125167973339,992.6259204101563,-0.059437383901742635,28.21345908228098
2025-03-01T18:05:11Z,40.02807065499237,-75.30751154210257,1.228041295852009,6.742401554661041,-12.78207056559617,-0.7627687495903359,1.5156357806659264,0.035834964249744014,0.0939478768962579,0.0009999999921242587,0.001000000003874032,0.000999999993300811,0.0009999999884738747,0.000999999991209422,0.0009999999848452918,0.00002999583948247897,0.00003000046802784502,0.8083425259506171,20.939658864531115,20.4507887605459,0.01294784784993207,0.0004385525964884474,0.0004474292420226838,0.010323017033414747,0.005709999999999744,0.005709999999999791,0.005709999999999893,0.0010470999999993816,0.0010470999999993564,0.0010470999999993924,-0.5056861757366833,9.720599690115726,1.1542148863741704,-0.003285735850641121,0.004733116099440604,0.002710252443722537,-25.84087621688843,9.60562536239624,3.403125149011612,992.7049829101562,0.022999704815036368,27.77764141492078
2025-03-01T18:05:12Z,40.024682858370554,-75.3077934025898,1.2738192455696304,7.016373311318616,-13.860263072348188,-0.7524192611070352,1.5190764816618734,0.03763631840227281,0.10484512662956721,0.0009999999922314258,0.0010000000039913396,0.0009999999936210764,0.0009999999883545069,0.000999999991142378,0.0009999999846577812,0.00003099508383406788,0.00003100049116198267,0.8029699445271884,22.586672107551895,22.0691585256098,0.013414486192651946,0.0004475027646521751,0.0004566523976338291,0.010332721890341354,0.005710999999999747,0.00571099999999979,0.005710999999999892,0.0010471099999993807,0.0010471099999993555,0.0010471099999993917,-0.603363680649429,9.690167049716765,1.0194015684487938,0.0009547674131958432,0.009639228304170194,0.0005475240187965442,-24.861376037597655,9.51693789958954,2.6165625923871993,992.8088452148437,-0.01651966931652275,26.748902956085256
2025-03-01T18:05:13Z,40.021520050711075,-75.30805717585748,1.2284389207658388,7.090414708579151,-14.434143811838538,-0.7428154452260979,1.5237745680384192,0.040454625003987735,0.13697852745450395,0.0009999999922838284,0.001000000004295622,0.0009999999936719766,0.0009999999885073234,0.0009999999909289467,0.0009999999850141303,0.000031994234136888255,0.00003200051720043833,0.7998102139059848,24.312692985146885,23.825180652761386,0.014104851482877729,0.00045702275661975547,0.0004656058021870344,0.010342936935814503,0.005711999999999746,0.005711999999999788,0.00571199999999989,0.0010471199999993815,0.0010471199999993561,0.0010471199999993923,-0.8116484285478094,9.70991178257861,0.6361687868052932,0.0021764966688003237,0.03129438456195479,0.0005984294002940173,-23.13768838882446,8.856375360488892,1.9998750818893314,992.8768286132813,-0.014240442587991592,24.855280832856664
2025-03-01T18:05:14Z,40.01787407244846,-75.30831976740883,1.235468874282085,7.62945408505241,-14.898707690752254,-0.7737451065836919,1.5232067655943875,0.039053746394260985,0.14798871417857556,0.000999999992245123,0.0010000000040497877,0.0009999999938064732,0.0009999999885628524,0.0009999999910764226,0.0009999999849753336,0.00003299328565440119,0.000033000546396952676,0.799469752045783,26.089141345759373,25.642496932967973,0.014393189148838213,0.000466677185853328,0.00047423217201830503,0.010351567246784722,0.0057129999999997435,0.005712999999999785,0.0057129999999998874,0.0010471299999993801,0.0010471299999993567,0.001047129999999393,-0.4861938210365867,9.674437192443554,0.6551433520292417,-0.0018136512347187877,0.010180828113141497,0.004272464030598588,-21.889313259124755,11.869312987327575,3.941437649168074,992.8344970703125,-0.0699368241390786,25.210216123225035
2025-03-01T18:05:15Z,40.01429206542869,-75.30856288858925,1.1819227405879986,8.325399577018809,-15.582525232037996,-0.7603456631471047,1.5153592304769576,0.023716095471158674,0.15108210620293508,0.0009999999924406515,0.0010000000041451751,0.0009999999935755204,0.0009999999887859833,0.000999999991125251,0.0009999999850072792,0.00003399223285938769,0.000034000579016751964,0.8008547503978714,27.9288799662701,27.553990519597573,0.015179179471650395,0.000476137175659889,0.00048248258782304963,0.010355558633349539,0.005713999999999743,0.005713999999999784,0.005713999999999887,0.001047139999999381,0.0010471399999993558,0.0010471399999993918,-0.3394647621035948,9.703770183559183,1.1113434884069957,-0.008065668970085175,0.0018608832093094873,0.017977532253956964,-24.54525100708008,16.710750656127928,2.6476876241713763,992.875126953125,-0.005541771758284988,29.81150378118272
2025-03-01T18:05:16Z,40.01098052717631,-75.30878087797659,0.9986098277945928,9.512598749937785,-16.117826044062657,-0.8615571239557411,1.5160780361446962,0.023728113121655903,0.1215412273917045,0.0009999999923073705,0.0010000000042973095,0.0009999999934060893,0.0009999999886260102,0.0009999999912211446,0.00099999998465922,0.00003499106771924579,0.000035000615287037103,0.8032029123428182,29.825392090859353,29.464280520517526,0.01584705265063966,0.00048594225608867214,0.0004905523528537635,0.010364786902323304,0.00571499999999974,0.005714999999999787,0.005714999999999883,0.001047149999999382,0.0010471499999993566,0.0010471499999993926,0.2794309670186666,9.60210337191308,1.251662264992663,0.002051821119058471,-0.02961551007086012,0.0006773745870965377,-26.305876197814943,11.515687975883484,-0.3939375163242221,992.9537329101563,-0.09121793223346485,28.718677952690964
2025-03-01T18:05:17Z,40.007480106207694,-75.30897116313844,0.732060132953868,10.32975284134747,-18.38797231366076,-0.9366929505000239,1.5018232952623038,0.03605776918872393,0.09069808680981922,0.0009999999924066678,0.0010000000040961672,0.0009999999935474556,0.0009999999890349738,0.000999999991277424,0.0009999999845082801,0.00003598977741103053,0.000036000655302646965,0.8115289727226688,31.90294466504737,31.457833800142822,0.02539944351229583,0.000494988142251684,0.0004987529472129079,0.010377958609850906,0.005715999999999741,0.005715999999999785,0.005715999999999885,0.0010471599999993817,0.0010471599999993565,0.0010471599999993925,-0.3343600774330461,9.478166889186378,3.277844991332926,-0.011486511821388833,-0.029710644634412243,-0.011924298017137177,-27.643313636779784,11.288812952041626,2.004562582038343,992.984814453125,0.2561773590163896,29.92666569796378
2025-03-01T18:05:18Z,40.00467084263477,-75.3091318035937,0.23289890040004857,10.268055152019988,-21.678764094738177,-1.0536053950269897,1.5007575830193411,0.04337514539569799,0.0774719553834054,0.0009999999922142874,0.0010000000043938913,0.0009999999936367468,0.000999999989088391,0.0009999999910934093,0.0009999999844207586,0.00003698836502480322,0.00003700069811783829,0.8486220349057702,34.38756958303638,33.36897397163999,0.05181193479674741,0.0004996823799910911,0.0005069582398077901,0.010389234332165657,0.005716999999999739,0.005716999999999787,0.005716999999999883,0.0010471699999993807,0.001047169999999357,0.0010471699999993933,-1.2131640667243364,9.288575624461847,4.597765842126305,0.0024513854919376533,-0.011893755343091552,-0.006426515648559878,-29.227501106262206,12.214125528335572,1.270125045143068,993.1425268554688,0.6569808660121342,31.702392382275498
2025-03-01T18:05:19Z,40.001708084402665,-75.3092209881893,-0.281183408779377,10.499492428540282,-22.71114807128858,-1.0910651911829001,1.504133730008266,0.04352258635175298,0.07246868006974083,0.0009999999925128695,0.0010000000043077295,0.0009999999936927584,0.0009999999891143554,0.0009999999913843907,0.0009999999844313174,0.00003798689402424897,0.00003800074043302425,0.9354361265550017,36.95267266419427,34.70936754723562,0.06987271500927231,0.0004944035902344117,0.0005149386032543509,0.010396980703802803,0.005717999999999738,0.005717999999999788,0.005717999999999882,0.0010471799999993811,0.0010471799999993568,0.001047179999999393,-0.802634815132063,9.471204224003634,2.9107121129803115,0.008691219579759598,-0.0034584801931214176,0.0014985371215034348,-28.208063735961915,11.558437967300415,1.5802500647306443,993.1975268554687,0.16293992566962523,30.525177143288875
2025-03-01T18:05:20Z,39.998508168098375,-75.30918652148677,-0.6524673665920291,10.90127254705263,-22.36295695169747,-1.0511463732584772,1.4912718600096708,0.04684944008748245,0.06911173229780815,0.0009999999927389792,0.0010000000040812664,0.0009999999939463437,0.0009999999892678828,0.0009999999911002525,0.0009999999845831694,0.0000389854895737,0.00003900077787740015,1.0590752984887344,39.5825649806478,35.11973255495242,0.0793498197467551,0.00047606976677816383,0.000522774829767431,0.010404155415724698,0.005718999999999737,0.005718999999999788,0.005718999999999881,0.0010471899999993815,0.001047189999999356,0.0010471899999993923,-0.6171119550508082,9.54763853454159,2.2933181077702334,-0.005052069603522892,-0.0007302015070639441,-0.0012545267740807023,-28.75387607574463,11.677875452041626,2.595562599897385,993.21447265625,0.06064234940976702,31.143088293062156
2025-03-01T18:05:21Z,39.99523677658347,-75.30900514700416,-0.783733879874903,11.22322641114622,-21.509103738082178,-0.9704131772185507,1.487226927756506,0.04866271402045264,0.06953708422142385,0.000999999992777889,0.0010000000044657527,0.0009999999940010396,0.000999999989364349,0.0009999999908599508,0.0009999999845943018,0.000039984290719175406,0.000040000806994154074,1.195959738510299,42.44279690808659,34.45583156715002,0.08754163891110266,0.00044511206649877004,0.00053045344099703,0.010409377079426959,0.005719999999999738,0.005719999999999789,0.005719999999999884,0.0010471999999993801,0.001047199999999355,0.001047199999999391,-0.7317523416862811,9.497721263443664,2.5857981930308607,0.006057491098537221,0.0037492232714980847,0.0008175731965146026,-29.34731357574463,12.292500543594361,3.024187620058656,993.2022534179688,0.09256669687878455,31.96111466034175
2025-03-01T18:05:22Z,39.99231613191444,-75.30871824134918,-0.6980887055881548,11.8789474492655,-18.698775407460317,-0.850279274433837,1.4747444778903487,0.05125307362731159,0.069155229361459,0.000999999992531281,0.001000000004281264,0.0009999999940727513,0.000999999989363023,0.000999999991128064,0.000999999984492892,0.00004098337632537428,0.00004100082773984481,1.308027398024962,45.03786532697051,32.88429644642227,0.07521203432834292,0.00040706053213996067,0.0005383754587534013,0.01041405483781697,0.005720999999999738,0.005720999999999789,0.0057209999999998816,0.001047209999999379,0.0010472099999993554,0.0010472099999993918,-0.23410080664674313,9.661816031769419,1.101373390402435,-0.0013665187939738024,0.0033473209716917956,-0.00010406504022339046,-29.90625108718872,13.35187557220459,1.3597500504553317,993.19296875,-0.05111573236557911,32.77959774698645
2025-03-01T18:05:23Z,39.98969670886618,-75.30833288290253,-0.3874411622555263,12.45931178486128,-15.522368307738157,-0.7495206171822788,1.4630945480526236,0.05382971322278434,0.06703805682038305,0.0009999999924432356,0.0010000000042965462,0.0009999999939178303,0.0009999999892915394,0.0009999999911885554,0.0009999999843250704,0.00004198272926895758,0.00004200084353481703,1.3663936151757772,47.7193478958765,30.924990364833057,0.062485175628142514,0.0003693480170241458,0.0005469098610071642,0.01041881417119851,0.005721999999999739,0.00572199999999979,0.005721999999999883,0.0010472199999993787,0.0010472199999993562,0.0010472199999993922,-0.23015264742943814,9.638446115489494,1.0908449754575555,0.00004865120516673693,0.0018201591166678427,-0.0004705838379405454,-28.899563694000243,12.111375484466553,1.8476250791549682,993.1410864257813,-0.07595194878642439,31.389181740654664
2025-03-01T18:05:24Z,39.98793659044548,-75.30803354255802,-0.18677913214204622,12.78847789537135,-13.484677223132827,-0.644852655215298,1.447953256705797,0.056647200916551434,0.06519489132316139,0.000999999992650825,0.0010000000039714985,0.0009999999937970543,0.0009999999893517042,0.000999999991273956,0.0009999999844409945,0.00004298229065296605,0.00004300085761976683,1.3828518072239342,50.65417733298215,28.955205434605936,0.054332264286342975,0.0003362804438465421,0.0005560278936040056,0.010424255493265344,0.005722999999999735,0.0057229999999997925,0.005722999999999886,0.0010472299999993787,0.001047229999999357,0.0010472299999993923,-0.37753614121848084,9.626266915113812,1.625530999049031,-0.006310017201211519,0.0012556932302246688,-0.0015257443280359275,-28.023001194000244,12.632063064575195,2.1774375998973845,993.1974609375,-0.009033922945156628,30.815511030307455
2025-03-01T18:05:25Z,39.986553348003646,-75.30775621015192,0.0178815655792115,13.082011175294461,-11.412423698936383,-0.5931059998643264,1.4444131396713258,0.05594725496631585,0.06265994820465544,0.0009999999926473906,0.0010000000039452762,0.000999999994169442,0.0009999999891547842,0.0009999999913268699,0.0009999999843815384,0.00004398199709498651,0.000044000872245541276,1.3708711417368202,53.59430870904497,27.141303686167056,0.04544797592962503,0.00030915524195857024,0.0005656672240816608,0.010429835196153339,0.005723999999999739,0.005723999999999795,0.0057239999999998846,0.0010472399999993795,0.0010472399999993578,0.0010472399999993912,-0.29571598978505986,9.62883498572906,1.3710046152733208,0.004049815425664967,-0.00023641900605218444,0.0013925537103186472,-26.233876152038576,11.44368787765503,1.0599375411868095,993.1967944335937,-0.04865973426591719,28.640789286126562
2025-03-01T18:05:26Z,39.98548105414893,-75.30752285677035,0.123120443983611,13.437867186071962,-9.090996274296952,-0.6039299361739274,1.4370198025695597,0.056758618737675716,0.06082134777252056,0.0009999999928009943,0.0010000000042438332,0.0009999999942701637,0.0009999999891855554,0.0009999999911680928,0.0009999999842517304,0.00004498178736862991,0.000045000889236777186,1.3339657828268041,56.431107096840734,25.60090797050922,0.03570099092010139,0.00028875521210366766,0.0005755388770628815,0.010436489593144917,0.005724999999999738,0.005724999999999797,0.005724999999999882,0.001047249999999379,0.0010472499999993573,0.0010472499999993915,-0.10538198477943436,9.684008439857415,0.7733723192234186,-0.0013730280514082447,0.0001741622749395252,-0.0004942839898011515,-28.2541886138916,12.581438035964966,1.1581875370442867,993.217880859375,-0.063946429585255,30.950444494610046
2025-03-01T18:05:27Z,39.98450898009818,-75.30730025867503,0.1501891112334487,13.751015381203393,-6.838075197968014,-0.631715683658437,1.43091251604166,0.057266763348839726,0.059454753394002406,0.0009999999929266523,0.0010000000044274246,0.0009999999944120882,0.0009999999891158024,0.0009999999910183105,0.0009999999842263672,0.00004598160895607302,0.000046000909811491086,1.2790743008845533,59.320886638170236,24.400909813321707,0.02845065221848262,0.00027470178773157867,0.0005854620261759846,0.01044381402551646,0.005725999999999737,0.005725999999999796,0.005725999999999881,0.0010472599999993787,0.0010472599999993568,0.0010472599999993904,-0.06636393795839522,9.703451147711007,0.685421056345868,-0.000989819003630499,0.0003642647425914289,-0.0005011270761866438,-28.325251121520996,12.947250537872314,2.3366250872611998,993.223828125,-0.05175045690871043,31.231519249868267
2025-03-01T18:05:28Z,39.983368728609875,-75.30703551013328,0.14368023660706208,14.138013525776815,-3.56296815693432,-0.7561867009118737,1.4302479351248836,0.056266156648533336,0.064046806194956,0.0009999999929387012,0.0010000000041003555,0.0009999999944666738,0.000999999988776112,0.000999999990813398,0.000999999984344178,0.000046981408198899734,0.00004700093491636829,1.2105754312622312,62.010791176605984,23.548655833328954,0.02197460832604659,0.00026712905603577434,0.0005945808238616333,0.010451627472246119,0.005726999999999739,0.005726999999999798,0.005726999999999883,0.0010472699999993776,0.0010472699999993559,0.0010472699999993912,0.19740814791502662,9.763403093052172,-0.27252652952444484,0.004014598875724808,0.0060925407360339825,0.0014384520809859968,-26.315626068115236,12.145125484466552,2.19393758893013,993.1923168945312,-0.010767554112105024,29.065902026801655
2025-03-01T18:05:29Z,39.98205261852827,-75.30676427706966,-0.050673893273542214,14.53985250505987,-0.054601133303272764,-0.9295016699244052,1.4232146202102713,0.052280072259493694,0.06930200862074744,0.0009999999929373924,0.001000000004327257,0.0009999999943372743,0.0009999999889762719,0.0009999999906875976,0.000999999984284037,0.0000479811127370352,0.00004800096543038996,1.1327887931311376,64.7068962473849,23.07823483766424,0.019535423867238486,0.00026492225137390824,0.0006032149023242418,0.010459693895170161,0.005727999999999742,0.005727999999999799,0.00572799999999988,0.001047279999999378,0.0010472799999993562,0.0010472799999993916,0.40035611575802976,9.796452227270477,-0.6340611127062936,-0.0031176647127436237,0.006177661131785592,0.0040294534246377856,-26.318251094818116,10.792687873840332,2.4628125977516175,993.209619140625,0.04475037859458528,28.551619927008232
2025-03-01T18:05:30Z,39.98013940363842,-75.30644712772241,-0.3615613997115956,14.833482352972311,3.722483577485423,-1.117145683195194,1.4177287499633833,0.048510799043631106,0.05034148299966815,0.0009999999931057178,0.0010000000045242532,0.0009999999942341227,0.0009999999890466607,0.0009999999904083197,0.0009999999845307736,0.00004898061931478143,0.000049001001951913505,1.056546624988997,67.44321622752868,23.000725574197116,0.021912686842071434,0.0002650163695361128,0.0006133345039031786,0.01046819830023642,0.00572899999999974,0.005728999999999798,0.005728999999999883,0.0010472899999993783,0.0010472899999993566,0.0010472899999993909,0.5873153295835947,9.83051000340347,-0.8253273988775162,-0.0005927566185970271,-0.0175646164274472,-0.000643662213250944,-26.706938667297365,10.543312921524048,2.1508125865459444,993.1927001953125,0.10177632302243848,28.793143159515765
2025-03-01T18:05:31Z,39.97732115852382,-75.30610336493949,-0.7620558583300838,14.537917446478389,6.875709341462582,-1.25030042524526,1.4118172314597348,0.047755454018603295,0.03158104711575363,0.0009999999932869842,0.0010000000045915104,0.000999999994455667,0.0009999999893843408,0.000999999990444129,0.0009999999846067912,0.00004997979590481121,0.00005000104467055703,0.9954722609491846,70.29165134400787,23.30517585149969,0.026403994481924042,0.0002695379097526671,0.0006211455987007345,0.010477435981465564,0.005729999999999738,0.005729999999999795,0.00572999999999988,0.0010472999999993776,0.0010472999999993561,0.0010472999999993913,0.32760123554598175,9.783879309227594,-0.23078942651396808,-0.001703495761855948,-0.016679697222675777,-0.0050006634517709096,-26.78981355667114,10.135125389099121,3.380625133514404,993.1790234375,0.01094058485141126,28.84164656174949
2025-03-01T18:05:32Z,39.97318861554921,-75.30575563750197,-1.1731600970815705,13.389287638157164,9.274168134665423,-1.356184217435721,1.4043763052237457,0.0410537147912689,0.039128145742723865,0.0009999999933670712,0.0010000000048550712,0.0009999999942202039,0.0009999999896325115,0.0009999999905664374,0.0009999999846231273,0.00005097851440435243,0.00005100109329754864,0.9586621060519507,73.10572161255885,23.930110206431884,0.029714576981872985,0.00027862500229280853,0.0006243586313345927,0.010486673532803973,0.005730999999999738,0.005730999999999796,0.005730999999999881,0.0010473099999993773,0.0010473099999993556,0.001047309999999392,0.007813565510518896,9.676691364283739,0.4512434792226365,-0.005377864278947487,0.008610939199386347,0.0033065967425036503,-27.809813613891603,11.920687952041625,2.0568750884383915,993.150087890625,-0.09420112380792231,30.326822980307284
2025-03-01T18:05:33Z,39.96763561487162,-75.30544575831016,-1.5622905821558009,11.601702348541572,11.329300423368979,-1.3976554928019,1.4034963198621886,0.03316382748386269,0.04647004493497584,0.0009999999932489973,0.0010000000048748863,0.0009999999939872964,0.0009999999897216956,0.0009999999907227477,0.0009999999846113433,0.00005197667224606137,0.00005200114728397474,0.9458288413991585,75.752129153188,24.82058632922178,0.03290441216634455,0.0002889856621011509,0.0006248205371766752,0.010496160729897817,0.005731999999999739,0.005731999999999799,0.005731999999999883,0.0010473199999993768,0.0010473199999993551,0.0010473199999993911,0.00551161535161265,9.703778718161809,0.5643337702273982,-0.000051156798392103416,0.008385787188558402,0.002730280868356522,-26.61918857574463,10.536187906265258,1.6728750686347484,993.1343432617188,-0.06146439688057789,28.67730909696525
2025-03-01T18:05:34Z,39.960443514123135,-75.30520467125886,-1.8844044481607527,9.286709478283875,13.406334386823236,-1.4677500450785428,1.3998718309802474,0.020174347792684174,0.04722214338688538,0.0009999999935281615,0.0010000000046255703,0.000999999993869363,0.0009999999897240324,0.0009999999911458404,0.0009999999847663847,0.00005297418671937642,0.00005300120591026143,0.9543796936120132,78.12844277188304,25.905501080627136,0.03823662607474224,0.0002989813665814861,0.0006228738019409301,0.010505512805770738,0.005732999999999737,0.005732999999999796,0.005732999999999881,0.0010473299999993776,0.001047329999999356,0.0010473299999993913,0.2294687010191836,9.720041393275153,0.1623500265987802,-0.004227402260774591,0.001188932082269371,0.0047421288844610165,-26.08200126647949,9.821625366210938,2.5246875913068654,993.109248046875,-0.05776833269179193,27.984036930254657
2025-03-01T18:05:35Z,39.9522462417767,-75.30506736186496,-2.1684375910962936,6.465475670464336,14.591922842000395,-1.4139874241659858,1.4015122335482988,0.0038233992761195663,0.05004496272231153,0.0009999999939619363,0.001000000004692705,0.0009999999938266248,0.0009999999896308969,0.0009999999913413956,0.000999999984442112,0.000053971031781318505,0.00005400126811115103,0.9816656178290746,80.33996279554242,27.110540433496276,0.041575958037874707,0.0003082459388042881,0.0006181141741192443,0.010514811594831398,0.0057339999999997384,0.005733999999999798,0.005733999999999882,0.001047339999999377,0.0010473399999993552,0.0010473399999993904,0.20558035519947213,9.757568843201145,0.5225495892259442,-0.0008269215162218879,0.002522653494172653,0.007307760942458287,-28.161751098632813,9.98025040626526,1.943437585234642,993.1355249023437,-0.008291026970646253,29.94100090238631
2025-03-01T18:05:36Z,39.942386539956345,-75.30506061579993,-2.2452219213607494,3.0907039615094427,15.277968227672364,-1.397364393382453,1.4011139022701011,6.275542411142892,0.04105907103453735,0.0009999999942611304,0.0010000000043899888,0.0009999999938934572,0.0009999999891130158,0.0009999999914667675,0.0009999999846852891,0.00005496727369813351,0.0000550013325258863,1.0222643065473542,82.35150960810577,28.318193399140778,0.04506269344134285,0.0003145687474717428,0.0006126189979670731,0.010524717721033491,0.005734999999999735,0.005734999999999797,0.005734999999999882,0.001047349999999377,0.0010473499999993554,0.0010473499999993899,0.3510195162075752,9.699777601018496,0.3908737402155926,-0.005088287640749883,-0.008267788696350914,-0.0011652340504842477,-28.836751098632813,11.693062953948974,2.172562591433525,993.0859399414062,-0.06808523815594919,31.19299278620068
2025-03-01T18:05:37Z,39.93204430882263,-75.30518156231574,-2.216714656504621,-0.5768739567516215,14.879238525640787,-1.3136162896806463,1.4019869701069494,6.260667958310343,0.032735973906856994,0.0009999999938152513,0.0010000000042085905,0.0009999999936252974,0.0009999999891585555,0.0009999999914042405,0.0009999999848235058,0.00005596307374529063,0.00005600139780062992,1.0677179499702794,84.31152281241178,29.43694977061876,0.04450389099332936,0.00031821812027008664,0.0006067207029279884,0.010534416668095563,0.005735999999999737,0.005735999999999796,0.005735999999999881,0.0010473599999993762,0.0010473599999993545,0.001047359999999391,0.23565015983658721,9.663730246857385,0.8919615358417452,-0.005693477774250183,-0.008513636708321675,0.002166315681093721,-27.761438732147216,10.78331286430359,1.4953125634789466,993.0905859375,-0.07436420853159564,29.819628631010584
2025-03-01T18:05:38Z,39.92092500314798,-75.30544466764603,-1.969279091098433,-4.448869576258984,14.123667326157419,-1.2147389699512532,1.4114606919516541,6.248199856770664,0.031450882383450965,0.000999999993883853,0.0010000000041693103,0.0009999999933307472,0.0009999999892434236,0.0009999999912461083,0.0009999999852396161,0.00005695864042964317,0.00005700146292258474,1.1091466375149792,86.35842040407952,30.393033038039373,0.04425952066357456,0.00031983048853353747,0.0006011094517514256,0.010544340713707629,0.005736999999999737,0.005736999999999797,0.005736999999999882,0.001047369999999377,0.001047369999999355,0.0010473699999993913,0.2810392617307709,9.6995814411559,0.6063062345449298,0.001180586595120249,-0.0014381201617327038,0.000757488203273665,-28.98843870162964,10.576500463485718,3.333750125169754,993.0346020507812,-0.059371798302233936,31.037117817118435
2025-03-01T18:05:39Z,39.91046961538009,-75.30579007833937,-1.671234513589771,-7.938872620154457,13.034319135308467,-1.119484839872271,1.4196016548765036,6.237055231697904,0.03021921242572813,0.0009999999935635568,0.0010000000039352753,0.0009999999932831058,0.0009999999890501186,0.0009999999910599738,0.0009999999852041842,0.00005795416178131153,0.000058001527187122084,1.143280057725538,88.64664667136034,31.143359927431362,0.04343043200694768,0.0003188997894162529,0.0005976720518746146,0.010554248107381693,0.0057379999999997355,0.005737999999999799,0.005737999999999884,0.0010473799999993767,0.001047379999999354,0.0010473799999993903,0.3179632607840317,9.706880862549745,0.5289304530556882,-0.0007454727688573447,-0.0016821322739672912,0.0008936809101092321,-27.827251167297362,11.436375408172607,2.2736250877380373,993.0453491210938,-0.055348076895541165,30.171392100183677
2025-03-01T18:05:40Z,39.90067668595579,-75.30620254281166,-1.2896473713884042,-11.087847720907734,11.635757609211547,-0.9656807345486257,1.4255593808466664,6.231886932933951,0.043217093467653234,0.0009999999935294281,0.0010000000041258071,0.0009999999928945388,0.0009999999889429574,0.0009999999907847003,0.0009999999856057456,0.00005894978474561488,0.0000590015902762487,1.1674991263858745,91.32218625330073,31.676334271690823,0.04185808143475737,0.0003182548219637089,0.0005946395278114572,0.01056441992559506,0.005738999999999738,0.005738999999999797,0.005738999999999883,0.0010473899999993758,0.0010473899999993539,0.00104738999999939,0.2265142817532304,9.773523625604415,0.5376596824124935,-0.0025346725623276315,0.012792025021602652,-0.0014155882161828236,-27.440438632965087,12.111000471115112,2.343000095486641,993.03509765625,0.00924652799500916,30.08555473077271
2025-03-01T18:05:41Z,40.069176545426366,-75.2955046882856,-1.552415087086842,1.7391091547530613,-9.970509558501831,-0.6629701890291745,1.471456461580488,6.261514988374083,0.03740682502413058,0.0009999999936063546,0.0010000000039135405,0.0009999999924120088,0.0009999999891487233,0.0009999999904386644,0.0009999999861034182,3.0766820680880567e-10,3.076681360106672e-10,0.6725462009337653,0.01251302864242047,0.012509482377736582,0.019840410726471993,0.00015298829132826127,0.0001749017893199311,0.010541799363332965,0.005739999999999741,0.005739999999999795,0.005739999999999881,0.0010473999999993761,0.0010473999999993542,0.0010473999999993907,0.12885050402995918,9.707997519806868,0.6260790518022106,-0.002252272736361181,0.009893755596770455,-0.0032601995225826183,-27.958876132965088,11.05425043106079,1.473750055730343,993.0026391601563,-0.0502181917791617,30.10089847303013
2025-03-01T18:05:42Z,40.069142189808495,-75.29561795714093,-1.300394229976104,1.9158881843565962,-9.33165160436016,-0.6754261542305972,1.47839169467612,6.257651649490912,0.03564279814184105,0.0009999999935710593,0.001000000003963123,0.0009999999921780458,0.000999999989238119,0.0009999999902417117,0.0009999999859784496,1.0003076684453674e-6,1.0003076688183925e-6,0.7259959684209971,0.033288548685408675,0.02805665911719214,0.020540563570815108,0.00016070307151216224,0.0001848405958028203,0.010551178385783299,0.005740999999999739,0.005740999999999792,0.005740999999999882,0.0010474099999993763,0.0010474099999993546,0.001047409999999391,0.43277886514508335,9.688695390061598,0.2744936487179382,0.002756817852443213,-0.0030260349906983393,0.002522653349815409,-28.196438751220704,10.503187866210938,1.0498125367611646,992.950078125,-0.07706568019020049,30.10739380540489
2025-03-01T18:05:43Z,40.06910566064177,-75.29572958208868,-1.021513759376849,2.387001427260685,-9.595401864623295,-0.5879194033508506,1.4749380031096397,6.255700816873866,6.273222663422472,0.0009999999932501658,0.0010000000041928772,0.0009999999922727849,0.0009999999893800027,0.0009999999900573368,0.0009999999861055845,2.0003076696112375e-6,2.000307672729827e-6,0.7749323582211662,0.08252291557464281,0.07452413948670819,0.019394849033539746,0.00016674717117838076,0.00019587550432103706,0.010561077703872664,0.005741999999999737,0.00574199999999979,0.005741999999999882,0.0010474199999993758,0.0010474199999993541,0.0010474199999993903,0.7410103799188523,9.70107203411269,1.126843221016111,-0.00896377427728267,-0.04688245421046248,-0.003328295982830035,-28.473563594818117,9.74100034713745,2.1825000849366187,992.9755883789062,0.015091904783831116,30.17268886470123
2025-03-01T18:05:44Z,40.06906546377197,-75.29584381477656,-0.7076517525483029,2.891539823569557,-9.601976398266926,-0.5653185307442113,1.4823737559829862,6.25893277647893,6.224531468702672,0.000999999992958592,0.0010000000041653738,0.0009999999923914367,0.0009999999893656858,0.0009999999903031061,0.0009999999860656385,3.0003076700403043e-6,3.000307685444668e-6,0.8149396403696728,0.16949918982732157,0.1531725251042558,0.018780582551341976,0.00017235937296493782,0.0002069374001920825,0.01057168374217837,0.005742999999999739,0.00574299999999979,0.005742999999999883,0.0010474299999993762,0.0010474299999993545,0.001047429999999391,0.7733572876235292,9.67338131967761,0.7814131250148302,0.001932150876049625,-0.04964519832917834,-0.008483093765212817,-31.858688793182374,14.514938144683837,3.0871876394748687,992.9883544921875,-0.04362131789929336,35.14522212971808
2025-03-01T18:05:45Z,40.06901512111357,-75.29596039099455,-0.34353514315694234,2.5969546631595204,-9.717670285872705,-0.5403026206274211,1.4912087808393728,6.272267304586266,6.243913282543426,0.0009999999931623038,0.0010000000038972022,0.0009999999921694762,0.0009999999895496238,0.0009999999901648855,0.0009999999864365348,4.000307655751471e-6,4.000307715408978e-6,0.845235217441946,0.293716129722101,0.2469396892502631,0.017740352665676546,0.00017925775093864758,0.00021649466356843242,0.010583169607446614,0.005743999999999742,0.005743999999999793,0.005743999999999884,0.0010474399999993761,0.0010474399999993544,0.0010474399999993906,-0.09938031410283607,9.693815119754817,0.8024392290626263,0.004885832454597429,0.018830573402828076,-0.012411154441738886,-27.57243854522705,17.623125667572022,4.809750187397003,992.9547119140625,-0.05178587842326079,33.07482823625554
2025-03-01T18:05:46Z,40.068947912014934,-75.2960763077262,0.006910400805075656,2.156085431213206,-9.143107686455956,-0.5751178036064171,1.4945826641435804,6.278034599197557,0.01402712071633374,0.0009999999932375728,0.0010000000035019067,0.000999999992540521,0.000999999989605783,0.0009999999904643172,0.00099999998660006,5.00030758109533e-6,5.000307772941241e-6,0.867636805105575,0.46144562883311674,0.3693763844846468,0.0178517105585366,0.00018710927883992923,0.00022509277952893864,0.010593467372750007,0.0057449999999997425,0.005744999999999793,0.0057449999999998865,0.001047449999999376,0.0010474499999993544,0.0010474499999993906,-0.34341292064248097,9.699981601075407,0.0024297113385125654,-0.000338230260015144,0.05189070867985518,-0.0024151701771759847,-23.975625858306884,14.415563020706177,4.387875163555146,992.936318359375,-0.07326740818679275,28.317656409704487
2025-03-01T18:05:47Z,40.06885178267255,-75.29618853371946,0.43983267811495286,2.0683590061318893,-8.559240315659961,-0.48700028524739064,1.502034167328008,6.270053740143685,0.042037087061118514,0.0009999999932402703,0.0010000000038461316,0.0009999999922602452,0.0009999999892646393,0.0009999999904378195,0.0009999999867743713,6.000307341385012e-6,6.000307871627727e-6,0.8855979745975636,0.6826611025006475,0.524636735728469,0.018165222195703906,0.0001943526550713403,0.00023422884748601654,0.010601420843911604,0.00574599999999974,0.00574599999999979,0.005745999999999884,0.0010474599999993756,0.0010474599999993539,0.0010474599999993903,0.06053542289876173,9.818625711437537,-0.11051151328657174,0.0033473210832979878,0.025368996277673955,0.009099630887574109,-24.16781349182129,12.980812969207763,3.7569376388564706,992.8661376953125,0.04004431212782695,27.689284608964588
2025-03-01T18:05:48Z,40.06870952485535,-75.29629780727589,1.0464201016432855,1.943396453562226,-7.77970055687555,-0.4895523641967834,1.502507310173062,6.267095833374651,0.07317042906792245,0.000999999993440713,0.0010000000036369569,0.0009999999926649616,0.0009999999895061607,0.000999999990420749,0.0009999999864339592,7.000306741930357e-6,7.000308027332448e-6,0.9011055820434863,0.9679898044400911,0.704826123330448,0.019081727205023945,0.000201540027888798,0.00024318956576694278,0.010610039914775543,0.005746999999999743,0.005746999999999788,0.005746999999999887,0.001047469999999375,0.0010474699999993532,0.0010474699999993894,0.12009251601579905,9.73135497708796,-0.4375528385672941,-0.00410689849768479,0.028444183167624437,0.004102223055265528,-23.364188346862793,13.224750595092774,2.2203750739991666,992.73154296875,-0.03754768396551471,26.938943084632758
2025-03-01T18:05:49Z,40.06852161879487,-75.2964048026584,1.6630333933842567,1.8843720894774911,-7.412065760937609,-0.43510844689498257,1.5057309412290711,6.27226996527373,0.08982775045314818,0.0009999999932595344,0.0010000000039356361,0.0009999999928026028,0.0009999999892805554,0.0009999999907016391,0.0009999999858946145,8.000305467123108e-6,8.000308257332576e-6,0.9145356228249814,1.2955179664133887,0.9114299123198502,0.01934266347093957,0.00020792144400290995,0.000252605562000796,0.010619984619019604,0.005747999999999744,0.005747999999999787,0.005747999999999888,0.0010474799999993754,0.0010474799999993535,0.0010474799999993897,0.1683320794562278,9.763550876613794,-0.08403094696451358,-0.0016312268722424332,0.014403973767266338,-0.004970621299247173,-24.298876056671144,12.072750482559204,2.49150009483099,992.67880859375,-0.014151527185957137,27.24686196464056
2025-03-01T18:05:50Z,40.06828264679283,-75.29651293850476,2.277231573718635,1.8051445437374332,-7.148830409032423,-0.4408631494574052,1.514816810497222,6.271946587727966,0.10624378273919388,0.0009999999929801715,0.0010000000036934984,0.0009999999931511268,0.000999999988858147,0.0009999999905126865,0.000999999985986545,9.000303052697034e-6,9.000308580181913e-6,0.9250930668820752,1.6714649375069401,1.140435834380427,0.019502850484918174,0.0002140143102749971,0.00026201494081263415,0.010628801421288345,0.005748999999999745,0.00574899999999979,0.005748999999999889,0.0010474899999993754,0.001047489999999354,0.0010474899999993901,0.12205384523863505,9.703347188351557,-0.09043665213544873,0.004184839943362493,0.013713329348667749,0.0005071336465113348,-23.99925090789795,13.2303754901886,2.212500094473362,992.6294604492188,-0.07500748504636762,27.493621873605193
2025-03-01T18:05:51Z,40.0680101421961,-75.2966220377891,2.7799995356148237,1.8123077053224406,-7.12888568795143,-0.4210207379992969,1.5150415287435253,6.271157590936599,0.11579196483621407,0.0009999999928574886,0.0010000000038048193,0.0009999999934656306,0.0009999999890753898,0.0009999999906055248,0.0009999999857392113,0.000010000298862577597,0.000010000309014554407,0.932420145576538,2.083464980937632,1.3923033082067617,0.019125647267429866,0.0002195652739840478,0.0002716812864595642,0.010637417929215567,0.005749999999999748,0.005749999999999791,0.00574999999999989,0.0010474999999993758,0.001047499999999354,0.0010474999999993903,0.18448363281029354,9.72793765767046,0.11596914577920665,-0.004278307632732399,0.007043053100146981,0.0006798784126343001,-24.15431339263916,13.843313074111938,2.5976251198723914,992.6406030273438,-0.04916795079592944,27.96091894858969
2025-03-01T18:05:52Z,40.06768430040208,-75.29673521669721,3.2748621299561256,1.8406909498769073,-7.056052336236134,-0.3860907904308455,1.5183525253849095,6.2695490950384105,0.12385837222281967,0.0009999999926349795,0.0010000000040870324,0.0009999999933443515,0.0009999999890351323,0.0009999999903253696,0.0009999999855869726,0.000011000292067959283,0.000011000309580520388,0.9366736335737104,2.5564491269212355,1.6658664943577663,0.018946813966301736,0.00022483253797582166,0.0002814083658041109,0.010645828613376521,0.00575099999999975,0.005750999999999788,0.005750999999999888,0.0010475099999993761,0.0010475099999993544,0.0010475099999993907,0.22201107122656194,9.752105243043275,0.01909971123842171,-0.001112659612349271,0.005571803412626471,0.0014885228657035019,-25.01043867111206,14.638125562667847,0.9975000381469726,992.6042529296875,-0.02490312711327286,28.996358797617773
2025-03-01T18:05:53Z,40.067276889989785,-75.29685640030651,3.7905057162374436,1.9737544906407645,-7.331941231829363,-0.42510396339495193,1.5225796793660227,6.278364615937581,0.12524704870991624,0.0009999999926116,0.0010000000038870337,0.000999999993396753,0.0009999999889381127,0.0009999999901548562,0.0009999999854357568,0.000012000281627360628,0.000012000310298289718,0.9377866433927599,3.0539064320408054,1.9566965694054672,0.018156845537702623,0.00022962355441049026,0.00029143316021973685,0.010656022939100871,0.0057519999999997495,0.005751999999999786,0.005751999999999886,0.001047519999999376,0.001047519999999354,0.0010475199999993904,0.24883422040576567,9.662080762640196,0.283118265637791,-0.0004502216865633564,-0.0006436620963285928,-0.00924667432233221,-26.363813667297364,13.409813022613525,0.27018751308321953,992.53232421875,-0.1100936049388012,29.579448154881135
2025-03-01T18:05:54Z,40.06684574749955,-75.2969822226955,4.131279761872195,2.0414127026408924,-7.709067355845866,-0.4995589758831881,1.5309478083651094,0.006261228478506048,0.12852628685421735,0.0009999999927696001,0.0010000000040260098,0.0009999999932756326,0.0009999999888405172,0.0009999999902149154,0.000999999985233289,0.00001300026625160955,0.000013000311190703571,0.9349326685048556,3.592026560025628,2.267994447553324,0.017204602279664444,0.000234568734502974,0.000301365617882351,0.010666592077043893,0.0057529999999997505,0.0057529999999997835,0.005752999999999886,0.0010475299999993756,0.001047529999999353,0.0010475299999993899,0.06552047103233626,9.639762154257383,0.3429283738444468,0.004304342261323954,0.0015961758017348834,-0.011333795873144873,-26.629126148223875,11.376750440597535,0.44062501821666955,992.5548022460938,-0.1334000930666055,28.960870475955616
2025-03-01T18:05:55Z,40.066411168400705,-75.29711115246525,4.331805799065778,2.0524935295616977,-8.096060068214113,-0.4446278604402304,1.5380732241461088,0.015391020430110005,0.1361800861112986,0.0009999999929110645,0.0010000000038667062,0.000999999993184667,0.0009999999891674544,0.0009999999904019724,0.0009999999851857048,0.000014000244366657626,0.000014000312284099509,0.9284404083783562,4.189272975464211,2.6083469385493676,0.01627155236806198,0.00023994256490068196,0.0003110801887692203,0.010676893330187873,0.0057539999999997515,0.005753999999999781,0.005753999999999883,0.001047539999999375,0.0010475399999993534,0.0010475399999993896,-0.10114551105094405,9.784860046007477,0.32650289276395594,0.0037041594360897974,0.006172653898381585,-0.009166561178508927,-24.30843852996826,11.02275045156479,2.059875077903271,992.5991064453125,0.011388056463300175,26.77016207392688
2025-03-01T18:05:56Z,40.06593887834686,-75.29724649582415,4.5171023644129615,2.190890031463495,-8.588550731978064,-0.41539002771782385,1.5453655471062488,0.01696518197153457,0.13459242098484198,0.0009999999931658789,0.0010000000040073294,0.000999999993408622,0.0009999999893937992,0.0009999999902998193,0.0009999999849359003,0.000015000214056334166,0.000015000313611108439,0.9187242869711769,4.834207807361862,2.973510577009583,0.015277872598464885,0.0002451724833804918,0.00032121063245057634,0.010685959743505844,0.005754999999999748,0.00575499999999978,0.005754999999999882,0.0010475499999993757,0.0010475499999993523,0.0010475499999993885,-0.044948176868621556,9.766302592591552,0.39433417466545284,0.004345066601067189,-0.003148207534974233,-0.0018959350008610051,-26.61731363296509,10.496812906265259,-0.6039375219121575,992.6046435546875,-0.005023025585540284,28.618635534498267
2025-03-01T18:05:57Z,40.06531603949836,-75.2973999473265,4.793358691456043,2.265522763969525,-9.611464601585485,-0.4181016550924091,1.5455553784998672,0.018943306265002572,0.13675445237477293,0.0009999999929396722,0.0010000000039508817,0.000999999993237443,0.0009999999894073415,0.0009999999902797357,0.0009999999849852074,0.00001600017292247017,0.000016000315211895494,0.9049001072135416,5.50432770310792,3.368271262600277,0.013932335902915432,0.0002510864938290705,0.0003311700729549923,0.010695270541589617,0.00575599999999975,0.005755999999999781,0.005755999999999879,0.001047559999999375,0.0010475599999993533,0.0010475599999993895,-0.1911313339551266,9.717076455784527,0.813618821705214,-0.003055409899850752,0.0005046303696433446,-0.0022267365820878024,-27.010313701629638,9.942562909126282,0.5137500131130218,992.5229907226562,-0.026323077842918492,28.78667432319309
2025-03-01T18:05:58Z,40.0645331827281,-75.29757320850686,5.093315069102044,2.3412417492784536,-10.682007934751137,-0.46681676126469024,1.5443952644733396,0.02469434521055856,0.13755007076357173,0.0009999999931817308,0.0010000000039226697,0.0009999999932369431,0.0009999999891938266,0.0009999999901884255,0.0009999999851230817,0.00001700011792976705,0.000017000317139107615,0.8871560559316464,6.24272575533192,3.7984459228904246,0.013027554190619402,0.00025768820536556055,0.0003411933409540891,0.010705368388193798,0.005756999999999752,0.0057569999999997805,0.005756999999999879,0.001047569999999374,0.0010475699999993524,0.0010475699999993883,-0.22963420645077934,9.668236787156287,0.8318617985738391,-0.004359756094220373,-0.0007556537894031741,-0.006059996566000686,-26.81156364440918,8.339812803268433,-0.8981250376626849,992.450703125,-0.07248506299547687,28.092991968938925
2025-03-01T18:05:59Z,40.06384930018799,-75.29774700209266,5.156790691159954,2.406995807901602,-11.791868664130734,-0.49188320183307377,1.5480053282976285,0.02434096255486393,0.13734249064268628,0.0009999999931916397,0.0010000000041466308,0.0009999999931341462,0.0009999999889943633,0.0009999999901556527,0.0009999999850344079,0.000018000045270666082,0.000018000319459695263,0.867075646167165,7.053111527095156,4.276780605196579,0.012499913341057994,0.0002650266112997552,0.0003512376019788019,0.010714638817855598,0.005757999999999752,0.00575799999999978,0.005757999999999879,0.001047579999999374,0.001047579999999352,0.0010475799999993883,-0.2868226671746736,9.707439222967675,1.0047831217912913,0.0015656320718688652,-0.0013563376545074769,0.0001097376616429216,-26.3895011138916,10.053562932014465,0.0911249952763319,992.5492846679688,-0.015524178464852907,28.239782790812278
2025-03-01T18:06:00Z,40.06325422201363,-75.29792110795795,5.024003442545117,2.523729838740909,-12.493900006653869,-0.5669664988763072,1.5457885117233057,0.024022633744378585,0.13622406550977442,0.0009999999931461553,0.0010000000043000497,0.0009999999932314202,0.0009999999892352377,0.0009999999901950855,0.0009999999853343372,0.000018999950337918086,0.000019000322250968034,0.8470769630075685,7.948775858463128,4.805973896377222,0.012419752855235739,0.0002731598594576247,0.00036130536811073186,0.010724085949238023,0.0057589999999997496,0.0057589999999997825,0.005758999999999876,0.0010475899999993728,0.0010475899999993511,0.0010475899999993874,-0.1854827040473284,9.681223460709223,0.7110412595821957,-0.003435948602826963,-0.001868729574944953,0.00011658077038487571,-26.08612615585327,7.36200029373169,0.06506250057369471,992.6443505859374,-0.06989236050637379,27.10510110995939
2025-03-01T18:06:01Z,40.06249101791464,-75.29810712810283,4.8633470264959495,2.6417787346296464,-13.14886068733358,-0.6418129098326004,1.5494556418800152,0.028910619027938168,0.13557811152397325,0.0009999999929334261,0.0010000000047102543,0.0009999999931466145,0.0009999999894193747,0.0009999999900264288,0.0009999999855930222,0.00001999982783547767,0.000020000325599856083,0.829426839020535,8.920147403842092,5.3931352763714635,0.012556194350748966,0.00028209075354393355,0.00037134383637609896,0.01073453469911908,0.005759999999999752,0.005759999999999784,0.005759999999999874,0.0010475999999993732,0.0010475999999993515,0.0010475999999993877,-0.19226629077454477,9.679443127945733,0.6591797695649797,0.0025837399199432677,-0.001234164507024661,-0.005113156100485507,-25.966313610076906,6.946875295639038,-0.1211250068247318,992.6280981445312,-0.07512606732379715,26.87974069731452
2025-03-01T18:06:02Z,40.06161787370866,-75.29829894406389,4.648913853541936,2.7045424497957193,-13.602639827930698,-0.6746016031212332,1.552285694054706,0.026053091601651625,0.13839134978610784,0.0009999999928060098,0.001000000004934184,0.000999999993430264,0.0009999999892763925,0.000999999990240088,0.0009999999855458451,0.00002099967190094672,0.000021000329600213942,0.8151217730536713,9.971974627816632,6.044624582798898,0.012727198045027106,0.00029160801638132675,0.00038119832351490195,0.010743916502546726,0.005760999999999754,0.005760999999999782,0.005760999999999876,0.0010476099999993742,0.0010476099999993525,0.0010476099999993885,-0.22623914145545687,9.726137815752166,0.45936338470950855,0.0019717067734046313,0.002187011676121017,0.0026802099790543465,-24.750938529968263,6.321937747001648,0.3097500114887953,992.647529296875,-0.03923727304141921,25.54739135853927
2025-03-01T18:06:03Z,40.06041274024567,-75.29850129344601,4.5439473811253075,2.8566457940176027,-13.856539699717052,-0.629214634387023,1.54673226420568,0.026619125196480024,0.1405530495767991,0.0009999999927515371,0.0010000000052695363,0.0009999999935150434,0.0009999999894885138,0.0009999999901790801,0.0009999999857037,0.000021999476397430396,0.00002200033435282457,0.8046207992743439,11.105492329743623,6.765193079752197,0.012847608992407115,0.000301483809645585,0.00039106604794638154,0.010753946014108796,0.005761999999999756,0.005761999999999782,0.005761999999999875,0.001047619999999375,0.0010476199999993534,0.0010476199999993887,-0.08096015703207084,9.802115240727895,0.2961885688668622,-0.006202532094889902,0.0016572621884022773,-0.0008574650585464771,-23.937938461303713,7.649812817573547,0.83662503041327,992.5891259765625,0.028105636889797586,25.14442127965567
2025-03-01T18:06:04Z,40.058699280456096,-75.29871373091277,4.593475093889429,3.027028628206888,-13.817487453300666,-0.6753528430538143,1.544215524994452,0.02895273926460364,0.13872186806810102,0.0009999999929957636,0.0010000000051471152,0.0009999999930045457,0.000999999989174925,0.0009999999899074322,0.0009999999856577756,0.00002299923525416818,0.000023000339956231385,0.7977156661724197,12.29810564293143,7.541367084477876,0.012811770892357946,0.0003113595932754569,0.0004010966119984233,0.010764323629633792,0.005762999999999755,0.005762999999999781,0.005762999999999875,0.0010476299999993752,0.0010476299999993533,0.0010476299999993897,0.006058826034065621,9.704846913650329,0.061013988762128324,-0.0028122321297073564,-0.0021911862004748844,-0.0029242238847688963,-24.718125953674317,8.067937893867493,2.2370625942200424,992.4788403320313,-0.07378141181399586,26.097493575820394
2025-03-01T18:06:05Z,40.05661515467189,-75.29892966391513,4.691374125019704,3.0605660937697303,-14.261656606792727,-0.6734715152779673,1.545512509509886,0.027367108936023298,0.13711599364489588,0.0009999999931798577,0.0010000000053946641,0.0009999999932192825,0.0009999999890338087,0.0009999999898338149,0.0009999999856873077,0.000023998942145987368,0.000024000346517784326,0.7934468832329948,13.57412462178967,8.382769730842544,0.013152431497394515,0.0003212420905136244,0.00041105444820288485,0.01077415043849211,0.0057639999999997546,0.005763999999999781,0.005763999999999873,0.001047639999999374,0.0010476399999993524,0.0010476399999993892,-0.16022077277310734,9.72774616403534,0.5930084155779971,0.0013908850112322746,-0.0018487012737545732,0.0007875305145359198,-21.83418830871582,9.192187881469726,1.0968750419467688,992.4180639648438,-0.03165299301202276,23.715581868207654
2025-03-01T18:06:06Z,40.05433229169886,-75.29914335399154,4.8148136295670465,3.129542609195926,-14.367537730665516,-0.6211374714659542,1.5487674055524707,0.030298423082946377,0.13578589984985,0.000999999993432029,0.0010000000054871177,0.000999999992780746,0.0009999999887524735,0.0009999999899068248,0.0009999999856469713,0.00002499859059804096,0.000025000354158153096,0.7914158543110775,14.929953211747641,9.292721236716538,0.013375598789917731,0.0003311966478530783,0.0004209106821848351,0.010784744079090969,0.005764999999999752,0.005764999999999782,0.005764999999999875,0.001047649999999374,0.0010476499999993525,0.0010476499999993887,-0.04742075955340972,9.787917764022518,0.3278137129420546,0.003774925934474707,-0.0012036217437812315,-0.003901607656527953,-22.029563217163087,9.083625373840333,1.5907500648871065,992.4026245117187,0.014757510733095463,23.88183338339879
2025-03-01T18:06:07Z,40.05142395796408,-75.29935901657252,5.0698352672266545,3.026446336925869,-14.523416349803792,-0.6801789026950226,1.5433331669319355,0.029573019937230976,0.13382206008319675,0.0009999999932585547,0.0010000000056297597,0.0009999999929421982,0.0009999999886866485,0.0009999999899484066,0.000999999985389403,0.00002599817454264294,0.00002600036299686159,0.7914124074722013,16.34551268390108,10.250688124394767,0.013683219750387995,0.0003409538035506802,0.00043067576188975863,0.010794784306682834,0.005765999999999751,0.00576599999999978,0.005765999999999873,0.0010476599999993744,0.0010476599999993533,0.0010476599999993895,-0.1452362089407769,9.657138337677019,0.4645805198761657,-0.004337224342798165,-0.0015983469940720448,-0.0006745392334342426,-22.25100067138672,8.025375299453735,0.9828750371932984,992.2835546875,-0.10934859559743974,23.674402179646698
2025-03-01T18:06:08Z,40.04847711115258,-75.29956410269276,5.245272883515841,2.72870737225416,-14.405958088444189,-0.6691255872524255,1.543951520160541,0.028338693720623667,0.1379932685966571,0.0009999999933548132,0.0010000000057669265,0.0009999999928442373,0.0009999999885488165,0.0009999999898764123,0.0009999999850173061,0.00002699768853290848,0.00002700037315647064,0.7928407094357839,17.84098314439058,11.271964454464275,0.013638886066686541,0.0003508257979184291,0.0004400212159857059,0.010804782225476432,0.005766999999999754,0.005766999999999778,0.005766999999999872,0.0010476699999993737,0.0010476699999993537,0.00104766999999939,-0.2602623342847713,9.732444182072413,0.28605895534491005,0.001891426731038488,0.004752310155232263,-0.00012442725902609146,-23.496750717163085,7.213500318527221,0.5805000213161111,992.300322265625,-0.03863336375317771,24.585897676069035
2025-03-01T18:06:09Z,40.04512947312277,-75.29976122484246,5.4623684601238125,2.455177529596918,-14.409683612476236,-0.7018036504319934,1.5429911595460215,0.025122651756822583,0.1343181236776673,0.0009999999932527167,0.001000000005714148,0.0009999999928197137,0.0009999999884272555,0.000999999989738326,0.000999999984792455,0.00002799712772402306,0.00002800038476415233,0.7953050940087161,19.409978771621844,12.347277135034888,0.013943677320154375,0.00036007188702478376,0.0004496169695056759,0.01081436692351949,0.005767999999999757,0.005767999999999781,0.005767999999999874,0.0010476799999993734,0.0010476799999993526,0.0010476799999993886,-0.1591616554587095,9.67922287868486,0.5264800996016511,0.00102036051644581,-0.002860133436553095,0.0013683530226035329,-25.004626178741454,7.137562766075134,0.16631250865757466,992.2421411132813,-0.08392046292234633,26.003868013620615
2025-03-01T18:06:10Z,40.04099686068682,-75.29994884960149,5.777048952678818,2.061329171027286,-14.112066929566998,-0.7696359467813566,1.5355091538276646,0.030941589845150008,0.13505960289781968,0.0009999999929257495,0.001000000005853365,0.000999999992882409,0.0009999999883940525,0.00099999998973302,0.0009999999845246208,0.000028996487979127942,0.000029000397946438467,0.798812469103255,21.03732512223174,13.471714222546728,0.014098299418583494,0.00036946652917684827,0.00045885972502216117,0.010825476329077434,0.0057689999999997596,0.005768999999999782,0.0057689999999998715,0.0010476899999993727,0.0010476899999993516,0.001047689999999388,-0.12478869132861044,9.632663519217816,0.4202564316029131,-0.004878991325299429,0.0022579457528750123,-0.008035125666224425,-24.710251064300536,6.859687805175781,-0.26625000808387994,992.1116259765626,-0.13615504010603005,25.64605445677362
2025-03-01T18:06:11Z,40.03581331616679,-75.30012027742191,6.308487483670337,1.472626818819891,-13.550830810293432,-0.6668929009243172,1.5367555585813224,0.024881201569297177,0.12812046273536987,0.0009999999928435538,0.0010000000056757262,0.0009999999928892995,0.0009999999884903782,0.000999999989511866,0.0009999999844952675,0.000029995766195247158,0.000030000412835520548,0.80287149563709,22.759116679589944,14.668201182154837,0.014177264601068081,0.0003780256189652526,0.00046827254189158135,0.010834599992018077,0.005769999999999758,0.005769999999999781,0.005769999999999868,0.0010476999999993728,0.001047699999999352,0.0010476999999993882,-0.11142876511415227,9.785046425495652,0.39190147733344616,0.004996656382886508,-0.005245510018437312,0.0028891724062966107,-24.83287614822388,6.325500264167785,-0.5469375214725732,991.9239501953125,0.014676223961064081,25.63162556939565
2025-03-01T18:06:12Z,40.02946732377351,-75.3002680107211,7.132860978623373,0.5149162425967828,-12.848735157604091,-0.5998753239104839,1.5335497803276101,0.021669359919642295,0.12633034929542744,0.0009999999926085888,0.0010000000056123836,0.0009999999929951357,0.0009999999885859302,0.000999999989450941,0.0009999999843626382,0.00003099495997998622,0.00003100042956673257,0.8070438711968568,24.546538516969093,15.906212767612184,0.01419846378136173,0.0003866414659011618,0.0004772858626433432,0.010844287183222534,0.005770999999999756,0.00577099999999978,0.005770999999999866,0.0010477099999993723,0.0010477099999993515,0.0010477099999993877,-0.21078386131483612,9.723078131498072,0.4743871746127011,0.0014209269494804542,0.0005947576497643916,-0.0005443549035341071,-24.398251037597657,6.585937767028809,0.06225000139325859,991.6977294921875,-0.04199841302025286,25.271536143494128
2025-03-01T18:06:13Z,40.02242609843832,-75.30038512424997,8.08205311280424,-0.5982186754577008,-12.270474089097124,-0.5945596540459985,1.5246979571726564,0.017331931194223788,0.1189154690231183,0.0009999999926732508,0.0010000000054893007,0.0009999999931240885,0.0009999999884083757,0.0009999999898289624,0.0009999999846169061,0.00003199406771494015,0.00003200044826543981,0.8117188644150104,26.41388506782403,17.182009292538645,0.014692846483443205,0.00039470425166296126,0.0004863926203915477,0.010853739723636298,0.005771999999999755,0.00577199999999978,0.005771999999999866,0.001047719999999372,0.0010477199999993521,0.0010477199999993883,-0.20933509088686064,9.634856914514652,0.8609345968659236,-0.0033212865753976936,-0.004665188344046194,-0.0000633407000191666,-24.289688491821288,7.297687773704529,-0.17025001157075167,991.5348779296875,-0.10347606175833822,25.36280000086364
2025-03-01T18:06:14Z,40.01750731757363,-75.30048732381726,8.560727854966098,-1.4159494635473049,-11.52079716973683,-0.5161304837095195,1.522076341600762,0.015592379646080269,0.11573702052582766,0.0009999999925305798,0.0010000000055736806,0.0009999999930529733,0.0009999999884214403,0.000999999990026684,0.0009999999848410886,0.00003299308888370679,0.000033000469056577456,0.8165787716702138,28.35411203015217,18.51727253476801,0.014534457900028578,0.0004025434697477114,0.0004952955068071842,0.01086334769362129,0.005772999999999757,0.005772999999999783,0.005772999999999868,0.0010477299999993722,0.0010477299999993514,0.0010477299999993876,-0.16583017853415571,9.771326844632021,0.5156143304737126,0.0014008990567896096,-0.001177751771751718,-0.0011952762339353454,-23.95087589263916,6.908062767982483,0.29118751496076584,991.8101733398438,0.007259145415995839,24.928859711826725
2025-03-01T18:06:15Z,40.012870494629105,-75.3005690910735,9.006970339621368,-2.1572417660883487,-10.78482540210867,-0.46766373835132447,1.5141194359420211,0.016743551899628298,0.11271817861277623,0.000999999992858116,0.0010000000053547778,0.0009999999932056706,0.0009999999883494044,0.000999999989913153,0.0009999999850710223,0.000033992023211667894,0.000034000492072743866,0.8205988785696106,30.369756050995814,19.893368964897256,0.01444498145928776,0.0004100963633842717,0.0005041682925924686,0.010873309649480254,0.005773999999999755,0.005773999999999781,0.005773999999999865,0.0010477399999993717,0.0010477399999993518,0.0010477399999993878,-0.13009277828517038,9.746761265431235,0.5988806324391247,-0.004054323865522664,-0.0009796377967573383,-0.0038303402751279736,-24.391313457489012,7.170187792778015,0.9050625257194043,991.821806640625,-0.013138018559990841,25.439424536748643
2025-03-01T18:06:16Z,40.00740830685015,-75.30061737356306,9.655536301270702,-3.0827995682319527,-9.706805988383412,-0.3722709858369036,1.5063973466015759,0.012266836839289051,0.10662656087751203,0.000999999992662299,0.001000000005261407,0.0009999999930793936,0.0009999999883580925,0.0009999999902783796,0.0009999999850650726,0.00003499086994970437,0.00003500051745184492,0.8233806702900409,32.4632890432659,21.318111479417205,0.014099298329203525,0.0004172720546502812,0.0005131198960765163,0.010882406760675077,0.005774999999999752,0.0057749999999997794,0.005774999999999863,0.001047749999999373,0.0010477499999993517,0.0010477499999993881,-0.1468425399155028,9.785564882590979,0.5282524905322387,-0.0030667586494922735,-0.004033962059613308,0.0012703807877538476,-23.5543133354187,7.818562808036805,-0.0778125047683716,991.6660815429688,0.021647966461705134,24.81812113172636
2025-03-01T18:06:17Z,40.00378654160254,-75.30067256625095,9.91411222407391,-3.733403587687652,-9.191733489570217,-0.47074004809329206,1.5003952176197957,0.016344132378519165,0.10167067956787304,0.0009999999925438276,0.0010000000052100013,0.0009999999929009402,0.00099999998817221,0.0009999999901502046,0.0009999999853101185,0.00003598962767931262,0.00003600054532945343,0.8249912374846379,34.62741943069224,22.760765186224504,0.014056982226880097,0.0004244064730426717,0.0005221004906858614,0.01089263330302191,0.005775999999999753,0.005775999999999777,0.005775999999999863,0.0010477599999993733,0.0010477599999993525,0.001047759999999389,-0.22062973722820695,9.608575724987334,0.8214249106641506,-0.002925225313380373,-0.0032006151016504038,-0.006142279992548597,-22.726688327789308,7.539750280380249,0.6328125260025262,991.8803002929687,-0.13317499703810853,23.953041912812296
2025-03-01T18:06:18Z,40.00117695459948,-75.30073228614742,9.883102950727013,-4.253741380812747,-8.739035768201633,-0.5320157624774079,1.500644306619306,0.020236003187461313,0.10155648167647364,0.0009999999925834765,0.001000000005015536,0.0009999999926138359,0.0009999999880362896,0.000999999989969884,0.000999999985450989,0.00003698829440809129,0.00003700057584150508,0.8256417283255741,36.888837374332596,24.256301472938553,0.013826389556805527,0.000431511268248069,0.0005311091955849512,0.010902779057920137,0.005776999999999754,0.005776999999999779,0.005776999999999864,0.0010477699999993728,0.001047769999999353,0.00104776999999939,-0.30588548396030507,9.670549884473042,0.727454971072223,0.002390299546485756,0.0011482076283943084,-0.005011345457167076,-22.394063148498535,7.596750292778015,0.7702500281482935,992.0156298828125,-0.07667641446633894,23.65999921325196
2025-03-01T18:06:19Z,39.999801638907485,-75.30080671636654,9.541180642932526,-4.449617588387291,-8.314290853653016,-0.620633706915628,1.4985724865182743,0.029969912359463096,0.09733677014193014,0.000999999992464931,0.001000000004792907,0.000999999992551894,0.0009999999883509108,0.0009999999902012527,0.0009999999857216745,0.00003798686572394071,0.000038000609163953305,0.8246854413598086,39.22915747791772,25.804666952793788,0.013405282570113215,0.0004386739387195265,0.00054035087216291,0.010913751060578882,0.005777999999999754,0.005777999999999779,0.005777999999999864,0.0010477799999993728,0.001047779999999352,0.0010477799999993901,-0.23388832729337633,9.680791930897184,0.5316972387072093,-0.000872319209191259,-0.0030604169918841797,-0.010518475115987263,-22.699125823974608,6.993562769889832,0.24206250730901957,992.2034106445312,-0.08121522591617293,23.75324012784513
2025-03-01T18:06:20Z,39.99821374637768,-75.30087072879873,9.169145592006156,-4.468889621989749,-7.861936568446205,-0.648215590290008,1.4958939429909308,0.044361730305759996,0.08587868184081444,0.0009999999924664598,0.0010000000048927078,0.0009999999928094541,0.0009999999886359222,0.0009999999903714848,0.0009999999855422334,0.0000389853355076989,0.000039000645516545035,0.8224071022031043,41.68764325721001,27.430279568218218,0.013158846500741572,0.0004461995854042156,0.000549751969269727,0.010925470174862466,0.005778999999999752,0.005778999999999778,0.005778999999999863,0.0010477899999993732,0.0010477899999993515,0.0010477899999993914,-0.16271493194243802,9.739542888636565,0.5859992757290577,-0.0010712677099045478,-0.009857539195159448,-0.015732022068620437,-22.227375831604004,5.892000224590301,0.741000021211803,992.2293432617188,-0.020954912127012247,23.006926103960357
2025-03-01T18:06:21Z,39.99577414539456,-75.30091221552435,8.906480151581498,-4.1714427716178495,-7.687499968375514,-0.6655306659837916,1.4978398737613206,0.052830812843502876,0.04732543123545988,0.0009999999923011214,0.0010000000049587986,0.0009999999926160413,0.00099999998869755,0.000999999990238839,0.00099999998583083,0.000039983703234603816,0.00004000068509745026,0.8213427103047783,44.281291219275246,29.136226278142086,0.013788969307353939,0.0004538096559815223,0.0005590694161812156,0.010935774888320381,0.005779999999999751,0.005779999999999777,0.0057799999999998625,0.0010477999999993718,0.001047799999999351,0.0010477999999993909,0.1240151746340437,9.720214669644825,1.049919861219319,0.005506711403851915,-0.036998461693515367,-0.012160800006710704,-21.954938316345213,5.715000219345093,0.45243751831352713,992.1770385742187,-0.001946272130492447,22.691032160927634
2025-03-01T18:06:22Z,39.9932554878142,-75.30094620130983,8.663084967529556,-3.840872606694459,-7.394372632177269,-0.614701176752986,1.4963814715525354,0.062027818598935136,0.008981103916143967,0.0009999999923309575,0.0010000000049609538,0.0009999999924754782,0.0009999999885110936,0.0009999999903010962,0.0009999999858309224,0.00004098197605037558,0.000041000728071925896,0.8232218459182683,46.9573970498539,30.930424370331146,0.0147663730124587,0.00046209359035721495,0.0005675535464918645,0.010945971398409532,0.005780999999999751,0.005780999999999777,0.005780999999999862,0.001047809999999372,0.0010478099999993503,0.00104780999999939,0.12653744421054913,9.802753264740117,0.924783078566127,0.0023902991288055134,-0.036654140747829654,-0.013074760366419903,-26.053688602447508,5.484562729597092,1.626750058233738,992.2046337890625,0.06757360706988097,26.674308359952175
2025-03-01T18:06:23Z,39.989928530730005,-75.30095274509628,8.54082332707838,-3.7349776013481444,-6.504837283077356,-0.6625742947643016,1.495294952864446,0.057331620421687934,6.258818392338706,0.0009999999925485927,0.0010000000051425932,0.0009999999927937054,0.0009999999888401924,0.0009999999901104254,0.000999999985758419,0.000041980158426897355,0.00004200077467731448,0.8269225273860044,49.5933109706052,32.78223574408934,0.015605748209072467,0.00047024116860307365,0.0005749223792069482,0.010954099234149757,0.005781999999999748,0.005781999999999774,0.005781999999999859,0.0010478199999993728,0.0010478199999993513,0.0010478199999993901,0.09487242852421593,9.726581731473413,0.44749472565087123,0.0029095342972652203,-0.032306820181394816,0.0003846269445934077,-26.61600109100342,9.858750371932983,2.363062592744827,992.145439453125,-0.04228246644282878,28.481356131314342
2025-03-01T18:06:24Z,39.985876663638535,-75.3009332931396,8.492535742325943,-3.760413118436483,-5.705048493143478,-0.6750813948424205,1.4877523136655286,0.04873684848974198,6.217146994407014,0.000999999992876458,0.0010000000051401592,0.0009999999929382235,0.0009999999886131574,0.0009999999905850917,0.0009999999857076044,0.00004297825512337028,0.000043000825216227235,0.8331048745635566,52.24808573358,34.74683501078667,0.017484853559419956,0.00047934024092682474,0.0005802966590343844,0.010961695772353085,0.005782999999999746,0.005782999999999772,0.005782999999999857,0.001047829999999373,0.0010478299999993521,0.0010478299999993894,0.30449676411721144,9.742456121345755,0.6485140540088665,-0.003195608315776423,-0.040503423670402196,0.0024699125231869394,-24.983438701629638,12.452063074111939,3.954750163555145,992.0888159179688,-0.010939321220686672,28.193319628231766
2025-03-01T18:06:25Z,39.98215373895388,-75.30091474469323,8.390973906468673,-4.02466456705968,-5.188516613818848,-0.660726803113622,1.4822863463637723,0.049202450176303446,6.177048894903262,0.0009999999928425691,0.0010000000049318505,0.000999999992961751,0.0009999999884113603,0.0009999999904872314,0.0009999999857464028,0.000043976281048462376,0.000044000879969497496,0.8440877296305282,54.856579758801146,36.811789628734935,0.019443975226437333,0.0004898852741805544,0.0005831524143225143,0.010970314474924683,0.005783999999999743,0.005783999999999771,0.005783999999999855,0.0010478399999993733,0.0010478399999993525,0.001047839999999389,0.22611875232571318,9.746242800389554,0.8791998033258901,-0.0018653919923260326,-0.038150759403492135,-0.00711882866095161,-24.30150094985962,12.165562992095948,5.3325001955032345,992.1390649414062,0.008670518080433107,27.69470380817325
2025-03-01T18:06:26Z,39.979252370771334,-75.3009098637837,8.202244004124589,-4.256804270840953,-4.868755981151729,-0.6028865885005937,1.4786982675078135,0.04617611232394032,6.136031156666843,0.0009999999931625903,0.0010000000049388376,0.0009999999927853425,0.000999999988690534,0.0009999999903066,0.000999999985978969,0.000044974260552510916,0.0000450009392008471,0.8604366386475738,57.33288054095493,38.99179184732725,0.021494068648680136,0.0005012812913159756,0.0005827470465309956,0.010978286374229575,0.005784999999999744,0.005784999999999769,0.0057849999999998545,0.0010478499999993735,0.0010478499999993518,0.001047849999999388,0.22188554550299391,9.794117612740008,0.9369080225035822,-0.000621964704687537,-0.03959213365962405,-0.0037188487842009475,-24.70518850326538,11.84231291770935,5.923500232696533,992.2423193359375,0.06153422864037415,28.029836329512865
2025-03-01T18:06:27Z,39.97637633966422,-75.30090133027335,7.989374330830866,-4.334653030956395,-4.152561663972864,-0.7206615756978193,1.4854432182248765,0.040546600278837296,6.086038540468055,0.0009999999933424256,0.001000000004658364,0.0009999999929402367,0.0009999999884900003,0.00099999999055313,0.000999999986146886,0.000045972223518044954,0.000046001003260436126,0.8829374149455433,59.43740158794851,41.289047142158516,0.02508712333778063,0.0005141549687662613,0.000577757197751113,0.010985756848161754,0.005785999999999741,0.005785999999999767,0.005785999999999852,0.001047859999999374,0.0010478599999993524,0.0010478599999993888,0.5329583755694407,9.67314207458002,0.3903461434261377,0.00955777948704559,-0.04862709035616531,-0.002425350911010399,-26.469938678741457,10.844812912940979,7.810875306129455,992.2712744140625,-0.08420065206573192,29.652561182142325
2025-03-01T18:06:28Z,39.97103820947115,-75.30083880386468,8.137925415280934,-6.130780786993307,-3.5477235661200517,-0.7252659321025011,1.4782676478053114,0.03447568967906359,6.043055319217458,0.0009999999932511698,0.0010000000046173907,0.0009999999927923619,0.0009999999884128129,0.0009999999905465756,0.0009999999863924667,0.000046970207792390634,0.000047001072518939116,0.9115776439704716,61.22402750414901,43.68114407916372,0.027116391559717505,0.0005272737250733276,0.0005689616034116288,0.010993399349340998,0.005786999999999742,0.005786999999999769,0.005786999999999855,0.0010478699999993731,0.0010478699999993514,0.0010478699999993879,0.29056544153313013,9.678565811152568,0.8204560124472843,-0.005255691217390098,-0.039861180818651545,-0.005642572368146221,-24.77250118255615,11.19131290435791,7.690125312805176,992.0249829101563,-0.06232052146348691,28.249910796835763
2025-03-01T18:06:29Z,39.96500640942889,-75.30076166479707,8.506995645014147,-8.891571000159038,-2.9424934491834094,-0.6116057089084685,1.492263784817779,0.020736135010428286,5.996863774278668,0.0009999999936382755,0.0010000000046252342,0.0009999999927654513,0.0009999999883583625,0.0009999999903358473,0.0009999999865453449,0.0000479682544614857,0.00004800114728485884,0.9425051368421983,62.60292598494851,46.19050536445309,0.027894273016355577,0.0005404932945637151,0.0005560701969610704,0.011000630623876706,0.005787999999999744,0.005787999999999772,0.005787999999999857,0.0010478799999993735,0.0010478799999993516,0.001047879999999389,0.20643026406430984,9.762971703946858,0.8287995099236317,0.014689711315363682,-0.042936868738823,-0.0003540855240432632,-24.275250968933104,10.360125436782837,9.132750377655029,991.9104370117187,0.02024433585677035,27.928915199529143
2025-03-01T18:06:30Z,39.95796619774072,-75.30066366116407,9.237173126438439,-12.626120509764103,-2.263402611573994,-0.5031575433765392,1.4931308296082408,0.0053609260436815204,5.947548008014874,0.000999999993396734,0.0010000000049724504,0.0009999999930777478,0.000999999988291556,0.0009999999902403623,0.0009999999863821293,0.000048966399848165535,0.00004900122787830948,0.9731645784187809,63.50389023090525,48.82554183706543,0.029032662098876862,0.0005534792951537935,0.0005400558697098905,0.01100794864163334,0.005788999999999741,0.005788999999999774,0.005788999999999854,0.0010478899999993721,0.0010478899999993505,0.0010478899999993877,0.4385216391640692,9.732324559524997,0.6684320139547513,-0.0003178676920553926,-0.045104436891733816,-0.0016006836771179718,-23.828813362121583,11.033625421524048,9.79237533569336,991.7148291015625,-0.015002383133768766,28.025720461420924
2025-03-01T18:06:31Z,39.95070582408619,-75.30055745225489,10.22926799612481,-17.336756632425022,-1.7307672882873804,-0.35002264574962866,1.497090239279283,6.278495720121109,5.90335484489663,0.0009999999936126719,0.0010000000051719913,0.0009999999931279337,0.000999999988504358,0.0009999999904437558,0.000999999986391462,0.000049964668899625066,0.00005000131459881453,1.0002832293658648,64.00194631526587,51.52794244193194,0.028123305535738892,0.0005651480294089269,0.0005228559445389378,0.011015541359240924,0.005789999999999741,0.005789999999999775,0.005789999999999852,0.001047899999999373,0.0010478999999993513,0.0010478999999993873,0.2960630492485648,9.740220208460103,0.832565270993147,0.0009602749917225965,-0.039101439002147624,-0.007914788809609566,-23.57568826675415,10.667062902450562,10.268250370025635,991.5546069335937,0.00003316595412139735,27.839422577911392
2025-03-01T18:06:32Z,39.94467215907067,-75.30046900201786,11.173774843330238,-21.551276541041,-1.0581296749416578,-0.2605045726762912,1.4987089872790273,6.25913261922069,5.86182268250236,0.0009999999935397176,0.0010000000053948044,0.0009999999930630184,0.000999999988793318,0.0009999999904576123,0.0009999999862277706,0.000050963062684956,0.00005100140777600535,1.019931085063786,64.12388350913548,54.32937773532408,0.026963709585948018,0.0005754007839162317,0.000505780163300304,0.011023141252476075,0.005790999999999743,0.005790999999999777,0.005790999999999849,0.0010479099999993725,0.0010479099999993508,0.0010479099999993863,0.3323201936199563,9.72291276359041,0.4926791907443778,-0.002323540582622693,-0.0379471378509474,0.003561123577904622,-23.473875789642335,11.596312952041625,11.940562982559204,991.5439794921875,-0.03923012356100453,28.776230533994745
2025-03-01T18:06:33Z,39.93976165087983,-75.30039709583866,12.03947429203672,-25.063140923911526,-0.8727742867025724,-0.14655936891421578,1.502102584784783,6.252526915630422,5.80830018314877,0.0009999999936127575,0.001000000005362293,0.000999999993100515,0.0009999999890384981,0.0009999999902963713,0.0009999999861094676,0.00005196157537005505,0.000052001507756767166,1.033124006046116,64.0597689523147,57.27069388720869,0.026336607031114685,0.0005842441764459073,0.0004896398355277638,0.01103115459198885,0.005791999999999741,0.005791999999999775,0.005791999999999852,0.0010479199999993715,0.0010479199999993498,0.0010479199999993863,0.692001315625015,9.744488119119971,0.7280531771792551,-0.0014931981470223152,-0.04985666482112368,-0.007804632923351186,-23.54981336593628,13.508250551223755,12.52218804359436,991.5390771484375,0.015786456991206888,29.897637081438937
2025-03-01T18:06:34Z,39.93605674791093,-75.30034272332838,12.725225041370864,-27.979915595220245,-0.5610958686795136,-0.1573558655093968,1.507511133502511,6.243334276313759,5.76246551679605,0.0009999999932937037,0.001000000005629074,0.00099999999280038,0.0009999999890026008,0.0009999999904984742,0.0009999999860219348,0.000052960190822379776,0.000053001614863857416,1.0392023277865687,63.80761427510198,60.24441638786201,0.0243427646230996,0.0005910235543898419,0.00047632967379052663,0.01103936925821176,0.0057929999999997385,0.0057929999999997775,0.005792999999999854,0.001047929999999372,0.0010479299999993502,0.0010479299999993866,0.4313555940871837,9.669690755369734,0.5545271178888844,0.0007409646964118121,-0.04337365367783307,-0.0018653918491538177,-24.706126022338868,12.183750457763672,12.75356297492981,991.5737133789063,-0.0852144747080628,30.355999860910977
2025-03-01T18:06:35Z,39.93357319679634,-75.30030584497379,13.112825053816762,-30.05464344917352,-0.7646609791169522,-0.19985916081674343,1.5133240914743316,6.242281698953821,5.713631669690862,0.0009999999934606108,0.0010000000056558617,0.0009999999929563878,0.0009999999886886662,0.0009999999904807036,0.0009999999860793995,0.000053958878173881786,0.00005400172936985258,1.0361333046944368,63.59954589133353,63.289516949309146,0.02206469389700028,0.0005957153358746349,0.0004665283178608311,0.011047861915820087,0.005793999999999741,0.005793999999999775,0.005793999999999852,0.0010479399999993723,0.0010479399999993506,0.0010479399999993868,0.5524997589953251,9.645784114832018,0.9409346414578431,0.0016368995498691583,-0.046947212273997986,-0.007078104501737114,-28.42950117111206,11.010000438690186,12.553500518798828,991.6574633789063,-0.07308445392977005,32.9703454246261
2025-03-01T18:06:36Z,39.93111984841221,-75.30026154099995,13.43925768910417,-32.245994993667416,-0.9163228781732076,-0.2686078082398923,1.5157741148724908,6.238876860698338,5.666523460890934,0.0009999999930921878,0.0010000000058378567,0.000999999992941592,0.000999999988263125,0.000999999990154671,0.000999999985808723,0.00005495760024433272,0.00005500185145126335,1.0240621463281947,63.519822097775055,66.3904101734808,0.019710740478059006,0.0005992051536997316,0.0004605353424958356,0.01105660421253833,0.005794999999999739,0.005794999999999773,0.00579499999999985,0.0010479499999993716,0.0010479499999993497,0.001047949999999386,0.4209213189683659,9.628855859469402,0.9735064411138497,-0.0017635809035960728,-0.04550049756868118,-0.004119415982797757,-27.040501079559327,6.878250300884247,12.610500526428222,991.6185131835938,-0.09330149787182031,30.618958891526628
2025-03-01T18:06:37Z,39.92936630876606,-75.30022485333282,13.488279368146431,-33.671303639111464,-0.7253943438084134,-0.3950768971355692,1.5198519552247942,6.242676199302727,5.630931528097653,0.000999999993015018,0.0010000000057248935,0.0009999999929556646,0.0009999999882515113,0.0009999999903147502,0.0009999999860513236,0.00005595630815184612,0.00005600198131497052,1.0051327695527816,63.62133909450707,69.58482937570619,0.017777627489891486,0.0006024647107596813,0.0004574202612068647,0.011065445310014533,0.00579599999999974,0.005795999999999774,0.005795999999999851,0.0010479599999993722,0.0010479599999993505,0.0010479599999993867,0.2839452979931768,9.621975524260723,0.5764678642000806,0.0011380264776218183,-0.03426158715921482,-0.008829250182715609,-24.73312593460083,6.248250250816345,13.823063106536866,991.695888671875,-0.1370198712963089,29.014518441220773
2025-03-01T18:06:38Z,39.9268864907818,-75.30015276913355,13.587251799161278,-35.412223669775784,-0.7399919604656133,-0.46532674308616434,1.5240546311268013,6.239032909276624,5.581152161771006,0.00099999999299815,0.0010000000055790728,0.0009999999929409305,0.0009999999880404365,0.0009999999901361615,0.000999999986096817,0.000056954961016269246,0.00005700211916973889,0.9836635616919109,64.04160979038667,72.89937026553227,0.016924096594923964,0.0006042081563040153,0.00045894193543542675,0.011074705247076619,0.005796999999999741,0.0057969999999997746,0.005796999999999851,0.0010479699999993725,0.0010479699999993508,0.0010479699999993868,0.5793575603758199,9.645527196534482,0.7241037200677926,0.00019919771621714584,-0.04851476500985855,-0.0029277289339751378,-22.194938278198244,6.69825026512146,15.86850058555603,991.6042065429688,-0.09044298842891278,28.09427527222068
2025-03-01T18:06:39Z,39.92316598036051,-75.30000831464582,13.876589717851333,-38.06751464175295,-0.6476554219503166,-0.4885861118401744,1.5259377908320737,6.236751959129285,5.533382678873294,0.0009999999926547333,0.0010000000057295204,0.000999999993109899,0.0009999999883276052,0.0009999999901640496,0.000999999985930622,0.000057953523471130035,0.000058002264912498925,0.96138110688859,64.79474331624652,76.24885310948747,0.016243852537914584,0.0006055861855677445,0.0004632440367898681,0.011084104933083198,0.0057979999999997435,0.005797999999999776,0.005797999999999849,0.001047979999999372,0.0010479799999993506,0.0010479799999993868,0.5063581603736165,9.663291652038081,0.9754710411499995,-0.0027613267357928543,-0.04593928533686014,-0.0056018480242430915,-21.983813343048094,7.54406280040741,16.280438232421876,991.4395776367187,-0.05489540009520869,28.37693999658941
2025-03-01T18:06:40Z,39.92000845164641,-75.29985578417713,13.942271792175957,-40.20700076448039,-0.5272768942864828,-0.5754756195482389,1.5286847551196356,6.238480940372557,5.487331434653712,0.0009999999927049895,0.0010000000057741971,0.0009999999931515457,0.0009999999880014824,0.0009999999904075833,0.0009999999856078149,0.00005895194606633436,0.000059002418010136625,0.9383635426281871,65.8950065089822,79.59821378580216,0.016073001555875533,0.0006069138758338938,0.0004697950894000839,0.011093625955148958,0.005798999999999742,0.005798999999999776,0.005798999999999846,0.0010479899999993724,0.0010479899999993503,0.0010479899999993867,0.42831226827938756,9.620499999358486,1.035889816610203,-0.0008880081443525305,-0.04458520207229222,-0.008014763925687675,-22.63293821334839,7.200750298500061,17.031563243865968,991.5105908203125,-0.09494341531087848,29.22621904068323
2025-03-01T18:06:41Z,40.0709415973539,-75.28207747198886,10.767131207916739,21.237672143350096,15.131331711924146,-0.8095390864385511,1.4160395858007313,0.02309661873025277,5.508238737139819,0.0009999999925984413,0.0010000000052363866,0.0009999999933447315,0.0009999999880289535,0.0009999999904403928,0.0009999999848776123,3.075870641185833e-10,3.075872811864722e-10,0.6620411002738027,0.004228223627476696,0.004228279245526127,0.012226233397886182,0.00017483818047940033,0.00017338261701805837,0.010982965252388075,0.0057999999999997455,0.005799999999999773,0.0057999999999998495,0.0010479999999993715,0.0010479999999993498,0.001047999999999386,0.5123192998765954,9.611243198951826,0.9197267736527299,0.0022921607466549095,-0.048504751198706925,-0.008635809686223272,-22.454813232421873,6.151875252723694,17.378438205718993,991.5328198242188,-0.11339712708126463,29.052906392862095
2025-03-01T18:06:42Z,40.07110526161457,-75.28190084109242,10.938524243378698,22.05006371399412,14.967923655032894,-0.7943589695035572,1.414039887571589,0.019090579491149246,5.461178105256842,0.0009999999927290367,0.0010000000051660545,0.0009999999932782911,0.000999999988237336,0.000999999990283248,0.0009999999850989713,1.0003075872414837e-6,1.0003075876734163e-6,0.682117883839079,0.022116491449699217,0.025413495625824182,0.012589065650095072,0.00018492294515761885,0.00018304512005624742,0.010991540025154367,0.005800999999999743,0.005800999999999774,0.005800999999999847,0.0010480099999993703,0.0010480099999993506,0.0010480099999993849,0.48765425891284586,9.693201866780448,1.045461104305597,-0.0010305429408136006,-0.04608182066700926,-0.004716093929360269,-22.71337574005127,5.129437689781189,17.84456323623657,991.4237231445312,-0.020508567399817733,29.336564655276373
2025-03-01T18:06:43Z,40.07127023917539,-75.28172657930052,10.81600749892447,22.73275464129984,14.708439334488833,-0.748693546366131,1.4169377627307211,0.01639944510900959,5.412963959082094,0.0009999999930198336,0.0010000000050154763,0.0009999999934764338,0.0009999999880847764,0.000999999990364383,0.0009999999852162102,2.000307588258094e-6,2.0003075918646845e-6,0.702506015616973,0.07539787030265745,0.08459607188543437,0.013104115121015742,0.00019501078671841355,0.000192612399279355,0.011000475320483604,0.005801999999999747,0.005801999999999772,0.005801999999999849,0.00104801999999937,0.001048019999999351,0.0010480199999993846,0.4910192526603978,9.730060512725165,1.1779162540112158,0.0037942875593215027,-0.04709275158939102,-0.005851868456180081,-22.598625679016113,6.021937763690948,18.888563327789306,991.7083471679688,0.03130256965270564,30.062208635537687
2025-03-01T18:06:44Z,40.07143456502031,-75.28155408206709,10.58743037439293,23.415533715991888,14.62780118998489,-0.7715610613390301,1.4230043834975308,0.015383105279592897,5.368023649808986,0.0009999999929936963,0.0010000000050661834,0.0009999999934755751,0.0009999999880529013,0.000999999990393789,0.0009999999855461771,3.000307590565176e-6,3.0003076079925063e-6,0.7224839453961898,0.1635197806368903,0.18336960656481172,0.013584320652248813,0.00020509116750838923,0.00020204429147738573,0.011009990065612955,0.005802999999999745,0.0058029999999997675,0.005802999999999852,0.0010480299999993696,0.0010480299999993514,0.0010480299999993839,0.3632673686061318,9.696113180155507,0.9827292696725,0.006778344733409774,-0.04361799986616598,-0.006762491121772693,-22.219313278198243,5.760562722682953,19.29281332015991,991.8368896484375,-0.029529989307878455,29.98485560318975
2025-03-01T18:06:45Z,40.07159667801662,-75.28138196479553,10.236434746430595,24.08926884557261,14.594621266844934,-0.7915341196041621,1.4209382833142539,0.009146594263869271,5.326772813938712,0.0009999999932224569,0.001000000004859801,0.0009999999934188883,0.0009999999882048147,0.0009999999904443703,0.000999999985546644,4.000307585183759e-6,4.000307649586011e-6,0.741618247853201,0.2888624031222905,0.32351113826001116,0.014117850602886705,0.00021511357931392917,0.00021130077809203906,0.011017452231005238,0.005803999999999743,0.005803999999999769,0.005803999999999852,0.0010480399999993702,0.0010480399999993522,0.0010480399999993847,0.34117364143039064,9.714777182573975,0.9202765947204756,-0.0016534249381328042,-0.04084390579722529,-0.000904865187024846,-21.70781318664551,4.392187669277191,19.87875078201294,991.9616748046875,-0.017855385653674696,29.760412893936632
2025-03-01T18:06:46Z,40.07174619604519,-75.28121175889102,9.977153474977028,24.47491826865158,14.177532369239541,-0.7652638000698478,1.4287678646545614,0.009628807024181375,5.27358993064832,0.000999999993406232,0.001000000004815835,0.0009999999934451897,0.0009999999886068731,0.0009999999901386379,0.000999999985519401,5.000307534739885e-6,5.000307734338127e-6,0.7600295904322076,0.45920103222002695,0.49278241269826445,0.014743949407026443,0.0002251301131361912,0.0002203254603574302,0.011027477720785394,0.0058049999999997435,0.0058049999999997695,0.0058049999999998545,0.0010480499999993703,0.0010480499999993523,0.001048049999999385,0.5297359036820638,9.69232462060161,1.319132030959364,0.008061161057284705,-0.05140652565478629,-0.009521563578786618,-19.17900074005127,2.705437621474266,21.0536256980896,991.9395092773437,0.013973038527517932,28.607791094646398
2025-03-01T18:06:47Z,40.07187387681491,-75.28104389315199,9.856153055966061,24.86104815946439,13.986089949555119,-0.6706407336955386,1.4325426717973102,0.004713732957417229,5.227171310249863,0.0009999999931073146,0.0010000000047164258,0.0009999999934999495,0.0009999999883254004,0.0009999999903449132,0.000999999985411255,6.000307346878568e-6,6.00030788389828e-6,0.77772099210438,0.6698182994771332,0.7053953520009796,0.01523905090530171,0.00023500769171224957,0.0002291230455018345,0.011035685593029641,0.005805999999999741,0.005805999999999767,0.005805999999999852,0.0010480599999993696,0.0010480599999993514,0.0010480599999993841,0.3849622973626604,9.779423307414008,1.1114232430697464,0.0035916674074095494,-0.04520624758527748,-0.0032907429035922884,-17.964563188552855,7.599375324249268,22.37775079727173,991.910771484375,0.06788091176902179,29.685632068478625
2025-03-01T18:06:48Z,40.07196890255671,-75.28087687603151,9.871354019150958,25.17110179484403,13.735176453296395,-0.630516575481134,1.4292285126500375,0.002241483862165229,5.180485951791142,0.0009999999932211975,0.0010000000045757693,0.000999999993639822,0.0009999999885687903,0.0009999999901675572,0.000999999985045225,7.0003068381530344e-6,7.000308124985672e-6,0.7945426285178867,0.9234921504996404,0.956486994779115,0.01576388480379605,0.0002447231997220053,0.0002376831999247019,0.011044831007382398,0.005806999999999743,0.005806999999999765,0.005806999999999854,0.0010480699999993706,0.0010480699999993516,0.001048069999999385,0.4675225178419118,9.709270396993956,1.154223395239161,-0.003966699491748648,-0.04484957603644742,-0.006102223180604093,-19.778250770568846,6.15000025510788,23.979000873565674,991.8736352539063,0.006812051557026813,31.68581656027146
2025-03-01T18:06:49Z,40.07201041479192,-75.2807096883979,10.055394787526748,25.266242683766784,13.531434173068833,-0.5615246559351297,1.437870519825939,6.281434220955263,5.13011447724069,0.000999999993518506,0.0010000000044493268,0.0009999999939198309,0.0009999999882455452,0.000999999990359487,0.0009999999850075505,8.000305699486752e-6,8.000308487648998e-6,0.81027877890591,1.220570068890733,1.2402857147561572,0.016048413741139144,0.0002541842471754737,0.00024604183840900467,0.011053627407301926,0.005807999999999742,0.005807999999999762,0.005807999999999853,0.0010480799999993697,0.0010480799999993508,0.0010480799999993845,0.41519161825994527,9.710988560354108,1.2469766478825632,0.007429934095846646,-0.04831147720460504,-0.005500037133484859,-17.947125682830812,6.095250265598297,22.93781332015991,991.7884423828125,0.01755011993934908,29.755531478531836
2025-03-01T18:06:50Z,40.07204807601402,-75.28054534857834,10.119926260335866,25.607267730138727,13.210357342035593,-0.48381216158192986,1.4403309809390634,6.274068074402918,5.0765734184887865,0.000999999993817066,0.0010000000044428172,0.0009999999936104564,0.0009999999881649564,0.0009999999902255835,0.000999999985037466,9.000303464783374e-6,9.00030900727831e-6,0.8252542413345438,1.5660668430653815,1.5829755630542497,0.016782456761373167,0.00026329802582887547,0.00025424855193057605,0.011061311908944797,0.005808999999999739,0.005808999999999765,0.00580899999999985,0.0010480899999993705,0.0010480899999993497,0.0010480899999993853,0.6543588182898166,9.768110288771886,0.9993960023954487,0.0010403882611401177,-0.052390251104591105,-0.0017961270236108008,-18.483000736236573,6.2825627565383915,23.863313388824462,991.9125122070312,0.05894436001570718,30.830934226020176
2025-03-01T18:06:51Z,40.072039768309565,-75.28038126047143,10.26749689750047,25.486772968752646,13.036845755102105,-0.43445477363850854,1.4469196371102073,6.269587902456617,5.0261750995514225,0.0009999999935458542,0.001000000004473859,0.0009999999938370542,0.0009999999879381492,0.0009999999900488605,0.000999999984884093,0.000010000299484477257,0.000010000309721416983,0.8390290991054167,1.9487326706282087,1.938486339647167,0.016698565140921624,0.0002720212986177765,0.000262318063257389,0.0110699176782452,0.005809999999999736,0.005809999999999762,0.005809999999999847,0.00104809999999937,0.0010480999999993492,0.0010480999999993848,0.44187159240181145,9.698904839193352,1.2808350922380207,0.004650498681351952,-0.04875944466011383,-0.004186677866398768,-18.403313274383546,6.1931252813339235,24.154313468933104,991.890380859375,0.01117005709015362,30.99136091619308
2025-03-01T18:06:52Z,40.07203576625606,-75.28021957217933,10.317261286355492,25.361214882987674,12.820399079140785,-0.39883671126449954,1.4477054486263716,6.268148224824624,4.979428845450841,0.0009999999934907735,0.0010000000045199443,0.000999999994010141,0.0009999999878609709,0.0009999999901351734,0.0009999999852027149,0.000011000292910296066,0.000011000310667415626,0.850303758665609,2.3756403475624226,2.3348474790447935,0.01659665938713351,0.00028036038282863674,0.00027030387204388074,0.011079122807836501,0.005810999999999736,0.005810999999999761,0.005810999999999847,0.0010481099999993706,0.0010481099999993496,0.0010481099999993851,0.49220063182643004,9.700819054281212,1.2640055730156141,-0.0010509053736136764,-0.045134980655258235,-0.006121083064701962,-17.329125776290894,6.71193779706955,25.26018871307373,991.9755590820313,0.0133054017187198,31.359570431365373
2025-03-01T18:06:53Z,40.072178369472574,-75.28006877959011,9.98177473250134,25.544019988273487,12.588560575100923,-0.3964978172482687,1.4532847456517264,6.268476318306714,4.936022552783584,0.0009999999933534439,0.0010000000044098378,0.0009999999937930024,0.000999999988056136,0.0009999999901495794,0.0009999999854398607,0.000012000282684144695,0.000012000311890299774,0.8593403585458208,2.8399254193851586,2.7843106896887604,0.01654815654740515,0.0002883362482214443,0.0002782669546288315,0.011088252752893133,0.005811999999999732,0.0058119999999997575,0.005811999999999848,0.0010481199999993712,0.0010481199999993495,0.0010481199999993855,0.4417506467659751,9.738062747012762,1.036308230879981,0.004775676189739889,-0.04290682595922244,-0.005831840299906602,-16.474688148498537,6.5510627555847165,26.110876274108886,992.2607934570312,0.021141794814751085,31.561153762154817
2025-03-01T18:06:54Z,40.072354351420984,-75.2799212300557,9.600377217973241,25.92886463671789,12.585155062373191,-0.3535959342981637,1.4556636526510416,6.257136247473913,4.901311766033668,0.0009999999934252061,0.001000000004495417,0.0009999999942353407,0.0009999999884937351,0.000999999990163751,0.0009999999855628823,0.000013000267522698429,0.000013000313444037428,0.8663286226068405,3.333969091681532,3.290894349546744,0.016366874189305065,0.0002962169139051214,0.0002861456644077065,0.011094754266356394,0.0058129999999997324,0.0058129999999997585,0.005812999999999847,0.0010481299999993711,0.0010481299999993505,0.0010481299999993859,0.27872096366851595,9.81850600941535,0.7705656618494523,0.001697986325861848,-0.035860016610857796,0.00720595020438822,-14.684438123703003,6.244875240325928,26.81287614822388,992.3468383789062,0.07077228405734977,31.201896541427367
2025-03-01T18:06:55Z,40.07250905195394,-75.27977042217974,9.224956510543258,26.41423614818532,12.901053645701994,-0.460074597772067,1.451819602454508,6.239302241419012,4.8815797889719725,0.0009999999937943343,0.0010000000046090827,0.000999999994390542,0.0009999999884523852,0.0009999999903769442,0.0009999999857197668,0.00001400024588096697,0.000014000315389700086,0.870902660944177,3.8443598045301193,3.8436840895417164,0.016064092032449576,0.0003043071257707535,0.0002938286984751178,0.011100231265221316,0.005813999999999732,0.005813999999999758,0.0058139999999998445,0.0010481399999993702,0.0010481399999993514,0.001048139999999385,0.1275455702358313,9.690951610998443,0.5873597838902689,-0.004627635921166261,-0.021606672187751707,0.015237987533285834,-14.337000589370728,7.427812809944153,26.944126110076905,992.3689282226562,-0.07233559499766497,31.411856522808588
2025-03-01T18:06:56Z,40.07261215178622,-75.27961096627834,8.79481849956075,26.57055276412631,13.558673357708496,-0.599464725790028,1.4410598497309082,6.228403553788565,4.873933712361758,0.0009999999935804314,0.0010000000046375647,0.000999999994189367,0.0009999999881842214,0.0009999999905402318,0.0009999999857275125,0.000015000215869223828,0.000015000317791717883,0.8716395283883345,4.383114801929118,4.4210169865708515,0.015267184869935654,0.00031236460008088747,0.0003014780992371192,0.011107305420907316,0.005814999999999731,0.005814999999999757,0.005814999999999842,0.0010481499999993693,0.0010481499999993502,0.001048149999999384,-0.10014261896784422,9.63262360794878,0.8922406959490445,-0.011466150313826128,-0.008656171917993548,0.009455968963137464,-15.511125593185424,8.437125329971314,26.60925109863281,992.3797265625,-0.10760929393926466,31.93476320952003
2025-03-01T18:06:57Z,40.0727548765935,-75.27944489434928,8.152044985417115,26.983539011395084,14.390030355930962,-0.7796145966197154,1.4457803197990726,6.230130914121665,4.867801230428247,0.0009999999934957428,0.001000000004609148,0.0009999999941057867,0.000999999988225192,0.0009999999903981193,0.00099999998560247,0.000016000175144490686,0.000016000320731267773,0.8685442313633108,4.964834742125933,5.068232815273826,0.015254011466847494,0.000319734748283474,0.0003096256203174883,0.011116996994739769,0.00581599999999973,0.005815999999999756,0.005815999999999841,0.0010481599999993694,0.0010481599999993506,0.001048159999999384,-0.2188266182632872,9.636651522949668,0.6639255311717954,0.004222894084658869,-0.005764745056793077,-0.002700240229341867,-14.448375577926635,8.998875360488892,27.03300106048584,992.4865698242188,-0.12011197933007342,31.945503847213146
2025-03-01T18:06:58Z,40.072587048475334,-75.27925616986172,7.70363616952432,26.94573157598631,15.266831945114532,-0.7988217594641102,1.4435171485927876,6.230813561352519,4.864410732287741,0.000999999993422175,0.001000000004411118,0.0009999999940683408,0.0009999999880899492,0.0009999999901489601,0.0009999999855121293,0.00001700012084611756,0.000017000324305360053,0.8634160268979206,5.609950561086404,5.765787697203281,0.015349994052312986,0.00032682084313606614,0.0003183313495198772,0.011126958299783427,0.005816999999999728,0.005816999999999754,0.005816999999999839,0.0010481699999993692,0.001048169999999351,0.0010481699999993835,-0.20862639669203706,9.735003062759542,0.9296510984345852,-0.003796458519029851,-0.0026097787663996105,-0.0020765238605040762,-14.763188104629517,8.441625337600708,27.231563682556153,992.3650805664063,-0.0006709605523354525,32.105569000118194
2025-03-01T18:06:59Z,40.0719312037815,-75.27904347503737,7.553944270157439,26.555451965519264,16.320771598406033,-0.9046455375343199,1.4498023971681528,6.2316271396482215,4.8610378479237495,0.0009999999935331716,0.0010000000041589159,0.0009999999943270876,0.0009999999883949018,0.0009999999897107102,0.0009999999855919489,0.000018000049526817228,0.000018000328614821177,0.857552343780567,6.299540917550616,6.515517778640016,0.015912427879962616,0.00033347287490526523,0.0003277065516222443,0.011137346483240254,0.0058179999999997236,0.0058179999999997565,0.0058179999999998355,0.0010481799999993702,0.001048179999999351,0.0010481799999993836,-0.34145877940294994,9.616711345350303,0.9488309509267122,0.003062251017144484,-0.002394807630612075,-0.0026798783569693847,-15.336188116073608,7.014750306606293,27.071438598632813,992.1653344726562,-0.11286985544869284,31.894591013515175
2025-03-01T18:07:00Z,40.07161202777888,-75.27883459285287,6.955431609728161,26.41991001548922,17.33845113416684,-1.0393667427234963,1.4484379945110364,6.229178222030805,4.863215341692474,0.0009999999930960523,0.001000000004229266,0.00099999999418076,0.0009999999886135032,0.0009999999898326118,0.0009999999853979391,0.00001899995714685446,0.000019000333771511092,0.8530645837790957,7.04786796139537,7.3359236081827355,0.017225983590213007,0.00034006823071487804,0.0003373820064642379,0.011146995290299562,0.005818999999999721,0.005818999999999756,0.005818999999999834,0.0010481899999993695,0.0010481899999993504,0.001048189999999383,-0.4268047507201983,9.632660848019302,0.8728902123152044,-0.0030053386963413368,0.001946672066800824,0.0022195581732974558,-18.387375707626344,6.038062771558762,26.99625108718872,992.430732421875,-0.10088270412304366,33.21668234871478
2025-03-01T18:07:01Z,40.07152987128269,-75.27862311305954,6.05913968089076,26.25230715550983,18.174383855203686,-1.1156234893980972,1.4453320185641165,6.230022501642168,4.859450194387641,0.0009999999934528355,0.0010000000043697654,0.0009999999939029824,0.0009999999883823125,0.0009999999902081027,0.0009999999852266202,0.0000199998392426784,0.000020000339885235084,0.8518303066706489,7.852476910957046,8.21453847999202,0.01847770986880724,0.0003458687026435421,0.0003475563069028488,0.011157235394499771,0.005819999999999719,0.005819999999999753,0.005819999999999837,0.0010481999999993699,0.00104819999999935,0.0010481999999993824,-0.31792936208650496,9.677887828186892,1.0938359943363645,-0.004217220946935787,-0.003789615744181145,-0.0013767002970060801,-20.136188201904297,5.999625239372254,25.569376163482666,992.651982421875,-0.037826819587115826,33.09457983048187
2025-03-01T18:07:02Z,40.071563697312804,-75.27840488882899,4.974240954734139,26.14874249494224,19.03071191226583,-1.249914450204079,1.4432431468654519,6.228770693257785,4.856600702998521,0.0009999999939218768,0.0010000000045392512,0.0009999999937069276,0.0009999999887078089,0.0009999999899871204,0.0009999999853505285,0.00002099969122465076,0.00002100034704753458,0.8550060957173807,8.711003520559478,9.145126646541842,0.020170990100888308,0.00035149074623026447,0.00035743044119097335,0.011166719444741971,0.005820999999999721,0.005820999999999751,0.005820999999999834,0.001048209999999369,0.0010482099999993507,0.0010482099999993832,-0.3572559781790142,9.627482974939198,1.1124078399201784,-0.002754984583874548,-0.0031906007712378336,0.0009277290781582869,-19.844813346862793,6.367500233650207,25.129126052856446,992.8306079101562,-0.08450197433239306,32.647072396825976
2025-03-01T18:07:03Z,40.07122115955495,-75.27818423692537,3.951045367743343,25.948986192700122,19.78352386012887,-1.3707444675336375,1.4536571265231928,6.236091574219985,4.8536635163279005,0.0009999999937915808,0.001000000004598014,0.0009999999935050594,0.0009999999885798281,0.0009999999895141704,0.0009999999851673445,0.000021999508921801372,0.000022000355327947017,0.864150755452787,9.628395926489299,10.119894466318952,0.02228111907707564,0.00035659872334871075,0.00036649384600555605,0.011176947912687203,0.005821999999999719,0.005821999999999752,0.005821999999999836,0.0010482199999993693,0.001048219999999351,0.0010482199999993838,-0.3789463314080055,9.632743294075558,0.993975543463066,0.00872293089860847,-0.0028733192164206375,-0.007037380562726024,-20.81868839263916,5.245312700048089,25.60106357574463,992.839296875,-0.09140609238207933,33.41170684313766
2025-03-01T18:07:04Z,40.07045241582184,-75.27797286202511,3.104468886001994,25.20862271567007,20.497179468446944,-1.2705234450297118,1.4505485165512122,6.235075248596806,4.862712692577992,0.0009999999938309632,0.0010000000049819684,0.00099999999353297,0.0009999999888055352,0.0009999999894840098,0.0009999999850878584,0.000022999288959915933,0.00002300036474200719,0.8794986035203014,10.65477922020285,11.10586667704642,0.02478005203798725,0.00036241901955368094,0.0003736567285196273,0.011184411406592943,0.00582299999999972,0.005822999999999755,0.0058229999999998335,0.0010482299999993688,0.0010482299999993497,0.0010482299999993836,-0.6140012715173269,9.80183603667753,1.321194028403896,-0.0052149671549638985,0.0069819669120563844,0.003662934418388735,-21.02887586593628,5.51306269645691,26.00156364440918,992.8330883789063,0.12673153355433675,33.892260914579296
2025-03-01T18:07:05Z,40.06989473951579,-75.27775885618655,2.194418039672349,24.762824735656494,20.978667891264344,-1.2514412417731664,1.4529744118377046,6.235339405100309,4.862724075255073,0.000999999993789265,0.001000000004667207,0.000999999993280914,0.0009999999890028704,0.0009999999896674217,0.0009999999847147944,0.000023999029523443818,0.00002400037524555393,0.9006835987488382,11.72164547501179,12.07610352364735,0.026701064510500784,0.00036803403954516895,0.0003790367352664053,0.011191181482861839,0.005823999999999723,0.005823999999999752,0.005823999999999835,0.0010482399999993679,0.0010482399999993497,0.001048239999999383,-0.36184549705888674,9.737513555678092,1.175405753244502,0.0006097788549458603,-0.0016684464188555345,0.001298253473039002,-19.699313240051268,4.838250204958022,25.22081350326538,993.0178955078125,0.03203085239630166,32.36599687103265
2025-03-01T18:07:06Z,40.069183957802785,-75.27755802768873,1.3682268877863066,24.334004656797106,21.22434147285725,-1.2109701206485852,1.454051627340829,6.234790056800153,4.860626345334848,0.0009999999937171347,0.0010000000045109038,0.0009999999935100074,0.0009999999889153807,0.0009999999898676055,0.0009999999848198358,0.000024998731356571618,0.000025000386748313243,0.9264828500454929,12.858192035291399,12.99466113155031,0.02815530317220717,0.0003740421438810121,0.000381866895632714,0.011196621937481367,0.005824999999999722,0.005824999999999754,0.005824999999999833,0.001048249999999368,0.0010482499999993496,0.0010482499999993826,-0.26592534837995774,9.75118798319032,1.1312437858897086,-0.0009898185164437206,-0.004400480730827031,0.0025226534467616118,-19.462313194274902,6.702000274658203,25.72593864440918,993.0919799804688,0.03732285731708691,32.94721559089656
2025-03-01T18:07:07Z,40.068228964559054,-75.27738172706735,0.6740101998872137,23.955617386616822,21.392063475760807,-1.1809396198030706,1.4606093058176475,6.234129964369481,4.865004967529506,0.0009999999938432934,0.0010000000048941073,0.000999999993766375,0.0009999999892105825,0.000999999989890284,0.000999999984315305,0.00002599839792397035,0.00002600039910769473,0.9559505342819992,14.106894928866225,13.824328172142282,0.030142713653810924,0.0003806362861670965,0.00038179248784061924,0.011200711393822239,0.005825999999999721,0.005825999999999755,0.005825999999999832,0.0010482599999993678,0.0010482599999993496,0.001048259999999382,-0.39004942208120086,9.750301452757279,0.9757815863442636,0.004525321974129325,0.0012356652328538963,0.004342563116056908,-19.14506326675415,11.01375048160553,26.481563663482667,993.1302856445312,0.023884041985144624,34.48341425562848
2025-03-01T18:07:08Z,40.06740220552092,-75.27720856706111,0.016110536297851863,23.563329603432752,21.487063161286645,-1.0228540016700323,1.4654093739005687,6.21799757016515,4.867754035446537,0.0009999999935036883,0.0010000000049635728,0.0009999999935677126,0.0009999999894508662,0.0009999999901504119,0.0009999999840751418,0.000026998035148119917,0.000027000412140430195,0.9875514267604185,15.457558236683575,14.545932335650626,0.03143879414091885,0.00038840271638263804,0.0003789176312204749,0.011202213338108245,0.00582699999999972,0.005826999999999755,0.0058269999999998314,0.0010482699999993668,0.0010482699999993486,0.0010482699999993812,-0.2428346088938936,9.876532052988882,1.0368469471571593,0.003133518293501549,-0.0018144863692762074,0.019453789225010783,-19.433250770568847,9.085875335633755,27.131626148223877,993.247763671875,0.1508853231330628,34.58794573966466
2025-03-01T18:07:09Z,40.06603698356048,-75.2770972962752,-0.36869235177611603,23.299596872715746,21.13012047485575,-1.1075198321526152,1.4596083787680396,6.219381946428105,4.880830297306091,0.0009999999938987713,0.0010000000051312542,0.0009999999935971927,0.0009999999895988437,0.0009999999901941883,0.0009999999841727402,0.00002799765097421809,0.0000280004256547589,1.0192073719622678,16.87967040321759,15.103596370166008,0.03258230136086776,0.00039576987927820816,0.00037367723050643544,0.011204701115381997,0.005827999999999723,0.005827999999999757,0.005827999999999834,0.0010482799999993677,0.0010482799999993494,0.001048279999999382,-0.17368203660817008,9.628316504791382,0.7768268838016378,-0.00752607174330821,0.008743293322538249,0.005129010095819073,-18.72975073814392,10.794375376701355,28.04231357574463,993.1848876953125,-0.12168182033519369,35.407483063531885
2025-03-01T18:07:10Z,40.06416402013811,-75.277063400358,-0.4387776805806638,22.571554598759548,20.359596419691677,-0.8673486422142713,1.4667147580408855,6.22747658480026,4.895515175308189,0.0009999999940222275,0.001000000005098689,0.0009999999938530028,0.0009999999893348743,0.0009999999900945728,0.000999999984163351,0.000028997254076149734,0.00002900043945091775,1.049743092001273,18.4777386799033,15.527268654649585,0.0339668356865304,0.0004031456837700817,0.0003664346215076208,0.011207157742990281,0.005828999999999722,0.005828999999999757,0.0058289999999998334,0.001048289999999367,0.001048289999999349,0.0010482899999993815,-0.3743980169489305,9.885711589620493,1.1781908416167173,0.004865803725691245,0.00951738944224896,0.0006673605925213929,-18.28087574005127,11.043937845230102,27.36412618637085,993.0921118164063,0.17996015897081263,34.71240206742942
2025-03-01T18:07:11Z,40.0631453313291,-75.276963398567,-0.7815431717266265,22.254554240773967,20.285229311032804,-0.9253520233444259,1.4630749517528223,6.234226287519123,4.916600587278401,0.0009999999938003642,0.001000000004944821,0.0009999999938230817,0.0009999999894164465,0.0009999999901534311,0.000999999983978327,0.0000299968531543327,0.000030000453332500927,1.0786941643685237,20.169659273403898,15.7729087410461,0.035289120380733924,0.0004103114202868909,0.00035793902381132264,0.011209401860257,0.00582999999999972,0.005829999999999755,0.005829999999999832,0.001048299999999366,0.001048299999999348,0.0010482999999993805,-0.5017778981718372,9.661217815711963,0.9316823877853033,-0.004207040224036575,0.018099705420095338,-0.00010406514505128714,-18.348938274383546,11.070000381469727,27.398438568115235,993.3145922851562,-0.0637403406591688,34.78360745255315
2025-03-01T18:07:12Z,40.062446853808474,-75.27683880524093,-1.265240236570759,22.24709980878734,20.291872852947133,-0.8875919323112265,1.465651754348414,6.240301971365052,4.934774127953359,0.0009999999935901749,0.0010000000049461622,0.0009999999934254052,0.0009999999895623803,0.0009999999900875821,0.000999999983552113,0.000030996456700186166,0.00003100046718789551,1.1044496858240345,21.951374182278986,15.899447358842545,0.03530454631624959,0.00041759481960749496,0.0003484072798356803,0.011211796022127718,0.005830999999999723,0.005830999999999756,0.005830999999999834,0.001048309999999365,0.0010483099999993488,0.0010483099999993814,-0.36529744481909004,9.783094873016916,0.7460313848103867,0.0022621177971531583,0.016036618195686858,-0.0007646667630138191,-19.240125846862792,9.92981291294098,27.35437614440918,993.43779296875,0.03555655321587096,34.88612873552188
2025-03-01T18:07:13Z,40.061909175106976,-75.27670246873211,-1.820305491323193,21.96216240214244,20.377706403508164,-0.9451242856810951,1.4664201204091318,6.245907513570099,4.9494237857185786,0.0009999999935920584,0.001000000005145573,0.00099999999342605,0.0009999999894934057,0.0009999999900725401,0.0009999999835116392,0.000031996070390115025,0.00003200048098649375,1.1245930269737299,23.817491540039658,15.877275957606127,0.03499968776450553,0.0004251440092794477,0.0003383209783377622,0.011214567349311247,0.005831999999999724,0.005831999999999758,0.005831999999999835,0.0010483199999993652,0.001048319999999348,0.0010483199999993809,-0.4652873517018285,9.664807120000344,1.0340553159978174,0.0004762563580094231,0.012948079417088714,-0.0012036214234206989,-18.60412582397461,10.415250425338746,26.92218864440918,993.5346997070312,-0.05165078787290612,34.342272676265964
2025-03-01T18:07:14Z,40.06098517001335,-75.27663437076903,-2.1576710641227814,21.58237820694694,20.10880118872175,-0.877941719709003,1.4656242819533507,6.251380001078609,4.971903757314113,0.0009999999934212041,0.0010000000052564897,0.0009999999932571735,0.0009999999895457768,0.00099999999032775,0.000999999983466039,0.00003299569721955356,0.00003300049472320908,1.1395853823362507,25.838544360463654,15.76413168462094,0.03509435637036127,0.0004322825077079063,0.00032887608522827667,0.011217657732727064,0.005832999999999723,0.005832999999999756,0.005832999999999834,0.0010483299999993658,0.0010483299999993487,0.0010483299999993812,-0.62895642098392,9.753341538742006,1.1104262394672806,-0.001252858045706935,0.019601665343879048,0.0014084094427825034,-19.162688274383544,10.868625383377076,26.724188613891602,993.4858666992187,0.05376417544195939,34.634006109177406
2025-03-01T18:07:15Z,40.06005061720141,-75.2765838697018,-2.4523875635649572,21.46264352357785,19.747833579553813,-0.9157913694162219,1.46182992099597,6.25510579740048,4.991526470048832,0.0009999999931961788,0.0010000000053690253,0.0009999999932300712,0.0009999999895039765,0.0009999999903473453,0.0009999999833423738,0.00003399533912286654,0.00003400050844917622,1.1503956141413778,27.93601451336312,15.57581603396407,0.03465899106513005,0.00043972935875775357,0.0003196417752031286,0.011221291659194233,0.005833999999999726,0.0058339999999997534,0.005833999999999837,0.0010483399999993651,0.0010483399999993495,0.0010483399999993805,-0.5916349256202502,9.659648736792139,0.9127052070477953,-0.0043393941841242175,0.016592905672276843,0.0030418885013234823,-19.538063259124755,11.121187934875488,27.011813678741454,993.5119140625,-0.061977513540085516,35.14329588981943
2025-03-01T18:07:16Z,40.05896470211046,-75.27657670352453,-2.672024103328324,21.62277241361347,18.978937340527665,-0.9387793570392305,1.463071074421561,6.261131056522316,5.008333675069087,0.0009999999927736644,0.0010000000056928778,0.0009999999934017447,0.0009999999892911665,0.000999999990352663,0.0009999999833275133,0.00003499499602287088,0.00003500052231103179,1.1555888889320634,30.06368338780082,15.356007856325553,0.032959077929784746,0.00044744685919773683,0.0003109186331211953,0.011225802455359158,0.005834999999999723,0.005834999999999751,0.005834999999999834,0.0010483499999993642,0.0010483499999993499,0.0010483499999993815,-0.37858741160795195,9.669233774179812,0.752779011851272,0.0004864377920644088,0.01369129793981349,0.0011889324777008227,-19.8541881942749,10.939687881469727,26.325751113891602,993.4953271484375,-0.07670237537053624,34.74056999003701
2025-03-01T18:07:17Z,40.057954498806836,-75.27657368486908,-2.931187037696234,21.622826758071614,18.082980788436277,-0.9419476346161861,1.461910949229199,6.262068880855086,5.018354037516376,0.000999999992876949,0.0010000000056064157,0.0009999999936564162,0.000999999989181232,0.0009999999906492737,0.0009999999835414441,0.000035994664073256665,0.00003600053652471091,1.153381511851276,32.21479311533345,15.117146076199205,0.03069852532673984,0.0004560509272388018,0.00030264613341457453,0.011230773218435946,0.0058359999999997225,0.0058359999999997485,0.005835999999999834,0.0010483599999993637,0.0010483599999993492,0.0010483599999993817,-0.27746908334298653,9.664159803916366,1.0019065035593828,-0.0019438362186101265,0.006753476298320787,0.005183754238101829,-20.579438285827635,11.552437925338745,26.190751190185548,993.537021484375,-0.06255894676449505,35.25512685535397
2025-03-01T18:07:18Z,40.0564327587875,-75.27668002494492,-2.8868011350496507,21.53676449616093,16.549082370321567,-0.9253138216250644,1.4627050533911152,6.273450841847328,5.031873179284162,0.0009999999930531953,0.001000000005331238,0.0009999999934859696,0.0009999999890968106,0.000999999990842203,0.000999999983692146,0.0000369943365401819,0.00003700055129979261,1.1444139739307777,34.42451932166429,14.882637596871298,0.028680877550389706,0.00046426188302988526,0.00029608416363365394,0.011237058342233416,0.005836999999999722,0.005836999999999751,0.005836999999999836,0.0010483699999993634,0.001048369999999348,0.0010483699999993806,-0.32893634171506236,9.623650494252004,1.2095289649902636,-0.00020587612514704184,0.010250093008506664,-0.0027918702748862623,-20.47312578201294,12.769687995910644,26.407313728332518,993.4034594726562,-0.07735874123519991,35.770887552900476
2025-03-01T18:07:19Z,40.05506967475591,-75.27677017365404,-2.9103403821393825,21.529529028083758,15.315840412384638,-0.8716391386154483,1.4677963850764555,0.0019186987579280657,5.050910270850258,0.0009999999929117215,0.001000000005036823,0.000999999993753939,0.0009999999890592285,0.0009999999907196022,0.000999999983253407,0.000037994006622943244,0.00003800056681115267,1.1312460837653124,36.75016113178008,14.690996683328281,0.02715921418557692,0.0004717195521512643,0.00029179706080483203,0.011244117747290507,0.005837999999999721,0.005837999999999754,0.005837999999999835,0.0010483799999993636,0.0010483799999993482,0.0010483799999993807,-0.49466676941063614,9.68232176520643,1.13174654197074,0.004315024622733421,0.01648725600415358,-0.003418423590038315,-20.188500747680663,12.045937995910645,26.254313659667968,993.4450561523438,-0.021368421545651318,35.24153219381339
2025-03-01T18:07:20Z,40.05379472806255,-75.2768502826527,-2.9871000933850937,21.738954854815823,14.100420009272252,-0.8840424974292425,1.465395958827666,0.003036787435705968,5.065206627943532,0.0009999999926432184,0.001000000005196524,0.000999999993709128,0.0009999999888221066,0.0009999999905066232,0.0009999999834844641,0.00003899366740260069,0.00003900058323606302,1.114889177844589,39.07740563272013,14.552257030248022,0.02513315176496125,0.00047980611231254397,0.00028835775410201216,0.011251113390040882,0.005838999999999724,0.0058389999999997515,0.005838999999999835,0.001048389999999363,0.0010483899999993484,0.0010483899999993809,-0.34931521485145733,9.639802033737231,0.9975647639943039,-0.003026034923592761,0.011217295620518816,0.005882409788049451,-20.626125717163085,12.499313058853149,25.772813606262208,993.4801245117187,-0.08443846249155375,35.29736853632544
2025-03-01T18:07:21Z,40.05241909062028,-75.27694861398709,-3.018527600645481,22.14581336391431,12.874726396058776,-0.8177134498348261,1.467629694282389,0.013018269108860375,5.079393001693186,0.0009999999928021626,0.0010000000053393945,0.000999999993254414,0.0009999999889964137,0.0009999999903790217,0.000999999983397346,0.00003999331107164893,0.00004000060075179724,1.09549002524966,41.495499990050746,14.486977314782017,0.023213134298691516,0.00048789036304755306,0.00028636415535016903,0.01125924785033183,0.0058399999999997265,0.005839999999999748,0.005839999999999832,0.0010483999999993633,0.0010483999999993487,0.0010483999999993815,-0.34632418842467855,9.730410296752819,0.8854211482214009,0.001677623683627546,0.012194679476665811,-0.002964948331176531,-20.998313331604002,10.629000434875488,24.87037603378296,993.468369140625,-0.0051254918686318585,34.240866516249774
2025-03-01T18:07:22Z,40.05129603802559,-75.27700288987246,-3.199806733047554,22.417945492830896,11.974709902636807,-0.8355169898766646,1.4540839035382331,0.01995903144069766,5.099676391100097,0.0009999999927003973,0.0010000000056107762,0.0009999999933407336,0.0009999999888556268,0.0009999999903328003,0.0009999999834599085,0.00004099292938328082,0.00004100061948778556,1.0742774752010387,43.964143357179196,14.476854882636779,0.02163351668201,0.000494839919298446,0.0002868717453216594,0.011267722649101341,0.005840999999999726,0.00584099999999975,0.005840999999999835,0.0010484099999993638,0.0010484099999993495,0.001048409999999382,-0.43602300462469573,9.650665922065773,1.0278745076997393,-0.014141103128426024,0.01874044573504992,-0.0004942844134466057,-20.06587579727173,10.955625381469726,26.11518856048584,993.5608129882812,-0.06673151520168823,34.70827924050703
2025-03-01T18:07:23Z,40.05058635222961,-75.27698984404198,-3.6743818028596142,22.797987581784195,11.456249522052484,-0.9264304353836578,1.4561867556621373,0.026293857118140657,5.114217293833367,0.0009999999925965734,0.0010000000058823246,0.0009999999932840398,0.0009999999890107983,0.0009999999905990287,0.0009999999830647805,0.000041992512898616394,0.00004200063956295164,1.0516881337598716,46.47156077381065,14.543872625280475,0.01990143150382765,0.0005025435503778425,0.00028796477968871077,0.011276649328037182,0.005841999999999727,0.005841999999999753,0.005841999999999833,0.0010484199999993642,0.00104841999999935,0.0010484199999993822,-0.35118959105216163,9.621696415577683,0.9032078021980359,0.0016368995454080154,0.013874557535673243,-0.002089375732845516,-21.637313346862793,11.705250415802002,25.24593868255615,993.7214379882812,-0.11133865740993147,35.24968165036743
2025-03-01T18:07:24Z,40.049544206242764,-75.27701587326132,-4.053828286466784,23.60348901853809,10.837168153962294,-0.8698419589352842,1.4590902250900621,0.027053617634717413,5.132491891087705,0.0009999999926004525,0.0010000000054678309,0.0009999999929730917,0.000999999989098156,0.0009999999906113236,0.000999999983109487,0.00004299205163727525,0.00004300066110643027,1.027866143839773,49.14529141370218,14.716249386295226,0.018460259414978416,0.000509337213286308,0.0002911337718112566,0.011285426736201074,0.005842999999999724,0.00584299999999975,0.005842999999999834,0.0010484299999993637,0.0010484299999993492,0.001048429999999382,-0.3100271613043823,9.80200215423496,0.5344038723353585,0.0021920185510309314,0.016727596587818215,0.0044326909463009365,-21.56662565231323,10.868062887191773,25.17412609100342,993.707060546875,0.03980492905730607,34.885057184699605
2025-03-01T18:07:25Z,40.048158211635794,-75.27707624448179,-4.339408663709643,24.37538749687142,9.861659420932918,-0.9198053077961271,1.4561572253884012,0.03253415993207201,5.140467272627047,0.000999999992433913,0.0010000000056228293,0.0009999999926925233,0.0009999999892131388,0.0009999999908150545,0.0009999999832597777,0.00004399153264668376,0.00004400068422784959,1.0029278975888285,51.807894630341025,14.94985274964133,0.017134269595126345,0.0005179541935539198,0.00029393070384676394,0.01129473110724459,0.00584399999999972,0.005843999999999753,0.005843999999999831,0.001048439999999364,0.0010484399999993494,0.0010484399999993832,-0.14421042924457056,9.677728334103522,0.662928523612406,-0.0036063560127537397,0.006910698545240814,-0.0010509052465489184,-21.92325086593628,8.60381289601326,26.319188632965087,993.6886743164063,-0.08006332224688678,35.31785141631262
2025-03-01T18:07:26Z,40.04656208544117,-75.27714998208067,-4.642158147467163,25.214763506260997,8.769243206380903,-0.9320200596603234,1.4561768769976824,0.041662238009819434,5.147994020440592,0.0009999999923513397,0.0010000000058488518,0.0009999999928946696,0.0009999999892695087,0.0009999999904449824,0.0009999999835460479,0.00004499093671813693,0.00004500070905156899,0.9769527298986317,54.5556639595112,15.275599107102275,0.016219003543052137,0.0005265800120627562,0.00029819581437560196,0.011304497602156184,0.005844999999999718,0.005844999999999756,0.005844999999999832,0.0010484499999993638,0.0010484499999993493,0.0010484499999993818,-0.04817848564828061,9.728057375584383,0.6147131477332174,-0.0009624468950078366,0.006983802269680053,-0.004880493371938956,-22.17656316757202,11.706187953948975,24.834001121520995,993.7079443359376,-0.033844947408890054,35.29247537598022
2025-03-01T18:07:27Z,40.04422209965912,-75.27728309098686,-4.804350107255475,25.924755256428377,7.490756770976782,-0.977356331487908,1.4573777039076115,0.054638239443863236,5.156610039417799,0.0009999999925578644,0.0010000000058437383,0.0009999999931121501,0.0009999999891007899,0.0009999999906768662,0.000999999983697398,0.000045990241226284314,0.000046000735694730376,0.951703835451858,57.44219787413581,15.671989611630988,0.015934379350062505,0.00053486131876568,0.00030418834570627903,0.011314687579628497,0.00584599999999972,0.005845999999999754,0.005845999999999831,0.0010484599999993633,0.0010484599999993488,0.0010484599999993813,-0.22467007392991498,9.673064276642501,0.6350593321575216,-0.0005723949298447849,0.008254601242572948,-0.008055487962051008,-23.124375839233398,11.119312887191773,24.819938526153564,993.6278076171875,-0.08479192856866324,35.69876188930189
2025-03-01T18:07:28Z,40.04121569309049,-75.27745519631654,-4.903151531244896,26.5793029763679,5.918338907831993,-1.003608321858301,1.4637481666535417,0.07278347905427246,5.1595054232816455,0.000999999992322143,0.0010000000058537938,0.000999999993284294,0.0009999999889184336,0.0009999999909146027,0.0009999999833654434,0.00004698941894543514,0.00004700076428348574,0.9285987976772814,60.37176646413549,16.16840896916213,0.016161692640875754,0.0005441749216402014,0.00031050939464619717,0.011325501347998874,0.005846999999999718,0.005846999999999753,0.005846999999999829,0.0010484699999993626,0.0010484699999993483,0.0010484699999993808,-0.14712169845527262,9.701377398802954,0.5545735383872524,0.0040090911654938,0.0030622512437502264,-0.013909608856906217,-23.381250820159913,10.262812914848327,24.36806344985962,993.5732275390625,-0.06278101096551549,35.29599341420587
2025-03-01T18:07:29Z,40.037265580060186,-75.27767416821682,-4.8564694747544275,26.86049784945415,3.9833065068283706,-0.9498231927191659,1.4668915783361076,0.08298957542303265,5.15558673911187,0.000999999992359437,0.0010000000055518138,0.000999999993497642,0.0009999999888373405,0.0009999999911555909,0.0009999999832709244,0.00004798843237902444,0.00004800079500601965,0.9081156422804313,63.31678874109348,16.758173545405214,0.016667140207019385,0.0005536165075128535,0.00031677833821772974,0.011335713490400301,0.005847999999999719,0.005847999999999754,0.00584799999999983,0.0010484799999993621,0.0010484799999993478,0.0010484799999993803,-0.10189081668550107,9.768816406431753,0.6588306477717181,0.00007902718564133104,-0.00467269897282761,-0.0069434136473759435,-22.83900074005127,10.22775032043457,24.81731351852417,993.4811596679688,0.01064444482449879,35.24375551929003
2025-03-01T18:07:30Z,40.03306278038057,-75.2778826406049,-4.859600488376369,26.86542319422929,2.27152247209181,-0.9751268856857495,1.4727225680794824,0.08806472902698712,5.155124706659746,0.0009999999925719056,0.001000000005709676,0.0009999999936070665,0.0009999999886405053,0.0009999999910100378,0.0009999999832721517,0.00004898723739777924,0.00004900082806464368,0.8919488878765689,66.29081906513156,17.45281978440504,0.018037205648300046,0.0005607390985676289,0.0003249818175191017,0.011345604021942695,0.005848999999999717,0.005848999999999751,0.005848999999999827,0.0010484899999993619,0.0010484899999993475,0.0010484899999993803,-0.17591533613853408,9.705684414540142,0.522509718003045,0.0017794343586782018,-0.0014886918845618009,-0.0025780671235365975,-22.78743839263916,9.58031283378601,24.87112596511841,993.505029296875,-0.05936984453573613,35.06592489696845
2025-03-01T18:07:31Z,40.02846226765306,-75.27808450024763,-4.906561411893143,26.545384442418815,0.7425524165412349,-0.9846174053064234,1.4727884926533592,0.08890342838568291,5.1564991519338115,0.000999999992458302,0.0010000000055822602,0.00099999999401335,0.0009999999888833692,0.0009999999909934536,0.000999999983503403,0.00004998579125773463,0.00005000086365994455,0.8828691028914809,69.23715072465683,18.27262743397953,0.02032457211130831,0.0005653600099160943,0.00033449920296738545,0.011355239288169991,0.005849999999999716,0.0058499999999997495,0.005849999999999827,0.0010484999999993607,0.001048499999999347,0.0010484999999993796,-0.20034958643224202,9.731041171333981,0.4044853736609026,-0.005068259501035415,0.0001541338538434511,0.0007374597869904368,-21.972750778198243,11.567812986373902,25.587751083374023,993.517802734375,-0.0390219739364376,35.65593161637222
2025-03-01T18:07:32Z,40.02296930821428,-75.2782947413522,-4.915581898690922,25.32910225286685,-0.7491066439897984,-1.0404662885372935,1.4816575670404781,0.09292504900531386,5.157181876752416,0.0009999999921101788,0.0010000000055248558,0.0009999999937946298,0.0009999999887149232,0.0009999999907556324,0.0009999999834575126,0.000050984057053808684,0.000051000901957878705,0.8817477364269204,72.00772370721641,19.144468816266496,0.021608481638097875,0.0005683600189525668,0.00034433549367906717,0.011365319892017571,0.005850999999999712,0.005850999999999746,0.005850999999999824,0.0010485099999993598,0.0010485099999993463,0.0010485099999993789,-0.33400115232533045,9.63589376512605,0.6565476618815165,0.002319032215910008,-0.00010406504104430692,-0.0035758132134752763,-23.166375865936278,11.498250446319581,25.672313613891603,993.4758325195312,-0.11634153159127686,36.44111305580328
2025-03-01T18:07:33Z,40.01643929820159,-75.27850667462452,-4.835685688567403,23.16061729341684,-2.2250258332294717,-0.9833224173891649,1.4890538415239354,0.09119323894348548,5.159404643350867,0.0009999999924165147,0.0010000000058346544,0.0009999999939462347,0.0009999999886897005,0.0009999999906549505,0.0009999999833742103,0.0000519820042205682,0.00005200094308736548,0.885779850058097,74.56645534889192,20.079402588773196,0.021558515053338893,0.000568472954772983,0.0003544818417106254,0.011375016842825205,0.005851999999999714,0.005851999999999749,0.005851999999999826,0.0010485199999993593,0.0010485199999993458,0.0010485199999993784,-0.4185076683555063,9.706641641293404,0.9104660266848867,-0.0007963783936259061,0.0010463972253288575,0.0010463972576077742,-24.413063621520998,12.271312999725343,24.339001064300536,993.4178271484375,-0.021942633282462813,36.591885114631
2025-03-01T18:07:34Z,40.00853225530833,-75.27871461190404,-4.5582952766785505,19.994822062293093,-3.7265599092069364,-0.9035151811240857,1.492587546824258,0.0915729246224424,5.1602288319828435,0.0009999999922547975,0.0010000000056168395,0.000999999994081376,0.000999999988947268,0.0009999999905686344,0.0009999999836634381,0.00005297960164361382,0.00005300098716544972,0.8903412515965318,76.85210830881523,21.06922577192449,0.02046433189588505,0.0005679400384569345,0.0003638681665396417,0.011385069461036965,0.005852999999999716,0.0058529999999997525,0.005852999999999823,0.0010485299999993584,0.0010485299999993445,0.001048529999999379,-0.4059754274291963,9.69365821687709,1.2007461403532063,-0.006039634710159763,-6.093304074376122e-6,-0.0025972609156290627,-24.49293851852417,11.984438009262085,22.1096258354187,993.3151171875,-0.00380559365366898,35.10502503619708
2025-03-01T18:07:35Z,39.99982951484749,-75.27889111662006,-4.221969162436669,16.627675823362484,-4.916709717606611,-0.918828407997367,1.50472551029997,0.08593384928786862,5.1578452867727265,0.0009999999921749114,0.0010000000057288887,0.0009999999942440652,0.0009999999887611523,0.0009999999905356504,0.0009999999835638405,0.000053976818775009957,0.000054001034290129994,0.8939102095730541,78.93645859184376,22.18341173265288,0.02032858174878291,0.0005671285721847153,0.00037184326243960906,0.011394732977811793,0.005853999999999718,0.005853999999999753,0.00585399999999982,0.0010485399999993594,0.0010485399999993449,0.0010485399999993783,-0.34353256449011804,9.6227731138809,0.9389804939885515,0.002481929530382883,-0.0033823723219085014,0.00190160780068215,-21.324000778198243,12.105937948226929,20.5426881980896,993.2633178710937,-0.10525273913113643,31.9885219161769
2025-03-01T18:07:36Z,39.99095767288747,-75.27902055651546,-3.9233083829771838,12.82817988892995,-5.83230778146819,-0.856522501672069,1.5158611905807295,0.08399830132261807,5.1567474975312555,0.0009999999919779812,0.0010000000059116906,0.0009999999944072387,0.0009999999890274395,0.0009999999905681107,0.0009999999838854682,0.00005497362550703774,0.000055001084471202464,0.8950465146368685,80.93784057947852,23.322223941529188,0.01906090114160573,0.0005670264130330357,0.00037913924198172466,0.011404830804123288,0.0058549999999997155,0.005854999999999749,0.005854999999999818,0.0010485499999993587,0.001048549999999344,0.0010485499999993778,-0.4645015138896315,9.68243942672907,1.2440915338132135,0.0021018914045846113,-0.0015683044180457464,-0.0025371761232051045,-19.515188217163086,12.740063028335571,24.87956350326538,993.2650341796875,-0.006629077474668183,34.09018916655167
2025-03-01T18:07:37Z,39.98234232442633,-75.27910035332835,-3.684301003956648,9.700582807707992,-6.393987787539249,-0.815685902383544,1.5220091606108161,0.07473256998094391,5.1557902911169675,0.0009999999920335752,0.0010000000061501809,0.0009999999943600716,0.0009999999892473207,0.0009999999905861794,0.000999999984019817,0.00005596999200750983,0.00005600113767142192,0.8943909756511774,82.94696739611295,24.60611776773284,0.019342560944020086,0.0005675186809944947,0.000385398062136968,0.011414394730699913,0.005855999999999713,0.005855999999999746,0.005855999999999815,0.001048559999999359,0.0010485599999993443,0.001048559999999377,-0.2807608462237316,9.717369436258126,0.7713632685585616,-0.001529416274793109,-0.0015599593317094265,0.0043654288078645975,-20.944500732421876,10.147875385284424,24.803250942230225,993.299384765625,-0.02766051016335728,34.012487286921704
2025-03-01T18:07:38Z,39.9739531804717,-75.27913365194513,-3.5303040158784813,6.857141141855017,-6.626079946133343,-0.8466739570622407,1.5232520675840284,0.07002292108289798,5.157194208491854,0.000999999992017211,0.0010000000063868052,0.0009999999942169266,0.0009999999894378996,0.0009999999904054398,0.0009999999837202354,0.00005696590662490281,0.000057001193819696904,0.8953624563878133,85.00212470290661,25.934550696771936,0.019642147424618717,0.0005695545297469778,0.00039084465961085346,0.01142438136559306,0.005856999999999716,0.005856999999999748,0.005856999999999816,0.0010485699999993594,0.0010485699999993451,0.0010485699999993776,-0.2662443881222166,9.656472038262892,0.6919215577797864,-0.005347320990361644,0.0012500187078099843,-0.00038913530740707373,-21.13725076675415,9.159000349044799,25.469626064300538,993.3329125976562,-0.09471671806286103,34.341942642615564
2025-03-01T18:07:39Z,39.96860842118617,-75.27915486002881,-3.822885391677656,5.173908165601829,-6.844362532295953,-0.9300700149627235,1.5277665313057454,0.07156315805688729,5.154299793827878,0.0009999999919489116,0.0010000000064548232,0.0009999999945118116,0.0009999999893885944,0.0009999999906277768,0.0009999999835392187,0.00005796137097025551,0.000058001252733487305,0.898137056732314,87.13992474840721,27.284190604076056,0.020115255818217763,0.000574249990035626,0.00039429997367579014,0.011434726312797404,0.005857999999999716,0.0058579999999997506,0.005857999999999819,0.0010485799999993598,0.0010485799999993455,0.0010485799999993778,-0.20850871403718615,9.648665347858984,0.6810329101050666,0.0012406718125612464,-0.0026898923165588257,-0.005200947201813881,-21.117750854492186,11.226000428199768,24.49031349182129,993.590595703125,-0.1046622193176471,34.230899322057304
2025-03-01T18:07:40Z,39.96311122971858,-75.27914647086337,-4.151325829856724,3.3097381206487784,-6.838984755815232,-0.8984192594336673,1.5318585868236296,0.06803019154250922,5.155781344396106,0.0009999999921336948,0.0010000000066775687,0.00099999999445298,0.0009999999896259104,0.0009999999909390978,0.000999999983531168,0.0000589563897630962,0.00005900131414314694,0.9011482958889064,89.5197146588662,28.599352940407822,0.020027305320569296,0.0005795410881719376,0.0003972149426309638,0.011444701839219832,0.005858999999999714,0.005858999999999749,0.005858999999999818,0.0010485899999993589,0.0010485899999993441,0.001048589999999377,-0.3996043733192501,9.744368385308487,0.877804002211019,0.0010871211812852292,0.0015350890992178394,-0.00019569473425736742,-20.91862573623657,10.031062879562377,24.570000839233398,993.6365014648437,0.012405829506852123,33.79190195692284
2025-03-01T18:07:41Z,40.059378380705084,-75.27224671204013,-5.133931988195854,-21.67098597448411,8.445756940625856,-0.8620306745443261,1.5575679270796015,0.01346835062154804,5.25264027670287,0.0009999999923307077,0.001000000006568969,0.000999999994774272,0.0009999999890989498,0.0009999999909538603,0.0009999999838993623,3.07101339992657e-10,3.0710143531229505e-10,0.5693375657110838,0.002736369375069111,0.0027361990241348477,0.012559589529567407,0.00017529994173465745,0.0001712050648964018,0.010960256148977708,0.005859999999999715,0.00585999999999975,0.0058599999999998185,0.0010485999999993588,0.0010485999999993445,0.0010485999999993781,-0.1941517788313569,9.668239435032906,0.5469563812429562,-0.005679123932221134,0.0020367990863108367,-0.0008648087811269982,-20.92200075149536,11.646937952041625,24.589500942230224,993.5166186523437,-0.09571606807125849,34.32231562581469
2025-03-01T18:07:42Z,40.059317843508616,-75.27214849449597,-5.344735477033211,-22.133889807104946,8.291263331161273,-0.9127457013129219,1.5527469265274014,0.011457559447814184,5.242469543544565,0.0009999999921227723,0.0010000000068452579,0.0009999999946282419,0.0009999999890628007,0.000999999990753037,0.0009999999840391704,1.0003071015023937e-6,1.0003071017545505e-6,0.6033737983405283,0.02227951373789686,0.02334909155768335,0.012913940935597815,0.00018538053223360828,0.00018058387157268206,0.01096423503556108,0.005860999999999713,0.0058609999999997475,0.005860999999999815,0.0010486099999993588,0.001048609999999344,0.0010486099999993778,-0.21188743594018603,9.67605330848037,0.631502788558861,-0.004736456342704358,-0.004186678415586664,0.000028288905311307918,-20.933250732421875,11.037750411033631,24.38887592315674,993.497646484375,-0.0823925924001628,33.98303603039834
2025-03-01T18:07:43Z,40.0592521349267,-75.27205240401524,-5.339736562052531,-23.06980931219637,8.020700377720834,-0.8761276831343412,1.5529975085398662,0.007650657343569248,5.2308300280625675,0.0009999999922060937,0.0010000000070343718,0.0009999999948215792,0.00099999998900514,0.0009999999904325965,0.000999999983953254,2.000307102379863e-6,2.0003071051879223e-6,0.6369015396050144,0.08343296256346386,0.09900173905980467,0.01349397591155816,0.00019543219765123454,0.0001898427616757147,0.01096765620257728,0.00586199999999971,0.005861999999999745,0.005861999999999814,0.0010486199999993578,0.0010486199999993433,0.001048619999999377,-0.2806464363553371,9.729825127141392,1.13217804625337,0.0006898922531188832,-0.003561125372159988,0.0010979700686632474,-20.365688381195067,11.204437990188598,23.786250953674315,993.3436987304688,0.018172329964842276,33.25782690868959
2025-03-01T18:07:44Z,40.05917458103299,-75.27195706722064,-5.2625517044081445,-23.697524692727924,7.990383946141565,-0.9515208013870956,1.5520191846984175,0.00925161707924564,5.222680127144332,0.0009999999921372802,0.0010000000069646598,0.000999999994882235,0.0009999999893159565,0.0009999999901333734,0.0009999999837561357,3.0003071030582186e-6,3.0003071195400152e-6,0.6688658208067743,0.18000661922180686,0.21393002461444888,0.013935884401470762,0.00020537492701142664,0.00019909767841897014,0.01096899658488939,0.005862999999999713,0.0058629999999997425,0.005862999999999817,0.0010486299999993567,0.0010486299999993424,0.001048629999999376,-0.2785275458814247,9.61443815929981,0.7648228840109833,-0.00002261663972030108,0.0005067999814947447,-0.004481929535782691,-21.721313343048095,10.418250346183777,25.683001194000244,993.3025,-0.1324913345091274,35.21318457216564
2025-03-01T18:07:45Z,40.059078025307656,-75.27185998621133,-5.169321537112109,-24.410725728438404,8.014089008404781,-0.9816401785250609,1.5464144502676809,0.01124400095344681,5.2160581571143965,0.0009999999922086643,0.0010000000067293057,0.000999999994634253,0.0009999999893273018,0.0009999999898446842,0.0009999999832885655,4.000307093498564e-6,4.000307158490345e-6,0.6986510496956797,0.3171580406685178,0.3827443303267365,0.0145094260334225,0.00021515055807973753,0.00020838155537159132,0.010970689338376347,0.005863999999999712,0.00586399999999974,0.005863999999999816,0.001048639999999356,0.0010486399999993412,0.0010486399999993768,-0.3460450251886846,9.646860908501337,0.8796384959619757,-0.004003418257369747,0.001921970023861345,-0.004889172494388133,-22.41581336975098,11.069812879562377,25.345313606262206,993.2778344726562,-0.08826984768423482,35.60043191383399
2025-03-01T18:07:46Z,40.058962160265466,-75.27176035578177,-5.274602825663518,-25.15809463418732,8.182644264173307,-1.0141651201233666,1.5459676003013247,0.009955667365870297,5.211749256726281,0.0009999999924645263,0.0010000000068159085,0.000999999994549418,0.000999999988929844,0.000999999990143746,0.0009999999830455238,5.000307036641026e-6,5.000307242134868e-6,0.7259725014686997,0.49019665843964577,0.6086924294210904,0.01513589246035293,0.00022464560924308812,0.000217752013983248,0.010974827449882797,0.005864999999999712,0.005864999999999738,0.005864999999999814,0.0010486499999993553,0.0010486499999993407,0.0010486499999993772,-0.49247008097577416,9.65713822823774,0.8983875037504917,0.0014309413419645986,0.0019366575130361622,-0.0009148794721694504,-21.641438159942627,12.259500513076782,24.14175096511841,993.4478125,-0.07002536616756695,34.66219580248177
2025-03-01T18:07:47Z,40.05879939352991,-75.27165492399374,-5.2012269231761445,-25.64547455998144,8.349984870197844,-1.0018757794640711,1.538040984217989,0.003188128327694722,5.204816644459229,0.0009999999920728064,0.0010000000067151072,0.0009999999941271499,0.0009999999891847596,0.0009999999899153844,0.0009999999832118048,6.000306841472887e-6,6.000307395118368e-6,0.7509859657456253,0.7091658172852546,0.8663409651558187,0.015663516825785616,0.00023379810501673043,0.00022720953602446402,0.01098222129502308,0.005865999999999711,0.005865999999999735,0.005865999999999813,0.0010486599999993543,0.0010486599999993415,0.001048659999999378,-0.2912892672071005,9.68554486337616,0.7847231912102418,-0.005001163633645988,-0.0007760161270855601,0.004395972555053636,-21.237375679016115,12.96525061607361,23.337375888824464,993.3315283203125,-0.059732210629837586,34.11383147744201
2025-03-01T18:07:48Z,40.05858724470274,-75.27154389540911,-5.08332461877173,-26.2092489395168,8.544066815655794,-0.9678630707017198,1.5318067906768598,6.274464513079279,5.201235146459208,0.0009999999922272814,0.001000000006829388,0.0009999999943443405,0.0009999999893677907,0.0009999999898056555,0.0009999999832531867,7.000306332634682e-6,7.000307647876984e-6,0.7741640866575104,0.9725863618850066,1.1910474025159221,0.016449727084734668,0.00024245126393707201,0.0002368618005666335,0.01099307617146885,0.00586699999999971,0.0058669999999997335,0.005866999999999811,0.0010486699999993532,0.0010486699999993415,0.001048669999999378,-0.2585618550102117,9.696168764514148,0.978566665952333,-0.002634814049996996,0.0010554094737262084,0.009980544827078412,-17.185500648021698,-18.281813298016786,13.91568802446127,993.3294287109375,-0.032552872463500665,28.691629254675043
2025-03-01T18:07:49Z,40.05836022610391,-75.27143049466396,-5.225238626884392,-26.439806363308257,8.739871517628197,-1.0237691815807395,1.530859286821734,6.272083515881872,5.190782537165869,0.0009999999919293944,0.0010000000066124652,0.0009999999945064925,0.0009999999894245509,0.0009999999897772865,0.0009999999832581623,8.000305216181977e-6,8.000308034810468e-6,0.7955110073077196,1.274378302581673,1.52440858067063,0.01669028058395094,0.00025074303373901846,0.00024645568563966524,0.011002080566746786,0.005867999999999713,0.005867999999999732,0.005867999999999808,0.0010486799999993523,0.0010486799999993403,0.0010486799999993776,-0.07765008740343228,9.640041374199713,0.7213532731313315,0.0021968583536796146,-0.007750056339167588,0.000873318307007123,-3.305625132024288,-39.471189048290256,21.958875954151154,993.533447265625,-0.11412563325486871,45.28895622646663
2025-03-01T18:07:50Z,40.058055945429174,-75.27130990282079,-5.306137656904042,-26.847889766306146,8.95308058501987,-1.0698422812435617,1.531811171510016,6.269254454138867,5.184801840212122,0.0009999999917918564,0.001000000006508713,0.000999999994360733,0.0009999999893794517,0.0009999999894253174,0.0009999999833407848,9.000303054141552e-6,9.000308595930871e-6,0.815105660490543,1.6189617487140837,1.9470961574707013,0.017447865993422986,0.0002583516449923659,0.0002562393517770979,0.011012217161733649,0.005868999999999715,0.005868999999999734,0.005868999999999811,0.001048689999999353,0.0010486899999993396,0.0010486899999993787,-0.15505789910939918,9.62895459238027,0.9700871936808327,0.004976292879884408,-0.00416631603875674,0.00168780508123003,-12.237937948107719,-27.67650120973587,34.536563915610316,993.48708984375,-0.10251805983608767,45.918682778427275
2025-03-01T18:07:51Z,40.0576634507187,-75.27118103593381,-5.3488677749308895,-27.05066208914529,9.355449223325337,-1.0999792115633917,1.5243608777495428,6.276936283297332,5.188544986784429,0.000999999991978887,0.001000000006551083,0.0009999999940776378,0.0009999999893494061,0.0009999999895363894,0.00099999998328455,0.000010000299243337372,0.000010000309381695153,0.8333098039453026,1.9894814284974909,2.4098915583591953,0.01792799510181293,0.0002650266608004966,0.0002663200382727933,0.011018971065007748,0.005869999999999715,0.0058699999999997305,0.0058699999999998085,0.0010486999999993539,0.0010486999999993396,0.0010486999999993795,-0.2804110776133222,9.640349284368792,0.8333890244044938,-0.002574729352523385,0.004830754315154217,-0.008075015928819167,-14.228625564314425,20.61637575149536,21.770438261032105,993.4605151367188,-0.1011389747903016,33.18790963827126
2025-03-01T18:07:52Z,40.05722346965129,-75.27104591697638,-5.514243987404394,-26.591468351767137,9.831694202259499,-1.155885940521169,1.525493896087182,0.0022295106973467213,5.191275428368064,0.0009999999919026628,0.0010000000065051697,0.000999999994229625,0.0009999999891516737,0.0009999999898087674,0.0009999999832920644,0.00001100029298783902,0.000011000310432361806,0.8479816512523551,2.38602629355256,2.8147119737580377,0.01701330890619111,0.0002712355051246267,0.00027638961935143953,0.011025736975270622,0.005870999999999714,0.0058709999999997315,0.0058709999999998095,0.0010487099999993534,0.0010487099999993389,0.0010487099999993788,-0.1668624892198053,9.64558466974239,0.26942884082194335,0.005872228753227728,0.0027466370898723913,-0.008472912867058617,-20.905875759124754,10.128000373840331,23.549250774383545,993.5427001953125,-0.13076701108448313,33.07863185627483
2025-03-01T18:07:53Z,40.056652453203974,-75.2709000364223,-5.588586860808907,-25.83085567660378,10.263267227156925,-1.1455598342375617,1.5192759787250216,6.281502624048231,5.1910933425167975,0.0009999999915240533,0.0010000000066016953,0.000999999994313474,0.0009999999894912406,0.000999999990276448,0.0009999999829534297,0.000012000283259815272,0.000012000311783536245,0.8567801639847262,2.8240210216591786,3.237742014956337,0.015862306193990445,0.00027730530792587717,0.0002863451255085863,0.011037023016471994,0.0058719999999997125,0.00587199999999973,0.005871999999999807,0.001048719999999352,0.0010487199999993384,0.0010487199999993774,-0.05396114368796244,9.708476073576463,0.16119349938711391,-0.0008269216766907191,-0.0017534001735572285,0.004131264133012553,-21.9384383392334,10.55287537574768,24.010125904083253,993.4912182617187,-0.07163573715084418,34.19270286024981
2025-03-01T18:07:54Z,40.056054528417846,-75.2707512509989,-5.783339090379004,-25.441928165449315,10.537140381326452,-1.1358583864624652,1.5096836879748519,6.282735184699106,5.188384942269924,0.0009999999918172218,0.001000000006216883,0.0009999999943789953,0.0009999999898167105,0.0009999999901111288,0.0009999999827185655,0.000013000268779723803,0.00001300031349550225,0.8610475322204402,3.306579244548878,3.7774587464194984,0.015496842349723549,0.0002834165328031368,0.0002961784021817708,0.0110461227473027,0.005872999999999713,0.00587299999999973,0.005872999999999806,0.001048729999999352,0.0010487299999993374,0.0010487299999993773,-0.11197204993150457,9.700758259625946,0.6166620547518082,-0.004867975700458767,-0.004562543545544252,-0.0009349074817381498,-20.53856321334839,10.834875450134277,24.168375930786134,993.596455078125,-0.06064466340742211,33.51617663525983
2025-03-01T18:07:55Z,40.05528018776089,-75.27059307399688,-5.8501158199849765,-24.858471908215183,10.944055047940015,-1.1235941453398919,1.5032045979004387,0.004201055158418553,5.192315285503259,0.0009999999920473205,0.0010000000062024244,0.000999999994404707,0.000999999990023387,0.0009999999901661523,0.0009999999823633284,0.000014000247993082827,0.000014000315641532292,0.8624471862122471,3.8123126902708453,4.357667656060648,0.015055240558680755,0.0002894829393280221,0.00030606933818601745,0.011053660085889086,0.005873999999999709,0.005873999999999733,0.005873999999999804,0.0010487399999993515,0.001048739999999337,0.0010487399999993766,-0.22708186094203384,9.69575429661447,0.5660192050182902,-0.001244346000548242,0.0013925536762722822,-0.003616537418785391,-21.609938163757324,10.344750399589538,24.87956356048584,993.5362646484375,-0.06675426825283517,34.53972298008526
2025-03-01T18:07:56Z,40.05407176511298,-75.27041571571955,-5.5187682456582134,-23.671342145432646,11.427712770124728,-1.1285184304146256,1.4979775574109746,0.007669249152498399,5.196291314906027,0.0009999999917910166,0.001000000006471974,0.0009999999941370024,0.0009999999902070209,0.000999999990119926,0.0009999999825724636,0.000015000218977701898,0.000015000318282689166,0.8603129511275649,4.347143593995079,4.93269430227214,0.014268397751274482,0.0002958604946987872,0.00031581815113661184,0.011061493738170454,0.005874999999999708,0.005874999999999733,0.005874999999999801,0.001048749999999351,0.0010487499999993362,0.0010487499999993761,-0.1687329440933868,9.660158718040393,0.3218741529163535,0.0017013239722279158,-0.0003866315336661474,-0.0017460559198423553,-24.421313552856446,10.862062888145447,23.422125816345215,993.2610791015625,-0.11472476330419767,35.53839240210815
2025-03-01T18:07:57Z,40.05282710754335,-75.27023770351045,-5.355746243084816,-22.564177678407372,11.767621514824722,-1.122543873326664,1.4847597196741393,0.010797620039428562,5.201765971172369,0.000999999991699657,0.0010000000064258054,0.000999999994373878,0.0009999999903592706,0.0009999999900491452,0.0009999999826870655,0.00001600017935480109,0.000016000321484669766,0.8547575313728658,4.930547213383425,5.566969480382859,0.013665986862068926,0.00030265512171781864,0.0003254868481195371,0.01106916782614278,0.005875999999999705,0.005875999999999731,0.0058759999999998,0.00104875999999935,0.0010487599999993357,0.0010487599999993756,-0.1424158184620108,9.683989515933876,0.4549523555819212,-0.007454804542499156,0.0011583888945890556,-0.0011628971639592158,-21.103500804901124,10.685812892913818,23.174063415527343,993.3373999023438,-0.08603182925355005,33.1146220832694
2025-03-01T18:07:58Z,40.05156312843653,-75.27006092404449,-5.325782938383082,-21.638554597955864,12.006689179097169,-1.0753252189735731,1.4801421377290644,0.008775584123091033,5.204527984856149,0.0009999999914823523,0.001000000006717773,0.0009999999941401087,0.000999999990399644,0.000999999989837928,0.0009999999829016623,0.00001700012627041156,0.000017000325335453655,0.8473111218248498,5.56676124349258,6.280583222018817,0.013297053077288512,0.0003099878406402303,0.000335006203465225,0.011078434049431792,0.005876999999999702,0.005876999999999734,0.0058769999999998025,0.0010487699999993506,0.0010487699999993361,0.001048769999999376,-0.16131911532185436,9.728894765211672,0.6458198391897986,0.00006901368784993514,-0.0017185170374690358,0.0037717552412082473,-20.92500078201294,10.126875405311585,23.97000093460083,993.423017578125,-0.030128523806413475,33.39111883569864
2025-03-01T18:07:59Z,40.050095597387696,-75.26988058190015,-5.286164203733288,-20.28374249437187,12.318964504168536,-1.1276936322149966,1.4790130933780081,0.007943818625417834,5.205518650792772,0.0009999999913163627,0.001000000006899428,0.000999999993761054,0.0009999999904069421,0.0009999999900800797,0.0009999999830684263,0.000018000056185090364,0.000018000329909125745,0.8379427345687682,6.236154739930069,6.966722253458769,0.012862883366001313,0.0003179575425250753,0.0003444163120998657,0.011087271552488141,0.0058779999999996994,0.0058779999999997315,0.005877999999999801,0.00104877999999935,0.0010487799999993354,0.0010487799999993753,-0.05736862394326822,9.670122277362546,0.2292601426654146,0.0031029754578834117,-0.0035656321719240514,0.0026142833178017253,-21.172125759124757,10.287750358581542,24.15656343460083,993.4027172851562,-0.10878693376419107,33.72881332662631
2025-03-01T18:08:00Z,40.04814378477741,-75.26969278695691,-5.05104205590237,-19.242609673386696,12.297785205694279,-1.0594558995158976,1.4704084700842999,0.01872890307584818,5.206868056002016,0.0009999999912596845,0.0010000000066744572,0.0009999999935791752,0.0009999999902087536,0.0009999999896264074,0.000999999983406841,0.00001899996487705075,0.000019000335298915966,0.8278417201058046,6.997237098467851,7.798211876228495,0.012679528142819575,0.0003266019169910983,0.0003537800209211361,0.01109226406298571,0.005878999999999698,0.0058789999999997325,0.0058789999999998,0.0010487899999993507,0.0010487899999993345,0.0010487899999993761,-0.06365207447485006,9.727339497241433,0.7749524991254934,-0.004380118603538278,-0.0027816887584191223,-0.008503455779851907,-20.629875774383546,9.946500358581543,24.313125877380372,993.2482397460938,-0.023420231512808684,33.40133742766773
2025-03-01T18:08:01Z,40.04597699151477,-75.26950698215866,-4.825175439671748,-18.31795672683378,12.266089376736641,-1.0776563477107852,1.4687238214349583,0.022859078613536313,5.20869393638315,0.0009999999912776551,0.0010000000067174695,0.000999999993715164,0.0009999999903621511,0.0009999999895606373,0.0009999999833552014,0.000019999847728404312,0.000020000341633346455,0.8188868345869497,7.809929391776925,8.691802433041365,0.012604769664863891,0.0003356719416354153,0.0003631339109112576,0.011099786614665968,0.005879999999999701,0.005879999999999735,0.005879999999999798,0.0010487999999993516,0.0010487999999993346,0.0010487999999993771,-0.2073711480279915,9.636897288206336,0.8330359820330936,0.0017513949596141267,-0.0026498355287760435,-0.0018061412445250723,-20.406000747680665,10.134000425338746,24.31875093460083,993.2324291992187,-0.10672100937523761,33.324181824073136
2025-03-01T18:08:02Z,40.04377354373188,-75.26932656794696,-4.733022612286762,-17.256335734111847,12.25843852649264,-1.0619254065220165,1.4669511735471614,0.02708106185970738,5.210557239059422,0.000999999991246687,0.0010000000067507861,0.0009999999934819218,0.0009999999904770802,0.000999999989381334,0.000999999983222482,0.000020999699366519886,0.000021000349011523294,0.8107900287619907,8.688164987498277,9.600901555711557,0.012654450222878103,0.00034514529565880033,0.0003724971038490216,0.01110743004109597,0.005880999999999698,0.005880999999999733,0.0058809999999998004,0.001048809999999352,0.0010488099999993337,0.0010488099999993773,-0.180661100504269,9.711108167005815,0.5726792307099468,0.0006391537112791464,-0.0018755730700205516,-0.0020690135210390346,-20.79337579727173,10.67625036239624,24.292313404083252,993.2964697265625,-0.052115109614674894,33.711420412339116
2025-03-01T18:08:03Z,40.04110790787173,-75.26914564430314,-4.500290632820944,-16.435514128254805,12.093618151748505,-0.9755286185169624,1.4635181494084188,0.031480587135885967,5.213160829293074,0.0009999999913128704,0.0010000000066591314,0.0009999999935867152,0.0009999999904239851,0.0009999999895503578,0.000999999983028762,0.000021999513742608924,0.000022000357549130483,0.8038081293718613,9.653901399524612,10.6163116760432,0.012713829433622818,0.0003549269676042897,0.00038189148326402757,0.011115361020433792,0.005881999999999699,0.005881999999999734,0.0058819999999998014,0.0010488199999993527,0.0010488199999993345,0.0010488199999993783,-0.25291322785736037,9.74771250839809,0.819345894592752,-0.0016434108976746539,-0.0010776096749744708,-0.002006424738030881,-20.13712579727173,10.277437858581543,24.41493848800659,993.2035986328125,0.003607384602058887,33.27484646035891
2025-03-01T18:08:04Z,40.038116360062155,-75.26896851473285,-4.227221271721472,-15.835238126568772,11.852430371375917,-0.9967672525358544,1.4604646554538065,0.03987969197322046,5.217299804590152,0.0009999999913166081,0.0010000000066154196,0.0009999999938734051,0.0009999999903201934,0.0009999999894619606,0.000999999983002513,0.000022999284658460565,0.00002300036739502815,0.7985674058953018,10.684557146095933,11.704930912456495,0.01274627492316551,0.00036498371894237616,0.000391334847735168,0.011122200145875954,0.005882999999999697,0.005882999999999731,0.0058829999999998,0.0010488299999993533,0.0010488299999993351,0.0010488299999993787,-0.3640310738372358,9.620898810062107,0.9503464064246225,-0.002079194808581687,0.001260199788988299,-0.005815650595513262,-20.652375793457033,11.15793791770935,23.92237596511841,993.159775390625,-0.1071443759105122,33.51562133155704
2025-03-01T18:08:05Z,40.03473411779984,-75.26879595596051,-3.8940939469139475,-15.422948674719347,11.469848995895651,-0.9117168880470534,1.4618431639218832,0.0429722864633728,5.217787994997181,0.000999999991335557,0.0010000000063174986,0.0009999999939014298,0.0009999999901042756,0.0009999999897272764,0.000999999983145963,0.000023999005947145772,0.000024000378701130822,0.7949546695088363,11.811302377691081,12.887756278222767,0.01268454401855138,0.00037501779475224194,0.0004007834799707187,0.011131015779158388,0.005883999999999693,0.005883999999999734,0.0058839999999997965,0.001048839999999353,0.0010488399999993348,0.0010488399999993773,-0.40801913315865795,9.708196948998513,1.0864182576995762,0.0018201589816578447,-0.00262897260659517,-0.0009185513525338963,-20.721000766754152,10.482562961578369,24.095626049041748,993.097353515625,-0.004357554901166649,33.46400747087039
2025-03-01T18:08:06Z,40.03105074911041,-75.26862997501095,-3.509514372448617,-15.148575273593075,11.040253883636584,-0.8748995215844779,1.4562220632537308,0.0454659315821928,5.223418604240148,0.0009999999912387043,0.0010000000062373724,0.0009999999936754018,0.0009999999900631557,0.0009999999894941619,0.000999999983522589,0.00002499867157854846,0.00002500039162618639,0.7925361745615682,13.009328993439295,14.138632320766922,0.012611682910222797,0.00038498889238001684,0.00041031726067616267,0.011140321124211884,0.005884999999999692,0.005884999999999734,0.005884999999999795,0.001048849999999353,0.0010488499999993348,0.0010488499999993781,-0.45685232874519777,9.652823320976568,1.1308051084692765,-0.005979549756981242,0.0027978766779620796,0.00018668001975544364,-20.831250820159912,11.231062936782838,24.445876045227052,993.0549438476562,-0.052056123867825904,34.02462617795455
2025-03-01T18:08:07Z,40.02717238949712,-75.26847143696244,-3.1417436239284173,-14.855947613953273,10.639234468911894,-0.8594623049051957,1.4595195598270865,0.048216798951251624,5.2272219493164185,0.0009999999915496403,0.0010000000063283174,0.0009999999937630062,0.0009999999899822402,0.00099999998934856,0.0009999999838545802,0.00002599827537412974,0.000026000406319579116,0.7909408635433746,14.274927017362241,15.432999563286542,0.012633984352197893,0.00039494632402975265,0.0004198745310550781,0.011149592072094315,0.005885999999999693,0.005885999999999732,0.005885999999999797,0.0010488599999993525,0.0010488599999993343,0.0010488599999993777,-0.47745086980480017,9.648097108834705,1.004823002203173,0.0025430154396869236,0.0014434592437361376,-0.00038913512889142074,-20.877563228607176,10.23543788909912,23.791125926971436,993.0375341796876,-0.06954971839485764,33.26636635776609
2025-03-01T18:08:08Z,40.02301131146709,-75.268319775471,-2.7784048514544093,-14.66825213363353,10.14618114997941,-0.8611842996912217,1.462086281473428,0.04604477266631134,5.231520193070196,0.000999999991702662,0.0010000000061336084,0.0009999999938770153,0.00099999998995651,0.0009999999894940957,0.0009999999841444267,0.000026997810981688748,0.000027000422935099085,0.7899157918130506,15.622784941582783,16.79678429872932,0.012613624373697833,0.00040465236524983724,0.00042947983643117847,0.011160683056188182,0.005886999999999692,0.005886999999999735,0.005886999999999794,0.0010488699999993537,0.0010488699999993347,0.001048869999999378,-0.43853351014193753,9.632307863448021,1.0133214350659172,0.001370856273402462,0.0017463876206801987,0.004472747882805166,-20.41537570953369,11.578125400543213,23.92687593460083,993.0006884765625,-0.08613123705667379,33.51615345709901
2025-03-01T18:08:09Z,40.01849422994323,-75.26817448506002,-2.3944729422497986,-14.581609853508875,9.49090792087985,-0.8372618487035924,1.4652664789747627,0.050539924141467095,5.2318434140055645,0.0009999999915450881,0.0010000000063351015,0.0009999999941298816,0.000999999989760385,0.0009999999896935666,0.0009999999839874342,0.000027997272156971926,0.000028000441644900582,0.7890783738769137,17.071001570186514,18.239163554375235,0.012515654613397303,0.00041456939518984,0.00043910696278961234,0.011169409339835706,0.005887999999999693,0.005887999999999736,0.005887999999999795,0.0010488799999993528,0.0010488799999993337,0.0010488799999993775,-0.343851607520373,9.656232761376923,1.0667173484488464,0.0018201587945443525,-0.0011425351221605155,-0.002690059306717202,-21.31762575149536,10.785750422477722,23.56612594604492,992.9481298828125,-0.060383432539426456,33.55789721218156
2025-03-01T18:08:10Z,40.01336360464194,-75.26803161689816,-1.9274372309791015,-14.22111838064405,8.714477030403526,-0.8390045098528893,1.4661307911043446,0.054276267679629696,5.226177967972805,0.0009999999914511056,0.0010000000062764694,0.0009999999943641016,0.0009999999898452597,0.0009999999894896663,0.0009999999839248928,0.000028996651812320886,0.000029000462589830272,0.7881905789454183,18.609138704656946,19.680905493260106,0.012683179532343861,0.00042444448203021615,0.0004487725821366418,0.011178254634205752,0.0058889999999996905,0.005888999999999738,0.005888999999999792,0.0010488899999993517,0.0010488899999993326,0.001048889999999377,-0.11258529564203221,9.669552810026827,0.7590402325528081,-0.0006119503394337678,-0.006785690530080324,-0.0027274454344041812,-21.592313251495362,9.696562886238098,23.890688457489013,992.844375,-0.08139801614522259,33.63053529877372
2025-03-01T18:08:11Z,40.0084214485635,-75.26789243583116,-1.5658416396781982,-13.905812825098138,8.208142048249721,-0.7874743621048498,1.4689971681512912,0.05450438223377029,5.226036489302864,0.000999999991261038,0.0010000000062545054,0.000999999994527058,0.0009999999896284433,0.000999999989418468,0.0009999999836497863,0.000029995941701290836,0.000030000485904249786,0.7879126509141428,20.208972270939697,21.19986459483309,0.013168668746450677,0.00043397253506185585,0.0004586269970896955,0.011188409136154483,0.005889999999999692,0.005889999999999736,0.005889999999999789,0.0010488999999993527,0.0010488999999993317,0.0010488999999993778,-0.2564044023292057,9.745790393447853,0.5762194239848208,0.0008325942281977355,-0.0008778269385278988,0.0007816895314124556,-20.98143825531006,9.314812922477723,23.9703759765625,992.886943359375,-0.015114353672172792,33.18978828746004
2025-03-01T18:08:12Z,40.004657810523106,-75.26776272128512,-1.514828640841939,-13.591428956193473,7.787460005605147,-0.7878155535841483,1.4686796117664622,0.05385715709670611,5.224682464442949,0.0009999999915093678,0.0010000000059293117,0.000999999994357042,0.000999999989380269,0.000999999989715996,0.0009999999833522036,0.00003099513359970031,0.00003100051175528984,0.7891350388283787,21.89179063553834,22.7898705197129,0.013960049848395193,0.00044323061225077907,0.0004685737894571958,0.011198620758742622,0.005890999999999693,0.005890999999999737,0.005890999999999788,0.0010489099999993535,0.0010489099999993316,0.0010489099999993787,-0.14173784994639763,9.732643611265923,0.5347928712596588,-0.0021300999276466915,-0.0013868809455817937,0.0008427754062127655,-21.840938262939453,10.252500410079955,24.18431339263916,993.1034106445312,-0.03288544550842328,34.161643632766086
2025-03-01T18:08:13Z,39.999533346536516,-75.26761470220718,-1.2218834561486835,-13.486346773314825,7.315367842049123,-0.788056070683403,1.4698684545654555,0.05482053280353049,5.2211598895686055,0.0009999999913990081,0.0010000000056865487,0.0009999999944453595,0.0009999999897010808,0.000999999989846908,0.0009999999834291965,0.000031994220093119605,0.0000320005403038179,0.7927801345400052,23.634434194559937,24.4532259847046,0.015206310665815787,0.000452174990767453,0.00047852468241249134,0.011207882774076664,0.005891999999999691,0.005891999999999734,0.005891999999999785,0.001048919999999353,0.0010489199999993305,0.0010489199999993777,-0.07753109899437875,9.719116302609377,0.45991256132455643,-0.0017635811466605528,-0.0024495516329700777,-0.001495701410465652,-21.71850076675415,10.539562911987305,24.08812599182129,992.9120776367188,-0.05088646895477901,34.102932636771534
2025-03-01T18:08:14Z,39.99316125715183,-75.26744182575972,-0.7278235488953884,-13.806817029818214,7.032887809063504,-0.7882016305430994,1.4694241547856346,0.05713938226235542,5.221416423623933,0.000999999991724056,0.0010000000054088808,0.0009999999945740378,0.0009999999899199259,0.000999999989987714,0.000999999983580062,0.00003299319624544623,0.00003300057172012889,0.8001069934648567,25.379535716805613,26.207730447079236,0.016713784994480285,0.00046050660264303217,0.0004884093530581683,0.011216143481092256,0.005892999999999693,0.005892999999999734,0.005892999999999786,0.0010489299999993525,0.0010489299999993308,0.0010489299999993777,-0.23709183367723421,9.696113132471119,0.37251961577245746,-0.005194604942443119,0.002828085970080882,-0.003341648261954303,-21.044250717163084,11.546437902450561,22.963875885009767,992.7290844726563,-0.07499380420398596,33.219225468983524
2025-03-01T18:08:15Z,39.98742426000581,-75.26726760353597,-0.3992425188143016,-14.663543766967578,6.732134612709086,-0.77687026834303,1.47462984089906,0.05776819223889203,5.217418661189728,0.0009999999914681674,0.001000000005211605,0.0009999999948272324,0.0009999999901362004,0.0009999999898313945,0.0009999999835153693,0.000033992061984503484,0.00003400060623458656,0.8107726752780668,27.164540668401816,28.115849183565057,0.017269469624006887,0.0004679690406528499,0.0004979580469892636,0.01122411565441194,0.005893999999999694,0.005893999999999731,0.005893999999999789,0.001048939999999353,0.0010489399999993312,0.0010489399999993785,-0.31136086334614754,9.677732231009657,0.7523076399167082,0.0004795947264242821,-0.0008773260182412912,-0.0026974027206491027,-20.04393825531006,10.49100040435791,24.65137607574463,992.8118139648437,-0.06920487513497992,33.45904208393931
2025-03-01T18:08:16Z,39.982897252911144,-75.26710421157128,-0.31740333681773303,-15.730920693674445,6.457580707328668,-0.7588029088076973,1.478843224999257,0.05981026068206649,5.213436213244637,0.000999999991619696,0.0010000000050816398,0.0009999999946340337,0.000999999990186498,0.0009999999897554678,0.000999999983526613,0.00003499082192140429,0.000035000644110277366,0.8221826146148076,28.967121068439464,30.164096890314934,0.016971855815845798,0.00047473194842689143,0.0005070690593966788,0.011230906666205,0.0058949999999996965,0.00589499999999973,0.005894999999999791,0.0010489499999993535,0.0010489499999993316,0.0010489499999993789,-0.3800629869707292,9.681437165572994,1.0043843156796766,0.0001810051957994497,-0.0008065595039887087,-0.004247764567890909,-21.187875843048097,11.13225040435791,23.066250839233398,992.97869140625,-0.040285764750897395,33.24006071665268
2025-03-01T18:08:17Z,39.978609209327054,-75.26693450954114,-0.3313100152927366,-16.61264820980142,6.436487324711135,-0.8387904126359198,1.4816807457715246,0.05480822549584518,5.211853721763852,0.000999999991810891,0.0010000000048919562,0.000999999994747574,0.000999999989960788,0.0009999999898460074,0.0009999999833124559,0.00003598948279478202,0.0000360006855381551,0.833407308699855,30.69563123766899,32.24822893062248,0.01729316490883359,0.00048046154005156093,0.000515646092541832,0.011239410024022827,0.005895999999999694,0.005895999999999728,0.005895999999999788,0.001048959999999353,0.001048959999999331,0.0010489599999993784,-0.3836921020240229,9.62097856902568,0.6492096705813224,-0.0013156137787390851,0.0012092940155416575,0.0026753698707913586,-21.509063358306886,8.106187850534916,23.905875968933106,993.0288232421875,-0.13061393628845852,33.16379997247371
2025-03-01T18:08:18Z,39.97383643442917,-75.26673967449992,-0.3129631353688208,-17.796411617194487,6.377112646584431,-0.841591730757062,1.4859798666617288,0.0494205642252316,5.205917971410209,0.0009999999915564287,0.0010000000048320861,0.0009999999944580729,0.0009999999900563786,0.0009999999894852623,0.0009999999832262982,0.000036988052955822194,0.000037000730682588394,0.8448077255032258,32.43019259373391,34.44341523986961,0.017561512761579856,0.00048565424813013154,0.0005235894461830534,0.01124693219858783,0.005896999999999693,0.005896999999999728,0.005896999999999787,0.0010489699999993518,0.0010489699999993297,0.0010489699999993787,-0.2414982876599572,9.690284664336769,0.7145324275673173,-0.00027146925892390184,-0.002349410333547478,0.002029288479295005,-22.165875816345213,8.841750335693359,21.872625789642335,992.989150390625,-0.06150841188699128,32.37145461601458
2025-03-01T18:08:19Z,39.9675755806662,-75.26648509623742,-0.01848944755317583,-19.588944278644536,6.523455956808451,-0.79688783879741,1.4899432908264467,0.04905107936682642,5.201169447515758,0.000999999991400144,0.0010000000049203925,0.0009999999942201215,0.0009999999899161166,0.0009999999893582565,0.0009999999830280423,0.000037986542159034814,0.00003800077972714139,0.8558855317236735,34.1155677706328,36.73208322935868,0.01775882980162129,0.0004907469406720376,0.0005308132704608707,0.011251655759960255,0.0058979999999996926,0.005897999999999727,0.005897999999999788,0.0010489799999993529,0.0010489799999993292,0.001048979999999379,-0.26225634985442003,9.713062309260303,0.6558298187472708,-0.0023439026717001453,0.0009751293631644171,-0.004237583088736863,-23.323688259124754,9.152062888145446,24.346313343048095,992.8085864257813,-0.04241908328724588,34.93557095413318
2025-03-01T18:08:20Z,39.96236101326528,-75.26623964145026,0.12295753926481412,-20.949829063054235,6.734199305500217,-0.7552529981819728,1.4970689669798634,0.04447700996750318,5.194719100323826,0.0009999999913468253,0.001000000004876645,0.0009999999940650494,0.0009999999900828476,0.0009999999890766586,0.0009999999829173793,0.000038984962114303345,0.000039000832824482655,0.8673643017098577,35.745723248358864,39.08482311376594,0.01854500204482325,0.0004951729797029443,0.0005372917270645289,0.011257132616173102,0.005898999999999695,0.00589899999999973,0.00589899999999979,0.001048989999999354,0.0010489899999993283,0.001048989999999379,-0.14700140544428208,9.752811945675791,0.40844725736316984,0.001911621950951914,-0.0017210206687447993,0.00013660910291434436,-23.423063316345214,9.43331286430359,23.83837589263916,992.9182690429687,-0.01869378935595503,34.72595468452435
2025-03-01T18:08:21Z,39.95740027068411,-75.2659798921794,0.2637787784053367,-22.473254930748272,6.910865054650728,-0.7030770288267044,1.5010925743870662,0.039128690877908906,5.181965502790218,0.0009999999913017877,0.0010000000046673232,0.0009999999943974788,0.000999999990141479,0.0009999999893640897,0.0009999999826472005,0.00003998332664984439,0.000040000890112264105,0.8794686973528331,37.33589253403103,41.54119082968918,0.01901562588651487,0.0004989912335094477,0.0005431119646370687,0.01126193565102102,0.0058999999999996946,0.005899999999999728,0.005899999999999788,0.0010489999999993538,0.0010489999999993282,0.0010489999999993792,-0.057071812379213105,9.759203886027228,0.5260989501132064,-0.000765835063859387,-0.008014764000623164,0.000303178314127949,-21.760875759124755,9.91443787574768,23.714250755310058,992.9380859375,-0.007651539754156975,33.67779779674172
2025-03-01T18:08:22Z,39.9520938744451,-75.26568130321466,0.4703708502105942,-24.389906961067236,7.515205517490157,-0.7479752235111374,1.5028727295452227,0.03438288382408311,5.180534818853609,0.0009999999913336407,0.0010000000046482948,0.00099999999424064,0.0009999999902367694,0.0009999999895296497,0.0009999999827300526,0.00004098164790068959,0.000041000951810396375,0.8900877442454371,38.76728511611072,44.06603549593495,0.018541256166890153,0.0005029675280563516,0.0005477924635717832,0.011266058228155155,0.005900999999999691,0.005900999999999726,0.005900999999999786,0.001049009999999353,0.0010490099999993275,0.0010490099999993785,-0.34229626861834933,9.644707384740613,0.49220062912086243,-0.00389142684374423,0.003907280477310429,-0.00011424614073171852,-21.262875804901125,10.435687890052796,24.021563472747804,992.8854418945313,-0.11795245023434935,33.734930838229516
2025-03-01T18:08:23Z,39.947313707298036,-75.26538152448568,0.5392105390144977,-26.0959127523872,8.158779180030754,-0.7908624595877203,1.5065581947748974,0.03343982791939985,5.180753246486754,0.0009999999911297446,0.001000000004407063,0.0009999999941906134,0.000999999990127524,0.0009999999894977412,0.0009999999831565433,0.000041979934450349624,0.00004200101824466531,0.8980399300910336,40.13883373725173,46.66460702633069,0.018237391027037142,0.0005070784451820792,0.0005517730728819428,0.01126887689683621,0.005901999999999693,0.005901999999999728,0.005901999999999788,0.001049019999999352,0.0010490199999993281,0.0010490199999993771,-0.3045354377828961,9.665572000154944,0.3871079871265069,-0.0014431271322674695,0.005323952644800635,-0.0035385935836654593,-21.13256315231323,10.582687873840332,23.806688499450683,992.9366455078125,-0.10324913943555994,33.54599115276314
2025-03-01T18:08:24Z,39.942272574251405,-75.26504937236919,0.6293448066146765,-28.094893753171508,8.759754165863619,-0.7955979520454355,1.5119296907973823,0.02666680671673871,5.173891086074011,0.000999999990992604,0.0010000000043453602,0.0009999999940368156,0.0009999999898294381,0.000999999989547781,0.000999999983350699,0.00004297819089388557,0.000043001089749540824,0.9031956939111601,41.507348716535276,49.369994112755435,0.017682237085362543,0.0005106322095968499,0.0005557657274131184,0.011273012664687863,0.005902999999999694,0.005902999999999729,0.005902999999999789,0.0010490299999993515,0.0010490299999993285,0.0010490299999993766,-0.21491834286706735,9.693560829793974,0.5202764141207913,0.00023191063969131044,-0.001814485927475564,0.0014740024832252873,-21.21093828201294,10.191187896728515,23.247563438415526,992.9041577148438,-0.07155644341443228,33.078846171349085
2025-03-01T18:08:25Z,39.9362887452834,-75.26464859666655,0.8977465635224169,-30.705555598792472,9.402490457639558,-0.756600867370845,1.5181504949415843,0.02205953181196972,5.161834906607889,0.0009999999909209155,0.0010000000046030317,0.000999999993910122,0.0009999999896291968,0.0009999999899173917,0.0009999999833714154,0.00004397641437153776,0.000044001166588076505,0.9045606307683528,42.91009611638999,52.18671098345796,0.016836064726364227,0.0005141628284841911,0.0005599510147878858,0.01127631044764655,0.005903999999999692,0.005903999999999726,0.005903999999999787,0.001049039999999351,0.001049039999999329,0.0010490399999993761,-0.11848366991348123,9.714095238603091,0.704804227322929,0.0003494103519635944,-0.005921967742940157,-0.0019062829500438249,-20.45606321334839,10.767562966346741,24.402375946044923,992.7833325195312,-0.04119531459252596,33.61344190767017
2025-03-01T18:08:26Z,39.93009926737376,-75.26421080923092,1.2178265117828277,-33.296895163515664,10.33844759382758,-0.7353535994798615,1.5211763302875714,0.014734395431665909,5.155977081057777,0.0009999999909400816,0.001000000004902826,0.0009999999940568712,0.0009999999896211681,0.000999999989953707,0.0009999999833188323,0.0000449745953659359,0.00004500124900032696,0.9021067427669767,44.29594201276006,55.0703626611104,0.01603487870035815,0.0005185560705189629,0.0005636811457324801,0.011280635946418175,0.005904999999999691,0.005904999999999726,0.005904999999999786,0.0010490499999993514,0.0010490499999993297,0.001049049999999377,-0.2127648044510292,9.705764221186802,0.5059194781616072,-0.00288349977185121,0.00013009999903255964,0.0010158538858140531,-21.554063320159912,11.127187881469727,23.633813228607178,992.7321069335937,-0.06041018909974784,33.86658602040745
2025-03-01T18:08:27Z,39.923424037722214,-75.26372060757123,1.6376745028127189,-36.092833474216995,11.37793510768459,-0.6779015936892312,1.52685343580639,0.00988074192943418,5.149443071368112,0.000999999990792577,0.0010000000047922669,0.0009999999942419565,0.0009999999896110944,0.0009999999896668434,0.0009999999837295211,0.00004597271872231754,0.000046001337310742904,0.8962964271921036,45.76108941169116,58.059777887368014,0.015184006760335104,0.0005235764792683564,0.0005676368811817951,0.011284686205224737,0.00590599999999969,0.005905999999999725,0.0059059999999997856,0.0010490599999993517,0.00104905999999933,0.0010490599999993771,-0.18226612340461326,9.737748941260266,0.5547232515518365,-0.00023141169484223805,-0.0002639580612435119,-0.0017760986026561648,-21.89493818283081,10.793437900543212,23.438813228607177,992.64435546875,-0.026590842487169197,33.84170730423399
2025-03-01T18:08:28Z,39.9163783084349,-75.26318554127974,2.1054499882641124,-38.673598119918594,12.573040117182323,-0.69971940177995,1.527496941787897,0.0037684391563001032,5.143443648929668,0.0009999999911808597,0.0010000000048229238,0.0009999999939169753,0.0009999999892350865,0.0009999999896033558,0.0009999999837774821,0.00004697076845711676,0.00004700143186231876,0.8886749472587154,47.27689620921382,61.083352050381876,0.014788961778500299,0.0005292247018638586,0.0005718809743247077,0.011289551528003306,0.005906999999999689,0.005906999999999724,0.005906999999999783,0.0010490699999993508,0.0010490699999993291,0.0010490699999993764,-0.10121938829693347,9.671586758926686,0.27210082237812006,-0.005092794095332108,0.0001300999585377412,-0.0005418514030253309,-21.74418827056885,10.043250374794006,23.214563274383544,992.56560546875,-0.10605558005877314,33.35549680606964
2025-03-01T18:08:29Z,39.91012450330912,-75.26267829210438,2.374237292378421,-40.822218646377706,13.68268480053484,-0.7478586143700326,1.5246140484973303,0.00025593328496371047,5.13947621807038,0.000999999990956041,0.0010000000051350695,0.000999999993980314,0.0009999999891914932,0.0009999999895101404,0.0009999999836928074,0.000047968731059789384,0.00004800153310570946,0.8806681322996354,48.87083352158871,64.20327974651087,0.01440475505544236,0.0005354445109731799,0.0005764795057599775,0.011294609203655642,0.005907999999999689,0.005907999999999722,0.005907999999999782,0.0010490799999993516,0.00104907999999933,0.001049079999999377,-0.10740084831481538,9.663730310435241,0.2552314230776686,-0.007576977927425569,0.0011176642488152477,-0.0019773836420479956,-21.862125759124755,10.501687870025634,23.622188301086425,992.6218994140625,-0.1144574733248706,33.8562008786155
2025-03-01T18:08:30Z,39.9035763068645,-75.26214403226213,2.676063909510518,-43.254747146693596,14.780846025748488,-0.6516745277285142,1.5307556892643752,6.281373557089664,5.135539003536046,0.0009999999912414326,0.0010000000052019376,0.0009999999938699801,0.0009999999893546539,0.0009999999894557846,0.0009999999835753931,0.000048966581695510606,0.00004900164164022608,0.8709883936769416,50.61873976923427,67.52718052481227,0.013641330521385305,0.0005420850858100591,0.0005817200159317514,0.011300010011631235,0.005908999999999691,0.005908999999999719,0.00590899999999978,0.0010490899999993511,0.0010490899999993292,0.0010490899999993763,-0.2121175654396115,9.797255732796959,0.549859151414096,0.0016412391150818868,0.0009477572006710317,-0.0031981117496039115,-22.035000801086426,9.769125413894653,23.20743822097778,992.5741259765625,0.03265181034972695,33.45980974006341
2025-03-01T18:08:31Z,39.89665854760481,-75.26158533281311,3.043136840239997,-45.53896330524286,15.871872253251633,-0.6337205469150616,1.5305757857896987,6.276683600437758,5.132189251057192,0.000999999991635557,0.0010000000054662922,0.000999999994042738,0.0009999999893590262,0.0009999999894092584,0.0009999999834920978,0.00004996428434547179,0.000050001758053467116,0.8593510064882632,52.48325610857863,70.93837657126333,0.013156559780296678,0.000549252968056841,0.0005876709510052779,0.011306683086727318,0.005909999999999693,0.005909999999999718,0.005909999999999779,0.0010490999999993515,0.0010490999999993298,0.001049099999999377,-0.1696541185781939,9.726222824091478,0.4445435786302345,-0.004431023948386294,0.0010973024044543865,-0.00022623771618202656,-21.318938331604002,9.152812852859498,23.250375862121583,992.5169653320313,-0.04461895373071509,32.8458180342615
2025-03-01T18:08:32Z,39.88660694915101,-75.26085725325305,3.840541666045331,-48.45332680277867,17.185189969580204,-0.5686976216491705,1.5375537799518957,6.270817542272845,5.121015754725356,0.0009999999916545938,0.0010000000054102274,0.000999999994040262,0.0009999999891527553,0.0009999999893371676,0.0009999999837259545,0.000050961804292931533,0.00005100188284778258,0.8473405901130034,54.519934259438266,74.47883240706433,0.01287142670530389,0.0005559720918105331,0.000595314466314858,0.011313967528523889,0.005910999999999694,0.005910999999999716,0.005910999999999777,0.001049109999999351,0.0010491099999993293,0.0010491099999993766,-0.053642096722622865,9.742416942528433,0.40464227970836397,0.0014209269638793928,-0.005511386414582557,-0.0005443551067348591,-23.004563407897948,10.175625371932984,24.67518844604492,992.1778955078125,-0.03170643157917157,35.236552641349704
2025-03-01T18:08:33Z,39.878374234947934,-75.26023663512615,4.358796305354419,-50.66132605860593,18.338734325095434,-0.5475085781993473,1.5368121729465019,6.273853773913569,5.1224382021369825,0.0009999999918121067,0.0010000000054870286,0.0009999999940426703,0.0009999999891020562,0.0009999999892216845,0.000999999983753532,0.00005195909967275087,0.000052002016694298465,0.8352105099011333,56.67836256535226,78.16793497896533,0.012662872940591232,0.0005645656416171883,0.0006022508178806585,0.011320442968101642,0.005911999999999695,0.005911999999999719,0.005911999999999779,0.0010491199999993514,0.0010491199999993297,0.0010491199999993768,-0.2748984326593322,9.732882935836468,0.3755106387185546,-0.004583740241998995,0.005526072114736267,-0.007037380172565308,-21.9086256980896,8.844750375747681,22.445063362121584,992.3007202148438,-0.038837947077234675,32.588265605558696
2025-03-01T18:08:34Z,39.86975408157596,-75.25962046512684,4.831248895124378,-52.70339186999389,19.327649562510338,-0.6199350405956393,1.539667481031558,6.267097423634551,5.120304415039564,0.000999999991777278,0.0010000000052709855,0.0009999999939299378,0.0009999999893759175,0.0009999999891008374,0.0009999999837703953,0.000052956115148502725,0.00005300216045659735,0.8230531178597265,58.993749455224986,81.98013703614872,0.012701659372507865,0.0005730936302257637,0.0006105961595108317,0.011329594946605804,0.005912999999999692,0.005912999999999716,0.005912999999999777,0.0010491299999993518,0.00104912999999933,0.0010491299999993773,-0.283911395149189,9.642234761550503,0.4157499474076523,-0.0006029379979071758,0.0010158536529539023,0.0034593128654589,-21.360375747680663,10.708687887191772,23.519813442230223,992.2462866210938,-0.12762177320302465,33.527896958044295
2025-03-01T18:08:35Z,39.86181350230702,-75.2590635926199,5.082907315180313,-54.81480379873589,19.90800636659821,-0.6805935272235749,1.5407249657705406,6.268326804879773,5.115933658641066,0.0009999999915976253,0.0010000000053497604,0.000999999994185826,0.0009999999894447144,0.0009999999889685027,0.0009999999836114752,0.000053952767629691224,0.00005400231482882192,0.8107111629282231,61.557802854758826,86.04971487283913,0.013186514589897719,0.0005815538784849406,0.0006201661905925926,0.01133803351113575,0.005913999999999691,0.005913999999999718,0.005913999999999778,0.0010491399999993521,0.0010491399999993305,0.0010491399999993777,-0.33379848084573477,9.653490205102871,0.9845291217160576,-0.0014631558691447768,-0.0020364671724210862,-0.003328295956766366,-21.569063167572022,10.84518786430359,23.6696258354187,992.30328125,-0.07379045250994455,33.80961913989759
2025-03-01T18:08:36Z,39.85462457838914,-75.25856112033968,5.128187522858603,-56.554242455870295,20.24798153562188,-0.7266183601991297,1.537550911742584,6.266748389543465,5.1112972915756965,0.0009999999913941735,0.001000000005442653,0.0009999999942404932,0.0009999999891312477,0.000999999989011483,0.0009999999833885933,0.000054948940384647136,0.000055002480271252326,0.7992814108260897,64.37567084758027,90.32190519694423,0.014766933104982893,0.0005905405501437979,0.0006304360923594683,0.011347714068895271,0.005914999999999694,0.005914999999999719,0.00591499999999978,0.001049149999999351,0.0010491499999993293,0.0010491499999993766,-0.3409403365244884,9.67553489112319,1.154135135110073,-0.004583740195967343,-0.0033721914317660843,0.0005678863588188577,-20.651438274383544,10.310812883377075,23.510250873565674,992.3869970703125,-0.03307625575384694,32.94728095551453
2025-03-01T18:08:37Z,39.84873722301181,-75.25812440682931,4.939018186661855,-57.487764755636306,20.551791960891,-0.7733893300747967,1.5380813943404237,6.26600858571282,5.111465520504936,0.0009999999916560005,0.0010000000054200318,0.0009999999939857363,0.0009999999893142912,0.0009999999889069794,0.000999999983398204,0.00005594452559889011,0.00005600265724144906,0.7925740441286633,67.38753947487716,94.69212343651434,0.016605611595066183,0.0006005559817514594,0.000640292571766896,0.01135770817827132,0.0059159999999996915,0.0059159999999997175,0.005915999999999781,0.00104915999999935,0.0010491599999993303,0.0010491599999993754,-0.30841886784545974,9.698796926774383,0.8308785250733078,0.0002392544307743571,0.0006072753117546325,0.0007374596399234905,-20.829750595092772,10.385812883377076,23.9581884765625,992.5265966796875,-0.044012024392812106,33.4026200971883
2025-03-01T18:08:38Z,39.84200610653099,-75.25767718581662,4.739621862305167,-58.058811579664024,20.70001709483203,-0.8217280820948025,1.5362697075078058,6.26884901364199,5.109808229089843,0.000999999991546755,0.0010000000057625385,0.0009999999939854847,0.00099999998962544,0.0009999999889783128,0.0009999999835083148,0.000056939449901420296,0.00005700284632826586,0.7933586071435903,70.54056225397582,99.19899636214711,0.01874983307638813,0.000610117977944725,0.0006502652591502864,0.011367294549293246,0.005916999999999689,0.005916999999999715,0.005916999999999783,0.00104916999999935,0.0010491699999993294,0.0010491699999993754,-0.26496822057761316,9.688814996713939,0.8423503463769249,-0.0013156135169025212,-0.0016414076609899903,-0.002160642841216756,-20.69287576675415,9.972562880516053,23.14425085067749,992.5250048828125,-0.05427453570306851,32.608283629282546
2025-03-01T18:08:39Z,39.83341876094837,-75.25719657538505,4.622873119655981,-57.81281201451481,20.73489526369221,-0.8645821991280037,1.5341347573086463,6.270419783792905,5.107468200709819,0.0009999999916992888,0.0010000000060483732,0.000999999993899306,0.0009999999896930156,0.000999999989259703,0.0009999999832379556,0.00005793369643927472,0.000058003048183187183,0.802223899509428,73.70902821508263,103.74885368062787,0.019904330246588053,0.0006189260884523754,0.000659769404672317,0.011377222692568573,0.005917999999999688,0.005917999999999714,0.005917999999999784,0.0010491799999993497,0.001049179999999329,0.001049179999999375,-0.18407054252663485,9.685812963636296,0.5302066278175183,-0.0005318370038473186,-0.0030579132427491834,0.00012659474871330517,-21.4805633354187,10.156687884330749,23.876063385009765,992.4594702148438,-0.08118630864768307,33.68435690243132
2025-03-01T18:08:40Z,39.8223883628054,-75.25668377332768,4.643254336087782,-56.87614180416824,20.59815770628622,-0.9052395765747121,1.532201385933767,6.273640225142824,5.107972535119858,0.000999999991740198,0.0010000000059079057,0.0009999999936592704,0.0009999999900118352,0.0009999999891029804,0.0009999999830497617,0.00005892731257497644,0.000059003263612710014,0.8177079986001021,76.77247744393178,108.39572797052118,0.021026802514122242,0.0006270218300470018,0.0006679043256970164,0.01138679457051731,0.005918999999999689,0.005918999999999711,0.005918999999999785,0.0010491899999993497,0.0010491899999993293,0.0010491899999993755,-0.25858735457924553,9.665644525521905,0.5030082078953745,0.0011787512022753115,-0.001111992029928166,0.00004865119916520606,-21.05643829345703,9.068062842339277,21.902813358306886,992.3525146484375,-0.10103602319096358,31.706992576109087
2025-03-01T18:08:41Z,40.04967769174656,-75.26240136099683,4.285735877016729,-19.70273074036887,-14.31047370265273,-0.594181013567017,1.4841347963734228,0.09627800504240525,5.199917622495068,0.000999999992111233,0.0010000000062523,0.0009999999933547972,0.0009999999902887864,0.0009999999894133912,0.0009999999827929357,3.072632499491602e-10,3.0726318748852733e-10,0.5532514637850013,0.006145042939454805,0.006145188971571814,0.012707760442611123,0.00017379476741304748,0.00017624728162540446,0.011116417363451172,0.005919999999999688,0.005919999999999711,0.005919999999999782,0.0010491999999993492,0.0010491999999993284,0.0010491999999993748,-0.29575586632371986,9.661257750823154,0.87600937417349,-0.005092794349906308,0.0021255916030035174,-0.0010712674936006368,-21.872250804901125,10.226250400543213,24.435001049041748,992.3594189453125,-0.07342960210171828,34.351671582349596
2025-03-01T18:08:42Z,40.04952083761855,-75.26257321414158,4.3641587425846,-19.693719555994893,-14.97626494923659,-0.5986685504190368,1.4777901263930875,0.0980841651577936,5.198072241968325,0.000999999992236618,0.0010000000059487482,0.0009999999935781348,0.0009999999904860423,0.0009999999894066839,0.0009999999827593853,1.000307263429818e-6,1.0003072636257227e-6,0.5884055675524804,0.02853780378084861,0.024141221825606834,0.012846120666734394,0.0001836276708266708,0.00018598200116290846,0.011126239842474264,0.0059209999999996895,0.005920999999999709,0.00592099999999978,0.001049209999999349,0.0010492099999993287,0.0010492099999993743,-0.356902950378399,9.678869808128233,1.1836825697937958,-0.005098301407803708,-0.0012253189787977863,-0.0006745393469955359,-21.266813297271728,10.84462537765503,23.475375919342042,992.3343579101562,-0.021246861082525062,33.480936696706365
2025-03-01T18:08:43Z,40.049359815643626,-75.26275243819346,4.481332522788787,-19.496161610840474,-15.555441684380966,-0.6638094791681983,1.476834545382962,0.10213363882952366,5.198896921305655,0.0009999999922232243,0.0010000000059301275,0.0009999999935144561,0.0009999999906243845,0.000999999989542627,0.000999999982842352,2.0003072647592065e-6,2.0003072666331783e-6,0.6230202564220739,0.0908323026554128,0.07712455465205749,0.01288771330536576,0.0001934348517762935,0.00019567221668181383,0.01113580566671412,0.00592199999999969,0.005921999999999706,0.005921999999999777,0.0010492199999993497,0.0010492199999993278,0.001049219999999375,-0.38149868220307936,9.623211875591688,1.0203364590023603,0.00037444586319122395,0.001667442746964419,-0.002516980773137287,-21.030750732421875,11.64600043296814,23.604000873565674,992.295615234375,-0.0940238566896857,33.690758948434194
2025-03-01T18:08:44Z,40.04919089466754,-75.26293900856209,4.545494343931941,-19.27240817018135,-16.197248323109868,-0.7294961700520587,1.4750363941331583,0.10871173693601954,5.197267124164493,0.0009999999923911646,0.0010000000058413157,0.000999999993363576,0.0009999999903709828,0.0009999999892981962,0.0009999999826414377,3.0003072664386116e-6,3.0003072779979364e-6,0.6551419094191595,0.19719407278642498,0.16731124295605185,0.013009287778322295,0.00020322853867688805,0.0002054033696305085,0.011145207216381533,0.0059229999999996915,0.005922999999999704,0.005922999999999778,0.0010492299999993503,0.0010492299999993286,0.0010492299999993757,-0.3760063028169862,9.621795073706528,1.0585104831228855,-1.0859625797863398e-6,-0.0006044399941418067,-0.005401230606360445,-21.164438228607178,12.02231297492981,23.568188343048096,992.3144604492187,-0.09147976616828023,33.881049512710376
2025-03-01T18:08:45Z,40.04901172359867,-75.26313282617834,4.44626972720363,-18.682522559886042,-16.783942756713444,-0.7371399042744226,1.4791067322175548,0.10639821483797583,5.194538596420001,0.0009999999922698458,0.0010000000060950355,0.0009999999936464985,0.0009999999903599916,0.0009999999894800202,0.0009999999825137348,4.000307258016957e-6,4.000307308452062e-6,0.6833255220028993,0.34668873455051946,0.3068533954016929,0.01301918864151739,0.0002125578349109493,0.0002152306863340728,0.011155405613385516,0.005923999999999689,0.005923999999999706,0.005923999999999776,0.0010492399999993498,0.0010492399999993281,0.0010492399999993754,-0.28016264019068027,9.73850605391872,0.7138158843229766,0.0058315043598466945,-0.0027307836120682976,0.002868810236738329,-21.50325071334839,11.22168794631958,23.731313362121583,992.455458984375,-0.009908053677584693,33.93358011878794
2025-03-01T18:08:46Z,40.04881201157619,-75.26333283704484,4.40527844826168,-17.77768976586148,-17.253669199857356,-0.8214995930553836,1.4753795378930972,0.10723480827171789,5.198331830696082,0.0009999999927819807,0.001000000006275178,0.0009999999934532343,0.000999999990091455,0.0009999999896026293,0.000999999982159974,5.000307200487223e-6,5.000307375202976e-6,0.7065786192768957,0.5334407296595047,0.507674181171946,0.013145609892600111,0.00022203563251030852,0.0002251319561158544,0.011165156915617935,0.0059249999999996875,0.005924999999999704,0.005924999999999774,0.0010492499999993489,0.0010492499999993272,0.001049249999999374,-0.21886650088618803,9.68781799379375,0.3965674832613723,-0.0024151697067070037,0.0038665559582333727,0.00006901349890269578,-21.56343822479248,11.116687908172608,24.051375885009765,992.4012963867187,-0.0801018231882853,34.16178904999736
2025-03-01T18:08:47Z,40.04858574109349,-75.26353795106742,4.295997551047715,-16.96868990897312,-17.708466112379767,-0.9262119285337479,1.4745463364962006,0.10908059747979536,5.198664178997136,0.0009999999927785142,0.001000000006030659,0.000999999993626156,0.000999999990072871,0.0009999999893876726,0.0009999999825005736,6.000306994957814e-6,6.0003075022286805e-6,0.7255531516964151,0.7650008292681515,0.7613441190279625,0.013646494901673687,0.00023161358166122578,0.00023511834476781822,0.011174865358327167,0.00592599999999969,0.0059259999999997015,0.005925999999999773,0.0010492599999993493,0.0010492599999993274,0.0010492599999993746,-0.26817237843868114,9.651646533772182,0.5103971943681358,0.0008100624088975348,0.0003268785502488264,-0.0017560702199232326,-21.14531322479248,11.188875408172608,23.594625911712647,992.4121655273437,-0.10959814287890138,33.600865527028766
2025-03-01T18:08:48Z,40.04830442092272,-75.26374730441454,4.259157206937946,-16.160929531989783,-18.12481847984504,-0.9897457597283865,1.4711358821737677,0.10861031123409581,5.19925491625011,0.0009999999928352171,0.0010000000061963893,0.0009999999938593005,0.0009999999901990847,0.0009999999893354596,0.0009999999827268998,7.000306445308261e-6,7.0003077206943965e-6,0.7419427556942605,1.0449730348434039,1.0728641009776636,0.014466221531413975,0.0002412139109024708,0.00024506540545738196,0.011184692436536402,0.005926999999999689,0.005926999999999703,0.005926999999999772,0.0010492699999993492,0.0010492699999993275,0.0010492699999993746,-0.2745793862342021,9.675774168008497,0.5415725365121326,-0.0016719512581351767,0.00005883236483506427,-0.00012442732792671072,-21.232313232421873,11.033250436782836,24.091125946044922,992.3195971679687,-0.08359406856560737,33.9547145740044
2025-03-01T18:08:49Z,40.047939724869885,-75.26395899784488,4.325799667153812,-15.224575578997635,-18.446489178260993,-1.0496600395300852,1.4721715352904707,0.10428557986634647,5.199359844280643,0.0009999999927779,0.0010000000058372305,0.0009999999937647642,0.0009999999902108817,0.0009999999891985403,0.0009999999826048268,8.000305215298086e-6,8.000308069761144e-6,0.7573608636009275,1.3722423724862747,1.4586829272094555,0.01569623386882951,0.0002507992291734377,0.0002548096126343314,0.011194740511398158,0.005927999999999691,0.005927999999999702,0.00592799999999977,0.0010492799999993483,0.0010492799999993266,0.0010492799999993736,-0.2012910213534387,9.6816156709953,0.40993786954577777,0.002772840942285816,-0.0012153045462756054,0.002620124834335576,-20.824875717163085,10.693875408172607,23.812688331604004,992.2122338867188,-0.0859823076508576,33.39274104637253
2025-03-01T18:08:50Z,40.047493141260155,-75.26417092776283,4.336683211161015,-14.228969931874287,-18.656388599703398,-1.177719405087317,1.4801671138363908,0.10094151834989669,5.199254944381441,0.000999999992577437,0.0010000000060077778,0.0009999999936659272,0.0009999999899951398,0.0009999999889302024,0.0009999999827955723,9.000302786754142e-6,9.00030859773477e-6,0.7735398663389451,1.7441557340022737,1.922507833625308,0.017407249192624506,0.00026063469974367586,0.0002641198815344263,0.01120450180062752,0.005928999999999692,0.005928999999999703,0.005928999999999773,0.0010492899999993495,0.0010492899999993265,0.0010492899999993738,-0.13296416795307645,9.623889771137758,0.23668704798075219,0.009282890337684795,-0.0016923135184391384,0.0005373428162330882,-22.517625846862792,10.319437885284424,24.405750904083252,992.2024951171875,-0.1506184321597471,34.773142196409225
2025-03-01T18:08:51Z,40.0469002516874,-75.26438001783741,4.452509030348768,-13.514380193086964,-18.883312346179927,-1.2068531252305352,1.478140626423053,0.09837790092761008,5.1962209475207,0.0009999999924240578,0.0010000000062025892,0.0009999999937000406,0.0009999999901090708,0.000999999989171705,0.000999999982799264,0.000010000298429651971,0.000010000309358999796,0.7925453457983954,2.1879280162220702,2.430076737954081,0.019416971394648538,0.0002706842900615065,0.00027272570176119665,0.01121395344529581,0.005929999999999692,0.0059299999999997,0.005929999999999771,0.001049299999999349,0.0010492999999993265,0.0010492999999993737,-0.06791927415119803,9.682673477166844,0.44266919808723143,-0.0009824750376151424,-0.005110819553634959,-0.002186679994762103,-26.34993860244751,8.739375343322754,25.827000942230224,992.0875024414063,-0.08528428605022616,37.91735846718371
2025-03-01T18:08:52Z,40.046176047030315,-75.26458338826201,4.616666672069353,-12.816495807737017,-18.790322758834296,-1.2053239826989415,1.4803539974712163,0.09294352746038023,5.20071719619566,0.0009999999926094362,0.0010000000059603865,0.000999999993643678,0.0009999999902487102,0.0009999999892848026,0.0009999999828103141,0.000011000291207534511,0.000011000310413798164,0.8155704614433844,2.659608471323828,3.0200049188489557,0.021529894607080474,0.00028069234733308946,0.0002802923309652544,0.011223168421122158,0.005930999999999693,0.0059309999999997,0.00593099999999977,0.0010493099999993485,0.001049309999999326,0.001049309999999373,-0.1505318004449828,9.706367693785422,0.24408779953085247,0.001718348188204964,0.0016368996741189265,-0.00010406487253652216,-22.110375785827635,10.272375364303588,24.071625862121582,992.0550854492187,-0.06771317368732906,34.26120408947707
2025-03-01T18:08:53Z,40.045343092592304,-75.2647786525012,4.799029233705694,-12.571503253253665,-18.658869860842422,-1.156074674955208,1.479997014647265,0.08647614869696074,5.203911005158824,0.0009999999924807206,0.0010000000057653188,0.0009999999933730235,0.0009999999897590348,0.000999999989330036,0.0009999999824728799,0.000012000280000471892,0.000012000311825125508,0.8424619786107777,3.188030362093647,3.613929573508944,0.02309024571899171,0.0002905817404759159,0.0002866197066864134,0.011232187666923596,0.00593199999999969,0.005931999999999699,0.005931999999999768,0.0010493199999993478,0.0010493199999993253,0.0010493199999993723,-0.18373189100473913,9.712942718499898,0.5411338497414176,-0.001539597398357434,-0.000032797533392881395,-0.0002669622052742343,-21.28387584686279,9.746812915802002,23.235563316345214,992.0691870117188,-0.04858922227806209,32.983204612459254
2025-03-01T18:08:54Z,40.04428479720027,-75.26495903288153,5.234856118052837,-12.408613448062102,-18.349506027364384,-1.0873905701240378,1.4840133428776197,0.07950674524321041,5.203484289514787,0.0009999999926673183,0.0010000000058097097,0.0009999999939021584,0.0009999999898681906,0.0009999999893386742,0.000999999982842738,0.000013000263600867928,0.000013000313657930728,0.8726058133282237,3.7608265083570847,4.287931659693298,0.0250268937600978,0.0003002793721361167,0.00029156849871674224,0.011240906120734468,0.005932999999999688,0.005932999999999696,0.005932999999999766,0.0010493299999993484,0.001049329999999325,0.0010493299999993718,-0.03230282750211992,9.722058325339633,0.40197487152822886,0.0021219194039483326,-0.004309685428983875,-0.002136609014978727,-21.346313133239747,10.786875419616699,24.144938316345215,991.9351977539062,-0.047942687124184216,33.985237399307955
2025-03-01T18:08:55Z,40.0431102560071,-75.26512480476413,5.716230619304792,-12.494650475113811,-17.689549457854888,-1.0579039553811231,1.4856808527619794,0.07093329813000018,5.209224293015453,0.0009999999928907335,0.001000000006025901,0.0009999999943185605,0.0009999999897945988,0.00099999998946065,0.0009999999827103507,0.000014000240790735073,0.000014000315984657236,0.9044347597098117,4.323218372362083,4.993145013451652,0.026071065441456688,0.00030962222195772787,0.00029503904268492616,0.011249363633448544,0.005933999999999686,0.005933999999999694,0.005933999999999763,0.0010493399999993492,0.001049339999999325,0.001049339999999372,-0.21212671894219387,9.663570792510262,0.3148924697726476,-0.0015294157051987853,0.0015045455525489594,-0.0007760161799324749,-21.168000793457033,10.711687870025635,23.878875923156738,991.9182397460937,-0.10740490407489371,33.66038936319934
2025-03-01T18:08:56Z,40.041802581569556,-75.26527312503609,6.2950932811375395,-13.044517929729832,-17.01073903823543,-0.9467643596832952,1.4870847210147324,0.059663967333566104,5.211648419888298,0.0009999999930983192,0.0010000000060976103,0.0009999999944352138,0.0009999999895502782,0.0009999999898011682,0.0009999999829164686,0.000015000210409216951,0.000015000318870843926,0.9347741849466943,4.9243416631418215,5.68029503904996,0.026175028602448004,0.000318402540075321,0.0002973037871213246,0.011257910878534267,0.005934999999999684,0.00593499999999969,0.005934999999999766,0.0010493499999993492,0.0010493499999993244,0.0010493499999993708,-0.18803243422725582,9.711977065408652,0.5927730546211996,-0.002294332535008997,-0.002156637359169165,0.000937743335633153,-20.974875717163087,10.336687941551208,23.736750774383545,991.8694165039062,-0.04663880021253551,33.32000124549109
2025-03-01T18:08:57Z,40.04053651965476,-75.26541289163924,6.764437735904375,-13.66647585135166,-16.36599648129409,-0.8966617397937775,1.4880356872803182,0.05295440262394529,5.214853808419383,0.000999999993006572,0.0010000000061005528,0.0009999999943800823,0.0009999999897149254,0.0009999999900855538,0.000999999982880635,0.00001600017140653342,0.000016000322379945106,0.9610159542690724,5.53417808868755,6.387738294361887,0.025802603017858604,0.00032692910385676954,0.0002986048850234545,0.011265949943372773,0.005935999999999681,0.005935999999999687,0.005935999999999765,0.0010493599999993487,0.0010493599999993233,0.0010493599999993703,-0.149434762094874,9.670829064680996,0.6183422611237582,-0.002822413322931489,-0.000582575305721178,-0.0025271618539219405,-20.958375778198242,10.286062879562378,24.088125858306885,991.9434741210938,-0.08684786122425006,33.545357444370225
2025-03-01T18:08:58Z,40.0391864535745,-75.26553869314846,7.272557061978004,-14.630962570608329,-15.701451406115403,-0.832554411671831,1.494641444038732,0.04269950649743881,5.214075863935303,0.0009999999930456701,0.0010000000061015423,0.0009999999941468563,0.0009999999896682943,0.0009999999898923327,0.0009999999832046753,0.00001700012276815385,0.000017000326575716963,0.9808561677182208,6.16100523627399,7.0687407130515645,0.024553761703153397,0.0003348744731336648,0.0002994627529678286,0.011274353235143931,0.0059369999999996795,0.0059369999999996865,0.0059369999999997645,0.0010493699999993486,0.001049369999999323,0.0010493699999993703,-0.17934504646481095,9.669313564930219,0.8100871223711419,0.00278736130912805,-0.004777180082184366,0.0007511458729340486,-21.81862579345703,10.038187880516052,24.144563484191895,991.9120483398438,-0.07380632290738728,34.05545676421218
2025-03-01T18:08:59Z,40.037790505876686,-75.26565248724184,7.802965645271435,-15.698646010078376,-14.930558632181478,-0.7252313187799956,1.496792752247686,0.035494617251549496,5.2177606191816155,0.0009999999932265463,0.0010000000062443447,0.0009999999939311235,0.000999999989777956,0.0009999999897804368,0.0009999999828398706,0.000018000063355094893,0.00001800033152131171,0.9924735734267324,6.786361191120811,7.771174415350612,0.022892524879118595,0.0003428838522644181,0.00030001553028819117,0.01128241893644388,0.005937999999999682,0.005937999999999682,0.005937999999999762,0.0010493799999993481,0.0010493799999993225,0.0010493799999993698,-0.235771204143526,9.723156614203683,0.7834927863993998,-0.001803637368336076,0.00008653826687964592,-0.0014456309666541949,-21.426188392639162,10.785937910079957,23.494125766754152,991.8931372070313,-0.021218083719579457,33.57660706485546
2025-03-01T18:09:00Z,40.03679919147624,-75.26577947851284,7.929032463051105,-16.389001566870526,-14.313468208405807,-0.6498061146530072,1.4970929263551194,0.013950622849565657,5.222006802592739,0.0009999999932099107,0.001000000006277282,0.0009999999934600563,0.00099999998998523,0.000999999989860603,0.0009999999831321082,0.00001899999164830216,0.000019000337296726622,0.9954808173347203,7.398231225404358,8.51449226787199,0.021018995506676505,0.0003506424533481646,0.0003006929323008675,0.011292713471008044,0.0059389999999996815,0.005938999999999685,0.005938999999999765,0.001049389999999349,0.0010493899999993216,0.0010493899999993706,-0.25495824440931314,9.76036051813137,0.6871757909027082,-0.002181005222279731,0.00078168922093682,0.016348559931937796,-21.668250732421875,9.741750392913819,23.99812599182129,992.131455078125,0.009033044127636107,33.76864541229131
2025-03-01T18:09:01Z,40.03567724212302,-75.26589420084619,8.11851302111391,-17.47915568798307,-13.817978932122934,-0.678091851794316,1.4911626184393492,6.276963806911609,5.22302035760476,0.0009999999931937817,0.0010000000061064572,0.0009999999934062573,0.0009999999899857734,0.0009999999899789264,0.0009999999829981739,0.00001999990552026105,0.00002000034396956938,0.9900556160089728,8.06031696238795,9.203846968774819,0.01894471187482196,0.00035861583206014627,0.00030208856258765376,0.011303213353302241,0.005939999999999684,0.005939999999999686,0.005939999999999763,0.0010493999999993497,0.0010493999999993207,0.0010493999999993716,-0.07529518333155694,9.62885582820077,1.0858514241319144,-0.008392966025799788,-0.0023969779179421986,0.014627122882705009,-22.6038756942749,10.99856291770935,23.55412588119507,992.0872998046875,-0.08868692607736468,34.44846776043864
2025-03-01T18:09:02Z,40.03448967829518,-75.2660003141659,8.235775852044792,-18.30324220618659,-13.040320423770314,-0.7298657246527626,1.4926305862205649,6.271388986911724,5.235199804044537,0.0009999999929092996,0.0010000000062348672,0.0009999999935498111,0.0009999999897334624,0.0009999999902031423,0.0009999999828603607,0.00002099980210567551,0.00002100035162571101,0.9777680624083207,8.701312556297701,10.005962331964316,0.017279869141640727,0.0003676273854023742,0.00030353857611351806,0.011311898286131836,0.005940999999999682,0.005940999999999688,0.005940999999999762,0.00104940999999935,0.001049409999999321,0.0010494099999993718,-0.08993324410017443,9.641437195771786,0.7434868826489709,-0.0006640243030826634,0.009965022979100116,0.001331467463252055,-23.677500858306885,10.388250398635865,22.862813205718993,992.0842822265626,-0.10847664973441279,34.51441027488168
2025-03-01T18:09:03Z,40.03314535321085,-75.26609228442646,8.357991241308676,-19.508250465490963,-11.9756331927048,-0.716164080548475,1.4921027710313097,6.269953037444367,5.257963953867046,0.0009999999926832224,0.0010000000061210412,0.0009999999932255655,0.0009999999899479438,0.000999999990270291,0.00099999998278897,0.000021999677105917766,0.00002200036036951076,0.9590005203041021,9.34474938746056,10.78101966485726,0.015234431435761784,0.00037770017212091666,0.0003052099655287855,0.01132010200952052,0.005941999999999679,0.005941999999999688,0.005941999999999759,0.0010494199999993496,0.0010494199999993205,0.0010494199999993713,-0.47314378726270023,9.70201542281481,0.9118618320514689,-0.0023444035489991466,0.020825898333982074,-0.0018762403669344689,-23.36793836593628,11.056500458717347,23.045625686645508,992.0486401367187,-0.022825514892261683,34.63241390557011
2025-03-01T18:09:04Z,40.031972869522406,-75.26618562279543,8.26237158687223,-20.55123737458558,-10.963015604209875,-0.7535532480192952,1.4905896055986336,6.264158871344481,5.2827043954536865,0.000999999992784613,0.001000000006491804,0.000999999993153919,0.0009999999901808177,0.000999999990382788,0.0009999999825825092,0.000022999524233274305,0.000023000370301148828,0.9341761535674364,10.025217216447802,11.613955763149375,0.013781037289803857,0.00038837276497928483,0.00030790646597310476,0.011329369892714282,0.005942999999999676,0.0059429999999996855,0.00594299999999976,0.00104942999999935,0.001049429999999321,0.0010494299999993717,-0.5589591662107061,9.68208636398954,0.8745769553799444,-0.002516980767956727,0.022894994028794732,0.004141445326678022,-22.889438304901123,12.097687978744506,22.67700077056885,992.1575561523438,-0.04163170236063379,34.41690442190787
2025-03-01T18:09:05Z,40.029759008765716,-75.26623810414753,8.615292745732777,-21.828149856005954,-9.650905513359804,-0.7840521373960131,1.4870342546745579,6.261261030032859,5.3068772013592955,0.0009999999929968932,0.0010000000068079312,0.0009999999930413606,0.0009999999902069315,0.000999999990314865,0.0009999999823130988,0.000023999335466576828,0.000024000381568802844,0.9069268751447688,10.773289675658887,12.567060854407508,0.013105720776300255,0.00039912254655529404,0.0003120718348484135,0.011338002432258852,0.005943999999999677,0.005943999999999687,0.005943999999999759,0.00104943999999935,0.001049439999999321,0.0010494399999993718,-0.4236522425699537,9.661377325687274,0.7314828975591973,-0.005286234554095881,0.02166308355844942,-0.0007963784093213659,-23.239313316345214,10.710187864303588,22.74975072860718,991.8356469726563,-0.08105811863062788,34.23918062006841
2025-03-01T18:09:06Z,40.02802515935792,-75.26630490985113,8.570049397181611,-22.86116336746229,-8.551063404156022,-0.8070600546164437,1.4925135988927631,6.256879538876397,5.33256326133356,0.000999999993010705,0.001000000006710503,0.0009999999930642798,0.000999999990315438,0.00099999999037538,0.0009999999820699428,0.000024999100846205744,0.000025000394328333354,0.879950088975323,11.586433669335399,13.583459921205074,0.01293738496414484,0.0004102339036904189,0.00031743050163878065,0.01134745398320706,0.005944999999999679,0.0059449999999996875,0.005944999999999759,0.0010494499999993486,0.0010494499999993208,0.0010494499999993715,-0.5287546831321355,9.707975948264396,0.7463844271070122,0.004745633757212174,0.023810123193071766,0.00317090457014406,-23.476875915527344,8.826187853813172,21.366188316345216,992.0326000976562,-0.028498795216080952,32.94807965433612
2025-03-01T18:09:07Z,40.02598733791944,-75.26636843095962,8.458052581483319,-23.98009900977092,-7.722375063031962,-0.9696761405432596,1.4848128375192984,6.25120027319647,5.3518164952401115,0.0009999999934482689,0.0010000000067065514,0.0009999999931395072,0.0009999999901839616,0.0009999999902021582,0.000999999981980845,0.000025998808333717704,0.00002600040870565202,0.8550154512451901,12.496425578551259,14.648982395807424,0.013151041938487557,0.00042103127002241804,0.00032446198307722874,0.011357383428310691,0.005945999999999678,0.005945999999999688,0.005945999999999756,0.0010494599999993485,0.0010494599999993194,0.0010494599999993704,-0.3803820325758575,9.550948579145714,0.9383822872808952,-0.008442368888118864,0.017295400119600977,0.00451814545371081,-22.468688368797302,7.161562820672989,14.604938064813615,992.0153588867188,-0.17509871430085158,27.738625395442256
2025-03-01T18:09:08Z,40.0228638009234,-75.26642719012892,8.625024028376524,-25.43704406251384,-6.952298899631971,-0.8255232308038221,1.4770753732811879,6.2389731542025775,5.373169314369713,0.0009999999935389682,0.0010000000062993968,0.0009999999931817377,0.0009999999900003023,0.0009999999899254178,0.0009999999822513036,0.000026998444195867122,0.000027000424812473904,0.8336439791451816,13.537394648832784,15.801780678679776,0.013828886826590404,0.0004322483241025066,0.0003323677273037515,0.011368746332194654,0.005946999999999675,0.0059469999999996895,0.005946999999999759,0.0010494699999993493,0.0010494699999993203,0.001049469999999371,-0.3604333455359055,9.813456290879344,1.2366384903577468,-0.008533164762381385,0.01832235367499569,0.011432600347572897,-19.01850083887577,-34.7846264308691,13.38506289910525,991.8043920898438,0.1179660214674642,41.84291183752609
2025-03-01T18:09:09Z,40.01931971629233,-75.26649762751545,8.834536488315916,-26.62433780640811,-6.238215425327952,-0.8899232014449565,1.4836587035069544,6.2342455001910615,5.390215066101145,0.0009999999933626796,0.0010000000059891426,0.0009999999929876326,0.0009999999898715596,0.000999999989799967,0.0009999999824046115,0.000027997993217717625,0.000028000442773077242,0.8173587422216253,14.635459783197764,17.046398613099218,0.014966531702441227,0.0004431014200069744,0.0003412004980357799,0.01137908686543697,0.005947999999999676,0.005947999999999692,0.0059479999999997556,0.0010494799999993497,0.0010494799999993206,0.0010494799999993714,-0.2926451944672153,9.622334487272957,1.0502068633989627,0.006024945460635943,0.014750130943473563,0.0048032150577202865,-17.608125686645508,-28.251938610076905,19.86075083732605,991.7617309570312,-0.09585467454877199,38.764205319755206
2025-03-01T18:09:10Z,40.01550097758482,-75.26658496332107,8.969353139926373,-27.70776481013979,-5.783440736017761,-0.8926291262258784,1.482448817045854,6.239602778655562,5.412310436552966,0.0009999999936137537,0.0010000000061067477,0.0009999999931465575,0.0009999999896185931,0.0009999999897120032,0.0009999999823665654,0.000028997439999298898,0.000029000462704773033,0.807675076914715,15.845868790354375,18.36957275560816,0.016502829244909627,0.0004539582632757451,0.0003499659231874429,0.011387811032540995,0.005948999999999678,0.0059489999999996915,0.005948999999999758,0.0010494899999993494,0.0010494899999993204,0.0010494899999993713,-0.3012593614715523,9.676691427860629,1.1459197756370492,-0.0011730782189015325,0.020787510490698914,-0.0034740024992330884,-17.97412583351135,-27.067313575744627,17.666625804901123,991.7611987304688,-0.030851343894757324,36.98397729710162
2025-03-01T18:09:11Z,40.013079763857995,-75.26667490689678,8.603695231666268,-28.29225660411908,-5.322939359115788,-0.9877972609590271,1.4862995196167268,6.240569262206023,5.436084393968048,0.0009999999935219011,0.001000000006131809,0.000999999993084348,0.0009999999894677923,0.0009999999897928984,0.000999999982404635,0.00002999677087481695,0.000030000484720321946,0.8057243889830839,17.124364146753585,19.8026544247837,0.018190743732020235,0.0004651311790287607,0.0003583820516254606,0.011397635015414753,0.005949999999999675,0.005949999999999693,0.00594999999999976,0.0010494999999993487,0.0010494999999993196,0.0010494999999993721,-0.31253765408691253,9.64384045153148,0.8615929466837877,0.0045153074197954194,0.022828733457448503,0.0018189907210956631,-21.011813383102417,-26.667563571929932,19.965000772476195,992.0910791015625,-0.09257356747530314,39.38594300408476
2025-03-01T18:09:12Z,40.01044504013623,-75.26677856870106,8.132532490950904,-28.285455291656547,-4.989167678987029,-1.1150747741617677,1.4856194922165369,6.247890319986431,5.45346615485176,0.0009999999935053998,0.0010000000061466115,0.000999999993241706,0.0009999999895122231,0.0009999999897942124,0.0009999999821969914,0.00003099597751836268,0.0000310005089595048,0.8115320798067651,18.478555931765,21.37372372060871,0.01902697025629446,0.00047569695870891624,0.0003663931550266967,0.011406381306057985,0.005950999999999678,0.005950999999999695,0.005950999999999758,0.0010495099999993476,0.0010495099999993185,0.001049509999999373,-0.038088758709260734,9.62648196919146,0.4815924434923495,-0.00028732467538161385,0.01706123564167394,-0.00429866997767902,-24.954376039505004,-28.491376132965087,17.801063219308855,992.145234375,-0.14130882061242436,41.849169660214926
2025-03-01T18:09:13Z,40.00728765870428,-75.26690918087644,7.744600317107548,-27.91515750277586,-4.946938042731796,-0.984500396158592,1.4948334629691005,6.252502229322849,5.461115662975643,0.0009999999936143216,0.0010000000060043476,0.00099999999340101,0.0009999999894831696,0.0009999999898017353,0.0009999999820372537,0.00003199505937604751,0.000032000535540559,0.8227453164691623,19.950298982807247,23.076130973703936,0.019157342709705764,0.000485882781226565,0.0003737325092727388,0.01141590467078121,0.005951999999999677,0.005951999999999694,0.0059519999999997604,0.0010495199999993481,0.0010495199999993193,0.0010495199999993737,0.16437934954576477,9.874257507693287,0.3558051561444915,0.009081772581802877,0.0071265043859425154,-0.0014556451356791652,-29.449313640594482,16.81350061416626,28.662938747406006,992.1448901367188,0.10212674693121274,44.40175027544162
2025-03-01T18:09:14Z,40.00251710306777,-75.26711124918681,7.665929530816779,-27.538565184323335,-5.400806291794467,-1.1195236287998245,1.4968372426700158,6.273498427410012,5.470936409245323,0.0009999999935015693,0.0010000000058182938,0.0009999999931874105,0.0009999999893074156,0.0009999999900263607,0.0009999999823492108,0.000032994021682369594,0.00003300056447041715,0.836715161836947,21.44537586399336,24.716931274871772,0.019365619073057904,0.0004957963784799421,0.0003796749970905722,0.011422754448555965,0.005952999999999678,0.0059529999999996955,0.005952999999999758,0.0010495299999993483,0.0010495299999993203,0.0010495299999993745,-0.03118944818508821,9.562274621957497,0.4984618445662027,0.0014027347475840065,0.010321360453451323,-0.015548762786322546,-25.301813659667967,10.876312856674195,19.850250816345216,991.9692016601563,-0.20454461749198832,33.94856355689518
2025-03-01T18:09:15Z,39.99736982044911,-75.26736200469904,7.609552751796279,-27.096575109394514,-6.450203485296321,-1.0316779648625638,1.4970065969299604,0.014837895417456386,5.473816988434693,0.0009999999936826803,0.0010000000056389527,0.0009999999929208984,0.000999999989226334,0.000999999990293167,0.0009999999819835514,0.00003399287415452627,0.000034000595751773915,0.8507986051336004,23.05833834563401,26.399439842933226,0.018648336910185498,0.0005056897168385734,0.0003846713327787877,0.011429399117522342,0.005953999999999676,0.005953999999999693,0.005953999999999759,0.0010495399999993485,0.0010495399999993207,0.001049539999999375,-0.03525724285703372,9.754019521707438,0.8080133332094627,-0.0008676458230360268,0.003764745229506667,-0.01866417322777919,-25.144501152038575,10.65862540245056,20.41537582397461,991.95984375,0.007759325740387689,34.09745361515604
2025-03-01T18:09:16Z,39.99161869660904,-75.26767267571438,7.75817846976111,-26.26652766654965,-7.8793496474675955,-0.8962856272498432,1.4932773974534255,0.03174802109264907,5.470007253830923,0.0009999999938315237,0.0010000000056167215,0.0009999999928859747,0.0009999999889619394,0.0009999999902736063,0.000999999982038414,0.0000349916289258496,0.000035000629562714925,0.8614791780386815,24.74423558249957,28.14944418430635,0.01729514738832903,0.0005154973285939925,0.00038902708525785575,0.011437700400882005,0.005954999999999677,0.005954999999999695,0.005954999999999757,0.0010495499999993488,0.0010495499999993196,0.0010495499999993742,0.0152005867704287,9.801021401821814,0.7513269799959902,-0.00484794730669198,-0.003388381477296034,-0.010588574237861258,-24.999001064300536,12.271500511169434,20.71987575531006,991.8964404296875,0.05021808523328615,34.71094218855739
2025-03-01T18:09:17Z,39.98469917402852,-75.26806865332861,8.232395209469951,-25.255677684092657,-9.577844279163608,-0.7768000320693376,1.496986157391804,0.043906413262785784,5.4689403617493015,0.0009999999937195163,0.0010000000059613163,0.0009999999927443894,0.0009999999890392634,0.000999999990280649,0.0009999999821344824,0.000035990295530514075,0.00003600066613768773,0.8673947662989283,26.476895347568824,29.913076601561475,0.016310554057746354,0.0005253412048512405,0.0003928209561612844,0.011447023633615022,0.005955999999999679,0.005955999999999697,0.005955999999999759,0.0010495599999993496,0.0010495599999993197,0.0010495599999993752,-0.21272492432101628,9.766302592589803,0.7168866745354346,0.0022884886268855534,-0.0010203623416737604,-0.004227402081621233,-24.812251148223876,11.630250387191772,21.064500732421877,991.7294799804688,0.01551160523997374,34.56327841428316
2025-03-01T18:09:18Z,39.976419824896446,-75.26856091296963,9.04437570783579,-23.909355296029805,-11.707344075617584,-0.6626210385247764,1.4960986164930148,0.05278928038796929,5.467365923161045,0.0009999999934813494,0.0010000000056243062,0.000999999992734374,0.0009999999892566496,0.000999999990047342,0.000999999982680631,0.00003698887867703021,0.00003700070573171026,0.8686383729085847,28.274280086518516,31.732674527251643,0.015239549397622126,0.0005349972646848525,0.00039661228325882613,0.01145705904848424,0.005956999999999677,0.005956999999999694,0.005956999999999762,0.001049569999999349,0.0010495699999993192,0.0010495699999993743,-0.19379874454494628,9.750026857088725,0.6613019283160327,-0.002554701016888982,-0.001776098278979382,0.00034690675464870454,-24.670126094818116,11.304187936782837,20.52243812561035,991.5060278320312,-0.004786520231298198,34.023033384835024
2025-03-01T18:09:19Z,39.96890165332007,-75.26905168140084,9.654031430932083,-22.385248198400607,-13.371282856361898,-0.8086175886554279,1.4985581865420612,0.0629287878047744,5.470033704119042,0.0009999999933363352,0.0010000000058829719,0.0009999999931651475,0.0009999999892314998,0.000999999989756081,0.0009999999828401098,0.00003798737748472178,0.000038000748580075764,0.8658182224659874,30.075762112639325,33.61303665286203,0.014651328423885437,0.0005448891875938112,0.00040062393555708966,0.011466660175571729,0.00595799999999968,0.005957999999999697,0.005957999999999764,0.0010495799999993478,0.0010495799999993187,0.0010495799999993732,-0.2775704148733063,9.543251712157664,0.20322741221214466,0.0005780676719676059,0.002756818427800438,-0.001957021351154093,-24.112500972747803,11.713500423431396,20.5365008354187,991.5417431640625,-0.22949480748972767,33.769264658102934
2025-03-01T18:09:20Z,39.962103108159475,-75.26953495001871,10.025830024766133,-21.433394193374056,-15.322542683011475,-0.7893834667267884,1.4958726517265246,0.07209808895037831,5.470192178067419,0.0009999999930367072,0.0010000000055302432,0.0009999999933782925,0.0009999999890789332,0.000999999989939936,0.0009999999830301272,0.0000389857851640383,0.00003900079492830356,0.8595343818099395,32.04347219740267,35.50661024255092,0.013733435276977977,0.0005546673856950502,0.00040539080429134245,0.01147619757921169,0.005958999999999682,0.0059589999999997,0.005958999999999762,0.0010495899999993482,0.001049589999999319,0.0010495899999993735,-0.31002716064861596,9.683577003848336,0.8450000998515769,-0.004427351459437995,0.0003494106554801685,-0.0025772326380084283,-24.431813526153565,12.077062978744507,19.9160631942749,991.5960131835938,-0.053411256711168885,33.75522346014302
2025-03-01T18:09:21Z,39.95454964214882,-75.2700689995249,10.530307923519413,-20.48331608669174,-17.502300029802242,-0.6996052160510657,1.495210128242936,0.07758887018081553,5.470237655521499,0.0009999999932797765,0.0010000000055095221,0.0009999999936880373,0.0009999999891404199,0.0009999999902001815,0.0009999999829923864,0.000039984088693652854,0.00004000084523943547,0.8496250893019273,34.13557718598902,37.50031094225396,0.013002675030876262,0.0005641791253528147,0.0004110768475580794,0.01148626999440851,0.0059599999999996826,0.0059599999999997,0.0059599999999997615,0.0010495999999993475,0.0010495999999993182,0.0010495999999993728,-0.2857857765046475,9.746123193735313,0.977784096604626,-0.002547524268722086,-0.000022616252604029533,0.0009445862339658346,-23.880000896453858,12.612563037872315,20.005875759124756,991.4807958984375,0.02072682160345531,33.60896970310973
2025-03-01T18:09:22Z,39.950369502458,-75.27045514795351,10.464233702298218,-19.6402570962138,-18.55360555278748,-0.7225462168880377,1.4966599741363424,0.08014716117076823,5.470007541557994,0.0009999999930197182,0.0010000000054751572,0.0009999999939073385,0.0009999999889833968,0.000999999990589877,0.0009999999833810258,0.00004098226891160708,0.00004100090003814479,0.8375261525938473,36.29053341560246,39.670063414562655,0.012775113043705301,0.0005737491902164524,0.00041782959295692015,0.011496248147765032,0.005960999999999683,0.0059609999999997,0.005960999999999761,0.001049609999999347,0.0010496099999993168,0.0010496099999993723,-0.29108986222817024,9.723511019383325,0.548471843931927,0.0005373431582158788,-0.0002975055559251389,0.0003235405354560005,-23.229750747680665,12.322313003540039,20.340375728607178,991.8461401367188,-0.035056347633027236,33.244371401561715
2025-03-01T18:09:23Z,39.94689515145647,-75.2708106915638,10.172910435361118,-18.944772992460546,-19.559848526508958,-0.8655941555488055,1.4916487924809552,0.08415525029632405,5.47014223815927,0.0009999999927436097,0.001000000005644616,0.00099999999367028,0.0009999999888005658,0.00099999999022796,0.0009999999836046631,0.000041980301023622276,0.00004200095981236545,0.8247348110890903,38.55111196514597,41.94144627693123,0.012868581898215988,0.0005835648079409141,0.00042567377856108697,0.011505829140457117,0.005961999999999684,0.0059619999999997,0.005961999999999762,0.0010496199999993467,0.0010496199999993168,0.0010496199999993723,-0.1848550779623881,9.615401156435635,0.6982926100009268,-0.005739208979447106,0.00022423304186815554,-0.002146622947840657,-23.205563201904297,11.277562971115112,19.919063262939453,991.9621557617188,-0.13576658395632654,32.595204630052486
2025-03-01T18:09:24Z,39.94437104634014,-75.27112731863296,9.604284124802703,-18.47596458079994,-20.3646688045128,-0.9461939822689562,1.4961005245097014,0.08478954006822909,5.465739458161972,0.0009999999925522814,0.0010000000058113547,0.0009999999935354012,0.000999999988998858,0.0009999999900759948,0.0009999999836007478,0.000042978156335996734,0.0000430010250823447,0.8125914567061098,40.94928697029073,44.351939515361856,0.013305907716862537,0.0005930782084844025,0.0004346224777936899,0.011515815646517158,0.005962999999999685,0.005962999999999702,0.005962999999999763,0.0010496299999993473,0.0010496299999993154,0.0010496299999993729,-0.247899416368028,9.680440146758475,0.8113632882668604,0.004375610263382054,-0.0044921102438500934,-0.00008370268395307284,-24.302813472747804,11.024812903404236,20.760375804901123,992.1287280273438,-0.06062923983448414,33.810693812882384
2025-03-01T18:09:25Z,39.94093436168363,-75.27146575571588,9.029282978191517,-18.043538793031583,-21.211125955359172,-1.085995010969262,1.4948229515941538,0.08408928641638858,5.46251284245027,0.0009999999923139221,0.0010000000058986798,0.0009999999934245864,0.0009999999892152985,0.0009999999902078139,0.000999999983540035,0.00004397580586448003,0.00004400109637915674,0.8027994605430194,43.44713071093529,46.89645436434866,0.014113736054005963,0.0006025624242207121,0.0004442924956766194,0.011525955131351963,0.005963999999999687,0.005963999999999705,0.0059639999999997655,0.001049639999999347,0.0010496399999993143,0.0010496399999993724,-0.22447394386935718,9.613557516373623,0.8155801474736518,-0.0015432690047864198,-0.0034810125799390767,0.0011179982903661194,-23.338500900268556,10.93575036048889,21.240750751495362,992.1265673828125,-0.12738085459579257,33.398238949996426
2025-03-01T18:09:26Z,39.93441686132997,-75.27185662539324,8.776687214582656,-18.04545059405077,-22.251513953222968,-1.0410258439727635,1.4972060841159185,0.0966988593660452,5.465471708902808,0.000999999992603421,0.001000000006047117,0.0009999999934501359,0.0009999999894504533,0.0009999999901253234,0.0009999999837154534,0.000044973225194847244,0.00004500117417501085,0.796618590300583,46.11447836754545,49.52463958332372,0.014997119159974941,0.0006137817087672298,0.0004541815274821698,0.01153395254530914,0.005964999999999685,0.005964999999999702,0.005964999999999768,0.0010496499999993465,0.001049649999999314,0.001049649999999372,-0.4724658199810241,9.718087203337811,1.20601950329703,0.0013721915030587958,0.003438950787001234,-0.012138101091912242,-23.485875911712647,11.308500413894654,20.999063262939455,991.9129956054687,0.02605269710247127,33.47276223731338
2025-03-01T18:09:27Z,39.92456109212541,-75.2722379260134,8.90630541330245,-17.88774629596162,-23.229447058077866,-1.0532171192392008,1.493437218797589,0.10430172578412686,5.455621626635393,0.0009999999927656983,0.0010000000059657422,0.0009999999932921188,0.000999999989638262,0.0009999999901634615,0.0009999999836286459,0.00004597039476048508,0.00004600125885682521,0.7951590228662334,48.90730799335676,52.33504348671534,0.017130417386581626,0.0006245574069002099,0.0004642582423605342,0.011542648754911377,0.005965999999999686,0.005965999999999703,0.005965999999999766,0.0010496599999993458,0.001049659999999313,0.0010496599999993712,-0.22389143093742864,9.656831033064835,1.1651022389993997,-0.003107483606839479,-0.009969531067434827,-0.009623374587928037,-23.120438346862795,10.973062906265259,21.083813285827638,991.6566723632812,-0.04843101560696432,33.15850718448703
2025-03-01T18:09:28Z,39.915303554925885,-75.2725172868333,8.926221202115778,-17.528519161548527,-23.608650708593856,-1.0273769529372287,1.4972018967690457,0.10225136717708211,5.437193265615055,0.0009999999927668307,0.0010000000059899158,0.0009999999931218613,0.0009999999896028989,0.0009999999898421658,0.0009999999836448957,0.00004696730230793106,0.00004700135051964774,0.8009228960584023,51.814877584743826,55.33924728799562,0.02007310395077066,0.0006340307373409867,0.00047383741058620204,0.011552493567461283,0.005966999999999684,0.005966999999999701,0.005966999999999763,0.0010496699999993464,0.0010496699999993139,0.001049669999999372,-0.0801200503604054,9.7385335025415,0.8738316527678548,0.0061776609849287945,-0.019273368923149622,-0.0022067082163825004,-21.967125759124755,9.857062854766845,21.474563312530517,991.7339575195313,0.00015963559798525765,32.262515401347045
2025-03-01T18:09:29Z,39.90601856786322,-75.27268837534467,8.88401669926887,-17.01471373447248,-23.26538962835284,-1.1347463587566067,1.495902220914563,0.09956930681556997,5.421201377118763,0.0009999999927115914,0.0010000000061427489,0.0009999999930128695,0.000999999989543489,0.0009999999899671218,0.000999999983245047,0.000047963956450690805,0.00004800144877882846,0.816366389985702,54.74448276391158,58.420123446038815,0.02343705782687172,0.0006435360327243832,0.0004816670387789715,0.011562088518586297,0.005967999999999681,0.005967999999999698,0.005967999999999762,0.0010496799999993472,0.0010496799999993127,0.0010496799999993723,0.041113673321685335,9.638685424162915,0.45459343230667093,0.0013823725202404555,-0.017014837991222522,-0.0031482077656559073,-23.650500736236573,9.566250400543213,22.38300081253052,991.7649658203125,-0.12837325722347578,33.93898371805459
2025-03-01T18:09:30Z,39.89777084630796,-75.27276725490124,8.69619860046209,-16.70382019408804,-22.736515272015048,-1.0795300435506707,1.490470589420104,0.09036036782597931,5.396480579586983,0.000999999993007729,0.001000000006419937,0.0009999999928428458,0.0009999999894288035,0.0009999999900918285,0.0009999999830673345,0.00004896039732719864,0.000049001552797592384,0.843325143539479,57.83833516461165,61.47355022743791,0.02806014946766905,0.0006518500647401831,0.00048687764553739256,0.011572350611540383,0.005968999999999679,0.005968999999999697,0.0059689999999997636,0.001049689999999346,0.0010496899999993133,0.0010496899999993714,0.20635180824502475,9.804630277408648,0.6020305283763621,-0.0019338218064569052,-0.026163122801550816,0.0014885230285072873,-24.138000831604003,8.86481285572052,22.326563320159913,991.88248046875,0.047349381525871585,34.0543678261384
2025-03-01T18:09:31Z,39.88978775372884,-75.27274332131971,8.46181344398272,-16.695110703911997,-21.66244744125115,-1.2144341157863268,1.4867281043831604,0.08293657779938234,5.373852527335476,0.0009999999927785734,0.001000000006315025,0.0009999999930159385,0.0009999999894303275,0.000999999990254466,0.0009999999831813854,0.00004995670765363191,0.00005000166128694456,0.8823076977114427,60.87454873216141,64.26373087344463,0.03220946641405216,0.0006605247457257999,0.00048777359482666074,0.011582043701416989,0.005969999999999681,0.005969999999999699,0.005969999999999761,0.0010496999999993464,0.0010496999999993137,0.0010496999999993718,0.1682922007090796,9.595295539531646,0.5544140125162449,-0.0007149299491655691,-0.02399905861125126,-0.001722856496136647,-22.731938228607177,9.517125434875489,22.275938243865966,991.9411840820312,-0.16525375100055792,33.21943330316955
2025-03-01T18:09:32Z,39.88157743876444,-75.2725888914127,8.233103360765206,-17.25393394290155,-20.091756552548855,-1.2239444779024051,1.4877746903456195,0.07416065958118566,5.3518504826120274,0.0009999999928778328,0.001000000006579677,0.000999999992878083,0.0009999999896726692,0.000999999990483945,0.0009999999833655948,0.00005095301118681582,0.00005100177273978045,0.9305264833604727,63.93620438582206,66.7232299462003,0.03546125315673858,0.0006692056704827177,0.0004835482783353645,0.011591527510003327,0.005970999999999678,0.005970999999999696,0.005970999999999762,0.0010497099999993472,0.0010497099999993147,0.0010497099999993726,0.10631809395311458,9.672663504912101,0.7509046351383432,0.003674117109567213,-0.023589479011784018,-0.0022667932890906763,-21.92962568283081,9.828375415802002,22.39912580490112,991.9564599609375,-0.07584512572878366,32.85152892144043
2025-03-01T18:09:33Z,39.87152715218263,-75.27217885461637,8.347881532376272,-18.40030660525056,-17.409232888722055,-1.176322933207318,1.476928349007067,0.0655750736586447,5.330429591553137,0.000999999992596313,0.0010000000063458676,0.0009999999926825886,0.0009999999893648794,0.0009999999905904756,0.0009999999836648892,0.00005194945290823698,0.0000520018857492993,0.9840814997893337,66.94391067542843,68.86605848493409,0.03847868553436976,0.0006782282290395723,0.00047405399162568087,0.011600348549800486,0.0059719999999996755,0.005971999999999699,0.005971999999999761,0.001049719999999346,0.0010497199999993136,0.0010497199999993717,0.21819824605084726,9.679301244135047,0.7085307542509853,-0.008625628791336841,-0.023276202311759604,-0.0066810424477379785,-21.63037582397461,10.71431287765503,22.736813259124755,991.8094677734375,-0.07083335378922588,33.1606540145844
2025-03-01T18:09:34Z,39.86129642102534,-75.2715736182655,8.702346925281407,-20.128931338476146,-13.846124075749666,-1.065255810270578,1.4734174308590093,0.055485469480274704,5.312184488031435,0.000999999992698568,0.001000000006554637,0.0009999999929865904,0.0009999999892301153,0.000999999990426895,0.0009999999839806284,0.00005294616842390919,0.00005300199958484604,1.037081786408288,69.81552212375793,70.635874297615,0.039217866746945794,0.000687299946069718,0.00045984316471741173,0.011608997773790118,0.005972999999999674,0.0059729999999997,0.005972999999999761,0.0010497299999993456,0.0010497299999993129,0.0010497299999993707,0.05535097122249782,9.695634546909345,0.719957465647897,-0.0022013675616252663,-0.020303327121986004,-0.007342812737335419,-21.483563194274904,10.700062913894653,22.9211256980896,991.732177734375,-0.05639060479199891,33.18748971470035
2025-03-01T18:09:35Z,39.85179657322835,-75.27084508908,9.23124089053475,-22.519163899218647,-9.875082113624568,-0.9171255299211586,1.4782674770112718,0.035615508017639685,5.297068334682274,0.000999999992318877,0.0010000000069303435,0.0009999999927989861,0.0009999999893342494,0.0009999999905884087,0.000999999983606213,0.00005394324613717089,0.00005400211438617325,1.0802820420715187,72.57038671564504,71.97349359391161,0.036781726855652064,0.0006955921610401992,0.0004426834176239525,0.011618626548528582,0.005973999999999677,0.005973999999999703,0.0059739999999997625,0.001049739999999345,0.0010497399999993124,0.0010497399999993694,-0.18787552316758246,9.685342176837308,0.9629152555995081,0.005196271991974145,-0.018111724357044008,0.0021394444482254653,-20.94262580871582,10.510687885284424,21.03750078201294,991.6863720703125,-0.04441808654310485,31.490337938507004
2025-03-01T18:09:36Z,39.84280455104405,-75.26999355488654,9.980518680241001,-24.778623508649417,-5.573455631339225,-0.7668065435092442,1.470793109888938,0.014960713385629078,5.280573693204925,0.0009999999923399389,0.0010000000071595148,0.0009999999928131935,0.0009999999894218605,0.0009999999907396397,0.000999999983637415,0.0000549407122404051,0.00005500223132979532,1.1095926240237532,75.23260560521356,73.2979876252185,0.03495532537126161,0.0007035459921576981,0.00042499009888432817,0.011628304912963317,0.005974999999999678,0.005974999999999704,0.005974999999999764,0.0010497499999993442,0.0010497499999993117,0.001049749999999369,0.1054008499029225,9.72235443496011,0.6029085551547495,-0.007994401585937234,-0.019560108026624078,0.002298669495560259,-18.312000708580015,-31.31062625363469,10.124437921941281,991.5910717773437,-0.038209293784689374,37.65879862098326
2025-03-01T18:09:37Z,39.834258024464006,-75.26902898620129,11.0268103297305,-27.644906384315977,-1.3098567906758731,-0.46569739444505975,1.464297266444786,6.281346653279779,5.259324954504812,0.0009999999924153826,0.001000000007273928,0.0009999999930375564,0.0009999999890292295,0.0009999999904599496,0.0009999999835979647,0.00005593854779150934,0.00005600235166199192,1.1260286943245625,77.98151907650971,74.45844521354479,0.03237140642013674,0.0007107258020844846,0.00040882941004795527,0.01163753287158297,0.00597599999999968,0.005975999999999706,0.005975999999999767,0.0010497599999993443,0.0010497599999993127,0.00104975999999937,0.21388331633118762,9.81478998877638,1.1312758258621274,-0.007922299386737264,-0.023899918275648063,-0.0023669349822395816,-10.36875039100647,-29.25693874359131,23.52675081253052,991.4515551757812,0.1017801567684047,38.948472457660195
2025-03-01T18:09:38Z,39.82798133063047,-75.26821133805386,11.973940179565757,-30.1615534221952,2.1644985131320147,-0.27245102778092445,1.4629441737794031,6.27016359787251,5.2409927271454855,0.0009999999922276359,0.0010000000072904387,0.0009999999933843747,0.0009999999892382535,0.0009999999902913404,0.0009999999835607644,0.000056936696438011385,0.00005700247591199527,1.1279362775221542,80.70869229100634,75.49783606849408,0.028364357339606735,0.0007177866739856274,0.0003946822814070352,0.0116465998788523,0.00597699999999968,0.005976999999999706,0.005976999999999766,0.0010497699999993447,0.0010497699999993128,0.001049769999999371,0.029428729462260935,9.744208851489105,1.3003365905801543,-0.002944585870846066,-0.02018115371776723,-0.0036776238762666084,-10.46475043296814,-26.829563636779785,21.909750785827637,991.493974609375,0.04991437452984533,36.185217975881365
2025-03-01T18:09:39Z,39.82436271913413,-75.26767654239606,12.519067463954391,-31.943686812686742,4.600924143519142,-0.20805938161613421,1.450094034280562,6.257333904700884,5.236118837330678,0.0009999999922058738,0.0010000000071639507,0.0009999999935589527,0.0009999999889566877,0.0009999999904312907,0.0009999999837537667,0.000057935063230138864,0.00005800260505310463,1.1125805282900871,83.42849950323364,76.50899405005632,0.023205431812176866,0.0007267058749400396,0.0003819550851508857,0.011656610721452392,0.005977999999999679,0.005977999999999705,0.005977999999999765,0.0010497799999993436,0.001049779999999312,0.0010497799999993718,-0.34648370607661816,9.693480991356235,1.3619118996893709,-0.013746711309016366,-0.0067319476501942355,0.004894845053694679,-16.459125652313233,-24.972938585281373,20.335875814557074,991.6550390625,0.01380482942892393,36.16759129108802
2025-03-01T18:09:40Z,39.822063827179136,-75.26729870565488,12.78603824712084,-32.88910278619248,6.55365856287215,-0.23952387943327863,1.4540366639823954,6.250585387165359,5.237507247468136,0.0009999999921584484,0.001000000006904933,0.0009999999937745482,0.0009999999887094473,0.000999999990086288,0.0009999999841970141,0.00005893353208036682,0.00005900274120695896,1.0819699457464529,86.20693557554749,77.80668647589641,0.019050407859321425,0.0007366143542267104,0.0003721679230814092,0.011666323280165336,0.00597899999999968,0.005978999999999706,0.005978999999999767,0.001049789999999343,0.0010497899999993118,0.001049789999999371,-0.3876958273305924,9.692285308893263,0.9662102977082297,0.003563960807418079,0.0002943327837968521,0.002560039763970178,-13.06781298071146,12.330375576019287,33.86887657165527,991.7457299804687,-0.033204335103105824,38.33931160156873
2025-03-01T18:09:41Z,40.04042136506674,-75.2508588133481,10.002036057022512,-18.15349010667864,-13.174744057080398,-0.6350467530949893,1.4440860678622947,0.022438165556195464,5.20839200910208,0.0009999999920204232,0.0010000000065898634,0.0009999999941822516,0.0009999999888252252,0.0009999999902902837,0.0009999999841049261,3.0831614526209747e-10,3.083165054032592e-10,0.5716258064415093,0.009395214782073554,0.009395020344447946,0.011311752388093071,0.00018854008297912691,0.00016296953926620472,0.011223498739989297,0.00597999999999968,0.005979999999999705,0.005979999999999767,0.0010497999999993434,0.0010497999999993116,0.0010497999999993703,-0.3383879972146019,9.669473082853406,0.8801170586136646,-0.0012239836829654146,0.0001097373491492483,-0.0013359758491185516,-20.233500843048095,10.173375406265258,22.977563285827635,991.8379760742188,-0.0636013420583467,32.2623195443564
2025-03-01T18:09:42Z,40.040281157980395,-75.2510114568039,9.836561077999374,-17.858623351497098,-12.846642384238203,-0.7364627252630046,1.440663948163407,0.024580533145677347,5.210683999590192,0.0009999999921368647,0.0010000000065394506,0.0009999999940069428,0.0009999999887671232,0.0009999999905126301,0.000999999984252852,1.0003083163661472e-6,1.000308317072104e-6,0.6009221016978988,0.02960785565038321,0.0265440723823584,0.0117660487345722,0.00019858611417736453,0.00017264175630732153,0.011235350228456066,0.005980999999999681,0.005980999999999707,0.005980999999999768,0.001049809999999343,0.001049809999999312,0.001049809999999371,-0.3741626522510107,9.623364196270465,0.8225624830189826,-0.003796459076896682,0.00395952108155003,-0.0026673603127008215,-20.513813381195067,10.603125438690185,23.513813381195067,991.8442919921876,-0.11327508416819274,32.95662121708395
2025-03-01T18:09:43Z,40.04014309303527,-75.25115976859465,9.547911285953697,-17.467530527173956,-12.443674573406266,-0.7760847287102081,1.4376431798208043,0.023281205273913873,5.215361836602283,0.000999999991881676,0.0010000000066726464,0.0009999999941126669,0.0009999999885125642,0.0009999999904720218,0.0009999999841103313,2.0003083176633375e-6,2.0003083204863115e-6,0.6300034279360951,0.09064121393935691,0.07671856855212776,0.012269349383872167,0.0002086104695185127,0.00018233452099312365,0.011244698960567904,0.005981999999999679,0.0059819999999997054,0.005981999999999765,0.0010498199999993427,0.0010498199999993128,0.0010498199999993709,-0.3926253025952947,9.702135093046643,0.7375447106384068,-0.0035147267815397202,0.005332631630143431,0.0012500185322443613,-19.98112575531006,10.489687929153442,24.307500972747803,991.9478759765625,-0.04096909461354221,33.168210310082856
2025-03-01T18:09:44Z,40.040000248019304,-75.25130403368837,9.643602948670937,-16.96667476030152,-12.150906409374294,-0.7795943887235742,1.4347923311520663,0.017449161016954803,5.211926984341065,0.0009999999920157932,0.0010000000061870338,0.000999999993852005,0.0009999999887174286,0.000999999990456629,0.0009999999838313743,3.0003083189423527e-6,3.000308332168175e-6,0.6582982787046714,0.18989005838436454,0.16286364709767842,0.01282949862718198,0.0002183410908606569,0.00019227825518260721,0.011251054705525204,0.005982999999999677,0.005982999999999704,0.0059829999999997645,0.0010498299999993433,0.0010498299999993133,0.0010498299999993715,-0.1921466483411221,9.709034402204834,0.7038856680495553,-0.0037864448244880923,-0.0034309414818350036,0.004312520722606613,-20.607750701904298,9.826500329971314,24.186375942230224,991.6245336914062,-0.04263228337029474,33.25983917549265
2025-03-01T18:09:45Z,40.03984364720723,-75.25144597537394,9.829930961050627,-16.728360345356432,-12.005497795952836,-0.7927260199743358,1.4375952533198655,0.014808704512540663,5.2038770301196635,0.0009999999918000506,0.0010000000059585642,0.0009999999937312484,0.0009999999890779117,0.0009999999904944303,0.0009999999842003132,4.00030830763811e-6,4.0003083619407705e-6,0.6852372754668116,0.32376521514046674,0.2839093881072386,0.013164705399761783,0.0002278546004174433,0.00020240446085029154,0.011259702695634569,0.0059839999999996745,0.005983999999999705,0.005983999999999761,0.0010498399999993428,0.0010498399999993129,0.0010498399999993707,-0.14315720211670305,9.652744885172677,0.9755854546342637,0.0014638212447267913,-0.00852381817793044,0.0005678863105776375,-21.901875858306884,10.436625423431396,23.36062582015991,991.5573559570313,-0.07608292323368758,33.679826832212775
2025-03-01T18:09:46Z,40.03966421828135,-75.25158594963533,10.01403238625549,-16.72799261483687,-11.720568484987437,-0.7890057991822894,1.4387175994992722,0.012468098943198148,5.205390191537163,0.000999999991944766,0.0010000000057391368,0.0009999999935136675,0.0009999999890768804,0.000999999990148528,0.00099999998425436,5.000308237887994e-6,5.000308424255403e-6,0.7098707189675941,0.5065468577448818,0.4419250927586231,0.013388419534647332,0.0002374294138023485,0.00021236487325664678,0.011268273062142927,0.005984999999999676,0.0059849999999997015,0.005984999999999762,0.0010498499999993436,0.0010498499999993128,0.0010498499999993696,-0.35812877955088585,9.652763151162864,1.0726196386380098,-0.0006945674111500016,0.000018107760123542514,0.0016979862424061911,-21.902625846862794,9.910875391960143,23.09737585067749,991.5642529296875,-0.06031382129239199,33.33820415523216
2025-03-01T18:09:47Z,40.03945980971644,-75.25172416362655,10.066775988613914,-16.762310840085892,-11.56060866314567,-0.8348120945320635,1.4388716580442855,0.02175276880527804,5.205549181264492,0.0009999999920207428,0.0010000000056401748,0.0009999999937533705,0.0009999999890141324,0.0009999999898248377,0.0009999999840508691,6.000307997860231e-6,6.000308538008583e-6,0.7316111620887519,0.7259251426766367,0.6400122581372808,0.013483554638867697,0.00024688349227788684,0.00022240199981918456,0.01128483993720675,0.005985999999999676,0.0059859999999997025,0.005985999999999762,0.0010498599999993427,0.0010498599999993136,0.0010498599999993687,-0.30575145779110974,9.606261438833032,1.1304128437068013,-0.0016734531391897484,-0.0004567311423043735,-0.00977742574418434,-20.88693826675415,8.963437871932983,23.59762590408325,991.6630834960938,-0.10173276715083085,32.7635778020125
2025-03-01T18:09:48Z,40.03920269629904,-75.25186243933533,10.20487216800581,-16.75624822970903,-11.43955495188835,-0.7950614075681525,1.4398995405753388,0.020823107880727134,5.205805550578587,0.0009999999920554748,0.0010000000054161669,0.0009999999940032978,0.0009999999889318625,0.0009999999901236032,0.0009999999840580023,7.000307367464565e-6,7.0003087272210795e-6,0.7503627408270455,0.9901875061414646,0.8823468297233176,0.013589062266898544,0.0002560598795031701,0.00023247217933097887,0.011293166554473063,0.005986999999999675,0.005986999999999701,0.005986999999999762,0.0010498699999993432,0.001049869999999314,0.0010498699999993686,-0.3020569648892609,9.691526896788998,1.0725797602745772,-0.001203621745629404,-0.0026595160254039895,0.00046607545945660345,-20.4615008354187,10.14468789100647,23.871563529968263,991.6031469726563,-0.023744326574047462,33.036886958429605
2025-03-01T18:09:49Z,40.038881220452346,-75.2520015440874,10.371943571932022,-16.92382804899985,-11.294219932843133,-0.8677387753619173,1.4355671337945803,0.02588241117914566,5.209199058240014,0.0009999999920714635,0.001000000005436628,0.0009999999941676327,0.0009999999888340172,0.000999999989947844,0.000999999984359891,8.000305973601705e-6,8.000309020695671e-6,0.7661194070654382,1.3008454864895358,1.1659528940369808,0.01361661586986815,0.0002651942391793677,0.00024248049603138981,0.011305121820822371,0.005987999999999676,0.005987999999999703,0.0059879999999997635,0.001049879999999342,0.001049879999999313,0.0010498799999993673,-0.4377881959499585,9.558287274464679,1.1679527000620102,-0.00693089610452804,0.00040448861343223333,-0.004910535631397174,-20.015438289642333,9.724687852859496,23.901563472747803,991.56869140625,-0.1398096992935603,32.6568330445012
2025-03-01T18:09:50Z,40.03849026103409,-75.25214111916746,10.449978276763687,-16.706307923770037,-11.026066864835029,-0.9695327325577856,1.4321334452274332,0.029298797431623818,5.219495610093643,0.0009999999919981662,0.001000000005387132,0.0009999999940779106,0.0009999999891168291,0.0009999999898953511,0.0009999999840840383,9.000303242900671e-6,9.000309451506785e-6,0.7797290651347006,1.6720329834349557,1.4896015988473363,0.014112149474380902,0.00027426706237071056,0.00025231467509663654,0.011314984023572392,0.005988999999999674,0.0059889999999997,0.005988999999999761,0.001049889999999342,0.001049889999999313,0.0010498899999993672,-0.41747078013806926,9.585405213668473,0.7614729291904678,-0.0064265155687270375,0.006340558718581127,-0.0021810051470124705,-20.28000076293945,9.76125033378601,23.528438301086425,991.5745654296875,-0.15450282070396154,32.55986090359074
2025-03-01T18:09:51Z,40.038052238090195,-75.25228060459777,10.339089607170443,-16.435829892792754,-10.828916094217266,-1.0597294271787308,1.4320819415606085,0.03062353643857698,5.226455661855644,0.0009999999917055683,0.0010000000051128366,0.0009999999945026175,0.0009999999889833203,0.0009999999895341821,0.0009999999835465332,0.00001000029836081623,0.000010000310057123276,0.7924564128012515,2.089473464175034,1.85866031074791,0.014693491507889254,0.0002829262201223715,0.00026220207360612706,0.011322150092915378,0.005989999999999674,0.0059899999999997,0.005989999999999761,0.001049899999999342,0.001049899999999313,0.0010498999999993676,-0.3638715525340054,9.61052989069082,0.7420511870325469,-0.002964948357181583,0.0024717485273875674,-0.0004298592904368792,-20.760188312530516,9.362250428199768,23.426063346862794,991.661171875,-0.13318402540570398,32.67130665632748
2025-03-01T18:09:52Z,40.037537485587634,-75.25242288967664,10.147839419484079,-16.13605456315517,-10.834153806277897,-1.1088192524445322,1.4289383845765262,0.027352493087011008,5.229843488510349,0.0009999999921287382,0.0010000000048368419,0.0009999999944415227,0.0009999999888963883,0.000999999989179403,0.00099999998334195,0.000011000290241929999,0.000011000310879931432,0.8046382899476934,2.538568651228464,2.2759335092231647,0.015212900797593893,0.00029101760610303183,0.00027214460797413327,0.011324625364591046,0.0059909999999996745,0.005990999999999701,0.005990999999999761,0.0010499099999993421,0.001049909999999313,0.0010499099999993675,-0.17673517790669926,9.652666449369727,0.7847480389044676,-0.00622990393511015,-0.0023093539269672635,0.003701656143634058,-20.245313262939455,9.392250390052796,23.122500820159914,991.7010668945312,-0.0930566301259495,32.13617677755468
2025-03-01T18:09:53Z,40.03698088109832,-75.25256758342402,9.810873303438353,-15.843524282624509,-10.75955004296992,-1.180326583116315,1.4220856126238286,0.01788030839254692,5.235796546795383,0.0009999999919766659,0.0010000000051000259,0.0009999999945694389,0.0009999999886939996,0.0009999999891030632,0.0009999999835609331,0.000012000277515593717,0.000012000311965998268,0.8166604357091778,3.045025404258051,2.740086635924655,0.015947242531760105,0.00029859187667116845,0.0002819922069663019,0.011321417387046845,0.005991999999999673,0.0059919999999997,0.005991999999999759,0.001049919999999341,0.001049919999999312,0.0010499199999993666,-0.19250557405459534,9.641796174680325,0.7694490086119327,-0.010040798779028387,-0.0007454731478707218,0.010219549667217234,-20.37787572860718,8.977500386238098,22.647563400268556,991.8048291015625,-0.10482381810394978,31.761017547731875
2025-03-01T18:09:54Z,40.036359242984574,-75.25271554117701,9.371673853242529,-15.608790872567281,-10.724365421619147,-1.2511014328383898,1.4169858088501073,0.0044153624026767,5.243466567461666,0.000999999991744733,0.001000000004990858,0.000999999994469069,0.0009999999884945088,0.0009999999889608302,0.0009999999833451706,0.000013000258532376138,0.000013000313365065229,0.82900739924354,3.59570287855309,3.251511557215269,0.01670031350885356,0.00030559953054683974,0.00029178322267429745,0.011314189657200742,0.005992999999999672,0.005992999999999697,0.005992999999999759,0.001049929999999342,0.001049929999999312,0.0010499299999993674,-0.07851176218829692,9.638191830739409,0.8467652927945458,-0.008523150370433018,0.00001393583694396885,0.014406810878668824,-20.84812572479248,10.235812859535217,22.76156328201294,991.8847607421875,-0.10355650213286471,32.51925079876387
2025-03-01T18:09:55Z,40.03554809224061,-75.25287247931253,8.96073999657336,-15.186573731838063,-10.57264929695475,-1.4000283754741407,1.4153590313500992,6.27304026309081,5.259577554614072,0.000999999991836609,0.00100000000533481,0.000999999994687956,0.0009999999887125958,0.0009999999892222197,0.0009999999831639336,0.000014000231408579974,0.000014000315129418945,0.8431326820769269,4.213308061616806,3.814067432090486,0.01847149304446313,0.0003120023943500208,0.00030143373076488327,0.011304815498835736,0.005993999999999676,0.005993999999999695,0.005993999999999762,0.0010499399999993415,0.0010499399999993118,0.001049939999999367,0.047454658633281806,9.600121075943088,0.48889055483223753,-0.0060905392729718386,0.006625628668881917,0.016715078705968004,-22.00181335449219,10.502625389099121,22.404188289642335,991.8573681640624,-0.16652748703712128,33.11086260075257
2025-03-01T18:09:56Z,40.034560980303766,-75.25303842507113,8.493919023939778,-14.644108184476455,-10.428399328983241,-1.542872812036843,1.415056221130718,6.265022022850061,5.280587842833823,0.0009999999918520312,0.001000000005661569,0.000999999994780741,0.0009999999889118833,0.0009999999892480358,0.000999999983232505,0.000015000194151578434,0.000015000317313680531,0.8617421426972449,4.881507774697461,4.441927660642243,0.02130040261162536,0.00031723972436717966,0.00031105389355436564,0.011298022464884218,0.005994999999999677,0.005994999999999693,0.0059949999999997635,0.0010499499999993408,0.001049949999999311,0.0010499499999993677,0.2461386990591561,9.630430188809463,0.2309841566238277,-0.00570916615036751,0.01115971410650928,0.010841763861683212,-22.354500789642334,9.47981288433075,21.59400068283081,991.8714672851562,-0.1428753129340108,32.49443220431655
2025-03-01T18:09:57Z,40.03327209882955,-75.25322126431466,8.045755720366072,-14.83970457796375,-10.138647827671527,-1.7844435909226406,1.409869804527403,6.266077350373321,5.321740078546239,0.0009999999920699935,0.0010000000051792646,0.0009999999950232096,0.0009999999886593663,0.0009999999891827681,0.000999999982986297,0.000016000144858682544,0.00001600031996953099,0.8858013381432361,5.628850971814332,5.084330749820396,0.023815672964063242,0.000320940679671175,0.0003204627169967794,0.011294645274233987,0.005995999999999675,0.005995999999999692,0.005995999999999761,0.00104995999999934,0.00104995999999931,0.001049959999999368,-0.2101954600931057,9.472930202541006,0.4650512466249568,-0.01227045509402567,0.029960663339242466,0.004752309832104751,-23.65837585449219,9.22556287765503,21.285000801086426,991.8198046875,-0.29258394461382736,33.13423687944415
2025-03-01T18:09:58Z,40.031734972922614,-75.25342122585116,7.649869714120963,-15.45066126547197,-9.864131049954134,-1.7069375142510175,1.4189351726188362,6.2666055674603545,5.373614659914151,0.0009999999921233545,0.0010000000050838238,0.0009999999949015033,0.0009999999889994833,0.000999999989541135,0.0009999999827965597,0.00001700008194601124,0.000017000323139883073,0.9144822665133122,6.463351284377498,5.771266306692841,0.02639448623037986,0.0003226958232186983,0.00032983867560872136,0.01128811661574506,0.005996999999999675,0.005996999999999693,0.005996999999999763,0.0010499699999993398,0.001049969999999309,0.001049969999999369,-0.39394135610090436,9.763670483266102,0.5237460090605018,0.0003846269337614021,0.038522951314720846,0.006533999136685538,-24.35437599182129,9.742687864303589,20.0898756980896,991.8161181640625,0.006356374719925694,33.04020804916686
2025-03-01T18:09:59Z,40.030150829968434,-75.25363173508714,7.338030336793146,-16.72543051636204,-9.93899367714239,-1.516554048462249,1.4263397420214785,6.26831697166344,5.424829903892776,0.0009999999925209126,0.001000000005228057,0.000999999994990826,0.0009999999891612589,0.0009999999897016957,0.0009999999830390875,0.000018000004208821087,0.00001800032685662855,0.9437765374455209,7.282502538175316,6.447289720635606,0.026574529947068437,0.0003224233139136269,0.0003392823404353229,0.011279713201413896,0.005997999999999677,0.0059979999999996945,0.005997999999999764,0.001049979999999339,0.0010499799999993088,0.0010499799999993697,-0.5273817511633907,9.794588337002033,1.0517635082409205,-0.001603354125415118,0.03804777881303918,0.004843271957508778,-24.31781349182129,10.389562902450562,20.094000720977782,991.9081909179688,0.08572128129175792,33.21241580293016
2025-03-01T18:10:00Z,40.028459554380625,-75.25386161706675,7.172767193323931,-18.165158733911717,-10.321579465038363,-1.428391493794521,1.4407055466288048,6.273630673475758,5.470586925409984,0.0009999999922966547,0.001000000004946242,0.0009999999948088049,0.0009999999889708227,0.0009999999897058814,0.000999999982883327,0.000018999910633061042,0.000019000331135951495,0.9683132654279092,8.080335974147085,7.123389579746461,0.026021463896412904,0.000320574857447142,0.00034880087231802534,0.01127143765166516,0.005998999999999674,0.005998999999999691,0.005998999999999761,0.0010499899999993388,0.001049989999999308,0.0010499899999993688,-0.4752973271837794,9.679842034016787,1.0831081785088206,0.004762491036800678,0.032821546748722306,0.00016064293492737977,-24.98418867111206,11.127375445365907,19.973250761032105,991.9461450195313,-0.027409340367767696,33.866731103144865
2025-03-01T18:10:01Z,40.026862375430674,-75.25409972789305,6.9185331623713155,-19.906976473603358,-11.07726467901285,-1.3786290783317539,1.4474318753389632,6.280958081726597,5.513671255077418,0.0009999999923984621,0.0010000000046507744,0.00099999999445281,0.0009999999890216097,0.0009999999896739026,0.0009999999828764394,0.00001999979990692792,0.00002000033598645832,0.9835124232894624,8.819000084702141,7.781100368745343,0.023596673710211357,0.0003180836068597545,0.0003582919357743885,0.011263317985680773,0.005999999999999673,0.0059999999999996905,0.00599999999999976,0.0010499999999993392,0.0010499999999993076,0.0010499999999993683,-0.5646470257914616,9.603515529064797,1.532210917091089,-0.0019137932759283438,0.03198920205870415,-0.0022467652082761988,-24.293626041412352,12.613500556945802,18.759188289642335,992.0718725585938,-0.03782179907041419,33.18409918885569
2025-03-01T18:10:02Z,40.02552690517893,-75.25433111846901,6.410564948894656,-21.78294890765754,-11.730380861677567,-1.3793481609176412,1.4504708268666058,0.0033464075721949312,5.566122075660079,0.0009999999924161962,0.0010000000046510927,0.0009999999944135935,0.0009999999890017328,0.0009999999898476408,0.0009999999833548987,0.000020999669655119026,0.00002100034140897361,0.9859472024845063,9.601604678807245,8.436132197113116,0.02142197407231546,0.0003161225936037365,0.00036755622246525276,0.011254616115294514,0.006000999999999671,0.006000999999999692,0.006000999999999763,0.0010500099999993387,0.0010500099999993069,0.0010500099999993678,-0.9290961495088456,9.560320479706247,1.7803766976253033,-0.003514727183427071,0.04402073434695101,0.0008020514167445842,-25.139251098632812,11.681625423431397,17.862188262939455,992.2772119140625,-0.010153357408269883,32.97721546868737
2025-03-01T18:10:03Z,40.02444671106979,-75.25455153407913,5.6667812621558715,-23.268956352079872,-12.302087826469032,-1.350687019358644,1.4590334256919424,6.278824685309622,5.60986027853358,0.000999999992367178,0.001000000004238162,0.0009999999943981397,0.000999999989111431,0.0009999999895826416,0.0009999999830746652,0.00002199951623749822,0.000022000347401693593,0.9782016430641579,10.448522590510189,9.121467319218537,0.02021566672271801,0.0003152589902039763,0.00037664350909055006,0.011240522075801524,0.006001999999999667,0.006001999999999693,0.006001999999999762,0.0010500199999993376,0.0010500199999993057,0.0010500199999993664,-0.8031140303076465,9.638366404210844,1.68861195449593,0.004141445607380524,0.03650709746233281,0.012998984210928155,-24.983251247406006,12.08868803024292,17.115750732421876,992.4897631835937,0.03900283571198196,32.60743525769966
2025-03-01T18:10:04Z,40.02318873808456,-75.25479607494799,4.961646956895242,-24.213499869377483,-12.80550053578807,-1.3993006007356186,1.462288229394067,6.282141453164005,5.654378246813047,0.0009999999926069423,0.001000000004370503,0.0009999999944841815,0.0009999999888842407,0.0009999999897313005,0.0009999999832380041,0.000022999335574405043,0.000023000353971591167,0.9671603019184623,11.433970464476776,9.807575668987743,0.020044067450991646,0.00031572860600603863,0.0003853546752524137,0.011234113338104116,0.006002999999999664,0.00600299999999969,0.006002999999999759,0.001050029999999338,0.0010500299999993063,0.001050029999999367,-0.5182811841752513,9.62336417282181,1.1343354992126178,-0.0011827586337163373,0.03834820406951619,0.002319699641402311,-26.60175115585327,12.073312997817993,18.310875844955444,992.5434912109375,-0.07518256255332158,34.47756843904937
2025-03-01T18:10:05Z,40.02143784003853,-75.25509592984915,4.463048339057618,-25.004251608004456,-13.824358363702254,-1.3632918969760563,1.4695770119060503,6.282202479950577,5.687849901833014,0.000999999992690248,0.001000000004534676,0.0009999999944236074,0.0009999999892124642,0.0009999999896452049,0.000999999983548093,0.00002399912363515149,0.000024000361134763516,0.9566677170909125,12.479761158986978,10.496287845479596,0.01940013662602991,0.0003173454858545307,0.0003936796438710053,0.011227785529073272,0.006003999999999665,0.006003999999999692,0.00600399999999976,0.0010500399999993383,0.0010500399999993056,0.0010500399999993676,-0.2769722103601276,9.687578748698632,1.1214731072838628,0.0016674427018908652,0.025409720379970645,0.00499665588357614,-26.909251194000245,12.801188049316407,15.81187562942505,992.4860400390625,-0.022708856671925567,33.734110358890135
2025-03-01T18:10:06Z,40.01974304707983,-75.25540343644136,3.840581301529695,-25.484752685935398,-14.94311151236864,-1.4301075892314645,1.4737131644850783,0.016187658806327474,5.7138345722818675,0.000999999992856671,0.0010000000045750782,0.0009999999942874457,0.0009999999893514446,0.00099999998988538,0.0009999999834998537,0.000024998875885679734,0.000025000368934759433,0.9457860991505839,13.563732281436442,11.175942456912674,0.018280303109944853,0.0003201873939077726,0.00040150344940471764,0.011231455677316026,0.006004999999999668,0.006004999999999693,0.006004999999999762,0.001050049999999339,0.0010500499999993064,0.001050049999999368,-0.15147324255721403,9.595866341883394,1.1288437847155106,-0.000621964548041699,0.02099363545595899,-0.012661508974396742,-25.420126266479492,11.192062940597534,14.657625637054444,992.6112231445312,-0.11557763447061274,31.40522080075709
2025-03-01T18:10:07Z,40.01828769334853,-75.25570003265788,3.0085907707498722,-25.59361511027018,-16.14283204287862,-1.4164902346296528,1.4797643317694815,0.028261793177672467,5.722394999748491,0.0009999999926839445,0.0010000000046551305,0.000999999994464101,0.0009999999893060452,0.00099999999011084,0.000999999983832855,0.000025998586590169275,0.000026000377474264277,0.9324830797401935,14.671930242217558,11.880725463838042,0.016476902870921236,0.00032438971976058464,0.00040883717551927923,0.011234816178577684,0.006005999999999665,0.006005999999999691,0.006005999999999761,0.0010500599999993397,0.0010500599999993072,0.0010500599999993686,0.03884049826332996,9.693600741063946,1.230625702982893,0.002756818206337084,0.004935569086603027,-0.009491020338252599,-25.160251121520997,11.533687973022461,15.072375574111938,992.8020361328125,-0.007192420729988514,31.515670721003538
2025-03-01T18:10:08Z,40.01673379093818,-75.2560138282019,2.116551782295504,-25.573829920969658,-17.33505862283986,-1.5192521612301453,1.4836482680444645,0.046646007611313656,5.728462291432999,0.0009999999925835508,0.0010000000045412008,0.0009999999946069397,0.0009999999893755974,0.000999999989910158,0.000999999984145439,0.000026998248291524925,0.000027000386914410344,0.9158735709905251,15.848407330068556,12.612712523589781,0.01503483038712866,0.00033017889307760567,0.0004158534505730681,0.011242921481963425,0.0060069999999996645,0.0060069999999996905,0.00600699999999976,0.0010500699999993403,0.0010500699999993078,0.0010500699999993692,-0.06325327078763188,9.589871802961145,1.159758269832107,0.001026034708273805,0.0034185886258430833,-0.015874556937463563,-24.688313446044923,11.806500463485717,15.213563089370728,992.9094799804687,-0.11859399247032293,31.310630743094343
2025-03-01T18:10:09Z,40.01530454545706,-75.25632398782864,1.025861476770142,-25.60636396323647,-18.755789594785295,-1.5992523982924645,1.4821379307554394,0.06135175136401036,5.725861731370713,0.0009999999926972208,0.0010000000048078627,0.0009999999945947125,0.0009999999895161412,0.0009999999900874843,0.000999999984076711,0.00002799785033014596,0.00002800039746919256,0.8955845659229379,17.016527282743528,13.41681297963988,0.013881137724453006,0.00033750340595280133,0.0004227046688150881,0.011251483184414176,0.006007999999999662,0.006007999999999688,0.0060079999999997575,0.00105007999999934,0.0010500799999993075,0.001050079999999369,-0.1258190387948223,9.594414959011852,1.5514319503204934,-0.0031355235270380324,-0.004452387508068004,-0.013252345093755778,-26.82900110244751,12.743625574111938,13.075875573158264,993.0911645507813,-0.05854159632976753,32.45258881365011
2025-03-01T18:10:10Z,40.0131550689588,-75.2566919747754,0.10144290393264266,-25.555345703416673,-20.09475746647651,-1.5732870045233052,1.5010795020247754,0.07455717760465487,5.730324141473625,0.0009999999926382543,0.001000000004996863,0.0009999999948307635,0.000999999989655066,0.0009999999897575907,0.0009999999841990733,0.000028997379187829062,0.0000290004093908776,0.8736497251619652,18.3466110370652,14.321061086440979,0.013510871254553948,0.0003459465613680673,0.00042987904667650325,0.01126096512468284,0.006008999999999663,0.006008999999999689,0.0060089999999997585,0.001050089999999339,0.0010500899999993062,0.0010500899999993697,-0.41599520570163184,9.704687506988803,1.2273555027151517,0.016684535461794842,0.0015758133099761191,-0.010448042012893111,-30.584251403808594,9.959625387564301,11.436000453233719,993.0800708007813,0.012578985070301685,34.13750449242005
2025-03-01T18:10:11Z,40.01068268205667,-75.25707813270968,-0.8143931359345404,-25.171445315175305,-21.279595275741556,-1.6347239200925479,1.508796966273768,0.0818714669741031,5.736345073141991,0.0009999999928075088,0.0010000000047690899,0.0009999999948135416,0.0009999999897650424,0.000999999989878135,0.000999999984257694,0.00002999682106870525,0.000030000422927977786,0.8532325851731531,19.76220671795379,15.312357032150931,0.01321345532302586,0.00035500819339971814,0.00043751046074853324,0.011269443664938325,0.006009999999999662,0.006009999999999688,0.006009999999999758,0.0010500999999993382,0.0010500999999993055,0.0010500999999993699,-0.3486261341351622,9.655569246380923,0.86426035139335,0.005777094084366039,0.0030181885169354803,-0.0044899403584833545,-33.80381380081177,10.317750396728515,11.1215629196167,993.1616845703124,-0.07768801218446167,37.05184477972733
2025-03-01T18:10:12Z,40.00825309181295,-75.25745552270571,-1.9133713597019482,-25.06628322151381,-22.65549361162387,-1.7686942381538795,1.505013887988659,0.08856300153018332,5.738697694572072,0.000999999992849515,0.0010000000049935629,0.0009999999948279465,0.0009999999896496525,0.000999999989935449,0.0009999999844838659,0.00003099615908561569,0.00003100043835482188,0.8347959702404802,21.161953442546196,16.41481127926719,0.013798274757717497,0.0003648234458032734,0.0004455852950820005,0.011279211802372,0.00601099999999966,0.006010999999999691,0.006010999999999755,0.0010501099999993373,0.0010501099999993043,0.0010501099999993696,-0.48195735576991966,9.552822994227409,1.3342747970622986,-0.0047364565364258725,0.0002929972328454564,-0.004593921065498284,-31.88118886947632,12.72937554359436,15.994500651359559,993.3333178710938,-0.12039354446969294,37.87172312551572
2025-03-01T18:10:13Z,40.00532017131172,-75.25784760706081,-3.056845728244395,-24.79175312230582,-23.885048310183343,-1.842490126562446,1.505541749449478,0.08895931149818354,5.739373433948499,0.0009999999924936384,0.0010000000050502768,0.0009999999946397303,0.0009999999897457575,0.0009999999896862556,0.0009999999844158077,0.000031995373189032134,0.00003200045597233685,0.8197095745813716,22.663408516068543,17.64379590420427,0.0147572354550369,0.00037467795592438676,0.00045417609091872614,0.011287289202690816,0.006011999999999662,0.00601199999999969,0.006011999999999757,0.0010501199999993368,0.0010501199999993042,0.0010501199999993695,-0.47254296862895334,9.614655899042859,1.2504070233412385,0.00029933934930421124,-0.001337978114508185,0.0014885231250764206,-38.23350158691406,7.83975029706955,10.528312895298004,993.4228540039062,-0.07071799217990667,40.42404727060365
2025-03-01T18:10:14Z,40.00224264201294,-75.25822888634535,-4.3261655589789045,-24.32770265445948,-24.84362224136961,-1.955587283420456,1.50092230714776,0.09055211017463925,5.7405034327051006,0.000999999992580643,0.0010000000053312314,0.0009999999945408413,0.0009999999899421696,0.00099999998971626,0.0009999999843643213,0.000032994444332726736,0.00003300047606612003,0.8096752330341292,24.252956705257358,18.980574086803745,0.015867363091792062,0.00038460939080939846,0.0004633579926989689,0.011296863806166232,0.006012999999999662,0.006012999999999688,0.006012999999999758,0.0010501299999993358,0.0010501299999993033,0.0010501299999993684,-0.3790659783401279,9.593102160130856,1.1175648248894967,-0.0042070400304219276,-0.00002261637240364052,-0.00014478938971873058,-40.45368904113769,14.26743803024292,11.550375435352326,993.5868774414063,-0.11233188455759245,44.42372574257671
2025-03-01T18:10:15Z,39.997932339082105,-75.25861825397226,-5.46900245428525,-23.63277619926521,-25.660599569152932,-1.9788633767786987,1.5019857561605794,0.11057522320291302,5.741146849014331,0.0009999999925940713,0.0010000000051327384,0.0009999999942232425,0.0009999999900742061,0.0009999999896235137,0.000999999984162548,0.00003399335588087172,0.00003400049887484158,0.805561399402487,25.937128104837317,20.42622410973384,0.017343482017365703,0.0003956041898032802,0.00047302539433145726,0.011315294889905667,0.006013999999999664,0.006013999999999691,0.00601399999999976,0.0010501399999993362,0.0010501399999993046,0.0010501399999993687,-0.37136906658550745,9.670310567850503,1.0984621298020039,0.002543015603516954,0.0013314673352680054,-0.018796527161537336,-34.41018878936767,2.950312590636313,7.455562856644392,993.5934545898438,-0.03807575978896399,35.331958175494194
2025-03-01T18:10:16Z,39.99257802956969,-75.25898357437967,-6.483989535102112,-22.857677631266636,-26.205983560027494,-1.9719659994157521,1.505920858421926,0.13319863875486285,5.734900587805075,0.0009999999923541057,0.001000000005415511,0.0009999999939399144,0.0009999999900922381,0.000999999989716676,0.0009999999844329552,0.0000349920951057896,0.00003500052454989575,0.808257080138395,27.71094376624123,21.945568795754408,0.019367689457360684,0.00040673869929361116,0.0004827957596776682,0.011335687860530875,0.006014999999999664,0.00601499999999969,0.006014999999999758,0.0010501499999993362,0.0010501499999993036,0.0010501499999993687,-0.5156530007594635,9.681654896715377,1.1006398560863166,0.007469489796354275,-0.004342231347099391,-0.022635629094903128,-24.24862585067749,9.53756281375885,18.71043836593628,993.6266040039062,-0.019943782633192835,32.07862541290073
2025-03-01T18:10:17Z,39.98498447918589,-75.2592959559684,-7.146266186410082,-21.90014069279791,-26.145059172592685,-1.959196415331653,1.5043085608941609,0.13795576365521448,5.7207524420345255,0.0009999999924983332,0.0010000000051597967,0.0009999999941220719,0.000999999989833356,0.0009999999896526774,0.0009999999843762564,0.000035990656858989936,0.00003600055309385211,0.8186751707494117,29.58463246249628,23.484516784961034,0.02178215505183385,0.00041555162379316004,0.0004922403334117254,0.011348128389754367,0.006015999999999664,0.006015999999999689,0.006015999999999759,0.001050159999999336,0.0010501599999993036,0.0010501599999993688,-0.5342804062016839,9.661417276694921,0.9920214010239643,0.005210458684375855,-0.011720676914594786,-0.0067828534200027124,-22.853625812530517,11.600437984466552,17.391375761032105,993.49435546875,-0.05069570938655062,30.972813595168677
2025-03-01T18:10:18Z,39.97805356925159,-75.2595260488798,-7.935475184678032,-20.868831295905785,-26.05362035300672,-1.9053657594183582,1.496867853783288,0.13510223784182646,5.678005669881798,0.000999999992570941,0.0010000000050876775,0.0009999999943114738,0.0009999999897685478,0.0009999999899589405,0.000999999984608376,0.00003698904519603398,0.00003700058428786118,0.8386424114607688,31.54131213727909,24.993870582198813,0.02660138903184156,0.0004237268257785244,0.0004996239587948923,0.011356971943001537,0.006016999999999663,0.006016999999999688,0.006016999999999759,0.0010501699999993365,0.0010501699999993035,0.001050169999999369,-0.07560899528159735,9.760304214347308,1.1534780858286242,0.0035038757586729097,-0.039562090967388955,-0.0029077006762064364,-22.879875774383546,10.191375379562379,16.491750688552855,993.7065258789063,0.050922013632306785,29.988791995571347
2025-03-01T18:10:19Z,39.97092240937844,-75.25965679738196,-8.711238847023374,-19.773071034443063,-25.198386634673245,-1.9756892919165503,1.4879170281776903,0.13143968643653686,5.62981786519947,0.0009999999926978895,0.0010000000048069931,0.0009999999940425684,0.000999999989613415,0.0009999999901189754,0.0009999999845917771,0.000037987281094025335,0.000038000617563757486,0.8706174071654165,33.60700142595361,26.366306540211315,0.03206733051464329,0.000431959502798573,0.0005038498375240767,0.011365753760822776,0.006017999999999665,0.00601799999999969,0.006017999999999759,0.001050179999999336,0.0010501799999993032,0.0010501799999993685,0.15305789533752037,9.67214507166036,0.7613532903437578,0.0030317072480165116,-0.04393361310910138,-0.00517424291773392,-22.680938262939453,10.18593789100647,18.055125761032105,993.81259765625,-0.07440604960123454,30.72723124125828
2025-03-01T18:10:20Z,39.96339527907086,-75.25966087183956,-9.402870904998458,-19.383683597322406,-23.800584861177498,-1.9200804641897058,1.4841050094312385,0.14013275145127502,5.586270629407505,0.000999999992625138,0.0010000000047284705,0.0009999999938471436,0.0009999999896561117,0.000999999990262863,0.0009999999847575343,0.00003898541145979697,0.00003900065198794827,0.9158902166437886,35.767217266632834,27.53573991047414,0.037964416471472806,0.0004421568354123459,0.0005033151888441105,0.011381018454030594,0.006018999999999663,0.0060189999999996895,0.006018999999999759,0.001050189999999335,0.0010501899999993025,0.0010501899999993678,-0.051129638019011124,9.726183008189164,1.004543836522596,0.007877901452027346,-0.037107198915186934,-0.02026260273575444,-22.52456325531006,8.90831284046173,17.79000075340271,993.8798364257813,0.0002346889823786071,30.053203909675773
2025-03-01T18:10:21Z,39.955549413402615,-75.25951784103451,-9.807191099630924,-19.740956316236925,-21.460287573276197,-1.6520025978222137,1.4751926415404744,0.130674751652084,5.555889843896957,0.0009999999924691493,0.0010000000049747706,0.000999999993611922,0.0009999999899093592,0.000999999990320854,0.0009999999844820878,0.00003998351008381488,0.000040000686487619466,0.971646019087193,38.01241396080988,28.43071978512458,0.04121532151339151,0.0004502622886198045,0.0004974135761071284,0.0113885899807422,0.006019999999999665,0.006019999999999691,0.006019999999999761,0.0010501999999993343,0.0010501999999993016,0.001050199999999367,-0.43198266244907113,9.859429873227253,0.9611500605015451,0.000910203984656219,-0.02458839327648454,-0.004199529134193512,-21.279563274383545,8.736937861442566,19.152000732421875,993.9081616210938,0.13751531732830996,29.932423754578085
2025-03-01T18:10:22Z,39.947085899882175,-75.25918654149936,-9.795516217487293,-20.354730982464037,-17.896172974007584,-1.5493372779863444,1.471508685632618,0.11133197505615702,5.521639360456677,0.0009999999926955992,0.0010000000051892941,0.0009999999931967745,0.0009999999900288366,0.0009999999901946928,0.0009999999846667764,0.00004098166187913153,0.00004100072028900657,1.0294526833086588,40.17187626837651,29.0150138858711,0.04335087309575375,0.00045935402186385706,0.0004843472184272539,0.011393091200117248,0.0060209999999996655,0.0060209999999996915,0.00602099999999976,0.0010502099999993347,0.001050209999999302,0.0010502099999993683,-0.24315365006456194,9.716691405609241,0.36506199015570723,0.005994401564978132,-0.028326018070280942,0.0014841836925244274,-20.017313251495363,9.475125389099121,19.88943820953369,993.8424877929688,-0.051860677392318144,29.76671906243715
2025-03-01T18:10:23Z,39.93868559604911,-75.25869710551574,-9.488915682013463,-21.88211831967272,-14.248362813223064,-1.3525300514981318,1.4620206031146254,0.08926243214803568,5.47541889576989,0.0009999999929315797,0.0010000000052853672,0.000999999993449868,0.0009999999903336403,0.00099999999013701,0.000999999984655507,0.00004197994344829926,0.00004200075299873565,1.085742435807099,42.18485106036659,29.33520559875702,0.04616454723753861,0.00047190795417359623,0.0004631014855869553,0.011397812048749487,0.006021999999999668,0.006021999999999693,0.006021999999999763,0.0010502199999993342,0.001050219999999301,0.001050219999999369,0.040501746718732454,9.746221884175098,0.8475498268255811,-0.0005218231977773722,-0.04029062256110921,0.00009655264586469004,-19.812188262939454,11.254125442504883,21.89550073623657,993.7889697265625,0.004241968643095623,31.600441302487393
2025-03-01T18:10:24Z,39.93260245497367,-75.25827154791968,-9.328050157060257,-23.64851153298737,-11.204182844448878,-1.1414808196612012,1.4633770731975637,0.07724266471694088,5.4385950634365186,0.000999999993098514,0.0010000000054881742,0.000999999993578876,0.0009999999903724677,0.0009999999900880748,0.0009999999848373583,0.00004297841099902468,0.00004300078466425701,1.135419729307285,44.04012623734008,29.436428214316475,0.04481265209033191,0.00048574171351620693,0.0004377726202126587,0.011406134474880153,0.006022999999999668,0.006022999999999694,0.006022999999999764,0.0010502299999993348,0.0010502299999993012,0.0010502299999993682,-0.24040190563513308,9.76343128585287,0.9613135078453456,0.006462731153126036,-0.03203193096790666,-0.006161807325380517,-20.881688175201415,9.102000403404237,20.44931318283081,993.9677587890625,0.03440052392437983,30.611478522373506
2025-03-01T18:10:25Z,39.92781630922978,-75.2578726622479,-9.142037835493728,-25.28395529499507,-8.642617654362212,-0.9420918910522714,1.4649104230346912,0.062333921336133344,5.401564653957643,0.0009999999932654006,0.00100000000511426,0.0009999999933521344,0.00099999999002581,0.000999999989881157,0.0009999999848688537,0.00004397708776771758,0.000044000815869213936,1.1719895281328077,45.709893081837116,29.457219581308316,0.043104104769311216,0.000500143411677397,0.00040997686582000846,0.011412898739669948,0.00602399999999967,0.006023999999999696,0.006023999999999766,0.001050239999999335,0.0010502399999993016,0.0010502399999993677,-0.08773001069373962,9.797334121698613,0.8704581642241961,0.004755648675429454,-0.033841492722540494,-0.0014656591924139975,-20.575313396453858,7.977375321388244,21.847688217163086,994.0463598632813,0.056839567102153155,31.053186140300372
2025-03-01T18:10:26Z,39.923634436892236,-75.2574580291181,-8.846910615805944,-27.494566331568343,-6.255866495030679,-0.8387357247928091,1.4643178072441507,0.049260824158035225,5.365797425838723,0.0009999999930780368,0.0010000000053825187,0.0009999999935659553,0.0009999999899892175,0.0009999999899070811,0.0009999999849359554,0.000044975965892803506,0.000045000847400393606,1.1925097585659685,47.21408625495661,29.398713880974185,0.0385449861312803,0.0005145111545459442,0.0003827597357925791,0.011420664157900811,0.006024999999999669,0.006024999999999695,0.006024999999999765,0.0010502499999993338,0.001050249999999301,0.0010502499999993674,-0.2950778985008927,9.656950703297905,1.2234472306443422,0.0010871217394415654,-0.03307040070126295,-0.002425351455597095,-20.88037576675415,9.17531286239624,21.65981332778931,994.04189453125,-0.041144541000758844,31.453470108600094
2025-03-01T18:10:27Z,39.91932282222677,-75.25694794250346,-8.286246558486795,-30.285975493753114,-3.912380356616077,-0.7143801440677666,1.4649018641679872,0.03560355899547942,5.316208619175886,0.000999999993286367,0.0010000000055641548,0.0009999999935242513,0.0009999999899749973,0.0009999999903333309,0.0009999999847449,0.00004597501759592863,0.00004600087983136442,1.196699776561897,48.669745835906326,29.362769075013766,0.034557370865265565,0.0005299325236454639,0.0003566508659203518,0.01142893346373789,0.00602599999999967,0.006025999999999696,0.006025999999999765,0.0010502599999993338,0.0010502599999993008,0.0010502599999993663,-0.07186742893721375,9.633780120844227,1.5798581550980377,0.0015452701319775743,-0.04685558260014541,-0.004257945691169489,-20.826375789642334,9.769125409126282,22.301625785827635,993.918251953125,-0.017314697136707767,32.03955373268806
2025-03-01T18:10:28Z,39.916725471067714,-75.25662325241532,-8.133953571767341,-32.034079073827805,-2.421010048396274,-0.6650245423790982,1.476103256825114,0.03407666957733213,5.272794282607151,0.000999999993704731,0.001000000005518097,0.0009999999934337098,0.0009999999901199729,0.0009999999899884273,0.0009999999845584063,0.00004697420563345561,0.00004700091355295651,1.1873183003167052,50.20186057489789,29.41330535116318,0.030415996440809247,0.0005438632341455912,0.00033546081102866197,0.011440456811047143,0.006026999999999672,0.006026999999999698,0.006026999999999763,0.0010502699999993344,0.0010502699999993014,0.0010502699999993671,-0.1732047773168509,9.664120593831486,1.2771987864527814,0.011685458283193829,-0.0411718697364373,-0.010378276521554783,-20.37075080871582,9.579750390052796,23.414250888824462,994.097685546875,-0.03053355148994567,32.48019330375077
2025-03-01T18:10:29Z,39.91460774055637,-75.25633824739965,-8.05221948557166,-33.69684497111071,-0.9211712778784698,-0.5766239165676343,1.4820177246734603,0.030501842038208615,5.246317698166949,0.0009999999933081346,0.0010000000057293027,0.0009999999935314816,0.0009999999900825493,0.0009999999897709255,0.0009999999847744355,0.00004797348235573546,0.00004800094907212707,1.1643980554691957,51.91012566810098,29.551218631858408,0.025536113105402575,0.0005553388861925119,0.0003203613294675316,0.011450628564698142,0.00602799999999967,0.006027999999999696,0.006027999999999765,0.001050279999999335,0.001050279999999302,0.0010502799999993675,-0.5535027509017293,9.726262735361303,1.202948715584089,0.0058213234926556955,-0.025057891516403117,-0.004817904940498725,-19.09106330871582,8.96343789100647,24.047250995635988,994.1388525390626,0.03558078291656179,31.98560541985746
2025-03-01T18:10:30Z,39.91284336091001,-75.25609001445402,-8.041298539494733,-34.88335986509614,0.4960651976870212,-0.5474832320267253,1.4800146607942168,0.010914573404816118,5.225514101562677,0.000999999993282908,0.0010000000058270676,0.0009999999936006509,0.000999999990185986,0.0009999999894684097,0.0009999999848526765,0.00004897279639362778,0.00004900098693166429,1.1305173874577363,53.813019339833254,29.83205250642204,0.02163350887154821,0.0005656251536739728,0.00030997607746565206,0.011453584416991345,0.006028999999999668,0.006028999999999695,0.006028999999999765,0.0010502899999993345,0.001050289999999302,0.0010502899999993672,-0.524478985513113,9.719273189851627,0.9130974780395578,-0.0023043464627181772,-0.021243658377678457,0.013084939486076088,-18.130313262939453,9.70725043296814,24.564751167297363,994.18306640625,-0.004429924426927116,32.03689624945568
2025-03-01T18:10:31Z,39.91154646441092,-75.25590610981577,-8.286029537613864,-35.26147403828081,1.8005229223375339,-0.7197152152942501,1.4706463008886625,6.280822608820187,5.214182033396359,0.0009999999930037928,0.0010000000058695453,0.0009999999936837621,0.0009999999902613156,0.0009999999895977515,0.0009999999846187545,0.00004997209936555934,0.000050001027798068885,1.09127818841406,55.86626384360339,30.29036524127727,0.018809313439001777,0.0005755506317550906,0.0003039209772575483,0.011458835060082388,0.00602999999999967,0.006029999999999698,0.006029999999999762,0.0010502999999993338,0.001050299999999301,0.0010502999999993665,-0.3882783443978562,9.596731240584585,0.41279879341169373,-0.009796452919956247,-0.011771582203979397,0.009231985082028858,-18.10425075531006,8.827875385284424,24.73800109863281,994.2836791992188,-0.16728023970631842,31.90079533234139
2025-03-01T18:10:32Z,39.90934361241505,-75.25559604745683,-8.439926132079092,-35.89658120480698,3.761129843726425,-0.875760268110712,1.457340029898842,6.257414338099593,5.211047637808939,0.000999999992914014,0.001000000006034371,0.0009999999936848554,0.0009999999900139889,0.0009999999894172485,0.000999999984811033,0.000050971342738134054,0.000051001072524606744,1.0504243303151348,58.071146294433134,30.96130654775121,0.01709020115984504,0.0005852652332804539,0.00030148983117157693,0.0114611289291507,0.0060309999999996694,0.006030999999999696,0.006030999999999763,0.0010503099999993328,0.0010503099999993,0.0010503099999993654,-0.3376302694124057,9.617708324426502,0.27317759348028214,-0.014276127744234621,-0.004410661795135284,0.01851712977592721,-19.13193826675415,8.30362533569336,24.0391884803772,994.1747509765624,-0.1534487738543992,31.82547110915997
2025-03-01T18:10:33Z,39.90537305503093,-75.25509208665508,-8.22739886815717,-37.34938982420163,6.274947663347499,-0.852055164719355,1.461000024194202,6.246375371864163,5.203683875172137,0.000999999993203642,0.00100000000610709,0.0009999999937434628,0.0009999999899768367,0.0009999999894477248,0.0009999999844373807,0.000051970476249644734,0.00005200112190691504,1.0110400663048111,60.39556565304622,31.87336510215219,0.01653480640681402,0.0005946204415453597,0.00030174258580507787,0.01146944179097906,0.0060319999999996704,0.0060319999999996965,0.00603199999999976,0.0010503199999993334,0.0010503199999993007,0.001050319999999366,-0.11891516433631606,9.751792037895298,0.40577985366393604,0.0013608419563875683,-0.006863300522180159,0.003371187931084708,-18.11606321334839,10.31437540501356,26.330251083374023,993.9238916015624,-0.02030470408350668,33.583579369998425
2025-03-01T18:10:34Z,39.90310015644786,-75.25480540748583,-8.55597268381698,-38.03145818436532,7.920525690560991,-0.8645669856099095,1.4608438087533615,6.232109753467555,5.205376103070081,0.000999999993129033,0.0010000000060731995,0.0009999999938253698,0.000999999989847291,0.0009999999895832581,0.0009999999844177623,0.00005296944245196177,0.00005300117661031217,0.9750995694191248,62.78890151812391,33.00651803181841,0.01669003335341126,0.0006035043676316372,0.00030468173860806783,0.011475332525644468,0.00603299999999967,0.006032999999999696,0.0060329999999997564,0.0010503299999993342,0.0010503299999993015,0.001050329999999367,-0.1973310979859616,9.778825131092322,0.403387024734217,-0.0014683293554196533,0.0006696972780989045,0.011329287250799645,-21.002438316345216,10.198500380516052,24.894000873565673,994.2185864257813,0.007675048772313153,34.129454204748626
2025-03-01T18:10:35Z,39.9014602379309,-75.25459411799557,-9.112433302818744,-38.50834483723755,9.156595397746797,-0.9004502722630995,1.459384779098845,6.21457802387306,5.2051387706055605,0.0009999999932466023,0.001000000006091247,0.0009999999939093655,0.000999999989908578,0.0009999999897290805,0.0009999999843566321,0.00005396817125222791,0.00005400123717497018,0.9439499740398533,65.18667478440545,34.35362825036308,0.017400202391163345,0.0006119788960947946,0.00030971488527982806,0.01147984354256168,0.006033999999999669,0.006033999999999695,0.006033999999999756,0.0010503399999993346,0.0010503399999993019,0.0010503399999993671,-0.08070846142146498,9.766502065558692,0.5211452812313733,-0.002614786152399888,-0.0020164392641473924,0.015748710453718055,-22.047563343048097,10.15387538433075,25.459126148223877,994.3817431640625,-0.0008736239805630446,35.176125034375424
2025-03-01T18:10:36Z,39.897397742033746,-75.25426827103566,-9.319710138880483,-39.966596349938754,10.787263918185808,-0.99487086673734,1.4547985136452144,6.203303381175833,5.20972199652114,0.0009999999935877825,0.0010000000059624042,0.0009999999940939253,0.0009999999896878598,0.0009999999896652468,0.0009999999845679251,0.00005496658143610132,0.00005500130398191184,0.919563500152934,67.55223105802085,35.896026235439045,0.01914065671568899,0.0006185131184730861,0.0003166428904655309,0.011487123164422854,0.006034999999999672,0.006034999999999698,0.006034999999999757,0.0010503499999993337,0.0010503499999993011,0.0010503499999993662,-0.0814786063042301,9.68578410052644,0.4756502765378664,-0.007678788485779506,0.0032658721102510084,0.008661844636745372,-21.07912570953369,11.021812915802002,24.33243856430054,994.1728491210938,-0.08401015276763504,34.02754791685318
2025-03-01T18:10:37Z,39.890249001643,-75.253894536312,-9.208375146167512,-43.033571434137016,12.384191782087246,-1.0876093599667713,1.4536167054754523,6.188090937221801,5.224388003627648,0.000999999993679974,0.0010000000058047816,0.0009999999937816582,0.0009999999894841041,0.000999999989503024,0.0009999999844544755,0.000055964570899234105,0.00005600137712200864,0.9021215146186721,69.8953669248063,37.54010222726112,0.020489784339083827,0.0006236656290696865,0.00032515977996265327,0.01149324035890805,0.006035999999999672,0.006035999999999698,0.006035999999999759,0.0010503599999993347,0.001050359999999302,0.0010503599999993666,-0.26584558266567215,9.62719991111159,0.8889705017665478,-0.006530329058741824,0.012093536037247986,0.013245166227798184,-21.95887580871582,10.991812868118286,23.448375873565674,993.9177954101563,-0.11022256793094531,33.95342495113276
2025-03-01T18:10:38Z,39.88495783735309,-75.25365657019842,-9.554578837612173,-45.36410028360316,13.593777470017317,-1.0867647068188904,1.4576145006679402,6.184936569187972,5.248451012325141,0.0009999999934491956,0.0010000000061441583,0.0009999999938257792,0.0009999999893936335,0.0009999999898075641,0.0009999999846501842,0.00005696201072307158,0.00005700145631698942,0.8913501952046092,72.33418187775732,39.302109685302845,0.022808485451716,0.0006257630269294956,0.00033497608404403997,0.011502345588812767,0.006036999999999671,0.006036999999999698,0.006036999999999759,0.001050369999999334,0.001050369999999303,0.0010503699999993656,-0.3643952346246575,9.77434741260386,0.9362803994180741,0.0013518296568263543,0.02254883726542678,0.0044570585450702735,-22.234313259124757,10.544437894821167,23.314500713348387,994.1834765625,0.04364126933846725,33.89855990719854
2025-03-01T18:10:39Z,39.88205263519195,-75.25348762314968,-10.314805089900894,-46.43663791823751,14.719400773196806,-1.1390187116568613,1.4586339452099968,6.177205739328429,5.27316356213136,0.0009999999933656787,0.001000000006171491,0.0009999999939104014,0.0009999999892010786,0.0009999999900050676,0.0009999999844639976,0.000057958772076960724,0.00005800154094360237,0.891360884859669,74.85151636633674,41.119325094703974,0.02706029288116047,0.0006263287039904051,0.0003455734188731994,0.011509490220371026,0.006037999999999673,0.006037999999999699,0.00603799999999976,0.0010503799999993344,0.0010503799999993027,0.0010503799999993652,-0.2272413794419723,9.791786137256837,0.5641448305757991,0.0008733185448537952,0.022905175480473813,0.010219549809487895,-22.510313301086427,10.281562919616698,23.873813400268556,994.4946655273437,0.02830378171006409,34.385756086161614
2025-03-01T18:10:40Z,39.87871419650374,-75.25335076197632,-11.127576890556618,-47.71493925780759,15.749736000915737,-1.2296904803930457,1.459084651537535,6.18201640298826,5.30581745312874,0.000999999993264934,0.001000000006268761,0.000999999993542762,0.0009999999890744793,0.0009999999902724557,0.0009999999845687318,0.0000589547546914777,0.00005900162976277614,0.9061055274908015,77.48646566878602,42.81142585816427,0.032317953942682255,0.0006222620304312021,0.00035667786728800526,0.011519926753306127,0.006038999999999676,0.0060389999999996965,0.0060389999999997624,0.0010503899999993339,0.001050389999999304,0.0010503899999993655,-0.39636490568563626,9.762500885879097,0.5938714020295414,0.0007199347914667576,0.03192160562321115,-0.0008648085201253615,-23.380313301086424,10.902562913894654,23.37356330871582,994.5829516601563,0.00608404163187393,34.8112749155623
2025-03-01T18:10:41Z,40.03271684952743,-75.24070725684025,-14.33393731683022,15.654852804356285,15.19709837868607,-1.4503733567608936,1.3476949979434854,6.271985187508229,5.183889324464592,0.000999999993207622,0.0010000000062434608,0.0009999999934962478,0.0009999999887048288,0.000999999989901102,0.0009999999840345187,3.07992127104028e-10,3.079923149878046e-10,0.5751093464457399,0.005877657403783143,0.005877271192928335,0.019541119940063283,0.00016613919585799949,0.00017948257337522391,0.011043808606534778,0.0060399999999996784,0.006039999999999696,0.0060399999999997634,0.001050399999999335,0.001050399999999305,0.0010503999999993648,-0.6396044811390045,9.66636248333622,0.6621309202354713,0.002655007205342736,0.038186975383225984,-0.00398305625240859,-23.52056329727173,11.969812984466552,22.76625082015991,994.6017407226562,-0.07200299113782084,34.85386576303219
2025-03-01T18:10:42Z,40.03286145702897,-75.24052227284461,-14.99673508524666,16.940429935396686,16.334729421470158,-1.6045239802950804,1.34792090693064,6.27658067320387,5.210592131587702,0.0009999999931273303,0.0010000000064375402,0.0009999999930926928,0.0009999999884351969,0.0009999999895506915,0.0009999999839029549,1.0003079923707168e-6,1.000307992860611e-6,0.6305393600193574,0.0343103777768026,0.03531332770289428,0.02234132168155726,0.00017517366357574265,0.00018879538625638298,0.011052780784606484,0.006040999999999678,0.006040999999999695,0.0060409999999997644,0.0010504099999993344,0.0010504099999993051,0.0010504099999993645,-0.33768191221886346,9.680713432555912,0.46461975150301904,-0.0018737370468796166,0.023810122717804885,0.003881911108788788,-23.236688251495362,11.50725043296814,21.89493829727173,994.497578125,-0.08450638601628588,33.93737425059333
2025-03-01T18:10:43Z,40.03301374943644,-75.24032567947424,-15.522447222117812,17.84890784679064,17.26445677759816,-1.6032256848190296,1.3494717007010009,0.0043923495507825075,5.239644742868903,0.000999999993425448,0.0010000000060294836,0.0009999999934247844,0.00099999998846913,0.0009999999897268832,0.00099999998373411,2.0003079931321852e-6,2.0003079981596083e-6,0.6952521429373502,0.11221500322814917,0.10580953625654876,0.024823558658914693,0.0001836512904514613,0.0001974492994171235,0.011059792987302376,0.006041999999999678,0.006041999999999695,0.006041999999999765,0.001050419999999335,0.001050419999999306,0.001050419999999364,-0.40937506281766467,9.710789162947258,0.8504460525078854,-0.002018107883359669,0.024605415195140375,-0.0010814484019135986,-23.294625816345214,11.155312881469726,22.003313369750977,994.4699291992188,-0.025807342991092067,33.92967656774514
2025-03-01T18:10:44Z,40.03316521734136,-75.24011887000384,-15.82789530890539,19.053212737585255,18.35269091107143,-1.6717994564599423,1.353710774088417,0.01730851244145458,5.281292296611372,0.0009999999933549366,0.001000000005980315,0.0009999999934135445,0.000999999988885578,0.000999999989901488,0.0009999999834930868,3.000307993369895e-6,3.0003080182687445e-6,0.7660893268004474,0.25679363118072873,0.23838565908446668,0.02827837033925723,0.00019103756940707585,0.00020574361375768125,0.011064973133076196,0.006042999999999677,0.0060429999999996944,0.006042999999999765,0.0010504299999993336,0.0010504299999993065,0.0010504299999993646,-0.5168526775671858,9.690848961506218,0.3756302829208412,-0.0014785104927471742,0.03428762230425435,0.0004355323149034514,-23.354250736236573,11.182312898635864,21.761438274383544,994.4155810546876,-0.07060312244766005,33.823392956728235
2025-03-01T18:10:45Z,40.03330705448095,-75.23990281177767,-16.027376717093375,20.20527362184827,19.28219843953147,-1.6158743505541404,1.3580061167103685,0.026945265704907923,5.3238424635874795,0.0009999999933748317,0.0010000000060693321,0.0009999999935119545,0.0009999999891894473,0.0009999999901748621,0.000999999983409552,4.0003079791675125e-6,4.000308070153352e-6,0.8403591572492071,0.46008228146743674,0.4267667637969895,0.03158271166773931,0.00019701511893897836,0.00021377891611323014,0.011068681146852529,0.006043999999999679,0.006043999999999696,0.006043999999999767,0.001050439999999334,0.001050439999999306,0.0010504399999993641,-0.49909937354001294,9.782388810073625,0.3724372370774293,-0.0032056218751511404,0.032933037276588674,0.003711670371450722,-25.23018846511841,10.980750465393067,21.31631322860718,994.4634106445312,0.01958208415476185,34.80690975508863
2025-03-01T18:10:46Z,40.03343423599434,-75.23968020667445,-16.29488772248738,20.97974651152682,19.916584801543024,-1.6391967613057972,1.3690956919574018,0.03275428610462579,5.35931878652802,0.0009999999934536593,0.001000000006180632,0.0009999999938049516,0.0009999999892100686,0.0009999999903142244,0.0009999999835404408,5.000307904487675e-6,5.000308175121649e-6,0.9127367206817445,0.6967425848313327,0.6302717973276517,0.03336528458696935,0.00020141631895467704,0.0002217125593339228,0.011071170844905477,0.006044999999999681,0.006044999999999699,0.006044999999999763,0.0010504499999993348,0.0010504499999993058,0.0010504499999993639,-0.508238519992263,9.630908718738844,0.672260526986451,0.0032149672858489122,0.02583732561478747,0.005067923405597011,-25.092001152038574,7.475250259339809,17.540813207626343,994.628984375,-0.11497686831895666,31.514517555583218
2025-03-01T18:10:47Z,40.03353584734668,-75.23945504702581,-16.543050720918004,21.528672931167506,20.29060954305109,-1.5595611896846215,1.3769999485187558,0.0432712274170246,5.3957282046673045,0.000999999993374092,0.0010000000061320847,0.0009999999934599262,0.000999999989148184,0.0009999999900643043,0.0009999999836575678,6.000307667619646e-6,6.000308355012136e-6,0.9768555889480809,0.9617575609054054,0.849901359129667,0.03376313897618997,0.00020409758799067165,0.00023006507254984656,0.011072778842402075,0.006045999999999682,0.0060459999999997,0.006045999999999761,0.001050459999999334,0.0010504599999993048,0.001050459999999363,-0.4965104215188353,9.689460971138198,0.8461768984602515,-0.0006620217138699547,0.02817630447577686,-0.00014378814516692324,-25.195688514709474,13.044938049837947,22.305375900268555,994.725625,-0.04373239190654276,36.09043167466102
2025-03-01T18:10:48Z,40.033585283774144,-75.23923283592767,-16.512662990697674,21.814030485337536,20.390560662203505,-1.471312727426813,1.3845877785622933,0.04040333134660555,5.4321047459609355,0.0009999999934776596,0.0010000000062482034,0.0009999999940386683,0.0009999999895330658,0.0009999999902820837,0.000999999983694341,7.0003070908257705e-6,7.000308632328897e-6,1.0280948399243433,1.2516500425790327,1.0746073582320905,0.03299979073786958,0.00020508086053649615,0.00023900260531000369,0.011075290097282295,0.006046999999999685,0.006046999999999703,0.0060469999999997635,0.0010504699999993347,0.0010504699999993056,0.0010504699999993638,-0.49144887703801704,9.636930679315158,0.989429174161537,-0.002455894184196012,0.025002477383242627,0.012612103305878933,-25.913626136779786,9.786750345230102,18.579000778198242,994.6713940429687,-0.08270208529040092,33.35374620022959
2025-03-01T18:10:49Z,40.03358739715273,-75.23901501994597,-16.437000505615416,22.24728135703821,20.224935092822612,-1.4277676231540144,1.3924373469805225,0.052282135951657344,5.459591010877542,0.0009999999934108595,0.0010000000059157007,0.0009999999943157087,0.0009999999893403394,0.0009999999899985605,0.000999999983774256,8.000305906199016e-6,8.000309033826422e-6,1.0644975934059526,1.5505722363457641,1.3503599921957885,0.031816375435639005,0.00020561784260417695,0.00024824190801704736,0.011077519546844416,0.006047999999999682,0.006047999999999701,0.006047999999999761,0.0010504799999993355,0.0010504799999993047,0.0010504799999993643,-0.20925533212752084,9.62369038962693,0.9030482765278477,-0.0019638650305425533,0.020084849070169903,-0.0043497422408870995,-26.344876098632813,11.043750476837157,19.19681324005127,994.706337890625,-0.11450169076113484,34.417017094329694
2025-03-01T18:10:50Z,40.03349411464918,-75.23880822399695,-16.034775726688466,22.79350447162961,19.861666713796946,-1.2885864409108572,1.4036504434401036,0.0762824609198569,5.483097145394504,0.000999999992990787,0.0010000000059065405,0.0009999999943781542,0.0009999999890588163,0.0009999999900971075,0.0009999999835024825,9.000303744081225e-6,9.000309596542015e-6,1.0876272147283277,1.8796756355082684,1.6964413241338911,0.031115067320729523,0.00020605345718292134,0.00025790903798986355,0.011080091081140045,0.006048999999999683,0.0060489999999997004,0.006048999999999762,0.0010504899999993344,0.0010504899999993055,0.0010504899999993634,-0.1540229633027966,9.73096263390872,0.6995086322868077,-0.0001244269913412778,0.017926626964151503,-0.017534073405175998,-26.841938667297363,10.0968754196167,18.432563285827637,994.5721313476563,-0.025406218269580443,34.09094444136697
2025-03-01T18:10:51Z,40.033325931532445,-75.23861154351727,-15.462364793763479,23.044436929916635,19.20804270201866,-1.064272132680993,1.4248182189200826,0.09906661474634894,5.5003445929569645,0.0009999999929976484,0.0010000000057308984,0.0009999999944850918,0.0009999999892106007,0.0009999999903952724,0.0009999999833643042,0.0000100003001194223,0.000010000310360340295,1.0992925459841578,2.210432709315612,2.0432179586627925,0.02956526819104071,0.00020660569923505634,0.0002678491485658802,0.011083944685273805,0.0060499999999996815,0.006049999999999699,0.006049999999999765,0.0010504999999993347,0.0010504999999993065,0.0010504999999993638,-0.3383481113703989,9.777309623394464,0.9006155679261961,0.009985385224221273,0.01253065469710449,-0.018409646053657323,-25.757063541412354,10.1565003490448,17.291438245773314,994.5223876953125,0.04191002520536206,32.6430902977141
2025-03-01T18:10:52Z,40.033141463666965,-75.23842056636695,-15.086762583508106,23.442680613563734,18.485000486915,-1.1020659785307159,1.4326284362477226,0.1078416080938966,5.506814741903253,0.0009999999929008092,0.0010000000058957615,0.0009999999944128811,0.000999999989128116,0.000999999990637554,0.0009999999831761916,0.000011000294415525945,0.000011000311367820172,1.101118526143539,2.5410107246860276,2.4441462341299083,0.02842937559583201,0.000207247707673653,0.0002776766046348385,0.01108971617094533,0.006050999999999678,0.006050999999999697,0.006050999999999765,0.0010505099999993358,0.0010505099999993067,0.0010505099999993648,-0.24875520932816944,9.587275721810034,0.768939723185847,-0.0009023617412179307,0.0021194163503208074,-0.007183754195251409,-24.785251178741454,9.335062832832337,17.591813220977784,994.6107739257812,-0.1612582645814253,31.794979769782646
2025-03-01T18:10:53Z,40.032956769512815,-75.23823474480133,-14.969986005043381,23.64763486297458,17.632763433812894,-1.0292164472536864,1.4433807681890147,0.11378335586073429,5.507268450878004,0.0009999999930004192,0.0010000000056596253,0.0009999999945136295,0.000999999989203973,0.0009999999904049947,0.0009999999832634623,0.000012000285853261904,0.00001200031266683635,1.0951864337036894,2.8777754147823815,2.8416510510824478,0.026841409594185642,0.0002083263779383312,0.0002874598313157028,0.011096806856127244,0.006051999999999678,0.006051999999999696,0.006051999999999767,0.0010505199999993366,0.0010505199999993058,0.0010505199999993656,-0.32311381117103366,9.69798759523438,1.0362088635706646,0.0041719883982699974,-0.0021606430754659784,-0.005897099288702542,-24.54600112915039,9.58537539958954,17.591813220977784,994.7179467773437,-0.023898877849498887,31.683659333600136
2025-03-01T18:10:54Z,40.03270806466818,-75.23805830142834,-14.825912947270611,23.653543255278535,16.805350198940992,-0.951548609328677,1.4467485058505858,0.11128922720288448,5.512522656603834,0.0009999999932283714,0.0010000000053235303,0.0009999999945688978,0.000999999988988206,0.0009999999902637522,0.000999999983544879,0.000013000273459306385,0.00001300031430261097,1.0833760704645308,3.2469151000558045,3.2476028942880855,0.025416978538313446,0.00020911262441771844,0.00029764783117638814,0.011106050769738371,0.006052999999999681,0.006052999999999698,0.006052999999999768,0.001050529999999337,0.001050529999999305,0.001050529999999366,-0.43994566249807016,9.695462678121942,1.0761624569332158,-0.0034960335220848267,0.002680210223294823,0.0024799263669844085,-24.220125999450683,9.362062888145447,18.152063331604005,994.7164184570313,-0.01742104355220342,31.682122903830223
2025-03-01T18:10:55Z,40.03239978640226,-75.23789164004901,-14.712098712057424,23.07571713612012,15.55906784560233,-0.9382311243040616,1.4457438016031712,0.11156793592410079,5.510218107312725,0.0009999999930573422,0.0010000000051010385,0.0009999999947953029,0.0009999999892127166,0.0009999999904848425,0.0009999999835690625,0.000014000255988545106,0.000014000316307848803,1.0653219704144914,3.6017717020150823,3.566630365189966,0.022735235351760148,0.00021125040154723035,0.0003072021260529463,0.01111529483749844,0.006053999999999683,0.006053999999999701,0.0060539999999997705,0.0010505399999993364,0.0010505399999993048,0.0010505399999993655,-0.4855465855255993,9.551267630889656,1.7808153873140287,-0.006528326234245841,-0.003290742885053574,-0.0017432187044354544,-25.108876152038576,11.031562919616698,18.038250646591187,994.7285815429688,-0.05420280659034279,32.82569414221606
2025-03-01T18:10:56Z,40.03195756021457,-75.23774092235631,-14.490182966166149,21.63182281421541,13.82328970011021,-0.8162526288077168,1.44916691534332,0.11334542901207065,5.502678129986474,0.000999999993115436,0.00100000000519093,0.0009999999947352361,0.0009999999894105317,0.0009999999904479902,0.000999999983678775,0.000015000231736505895,0.000015000318682046518,1.03747265308535,3.9840310746698404,3.767593640366693,0.019247262448040932,0.00021500843973388598,0.0003161307197683697,0.011124315759211982,0.006054999999999683,0.0060549999999997,0.00605499999999977,0.001050549999999336,0.001050549999999304,0.001050549999999365,-0.6940810762810322,9.531965540880824,2.687814791048804,-0.0014785101442447955,-0.0073937182617682725,-0.004461567233959912,-25.520063591003417,11.320125412940978,18.01050075531006,994.6690844726562,0.1459837528851785,33.223390098166654
2025-03-01T18:10:57Z,40.03170069459533,-75.23759422226028,-14.736297329003216,20.86505061831246,12.801682180123972,-0.9023231626404837,1.4514317465367417,0.11155819054647519,5.505631449880744,0.0009999999930511902,0.0010000000050872382,0.0009999999950293483,0.000999999989442629,0.0009999999905601254,0.0009999999838246054,0.000016000198450999902,0.000016000321450601203,1.0038802810302525,4.448589993170092,4.105239650355195,0.017867394694794963,0.00021941696613941587,0.00032527548688970345,0.011134412879368031,0.0060559999999996806,0.006055999999999698,0.006055999999999767,0.0010505599999993352,0.0010505599999993045,0.0010505599999993643,-0.7393623013784204,9.46116218979113,1.997948345424101,-0.0010225323696118169,0.00304072048517585,0.0008075589314868305,-26.52450117111206,10.885875396728515,17.517188358306885,994.9176416015625,-0.0838132155527301,33.59910597742725
2025-03-01T18:10:58Z,40.031555468099306,-75.23745646889816,-15.254855139465716,19.232064314906946,11.213188015870474,-0.8453537240169382,1.4434542907719274,0.11536024707265634,5.50486247312785,0.000999999992777482,0.0010000000053112283,0.0009999999947511243,0.0009999999894377226,0.0009999999906199388,0.0009999999837875095,0.00001700015308739855,0.00001700032462280618,0.9669701586093131,4.989851847136553,4.32634923668788,0.016789970177961938,0.00022598363427910333,0.00033372697189468047,0.011143605303146894,0.0060569999999996816,0.006056999999999698,0.006056999999999768,0.001050569999999335,0.001050569999999305,0.001050569999999364,-1.0302327800385704,9.445026277537027,3.2423115502248243,-0.00936884768031454,0.00011991844336982425,-0.004817905096925618,-25.56187618255615,10.917375383377076,17.42287579536438,995.0989038085937,0.25738511981459294,32.80475376885002
2025-03-01T18:10:59Z,40.03154583432143,-75.23733681201837,-15.88101336314795,16.966710034360183,9.142903943157293,-0.6827220835935797,1.450076350005228,0.11582213419722567,5.498504241262735,0.000999999992788192,0.0010000000050093237,0.0009999999946008454,0.000999999989448355,0.0009999999909000403,0.0009999999836518597,0.00001800009122015056,0.00001800032813631842,0.9259788413497577,5.693624149897562,4.563037225272804,0.01929773929507106,0.00023447963046969547,0.0003415584301110924,0.011152655030865124,0.0060579999999996826,0.0060579999999997,0.006057999999999769,0.0010505799999993358,0.0010505799999993037,0.0010505799999993627,-1.2355788063729845,9.428996310682145,4.203150149084869,0.006948752825756219,-0.006012095501888724,-0.0016859709545070716,-25.90612621307373,10.460062890052795,17.213813304901123,995.2814868164063,0.615659341111092,32.815428201742
2025-03-01T18:11:00Z,40.03147984284178,-75.23723270900173,-16.438100987776586,16.5142955609223,8.178082585932916,-0.7269778160197238,1.450671775293128,0.11818133174792028,5.495986920452714,0.0009999999925470306,0.0010000000050095943,0.0009999999946575377,0.000999999989604821,0.000999999990608015,0.0009999999834707598,0.00001900000771700873,0.000019000332065062118,0.8943201897537534,6.451765591734498,5.104643134173124,0.021571356088132612,0.0002442236191217061,0.0003492973263693166,0.01116161857791864,0.006058999999999682,0.006058999999999699,0.006058999999999769,0.0010505899999993353,0.0010505899999993028,0.0010505899999993635,-0.6969524704692169,9.54668137931323,2.106438647752439,0.0006493348209541915,-0.0019366591607684535,-0.0031685699075154447,-25.303501071929933,11.764125461578368,18.630375804901124,995.3383129882812,0.019820420052910428,33.55218786827585
2025-03-01T18:11:01Z,40.031363819860225,-75.23713710391058,-17.006394461520966,15.769855611885458,7.166178893497064,-0.7213106126037799,1.4533806404671983,0.12242377112336301,5.499782931220534,0.0009999999925758714,0.0010000000046688484,0.0009999999944587076,0.0009999999898604648,0.00099999999104074,0.0009999999831798135,0.000019999897770406782,0.00002000033650952004,0.8796546260314504,7.326483746495911,5.6674532331430205,0.02457599860317249,0.000254309225884427,0.0003569843331048842,0.011170673090835265,0.0060599999999996846,0.006059999999999697,0.006059999999999771,0.0010505999999993348,0.0010505999999993023,0.001050599999999363,-0.8918079871212419,9.544767132436194,2.358602280463157,0.002227402309339244,0.004569050606263704,-0.0043699373044867,-25.769063549041746,11.713875484466552,19.189875802993775,995.398818359375,0.0910487108686941,34.19806100602459
2025-03-01T18:11:02Z,40.031179932690364,-75.23704803635542,-17.575162806867695,15.397519425371243,6.286651247041975,-0.7647478373155184,1.4563640035275625,0.1262523786190485,5.497339369144816,0.0009999999924201256,0.0010000000048114143,0.0009999999941322814,0.0009999999904566912,0.0009999999914158308,0.000999999983432479,0.000020999757423800556,0.000021000341473552355,0.8813644511870604,8.295068256834154,6.290184732279985,0.027254602699765193,0.0002644007119085998,0.00036400211871114393,0.011179192957999,0.006060999999999684,0.006060999999999699,0.0060609999999997706,0.0010506099999993354,0.0010506099999993029,0.001050609999999362,-0.7322230650169703,9.557581133353144,2.0048130055232822,0.0035138900279177605,-0.0015557866769061743,-0.00480037990663303,-24.861188678741456,11.925000429153442,17.673188238143922,995.4551342773437,0.011918207846054787,32.75091747349671
2025-03-01T18:11:03Z,40.03088222985367,-75.23695816542504,-18.203624196106887,15.795962913718595,5.943662615925216,-0.9346884043803524,1.464086753855201,0.12698207129024353,5.491778092028695,0.0009999999925916767,0.001000000004584898,0.0009999999940191948,0.000999999990512413,0.000999999991505421,0.000999999983383158,0.000021999585124265057,0.000022000346999954926,0.8968967107959712,9.277319728146063,6.9694593402168215,0.027460129802135864,0.00027359382406970156,0.0003703382712075509,0.011187557396966969,0.0060619999999996866,0.006061999999999696,0.006061999999999768,0.001050619999999336,0.0010506199999993032,0.0010506199999993616,-0.5239115037792622,9.559722351069407,1.0607352917849089,0.008977457786432119,-0.004817904674265206,-0.002292997021346754,-24.160125942230223,10.949250450134278,17.544750728607177,995.504267578125,-0.14839203196226317,31.802717186832755
2025-03-01T18:11:04Z,40.03032597355988,-75.23685518073934,-18.81216734287056,15.667340947457806,5.416682385349789,-0.9720105894970017,1.456781876248913,0.12952568574804557,5.488823767988075,0.0009999999924377263,0.0010000000044452808,0.0009999999939489233,0.0009999999905249376,0.000999999991492396,0.00099999998325288,0.000022999381814413387,0.000023000353059468878,0.9209120439701423,10.414637526212944,7.6002394303015395,0.028994301762261726,0.00028166247152059163,0.0003761509267226536,0.011195579469142158,0.006062999999999684,0.006062999999999693,0.006062999999999769,0.0010506299999993368,0.0010506299999993043,0.0010506299999993604,-0.6746384113474149,9.592885093434237,1.6582067538774607,-0.005769251477953548,-0.0016058576496748456,-0.004409827304666214,-24.452813625335693,10.810875396728516,18.850125751495362,995.5110766601563,-0.0224856669757374,32.712979700202276
2025-03-01T18:11:05Z,40.029575070829075,-75.2367395362849,-19.342525724743897,15.146962665458478,4.902483287937523,-0.9502473677384643,1.4529097043027643,0.12849914813786045,5.487308572419821,0.0009999999926659734,0.0010000000047872394,0.0009999999937665893,0.0009999999904662063,0.0009999999914598718,0.0009999999830482959,0.000023999150413500484,0.00002400035952407636,0.9507499052824792,11.68362902971071,8.168116797825709,0.03104125812038262,0.0002880091918220117,0.0003814417676252174,0.01120376497073147,0.006063999999999683,0.006063999999999689,0.006063999999999768,0.0010506399999993367,0.0010506399999993042,0.0010506399999993612,-0.8721070810679471,9.56059966786258,2.0918424358428434,-0.0019061160519032025,-0.00022623796178031263,-0.0011527162445681917,-24.277500877380373,11.669437990188598,19.73118829727173,995.5344458007812,0.0446302134989691,33.38995707931474
2025-03-01T18:11:06Z,40.02861378517318,-75.23660289540479,-19.77646268191442,15.459225954139105,4.985007828502088,-0.976138990599216,1.4514251071793638,0.12675972953466297,5.488296012225141,0.0009999999923823851,0.0010000000048153098,0.0009999999935430411,0.000999999990606222,0.0009999999915907241,0.0009999999831318104,0.000024998896187748015,0.0000250003663412442,0.9820438550507536,12.952056205949079,8.740364037888476,0.03050214257428721,0.0002927495716034829,0.0003863800877508309,0.01121191053271015,0.006064999999999681,0.0060649999999996896,0.006064999999999768,0.001050649999999336,0.0010506499999993033,0.0010506499999993614,-0.5806122521577256,9.63407298953719,1.2363638905525005,0.0008501192852235933,0.0025500255633300216,-0.0006444968404926598,-24.44475091934204,11.238375425338745,19.062938270568846,995.543779296875,-0.05051132536355115,32.97331038623137
2025-03-01T18:11:07Z,40.027384491466556,-75.2364304596268,-20.10946190223523,16.15387721840689,5.5451766805094564,-1.0159230436223783,1.4496983253814772,0.12396827794516205,5.486971361167809,0.0009999999921429521,0.0010000000047155429,0.0009999999933780637,0.0009999999906318599,0.000999999991606788,0.0009999999829990718,0.00002599862541543769,0.00002600037353434122,1.008097122899565,14.24076765443403,9.288133872504972,0.028876303623312387,0.00029678328165744206,0.00039052972924946325,0.011219644852704541,0.006065999999999679,0.006065999999999688,0.006065999999999767,0.0010506599999993355,0.0010506599999993028,0.001050659999999361,-0.4644897475753172,9.668236803049995,0.801233671155075,0.001647080648538186,0.0007206023875703576,-0.0005723945870727823,-24.016313400268555,12.191250476837158,19.471688327789305,995.5253149414062,-0.06850456764464562,33.23481863905402
2025-03-01T18:11:08Z,40.02597203444245,-75.236222346598,-20.373689711395805,16.75149690099443,6.266341784940238,-1.023863084873695,1.443306926182598,0.12069064840704989,5.485250122179134,0.0009999999923715102,0.0010000000044030279,0.000999999993298666,0.0009999999906721028,0.0009999999916748225,0.0009999999830683638,0.00002699834320463251,0.00002700038109569566,1.0261863897259271,15.614176299531952,9.78435743537638,0.02771436948424303,0.00030073422817550706,0.00039387561808420905,0.011226965853962406,0.00606699999999968,0.006066999999999689,0.006066999999999767,0.001050669999999336,0.0010506699999993032,0.0010506699999993613,-0.47242593909511055,9.674936730698002,0.9093094970252771,-0.002598429609626958,0.0007816888834462771,-0.0007251108710533618,-22.824750709533692,11.124750452041626,18.23568832397461,995.5190795898437,-0.052032120327443226,31.26126153444856
2025-03-01T18:11:09Z,40.024485183886426,-75.23598589632694,-20.610395611592477,17.295557707307857,7.16610931484352,-1.033484283529638,1.436492123085924,0.11566552114548449,5.483069409755803,0.000999999992554963,0.0010000000041768032,0.0009999999935013746,0.0009999999906565723,0.0009999999917311806,0.0009999999830052684,0.00002799805265188877,0.000028000389014488343,1.0367660802697807,17.041676028968645,10.239589353787457,0.026668580036273985,0.000305094775966334,0.0003962888696645649,0.011234011333151567,0.006067999999999679,0.006067999999999687,0.006067999999999766,0.0010506799999993352,0.0010506799999993027,0.0010506799999993608,-0.4880374751674278,9.666395748071489,0.9218842385546674,-0.003035381519793527,0.00045706269943941356,0.0005772327422353903,-23.47556339263916,10.488750371932984,18.070688323974608,995.5348876953125,-0.05867534819111738,31.427098930494598
2025-03-01T18:11:10Z,40.0228832746083,-75.2357157464148,-20.779030093064847,17.73073274355965,8.203497082158027,-0.9917310512572545,1.43195306381266,0.11090798362928135,5.480499458761294,0.0009999999926241484,0.0010000000040653314,0.0009999999936741047,0.0009999999906978735,0.0009999999915957832,0.0009999999834488457,0.000028997754789913832,0.000029000397305763416,1.0411530834050695,18.538956089972967,10.666933827491668,0.025955346705529254,0.0003103921606658701,0.00039770534845099493,0.01124047805070839,0.006068999999999677,0.006068999999999687,0.006068999999999765,0.0010506899999993356,0.001050689999999303,0.001050689999999361,-0.475137808685507,9.705963570908501,0.984723283893408,-0.0008676459194576975,0.0005678862677532311,-0.000246600079138645,-24.372938556671144,10.407000389099121,17.79862579345703,995.5324389648438,-0.013957075991087246,31.92387242279984
2025-03-01T18:11:11Z,40.02118000122273,-75.23541185605043,-20.907396995402152,18.39532439741699,9.551764983203922,-1.0309931445546627,1.4296116673741865,0.1045138708192102,5.471727657878612,0.000999999992579544,0.0010000000039824153,0.0009999999939865293,0.0009999999904278744,0.000999999991249891,0.000999999983499677,0.0000299974486505301,0.00003000040603806856,1.040709641855049,20.017115483107233,11.129340722571742,0.025807630411401408,0.0003175991660754663,0.0003971593028263589,0.011246265187766344,0.00606999999999968,0.0060699999999996885,0.0060699999999997666,0.0010506999999993355,0.0010506999999993038,0.001050699999999361,-0.32681614416698596,9.689539375676326,0.5964995824953317,0.001591168295855782,-0.0053010889300548,-3.589430162500044e-6,-26.1498761177063,8.970562820434571,18.071250743865967,995.5292895507813,-0.06808497667601036,33.02807546697854
2025-03-01T18:11:12Z,40.01939610462354,-75.23507663922152,-21.06136303678266,18.874611084188718,10.949799504701936,-1.0870291964359318,1.4241408742588655,0.09780410402985981,5.452496884410782,0.0009999999926345539,0.0010000000038995077,0.0009999999939562757,0.0009999999906698206,0.000999999991225672,0.0009999999837733344,0.00003099713166638175,0.00003100041531035364,1.0378514393190723,21.521401406190087,11.603346534191296,0.02647141876699079,0.00032777167204221943,0.00039358265759276617,0.011250942216824046,0.006070999999999678,0.006070999999999688,0.006070999999999766,0.0010507099999993346,0.0010507099999993044,0.0010507099999993615,-0.28243582257165795,9.668476095831386,0.6336164428689116,-0.001234165013664109,-0.015202606104644596,-0.001722856710482142,-24.022125949859618,12.259125509262084,19.61925079345703,995.53560546875,-0.08829944735448657,33.35056685795598
2025-03-01T18:11:13Z,40.017441633772286,-75.23470198622938,-21.18334645168384,18.927918151274376,12.433872405817517,-1.0837462348421736,1.4218320165321507,0.09049992151487,5.437903245266929,0.0009999999925905142,0.0010000000035767678,0.0009999999940120095,0.000999999990541436,0.0009999999912430196,0.0009999999838755042,0.00003199680073531574,0.000032000425210197414,1.0354339960685972,23.03362283279285,12.075519062670294,0.027124811761950134,0.0003384633225650095,0.00038910532987003455,0.011255259213594403,0.006071999999999677,0.006071999999999686,0.006071999999999764,0.001050719999999334,0.0010507199999993042,0.0010507199999993623,-0.35665320568509223,9.686940645213996,0.8053413505192437,0.0005475241133802294,-0.010061160733065214,-0.0012850702680236793,-24.0631884765625,11.47856294631958,18.298500843048096,995.5205981445313,-0.054901603446420595,32.336145375785165
2025-03-01T18:11:14Z,40.01539671779773,-75.2342990556001,-21.305203395207645,19.07373914649459,14.132270356842715,-1.119777852815906,1.4201335498838723,0.08383701350969965,5.421940481201154,0.0009999999924053325,0.0010000000033968143,0.000999999993924939,0.0009999999903581383,0.0009999999910417605,0.000999999983945676,0.00003299645227392856,0.000033000435904373275,1.0351998612254938,24.43221998951429,12.669834128440582,0.02917545719435079,0.0003501906157152517,0.00038287515469891093,0.011258716951343643,0.006072999999999677,0.006072999999999685,0.0060729999999997635,0.0010507299999993349,0.001050729999999305,0.001050729999999363,-0.23208390504211385,9.711271049370863,0.41256605319447026,0.00011908433529707351,-0.010878985289712232,-0.002627303792650355,-24.868688583374023,9.737250366210937,18.171375789642333,995.526513671875,-0.059198902513025904,32.30265214808855
2025-03-01T18:11:15Z,40.013159613096555,-75.23385843958218,-21.423939944170307,19.42631680900415,16.124771373633084,-1.2001768110625035,1.4247631857494498,0.07411272013381254,5.403346105205641,0.000999999992590066,0.0010000000032469706,0.0009999999940941181,0.0009999999903031154,0.0009999999910888441,0.000999999983785889,0.000033996082565391974,0.00003400044771454945,1.041021496765525,25.62703087016325,13.505277522111435,0.03464807722852303,0.0003622296995427598,0.0003746205496635542,0.011261804643510918,0.006073999999999679,0.006073999999999687,0.006073999999999766,0.0010507399999993344,0.0010507399999993053,0.0010507399999993635,-0.00299401876517753,9.761437200542867,-0.22987348330670684,0.005149372009229406,-0.013196933446360736,-0.0007760161131264658,-25.545001049041748,9.759375371932983,19.904063262939452,995.513076171875,-0.01809014067434662,33.82248937610881
2025-03-01T18:11:16Z,40.01079572949091,-75.23339219814362,-21.567588348460596,19.331852872838777,18.09382185607267,-1.252920689366883,1.425458112249952,0.0680133663869492,5.382136307437293,0.0009999999925470445,0.001000000003139092,0.0009999999941198148,0.000999999990290807,0.0009999999907607223,0.0009999999836639312,0.000034995689961399164,0.0000350004610399195,1.0582159337616441,26.589654213683918,14.490472670127597,0.04142364367748923,0.00037371202852086444,0.00036438036766037787,0.011263184589526899,0.006074999999999676,0.006074999999999684,0.006074999999999764,0.0010507499999993343,0.001050749999999305,0.0010507499999993634,-0.01665141456804227,9.76897334839543,-0.2735071961756853,-0.0005017947771158315,-0.014664344070560706,-0.005301088903160422,-26.761126194000244,10.52512541770935,19.761188278198244,995.5182788085938,-0.009648541792720209,34.891792171327346
2025-03-01T18:11:17Z,40.008209051145336,-75.23289854799985,-21.621204166234687,18.628627963516713,20.052169883782543,-1.2234579229838385,1.427890269571651,0.05921653711886811,5.370677146785097,0.0009999999924765915,0.0010000000030183467,0.0009999999940185017,0.0009999999900798496,0.0009999999909652846,0.0009999999838156111,0.00003599527704873498,0.00003600047631962717,1.0893037543477364,27.21008813934501,15.648156107509802,0.04868947306509193,0.0003807677157131939,0.00035450999787501805,0.011264425313512611,0.006075999999999678,0.006075999999999687,0.006075999999999765,0.0010507599999993343,0.0010507599999993052,0.0010507599999993633,-0.054678990629188816,9.816591842012446,-0.28997321534065484,-0.0016923135030392335,-0.004583740074804739,-0.0020588322549407465,-24.598126010894774,9.348000345230103,19.55362575531006,995.4936791992187,0.038335439241916645,32.784048963479364
2025-03-01T18:11:18Z,40.00545353316315,-75.23239310279662,-21.542103288705402,17.35915530827908,21.94816274140193,-1.2026185284531001,1.4313902291656417,0.049895372709378376,5.360171659348136,0.0009999999924635995,0.001000000002981651,0.000999999994257401,0.0009999999902665208,0.0009999999909834111,0.0009999999840406642,0.00003699485137612609,0.00003700049406385092,1.1340101642080085,27.36283232016386,17.009604656484115,0.056174392067366546,0.00038349292769440045,0.0003442389258543285,0.011265153531526127,0.0060769999999996755,0.006076999999999684,0.006076999999999763,0.0010507699999993338,0.0010507699999993045,0.0010507699999993628,-0.05603492162680817,9.781172797153145,-0.39879695585443686,-0.0030453957095112017,-0.003077941445961893,-0.001986396465831465,-23.759250926971436,10.608187913894653,20.535000801086426,995.46142578125,0.006551973090633462,33.14692367561557
2025-03-01T18:11:19Z,40.002683770889035,-75.23190141706431,-21.315031827139762,14.629267497692464,23.220966233252575,-1.0621233193752295,1.4365304963520096,0.03886055513306096,5.346481453212828,0.0009999999925918825,0.0010000000030542745,0.0009999999944230906,0.0009999999899559754,0.0009999999910429711,0.0009999999839220522,0.00003799442362752687,0.00003800051458545984,1.1817036577423934,27.166716864063822,18.127198535067897,0.05416248422869756,0.00038169032169951703,0.00033440435962256925,0.011266193204978849,0.006077999999999671,0.006077999999999681,0.006077999999999766,0.0010507799999993342,0.001050779999999305,0.0010507799999993634,-0.33184761120867096,9.7166117261221,0.63565034324505,-0.0031278455166774844,-0.006467239618112957,-0.0005723946481295506,-24.38700090408325,10.24781283378601,19.787438316345217,995.4357006835937,-0.040010976917551996,33.034570428982704
2025-03-01T18:11:20Z,40.00009160174358,-75.2314458847435,-20.995664327654286,11.457252468537034,24.254121584587676,-0.9572998364109714,1.4440636238590159,0.031099117513077538,5.3434621378057905,0.0009999999926479323,0.0010000000029656124,0.0009999999946165097,0.000999999990057938,0.0009999999909309,0.0009999999838274834,0.00003899399956933258,0.00003900053793977995,1.2152968034075609,26.620906557829446,19.19218534278403,0.04857273584808397,0.0003754859884414081,0.00032748538925868944,0.011267830813892692,0.006078999999999669,0.0060789999999996775,0.006078999999999765,0.0010507899999993347,0.001050789999999306,0.0010507899999993636,-0.550830762677558,9.648495999015296,0.8669565337852775,-0.001763581159259486,0.003678205956086777,-0.0013359755393728607,-22.947000846862792,11.07543794631958,20.398688144683838,995.4319677734375,-0.08014036936973695,32.63944452836777
2025-03-01T18:11:21Z,39.99761021702487,-75.23102401203872,-20.602043059145956,8.887621996450187,25.1482106427155,-0.8687654654747606,1.456691176444273,0.019326275723590434,5.335754288640375,0.0009999999929867105,0.0010000000027504427,0.0009999999948099728,0.0009999999898891146,0.0009999999908049094,0.0009999999841299961,0.00003999357976699499,0.00004000056427555771,1.234705537320943,25.84874718167154,20.60770033986432,0.047131506792518936,0.00036707381970840937,0.0003230493226685132,0.011271195339491039,0.0060799999999996655,0.006079999999999674,0.006079999999999762,0.0010507999999993351,0.001050799999999306,0.0010507999999993642,-0.23051484075775602,9.725353301373627,0.23467341838081796,0.0031934364194472174,-0.002289325192057154,0.0030707628382449443,-23.28412572860718,9.713062891960144,19.49306324005127,995.4055029296875,-0.0523393099587882,31.88213262379647
2025-03-01T18:11:22Z,39.99535170538947,-75.23064104907161,-20.206256186973583,6.372533345640271,25.6683728287305,-0.7723840399136656,1.4671218660883587,0.012834024639516474,5.32228573263617,0.000999999992799871,0.0010000000030576817,0.0009999999950608878,0.0009999999899612934,0.000999999990926234,0.0009999999837374042,0.000040993163832642154,0.00004100059370855997,1.2446741512259194,24.999841147228977,22.026229335376136,0.04413430387673875,0.0003570549806776013,0.00032173876462431825,0.011275351253190282,0.006080999999999663,0.006080999999999673,0.006080999999999759,0.0010508099999993357,0.0010508099999993067,0.0010508099999993648,-0.17136897067132986,9.728854949312638,0.36107394652044345,0.0014638210648090903,-0.008533999048873633,-0.0013461568462481144,-23.3433758354187,9.172875366210938,20.690063285827637,995.3998217773437,-0.046249408625265304,32.51353959700884
2025-03-01T18:11:23Z,39.9931712303252,-75.23029048107692,-19.742122030404104,3.8009720590748572,25.8802266964437,-0.6591928086059471,1.47533494096482,0.007073445675367736,5.301922616276489,0.0009999999926719183,0.0010000000028970854,0.0009999999952548407,0.0009999999900748644,0.000999999990812799,0.000999999983524383,0.00004199274797061306,0.00004200062617623583,1.2435153488590722,24.162336963944323,23.41839225375105,0.040012805584988334,0.00034583543300889145,0.0003239206714992022,0.011280793896861435,0.00608199999999966,0.00608199999999967,0.006081999999999756,0.001050819999999336,0.0010508199999993066,0.0010508199999993651,-0.15382684088285226,9.737709699909091,0.5064745372567312,-0.0006019364761464614,-0.0161489458459946,-0.0015758150015572712,-22.962938346862792,10.764750375747681,21.375375747680664,995.3597265625,-0.031246571697217656,33.16744956616789
2025-03-01T18:11:24Z,39.99115237788516,-75.22997070059031,-19.291729031377248,1.6229683267862862,25.94791950801897,-0.6041799038482574,1.482779465988575,0.004286124405134351,5.2827246739904385,0.000999999992417549,0.001000000002891974,0.0009999999952664087,0.0009999999899889145,0.0009999999910178885,0.000999999983503433,0.00004299232589826102,0.000043000661653792196,1.2330755930459771,23.377721885586535,24.889194215033292,0.03677607646711006,0.00033434800518907567,0.0003290906043571658,0.011287265192471845,0.006082999999999659,0.006082999999999667,0.006082999999999754,0.0010508299999993356,0.0010508299999993059,0.0010508299999993638,-0.08630412873606962,9.711427202857617,0.3549722476996746,-0.0007352921071862434,-0.01568111682191365,-0.0030463968767988825,-23.009063262939453,11.490375442504883,21.178313236236573,995.3403491210937,-0.0650425666122663,33.31611157928258
2025-03-01T18:11:25Z,39.98944987029878,-75.22967511470391,-18.95519670841251,0.005375757884695798,25.893839895881023,-0.5190514900892977,1.4861673964100983,0.004089416747726995,5.261507152098038,0.0009999999926882204,0.0010000000027290963,0.0009999999951682494,0.0009999999898891486,0.0009999999911430154,0.0009999999832015838,0.00004399189133143054,0.000044000700191419363,1.2172274597603194,22.70267330639871,26.42801032751817,0.03407595899221806,0.000322989772949426,0.00033680115124375555,0.011294633352539538,0.0060839999999996565,0.0060839999999996635,0.006083999999999751,0.0010508399999993358,0.0010508399999993065,0.0010508399999993646,-0.020262223093328136,9.775794147488563,0.2866970424208939,-0.0033721912853270884,-0.018562362569870594,-0.0043902994032012695,-22.938563327789307,10.336687898635864,21.376688346862792,995.3665478515625,-0.0033132292185174715,33.01490964317924
2025-03-01T18:11:26Z,39.98758972704526,-75.22940155498513,-18.506393372002325,-2.0175121867360213,25.648778055594835,-0.4561848875944448,1.4894677239464187,0.003924237776062437,5.242735781994288,0.0009999999926882802,0.0010000000028424667,0.0009999999949113878,0.0009999999901020384,0.000999999991247978,0.000999999983222929,0.00004499143459257699,0.00004500074178622405,1.195612100047774,22.156616353431502,27.80779177587275,0.03016846899469307,0.00031269881552236083,0.0003460691207083644,0.011302802850168188,0.006084999999999654,0.006084999999999663,0.006084999999999751,0.0010508499999993368,0.0010508499999993058,0.0010508499999993639,-0.1786180473831267,9.723352789704142,0.6225068203074716,-0.0036762886806888328,-0.016459385260357628,-0.0036487497741613502,-22.8005633354187,10.42106288909912,21.79012575149536,995.2908544921875,-0.03840628869016976,33.21551519908676
2025-03-01T18:11:27Z,39.98591513259659,-75.22914137372263,-18.131533971626876,-3.5581777298212875,25.473968805871475,-0.3886517898732564,1.4957810741182354,0.0029605573980016524,5.232100945087353,0.000999999992900577,0.001000000003220275,0.0009999999950142204,0.000999999990398429,0.0009999999914229202,0.0009999999830721605,0.00004599094167722957,0.000046000786471829766,1.1690264944931352,21.74713322453953,29.265840635567905,0.027472597792710322,0.0003044938221018177,0.00035576006918429896,0.011311630070858439,0.006085999999999655,0.006085999999999664,0.006085999999999752,0.0010508599999993363,0.0010508599999993064,0.0010508599999993645,-0.20474884773866808,9.76450803184225,0.44597926824179523,0.0004660752649581442,-0.009104139328719346,-0.0013359754455414812,-22.32918825149536,10.439437918663025,21.700500717163084,995.2937036132812,-0.006451683294052405,32.84026356572841
2025-03-01T18:11:28Z,39.98435700172031,-75.2288899745931,-17.838551167641317,-4.982808416495408,25.276706072131123,-0.4040366823563989,1.4988163531149048,0.00405616356135769,5.225394816866024,0.0009999999930838863,0.0010000000030026236,0.0009999999952435305,0.0009999999903680637,0.0009999999911159214,0.0009999999835023192,0.000046990396084791934,0.000047000834340397495,1.1398395763575415,21.483197310130645,30.65126343213793,0.024780218021445973,0.0002982392064050725,0.00036577000653623587,0.011320840193673064,0.006086999999999653,0.006086999999999661,0.006086999999999749,0.0010508699999993356,0.0010508699999993054,0.0010508699999993635,-0.2855497607472582,9.688754908198904,0.5600580689812196,-0.001903779610199311,-0.005533918581142897,-0.002497119447831009,-22.62600070953369,10.635562925338744,22.58981346130371,995.2948950195313,-0.07413321507057229,33.69491593787062
2025-03-01T18:11:29Z,39.982871283163206,-75.2286451940655,-17.639933753083575,-5.582907850326048,25.164195109537268,-0.4100301314370479,1.5090465843820253,0.001479943260241246,5.213218563323178,0.000999999993309569,0.0010000000029289637,0.0009999999952589194,0.000999999990125827,0.0009999999908533175,0.0009999999837211708,0.00004798978579922971,0.000048000885602372565,1.112570832432672,21.354356628167785,32.352597369784995,0.02429622132333008,0.00029275095236830145,0.00037678266461186943,0.011330467736798952,0.006087999999999652,0.0060879999999996605,0.006087999999999749,0.001050879999999336,0.001050879999999306,0.0010508799999993641,-0.06760022584340275,9.752344535824633,-0.0705114976446077,0.00599440168651298,-0.011608684955361102,0.001260199624778921,-22.225875720977783,10.929562892913818,21.475875663757325,995.298857421875,-0.030415541393216762,32.78192803683224
2025-03-01T18:11:30Z,39.9811393939881,-75.2284179295783,-17.407511770454057,-6.209140349720009,24.809846321021542,-0.426050886945977,1.5138917461817758,6.2819732705428954,5.196630207902118,0.0009999999935626507,0.0010000000030846727,0.0009999999949315966,0.0009999999901111772,0.0009999999909391997,0.0009999999834511956,0.00004898910909169575,0.000049000940534487205,1.090597474264468,21.353752707462718,34.083307869336195,0.023710733853097868,0.00028780907420455795,0.0003884432061859576,0.011340298433670647,0.006088999999999649,0.006088999999999659,0.006088999999999745,0.0010508899999993357,0.0010508899999993066,0.0010508899999993647,0.07401498841728749,9.733600726760478,-0.08853742837493864,0.0003293820927109058,-0.01615895997587695,0.0014985370811713779,-21.237563304901123,12.454875545501709,22.762313289642336,995.2444360351562,-0.04892333454624802,33.53024789805102
2025-03-01T18:11:31Z,39.97939480056296,-75.22820055005141,-17.262025583958422,-7.101156887259248,24.317081810494113,-0.5043328627698509,1.5193323912015537,0.0007328684748523649,5.1817922379675,0.00099999999360301,0.0010000000028271667,0.0009999999949196932,0.0009999999899268613,0.0009999999910456706,0.0009999999835681149,0.000049988361212028566,0.00005000099922360301,1.0703461968109718,21.462673054607624,35.63187930799968,0.022094632297526434,0.0002840195834766373,0.00039991447241056484,0.011350117505948684,0.006089999999999649,0.006089999999999657,0.006089999999999745,0.0010508999999993365,0.0010508999999993074,0.0010508999999993655,-0.006491724384038123,9.655059280767638,0.2603276132112517,0.0012703807540949091,-0.01436775766822411,-0.0026696969575342004,-21.351000804901123,12.306375522613525,23.13693838119507,995.2388989257812,-0.12458077486014493,33.80276026846451
2025-03-01T18:11:32Z,39.97772753161865,-75.22798698913418,-17.22896806505279,-7.948382521993108,23.89547157401412,-0.5131361469691859,1.5245827942457952,0.003135786905768475,5.172240085657753,0.0009999999932616304,0.0010000000028967183,0.0009999999950073154,0.0009999999897291592,0.0009999999910665668,0.0009999999837587202,0.00005098752831232456,0.00005100106175335267,1.0491902676529723,21.6808059140291,37.15805673250422,0.020568365561578192,0.0002818201332980058,0.0004107468000454404,0.011359993701837144,0.006090999999999651,0.006090999999999655,0.006090999999999747,0.0010509099999993373,0.0010509099999993065,0.0010509099999993663,-0.12718151756605564,9.730928809481018,0.30436405147794166,0.0016572621217766923,-0.009277217984403193,-0.002598429581462936,-23.901000957489014,10.241250386759639,24.456375942230224,995.260771484375,-0.04658466755435062,35.696663130113
2025-03-01T18:11:33Z,39.97566746193228,-75.2277938942356,-17.139575251164523,-8.754309760430898,23.473976654282957,-0.5329928573038231,1.5261072374048459,6.2826280893221975,5.1709488444304785,0.0009999999935582935,0.0010000000028119061,0.0009999999951204083,0.0009999999894752306,0.0009999999908677705,0.0009999999836730524,0.000051986594039277885,0.000052001128314152556,1.0284517301173908,21.9911045793076,38.77070713379679,0.01977025123512184,0.0002813985433464761,0.0004206451834906223,0.011370113316579082,0.006091999999999649,0.006091999999999656,0.006091999999999746,0.0010509199999993361,0.0010509199999993069,0.0010509199999993652,-0.18277606681161254,9.721979811368453,0.1113842118724297,-0.002464573175492214,-0.0014381200793317686,0.004142279859598286,-22.893000831604002,12.577500581741333,21.056625766754152,995.2098461914062,-0.05871918567376368,33.55087320134378
2025-03-01T18:11:34Z,39.972803784523094,-75.2276376886815,-16.885282747985165,-10.084172334011562,22.767015209231182,-0.508401643480791,1.5316017901242263,6.2823984065650995,5.174339692173611,0.0009999999931860652,0.0010000000026296097,0.000999999994806552,0.0009999999898889637,0.000999999991173099,0.0009999999838043033,0.00005298553638914164,0.00005300119903096998,1.0081841302515224,22.41094075292259,40.25518295992242,0.018589608099320608,0.0002823114742866266,0.0004299708861338755,0.011380138978295332,0.006092999999999648,0.006092999999999657,0.006092999999999744,0.001050929999999337,0.0010509299999993072,0.0010509299999993662,-0.2754168740632788,9.738944680529007,0.381851624788629,0.0005678860332980326,0.003235328949690472,0.0012703808250465382,-21.155063304901123,11.925562934875488,21.546563339233398,995.0925,-0.0326564067627889,32.465471698967015
2025-03-01T18:11:35Z,39.969897029698956,-75.22748796520818,-16.69187280404946,-11.180731544042038,22.074275560486353,-0.5395130223865381,1.5355285214210252,6.282818423031951,5.176832805605569,0.0009999999930178803,0.0010000000022899272,0.000999999994951244,0.000999999989902646,0.0009999999910726097,0.0009999999839656042,0.00005398432681680969,0.000054001274013376124,0.9880286611192745,22.932880683506497,41.79375892745879,0.01777766574461878,0.0002840179086436623,0.0004392089867023414,0.011390129289311424,0.006093999999999651,0.0060939999999996605,0.006093999999999745,0.0010509399999993367,0.0010509399999993076,0.0010509399999993657,-0.24389111132036861,9.695658853622058,0.2664469623507071,-0.0005017947385327278,0.0021970259308871716,0.0007374596538211411,-21.45262575149536,11.725687971115113,22.486313285827638,995.0894555664063,-0.08051111322301163,33.21652939845138
2025-03-01T18:11:36Z,39.96686074647799,-75.22734645968951,-16.56113012607691,-12.455846096213868,20.9484197538947,-0.5578389049248,1.5343772639650974,0.0024015150550245274,5.16428733908387,0.0009999999934309754,0.0010000000018955501,0.0009999999950376422,0.0009999999898172322,0.00099999999075344,0.0009999999837510725,0.00005498293212070722,0.000055001353456190874,0.9665736337215487,23.591030239759732,43.217177472709714,0.016000738107696665,0.00028548269066744873,0.0004494920795122539,0.011399991354199704,0.006094999999999652,0.006094999999999661,0.0060949999999997465,0.001050949999999337,0.0010509499999993078,0.001050949999999366,-0.0007208367187247348,9.698386326469675,0.7249823853045277,-0.00515388018454708,-0.012901682095095457,-0.001977383437054106,-21.760875701904297,12.730875511169433,22.400250720977784,995.0845483398438,-0.05732178484016327,33.72504578995477
2025-03-01T18:11:37Z,39.963671336166826,-75.22721025506719,-16.495125480561377,-13.618330648832625,20.218664330100317,-0.5928478469190368,1.5414977057381078,0.008947297468923034,5.166012454770921,0.00099999999311884,0.001000000001970281,0.0009999999947265515,0.0009999999901007504,0.000999999990875247,0.0009999999839418743,0.00005598130546212727,0.00005600143754073798,0.9437802239437812,24.336543245780742,44.678298910882866,0.015324431619111387,0.00028927779796129876,0.0004583547673131884,0.011409630268499718,0.006095999999999654,0.0060959999999996625,0.006095999999999743,0.0010509599999993363,0.001050959999999307,0.0010509599999993654,-0.3944199197540183,9.693281673429501,0.5407350476657304,0.0035407613637472145,0.001331467258803386,-0.005102974991111097,-21.699563255310057,12.140813026428223,23.453625831604004,995.0869677734376,-0.06632523023402258,34.18098131274275
2025-03-01T18:11:38Z,39.95999308028763,-75.2270865275148,-16.450451880020818,-14.812324094828833,19.26459501103666,-0.6396387246263274,1.5394766744299462,0.007078129742520341,5.168623427456412,0.0009999999929779864,0.0010000000018190805,0.0009999999946149673,0.0009999999902550718,0.0009999999909677691,0.0009999999836569535,0.00005697938942205423,0.000057001526449532946,0.9215212770233037,25.20500967040884,46.13822920258622,0.014651798825114077,0.0002942061552640312,0.000466898047514892,0.01141955637114394,0.006096999999999655,0.006096999999999664,0.006096999999999742,0.001050969999999336,0.001050969999999306,0.001050969999999365,-0.3193238652473605,9.678085293752233,0.6705201781962709,-0.005458811945071855,0.001756402199502466,0.003601514270674629,-23.051250801086425,12.771188011169434,24.684375896453858,995.0613134765625,-0.07604008028384766,36.10786835595259
2025-03-01T18:11:39Z,39.95425918022596,-75.22701487824332,-16.130633894299738,-15.80142595597436,17.754867383220606,-0.5625392538660637,1.5481722105911617,0.009197467913664662,5.163210552389981,0.0009999999928081722,0.00100000000201869,0.0009999999944044176,0.0009999999905343283,0.0009999999912154722,0.0009999999837098173,0.00005797713500992024,0.00005800162055223553,0.9006071777232,26.20342162383052,47.854213361229114,0.014060970053656134,0.0002996386528125677,0.0004757387635960701,0.011429254943855858,0.006097999999999657,0.006097999999999666,0.006097999999999744,0.0010509799999993369,0.0010509799999993052,0.001050979999999366,-0.05432006454386453,9.791746337253024,0.36171203245419586,0.004385790794432966,-0.006660680400799063,0.0003642643955209066,-23.050688343048094,14.175188064575195,22.928625926971435,994.8670385742188,0.016169045540939446,35.46813328705459
2025-03-01T18:11:40Z,39.94809048935404,-75.2269475110314,-15.793196798495934,-16.663428741148234,16.32888474758979,-0.5504034276469221,1.5477355597812055,0.014633437606653912,5.162507683349703,0.0009999999925714913,0.00100000000213443,0.0009999999945643977,0.0009999999903172784,0.0009999999914109363,0.000999999983978447,0.000058974505937374435,0.00005900172024786242,0.8819974463043447,27.294194669007414,49.60533840483659,0.013706641116553318,0.0003063203626773959,0.0004840452900422993,0.011438688439517385,0.0060989999999996585,0.00609899999999967,0.006098999999999741,0.0010509899999993377,0.001050989999999305,0.0010509899999993667,-0.16524178038996976,9.7308842215596,0.316696240598771,-0.004227068659340132,-0.0020489851413772377,-0.0026573459934141138,-21.822938232421876,14.66681300163269,23.26837589263916,994.829599609375,-0.044805475097197345,35.11082158096379
2025-03-01T18:11:41Z,40.02798999028511,-75.23332672415306,-16.13182911954012,-11.265085501579975,-14.52900234722668,-0.5020161499581289,1.5685618696979973,0.08515596441636562,5.022787941684984,0.000999999992841944,0.0010000000022472332,0.0009999999945501433,0.0009999999900197122,0.0009999999916816909,0.0009999999844013162,3.085590454851659e-10,3.0855935924271414e-10,0.5519841830074428,0.011467121558565874,0.011469257058492208,0.010865435424847967,0.000174223529741523,0.00019064783817359233,0.010233026278774131,0.006099999999999655,0.0060999999999996725,0.006099999999999744,0.0010509999999993365,0.0010509999999993038,0.0010509999999993658,-0.4386073832238935,9.747239771522931,0.9229884673672136,-0.000816740444918712,0.0003439027212769137,-0.0007963782826604481,-20.69025074005127,14.02931303024292,22.531688346862794,994.8840502929687,0.0218981060475752,33.65385064344267
2025-03-01T18:11:42Z,40.027870067291055,-75.23350138069189,-16.19851836863042,-11.837521845739994,-15.249791652155347,-0.5516663783453801,1.5719523529383128,0.08493440516366556,5.02777412676957,0.0009999999926845551,0.0010000000021782483,0.0009999999945043095,0.0009999999898440803,0.000999999991642075,0.0009999999842496981,1.000308559358676e-6,1.00030856014554e-6,0.5801630928744385,0.03310522124323273,0.04111409236260717,0.011407874961479195,0.00018416195932574304,0.00020057310614867154,0.01023316786019728,0.006100999999999653,0.0061009999999996735,0.006100999999999746,0.0010510099999993367,0.0010510099999993042,0.0010510099999993658,-0.3218376351982797,9.721197882332145,0.7832077381963393,0.003333635012973271,-0.00037661753237676625,0.0007174313942678446,-21.8036256980896,12.775125551223756,23.75268844604492,994.9598413085937,-0.02068235941647361,34.68124297277348
2025-03-01T18:11:43Z,40.027743296320736,-75.23368472821682,-16.361160679522218,-12.045761527087485,-15.994254259343386,-0.5683751724350466,1.5711795833297422,0.07762195995514026,5.030365864306537,0.000999999992971661,0.001000000002345852,0.0009999999946489055,0.0009999999900560292,0.0009999999914826233,0.0009999999838739128,2.0003085609833547e-6,2.0003085654849846e-6,0.6083389125280636,0.09638430921966405,0.11314268288155414,0.011966475151881694,0.00019387742152161098,0.0002105281256492314,0.010230794869765015,0.006101999999999652,0.006101999999999671,0.006101999999999748,0.0010510199999993373,0.0010510199999993045,0.0010510199999993661,-0.16033845342611514,9.771523035766423,0.435866650477845,-0.0005418515265253373,-0.0014377863206267323,0.007674279889708153,-22.14075071334839,13.051125555038452,23.774063396453858,995.0575952148438,0.003943682731621346,35.010673467260204
2025-03-01T18:11:44Z,40.02760757733377,-75.23387692235988,-16.344223800215016,-12.247287976147593,-16.73047173414204,-0.47907848735667985,1.5689324576262154,0.06805830582199017,5.035202424804595,0.0009999999931587463,0.0010000000025110086,0.000999999994665877,0.000999999990365692,0.0009999999911632289,0.0009999999841073166,3.000308562777356e-6,3.000308583915996e-6,0.6360466540619822,0.2038551042222743,0.23232002239828037,0.012685816339023985,0.00020352739764117244,0.00022049883570231994,0.010229732488943459,0.0061029999999996495,0.0061029999999996695,0.006102999999999746,0.0010510299999993374,0.001051029999999305,0.0010510299999993665,-0.09770991471964248,9.862494078315931,0.4553910388674081,-0.0018653916687761257,0.0004558943461739685,0.009893755198652925,-22.369313182830812,13.098563060760497,23.328750762939453,994.9510107421875,0.09495356988237945,34.87385264677105
2025-03-01T18:11:45Z,40.02745931154811,-75.23407727340937,-16.256322150458562,-12.267555468297427,-17.376610728789977,-0.423337080891618,1.5710386771434721,0.06234207999549782,5.039019301881421,0.0009999999933867152,0.0010000000026803891,0.0009999999946250142,0.000999999990589805,0.0009999999913104796,0.000999999984266679,4.000308553133625e-6,4.000308629124472e-6,0.6631214887357161,0.3527003272111633,0.3876262122065047,0.013364993998081111,0.00021321535201886555,0.0002305025136259503,0.010233499528898423,0.0061039999999996505,0.006103999999999668,0.006103999999999747,0.0010510399999993372,0.0010510399999993044,0.001051039999999366,-0.04434539283130974,9.827499371885697,0.27001658338252416,0.002732784361227829,0.0007249419510974217,0.0057946189070325425,-22.771500759124756,12.58462550163269,24.15675096511841,994.9630053710938,0.05284473177754487,35.50294436960347
2025-03-01T18:11:46Z,40.02728599630934,-75.23428518779545,-15.966733537413742,-12.267282703107536,-18.040737327445775,-0.3886302719578886,1.5719677851642828,0.05361093335413238,5.041291253291997,0.0009999999934020747,0.001000000002560406,0.0009999999944019075,0.000999999990569496,0.0009999999908778601,0.0009999999841691606,5.000308490527366e-6,5.000308719802408e-6,0.6894735544091377,0.5490755060755433,0.5874322509334835,0.014180519859994124,0.00022270087921417612,0.00024051022696266086,0.01023771065709915,0.006104999999999651,0.006104999999999669,0.006104999999999747,0.0010510499999993378,0.0010510499999993048,0.0010510499999993668,0.0659192721861734,9.792902842201096,0.2709044107687082,0.0020950479737657183,0.00005883233599120229,0.008458222977717882,-21.906375808715822,13.082063093185425,24.354376049041747,994.8261059570312,0.01847805723642682,35.272676788810635
2025-03-01T18:11:47Z,40.02709661559016,-75.23450103818473,-15.874930041816771,-12.437695808993562,-18.83668562885928,-0.5401025563024755,1.5680687962486617,0.046940520650315995,5.036020385061555,0.0009999999931599413,0.0010000000029625777,0.0009999999948270876,0.0009999999906265002,0.0009999999908692815,0.0009999999837844826,6.0003082758688445e-6,6.000308881378399e-6,0.71557424086407,0.8017257197047374,0.8445010533765503,0.015448446027764141,0.00023199523087884675,0.00025049785667229877,0.010243957842415146,0.006105999999999647,0.006105999999999668,0.006105999999999744,0.0010510599999993377,0.0010510599999993052,0.0010510599999993668,0.24330327011229794,9.6228934094763,0.4957656715477872,-0.002444545019716765,-0.005583989446028754,0.006075015660251571,-22.721063289642334,13.068563089370727,24.502876033782957,994.9412255859374,-0.13958229864835175,35.88065425419576
2025-03-01T18:11:48Z,40.02688257761541,-75.23472431241184,-15.890216038386034,-13.058535706759807,-19.480246469760104,-0.5424353331417662,1.56148588635862,0.04660097719091446,5.037600319922327,0.000999999992962068,0.0010000000033554156,0.0009999999951098328,0.000999999990568568,0.0009999999911405215,0.0009999999842594135,7.000307720382053e-6,7.000309149467286e-6,0.7426415955014922,1.100104847646659,1.2090310720701098,0.017072990565873247,0.00024124629720979538,0.00026016768775038817,0.010253737782436026,0.006106999999999646,0.00610699999999967,0.006106999999999742,0.0010510699999993379,0.0010510699999993051,0.0010510699999993667,0.010645071820676746,9.755176026659228,0.9429685302838258,-0.005347320904429331,0.0027059131227936918,-0.0005622135968346846,-23.063250885009765,13.315125541687012,23.721000804901124,994.9814233398438,0.022407373336402938,35.66354396799505
2025-03-01T18:11:49Z,40.02661693438474,-75.23495131663957,-15.839702622495505,-13.397343606194532,-19.862606005647116,-0.6150312323255335,1.5548010996431854,0.047010695154705524,5.047036346224928,0.0009999999928798772,0.0010000000036250296,0.0009999999947127272,0.0009999999906494842,0.0009999999909668154,0.0009999999843708942,8.00030651670731e-6,8.000309566963282e-6,0.7709126868915137,1.4278401765795459,1.602222583506364,0.018175161915163367,0.000250189118988132,0.0002694201399807208,0.01026236633266445,0.006107999999999642,0.006107999999999667,0.0061079999999997395,0.001051079999999338,0.0010510799999993053,0.001051079999999367,-0.0927647470339292,9.664527852372947,0.7011738008800126,-0.005306596326717555,0.012418663007063908,-0.0017126755195347085,-22.968000774383544,12.85931305885315,24.165750999450683,994.920380859375,-0.08783077816107199,35.733330180700634
2025-03-01T18:11:50Z,40.02631459487111,-75.23517965679781,-15.868201771070497,-13.176057036587713,-20.124415230536517,-0.6689648402316466,1.5582161252925777,0.04717745233588759,5.052995180786443,0.0009999999931221415,0.0010000000037326986,0.0009999999948828373,0.0009999999903937803,0.0009999999911952434,0.0009999999842195532,9.000304213726711e-6,9.000310169172612e-6,0.7985132953113503,1.7963496811545336,1.9648507421871424,0.018449792677136437,0.0002586002032155289,0.000278321618911369,0.010267099286925357,0.00610899999999964,0.006108999999999663,0.006108999999999742,0.0010510899999993373,0.0010510899999993046,0.0010510899999993661,0.013827655879725016,9.695580308379004,0.1754020179069541,0.005116158880300125,0.010238409963415936,-0.0017560704148873807,-22.92543846130371,12.637875490188598,22.714500846862794,994.951416015625,-0.0809996373669762,34.65886114506114
2025-03-01T18:11:51Z,40.02596006442281,-75.23540757816838,-15.880981788620279,-13.045229355771358,-20.41625707837812,-0.65341292688877,1.5552381452368567,0.037935269598571526,5.051103571824723,0.0009999999928675604,0.0010000000035445824,0.0009999999950525583,0.000999999990109975,0.0009999999912722545,0.0009999999844790763,0.000010000300204047931,0.000010000310993122314,0.8241461072786928,2.2278987989042127,2.3823482423274847,0.019003125840865113,0.0002663024673240237,0.0002868027715569559,0.010261709427438395,0.006109999999999637,0.0061099999999996634,0.006109999999999742,0.001051099999999338,0.0010510999999993036,0.0010510999999993652,0.11230015452024686,9.760998542146128,0.3078336401437358,-0.0006436622091743503,0.0037240210494064166,0.007155045156082257,-22.622625789642335,10.35281289100647,23.051438369750976,994.9454516601562,-0.011647889587190487,33.91650483558052
2025-03-01T18:11:52Z,40.02550694097456,-75.23563186106074,-15.762053195899025,-13.293306264645375,-20.680319482139318,-0.6733624562528288,1.545966882965895,0.024200747869273877,5.041923838223694,0.0009999999929418326,0.0010000000033599926,0.0009999999947830137,0.0009999999901513484,0.0009999999915655167,0.0009999999848699292,0.000011000293736701788,0.000011000312090864975,0.8488944505075875,2.723381688085749,2.90075388647704,0.02017265385654118,0.0002735326647023245,0.0002947190734502407,0.010248752649119413,0.006110999999999636,0.006110999999999661,0.006110999999999741,0.0010511099999993387,0.0010511099999993031,0.0010511099999993647,0.1857578472578312,9.695345000967015,0.7857679351104706,-0.006049648507795472,-0.001247850932888506,0.010781678802480236,-24.043500900268555,11.781750469207763,22.743000812530518,994.8632373046875,-0.04921014666239861,35.1303301917831
2025-03-01T18:11:53Z,40.024898399693306,-75.23584640709736,-15.453501481434776,-13.340923625268092,-20.758090756004954,-0.6920798972719516,1.5458469260195271,0.023879635943032718,5.02517231366502,0.0009999999927620495,0.0010000000033901124,0.0009999999946010067,0.0009999999901488714,0.0009999999915571618,0.0009999999849063341,0.000012000283946182471,0.000012000313513781309,0.8734152864280116,3.2759260776536574,3.4255133439520575,0.021190978939829384,0.00028059314285375523,0.0003019306474811956,0.01023739389648129,0.006111999999999634,0.00611199999999966,0.006111999999999739,0.001051119999999339,0.0010511199999993029,0.0010511199999993644,0.323147708534802,9.670789161360878,0.6831079898541188,0.004233075270033353,-0.004960439871594813,-0.003932150984419703,-26.66287624359131,8.497312879562378,21.35662576675415,994.7186694335937,-0.07784092481580818,35.20248835463465
2025-03-01T18:11:54Z,40.02394716705457,-75.23603340762558,-14.69791715789621,-13.596247661492342,-20.624079387458963,-0.7891682697170898,1.5332389291719766,0.03648682763193467,4.993768339044821,0.0009999999927878093,0.0010000000032687967,0.0009999999945513437,0.0009999999898871298,0.0009999999912777573,0.0009999999849571958,0.000013000269928398036,0.000013000315309661252,0.8988741892851291,3.9188193959032804,4.030255723221547,0.02332105731748138,0.0002876169135615601,0.00030821630221044644,0.010226595446474203,0.006112999999999636,0.006112999999999661,0.006112999999999741,0.0010511299999993399,0.0010511299999993037,0.0010511299999993653,0.4136761632131149,9.51900446319241,1.1026894543771293,-0.005609024902109378,-0.011241999702299237,-0.019821645213358084,-27.537938652038573,10.065000410079955,22.14975082397461,994.3588891601562,-0.18654059317278382,36.74574845964265
2025-03-01T18:11:55Z,40.0231053204356,-75.2362212777881,-14.330457579956631,-13.911122574103443,-20.50812416900832,-0.753928717268292,1.5233030479305483,0.04665705960806253,4.964553770530407,0.0009999999926962023,0.0010000000034603356,0.0009999999948734181,0.0009999999899549324,0.0009999999912433171,0.000999999984966643,0.000014000250842315445,0.000014000317528664801,0.9262440179431513,4.612898528181551,4.6682359329158505,0.025103239244215824,0.0002942903297732399,0.0003134308680382451,0.010206058223131425,0.006113999999999633,0.0061139999999996605,0.006113999999999743,0.0010511399999993403,0.001051139999999304,0.0010511399999993658,0.21372641478296286,9.678595251549126,1.1700317098727493,-0.004135772970636742,-0.012433352225391402,-0.016403973234054854,-26.391938762664793,12.287250509262085,22.54687582015991,994.5422631835937,-0.02673593634064667,36.822124165937254
2025-03-01T18:11:56Z,40.02228338551476,-75.2364013117147,-14.112850637880484,-14.106909772587942,-19.820239698944064,-0.8060755172822247,1.5128654329003888,0.03870054619202728,4.956131007814648,0.0009999999927220828,0.0010000000037394103,0.00099999999474257,0.0009999999900873224,0.0009999999909322374,0.0009999999851801823,0.000015000225898159504,0.000015000320208976368,0.9514631084303543,5.248098187995548,5.286952984754583,0.02463242519429014,0.00029949798868580897,0.0003183229556354318,0.01017163673452987,0.006114999999999632,0.006114999999999657,0.006114999999999746,0.0010511499999993395,0.0010511499999993033,0.0010511499999993651,-0.32718160812074715,9.587678407665608,0.9837661556106414,-0.005927642903102123,0.006136937185254949,0.003072431618984436,-25.322813568115233,12.299438037872314,22.420875911712645,994.6129345703125,-0.13464329336274464,35.98906898502197
2025-03-01T18:11:57Z,40.021134537025375,-75.23653668276039,-13.65274408040663,-14.041911161009637,-18.311247987536145,-0.9765831289993705,1.4937573251749183,0.050742462629433244,4.967496100955265,0.0009999999927578843,0.0010000000035971126,0.0009999999950560958,0.000999999990353561,0.0009999999912826214,0.0009999999850903885,0.000016000194192275723,0.00001600032339078168,0.9687293248972146,5.8424336402291654,5.877647035687268,0.02276386293220134,0.00030363215471722007,0.00032415527500892055,0.010144548236452017,0.006115999999999635,0.006115999999999659,0.006115999999999742,0.00105115999999934,0.0010511599999993035,0.0010511599999993664,-0.7184545359099025,9.411265957375212,0.888306261377384,-0.01374053590071794,0.032780321103359183,-0.016807377823816694,-26.6111261177063,11.422875480651856,20.87062578201294,994.3865258789062,-0.2980131563771719,35.696127444304324
2025-03-01T18:11:58Z,40.02012832505827,-75.2366678316428,-13.694815134668175,-13.844995748567962,-17.061439720158337,-1.2133397443498752,1.4722859416087886,0.02521057385781669,4.967023840540329,0.000999999993005682,0.0010000000034792466,0.0009999999951781817,0.0009999999906254353,0.0009999999911216514,0.0009999999846559962,0.000017000154534159015,0.00001700032712295013,0.9761014670221005,6.477553926922799,6.440667316837086,0.020861315027634518,0.0003066794025338107,0.00032996740797395943,0.010099993499764376,0.006116999999999635,0.00611699999999966,0.00611699999999974,0.0010511699999993396,0.0010511699999993032,0.0010511699999993657,-0.5991657812221819,9.386721188859521,0.9210343301199766,-0.016556689637069476,0.013212787197889021,0.021663083031141724,-23.72625099182129,10.291500415802002,19.363688354492187,994.5538696289062,-0.32769160732949976,32.307880061785454
2025-03-01T18:11:59Z,40.01900562517443,-75.23677581453846,-13.853282725575008,-13.760803069835177,-15.743022672402432,-1.2647514198706173,1.451745103257153,0.010106059307380632,4.978241827888981,0.000999999993102834,0.0010000000035491395,0.0009999999954721506,0.000999999990452809,0.0009999999907206098,0.0009999999846630014,0.000018000105417230684,0.000018000331483554304,0.9755038333916126,7.164719695490965,7.094577757107799,0.019561306080394227,0.0003089906524343115,0.00033729570388217,0.010062888437909805,0.006117999999999637,0.006117999999999663,0.006117999999999742,0.0010511799999993387,0.0010511799999993023,0.0010511799999993652,-0.47834850343594487,9.542243533271687,1.3070110022327301,-0.015232648513829218,0.025359816347386495,0.01309495377073407,-25.52062604904175,10.2296253824234,19.17525074005127,994.5590161132812,-0.13543281916452474,33.520656731857706
2025-03-01T18:12:00Z,40.017923620965455,-75.23687565209558,-14.270132751530822,-13.602405978671113,-14.262237010366288,-1.4359727907684119,1.4336818224328554,0.004883512138200411,5.0009525868797935,0.0009999999929279776,0.0010000000032213015,0.0009999999954111518,0.0009999999905678052,0.0009999999907350484,0.0009999999846895717,0.000019000044810551257,0.000019000336578788533,0.9681432607625035,7.828345846652862,7.7682711551361106,0.018034008793007907,0.0003103639946197944,0.00034643308138381803,0.010033481012951605,0.006118999999999639,0.006118999999999665,0.006118999999999744,0.0010511899999993378,0.0010511899999993014,0.001051189999999366,-0.6701129750192732,9.439363279974886,1.323148178601819,-0.013186752006682054,0.034918848664310755,0.006075850219125522,-25.6835636138916,9.95568790435791,18.852938385009764,994.680859375,-0.22362685424330542,33.37950058138751
2025-03-01T18:12:01Z,40.01689400112536,-75.23697029617928,-14.922480696102392,-13.859591272870812,-12.936412401332175,-1.4509789978818701,1.4208604702595482,0.0010524948628825607,5.031454931845306,0.0009999999931941902,0.0010000000029097877,0.0009999999952391685,0.0009999999905124669,0.0009999999906409713,0.0009999999847712425,0.000019999970186561578,0.000020000342558087953,0.9566488751355213,8.541567264060989,8.641749926502937,0.017998597857064872,0.0003108947892184397,0.00035731091662425583,0.0100094644890841,0.006119999999999637,0.0061199999999996665,0.006119999999999741,0.0010511999999993369,0.0010511999999993024,0.001051199999999365,-0.7691758301261873,9.53766844176924,1.8760896059894878,-0.00842200690076896,0.03999920824475725,0.00714486346962499,-25.95487615585327,11.955375480651856,17.46262578010559,994.8263208007812,-0.02812586669380473,33.48919973573659
2025-03-01T18:12:02Z,40.015915048712,-75.23706253209774,-15.646779062597352,-14.699214709007448,-11.79992538069849,-1.3409905845688592,1.4024480523074732,0.028013566127616418,5.0712178787029165,0.000999999993162324,0.0010000000025849635,0.0009999999951966331,0.0009999999907550421,0.0009999999904181244,0.0009999999849896856,0.000020999879228056212,0.000021000349644311746,0.9476287434991824,9.296774550172511,9.811511385618392,0.020344688717274254,0.00031052954835726664,0.0003698970408255374,0.010002681904045917,0.006120999999999633,0.006120999999999669,0.006120999999999739,0.0010512099999993362,0.0010512099999993025,0.0010512099999993652,-1.0707878478026878,9.540399924478592,2.595094892166552,-0.01506240842470904,0.05164703070508987,-0.020462553246107726,-25.213876037597657,12.48993803024292,16.661813182830812,994.9702587890625,0.16579402917566033,32.70092959042958
2025-03-01T18:12:03Z,40.01509714704675,-75.23716127807536,-16.540966336363017,-15.531714119579329,-11.07667573724394,-1.4412062328217663,1.382406331587507,0.027161754736854653,5.090599006512744,0.0009999999934428418,0.001000000002712753,0.0009999999952402486,0.0009999999906013623,0.0009999999904851341,0.0009999999849846146,0.000021999770414847237,0.0000220003580587465,0.9464318675598982,10.062108250596818,11.082494364963797,0.023466306075018796,0.00031068943032464604,0.00038151422808886546,0.009989724653604475,0.0061219999999996355,0.00612199999999967,0.00612199999999974,0.0010512199999993352,0.0010512199999993016,0.001051219999999364,-1.0169526105280886,9.28709992472072,2.7514240054238193,-0.017534073494132572,0.024238896450296477,0.004803215718064176,-24.871126098632814,11.670937938690185,15.25818811416626,995.168173828125,-0.039812425201203205,31.42598956988551
2025-03-01T18:12:04Z,40.0146073759928,-75.23727469211154,-17.755805841229478,-17.098466993775922,-10.779660071770863,-1.479652512784806,1.384549939118947,0.008279295652224747,5.114206923502656,0.0009999999936528986,0.0010000000025105022,0.0009999999954124676,0.0009999999906348826,0.0009999999903504853,0.0009999999848779872,0.000022999644268749903,0.00002300036803902287,0.958032454245661,10.82445719581735,12.724430836008116,0.02951973238629109,0.0003093742085816891,0.00039316878904193476,0.009974730156239175,0.006122999999999635,0.0061229999999996695,0.00612299999999974,0.0010512299999993358,0.0010512299999993011,0.0010512299999993649,-0.9887258116527554,9.246121873446395,3.431366790346309,0.0033837052604396354,0.021904926141864556,0.02346964096069522,-25.18950117111206,12.025312995910644,14.730750513076782,995.4477905273437,0.13254884554520752,31.56122508713208
2025-03-01T18:12:05Z,40.014224775550936,-75.23739485817978,-18.99593507527875,-18.858839537672633,-11.038092485794536,-1.3302680413738788,1.3886983727925633,0.0021056493093090894,5.129364466616632,0.0009999999935098888,0.0010000000026939306,0.0009999999954129943,0.0009999999904946582,0.0009999999903221347,0.0009999999851669058,0.00002399950513106509,0.000024000379862684057,0.9875722499231486,11.590155305319476,14.63851231604632,0.036669683540977424,0.0003070384080509206,0.00040340049401781607,0.009968625088065654,0.006123999999999636,0.0061239999999996705,0.006123999999999742,0.0010512399999993355,0.001051239999999302,0.0010512399999993644,-0.5188865802992926,9.405704266863538,3.744445406441508,0.005291907080501053,0.014984295822705848,0.009333795182026271,-25.935001163482667,15.06693808555603,13.941563005447387,995.6401318359375,0.35775691630554013,33.075681857973876
2025-03-01T18:12:06Z,40.01375031486088,-75.23751763169784,-20.050827623127713,-20.19863180429142,-11.177987358544407,-1.2248487548143103,1.3904822281712619,0.02168803676196537,5.130993941454534,0.0009999999937078245,0.0010000000023825306,0.0009999999953413902,0.0009999999904232455,0.0009999999904229076,0.000999999984659004,0.000024999360413663407,0.000025000393755172088,1.0327804572524864,12.194424563239199,16.601129543644902,0.04238281540428709,0.00030321078152773846,0.000411608689589529,0.009974304227998231,0.006124999999999637,0.0061249999999996715,0.006124999999999741,0.0010512499999993346,0.001051249999999301,0.0010512499999993637,-0.5864838154873481,9.418545777636059,3.38105540180665,0.003489855803741406,0.0064729122725702085,-0.01812457603494612,-27.996938724517822,15.024375658035279,15.138938112258911,995.740859375,0.2450279044291234,35.19579970042062
2025-03-01T18:12:07Z,40.013215432052476,-75.2376446379105,-20.865605339750037,-21.597362737653988,-11.468629196810998,-0.9499295782522349,1.401089171148728,0.0238792484879893,5.133937500399715,0.0009999999933233464,0.0010000000024545923,0.0009999999956392532,0.0009999999906505845,0.0009999999908994013,0.000999999984599858,0.000025999219533193083,0.000026000409955993308,1.088739685701808,12.655963596629654,18.849953841431876,0.04851437192140118,0.00029660790789243826,0.00041839587376997213,0.009976315575934912,0.006125999999999636,0.006125999999999671,0.006125999999999742,0.0010512599999993343,0.0010512599999993014,0.0010512599999993634,-0.6491411221572713,9.552873968903707,3.5625013111348696,0.012706904039256532,0.004600428357602551,-0.00046424129199850383,-27.83606372833252,14.628938035964966,13.565063114166259,995.8208154296875,0.43702777321645425,34.247039771118075
2025-03-01T18:12:08Z,40.012633726596086,-75.23777751866712,-21.46634354860942,-22.33790372444604,-11.808693952370527,-0.9065481693697033,1.41244637903622,0.025900836339952146,5.119323801518073,0.0009999999931528264,0.0010000000027106286,0.0009999999952411043,0.0009999999906079413,0.0009999999908777753,0.0009999999844134155,0.00002699909149589849,0.000027000428683603303,1.1471452022457567,12.89937331666728,20.94819719392286,0.05012966294124435,0.0002880186902256924,0.0004235995628504449,0.00997998077760906,0.006126999999999638,0.006126999999999668,0.006126999999999745,0.0010512699999993338,0.0010512699999993009,0.001051269999999363,-0.40965423050041405,9.435295525230497,2.9470372548146937,0.014353068128885257,-0.012830414769908306,-0.002914043016465588,-27.720563716888428,16.837313203811647,15.116625547409058,995.8761791992188,0.11419917111964857,35.7831455379841
2025-03-01T18:12:09Z,40.0119996863885,-75.2379158744244,-21.902970852911437,-22.736390463436294,-12.006192501508044,-0.7718331890206339,1.4199791934546322,0.02786574038487079,5.115866570076057,0.0009999999930395448,0.0010000000022279867,0.0009999999955252938,0.0009999999906364478,0.0009999999907285189,0.0009999999845470508,0.00002799898162541725,0.00002800045010857116,1.19691193033719,12.944395145271741,23.08310901833906,0.0496152053277526,0.0002776512566392768,0.00042845421445196296,0.009985424195263798,0.00612799999999964,0.006127999999999666,0.006127999999999746,0.0010512799999993334,0.0010512799999992995,0.0010512799999993624,-0.4925485303994256,9.575193887676592,2.6319678863823124,0.010824239106301684,-0.001898772484392138,-0.0007045819088107631,-29.818501110076905,18.905813150405884,18.632250843048094,995.9048999023438,0.16344924793480722,39.92154178789163
2025-03-01T18:12:10Z,40.01130205691172,-75.23805924695156,-22.160901960857284,-22.469795313744367,-12.191896424250555,-0.7416240978915819,1.4181179612575519,0.031973330758718874,5.116484705577365,0.0009999999933239226,0.001000000002115788,0.0009999999955248309,0.0009999999904805451,0.000999999990735835,0.0009999999845634899,0.000028998890562302704,0.00002900047439747079,1.2302451963856713,12.845599950494192,25.023749454246612,0.045581542401838905,0.00026726034037991237,0.00043304631679727697,0.00999274258632517,0.006128999999999637,0.006128999999999663,0.006128999999999743,0.0010512899999993322,0.0010512899999992995,0.001051289999999361,-0.35406098280399384,9.539622568128264,2.1269371897424305,0.0019525129645013787,0.002400480682037078,-0.0018450296776051074,-29.937001094818115,21.426375789642336,18.9751881980896,995.9040112304688,0.0011932497022407566,41.4169914085787
2025-03-01T18:12:11Z,40.01053966893847,-75.23820776266344,-22.28197890617155,-21.541159546310727,-12.398480523309123,-0.6927126251169311,1.4160694912166336,0.03430112485578474,5.114751343864552,0.0009999999932810276,0.0010000000018619154,0.0009999999953827245,0.0009999999905665586,0.0009999999909273375,0.0009999999844415902,0.000029998814163624573,0.00003000050164756837,1.241202601491321,12.693523306320142,26.751936401904057,0.03921396781306933,0.0002579935525600123,0.0004379714559499779,0.010000465093334781,0.00612999999999964,0.006129999999999661,0.006129999999999746,0.0010512999999993315,0.001051299999999299,0.0010512999999993606,-0.18669872837960608,9.620029963256721,1.6898626097192333,0.002382288139924274,-0.0002664615114969629,-0.00016381634789283553,-29.690438652038573,22.301438274383546,17.819438247680665,995.8840625,-0.009937031761810483,41.18743127948722
2025-03-01T18:12:12Z,40.00970965872776,-75.23836050546105,-22.32260028295849,-19.710238508883272,-12.549052886160883,-0.7301813990740622,1.410931721308638,0.037213440123073746,5.112431810858748,0.0009999999930966317,0.001000000001722223,0.0009999999954115536,0.0009999999903970412,0.000999999991096551,0.0009999999845892442,0.0000309987437494464,0.00003100053186965538,1.2265483427954313,12.539203422916241,28.052139154074823,0.030792725872688824,0.00025092484987341933,0.000443687680859614,0.010008942748755223,0.006130999999999638,0.006130999999999661,0.006130999999999743,0.001051309999999331,0.0010513099999992983,0.00105130999999936,0.041313080408034004,9.65475722058428,0.954533838276712,-0.00039931625997616856,-0.0008472837696297858,-0.0007454730677054718,-29.729626140594483,22.389188270568848,17.745563278198244,995.8579614257812,-0.0771005760037951,41.231386745945585
2025-03-01T18:12:13Z,40.00879621089551,-75.23851593658094,-22.352259340185977,-17.797658437294313,-12.706992836249542,-0.754522452024136,1.4051775011456051,0.03984943630192346,5.110278476563316,0.0009999999933101079,0.0010000000017670676,0.000999999995553662,0.0009999999902424593,0.0009999999911302652,0.000999999984377615,0.000031998667979080416,0.00003200056510492659,1.1904842691641258,12.465688750130337,29.40717367914551,0.02452669184986804,0.00024662215606199096,0.00045037869389872556,0.010017777983747983,0.0061319999999996395,0.006131999999999659,0.006131999999999745,0.00105131999999933,0.0010513199999992976,0.0010513199999993591,0.037125640184071315,9.67433845901317,0.9694491029228954,-0.0010203622637019146,-0.0007963783164570627,-0.0005520324757814642,-29.615063610076906,22.42143829345703,17.797688217163085,995.8359912109376,-0.05612708932019342,41.1889112876102
2025-03-01T18:12:14Z,40.00780590553282,-75.23867206685088,-22.429264682143415,-15.890651972139167,-12.856161873438818,-0.7966923034324997,1.400188978898504,0.04318092758018285,5.10850671123096,0.0009999999932815491,0.001000000001668861,0.0009999999957802188,0.0009999999905277279,0.0009999999913554358,0.0009999999845133763,0.000032998574307452145,0.00003300060150933456,1.142474145687218,12.501684543518282,30.806416274428074,0.020049978031244326,0.00024512394982972836,0.00045802459216791504,0.010027045644987765,0.006132999999999638,0.006132999999999656,0.006132999999999744,0.0010513299999993309,0.0010513299999992962,0.00105132999999936,0.03551996472084278,9.671691345213077,0.9671909524070927,-0.0006520073568875625,-0.0003565891347451078,-0.0015057159083454283,-29.805563659667968,22.316250762939454,17.792250747680665,995.8370263671875,-0.058965786693140634,41.26677442443276
2025-03-01T18:12:15Z,40.00667652036535,-75.2388270832783,-22.562347215956077,-13.979232487800703,-12.981020618247873,-0.856074788779272,1.3951690492882294,0.045484910519210005,5.106044174100202,0.0009999999933239816,0.0010000000016707365,0.0009999999961047869,0.0009999999903860628,0.0009999999914734633,0.0009999999846768612,0.000033998447573326486,0.00003400064123855203,1.0892815581011173,12.662693689974683,32.25070087827979,0.017060779053697888,0.00024606777227324464,0.0004666050614340293,0.010036227225040524,0.006133999999999639,0.006133999999999659,0.006133999999999746,0.00105133999999933,0.0010513399999992964,0.001051339999999359,0.034254253220943616,9.668316546120565,0.9575647473774828,-0.0009898189312429846,-0.0011628972452592276,-0.0009389134891064428,-29.03493860244751,22.69781328201294,17.923313331604003,995.8380078125,-0.06325940232261511,40.98120775173548
2025-03-01T18:12:16Z,40.005205682046146,-75.23897836232146,-22.676212837503336,-11.964946396387424,-13.067824972836995,-0.915946350236719,1.390531308471108,0.047255592739615465,5.10364956425933,0.0009999999931534819,0.001000000002015137,0.0009999999959164512,0.0009999999900612894,0.000999999991561892,0.0009999999848904902,0.00003499826858553017,0.00003500068444804377,1.0356624028114374,12.960063324992555,33.75141328881708,0.015337503113888012,0.00024923403629424726,0.00047587151679227526,0.010045347259563523,0.006134999999999636,0.006134999999999661,0.006134999999999749,0.001051349999999331,0.0010513499999992956,0.001051349999999358,0.04375755084851461,9.670279188060652,0.9616600068162566,-0.0005418514697343562,-0.0009374113793882062,-0.0005944258760196924,-29.377126064300537,22.549688320159913,17.857688236236573,995.7949047851563,-0.06084621709712747,41.114435851544194
2025-03-01T18:12:17Z,40.0034041463668,-75.23912152243086,-22.83867848292416,-9.969650093202118,-13.069604097634569,-0.9855656675654494,1.3861282407895033,0.049104565919247826,5.101221363230561,0.000999999993026705,0.0010000000019737265,0.0009999999959848062,0.0009999999900924543,0.0009999999912680072,0.0009999999850379198,0.00003599801280144363,0.00003600073129102662,0.9850159310589331,13.391050514186551,35.30737477787963,0.01466226856303987,0.00025432256963110555,0.0004856315552690913,0.010054483966805467,0.006135999999999638,0.006135999999999658,0.006135999999999752,0.001051359999999332,0.0010513599999992965,0.0010513599999993583,0.029109684505982367,9.66883499526776,0.9530183911761747,-0.0006640243157698361,-0.0006843865694750469,-0.001111991894591712,-29.89818866729736,22.33125066757202,17.98856336593628,995.783310546875,-0.06318260047179089,41.426690061263955
2025-03-01T18:12:18Z,40.00125296929277,-75.23925238701447,-23.083452594566975,-8.065793449449496,-12.998820884453666,-1.0618463080583906,1.3818507356246845,0.050158888764317316,5.098437013661104,0.000999999992914909,0.0010000000019042012,0.000999999995699126,0.0009999999901369253,0.0009999999910404978,0.0009999999846674774,0.00003699764934357705,0.000037000781910028286,0.9399053412248917,13.964628819185947,36.9220178185682,0.014926882875967754,0.00026099303770445853,0.000495679567022308,0.010063400326580374,0.006136999999999638,0.006136999999999656,0.006136999999999753,0.0010513699999993324,0.001051369999999296,0.0010513699999993578,0.040994037718966155,9.668635629651957,0.9631480028669456,-0.0010814486336577942,-0.0008574648331357273,-0.0009490945755942548,-30.251813621520995,22.098750762939453,18.056250705718995,995.7941796875,-0.06234145396427879,41.58787060492727
2025-03-01T18:12:19Z,39.99865204931859,-75.23936529395662,-23.396519942668018,-6.2864534373635035,-12.80828521094786,-1.1311175228091215,1.3780901915826584,0.050363269707706375,5.095083641782935,0.0009999999929028722,0.0010000000017086784,0.0009999999957125989,0.000999999990294167,0.0009999999912108908,0.0009999999847426254,0.00003799714086152138,0.00003800083643344463,0.9024906664510497,14.674016488038339,38.60053062791043,0.015990488650740462,0.0002689451096104318,0.0005057504026112978,0.01007201269691656,0.006137999999999635,0.006137999999999653,0.0061379999999997496,0.0010513799999993332,0.001051379999999296,0.0010513799999993588,0.0342254867945181,9.676830039475835,0.9766053399379152,-0.0011427020309490777,-0.001137694971169021,-0.0008447802446736268,-29.837063713073732,22.375313262939454,17.712375812530517,995.8076293945312,-0.05288802133713165,41.287153951567454
2025-03-01T18:12:20Z,39.995542015999504,-75.23945416323608,-23.78185968773367,-4.647669098843849,-12.468629054883218,-1.2167640587997715,1.3754545226366122,0.05014687087604121,5.092042071721793,0.0009999999929755433,0.0010000000016708087,0.000999999995570088,0.0009999999899545768,0.000999999991429322,0.0009999999845694235,0.00003899644425850236,0.000039000894955596284,0.8745882850665861,15.506375336618309,40.31398412521093,0.017795379828111805,0.0002779843699685515,0.0005154272623187444,0.010080359798904365,0.006138999999999636,0.0061389999999996525,0.00613899999999975,0.0010513899999993323,0.001051389999999295,0.0010513899999993579,0.037285163416794644,9.666322556176066,0.9491499871455786,-0.000765835166419182,-0.00039931633992843754,-0.0010814486205469255,-29.336813659667968,22.630313262939453,18.05887563705444,995.8325268554687,-0.06608612439399286,41.21769668965963
2025-03-01T18:12:21Z,39.99174727341501,-75.23950961145427,-24.210921443646562,-3.2294566829687485,-11.947596497189702,-1.293641120125065,1.3742302703983986,0.04883155490585476,5.087979238076606,0.0009999999929486327,0.0010000000018185265,0.0009999999957110571,0.0009999999898163017,0.0009999999913836606,0.0009999999847942263,0.000039995513771041416,0.00004000095753726065,0.8578425071082965,16.448231062781115,42.081519498142626,0.02019394650555039,0.0002876304066388348,0.0005244657773950252,0.010088216946606676,0.006139999999999634,0.006139999999999652,0.006139999999999747,0.001051399999999333,0.001051399999999296,0.0010513999999993587,0.03650063037652597,9.667062616565472,0.9591887278913803,-0.0001312701410838094,-0.0009273971274866956,-0.0010350495634619465,-29.276438732147216,22.73418825149536,18.03543821334839,995.8487060546875,-0.0644209269391022,41.22166940630043
2025-03-01T18:12:22Z,39.987164120932235,-75.239522292532,-24.656139168184534,-2.097405104777992,-11.203456795710988,-1.3533956909131293,1.3726420204787937,0.04598723205162143,5.083498099423448,0.000999999993162164,0.0010000000018381768,0.0009999999953412412,0.000999999990018495,0.000999999991267795,0.0009999999850697002,0.00004099430727244472,0.000041001024215808404,0.8535270060447672,17.467490442481335,43.89225374435482,0.02302895991751486,0.000297526618395939,0.0005324207912489259,0.010095495667331575,0.006140999999999632,0.006140999999999649,0.006140999999999745,0.0010514099999993335,0.0010514099999992955,0.001051409999999359,0.03708575950026326,9.67238431676047,0.9627491981231345,-0.0014886918194366168,-0.0008472837625676173,-0.0005825756737283347,-29.565376224517824,22.4368133354187,18.158063220977784,995.8649243164062,-0.058850449863719054,41.31867775038569
2025-03-01T18:12:23Z,39.981722338382575,-75.23948315264639,-25.08746585383509,-1.326924727353757,-10.203062734861621,-1.3998195987638886,1.3727770798511378,0.042016054061654255,5.078069606845329,0.0009999999931471668,0.0010000000021971485,0.0009999999951872895,0.0009999999898365362,0.0009999999912522989,0.0009999999846638332,0.00004199279477581577,0.00004200109500775621,0.8621318738524855,18.516958282689032,45.73501624803753,0.026100599874434315,0.00030715585892271456,0.0005390002727478407,0.010102241506768837,0.006141999999999631,0.006141999999999649,0.006141999999999746,0.0010514199999993343,0.0010514199999992946,0.0010514199999993598,0.0386973201119183,9.669808541968337,0.959816358938342,-0.0009324043303702065,-0.0011477090844140999,-0.0007346242998099444,-29.774626178741457,22.46268835067749,17.738250770568847,995.8796923828126,-0.061805298889409034,41.300630523603104
2025-03-01T18:12:24Z,39.97510068415656,-75.2393744174057,-25.4125356552183,-1.06236351097805,-8.875428041712592,-1.403255462027783,1.3742323330385584,0.0367180894022933,5.072130169479952,0.0009999999934149483,0.0010000000020035347,0.0009999999951050176,0.0009999999902080817,0.0009999999911231494,0.0009999999846695097,0.00004299096899708291,0.0000430011699525192,0.8829882698079239,19.543782229763274,47.628248129723566,0.029042826320904026,0.0003160607231531979,0.0005439157746843249,0.010108538402660492,0.006142999999999633,0.0061429999999996505,0.006142999999999747,0.0010514299999993333,0.0010514299999992934,0.0010514299999993607,0.03568994736999724,9.679562829969116,0.988232762659435,-0.0011018108067836077,-0.000786197326934729,-0.0008778270636991764,-29.74856367111206,22.311938209533693,17.816625785827636,995.854814453125,-0.049409369720936985,41.23381619304925
2025-03-01T18:12:25Z,39.967375466575724,-75.23919124440116,-25.59971704050263,-1.3389455418583953,-7.2107352166202885,-1.3946702277533367,1.3773338193254114,0.030300623006330754,5.065542938795984,0.000999999993424671,0.0010000000018826332,0.0009999999952071837,0.0009999999901079302,0.0009999999910316527,0.000999999984565288,0.00004398885304917658,0.000044001249150977845,0.9140404140560783,20.475196282872034,49.544282915938346,0.03173472234425625,0.00032371578805924495,0.0005471634747732173,0.010114535238373686,0.006143999999999637,0.006143999999999647,0.006143999999999744,0.0010514399999993324,0.0010514399999992925,0.0010514399999993606,0.0352113818048847,9.66696058018802,0.951064248924382,-0.00113235411233867,-0.0006436622002024363,-0.0012341648424989615,-29.341126079559327,22.517813205718994,18.247313232421874,995.82390625,-0.06583944572434834,41.242136791985146
2025-03-01T18:12:26Z,39.95892310997071,-75.23894375701259,-25.656203712232607,-2.208104027826097,-5.317010951751894,-1.3480773671993793,1.3821645621303311,0.022486722110854472,5.05859533871824,0.000999999993533322,0.0010000000020428952,0.0009999999951244359,0.0009999999900783545,0.0009999999908436993,0.0009999999845251703,0.00004498650248180662,0.000045001332829248745,0.9519203282063289,21.26039566244688,51.532584975375684,0.033727393366636896,0.0003296905793554302,0.0005489762281056905,0.010120320476002634,0.006144999999999638,0.006144999999999646,0.0061449999999997435,0.0010514499999993317,0.0010514499999992918,0.0010514499999993597,0.03434316777176349,9.673025035293447,0.9677401329932692,-0.001002503561958486,-0.0007070853400905038,-0.0009248936625633124,-29.3795636177063,22.44318820953369,18.092250747680666,995.8060766601562,-0.05836973277743088,41.16042780307732
2025-03-01T18:12:27Z,39.9499808707196,-75.23864204239675,-25.558880892646417,-3.6302447450910456,-3.267321855925746,-1.2791232447131107,1.3886826466521864,0.013860164051188215,5.051443312759795,0.0009999999936974272,0.001000000002114536,0.0009999999949578747,0.0009999999899779955,0.00099999999095474,0.0009999999846503483,0.00004598399909785423,0.0000460014213910671,0.9922485743259598,21.854978568927287,53.609173051068254,0.03489262646586649,0.00033375296144231843,0.0005498379023912817,0.010126188174697332,0.00614599999999964,0.006145999999999648,0.0061459999999997445,0.0010514599999993306,0.0010514599999992928,0.0010514599999993587,0.04071487496803533,9.669911757149244,0.9607950588513492,-0.0007861972920488478,-0.0008269216526743576,-0.0008574648324561835,-29.679376125335693,22.37831314086914,18.011625862121583,995.7792822265625,-0.06235966824820483,41.30458500730771
2025-03-01T18:12:28Z,39.94109816009302,-75.23831364172665,-25.35377612498663,-5.461622199351952,-1.2082892127685714,-1.1996417866241955,1.3968412136225796,0.005583399263412845,5.044521141968513,0.0009999999939596634,0.001000000001984399,0.00099999999503258,0.0009999999901458762,0.000999999990605624,0.0009999999843631998,0.000046981435422407944,0.000047001515406001284,1.030474709786449,22.239063785664783,55.81199089697474,0.03510129384254496,0.00033589310476836855,0.0005504013496081485,0.01013248469013136,0.0061469999999996415,0.00614699999999965,0.006146999999999747,0.0010514699999993314,0.0010514699999992921,0.0010514699999993576,0.032891782430425155,9.666552713485855,0.9518533581877928,-0.00011124181988781344,-0.0009073688155735071,-0.0012153047462715287,-29.752688751220703,22.41225086212158,17.658938274383544,995.7713940429687,-0.0668435194320999,41.223359839375085
2025-03-01T18:12:29Z,39.932599625215765,-75.23798118838846,-25.07259259248452,-7.559610234686279,0.7313287897558816,-1.1138941687512927,1.4047605086259136,6.280547796282483,5.038005745156175,0.0009999999937835157,0.0010000000021365037,0.0009999999950909447,0.0009999999901557268,0.0009999999903097362,0.0009999999841883815,0.00004797889676037426,0.00004800161557416186,1.0627131384444004,22.42851631914314,58.17753041748153,0.034447157028170985,0.00033628369847638236,0.000551372147428165,0.010139259167935004,0.006147999999999642,0.00614799999999965,0.0061479999999997465,0.0010514799999993313,0.0010514799999992914,0.0010514799999993567,0.039159539899930755,9.667319574989879,0.9518618643730883,-0.0008676459635728627,-0.0012341648479500087,-0.000786197302340783,-30.066001091003418,22.031063289642333,17.705063381195068,995.7683642578126,-0.06627730452580483,41.26496402030811
2025-03-01T18:12:30Z,39.92503433366981,-75.23767727265889,-24.809888436431432,-9.668960234038778,2.4067164593008568,-1.0329802403990442,1.4124296479941114,6.273713400222999,5.032836665944053,0.0009999999939665307,0.0010000000021138597,0.0009999999950770805,0.000999999989854948,0.0009999999901839217,0.0009999999840658066,0.00004897644694972107,0.000049001722648659073,1.0863788857990544,22.455650292023666,60.737966100621996,0.03307571128003909,0.00033537911200274824,0.0005532348094324059,0.010146756941284071,0.0061489999999996435,0.006148999999999647,0.006148999999999748,0.0010514899999993312,0.0010514899999992924,0.0010514899999993568,0.038361932868300835,9.672822991051127,0.9619914750704582,-0.0008371027505613267,-0.0008778270108948731,-0.0008676459597981514,-29.286563606262206,22.495688209533693,18.1258131980896,995.8032373046875,-0.06000025424415013,41.13757076221911
2025-03-01T18:12:31Z,39.91807409229672,-75.23739948429552,-24.525005630332775,-11.820509166178526,3.8557425217326964,-0.9587732887995412,1.4201240417375998,6.268176888735227,5.0287058367520165,0.000999999993893759,0.0010000000023764252,0.0009999999947665225,0.000999999990052698,0.0009999999901906744,0.0009999999841910244,0.000049974121459500545,0.000050001837358362436,1.1003605139664514,22.36582296686662,63.50746346519912,0.031244789127070436,0.0003335921118117493,0.0005563899879366236,0.01015503335217785,0.006149999999999641,0.00614999999999965,0.006149999999999747,0.0010514999999993303,0.0010514999999992913,0.001051499999999356,0.03202879688994412,9.67263276246907,0.9722119607192944,-0.0006620215260556003,-0.0006169576443451434,-0.0011051488204597852,-29.370563678741455,22.491938247680665,17.8807506942749,995.805322265625,-0.0593664547247322,41.08812937935639
2025-03-01T18:12:32Z,39.911872752454144,-75.23716138067549,-24.272109576817417,-13.862499491145318,5.023796393852023,-0.8977120773997165,1.426335865808854,6.263387096676272,5.025269608564748,0.0009999999939796131,0.0010000000024947293,0.000999999994938787,0.0009999999901771908,0.0009999999902857973,0.0009999999843481333,0.00005097192868974703,0.00005100196033860811,1.1050132254564486,22.20985787913919,66.48555620654834,0.029253401898606098,0.0003312583441748204,0.0005610898705070454,0.010163857979671303,0.00615099999999964,0.006150999999999649,0.006150999999999746,0.0010515099999993311,0.001051509999999292,0.0010515099999993548,0.03943870180835001,9.674737333295353,0.9741948674572192,-0.0016108648192180229,-0.0008574649096686027,-0.0006538432292719977,-29.504626197814943,22.519875659942628,17.94356327056885,995.824033203125,-0.05718730222781525,41.22663034305167
2025-03-01T18:12:33Z,39.90610223850931,-75.23695951463762,-24.01751044464076,-15.855383894799129,5.9621745459564295,-0.8474649609476674,1.4329750731050268,6.260152258474554,5.022874196202325,0.0009999999939370886,0.0010000000027561723,0.0009999999949107086,0.000999999990456824,0.000999999990011547,0.0009999999844829907,0.000051969855972509225,0.000052002092106597124,1.1016689712041168,22.02820731160958,69.66435046217438,0.027291375099713345,0.00032881782159469714,0.0005672089987184203,0.01017335796654443,0.006151999999999639,0.006151999999999648,0.006151999999999744,0.001051519999999332,0.001051519999999293,0.0010515199999993547,0.03226415783778084,9.674594110955416,0.9705252186481871,-0.0008823334436279351,-0.00042668837279472515,-0.0011752480911255874,-30.051938610076903,22.103813228607176,17.6936256980896,995.8170654296875,-0.05783915759586155,41.28871247154616
2025-03-01T18:12:34Z,39.90067777015823,-75.23679781208534,-23.768146306859933,-17.789700356912064,6.65226375450203,-0.8023388514965303,1.4382167703605884,6.257703503013026,5.020707617002927,0.0009999999936693886,0.001000000003016696,0.0009999999950946845,0.0009999999905226156,0.0009999999897318387,0.0009999999843342297,0.00005296787680253824,0.00005300223305819302,1.0920067042736603,21.861921365443397,73.03613870131761,0.025424413502627464,0.0003263663316430458,0.0005747661426782122,0.010183229068520407,0.00615299999999964,0.006152999999999648,0.0061529999999997455,0.0010515299999993323,0.001051529999999292,0.001051529999999354,0.03608875055720718,9.677489033378388,0.9838857988964747,-0.001967202601811706,-0.0008472838266791301,-0.0010814486159217273,-30.35550121307373,22.17187582015991,17.536313343048096,995.8067114257813,-0.053691816843276306,41.47971325318469
2025-03-01T18:12:35Z,39.895629324175914,-75.2366802278572,-23.560335560873796,-19.569583691549894,7.105517749055743,-0.7838717435425058,1.4442666940046276,6.256332511242358,5.019068905714047,0.0009999999937299665,0.0010000000028384897,0.0009999999951635376,0.0009999999904620402,0.0009999999899543937,0.0009999999841764878,0.00005396595728384258,0.00005400238346038857,1.077908587751762,21.733786746517556,76.55839896600693,0.02384402708559238,0.0003241556368611608,0.0005834414836417472,0.010193386951118356,0.006153999999999638,0.006153999999999647,0.006153999999999749,0.0010515399999993331,0.0010515399999992932,0.0010515399999993548,0.03784348652260139,9.666601648963454,0.9527791043569027,-0.0006820499199865976,-0.0008873405444207306,-0.0012253189932802165,-29.48512622833252,22.514813289642333,18.17512575149536,995.8084741210937,-0.06767923183507975,41.311263526667915
2025-03-01T18:12:36Z,39.89084625530575,-75.23660723892888,-23.39989592060768,-21.246132787233496,7.3296386389042345,-0.770927026544894,1.4496144063172185,6.255357723020155,5.0179390422429915,0.0009999999937043904,0.001000000003045974,0.0009999999953171103,0.0009999999900355888,0.0009999999901522817,0.0009999999843738447,0.00005496406017285106,0.0000550025434716632,1.061013244719169,21.667502718951077,80.22883259046506,0.022425729096605937,0.0003223325329716882,0.00059292921344675,0.010203546326102642,0.006154999999999639,0.006154999999999648,0.006154999999999752,0.0010515499999993318,0.0010515499999992938,0.0010515499999993537,0.0330879168118774,9.669965397941377,0.9611108379568718,-0.0009592757455619968,-0.0009389134797530156,-0.000786197188649138,-29.646563777923586,22.2759383392334,18.002625751495362,995.8103784179688,-0.06356495072833113,41.22167546196008
2025-03-01T18:12:37Z,39.8863413463403,-75.23657801866347,-23.308096810215776,-22.76963510735492,7.338172627477243,-0.7716581349695519,1.4545421649230716,6.255140135677712,5.017402287705227,0.000999999993367759,0.0010000000032532174,0.0009999999954417148,0.0009999999899386813,0.0009999999900434013,0.0009999999846082028,0.00005596214706439422,0.000056002713167268963,1.042542780162777,21.678139909410223,84.0088351575917,0.021212037492936694,0.00032102249518886844,0.0006028826150672034,0.010213684704649102,0.006155999999999638,0.006155999999999646,0.006155999999999753,0.0010515599999993326,0.0010515599999992929,0.0010515599999993547,0.03919942092562701,9.66767844263408,0.9531380316065887,-0.0008574648779843771,-0.000776016258061325,-0.0007556539886792846,-30.111188697814942,22.198313236236572,18.38962574005127,995.8258837890625,-0.06661496359688088,41.684804241443096
2025-03-01T18:12:38Z,39.88190796146782,-75.23659393060632,-23.25914013591345,-24.217315897852195,7.138579116413222,-0.7736607313050127,1.458806824720385,6.255979189437799,5.017159471625853,0.0009999999933299258,0.0010000000029649905,0.0009999999954104378,0.0009999999900257984,0.000999999989964649,0.000999999984625706,0.00005696017949049122,0.000057002892551500354,1.0234345735120458,21.777020184967817,87.87964863528482,0.020134888833281493,0.00032022804940036394,0.0006130693468283799,0.010223801279598006,0.006156999999999636,0.0061569999999996445,0.006156999999999756,0.001051569999999333,0.001051569999999293,0.0010515699999993548,0.035402285567506166,9.671299041119433,0.9668771505635927,-0.0012128013082909827,-0.0008072270790292096,-0.0011652338564657535,-30.86812620162964,21.923063278198242,18.579750862121582,995.8311694335938,-0.06165724286606203,42.17421944555542
2025-03-01T18:12:39Z,39.87751700797886,-75.23665467194317,-23.258455044468807,-25.56467318753299,6.744917298303091,-0.7847913830802509,1.4631983532342143,6.257042930803516,5.017297463212659,0.000999999993178197,0.001000000002991721,0.0009999999955216713,0.0009999999900975882,0.0009999999900136048,0.000999999984718095,0.000057958119097228576,0.00005800308158178116,1.0043558120070903,21.970984067050658,91.8018788771592,0.019212172537343586,0.00032006161365447805,0.0006231841578902659,0.010233629033116247,0.006157999999999639,0.006157999999999647,0.006157999999999758,0.0010515799999993337,0.0010515799999992938,0.0010515799999993556,0.03465305786408663,9.668715309140103,0.9619515876418551,-0.0007556541553724384,-0.0007861973072146323,-0.0007963784521099177,-29.991001148223877,22.08975076675415,17.844750804901125,995.8427978515625,-0.06468536493883824,41.30191501314989
2025-03-01T18:12:40Z,39.87320198325431,-75.23675631164868,-23.319125442148927,-26.80740390494713,6.177860749121017,-0.7942725357141927,1.4666600575541462,6.258598957433564,5.01748946262217,0.0009999999932248475,0.0010000000029340855,0.0009999999955479072,0.0009999999898997669,0.0009999999902383654,0.000999999985089958,0.00005895592778278715,0.00005900328020554963,0.9857394723024326,22.26809639641654,95.76067079470347,0.0183652259275947,0.00032050867832479667,0.000633064538394075,0.010243203625398031,0.006158999999999636,0.006158999999999646,0.006158999999999759,0.0010515899999993328,0.001051589999999293,0.0010515899999993545,0.036853669546129515,9.67545701423721,0.9768407059776814,-0.0012829005010641307,-0.0009774680105863658,-0.0008047234806218703,-29.44350118637085,22.370813217163086,18.00075080871582,995.8671850585938,-0.05643002339898347,41.12658395001779
2025-03-01T18:12:41Z,40.02520296037445,-75.22930654911251,-25.80751418930221,-0.025663941639798425,-0.0015348662601426767,-1.0851034015911376,1.4111660284989342,0.007128202058818853,5.116249226472596,0.0009999999932252166,0.0010000000028044815,0.0009999999956800537,0.0009999999900380462,0.00099999999063468,0.000999999984950936,3.0815409127571975e-10,3.0815446381952476e-10,0.5645734584298367,0.020700330041607668,0.0207166271493081,0.011363271828162779,0.00015247798595876733,0.00017786371147391548,0.009594609029618497,0.006159999999999636,0.006159999999999646,0.006159999999999759,0.0010515999999993319,0.001051599999999294,0.0010515999999993536,0.039837505947743934,9.670749289827592,0.9637462040230449,-0.0011018108294022953,-0.0006436621680310302,-0.001173078248074393,-29.33550117492676,22.43981327056885,18.175500793457033,995.8751416015625,-0.061599094683726464,41.1638372754572
2025-03-01T18:12:42Z,40.02520333867718,-75.22930585299788,-26.148588801699535,0.5327050158692663,0.12010985050287347,-1.1118322765216644,1.411283047082787,0.008430752270746973,5.11966801612026,0.0009999999933178892,0.001000000002346365,0.0009999999956551721,0.0009999999899990416,0.0009999999906871444,0.0009999999848327714,1.0003081544795019e-6,1.0003081555625887e-6,0.5950887119910999,0.03823016042409861,0.04293971005524959,0.011954176386786074,0.00016227045406817708,0.00018783248450264417,0.009602642597358324,0.006160999999999635,0.006160999999999644,0.006160999999999758,0.0010516099999993305,0.0010516099999992943,0.001051609999999353,0.03202095273876658,9.673142011003868,0.976507933978586,-0.001122172939136401,-0.0006029378102649001,-0.0010916296358991892,-29.915813694000246,22.136438217163086,18.015750675201417,995.8765283203124,-0.05798721795183877,41.346594552640994
2025-03-01T18:12:43Z,40.02520482227447,-75.2293039364578,-26.432577351120514,1.1021700313761988,0.22606383675024938,-1.1371447750313561,1.4117312427872728,0.009486836339033158,5.1228973470685055,0.000999999993276157,0.0010000000023145648,0.0009999999958512384,0.0009999999901868471,0.000999999990517173,0.0009999999846575826,2.000308156127822e-6,2.0003081616112833e-6,0.6263889441124888,0.0877003556889296,0.10732293320578606,0.012537024271855664,0.00017198496144057613,0.00019778369235666767,0.009610604327804879,0.006161999999999637,0.006161999999999646,0.006161999999999759,0.0010516199999993296,0.0010516199999992934,0.0010516199999993526,0.038344280754928496,9.668278676390257,0.9526771188060246,-0.0010926311293583237,-0.0010475672873687249,-0.0007646668898258206,-29.8323761177063,22.215375785827636,17.89350082397461,995.8766748046875,-0.06518081788606617,41.27549839650421
2025-03-01T18:12:44Z,40.02520159898096,-75.22930123800745,-26.644668994452157,1.634607438440629,0.30108395620227985,-1.145197931918694,1.4129336150899905,0.01081331140223388,5.126451758433253,0.0009999999931497438,0.0010000000022973735,0.0009999999961453462,0.0009999999903448238,0.0009999999905674435,0.0009999999841473074,3.0003081581571365e-6,3.0003081805813093e-6,0.6573301252814993,0.17064623913722365,0.21509157162099074,0.013091864886694298,0.00018157904494869073,0.00020772603827085104,0.009618590942086828,0.006162999999999638,0.006162999999999649,0.006162999999999756,0.0010516299999993287,0.0010516299999992944,0.0010516299999993532,0.03784348779192162,9.672543898262253,0.9681729337018493,-0.0007352919695401072,-0.0009287324258816746,-0.0009185513207195576,-30.106126251220704,22.19906328201294,17.868188343048097,995.8676342773438,-0.05941565348101582,41.454133629722094
2025-03-01T18:12:45Z,40.02518454825055,-75.22929825597106,-26.7997217174234,2.1444201011721185,0.3521290649990681,-1.15126545750859,1.4144589701013583,0.012468911150512015,5.130474151645345,0.000999999992882911,0.0010000000023099621,0.0009999999959425057,0.0009999999903734752,0.0009999999909343696,0.0009999999842031852,4.00030814800207e-6,4.000308225833456e-6,0.687041939928838,0.28850348602309545,0.3684027989535552,0.013639427262434969,0.00019100433884121931,0.0002176691039344297,0.009626605984594923,0.006163999999999641,0.006163999999999646,0.006163999999999757,0.0010516399999993282,0.0010516399999992952,0.0010516399999993533,0.03465698021898686,9.668710143665455,0.9528732483777306,-0.0008322625120460992,-0.0005468585096064336,-0.001165233981962427,-29.606626129150392,22.645125789642336,18.237563247680665,995.87345703125,-0.06476067351325018,41.49648820766525
2025-03-01T18:12:46Z,40.02514095898638,-75.2292956967765,-26.879188532160338,2.6002390356133827,0.359294950984572,-1.144796030394534,1.4159097828944083,0.013723430753669965,5.13431257332438,0.000999999992858505,0.0010000000023366088,0.0009999999959116634,0.0009999999908406048,0.0009999999911286498,0.0009999999844352823,5.000308080445079e-6,5.000308316860856e-6,0.7149339709562307,0.44216817215592996,0.5680014681829212,0.014156580235184095,0.00020021324952489337,0.00022761332794612579,0.00963448431446129,0.006164999999999645,0.006164999999999645,0.006164999999999758,0.0010516499999993286,0.001051649999999294,0.0010516499999993541,0.039319062012069465,9.670589771904224,0.9633075287382646,-0.0014072431892826586,-0.0009898189037584396,-0.0008574648617230918,-29.543813591003417,22.652813205718996,18.00487575531006,995.8613916015624,-0.06184480587808332,41.35405930055834
2025-03-01T18:12:47Z,40.02505886060993,-75.2292941107594,-26.918024830467626,3.0028685131918573,0.3364391936142624,-1.1383896468769221,1.4189110307729795,0.015223866772801149,5.138738786575961,0.000999999992975345,0.0010000000026619486,0.000999999996108432,0.0009999999910487959,0.0009999999910090104,0.000999999984307627,6.00030784600869e-6,6.0003084787370055e-6,0.7406479292410533,0.6325331631076819,0.8154658508279,0.014655838087860328,0.0002091472517558239,0.00023757347095391685,0.009642366096214647,0.006165999999999644,0.006165999999999644,0.006165999999999758,0.0010516599999993278,0.0010516599999992942,0.0010516599999993532,0.036726837364958076,9.666761230466413,0.9538159927170629,-0.00030151122217716866,-0.0003966457771823154,-0.001125177183318851,-32.24606382369995,21.552750701904298,19.6068758392334,995.87353515625,-0.0665989850983743,43.45980744776485
2025-03-01T18:12:48Z,40.02492116682975,-75.22929368124755,-26.899282340194528,3.9559102075996986,0.3577463364754767,-1.1474291860469836,1.4269420012394614,0.014242020126719827,5.142856209162385,0.0009999999930343773,0.0010000000025452592,0.000999999996247292,0.0009999999911568876,0.0009999999911319776,0.0009999999842412444,7.000307233640404e-6,7.000308746266702e-6,0.7652688304808148,0.861740638465108,1.1730819753013915,0.0161476137099464,0.00021768863193686344,0.000247542009458703,0.0096496323014428,0.006166999999999642,0.006166999999999642,0.006166999999999757,0.0010516699999993271,0.0010516699999992935,0.0010516699999993527,0.23824303707819527,9.738180439805667,0.31642165378516096,0.00411090205592027,-0.001274889208698644,0.001066759158503631,-29.67937614440918,22.162313289642334,18.25931324005127,995.8594091796875,-0.03414331015930568,41.29687429478531
2025-03-01T18:12:49Z,40.02471520466326,-75.2292934577815,-26.877424659367772,6.261525268161785,0.49578227539383557,-1.245980777998204,1.44169370503328,0.006524229137371069,5.1420460392541,0.0009999999930785691,0.0010000000027837808,0.0009999999960749496,0.000999999991264505,0.0009999999912537632,0.0009999999844261644,8.000305894580616e-6,8.000309180751649e-6,0.794136034701116,1.1288272543704476,1.8124465756111974,0.021598250401081702,0.0002255008892291148,0.00025745993975485296,0.009655255626159404,0.006167999999999642,0.006167999999999641,0.006167999999999756,0.0010516799999993275,0.0010516799999992937,0.0010516799999993529,0.7798577880332985,9.83007136090342,-1.1756765136681224,0.009893755244241909,-0.007454804534692958,0.006645990802599879,-29.12643865585327,21.424125728607176,17.468063220977783,995.8498388671875,0.15040078949483193,40.15559423560332
2025-03-01T18:12:50Z,40.024444603588215,-75.2292929864469,-26.849576611806892,7.927740018301271,0.5016519644910941,-1.1678613918070533,1.4594737570544034,0.0019241325358642367,5.1276041384869595,0.000999999993178403,0.0010000000028388873,0.0009999999962174153,0.000999999991089272,0.0009999999913671077,0.00099999998465456,9.000303313972698e-6,9.00030986393572e-6,0.8327804328192157,1.424639650510394,2.545921439788319,0.0273680966210254,0.00023211587435217375,0.0002671798818632085,0.009660939916733932,0.006168999999999639,0.006168999999999639,0.006168999999999754,0.0010516899999993272,0.0010516899999992945,0.0010516899999993526,0.7403043046866855,9.901990638229838,-0.8073812322081435,0.011785600156615415,-0.02089316197046758,0.0014484662145583683,-28.566188640594483,19.500563201904296,19.668938293457032,995.87671875,0.1819970429724357,39.78897074786177
2025-03-01T18:12:51Z,40.02409619879399,-75.22929284904818,-26.6350285774757,8.810769954872713,0.4480444145642438,-0.9609722428368784,1.500796376250988,0.02895930923730903,5.125965608342625,0.0009999999929945329,0.0010000000025969856,0.000999999996062294,0.0009999999912985518,0.0009999999915724833,0.0009999999845805216,0.000010000298829157214,0.000010000310875126872,0.8804591756314897,1.7401729628215148,3.2846063304593,0.03146679241052477,0.00023688842062514372,0.0002769259879431347,0.009671972827341429,0.006169999999999642,0.006169999999999637,0.006169999999999756,0.0010516999999993278,0.0010516999999992931,0.001051699999999353,0.4321407733950683,9.932165121075654,-0.5048088086062158,0.034094181022514713,-0.005856375173259363,-0.02896742595255106,-26.089501209259033,18.539813299179077,20.041688270568848,995.8722973632813,0.17397472124398136,37.76310614683752
2025-03-01T18:12:52Z,40.02367344728688,-75.22928396428844,-26.253978087746237,7.9160079281253255,2.1666892518830125,-0.9166498898295234,1.505773863718389,0.07124369402043221,5.360493473544884,0.000999999993236256,0.0010000000026844438,0.0009999999959942173,0.0009999999912383149,0.000999999991720813,0.0009999999848474166,0.000011000291654240858,0.000011000312264281647,0.9289436869572548,2.1835561881336583,3.7152489032738485,0.03020762876496426,0.00024113416316124601,0.00028598711741980773,0.009680275218890965,0.006170999999999645,0.006170999999999636,0.006170999999999758,0.0010517099999993271,0.0010517099999992935,0.0010517099999993525,-2.1029181693360752,9.606928244791405,-0.18587496932070896,-0.014882152196937021,0.23359710984677054,-0.029705637978684522,-27.050813598632814,14.224875545501709,19.29937572479248,995.85224609375,0.05556636809624027,36.14631149571297
2025-03-01T18:12:53Z,40.0231685991689,-75.22925590033651,-25.760803315649145,5.506072993983465,4.6712384056339635,-0.7916698089120595,1.516766199336187,0.06732697103626772,5.809487810347073,0.0009999999932630715,0.00100000000267333,0.00099999999589823,0.0009999999908684699,0.0009999999916151276,0.000999999984660531,0.000012000280831584879,0.000012000314021202879,0.9643487793931615,2.829105759083149,3.885910032317751,0.028584471325999075,0.00026032678994207433,0.0002778816543202844,0.009674259444924983,0.006171999999999647,0.006171999999999639,0.00617199999999976,0.0010517199999993268,0.001051719999999293,0.0010517199999993513,-3.4852289109957133,9.577827945388652,-0.5459653557772116,-0.029466298536871424,0.4711984734220645,0.02716086634229011,-29.039626159667968,14.135813055038453,10.455187883377075,995.8150415039063,0.4259822129619589,33.94743887057829
2025-03-01T18:12:54Z,40.02258153093237,-75.22921499077637,-25.15662517497161,2.6727863167754227,6.274420256223082,-0.6343767380488305,1.5294451189178886,0.04784964527630538,6.258440670106869,0.0009999999932611308,0.0010000000026642788,0.000999999995788452,0.0009999999911109577,0.0009999999914701492,0.0009999999846994011,0.00001300026515880639,0.000013000316113594049,0.9824332194029732,3.5151222087268827,4.056768188754703,0.029346928582466587,0.00029177064682697643,0.0002567805097101836,0.00967339198282755,0.006172999999999648,0.00617299999999964,0.006172999999999763,0.0010517299999993276,0.0010517299999992925,0.0010517299999993504,-2.8395656138193788,9.69998158518206,-0.9729246786667616,-0.020354232129589735,0.4727969045921569,0.036211846181707405,-27.251438579559327,15.69431315422058,-0.1816875094547868,995.7775708007813,0.3727443457348825,31.448087192960323
2025-03-01T18:12:55Z,40.02191829382853,-75.22917543391858,-24.457410515874237,1.5576112255733912,6.938974472770101,-0.4741792424206549,1.534361671745428,0.032558769764325694,0.13693097334789273,0.0009999999930045802,0.0010000000024297157,0.0009999999959617292,0.000999999991309291,0.000999999991554366,0.0009999999849117762,0.000014000243288978618,0.00001400031857479909,0.9957775034200838,4.162754185696988,4.5662861705134015,0.03172100750220478,0.00030659325428267014,0.0002521456700243367,0.009681082351114789,0.006173999999999652,0.0061739999999996424,0.006173999999999766,0.0010517399999993285,0.001051739999999292,0.0010517399999993501,-0.60563882021726,9.830245266020565,-0.8506481720010667,-0.0065002866483519885,0.15831053010103596,0.014927548352356596,-21.2124382019043,20.3748756980896,-8.211187834739684,995.7369311523438,0.10443528324490718,30.537249385430425
2025-03-01T18:12:56Z,40.02116386319717,-75.22914815342986,-23.655681840415987,0.4672962253947891,7.272159720204574,-0.40726159445079785,1.5310308923482336,0.029667922872478922,0.22048143386445462,0.00099999999327396,0.0010000000025632626,0.000999999995581055,0.0009999999913787242,0.0009999999918008401,0.0009999999852184473,0.000015000213889750338,0.00001500032145242944,1.013486695301284,4.861702042912946,5.062388466147073,0.03379221249099716,0.0003162012342841092,0.0002522152319532175,0.009688588655770712,0.006174999999999652,0.0061749999999996434,0.006174999999999767,0.0010517499999993282,0.0010517499999992909,0.0010517499999993499,-0.43996331285047846,9.73643224143739,-0.7631937791466066,-0.011455969111879127,0.08089660478645785,-0.00025678120532846786,-19.819500827789305,24.13125099182129,1.9582500935345888,995.659853515625,-0.004950533643881574,31.28835973474726
2025-03-01T18:12:57Z,40.02031257897789,-75.22913966813994,-22.738316723008605,-0.3799222704454851,7.239541174442761,-0.2554281702830702,1.5298451516302134,0.015851097325835936,0.26437979302207665,0.0009999999934420406,0.001000000002383786,0.0009999999954717735,0.0009999999914482279,0.000999999991932879,0.00099999998561186,0.000016000175774383848,0.000016000324731027427,1.0348684675009732,5.614923778646247,5.568031353243873,0.03513507253463861,0.0003218630187183082,0.0002548206793499138,0.009699918687387005,0.006175999999999652,0.006175999999999644,0.006175999999999766,0.001051759999999327,0.0010517599999992906,0.0010517599999993487,-0.18830701809290148,9.816633660110663,-0.5555464550696217,-0.008663348537920458,0.041825626427029534,0.009770247263928,-22.041938343048095,10.47843794092536,3.6125626347959043,995.5628662109375,0.052994157217903945,24.671700631063267
2025-03-01T18:12:58Z,40.01931806241807,-75.22915990199478,-21.693218638941012,-0.9990890339562398,6.915736086351748,-0.30627978317131604,1.5267044812384547,0.017131067731491888,0.28214713802746844,0.0009999999936656362,0.001000000002360227,0.000999999995730599,0.0009999999914745753,0.0009999999921768887,0.0009999999853695304,0.00001700012807133261,0.000017000328384347997,1.0584840612944215,6.433202568321409,6.041183376734013,0.03601700693594274,0.00032419856788648967,0.00025953075438131767,0.009708142835550018,0.006176999999999652,0.0061769999999996454,0.006176999999999769,0.0010517699999993274,0.001051769999999291,0.001051769999999349,0.027673994904733157,9.600719307897092,-0.46923551516992773,-0.011272709745122997,0.017295400161214166,-0.005988729060927097,-17.704500818252562,14.435813082233071,-10.683937926292419,995.4186010742187,-0.1688938261043903,25.21876321941717
2025-03-01T18:12:59Z,40.01846631552746,-75.22918040635346,-20.95188379520824,-1.3330385385486498,6.536044232207139,-0.33098361558393985,1.518142264189856,0.014337059003033411,0.2862149419863902,0.0009999999941867452,0.0010000000027364313,0.0009999999959008138,0.000999999991534544,0.0009999999917197347,0.0009999999856683827,0.000018000070271012388,0.000018000332375193466,1.0814410690504228,7.292073337860364,6.475194440738641,0.035661168800300035,0.0003234126210815084,0.0002659142487161806,0.009717924483417751,0.006177999999999655,0.0061779999999996464,0.006177999999999764,0.0010517799999993274,0.001051779999999291,0.001051779999999349,0.055510498163726316,9.655674448646728,-0.22939492027376074,-0.01549785742754665,0.004222894061748711,-0.0007556538640434351,-16.814813213348387,13.470375509262086,-9.530437893867493,995.4694921875,-0.12251149487963223,23.5587736282171
2025-03-01T18:13:00Z,40.017646570808814,-75.22921112673636,-20.32228613214164,-1.1735712269890448,5.873685896167081,-0.3243212054036786,1.5315320018033067,0.030936404793239388,0.25240402965930003,0.0009999999938141632,0.0010000000029371941,0.000999999996126854,0.000999999991649234,0.0009999999915179542,0.0009999999855365596,0.00001900000210578651,0.000019000336695977486,1.0993094619955306,8.142870480622978,6.921684884827248,0.033370808696796546,0.00031777731841071434,0.00027648788414632127,0.00972341746811961,0.006178999999999656,0.0061789999999996474,0.006178999999999762,0.0010517899999993264,0.00105178999999929,0.001051789999999348,0.25483588622221504,9.690167026266895,0.1327234815776301,0.007559617302525127,-0.03233936637764669,-0.020903175766584438,-15.724313125610351,11.087625409066677,-8.389312827438117,995.4516723632812,-0.08656876539041919,20.98970937503915
2025-03-01T18:13:01Z,40.01692192403915,-75.22924449249903,-19.85452183051077,-1.0948166372898511,4.653227791715169,-0.3253989442438799,1.5249452403372863,0.019579785464902206,0.23534525892956404,0.0009999999936585538,0.0010000000027688238,0.0009999999957143275,0.0009999999914244717,0.0009999999920688022,0.0009999999854001017,0.00001999992288935685,0.000020000341378312654,1.1049191361849775,8.849829855626856,7.300127674164679,0.028402373993188634,0.0003121653255065159,0.0002865916572514725,0.009735462111836637,0.006179999999999655,0.006179999999999647,0.006179999999999761,0.0010517999999993266,0.00105179999999929,0.0010517999999993485,-0.12263516679780988,9.67617295487428,0.7213931553501872,-0.01173085809222742,-0.016719586381122913,0.008824741137862836,-18.612375688552856,-0.15506248828023664,-13.127062978744506,995.4741162109375,-0.07705446898786125,22.77634834011371
2025-03-01T18:13:02Z,40.01620546862479,-75.22929044598322,-19.41074257042733,-0.9902715694959061,3.4005460422912925,-0.22532196544342314,1.5350812693213942,0.02324590660854858,0.22867540162864702,0.0009999999936733336,0.001000000002500944,0.0009999999957009057,0.0009999999912136295,0.0009999999922181996,0.0009999999852666392,0.000020999830829908937,0.000021000346484071075,1.0951021404508983,9.59997002211207,7.6686701586205075,0.02400438862865948,0.00030830149473718853,0.00029619165795187545,0.009744004342645619,0.006180999999999656,0.006180999999999648,0.006180999999999761,0.0010518099999993263,0.00105180999999929,0.001051809999999348,-0.13303672990790166,9.791254033633106,0.7920049590320724,0.005296413203452244,-0.00561152825688546,-0.005271046282555333,-18.85425079345703,8.490562802255154,-4.839750174731016,995.4520483398437,0.04342008318836906,21.2366065051704
2025-03-01T18:13:03Z,40.01533295029841,-75.2293672739678,-18.83488781537496,-0.7525265642635874,1.9112034061306349,-0.19639490492881373,1.5368014418867382,0.022193170237986358,0.21164651758892358,0.000999999993559099,0.0010000000022897778,0.0009999999958861738,0.0009999999912286388,0.0009999999926195728,0.0009999999855642996,0.0000219997229264338,0.00002200035212020768,1.0728649769481093,10.365921050147685,8.064397547958922,0.020188961224920508,0.0003045409582147788,0.000307318196322989,0.00975359639020381,0.006181999999999654,0.006181999999999646,0.00618199999999976,0.0010518199999993258,0.0010518199999992894,0.0010518199999993475,-0.06616453741494578,9.719841932294253,0.8911639245046453,-0.003158388770906289,-0.015976367833615293,-0.0007658353088510667,-20.793563289642336,8.230125288963318,-11.974312982559205,995.3458837890626,-0.019713261159147358,25.367081683659226
2025-03-01T18:13:04Z,40.01440450595018,-75.22945854406362,-18.336055397778058,-0.654292091044082,0.6824451157448821,-0.29189796096911524,1.538295719108712,0.02433524215640982,0.20779045229739526,0.0009999999934323818,0.0010000000024765867,0.0009999999960417002,0.0009999999910318153,0.0009999999922135538,0.000999999985425792,0.00002299959499776408,0.000023000358392461013,1.0431997666075825,11.241991565395814,8.454251386668597,0.01778690207611568,0.0003040817750356212,0.00031714472901998484,0.009762495637366246,0.006182999999999657,0.006182999999999646,0.006182999999999761,0.0010518299999993253,0.0010518299999992889,0.001051829999999347,-0.17791196973906023,9.613126010016982,0.6342748097129631,-0.003135523295106202,-0.0027274456143195234,-0.003268211256120866,-21.829500713348388,3.4066876426339148,-7.882312779426575,995.2957275390625,-0.14473872384849076,23.45764472114164
2025-03-01T18:13:05Z,40.013492135836636,-75.22955295008833,-18.025884390249704,-0.6477988614890087,-0.7140664525593627,-0.365580911023432,1.545594228711135,0.022420909497070797,0.20609084979008563,0.0009999999934908665,0.001000000002831968,0.000999999996111534,0.0009999999908925487,0.0009999999921445734,0.00099999998562189,0.000023999441341678147,0.000024000365402613963,1.0092765686527625,12.097315739383012,8.877195073080795,0.015567120641128198,0.00030568863307542144,0.0003268437173414314,0.009772287017124903,0.006183999999999656,0.006183999999999647,0.006183999999999763,0.0010518399999993246,0.0010518399999992884,0.0010518399999993465,-0.34456946024076524,9.64123777452857,0.8754909364943549,0.0035611237457044637,-0.0008472843260715747,0.0010871213938254884,-19.736625747680662,10.847625408172608,-8.33156280040741,995.2965234375,-0.09321677917820562,24.012868930783075
2025-03-01T18:13:06Z,40.01245358124001,-75.22966348069794,-17.825612499641704,-0.5230215076750425,-2.148281715562484,-0.4916112283028097,1.5368262921936702,0.02758265522642681,0.20765732774315382,0.000999999993789038,0.0010000000025474798,0.000999999995954547,0.0009999999911496375,0.000999999992016912,0.0009999999856420655,0.000024999254147161187,0.000025000373296436735,0.9724841355446944,12.99573448082951,9.38658086916353,0.014086585328326982,0.00030973245584318054,0.0003362086152763279,0.00978073608816106,0.006184999999999658,0.006184999999999649,0.006184999999999764,0.0010518499999993248,0.0010518499999992883,0.0010518499999993467,-0.2605414884012915,9.592424177166967,0.978342427473368,-0.012189006533446674,0.0025837391586366106,-0.005825831749068218,-21.42918830871582,7.634437767267227,-9.753187897205352,995.2641381835938,-0.13438816256229077,24.75109923894645
2025-03-01T18:13:07Z,40.01089022923622,-75.22981993373953,-17.5375552275844,-0.6039700604212784,-4.27334923458773,-0.5556469261142586,1.5493125813685584,0.019769359328392182,0.20583905169436903,0.0009999999935876842,0.0010000000027883358,0.0009999999959542834,0.0009999999911070132,0.0009999999915804155,0.00099999998589228,0.000025999022401854693,0.00002600038224740627,0.9337502115653954,13.840662865116542,9.947255428585013,0.01330931524203989,0.0003151130208549794,0.00034603647404638725,0.009791781528268659,0.0061859999999996544,0.006185999999999653,0.00618599999999976,0.0010518599999993238,0.0010518599999992874,0.0010518599999993455,-0.5536635822106152,9.624540944393926,1.442813483677575,0.008731275923850649,-0.0009749646647432026,0.006896177962153969,-23.31918842315674,9.202875380516053,-7.180500283241272,995.116494140625,-0.03203612682830344,26.077469231196407
2025-03-01T18:13:08Z,40.01005269515804,-75.22992901410106,-17.77946652923169,-0.5519575019524599,-5.877708670571474,-0.6511646923418342,1.5551624116985994,0.018596838896213334,0.20102914191842383,0.000999999993847426,0.001000000002646705,0.0009999999958692548,0.0009999999908811646,0.0009999999914002994,0.0009999999857997315,0.0000269987310533289,0.00002700039246251922,0.8953221178628163,14.768260888867847,10.640652475323087,0.013873791876327429,0.0003219467373564925,0.0003563992304455281,0.009801750714133212,0.006186999999999652,0.006186999999999652,0.006186999999999758,0.0010518699999993233,0.0010518699999992874,0.0010518699999993455,-0.37495828936849546,9.650569787658446,1.413596858127984,0.004630136631629837,-0.004441205499811293,0.0007307830242421927,-21.429375686645507,10.179000434875489,-9.457500352859498,995.377001953125,-0.01892644518404213,25.53961458030606
2025-03-01T18:13:09Z,40.00909869508754,-75.23004774584561,-18.148250922283943,-0.48305206199527523,-7.256716784012268,-0.7843156082181579,1.5546874341758128,0.018937263780418163,0.19309103657929383,0.0009999999939459966,0.00100000000290176,0.0009999999957984612,0.0009999999910096024,0.000999999991579174,0.0009999999858766218,0.000027998362414775323,0.000028000404157117935,0.8621797113415841,15.814635154859113,11.45123437019045,0.015370954874296485,0.0003298534398947757,0.00036722720943626914,0.009811549740247316,0.006187999999999653,0.006187999999999653,0.006187999999999759,0.0010518799999993237,0.0010518799999992873,0.0010518799999993454,-0.30073045326764797,9.621952031304886,1.247268886122281,-0.0011627297581926497,-0.007644406297698104,-0.0007846953696977006,-22.15537588119507,11.069625425338746,-10.263562889099122,995.418486328125,-0.07241578926192906,26.809238886079488
2025-03-01T18:13:10Z,40.007557445463604,-75.2301872614391,-18.482123005466313,-0.6164582297189896,-8.9505151423633,-0.858915942287376,1.5525817614580164,0.007838845908656408,0.19435421466300914,0.000999999993814891,0.001000000003026671,0.0009999999955579957,0.0009999999908681307,0.0009999999912940526,0.0009999999857145266,0.000028997896138616957,0.00002900041750094709,0.8378685922414486,16.897319970588317,12.347732371636493,0.018403107008385433,0.00033977628197511776,0.00037687175457618607,0.009823576599449092,0.006188999999999654,0.006188999999999654,0.00618899999999976,0.0010518899999993232,0.0010518899999992868,0.001051889999999345,-0.4662843549787063,9.65998155180323,1.5493895565909441,-0.0025678858966399457,0.0013314667988647295,0.010698061346695625,-20.069063272476196,10.20075038433075,-9.54806282043457,995.3654931640625,0.015207446140378052,24.453744718336942
2025-03-01T18:13:11Z,40.00525761218313,-75.23033565301131,-18.74229671298906,-1.059229823242028,-11.238349566774621,-0.9326075893643899,1.5353073497036758,6.2655335612702565,0.1834336837809947,0.0009999999941937994,0.0010000000031634689,0.000999999995262839,0.0009999999907275565,0.0009999999913861885,0.0009999999859344097,0.00002999730766071104,0.00003000043258523042,0.8262864161122253,17.97540080650484,13.29475773020361,0.025158561430899385,0.0003482811794475707,0.00038818864122074336,0.009838662790629655,0.006189999999999655,0.006189999999999655,0.006189999999999761,0.0010518999999993225,0.001051899999999286,0.0010518999999993444,-0.6598238336239247,9.617349464731369,2.3234676773791225,-0.016699224894426823,-0.01153741791113471,0.0247377697651831,-20.611125812530517,12.484688014984131,-6.640125262737274,995.2973095703124,0.13691379655525668,24.995492968899125
2025-03-01T18:13:12Z,40.00231286831675,-75.23046501418082,-19.023675904166883,-1.4073337686232137,-12.1280540247099,-1.0957233762806098,1.5525279363971038,0.01800270851103172,0.2024123310554404,0.0009999999944430896,0.0010000000031574567,0.0009999999950550417,0.0009999999905594848,0.0009999999909687213,0.000999999985845938,0.000030996578565225066,0.0000310004493512152,0.8333766752456697,19.305047444188578,14.321723227615061,0.028994458843878454,0.00035934842524083896,0.0003956576194766783,0.00984151719161668,0.006190999999999654,0.006190999999999656,0.00619099999999976,0.0010519099999993218,0.0010519099999992854,0.0010519099999993435,-0.342977498320339,9.532986013440581,1.2609589665249705,0.019506530691653198,0.01965423941986589,-0.035513859552785146,-20.07562575340271,9.637125406265259,-7.9612503322958945,995.2711889648438,-0.15686689893788183,23.649186925007356
2025-03-01T18:13:13Z,39.99900737206166,-75.23055212671147,-19.372732253102388,-1.400123846584278,-12.121645680529355,-1.1473459883468404,1.545222512559263,0.028005143809397868,0.2046708587622489,0.0009999999943670187,0.0010000000032239422,0.000999999995286394,0.00099999999033552,0.0009999999911988544,0.0009999999858993575,0.000031995710053172625,0.000032000467627482146,0.8575040571386082,20.793760455849434,15.440597440497385,0.030404155504965252,0.00036590594384698996,0.0004053945362281275,0.009849592972310773,0.006191999999999657,0.006191999999999652,0.0061919999999997585,0.0010519199999993224,0.0010519199999992842,0.0010519199999993423,-0.05256532233646138,9.650450149215084,0.746637428379285,-0.003494363755025358,0.001891428110218233,-0.010122247389954384,-10.507125401496888,12.532875537872314,-10.54162540435791,995.3012133789063,-0.09956931177799029,19.457557528097446
2025-03-01T18:13:14Z,39.9953951242487,-75.23058702780209,-19.700740544498984,-1.5976516031653807,-12.035589772236541,-1.1540084124492211,1.5368741544285756,0.035929808780040214,0.20058207307292014,0.0009999999940805415,0.0010000000030500862,0.0009999999955856225,0.000999999990424025,0.0009999999912212927,0.0009999999861758735,0.00003299472006633922,0.000033000487107421885,0.893263566741661,22.3322267653213,16.470486302205472,0.03262420637439879,0.0003684243846781017,0.00041601045583377743,0.009858069382464559,0.006192999999999656,0.0061929999999996545,0.00619299999999976,0.0010519299999993215,0.0010519299999992853,0.0010519299999993434,-0.3261492911740748,9.661531680744888,1.0579220882707738,-0.0028751548857686646,-0.004730280343210944,-0.008145114654036684,-27.592876300811767,11.454000425338744,-11.11706293180585,995.3312451171874,-0.05426116103780836,31.877057605653427
2025-03-01T18:13:15Z,39.99147225218696,-75.23056269063264,-19.985744313341044,-2.140886027441745,-12.147948797418673,-1.2115341563029545,1.5303680656585559,0.011800268815667422,0.19860091513102057,0.000999999993797055,0.001000000002878093,0.0009999999959808131,0.0009999999903837421,0.000999999991045034,0.000999999986301564,0.000033993638530132677,0.000034000507263460626,0.9392396592087059,23.8912782191646,17.299345167608784,0.03723542240156386,0.00036677756351074196,0.00042641367103196177,0.009872025663383962,0.006193999999999657,0.006193999999999657,0.006193999999999759,0.001051939999999322,0.0010519399999992859,0.001051939999999344,-0.6252475490492247,9.557329470949302,1.6407953876822627,0.00040498918468640475,-0.004156134599655799,0.023994550589326338,-22.847625942230223,16.096875772476196,-4.961437678933144,995.3495947265625,-0.06171126271447307,28.385496370255662
2025-03-01T18:13:16Z,39.98734541203056,-75.23047230275799,-20.21626583637312,-2.5919310501636943,-11.441480219743223,-1.2066554499393465,1.5180321157459542,0.037550991120270466,0.21392382422565087,0.0009999999938281733,0.001000000002552951,0.000999999996343721,0.0009999999905267,0.0009999999911314758,0.0009999999865338504,0.0000349925093294804,0.00003500052751302489,0.991892203582528,25.581580774190325,17.96849990251609,0.039037730821932314,0.0003642931388460268,0.00043454989268124604,0.009877048653968648,0.006194999999999655,0.006194999999999655,0.006194999999999761,0.0010519499999993229,0.0010519499999992864,0.0010519499999993446,-0.39816933368558216,9.608811141839823,1.3258790026464553,-0.004467408601611068,0.01489750548094164,-0.024938889225575023,-20.076563301086427,16.884188232421874,-2.9276251304149628,995.3660180664062,-0.07105127755410387,26.395312400881203
2025-03-01T18:13:17Z,39.98324601963656,-75.23032082943804,-20.37461972661904,-3.1136540655700458,-11.010952284149106,-1.1691840061603513,1.5019262055178841,0.03826396828097255,0.21150185323733267,0.000999999993859944,0.0010000000025853018,0.0009999999963502572,0.0009999999906952159,0.0009999999912163914,0.0009999999865836257,0.00003599138483732334,0.00003600054729607488,1.0475622912665878,27.343657911278875,18.39097648757342,0.04343489529682452,0.0003552174862249412,0.00044504346148145613,0.009886405641620868,0.006195999999999654,0.006195999999999654,0.00619599999999976,0.0010519599999993228,0.0010519599999992868,0.001051959999999345,-0.6855466757752371,9.562075208661389,2.016986975117207,-0.006813396492386036,-0.004105229256091009,-0.0006436621825164221,-15.637500686645508,20.537250785827638,-8.04975031375885,995.3914697265625,0.01738106035274276,27.038968805563897
2025-03-01T18:13:18Z,39.97900130420734,-75.23008705323927,-20.3402531570545,-3.712839160036715,-10.06018835253639,-1.079805608545568,1.485612503054055,0.03854537478175174,0.21141621001846206,0.0009999999936358285,0.0010000000023753875,0.0009999999963011582,0.000999999990593597,0.0009999999907132388,0.0009999999863876683,0.00003699031866179456,0.000037000566056599,1.1048309001238479,29.22688463419354,18.54441726645318,0.046351856692218425,0.00034304372300462304,0.00045525139694377217,0.009895686296511948,0.006196999999999656,0.006196999999999652,0.006196999999999757,0.0010519699999993236,0.0010519699999992872,0.0010519699999993453,-0.6793253421324682,9.56175614102423,2.0596988608873623,-0.005693477676879359,-0.0021097375429098815,-2.254159782025863e-6,-13.763438034057618,8.476312861442565,-16.89487561225891,995.3602661132812,0.025416184901438956,23.381927973665274
2025-03-01T18:13:19Z,39.975067491455285,-75.22980256936303,-20.173259135191287,-4.3358548317330525,-8.772286961683491,-0.9604270902053507,1.4711896320881597,0.04074211389329877,0.2121169014195231,0.0009999999935849978,0.0010000000024373047,0.0009999999962545768,0.0009999999904918375,0.0009999999902918918,0.0009999999864833123,0.000037989355341216065,0.000038000583498553974,1.1570079184474715,31.227192198245803,18.438069211103713,0.0471828667064748,0.00032866982068815255,0.00046534013104001896,0.009904605828408559,0.006197999999999654,0.006197999999999651,0.0061979999999997575,0.001051979999999324,0.0010519799999992876,0.0010519799999993457,-0.6807577660528235,9.567897747600243,2.0256030948707173,-0.0035861611341618093,-0.0012253190397366305,-0.0017760986209925831,-17.437688293457033,5.315812706947327,-10.011000375747681,995.3583764648438,0.024262670786794484,20.797808926206752
2025-03-01T18:13:20Z,39.97143625193668,-75.22946889246109,-19.866269037773996,-4.830890393980036,-6.1921755925002735,-0.8574928331074193,1.4627092938231498,0.04114528477082281,0.21289594950684815,0.0009999999933779408,0.001000000002341938,0.0009999999965067327,0.0009999999904053984,0.000999999990127585,0.0009999999865468788,0.000038988513662436086,0.00003900059991086852,1.1907542848579766,33.29822507424537,18.172614109513134,0.040601384722032716,0.00031380967064657177,0.00047540395087629253,0.009913752487941567,0.006198999999999651,0.006198999999999651,0.006198999999999757,0.0010519899999993233,0.0010519899999992869,0.0010519899999993452,-0.324948305963022,9.664767256416427,0.9790203896475537,0.002298669835737793,-0.0013257944835475565,0.00006901343721051273,-17.77218822479248,5.662875180244446,-8.64300040245056,995.331416015625,-0.05999016379114379,20.55767982673322
2025-03-01T18:13:21Z,39.968304267186475,-75.22912465214614,-19.54822802647699,-5.261977904338305,-3.5517879500306297,-0.7758815574504396,1.4515561594105455,0.042696872342690616,0.21426058698179676,0.0009999999931005817,0.0010000000025440188,0.0009999999966178654,0.0009999999905033544,0.0009999999899615048,0.000999999986539335,0.00003998778061918393,0.000040000616053727695,1.1974141852539308,35.45984334394537,17.83832422632377,0.0337677947831304,0.00030071431189404704,0.00048535634355602217,0.009922784366635354,0.006199999999999648,0.006199999999999648,0.006199999999999755,0.001051999999999323,0.0010519999999992866,0.0010519999999993447,-0.27703758883107193,9.689304052631975,0.8327221800338783,-0.001573311717632218,-0.0004141706734548309,-0.001035049620307282,-17.964938278198243,5.433187699317932,-8.385000367164611,995.3331372070312,-0.050975816497866776,20.55637812389229
2025-03-01T18:13:22Z,39.965514335862466,-75.22877350234373,-19.2449509011481,-5.650935787023885,-0.990752300148424,-0.7322348847187214,1.4424570884810357,0.04421124367506139,0.21503235932438294,0.0009999999932900894,0.0010000000026444999,0.0009999999963331196,0.0009999999907707089,0.0009999999903045232,0.0009999999865022856,0.00004098712632328114,0.00004100063264874889,1.1818190566039328,37.71680843751436,17.520080029678788,0.027859357355595252,0.0002903846870277296,0.0004953768524774574,0.009931907023351958,0.006200999999999648,0.006200999999999648,0.006200999999999753,0.001052009999999322,0.0010520099999992859,0.0010520099999993442,-0.27382166231199334,9.681437117891948,0.8117222105894532,-0.0006334811640660177,-0.0007963783890517197,-0.00112217287209433,-17.08143829345703,5.8929377365112305,-8.359312872886658,995.3236547851562,-0.06096323885944474,19.90925265445551
2025-03-01T18:13:23Z,39.96289858219291,-75.22841232992306,-18.967927407472118,-6.012176372433277,1.4814887538292192,-0.7104056654430928,1.4343520041550506,0.045481903444899795,0.21580890512733106,0.000999999993349283,0.0010000000024182989,0.0009999999961641344,0.000999999990866952,0.000999999990693754,0.0009999999865629387,0.00004198651501375541,0.00004200065025340957,1.1508931109024823,40.077155101827934,17.277793057270344,0.023124934931073114,0.0002833262208946625,0.0005053934129068945,0.009941149035919005,0.006201999999999648,0.006201999999999648,0.006201999999999754,0.0010520199999993222,0.001052019999999287,0.001052019999999345,-0.2790459938503758,9.68143722915385,0.8174251040256929,-0.0005927568241182839,-0.0006538433372489132,-0.0009490945038139888,-17.485688190460206,5.671687712669373,-8.534062871932983,995.3028271484375,-0.0606137964371221,20.266857331578557
2025-03-01T18:13:24Z,39.96030036584632,-75.22803570313982,-18.715138078629394,-6.353219065220558,3.9065182395371894,-0.7059247965349782,1.4264133921743134,0.04678541044690488,0.21667651417134182,0.000999999993577277,0.001000000002335216,0.000999999996137398,0.0009999999909067409,0.000999999990365874,0.0009999999867808021,0.000042985909719772694,0.00004300066927200423,1.11074019000542,42.54512636935953,17.147194298680745,0.019478643943727874,0.00027952117018226067,0.0005153997835607254,0.009950478287927465,0.006202999999999645,0.006202999999999645,0.006202999999999751,0.0010520299999993213,0.001052029999999286,0.0010520299999993458,-0.2768022301351619,9.682517893804414,0.8167961716924784,-0.0011927729340861996,-0.00043419908565311136,-0.0010450637645919498,-17.699250907897948,5.6418752145767215,-8.534625382423402,995.2716796875,-0.05992822388865049,20.443385120827003
2025-03-01T18:13:25Z,39.95779315929967,-75.22766666098323,-18.562419856295353,-6.65231154348734,6.1564106452432075,-0.7218718321160901,1.420042167196572,0.04802358886269537,0.21711952030465484,0.0009999999933921922,0.0010000000022806158,0.0009999999964652956,0.0009999999910322531,0.0009999999906345246,0.0009999999868109035,0.00004398527255193937,0.00004400069000545758,1.0660274738445599,45.12486268143174,17.1480941401526,0.016827264923343844,0.00027864957086690654,0.0005254580423532904,0.009959897469837595,0.006203999999999644,0.006203999999999644,0.006203999999999749,0.001052039999999321,0.0010520399999992863,0.0010520399999993453,-0.275416875972509,9.683191926318058,0.8244839291213832,-0.0007251108500997258,-0.000664024335476969,-0.0011323539097926887,-17.899125728607178,5.456625185012817,-8.608312816619874,995.2760522460937,-0.058902946632409345,20.597437228416698
2025-03-01T18:13:26Z,39.95524939243889,-75.22729931077363,-18.505849184186015,-6.924119073205788,8.282454706776965,-0.7594612060326319,1.414626451141372,0.04932939410492703,0.21741721094363609,0.000999999993661643,0.0010000000021549904,0.0009999999964363435,0.0009999999905913708,0.0009999999903851622,0.000999999987154867,0.000044984562915360126,0.00004500071269628174,1.020164320522847,47.81882690442309,17.290633401893686,0.015038036019537921,0.00028041699203648044,0.0005355283196098421,0.009969382980719567,0.006204999999999646,0.006204999999999646,0.0062049999999997515,0.0010520499999993214,0.0010520499999992854,0.0010520499999993442,-0.2742917270633407,9.679928965081608,0.8135403666609794,-0.0006720357053764761,-0.0006444967149646574,-0.0013154465875983364,-17.841938247680662,5.503125200271606,-8.766375389099121,995.2816625976562,-0.06335001486369592,20.626836706396933
2025-03-01T18:13:27Z,39.95249210169834,-75.22692338211559,-18.52411163120232,-7.185795210655449,10.330578728677272,-0.8079771750756173,1.409478756439743,0.05006715789886378,0.21734819586326043,0.0009999999937312168,0.0010000000022565524,0.0009999999965203481,0.0009999999905078605,0.0009999999903510639,0.000999999987254242,0.00004598373509571253,0.000046000737569342394,0.9756632575657804,50.63205555233463,17.582105257707482,0.014025567283532332,0.0002844193281174428,0.0005456429800305417,0.009978975854185836,0.006205999999999646,0.006205999999999646,0.006205999999999751,0.0010520599999993222,0.0010520599999992858,0.0010520599999993441,-0.2745395094316399,9.680599744158815,0.8108448436295861,-0.0010712675668683959,-0.0010000000325857087,-0.0009185513741485521,-17.829938220977784,5.6443126773834225,-8.72737539768219,995.2789965820313,-0.06313570361177014,20.63807041527164
2025-03-01T18:13:28Z,39.94923011550446,-75.22652306518208,-18.577056426167015,-7.45129379451769,12.517711531738021,-0.8749750342739726,1.4067448524871493,0.05007483383387969,0.21703501392384497,0.0009999999937301866,0.001000000002272627,0.0009999999966731003,0.000999999990368141,0.0009999999906016794,0.0009999999871555592,0.00004698273356574122,0.000047000764879131675,0.9340390492576534,53.57634105453176,18.029625128369123,0.013770627031048399,0.00029034546321932,0.0005557825677487439,0.009988672763106957,0.006206999999999644,0.0062069999999996425,0.00620699999999975,0.0010520699999993213,0.0010520699999992849,0.001052069999999343,-0.2272982577060976,9.694560424051998,0.6525151681485344,0.000870147487839012,-0.0013354749727125786,-0.0003841281294711976,-17.15156322479248,5.649937705993652,-8.288250331878663,995.2521557617188,-0.06261241895139498,19.869348135112705
2025-03-01T18:13:29Z,39.94544499888919,-75.2261110152711,-18.73308128831351,-7.666859014795597,15.211330686295526,-1.0066350997953109,1.4051820143047071,0.04991033838900997,0.21732121221979153,0.0009999999938846227,0.0010000000022741878,0.0009999999965563061,0.000999999990300596,0.000999999990644979,0.0009999999872919675,0.00004798147810935126,0.0000480007950161117,0.8956107172618133,56.70138544868918,18.650728209233595,0.015088688286739984,0.0002981107270631071,0.0005657973969193825,0.009998412771923364,0.0062079999999996435,0.00620799999999964,0.006207999999999748,0.0010520799999993212,0.0010520799999992848,0.001052079999999343,-0.029235307764200958,9.745604728696458,0.03995714642067647,0.001209294319791609,-0.0007047487397137677,-0.00030768659664323075,-17.038500785827637,5.2756877040863035,-7.858312826156617,995.2511865234375,-0.03634877892112479,19.49088231293715
2025-03-01T18:13:30Z,39.9409378914131,-75.22569210416218,-19.08601469662677,-7.765175797830909,18.84186800305835,-1.273537313340445,1.3968279511949935,0.049788051845765714,0.21485229951748905,0.0009999999936841808,0.00100000000253047,0.0009999999966099644,0.0009999999900926436,0.0009999999904276473,0.0009999999872064495,0.00004897983453040899,0.00004900082860216355,0.8624142540247817,60.13306597121848,19.47414663296728,0.02115804531880878,0.0003069855108795383,0.0005761025472138291,0.010008194596064153,0.006208999999999644,0.006208999999999637,0.0062089999999997494,0.0010520899999993216,0.0010520899999992856,0.0010520899999993435,0.36043586071198774,9.818545904793053,-1.0294351711437437,-0.006599593871740637,-0.003311105099076814,-0.0011425350428332392,-19.347563343048094,5.25787522315979,-5.1710627118498085,995.2707055664063,0.09643700723147652,20.705343482982776
2025-03-01T18:13:31Z,39.93473422253277,-75.22526112319024,-19.568075028814327,-7.983938539389767,21.66278886275156,-1.51507000498657,1.379851722488649,0.05395299425609927,0.20264698297768816,0.000999999993726604,0.0010000000024749183,0.0009999999966866186,0.0009999999901153349,0.0009999999903098735,0.0009999999869844645,0.000049977636430943075,0.000050000866106192884,0.844894399397559,63.7092001236538,20.470509120448497,0.029029102489260074,0.0003153109405753006,0.0005875130197533447,0.010017779488181961,0.006209999999999644,0.006209999999999635,0.00620999999999975,0.001052099999999322,0.001052099999999286,0.0010520999999993439,0.1764611416084062,9.73253184246373,-0.38691129949252195,-0.01632419387154509,-0.012030615656606528,-0.007844689751411008,-17.759438304901124,8.239687843322754,-4.272937672138214,995.236923828125,-0.041021221030979556,20.038614442321915
2025-03-01T18:13:32Z,39.92639108915686,-75.22486544074441,-20.087384957163742,-8.346849247973909,23.628841555452464,-1.6708615430101672,1.3656949716542912,0.05353285475124256,0.1952065526261701,0.0009999999940363492,0.001000000002124212,0.0009999999966761011,0.0009999999898999297,0.0009999999902177703,0.0009999999866316647,0.00005097475539451839,0.00005100090748840709,0.8533899856509343,67.41460435287145,21.58658446080995,0.03709842848533363,0.0003232922866710132,0.0005978540673559689,0.010027621615946829,0.006210999999999646,0.006210999999999636,0.006210999999999751,0.001052109999999322,0.0010521099999992855,0.0010521099999993436,0.03592922904007385,9.709991557436693,0.12306785566458266,-0.016251257580832033,-0.008014763776301689,-0.003535088751352237,-17.336250762939454,12.82593801498413,-3.839062662124634,995.2012133789062,-0.0722362418308957,21.904028336604807
2025-03-01T18:13:33Z,39.91569047779635,-75.2245608020796,-20.491633745605412,-9.18286459004813,24.160008347261186,-1.6932609280704767,1.3647157849892784,0.051754245904469816,0.21763667994933805,0.000999999994058699,0.0010000000019628696,0.0009999999965526552,0.0009999999901262782,0.000999999990594108,0.000999999986505734,0.00005197116278319112,0.00005200095214196462,0.8886724846037368,71.12556135809051,22.648304716214184,0.04136327358514109,0.00033278312675611967,0.0006036452543778509,0.010037262689940311,0.006211999999999646,0.006211999999999636,0.006211999999999752,0.0010521199999993225,0.0010521199999992843,0.0010521199999993444,-0.4610103448589285,9.634229939317924,0.8385277042524754,-0.007882243042017272,0.021156365721757,0.002770337746388572,-17.415563373565675,16.262625646591186,-4.186500165462494,995.1549633789062,-0.10150578363085988,24.192957055804392
2025-03-01T18:13:34Z,39.90324749374452,-75.22439492844168,-20.749298100912032,-10.107345350617637,24.16508013923235,-1.735215614554173,1.3650431978917497,0.07375669759840388,0.27895586133747435,0.000999999994193417,0.0010000000019155123,0.0009999999962095076,0.0009999999903465813,0.0009999999907142588,0.0009999999862679346,0.00005296695038406731,0.00005300099902323016,0.9446137879662817,75.06284507872275,23.57209177505838,0.04696448187131001,0.00034671505699277616,0.0006018460531385766,0.010045000503839167,0.0062129999999996485,0.00621299999999964,0.006212999999999754,0.0010521299999993229,0.0010521299999992839,0.0010521299999993448,-0.5443701446686132,9.629911795296296,0.5084718215400678,-0.012423171154283768,0.06433198766186783,-0.013573633211131489,-17.473688268661498,19.21537582397461,-4.54031268119812,995.1354541015625,-0.12446494284796945,26.366118711989927
2025-03-01T18:13:35Z,39.890305576601016,-75.22438294277535,-20.747259010477258,-10.80268241998798,24.222197761610218,-1.3761931166907857,1.4296227100358738,0.051249271767374066,0.30576042916120916,0.00099999999390537,0.0010000000019632859,0.0009999999957791494,0.0009999999902627374,0.000999999990953404,0.00099999998604597,0.00005396230053031161,0.00005400104672709011,1.0203813168162579,79.6185999985865,24.30793218899888,0.05758540078145484,0.00034904859404353964,0.0006043312822698742,0.010055935449547984,0.006213999999999648,0.006213999999999639,0.006213999999999754,0.001052139999999323,0.0010521399999992831,0.0010521399999993447,-0.21061126097828636,10.148635823565792,-0.5176502893631626,0.05157509498425317,0.02251829418482924,0.021724170041964096,-13.958813076019288,18.33543821334839,-10.478250365257264,995.1499072265625,0.38085767315960384,25.314579229396937
2025-03-01T18:13:36Z,39.877868421137094,-75.22451320494865,-20.53962079463193,-11.035271834680982,23.10362057343685,-1.4405612206397795,1.412697146828383,0.039878228771206,0.3237661022815967,0.0009999999938217034,0.001000000001851143,0.000999999995723286,0.0009999999903459662,0.0009999999911364129,0.0009999999860072874,0.00005495751670834928,0.0000550010936089271,1.1101671680323455,84.0177354471925,24.66795371482146,0.06281183141609653,0.00034529947724952666,0.0006077194527524597,0.010066339244047928,0.006214999999999647,0.006214999999999638,0.006214999999999753,0.0010521499999993234,0.0010521499999992835,0.001052149999999345,0.0646653304996425,9.598769060727015,-0.20901866374732075,-0.030804693836548575,0.016479745390115576,0.008838928281138192,-16.856625747680663,16.866188106536864,-9.518625364303588,995.1743505859375,-0.18175922319491508,25.675197357080823
2025-03-01T18:13:37Z,39.866811817589905,-75.224741531301,-20.14134199330754,-10.454741821470611,20.659030067628763,-0.9686978498550878,1.452711773465335,0.04882101437201611,0.26807350253969026,0.0009999999939798833,0.0010000000020045057,0.0009999999957226635,0.000999999990326067,0.0009999999909767999,0.0009999999860624154,0.000055952978597268136,0.00005600113894551533,1.1911296389912298,88.3739511721256,24.8589893961405,0.0583341912426558,0.0003213406297968797,0.0006277117897195756,0.010075842400742418,0.0062159999999996446,0.006215999999999637,0.006215999999999751,0.0010521599999993234,0.0010521599999992832,0.001052159999999345,0.36250963597493296,9.97348124885374,0.9618319518528183,0.029186900529419947,-0.05349364722875516,-0.02103636482945529,-19.419750728607177,12.954563007354736,-9.477375402450562,995.1978466796875,0.24357893478532838,25.19455322597839
2025-03-01T18:13:38Z,39.8584406722377,-75.22496185938554,-19.682644211435015,-9.94183551074926,18.374816082664424,-0.8449850571650782,1.467289377746589,0.04551466675937953,0.19141696306568817,0.0009999999942223968,0.0010000000021505946,0.0009999999955219892,0.0009999999905418637,0.0009999999908017155,0.0009999999860499324,0.00005694896021015129,0.000057001183255589704,1.245061483165239,92.65545345647868,24.729253834901275,0.05224375923021208,0.0002923523889059904,0.0006509177170307813,0.010086503597946267,0.006216999999999644,0.006216999999999635,0.0062169999999997505,0.0010521699999993224,0.0010521699999992825,0.0010521699999993463,0.22419991599381073,9.686126745941158,0.7906712485540865,0.006978795834024998,-0.07637170132620587,-0.008315356419778416,-20.573438358306884,14.362125568389892,-6.783750281333924,995.2760595703126,-0.061528608189761615,25.991414943017038
2025-03-01T18:13:39Z,39.85238501455457,-75.22513430540391,-19.346894541288435,-9.803876907775152,16.281729946946154,-0.6916106621741888,1.4742286680593275,0.030114927989355014,0.14621649810545786,0.0009999999946192447,0.001000000002424187,0.0009999999955298084,0.0009999999904891103,0.000999999990722062,0.0009999999863476083,0.00005794554698528426,0.00005800122748139708,1.2685364934841357,96.95624043313556,24.392245210288998,0.04466706561514554,0.00027133936007571957,0.0006669468643119715,0.010097583965845468,0.006217999999999642,0.0062179999999996335,0.006217999999999748,0.0010521799999993217,0.0010521799999992818,0.001052179999999347,-0.0723858789396128,9.741536902425523,0.9191599493667559,-0.00005315969590507163,-0.04628544217320786,0.008692387254112796,-18.58968828201294,13.256250591278077,-5.26668771982193,995.3509130859375,0.002859566948787532,23.431609321250512
2025-03-01T18:13:40Z,39.84752529687896,-75.22528771041897,-18.94262384541534,-9.899608063060736,14.396979102629167,-0.44285641370274714,1.496185622134729,0.0198575268371786,0.11988828775649495,0.0009999999944473707,0.0010000000025022684,0.0009999999957885663,0.0009999999903282744,0.0009999999907035428,0.0009999999862085347,0.00005894268315305256,0.00005900127261711332,1.2653570691307063,101.39768650477185,23.992416877116774,0.03774818746714531,0.0002564686033303959,0.0006795390579449861,0.010108230151995901,0.006218999999999644,0.006218999999999635,0.00621899999999975,0.0010521899999993219,0.0010521899999992828,0.0010521899999993472,-0.13982293798957035,9.873433751963708,0.8346442731910918,0.015390703612769762,-0.026851597486816686,0.006225228716210262,-17.86275074005127,13.987875595092774,-6.766687755584717,995.3538208007812,0.12764264135263909,23.675392118146352
2025-03-01T18:13:41Z,40.02720116617947,-75.22680952517035,-18.452243208852728,-8.584736894516432,-1.7829107594156384,-0.2654504929611599,1.5385127900506692,0.009885150963430072,0.021398260978040463,0.000999999994321386,0.0010000000024418677,0.0009999999956802508,0.0009999999906385754,0.0009999999909356366,0.0009999999861137348,3.092067397197204e-10,3.0920670320363044e-10,0.6462661960373264,0.013647332248165148,0.013640191638855862,0.015957486245500738,0.00014126325234253855,0.0001833261104256084,0.009243002323714103,0.006219999999999644,0.006219999999999635,0.006219999999999751,0.0010521999999993207,0.0010521999999992837,0.001052199999999346,-0.08139883753350431,9.667359398839356,0.7593991596070323,0.012785181264363467,-0.022644975262866043,0.003245510590860423,-18.601125831604005,14.006438064575196,-4.985812697410584,995.33056640625,-0.08266429219571415,23.81256181956463
2025-03-01T18:13:42Z,40.027150621496034,-75.2268351489996,-18.286307343213355,-8.148690330955006,-2.589413023245527,-0.2995006309887073,1.5368473794901556,0.0032701960885777926,6.243059084784778,0.0009999999942366944,0.0010000000025497033,0.0009999999957343313,0.0009999999906966058,0.0009999999906591523,0.0009999999862885106,1.0003092069861784e-6,1.0003092074273682e-6,0.6882345729033812,0.04390090100522891,0.02841608137355653,0.01509584054339881,0.00014747448056524892,0.00019569950233718096,0.009241660615681425,0.006220999999999641,0.006220999999999632,0.00622099999999975,0.0010522099999993218,0.0010522099999992847,0.001052209999999346,0.37898023883541804,9.691207924522502,1.1224302376750592,-0.0028936806187172598,-0.06595528828688013,0.004355247975786767,-19.77993827819824,14.927438039779663,-1.4287500542774796,995.29021484375,-0.016706142057228472,24.821627096194536
2025-03-01T18:13:43Z,40.02709811980428,-75.22686953436796,-18.131663126481527,-7.97398263056514,-3.243392281647923,-0.38769855107333756,1.5397098931912132,0.024693465139246973,6.188702830295684,0.0009999999943484583,0.0010000000025760447,0.0009999999955658868,0.0009999999908370796,0.0009999999902837512,0.0009999999857603203,2.000309208214555e-6,2.0003092111541327e-6,0.7221380624762376,0.12503119201974278,0.06808819487398161,0.014495336364367438,0.00015439648318702867,0.00020748444835535002,0.00925071486557034,0.006221999999999642,0.006221999999999632,0.006221999999999748,0.0010522199999993217,0.0010522199999992857,0.0010522199999993464,0.07972834178526697,9.639368649214399,0.9365157522416169,0.001951678583783674,-0.05800570041883537,-0.023446777131132423,-19.334438219070435,13.786313095092773,1.4111250561475754,995.2547900390625,-0.09489871507583322,23.788059801388815
2025-03-01T18:13:44Z,40.027042047641885,-75.22690907426406,-18.00600312380544,-8.538149782451715,-3.3987240379288237,-0.40201796333601353,1.5429116232665454,0.024643117320184607,6.241319682857306,0.0009999999941062323,0.0010000000026877203,0.0009999999956242,0.0009999999908922865,0.000999999990086937,0.0009999999855070908,3.0003092087481086e-6,3.000309222238888e-6,0.7487523494082152,0.23254171627884687,0.1379771076130909,0.013984451497796771,0.0001645419051808569,0.0002160796887856617,0.009254074256404314,0.006222999999999639,0.006222999999999631,0.006222999999999745,0.0010522299999993212,0.0010522299999992848,0.0010522299999993455,-0.7979694621416414,9.710789131161976,0.443626329762173,0.00035408366156729275,0.048439322504637325,0.0013009241356612819,-13.598625555038453,14.627438106536864,3.8908126640319822,995.2399096679687,-0.02635273989496394,20.34750402834143
2025-03-01T18:13:45Z,40.026977713038,-75.22694463707177,-17.78829039874123,-9.43613678302281,-2.4408188620768083,-0.44277473526352273,1.5399219850577857,0.028497943805587372,0.09332048496490805,0.0009999999941744928,0.0010000000027984308,0.0009999999956983746,0.0009999999910316455,0.000999999990274011,0.0009999999858216313,4.000309194947686e-6,4.000309249123457e-6,0.7709722049582396,0.3269710716179319,0.25565372280365234,0.014304123045032625,0.00017845883341215533,0.00022103041143191834,0.009260705765185359,0.00622399999999964,0.006223999999999632,0.006223999999999746,0.0010522399999993207,0.0010522399999992834,0.0010522399999993452,-1.1273526122286361,9.698718436254097,-0.764506557833852,-0.008382951499794416,0.13097182907691265,-0.00036409953526648424,-19.216688241958618,13.98937551498413,0.7132500410079956,995.1447802734375,0.013827551304887229,23.780034607067734
2025-03-01T18:13:46Z,40.02689649520812,-75.2269719792415,-17.18638225447803,-9.240794280169498,-1.8209009302167298,0.3092786322647855,1.6100241006927911,6.26082099849258,0.11637498537733121,0.0009999999941036441,0.0010000000026967925,0.0009999999956992209,0.0009999999909584638,0.0009999999900199073,0.0009999999857167763,5.000309121711489e-6,5.00030930488643e-6,0.7905161531230965,0.49274993251906823,0.3916674325889205,0.014476519972049802,0.00018805469288635306,0.00023019730803279178,0.009240298458772797,0.006224999999999643,0.0062249999999996345,0.006224999999999749,0.0010522499999993198,0.0010522499999992838,0.0010522499999993454,0.24470300163662845,10.476731720603688,-0.7305317384681799,0.06828224676060149,0.018181154472390045,0.05055698758958891,-17.844375886917113,9.920625386238099,-12.079312958717345,995.0674267578125,0.7248773152234903,23.722309168145802
2025-03-01T18:13:47Z,40.02679263114116,-75.22699629849376,-16.040410687568706,-8.339374018702417,-1.6980818986318023,0.5741737147116955,1.6361507572009435,6.253294748990647,0.046077381861130785,0.0009999999941465744,0.0010000000029926149,0.0009999999959125875,0.0009999999906872825,0.0009999999899297386,0.000999999985644281,6.000308883644167e-6,6.000309404454444e-6,0.8061938048459811,0.7098716542905936,0.5372728898664745,0.014301300657954274,0.00019359226207622555,0.00024350998401970252,0.009241228411983226,0.006225999999999644,0.0062259999999996355,0.00622599999999975,0.0010522599999993202,0.0010522599999992837,0.0010522599999993453,1.1931381478120242,9.94727976226537,-0.6803622345232548,0.022161956368441014,-0.075097897676705,0.011166389976941499,-19.920000820159913,13.049625539779663,-6.521062798500061,994.91931640625,0.2615008149603249,24.690502486031775
2025-03-01T18:13:48Z,40.02664675688398,-75.22702390136612,-14.68000444408173,-7.973061517831757,-2.027247073604239,0.4910276835240893,1.6235591641536837,6.264072764218301,0.007178625243415177,0.0009999999938754007,0.0010000000032005275,0.0009999999961972663,0.000999999990699898,0.0009999999901525827,0.0009999999854663647,7.000308276754802e-6,7.000309565084851e-6,0.8167440245606019,0.9785878615493087,0.7232474772763076,0.01387838338870769,0.00020055752695706218,0.0002552248837319638,0.00924957073656606,0.0062269999999996425,0.006226999999999633,0.006226999999999748,0.0010522699999993192,0.001052269999999283,0.0010522699999993448,0.6205062602939693,9.62140283215333,-0.3750256380546637,-0.016043796885789666,-0.04506738415361083,-0.008485597095215226,-22.83937587738037,14.146688070297241,-3.564000154733658,994.6873803710937,-0.1314352049325032,27.101018796766194
2025-03-01T18:13:49Z,40.026467594916106,-75.22705446234158,-13.600015287998193,-7.932553947108136,-2.0133182088461634,0.1227287395648485,1.594655761739692,0.0012902969979888467,6.28042491897261,0.0009999999937088965,0.0010000000029717212,0.000999999996080396,0.0009999999907149796,0.0009999999901097335,0.000999999985535836,8.000306957429762e-6,8.000309809729645e-6,0.8229067109375853,1.2696847255992338,0.9395303702400957,0.013655213569716402,0.00020878523326778873,0.0002657442541517278,0.00926139115670846,0.0062279999999996435,0.006227999999999635,0.00622799999999975,0.00105227999999932,0.0010522799999992836,0.0010522799999993452,0.15525131771891337,9.345444956458389,-0.5239912722716886,-0.031176719529033798,-0.015467314025241022,-0.02023205899561565,-22.060500774383545,12.378562984466553,-2.176500079035759,994.5991748046876,-0.41870791757840753,25.38954688858012
2025-03-01T18:13:50Z,40.026250451635434,-75.22708711553975,-12.785665886958666,-8.027358189599823,-2.2324981794723717,0.07362000640780965,1.575041551329811,6.257334158186656,0.019906540065939022,0.0009999999939960947,0.0010000000026316063,0.0009999999962622744,0.0009999999908292282,0.000999999990151818,0.0009999999857458618,9.00030439887917e-6,9.000310165143645e-6,0.825705060690574,1.6296625744596125,1.2001027070820978,0.01325244993717283,0.00021849799808112445,0.0002750347570427906,0.009257643708774447,0.006228999999999645,0.006228999999999637,0.006228999999999751,0.00105228999999932,0.0010522899999992836,0.0010522899999993456,0.06215482555006212,9.686048263234154,-0.06933273662839379,-0.021281211519107696,0.019103459857030866,0.026423822768679554,-22.716563262939452,13.593375558853149,-3.798937660455704,994.5410107421875,-0.09359875697274712,26.74418288229506
2025-03-01T18:13:51Z,40.025958863734,-75.22712332060264,-11.803346099547861,-8.080977306560223,-2.2394972392577417,0.3463285865499056,1.6057675079449816,6.247704573608863,0.03184907389822056,0.0009999999939111503,0.0010000000027302653,0.0009999999963031605,0.000999999990870528,0.0009999999899754565,0.0009999999857787005,0.000010000299851088353,0.000010000310664463002,0.8258943356087843,2.0407211597182116,1.5073328182650643,0.013066311286324832,0.00022792030760380156,0.000284663505748317,0.009260862952468387,0.006229999999999648,0.006229999999999634,0.006229999999999749,0.0010522999999993204,0.001052299999999284,0.0010522999999993455,0.3105056236645021,9.994179080960503,-0.36670306132794667,0.029034185404125935,0.008325868939196443,0.008865465962204857,-22.49268823623657,13.18387553215027,-2.7511876142024994,994.3899584960938,0.225629449881014,26.21644465101113
2025-03-01T18:13:52Z,40.02559276107414,-75.22716392375938,-10.627343839933168,-7.895925093289132,-2.7153099085440924,0.4545978905672194,1.595238861045399,6.255793674157241,0.026366592325216216,0.0009999999938983047,0.0010000000028012408,0.0009999999964142752,0.0009999999905866272,0.000999999989806438,0.0009999999858531687,0.000011000292292879052,0.00001100031134369503,0.8239633875500839,2.5285979157402343,1.8443293221179593,0.01277719257961824,0.00023654827299034317,0.0002949230640833079,0.009271251941585769,0.006230999999999651,0.006230999999999635,0.00623099999999975,0.0010523099999993205,0.0010523099999992843,0.0010523099999993459,0.5528403784275849,9.833618709123726,0.006060784819705957,-0.01265900538816003,-0.009096461712480585,-0.008515639542945971,-23.970188484191894,14.745375576019287,-2.766562614440918,994.2479833984376,0.06910780071403083,28.27803096032696
2025-03-01T18:13:53Z,40.02516943328004,-75.22721349040098,-9.557227868149809,-8.14149435636379,-3.766158895767442,0.2480885460245277,1.595997002366288,6.269954082724839,0.020794133402212023,0.0009999999941268168,0.001000000002604073,0.000999999996284036,0.0009999999909854112,0.00099999998993487,0.0009999999860751652,0.000012000280382183164,0.000012000312244632867,0.8189693403964433,3.114078548120321,2.220600966539831,0.012374447403175027,0.00024538696680673753,0.00030513554612883584,0.00928430357239388,0.00623199999999965,0.006231999999999632,0.006231999999999751,0.0010523199999993202,0.0010523199999992838,0.0010523199999993458,-0.0013190467693982779,9.554856935180407,0.6445436746936137,-0.0009185511707005828,-0.008615447575995309,-0.014652827732262608,-23.19637586593628,14.711625566482544,-2.1054375904798506,994.1544360351562,-0.20335312207327155,27.54875407454459
2025-03-01T18:13:54Z,40.02467087687782,-75.22727641923306,-8.726004405299346,-8.569445875770084,-5.152999482226409,0.04238445276648595,1.5907771725629403,6.271007354758992,0.0252870760960303,0.0009999999939425638,0.001000000002648444,0.00099999999621182,0.000999999990885887,0.0009999999897016588,0.0009999999861404771,0.000013000262408493634,0.00001300031341820172,0.8108860652434695,3.826264603976595,2.6492027897759796,0.012665632529784818,0.0002550712433926241,0.0003149380568226524,0.009293477194085508,0.006232999999999652,0.006232999999999635,0.00623299999999975,0.0010523299999993195,0.0010523299999992833,0.001052329999999345,-0.2632134826747021,9.569692396161336,1.0286315859885173,-0.0062636182175365455,0.0023292135790058894,-0.0017737621797388238,-22.781250762939454,13.707375602722168,-2.811937608718872,994.07216796875,-0.15135812078325173,26.735403707882387
2025-03-01T18:13:55Z,40.024183584162714,-75.22735410643291,-8.290354252761473,-9.059545814037296,-7.032726410618055,-0.23884665169775893,1.6031810537625768,0.005821582419121719,0.03092768740759738,0.0009999999942424587,0.0010000000030350555,0.0009999999958990814,0.000999999990859829,0.000999999989700769,0.0009999999862652703,0.000014000236245647812,0.000014000314922843174,0.8018160567902444,4.729554486532355,3.13120172570949,0.014727652526273678,0.00026512603839209064,0.00032469344148713936,0.009308907122079208,0.006233999999999656,0.006233999999999638,0.006233999999999753,0.0010523399999993188,0.0010523399999992828,0.0010523399999993444,-0.4581860342485502,9.52333635367457,1.5587280922276825,0.012065996969436783,0.003851868775757543,-0.018569873040637043,-24.06337594985962,13.05937557220459,-1.7298750729858876,994.11310546875,-0.11864159221533666,27.433246899583093
2025-03-01T18:13:56Z,40.0236605279036,-75.22744932784131,-8.171891049671455,-9.45859644140966,-8.97516762687621,-0.4676875631002576,1.5767162149794243,6.27642036406025,0.014720821106722714,0.0009999999943839746,0.0010000000028655305,0.0009999999962259064,0.0009999999907903013,0.0009999999895665822,0.0009999999861568074,0.000015000199390419677,0.000015000316820532407,0.7968267232324386,5.811633731587798,3.666916403010521,0.018874860346213745,0.0002744217803904861,0.00033533046307054854,0.009314360530077089,0.006234999999999653,0.006234999999999636,0.00623499999999975,0.0010523499999993194,0.001052349999999284,0.0010523499999993448,-0.40016269825195694,9.56929353777264,1.7641453961969693,-0.02617780996915182,-0.016760311181059057,0.012622284377592958,-23.68875093460083,14.443688077926636,-2.3278126001358035,994.1362524414062,-0.04058334886546442,27.842286748279395
2025-03-01T18:13:57Z,40.02302193001929,-75.22755996058886,-8.248503581065954,-10.012771115303824,-10.942436870805725,-0.6875160433873362,1.5841151187936282,6.272986943775093,0.004292499089470613,0.0009999999945236792,0.001000000002766307,0.000999999996267802,0.0009999999904650718,0.0009999999892866189,0.0009999999862972,0.00001600014922377518,0.000016000319166666643,0.803074618240559,7.0871039996363185,4.261148717628674,0.02535570076535653,0.00028336067406876253,0.0003457490486904891,0.009323238154161686,0.006235999999999656,0.0062359999999996385,0.006235999999999753,0.0010523599999993183,0.001052359999999283,0.0010523599999993439,-0.4671689226528135,9.560013206103854,1.9848074305525203,0.00846089337340539,-0.010798871942087833,0.0033812021918542073,-25.142063484191894,13.864500579833985,-3.191625120639801,994.1273559570312,-0.004097590946973951,28.888254898182968
2025-03-01T18:13:58Z,40.02219739559785,-75.22767312517111,-8.399144250808105,-10.276220129813954,-11.64534112766161,-0.8037135162460854,1.585580912963291,6.280502403940279,0.0014142467887699938,0.000999999994321386,0.001000000002567865,0.0009999999965787179,0.000999999990240819,0.0009999999892230137,0.0009999999861212035,0.000017000083604054963,0.000017000321992143303,0.8250581053737949,8.22237291369607,4.872823983963158,0.02854473683029812,0.00029098384556777815,0.0003558810324736652,0.009335560976486024,0.006236999999999652,0.006236999999999641,0.006236999999999752,0.0010523699999993189,0.0010523699999992835,0.0010523699999993442,-0.19609480511222022,9.636771097816244,0.8362486461612155,0.0038360130641265228,-0.0029547672388888137,-0.007444623224160987,-24.863813552856445,13.845750579833984,-1.8656250805035233,994.0939770507813,-0.10409620355078136,28.52002271097392
2025-03-01T18:13:59Z,40.02117287621466,-75.22776207330807,-8.436409948736127,-9.707172917266869,-9.631090144792271,-0.6818959303142705,1.5892835935074592,6.276678417719244,0.005171783692935019,0.000999999994205428,0.0010000000026683835,0.0009999999963917576,0.000999999990060925,0.000999999989471339,0.000999999985478975,0.00001800000105923253,0.000018000325312048218,0.8513851360427748,8.758359371630178,5.451873823534872,0.021624822829830245,0.0002971578707857886,0.00036573911253383996,0.009344078234300555,0.006237999999999649,0.006237999999999644,0.006237999999999753,0.0010523799999993192,0.0010523799999992839,0.0010523799999993446,0.6108447482487472,9.816073329287185,-1.7335232406423051,0.00733830403067955,0.004334885846346948,0.003968366787755467,-23.05837579727173,11.96943796157837,-1.0387500406056642,994.04556640625,0.20738093910318273,26.000625029404272
2025-03-01T18:14:00Z,40.01999593974544,-75.22781133864002,-8.269982069883627,-9.051060964349892,-6.968316528335909,-0.5137328523949394,1.5815259120226937,6.2713725213890745,0.010768632391677233,0.0009999999937237527,0.0010000000026694203,0.0009999999966594602,0.00099999998996672,0.0009999999896579746,0.0009999999855003212,0.000018999899617273032,0.000019000329178245335,0.8629843064167099,9.267948273506251,6.05140946947004,0.015821250243327784,0.00030278111048451825,0.0003755024882550178,0.00935193875637481,0.006238999999999651,0.0062389999999996415,0.006238999999999751,0.001052389999999319,0.0010523899999992834,0.0010523899999993443,0.7485811149673313,9.855585627693886,-2.244643877932583,-0.003566132624427623,0.006545682262913375,0.005474165118232253,-22.877063236236573,12.47268801689148,-1.220250055938959,994.0003100585938,0.3560731871314723,26.084752847629606
2025-03-01T18:14:01Z,40.01849738290552,-75.2278178325749,-7.879276192686585,-8.587001069214848,-4.6760179121579535,-0.5018732004465551,1.5638046208010918,0.009990930203931584,0.04512566098640745,0.000999999993994979,0.001000000002740081,0.0009999999966693067,0.0009999999901145877,0.0009999999897823612,0.000999999985564454,0.000019999775719626266,0.000020000333689923375,0.8578423257618419,9.983649974987301,6.689905766057115,0.013698069590267571,0.0003101163046718984,0.0003840319042365761,0.00936870079832026,0.00623999999999965,0.006239999999999642,0.0062399999999997475,0.001052399999999319,0.0010523999999992827,0.0010523999999993445,0.5121408171325355,9.729253760017269,-1.6114493975605937,-0.013115484841495604,0.035641705494704315,-0.02162686738117077,-21.579563217163084,12.819375562667847,-2.1435000893473624,993.8728369140625,0.09526597399826768,25.191386902204954
2025-03-01T18:14:02Z,40.01650216255488,-75.22778609021478,-7.319544755915744,-8.161360980064547,-2.6951652884760473,-0.5405896561855192,1.5427971841569084,0.027398573324536872,0.03132653107260954,0.0009999999942066776,0.0010000000028092557,0.0009999999967342684,0.000999999989894731,0.0009999999899492323,0.0009999999855620435,0.000020999624053939367,0.000021000338965829068,0.843853978611549,10.867684820737493,7.3803567739909575,0.013514234120059372,0.00031675947312472864,0.00039457375921504934,0.009384157862778426,0.006240999999999647,0.006240999999999645,0.006240999999999751,0.0010524099999993197,0.0010524099999992833,0.001052409999999345,0.32042276861007646,9.69840466176994,-0.9964534515430364,-0.015993725862339117,-0.01164006301514503,-0.017578469161474725,-20.985188274383546,11.107687921524048,-2.979562623500824,993.686533203125,-0.025319405944642704,23.92977689769861
2025-03-01T18:14:03Z,40.014374255061014,-75.22774309235746,-6.815711654922537,-7.87314469140074,-1.434204875510642,-0.503975678614966,1.5340420588935006,0.017735783029767478,0.011012332293191263,0.0009999999944331906,0.0010000000028369132,0.0009999999965335136,0.0009999999895592513,0.0009999999898226142,0.0009999999855753706,0.000021999438062947794,0.00002200034513206989,0.8290087984267442,11.952923187754903,8.150732424469565,0.013944994096930553,0.0003239644757034744,0.00040532140276037165,0.009390060840537827,0.006241999999999643,0.006241999999999643,0.006241999999999749,0.0010524199999993203,0.001052419999999284,0.0010524199999993457,0.16813268191077485,9.773959659573606,-0.2502922382008534,-0.004655007313338929,-0.018684535303502097,0.008610939211059328,-20.739563274383546,12.619313049316407,-2.4245625817775727,993.6469287109375,-0.0015734281382391892,24.397798547913027
2025-03-01T18:14:04Z,40.01199757012844,-75.22769350898662,-6.28378089481792,-7.701158201945462,-0.134908388568037,-0.4815337120178874,1.5330616962440768,0.0208092221655741,0.00476544454284422,0.0009999999944447428,0.0010000000026518532,0.000999999996504106,0.0009999999900471741,0.000999999990137726,0.000999999985790142,0.00002299921035862433,0.000023000352318978506,0.8171335484315068,13.078601616996183,8.998188163524217,0.014833455600139506,0.0003328849135786485,0.00041536817351163805,0.009400683791182397,0.006242999999999645,0.0062429999999996455,0.006242999999999751,0.00105242999999932,0.001052429999999284,0.0010524299999993456,0.1573185598737364,9.764697666853273,-0.35945267542169096,0.0017714235651261079,-0.004059330607556759,-0.004219557899706338,-21.125625839233397,12.030937995910644,-3.039000111222267,993.5735620117188,-0.007749488176408601,24.500378999302765
2025-03-01T18:14:05Z,40.00949526460436,-75.22764626827326,-5.782174455003812,-7.758214784403464,0.9239306811003762,-0.454683066251581,1.531295974820234,0.013718791058572008,0.004906021206297119,0.0009999999943022626,0.0010000000026388805,0.0009999999965043683,0.0009999999899757337,0.0009999999901161773,0.0009999999857331003,0.000023998932836092665,0.00002400036066234766,0.8095138333709888,14.287093180523398,9.933216151163444,0.015820781691468635,0.0003425842340297997,0.0004249970045298586,0.009408148713521285,0.0062439999999996465,0.0062439999999996465,0.006243999999999752,0.0010524399999993189,0.0010524399999992835,0.0010524399999993451,0.02193121675972973,9.766741394040316,-0.2820370180100013,-0.00034841085122579217,0.0019016074566034272,0.00573987479399987,-23.40956335067749,12.113438005447387,-1.8866250599920753,993.5413549804688,-0.009608394113120072,26.42536108858979
2025-03-01T18:14:06Z,40.00691671967231,-75.22760976527042,-5.203566363517818,-8.029118940069118,0.975405374326744,-0.20265642735631334,1.5590166455762136,0.019562675504305623,6.280770988385135,0.0009999999939358428,0.001000000002767174,0.0009999999966888498,0.000999999990243439,0.0009999999899122133,0.0009999999854079509,0.00002499859847139844,0.000025000370291674647,0.8071738587913138,15.749077209756173,10.97704949313249,0.015410776334440017,0.00035243595043534003,0.00043469386504964075,0.009419892242281298,0.006244999999999645,0.006244999999999646,0.006244999999999751,0.001052449999999319,0.0010524499999992826,0.0010524499999993444,-0.12813864012051568,9.965225941973273,0.4342943221840574,0.028229879886002077,-0.005255691331551102,-0.007729693508817368,-20.96156332015991,12.985688076019287,-2.3366250932216643,993.5098828125,0.195055740279609,24.76837771567367
2025-03-01T18:14:07Z,40.00419972559608,-75.2275871814035,-4.595972615209604,-8.506568141188582,1.0672064180524021,-0.34140241462299686,1.562127903245313,0.01562558696394465,6.2785784284665835,0.0009999999939258723,0.0010000000030776638,0.000999999996531903,0.0009999999905939648,0.0009999999896836993,0.0009999999857010064,0.00002599820184346573,0.00002600038132301516,0.808204619312778,17.191766543709644,12.058497633933907,0.015057745767444949,0.0003623475264346179,0.00044401009718979517,0.009428556689583374,0.006245999999999643,0.006245999999999644,0.00624599999999975,0.0010524599999993198,0.0010524599999992836,0.0010524599999993454,-0.2800188090967779,9.581077925319718,0.09537975645750629,0.0027628266472054554,-0.0004241844754187769,0.0019591892144498312,-21.20250078201294,13.083938055038452,-0.5225625217333436,993.4561962890625,-0.1948202118148263,24.919992313814976
2025-03-01T18:14:08Z,40.001706555699926,-75.22757774719365,-4.158112525247624,-8.864220408761648,1.0526609084405907,-0.2788284278376335,1.5637614483756663,6.271543403021425,6.277435875591582,0.0009999999943263065,0.0010000000031752116,0.000999999996732746,0.00099999999052922,0.000999999989497773,0.0009999999854298299,0.000026997738014171137,0.000027000393871089283,0.8106314499810489,18.736667767192582,13.22794516645901,0.014822120349268327,0.0003720916226335785,0.0004531588449170551,0.009429780632435728,0.006246999999999641,0.006246999999999645,0.006246999999999752,0.0010524699999993202,0.0010524699999992838,0.0010524699999993456,-0.021219353456184864,9.797209937410456,0.06077470384822895,0.0008122319691811315,0.00011991928680214346,0.025450444473438034,-22.93950080871582,11.9596879863739,-1.6554375636577605,993.4904418945313,0.016958317253472962,25.922821543852425
2025-03-01T18:14:09Z,39.99858464073653,-75.22758368084847,-3.5542547337001666,-9.290121932630043,0.8720170401571752,-0.2692126037480914,1.5752789144947348,0.000013761591637825692,6.278966204618606,0.0009999999940550801,0.0010000000032963207,0.000999999996784251,0.0009999999907403332,0.0009999999895947884,0.0009999999854671659,0.00002799720265362333,0.000028000408059108906,0.8135267473392309,20.354114408439305,14.452294075477214,0.014544448134655358,0.00038171525454761245,0.0004620903528526802,0.009443587800606286,0.006247999999999638,0.006247999999999647,0.006247999999999753,0.001052479999999321,0.0010524799999992846,0.0010524799999993444,0.09271233921393658,9.731943409775857,0.04238461608326703,0.010073176155451852,0.003200947134127712,-0.013923294992013273,-21.482625789642334,11.977500486373902,-0.5820000303909183,993.3382275390625,-0.047966768799595584,24.602844469241848
2025-03-01T18:14:10Z,39.99506397470581,-75.22760686132693,-2.9379300100157786,-9.772740108507653,0.7584491517740146,-0.3619847286452995,1.573115785811784,0.0008372535783573443,6.278152676474077,0.0009999999940704374,0.0010000000032196752,0.0009999999966675865,0.0009999999911026996,0.0009999999895404536,0.0009999999856752163,0.00002899659164782563,0.00002900042400621841,0.8164363204871476,21.986768215177037,15.722415825243484,0.01452162547156795,0.0003910387818650488,0.0004710299304481806,0.009454120987183656,0.006248999999999636,0.006248999999999645,0.00624899999999975,0.0010524899999993214,0.001052489999999285,0.001052489999999344,0.041951162320608235,9.624487963355264,-0.1925454537575572,-0.004145953980328056,0.0008224131555816428,-0.0033212861231098198,-24.14943838119507,11.980125465393066,-1.7930625718832016,993.2333984375,-0.15392761394194648,27.01723731221768
2025-03-01T18:14:11Z,39.991211043964846,-75.22764897387847,-2.2960734586264584,-10.415264659769075,0.46983669004367296,-0.28219076280920996,1.573743991823258,6.273121278332345,6.27761579107238,0.000999999993972746,0.0010000000029756788,0.0009999999968073687,0.000999999991178517,0.0009999999893590343,0.0009999999857881732,0.000029995900974083138,0.000030000441842567637,0.8190218005809061,23.738177249630837,17.080370977268586,0.014322107364736101,0.0004001052766127782,0.0004799296596500709,0.009460926356713936,0.006249999999999632,0.006249999999999646,0.006249999999999752,0.0010524999999993218,0.0010524999999992853,0.0010524999999993445,-0.023053848181664807,9.7946575711536,-0.13037194740376917,-0.001804305382265712,0.0010565779867869394,0.008295325700335148,-22.41375078201294,12.13500057220459,-1.406062557697296,993.1395776367187,0.015149781411895703,25.526630890027885
2025-03-01T18:14:12Z,39.98691033469404,-75.2277145604606,-1.8216412271084976,-10.768433248427863,0.5711375891300956,-0.8121864087626356,1.5290708298893905,6.270632006465313,6.264914674059981,0.0009999999937773366,0.0010000000031013627,0.0009999999965071642,0.0009999999909856587,0.0009999999890038316,0.000999999985939119,0.000030995126575758254,0.000031000461654590825,0.8225220478091392,25.327485593626566,18.376787087178847,0.0152841380002002,0.0004082197852923628,0.0004893497348048649,0.009470658164784875,0.0062509999999996275,0.006250999999999647,0.006250999999999752,0.0010525099999993217,0.0010525099999992853,0.0010525099999993443,0.3804002352017783,9.183006339210912,-0.47713247818009547,-0.047898892821823594,-0.01119943895884156,-0.0004942839077131915,-23.396625843048096,12.413812990188598,-2.4706876003742217,993.0495751953125,-0.5771566504437341,26.600873139791112
2025-03-01T18:14:13Z,39.9819999432605,-75.22781425684586,-1.2280186222440581,-11.13955729282502,0.18911547540773466,-0.2329965853685338,1.5717025959496,6.257123419150123,6.241177432160419,0.0009999999935423904,0.0010000000031677888,0.0009999999962528312,0.0009999999912185024,0.0009999999892184933,0.0009999999859793944,0.00003199426596684347,0.00003200048352496928,0.8284685016133054,27.26570320156083,19.876514545569115,0.01602574531947027,0.0004154140098190578,0.0004991950841148345,0.009477410541435813,0.0062519999999996285,0.006251999999999646,0.006251999999999752,0.0010525199999993208,0.0010525199999992844,0.0010525199999993436,0.5625496101093928,10.27118821843155,-0.18480866044162114,0.038237881085420096,-0.022441353477872555,0.009975204251487194,-23.817563495635987,13.444875564575195,-2.6797501162439583,992.9252124023437,0.5078684227703085,27.481253284634263
2025-03-01T18:14:14Z,39.97608054719307,-75.22796966209812,-0.22275506162010394,-12.004529224172492,-0.6381579706414706,-0.34999671216919015,1.5507392665663517,0.03378127226715979,6.256614340344064,0.00099999999396039,0.0010000000031176424,0.000999999996226699,0.0009999999908959425,0.0009999999889816068,0.000999999986171518,0.00003299331872175022,0.000033000507547944424,0.8355130394699191,29.157712132251845,21.31536369961597,0.01616901220567504,0.000423883574051581,0.0005071526698485964,0.009508023286944304,0.006252999999999626,0.006252999999999643,0.006252999999999749,0.0010525299999993199,0.0010525299999992836,0.0010525299999993426,0.02257518691909976,9.556757432340362,-0.1649671997419782,-0.02636841300888424,0.01756127649585624,-0.0635435403507214,-23.2657509803772,13.536563062667847,-2.8972501201182603,992.7015063476563,-0.22207652580905324,27.07258797600021
2025-03-01T18:14:15Z,39.9698255859532,-75.22817286985561,0.7028179847293665,-13.062673721761021,-1.6055155722068244,-0.4470100759154354,1.5598428674912084,0.019214571138315102,6.254155213755399,0.000999999993806314,0.0010000000031296211,0.0009999999962180925,0.0009999999908502206,0.0009999999889677524,0.0009999999864077737,0.000033992285126418,0.00003400053375968179,0.8424197373207243,31.11054868671512,22.78715124128977,0.01631708667338216,0.0004303040562526483,0.0005158657562351934,0.009514010718554736,0.006253999999999624,0.006253999999999642,0.006253999999999748,0.001052539999999319,0.0010525399999992847,0.0010525399999993434,-0.3241507028858317,9.575355250673356,-0.1785873187348387,0.0031436991920000094,-0.0014988728985018923,0.010616611977179896,-21.92512575149536,11.67375044822693,-1.250062546506524,992.5830395507812,-0.1976760525445011,24.87061965289204
2025-03-01T18:14:16Z,39.96505499243714,-75.22836210986021,1.245990135390644,-13.644547154753253,-2.7056817245725133,-0.41612313126090344,1.541556944417867,6.273335038607457,6.249326886570984,0.0009999999939325655,0.0010000000030133537,0.0009999999962696285,0.0009999999909559858,0.0009999999887930172,0.000999999986684777,0.000034991166157612786,0.00003500056224073791,0.8483458226156364,33.255570045541305,24.29230759481305,0.015914411267167094,0.000436078417450926,0.0005247152627843386,0.009514909859837802,0.0062549999999996254,0.006254999999999644,0.0062549999999997495,0.0010525499999993182,0.0010525499999992855,0.0010525499999993436,0.13178202713155232,9.737199734293826,0.2126672963693266,-0.02303369267385186,-0.004630138112967343,0.026103369584402757,-22.984313259124757,13.856813125610351,-3.404250135421753,992.7380078125,-0.039647522615715025,27.053208691063723
2025-03-01T18:14:17Z,39.96036730374259,-75.22857754270548,1.7241146506818574,-14.275674883814284,-3.15855848750626,-0.48923504835575826,1.5402010322388007,6.2768620275902585,6.253812228441315,0.0009999999938899902,0.0010000000028320675,0.0009999999961738018,0.0009999999910255389,0.000999999989218918,0.0009999999866619799,0.0000359899641899765,0.000036000593016761504,0.8547668820154077,35.29996632362341,25.79366265578485,0.01704545119254484,0.0004418468773065094,0.0005329943978875802,0.009526840981759247,0.006255999999999624,0.006255999999999641,0.006255999999999747,0.0010525599999993188,0.001052559999999286,0.0010525599999993444,0.17156239355217184,9.655355444587236,-0.41539700383940825,-0.0061923508403488,0.005251182754011891,-0.006151626466031076,-21.326438369750978,13.08393801689148,-2.913187611028552,992.7125756835937,-0.11420372388147654,25.189095147822705
2025-03-01T18:14:18Z,39.95503725424741,-75.22885426379253,2.275963360314189,-15.144597395633555,-4.128770840594953,-0.4829965855787626,1.5436686635415007,6.277491550894562,6.258529586919268,0.000999999994061266,0.0010000000032130566,0.000999999996218825,0.000999999991174957,0.0009999999893141158,0.0009999999868715414,0.000036988683866335263,0.00003700062600376412,0.8629829182808038,37.49513036240085,27.307909962779068,0.017558766730035116,0.00044682496636776984,0.0005412423764691376,0.009537994517616596,0.006256999999999627,0.006256999999999644,0.00625699999999975,0.0010525699999993183,0.0010525699999992858,0.001052569999999344,0.014314063362212767,9.715694386797297,-0.18744076863619655,-0.0023846267393083887,0.005190096333849029,-0.003545269835052778,-22.200750751495363,12.928875541687011,-3.5868751573562623,992.5895458984374,-0.06239717392831506,25.940165743285583
2025-03-01T18:14:19Z,39.94969119990306,-75.22917295730404,2.828358545995753,-15.894924367185546,-5.538330606115805,-0.4565411450162176,1.5449989711805503,6.264402237879636,6.255666182811336,0.0009999999940029675,0.001000000003197331,0.000999999996009713,0.0009999999914394322,0.000999999989267521,0.0009999999868561269,0.00003798732970738054,0.00003800066117729078,0.8706210099172955,39.85523937980171,28.80252628124968,0.017279811882133348,0.00045053603128086383,0.0005501037778475709,0.00954446710038648,0.006257999999999624,0.0062579999999996415,0.006257999999999747,0.0010525799999993178,0.0010525799999992853,0.0010525799999993434,0.17948158853496465,9.72672618590487,0.10828531032678014,-0.004877989795121558,-0.0030178568163007763,0.010110729156461109,-22.11731321334839,11.802375421524047,-4.134562673568726,992.5402905273437,-0.05077358309406612,25.4079444404822
2025-03-01T18:14:20Z,39.94456305774095,-75.22951896128131,3.3625832333228667,-16.52331556762211,-7.257254353814605,-0.3966366972583718,1.5540715542018235,6.283065966984886,6.245165720545636,0.0009999999937901915,0.001000000003169782,0.0009999999958308524,0.0009999999914354438,0.000999999989643365,0.0009999999866082117,0.00003898590320708696,0.000039000698670860884,0.8751934086377917,42.38911976652461,30.294113168017475,0.016284184835527002,0.00045282510712432337,0.0005596981532288973,0.00956169768494699,0.006258999999999623,0.006258999999999641,0.0062589999999997465,0.0010525899999993186,0.001052589999999286,0.0010525899999993442,0.22823240669981817,9.761636613842628,0.3631078455413548,0.002960440033138889,-0.01015279074439803,-0.021494513266459292,-21.84937572479248,13.120688018798829,-4.312500183582306,992.517587890625,-0.008519084710764253,25.848456622388728
2025-03-01T18:14:21Z,39.93927044353541,-75.2299058590481,3.9157620692058317,-17.509820819515713,-9.11321165679627,-0.4305408552544274,1.564168726180145,6.2821979377545,6.244422966378365,0.0009999999940323175,0.0010000000032816653,0.0009999999958932848,0.0009999999913170388,0.0009999999895664864,0.000999999986778606,0.00003998439815870311,0.00004000073878399857,0.8745844608492884,45.0204679981169,31.814797972916182,0.015012156186256401,0.00045596084799013866,0.0005687020530352055,0.009572160940908589,0.006259999999999621,0.006259999999999638,0.006259999999999744,0.001052599999999319,0.0010525999999992863,0.0010525999999993444,-0.22874963901658021,9.675143325739958,0.35564825679265744,0.004034627088467159,-0.001035050066640793,-0.0015958432271238603,-22.43962585449219,13.122000522613526,-3.108187618032098,992.4493994140626,-0.0949953099458682,26.17979910708862
2025-03-01T18:14:22Z,39.93402449245848,-75.23030969613538,4.392325051438599,-18.491620624220147,-11.676207381011064,-0.45389022347204444,1.5722869959625394,0.035742802725915346,6.248574127716592,0.0009999999940729885,0.0010000000030975565,0.0009999999959391867,0.0009999999913868898,0.0009999999896177184,0.0009999999868573193,0.00004098279157876279,0.000041000782147809255,0.8652893274977055,47.98277491805963,33.420292111327406,0.013082725640448075,0.0004609042546322237,0.0005775233168541314,0.009596265478746948,0.00626099999999962,0.006260999999999638,0.006260999999999744,0.001052609999999318,0.0010526099999992873,0.0010526099999993437,-0.4531238338608223,9.689173999465204,1.0791998928230346,0.0025939215187199896,0.003744383103150938,-0.0388532539707487,-22.782938327789306,10.805250387191773,-3.0230626329034567,992.4165063476562,-0.019487147514522588,25.395906105401306
2025-03-01T18:14:23Z,39.92898678416748,-75.23070150915939,4.676266556247024,-19.618286108147757,-14.368600614582466,-0.6242681042380533,1.5690183599370853,0.032270019791306136,6.246235002307322,0.0009999999939296535,0.0010000000033691169,0.0009999999962794848,0.000999999991274923,0.0009999999897962152,0.0009999999868704668,0.00004198103443816292,0.00004200082980552085,0.8454455673067699,51.18799301778672,35.18058682877048,0.012904808231052537,0.0004662832486983813,0.0005872180024863139,0.009605310567215721,0.0062619999999996186,0.006261999999999637,0.006261999999999743,0.0010526199999993172,0.0010526199999992872,0.0010526199999993427,-0.8886973159551955,9.544368274049841,1.4726597016494352,-0.007373355978208965,-0.002893681424357567,0.0019219704127631596,-21.156375732421875,12.068437986373901,-4.270875170230865,992.4279052734375,-0.08070164141012849,24.728066980557266
2025-03-01T18:14:24Z,39.9234784272782,-75.23108489880332,4.822725495009424,-20.72557443053609,-17.195306374341715,-0.7228866969947303,1.573476830463358,0.03222194862630058,6.260584726644788,0.0009999999935350137,0.0010000000029696575,0.000999999996475511,0.000999999991314129,0.0009999999897303924,0.0009999999868432778,0.00004297905120189127,0.00004300088289573596,0.8197532600333006,54.746440156873334,37.20032068245324,0.016325603154652243,0.0004755647445284082,0.0005956713560811885,0.009615913036524334,0.00626299999999962,0.006262999999999638,0.006262999999999744,0.0010526299999993167,0.0010526299999992867,0.0010526299999993423,-0.9896672380090615,9.6201476091445,1.8615574688479624,0.0010504026669379395,0.01384601702235118,-0.0009849784842003496,-20.33100082397461,13.418813056945801,-3.0562501227855683,992.3949169921875,0.06993214297964782,24.551014512252763
2025-03-01T18:14:25Z,39.91723296076389,-75.2314265555558,4.837124436292896,-21.672376534102614,-19.53242062330569,-0.9238819797368917,1.5833724189323848,0.013320604806879103,6.25466366643269,0.0009999999937386841,0.0010000000029696126,0.0009999999968669311,0.000999999991096844,0.0009999999899570704,0.0009999999867051843,0.000043976752466876244,0.000044000942128034074,0.7994540210174752,58.47001711175811,39.448911499584675,0.023291757802640287,0.00048422964259121914,0.0006062587455260127,0.00961864697468455,0.006263999999999621,0.006263999999999639,0.0062639999999997455,0.001052639999999316,0.001052639999999286,0.0010526399999993413,-0.9520672330714064,9.533281571703167,1.7156508406435924,0.008896009649143596,-0.006151626651945763,0.018710569531464577,-22.344375705718996,13.7460005569458,-3.5272501373291014,992.3646166992188,-0.045175857904290934,26.470029590128078
2025-03-01T18:14:26Z,39.91029204317424,-75.23167651126482,4.70682815310322,-22.01450384355092,-21.350997556067497,-1.0393698996616845,1.572835267895936,0.009215893571012665,6.236196798014833,0.0009999999934168003,0.0010000000026594293,0.0009999999966324932,0.0009999999912079702,0.000999999990167591,0.000999999986502631,0.00004497406317875836,0.00004500100719853195,0.7983702963493831,62.46562387331795,41.83188936104654,0.03326223855201998,0.0004920846069204054,0.0006178967108832032,0.009626673388439465,0.006264999999999621,0.006264999999999639,0.006264999999999745,0.0010526499999993165,0.0010526499999992866,0.0010526499999993421,-0.48246729112633147,9.619323853411597,1.819428087089107,-0.00897378813022471,-0.01860992936770455,0.004953427860220001,-23.806125965118408,14.14050058364868,-3.623625149726868,992.3653540039063,0.02366732875673292,27.925135954642833
2025-03-01T18:14:27Z,39.90239027994289,-75.23177846156173,4.519559119997793,-22.350886014257117,-22.438903996080818,-1.188599957037216,1.5723959061071582,0.042535006879437016,6.229208816137393,0.0009999999933540144,0.0010000000026908944,0.0009999999965854098,0.0009999999909768415,0.000999999990257526,0.0009999999863855085,0.000045970956564316975,0.000046001076175528696,0.8294515410798537,66.67578586935127,44.21147237369611,0.04761649141781512,0.0004986899072230902,0.0006279761718351834,0.00964781060625364,0.006265999999999623,0.006265999999999637,0.006265999999999748,0.0010526599999993165,0.0010526599999992874,0.001052659999999342,-0.9216783979133994,9.525584625241482,2.011842406832566,0.004355247933585143,-0.0068643018495687345,-0.031553420465815,-22.215750770568846,12.266250438690186,-5.56143768787384,992.356318359375,0.0012719295172503508,25.979365608414877
2025-03-01T18:14:28Z,39.893232158744084,-75.23165418986952,4.424974246036408,-22.108216019050804,-21.92077476783051,-1.2033452850456547,1.5858529122399032,0.05278186670643203,6.223044169132859,0.000999999993236527,0.0010000000024530146,0.0009999999965530672,0.0009999999910434679,0.0009999999901368305,0.0009999999866937752,0.0000469675163506936,0.00004700114518085605,0.9002651954362816,70.81942129352747,46.22841554666458,0.05942161625796229,0.0004978010252336619,0.0006371087887994944,0.009660095386080248,0.0062669999999996236,0.006266999999999639,0.006266999999999748,0.0010526699999993175,0.0010526699999992876,0.0010526699999993429,-1.0236374806494972,9.594179542163598,1.477293675176977,0.022540825943218247,-0.0054513014825463176,-0.00706358394604289,-20.661000900268554,10.02487536430359,-5.73693772315979,992.3124682617188,-0.01696087015585646,23.670343030236438
2025-03-01T18:14:29Z,39.883329514449976,-75.23127738742858,4.632575468930966,-20.403073456855665,-17.654002052976622,-0.9868684407513153,1.5801808026095314,0.03825716474899739,6.216522175177846,0.0009999999931473624,0.0010000000024599053,0.0009999999965502279,0.000999999991309094,0.0009999999904471803,0.0009999999864579163,0.00004796398461393589,0.00004800121121249578,0.9834080614853457,73.72088587761111,47.54168553862126,0.04531108435670743,0.00048781028186734455,0.0006454095112552096,0.00966284799248244,0.006267999999999625,0.006267999999999636,0.00626799999999975,0.001052679999999318,0.0010526799999992873,0.0010526799999993437,-0.1520668665103035,9.796970676419667,-1.309754353842666,0.007002328648563993,-0.0051946048264635315,0.01891419170150371,-19.81575075149536,9.130687885284424,-3.9150001430511474,992.2506665039062,0.1068315959462977,22.16660592773277
2025-03-01T18:14:30Z,39.87435431404822,-75.23078952304805,5.066932980709524,-18.263718164628454,-12.598454521888819,-0.7174475798992898,1.5524440992881765,0.007655441573418229,6.218525201377576,0.0009999999931916065,0.0010000000026513026,0.0009999999966629062,0.0009999999910319038,0.0009999999900873614,0.0009999999866047895,0.00004896060022225636,0.00004900127569964811,1.0315878602404196,76.41927021090693,48.41855494153815,0.030071851451436822,0.000475343102908182,0.0006523952325269678,0.009661127700299785,0.006268999999999623,0.006268999999999639,0.006268999999999748,0.0010526899999993176,0.0010526899999992877,0.0010526899999993432,0.36382569240330837,9.908516064323509,-1.7430546481972211,-0.015284054789499553,0.0026041023086940457,0.03500029763179581,-20.274938316345214,9.97556297302246,-2.5865626072883607,992.2539404296875,0.28823887404788984,22.74363606248268
2025-03-01T18:14:31Z,39.866467948280786,-75.23028342886771,5.617050258761841,-16.301245003901496,-7.711341208629062,-0.5542810288833204,1.5474448162674592,0.004858826875491456,6.245216096723049,0.0009999999935284528,0.0010000000027675698,0.0009999999966760944,0.000999999990773948,0.0009999999899938225,0.0009999999863236676,0.00004995743997186804,0.000050001342450755305,1.034057439670982,79.16574142174194,49.22019818982227,0.02022623971306552,0.00046871742474548087,0.000655797512365365,0.00966884138943124,0.006269999999999622,0.006269999999999639,0.006269999999999745,0.0010526999999993173,0.0010526999999992885,0.0010526999999993427,0.4550876917467428,9.868765821047774,-1.6453790891098046,0.005757066002472779,0.026924531842112596,0.007426929617977948,-21.256875762939455,10.859062910079956,-2.4148125874996187,992.246298828125,0.2358133096322604,23.991725717089622
2025-03-01T18:14:32Z,39.85936654033068,-75.229802104706,6.177218616088716,-14.209463254381655,-3.3025869892405577,-0.461166074599411,1.5578229926643177,0.06947363886312778,6.254125648775069,0.0009999999936359675,0.0010000000028250562,0.0009999999965907482,0.000999999990854733,0.0009999999900559566,0.000999999986477747,0.00005095444032426251,0.000051001415132410166,1.0016426346281881,82.08762033947605,50.16236026288645,0.015360163261228224,0.00046656485033733634,0.0006617091013087119,0.009700779771350542,0.006270999999999623,0.006270999999999641,0.006270999999999746,0.0010527099999993164,0.0010527099999992873,0.0010527099999993418,0.4760091927675053,9.847180119193807,-1.610651796019727,0.018914191099339842,0.010514801056487378,-0.060986920664380426,-19.286625804901124,11.598750457763671,-1.7968125692009926,992.2212084960937,0.2093847885895142,22.57722734570265
2025-03-01T18:14:33Z,39.85257523715169,-75.22935982527635,6.866845062368181,-12.653006269634908,0.596090201876589,-0.10960598339344,1.5739100143313132,0.017976170246187948,6.245782815773765,0.0009999999940274464,0.0010000000027826493,0.0009999999963086431,0.000999999990845469,0.000999999989728838,0.0009999999861778758,0.000051951465176119823,0.00005200149644426791,0.9515086883588806,85.35015397713877,51.59539642928567,0.014910852876179296,0.0004627186236988091,0.0006713126729594791,0.00969085828692193,0.006271999999999621,0.006271999999999638,0.006271999999999749,0.001052719999999317,0.001052719999999288,0.0010527199999993424,0.03214647946349228,10.093848007449466,-1.6527537016326395,0.02339203102733617,-0.008275298685884044,0.05438340423417511,-19.98468822479248,10.06237536430359,-1.1767500455677509,992.1571630859376,0.4478885952577577,22.405839232398467
2025-03-01T18:14:34Z,39.84522780798943,-75.22894578506003,7.733183255023499,-11.217698514460128,3.74161107056785,-0.10819021125289492,1.5654956383767946,0.027154630256879093,6.249557295289026,0.0009999999938540703,0.0010000000025709194,0.0009999999961837524,0.0009999999909157938,0.0009999999894558477,0.0009999999862541358,0.00005294836202109267,0.00005300158781340078,0.9009912776802385,88.83011614397404,53.365117392515124,0.016750863735706348,0.00046800092613483884,0.0006795410683028786,0.009703103312768826,0.0062729999999996235,0.006272999999999641,0.006272999999999747,0.0010527299999993172,0.0010527299999992883,0.0010527299999993427,0.23425434633693315,9.743251775738795,-1.2663644959094962,-0.0031278454694776458,0.0037851075094148946,-0.006813396477365799,-22.35975076675415,10.454437913894653,-2.027625075392425,992.0204736328125,0.047222366860765794,24.766155950032392
2025-03-01T18:14:35Z,39.836833531776705,-75.22858632542297,8.64929060988308,-9.830833755839752,6.318653180720814,-0.0929298656007946,1.5529372034581048,0.016833609843909948,6.248122433405664,0.0009999999937565123,0.0010000000026300466,0.0009999999962713479,0.0009999999907569128,0.0009999999892434147,0.0009999999863476066,0.00005394498977511647,0.00005400168941984732,0.8610708583209481,92.56649915986851,55.52454196218014,0.019866902767755698,0.0004754056411388979,0.0006892896834684674,0.009708939409116461,0.006273999999999626,0.0062739999999996375,0.006273999999999748,0.0010527399999993167,0.0010527399999992878,0.0010527399999993422,0.319279307452278,9.764228923159253,-0.9963743374247436,-0.00892087958217218,-0.0017533999670521759,0.0121030496405526,-22.336875877380372,11.312062873840333,-0.9135000369697809,991.8563452148437,0.03906367162372,25.054555162539476
2025-03-01T18:14:36Z,39.826781714422104,-75.2283190970865,9.71475497979479,-8.691222432082167,8.141657590492501,-0.006953699803358901,1.560128550166478,0.025014232481520782,6.236068368510986,0.000999999993944831,0.0010000000024205896,0.000999999996201728,0.0009999999908234373,0.0009999999890074858,0.0009999999866156883,0.00005494123319541055,0.000055001800639388417,0.837528256280794,96.59854974629324,58.02594521325184,0.023210852987227335,0.00048305967601957353,0.0007013428908801132,0.009720992013337367,0.00627499999999963,0.006274999999999634,0.006274999999999747,0.0010527499999993166,0.0010527499999992878,0.001052749999999342,0.27511603655667544,9.816202075580406,-0.7318700206178954,0.008901517330079631,-0.012280970205865275,-0.007374023760448203,-22.6290008354187,11.568562936782836,-0.6731250267103315,991.647001953125,0.06602421456673205,25.423490104274318
2025-03-01T18:14:37Z,39.8149856654066,-75.22820046517286,10.88254881111052,-8.161835967697222,8.855533070436797,-0.10508141192293621,1.5448499012808994,0.016222563150208653,6.23774629486881,0.0009999999937641546,0.00100000000225811,0.0009999999962320137,0.0009999999907615359,0.0009999999888400213,0.0009999999863994236,0.00005593703258612135,0.00005600192014045678,0.8324729220815223,100.84083181260593,60.70673873553144,0.024846703843038585,0.0004928948278923893,0.0007110977469611074,0.009728099904359301,0.006275999999999632,0.0062759999999996334,0.00627599999999975,0.0010527599999993161,0.001052759999999287,0.0010527599999993415,-0.01619442563270993,9.597808066047792,-0.2816780956181899,-0.016515965581086596,0.0010565779984763775,0.008753474532817135,-22.04550075531006,12.413625450134278,-1.1581875477358698,991.4330639648438,-0.17939350096188678,25.326686191353204
2025-03-01T18:14:38Z,39.80165708371583,-75.22827094722678,12.127177100081488,-7.85949983216858,8.639637384923176,-0.06146063929078907,1.5478127069684458,0.01022616780064437,6.2332792174464755,0.0009999999934190763,0.0010000000024363064,0.0009999999961773265,0.0009999999904208882,0.0009999999887666735,0.0009999999867331343,0.00005693239318917003,0.00005700204626282148,0.8428846944592161,105.30812969167947,63.46937242643919,0.02626166678567993,0.0005004474127105618,0.0007217915269614972,0.009736464569721593,0.006276999999999633,0.006276999999999636,0.006276999999999751,0.0010527699999993163,0.0010527699999992872,0.0010527699999993419,0.225455166194045,9.717429581061433,-0.12444611125819881,-0.001022532012174612,-0.005080776893156516,0.004592917888208699,-23.34468832015991,12.000000410079956,-1.1336250422149896,991.2296728515626,-0.060481101542394076,26.272741150478936
2025-03-01T18:14:39Z,39.787850942921104,-75.22853328551511,13.427501690157555,-8.064151296160974,7.7309452715661955,-0.046408149125149706,1.5514630879348077,0.010302071601691762,6.232830707543004,0.0009999999932609224,0.0010000000022154292,0.0009999999961801116,0.0009999999901334235,0.0009999999886886224,0.0009999999864291217,0.000057927369855959156,0.00005800217733071355,0.8646808059247164,109.81995848963967,66.17349363842754,0.027850274101511818,0.000506532908042493,0.0007313664319694145,0.009747144825127237,0.006277999999999629,0.0062779999999996354,0.006277999999999752,0.0010527799999993158,0.0010527799999992867,0.0010527799999993414,0.1932573201442754,9.674497976936447,-0.2613391034723217,-0.002812232214070715,-0.0008167402503126973,-0.002588248248371731,-23.068500843048096,11.886750421524049,-1.0807500441372395,991.08166015625,-0.10126239094651548,25.973370156782483
2025-03-01T18:14:40Z,39.77433506851304,-75.22896262121655,14.804378120590773,-8.811703148793136,6.0672016661912505,0.13139267317492798,1.568261014696601,0.009240648488622969,6.243076274952983,0.0009999999933541757,0.0010000000021939959,0.000999999996575414,0.0009999999901887876,0.0009999999889776083,0.000999999986277171,0.000058922065634359204,0.00005900231178054395,0.8935976592813499,114.51652924355223,68.78682024150925,0.028329807463726972,0.0005117825476150903,0.0007383633213787576,0.00975791124148512,0.006278999999999627,0.006278999999999636,0.006278999999999751,0.0010527899999993148,0.0010527899999992858,0.0010527899999993409,0.05348575014708652,9.825067408575126,-0.24275353879185063,0.00854100687459452,0.00993047383641557,-0.0023068499758088596,-23.353500900268553,11.441437931060792,-0.6380625185370445,990.9599560546875,0.04718047933448841,26.013400320540978
2025-03-01T18:14:41Z,40.02999796697829,-75.22263894500581,17.34872888073847,-4.333159141590429,-9.287351631815815,0.3880300594763857,1.613951198848988,0.044947895335212214,0.11714990977173051,0.0009999999934772635,0.0010000000021757212,0.00099999999649392,0.0009999999904571997,0.0009999999888540621,0.0009999999864176979,3.0726308613209125e-10,3.07263572068687e-10,0.6030962666593802,0.003505226602892718,0.003505150882383835,0.014589370962932627,0.0001653403005615219,0.0001753183146360754,0.00947785183926931,0.0062799999999996236,0.006279999999999632,0.006279999999999748,0.0010527999999993141,0.001052799999999285,0.0010527999999993395,-1.7024564321775586,9.657229811984093,-0.21862722316243643,0.001311104840786536,0.13823644523200518,-0.029822636629391344,-23.208188381195068,10.23093789100647,-1.759125077202916,990.814541015625,0.02926775298918777,25.42408382248448
2025-03-01T18:14:42Z,40.029935219274435,-75.2227493589575,18.424919829784262,-6.427343878285153,-9.535710876856276,0.2730698380998539,1.610422326171373,0.061290538236926234,0.3536337277630631,0.0009999999933558283,0.0010000000023335223,0.0009999999963321753,0.0009999999903215985,0.0009999999890334347,0.0009999999866153915,1.0003072634824663e-6,1.0003072643181293e-6,0.640203695508188,0.02166615529111992,0.06159502222777945,0.014954082681689539,0.00017835496316095484,0.00018170749704055227,0.00948828581736786,0.006280999999999623,0.0062809999999996315,0.006280999999999747,0.0010528099999993143,0.0010528099999992852,0.0010528099999993399,-2.594460811668072,9.468436081248333,-0.6528447705819911,-0.01851145706042817,0.23941601457816347,-0.027694790854040623,-17.665313301086425,9.051375389099121,-4.085062668323517,990.67138671875,0.05985311735956939,20.265151622342223
2025-03-01T18:14:43Z,40.02986216944121,-75.2228605719313,19.5634856084417,-7.162037415514741,-9.374857698798321,0.5426535072957974,1.6317410987417558,0.022885414223447642,0.47325328495064956,0.000999999993542647,0.0010000000026767957,0.0009999999962313933,0.0009999999900962514,0.000999999989384208,0.0009999999865958928,2.0003072654528557e-6,2.00030727154492e-6,0.6755303172224973,0.07492452192386549,0.14554888658855292,0.01571760185941785,0.00018894868177882635,0.00018945064554715495,0.009497555658158723,0.00628199999999962,0.006281999999999631,0.006281999999999745,0.0010528199999993138,0.0010528199999992847,0.0010528199999993394,-1.0145761328952239,9.923839879643342,-0.9776639024898618,0.014178988315682888,0.12156851536173387,0.03140086875102724,-15.417938175201416,9.268687858581544,-6.6101252818107605,990.5860400390625,0.24405426104902134,19.16541684617477
2025-03-01T18:14:44Z,40.02978057529194,-75.22297108927302,20.83889359314329,-7.031725474998338,-9.30010575621641,0.5193418870901968,1.627070341841429,0.014977040293207435,0.49601010438400134,0.0009999999938136155,0.0010000000024654372,0.0009999999964998773,0.0009999999902684084,0.0009999999894926106,0.0009999999868100596,3.0003072676607913e-6,3.000307293250971e-6,0.7097020222573236,0.16382994601019463,0.21991307252928247,0.015587112916095052,0.0001981512371507477,0.000198875735765619,0.009507463746020165,0.0062829999999996205,0.00628299999999963,0.0062829999999997445,0.0010528299999993146,0.0010528299999992856,0.00105282999999934,-0.01100997414942812,9.68303244018287,-0.6345795527286394,-0.007505710047389625,0.022844088742473276,0.005678788355994847,-15.04856309890747,9.463500347137451,-6.308812751770019,990.4573388671874,-0.0755056973387902,18.863093427207207
2025-03-01T18:14:45Z,40.02968531831797,-75.22308698902341,21.927361684687718,-6.518779377459365,-10.129361991236886,0.19913164891776086,1.6000085373362634,0.006014083673007585,0.5030263467283471,0.0009999999938680572,0.001000000002536595,0.0009999999967961275,0.000999999990524567,0.000999999989716718,0.0009999999867888489,4.000307256510573e-6,4.000307336486666e-6,0.7386889605232825,0.28947225261509113,0.30690046821615646,0.014290973299062294,0.00020689175348458046,0.00020864415754469866,0.009517362532560057,0.006283999999999623,0.006283999999999633,0.006283999999999747,0.001052839999999315,0.001052839999999286,0.0010528399999993404,-0.02316302517366097,9.437234008724062,0.48984245578781704,-0.02958296402932492,0.007106474996532443,0.008017766390177778,-13.964063081741333,10.206375398635863,-6.720562772750855,990.3664501953125,-0.32925803082710564,18.55611049815381
2025-03-01T18:14:46Z,40.02957163163616,-75.22321614049831,22.83364484086351,-6.062619620673868,-11.404787289827174,0.24375661851492664,1.625542294183586,0.021591345577170244,0.5137755355117444,0.0009999999937363167,0.001000000002237265,0.0009999999966810592,0.0009999999901273804,0.0009999999896109844,0.0009999999866073706,5.000307186391031e-6,5.000307411261442e-6,0.7583844446559158,0.48302576511393835,0.4398601925434791,0.013324556236688545,0.000215912559293744,0.00021838247968399552,0.009527562244968837,0.006284999999999622,0.00628499999999963,0.006284999999999746,0.0010528499999993145,0.0010528499999992854,0.0010528499999993399,-0.3400230922277544,9.820579837796537,0.8333373702250174,0.023241150878532017,0.00982248787288935,-0.016434516147925793,-14.550563144683839,10.214625368118286,-7.812750313282013,990.30755859375,0.08265136783165208,19.418922612260197
2025-03-01T18:14:47Z,40.0294342624195,-75.22335864650304,23.650370856966294,-5.307723322676411,-12.259972284586915,0.051615218875461374,1.627138542656024,0.013398754876562606,0.49032807075377643,0.0009999999935363618,0.0010000000022663369,0.0009999999968217789,0.0009999999901288885,0.0009999999895301092,0.0009999999864249137,6.000306950492771e-6,6.0003075324989555e-6,0.7697504260679673,0.7177100396787072,0.6018788765324476,0.013020662776944811,0.00022439955972543895,0.00022883274303020452,0.009537443751331004,0.006285999999999622,0.00628599999999963,0.006285999999999746,0.001052859999999314,0.001052859999999285,0.0010528599999993396,0.09726525108894232,9.59441824658488,0.4845435960571254,0.00021154855507641407,-0.023204934737034957,0.009252347237163745,-15.506625690460204,8.710125341415406,-7.99218783378601,990.2310595703125,-0.17185367648975378,19.498584840391047
2025-03-01T18:14:48Z,40.029265962912305,-75.223508299047,24.26639272832385,-2.9093165470720566,-12.458051909756671,-0.2016387250445414,1.6192980809612545,0.025134586989823574,0.28494884457391395,0.000999999993764697,0.0010000000023958197,0.0009999999966495614,0.0009999999897474928,0.0009999999894744576,0.0009999999861771839,7.000306342091143e-6,7.0003077101012526e-6,0.7759194723000936,0.9669592060264051,0.8248862325102574,0.014139757807488471,0.00023008155498353147,0.00024265689688119185,0.009547577475744558,0.006286999999999624,0.006286999999999632,0.006286999999999748,0.0010528699999993129,0.001052869999999284,0.0010528699999993387,1.9703328224289758,9.56817238235247,0.4902739432845596,-0.005338641988679711,-0.20885925794322957,-0.0010951346942949791,-14.524313049316406,10.42293788909912,-5.098125213384629,990.14828125,0.002264730544179654,18.589843931003394
2025-03-01T18:14:49Z,40.02907702002358,-75.22365938949052,24.65739310704099,-0.31488953593806174,-12.445695179466362,-0.3003398694389852,1.6134124885297132,0.062361516680328785,0.006693728022266545,0.000999999993491235,0.0010000000024074772,0.0009999999969621401,0.000999999989948496,0.0009999999893484178,0.0009999999858500348,8.000305005129348e-6,8.000307964400166e-6,0.7818303021615192,1.2553793888897284,1.2176015979144268,0.018414205744216247,0.00023706719481168803,0.00025605870490865774,0.009558364700031687,0.006287999999999621,0.006287999999999631,0.006287999999999746,0.0010528799999993134,0.0010528799999992844,0.001052879999999339,2.150785645640171,9.753261779782761,-0.16040186939798529,0.005587158488466905,-0.2872003296508438,-0.025414229029936567,-19.34418821334839,10.340062866210937,-3.6382501196861265,990.1382788085938,0.20991251432813182,22.2339633132714
2025-03-01T18:14:50Z,40.02883568060371,-75.2238092560761,25.088705244129773,0.7476941945466044,-12.021060635020781,-0.2866725358807834,1.6083604912748288,0.06466113346194192,6.193014424942705,0.000999999993665461,0.001000000002070208,0.000999999997142802,0.0009999999899647693,0.0009999999895172747,0.0009999999858613408,9.000302382605848e-6,9.000308347499918e-6,0.7944248360448221,1.5739806980333102,1.6261666059010722,0.020940896072548332,0.00024637566427619087,0.000266170667675468,0.009568395697893844,0.006288999999999622,0.006288999999999631,0.006288999999999745,0.0010528899999993143,0.001052889999999285,0.0010528899999993394,0.5127900133667043,9.76779652992383,-0.9405947648090329,0.00025928286926172575,-0.097241245639153,0.00024676483686032,-22.02468822479248,10.342875356674194,-0.9504375317320227,990.0395556640625,0.04735535421487982,24.35082794554022
2025-03-01T18:14:51Z,40.02850613682322,-75.22395647363886,25.737258177972922,1.6869583574697022,-11.662806369079622,-0.10041514860947284,1.607191619102746,0.038827096841509166,6.150263532412588,0.000999999993612393,0.0010000000021321478,0.0009999999968970145,0.0009999999900237222,0.0009999999896646654,0.000999999985964424,0.00001000029769009253,0.000010000308918329344,0.8157445128838672,1.946745150036302,2.113046192959442,0.0238707261705364,0.00025534818408477533,0.00027491644187079836,0.0095777504177405,0.00628999999999962,0.0062899999999996336,0.006289999999999748,0.0010528999999993138,0.0010528999999992838,0.0010528999999993385,0.5883123364488609,9.914498161313848,-0.9300931541444102,7.926684633738704e-6,-0.04202975091391947,0.024758131625066744,-22.937813301086425,10.887562885284424,0.02943750124424696,989.900966796875,0.19634030611750714,25.390561115017814
2025-03-01T18:14:52Z,40.028056022109105,-75.22410625788,26.621517494594595,3.1933055214963026,-12.083317043666755,-0.09239573736364447,1.5947343079133578,6.276465099833265,6.025801668053891,0.0009999999933182613,0.0010000000022354592,0.0009999999968657452,0.0009999999899690188,0.0009999999896681427,0.000999999985643014,0.000011000289936257331,0.000011000309740196702,0.8478830267531612,2.3690582875645063,2.7804154618489028,0.030078670238456107,0.0002642552769771049,0.0002821753886473246,0.00958735302863362,0.006290999999999619,0.006290999999999636,0.00629099999999975,0.0010529099999993137,0.0010529099999992846,0.0010529099999993393,1.7890274697083306,9.717351090538518,-0.3238349237687025,-0.012048140044874823,-0.12401915408353416,0.04512029115469889,-26.176876068115234,13.193625526428223,2.32762509573251,989.7328637695313,0.10696179465028377,29.40604442542082
2025-03-01T18:14:53Z,40.02746732402184,-75.22426474989533,27.894488520204966,4.014518456844017,-12.972508812382417,0.38172214173746444,1.6492639671187161,0.02731717808742589,5.893822781173468,0.0009999999932653724,0.0010000000021806535,0.0009999999964680655,0.0009999999900559232,0.000999999989683005,0.000999999985669036,0.000012000278030924516,0.000012000310896029863,0.8928264136916573,2.8520363784447027,3.5101800545785533,0.03530628951343395,0.00027352144855091574,0.0002870733398486271,0.009597613890421085,0.0062919999999996165,0.006291999999999635,0.00629199999999975,0.0010529199999993136,0.0010529199999992846,0.0010529199999993392,1.5655809905844191,10.140101368266095,-0.19430019081318875,0.05370294112683026,-0.13500337033803225,-0.033721989888718155,-27.27843858718872,12.015375423431397,3.799125155210495,989.5302612304688,0.48317490183905787,30.048506785106504
2025-03-01T18:14:54Z,40.02678876463325,-75.22442902475461,29.45332783221839,3.9633716661291465,-13.35713134311652,0.3903284571893143,1.656740483852409,0.07012554428935228,5.839213900827413,0.0009999999931919585,0.0010000000020357939,0.000999999996416774,0.0009999999900978651,0.0009999999899081551,0.0009999999858639746,0.000013000260960526721,0.00001300031247124479,0.9453779124421078,3.2858988663518107,4.175967863906088,0.03689692869179143,0.0002832856862127011,0.00028949168248146306,0.009609011603571709,0.006292999999999619,0.0062929999999996366,0.006292999999999752,0.0010529299999993127,0.0010529299999992837,0.0010529299999993398,0.433456836749394,9.64478719138881,-0.7722067401311742,0.006981966251827809,-0.058859076145653486,-0.04572548324918192,-26.094938697814943,11.6137504196167,7.056937775611877,989.3646240234375,-0.09351641383999838,29.421461701348125
2025-03-01T18:14:55Z,40.02607096072711,-75.22459091447482,30.973137043898653,3.362366637426885,-13.022453702733955,0.3692265699883337,1.6326457635849865,0.03462530453570835,5.846309219022681,0.0009999999934829217,0.0010000000020304214,0.000999999996479579,0.000999999990251748,0.0009999999898449641,0.0009999999857712085,0.000014000237887460603,0.000014000314539012833,0.995411711271423,3.6532468273951952,4.813376845114555,0.03521224084502876,0.0002907527768498491,0.000289087181598023,0.009618015918799587,0.006293999999999616,0.006293999999999634,0.0062939999999997494,0.0010529399999993118,0.0010529399999992845,0.0010529399999993398,-0.28092102164155397,9.558051865434956,-1.1345703009917432,-0.02764021381687787,0.008838928486251044,0.027014659321284985,-25.437376174926758,11.156625366210937,7.751812829971313,989.2415454101563,-0.1496535968413852,28.837788942141124
2025-03-01T18:14:56Z,40.02532314035135,-75.22474751749434,32.55609410077845,2.6261108174223287,-12.791259991771355,0.6017418841785837,1.64799112375726,0.014398334759860113,5.86222637704214,0.0009999999933472548,0.0010000000016287245,0.0009999999961444112,0.0009999999905038798,0.000999999990081294,0.0009999999858830212,0.000015000208111960298,0.000015000317177530726,1.034967880662737,4.011953662026135,5.50914147926923,0.032985223790634635,0.000299173204762799,0.00028652574409952753,0.009627730283217452,0.006294999999999616,0.006294999999999633,0.006294999999999749,0.0010529499999993128,0.0010529499999992848,0.001052949999999339,-0.022854452658136376,9.841317660647588,-0.958487979993429,0.012082687460747962,0.016542001011284425,0.011166390264044868,-26.61168867111206,11.72887547492981,7.349812779426575,989.1041162109375,0.10897831256408048,29.99608635917589
2025-03-01T18:14:57Z,40.024525914470935,-75.22490274984904,34.26156244785819,1.5572347652672602,-13.11414534623635,0.6498182878269813,1.6508250096501609,0.014595752565645374,5.850901030549694,0.000999999993186268,0.0010000000017403668,0.000999999996008295,0.0009999999908826306,0.0009999999898236186,0.00099999998633596,0.000016000170932842515,0.000016000320466635568,1.0602877208975614,4.363451372499985,6.190259500876663,0.029923877280894965,0.0003073517918187825,0.00028370805578718957,0.009637873211226234,0.006295999999999619,0.006295999999999636,0.00629599999999975,0.0010529599999993128,0.001052959999999284,0.0010529599999993383,0.06741119605430666,9.707505208373396,-0.3867151615226896,0.0003494103188455295,-0.012100714444283456,-0.007123669893719209,-27.113063583374025,11.620125427246094,7.195500316619873,988.9290356445313,-0.06345699060299612,30.363097248796173
2025-03-01T18:14:58Z,40.02363775978673,-75.22505858309505,36.017221760376366,0.5550945975149564,-13.337885968128749,0.6475858823617242,1.6233683857664214,6.250478939931084,5.834035433416614,0.0009999999929433036,0.0010000000020081886,0.0009999999957159805,0.0009999999910756641,0.0009999999899317133,0.0009999999864168025,0.00001700012551320519,0.000017000324488893034,1.0719829880276794,4.690750360728811,6.955544218205152,0.02767429190161231,0.000315381482577927,0.0002811841921690345,0.009647449949062298,0.006296999999999616,0.006296999999999634,0.00629699999999975,0.001052969999999312,0.0010529699999992847,0.0010529699999993376,0.4084917112408667,9.648097124733773,-0.3817379657517938,-0.030189155148538108,-0.014377938729546213,0.040447174930930266,-27.96918867111206,12.685125541687011,7.771500291824341,988.71798828125,-0.11458825542410807,31.679345416982805
2025-03-01T18:14:59Z,40.02268743843948,-75.22521219155074,37.84628728050952,-0.6788666970416095,-13.275188713198007,0.8435356659130471,1.6553863756417078,0.016097792350095497,5.841259612011879,0.000999999992616003,0.001000000002244728,0.000999999995820682,0.0009999999912122602,0.0009999999899683038,0.0009999999865366131,0.00001800007069236007,0.00001800032933607436,1.0720738614153165,5.006774036547034,7.745037017538605,0.024750386855266322,0.0003243899049087363,0.0002781468888744359,0.009658313490192584,0.006297999999999617,0.0062979999999996355,0.006297999999999751,0.0010529799999993116,0.001052979999999285,0.001052979999999337,0.09335697608401726,9.846502048808315,-0.5488766256900505,0.029879214577919283,0.003174242963081453,-0.05685340316368435,-27.085313701629637,12.42862543106079,6.883312792778015,988.5150439453125,0.08335207661720116,30.58532064310965
2025-03-01T18:15:00Z,40.021847950236214,-75.22536423355452,39.44316012239485,-2.0156931258676236,-13.468807746041053,0.646657866287495,1.6350184070577285,0.006085708095610081,5.850855488248674,0.0009999999929083624,0.001000000002292995,0.0009999999960768927,0.0009999999911963816,0.00099999998965637,0.000999999986661741,0.000019000004641567683,0.000019000335081842398,1.0605044412654256,5.326928150552685,8.484749357873339,0.0216662501330876,0.00033408853446761135,0.0002758275107069011,0.009668150603092457,0.006298999999999615,0.006298999999999632,0.006298999999999748,0.001052989999999312,0.001052989999999284,0.0010529899999993358,-0.3014757564280726,9.516785541344571,-0.20305622190405387,-0.021882062037413087,0.00969013394662802,0.003481344135605296,-27.961501274108887,11.35537540435791,7.245000290870666,988.42943359375,-0.2551334113233331,31.03670380241991
2025-03-01T18:15:01Z,40.021063559924755,-75.2255180380583,40.722925389754344,-3.585782034265047,-14.065173983566451,0.5195490290532715,1.637987088999392,0.0022765057112694087,5.857613179924973,0.000999999992747879,0.0010000000025574204,0.0009999999960193502,0.00099999999125275,0.0009999999894125952,0.0009999999869597807,0.000019999924560841606,0.000020000341782073507,1.0382874435036782,5.720485791656709,9.20622733754315,0.019287067718598172,0.00034411451905689075,0.0002749043673575097,0.009678154436746774,0.006299999999999613,0.0062999999999996305,0.006299999999999746,0.0010529999999993116,0.0010529999999992837,0.0010529999999993362,-0.442555540567002,9.649373339650722,0.419498702958424,0.0021764968153581187,0.0065238175502572,-0.0012138023053713466,-26.233876132965086,11.922187910079955,7.096875295639038,988.343212890625,-0.1101737106126507,29.676884071033744
2025-03-01T18:15:02Z,40.01998081325392,-75.2256704269414,42.01210027785005,-5.655377443739373,-14.915057519988565,0.3429852381266906,1.6324763315709265,6.267623601958914,5.859934556686884,0.0009999999926260847,0.001000000002343564,0.0009999999963903822,0.0009999999911902671,0.000999999989607256,0.0009999999870388943,0.00002099982639317423,0.000021000349478175615,1.008750956760782,6.21692529310569,9.920532360002753,0.018942630541977194,0.00035422438499890926,0.00027573602881404653,0.009687815675919398,0.006300999999999617,0.006300999999999627,0.0063009999999997434,0.0010530099999993112,0.001053009999999284,0.0010530099999993357,-0.5048656877189661,9.625247077689194,0.9280820367551963,-0.005769251701743727,0.0029205499286298706,0.01229381962572623,-27.087563667297363,11.73806290626526,7.000125308036804,988.101630859375,-0.09564932978880476,30.340021439572663
2025-03-01T18:15:03Z,40.01880940210336,-75.22581959310416,42.97369897514517,-8.34977372514092,-15.330389240471055,-0.01785417626243603,1.6204491445179043,6.261352702297661,5.935418956849584,0.000999999992655368,0.0010000000025405585,0.0009999999965015832,0.0009999999916001693,0.0009999999897277686,0.0009999999868980775,0.000021999704125105296,0.00002200035816041394,0.9749716512470359,6.760056864869272,10.568120479723413,0.019952937839422678,0.0003679218082269059,0.0002746988292547533,0.009697722775754192,0.006301999999999619,0.0063019999999996265,0.006301999999999743,0.0010530199999993117,0.0010530199999992836,0.0010530199999993365,-1.2803226233920229,9.463052279787899,0.9641848884801155,-0.009826996260826117,0.07538864061903125,-0.0025475239479951076,-27.256313667297363,11.620687885284424,6.273000249862671,988.0017016601563,-0.18084392928799392,30.286869756195628
2025-03-01T18:15:04Z,40.01747517242082,-75.22595686726527,43.55261684135408,-10.865574597442196,-15.391420592186217,-0.38218067760902596,1.5934405623400485,6.244719548150982,6.103624430374137,0.0009999999930120711,0.0010000000023552775,0.0009999999965701481,0.0009999999912704614,0.0009999999899622726,0.000999999986757374,0.00002299954961100633,0.00002300036780353451,0.9428832254566925,7.384628564600946,11.306300228587451,0.023118717659489134,0.0003806595931729265,0.00027619747371193095,0.009707330441214634,0.0063029999999996205,0.006302999999999623,0.006302999999999741,0.001053029999999312,0.001053029999999283,0.0010530299999993364,-1.3507873214229047,9.44833506699605,0.7297523449337681,-0.019769070644646537,0.1698769042330811,0.0069362350546846785,-26.045626201629638,12.424688053131103,3.3913126295804976,987.92720703125,-0.2064075159189687,29.055904212855825
2025-03-01T18:15:05Z,40.015924384788015,-75.22607743759539,43.83973249848984,-12.522491061388184,-16.178890890889953,-0.616213191865398,1.5668972903756828,6.244691464960737,6.184166431086838,0.0009999999930136835,0.0010000000021580012,0.0009999999963269009,0.000999999991509249,0.0009999999900122834,0.0009999999869497373,0.00002399935558381135,0.000024000378399760243,0.9262790411518523,8.286684408619564,12.159104297760448,0.03048587355198744,0.0003857053253143779,0.000285049938992798,0.009717254005583532,0.006303999999999624,0.006303999999999627,0.006303999999999741,0.0010530399999993112,0.0010530399999992821,0.0010530399999993355,-0.5713691579952496,9.536551784513026,1.585561057037068,-0.019651738011978306,0.08032646459692892,-0.0030362160041012536,-25.946626148223878,12.198750486373902,-0.5611875253915787,987.8776342773438,-0.09425951355409103,28.676627115254085
2025-03-01T18:15:06Z,40.01407599130732,-75.22617074851887,43.96618411285141,-13.88518220594794,-17.00258707376419,-0.842931840170812,1.5654807951119907,6.244329014932589,6.202327780918003,0.00099999999284735,0.0010000000020196108,0.0009999999964818115,0.0009999999913631447,0.0009999999899925427,0.0009999999868563173,0.000024999119746651115,0.000025000389804191344,0.9377171501827888,9.407612130749845,12.969810779373374,0.04107372972213386,0.0003873208155727663,0.0002951485339221902,0.009727206682804653,0.006304999999999628,0.006304999999999628,0.006304999999999742,0.0010530499999993103,0.001053049999999283,0.0010530499999993346,-0.5170122041132598,9.494079119998046,2.0053419143395597,0.004864301875410407,0.017794273220114447,-0.0005316702062922575,-25.56431360244751,12.230625524520875,-1.359187543988228,987.8267358398438,-0.06119309413906965,28.371937575888012
2025-03-01T18:15:07Z,40.01195248897929,-75.2262186388804,44.04829816791788,-14.594809539842867,-16.579657207621207,-0.8982255312336176,1.563583811294951,6.247255000130595,6.2061442105064435,0.000999999993021759,0.0010000000022504785,0.0009999999965504456,0.0009999999912474614,0.0009999999898672772,0.0009999999867605918,0.000025998846912827914,0.000026000401735097203,0.9767033881368278,10.479205772929877,13.698884910992804,0.04611243384910221,0.0003846723383786358,0.00030517867744186863,0.00973721097169817,0.006305999999999625,0.006305999999999624,0.006305999999999741,0.0010530599999993115,0.0010530599999992833,0.001053059999999334,-0.21050927690376137,9.6246194505515,1.1007967503682823,0.005706994841855421,0.003451301546190541,-0.0025071335892042123,-24.501000957489012,12.30168800354004,-1.066875041127205,987.7857446289063,-0.08890493763631444,27.436581662968685
2025-03-01T18:15:08Z,40.00954740951204,-75.22619552570497,44.33486110496619,-13.836598535605777,-12.752014005493441,-0.69670601362085,1.5647599068583753,6.245239674423138,6.208135054604433,0.0009999999932789815,0.0010000000022525838,0.000999999996661033,0.000999999990850121,0.0009999999898701202,0.0009999999867262176,0.00002699854392665053,0.00002700041427049285,1.0114840909417913,10.960708465904338,14.401747504829334,0.031156799146352103,0.00037953342470706757,0.00031466033278093115,0.009747073203208256,0.0063069999999996245,0.0063069999999996245,0.006306999999999741,0.001053069999999311,0.0010530699999992828,0.0010530699999993338,0.764543723664395,9.850529932019844,-2.066564257275589,0.010178825512152032,0.0015452699453499343,0.003693477680991105,-24.26268850326538,11.40843789100647,-0.1678125075995922,987.7119067382813,0.3150022176496621,26.81148911213235
2025-03-01T18:15:09Z,40.00728864446466,-75.22614024270779,44.70211391834685,-13.692177989108655,-8.798963529347771,-0.5242138860683769,1.555247649727536,6.255366947941865,0.014851869949654737,0.0009999999931727122,0.0010000000020810864,0.0009999999963903473,0.0009999999908859403,0.0009999999896984793,0.0009999999865928423,0.00002799820697581016,0.000028000427954807316,1.0121089503505094,11.509628785619862,15.07635890755408,0.023201138910561088,0.0003741481628408859,0.00032450808678270574,0.009757145000973582,0.006307999999999622,0.006307999999999623,0.006307999999999738,0.0010530799999993114,0.0010530799999992834,0.0010530799999993342,0.02685088499672428,9.8938707893224,-2.2803400795699953,0.0010103460110876788,0.0897835192191298,-0.0065228184506799375,-22.700813274383545,11.771062908172608,-0.47343751762062314,987.7261962890625,0.37390101237814594,25.575503763289667
2025-03-01T18:15:10Z,40.00481030539543,-75.22604997268745,45.10821889601462,-15.829246931120862,-6.3340082433788565,-0.6535309012616923,1.5040789017785143,6.246503217224266,0.42028328730927667,0.0009999999931442072,0.0010000000023239943,0.000999999996234843,0.0009999999909306087,0.000999999989863444,0.0009999999860910473,0.00002899782226280408,0.000029000443105949272,1.0010127662301838,12.30028375137334,15.769947875403693,0.03058556002812212,0.00036593280904407026,0.00033931352471894093,0.009766533803172207,0.006308999999999622,0.006308999999999623,0.006308999999999738,0.001053089999999312,0.001053089999999283,0.0010530899999993337,-2.107042851997542,9.702892850873774,-1.1066834638082648,-0.033477643922519715,0.4276845423384208,0.03254665749339616,-19.959750785827637,11.424375343322755,-4.954312710762024,987.661962890625,0.21084989981415536,23.52553570743348
2025-03-01T18:15:11Z,40.001965151270305,-75.22593931918114,45.458127111081005,-18.081233794750155,-5.63719305010588,-0.7985501029402229,1.4736907730630513,0.02328492005846853,0.9972630430007717,0.0009999999933169264,0.0010000000023826926,0.0009999999964340207,0.0009999999909310884,0.000999999989922916,0.0009999999862777857,0.000029997385443077325,0.0000300004597367028,1.0167958779562851,13.251029558479074,16.75454448554438,0.046411787247555424,0.00035134312968890247,0.0003589934977570185,0.009778555215816036,0.006309999999999624,0.006309999999999624,0.006309999999999735,0.0010530999999993128,0.0010530999999992835,0.0010530999999993347,-2.7879205206564053,9.648974536893427,-0.7294948488659757,-0.027928955369562344,0.6536230564616161,-0.0025475241662961225,-16.43081311225891,8.506312849521636,-8.055375287532806,987.5838696289062,0.2903633313098355,20.17959367642494
2025-03-01T18:15:12Z,39.99869123651676,-75.22580988438467,45.989464116814716,-18.319562211578496,-4.471425472139832,-0.6267437246112066,1.4910481054112388,0.040662963456459665,1.3646211574245222,0.000999999993532124,0.001000000002668318,0.000999999996150137,0.0009999999908747118,0.0009999999896511899,0.0009999999863341419,0.000030996913477190854,0.000031000478031114924,1.0658682130567168,13.999978271346066,17.91863444001852,0.0545001829596004,0.00033972903156150226,0.00037302970677655426,0.009788581476195157,0.006310999999999625,0.006310999999999625,0.0063109999999997335,0.0010531099999993132,0.0010531099999992839,0.001053109999999335,-1.3145811742366502,9.845622107456514,-0.6761682535732446,-0.00028148259975202745,0.3831788693141869,0.025322263467477204,-2.125875077135861,6.917062783241272,-8.274375326633454,987.4685278320312,0.17609402650227485,10.992236985270372
2025-03-01T18:15:13Z,39.99533107100341,-75.22567893505894,46.72106645187912,-17.18179678263735,-2.470579106668855,-0.5795967730421104,1.4935954989619222,0.025473319102382735,1.455616459998935,0.0009999999931905193,0.001000000002793917,0.000999999996378383,0.0009999999910330376,0.0009999999895562192,0.0009999999865864953,0.00003199642953101179,0.000032000498445626806,1.1239480181106092,14.34563821929595,19.135333427379727,0.05453216820047896,0.0003304822398070037,0.00038061910881398333,0.009797679398451562,0.006311999999999626,0.006311999999999626,0.006311999999999733,0.0010531199999993125,0.0010531199999992832,0.0010531199999993359,0.1853211264277605,9.69272336069476,-0.2457857562414056,-0.010010255354799758,0.08849168991401038,0.029034184741173176,3.7213126388192177,8.772562894821167,-5.180437710285187,987.3798120117187,-0.08249415728678801,10.846283313809264
2025-03-01T18:15:14Z,39.992042784338345,-75.22556124066368,47.59880873099729,-15.00911927966001,-0.02393051230335952,-0.40315138441040077,1.5025573279901467,0.03371552484941923,1.3894817949639044,0.000999999993486968,0.0010000000030451668,0.0009999999962084637,0.000999999991105353,0.0009999999895935329,0.0009999999868199046,0.000032995946432667045,0.000033000521506891276,1.1678719664142017,14.388354237278094,20.44624941615851,0.04994891170732215,0.0003265964448058631,0.00038150635801156206,0.009807776246749585,0.006312999999999628,0.006312999999999629,0.006312999999999735,0.0010531299999993117,0.0010531299999992825,0.0010531299999993362,1.1002475868358172,9.798275570225657,0.35666814810921926,0.00025928293497286736,-0.06647769420064113,-0.007804633431834164,3.7850626587867735,9.354937896728515,-6.142312746047974,987.2926416015625,0.08593868070716042,11.81390576640378
2025-03-01T18:15:15Z,39.98928461355295,-75.22548403502218,48.408274518411915,-12.597080936473198,1.0409239356029099,-0.3347978156701852,1.5096397065537281,0.043199304023871836,1.3836120169811412,0.0009999999932240097,0.0010000000028832035,0.0009999999960684813,0.0009999999912076454,0.0009999999896523116,0.0009999999869038394,0.000033995468740452264,0.000034000547523567364,1.1895144273487226,14.371775860425714,21.846430272463184,0.0427806618500534,0.00031715090484902225,0.0003880922402043946,0.00981790577469131,0.006313999999999626,0.006313999999999626,0.006313999999999733,0.0010531399999993113,0.0010531399999992822,0.0010531399999993358,0.17184155724600578,9.673939648307298,0.8445437596149163,-0.0019977457985043932,-0.006100721122554477,-0.006355247998681991,2.4005626106262206,10.208062829971313,-6.1717502403259275,987.29068359375,-0.06821962703656782,12.167847547606884
2025-03-01T18:15:16Z,39.98720147728815,-75.22544527212048,48.989249280963676,-10.433755865357309,1.6940284998366986,-0.2891919608985524,1.5184360149398028,0.05164231966854921,1.3977767467743432,0.0009999999930043863,0.001000000003049535,0.0009999999957866338,0.0009999999911827879,0.0009999999893895242,0.000999999987085781,0.00003499499586911255,0.00003500057656371449,1.1892618053276593,14.2799340047048,23.351568176340578,0.03573119333654619,0.00030561779686424375,0.0003982963622511921,0.00982802536722559,0.006314999999999625,0.006314999999999625,0.006314999999999731,0.0010531499999993103,0.0010531499999992815,0.0010531499999993357,0.06768578153805618,9.697463267964467,1.0081827533812049,0.0010904592784317646,0.013966187062409973,-0.005921968209774416,2.61225010599941,8.88300039768219,-7.255125293731689,987.3398828125,-0.03057531510365818,11.762958647571958
2025-03-01T18:15:17Z,39.985513598409824,-75.22542911776597,49.37446571381586,-8.05078271568005,2.014011742557643,-0.3510232878273993,1.5162117040637975,0.05794156618948442,1.39135831320206,0.000999999993028899,0.0010000000032594331,0.000999999995958453,0.0009999999914119737,0.0009999999892933151,0.0009999999873578902,0.00003599451581289428,0.00003600060865113526,1.1675695332341367,14.197157062658293,24.8838184808231,0.028158534333394693,0.0002978973497190511,0.0004072495991549452,0.009838160727026883,0.006315999999999625,0.006315999999999625,0.006315999999999732,0.0010531599999993111,0.001053159999999282,0.0010531599999993365,-0.03386143379207252,9.596292613980104,1.5562489664000683,-0.007261363973716203,-0.006569050578015146,-0.005948004911603359,3.164437624365091,8.929312896728515,-5.655375213623047,987.3653540039063,-0.058846298861082766,11.03306138882259
2025-03-01T18:15:18Z,39.98471258652654,-75.22542095465461,49.24054224028081,-4.11101893525931,1.0287452157236747,-0.5264877898759436,1.5165190638168486,0.06644506820176276,1.3841387673415884,0.0009999999929063256,0.001000000003343102,0.0009999999960703815,0.0009999999914735943,0.0009999999890706935,0.0009999999872884414,0.00003699400106064849,0.00003700064395524515,1.1143487010022968,14.343892441903044,26.37261983442312,0.017475132227787498,0.00029442804582751513,0.0004163526303336013,0.009848426262746231,0.006316999999999622,0.006316999999999628,0.006316999999999734,0.0010531699999993122,0.0010531699999992822,0.0010531699999993364,-0.9077202550250554,9.35290264192891,4.056509374622572,-0.0013767001077819268,-0.006976293562914972,-0.008747801543609825,1.5935625584796071,9.966750354766846,-6.406312775611878,987.53953125,0.4545876861897078,11.954713909184909
2025-03-01T18:15:19Z,39.984183979164904,-75.22541971313187,48.8050128973315,-1.0821730479787453,0.4049015644156388,-0.6952697248970462,1.5186130199083172,0.06339733358929016,1.376430299562332,0.0009999999928325305,0.0010000000034562757,0.0009999999957288927,0.0009999999913615125,0.0009999999891103734,0.000999999987170673,0.000037993403797486666,0.000038000682777960935,1.0368921236401318,14.685917555907613,28.147423670435607,0.01643016719838461,0.0002959554508100477,0.0004254191346486793,0.009858306307227905,0.006317999999999625,0.006317999999999626,0.006317999999999733,0.0010531799999993125,0.0010531799999992824,0.0010531799999993368,-0.685268823680321,9.433821285181924,3.3276908689131712,0.0015511114346010717,-0.007994902483159346,0.002680210042723258,-0.6335625303164124,10.478250389099122,-6.515437784194947,987.6397998046875,0.24659037911942716,12.354950773794693
2025-03-01T18:15:20Z,39.98342574528415,-75.22542345390387,48.26204864750098,0.39465462882594254,0.618560651690709,-0.8237567060195891,1.522400764481228,0.06330962284233455,1.3735659016813262,0.000999999992592544,0.0010000000032130603,0.0009999999957159696,0.0009999999910906168,0.0009999999889987387,0.0009999999868991296,0.00003899266755218805,0.00003900072528993122,0.9660467118109447,15.170360754242385,30.060226828522563,0.01784987539961004,0.0003014329512893954,0.0004350195606273729,0.009868308776637953,0.0063189999999996235,0.006318999999999624,0.00631899999999973,0.0010531899999993114,0.0010531899999992823,0.0010531899999993368,-0.12881660741176826,9.603790083563846,1.5824902703804766,0.002960439934021236,-0.003015853770499285,-0.00007352175047043298,-0.5583750229328871,11.015625419616699,-7.405500292778015,987.675146484375,-0.046253387934583085,13.285174920537496
2025-03-01T18:15:21Z,39.98227491160187,-75.22542755346753,47.67613541854445,0.8613394211552827,1.394019337689112,-0.9077750831711959,1.5288365786123441,0.06307179253995943,1.3718124002083205,0.0009999999928223256,0.0010000000033244367,0.00099999999581725,0.0009999999910469991,0.0009999999891935152,0.0009999999869291115,0.00003999174108984913,0.00004000077157537983,0.9174061225206862,15.80158781613453,32.02407834630116,0.01857936170796723,0.0003094396314235615,0.00044463789637567253,0.009878325154452238,0.006319999999999625,0.006319999999999625,0.006319999999999733,0.001053199999999312,0.001053199999999283,0.0010531999999993373,0.2528353344194282,9.72562785013847,0.39699309114697456,0.00561686723716592,-0.0019263112738100467,-0.00002361784715336577,-1.3155000603571534,10.535812883377075,-6.833250250816345,987.701923828125,-0.04347906638503217,12.62639779989157
2025-03-01T18:15:22Z,39.98035789675495,-75.22544044889574,47.13936644692526,-0.23180265355707003,2.952849809027786,-0.9793811765209475,1.5324812305655349,0.06101605071688234,1.369942514044989,0.0009999999929114639,0.0010000000035612683,0.0009999999957635514,0.000999999990903289,0.0009999999893969555,0.0009999999872159092,0.00004099059326719038,0.000041000821512561774,0.8930103940067544,16.536371628539246,33.99140638670013,0.019663301690891623,0.0003185470229258207,0.0004537870461951401,0.009888299291053546,0.006320999999999628,0.006320999999999628,0.006320999999999736,0.0010532099999993128,0.0010532099999992837,0.0010532099999993382,0.8258797437421732,9.831866017020397,-1.4316287765461102,0.0027873616461279987,-0.0021504618794043638,0.001290742915621727,0.0013125004246830852,10.187250366210938,-6.197250251770019,987.6870947265625,0.18915146856796505,11.924125653311409
2025-03-01T18:15:23Z,39.97778901244617,-75.22548048642123,46.62048186286434,-0.3972570631233997,3.6777255218911216,-1.0425819653170134,1.5238668491166243,0.0694120328263336,1.386482259096631,0.000999999992998747,0.0010000000038402938,0.0009999999957094852,0.000999999991087264,0.0009999999892216194,0.0009999999873964178,0.000041989213845017276,0.00004200087466624189,0.8871122474432661,17.457148462001413,36.00411815462513,0.02226912739940335,0.0003264287997336754,0.0004637790904080024,0.009898658401462788,0.006321999999999631,0.006321999999999631,0.0063219999999997376,0.0010532199999993119,0.0010532199999992828,0.0010532199999993374,0.37012679004524335,9.76127765082957,-0.3638316715938205,-0.01065166368101993,0.01662344894952986,-0.009226312383410058,-2.0641875825822353,12.90543800354004,-6.128812727928161,987.6964111328125,-0.005680491030017305,14.435098937417798
2025-03-01T18:15:24Z,39.974687684031444,-75.22556806270384,46.097252936908255,0.43636445456478706,3.8035498721398056,-1.106595678814077,1.5235908539006013,0.06475997202920068,1.3932950452335753,0.00099999999315526,0.0010000000038919224,0.0009999999955700213,0.000999999991256419,0.0009999999891237542,0.0009999999871094433,0.0000429875928209232,0.00004300093042729212,0.8929182375684281,18.504179978484217,37.960012128245815,0.024795822936219875,0.0003351501974734903,0.0004705594235866424,0.009908565702731428,0.006322999999999631,0.006322999999999632,0.006322999999999738,0.0010532299999993127,0.0010532299999992819,0.0010532299999993365,0.21753139137663818,9.691618495124354,0.7812961013074204,-0.0016133683450082052,0.006345398894953384,0.0024098272093604164,8.655000341236592,13.149563040733337,-14.397750601768493,987.725380859375,-0.05526746489419472,21.333379879444273
2025-03-01T18:15:25Z,39.970603203429306,-75.225746188216,45.63308007213976,1.2019601178064279,4.0959291954289165,-1.1998494852139452,1.515304570399157,0.06403067205606953,1.255089109023099,0.0009999999931138439,0.0010000000036432385,0.000999999995688116,0.000999999991578724,0.0009999999893965021,0.0009999999872752556,0.00004398572170302502,0.00004400098767529803,0.9109732536717761,19.654845489389082,39.74605332208341,0.030661628848050793,0.0003613392218471117,0.00045720595488857644,0.0099191581557647,0.006323999999999633,0.006323999999999633,0.0063239999999997396,0.0010532399999993113,0.0010532399999992814,0.001053239999999336,0.8600173493692181,9.688535903926773,0.5850421448679859,-0.0005418514270443977,-0.13890272373860235,-0.0106211202143968,12.83250056028366,10.915125427246094,-1.868250080011785,987.70849609375,-0.03658346364554588,16.949975589792796
2025-03-01T18:15:26Z,39.96557263613608,-75.22604919162171,45.240551739489646,1.1023073662939258,3.50261174534047,-1.248791040501728,1.502914778750439,0.06788830704981555,1.1731599436986664,0.0009999999926475812,0.00100000000363821,0.000999999995663248,0.0009999999915584273,0.0009999999891633401,0.0009999999870903267,0.00004498363247970403,0.00004500104456595554,0.9432914257439886,20.921108923409395,41.23018488005875,0.0346096770940356,0.00038195263111784745,0.000445418433576338,0.009929973172060331,0.006324999999999634,0.006324999999999634,0.006324999999999741,0.0010532499999993104,0.0010532499999992805,0.0010532499999993349,0.28860999197511383,9.712565466830254,-0.11326653266022653,-0.009003830773441714,-0.08180939872687298,-0.015044882741734596,0.5038125208765268,9.724687862396241,-6.6451877903938295,987.6916772460937,-0.06321392163794881,11.789007842159174
2025-03-01T18:15:27Z,39.959679502103306,-75.22650658728661,44.91776037895291,0.2766209657012157,0.6227045177210182,-1.365960009080977,1.478680086702847,0.06458434022801277,1.4257980865707298,0.0009999999928219257,0.001000000003493129,0.0009999999956379851,0.0009999999914255878,0.0009999999890871966,0.0009999999867916119,0.00004598142064464977,0.0000460011001528982,0.9750667579518217,22.207183351244073,42.36564398753474,0.02851362049740607,0.00036235886473254595,0.00046946646441289446,0.009939440143063962,0.006325999999999632,0.006325999999999632,0.006325999999999739,0.0010532599999993095,0.0010532599999992804,0.001053259999999335,-1.4375709478582925,9.519363346732,-0.06285446554982113,-0.043648542771638266,0.2565202291318859,0.015452624888728967,0.9146250358968974,8.621625390052795,-8.487375373840331,987.66984375,-0.15289834851132295,12.132735607382168
2025-03-01T18:15:28Z,39.95278759540539,-75.22715028424707,44.57320071600603,-0.10029416517498577,-2.0126265816276723,-1.6657475194429279,1.4284484372593167,0.08700857647659571,1.6087833035838208,0.0009999999926981675,0.0010000000034626033,0.0009999999954155268,0.0009999999912090932,0.0009999999891607979,0.0009999999866551511,0.00004697917889342454,0.00004700115453117304,0.9968271872822568,23.55578639188117,43.17600568232213,0.028090851809456068,0.00036212758897149507,0.00047338710671216425,0.009950917283566809,0.006326999999999631,0.006326999999999631,0.006326999999999737,0.0010532699999993103,0.0010532699999992812,0.0010532699999993358,-0.372201321597621,9.35238681642777,0.5276176679852206,-0.0650331490765095,0.18673076327112684,-0.011640062521683156,5.153250223398208,9.91781289100647,-6.587625253200531,987.630166015625,-0.4054591024918865,12.973607475796307
2025-03-01T18:15:29Z,39.94509561104983,-75.22799193823296,44.1897669156109,-0.12595457707837382,-4.283690840736796,-1.7978749670724057,1.4150367293832278,0.07770725258401204,1.5032948068407281,0.0009999999930974995,0.0010000000037026127,0.0009999999955337066,0.0009999999915609621,0.0009999999892319406,0.0009999999867405336,0.000047976970790635525,0.00004800120651531634,1.02221426307161,25.04456610251831,43.682179102930974,0.03341764925474856,0.0003783039098249073,0.0004567040266275302,0.009961573612183382,0.006327999999999632,0.006327999999999632,0.006327999999999739,0.0010532799999993106,0.001053279999999282,0.0010532799999993362,0.6695885505376759,9.510230627692255,1.1911840071724007,-0.004929896808829317,-0.10467393468509253,-0.019244494643532103,6.051937736272812,10.629000396728516,-8.234812805652618,987.6039038085937,-0.17195625125313505,14.744905772578786
2025-03-01T18:15:30Z,39.937656313110914,-75.22895200158104,43.7876542499969,0.13085939627273563,-7.2537098958694735,-1.760816906195931,1.4111324764761515,0.06197628587484002,1.406584606944633,0.0009999999930643236,0.0010000000035642821,0.0009999999957017245,0.0009999999917993452,0.0009999999892276144,0.000999999986601648,0.00004897485713530524,0.000049001254418018195,1.0553595934524924,26.636916342353558,43.81432156930008,0.036330972483030965,0.00039436075663505665,0.00043661635078748263,0.009971624537375236,0.006328999999999634,0.0063289999999996335,0.006328999999999741,0.0010532899999993106,0.0010532899999992815,0.0010532899999993362,0.40231025709467455,9.589313529964558,1.4636068632647354,0.0009242236996543846,-0.09692613291160312,-0.013054398611587852,4.535062673091889,12.778875522613525,-12.671812953948974,987.6617944335937,-0.07082613431623591,18.55907902889926
2025-03-01T18:15:31Z,39.930085818338384,-75.23008426475236,43.55660110697848,0.5777711324147826,-11.597391530439317,-1.6900065135015225,1.4135104680590844,0.05292019588611552,1.3963056538548055,0.0009999999931602527,0.0010000000031863444,0.000999999996094643,0.0009999999915679286,0.0009999999892316442,0.0009999999865335134,0.00004997287773124744,0.000050001298277351824,1.0836166380161414,28.247107345287525,43.594864645600836,0.033418547055077394,0.00040416591638725097,0.00042104299373386505,0.009982057756207691,0.0063299999999996345,0.0063299999999996345,0.006329999999999741,0.00105329999999931,0.001053299999999281,0.0010532999999993352,-0.32744377267974023,9.508508711389197,1.7334041437442174,-0.0001613122520139538,-0.010378276029363939,-0.0071737398862767145,2.919937623590231,13.094813032150268,-10.087312874794007,987.6583984375,-0.10829461306162509,16.785480121144335
2025-03-01T18:15:32Z,39.92344275053563,-75.23121282015279,43.29607769975935,1.4800253717835619,-15.996968886108828,-1.5813650740028629,1.4113895658112403,0.03531881648988203,1.406882264190541,0.0009999999933800621,0.0010000000033949426,0.0009999999962541377,0.0009999999916001459,0.0009999999889509943,0.00099999998664975,0.00005097102286126759,0.000051001340071797953,1.0953669286605527,29.913219956141052,43.20175285654564,0.028626801933838087,0.0004122685904378727,0.0004067449319837631,0.009991604151868304,0.006330999999999633,0.006330999999999633,0.0063309999999997405,0.001053309999999309,0.0010533099999992799,0.0010533099999993343,-0.5028546699788321,9.471905699408842,2.3158904085993086,-0.0053880454956362605,0.008763655444451854,0.005943496269989938,6.622125267982483,15.187688102722168,-11.901000518798828,987.7547436523438,-0.014711596570632287,20.399758766265293
2025-03-01T18:15:33Z,39.918045750298894,-75.23222983614751,42.891093726345446,2.3524466661368435,-19.678040595531392,-1.5010738638319687,1.4094292221396414,0.014285801307661888,1.3973583736383846,0.0009999999932739556,0.001000000003104721,0.000999999996131952,0.000999999991366011,0.000999999988997853,0.0009999999866212072,0.00005196924281220489,0.000052001382281394215,1.0898660364658954,31.657284472233005,42.81357492568265,0.024901956862990453,0.0004216350707985658,0.00039299563997342895,0.010000718734217273,0.0063319999999996305,0.0063319999999996305,0.006331999999999738,0.0010533199999993097,0.0010533199999992805,0.0010533199999993351,-0.35227420558268063,9.472969357909264,2.433677417164781,-0.003666274653830872,-0.011790275921683406,0.008768829022555838,3.2096251097694037,13.92562562942505,-11.904750475883484,987.9082983398438,0.008738209066136954,18.599622051297043
2025-03-01T18:15:34Z,39.912984698765285,-75.23322772873429,42.49405515535269,3.0564956907506335,-23.167482953732616,-1.3949771889057518,1.4090290065491646,0.006168583655566691,1.4042057391953824,0.0009999999935958717,0.0010000000030534605,0.0009999999962269157,0.0009999999908892826,0.0009999999891735932,0.000999999986351144,0.0000529674705636407,0.000053001427095347515,1.071339358310786,33.476756391395675,42.57525844896724,0.022055124410269793,0.0004310233965414844,0.00038243518002092577,0.01001077092385514,0.006332999999999633,0.006332999999999633,0.00633299999999974,0.0010533299999993103,0.0010533299999992815,0.001053329999999336,-0.36076089118540094,9.518924680388842,2.447894457026217,-0.0016923133915796246,0.006391463634694732,-0.00016515160605121886,2.087250084131956,13.721250562667846,-11.889937906265258,987.9849389648438,0.05742912669969586,18.275614909484005
2025-03-01T18:15:35Z,39.9079204766475,-75.23422467396739,42.1246652429278,3.628411393328587,-26.508501666045703,-1.3553150088424402,1.4099175548089604,0.005864147437231111,1.4015621219023573,0.0009999999933220916,0.0010000000031844028,0.0009999999963507186,0.0009999999907966371,0.0009999999893697568,0.0009999999866059264,0.000053965627171457525,0.000054001476399138956,1.0444417796743104,35.34518100509714,42.57109378053201,0.02049587544326873,0.0004411399738566915,0.00037451708583743204,0.010021419685979787,0.006333999999999632,0.006333999999999631,0.006333999999999738,0.0010533399999993107,0.0010533399999992817,0.0010533399999993363,-0.416952333040961,9.457748102185057,2.4974657684999686,0.0005373431479784008,-0.0017330372472063042,-0.008533999070613321,5.980312750339508,13.435875568389893,-9.177187843322754,988.0356787109375,0.01334175348967718,17.33510634600957
2025-03-01T18:15:36Z,39.90285349177578,-75.23518627046352,41.716968131825794,4.573581153252856,-29.964637756563626,-1.3200467327651886,1.4051834283187383,0.004962918983347442,1.4188677155121283,0.0009999999928820608,0.0010000000030015769,0.0009999999961777782,0.0009999999908306394,0.0009999999892607461,0.0009999999867053113,0.00005496360189596904,0.00005500153234279302,1.0127444850710183,37.23235712896084,42.954442208822,0.021661923584000462,0.00045039518489926173,0.00037072391467132224,0.010031984177353508,0.006334999999999633,0.0063349999999996335,0.006334999999999739,0.0010533499999993098,0.0010533499999992807,0.0010533499999993354,-0.8209928605587422,9.351955333518925,3.1763938859131833,-0.004066841439066443,0.017841673576761755,-0.0034885228633355584,10.197000436782837,15.390938148498535,-11.066437950134278,988.1033837890625,0.13360577482826907,21.524954393620988
2025-03-01T18:15:37Z,39.89766903957664,-75.23609433259418,41.31261872943909,5.50974252909851,-32.92743108545617,-1.1992662415238486,1.4045733536050788,0.0011362756062131786,1.4081467247677533,0.0009999999929127198,0.0010000000028613021,0.0009999999960499677,0.0009999999909192359,0.0009999999891323933,0.0009999999869025572,0.00005596125134227748,0.00005600159720127485,0.984664847914246,39.11135328763779,43.83766193218255,0.027360424743886575,0.000459509626587661,0.000369474209022213,0.010042196188410889,0.006335999999999634,0.006335999999999636,0.00633599999999974,0.0010533599999993108,0.0010533599999992818,0.0010533599999993362,-0.7087171766438433,9.393181776043752,3.4837074945805946,0.0015350888050662853,-0.010295325781500098,-0.003871064349209511,4.872187654972077,13.155188055038453,-12.480938034057617,988.1719653320313,0.26660030293686554,18.7768233728094
2025-03-01T18:15:38Z,39.892920292245705,-75.23687882122837,40.85379623456884,6.081840343014827,-35.336417338235286,-1.1182900539552385,1.3983034402204206,6.281263707265247,1.3979142873932577,0.0009999999927017714,0.001000000002663871,0.000999999996178844,0.0009999999905674238,0.0009999999891462895,0.0009999999870062394,0.000056958435792652276,0.00005700167276529591,0.9717125301821118,40.82104889628892,45.196288433657365,0.03546447732389719,0.00046581232955325916,0.0003715440297010072,0.01005228940306204,0.006336999999999637,0.006336999999999639,0.006336999999999743,0.0010533699999993099,0.0010533699999992828,0.0010533699999993353,-0.7870618512090569,9.376432776276276,3.380332983740082,-0.0031455373992265653,-0.009797454308122086,-0.0027274453991503393,3.6463126519322397,14.086688117980957,-12.385875511169434,988.2967260742188,0.22159977027234554,19.10859369963731
2025-03-01T18:15:39Z,39.88793347624637,-75.23759482725582,40.447603273091175,5.949371718470036,-37.17553622158177,-1.0423393994768646,1.3929362197631707,6.278619606658099,1.393984883575979,0.000999999992477475,0.0010000000028065764,0.000999999996320701,0.000999999990471414,0.0009999999889627647,0.0009999999870428547,0.00005795506266564613,0.00005800176000052919,0.9808926919143984,42.19157759352391,46.96020578895658,0.04289692807590245,0.0004668378574803958,0.0003768962729311845,0.010062268282818768,0.006337999999999637,0.006337999999999637,0.006337999999999744,0.0010533799999993105,0.0010533799999992823,0.0010533799999993341,-0.6671219427289101,9.415554641720968,3.043547780358639,-0.0009287325370115503,-0.0035147266514367163,-0.000999999987491311,5.365875223577023,15.992250661849976,-10.15875033378601,988.3592065429688,0.14131150842184353,19.691188649816564
2025-03-01T18:15:40Z,39.88218122658083,-75.23825752089952,40.154814319283105,4.411080684071027,-38.21889393958457,-1.0322584461403415,1.3884682432660562,6.2765094014975995,1.3925322593772191,0.0009999999922547884,0.0010000000030610308,0.000999999996376476,0.000999999990842716,0.0009999999889087313,0.0009999999872208822,0.000058951156948696164,0.00005900185837870592,1.0083672120006706,43.06960155548371,48.889878368128436,0.042916193046026334,0.0004615679133273122,0.0003847195090623787,0.010072151675545794,0.006338999999999635,0.006338999999999636,0.0063389999999997415,0.00105338999999931,0.0010533899999992818,0.0010533899999993343,-0.3673372243183144,9.498152855792132,2.085384439081213,0.0017113383674865104,-0.000924893635948509,-0.000273972230750894,7.186125283241272,16.74300073623657,-10.648500404357911,988.3686669921875,-0.04496350144832523,21.103480566363686
2025-03-01T18:15:41Z,40.03221359217822,-75.22152197419085,40.68873982136488,0.30944063484414647,-0.05872498491568524,-0.5678405289148939,1.3515549811199075,0.07629332488100037,1.4666714455267187,0.0009999999926238734,0.0010000000026448644,0.0009999999964216161,0.0009999999907341446,0.000999999988703814,0.0009999999872121058,3.368232274510469e-10,3.368230447090084e-10,0.5928750517463417,0.009312873243590635,0.009313297344418277,0.01741863679472127,0.00015503362454202907,0.00017421770305320775,0.009887912890155866,0.006339999999999633,0.006339999999999633,0.006339999999999741,0.0010533999999993104,0.001053399999999282,0.0010533999999993338,-0.33384162896842107,9.520041282014963,1.9614734997785563,0.00007919440021626929,0.0018303401641050884,-0.0034332780384452493,7.4156253004074095,14.152313022613525,-10.826812915802002,988.3926171875,-0.054586677422693027,19.300191220557224
2025-03-01T18:15:42Z,40.032216484045236,-75.22152033393283,40.41388240199578,0.20685746640300298,0.3375557579938552,-0.6000909075145758,1.350866537114562,0.08125750631136915,1.470454939840448,0.0009999999923578564,0.0010000000027417398,0.0009999999963751962,0.000999999990630631,0.0009999999887063717,0.0009999999868762226,1.0003368234473749e-6,1.000336823621178e-6,0.638668223300662,0.026751227669887388,0.02773950730757358,0.016875935715870146,0.0001639310276994017,0.00018418878797375686,0.00989803884700892,0.0063409999999996325,0.006340999999999633,0.00634099999999974,0.0010534099999993107,0.0010534099999992817,0.0010534099999993333,-0.38305401583147536,9.532643484112956,1.9849231511787595,0.0002217296244258068,0.004253437108228297,-0.0038303402508204874,7.802437829971313,11.147437934875489,-10.82756290435791,988.4467944335937,-0.035734151689021054,17.389012675042007
2025-03-01T18:15:43Z,40.032220292110104,-75.22151361333783,40.133921004580856,0.07985876452017596,0.7989816089753076,-0.6540767205148554,1.3448662077464961,0.08133323532619985,1.4666094287890048,0.0009999999922189874,0.0010000000023181735,0.0009999999964304877,0.0009999999907598094,0.0009999999889442623,0.0009999999867330103,2.000336824637241e-6,2.0003368276235255e-6,0.682795814578505,0.07735018436052823,0.08102771608309185,0.016200212505508738,0.00017236232998009947,0.00019405885753435452,0.009908226140664455,0.006341999999999632,0.006341999999999632,0.006341999999999739,0.0010534199999993115,0.0010534199999992825,0.0010534199999993332,-0.3469786168284264,9.507998745774826,1.9963008280931043,-0.0042571109412363655,-0.004019274177747865,-0.0005743974198299488,8.595000319480896,14.549438056945801,-9.84018790245056,988.4693603515625,-0.058917755489753865,19.554730658625804
2025-03-01T18:15:44Z,40.0322219562585,-75.22150132780075,39.96310893596429,0.438551172566125,1.2518941469074267,-0.6298911653585697,1.335976220439555,0.06736546813888118,1.3661431161531759,0.0009999999925525051,0.0010000000022817883,0.000999999996597379,0.0009999999906630944,0.0009999999888518807,0.0009999999865675764,3.0003368260842136e-6,3.0003368413664794e-6,0.7227445280478413,0.16201186294115205,0.16483736592887224,0.016200386505621736,0.00018093187493336687,0.00020309460695518378,0.009920199651224069,0.0063429999999996284,0.0063429999999996284,0.006342999999999737,0.001053429999999312,0.001053429999999283,0.0010534299999993319,-0.23282463471698123,9.449851901369955,2.5584827532803947,0.0005882483492165972,-0.10121236744612667,-0.008900517806725551,7.217437787055969,12.567938032150268,-10.207125415802002,988.4156958007812,0.012368291695848648,17.726479750608842
2025-03-01T18:15:45Z,40.03221743137291,-75.22148439059264,39.920063274335156,0.2894766852428355,1.5369106950745526,-0.6112157915093709,1.3267280295538357,0.039382507700889004,1.14993030571247,0.000999999992458012,0.0010000000021740119,0.0009999999966506365,0.0009999999906229904,0.0009999999888294854,0.0009999999862472515,4.00033681651399e-6,4.000336875727559e-6,0.756833163525667,0.2752711800197599,0.29024450351075354,0.01559607729838862,0.00019149246571742836,0.00020974780378903556,0.009930898966315686,0.006343999999999626,0.006343999999999626,0.006343999999999735,0.0010534399999993108,0.0010534399999992817,0.0010534399999993327,-0.29731774078645734,9.512352847487872,2.1721144404836195,0.004905860714880437,-0.21976469766369694,-0.024408137901124238,2.4628126011043787,11.701125507354737,-13.484438047409057,988.3654345703125,-0.018776912933614047,18.02248661970171
2025-03-01T18:15:46Z,40.032197669659425,-75.22146554870893,39.935017271989956,0.07082682811409156,1.5162977287441595,-0.585090679748467,1.3202025367303316,0.0074513266356443265,0.9506702082497989,0.000999999992104861,0.0010000000024322142,0.0009999999966772927,0.0009999999902269236,0.0009999999888810225,0.000999999985904596,5.000336754561109e-6,5.000336946288951e-6,0.7833621273192076,0.4110356074833681,0.4565727547985709,0.015016320597931907,0.00020369611494516275,0.00021493109747800862,0.009935980660879671,0.006344999999999629,0.006344999999999628,0.006344999999999735,0.0010534499999993116,0.0010534499999992825,0.0010534499999993333,-0.33168809289662343,9.478166968661359,2.3216730763945694,0.0007206023919335361,-0.20342022498325046,-0.018613267734922084,-1.7711250645667314,13.357125577926636,-15.754875602722167,988.3565112304688,-0.01649573624089136,20.730742593685758
2025-03-01T18:15:47Z,40.03215736313865,-75.22144612734613,39.98158796311705,-0.4158787294665233,1.5649318679228394,-0.5595832459912602,1.3202041715367636,6.272304127426709,0.8791065979495332,0.0009999999920064966,0.0010000000023047083,0.000999999996790042,0.0009999999901718563,0.000999999988887922,0.0009999999858505153,6.000336539696376e-6,6.000337074417544e-6,0.8019299733164146,0.5811269026701407,0.6722988908279668,0.014220483870279601,0.00021377317609675076,0.00022260712247513316,0.009941521890659477,0.006345999999999627,0.006345999999999627,0.006345999999999735,0.001053459999999311,0.0010534599999992818,0.001053459999999333,-0.19657337024390945,9.533042247134,2.138502485596483,0.0022477643137817148,-0.07359109763209186,-0.0007556540750962141,-16.402125730514527,8.837062876224518,-10.765688002109528,988.3593090820312,-0.008572421006439923,21.517928862621417
2025-03-01T18:15:48Z,40.03209270620793,-75.22142206987816,40.001281670168964,-1.0094679856095494,2.2545194731379694,-0.6268541971939245,1.3203292205575663,6.2747217947497855,0.9881548942523396,0.000999999992176976,0.001000000002247868,0.0009999999966334736,0.0009999999899177755,0.0009999999890713198,0.0009999999859485952,7.000335977237481e-6,7.000337287596736e-6,0.8121647992866357,0.8063716455479715,0.9382883256452017,0.013503421660179862,0.0002188332036681088,0.00023553180272828942,0.009952599201578902,0.006346999999999625,0.00634699999999963,0.006346999999999737,0.0010534699999993121,0.0010534699999992822,0.0010534699999993338,0.34705762751796754,9.558522660049885,1.6664835662404878,0.003363677506697321,0.10708801621958704,0.024090519785736217,-19.619063205718994,7.505437817573547,-8.432437841892243,988.3677221679687,-0.07167374620196154,22.634993883016804
2025-03-01T18:15:49Z,40.03199191965586,-75.22138846395755,39.95390450191971,-1.5575640765608363,3.178413901656454,-0.74558311573155,1.3207370913191199,0.011812416626128567,1.1688805789428514,0.000999999992319761,0.0010000000023058955,0.0009999999969021692,0.000999999989835504,0.0009999999893050874,0.000999999985776422,8.00033473437672e-6,8.000337618698372e-6,0.8154738504608469,1.0881798638161158,1.2516145782973314,0.013358631973868622,0.0002228365997324856,0.0002499337406671106,0.009966561525114603,0.006347999999999622,0.006347999999999631,0.006347999999999738,0.0010534799999993112,0.0010534799999992813,0.001053479999999333,0.5833671683921168,9.516890723544098,1.6372460216714828,0.0021866780262912683,0.18246305490632964,0.024931209733713627,-13.470188055038452,6.685312793254853,-10.26956292629242,988.359462890625,-0.10638885763869128,18.209927169313904
2025-03-01T18:15:50Z,40.031841417548165,-75.22134447786014,39.86488934341065,-2.076099202629951,4.122843076875321,-0.7807257768888498,1.317254029644606,0.02577681498504856,1.287984299518902,0.00099999999253301,0.0010000000019954388,0.0009999999968432517,0.0009999999899805451,0.0009999999891554916,0.0009999999861257628,9.00033228940847e-6,9.00033810717708e-6,0.8147802241322836,1.4293655998633283,1.6178140159608798,0.013820040184243185,0.00022971130489237535,0.0002619795568808271,0.009977836504550832,0.006348999999999622,0.006348999999999632,0.006348999999999739,0.0010534899999993116,0.0010534899999992808,0.0010534899999993332,0.5791614271400991,9.574683953329814,1.7913418283493503,-0.003876572234918589,0.1195456522018648,0.01572868231649799,-15.80437564611435,3.5791876411437986,-6.568875269889832,988.3475610351562,-0.022779210374113765,17.48534303457685
2025-03-01T18:15:51Z,40.03162352277187,-75.2212923018072,39.78797536835232,-2.6355378677837087,4.853044015634768,-0.8068676713015582,1.3142214847710443,0.03234421752169112,1.3361744910843003,0.0009999999924335328,0.001000000001970209,0.0009999999966570283,0.0009999999899972572,0.0009999999891769893,0.000999999985863722,0.00001000032788083582,0.000010000338798868955,0.8129982719840547,1.8124509699363895,2.0408323275415103,0.01456389300966514,0.00023847257990707377,0.0002724208281966806,0.009988184033183458,0.006349999999999621,0.006349999999999635,0.006349999999999737,0.0010534999999993106,0.0010534999999992816,0.0010534999999993325,0.3523002623276328,9.556930628456662,1.8964285860887942,-0.002852956493697537,0.048245882019922914,0.004966112755221009,-8.644125310182572,7.102125287055969,-8.728125315904617,988.3284545898438,-0.031239746295309026,14.189426242017337
2025-03-01T18:15:52Z,40.03133724599026,-75.22123525393808,39.68926014392285,-3.1966830349744297,5.44461244676767,-0.8292764720656315,1.3154762523107095,0.038552293879730096,1.3428273880631756,0.0009999999925028068,0.0010000000020563096,0.0009999999965156724,0.0009999999898704605,0.0009999999889912278,0.000999999985790666,0.000011000320462305023,0.000011000339746252998,0.8123406087285836,2.242198741676403,2.520350796568901,0.015520944658915996,0.0002481898009817003,0.0002820397374701904,0.009998904965498833,0.00635099999999962,0.006350999999999636,0.006350999999999736,0.0010535099999993114,0.0010535099999992824,0.0010535099999993331,0.21988498879812765,9.552207116046874,1.9257714052937278,0.0021519621122866855,0.007677284160123358,-0.005661599338922601,-17.75850067138672,3.773062653243542,-4.243312664479017,988.3377709960937,-0.03407055017232385,18.644145397862562
2025-03-01T18:15:53Z,40.03097045182155,-75.2211765631284,39.57722061314594,-3.6803704245274846,5.844828478896491,-0.848658857641933,1.3182305556453995,0.041865063991664966,1.3516710604041073,0.00099999999233094,0.0010000000020282767,0.0009999999966868016,0.000999999989545915,0.0009999999887216422,0.0009999999858699895,0.000012000308679627186,0.000012000341004491814,0.8143114119136762,2.7133634026230427,3.0482995001639286,0.016450608987210884,0.00025809766607789265,0.00029128836508767115,0.010009130614039597,0.006351999999999621,0.006351999999999632,0.006351999999999737,0.001053519999999311,0.0010535199999992819,0.0010535199999993318,0.06982754981988114,9.532404207227557,1.9880338222220615,0.0030418885526416533,0.008763655465064931,-0.002903861879306228,-22.602000846862794,-0.9976875438541174,-1.2238125544413925,988.3469116210938,-0.043237580276461254,22.657035108314254
2025-03-01T18:15:54Z,40.03051521871543,-75.22111929380159,39.40440669543715,-4.567645237697848,6.151168248921754,-0.9655930257662415,1.3190230960440388,0.04730820736763165,1.3966833485856878,0.0009999999921032673,0.0010000000022124136,0.0009999999967861119,0.0009999999892226902,0.000999999988715373,0.0009999999858317334,0.000013000290878174999,0.000013000342636068053,0.8194284805086332,3.2336917666738048,3.671468409586797,0.017871372225987836,0.00026777546792854497,0.00030042352843855487,0.01001863851146545,0.00635299999999962,0.006352999999999629,0.0063529999999997365,0.00105352999999931,0.0010535299999992812,0.0010535299999993321,-0.055915279169503666,9.539901708600878,1.5391801755064083,-0.0010814487238181869,0.04400037219756205,0.0034593128711034567,-26.814751110076905,-1.2060000420734287,1.5135000613331795,988.3653442382813,-0.11759667709759965,26.88444283452573
2025-03-01T18:15:55Z,40.02999160455806,-75.2210647319194,39.19164700648404,-4.496604400425411,6.395071598331021,-0.8704825637297577,1.3151795844099976,0.04823739288572923,1.4657752309397782,0.0009999999919886346,0.0010000000022659568,0.0009999999967586647,0.0009999999892103472,0.0009999999885513158,0.0009999999859630522,0.000014000265144219216,0.00001400034469572257,0.8285529408982839,3.823166678011276,4.2450648511503895,0.018540940903324712,0.0002773158759982612,0.00030888656990834043,0.01002668792598447,0.006353999999999623,0.006353999999999626,0.006353999999999739,0.0010535399999993106,0.0010535399999992816,0.0010535399999993325,0.0907510184553623,9.518825263099334,2.5060112806883885,-0.007411576649746299,0.06597982111852801,0.013505534937944881,-24.127126026153565,0.7151250303536654,2.7279376128315924,988.41369140625,0.06253825806698253,24.291331619474327
2025-03-01T18:15:56Z,40.029361400136686,-75.22101637740795,39.0508047579509,-4.989644105104549,6.55134380341373,-0.8750964446566586,1.3156032583843627,0.04363390626188981,1.467364291419397,0.0009999999920745517,0.0010000000020663703,0.000999999996503458,0.0009999999891004013,0.0009999999887865417,0.0009999999858884463,0.000015000229414271897,0.000015000347233747481,0.8414584197078134,4.468048684012657,4.924177931981072,0.0198747625841676,0.0002871110183959698,0.0003159743520882535,0.010035203854897113,0.006354999999999626,0.006354999999999626,0.006354999999999735,0.001053549999999311,0.0010535499999992821,0.0010535499999993329,0.06165207202742075,9.560240720746636,1.921274074955049,-0.0002975055008506772,-0.0010610864631004908,0.0012500185562425528,-18.74381317138672,1.9108125741034747,0.8131875288486481,988.421142578125,-0.029496017353702348,18.85844894221547
2025-03-01T18:15:57Z,40.02863193628629,-75.22097708785468,38.96049189625067,-5.018077032078986,6.413137410098237,-0.7914644972360927,1.313887831342826,0.04112370105842435,1.469435390057251,0.0009999999924420674,0.0010000000024053865,0.000999999996505425,0.0009999999891025873,0.0009999999889553739,0.0009999999856688986,0.000016000181579515752,0.00001600035030334135,0.8568980761353338,5.145141352673153,5.583272706591134,0.020136794764729196,0.00029670549276552454,0.00032216405455298946,0.010043408985650789,0.006355999999999625,0.006355999999999624,0.006355999999999732,0.0010535599999993105,0.0010535599999992814,0.0010535599999993324,-0.0630172538593182,9.525062355664797,2.3646386156586137,-0.002905197216191675,-0.0002940005009931121,-0.001175248028255784,-13.601625566482545,5.586000220775604,0.061687495000660404,988.4342626953126,0.03333288922170068,14.704078660118189
2025-03-01T18:15:58Z,40.027795292502184,-75.22095007310405,38.95153100442095,-5.2524759709542295,6.235078226819383,-0.7523821294977253,1.3150339030806903,0.036976371066615374,1.4722190608727044,0.0009999999921557771,0.001000000002402373,0.000999999996393815,0.000999999988849252,0.0009999999889107457,0.0009999999852842588,0.00001700011960885676,0.000017000353947862603,0.8733679379007578,5.88463694091849,6.297404571310113,0.020806014865397952,0.0003059214901137855,0.00032748609554633136,0.010051025003078714,0.006356999999999628,0.006356999999999621,0.006356999999999728,0.0010535699999993093,0.0010535699999992803,0.001053569999999333,0.00502193643939551,9.547279603319943,2.0951923976774194,-0.000490945996771944,-0.00022623795536278065,0.00009955664983367124,-8.728687829971314,5.235562727451325,-2.7975001185014845,988.433193359375,-0.006562558596948469,10.555853527567578
2025-03-01T18:15:59Z,40.02686405178509,-75.2209361794972,39.00867209736678,-5.361186280001896,5.9129364704451515,-0.6754394778362524,1.3135872556225967,0.03273985167431907,1.4756090262255883,0.0009999999923384093,0.0010000000026398753,0.0009999999962264448,0.0009999999889641151,0.0009999999892057487,0.0009999999855954042,0.000018000041662951294,0.0000180003582146352,0.8901841632539379,6.671612665978894,7.020540001815007,0.021130306893739993,0.00031472654338017,0.0003320183332777239,0.010058218646181293,0.006357999999999627,0.006357999999999618,0.006357999999999726,0.0010535799999993089,0.0010535799999992798,0.0010535799999993334,-0.005745764339569947,9.561078173952879,2.1756709963516694,-0.0034740023393008282,0.00020136740484615425,7.926857631402858e-6,-11.179500484466553,0.17343751110136513,-0.8229375331103802,988.431689453125,0.024494764700828373,11.211039194288277
2025-03-01T18:16:00Z,40.025859452640226,-75.22093564885364,39.11249962044012,-5.497476493254432,5.501348621825712,-0.646766368591439,1.314847375801429,0.027775205271078237,1.4786416289563593,0.000999999992037909,0.0010000000024225988,0.0009999999962298565,0.0009999999889064783,0.0009999999891163725,0.0009999999853866266,0.000018999946163660782,0.000019000363146690915,0.9063182518759947,7.502526220758683,7.764954187474257,0.021424769557254336,0.00032304845622006643,0.0003359089365014358,0.010065033241923744,0.0063589999999996245,0.006358999999999615,0.006358999999999722,0.001053589999999308,0.0010535899999992789,0.0010535899999993335,0.00841438449274658,9.533731364638394,2.085109847322704,-0.0010525744183732413,-0.00038412812903715354,0.0004770910923411235,-10.293562893867493,1.0449375397711993,-1.4160000669956208,988.432236328125,-0.021869444841157066,10.442860128807787
2025-03-01T18:16:01Z,40.02472765508519,-75.22095335559389,39.28706071386345,-5.540680006385108,4.938648965332488,-0.6041110600072115,1.3169209745927957,0.022979067634402658,1.4818146729393347,0.0009999999920945204,0.001000000002264764,0.0009999999962606745,0.0009999999892047991,0.0009999999889156288,0.0009999999850910798,0.000019999831816682614,0.00002000036879162668,0.9210037283576372,8.373155970408025,8.517240706456755,0.02146141079265506,0.0003308701310691491,0.0003393490293410812,0.010071654699613497,0.0063599999999996255,0.006359999999999617,0.006359999999999724,0.001053599999999308,0.0010535999999992792,0.0010535999999993335,0.0031076787904673765,9.538466063179136,2.096309058908418,-0.0006436621747027049,-0.0003280487351209225,0.000018107981812356738,-12.881625537872315,4.749937701225281,-1.0408125389367342,988.400634765625,-0.014785678842647138,13.768808146684643
2025-03-01T18:16:02Z,40.02363393167335,-75.22097811719688,39.42796334676907,-5.534053783015581,4.363011972937423,-0.559580394466901,1.3188821860558988,0.01839092390733826,1.4852348569622154,0.0009999999922612741,0.0010000000019361882,0.0009999999963199676,0.0009999999890133169,0.0009999999890612339,0.0009999999850920174,0.000020999697538871194,0.000021000375202546186,0.9333529656418647,9.280321873677572,9.277560770466634,0.021255547977444514,0.00033818753999713863,0.0003425429032120418,0.010078156704413109,0.006360999999999625,0.006360999999999616,0.006360999999999724,0.0010536099999993078,0.0010536099999992788,0.0010536099999993332,0.0013143694425794944,9.545107088930962,2.106841392036175,-0.0007421350192581369,0.0001766658057841433,0.00039697768105603835,-11.205187931060792,5.425687718391418,-1.2275625490769744,988.433115234375,-0.005969928032014154,12.5099945550323
2025-03-01T18:16:03Z,40.02250928788306,-75.22101415328028,39.57677351436381,-5.506658951456322,3.7424883286639563,-0.5390759011494293,1.3201282754998331,0.013835294770831973,1.4881563964197049,0.000999999992031774,0.0010000000019362407,0.0009999999965904884,0.0009999999888401759,0.0009999999889877746,0.0009999999852523275,0.000021999542357282004,0.000022000382445549133,0.9428787621082003,10.219456955105748,10.05559859081793,0.020958160751114778,0.0003449917574457364,0.0003457381153566936,0.010084683137821876,0.006361999999999622,0.006361999999999614,0.00636199999999972,0.001053619999999307,0.0010536199999992778,0.0010536199999993342,0.004583252769406949,9.532244721092832,2.0684326698816857,-0.0015599594089775203,-0.00019569472571253884,0.00046607549673549913,-16.49737560749054,3.214875126183033,1.8568125869706273,988.4337915039063,-0.026675505100868257,16.909904215220312
2025-03-01T18:16:04Z,40.02132053686398,-75.22106350101522,39.74856076488238,-5.396076326076269,3.0558715952240862,-0.507895355145705,1.3220054926669595,0.00959125214744733,1.4914325750898987,0.000999999991931836,0.0010000000015963951,0.0009999999964058939,0.000999999989235539,0.000999999988986198,0.000999999985238163,0.000022999365274567735,0.000023000390601439912,0.9493611599289868,11.188461948094288,10.851247909181941,0.020487325403205584,0.00035133920134819635,0.0003491170607098064,0.010091363314225279,0.006362999999999618,0.00636299999999961,0.006362999999999717,0.001053629999999306,0.001053629999999277,0.001053629999999335,0.0019112675268101924,9.53766839408681,2.0901674718096177,-0.0011018108057872342,0.0002929970954926187,0.00038462685689036086,-20.027438278198243,2.34150008559227,2.6049375982582568,988.4184204101563,-0.016668760756683,20.33136844469034
2025-03-01T18:16:05Z,40.02017238882174,-75.22111732568032,39.88478899422661,-5.248818537440021,2.396817804443506,-0.48568720866487325,1.3238919655619272,0.0066461012781530385,1.4951470254429031,0.0009999999920438036,0.0010000000017951064,0.0009999999967894298,0.0009999999889885763,0.000999999989196767,0.0009999999849850452,0.000023999165090846,0.00002400039976803716,0.9526790678868179,12.184717790578068,11.672075164128534,0.019908316730473663,0.00035731012965579425,0.00035282569594156373,0.01009831283011752,0.00636399999999962,0.006363999999999607,0.0063639999999997145,0.0010536399999993063,0.001053639999999277,0.0010536399999993354,0.00264807361902471,9.533142947586214,2.1004082295031608,-0.0009724609954045538,0.001268211059713287,-0.00021388717487523534,-22.033313369750978,2.001750077754259,3.1863751292228697,988.4371850585937,-0.018816326270234295,22.352284426686516
2025-03-01T18:16:06Z,40.01903131706585,-75.22117668985706,40.01044821805206,-5.03788970643486,1.745588143479641,-0.448909450598711,1.3249197386080431,0.0027384979353397543,1.4967167772548047,0.0009999999919288079,0.0010000000015958695,0.0009999999968166035,0.0009999999890986774,0.0009999999890100936,0.0009999999849814414,0.000024998940222825425,0.000025000410059836714,0.9528731987072496,13.207672710932629,12.525412541590317,0.019209617555603853,0.0003627942965132542,0.0003571613367386622,0.010105511208106892,0.006364999999999622,0.006364999999999603,0.006364999999999711,0.0010536499999993056,0.0010536499999992766,0.001053649999999335,-0.00012263134009245778,9.543411182401769,2.139659034255377,-0.001753399941846643,-0.0008676458842859419,0.000618791710621533,-21.028313331604004,2.2421250854060055,1.8495000711083411,988.4438940429687,-0.00020330623960900594,21.228178968325224
